OBJECTNUMMER;LAAG;Naam_gebied;Soort_onderzoek;Jaar_onderzoek;Beschrijving;Weblink_1;Weblink_2;Foto_url_bma;Foto_upload_maps;WKT_LNG_LAT;WKT_LAT_LNG;LNG;LAT;
1;1;"Tuindorp Nieuwendam en Buiksloot";"";0;"Informatie volgt";"";"";"";"";"MULTIPOLYGON(((4.947873 52.392395,4.951605 52.391283,4.951964 52.39065,4.950882 52.390419,4.951236 52.389794,4.95116 52.389756,4.949614 52.389432,4.949596 52.389415,4.950332 52.388093,4.949996 52.388022,4.950165 52.387722,4.950147 52.387688,4.949562 52.387563,4.950097 52.386615,4.949552 52.386651,4.94924 52.386709,4.948527 52.386741,4.948305 52.386758,4.948053 52.386813,4.94801 52.386836,4.948024 52.386847,4.947935 52.386876,4.947863 52.386928,4.947936 52.386969,4.947817 52.387051,4.94772 52.387083,4.947583 52.387087,4.947563 52.387082,4.94635 52.387949,4.945888 52.388345,4.945027 52.389023,4.945019 52.389018,4.944887 52.389125,4.944938 52.389149,4.944898 52.389181,4.944899 52.389202,4.944862 52.38921,4.944741 52.389282,4.944621 52.389375,4.944466 52.389539,4.94431 52.389654,4.944221 52.389714,4.944069 52.389798,4.943474 52.3901,4.94347 52.390095,4.942844 52.390365,4.942719 52.390446,4.942412 52.390676,4.942359 52.390707,4.942147 52.390872,4.942031 52.390949,4.941852 52.391047,4.941704 52.391095,4.941548 52.391134,4.941436 52.391152,4.941406 52.391128,4.941153 52.391195,4.940896 52.391242,4.940779 52.391271,4.940565 52.391308,4.940561 52.391301,4.940206 52.391368,4.939819 52.391416,4.939424 52.391445,4.938965 52.391535,4.93897 52.391554,4.938931 52.391564,4.938935 52.39157,4.938657 52.391625,4.93875 52.39181,4.93875 52.391864,4.938685 52.391898,4.938123 52.392086,4.93814 52.392152,4.937586 52.392309,4.937715 52.392506,4.937706 52.392534,4.938208 52.393272,4.937378 52.393527,4.937252 52.393568,4.937257 52.393575,4.937022 52.393646,4.940058 52.394722,4.947873 52.392395)),((4.93341 52.392409,4.933478 52.392364,4.933516 52.392383,4.933521 52.392378,4.933655 52.392454,4.933722 52.392476,4.933875 52.392316,4.933886 52.392294,4.933871 52.392272,4.93375 52.392179,4.93374 52.392152,4.933587 52.392076,4.933223 52.391865,4.933249 52.391817,4.932319 52.391781,4.932304 52.391844,4.932189 52.391839,4.930093 52.391705,4.928769 52.391607,4.928772 52.391593,4.927417 52.391497,4.927434 52.391423,4.925129 52.391163,4.924996 52.391047,4.924727 52.391093,4.924665 52.391095,4.924655 52.391178,4.924702 52.391322,4.924582 52.391753,4.924218 52.393305,4.924239 52.393459,4.92435 52.393696,4.924515 52.393933,4.924606 52.393964,4.924801 52.393973,4.924731 52.394523,4.924762 52.39462,4.9254 52.39498,4.925363 52.395049,4.925208 52.395097,4.925211 52.395105,4.933396 52.39307,4.933661 52.39302,4.933895 52.392985,4.933191 52.392559,4.93341 52.392409)))";"MULTIPOLYGON(((52.392395 4.947873,52.391283 4.951605,52.39065 4.951964,52.390419 4.950882,52.389794 4.951236,52.389756 4.95116,52.389432 4.949614,52.389415 4.949596,52.388093 4.950332,52.388022 4.949996,52.387722 4.950165,52.387688 4.950147,52.387563 4.949562,52.386615 4.950097,52.386651 4.949552,52.386709 4.94924,52.386741 4.948527,52.386758 4.948305,52.386813 4.948053,52.386836 4.94801,52.386847 4.948024,52.386876 4.947935,52.386928 4.947863,52.386969 4.947936,52.387051 4.947817,52.387083 4.94772,52.387087 4.947583,52.387082 4.947563,52.387949 4.94635,52.388345 4.945888,52.389023 4.945027,52.389018 4.945019,52.389125 4.944887,52.389149 4.944938,52.389181 4.944898,52.389202 4.944899,52.38921 4.944862,52.389282 4.944741,52.389375 4.944621,52.389539 4.944466,52.389654 4.94431,52.389714 4.944221,52.389798 4.944069,52.3901 4.943474,52.390095 4.94347,52.390365 4.942844,52.390446 4.942719,52.390676 4.942412,52.390707 4.942359,52.390872 4.942147,52.390949 4.942031,52.391047 4.941852,52.391095 4.941704,52.391134 4.941548,52.391152 4.941436,52.391128 4.941406,52.391195 4.941153,52.391242 4.940896,52.391271 4.940779,52.391308 4.940565,52.391301 4.940561,52.391368 4.940206,52.391416 4.939819,52.391445 4.939424,52.391535 4.938965,52.391554 4.93897,52.391564 4.938931,52.39157 4.938935,52.391625 4.938657,52.39181 4.93875,52.391864 4.93875,52.391898 4.938685,52.392086 4.938123,52.392152 4.93814,52.392309 4.937586,52.392506 4.937715,52.392534 4.937706,52.393272 4.938208,52.393527 4.937378,52.393568 4.937252,52.393575 4.937257,52.393646 4.937022,52.394722 4.940058,52.392395 4.947873)),((52.392409 4.93341,52.392364 4.933478,52.392383 4.933516,52.392378 4.933521,52.392454 4.933655,52.392476 4.933722,52.392316 4.933875,52.392294 4.933886,52.392272 4.933871,52.392179 4.93375,52.392152 4.93374,52.392076 4.933587,52.391865 4.933223,52.391817 4.933249,52.391781 4.932319,52.391844 4.932304,52.391839 4.932189,52.391705 4.930093,52.391607 4.928769,52.391593 4.928772,52.391497 4.927417,52.391423 4.927434,52.391163 4.925129,52.391047 4.924996,52.391093 4.924727,52.391095 4.924665,52.391178 4.924655,52.391322 4.924702,52.391753 4.924582,52.393305 4.924218,52.393459 4.924239,52.393696 4.92435,52.393933 4.924515,52.393964 4.924606,52.393973 4.924801,52.394523 4.924731,52.39462 4.924762,52.39498 4.9254,52.395049 4.925363,52.395097 4.925208,52.395105 4.925211,52.39307 4.933396,52.39302 4.933661,52.392985 4.933895,52.392559 4.933191,52.392409 4.93341)))";4.93809605;52.39085265;
2;1;"Bedrijventerrein Schinkel - Aalsmeerplein e.o.";"Cultuurhistorische verkenning voor bestemmingsplan";2012;"Op het bedrijventerrein staan enkele goed bewaarde bedrijfsgebouwen uit de jaren vijftig en zestig. Ook de begraafplaats Te Vraag ligt in dit gebied met de daarop aansluitende kleinschalige woonbebouwing.";"http://www.amsterdam.nl/kunst-cultuur-sport/monumenten/publicaties-0/amsterdamse-0/amsterdamse/cultuurhistorische-6/?reload=true";"";"http://www.mapsbma.nl/CHV/foto/CHV Bedrijventerrein Schinkel.JPG";"";"POLYGON((4.848139 52.344261,4.848153 52.343881,4.848141 52.343707,4.848104 52.343623,4.848055 52.343551,4.84751 52.343023,4.847379 52.342939,4.847058 52.342858,4.846934 52.342818,4.846825 52.342764,4.846672 52.342636,4.846547 52.342436,4.846418 52.342199,4.846071 52.341501,4.845777 52.34021,4.845783 52.340199,4.845823 52.340176,4.845994 52.340094,4.846032 52.340051,4.84622 52.33871,4.846332 52.338249,4.84635 52.338094,4.846015 52.338072,4.845473 52.33807,4.84525 52.338076,4.844739 52.338124,4.844457 52.338167,4.84417 52.338228,4.843923 52.338295,4.843672 52.338381,4.843418 52.338484,4.843204 52.33859,4.842972 52.338727,4.84278 52.338862,4.842608 52.339007,4.842504 52.339108,4.842367 52.339262,4.842257 52.33941,4.842165 52.339565,4.84209 52.339726,4.842024 52.339929,4.84197 52.340162,4.841876 52.340675,4.841792 52.341198,4.841634 52.342325,4.841509 52.343429,4.841511 52.343859,4.841535 52.344172,4.841612 52.344742,4.841654 52.345148,4.841663 52.345362,4.841636 52.345403,4.841637 52.345427,4.841663 52.345479,4.841725 52.34552,4.841785 52.345539,4.841947 52.345555,4.841944 52.345974,4.842345 52.345948,4.842348 52.345957,4.843107 52.345912,4.843947 52.345889,4.844221 52.345897,4.844491 52.345922,4.844734 52.345965,4.844987 52.346028,4.845261 52.346121,4.845486 52.346221,4.845746 52.34637,4.845899 52.346483,4.846083 52.346652,4.845828 52.346755,4.84575 52.346768,4.845648 52.34677,4.845636 52.347393,4.846875 52.347186,4.847343 52.346828,4.849098 52.347212,4.84922 52.347252,4.849617 52.347494,4.84983 52.347357,4.849857 52.347325,4.849955 52.346966,4.849958 52.346891,4.849937 52.346756,4.849852 52.346533,4.849386 52.345617,4.849366 52.345624,4.849185 52.345241,4.849154 52.345186,4.849112 52.345143,4.849002 52.345071,4.848988 52.345053,4.848896 52.34481,4.84885 52.344794,4.848694 52.344814,4.848737 52.344958,4.848745 52.345027,4.848735 52.345197,4.848737 52.345624,4.848729 52.345634,4.848709 52.34564,4.848425 52.34564,4.848439 52.34544,4.848072 52.345435,4.848123 52.344708,4.848139 52.344261))";"POLYGON((52.344261 4.848139,52.343881 4.848153,52.343707 4.848141,52.343623 4.848104,52.343551 4.848055,52.343023 4.84751,52.342939 4.847379,52.342858 4.847058,52.342818 4.846934,52.342764 4.846825,52.342636 4.846672,52.342436 4.846547,52.342199 4.846418,52.341501 4.846071,52.34021 4.845777,52.340199 4.845783,52.340176 4.845823,52.340094 4.845994,52.340051 4.846032,52.33871 4.84622,52.338249 4.846332,52.338094 4.84635,52.338072 4.846015,52.33807 4.845473,52.338076 4.84525,52.338124 4.844739,52.338167 4.844457,52.338228 4.84417,52.338295 4.843923,52.338381 4.843672,52.338484 4.843418,52.33859 4.843204,52.338727 4.842972,52.338862 4.84278,52.339007 4.842608,52.339108 4.842504,52.339262 4.842367,52.33941 4.842257,52.339565 4.842165,52.339726 4.84209,52.339929 4.842024,52.340162 4.84197,52.340675 4.841876,52.341198 4.841792,52.342325 4.841634,52.343429 4.841509,52.343859 4.841511,52.344172 4.841535,52.344742 4.841612,52.345148 4.841654,52.345362 4.841663,52.345403 4.841636,52.345427 4.841637,52.345479 4.841663,52.34552 4.841725,52.345539 4.841785,52.345555 4.841947,52.345974 4.841944,52.345948 4.842345,52.345957 4.842348,52.345912 4.843107,52.345889 4.843947,52.345897 4.844221,52.345922 4.844491,52.345965 4.844734,52.346028 4.844987,52.346121 4.845261,52.346221 4.845486,52.34637 4.845746,52.346483 4.845899,52.346652 4.846083,52.346755 4.845828,52.346768 4.84575,52.34677 4.845648,52.347393 4.845636,52.347186 4.846875,52.346828 4.847343,52.347212 4.849098,52.347252 4.84922,52.347494 4.849617,52.347357 4.84983,52.347325 4.849857,52.346966 4.849955,52.346891 4.849958,52.346756 4.849937,52.346533 4.849852,52.345617 4.849386,52.345624 4.849366,52.345241 4.849185,52.345186 4.849154,52.345143 4.849112,52.345071 4.849002,52.345053 4.848988,52.34481 4.848896,52.344794 4.84885,52.344814 4.848694,52.344958 4.848737,52.345027 4.848745,52.345197 4.848735,52.345624 4.848737,52.345634 4.848729,52.34564 4.848709,52.34564 4.848425,52.34544 4.848439,52.345435 4.848072,52.344708 4.848123,52.344261 4.848139))";4.8457384;52.34277405;
3;1;"Bos en Lommerplein";"Cultuurhistorische verkenning voor bestemmingsplan";2012;"Binnen de gebiedsgrenzen staat voor- en naoorlogse bebouwing die op basis van het Uitbreidingsplan Bosch en Lommer uit 1935 tot stand kwam.";"http://www.amsterdam.nl/kunst-cultuur-sport/monumenten/publicaties-0/amsterdamse-0/amsterdamse/cultuurhistorische-1/?reload=true";"";"http://www.mapsbma.nl/CHV/foto/CHV Bos en Lommerplein.JPG";"";"POLYGON((4.845998 52.375228,4.845533 52.375185,4.845124 52.375167,4.844576 52.375174,4.844303 52.375188,4.843897 52.375226,4.843635 52.375258,4.842159 52.375489,4.842934 52.377339,4.841861 52.377509,4.842161 52.378223,4.841179 52.378377,4.841723 52.379674,4.842702 52.379521,4.842733 52.379594,4.843739 52.379614,4.843875 52.3795,4.844124 52.379462,4.844915 52.379427,4.845131 52.37938,4.845899 52.379387,4.846895 52.379584,4.847681 52.378123,4.847463 52.378064,4.847562 52.377878,4.847599 52.377858,4.847654 52.37786,4.847904 52.377397,4.848508 52.37752,4.849359 52.37587,4.848656 52.375716,4.847631 52.375509,4.846442 52.375291,4.845998 52.375228))";"POLYGON((52.375228 4.845998,52.375185 4.845533,52.375167 4.845124,52.375174 4.844576,52.375188 4.844303,52.375226 4.843897,52.375258 4.843635,52.375489 4.842159,52.377339 4.842934,52.377509 4.841861,52.378223 4.842161,52.378377 4.841179,52.379674 4.841723,52.379521 4.842702,52.379594 4.842733,52.379614 4.843739,52.3795 4.843875,52.379462 4.844124,52.379427 4.844915,52.37938 4.845131,52.379387 4.845899,52.379584 4.846895,52.378123 4.847681,52.378064 4.847463,52.377878 4.847562,52.377858 4.847599,52.37786 4.847654,52.377397 4.847904,52.37752 4.848508,52.37587 4.849359,52.375716 4.848656,52.375509 4.847631,52.375291 4.846442,52.375228 4.845998))";4.84527395;52.3774134;
4;1;"Bosleeuw";"Cultuurhistorische verkenning voor bestemmingsplan";2012;"Dit gebied maakt deel uit van 1 stedenbouwkundig concept: Uitbreidingsplan Bosch en Lommer uit 1935. Dit is een baanbrekend stedenbouwkundig ontwerp geweest. De oorspronkelijke opzet is grotendeels in tact en daarmee van cultuurhistorische waarde.";"http://www.amsterdam.nl/kunst-cultuur-sport/monumenten/publicaties-0/amsterdamse-0/amsterdamse/cultuurhistorische-3/?reload=true";"";"http://www.mapsbma.nl/CHV/foto/CHV Bosleeuw.JPG";"";"POLYGON((4.846378 52.384535,4.845919 52.383996,4.846338 52.383858,4.84658 52.383894,4.847135 52.383654,4.84718 52.383694,4.84818 52.383258,4.848184 52.383264,4.848248 52.383229,4.848258 52.383232,4.848296 52.383216,4.848296 52.383209,4.84837 52.383184,4.848366 52.383178,4.849066 52.382876,4.849072 52.38288,4.849117 52.382862,4.849116 52.382855,4.849145 52.382848,4.849203 52.382816,4.849213 52.38282,4.849258 52.3828,4.849252 52.382796,4.849949 52.382494,4.849925 52.382474,4.850537 52.382209,4.850572 52.382238,4.850676 52.382194,4.850698 52.382199,4.851031 52.38205,4.852897 52.380973,4.852173 52.380503,4.852422 52.380038,4.852541 52.379902,4.852616 52.379834,4.852613 52.379825,4.852747 52.379749,4.853561 52.380275,4.85376 52.38016,4.852632 52.379426,4.85252 52.37936,4.852273 52.379243,4.852004 52.379149,4.851714 52.379076,4.850257 52.378775,4.847745 52.378272,4.847005 52.379651,4.845353 52.379615,4.845415 52.380649,4.845404 52.380715,4.845367 52.380748,4.845219 52.380745,4.845173 52.381864,4.845325 52.381868,4.845297 52.382388,4.845315 52.382388,4.8453 52.383011,4.845364 52.38343,4.845423 52.383968,4.845433 52.384201,4.845426 52.384465,4.845438 52.384526,4.845494 52.38453,4.845548 52.384554,4.845663 52.384682,4.845705 52.384717,4.845958 52.384666,4.846378 52.384535))";"POLYGON((52.384535 4.846378,52.383996 4.845919,52.383858 4.846338,52.383894 4.84658,52.383654 4.847135,52.383694 4.84718,52.383258 4.84818,52.383264 4.848184,52.383229 4.848248,52.383232 4.848258,52.383216 4.848296,52.383209 4.848296,52.383184 4.84837,52.383178 4.848366,52.382876 4.849066,52.38288 4.849072,52.382862 4.849117,52.382855 4.849116,52.382848 4.849145,52.382816 4.849203,52.38282 4.849213,52.3828 4.849258,52.382796 4.849252,52.382494 4.849949,52.382474 4.849925,52.382209 4.850537,52.382238 4.850572,52.382194 4.850676,52.382199 4.850698,52.38205 4.851031,52.380973 4.852897,52.380503 4.852173,52.380038 4.852422,52.379902 4.852541,52.379834 4.852616,52.379825 4.852613,52.379749 4.852747,52.380275 4.853561,52.38016 4.85376,52.379426 4.852632,52.37936 4.85252,52.379243 4.852273,52.379149 4.852004,52.379076 4.851714,52.378775 4.850257,52.378272 4.847745,52.379651 4.847005,52.379615 4.845353,52.380649 4.845415,52.380715 4.845404,52.380748 4.845367,52.380745 4.845219,52.381864 4.845173,52.381868 4.845325,52.382388 4.845297,52.382388 4.845315,52.383011 4.8453,52.38343 4.845364,52.383968 4.845423,52.384201 4.845433,52.384465 4.845426,52.384526 4.845438,52.38453 4.845494,52.384554 4.845548,52.384682 4.845663,52.384717 4.845705,52.384666 4.845958,52.384535 4.846378))";4.84947135;52.3814875;
5;1;"GWL terrein";"Cultuurhistorische verkenning voor bestemmingsplan";2012;"De Gemeentelijke Waterleidingen nam in 1900 het terrein met het pompstation in gebruik om aan de toegenomen vraag naar drinkwater te voldoen. Inmiddels is het terrein omgebouwd tot woonwijk naar stedenbouwkundig ontwerp van K. Christaanse en A. Geuze.";"http://www.amsterdam.nl/kunst-cultuur-sport/monumenten/publicaties-0/amsterdamse-0/amsterdamse/cultuurhistorische-8/?reload=true";"";"http://www.mapsbma.nl/CHV/foto/CHV GWL.JPG";"";"POLYGON((4.867947 52.382096,4.867897 52.382087,4.867523 52.383058,4.867557 52.383152,4.866739 52.385381,4.869433 52.385426,4.870557 52.38256,4.867947 52.382096))";"POLYGON((52.382096 4.867947,52.382087 4.867897,52.383058 4.867523,52.383152 4.867557,52.385381 4.866739,52.385426 4.869433,52.38256 4.870557,52.382096 4.867947))";4.8686528;52.38374965;
6;1;"Westergasfabriekterrein";"Cultuurhistorische verkenning voor bestemmingsplan";2012;"Het monumentale ensemble van het negentiende eeuwse Westergasfabriekcomplex en het Westerpark is vanaf de jaren 1980 omgevormd tot hedendaags cultuurpark.";"http://www.amsterdam.nl/kunst-cultuur-sport/monumenten/publicaties-0/amsterdamse-0/amsterdamse/cultuurhistorische-a/?reload=true";"";"http://www.mapsbma.nl/CHV/foto/CHV Westergasfabriek.JPG";"";"POLYGON((4.881139 52.386067,4.881125 52.38602,4.881148 52.385945,4.881197 52.385901,4.881237 52.385881,4.881352 52.385851,4.881253 52.385597,4.881209 52.385604,4.880814 52.385619,4.878014 52.385565,4.878005 52.385571,4.877068 52.385553,4.876972 52.385545,4.875959 52.385527,4.875868 52.385538,4.875907 52.385538,4.875856 52.385548,4.874957 52.385531,4.874911 52.385552,4.874911 52.385581,4.874788 52.385578,4.874784 52.385558,4.874792 52.385557,4.874776 52.38554,4.874738 52.385529,4.873843 52.385517,4.873743 52.38549,4.865504 52.385364,4.865482 52.385379,4.86548 52.385435,4.865395 52.385434,4.865397 52.385403,4.865204 52.385397,4.865204 52.38543,4.865058 52.385428,4.865059 52.385413,4.865035 52.385402,4.864852 52.385394,4.864711 52.385393,4.864655 52.385401,4.864606 52.385418,4.864519 52.385349,4.864425 52.385349,4.864415 52.385596,4.864499 52.38567,4.864498 52.385718,4.864877 52.385725,4.864873 52.385986,4.864834 52.385986,4.864101 52.385862,4.86388 52.386359,4.863521 52.387119,4.86319 52.388021,4.864798 52.388048,4.864762 52.388905,4.865962 52.388925,4.867263 52.388912,4.868993 52.388856,4.869694 52.388802,4.870683 52.388669,4.872395 52.388351,4.873432 52.388217,4.874537 52.388093,4.875414 52.387942,4.875346 52.387895,4.876759 52.387614,4.87734 52.387534,4.878473 52.38728,4.879432 52.386981,4.879393 52.386944,4.879808 52.386855,4.88135 52.386309,4.881139 52.386067))";"POLYGON((52.386067 4.881139,52.38602 4.881125,52.385945 4.881148,52.385901 4.881197,52.385881 4.881237,52.385851 4.881352,52.385597 4.881253,52.385604 4.881209,52.385619 4.880814,52.385565 4.878014,52.385571 4.878005,52.385553 4.877068,52.385545 4.876972,52.385527 4.875959,52.385538 4.875868,52.385538 4.875907,52.385548 4.875856,52.385531 4.874957,52.385552 4.874911,52.385581 4.874911,52.385578 4.874788,52.385558 4.874784,52.385557 4.874792,52.38554 4.874776,52.385529 4.874738,52.385517 4.873843,52.38549 4.873743,52.385364 4.865504,52.385379 4.865482,52.385435 4.86548,52.385434 4.865395,52.385403 4.865397,52.385397 4.865204,52.38543 4.865204,52.385428 4.865058,52.385413 4.865059,52.385402 4.865035,52.385394 4.864852,52.385393 4.864711,52.385401 4.864655,52.385418 4.864606,52.385349 4.864519,52.385349 4.864425,52.385596 4.864415,52.38567 4.864499,52.385718 4.864498,52.385725 4.864877,52.385986 4.864873,52.385986 4.864834,52.385862 4.864101,52.386359 4.86388,52.387119 4.863521,52.388021 4.86319,52.388048 4.864798,52.388905 4.864762,52.388925 4.865962,52.388912 4.867263,52.388856 4.868993,52.388802 4.869694,52.388669 4.870683,52.388351 4.872395,52.388217 4.873432,52.388093 4.874537,52.387942 4.875414,52.387895 4.875346,52.387614 4.876759,52.387534 4.87734,52.38728 4.878473,52.386981 4.879432,52.386944 4.879393,52.386855 4.879808,52.386309 4.88135,52.386067 4.881139))";4.87227605;52.38712945;
7;1;"De Buikslotermeer";"Cultuurhistorische verkenning voor bestemmingsplan";2012;"In de woonwijk Buikslotermeer zijn belangrijke overgangen terug te vinden tussen de oude wijken op basis van het Algemeen Uitbreidingsplan (AUP) en de Bijlmermeer. Zo vormen onder meer Amerbos en Het Breed bijzondere stedenbouwkundige eenheden.";"http://www.amsterdam.nl/kunst-cultuur-sport/monumenten/publicaties-0/amsterdamse-0/amsterdamse/cultuurhistorische-5/?reload=true";"";"http://www.mapsbma.nl/CHV/foto/CHV Buikslotermeer.JPG";"";"POLYGON((4.938292 52.406224,4.939466 52.405784,4.939807 52.406052,4.940077 52.40599,4.940471 52.405919,4.940874 52.405872,4.941079 52.405859,4.941489 52.405848,4.941693 52.405851,4.942101 52.405876,4.942401 52.405878,4.942745 52.405865,4.943126 52.405834,4.943501 52.405785,4.943709 52.405749,4.944115 52.405662,4.944861 52.40543,4.944675 52.405496,4.946284 52.404939,4.947526 52.404471,4.948623 52.40403,4.949862 52.40349,4.95077 52.403065,4.951385 52.402766,4.952514 52.402187,4.953573 52.401613,4.954362 52.401162,4.954529 52.401076,4.954539 52.401081,4.954774 52.400939,4.953841 52.400141,4.95295 52.400405,4.950719 52.397569,4.950753 52.397559,4.949133 52.395576,4.946562 52.396325,4.94635 52.396197,4.944216 52.393483,4.940058 52.394722,4.937022 52.393646,4.936751 52.393563,4.936237 52.39337,4.935528 52.393155,4.934666 52.393018,4.933895 52.392985,4.933661 52.39302,4.933396 52.39307,4.924821 52.395204,4.925003 52.395463,4.925347 52.395862,4.926189 52.396723,4.926484 52.396991,4.927411 52.397782,4.928321 52.398516,4.930651 52.40032,4.931057 52.400128,4.931834 52.400736,4.932841 52.400318,4.932921 52.400387,4.932769 52.400255,4.932683 52.400294,4.932828 52.400223,4.932261 52.399788,4.933351 52.399363,4.931378 52.397834,4.931746 52.397645,4.933931 52.399188,4.934048 52.399135,4.934344 52.399027,4.935112 52.398714,4.935137 52.398684,4.935621 52.39849,4.935889 52.398383,4.935925 52.398389,4.936687 52.398084,4.93678 52.398027,4.936928 52.397966,4.936966 52.397973,4.937271 52.397853,4.93728 52.397827,4.937527 52.397728,4.938145 52.397482,4.938185 52.397487,4.938618 52.397314,4.938623 52.397288,4.938925 52.39717,4.938962 52.397176,4.939312 52.397037,4.939319 52.397012,4.939353 52.396999,4.939359 52.397004,4.939613 52.396894,4.939841 52.396824,4.940946 52.396385,4.941819 52.396115,4.941894 52.396105,4.941998 52.396118,4.942074 52.396155,4.942397 52.39642,4.942513 52.396502,4.942514 52.396528,4.943022 52.397002,4.943267 52.397257,4.943307 52.397267,4.943349 52.397345,4.94355 52.397537,4.940675 52.39867,4.940733 52.398689,4.940765 52.398709,4.940953 52.398883,4.940976 52.398915,4.940992 52.398966,4.940984 52.399013,4.940946 52.399069,4.940897 52.399099,4.940811 52.399121,4.940572 52.399128,4.940373 52.399159,4.940258 52.399194,4.93991 52.399329,4.936355 52.40075,4.935578 52.401127,4.935434 52.401208,4.935116 52.401365,4.935073 52.401324,4.934924 52.401402,4.934683 52.401554,4.934534 52.401628,4.934348 52.401454,4.934259 52.401496,4.93486 52.401968,4.934256 52.402256,4.934375 52.40235,4.934402 52.402336,4.934577 52.402473,4.934783 52.402606,4.935067 52.402805,4.935427 52.403088,4.935577 52.403184,4.935623 52.403222,4.93565 52.403235,4.935634 52.403217,4.935807 52.403157,4.935944 52.403294,4.935996 52.403367,4.936072 52.403521,4.936104 52.403679,4.936067 52.403783,4.935929 52.403989,4.9359 52.404096,4.935911 52.404202,4.935932 52.404253,4.936002 52.404348,4.936438 52.404711,4.937191 52.405368,4.938292 52.406224))";"POLYGON((52.406224 4.938292,52.405784 4.939466,52.406052 4.939807,52.40599 4.940077,52.405919 4.940471,52.405872 4.940874,52.405859 4.941079,52.405848 4.941489,52.405851 4.941693,52.405876 4.942101,52.405878 4.942401,52.405865 4.942745,52.405834 4.943126,52.405785 4.943501,52.405749 4.943709,52.405662 4.944115,52.40543 4.944861,52.405496 4.944675,52.404939 4.946284,52.404471 4.947526,52.40403 4.948623,52.40349 4.949862,52.403065 4.95077,52.402766 4.951385,52.402187 4.952514,52.401613 4.953573,52.401162 4.954362,52.401076 4.954529,52.401081 4.954539,52.400939 4.954774,52.400141 4.953841,52.400405 4.95295,52.397569 4.950719,52.397559 4.950753,52.395576 4.949133,52.396325 4.946562,52.396197 4.94635,52.393483 4.944216,52.394722 4.940058,52.393646 4.937022,52.393563 4.936751,52.39337 4.936237,52.393155 4.935528,52.393018 4.934666,52.392985 4.933895,52.39302 4.933661,52.39307 4.933396,52.395204 4.924821,52.395463 4.925003,52.395862 4.925347,52.396723 4.926189,52.396991 4.926484,52.397782 4.927411,52.398516 4.928321,52.40032 4.930651,52.400128 4.931057,52.400736 4.931834,52.400318 4.932841,52.400387 4.932921,52.400255 4.932769,52.400294 4.932683,52.400223 4.932828,52.399788 4.932261,52.399363 4.933351,52.397834 4.931378,52.397645 4.931746,52.399188 4.933931,52.399135 4.934048,52.399027 4.934344,52.398714 4.935112,52.398684 4.935137,52.39849 4.935621,52.398383 4.935889,52.398389 4.935925,52.398084 4.936687,52.398027 4.93678,52.397966 4.936928,52.397973 4.936966,52.397853 4.937271,52.397827 4.93728,52.397728 4.937527,52.397482 4.938145,52.397487 4.938185,52.397314 4.938618,52.397288 4.938623,52.39717 4.938925,52.397176 4.938962,52.397037 4.939312,52.397012 4.939319,52.396999 4.939353,52.397004 4.939359,52.396894 4.939613,52.396824 4.939841,52.396385 4.940946,52.396115 4.941819,52.396105 4.941894,52.396118 4.941998,52.396155 4.942074,52.39642 4.942397,52.396502 4.942513,52.396528 4.942514,52.397002 4.943022,52.397257 4.943267,52.397267 4.943307,52.397345 4.943349,52.397537 4.94355,52.39867 4.940675,52.398689 4.940733,52.398709 4.940765,52.398883 4.940953,52.398915 4.940976,52.398966 4.940992,52.399013 4.940984,52.399069 4.940946,52.399099 4.940897,52.399121 4.940811,52.399128 4.940572,52.399159 4.940373,52.399194 4.940258,52.399329 4.93991,52.40075 4.936355,52.401127 4.935578,52.401208 4.935434,52.401365 4.935116,52.401324 4.935073,52.401402 4.934924,52.401554 4.934683,52.401628 4.934534,52.401454 4.934348,52.401496 4.934259,52.401968 4.93486,52.402256 4.934256,52.40235 4.934375,52.402336 4.934402,52.402473 4.934577,52.402606 4.934783,52.402805 4.935067,52.403088 4.935427,52.403184 4.935577,52.403222 4.935623,52.403235 4.93565,52.403217 4.935634,52.403157 4.935807,52.403294 4.935944,52.403367 4.935996,52.403521 4.936072,52.403679 4.936104,52.403783 4.936067,52.403989 4.935929,52.404096 4.9359,52.404202 4.935911,52.404253 4.935932,52.404348 4.936002,52.404711 4.936438,52.405368 4.937191,52.406224 4.938292))";4.9398024;52.3995978;
8;1;"De Hoge Dijk";"Cultuurhistorische verkenning voor bestemmingsplan";2012;"Van de historische polderstructuur is alleen de oude ringdijk rond de polder nog op  enkele plaatsen herkenbaar. Een drietal boerderijen getuigt nog van het historische gebruik als polder.";"http://www.amsterdam.nl/kunst-cultuur-sport/monumenten/publicaties-0/amsterdamse-0/amsterdamse/cultuurhistorische-1-2/?reload=true";"";"http://www.mapsbma.nl/CHV/foto/CHV De Hoge Dijk.JPG";"";"POLYGON((4.968166 52.289704,4.969647 52.288087,4.969817 52.287839,4.970785 52.28678,4.971121 52.28648,4.971628 52.285967,4.972632 52.28485,4.97194 52.284422,4.97136 52.284036,4.970901 52.283782,4.970669 52.283641,4.970268 52.283424,4.969989 52.283246,4.96991 52.283184,4.969726 52.283113,4.969382 52.281951,4.969394 52.281819,4.969377 52.281776,4.969242 52.281617,4.969206 52.281558,4.969147 52.281416,4.969062 52.281305,4.968961 52.281148,4.968817 52.280968,4.968783 52.280886,4.968757 52.280719,4.968706 52.280679,4.968545 52.280603,4.96833 52.280407,4.96821 52.280264,4.96807 52.280054,4.96788 52.279836,4.967677 52.279577,4.967579 52.279556,4.96752 52.279597,4.967408 52.27965,4.966845 52.279871,4.966627 52.279986,4.966494 52.28009,4.966404 52.280193,4.966329 52.280336,4.966295 52.280497,4.96628 52.280773,4.96623 52.280951,4.966224 52.280965,4.966193 52.280974,4.966159 52.280971,4.965983 52.280833,4.965805 52.280642,4.965713 52.280573,4.965617 52.280524,4.965517 52.280488,4.965225 52.280425,4.964847 52.280376,4.964679 52.280375,4.964235 52.280403,4.964161 52.280402,4.96393 52.280387,4.963327 52.280307,4.963189 52.280298,4.962635 52.280286,4.962492 52.280274,4.962384 52.280254,4.962312 52.280233,4.962178 52.280158,4.962084 52.280039,4.96188 52.279707,4.961824 52.279598,4.961636 52.279179,4.961548 52.278945,4.961339 52.27852,4.961257 52.278388,4.961057 52.278169,4.960765 52.278235,4.960476 52.278286,4.960301 52.278312,4.959971 52.27834,4.959656 52.278349,4.958859 52.278324,4.958667 52.278336,4.958417 52.278398,4.95805 52.278534,4.957812 52.278607,4.957492 52.278648,4.957147 52.278664,4.956776 52.278666,4.956567 52.278635,4.955847 52.278439,4.955246 52.278301,4.953765 52.280166,4.951842 52.282438,4.952095 52.282529,4.94771 52.287184,4.94699 52.287961,4.946981 52.287956,4.94641 52.288556,4.946459 52.288575,4.945103 52.290149,4.949304 52.291572,4.949395 52.291568,4.949427 52.291551,4.950128 52.29179,4.952215 52.289505,4.955383 52.288283,4.958364 52.288336,4.965391 52.290748,4.965317 52.290829,4.966592 52.291265,4.966096 52.291928,4.96571 52.292486,4.966808 52.291231,4.967217 52.290787,4.967532 52.290494,4.967661 52.290357,4.967773 52.29022,4.967771 52.290135,4.968166 52.289704))";"POLYGON((52.289704 4.968166,52.288087 4.969647,52.287839 4.969817,52.28678 4.970785,52.28648 4.971121,52.285967 4.971628,52.28485 4.972632,52.284422 4.97194,52.284036 4.97136,52.283782 4.970901,52.283641 4.970669,52.283424 4.970268,52.283246 4.969989,52.283184 4.96991,52.283113 4.969726,52.281951 4.969382,52.281819 4.969394,52.281776 4.969377,52.281617 4.969242,52.281558 4.969206,52.281416 4.969147,52.281305 4.969062,52.281148 4.968961,52.280968 4.968817,52.280886 4.968783,52.280719 4.968757,52.280679 4.968706,52.280603 4.968545,52.280407 4.96833,52.280264 4.96821,52.280054 4.96807,52.279836 4.96788,52.279577 4.967677,52.279556 4.967579,52.279597 4.96752,52.27965 4.967408,52.279871 4.966845,52.279986 4.966627,52.28009 4.966494,52.280193 4.966404,52.280336 4.966329,52.280497 4.966295,52.280773 4.96628,52.280951 4.96623,52.280965 4.966224,52.280974 4.966193,52.280971 4.966159,52.280833 4.965983,52.280642 4.965805,52.280573 4.965713,52.280524 4.965617,52.280488 4.965517,52.280425 4.965225,52.280376 4.964847,52.280375 4.964679,52.280403 4.964235,52.280402 4.964161,52.280387 4.96393,52.280307 4.963327,52.280298 4.963189,52.280286 4.962635,52.280274 4.962492,52.280254 4.962384,52.280233 4.962312,52.280158 4.962178,52.280039 4.962084,52.279707 4.96188,52.279598 4.961824,52.279179 4.961636,52.278945 4.961548,52.27852 4.961339,52.278388 4.961257,52.278169 4.961057,52.278235 4.960765,52.278286 4.960476,52.278312 4.960301,52.27834 4.959971,52.278349 4.959656,52.278324 4.958859,52.278336 4.958667,52.278398 4.958417,52.278534 4.95805,52.278607 4.957812,52.278648 4.957492,52.278664 4.957147,52.278666 4.956776,52.278635 4.956567,52.278439 4.955847,52.278301 4.955246,52.280166 4.953765,52.282438 4.951842,52.282529 4.952095,52.287184 4.94771,52.287961 4.94699,52.287956 4.946981,52.288556 4.94641,52.288575 4.946459,52.290149 4.945103,52.291572 4.949304,52.291568 4.949395,52.291551 4.949427,52.29179 4.950128,52.289505 4.952215,52.288283 4.955383,52.288336 4.958364,52.290748 4.965391,52.290829 4.965317,52.291265 4.966592,52.291928 4.966096,52.292486 4.96571,52.291231 4.966808,52.290787 4.967217,52.290494 4.967532,52.290357 4.967661,52.29022 4.967773,52.290135 4.967771,52.289704 4.968166))";4.95887255;52.285319;
9;3;"Sportpark Melkweg";"Cultuurhistorische verkenning voor bestemmingsplan";2012;"De aanleg van het huidige Sportpark Melkweg, gelegen in het noordwestelijke deel van de 19e eeuwse Noorder-IJpolder, houdt direct verband met de aanleg van de Coentunnel.";"http://www.amsterdam.nl/kunst-cultuur-sport/monumenten/publicaties-0/amsterdamse-0/amsterdamse/cultuurhistorische-1-14/?reload=true";"";"http://www.mapsbma.nl/CHV/foto/CHV Melkweg.JPG";"";"POLYGON((4.875026 52.417897,4.875526 52.418399,4.875171 52.418801,4.876095 52.419614,4.873085 52.420839,4.872930 52.420932,4.869686 52.418849,4.871681 52.417813,4.873402 52.417082,4.874172 52.417752,4.874716 52.417731,4.875026 52.417897))";"POLYGON((52.417897 4.875026,52.418399 4.875526,52.418801 4.875171,52.419614 4.876095,52.420839 4.873085,52.420932 4.872930,52.418849 4.869686,52.417813 4.871681,52.417082 4.873402,52.417752 4.874172,52.417731 4.874716,52.417897 4.875026))";4.87289545;52.41900125;
10;1;"Lucas Andreas e.o.";"Cultuurhistorische verkenning voor bestemmingsplan";2012;"Dit gebied ligt in het noordelijke deel van de wijk Overtoomse veld dat als tuinstad is opgezet. Er bevinden zich een aantal bijzondere gebouwen, zoals het gebouw van de voormalige Technische School, nu bekend als Vliegbasis de Huygens.";"http://www.amsterdam.nl/kunst-cultuur-sport/monumenten/publicaties-0/amsterdamse-0/amsterdamse/cultuurhistorische-d/?reload=true";"";"http://www.mapsbma.nl/CHV/foto/CHV Lucas Andreas.JPG";"";"POLYGON((4.843029 52.371956,4.843028 52.371902,4.842855 52.371904,4.842854 52.371871,4.842799 52.371855,4.84272 52.37092,4.842572 52.369999,4.842563 52.369769,4.842551 52.369769,4.842562 52.36958,4.842154 52.369573,4.842163 52.369305,4.841413 52.369296,4.841447 52.368115,4.840487 52.368137,4.839688 52.368172,4.839081 52.368224,4.838445 52.368294,4.837562 52.368419,4.8368 52.368511,4.836769 52.368453,4.836708 52.368275,4.836538 52.367557,4.835714 52.367546,4.835712 52.367618,4.835439 52.367615,4.835436 52.36781,4.835621 52.367813,4.83558 52.369131,4.834946 52.369235,4.83349 52.369414,4.833616 52.370099,4.832088 52.370327,4.832314 52.37078,4.833243 52.370628,4.833725 52.370456,4.83434 52.370375,4.834809 52.370335,4.834925 52.370803,4.835895 52.373043,4.835341 52.373137,4.835342 52.373144,4.840603 52.372322,4.841019 52.372278,4.84136 52.372257,4.842625 52.372213,4.843038 52.372206,4.843029 52.371956))";"POLYGON((52.371956 4.843029,52.371902 4.843028,52.371904 4.842855,52.371871 4.842854,52.371855 4.842799,52.37092 4.84272,52.369999 4.842572,52.369769 4.842563,52.369769 4.842551,52.36958 4.842562,52.369573 4.842154,52.369305 4.842163,52.369296 4.841413,52.368115 4.841447,52.368137 4.840487,52.368172 4.839688,52.368224 4.839081,52.368294 4.838445,52.368419 4.837562,52.368511 4.8368,52.368453 4.836769,52.368275 4.836708,52.367557 4.836538,52.367546 4.835714,52.367618 4.835712,52.367615 4.835439,52.36781 4.835436,52.367813 4.835621,52.369131 4.83558,52.369235 4.834946,52.369414 4.83349,52.370099 4.833616,52.370327 4.832088,52.37078 4.832314,52.370628 4.833243,52.370456 4.833725,52.370375 4.83434,52.370335 4.834809,52.370803 4.834925,52.373043 4.835895,52.373137 4.835341,52.373144 4.835342,52.372322 4.840603,52.372278 4.841019,52.372257 4.84136,52.372213 4.842625,52.372206 4.843038,52.371956 4.843029))";4.83756805;52.37033715;
11;1;"Weespertrekvaart-Zuid";"Cultuurhistorische verkenning voor bestemmingsplan";2012;"Aan de Duivendrechtsekade ligt de bakermat van de Nederlandse filmindustrie: het voormalig hoofdgebouw Cinetone Studio`s.";"http://www.amsterdam.nl/kunst-cultuur-sport/monumenten/publicaties-0/amsterdamse-0/amsterdamse/cultuurhistorische-0/?reload=true";"";"http://www.mapsbma.nl/CHV/foto/CHV Weespertrekvaart.JPG";"";"POLYGON((4.926742 52.338258,4.928931 52.338996,4.929085 52.338928,4.929145 52.338949,4.930059 52.338797,4.938683 52.337225,4.938682 52.337219,4.938702 52.337215,4.938683 52.337117,4.938697 52.336922,4.938492 52.336523,4.938358 52.336349,4.938311 52.336304,4.938238 52.336254,4.937893 52.336054,4.937173 52.33573,4.936125 52.335295,4.936094 52.335271,4.936083 52.335242,4.936119 52.335173,4.935996 52.335125,4.935628 52.335508,4.934224 52.33549,4.928497 52.336549,4.927481 52.336201,4.927099 52.336084,4.926219 52.337132,4.927401 52.337538,4.926742 52.338258))";"POLYGON((52.338258 4.926742,52.338996 4.928931,52.338928 4.929085,52.338949 4.929145,52.338797 4.930059,52.337225 4.938683,52.337219 4.938682,52.337215 4.938702,52.337117 4.938683,52.336922 4.938697,52.336523 4.938492,52.336349 4.938358,52.336304 4.938311,52.336254 4.938238,52.336054 4.937893,52.33573 4.937173,52.335295 4.936125,52.335271 4.936094,52.335242 4.936083,52.335173 4.936119,52.335125 4.935996,52.335508 4.935628,52.33549 4.934224,52.336549 4.928497,52.336201 4.927481,52.336084 4.927099,52.337132 4.926219,52.337538 4.927401,52.338258 4.926742))";4.93246555;52.33705395;
12;1;"Bos en Lommer Noord";"Cultuurhistorische verkenning voor bestemmingsplan";2012;"Kenmerkend zijn de historische dorpskern Sloterdijk, de volkstuinen uit 1927 en de industriestrook langs de Haarlemmervaart. De fabrieksgebouwen uit het begin van de twintigste eeuw zijn vervangen door grootschalige kantoorgebouwen.";"http://www.amsterdam.nl/kunst-cultuur-sport/monumenten/publicaties-0/amsterdamse-0/amsterdamse/cultuurhistorische-2/?reload=true";"";"http://www.mapsbma.nl/CHV/foto/CHV Bos en Lommer Noord.JPG";"";"POLYGON((4.846732 52.388888,4.847239 52.388872,4.847237 52.388914,4.84745 52.38892,4.84745 52.388892,4.849923 52.388871,4.849924 52.38891,4.850895 52.388909,4.850897 52.388873,4.853664 52.388884,4.859171 52.388925,4.859169 52.38894,4.860378 52.38896,4.861804 52.388971,4.863894 52.388977,4.863903 52.38896,4.864033 52.388958,4.864044 52.388966,4.864046 52.388984,4.864262 52.388986,4.864846 52.388962,4.864849 52.388606,4.864916 52.38805,4.86319 52.388021,4.863521 52.387119,4.864101 52.385862,4.865368 52.386076,4.865256 52.38588,4.865261 52.385398,4.865204 52.385397,4.865204 52.38543,4.865058 52.385428,4.865059 52.385413,4.865035 52.385402,4.864852 52.385394,4.864711 52.385393,4.864655 52.385401,4.864606 52.385418,4.864519 52.385349,4.860675 52.385365,4.849029 52.385166,4.849029 52.385177,4.844948 52.385116,4.844948 52.385135,4.845034 52.385157,4.845056 52.385171,4.845084 52.385248,4.845126 52.385912,4.845104 52.385955,4.845071 52.385982,4.84505 52.386037,4.844925 52.386024,4.84491 52.386281,4.844977 52.386319,4.845031 52.386365,4.84508 52.386447,4.845088 52.386487,4.84508 52.38658,4.84529 52.387189,4.845468 52.387233,4.845501 52.387248,4.845558 52.38739,4.845634 52.387651,4.84568 52.387925,4.845692 52.388068,4.84569 52.388354,4.845683 52.388409,4.84564 52.388469,4.845276 52.388692,4.844855 52.388752,4.844774 52.388757,4.844778 52.388911,4.845858 52.388913,4.846732 52.388888))";"POLYGON((52.388888 4.846732,52.388872 4.847239,52.388914 4.847237,52.38892 4.84745,52.388892 4.84745,52.388871 4.849923,52.38891 4.849924,52.388909 4.850895,52.388873 4.850897,52.388884 4.853664,52.388925 4.859171,52.38894 4.859169,52.38896 4.860378,52.388971 4.861804,52.388977 4.863894,52.38896 4.863903,52.388958 4.864033,52.388966 4.864044,52.388984 4.864046,52.388986 4.864262,52.388962 4.864846,52.388606 4.864849,52.38805 4.864916,52.388021 4.86319,52.387119 4.863521,52.385862 4.864101,52.386076 4.865368,52.38588 4.865256,52.385398 4.865261,52.385397 4.865204,52.38543 4.865204,52.385428 4.865058,52.385413 4.865059,52.385402 4.865035,52.385394 4.864852,52.385393 4.864711,52.385401 4.864655,52.385418 4.864606,52.385349 4.864519,52.385365 4.860675,52.385166 4.849029,52.385177 4.849029,52.385116 4.844948,52.385135 4.844948,52.385157 4.845034,52.385171 4.845056,52.385248 4.845084,52.385912 4.845126,52.385955 4.845104,52.385982 4.845071,52.386037 4.84505,52.386024 4.844925,52.386281 4.84491,52.386319 4.844977,52.386365 4.845031,52.386447 4.84508,52.386487 4.845088,52.38658 4.84508,52.387189 4.84529,52.387233 4.845468,52.387248 4.845501,52.38739 4.845558,52.387651 4.845634,52.387925 4.84568,52.388068 4.845692,52.388354 4.84569,52.388409 4.845683,52.388469 4.84564,52.388692 4.845276,52.388752 4.844855,52.388757 4.844774,52.388911 4.844778,52.388913 4.845858,52.388888 4.846732))";4.85507585;52.38704365;
13;1;"Willemspark Noord - Vondelpark";"Cultuurhistorische verkenning voor bestemmingsplan";2013;"Het Vondelpark is een rijksmonument en het Willemspark maakt onderdeel uit van het als rijks beschermd stadsgezicht geselecteerde gebied Amsterdam Oud Zuid. Beide zijn gerealiseerd voor en door vermogende Amsterdammers.";"http://www.amsterdam.nl/kunst-cultuur-sport/monumenten/publicaties-0/amsterdamse-0/amsterdamse/cultuurhistorische-9/?reload=true";"";"http://www.mapsbma.nl/CHV/foto/CHV Willemspark.JPG";"";"POLYGON((4.854729 52.356444,4.855105 52.356411,4.858944 52.357397,4.859784 52.357602,4.863179 52.358472,4.863185 52.358463,4.86368 52.358574,4.866331 52.359212,4.86816 52.359636,4.869963 52.36011,4.870054 52.359977,4.870863 52.360186,4.871247 52.360275,4.871302 52.360312,4.871315 52.360349,4.871261 52.36053,4.87139 52.360562,4.871532 52.360359,4.871761 52.360333,4.871851 52.360339,4.87218 52.360401,4.872455 52.360469,4.873017 52.360637,4.873313 52.360746,4.873655 52.360741,4.873751 52.360773,4.873795 52.360807,4.87383 52.36085,4.873846 52.360921,4.873837 52.360963,4.873858 52.360969,4.873835 52.360991,4.873797 52.361006,4.873857 52.361011,4.87391 52.361026,4.874012 52.361066,4.874007 52.361031,4.874019 52.361013,4.874219 52.360949,4.87467 52.360902,4.874881 52.360844,4.874982 52.360806,4.875121 52.360723,4.875262 52.360663,4.875401 52.360667,4.875516 52.36072,4.875612 52.360809,4.875826 52.360762,4.875869 52.360709,4.876438 52.360876,4.876566 52.360689,4.876556 52.360672,4.876594 52.360619,4.876625 52.360604,4.876634 52.360573,4.876953 52.360653,4.876933 52.36068,4.877036 52.360707,4.877021 52.360729,4.877008 52.360734,4.876984 52.360727,4.876968 52.360751,4.876916 52.360766,4.876889 52.360758,4.876756 52.360951,4.877224 52.361079,4.877446 52.360775,4.881736 52.361951,4.881948 52.361849,4.882106 52.361758,4.882228 52.361658,4.882374 52.361472,4.881172 52.361133,4.877613 52.36019,4.877166 52.360096,4.876822 52.35999,4.876549 52.359877,4.875789 52.359649,4.875968 52.359394,4.875092 52.359167,4.875379 52.358782,4.875004 52.358681,4.875 52.35867,4.875155 52.358468,4.874261 52.358227,4.873874 52.358113,4.874226 52.35764,4.874065 52.357618,4.873391 52.357552,4.872541 52.357374,4.871862 52.357184,4.871219 52.356986,4.87084 52.356851,4.870131 52.356583,4.867557 52.355811,4.867794 52.355395,4.867814 52.355271,4.86792 52.355107,4.867921 52.354811,4.867863 52.354652,4.867745 52.354512,4.867636 52.354436,4.867372 52.354327,4.867083 52.354245,4.86642 52.354106,4.866141 52.354035,4.865803 52.353937,4.865189 52.353736,4.865025 52.353692,4.864681 52.353613,4.864181 52.353542,4.864006 52.353489,4.863956 52.353461,4.863774 52.353325,4.863587 52.35324,4.863327 52.353185,4.862977 52.353196,4.862933 52.353203,4.8628 52.353181,4.862551 52.353097,4.86231 52.353003,4.862012 52.352905,4.861731 52.352825,4.861509 52.352771,4.860834 52.352632,4.860269 52.352448,4.859099 52.352132,4.857667 52.351783,4.857229 52.352453,4.85678 52.352374,4.855915 52.354608,4.855727 52.354636,4.855605 52.354666,4.85549 52.354703,4.855346 52.355151,4.855183 52.355579,4.85481 52.356335,4.854729 52.356444))";"POLYGON((52.356444 4.854729,52.356411 4.855105,52.357397 4.858944,52.357602 4.859784,52.358472 4.863179,52.358463 4.863185,52.358574 4.86368,52.359212 4.866331,52.359636 4.86816,52.36011 4.869963,52.359977 4.870054,52.360186 4.870863,52.360275 4.871247,52.360312 4.871302,52.360349 4.871315,52.36053 4.871261,52.360562 4.87139,52.360359 4.871532,52.360333 4.871761,52.360339 4.871851,52.360401 4.87218,52.360469 4.872455,52.360637 4.873017,52.360746 4.873313,52.360741 4.873655,52.360773 4.873751,52.360807 4.873795,52.36085 4.87383,52.360921 4.873846,52.360963 4.873837,52.360969 4.873858,52.360991 4.873835,52.361006 4.873797,52.361011 4.873857,52.361026 4.87391,52.361066 4.874012,52.361031 4.874007,52.361013 4.874019,52.360949 4.874219,52.360902 4.87467,52.360844 4.874881,52.360806 4.874982,52.360723 4.875121,52.360663 4.875262,52.360667 4.875401,52.36072 4.875516,52.360809 4.875612,52.360762 4.875826,52.360709 4.875869,52.360876 4.876438,52.360689 4.876566,52.360672 4.876556,52.360619 4.876594,52.360604 4.876625,52.360573 4.876634,52.360653 4.876953,52.36068 4.876933,52.360707 4.877036,52.360729 4.877021,52.360734 4.877008,52.360727 4.876984,52.360751 4.876968,52.360766 4.876916,52.360758 4.876889,52.360951 4.876756,52.361079 4.877224,52.360775 4.877446,52.361951 4.881736,52.361849 4.881948,52.361758 4.882106,52.361658 4.882228,52.361472 4.882374,52.361133 4.881172,52.36019 4.877613,52.360096 4.877166,52.35999 4.876822,52.359877 4.876549,52.359649 4.875789,52.359394 4.875968,52.359167 4.875092,52.358782 4.875379,52.358681 4.875004,52.35867 4.875,52.358468 4.875155,52.358227 4.874261,52.358113 4.873874,52.35764 4.874226,52.357618 4.874065,52.357552 4.873391,52.357374 4.872541,52.357184 4.871862,52.356986 4.871219,52.356851 4.87084,52.356583 4.870131,52.355811 4.867557,52.355395 4.867794,52.355271 4.867814,52.355107 4.86792,52.354811 4.867921,52.354652 4.867863,52.354512 4.867745,52.354436 4.867636,52.354327 4.867372,52.354245 4.867083,52.354106 4.86642,52.354035 4.866141,52.353937 4.865803,52.353736 4.865189,52.353692 4.865025,52.353613 4.864681,52.353542 4.864181,52.353489 4.864006,52.353461 4.863956,52.353325 4.863774,52.35324 4.863587,52.353185 4.863327,52.353196 4.862977,52.353203 4.862933,52.353181 4.8628,52.353097 4.862551,52.353003 4.86231,52.352905 4.862012,52.352825 4.861731,52.352771 4.861509,52.352632 4.860834,52.352448 4.860269,52.352132 4.859099,52.351783 4.857667,52.352453 4.857229,52.352374 4.85678,52.354608 4.855915,52.354636 4.855727,52.354666 4.855605,52.354703 4.85549,52.355151 4.855346,52.355579 4.855183,52.356335 4.85481,52.356444 4.854729))";4.8685565;52.35685985;
14;1;"Landlust en Gibraltarbuurt";"Cultuurhistorische verkenning voor bestemmingsplan";2014;"Bepalend voor dit gebied zijn de zeventiende eeuwse Haarlemmerweg en Haarlemmertrekvaart, de in 1908 aangelegde Admiraal de Ruijterweg en het uitbreidingsplan Landlust uit 1931 met experimenten van strokenbouwverkaveling.";"http://www.amsterdam.nl/kunst-cultuur-sport/monumenten/publicaties-0/amsterdamse-0/amsterdamse/cultuurhistorische-7/?reload=true";"";"http://www.mapsbma.nl/CHV/foto/CHV Landlust en Gibraltarbuurt.JPG";"";"POLYGON((4.844948 52.384710,4.844962 52.384471,4.845430 52.384484,4.845438 52.384526,4.845494 52.384530,4.845548 52.384554,4.845689 52.384708,4.845752 52.384737,4.846378 52.384535,4.845919 52.383996,4.846339 52.383860,4.846580 52.383894,4.846567 52.383877,4.849691 52.382530,4.850955 52.382006,4.852752 52.380972,4.852020 52.380498,4.852276 52.380023,4.852500 52.379774,4.852852 52.379569,4.853711 52.380127,4.853927 52.380003,4.854106 52.379829,4.854575 52.379921,4.854941 52.379682,4.855334 52.379386,4.855562 52.379191,4.855828 52.378929,4.856187 52.378524,4.856325 52.378301,4.856370 52.378183,4.856715 52.377068,4.856821 52.377082,4.856935 52.376743,4.856966 52.376748,4.857639 52.374583,4.858560 52.374690,4.858825 52.374674,4.864490 52.375411,4.863759 52.377369,4.863386 52.377317,4.863336 52.377448,4.863291 52.377492,4.863228 52.377524,4.863182 52.377537,4.863124 52.377544,4.863064 52.377542,4.863665 52.377624,4.862771 52.380024,4.861674 52.379874,4.861437 52.380046,4.858123 52.381957,4.857904 52.381816,4.857636 52.381971,4.857616 52.381957,4.857575 52.381981,4.857538 52.381952,4.857506 52.381969,4.857438 52.381961,4.857416 52.381946,4.857308 52.382008,4.857297 52.382001,4.857251 52.382028,4.857069 52.381910,4.856754 52.382081,4.856560 52.381954,4.856547 52.382283,4.856063 52.382277,4.855928 52.385283,4.849029 52.385166,4.849029 52.385177,4.845161 52.385128,4.845162 52.385119,4.845083 52.385116,4.845158 52.385127,4.845146 52.385221,4.845147 52.385682,4.845121 52.385845,4.845084 52.385248,4.845056 52.385171,4.845034 52.385157,4.844948 52.385135,4.844948 52.384710))";"POLYGON((52.384710 4.844948,52.384471 4.844962,52.384484 4.845430,52.384526 4.845438,52.384530 4.845494,52.384554 4.845548,52.384708 4.845689,52.384737 4.845752,52.384535 4.846378,52.383996 4.845919,52.383860 4.846339,52.383894 4.846580,52.383877 4.846567,52.382530 4.849691,52.382006 4.850955,52.380972 4.852752,52.380498 4.852020,52.380023 4.852276,52.379774 4.852500,52.379569 4.852852,52.380127 4.853711,52.380003 4.853927,52.379829 4.854106,52.379921 4.854575,52.379682 4.854941,52.379386 4.855334,52.379191 4.855562,52.378929 4.855828,52.378524 4.856187,52.378301 4.856325,52.378183 4.856370,52.377068 4.856715,52.377082 4.856821,52.376743 4.856935,52.376748 4.856966,52.374583 4.857639,52.374690 4.858560,52.374674 4.858825,52.375411 4.864490,52.377369 4.863759,52.377317 4.863386,52.377448 4.863336,52.377492 4.863291,52.377524 4.863228,52.377537 4.863182,52.377544 4.863124,52.377542 4.863064,52.377624 4.863665,52.380024 4.862771,52.379874 4.861674,52.380046 4.861437,52.381957 4.858123,52.381816 4.857904,52.381971 4.857636,52.381957 4.857616,52.381981 4.857575,52.381952 4.857538,52.381969 4.857506,52.381961 4.857438,52.381946 4.857416,52.382008 4.857308,52.382001 4.857297,52.382028 4.857251,52.381910 4.857069,52.382081 4.856754,52.381954 4.856560,52.382283 4.856547,52.382277 4.856063,52.385283 4.855928,52.385166 4.849029,52.385177 4.849029,52.385128 4.845161,52.385119 4.845162,52.385116 4.845083,52.385127 4.845158,52.385221 4.845146,52.385682 4.845147,52.385845 4.845121,52.385248 4.845084,52.385171 4.845056,52.385157 4.845034,52.385135 4.844948,52.384710 4.844948))";4.8547239;52.3802077;
15;1;"Rond de Graven: Den Brielstraat e.o. -Van Slingelandterrein";"Cultuurhistorische verkenning voor bestemmingsplan";2012;"Dit gebied heeft een overwegend industrieel karakter. Begraafplaats Vredenhof is een opvallende uitzondering en doet herinneren aan de buitenplaatsen die nog tot het einde van de negentiende eeuw langs de Haarlemmerweg lagen.";"http://www.amsterdam.nl/kunst-cultuur-sport/monumenten/publicaties-0/amsterdamse-0/amsterdamse/cultuurhistorische-1-1/?reload=true";"";"http://www.mapsbma.nl/CHV/foto/CHV Rond de Graven.JPG";"";"POLYGON((4.86548 52.385402,4.865482 52.385379,4.865504 52.385364,4.866739 52.385381,4.867557 52.383152,4.867523 52.383058,4.867884 52.38212,4.867935 52.382128,4.867947 52.382096,4.867866 52.382083,4.867992 52.38175,4.867275 52.381648,4.867248 52.381727,4.867199 52.381718,4.867169 52.3818,4.865841 52.381614,4.865807 52.381702,4.865771 52.381698,4.86576 52.381726,4.865734 52.381723,4.86542 52.382563,4.865328 52.382605,4.865151 52.38305,4.865044 52.383035,4.864967 52.383236,4.864816 52.383218,4.864786 52.383255,4.864746 52.383279,4.86465 52.383302,4.863597 52.383157,4.863717 52.382855,4.863898 52.382546,4.863923 52.382454,4.86386 52.382286,4.863635 52.382103,4.863288 52.381849,4.863183 52.381791,4.863108 52.381762,4.863 52.381738,4.862887 52.381722,4.862783 52.381721,4.862684 52.381736,4.862541 52.381772,4.862163 52.381721,4.862793 52.380026,4.861457 52.379842,4.858048 52.381813,4.857983 52.381769,4.857636 52.381971,4.857616 52.381957,4.857575 52.381981,4.857538 52.381952,4.857506 52.381969,4.857438 52.381961,4.857416 52.381946,4.857308 52.382008,4.857297 52.382001,4.857251 52.382028,4.857069 52.38191,4.856754 52.382081,4.85656 52.381954,4.856547 52.382283,4.856063 52.382277,4.855928 52.385283,4.860675 52.385365,4.864425 52.385348,4.864519 52.385349,4.864606 52.385418,4.864655 52.385401,4.864711 52.385393,4.864852 52.385394,4.865035 52.385402,4.865059 52.385413,4.865058 52.385428,4.865204 52.38543,4.865204 52.385397,4.865397 52.385403,4.865395 52.385434,4.86548 52.385435,4.86548 52.385402))";"POLYGON((52.385402 4.86548,52.385379 4.865482,52.385364 4.865504,52.385381 4.866739,52.383152 4.867557,52.383058 4.867523,52.38212 4.867884,52.382128 4.867935,52.382096 4.867947,52.382083 4.867866,52.38175 4.867992,52.381648 4.867275,52.381727 4.867248,52.381718 4.867199,52.3818 4.867169,52.381614 4.865841,52.381702 4.865807,52.381698 4.865771,52.381726 4.86576,52.381723 4.865734,52.382563 4.86542,52.382605 4.865328,52.38305 4.865151,52.383035 4.865044,52.383236 4.864967,52.383218 4.864816,52.383255 4.864786,52.383279 4.864746,52.383302 4.86465,52.383157 4.863597,52.382855 4.863717,52.382546 4.863898,52.382454 4.863923,52.382286 4.86386,52.382103 4.863635,52.381849 4.863288,52.381791 4.863183,52.381762 4.863108,52.381738 4.863,52.381722 4.862887,52.381721 4.862783,52.381736 4.862684,52.381772 4.862541,52.381721 4.862163,52.380026 4.862793,52.379842 4.861457,52.381813 4.858048,52.381769 4.857983,52.381971 4.857636,52.381957 4.857616,52.381981 4.857575,52.381952 4.857538,52.381969 4.857506,52.381961 4.857438,52.381946 4.857416,52.382008 4.857308,52.382001 4.857297,52.382028 4.857251,52.38191 4.857069,52.382081 4.856754,52.381954 4.85656,52.382283 4.856547,52.382277 4.856063,52.385283 4.855928,52.385365 4.860675,52.385348 4.864425,52.385349 4.864519,52.385418 4.864606,52.385401 4.864655,52.385393 4.864711,52.385394 4.864852,52.385402 4.865035,52.385413 4.865059,52.385428 4.865058,52.38543 4.865204,52.385397 4.865204,52.385403 4.865397,52.385434 4.865395,52.385435 4.86548,52.385402 4.86548))";4.8619649;52.38263005;
16;3;"Cornelis Douwesterrein";"Cultuurhistorische verkenning voor bestemmingsplan";2012;"In 1876 was het Noordzeekanaal met nieuwe polders en zijkanalen klaar. De Noorder?IJpolder werd eerst als agrarisch gebied gebruikt, later door de Nederlandse Scheepsbouw-Maatschappij (NSM) en de Nederlandsche Dok Maatschappij (NDM).";"http://www.amsterdam.nl/kunst-cultuur-sport/monumenten/publicaties-0/amsterdamse-0/amsterdamse/cultuurhistorische-f/?reload=true";"";"http://www.mapsbma.nl/CHV/foto/CHV Cornelis Douwes.JPG";"";"POLYGON((4.874368 52.415798,4.875387 52.415284,4.875581 52.415169,4.875726 52.415096,4.876222 52.41486,4.881511 52.412279,4.889458 52.408563,4.890034 52.408286,4.892564 52.406887,4.891787 52.405729,4.89179 52.40572,4.891665 52.405531,4.891193 52.405203,4.889248 52.406075,4.887335 52.406948,4.887096 52.406762,4.887219 52.406693,4.882002 52.402534,4.878859 52.40589,4.874848 52.409533,4.8742 52.410018,4.872603 52.411123,4.871515 52.411787,4.869064 52.413128,4.865854 52.41458,4.865774 52.414636,4.865756 52.414672,4.86578 52.41475,4.866143 52.415252,4.866603 52.415915,4.866759 52.415871,4.867876 52.415504,4.868024 52.415449,4.868047 52.415476,4.868172 52.415488,4.868302 52.415524,4.86841 52.415589,4.868798 52.415899,4.870322 52.417154,4.870667 52.417342,4.870683 52.417321,4.872922 52.416272,4.873117 52.4162,4.873363 52.416144,4.873528 52.416125,4.873747 52.416122,4.873994 52.416144,4.874069 52.416162,4.874102 52.416184,4.874067 52.415946,4.874368 52.415798))";"POLYGON((52.415798 4.874368,52.415284 4.875387,52.415169 4.875581,52.415096 4.875726,52.41486 4.876222,52.412279 4.881511,52.408563 4.889458,52.408286 4.890034,52.406887 4.892564,52.405729 4.891787,52.40572 4.89179,52.405531 4.891665,52.405203 4.891193,52.406075 4.889248,52.406948 4.887335,52.406762 4.887096,52.406693 4.887219,52.402534 4.882002,52.40589 4.878859,52.409533 4.874848,52.410018 4.8742,52.411123 4.872603,52.411787 4.871515,52.413128 4.869064,52.41458 4.865854,52.414636 4.865774,52.414672 4.865756,52.41475 4.86578,52.415252 4.866143,52.415915 4.866603,52.415871 4.866759,52.415504 4.867876,52.415449 4.868024,52.415476 4.868047,52.415488 4.868172,52.415524 4.868302,52.415589 4.86841,52.415899 4.868798,52.417154 4.870322,52.417342 4.870667,52.417321 4.870683,52.416272 4.872922,52.4162 4.873117,52.416144 4.873363,52.416125 4.873528,52.416122 4.873747,52.416144 4.873994,52.416162 4.874069,52.416184 4.874102,52.415946 4.874067,52.415798 4.874368))";4.8791649;52.4099318;
17;1;"Haarlemmerplein";"Cultuurhistorische verkenning tbv herinrichting openbare ruimte";2010;"Lees meer over de veranderende positie en betekenis van het Haarlemmerplein. Van stedelijk plein aan de rand van de oude binnenstad tot verkeersknooppunt.";"http://www.amsterdam.nl/kunst-cultuur-sport/monumenten/publicaties-0/amsterdamse-0/amsterdamse/cultuurhistorische-1-12/?reload=true";"";"http://www.mapsbma.nl/CHV/foto/CHV Haarlemmerplein.JPG";"";"POLYGON((4.885156 52.384923,4.883818 52.384024,4.882364 52.384713,4.883157 52.385749,4.8841 52.385431,4.885156 52.384923))";"POLYGON((52.384923 4.885156,52.384024 4.883818,52.384713 4.882364,52.385749 4.883157,52.385431 4.8841,52.384923 4.885156))";4.883765;52.3848807;
18;1;"Robert Scottbuurt";"Cultuurhistorische verkenning tbv herstructurering gebied";2009;"Deze buurt in stadsdeel West is van oorsprong een katholieke enclave met  monumentale gebouwen: de Josephkerk met kloostergebouw en verschillende scholen.";"http://www.amsterdam.nl/kunst-cultuur-sport/monumenten/publicaties-0/amsterdamse-0/amsterdamse/artikel-10/";"";"http://www.mapsbma.nl/CHV/foto/CHV Robert Scott.JPG";"";"POLYGON((4.845998 52.375228,4.846211 52.374852,4.847362 52.372718,4.847369 52.372719,4.847395 52.372672,4.847408 52.372674,4.847486 52.372531,4.846744 52.3726,4.845095 52.372427,4.84311 52.372464,4.843207 52.373666,4.843358 52.374518,4.843676 52.375253,4.843897 52.375226,4.844303 52.375188,4.844851 52.375167,4.845124 52.375167,4.845397 52.375178,4.84567 52.375196,4.845998 52.375228))";"POLYGON((52.375228 4.845998,52.374852 4.846211,52.372718 4.847362,52.372719 4.847369,52.372672 4.847395,52.372674 4.847408,52.372531 4.847486,52.3726 4.846744,52.372427 4.845095,52.372464 4.84311,52.373666 4.843207,52.374518 4.843358,52.375253 4.843676,52.375226 4.843897,52.375188 4.844303,52.375167 4.844851,52.375167 4.845124,52.375178 4.845397,52.375196 4.84567,52.375228 4.845998))";4.84530305;52.37383335;
19;1;"Prins Hendrikkade Midden Zuidzijde";"Cultuurhistorische verkenning tbv herinrichting openbare ruimte";2014;"De waarde van het gebied is gelegen in de stedenbouwkundige opzet. Deze vormt een onderdeel van de grote uitbreiding van het centrum naar de noordzijde in verband met de aanleg van de spoorlijn.";"http://www.amsterdam.nl/kunst-cultuur-sport/monumenten/publicaties-0/amsterdamse-0/amsterdamse/cultuurhistorische-1-c/?reload=true";"";"http://www.mapsbma.nl/CHV/foto/CHV Prins Hendrikkade Midden SAA 010003012565.JPG";"";"POLYGON((4.89811 52.378835,4.898525 52.378577,4.898863 52.378326,4.899238 52.377812,4.898341 52.377157,4.898222 52.377151,4.897899 52.377291,4.897479 52.377506,4.897032 52.377869,4.896998 52.377915,4.89811 52.378835))";"POLYGON((52.378835 4.89811,52.378577 4.898525,52.378326 4.898863,52.377812 4.899238,52.377157 4.898341,52.377151 4.898222,52.377291 4.897899,52.377506 4.897479,52.377869 4.897032,52.377915 4.896998,52.378835 4.89811))";4.898123;52.37798565;
20;1;"Marine-Etablissement";"Cultuurhistorische verkenning ikv herontwikkeling plangebied";2012;"Op het Marineterrein dat op het eiland Kattenburg ligt, werd vanaf 1655 tot 1915 een groot deel van de Nederlandse oorlogsvloot gebouwd en onderhouden. Daarna deed het dienst als facilitair steunpunt voor verschillende onderdelen van de krijgsmacht.";"http://www.amsterdam.nl/kunst-cultuur-sport/monumenten/publicaties-0/amsterdamse-0/amsterdamse/cultuurhistorische-b/?reload=true";"http://www.amsterdam.nl/wonen-leefomgeving/bouwprojecten/marineterrein/nieuwsberichten/rijke-geschiedenis/";"http://www.mapsbma.nl/CHV/foto/CHV Marine-etablissement.JPG";"";"POLYGON((4.9159220 52.3715590,4.9156087 52.3715070,4.9148155 52.3724270,4.9143540 52.3724620,4.9128850 52.3749780,4.9144930 52.3759900,4.9211770 52.3749510,4.9209260 52.3743140,4.9184060 52.3726550,4.9171880 52.3719430,4.9159220 52.3715590))";"POLYGON((52.3715590 4.9159220,52.3715070 4.9156087,52.3724270 4.9148155,52.3724620 4.9143540,52.3749780 4.9128850,52.3759900 4.9144930,52.3749510 4.9211770,52.3743140 4.9209260,52.3726550 4.9184060,52.3719430 4.9171880,52.3715590 4.9159220))";4.917036;52.3737415;
21;1;"Oostergasfabriek";"Cultuurhistorische verkenning tbv gebiedsontwikkeling";2001;"Het Oostergasfabriekterrein (nu bekend als Polderweggebied) had vijf karakteristieke gebouwen: de gloei-inrichting, het werkplaatsengebouw, de ammoniakfabriek, de sporthal en de naastgelegen vakwerkgebouwtjes.";"http://www.amsterdam.nl/kunst-cultuur-sport/monumenten/publicaties-0/amsterdamse-0/amsterdamse/artikel-2/";"";"http://www.mapsbma.nl/CHV/foto/CHV Oostergasfabriek.JPG";"";"POLYGON((4.927128 52.357267,4.927086 52.357343,4.933593 52.358684,4.934618 52.358538,4.936939 52.357654,4.936615 52.357608,4.929795 52.356154,4.928292 52.355403,4.927128 52.357267))";"POLYGON((52.357267 4.927128,52.357343 4.927086,52.358684 4.933593,52.358538 4.934618,52.357654 4.936939,52.357608 4.936615,52.356154 4.929795,52.355403 4.928292,52.357267 4.927128))";4.93201735;52.3570372;
22;2;"Zeehelden en Spaarndammers";"Cultuurhistorische verkenning voor bestemmingsplan";2012;"De cultuurhistorische waarden van dit gebied liggen in de sterke samenhang tussen de zeevaart en -handel gerelateerde havens en de woonbuurten voor de arbeiders uit de negentiende en begin twintigste eeuw.";"http://www.amsterdam.nl/kunst-cultuur-sport/monumenten/publicaties-0/amsterdamse-0/amsterdamse/cultuurhistorische-1-0/?reload=true";"";"http://www.mapsbma.nl/CHV/foto/CHV SpaarndammersSAA 010003028244.JPG";"";"POLYGON((4.88869 52.391,4.890764 52.390907,4.891662 52.38847,4.891019 52.388432,4.891019 52.388439,4.886277 52.388158,4.886222 52.388145,4.885534 52.388178,4.884636 52.388336,4.885743 52.390627,4.885871 52.390839,4.88601 52.391119,4.88869 52.391))";"POLYGON((52.391 4.88869,52.390907 4.890764,52.38847 4.891662,52.388432 4.891019,52.388439 4.891019,52.388158 4.886277,52.388145 4.886222,52.388178 4.885534,52.388336 4.884636,52.390627 4.885743,52.390839 4.885871,52.391119 4.88601,52.391 4.88869))";4.888154;52.38962425;
23;1;"Tuindorp Frankendael";"Cultuurhistorische verkenning tbv herstructurering gebied";2001;"De zogenaamde hovenverkaveling die in Tuindorp Frankendael is toegepast werd de bouwsteen voor de westelijke tuinsteden. Frankendael staat daarom te boek als de bakermat van een belangwekkende stedenbouwkundige ontwikkeling.";"http://www.amsterdam.nl/kunst-cultuur-sport/monumenten/publicaties-0/amsterdamse-0/amsterdamse/artikel-1/";"";"http://www.mapsbma.nl/CHV/foto/CHV Tuindorp Frankendael.JPG";"";"POLYGON((4.927349 52.346541,4.935194 52.350994,4.94029 52.347732,4.932401 52.343097,4.927349 52.346541))";"POLYGON((52.346541 4.927349,52.350994 4.935194,52.347732 4.94029,52.343097 4.932401,52.346541 4.927349))";4.93382455;52.3470389;
24;1;"Stadionplein";"Cultuurhistorische verkenning tbv herinrichting openbare ruimte";2006;"Lees meer over de verander(en)de betekenis van het Stadionplein: van wagenplein tijdens en na de Olympische Spelen van 1928  tot toegangspoort van de stad na de aanleg van de snelweg rond de stad met een afslag naar de Amstelveenseweg.";"http://www.amsterdam.nl/kunst-cultuur-sport/monumenten/publicaties-0/amsterdamse-0/amsterdamse/wagenplein/";"";"http://www.mapsbma.nl/CHV/foto/CHV Stadionplein.JPG";"";"POLYGON((4.858692 52.343279,4.857258 52.343077,4.856643 52.34477,4.856648 52.344879,4.856765 52.344987,4.856878 52.345036,4.85801 52.3452,4.858692 52.343279))";"POLYGON((52.343279 4.858692,52.343077 4.857258,52.34477 4.856643,52.344879 4.856648,52.344987 4.856765,52.345036 4.856878,52.3452 4.85801,52.343279 4.858692))";4.8576727;52.3441321;
25;1;"Nieuwendammerham/Hamerstraat";"Cultuurhistorische verkenning voor bestemmingsplan";2004;"Dit gebied is onderdeel van de noordelijke IJ-oever, waar veel industrieterreinen zijn aangelegd. Het vormt nog altijd een van de laatste eind negentiende en begin twintigste eeuwse industriele rafelranden langs het IJ.";"http://www.amsterdam.nl/kunst-cultuur-sport/monumenten/publicaties-0/amsterdamse-0/amsterdamse/artikel-8/";"";"http://www.mapsbma.nl/CHV/foto/CHV Nieuwendammerham.JPG";"";"POLYGON((4.918602 52.385175,4.918827 52.385269,4.919098 52.385357,4.919285 52.385407,4.919628 52.385485,4.921285 52.385737,4.921679 52.385773,4.922066 52.385784,4.922454 52.385767,4.922815 52.385728,4.922801 52.385867,4.92277 52.385952,4.924251 52.387394,4.930764 52.384835,4.930542 52.384606,4.933856 52.383409,4.919623 52.381619,4.918602 52.385175))";"POLYGON((52.385175 4.918602,52.385269 4.918827,52.385357 4.919098,52.385407 4.919285,52.385485 4.919628,52.385737 4.921285,52.385773 4.921679,52.385784 4.922066,52.385767 4.922454,52.385728 4.922815,52.385867 4.922801,52.385952 4.92277,52.387394 4.924251,52.384835 4.930764,52.384606 4.930542,52.383409 4.933856,52.381619 4.919623,52.385175 4.918602))";4.926234;52.38449925;
26;2;"Noordelijke IJ-oever";"Cultuurhistorische verkenning tbv gebiedsontwikkeling";2003;"Voor het gebied aan het IJ tussen de Sixhaven en de Noorder IJ-plas staan grote veranderingen op stapel. Dit gebied is de laatste strook langs het IJ waar het twintigste eeuwse deel van de Amsterdamse scheepsvaartgeschiedenis nog duidelijk herkenbaar is.";"http://www.amsterdam.nl/kunst-cultuur-sport/monumenten/publicaties-0/amsterdamse-0/amsterdamse/artikel-4/";"";"http://www.mapsbma.nl/CHV/foto/CHV Noordelijke IJoever.JPG";"";"POLYGON((4.866891 52.418274,4.870451 52.417224,4.870667 52.417342,4.870683 52.417321,4.872922 52.416272,4.873117 52.4162,4.873363 52.416144,4.873528 52.416125,4.873747 52.416122,4.873994 52.416144,4.874069 52.416162,4.874102 52.416184,4.874067 52.415946,4.875387 52.415284,4.875581 52.415169,4.875726 52.415096,4.876222 52.41486,4.881511 52.412279,4.889458 52.408563,4.890034 52.408286,4.892564 52.406887,4.892191 52.406323,4.900187 52.401237,4.900531 52.401481,4.901908 52.400825,4.903628 52.402502,4.904732 52.402076,4.90474 52.402082,4.904765 52.402074,4.904811 52.402054,4.904804 52.402049,4.90589 52.401634,4.90616 52.401504,4.906485 52.40138,4.90648 52.401375,4.908217 52.400715,4.908502 52.400691,4.908888 52.400637,4.910234 52.400471,4.911186 52.400509,4.911236 52.40017,4.911304 52.400011,4.910833 52.399949,4.910444 52.399926,4.910142 52.399876,4.909838 52.399849,4.909367 52.399785,4.909314 52.39977,4.909269 52.399736,4.909288 52.399635,4.909938 52.398502,4.910033 52.398378,4.910128 52.398208,4.910208 52.398231,4.9108 52.398356,4.910854 52.398322,4.91086 52.398268,4.911216 52.398011,4.911634 52.397663,4.911834 52.397464,4.911999 52.397282,4.912202 52.397031,4.91236 52.396805,4.912484 52.396593,4.912603 52.396361,4.912912 52.396417,4.912969 52.396277,4.913085 52.395931,4.912766 52.395898,4.912902 52.395306,4.912939 52.395013,4.91293 52.394737,4.912894 52.394517,4.912444 52.394421,4.912416 52.394409,4.912413 52.394395,4.912644 52.393986,4.912847 52.393709,4.912871 52.393643,4.912878 52.393644,4.912961 52.393376,4.912651 52.393384,4.91267 52.393175,4.912665 52.393082,4.9126 52.392853,4.91256 52.392761,4.912485 52.392635,4.912432 52.392561,4.912262 52.392386,4.912281 52.392379,4.911548 52.391667,4.911513 52.391652,4.911432 52.391674,4.911295 52.391727,4.9113 52.391731,4.911132 52.391797,4.911138 52.391804,4.910644 52.391997,4.910629 52.391983,4.909623 52.392365,4.909631 52.392374,4.909567 52.39239,4.908453 52.392821,4.908434 52.392835,4.908403 52.392841,4.908378 52.392831,4.907959 52.393009,4.90646 52.391555,4.906227 52.391298,4.906017 52.391014,4.905867 52.390744,4.905771 52.390525,4.905712 52.390356,4.905665 52.390157,4.905627 52.389844,4.905631 52.389572,4.905667 52.389296,4.905748 52.389012,4.906009 52.388446,4.906916 52.386618,4.906962 52.386459,4.90697 52.386382,4.906961 52.386273,4.906916 52.386122,4.906507 52.385503,4.906397 52.385363,4.906269 52.385236,4.906049 52.385074,4.905831 52.384953,4.901863 52.383158,4.902019 52.383032,4.899908 52.382077,4.899771 52.382116,4.892636 52.395403,4.882183 52.402676,4.882002 52.402534,4.878859 52.40589,4.874848 52.409533,4.8742 52.410018,4.872603 52.411123,4.871515 52.411787,4.869064 52.413128,4.865854 52.41458,4.865666 52.414616,4.85585 52.417493,4.858588 52.419653,4.859921 52.420526,4.859763 52.421164,4.857791 52.42385,4.857785 52.42435,4.858077 52.424855,4.862584 52.428984,4.862501 52.429668,4.867047 52.430602,4.868094 52.430424,4.870127 52.42897,4.873979 52.425335,4.874515 52.424241,4.873334 52.422958,4.871627 52.422128,4.869548 52.420979,4.866891 52.418274))";"POLYGON((52.418274 4.866891,52.417224 4.870451,52.417342 4.870667,52.417321 4.870683,52.416272 4.872922,52.4162 4.873117,52.416144 4.873363,52.416125 4.873528,52.416122 4.873747,52.416144 4.873994,52.416162 4.874069,52.416184 4.874102,52.415946 4.874067,52.415284 4.875387,52.415169 4.875581,52.415096 4.875726,52.41486 4.876222,52.412279 4.881511,52.408563 4.889458,52.408286 4.890034,52.406887 4.892564,52.406323 4.892191,52.401237 4.900187,52.401481 4.900531,52.400825 4.901908,52.402502 4.903628,52.402076 4.904732,52.402082 4.90474,52.402074 4.904765,52.402054 4.904811,52.402049 4.904804,52.401634 4.90589,52.401504 4.90616,52.40138 4.906485,52.401375 4.90648,52.400715 4.908217,52.400691 4.908502,52.400637 4.908888,52.400471 4.910234,52.400509 4.911186,52.40017 4.911236,52.400011 4.911304,52.399949 4.910833,52.399926 4.910444,52.399876 4.910142,52.399849 4.909838,52.399785 4.909367,52.39977 4.909314,52.399736 4.909269,52.399635 4.909288,52.398502 4.909938,52.398378 4.910033,52.398208 4.910128,52.398231 4.910208,52.398356 4.9108,52.398322 4.910854,52.398268 4.91086,52.398011 4.911216,52.397663 4.911634,52.397464 4.911834,52.397282 4.911999,52.397031 4.912202,52.396805 4.91236,52.396593 4.912484,52.396361 4.912603,52.396417 4.912912,52.396277 4.912969,52.395931 4.913085,52.395898 4.912766,52.395306 4.912902,52.395013 4.912939,52.394737 4.91293,52.394517 4.912894,52.394421 4.912444,52.394409 4.912416,52.394395 4.912413,52.393986 4.912644,52.393709 4.912847,52.393643 4.912871,52.393644 4.912878,52.393376 4.912961,52.393384 4.912651,52.393175 4.91267,52.393082 4.912665,52.392853 4.9126,52.392761 4.91256,52.392635 4.912485,52.392561 4.912432,52.392386 4.912262,52.392379 4.912281,52.391667 4.911548,52.391652 4.911513,52.391674 4.911432,52.391727 4.911295,52.391731 4.9113,52.391797 4.911132,52.391804 4.911138,52.391997 4.910644,52.391983 4.910629,52.392365 4.909623,52.392374 4.909631,52.39239 4.909567,52.392821 4.908453,52.392835 4.908434,52.392841 4.908403,52.392831 4.908378,52.393009 4.907959,52.391555 4.90646,52.391298 4.906227,52.391014 4.906017,52.390744 4.905867,52.390525 4.905771,52.390356 4.905712,52.390157 4.905665,52.389844 4.905627,52.389572 4.905631,52.389296 4.905667,52.389012 4.905748,52.388446 4.906009,52.386618 4.906916,52.386459 4.906962,52.386382 4.90697,52.386273 4.906961,52.386122 4.906916,52.385503 4.906507,52.385363 4.906397,52.385236 4.906269,52.385074 4.906049,52.384953 4.905831,52.383158 4.901863,52.383032 4.902019,52.382077 4.899908,52.382116 4.899771,52.395403 4.892636,52.402676 4.882183,52.402534 4.882002,52.40589 4.878859,52.409533 4.874848,52.410018 4.8742,52.411123 4.872603,52.411787 4.871515,52.413128 4.869064,52.41458 4.865854,52.414616 4.865666,52.417493 4.85585,52.419653 4.858588,52.420526 4.859921,52.421164 4.859763,52.42385 4.857791,52.42435 4.857785,52.424855 4.858077,52.428984 4.862584,52.429668 4.862501,52.430602 4.867047,52.430424 4.868094,52.42897 4.870127,52.425335 4.873979,52.424241 4.874515,52.422958 4.873334,52.422128 4.871627,52.420979 4.869548,52.418274 4.866891))";4.8844726;52.40633265;
27;1;"Museumplein en omgeving";"Cultuurhistorische verkenning tbv herinrichting openbare ruimte.";2008;"Het Museumplein is door de eeuwen heen vaak van uiterlijk veranderd. Plein, park of veld? Lees meer over de discussies die aan de totstandkoming van het Museumkwartier en aan de latere wijzigingen vooraf gingen.";"http://www.amsterdam.nl/kunst-cultuur-sport/monumenten/publicaties-0/amsterdamse-0/amsterdamse/plein-park-veld/";"";"http://www.mapsbma.nl/CHV/foto/CHV Museumplein.JPG";"";"POLYGON((4.877155 52.360053,4.882285 52.361445,4.882283 52.361597,4.882953 52.361644,4.883599 52.361633,4.884274 52.361406,4.884551 52.361104,4.886803 52.359789,4.886657 52.359438,4.886622 52.35813,4.88656 52.357063,4.886684 52.354843,4.88675 52.353396,4.886534 52.352756,4.886565 52.35224,4.885172 52.352248,4.883653 52.352485,4.882656 52.352755,4.882206 52.352952,4.877155 52.360053))";"POLYGON((52.360053 4.877155,52.361445 4.882285,52.361597 4.882283,52.361644 4.882953,52.361633 4.883599,52.361406 4.884274,52.361104 4.884551,52.359789 4.886803,52.359438 4.886657,52.35813 4.886622,52.357063 4.88656,52.354843 4.886684,52.353396 4.88675,52.352756 4.886534,52.35224 4.886565,52.352248 4.885172,52.352485 4.883653,52.352755 4.882656,52.352952 4.882206,52.360053 4.877155))";4.881984;52.3569361;
28;1;"Middeleeuws stadshart: 1012";"Cultuurhistorische verkenning tbv herstructurering gebied";2009;"Er verandert veel in het middeleeuwse stadshart met de aanleg van de metro, de herinrichting van het Damrak en Rokin, en transformatie van gebouwen. Lees meer over de geschiedenis en karakteristieken van dit oudste stuk van Amsterdam.";"http://www.amsterdam.nl/kunst-cultuur-sport/monumenten/publicaties-0/amsterdamse-0/amsterdamse/artikel/";"";"http://www.mapsbma.nl/CHV/foto/CHV 1012.JPG";"";"POLYGON((4.895574 52.378902,4.895971 52.378713,4.896197 52.378586,4.896525 52.378384,4.896718 52.378219,4.89683 52.378108,4.897179 52.37767,4.897202 52.377668,4.897259 52.377608,4.897293 52.377606,4.897468 52.377486,4.897571 52.377445,4.898069 52.377154,4.898491 52.376828,4.899093 52.376475,4.899137 52.376505,4.899244 52.376534,4.899432 52.376636,4.899508 52.376625,4.899918 52.376348,4.900019 52.376372,4.900073 52.376394,4.900792 52.376602,4.901172 52.376673,4.901934 52.376779,4.902265 52.376456,4.90232 52.37644,4.902338 52.376419,4.902336 52.376397,4.902384 52.376358,4.900584 52.372797,4.900679 52.372681,4.900055 52.372487,4.899681 52.372045,4.899311 52.371587,4.897688 52.36988,4.895635 52.36767,4.895554 52.36744,4.894928 52.367312,4.894403 52.36729,4.893945 52.36732,4.893787 52.367255,4.893345 52.366958,4.893218 52.366899,4.89237 52.36689,4.891619 52.366913,4.891027 52.366979,4.89049 52.367063,4.890078 52.367138,4.889843 52.36723,4.889411 52.367546,4.889231 52.367596,4.888009 52.368486,4.887836 52.36872,4.887819 52.368791,4.888094 52.37014,4.888464 52.372135,4.889298 52.374452,4.889593 52.374757,4.891162 52.376168,4.891243 52.376226,4.891396 52.376399,4.893939 52.37871,4.893983 52.378766,4.894816 52.379335,4.8954 52.37898,4.895574 52.378902))";"POLYGON((52.378902 4.895574,52.378713 4.895971,52.378586 4.896197,52.378384 4.896525,52.378219 4.896718,52.378108 4.89683,52.37767 4.897179,52.377668 4.897202,52.377608 4.897259,52.377606 4.897293,52.377486 4.897468,52.377445 4.897571,52.377154 4.898069,52.376828 4.898491,52.376475 4.899093,52.376505 4.899137,52.376534 4.899244,52.376636 4.899432,52.376625 4.899508,52.376348 4.899918,52.376372 4.900019,52.376394 4.900073,52.376602 4.900792,52.376673 4.901172,52.376779 4.901934,52.376456 4.902265,52.37644 4.90232,52.376419 4.902338,52.376397 4.902336,52.376358 4.902384,52.372797 4.900584,52.372681 4.900679,52.372487 4.900055,52.372045 4.899681,52.371587 4.899311,52.36988 4.897688,52.36767 4.895635,52.36744 4.895554,52.367312 4.894928,52.36729 4.894403,52.36732 4.893945,52.367255 4.893787,52.366958 4.893345,52.366899 4.893218,52.36689 4.89237,52.366913 4.891619,52.366979 4.891027,52.367063 4.89049,52.367138 4.890078,52.36723 4.889843,52.367546 4.889411,52.367596 4.889231,52.368486 4.888009,52.36872 4.887836,52.368791 4.887819,52.37014 4.888094,52.372135 4.888464,52.374452 4.889298,52.374757 4.889593,52.376168 4.891162,52.376226 4.891243,52.376399 4.891396,52.37871 4.893939,52.378766 4.893983,52.379335 4.894816,52.37898 4.8954,52.378902 4.895574))";4.8951063;52.37310475;
29;1;"Food Center Amsterdam/ Centrale markthal";"Cultuurhistorische verkenning tbv gebiedsontwikkeling";2009;"De Centrale Markthallen werden in de 20ste eeuw aangelegd om de voedselhandel te reguleren. Centraal staat de Centrale Markthal met de koelhal. Hoe kan bij herontwikkeling en herbestemming restauratie en behoud van de monumentale waarden voorop staan?";"http://www.amsterdam.nl/kunst-cultuur-sport/monumenten/publicaties-0/amsterdamse-0/amsterdamse/artikel-b/";"";"http://www.mapsbma.nl/CHV/foto/CHV Centrale Markthal.JPG";"";"POLYGON((4.863064 52.377542,4.863665 52.377624,4.862771 52.380024,4.862793 52.380026,4.862163 52.381721,4.862541 52.381772,4.862684 52.381736,4.862783 52.381721,4.862887 52.381722,4.863 52.381738,4.863108 52.381762,4.863183 52.381791,4.863288 52.381849,4.863635 52.382103,4.86386 52.382286,4.863919 52.382431,4.863923 52.382454,4.863898 52.382546,4.863717 52.382855,4.863597 52.383157,4.86465 52.383302,4.864746 52.383279,4.864786 52.383255,4.864816 52.383218,4.864967 52.383236,4.865044 52.383035,4.865151 52.38305,4.865328 52.382605,4.86542 52.382563,4.865734 52.381723,4.86576 52.381726,4.865771 52.381698,4.865807 52.381702,4.865841 52.381614,4.867169 52.3818,4.867199 52.381718,4.867248 52.381727,4.867275 52.381648,4.867667 52.381702,4.86967 52.376311,4.869314 52.376053,4.868021 52.376409,4.868262 52.375762,4.867778 52.375808,4.866816 52.375736,4.864471 52.375462,4.863759 52.377369,4.863386 52.377317,4.863336 52.377448,4.863291 52.377492,4.863228 52.377524,4.863182 52.377537,4.863124 52.377544,4.863064 52.377542))";"POLYGON((52.377542 4.863064,52.377624 4.863665,52.380024 4.862771,52.380026 4.862793,52.381721 4.862163,52.381772 4.862541,52.381736 4.862684,52.381721 4.862783,52.381722 4.862887,52.381738 4.863,52.381762 4.863108,52.381791 4.863183,52.381849 4.863288,52.382103 4.863635,52.382286 4.86386,52.382431 4.863919,52.382454 4.863923,52.382546 4.863898,52.382855 4.863717,52.383157 4.863597,52.383302 4.86465,52.383279 4.864746,52.383255 4.864786,52.383218 4.864816,52.383236 4.864967,52.383035 4.865044,52.38305 4.865151,52.382605 4.865328,52.382563 4.86542,52.381723 4.865734,52.381726 4.86576,52.381698 4.865771,52.381702 4.865807,52.381614 4.865841,52.3818 4.867169,52.381718 4.867199,52.381727 4.867248,52.381648 4.867275,52.381702 4.867667,52.376311 4.86967,52.376053 4.869314,52.376409 4.868021,52.375762 4.868262,52.375808 4.867778,52.375736 4.866816,52.375462 4.864471,52.377369 4.863759,52.377317 4.863386,52.377448 4.863336,52.377492 4.863291,52.377524 4.863228,52.377537 4.863182,52.377544 4.863124,52.377542 4.863064))";4.8659215;52.3793742;
30;1;"Van der Pekbuurt";"Cultuurhistorische verkenning tbv herstructurering gebied";2013;"De Van der Pekbuurt was het eerste tuindorp van Amsterdam waarin nieuwe idee?n over de huisvesting van arbeiders werden vormgegeven. Bijzonder is dat de stedenbouwkundige opzet en architectonische uitwerking in handen was van ??n ontwerper.";"http://www.amsterdam.nl/kunst-cultuur-sport/monumenten/publicaties-0/amsterdamse-0/amsterdamse/pekbuurt-detail/";"";"http://www.mapsbma.nl/CHV/foto/CHV Van der Pek.JPG";"";"POLYGON((4.90702 52.391678,4.907242 52.391655,4.90808 52.3912,4.90861 52.391002,4.909056 52.390905,4.909665 52.39097,4.91007 52.391034,4.910635 52.39116,4.911002 52.391062,4.911714 52.39083,4.91324 52.388527,4.913102 52.388142,4.912841 52.38793,4.908557 52.386447,4.907378 52.386717,4.90628 52.388797,4.906065 52.389913,4.9063 52.390745,4.90702 52.391678))";"POLYGON((52.391678 4.90702,52.391655 4.907242,52.3912 4.90808,52.391002 4.90861,52.390905 4.909056,52.39097 4.909665,52.391034 4.91007,52.39116 4.910635,52.391062 4.911002,52.39083 4.911714,52.388527 4.91324,52.388142 4.913102,52.38793 4.912841,52.386447 4.908557,52.386717 4.907378,52.388797 4.90628,52.389913 4.906065,52.390745 4.9063,52.391678 4.90702))";4.9096575;52.3890559;
31;2;"Beursplein";"Cultuurhistorische verkenning tbv herinrichting openbare ruimte";2009;"Het Beursplein ligt in de voormalige bedding van de Amstel. Het huidige plein werd aan het begin van de twintigste eeuw ontworpen door H.P. Berlage samen met de nieuwe Beurs.";"http://www.amsterdam.nl/kunst-cultuur-sport/monumenten/publicaties-0/amsterdamse-0/amsterdamse/artikel-0/";"";"http://www.mapsbma.nl/CHV/foto/CHV Beursplein.JPG";"";"POLYGON((4.895286 52.374663,4.89591 52.374376,4.895702 52.374256,4.8951 52.373847,4.894609 52.3741,4.895286 52.374663))";"POLYGON((52.374663 4.895286,52.374376 4.89591,52.374256 4.895702,52.373847 4.8951,52.3741 4.894609,52.374663 4.895286))";4.8952644;52.37424915;
32;1;"Havenstraatterrein";"Cultuurhistorische verkenning voor bestemmingsplan";2012;"De aanwezigheid van de Haarlemmermeerspoorlijn en het emplacement hebben de structuur van dit  gebied bepaald. Het Haarlemmermeerstation, de directiewoning en het wisselwachtershuisje zijn cultuurhistorisch bijzondere objecten.";"http://www.amsterdam.nl/kunst-cultuur-sport/monumenten/publicaties-0/amsterdamse-0/amsterdamse/cultuurhistorische-1-6/?reload=true";"";"http://www.mapsbma.nl/CHV/foto/CHV HavenstraatSAA 010009015646.JPG";"";"POLYGON((4.85388 52.348299,4.854664 52.348765,4.8549 52.348899,4.854928 52.348894,4.85496 52.348916,4.854967 52.348929,4.854949 52.348946,4.854935 52.348949,4.854894 52.348923,4.854824 52.348967,4.85485 52.348999,4.85484 52.349021,4.8548 52.349041,4.854775 52.349045,4.854779 52.349106,4.854827 52.349118,4.85485 52.349146,4.854838 52.349181,4.854783 52.349214,4.856762 52.349701,4.856858 52.349463,4.857256 52.348718,4.857277 52.348623,4.856612 52.348611,4.856434 52.348528,4.856436 52.34849,4.856398 52.348491,4.856159 52.348439,4.856117 52.348421,4.854028 52.347453,4.854162 52.347084,4.854009 52.347066,4.854309 52.346428,4.854136 52.346397,4.853833 52.347042,4.852926 52.346918,4.852864 52.346847,4.85274 52.346778,4.852593 52.34671,4.852383 52.346557,4.852319 52.346535,4.852014 52.346287,4.851686 52.345999,4.851341 52.346114,4.851558 52.346356,4.851618 52.346458,4.851704 52.346513,4.851735 52.346553,4.851972 52.347084,4.852817 52.347634,4.852827 52.347627,4.85388 52.348299))";"POLYGON((52.348299 4.85388,52.348765 4.854664,52.348899 4.8549,52.348894 4.854928,52.348916 4.85496,52.348929 4.854967,52.348946 4.854949,52.348949 4.854935,52.348923 4.854894,52.348967 4.854824,52.348999 4.85485,52.349021 4.85484,52.349041 4.8548,52.349045 4.854775,52.349106 4.854779,52.349118 4.854827,52.349146 4.85485,52.349181 4.854838,52.349214 4.854783,52.349701 4.856762,52.349463 4.856858,52.348718 4.857256,52.348623 4.857277,52.348611 4.856612,52.348528 4.856434,52.34849 4.856436,52.348491 4.856398,52.348439 4.856159,52.348421 4.856117,52.347453 4.854028,52.347084 4.854162,52.347066 4.854009,52.346428 4.854309,52.346397 4.854136,52.347042 4.853833,52.346918 4.852926,52.346847 4.852864,52.346778 4.85274,52.34671 4.852593,52.346557 4.852383,52.346535 4.852319,52.346287 4.852014,52.345999 4.851686,52.346114 4.851341,52.346356 4.851558,52.346458 4.851618,52.346513 4.851704,52.346553 4.851735,52.347084 4.851972,52.347634 4.852817,52.347627 4.852827,52.348299 4.85388))";4.85431385;52.3478438;
33;1;"Overamstel";"Cultuurhistorische verkenning voor bestemmingsplan";2012;"Rond de gebouwen en parkachtige opzet van de voormalige Zuidergasfabriek, ontwikkelde na de oorlog een industriegebied. De A2 snijdt hierdoorheen  als entree van de stad. Het gebied ligt in de punt van de zuidelijk groene scheg.";"http://www.amsterdam.nl/kunst-cultuur-sport/monumenten/publicaties-0/amsterdamse-0/amsterdamse/cultuurhistorische-1-8/?reload=true";"";"http://www.mapsbma.nl/CHV/foto/CHV Overamstel.JPG";"";"POLYGON((4.927053 52.336139,4.926656 52.336019,4.927001 52.335715,4.925739 52.335293,4.924662 52.336582,4.923331 52.336139,4.923624 52.33479,4.923261 52.333893,4.922399 52.333186,4.920047 52.332455,4.916146 52.331279,4.914288 52.330777,4.912925 52.330561,4.91229 52.33484,4.912189 52.335449,4.911748 52.336074,4.909717 52.337188,4.908123 52.338114,4.911062 52.339211,4.91354 52.339923,4.914526 52.340612,4.916195 52.3414,4.916996 52.341915,4.92056 52.342711,4.921651 52.342296,4.927612 52.339618,4.927982 52.339402,4.926242 52.338802,4.927401 52.337538,4.926219 52.337132,4.927053 52.336139))";"POLYGON((52.336139 4.927053,52.336019 4.926656,52.335715 4.927001,52.335293 4.925739,52.336582 4.924662,52.336139 4.923331,52.33479 4.923624,52.333893 4.923261,52.333186 4.922399,52.332455 4.920047,52.331279 4.916146,52.330777 4.914288,52.330561 4.912925,52.33484 4.91229,52.335449 4.912189,52.336074 4.911748,52.337188 4.909717,52.338114 4.908123,52.339211 4.911062,52.339923 4.91354,52.340612 4.914526,52.3414 4.916195,52.341915 4.916996,52.342711 4.92056,52.342296 4.921651,52.339618 4.927612,52.339402 4.927982,52.338802 4.926242,52.337538 4.927401,52.337132 4.926219,52.336139 4.927053))";4.91805745;52.3366305;
34;1;"Fred. Roeskestraat";"Cultuurhistorische verkenning voor bestemmingsplan";2011;"Aan de Fred. Roeskestraat liggen onderwijsinstellingen, kantoren en begraafplaats Buitenveldert. Bijzonder is de brede groene oeverstrook langs het Zuidelijk Amstelkanaal.";"http://www.amsterdam.nl/kunst-cultuur-sport/monumenten/publicaties-0/amsterdamse-0/amsterdamse/cultuurhistorische-1-b/?reload=true";"";"http://www.mapsbma.nl/CHV/foto/CHV fred Roeskesstraat.JPG";"";"POLYGON((4.862345 52.342373,4.862741 52.342379,4.863423 52.342404,4.863446 52.342392,4.863461 52.34228,4.864542 52.342319,4.864651 52.341329,4.864505 52.341323,4.864524 52.341075,4.86445 52.341072,4.864456 52.341019,4.864506 52.341021,4.864534 52.340525,4.864637 52.339464,4.86357 52.339419,4.862948 52.339586,4.862406 52.339651,4.859516 52.339524,4.858272 52.339298,4.857997 52.33927,4.858002 52.339231,4.857158 52.339227,4.857142 52.339448,4.857177 52.339971,4.857364 52.340939,4.857462 52.341529,4.857435 52.341764,4.857319 52.342133,4.857894 52.342212,4.857946 52.342198,4.859298 52.342381,4.8595 52.342401,4.859713 52.342406,4.862345 52.342373))";"POLYGON((52.342373 4.862345,52.342379 4.862741,52.342404 4.863423,52.342392 4.863446,52.34228 4.863461,52.342319 4.864542,52.341329 4.864651,52.341323 4.864505,52.341075 4.864524,52.341072 4.86445,52.341019 4.864456,52.341021 4.864506,52.340525 4.864534,52.339464 4.864637,52.339419 4.86357,52.339586 4.862948,52.339651 4.862406,52.339524 4.859516,52.339298 4.858272,52.33927 4.857997,52.339231 4.858002,52.339227 4.857158,52.339448 4.857142,52.339971 4.857177,52.340939 4.857364,52.341529 4.857462,52.341764 4.857435,52.342133 4.857319,52.342212 4.857894,52.342198 4.857946,52.342381 4.859298,52.342401 4.8595,52.342406 4.859713,52.342373 4.862345))";4.8609016;52.3408095;
35;3;"Driehoek Kop Javaeiland";"Cultuurhistorische verkenning voor bestemmingsplan";2012;"Doordat alle historische bebouwing van het Java-eiland is verdwenen, rest alleen de stedenbouwkundige structuur. Waardevolle elementen zijn de kademuren met meerpalen, aanvaarbescherming en bolders.";"http://www.amsterdam.nl/kunst-cultuur-sport/monumenten/publicaties-0/amsterdamse-0/amsterdamse/cultuurhistorische-1-e/?reload=true";"";"http://www.mapsbma.nl/CHV/foto/CHV Kop Javaeiland.JPG";"";"POLYGON((4.921221 52.379531,4.922882 52.379721,4.923011 52.379291,4.923012 52.379211,4.922996 52.379165,4.922965 52.37917,4.922699 52.378676,4.920186 52.379111,4.920344 52.37943,4.921221 52.379531))";"POLYGON((52.379531 4.921221,52.379721 4.922882,52.379291 4.923011,52.379211 4.923012,52.379165 4.922996,52.37917 4.922965,52.378676 4.922699,52.379111 4.920186,52.37943 4.920344,52.379531 4.921221))";4.9216039;52.379193;
36;3;"Oosterdokseiland Noord";"Cultuurhistorische verkenning voor bestemmingsplan";2014;"Het Oosterdokseiland is ontstaan bij de aanleg van de Stationseilanden tussen 1872 en 1877. De bebouwing langs de De Ruijterkade dateert gedeeltelijk uit het einde van de negentiende eeuw.";"http://www.amsterdam.nl/kunst-cultuur-sport/monumenten/publicaties-0/amsterdamse-0/amsterdamse/cultuurhistorische-1-11/?reload=true";"";"http://www.mapsbma.nl/CHV/foto/CHV Oosterdokseiland Noord.JPG";"";"POLYGON((4.905457 52.379124,4.905711 52.379386,4.910647 52.378707,4.910982 52.376681,4.910935 52.376679,4.910923 52.376704,4.910613 52.376677,4.910616 52.376659,4.910604 52.37665,4.910447 52.376637,4.910378 52.376638,4.910368 52.376656,4.909382 52.376578,4.908886 52.376554,4.908109 52.376577,4.907622 52.3766,4.90728 52.376633,4.906501 52.376795,4.904724 52.377088,4.904469 52.377145,4.904154 52.377243,4.904113 52.377205,4.903888 52.377286,4.904431 52.377849,4.904514 52.37793,4.904657 52.378026,4.905104 52.378474,4.904895 52.37855,4.905457 52.379124))";"POLYGON((52.379124 4.905457,52.379386 4.905711,52.378707 4.910647,52.376681 4.910982,52.376679 4.910935,52.376704 4.910923,52.376677 4.910613,52.376659 4.910616,52.37665 4.910604,52.376637 4.910447,52.376638 4.910378,52.376656 4.910368,52.376578 4.909382,52.376554 4.908886,52.376577 4.908109,52.3766 4.907622,52.376633 4.90728,52.376795 4.906501,52.377088 4.904724,52.377145 4.904469,52.377243 4.904154,52.377205 4.904113,52.377286 4.903888,52.377849 4.904431,52.37793 4.904514,52.378026 4.904657,52.378474 4.905104,52.37855 4.904895,52.379124 4.905457))";4.90744015;52.37796275;
37;3;"Westertoegang De Ruyterkade";"Cultuurhistorische verkenning voor bestemmingsplan";2012;"Cultuurhistorische elementen in dit gebied zijn het uit geklonken ijzeren vakwerkkolommen opgebouwde spoorwegviaduct over de Westertoegang en de sluis met draaibrug die toegang geeft tot het Westerdok en de Westelijke Grachtengordel.";"http://www.amsterdam.nl/kunst-cultuur-sport/monumenten/publicaties-0/amsterdamse-0/amsterdamse/cultuurhistorische-1-a/?reload=true";"";"http://www.mapsbma.nl/CHV/foto/CHV Westertoegang Ruyterkade.JPG";"";"POLYGON((4.893453 52.383053,4.895878 52.383444,4.897647 52.382259,4.896523 52.381118,4.89645 52.381094,4.895625 52.380258,4.89542 52.380332,4.89593 52.380854,4.895984 52.380977,4.89591 52.381053,4.895993 52.381394,4.89596 52.381395,4.895967 52.381428,4.895919 52.381444,4.895935 52.381463,4.895758 52.381525,4.895832 52.381601,4.895336 52.38178,4.89544 52.381886,4.895018 52.382188,4.895101 52.38223,4.894578 52.382598,4.89453 52.382628,4.894429 52.382669,4.894277 52.382707,4.894152 52.38272,4.893928 52.382717,4.893787 52.382703,4.893702 52.38268,4.893675 52.382713,4.893552 52.382679,4.893586 52.382636,4.893526 52.382617,4.893509 52.382641,4.892992 52.382604,4.892838 52.382952,4.893453 52.383053))";"POLYGON((52.383053 4.893453,52.383444 4.895878,52.382259 4.897647,52.381118 4.896523,52.381094 4.89645,52.380258 4.895625,52.380332 4.89542,52.380854 4.89593,52.380977 4.895984,52.381053 4.89591,52.381394 4.895993,52.381395 4.89596,52.381428 4.895967,52.381444 4.895919,52.381463 4.895935,52.381525 4.895758,52.381601 4.895832,52.38178 4.895336,52.381886 4.89544,52.382188 4.895018,52.38223 4.895101,52.382598 4.894578,52.382628 4.89453,52.382669 4.894429,52.382707 4.894277,52.38272 4.894152,52.382717 4.893928,52.382703 4.893787,52.38268 4.893702,52.382713 4.893675,52.382679 4.893552,52.382636 4.893586,52.382617 4.893526,52.382641 4.893509,52.382604 4.892992,52.382952 4.892838,52.383053 4.893453))";4.89524745;52.3818442;
38;1;"Kenniskwartier / VU-terrein";"Cultuurhistorische verkenning voor bestemmingsplan";2012;"Het huidige terrein van de Vrije Universiteit (VU) heeft de universiteit gekocht in 1953. De universiteit was ontstaan uit een particulier initiatief in 1880. De campus-opzet is typerend voor de jaren zestig en zeventig.";"http://www.amsterdam.nl/kunst-cultuur-sport/monumenten/publicaties-0/amsterdamse-0/amsterdamse/cultuurhistorische-1-f/?reload=true";"";"http://www.mapsbma.nl/CHV/foto/CHV Kenniskwartier SAA.JPG";"";"POLYGON((4.862044 52.336387,4.862041 52.336786,4.862525 52.336788,4.862525 52.336815,4.862758 52.336816,4.862762 52.336511,4.863803 52.336514,4.863815 52.335027,4.864588 52.335022,4.866439 52.33494,4.866912 52.334933,4.869192 52.334937,4.869231 52.33217,4.86199 52.332164,4.861968 52.334917,4.862056 52.334917,4.862044 52.336387))";"POLYGON((52.336387 4.862044,52.336786 4.862041,52.336788 4.862525,52.336815 4.862525,52.336816 4.862758,52.336511 4.862762,52.336514 4.863803,52.335027 4.863815,52.335022 4.864588,52.33494 4.866439,52.334933 4.866912,52.334937 4.869192,52.33217 4.869231,52.332164 4.86199,52.334917 4.861968,52.334917 4.862056,52.336387 4.862044))";4.8656046;52.33448285;
39;1;"Baarsjes";"";0;"Informatie volgt";"";"";"";"";"POLYGON((4.865114 52.370176,4.86061 52.365219,4.860034 52.364571,4.860081 52.364558,4.859898 52.364337,4.859373 52.363754,4.859336 52.363767,4.857493 52.361643,4.8574 52.361506,4.857274 52.361148,4.857023 52.360558,4.856945 52.360422,4.854781 52.357747,4.853897 52.358017,4.853583 52.35809,4.853405 52.358066,4.853008 52.357981,4.852844 52.357932,4.852718 52.357912,4.852511 52.357901,4.852176 52.357915,4.850575 52.357904,4.850042 52.357915,4.848891 52.357906,4.848886 52.360749,4.849515 52.360942,4.849461 52.363354,4.849549 52.363465,4.851622 52.36349,4.851612 52.363838,4.85188 52.363845,4.852166 52.363879,4.852151 52.364251,4.851309 52.364246,4.851295 52.365336,4.850401 52.365332,4.850386 52.365368,4.850323 52.365358,4.848678 52.368925,4.848707 52.368951,4.848359 52.369708,4.848557 52.369743,4.847151 52.37244,4.849314 52.372806,4.849878 52.372912,4.851123 52.373164,4.852926 52.373483,4.853148 52.373547,4.853266 52.373593,4.854685 52.374179,4.854875 52.37424,4.855075 52.374283,4.855532 52.374332,4.85856 52.37469,4.858825 52.374674,4.864471 52.375409,4.86472 52.374757,4.864942 52.374454,4.867228 52.372524,4.865114 52.370176))";"POLYGON((52.370176 4.865114,52.365219 4.86061,52.364571 4.860034,52.364558 4.860081,52.364337 4.859898,52.363754 4.859373,52.363767 4.859336,52.361643 4.857493,52.361506 4.8574,52.361148 4.857274,52.360558 4.857023,52.360422 4.856945,52.357747 4.854781,52.358017 4.853897,52.35809 4.853583,52.358066 4.853405,52.357981 4.853008,52.357932 4.852844,52.357912 4.852718,52.357901 4.852511,52.357915 4.852176,52.357904 4.850575,52.357915 4.850042,52.357906 4.848891,52.360749 4.848886,52.360942 4.849515,52.363354 4.849461,52.363465 4.849549,52.36349 4.851622,52.363838 4.851612,52.363845 4.85188,52.363879 4.852166,52.364251 4.852151,52.364246 4.851309,52.365336 4.851295,52.365332 4.850401,52.365368 4.850386,52.365358 4.850323,52.368925 4.848678,52.368951 4.848707,52.369708 4.848359,52.369743 4.848557,52.37244 4.847151,52.372806 4.849314,52.372912 4.849878,52.373164 4.851123,52.373483 4.852926,52.373547 4.853148,52.373593 4.853266,52.374179 4.854685,52.37424 4.854875,52.374283 4.855075,52.374332 4.855532,52.37469 4.85856,52.374674 4.858825,52.375409 4.864471,52.374757 4.86472,52.374454 4.864942,52.372524 4.867228,52.370176 4.865114))";4.8571944;52.36657015;
40;1;"Oud West";"Cultuurhistorische verkenning voor bestemmingsplan";2015;"De stedenbouwkundige structuur van Oud West is bepaald door de voormalige landschappelijke verkaveling van de Godshuis- en Stadhuispolder. De bebouwing bestaat voornamelijk uit gesloten bouwblokken van meestal vier lagen hoog en kwam na 1850 tot stand. ";"https://www.amsterdam.nl/kunst-cultuur/monumenten/publicaties/amsterdamse-0/cultuurhistorische-2-0/";"";"https://www.amsterdam.nl/publish/pages/792361/af_20160811publicatiechvoudwest_20.png";"";"POLYGON((4.863932 52.368873,4.866365 52.371562,4.869203 52.372142,4.871665 52.372633,4.874066 52.373145,4.875458 52.373431,4.875386 52.373202,4.875266 52.373018,4.875035 52.372824,4.874697 52.372581,4.874548 52.372397,4.874467 52.372246,4.874442 52.372137,4.87447 52.371986,4.875007 52.37076,4.875507 52.369858,4.875647 52.369532,4.8758 52.369357,4.876144 52.369089,4.876488 52.368898,4.876709 52.368683,4.877225 52.367873,4.877296 52.367565,4.877312 52.367313,4.877374 52.367098,4.877482 52.366863,4.877635 52.366687,4.877787 52.366538,4.87804 52.36636,4.878397 52.366165,4.878624 52.366005,4.878765 52.365878,4.878867 52.365772,4.87896 52.365656,4.879105 52.365435,4.879186 52.365253,4.879283 52.36477,4.879314 52.364494,4.879412 52.364243,4.879583 52.364063,4.879754 52.363958,4.880484 52.363721,4.880851 52.363534,4.881121 52.363354,4.881389 52.363142,4.881457 52.363046,4.881516 52.362931,4.881577 52.362757,4.881621 52.362501,4.88166 52.362408,4.881715 52.362315,4.881797 52.362225,4.881886 52.362155,4.882097 52.362049,4.880603 52.361624,4.878586 52.361086,4.877454 52.360772,4.877224 52.361079,4.876756 52.360951,4.876889 52.360758,4.876916 52.360766,4.876968 52.360751,4.876984 52.360727,4.876632 52.360574,4.876556 52.360672,4.876566 52.360689,4.876496 52.360792,4.876259 52.36073,4.876185 52.360798,4.875869 52.360709,4.875826 52.360762,4.875612 52.360809,4.875516 52.36072,4.875401 52.360667,4.875262 52.360663,4.875154 52.360707,4.87503 52.360776,4.874606 52.360903,4.874395 52.360919,4.874312 52.360939,4.874219 52.360949,4.874029 52.361001,4.874019 52.361011,4.873837 52.360963,4.873846 52.360921,4.87383 52.36085,4.873751 52.360773,4.873706 52.360754,4.873655 52.360741,4.873313 52.360746,4.873017 52.360637,4.872455 52.360469,4.87218 52.360401,4.871902 52.360346,4.871761 52.360333,4.871541 52.360349,4.87139 52.360562,4.871261 52.36053,4.871315 52.360349,4.871302 52.360312,4.871247 52.360275,4.870863 52.360186,4.870058 52.35998,4.869963 52.36011,4.868152 52.359636,4.866331 52.359212,4.86368 52.358574,4.863425 52.358518,4.861754 52.358111,4.859784 52.357602,4.85908 52.357431,4.855085 52.356401,4.854123 52.356515,4.85433 52.357175,4.85494 52.357947,4.856945 52.360422,4.857023 52.360558,4.857274 52.361148,4.8574 52.361506,4.857493 52.361643,4.860126 52.364675,4.86061 52.365219,4.863932 52.368873))";"POLYGON((52.368873 4.863932,52.371562 4.866365,52.372142 4.869203,52.372633 4.871665,52.373145 4.874066,52.373431 4.875458,52.373202 4.875386,52.373018 4.875266,52.372824 4.875035,52.372581 4.874697,52.372397 4.874548,52.372246 4.874467,52.372137 4.874442,52.371986 4.87447,52.37076 4.875007,52.369858 4.875507,52.369532 4.875647,52.369357 4.8758,52.369089 4.876144,52.368898 4.876488,52.368683 4.876709,52.367873 4.877225,52.367565 4.877296,52.367313 4.877312,52.367098 4.877374,52.366863 4.877482,52.366687 4.877635,52.366538 4.877787,52.36636 4.87804,52.366165 4.878397,52.366005 4.878624,52.365878 4.878765,52.365772 4.878867,52.365656 4.87896,52.365435 4.879105,52.365253 4.879186,52.36477 4.879283,52.364494 4.879314,52.364243 4.879412,52.364063 4.879583,52.363958 4.879754,52.363721 4.880484,52.363534 4.880851,52.363354 4.881121,52.363142 4.881389,52.363046 4.881457,52.362931 4.881516,52.362757 4.881577,52.362501 4.881621,52.362408 4.88166,52.362315 4.881715,52.362225 4.881797,52.362155 4.881886,52.362049 4.882097,52.361624 4.880603,52.361086 4.878586,52.360772 4.877454,52.361079 4.877224,52.360951 4.876756,52.360758 4.876889,52.360766 4.876916,52.360751 4.876968,52.360727 4.876984,52.360574 4.876632,52.360672 4.876556,52.360689 4.876566,52.360792 4.876496,52.36073 4.876259,52.360798 4.876185,52.360709 4.875869,52.360762 4.875826,52.360809 4.875612,52.36072 4.875516,52.360667 4.875401,52.360663 4.875262,52.360707 4.875154,52.360776 4.87503,52.360903 4.874606,52.360919 4.874395,52.360939 4.874312,52.360949 4.874219,52.361001 4.874029,52.361011 4.874019,52.360963 4.873837,52.360921 4.873846,52.36085 4.87383,52.360773 4.873751,52.360754 4.873706,52.360741 4.873655,52.360746 4.873313,52.360637 4.873017,52.360469 4.872455,52.360401 4.87218,52.360346 4.871902,52.360333 4.871761,52.360349 4.871541,52.360562 4.87139,52.36053 4.871261,52.360349 4.871315,52.360312 4.871302,52.360275 4.871247,52.360186 4.870863,52.35998 4.870058,52.36011 4.869963,52.359636 4.868152,52.359212 4.866331,52.358574 4.86368,52.358518 4.863425,52.358111 4.861754,52.357602 4.859784,52.357431 4.85908,52.356401 4.855085,52.356515 4.854123,52.357175 4.85433,52.357947 4.85494,52.360422 4.856945,52.360558 4.857023,52.361148 4.857274,52.361506 4.8574,52.361643 4.857493,52.364675 4.860126,52.365219 4.86061,52.368873 4.863932))";4.86811495;52.36490885;
41;1;"Cruquius";"Cultuurhistorische verkenning voor bestemmingsplan";2012;"Naast de resterende structuren en gebouwen van de veemarkt en het abattoir bevindt zich in dit gebied een aantal stedenbouwkundige elementen dat herinnert aan de complexe waterhuishouding en riolering van de historische stad.";"http://www.amsterdam.nl/kunst-cultuur-sport/monumenten/publicaties-0/amsterdamse-0/amsterdamse/cultuurhistorische-1-4/?reload=true";"";"http://www.mapsbma.nl/CHV/foto/CHV Cruquius.JPG";"";"POLYGON((4.93276 52.368763,4.932891 52.369177,4.932928 52.369356,4.932951 52.369694,4.934589 52.3697,4.934858 52.369793,4.935033 52.369834,4.935215 52.369859,4.935399 52.36987,4.936075 52.369884,4.936048 52.371082,4.938236 52.3711,4.938737 52.371134,4.938756 52.370292,4.939461 52.370311,4.940081 52.370376,4.940215 52.369891,4.95281 52.371286,4.952948 52.371452,4.953878 52.372429,4.954002 52.372513,4.954208 52.37263,4.954427 52.372738,4.954663 52.372832,4.954909 52.372917,4.955165 52.372987,4.955432 52.373044,4.955703 52.373087,4.955688 52.37316,4.955567 52.373298,4.95519 52.373715,4.954793 52.374124,4.954375 52.374526,4.953936 52.374921,4.953351 52.375424,4.953244 52.375549,4.953158 52.375679,4.952964 52.376143,4.953449 52.375982,4.953745 52.37586,4.954167 52.375671,4.954468 52.375548,4.954817 52.375358,4.954931 52.375257,4.955025 52.375132,4.955534 52.374118,4.957617 52.365769,4.957268 52.36573,4.956884 52.367314,4.956044 52.3672,4.954951 52.366876,4.953678 52.366719,4.952484 52.366698,4.941549 52.366662,4.934866 52.366606,4.932059 52.366535,4.932075 52.366563,4.931585 52.366559,4.93219 52.367561,4.93214 52.367581,4.932105 52.367629,4.932651 52.368552,4.93276 52.368763))";"POLYGON((52.368763 4.93276,52.369177 4.932891,52.369356 4.932928,52.369694 4.932951,52.3697 4.934589,52.369793 4.934858,52.369834 4.935033,52.369859 4.935215,52.36987 4.935399,52.369884 4.936075,52.371082 4.936048,52.3711 4.938236,52.371134 4.938737,52.370292 4.938756,52.370311 4.939461,52.370376 4.940081,52.369891 4.940215,52.371286 4.95281,52.371452 4.952948,52.372429 4.953878,52.372513 4.954002,52.37263 4.954208,52.372738 4.954427,52.372832 4.954663,52.372917 4.954909,52.372987 4.955165,52.373044 4.955432,52.373087 4.955703,52.37316 4.955688,52.373298 4.955567,52.373715 4.95519,52.374124 4.954793,52.374526 4.954375,52.374921 4.953936,52.375424 4.953351,52.375549 4.953244,52.375679 4.953158,52.376143 4.952964,52.375982 4.953449,52.37586 4.953745,52.375671 4.954167,52.375548 4.954468,52.375358 4.954817,52.375257 4.954931,52.375132 4.955025,52.374118 4.955534,52.365769 4.957617,52.36573 4.957268,52.367314 4.956884,52.3672 4.956044,52.366876 4.954951,52.366719 4.953678,52.366698 4.952484,52.366662 4.941549,52.366606 4.934866,52.366535 4.932059,52.366563 4.932075,52.366559 4.931585,52.367561 4.93219,52.367581 4.93214,52.367629 4.932105,52.368552 4.932651,52.368763 4.93276))";4.9446058;52.37093035;
42;3;"Oostelijk Havengebied Noord";"Cultuurhistorische verkenning voor bestemmingsplan";2012;"Rond het midden van de jaren zeventig is om economische en praktische redenen een einde gekomen aan de meeste havenactiviteiten die sinds de tweede helft van de negentiende eeuw hier plaatsvonden. Nog enkele elementen getuigen van die geschiedenis.";"http://www.amsterdam.nl/kunst-cultuur-sport/monumenten/publicaties-0/amsterdamse-0/amsterdamse/cultuurhistorische-1-5/?reload=true";"";"http://www.mapsbma.nl/CHV/foto/CHV Oostelijk Havengebied.JPG";"";"MULTIPOLYGON(((4.951311 52.379473,4.951927 52.377925,4.952568 52.376567,4.951138 52.376526,4.949779 52.375902,4.939734 52.375152,4.939681 52.375227,4.939516 52.375567,4.937162 52.3755,4.932664 52.376283,4.932009 52.374891,4.929186 52.375365,4.928372 52.373697,4.929497 52.373415,4.929637 52.373368,4.929176 52.373491,4.928348 52.373655,4.928313 52.373635,4.928003 52.373713,4.928044 52.373777,4.927941 52.373802,4.928907 52.375212,4.92873 52.375266,4.927069 52.37556,4.925459 52.375835,4.923092 52.376204,4.918565 52.376854,4.918595 52.37705,4.91882 52.377548,4.918725 52.377563,4.918789 52.377689,4.931614 52.375458,4.931687 52.375829,4.921977 52.377582,4.922588 52.378697,4.922699 52.378676,4.922965 52.37917,4.922996 52.379165,4.923016 52.379255,4.923011 52.379291,4.922935 52.379544,4.924466 52.379721,4.924887 52.381322,4.930677 52.382284,4.932342 52.382384,4.93587 52.38249,4.939831 52.382505,4.95478 52.382504,4.953471 52.382281,4.952343 52.381829,4.951603 52.381159,4.951384 52.380415,4.951311 52.379473)),((4.916816 52.377906,4.916736 52.37773,4.916487 52.377768,4.916221 52.377162,4.914613 52.377366,4.914604 52.377406,4.912823 52.377535,4.912815 52.377447,4.911605 52.37753,4.91123 52.379022,4.914041 52.378528,4.913994 52.3784,4.914049 52.378381,4.916816 52.377906)))";"MULTIPOLYGON(((52.379473 4.951311,52.377925 4.951927,52.376567 4.952568,52.376526 4.951138,52.375902 4.949779,52.375152 4.939734,52.375227 4.939681,52.375567 4.939516,52.3755 4.937162,52.376283 4.932664,52.374891 4.932009,52.375365 4.929186,52.373697 4.928372,52.373415 4.929497,52.373368 4.929637,52.373491 4.929176,52.373655 4.928348,52.373635 4.928313,52.373713 4.928003,52.373777 4.928044,52.373802 4.927941,52.375212 4.928907,52.375266 4.92873,52.37556 4.927069,52.375835 4.925459,52.376204 4.923092,52.376854 4.918565,52.37705 4.918595,52.377548 4.91882,52.377563 4.918725,52.377689 4.918789,52.375458 4.931614,52.375829 4.931687,52.377582 4.921977,52.378697 4.922588,52.378676 4.922699,52.37917 4.922965,52.379165 4.922996,52.379255 4.923016,52.379291 4.923011,52.379544 4.922935,52.379721 4.924466,52.381322 4.924887,52.382284 4.930677,52.382384 4.932342,52.38249 4.93587,52.382505 4.939831,52.382504 4.95478,52.382281 4.953471,52.381829 4.952343,52.381159 4.951603,52.380415 4.951384,52.379473 4.951311)),((52.377906 4.916816,52.37773 4.916736,52.377768 4.916487,52.377162 4.916221,52.377366 4.914613,52.377406 4.914604,52.377535 4.912823,52.377447 4.912815,52.37753 4.911605,52.379022 4.91123,52.378528 4.914041,52.3784 4.913994,52.378381 4.914049,52.377906 4.916816)))";4.9330101;52.3779284;
43;1;"Stadion- en Beethovenbuurt";"Cultuurhistorische verkenning voor bestemmingsplan";2012;"Deze buurt kwam tot stand op basis van het Uitbreidingsplan Plan Zuid van H.P. Berlage uit 1917. Het is het eerste grote uitbreidingsplan waarin de beplanting van straten, lanen en oevers een integraal onderdeel zijn van het stedenbouwkundig ontwerp.";"http://www.amsterdam.nl/kunst-cultuur-sport/monumenten/publicaties-0/amsterdamse-0/amsterdamse/cultuurhistorische-1-7/?reload=true";"";"http://www.mapsbma.nl/CHV/foto/CHV Stadion Beethovenbuurt.JPG";"";"POLYGON((4.863723 52.350281,4.865125 52.350647,4.865469 52.350731,4.870382 52.352026,4.870744 52.352089,4.873131 52.352182,4.87353 52.352179,4.878841 52.351232,4.879268 52.351145,4.883689 52.350345,4.884648 52.349661,4.88493 52.349449,4.886318 52.348464,4.885739 52.344365,4.885722 52.344358,4.885562 52.344365,4.885543 52.344349,4.885496 52.34434,4.88547 52.344344,4.885436 52.344365,4.885349 52.344374,4.885099 52.344385,4.884728 52.344387,4.884461 52.3444,4.884196 52.344419,4.883857 52.344461,4.8836 52.344508,4.883552 52.34433,4.883245 52.344344,4.883105 52.344372,4.882931 52.344428,4.882639 52.344564,4.882499 52.344645,4.882348 52.344772,4.882397 52.344797,4.882417 52.344895,4.882571 52.344974,4.882428 52.345083,4.882257 52.344994,4.881978 52.345009,4.881819 52.345061,4.881625 52.345199,4.881594 52.345251,4.881462 52.345347,4.881605 52.345428,4.881609 52.3455,4.881551 52.345499,4.88153 52.345489,4.881355 52.345627,4.88126 52.345574,4.881213 52.345607,4.881183 52.345602,4.88113 52.34561,4.881086 52.345634,4.881073 52.345664,4.881083 52.345682,4.881069 52.345708,4.880884 52.34586,4.878379 52.344661,4.871256 52.344392,4.866896 52.343829,4.86315 52.342538,4.859414 52.342536,4.858028 52.342351,4.857703 52.343144,4.858731 52.343285,4.858552 52.343797,4.860194 52.34402,4.860014 52.344528,4.858366 52.344294,4.858164 52.344835,4.858974 52.344936,4.858825 52.34538,4.857995 52.345261,4.857982 52.345298,4.855577 52.344951,4.85428 52.344771,4.851577 52.344428,4.851482 52.344902,4.851463 52.345142,4.851463 52.345244,4.851482 52.345357,4.851529 52.345463,4.851677 52.345717,4.851767 52.345848,4.851848 52.345939,4.852138 52.346203,4.852291 52.346321,4.852535 52.346477,4.852742 52.346601,4.853093 52.346747,4.853498 52.346842,4.85393 52.346916,4.856247 52.347229,4.85622 52.347364,4.856176 52.348402,4.856159 52.348439,4.856398 52.348491,4.856436 52.34849,4.856434 52.348528,4.856612 52.348611,4.857277 52.348623,4.857256 52.348718,4.856858 52.349463,4.856762 52.349701,4.857785 52.349959,4.857905 52.349944,4.860919 52.350755,4.861615 52.349728,4.863723 52.350281))";"POLYGON((52.350281 4.863723,52.350647 4.865125,52.350731 4.865469,52.352026 4.870382,52.352089 4.870744,52.352182 4.873131,52.352179 4.87353,52.351232 4.878841,52.351145 4.879268,52.350345 4.883689,52.349661 4.884648,52.349449 4.88493,52.348464 4.886318,52.344365 4.885739,52.344358 4.885722,52.344365 4.885562,52.344349 4.885543,52.34434 4.885496,52.344344 4.88547,52.344365 4.885436,52.344374 4.885349,52.344385 4.885099,52.344387 4.884728,52.3444 4.884461,52.344419 4.884196,52.344461 4.883857,52.344508 4.8836,52.34433 4.883552,52.344344 4.883245,52.344372 4.883105,52.344428 4.882931,52.344564 4.882639,52.344645 4.882499,52.344772 4.882348,52.344797 4.882397,52.344895 4.882417,52.344974 4.882571,52.345083 4.882428,52.344994 4.882257,52.345009 4.881978,52.345061 4.881819,52.345199 4.881625,52.345251 4.881594,52.345347 4.881462,52.345428 4.881605,52.3455 4.881609,52.345499 4.881551,52.345489 4.88153,52.345627 4.881355,52.345574 4.88126,52.345607 4.881213,52.345602 4.881183,52.34561 4.88113,52.345634 4.881086,52.345664 4.881073,52.345682 4.881083,52.345708 4.881069,52.34586 4.880884,52.344661 4.878379,52.344392 4.871256,52.343829 4.866896,52.342538 4.86315,52.342536 4.859414,52.342351 4.858028,52.343144 4.857703,52.343285 4.858731,52.343797 4.858552,52.34402 4.860194,52.344528 4.860014,52.344294 4.858366,52.344835 4.858164,52.344936 4.858974,52.34538 4.858825,52.345261 4.857995,52.345298 4.857982,52.344951 4.855577,52.344771 4.85428,52.344428 4.851577,52.344902 4.851482,52.345142 4.851463,52.345244 4.851463,52.345357 4.851482,52.345463 4.851529,52.345717 4.851677,52.345848 4.851767,52.345939 4.851848,52.346203 4.852138,52.346321 4.852291,52.346477 4.852535,52.346601 4.852742,52.346747 4.853093,52.346842 4.853498,52.346916 4.85393,52.347229 4.856247,52.347364 4.85622,52.348402 4.856176,52.348439 4.856159,52.348491 4.856398,52.34849 4.856436,52.348528 4.856434,52.348611 4.856612,52.348623 4.857277,52.348718 4.857256,52.349463 4.856858,52.349701 4.856762,52.349959 4.857785,52.349944 4.857905,52.350755 4.860919,52.349728 4.861615,52.350281 4.863723))";4.8688955;52.34725825;
44;1;"Haven Stad";"Cultuurhistorische verkenning tbv gebiedsontwikkeling";2009;"Dit gebied biedt een schat aan prestedelijke en industriele elementen en is van  betekenis voor de historisch gegroeide morfologie van Amsterdamse havens. Lees verder over de (te verwachten) onder- en bovengrondse cultuurhistorische waarden.";"http://www.amsterdam.nl/kunst-cultuur-sport/monumenten/publicaties-0/amsterdamse-0/amsterdamse/artikel-c/";"";"http://www.mapsbma.nl/CHV/foto/CHV HavenStad.JPG";"";"POLYGON((4.867047 52.430602,4.867916 52.430454,4.868211 52.430504,4.870625 52.430373,4.873214 52.428480,4.877135 52.425883,4.880252 52.425278,4.884375 52.425342,4.887408 52.425546,4.888738 52.424742,4.884782 52.423870,4.883075 52.423386,4.883257 52.421058,4.877366 52.419273,4.875129 52.417599,4.874441 52.416596,4.874368 52.415798,4.875387 52.415284,4.875581 52.415169,4.875726 52.415096,4.876222 52.414860,4.881511 52.412279,4.889458 52.408563,4.890034 52.408286,4.892564 52.406887,4.892191 52.406323,4.893664 52.404693,4.900531 52.401481,4.901908 52.400825,4.903628 52.402502,4.904732 52.402076,4.904740 52.402082,4.904765 52.402074,4.904811 52.402054,4.904804 52.402049,4.905890 52.401634,4.906160 52.401504,4.906485 52.401380,4.906480 52.401375,4.908217 52.400715,4.908502 52.400691,4.908888 52.400637,4.910234 52.400471,4.911186 52.400509,4.911236 52.400170,4.911304 52.400011,4.910833 52.399949,4.910444 52.399926,4.910142 52.399876,4.909838 52.399849,4.909367 52.399785,4.909314 52.399770,4.909269 52.399736,4.909288 52.399635,4.909938 52.398502,4.910033 52.398378,4.910128 52.398208,4.910208 52.398231,4.910800 52.398356,4.910854 52.398322,4.910860 52.398268,4.911216 52.398011,4.911634 52.397663,4.911834 52.397464,4.911999 52.397282,4.912202 52.397031,4.912360 52.396805,4.912484 52.396593,4.912603 52.396361,4.912912 52.396417,4.912969 52.396277,4.913085 52.395931,4.912766 52.395898,4.912902 52.395306,4.912939 52.395013,4.912930 52.394737,4.912894 52.394517,4.912444 52.394421,4.912416 52.394409,4.912413 52.394395,4.912644 52.393986,4.912847 52.393709,4.912871 52.393643,4.912878 52.393644,4.912961 52.393376,4.912651 52.393384,4.912670 52.393175,4.912665 52.393082,4.912600 52.392853,4.912560 52.392761,4.912485 52.392635,4.912432 52.392561,4.912262 52.392386,4.912281 52.392379,4.911548 52.391667,4.911513 52.391652,4.911432 52.391674,4.911295 52.391727,4.911300 52.391731,4.911132 52.391797,4.911138 52.391804,4.910644 52.391997,4.910629 52.391983,4.909623 52.392365,4.909631 52.392374,4.909567 52.392390,4.908453 52.392821,4.908434 52.392835,4.908403 52.392841,4.908378 52.392831,4.907959 52.393009,4.906460 52.391555,4.906227 52.391298,4.906017 52.391014,4.905867 52.390744,4.905771 52.390525,4.905712 52.390356,4.905665 52.390157,4.905627 52.389844,4.905631 52.389572,4.905667 52.389296,4.905748 52.389012,4.906009 52.388446,4.906916 52.386618,4.906962 52.386459,4.906970 52.386382,4.906961 52.386273,4.906916 52.386122,4.906507 52.385503,4.906397 52.385363,4.906269 52.385236,4.906049 52.385074,4.905831 52.384953,4.901863 52.383158,4.902019 52.383032,4.899908 52.382077,4.899771 52.382116,4.893688 52.393445,4.891372 52.391035,4.888690 52.391000,4.886010 52.391119,4.885943 52.390984,4.878071 52.391691,4.876661 52.392731,4.875179 52.393059,4.871679 52.393234,4.869815 52.393083,4.870071 52.391135,4.877412 52.388218,4.877878 52.387413,4.877340 52.387534,4.876759 52.387614,4.875346 52.387895,4.875414 52.387942,4.874537 52.388093,4.873432 52.388217,4.872395 52.388351,4.870683 52.388669,4.869694 52.388802,4.868993 52.388856,4.867263 52.388912,4.865962 52.388925,4.864847 52.388907,4.864846 52.388962,4.864279 52.388986,4.864046 52.388984,4.864036 52.388958,4.863905 52.388959,4.863894 52.388977,4.861804 52.388971,4.860378 52.388960,4.859169 52.388940,4.859171 52.388925,4.853664 52.388884,4.850897 52.388873,4.850895 52.388909,4.849924 52.388910,4.849923 52.388871,4.847450 52.388892,4.847450 52.388920,4.847237 52.388914,4.847239 52.388872,4.845858 52.388913,4.845145 52.388915,4.844365 52.389069,4.844211 52.395299,4.844815 52.396822,4.846039 52.398399,4.849118 52.400981,4.828086 52.410158,4.832557 52.413460,4.832541 52.414697,4.839085 52.413870,4.841548 52.415880,4.841816 52.419447,4.851946 52.417925,4.855869 52.417509,4.858588 52.419653,4.859921 52.420526,4.859763 52.421164,4.857791 52.423850,4.857785 52.424350,4.858077 52.424855,4.862584 52.428984,4.862501 52.429668,4.867047 52.430602))";"POLYGON((52.430602 4.867047,52.430454 4.867916,52.430504 4.868211,52.430373 4.870625,52.428480 4.873214,52.425883 4.877135,52.425278 4.880252,52.425342 4.884375,52.425546 4.887408,52.424742 4.888738,52.423870 4.884782,52.423386 4.883075,52.421058 4.883257,52.419273 4.877366,52.417599 4.875129,52.416596 4.874441,52.415798 4.874368,52.415284 4.875387,52.415169 4.875581,52.415096 4.875726,52.414860 4.876222,52.412279 4.881511,52.408563 4.889458,52.408286 4.890034,52.406887 4.892564,52.406323 4.892191,52.404693 4.893664,52.401481 4.900531,52.400825 4.901908,52.402502 4.903628,52.402076 4.904732,52.402082 4.904740,52.402074 4.904765,52.402054 4.904811,52.402049 4.904804,52.401634 4.905890,52.401504 4.906160,52.401380 4.906485,52.401375 4.906480,52.400715 4.908217,52.400691 4.908502,52.400637 4.908888,52.400471 4.910234,52.400509 4.911186,52.400170 4.911236,52.400011 4.911304,52.399949 4.910833,52.399926 4.910444,52.399876 4.910142,52.399849 4.909838,52.399785 4.909367,52.399770 4.909314,52.399736 4.909269,52.399635 4.909288,52.398502 4.909938,52.398378 4.910033,52.398208 4.910128,52.398231 4.910208,52.398356 4.910800,52.398322 4.910854,52.398268 4.910860,52.398011 4.911216,52.397663 4.911634,52.397464 4.911834,52.397282 4.911999,52.397031 4.912202,52.396805 4.912360,52.396593 4.912484,52.396361 4.912603,52.396417 4.912912,52.396277 4.912969,52.395931 4.913085,52.395898 4.912766,52.395306 4.912902,52.395013 4.912939,52.394737 4.912930,52.394517 4.912894,52.394421 4.912444,52.394409 4.912416,52.394395 4.912413,52.393986 4.912644,52.393709 4.912847,52.393643 4.912871,52.393644 4.912878,52.393376 4.912961,52.393384 4.912651,52.393175 4.912670,52.393082 4.912665,52.392853 4.912600,52.392761 4.912560,52.392635 4.912485,52.392561 4.912432,52.392386 4.912262,52.392379 4.912281,52.391667 4.911548,52.391652 4.911513,52.391674 4.911432,52.391727 4.911295,52.391731 4.911300,52.391797 4.911132,52.391804 4.911138,52.391997 4.910644,52.391983 4.910629,52.392365 4.909623,52.392374 4.909631,52.392390 4.909567,52.392821 4.908453,52.392835 4.908434,52.392841 4.908403,52.392831 4.908378,52.393009 4.907959,52.391555 4.906460,52.391298 4.906227,52.391014 4.906017,52.390744 4.905867,52.390525 4.905771,52.390356 4.905712,52.390157 4.905665,52.389844 4.905627,52.389572 4.905631,52.389296 4.905667,52.389012 4.905748,52.388446 4.906009,52.386618 4.906916,52.386459 4.906962,52.386382 4.906970,52.386273 4.906961,52.386122 4.906916,52.385503 4.906507,52.385363 4.906397,52.385236 4.906269,52.385074 4.906049,52.384953 4.905831,52.383158 4.901863,52.383032 4.902019,52.382077 4.899908,52.382116 4.899771,52.393445 4.893688,52.391035 4.891372,52.391000 4.888690,52.391119 4.886010,52.390984 4.885943,52.391691 4.878071,52.392731 4.876661,52.393059 4.875179,52.393234 4.871679,52.393083 4.869815,52.391135 4.870071,52.388218 4.877412,52.387413 4.877878,52.387534 4.877340,52.387614 4.876759,52.387895 4.875346,52.387942 4.875414,52.388093 4.874537,52.388217 4.873432,52.388351 4.872395,52.388669 4.870683,52.388802 4.869694,52.388856 4.868993,52.388912 4.867263,52.388925 4.865962,52.388907 4.864847,52.388962 4.864846,52.388986 4.864279,52.388984 4.864046,52.388958 4.864036,52.388959 4.863905,52.388977 4.863894,52.388971 4.861804,52.388960 4.860378,52.388940 4.859169,52.388925 4.859171,52.388884 4.853664,52.388873 4.850897,52.388909 4.850895,52.388910 4.849924,52.388871 4.849923,52.388892 4.847450,52.388920 4.847450,52.388914 4.847237,52.388872 4.847239,52.388913 4.845858,52.388915 4.845145,52.389069 4.844365,52.395299 4.844211,52.396822 4.844815,52.398399 4.846039,52.400981 4.849118,52.410158 4.828086,52.413460 4.832557,52.414697 4.832541,52.413870 4.839085,52.415880 4.841548,52.419447 4.841816,52.417925 4.851946,52.417509 4.855869,52.419653 4.858588,52.420526 4.859921,52.421164 4.859763,52.423850 4.857791,52.424350 4.857785,52.424855 4.858077,52.428984 4.862584,52.429668 4.862501,52.430602 4.867047))";4.87059045;52.40633265;
45;1;"Dorpskern Sloten en omgeving Osdorperweg";"Cultuurhistorische verkenning tbv bestemmingsplan";2007;"Het dorp Sloten is van cultuurhistorisch belang als voormalig dorp dat binnen de stadsgrenzen is komen te liggen. Er is een kaartenreeks gemaakt waarin de ontwikkeling van het dorp sinds 1832 is af te lezen.";"http://www.amsterdam.nl/kunst-cultuur-sport/monumenten/publicaties-0/amsterdamse-0/amsterdamse/cultuurhistorische/";"";"http://www.mapsbma.nl/CHV/foto/CHV Sloten.JPG";"";"POLYGON((4.792577 52.341091,4.792929 52.341513,4.793454 52.341799,4.793825 52.341879,4.794277 52.341777,4.794775 52.341635,4.794777 52.341465,4.794995 52.341447,4.795787 52.342686,4.796644 52.342462,4.796717 52.342844,4.796824 52.342921,4.796979 52.342998,4.796876 52.343663,4.797109 52.34371,4.797272 52.343132,4.798556 52.343424,4.799116 52.343399,4.799988 52.343259,4.800828 52.343065,4.801079 52.34299,4.801177 52.342589,4.80117 52.342009,4.801144 52.341506,4.802357 52.341436,4.802328 52.341302,4.801115 52.341343,4.800798 52.340686,4.797319 52.340649,4.797358 52.340213,4.796751 52.340229,4.796824 52.340627,4.794121 52.340615,4.793237 52.340554,4.792878 52.34075,4.792577 52.341091))";"POLYGON((52.341091 4.792577,52.341513 4.792929,52.341799 4.793454,52.341879 4.793825,52.341777 4.794277,52.341635 4.794775,52.341465 4.794777,52.341447 4.794995,52.342686 4.795787,52.342462 4.796644,52.342844 4.796717,52.342921 4.796824,52.342998 4.796979,52.343663 4.796876,52.34371 4.797109,52.343132 4.797272,52.343424 4.798556,52.343399 4.799116,52.343259 4.799988,52.343065 4.800828,52.34299 4.801079,52.342589 4.801177,52.342009 4.80117,52.341506 4.801144,52.341436 4.802357,52.341302 4.802328,52.341343 4.801115,52.340686 4.800798,52.340649 4.797319,52.340213 4.797358,52.340229 4.796751,52.340627 4.796824,52.340615 4.794121,52.340554 4.793237,52.34075 4.792878,52.341091 4.792577))";4.797472;52.34195585;
46;2;"Open Damrak";"Cultuurhistorische verkenning tbv herinrichting openbare ruimte";2013;"Dit rechthoekige stuk water, aangeduid als �Open Damrak�,  is een restant van de oude Amstelmonding en fungeerde in de middeleeuwen als eerste zeehaven van Amsterdam.";"http://www.amsterdam.nl/kunst-cultuur-sport/monumenten/publicaties-0/amsterdamse-0/amsterdamse/cultuurhistorische-1-9/?reload=true";"";"http://www.mapsbma.nl/CHV/foto/CHV Open damrak.JPG";"";"POLYGON((4.89648 52.375753,4.898484 52.377225,4.899631 52.376825,4.899055 52.376434,4.898276 52.375881,4.897437 52.375319,4.89648 52.375753))";"POLYGON((52.375753 4.89648,52.377225 4.898484,52.376825 4.899631,52.376434 4.899055,52.375881 4.898276,52.375319 4.897437,52.375753 4.89648))";4.89806055;52.3762652;
47;1;"De Banne";"Cultuurhistorische verkenning voor bestemmingsplan";2012;"Bij het ontwerp van de wijk De Banne zijn historische groen- en waterpartijen geintegreerd in de opzet van de nieuwe woonwijken. Dit draagt in belangrijke mate bij aan de kwaliteit van het gebied.";"http://www.amsterdam.nl/kunst-cultuur-sport/monumenten/publicaties-0/amsterdamse-0/amsterdamse/cultuurhistorische-e/?reload=true";"";"http://www.mapsbma.nl/CHV/foto/CHV Banne.JPG";"";"POLYGON((4.924796 52.395871,4.924784 52.395858,4.924537 52.396087,4.923991 52.396763,4.92321 52.398323,4.92339 52.398568,4.923009 52.398742,4.923002 52.398804,4.923145 52.398762,4.923381 52.398664,4.923783 52.39852,4.924636 52.398277,4.925781 52.397923,4.926425 52.397705,4.926513 52.397641,4.926101 52.397269,4.924796 52.395871))";"POLYGON((52.395871 4.924796,52.395858 4.924784,52.396087 4.924537,52.396763 4.923991,52.398323 4.92321,52.398568 4.92339,52.398742 4.923009,52.398804 4.923002,52.398762 4.923145,52.398664 4.923381,52.39852 4.923783,52.398277 4.924636,52.397923 4.925781,52.397705 4.926425,52.397641 4.926513,52.397269 4.926101,52.395871 4.924796))";4.9247625;52.39732425;
48;1;"De Banne";"Cultuurhistorische verkenning voor bestemmingsplan";2012;"Bij het ontwerp van de wijk De Banne zijn historische groen- en waterpartijen geintegreerd in de opzet van de nieuwe woonwijken. Dit draagt in belangrijke mate bij aan de kwaliteit van het gebied.";"http://www.amsterdam.nl/kunst-cultuur-sport/monumenten/publicaties-0/amsterdamse-0/amsterdamse/cultuurhistorische-e/?reload=true";"";"http://www.mapsbma.nl/CHV/foto/CHV Banne.JPG";"";"POLYGON((4.930639 52.406411,4.930256 52.406114,4.930046 52.40592,4.929875 52.405712,4.929745 52.405494,4.929655 52.405268,4.929631 52.404965,4.929571 52.404664,4.929526 52.404504,4.929404 52.404188,4.929246 52.403879,4.92862 52.404019,4.926728 52.404411,4.926461 52.404473,4.925653 52.404735,4.925616 52.404739,4.925578 52.404734,4.925518 52.404706,4.925499 52.404674,4.92547 52.404499,4.925518 52.40428,4.925511 52.404216,4.925491 52.404168,4.924684 52.403074,4.923376 52.400911,4.923231 52.400541,4.922916 52.399491,4.922809 52.399036,4.922988 52.39881,4.922891 52.398808,4.922888 52.398753,4.922799 52.398741,4.922761 52.398703,4.922689 52.398674,4.922508 52.398871,4.922418 52.39902,4.922389 52.399019,4.921853 52.399549,4.921828 52.399546,4.921616 52.399741,4.921517 52.399809,4.919981 52.400395,4.916892 52.401228,4.916808 52.401161,4.915711 52.401356,4.915668 52.401289,4.915525 52.401313,4.915262 52.401304,4.915261 52.401287,4.914174 52.401227,4.913751 52.401192,4.913737 52.401125,4.913769 52.400909,4.913862 52.400752,4.913844 52.400673,4.913865 52.400496,4.914459 52.400596,4.914485 52.400591,4.914654 52.400216,4.914655 52.400179,4.914619 52.400134,4.914549 52.400106,4.911501 52.399602,4.911387 52.399863,4.911332 52.399925,4.911236 52.40017,4.911181 52.40054,4.910257 52.4005,4.908782 52.400677,4.903746 52.402615,4.901908 52.400825,4.900231 52.401626,4.900571 52.401979,4.902101 52.403759,4.902282 52.40393,4.902476 52.404069,4.905555 52.405681,4.90633 52.406192,4.906733 52.405999,4.90681 52.406064,4.906416 52.406253,4.906652 52.406582,4.908853 52.406288,4.90889 52.406309,4.911765 52.408712,4.914282 52.410796,4.917713 52.413632,4.918505 52.414276,4.919157 52.414827,4.919628 52.415213,4.919718 52.415274,4.923913 52.413329,4.92957 52.41045,4.933259 52.40845,4.930639 52.406411))";"POLYGON((52.406411 4.930639,52.406114 4.930256,52.40592 4.930046,52.405712 4.929875,52.405494 4.929745,52.405268 4.929655,52.404965 4.929631,52.404664 4.929571,52.404504 4.929526,52.404188 4.929404,52.403879 4.929246,52.404019 4.92862,52.404411 4.926728,52.404473 4.926461,52.404735 4.925653,52.404739 4.925616,52.404734 4.925578,52.404706 4.925518,52.404674 4.925499,52.404499 4.92547,52.40428 4.925518,52.404216 4.925511,52.404168 4.925491,52.403074 4.924684,52.400911 4.923376,52.400541 4.923231,52.399491 4.922916,52.399036 4.922809,52.39881 4.922988,52.398808 4.922891,52.398753 4.922888,52.398741 4.922799,52.398703 4.922761,52.398674 4.922689,52.398871 4.922508,52.39902 4.922418,52.399019 4.922389,52.399549 4.921853,52.399546 4.921828,52.399741 4.921616,52.399809 4.921517,52.400395 4.919981,52.401228 4.916892,52.401161 4.916808,52.401356 4.915711,52.401289 4.915668,52.401313 4.915525,52.401304 4.915262,52.401287 4.915261,52.401227 4.914174,52.401192 4.913751,52.401125 4.913737,52.400909 4.913769,52.400752 4.913862,52.400673 4.913844,52.400496 4.913865,52.400596 4.914459,52.400591 4.914485,52.400216 4.914654,52.400179 4.914655,52.400134 4.914619,52.400106 4.914549,52.399602 4.911501,52.399863 4.911387,52.399925 4.911332,52.40017 4.911236,52.40054 4.911181,52.4005 4.910257,52.400677 4.908782,52.402615 4.903746,52.400825 4.901908,52.401626 4.900231,52.401979 4.900571,52.403759 4.902101,52.40393 4.902282,52.404069 4.902476,52.405681 4.905555,52.406192 4.90633,52.405999 4.906733,52.406064 4.90681,52.406253 4.906416,52.406582 4.906652,52.406288 4.908853,52.406309 4.90889,52.408712 4.911765,52.410796 4.914282,52.413632 4.917713,52.414276 4.918505,52.414827 4.919157,52.415213 4.919628,52.415274 4.919718,52.413329 4.923913,52.41045 4.92957,52.40845 4.933259,52.406411 4.930639))";4.91674995;52.4069678;
50;1;"Gemeenschapspolder Zuid Oost";"Cultuurhistorische verkenning voor bestemmingsplan";2014;"De openheid en de verkaveling die voor een slagenlandschap als de Gemeenschapspolder zo kenmerkend zijn, is nog altijd goed te ervaren. Cultuurhistorisch waardevolle boerderijen onderstrepen de agrarische functie die de polder sinds lang vervult.";"http://www.amsterdam.nl/kunst-cultuur-sport/monumenten/publicaties-0/amsterdamse-0/amsterdamse/cultuurhistorische-1-d/?reload=true";"";"http://www.mapsbma.nl/CHV/foto/CHV Gemeenschapspolder.JPG";"";"POLYGON((5.018972 52.316684,5.020314 52.309066,5.019195 52.309053,5.0186 52.309342,5.018437 52.309419,5.018403 52.309427,5.014112 52.310107,5.013808 52.309522,5.013413 52.308626,5.013337 52.308533,5.013219 52.308426,5.013028 52.308303,5.012888 52.308236,5.011302 52.30772,5.011211 52.307698,5.011108 52.307699,5.011022 52.30772,5.010954 52.307757,5.010909 52.307807,5.010804 52.308297,5.010009 52.308212,5.009178 52.30895,5.0082 52.309542,5.00726 52.30987,5.003494 52.310292,5.002058 52.310685,4.99912 52.312445,4.996583 52.313901,4.997197 52.314264,4.99725 52.314286,4.997459 52.314232,4.99751 52.314197,4.997579 52.314093,4.997642 52.314022,4.997766 52.313951,4.997821 52.313937,4.997945 52.313934,4.99803 52.313997,4.998734 52.314422,4.999658 52.314952,4.999903 52.31508,5.00039 52.315301,5.000542 52.315378,5.000969 52.315629,5.001534 52.315905,5.002208 52.316324,5.002757 52.316677,5.003466 52.317103,5.003762 52.317294,5.004578 52.317841,5.005201 52.318272,5.006526 52.319071,5.00678 52.31921,5.007063 52.319346,5.008463 52.320152,5.008766 52.32032,5.009364 52.320624,5.009749 52.320833,5.012245 52.322271,5.012459 52.32241,5.013691 52.323106,5.014142 52.323384,5.015066 52.323928,5.015788 52.324331,5.016137 52.324506,5.016242 52.324393,5.016325 52.324231,5.016369 52.323963,5.016438 52.323679,5.016549 52.323432,5.016585 52.323279,5.016583 52.323221,5.016638 52.323018,5.016667 52.322992,5.017936 52.323186,5.017969 52.322661,5.018057 52.321978,5.018134 52.321533,5.018266 52.320639,5.018972 52.316684))";"POLYGON((52.316684 5.018972,52.309066 5.020314,52.309053 5.019195,52.309342 5.0186,52.309419 5.018437,52.309427 5.018403,52.310107 5.014112,52.309522 5.013808,52.308626 5.013413,52.308533 5.013337,52.308426 5.013219,52.308303 5.013028,52.308236 5.012888,52.30772 5.011302,52.307698 5.011211,52.307699 5.011108,52.30772 5.011022,52.307757 5.010954,52.307807 5.010909,52.308297 5.010804,52.308212 5.010009,52.30895 5.009178,52.309542 5.0082,52.30987 5.00726,52.310292 5.003494,52.310685 5.002058,52.312445 4.99912,52.313901 4.996583,52.314264 4.997197,52.314286 4.99725,52.314232 4.997459,52.314197 4.99751,52.314093 4.997579,52.314022 4.997642,52.313951 4.997766,52.313937 4.997821,52.313934 4.997945,52.313997 4.99803,52.314422 4.998734,52.314952 4.999658,52.31508 4.999903,52.315301 5.00039,52.315378 5.000542,52.315629 5.000969,52.315905 5.001534,52.316324 5.002208,52.316677 5.002757,52.317103 5.003466,52.317294 5.003762,52.317841 5.004578,52.318272 5.005201,52.319071 5.006526,52.31921 5.00678,52.319346 5.007063,52.320152 5.008463,52.32032 5.008766,52.320624 5.009364,52.320833 5.009749,52.322271 5.012245,52.32241 5.012459,52.323106 5.013691,52.323384 5.014142,52.323928 5.015066,52.324331 5.015788,52.324506 5.016137,52.324393 5.016242,52.324231 5.016325,52.323963 5.016369,52.323679 5.016438,52.323432 5.016549,52.323279 5.016585,52.323221 5.016583,52.323018 5.016638,52.322992 5.016667,52.323186 5.017936,52.322661 5.017969,52.321978 5.018057,52.321533 5.018134,52.320639 5.018266,52.316684 5.018972))";5.0084536;52.3160941;
51;1;"Nieuwendam Zuid buiten beschermd stadsgezicht";"Cultuurhistorische verkenning voor bestemmingsplan";2012;"De percelen aan het IJ zijn sinds het begin van de twintigste eeuw in gebruik geweest bij scheepsbouwers en andere industriële ondernemingen, zoals Ketjen & Co. en Amatex en de Oranjewerf.";"http://www.amsterdam.nl/kunst-cultuur-sport/monumenten/publicaties-0/amsterdamse-0/amsterdamse/cultuurhistorische-1-3/?reload=true";"";"http://www.mapsbma.nl/CHV/foto/CHV Nieuwendam buiten BSG.JPG";"";"POLYGON((4.938208 52.393272,4.937706 52.392534,4.937715 52.392505,4.937586 52.39231,4.93814 52.392153,4.938123 52.392086,4.938685 52.391899,4.93875 52.391864,4.93875 52.39181,4.938673 52.391644,4.939422 52.391498,4.939688 52.391464,4.940219 52.391384,4.940777 52.39132,4.941196 52.391221,4.941685 52.391126,4.941922 52.391044,4.9421 52.390951,4.942659 52.390541,4.94294 52.390362,4.943498 52.390123,4.944085 52.389817,4.944344 52.389673,4.944548 52.389515,4.944785 52.389306,4.945024 52.38923,4.944959 52.389135,4.945128 52.388935,4.945216 52.388858,4.946493 52.387893,4.947712 52.386994,4.94808 52.3868,4.94833 52.386751,4.949244 52.386703,4.949527 52.386652,4.949837 52.386628,4.949847 52.386648,4.950496 52.38666,4.95102 52.385609,4.951 52.385605,4.950803 52.383997,4.950601 52.384029,4.949819 52.383999,4.947631 52.384081,4.94648 52.384028,4.946009 52.384104,4.944365 52.38415,4.9428 52.383777,4.940002 52.383742,4.9383 52.383795,4.937454 52.383893,4.936528 52.384243,4.935985 52.384181,4.933618 52.383855,4.932304 52.38434,4.931616 52.384563,4.931566 52.385,4.931069 52.385198,4.932294 52.386463,4.932196 52.386482,4.929823 52.387395,4.929654 52.387254,4.928577 52.38617,4.925049 52.387528,4.924405 52.387761,4.924343 52.387776,4.924291 52.387804,4.924496 52.388003,4.924726 52.388259,4.924845 52.388455,4.924986 52.388736,4.925115 52.389237,4.925139 52.389466,4.925138 52.389716,4.925085 52.389955,4.924741 52.390693,4.924738 52.390831,4.924763 52.390902,4.92527 52.391149,4.925723 52.391252,4.926723 52.391382,4.926876 52.391426,4.927242 52.391466,4.927261 52.391501,4.930961 52.391721,4.931119 52.391728,4.931468 52.391728,4.932253 52.391766,4.93235 52.391781,4.932981 52.391804,4.933248 52.391861,4.933698 52.392113,4.933911 52.392294,4.933712 52.392518,4.933334 52.392384,4.933082 52.392566,4.933501 52.392745,4.933854 52.392957,4.934411 52.392935,4.935685 52.393088,4.936632 52.393436,4.93706 52.393627,4.938208 52.393272))";"POLYGON((52.393272 4.938208,52.392534 4.937706,52.392505 4.937715,52.39231 4.937586,52.392153 4.93814,52.392086 4.938123,52.391899 4.938685,52.391864 4.93875,52.39181 4.93875,52.391644 4.938673,52.391498 4.939422,52.391464 4.939688,52.391384 4.940219,52.39132 4.940777,52.391221 4.941196,52.391126 4.941685,52.391044 4.941922,52.390951 4.9421,52.390541 4.942659,52.390362 4.94294,52.390123 4.943498,52.389817 4.944085,52.389673 4.944344,52.389515 4.944548,52.389306 4.944785,52.38923 4.945024,52.389135 4.944959,52.388935 4.945128,52.388858 4.945216,52.387893 4.946493,52.386994 4.947712,52.3868 4.94808,52.386751 4.94833,52.386703 4.949244,52.386652 4.949527,52.386628 4.949837,52.386648 4.949847,52.38666 4.950496,52.385609 4.95102,52.385605 4.951,52.383997 4.950803,52.384029 4.950601,52.383999 4.949819,52.384081 4.947631,52.384028 4.94648,52.384104 4.946009,52.38415 4.944365,52.383777 4.9428,52.383742 4.940002,52.383795 4.9383,52.383893 4.937454,52.384243 4.936528,52.384181 4.935985,52.383855 4.933618,52.38434 4.932304,52.384563 4.931616,52.385 4.931566,52.385198 4.931069,52.386463 4.932294,52.386482 4.932196,52.387395 4.929823,52.387254 4.929654,52.38617 4.928577,52.387528 4.925049,52.387761 4.924405,52.387776 4.924343,52.387804 4.924291,52.388003 4.924496,52.388259 4.924726,52.388455 4.924845,52.388736 4.924986,52.389237 4.925115,52.389466 4.925139,52.389716 4.925138,52.389955 4.925085,52.390693 4.924741,52.390831 4.924738,52.390902 4.924763,52.391149 4.92527,52.391252 4.925723,52.391382 4.926723,52.391426 4.926876,52.391466 4.927242,52.391501 4.927261,52.391721 4.930961,52.391728 4.931119,52.391728 4.931468,52.391766 4.932253,52.391781 4.93235,52.391804 4.932981,52.391861 4.933248,52.392113 4.933698,52.392294 4.933911,52.392518 4.933712,52.392384 4.933334,52.392566 4.933082,52.392745 4.933501,52.392957 4.933854,52.392935 4.934411,52.393088 4.935685,52.393436 4.936632,52.393627 4.93706,52.393272 4.938208))";4.93766045;52.38867825;
52;3;"Oosterdok";"Cultuurhistorische verkenning tbv herinrichting openbare ruimte";2011;"Het Oosterdok werd rond 1830 aangelegd en het dok behield tot ver in de twintigste eeuw zijn havenfunctie. De nog gave lage kade langs de Prins Hendrikkade met dwarspieren in de noord-zuidrichting is in 1939 aangelegd als binnenvaarthaven.";"http://www.amsterdam.nl/kunst-cultuur-sport/monumenten/publicaties-0/amsterdamse-0/amsterdamse/cultuurhistorische-1-10/?reload=true";"";"http://www.mapsbma.nl/CHV/foto/CHV Oosterdok.JPG";"";"POLYGON((4.909749 52.373956,4.908641 52.372737,4.908877 52.372642,4.908947 52.372655,4.909312 52.372573,4.909284 52.372543,4.910567 52.372107,4.910552 52.372054,4.910576 52.372056,4.910749 52.371931,4.910405 52.371588,4.909912 52.371769,4.908607 52.372213,4.908522 52.372154,4.908062 52.372349,4.90768 52.372629,4.907575 52.37269,4.907399 52.372775,4.905963 52.373576,4.905903 52.373616,4.90365 52.374866,4.902846 52.375299,4.903048 52.375884,4.902527 52.376016,4.902606 52.376323,4.902064 52.376762,4.902451 52.376925,4.907515 52.374875,4.909749 52.373956))";"POLYGON((52.373956 4.909749,52.372737 4.908641,52.372642 4.908877,52.372655 4.908947,52.372573 4.909312,52.372543 4.909284,52.372107 4.910567,52.372054 4.910552,52.372056 4.910576,52.371931 4.910749,52.371588 4.910405,52.371769 4.909912,52.372213 4.908607,52.372154 4.908522,52.372349 4.908062,52.372629 4.90768,52.37269 4.907575,52.372775 4.907399,52.373576 4.905963,52.373616 4.905903,52.374866 4.90365,52.375299 4.902846,52.375884 4.903048,52.376016 4.902527,52.376323 4.902606,52.376762 4.902064,52.376925 4.902451,52.374875 4.907515,52.373956 4.909749))";4.9064114;52.37425105;
53;1;"Buitenveldert";"Cultuurhistorische verkenning voor bestemmingsplan";2012;"In 1958 werd de eerste steen gelegd van de bebouwing in Buitenveldert, een wijk bedoeld voor woningen in de hogere prijsklasse. Net als in de Westelijke Tuinsteden werd er nadrukkelijk rekening gehouden met bezonning en voldoende ruimte rond de woningen";"http://www.amsterdam.nl/kunst-cultuur-sport/monumenten/publicaties-0/amsterdamse-0/amsterdamse/cultuurhistorische-4/?reload=true";"";"http://www.mapsbma.nl/CHV/foto/CHV Buitenveldert.JPG";"";"POLYGON((4.856541 52.330304,4.856915 52.330315,4.857498 52.330316,4.857475 52.33099,4.857458 52.33216,4.869222 52.332171,4.869198 52.333627,4.869196 52.334707,4.8694 52.334708,4.869402 52.334794,4.87139 52.334801,4.871389 52.33482,4.87146 52.33482,4.87146 52.334801,4.872486 52.334803,4.872485 52.334822,4.872554 52.334822,4.872555 52.334802,4.873568 52.334805,4.87357 52.33482,4.873639 52.33482,4.873639 52.334804,4.874664 52.334805,4.874664 52.334825,4.874733 52.334825,4.874733 52.334804,4.875523 52.334807,4.875523 52.334647,4.875935 52.334648,4.875934 52.334787,4.878447 52.334786,4.878449 52.334505,4.879677 52.3345,4.879683 52.334734,4.879828 52.334733,4.87984 52.33481,4.879974 52.334915,4.880492 52.334927,4.880575 52.334897,4.880654 52.334843,4.88073 52.334738,4.880775 52.334723,4.880774 52.334517,4.883729 52.334535,4.883728 52.334584,4.883775 52.334582,4.883786 52.334535,4.884327 52.334536,4.884902 52.334524,4.887199 52.334531,4.887713 52.334446,4.889158 52.33445,4.889161 52.333239,4.890863 52.33323,4.890857 52.333537,4.892836 52.333529,4.892847 52.333611,4.893777 52.333919,4.894848 52.333861,4.895021 52.33376,4.896159 52.333252,4.896186 52.333143,4.89757 52.332431,4.897728 52.332559,4.89848 52.332192,4.898477 52.33207,4.898495 52.331951,4.898875 52.331099,4.899012 52.3307,4.899075 52.33043,4.899076 52.33019,4.899027 52.329988,4.898913 52.329767,4.89877 52.32955,4.898253 52.328964,4.897839 52.328565,4.897325 52.328017,4.897144 52.327773,4.897003 52.327552,4.896861 52.327265,4.896679 52.326843,4.896558 52.326516,4.896445 52.326293,4.895841 52.325195,4.89531 52.324333,4.895255 52.324195,4.895228 52.324071,4.895265 52.323827,4.895377 52.32349,4.89547 52.323316,4.895759 52.322862,4.895912 52.322692,4.896087 52.322549,4.896297 52.322415,4.895135 52.322401,4.894919 52.322416,4.894566 52.322415,4.893449 52.322372,4.882364 52.322162,4.869148 52.321928,4.862619 52.321819,4.857868 52.321729,4.857786 52.321725,4.857688 52.321709,4.857655 52.321684,4.857635 52.32163,4.857618 52.321424,4.85676 52.321408,4.856753 52.321549,4.856571 52.321557,4.856574 52.321762,4.85634 52.321757,4.856455 52.328026,4.856427 52.32884,4.856376 52.329165,4.856333 52.32931,4.856201 52.329675,4.856132 52.329676,4.855948 52.330249,4.856541 52.330304))";"POLYGON((52.330304 4.856541,52.330315 4.856915,52.330316 4.857498,52.33099 4.857475,52.33216 4.857458,52.332171 4.869222,52.333627 4.869198,52.334707 4.869196,52.334708 4.8694,52.334794 4.869402,52.334801 4.87139,52.33482 4.871389,52.33482 4.87146,52.334801 4.87146,52.334803 4.872486,52.334822 4.872485,52.334822 4.872554,52.334802 4.872555,52.334805 4.873568,52.33482 4.87357,52.33482 4.873639,52.334804 4.873639,52.334805 4.874664,52.334825 4.874664,52.334825 4.874733,52.334804 4.874733,52.334807 4.875523,52.334647 4.875523,52.334648 4.875935,52.334787 4.875934,52.334786 4.878447,52.334505 4.878449,52.3345 4.879677,52.334734 4.879683,52.334733 4.879828,52.33481 4.87984,52.334915 4.879974,52.334927 4.880492,52.334897 4.880575,52.334843 4.880654,52.334738 4.88073,52.334723 4.880775,52.334517 4.880774,52.334535 4.883729,52.334584 4.883728,52.334582 4.883775,52.334535 4.883786,52.334536 4.884327,52.334524 4.884902,52.334531 4.887199,52.334446 4.887713,52.33445 4.889158,52.333239 4.889161,52.33323 4.890863,52.333537 4.890857,52.333529 4.892836,52.333611 4.892847,52.333919 4.893777,52.333861 4.894848,52.33376 4.895021,52.333252 4.896159,52.333143 4.896186,52.332431 4.89757,52.332559 4.897728,52.332192 4.89848,52.33207 4.898477,52.331951 4.898495,52.331099 4.898875,52.3307 4.899012,52.33043 4.899075,52.33019 4.899076,52.329988 4.899027,52.329767 4.898913,52.32955 4.89877,52.328964 4.898253,52.328565 4.897839,52.328017 4.897325,52.327773 4.897144,52.327552 4.897003,52.327265 4.896861,52.326843 4.896679,52.326516 4.896558,52.326293 4.896445,52.325195 4.895841,52.324333 4.89531,52.324195 4.895255,52.324071 4.895228,52.323827 4.895265,52.32349 4.895377,52.323316 4.89547,52.322862 4.895759,52.322692 4.895912,52.322549 4.896087,52.322415 4.896297,52.322401 4.895135,52.322416 4.894919,52.322415 4.894566,52.322372 4.893449,52.322162 4.882364,52.321928 4.869148,52.321819 4.862619,52.321729 4.857868,52.321725 4.857786,52.321709 4.857688,52.321684 4.857655,52.32163 4.857635,52.321424 4.857618,52.321408 4.85676,52.321549 4.856753,52.321557 4.856571,52.321762 4.856574,52.321757 4.85634,52.328026 4.856455,52.32884 4.856427,52.329165 4.856376,52.32931 4.856333,52.329675 4.856201,52.329676 4.856132,52.330249 4.855948,52.330304 4.856541))";4.877517;52.32815995;
54;1;"Joodse begraafplaats Zeeburg";"Cultuurhistorische verkenning";2014;"De begraafplaats Zeeburg is de enige Joodse begraafplaats binnen de stadsgrenzen. Het terrein vertegenwoordigt een hoge immateriële waarde als de grootste joodse begraafplaats van Nederland, maar mogelijk ook als de grootste van West-Europa.";"http://www.amsterdam.nl/kunst-cultuur-sport/monumenten/publicaties-0/amsterdamse-0/amsterdamse/cultuurhistorische-1-13/?reload=true";"";"http://www.mapsbma.nl/CHV/foto/CHV Joodse begraafplaats Zeeburg.JPG";"";"POLYGON((4.94731 52.358342,4.946858 52.358309,4.945155 52.358398,4.944894 52.358504,4.945932 52.362315,4.946852 52.362468,4.947182 52.362544,4.947267 52.362661,4.947823 52.364417,4.948201 52.364876,4.948599 52.364985,4.951517 52.36508,4.950414 52.364289,4.948832 52.362592,4.948748 52.362315,4.948364 52.36241,4.947356 52.358853,4.94731 52.358342))";"POLYGON((52.358342 4.94731,52.358309 4.946858,52.358398 4.945155,52.358504 4.944894,52.362315 4.945932,52.362468 4.946852,52.362544 4.947182,52.362661 4.947267,52.364417 4.947823,52.364876 4.948201,52.364985 4.948599,52.36508 4.951517,52.364289 4.950414,52.362592 4.948832,52.362315 4.948748,52.36241 4.948364,52.358853 4.947356,52.358342 4.94731))";4.94821045;52.36168925;
57;2;"Stad om `t IJ";"Cultuurhistorische verkenning ";2016;"Het IJ is één van de essentiële elementen waardoor Amsterdam zich door de eeuwen heen heeft kunnen ontwikkelen tot bloeiende en toonaangevende hoofdstad met gunstige, internationale verbindingen. Dit kreeg een nieuwe dimensie met de aanleg van het Noordz";"https://www.amsterdam.nl/kunst-cultuur/monumenten/publicaties/amsterdamse-0/stad-om-het-ij/?reload=true";"";"https://www.amsterdam.nl/publish/pages/822281/af_20170105coverstadomhetij_10.png";"";"POLYGON((4.9027060 52.3835480,4.9060100 52.3850610,4.9063320 52.3852800,4.9065900 52.3856450,4.9069330 52.3861220,4.9069710 52.3864250,4.9073730 52.3867140,4.9085640 52.3864160,4.9128020 52.3878830,4.9131250 52.3881330,4.9132700 52.3885300,4.9133620 52.3885600,4.9131500 52.3888910,4.9137580 52.3890450,4.9140620 52.3891740,4.9150340 52.3897100,4.9159390 52.3905380,4.9167690 52.3913810,4.9171270 52.3921720,4.9170920 52.3928360,4.9175290 52.3933900,4.9176870 52.3939430,4.9177180 52.3946240,4.9178460 52.3952580,4.9182960 52.3961290,4.9176270 52.3977260,4.9171840 52.3982260,4.9169330 52.3984190,4.9183100 52.3988080,4.9198410 52.3993230,4.9203840 52.3995820,4.9207650 52.3994150,4.9213150 52.3993210,4.9221440 52.3984150,4.9225400 52.3979950,4.9230550 52.3971660,4.9236550 52.3957310,4.9236960 52.3952720,4.9242080 52.3934890,4.9241840 52.3932810,4.9242550 52.3929420,4.9243990 52.3923950,4.9245040 52.3918610,4.9246480 52.3913530,4.9246130 52.3912110,4.9246690 52.3910950,4.9247530 52.3910180,4.9247520 52.3909020,4.9247280 52.3907050,4.9247760 52.3906400,4.9250620 52.3897100,4.9249680 52.3888650,4.9245490 52.3881650,4.9240270 52.3877390,4.9224430 52.3862130,4.9205830 52.3859590,4.9195340 52.3858190,4.9187650 52.3856270,4.9180120 52.3853040,4.9172800 52.3848760,4.9157770 52.3835400,4.9141460 52.3823880,4.9125460 52.3812290,4.9124260 52.3811440,4.9131240 52.3811670,4.9209440 52.3821070,4.9259260 52.3827070,4.9285470 52.3831650,4.9315100 52.3838320,4.9333280 52.3839410,4.9362110 52.3843890,4.9377380 52.3839840,4.9410340 52.3838340,4.9431970 52.3839690,4.9444160 52.3844180,4.9466660 52.3842040,4.9505800 52.3840970,4.9553530 52.3845140,4.9575600 52.3841430,4.9600370 52.3835380,4.9613980 52.3827240,4.9632880 52.3838470,4.9648130 52.3828760,4.9672920 52.3806100,4.9657420 52.3795680,4.9650960 52.3791910,4.9651700 52.3791690,4.9650510 52.3791860,4.9650180 52.3791240,4.9649160 52.3790870,4.9646610 52.3789640,4.9637720 52.3782860,4.9628450 52.3776070,4.9613940 52.3783740,4.9596280 52.3793670,4.9585050 52.3798880,4.9569940 52.3786930,4.9564970 52.3779900,4.9566340 52.3768000,4.9571620 52.3751600,4.9466540 52.3744320,4.9400090 52.3738090,4.9317300 52.3752970,4.9195760 52.3774410,4.9152120 52.3782240,4.9144930 52.3759900,4.9128850 52.3749780,4.9143540 52.3724620,4.9139950 52.3710060,4.9135650 52.3709440,4.9081140 52.3728250,4.9036930 52.3752330,4.9022340 52.3768560,4.9041010 52.3786760,4.8994770 52.3803330,4.8969280 52.3813050,4.8959020 52.3819670,4.8949810 52.3825920,4.8943160 52.3828070,4.8936090 52.3828680,4.8933300 52.3829320,4.8929650 52.3836810,4.8929600 52.3841760,4.8931180 52.3846210,4.8932890 52.3850750,4.8932720 52.3853120,4.8931830 52.3856760,4.8929130 52.3864020,4.8910770 52.3895570,4.8891520 52.3898780,4.8858110 52.3903300,4.8848350 52.3906850,4.8843010 52.3911320,4.8794570 52.3950110,4.8788020 52.3958560,4.8776630 52.3980960,4.8757280 52.4022880,4.8742280 52.4050170,4.8729970 52.4061020,4.8704300 52.4082450,4.8677560 52.4100340,4.8643520 52.4119280,4.8654590 52.4129580,4.8667150 52.4143300,4.8684370 52.4136870,4.8694730 52.4131220,4.8768570 52.4089080,4.8822630 52.4061120,4.8869610 52.4039020,4.8864240 52.4034720,4.8920420 52.4009420,4.8980850 52.3985250,4.8976400 52.3981180,4.8967930 52.3971720,4.8967730 52.3965100,4.8969050 52.3958940,4.8975540 52.3946890,4.8984670 52.3915970,4.8986610 52.3901270,4.8986640 52.3883660,4.9001730 52.3841100,4.9004050 52.3840170,4.9012590 52.3839370,4.9014870 52.3838420,4.9021160 52.3833510))";"POLYGON((52.3835480 4.9027060,52.3850610 4.9060100,52.3852800 4.9063320,52.3856450 4.9065900,52.3861220 4.9069330,52.3864250 4.9069710,52.3867140 4.9073730,52.3864160 4.9085640,52.3878830 4.9128020,52.3881330 4.9131250,52.3885300 4.9132700,52.3885600 4.9133620,52.3888910 4.9131500,52.3890450 4.9137580,52.3891740 4.9140620,52.3897100 4.9150340,52.3905380 4.9159390,52.3913810 4.9167690,52.3921720 4.9171270,52.3928360 4.9170920,52.3933900 4.9175290,52.3939430 4.9176870,52.3946240 4.9177180,52.3952580 4.9178460,52.3961290 4.9182960,52.3977260 4.9176270,52.3982260 4.9171840,52.3984190 4.9169330,52.3988080 4.9183100,52.3993230 4.9198410,52.3995820 4.9203840,52.3994150 4.9207650,52.3993210 4.9213150,52.3984150 4.9221440,52.3979950 4.9225400,52.3971660 4.9230550,52.3957310 4.9236550,52.3952720 4.9236960,52.3934890 4.9242080,52.3932810 4.9241840,52.3929420 4.9242550,52.3923950 4.9243990,52.3918610 4.9245040,52.3913530 4.9246480,52.3912110 4.9246130,52.3910950 4.9246690,52.3910180 4.9247530,52.3909020 4.9247520,52.3907050 4.9247280,52.3906400 4.9247760,52.3897100 4.9250620,52.3888650 4.9249680,52.3881650 4.9245490,52.3877390 4.9240270,52.3862130 4.9224430,52.3859590 4.9205830,52.3858190 4.9195340,52.3856270 4.9187650,52.3853040 4.9180120,52.3848760 4.9172800,52.3835400 4.9157770,52.3823880 4.9141460,52.3812290 4.9125460,52.3811440 4.9124260,52.3811670 4.9131240,52.3821070 4.9209440,52.3827070 4.9259260,52.3831650 4.9285470,52.3838320 4.9315100,52.3839410 4.9333280,52.3843890 4.9362110,52.3839840 4.9377380,52.3838340 4.9410340,52.3839690 4.9431970,52.3844180 4.9444160,52.3842040 4.9466660,52.3840970 4.9505800,52.3845140 4.9553530,52.3841430 4.9575600,52.3835380 4.9600370,52.3827240 4.9613980,52.3838470 4.9632880,52.3828760 4.9648130,52.3806100 4.9672920,52.3795680 4.9657420,52.3791910 4.9650960,52.3791690 4.9651700,52.3791860 4.9650510,52.3791240 4.9650180,52.3790870 4.9649160,52.3789640 4.9646610,52.3782860 4.9637720,52.3776070 4.9628450,52.3783740 4.9613940,52.3793670 4.9596280,52.3798880 4.9585050,52.3786930 4.9569940,52.3779900 4.9564970,52.3768000 4.9566340,52.3751600 4.9571620,52.3744320 4.9466540,52.3738090 4.9400090,52.3752970 4.9317300,52.3774410 4.9195760,52.3782240 4.9152120,52.3759900 4.9144930,52.3749780 4.9128850,52.3724620 4.9143540,52.3710060 4.9139950,52.3709440 4.9135650,52.3728250 4.9081140,52.3752330 4.9036930,52.3768560 4.9022340,52.3786760 4.9041010,52.3803330 4.8994770,52.3813050 4.8969280,52.3819670 4.8959020,52.3825920 4.8949810,52.3828070 4.8943160,52.3828680 4.8936090,52.3829320 4.8933300,52.3836810 4.8929650,52.3841760 4.8929600,52.3846210 4.8931180,52.3850750 4.8932890,52.3853120 4.8932720,52.3856760 4.8931830,52.3864020 4.8929130,52.3895570 4.8910770,52.3898780 4.8891520,52.3903300 4.8858110,52.3906850 4.8848350,52.3911320 4.8843010,52.3950110 4.8794570,52.3958560 4.8788020,52.3980960 4.8776630,52.4022880 4.8757280,52.4050170 4.8742280,52.4061020 4.8729970,52.4082450 4.8704300,52.4100340 4.8677560,52.4119280 4.8643520,52.4129580 4.8654590,52.4143300 4.8667150,52.4136870 4.8684370,52.4131220 4.8694730,52.4089080 4.8768570,52.4061120 4.8822630,52.4039020 4.8869610,52.4034720 4.8864240,52.4009420 4.8920420,52.3985250 4.8980850,52.3981180 4.8976400,52.3971720 4.8967930,52.3965100 4.8967730,52.3958940 4.8969050,52.3946890 4.8975540,52.3915970 4.8984670,52.3901270 4.8986610,52.3883660 4.8986640,52.3841100 4.9001730,52.3840170 4.9004050,52.3839370 4.9012590,52.3838420 4.9014870,52.3833510 4.9021160))";4.915827;52.39263;
62;2;"Gaasperplaspark";"Cultuurhistorische verkenning";2016;"Cultuurhistorische verkenning voor de herziening van het bestemmingsplan Gaasperplas met de ontstaansgeschiedenis, een overzicht van de bovengrondse cultuurhistorische waarden en een cultuurhistrische waardebepaling en aanbevelingen ten aanzien van het b";"https://www.amsterdam.nl/kunst-cultuur/monumenten/publicaties/amsterdamse-0/gaasperplaspark/?reload=true";"xxx";"xxx";"";"POLYGON((4.9877930 52.3065631))";"POLYGON((52.3065631 4.9877930))";4.987798;52.3065573;
65;1;"Zuidoost (restgebieden";"";2014;"Informatie volgt";"";"";"";"";"POLYGON((4.9518130 52.3077440,4.9486580 52.3111980,4.9475970 52.3108310,4.9477890 52.3106200,4.9477820 52.3105100,4.9493250 52.3089320,4.9488660 52.3087740,4.9498820 52.3076480,4.9501050 52.3077260,4.9506770 52.3074890,4.9508420 52.3073610,4.9509220 52.3072380,4.9512310 52.3069170,4.9513300 52.3067770,4.9517470 52.3064300,4.9546080 52.3033360,4.9547930 52.3034000,4.9548920 52.3032880,4.9549650 52.3031770,4.9557770 52.3034640,4.9578340 52.3042290,4.9585770 52.3045250,4.9593540 52.3048620,4.9590780 52.3051890,4.9589660 52.3052910,4.9586570 52.3055150,4.9583200 52.3057170,4.9585040 52.3057810,4.9587680 52.3056460,4.9591120 52.3054910,4.9593230 52.3053850,4.9594380 52.3053160,4.9598110 52.3050500,4.9606420 52.3053890,4.9613570 52.3056330,4.9609150 52.3063130,4.9605070 52.3068590,4.9602960 52.3071090,4.9599450 52.3075040,4.9598550 52.3074760,4.9585410 52.3089170,4.9539050 52.3073230,4.9547550 52.3063980,4.9556010 52.3062290,4.9565190 52.3052440,4.9563890 52.3051960,4.9566130 52.3049670,4.9563910 52.3048910,4.9566720 52.3045740,4.9551860 52.3040540,4.9545240 52.3047810,4.9532310 52.3062380,4.9526030 52.3069250,4.9520550 52.3074790,4.9518130 52.3077440))";"POLYGON((52.3077440 4.9518130,52.3111980 4.9486580,52.3108310 4.9475970,52.3106200 4.9477890,52.3105100 4.9477820,52.3089320 4.9493250,52.3087740 4.9488660,52.3076480 4.9498820,52.3077260 4.9501050,52.3074890 4.9506770,52.3073610 4.9508420,52.3072380 4.9509220,52.3069170 4.9512310,52.3067770 4.9513300,52.3064300 4.9517470,52.3033360 4.9546080,52.3034000 4.9547930,52.3032880 4.9548920,52.3031770 4.9549650,52.3034640 4.9557770,52.3042290 4.9578340,52.3045250 4.9585770,52.3048620 4.9593540,52.3051890 4.9590780,52.3052910 4.9589660,52.3055150 4.9586570,52.3057170 4.9583200,52.3057810 4.9585040,52.3056460 4.9587680,52.3054910 4.9591120,52.3053850 4.9593230,52.3053160 4.9594380,52.3050500 4.9598110,52.3053890 4.9606420,52.3056330 4.9613570,52.3063130 4.9609150,52.3068590 4.9605070,52.3071090 4.9602960,52.3075040 4.9599450,52.3074760 4.9598550,52.3089170 4.9585410,52.3073230 4.9539050,52.3063980 4.9547550,52.3062290 4.9556010,52.3052440 4.9565190,52.3051960 4.9563890,52.3049670 4.9566130,52.3048910 4.9563910,52.3045740 4.9566720,52.3040540 4.9551860,52.3047810 4.9545240,52.3062380 4.9532310,52.3069250 4.9526030,52.3074790 4.9520550,52.3077440 4.9518130))";4.95448205;52.30718105;
66;1;"Zuidoost (restgebieden";"";2014;"Informatie volgt";"";"";"";"";"POLYGON((4.9970740 52.3159410,4.9970830 52.3159830,4.9972650 52.3162900,4.9973680 52.3165210,4.9973950 52.3167690,4.9972750 52.3170710,4.9967970 52.3168230,4.9957480 52.3163020,4.9956450 52.3160740,4.9956770 52.3160460,4.9953150 52.3158860,4.9955320 52.3159190,4.9954700 52.3157890,4.9953730 52.3158090,4.9950090 52.3157690,4.9946560 52.3156150,4.9942220 52.3154490,4.9941780 52.3154410,4.9940140 52.3153790,4.9939100 52.3153560,4.9938120 52.3153610,4.9936320 52.3153070,4.9932760 52.3151500,4.9927780 52.3148640,4.9924160 52.3146670,4.9924190 52.3146440,4.9924060 52.3146200,4.9918080 52.3143040,4.9918380 52.3142320,4.9919310 52.3141600,4.9918540 52.3140880,4.9918450 52.3140930,4.9918160 52.3140730,4.9917580 52.3141000,4.9916390 52.3141720,4.9915580 52.3142420,4.9903310 52.3137530,4.9893860 52.3133470,4.9891500 52.3132620,4.9893420 52.3130500,4.9893340 52.3129540,4.9896090 52.3126960,4.9889600 52.3124650,4.9885130 52.3123210,4.9883230 52.3122700,4.9883020 52.3122490,4.9883050 52.3122300,4.9883540 52.3121600,4.9887990 52.3117780,4.9888510 52.3117460,4.9889690 52.3116940,4.9891020 52.3116600,4.9890810 52.3116080,4.9882660 52.3117520,4.9881130 52.3117600,4.9879610 52.3117470,4.9879370 52.3117900,4.9877630 52.3119820,4.9863730 52.3116840,4.9863310 52.3116300,4.9862510 52.3116090,4.9859430 52.3117660,4.9857810 52.3116480,4.9856290 52.3115710,4.9854810 52.3115290,4.9851320 52.3114610,4.9851900 52.3113270,4.9848990 52.3112320,4.9848520 52.3112710,4.9847880 52.3112960,4.9846800 52.3113070,4.9851270 52.3108430,4.9850320 52.3106650,4.9851720 52.3105160,4.9853650 52.3105820,4.9865740 52.3103730,4.9866910 52.3106100,4.9880290 52.3103860,4.9881960 52.3108640,4.9882120 52.3110390,4.9882550 52.3111500,4.9882950 52.3113010,4.9883130 52.3113440,4.9883480 52.3113780,4.9883800 52.3113940,4.9886810 52.3113990,4.9887420 52.3113920,4.9888020 52.3115040,4.9894640 52.3113810,4.9895200 52.3115580,4.9908110 52.3111460,4.9911730 52.3108200,4.9915540 52.3106400,4.9917620 52.3106530,4.9931100 52.3114440,4.9943080 52.3118320,4.9944100 52.3128510,4.9939440 52.3133280,4.9946520 52.3139090,4.9952310 52.3140720,4.9954090 52.3140610,4.9965830 52.3139010,4.9971970 52.3142640,4.9972500 52.3142860,4.9971980 52.3143220,4.9971090 52.3144540,4.9971140 52.3146040,4.9970900 52.3148260,4.9971360 52.3152410,4.9970540 52.3158610,4.9970740 52.3159410))";"POLYGON((52.3159410 4.9970740,52.3159830 4.9970830,52.3162900 4.9972650,52.3165210 4.9973680,52.3167690 4.9973950,52.3170710 4.9972750,52.3168230 4.9967970,52.3163020 4.9957480,52.3160740 4.9956450,52.3160460 4.9956770,52.3158860 4.9953150,52.3159190 4.9955320,52.3157890 4.9954700,52.3158090 4.9953730,52.3157690 4.9950090,52.3156150 4.9946560,52.3154490 4.9942220,52.3154410 4.9941780,52.3153790 4.9940140,52.3153560 4.9939100,52.3153610 4.9938120,52.3153070 4.9936320,52.3151500 4.9932760,52.3148640 4.9927780,52.3146670 4.9924160,52.3146440 4.9924190,52.3146200 4.9924060,52.3143040 4.9918080,52.3142320 4.9918380,52.3141600 4.9919310,52.3140880 4.9918540,52.3140930 4.9918450,52.3140730 4.9918160,52.3141000 4.9917580,52.3141720 4.9916390,52.3142420 4.9915580,52.3137530 4.9903310,52.3133470 4.9893860,52.3132620 4.9891500,52.3130500 4.9893420,52.3129540 4.9893340,52.3126960 4.9896090,52.3124650 4.9889600,52.3123210 4.9885130,52.3122700 4.9883230,52.3122490 4.9883020,52.3122300 4.9883050,52.3121600 4.9883540,52.3117780 4.9887990,52.3117460 4.9888510,52.3116940 4.9889690,52.3116600 4.9891020,52.3116080 4.9890810,52.3117520 4.9882660,52.3117600 4.9881130,52.3117470 4.9879610,52.3117900 4.9879370,52.3119820 4.9877630,52.3116840 4.9863730,52.3116300 4.9863310,52.3116090 4.9862510,52.3117660 4.9859430,52.3116480 4.9857810,52.3115710 4.9856290,52.3115290 4.9854810,52.3114610 4.9851320,52.3113270 4.9851900,52.3112320 4.9848990,52.3112710 4.9848520,52.3112960 4.9847880,52.3113070 4.9846800,52.3108430 4.9851270,52.3106650 4.9850320,52.3105160 4.9851720,52.3105820 4.9853650,52.3103730 4.9865740,52.3106100 4.9866910,52.3103860 4.9880290,52.3108640 4.9881960,52.3110390 4.9882120,52.3111500 4.9882550,52.3113010 4.9882950,52.3113440 4.9883130,52.3113780 4.9883480,52.3113940 4.9883800,52.3113990 4.9886810,52.3113920 4.9887420,52.3115040 4.9888020,52.3113810 4.9894640,52.3115580 4.9895200,52.3111460 4.9908110,52.3108200 4.9911730,52.3106400 4.9915540,52.3106530 4.9917620,52.3114440 4.9931100,52.3118320 4.9943080,52.3128510 4.9944100,52.3133280 4.9939440,52.3139090 4.9946520,52.3140720 4.9952310,52.3140610 4.9954090,52.3139010 4.9965830,52.3142640 4.9971970,52.3142860 4.9972500,52.3143220 4.9971980,52.3144540 4.9971090,52.3146040 4.9971140,52.3148260 4.9970900,52.3152410 4.9971360,52.3158610 4.9970540,52.3159410 4.9970740))";4.9910426;52.3137137;
67;1;"Zuidoost (restgebieden";"";2014;"Informatie volgt";"";"";"";"";"POLYGON((4.9816170 52.3123320,4.9824770 52.3126270,4.9824560 52.3126670,4.9821730 52.3130250,4.9819190 52.3133090,4.9819310 52.3133490,4.9828140 52.3136530,4.9809410 52.3157020,4.9805860 52.3155810,4.9804440 52.3155690,4.9758010 52.3139780,4.9756720 52.3138730,4.9756130 52.3129180,4.9763490 52.3127590,4.9765400 52.3126860,4.9766730 52.3126120,4.9767720 52.3125390,4.9768590 52.3124510,4.9769680 52.3122540,4.9771000 52.3122800,4.9771490 52.3121930,4.9772790 52.3120510,4.9775130 52.3117470,4.9775630 52.3116980,4.9776100 52.3116650,4.9777280 52.3116050,4.9779690 52.3115020,4.9780960 52.3114340,4.9783460 52.3112310,4.9783960 52.3112330,4.9788880 52.3113940,4.9816170 52.3123320))";"POLYGON((52.3123320 4.9816170,52.3126270 4.9824770,52.3126670 4.9824560,52.3130250 4.9821730,52.3133090 4.9819190,52.3133490 4.9819310,52.3136530 4.9828140,52.3157020 4.9809410,52.3155810 4.9805860,52.3155690 4.9804440,52.3139780 4.9758010,52.3138730 4.9756720,52.3129180 4.9756130,52.3127590 4.9763490,52.3126860 4.9765400,52.3126120 4.9766730,52.3125390 4.9767720,52.3124510 4.9768590,52.3122540 4.9769680,52.3122800 4.9771000,52.3121930 4.9771490,52.3120510 4.9772790,52.3117470 4.9775130,52.3116980 4.9775630,52.3116650 4.9776100,52.3116050 4.9777280,52.3115020 4.9779690,52.3114340 4.9780960,52.3112310 4.9783460,52.3112330 4.9783960,52.3113940 4.9788880,52.3123320 4.9816170))";4.97921845;52.3134581;
68;2;"Zuidoost (restgebieden";"";2014;"Informatie volgt";"";"";"";"";"POLYGON((4.9724660 52.3165120,4.9700070 52.3156700,4.9718180 52.3136850,4.9720280 52.3137580,4.9720340 52.3137530,4.9742860 52.3145270,4.9724660 52.3165120))";"POLYGON((52.3165120 4.9724660,52.3156700 4.9700070,52.3136850 4.9718180,52.3137580 4.9720280,52.3137530 4.9720340,52.3145270 4.9742860,52.3165120 4.9724660))";4.9721515;52.31509275;
69;1;"Zuidoost (restgebieden";"";2014;"Informatie volgt";"";"";"";"";"POLYGON((4.9570670 52.3016640,4.9569890 52.3017510,4.9573280 52.3018680,4.9572310 52.3019950,4.9572710 52.3020010,4.9573440 52.3020410,4.9573270 52.3020870,4.9571020 52.3023340,4.9568990 52.3022550,4.9560390 52.3019600,4.9561800 52.3018620,4.9563500 52.3016940,4.9564490 52.3016130,4.9563230 52.3015690,4.9563100 52.3015850,4.9562400 52.3015610,4.9575040 52.3001940,4.9587570 52.2988110,4.9587660 52.2987870,4.9597000 52.2977380,4.9599530 52.2974840,4.9600720 52.2973460,4.9602920 52.2970260,4.9605180 52.2967500,4.9609390 52.2962770,4.9610310 52.2962050,4.9634690 52.2935300,4.9636330 52.2933660,4.9638420 52.2931300,4.9641490 52.2927460,4.9649970 52.2918270,4.9655430 52.2912130,4.9655380 52.2912010,4.9654840 52.2911770,4.9654720 52.2911420,4.9656530 52.2909430,4.9665920 52.2912650,4.9660960 52.2919290,4.9657990 52.2923550,4.9648460 52.2934430,4.9646160 52.2937630,4.9644960 52.2939010,4.9643050 52.2940870,4.9641650 52.2941900,4.9638700 52.2943870,4.9635490 52.2945680,4.9570670 52.3016640))";"POLYGON((52.3016640 4.9570670,52.3017510 4.9569890,52.3018680 4.9573280,52.3019950 4.9572310,52.3020010 4.9572710,52.3020410 4.9573440,52.3020870 4.9573270,52.3023340 4.9571020,52.3022550 4.9568990,52.3019600 4.9560390,52.3018620 4.9561800,52.3016940 4.9563500,52.3016130 4.9564490,52.3015690 4.9563230,52.3015850 4.9563100,52.3015610 4.9562400,52.3001940 4.9575040,52.2988110 4.9587570,52.2987870 4.9587660,52.2977380 4.9597000,52.2974840 4.9599530,52.2973460 4.9600720,52.2970260 4.9602920,52.2967500 4.9605180,52.2962770 4.9609390,52.2962050 4.9610310,52.2935300 4.9634690,52.2933660 4.9636330,52.2931300 4.9638420,52.2927460 4.9641490,52.2918270 4.9649970,52.2912130 4.9655430,52.2912010 4.9655380,52.2911770 4.9654840,52.2911420 4.9654720,52.2909430 4.9656530,52.2912650 4.9665920,52.2919290 4.9660960,52.2923550 4.9657990,52.2934430 4.9648460,52.2937630 4.9646160,52.2939010 4.9644960,52.2940870 4.9643050,52.2941900 4.9641650,52.2943870 4.9638700,52.2945680 4.9635490,52.3016640 4.9570670))";4.9613204;52.29663145;
70;2;"Zuidoost (restgebieden";"";2014;"Informatie volgt";"";"";"";"";"POLYGON((4.9713330 52.3252120,4.9710100 52.3255730,4.9697310 52.3251340,4.9694030 52.3251540,4.9693660 52.3249310,4.9689540 52.3249560,4.9686300 52.3249400,4.9682530 52.3244600,4.9680100 52.3245320,4.9674390 52.3238080,4.9681990 52.3229760,4.9667570 52.3230660,4.9656400 52.3226820,4.9629700 52.3228470,4.9619010 52.3224800,4.9615160 52.3219760,4.9595640 52.3213060,4.9597120 52.3211440,4.9596950 52.3210170,4.9616300 52.3189210,4.9617380 52.3188890,4.9620490 52.3185220,4.9620390 52.3184710,4.9634700 52.3168900,4.9634920 52.3168670,4.9635010 52.3168700,4.9635930 52.3168410,4.9637650 52.3166540,4.9649620 52.3170650,4.9703910 52.3189830,4.9708990 52.3191000,4.9708610 52.3191410,4.9725270 52.3191400,4.9734480 52.3200740,4.9743430 52.3200530,4.9745710 52.3198030,4.9748830 52.3193860,4.9755610 52.3191430,4.9764430 52.3191510,4.9767230 52.3194350,4.9729100 52.3236110,4.9727980 52.3235720,4.9713330 52.3252120))";"POLYGON((52.3252120 4.9713330,52.3255730 4.9710100,52.3251340 4.9697310,52.3251540 4.9694030,52.3249310 4.9693660,52.3249560 4.9689540,52.3249400 4.9686300,52.3244600 4.9682530,52.3245320 4.9680100,52.3238080 4.9674390,52.3229760 4.9681990,52.3230660 4.9667570,52.3226820 4.9656400,52.3228470 4.9629700,52.3224800 4.9619010,52.3219760 4.9615160,52.3213060 4.9595640,52.3211440 4.9597120,52.3210170 4.9596950,52.3189210 4.9616300,52.3188890 4.9617380,52.3185220 4.9620490,52.3184710 4.9620390,52.3168900 4.9634700,52.3168670 4.9634920,52.3168700 4.9635010,52.3168410 4.9635930,52.3166540 4.9637650,52.3170650 4.9649620,52.3189830 4.9703910,52.3191000 4.9708990,52.3191410 4.9708610,52.3191400 4.9725270,52.3200740 4.9734480,52.3200530 4.9743430,52.3198030 4.9745710,52.3193860 4.9748830,52.3191430 4.9755610,52.3191510 4.9764430,52.3194350 4.9767230,52.3236110 4.9729100,52.3235720 4.9727980,52.3252120 4.9713330))";4.9681487;52.3211066;
71;2;"Gaasperplaspark (Floriade `82)";"Cultuurhistorische verkenning";2016;"Cultuurhistorische verkenning voor de herziening van het bestemmingsplan Gaasperplas met de ontstaansgeschiedenis, een cultuurhistorische waardebepaling en aanbevelingen ten aanzien van het beheer en de toekomst van het park.";"https://www.amsterdam.nl/kunst-cultuur/monumenten/publicaties/amsterdamse-0/gaasperplaspark/?reload=true";"";"https://www.amsterdam.nl/publish/pages/835870/af_20170515publicatiechvgaasperplas_30.png";"";"POLYGON((4.9865699 52.3085344,4.9866504 52.3084524,4.9870635 52.3085951,4.9858135 52.3099636,4.9853603 52.3103395,4.9850264 52.3107112,4.9856526 52.3109187,4.9851752 52.3114927,4.9863553 52.3118338,4.9874765 52.3121257,4.9879593 52.3122536,4.9885601 52.3124504,4.9887747 52.3124995,4.9889517 52.3125389,4.9891395 52.3125586,4.9894613 52.3126733,4.9898476 52.3128209,4.9904591 52.3129653,4.9909204 52.3131391,4.9912637 52.3133588,4.9916017 52.3136211,4.9919075 52.3139130,4.9919904 52.3140154,4.9920204 52.3140811,4.9920470 52.3141098,4.9923688 52.3144049,4.9928784 52.3147558,4.9932057 52.3149526,4.9936670 52.3151395,4.9941230 52.3152740,4.9944931 52.3153232,4.9951369 52.3153428,4.9952924 52.3153100,4.9953514 52.3152576,4.9953836 52.3151854,4.9952978 52.3149854,4.9952817 52.3146837,4.9953246 52.3144082,4.9955285 52.3139229,4.9957860 52.3136277,4.9960649 52.3133981,4.9969769 52.3128537,4.9985325 52.3119486,5.0009787 52.3105514,5.0015795 52.3102694,5.0015366 52.3101710,5.0014722 52.3100267,5.0014722 52.3099152,5.0014830 52.3098299,5.0015473 52.3097053,5.0020301 52.3092067,5.0013542 52.3090034,5.0001740 52.3087673,4.9988437 52.3082687,4.9965262 52.3091543,4.9953246 52.3087804,4.9948311 52.3085868,4.9944341 52.3083868,4.9934471 52.3077636,4.9938118 52.3073503,4.9937367 52.3067271,4.9935731 52.3066049,4.9929911 52.3063778,4.9926960 52.3063631,4.9922240 52.3064254,4.9918163 52.3064861,4.9903035 52.3064549,4.9896169 52.3065697,4.9892789 52.3064122,4.9877480 52.3064299,4.9874349 52.3064934,4.9872485 52.3066008,4.9870689 52.3067238,4.9868166 52.3072125,4.9866088 52.3073315,4.9866208 52.3075686,4.9865806 52.3078197,4.9865967 52.3079612,4.9865645 52.3080670,4.9862856 52.3084295))";"POLYGON((52.3085344 4.9865699,52.3084524 4.9866504,52.3085951 4.9870635,52.3099636 4.9858135,52.3103395 4.9853603,52.3107112 4.9850264,52.3109187 4.9856526,52.3114927 4.9851752,52.3118338 4.9863553,52.3121257 4.9874765,52.3122536 4.9879593,52.3124504 4.9885601,52.3124995 4.9887747,52.3125389 4.9889517,52.3125586 4.9891395,52.3126733 4.9894613,52.3128209 4.9898476,52.3129653 4.9904591,52.3131391 4.9909204,52.3133588 4.9912637,52.3136211 4.9916017,52.3139130 4.9919075,52.3140154 4.9919904,52.3140811 4.9920204,52.3141098 4.9920470,52.3144049 4.9923688,52.3147558 4.9928784,52.3149526 4.9932057,52.3151395 4.9936670,52.3152740 4.9941230,52.3153232 4.9944931,52.3153428 4.9951369,52.3153100 4.9952924,52.3152576 4.9953514,52.3151854 4.9953836,52.3149854 4.9952978,52.3146837 4.9952817,52.3144082 4.9953246,52.3139229 4.9955285,52.3136277 4.9957860,52.3133981 4.9960649,52.3128537 4.9969769,52.3119486 4.9985325,52.3105514 5.0009787,52.3102694 5.0015795,52.3101710 5.0015366,52.3100267 5.0014722,52.3099152 5.0014722,52.3098299 5.0014830,52.3097053 5.0015473,52.3092067 5.0020301,52.3090034 5.0013542,52.3087673 5.0001740,52.3082687 4.9988437,52.3091543 4.9965262,52.3087804 4.9953246,52.3085868 4.9948311,52.3083868 4.9944341,52.3077636 4.9934471,52.3073503 4.9938118,52.3067271 4.9937367,52.3066049 4.9935731,52.3063778 4.9929911,52.3063631 4.9926960,52.3064254 4.9922240,52.3064861 4.9918163,52.3064549 4.9903035,52.3065697 4.9896169,52.3064122 4.9892789,52.3064299 4.9877480,52.3064934 4.9874349,52.3066008 4.9872485,52.3067238 4.9870689,52.3072125 4.9868166,52.3073315 4.9866088,52.3075686 4.9866208,52.3078197 4.9865806,52.3079612 4.9865967,52.3080670 4.9865645,52.3084295 4.9862856))";4.9935329;52.31084505;
72;2;"Gaasperplaspark";"Cultuurhistorische verkenning";2016;"Cultuurhistorische verkenning voor de herziening van het bestemmingsplan Gaasperplas met de ontstaansgeschiedenis, een overzicht van de bovengrondse cultuurhistorische waarden en een cultuurhistrische waardebepaling en aanbevelingen ten aanzien van het b";"https://www.amsterdam.nl/kunst-cultuur/monumenten/publicaties/amsterdamse-0/gaasperplaspark/?reload=true";"xxx";"xxx";"";"POLYGON((4.9876964 52.3067140))";"POLYGON((52.3067140 4.9876964))";4.9877012;52.3067061;
76;1;"Amsterdamse Bos";"Cultuurhistorische verkenning";2016;"CHV van het Amsterdamse Bos met de ontstaansgeschiedenis, het ontwerp en de aanleg van het bos. De cultuurhistorische waarden die het bos vertegenwoordigt kunnen in de toekomst een belangrijke rol spelen bij aanpassing en herinrichting van het gebied.";"https://www.amsterdam.nl/kunst-cultuur/monumenten/publicaties/amsterdamse-0/amsterdamse-bos/?reload=true";"";"https://www.amsterdam.nl/publish/pages/836341/af_20170515publicatiechvamsterdamsebos_10.png";"";"POLYGON((4.8114967 52.3044377,4.8014545 52.3008687,4.8060465 52.2961184,4.8153591 52.2993203,4.8236847 52.2906063,4.8260021 52.2914988,4.8256159 52.2922075,4.8263454 52.2923388,4.8271608 52.2919188,4.8325253 52.2938087,4.8334265 52.2944911,4.8342419 52.2944649,4.8349714 52.2939137,4.8395634 52.2929162,4.8411512 52.2940711,4.8430824 52.2971945,4.8432112 52.2977194,4.8435545 52.2981131,4.8443699 52.2999502,4.8444557 52.3006325,4.8435974 52.3006850,4.8437691 52.3013411,4.8391342 52.3029156,4.8410654 52.3063532,4.8416662 52.3065107,4.8412800 52.3103678,4.8410439 52.3143688,4.8408509 52.3167824,4.8455609 52.3167235,4.8479319 52.3169399,4.8490692 52.3168645,4.8520947 52.3164480,4.8559570 52.3163496,4.8565363 52.3183040,4.8567724 52.3207305,4.8568583 52.3278911,4.8559999 52.3304089,4.8550987 52.3327691,4.8532534 52.3370698,4.8482323 52.3368863,4.8480392 52.3371681,4.8473311 52.3371615,4.8468161 52.3369124,4.8460436 52.3360733,4.8451853 52.3358111,4.8423958 52.3340541,4.8411512 52.3340541,4.8387051 52.3331625,4.8337698 52.3320611,4.8323965 52.3320611,4.8310661 52.3328740,4.8301649 52.3338050,4.8317957 52.3342639,4.8311090 52.3352604,4.8294353 52.3348408,4.8280621 52.3350244,4.8232126 52.3347359,4.8195648 52.3351555,4.8179340 52.3358898,4.8110676 52.3328478,4.8110676 52.3311957,4.8174191 52.3288091,4.8157883 52.3274190,4.8174620 52.3262912,4.8184061 52.3251372,4.8185778 52.3240618,4.8181057 52.3220945,4.8163891 52.3161922,4.8154683 52.3131311,4.8157491 52.3127461,4.8144226 52.3105593,4.8127997 52.3084946,4.8110991 52.3073040,4.8097581 52.3061298,4.8100802 52.3057231))";"POLYGON((52.3044377 4.8114967,52.3008687 4.8014545,52.2961184 4.8060465,52.2993203 4.8153591,52.2906063 4.8236847,52.2914988 4.8260021,52.2922075 4.8256159,52.2923388 4.8263454,52.2919188 4.8271608,52.2938087 4.8325253,52.2944911 4.8334265,52.2944649 4.8342419,52.2939137 4.8349714,52.2929162 4.8395634,52.2940711 4.8411512,52.2971945 4.8430824,52.2977194 4.8432112,52.2981131 4.8435545,52.2999502 4.8443699,52.3006325 4.8444557,52.3006850 4.8435974,52.3013411 4.8437691,52.3029156 4.8391342,52.3063532 4.8410654,52.3065107 4.8416662,52.3103678 4.8412800,52.3143688 4.8410439,52.3167824 4.8408509,52.3167235 4.8455609,52.3169399 4.8479319,52.3168645 4.8490692,52.3164480 4.8520947,52.3163496 4.8559570,52.3183040 4.8565363,52.3207305 4.8567724,52.3278911 4.8568583,52.3304089 4.8559999,52.3327691 4.8550987,52.3370698 4.8532534,52.3368863 4.8482323,52.3371681 4.8480392,52.3371615 4.8473311,52.3369124 4.8468161,52.3360733 4.8460436,52.3358111 4.8451853,52.3340541 4.8423958,52.3340541 4.8411512,52.3331625 4.8387051,52.3320611 4.8337698,52.3320611 4.8323965,52.3328740 4.8310661,52.3338050 4.8301649,52.3342639 4.8317957,52.3352604 4.8311090,52.3348408 4.8294353,52.3350244 4.8280621,52.3347359 4.8232126,52.3351555 4.8195648,52.3358898 4.8179340,52.3328478 4.8110676,52.3311957 4.8110676,52.3288091 4.8174191,52.3274190 4.8157883,52.3262912 4.8174620,52.3251372 4.8184061,52.3240618 4.8185778,52.3220945 4.8181057,52.3161922 4.8163891,52.3131311 4.8154683,52.3127461 4.8157491,52.3105593 4.8144226,52.3084946 4.8127997,52.3073040 4.8110991,52.3061298 4.8097581,52.3057231 4.8100802))";4.8291614;52.31388155;
77;2;"Marine Etablissement";"Cultuurhistorische verkenning";2018;"In de jaren 1960 werd een splinternieuw Marine Etablissement aan het Oosterdok in Amsterdam gerealiseerd. Het was bestemd als opleidingscentrum en Rijksmarine. In 2018 vertrekt de Marine en zal het terrein ontwikkeld worden. Monumenten en Archeologie ond";"https://www.amsterdam.nl/kunst-cultuur/monumenten/publicaties/amsterdamse-0/chv-marine-etablisse/";"";"https://www.amsterdam.nl/publish/pages/863942/af_20180131publicatiechvmarineetablissement_20.png";"AF_20180131MarineEtablissementNatHistArchief_10.png";"POLYGON((4.9145097 52.3758497,4.9132383 52.3749606,4.9143648 52.3732019,4.9149764 52.3724814,4.9157381 52.3716167,4.9157676 52.3715856,4.9162196 52.3717093,4.9171114 52.3719836,4.9179697 52.3724421,4.9208021 52.3743678,4.9210167 52.3748689,4.9181950 52.3752913))";"POLYGON((52.3758497 4.9145097,52.3749606 4.9132383,52.3732019 4.9143648,52.3724814 4.9149764,52.3716167 4.9157381,52.3715856 4.9157676,52.3717093 4.9162196,52.3719836 4.9171114,52.3724421 4.9179697,52.3743678 4.9208021,52.3748689 4.9210167,52.3752913 4.9181950))";4.9171325;52.37371065;
78;2;"Haven-Stad (2017)";"Cultuurhistorische verkenning";2017;"Het plangebied Haven-Stad is voor een belangrijk deel gevormd door het IJ en alle activiteiten die daarlangs plaatsvonden. In het plangebied vinden we o.a. oude dijklichamen en de (recentere) geschiedenis laat zich ook nog aflezen.  ";"https://www.amsterdam.nl/kunst-cultuur/monumenten/publicaties/amsterdamse-0/chv-haven-stad/?reload=true";"";"https://www.amsterdam.nl/publish/pages/864595/af_20180112publicatiechvhavenstad_20.png";"";"POLYGON((4.8713046 52.4203572,4.8734450 52.4214434,4.8754191 52.4223136,4.8773718 52.4229155,4.8789275 52.4232099,4.8807728 52.4234389,4.8825324 52.4235763,4.8832570 52.4210580,4.8788765 52.4197912,4.8781255 52.4196113,4.8776186 52.4194379,4.8772913 52.4192825,4.8769319 52.4190142,4.8759234 52.4181914,4.8753655 52.4176908,4.8747593 52.4170168,4.8745555 52.4166111,4.8745126 52.4162022,4.8746359 52.4159044,4.8747647 52.4156296,4.8753870 52.4152840,4.8894580 52.4085630,4.8923922 52.4071316,4.8925640 52.4068870,4.8925640 52.4068870,4.8921910 52.4063230,4.8916650 52.4055310,4.8916650 52.4055310,4.8911930 52.4052030,4.8872190 52.4066930,4.8872190 52.4066930,4.8820020 52.4025340,4.8864055 52.3991197,4.8761702 52.3944192,4.8718572 52.3947204,4.8727584 52.3930050,4.8663211 52.3932538,4.8677802 52.3924551,4.8706074 52.3911350,4.8774120 52.3882180,4.8816204 52.3866276,4.8813500 52.3863090,4.8812090 52.3856040,4.8737430 52.3854900,4.8639607 52.3853442,4.8641010 52.3858620,4.8625231 52.3857371,4.8605275 52.3856454,4.8584461 52.3856323,4.8554206 52.3857109,4.8497987 52.3861823,4.8482323 52.3862740,4.8475885 52.3861692,4.8472452 52.3859728,4.8451040 52.3859550,4.8449770 52.3863190,4.8449480 52.3847100,4.8317313 52.3843095,4.8316026 52.3874265,4.8288989 52.3875705,4.8189640 52.3875181,4.8189426 52.3885396,4.8339419 52.3885507,4.8339214 52.3918221,4.8378492 52.3918589,4.8379147 52.3921575,4.8386916 52.3929592,4.8397736 52.3937769,4.8407361 52.3944432,4.8421465 52.3951210,4.8439807 52.3959004,4.8442588 52.3964903,4.8457179 52.3986643,4.8480354 52.4007336,4.8608314 52.4119944,4.8650122 52.4164770))";"POLYGON((52.4203572 4.8713046,52.4214434 4.8734450,52.4223136 4.8754191,52.4229155 4.8773718,52.4232099 4.8789275,52.4234389 4.8807728,52.4235763 4.8825324,52.4210580 4.8832570,52.4197912 4.8788765,52.4196113 4.8781255,52.4194379 4.8776186,52.4192825 4.8772913,52.4190142 4.8769319,52.4181914 4.8759234,52.4176908 4.8753655,52.4170168 4.8747593,52.4166111 4.8745555,52.4162022 4.8745126,52.4159044 4.8746359,52.4156296 4.8747647,52.4152840 4.8753870,52.4085630 4.8894580,52.4071316 4.8923922,52.4068870 4.8925640,52.4068870 4.8925640,52.4063230 4.8921910,52.4055310 4.8916650,52.4055310 4.8916650,52.4052030 4.8911930,52.4066930 4.8872190,52.4066930 4.8872190,52.4025340 4.8820020,52.3991197 4.8864055,52.3944192 4.8761702,52.3947204 4.8718572,52.3930050 4.8727584,52.3932538 4.8663211,52.3924551 4.8677802,52.3911350 4.8706074,52.3882180 4.8774120,52.3866276 4.8816204,52.3863090 4.8813500,52.3856040 4.8812090,52.3854900 4.8737430,52.3853442 4.8639607,52.3858620 4.8641010,52.3857371 4.8625231,52.3856454 4.8605275,52.3856323 4.8584461,52.3857109 4.8554206,52.3861823 4.8497987,52.3862740 4.8482323,52.3861692 4.8475885,52.3859728 4.8472452,52.3859550 4.8451040,52.3863190 4.8449770,52.3847100 4.8449480,52.3843095 4.8317313,52.3874265 4.8316026,52.3875705 4.8288989,52.3875181 4.8189640,52.3885396 4.8189426,52.3885507 4.8339419,52.3918221 4.8339214,52.3918589 4.8378492,52.3921575 4.8379147,52.3929592 4.8386916,52.3937769 4.8397736,52.3944432 4.8407361,52.3951210 4.8421465,52.3959004 4.8439807,52.3964903 4.8442588,52.3986643 4.8457179,52.4007336 4.8480354,52.4119944 4.8608314,52.4164770 4.8650122))";4.8557583;52.4039359;
79;3;"TUINEN Amsterdam";"Cultuurhistorische analyse";2017;"Onderzoek naar de cultuurhistorische betekenis van de Amsterdamse (binnen)tuinen. Waarom hebben we in Amsterdam eigenlijk zoveel open, groene ruimte en zelfs zoveel tuinen in een stad waar ruimte schaars is?";"https://www.amsterdam.nl/kunst-cultuur/monumenten/publicaties/amsterdamse-0/binnentuinen/";"";"https://www.amsterdam.nl/publish/pages/879991/af_20180605publicatiechvbinnentuinenamsterdam_40.png";"";"POLYGON((4.9074125 52.3673719,4.9088717 52.3673719,4.9094725 52.3670837,4.9081421 52.3657996,4.9060607 52.3665334))";"POLYGON((52.3673719 4.9074125,52.3673719 4.9088717,52.3670837 4.9094725,52.3657996 4.9081421,52.3665334 4.9060607))";4.9077716;52.36657875;
80;1;"Bijlmermuseum";"Cultuurhistorische verkenning";2016;"Cultuurhistorische verkenning voor bestemmingsplan Bijlmermuseum in stadsdeel Zuidoost met ontstaansgeschiedenis van de Bijlmermeer en overzicht van de bovengrondse cultuurhistorische waarden van het gebied.";"https://www.amsterdam.nl/kunst-cultuur/monumenten/publicaties/rapporten/bijlmermuseum/";"";"https://www.amsterdam.nl/publish/pages/904051/af_20180130publicatiechvbijlmermuseum_20.png";"";"POLYGON((4.971393 52.317706,4.970523 52.318657,4.970388 52.318612,4.969869 52.319179,4.970016 52.31923,4.969641 52.319638,4.969528 52.319771,4.969474 52.319843,4.969353 52.319933,4.969182 52.32012,4.969159 52.320168,4.969118 52.320214,4.969042 52.320318,4.968985 52.320386,4.968851 52.320532,4.968756 52.320612,4.968862 52.320652,4.968642 52.320892,4.973773 52.32266,4.974968 52.323079,4.977209 52.323848,4.977935 52.324082,4.978596 52.324155,4.979059 52.324119,4.97947 52.324022,4.979853 52.323871,4.980095 52.323739,4.982062 52.321658,4.982287 52.321386,4.981991 52.321285,4.981929 52.321261,4.981859 52.32124,4.981944 52.321142,4.981463 52.32095,4.981 52.320401,4.980379 52.320207,4.979732 52.320015,4.979913 52.319748,4.982698 52.318183,4.980186 52.317321,4.979947 52.317583,4.979011 52.317262,4.978097 52.318262,4.97763 52.318104,4.978787 52.316838,4.973751 52.315113,4.972479 52.316504,4.972461 52.316537,4.971393 52.317706))";"POLYGON((52.317706 4.971393,52.318657 4.970523,52.318612 4.970388,52.319179 4.969869,52.31923 4.970016,52.319638 4.969641,52.319771 4.969528,52.319843 4.969474,52.319933 4.969353,52.32012 4.969182,52.320168 4.969159,52.320214 4.969118,52.320318 4.969042,52.320386 4.968985,52.320532 4.968851,52.320612 4.968756,52.320652 4.968862,52.320892 4.968642,52.32266 4.973773,52.323079 4.974968,52.323848 4.977209,52.324082 4.977935,52.324155 4.978596,52.324119 4.979059,52.324022 4.97947,52.323871 4.979853,52.323739 4.980095,52.321658 4.982062,52.321386 4.982287,52.321285 4.981991,52.321261 4.981929,52.32124 4.981859,52.321142 4.981944,52.32095 4.981463,52.320401 4.981,52.320207 4.980379,52.320015 4.979732,52.319748 4.979913,52.318183 4.982698,52.317321 4.980186,52.317583 4.979947,52.317262 4.979011,52.318262 4.978097,52.318104 4.97763,52.316838 4.978787,52.315113 4.973751,52.316504 4.972479,52.316537 4.972461,52.317706 4.971393))";4.975675;52.319627;

