OBJECTNUMMER;Boom_ID;Prioriteit;Boomhoogte;Mutatiedatum;WKT_LNG_LAT;WKT_LAT_LNG;LNG;LAT;
1;"66826855_d31";"bestreden";"18-24 m";"15-06-2020";"POINT(4.833184,52.319985)";"POINT(52.319985,4.833184)";4.833184;52.319985;
2;"66826861_d37";"bestreden";"18-24 m";"15-06-2020";"POINT(4.834012,52.320351)";"POINT(52.320351,4.834012)";4.834012;52.320351;
3;"NAMBO145727_d26";"bestreden";"18-24 m";"15-06-2020";"POINT(4.83308,52.319941)";"POINT(52.319941,4.83308)";4.83308;52.319941;
4;"66826862_d38";"bestreden";"18-24 m";"15-06-2020";"POINT(4.834069,52.320377)";"POINT(52.320377,4.834069)";4.834069;52.320377;
5;"66826856_d32";"bestreden";">24 m";"15-06-2020";"POINT(4.833292,52.320035)";"POINT(52.320035,4.833292)";4.833292;52.320035;
6;"66826858_d34";"bestreden";"18-24 m";"15-06-2020";"POINT(4.8334,52.320074)";"POINT(52.320074,4.8334)";4.8334;52.320074;
7;"66826859_d35";"bestreden";"18-24 m";"15-06-2020";"POINT(4.833514,52.32012)";"POINT(52.32012,4.833514)";4.833514;52.32012;
8;"66826860_d36";"bestreden";"18-24 m";"15-06-2020";"POINT(4.833616,52.320163)";"POINT(52.320163,4.833616)";4.833616;52.320163;
9;"557582";"bestreden";"12-15 m";"15-06-2020";"POINT(4.99491,52.29502)";"POINT(52.29502,4.99491)";4.99491;52.29502;
10;"901441";"bestreden";"6-9 m";"15-06-2020";"POINT(4.991852,52.295905)";"POINT(52.295905,4.991852)";4.991852;52.295905;
11;"557532";"bestreden";"9-12 m";"15-06-2020";"POINT(4.992709,52.295925)";"POINT(52.295925,4.992709)";4.992709;52.295925;
12;"557534";"bestreden";"12-15 m";"15-06-2020";"POINT(4.99257,52.295862)";"POINT(52.295862,4.99257)";4.99257;52.295862;
13;"557604";"bestreden";"9-12 m";"15-06-2020";"POINT(4.995222,52.296014)";"POINT(52.296014,4.995222)";4.995222;52.296014;
14;"557598";"bestreden";"12-15 m";"15-06-2020";"POINT(4.995085,52.295838)";"POINT(52.295838,4.995085)";4.995085;52.295838;
15;"557600";"bestreden";"9-12 m";"15-06-2020";"POINT(4.995225,52.295884)";"POINT(52.295884,4.995225)";4.995225;52.295884;
16;"557601";"bestreden";"9-12 m";"15-06-2020";"POINT(4.995225,52.295755)";"POINT(52.295755,4.995225)";4.995225;52.295755;
17;"557597";"bestreden";"9-12 m";"15-06-2020";"POINT(4.995086,52.295697)";"POINT(52.295697,4.995086)";4.995086;52.295697;
18;"557603";"bestreden";"9-12 m";"15-06-2020";"POINT(4.995227,52.295482)";"POINT(52.295482,4.995227)";4.995227;52.295482;
19;"557596";"bestreden";"12-15 m";"15-06-2020";"POINT(4.995087,52.29556)";"POINT(52.29556,4.995087)";4.995087;52.29556;
20;"557595";"bestreden";"15-18 m";"15-06-2020";"POINT(4.995087,52.295419)";"POINT(52.295419,4.995087)";4.995087;52.295419;
21;"ZO0002";"bestreden";"";"15-06-2020";"POINT(4.995229,52.295398)";"POINT(52.295398,4.995229)";4.995229;52.295398;
22;"557589";"bestreden";"9-12 m";"15-06-2020";"POINT(4.99523,52.295281)";"POINT(52.295281,4.99523)";4.99523;52.295281;
23;"557584";"bestreden";"";"15-06-2020";"POINT(4.994371,52.295304)";"POINT(52.295304,4.994371)";4.994371;52.295304;
24;"557591";"bestreden";"9-12 m";"15-06-2020";"POINT(4.99523,52.295147)";"POINT(52.295147,4.99523)";4.99523;52.295147;
25;"6682302";"bestreden";"18-24 m";"15-06-2020";"POINT(4.827051,52.3205)";"POINT(52.3205,4.827051)";4.827051;52.3205;
26;"557581";"bestreden";"12-15 m";"15-06-2020";"POINT(4.994787,52.295022)";"POINT(52.295022,4.994787)";4.994787;52.295022;
27;"557585";"bestreden";"12-15 m";"15-06-2020";"POINT(4.994462,52.295302)";"POINT(52.295302,4.994462)";4.994462;52.295302;
28;"557587";"bestreden";"12-15 m";"15-06-2020";"POINT(4.994809,52.295303)";"POINT(52.295303,4.994809)";4.994809;52.295303;
29;"557592";"bestreden";"15-18 m";"15-06-2020";"POINT(4.99523,52.295087)";"POINT(52.295087,4.99523)";4.99523;52.295087;
30;"422408";"bestreden";"9-12 m";"16-06-2020";"POINT(4.842491,52.388688)";"POINT(52.388688,4.842491)";4.842491;52.388688;
31;"386997";"bestreden";"6-9 m";"16-06-2020";"POINT(4.77598,52.371827)";"POINT(52.371827,4.77598)";4.77598;52.371827;
32;"AMBO45544";"bestreden";"18-24 m";"16-06-2020";"POINT(4.830296,52.318777)";"POINT(52.318777,4.830296)";4.830296;52.318777;
33;"EPRM12";"bestreden";"12-15 m";"16-06-2020";"POINT(4.989394,52.297304)";"POINT(52.297304,4.989394)";4.989394;52.297304;
34;"EPRM13";"bestreden";"12-15 m";"16-06-2020";"POINT(4.989405,52.297403)";"POINT(52.297403,4.989405)";4.989405;52.297403;
35;"EPRM14";"bestreden";"12-15 m";"16-06-2020";"POINT(4.98942,52.297461)";"POINT(52.297461,4.98942)";4.98942;52.297461;
36;"448660";"bestreden";"9-12 m";"16-06-2020";"POINT(4.931805,52.33573)";"POINT(52.33573,4.931805)";4.931805;52.33573;
37;"NB10359";"bestreden";"15-18 m";"16-06-2020";"POINT(4.841176,52.388688)";"POINT(52.388688,4.841176)";4.841176;52.388688;
38;"448641";"bestreden";"9-12 m";"16-06-2020";"POINT(4.931643,52.33568)";"POINT(52.33568,4.931643)";4.931643;52.33568;
39;"448658";"bestreden";"9-12 m";"16-06-2020";"POINT(4.931483,52.335666)";"POINT(52.335666,4.931483)";4.931483;52.335666;
40;"542976";"bestreden";"15-18 m";"16-06-2020";"POINT(4.980799,52.32614)";"POINT(52.32614,4.980799)";4.980799;52.32614;
41;"NT20053";"bestreden";"15-18 m";"16-06-2020";"POINT(4.981653,52.325391)";"POINT(52.325391,4.981653)";4.981653;52.325391;
42;"T92439";"bestreden";"15-18 m";"16-06-2020";"POINT(4.98143,52.325249)";"POINT(52.325249,4.98143)";4.98143;52.325249;
43;"667947_d24";"bestreden";"15-18 m";"16-06-2020";"POINT(4.833054,52.31981)";"POINT(52.31981,4.833054)";4.833054;52.31981;
44;"T92441";"bestreden";"12-15 m";"16-06-2020";"POINT(4.980566,52.324245)";"POINT(52.324245,4.980566)";4.980566;52.324245;
45;"422404";"bestreden";"9-12 m";"16-06-2020";"POINT(4.842888,52.388763)";"POINT(52.388763,4.842888)";4.842888;52.388763;
46;"422405";"bestreden";"9-12 m";"16-06-2020";"POINT(4.842835,52.388763)";"POINT(52.388763,4.842835)";4.842835;52.388763;
47;"6682671";"bestreden";"9-12 m";"16-06-2020";"POINT(4.842618,52.388732)";"POINT(52.388732,4.842618)";4.842618;52.388732;
48;"376255";"bestreden";"9-12 m";"16-06-2020";"POINT(4.779802,52.348673)";"POINT(52.348673,4.779802)";4.779802;52.348673;
49;"_N_094754762000";"bestreden";"12-15 m";"16-06-2020";"POINT(4.989443,52.297614)";"POINT(52.297614,4.989443)";4.989443;52.297614;
50;"T92672";"bestreden";"12-15 m";"16-06-2020";"POINT(4.989394,52.297756)";"POINT(52.297756,4.989394)";4.989394;52.297756;
51;"T104748";"bestreden";"12-15 m";"16-06-2020";"POINT(4.989364,52.297822)";"POINT(52.297822,4.989364)";4.989364;52.297822;
52;"449078";"bestreden";"9-12 m";"16-06-2020";"POINT(4.932864,52.335721)";"POINT(52.335721,4.932864)";4.932864;52.335721;
53;"448638";"bestreden";"9-12 m";"16-06-2020";"POINT(4.931204,52.335691)";"POINT(52.335691,4.931204)";4.931204;52.335691;
54;"448675";"bestreden";"9-12 m";"16-06-2020";"POINT(4.930778,52.335733)";"POINT(52.335733,4.930778)";4.930778;52.335733;
55;"_N_132440252000";"bestreden";"18-24 m";"16-06-2020";"POINT(4.983093,52.328656)";"POINT(52.328656,4.983093)";4.983093;52.328656;
56;"_N_094828004000";"bestreden";"12-15 m";"16-06-2020";"POINT(4.989415,52.297942)";"POINT(52.297942,4.989415)";4.989415;52.297942;
57;"667805";"bestreden";"18-24 m";"16-06-2020";"POINT(4.984175,52.327359)";"POINT(52.327359,4.984175)";4.984175;52.327359;
58;"_N_094813730000";"bestreden";"12-15 m";"16-06-2020";"POINT(4.989431,52.298076)";"POINT(52.298076,4.989431)";4.989431;52.298076;
59;"499525";"bestreden";"9-12 m";"16-06-2020";"POINT(4.864733,52.389436)";"POINT(52.389436,4.864733)";4.864733;52.389436;
60;"499527";"bestreden";"9-12 m";"16-06-2020";"POINT(4.865003,52.389445)";"POINT(52.389445,4.865003)";4.865003;52.389445;
61;"66826854_d30";"bestreden";">24 m";"16-06-2020";"POINT(4.832977,52.319903)";"POINT(52.319903,4.832977)";4.832977;52.319903;
62;"543077";"bestreden";"12-15 m";"16-06-2020";"POINT(4.980434,52.324122)";"POINT(52.324122,4.980434)";4.980434;52.324122;
63;"543015";"bestreden";"15-18 m";"16-06-2020";"POINT(4.979671,52.324441)";"POINT(52.324441,4.979671)";4.979671;52.324441;
64;"422406";"bestreden";"9-12 m";"16-06-2020";"POINT(4.842725,52.388753)";"POINT(52.388753,4.842725)";4.842725;52.388753;
65;"667945_d23";"bestreden";"18-24 m";"16-06-2020";"POINT(4.833235,52.319851)";"POINT(52.319851,4.833235)";4.833235;52.319851;
66;"367469";"bestreden";"9-12 m";"16-06-2020";"POINT(4.77478,52.351024)";"POINT(52.351024,4.77478)";4.77478;52.351024;
67;"367471";"bestreden";"9-12 m";"16-06-2020";"POINT(4.77445,52.351206)";"POINT(52.351206,4.77445)";4.77445;52.351206;
68;"379609";"bestreden";"9-12 m";"16-06-2020";"POINT(4.774521,52.350622)";"POINT(52.350622,4.774521)";4.774521;52.350622;
69;"6682251_d22";"bestreden";"18-24 m";"16-06-2020";"POINT(4.833418,52.319915)";"POINT(52.319915,4.833418)";4.833418;52.319915;
70;"6682250_d21";"bestreden";"18-24 m";"16-06-2020";"POINT(4.833669,52.320002)";"POINT(52.320002,4.833669)";4.833669;52.320002;
71;"418448";"bestreden";"6-9 m";"16-06-2020";"POINT(4.776564,52.3792)";"POINT(52.3792,4.776564)";4.776564;52.3792;
72;"NAMBO147020_d1";"bestreden";"18-24 m";"27-03-2020";"POINT(4.827334,52.294759)";"POINT(52.294759,4.827334)";4.827334;52.294759;
73;"AMBO91688_d7";"bestreden";"18-24 m";"27-03-2020";"POINT(4.827703,52.294897)";"POINT(52.294897,4.827703)";4.827703;52.294897;
74;"AMBO91511";"bestreden";"18-24 m";"27-03-2020";"POINT(4.827823,52.294935)";"POINT(52.294935,4.827823)";4.827823;52.294935;
75;"NAMBO145679_d8";"bestreden";"18-24 m";"27-03-2020";"POINT(4.828705,52.295128)";"POINT(52.295128,4.828705)";4.828705;52.295128;
76;"66826541_d9";"bestreden";"18-24 m";"27-03-2020";"POINT(4.831011,52.296025)";"POINT(52.296025,4.831011)";4.831011;52.296025;
77;"AMBO91600";"bestreden";"18-24 m";"27-03-2020";"POINT(4.830759,52.296106)";"POINT(52.296106,4.830759)";4.830759;52.296106;
78;"AMBO87637";"bestreden";">24 m";"27-03-2020";"POINT(4.818582,52.296983)";"POINT(52.296983,4.818582)";4.818582;52.296983;
79;"338247";"bestreden";"18-24 m";"27-03-2020";"POINT(4.819244,52.297103)";"POINT(52.297103,4.819244)";4.819244;52.297103;
80;"338281";"bestreden";"18-24 m";"27-03-2020";"POINT(4.820312,52.301612)";"POINT(52.301612,4.820312)";4.820312;52.301612;
81;"667528_d28";"bestreden";"18-24 m";"27-03-2020";"POINT(4.825482,52.301947)";"POINT(52.301947,4.825482)";4.825482;52.301947;
82;"527319";"bestreden";"9-12 m";"16-06-2020";"POINT(4.865455,52.358989)";"POINT(52.358989,4.865455)";4.865455;52.358989;
83;"668999";"bestreden";"";"16-06-2020";"POINT(4.833217,52.319666)";"POINT(52.319666,4.833217)";4.833217;52.319666;
84;"521600";"bestreden";"0-6 m";"16-06-2020";"POINT(4.860196,52.356875)";"POINT(52.356875,4.860196)";4.860196;52.356875;
85;"519199";"bestreden";"6-9 m";"16-06-2020";"POINT(4.865215,52.358195)";"POINT(52.358195,4.865215)";4.865215;52.358195;
86;"389367";"bestreden";"18-24 m";"16-06-2020";"POINT(4.844652,52.365852)";"POINT(52.365852,4.844652)";4.844652;52.365852;
87;"363697";"bestreden";"18-24 m";"16-06-2020";"POINT(4.844638,52.364577)";"POINT(52.364577,4.844638)";4.844638;52.364577;
88;"487667";"bestreden";"15-18 m";"16-06-2020";"POINT(4.948709,52.362877)";"POINT(52.362877,4.948709)";4.948709;52.362877;
89;"487667_d1_d0";"bestreden";"15-18 m";"16-06-2020";"POINT(4.948993,52.362989)";"POINT(52.362989,4.948993)";4.948993;52.362989;
90;"472155";"bestreden";"9-12 m";"16-06-2020";"POINT(4.882685,52.412948)";"POINT(52.412948,4.882685)";4.882685;52.412948;
91;"GGDzo003";"bestreden";"9-12 m";"16-06-2020";"POINT(4.919995,52.317214)";"POINT(52.317214,4.919995)";4.919995;52.317214;
92;"ZOJB01";"bestreden";"12-15 m";"16-06-2020";"POINT(4.916806,52.322382)";"POINT(52.322382,4.916806)";4.916806;52.322382;
93;"560976";"bestreden";"18-24 m";"16-06-2020";"POINT(4.920849,52.320919)";"POINT(52.320919,4.920849)";4.920849;52.320919;
94;"669004";"bestreden";"";"16-06-2020";"POINT(4.833856,52.320076)";"POINT(52.320076,4.833856)";4.833856;52.320076;
95;"1554743";"bestreden";"15-18 m";"17-06-2020";"POINT(4.848515,52.366801)";"POINT(52.366801,4.848515)";4.848515;52.366801;
96;"391776_d13";"bestreden";"15-18 m";"17-06-2020";"POINT(4.806949,52.339143)";"POINT(52.339143,4.806949)";4.806949;52.339143;
97;"553969";"bestreden";"15-18 m";"17-06-2020";"POINT(4.978917,52.301164)";"POINT(52.301164,4.978917)";4.978917;52.301164;
98;"zojb30";"bestreden";"12-15 m";"17-06-2020";"POINT(4.97292,52.302905)";"POINT(52.302905,4.97292)";4.97292;52.302905;
99;"391785";"bestreden";"15-18 m";"17-06-2020";"POINT(4.806742,52.339262)";"POINT(52.339262,4.806742)";4.806742;52.339262;
100;"546824";"bestreden";"12-15 m";"17-06-2020";"POINT(4.986193,52.321422)";"POINT(52.321422,4.986193)";4.986193;52.321422;
101;"546866";"bestreden";"12-15 m";"17-06-2020";"POINT(4.986726,52.321184)";"POINT(52.321184,4.986726)";4.986726;52.321184;
102;"546837";"bestreden";"9-12 m";"17-06-2020";"POINT(4.987067,52.321177)";"POINT(52.321177,4.987067)";4.987067;52.321177;
103;"AMBO33547";"bestreden";">24 m";"17-06-2020";"POINT(4.824808,52.321687)";"POINT(52.321687,4.824808)";4.824808;52.321687;
104;"546836";"bestreden";"12-15 m";"17-06-2020";"POINT(4.987481,52.321147)";"POINT(52.321147,4.987481)";4.987481;52.321147;
105;"554574";"bestreden";"12-15 m";"17-06-2020";"POINT(4.986176,52.297872)";"POINT(52.297872,4.986176)";4.986176;52.297872;
106;"593234";"bestreden";"9-12 m";"17-06-2020";"POINT(4.983765,52.297954)";"POINT(52.297954,4.983765)";4.983765;52.297954;
107;"554275";"bestreden";"9-12 m";"17-06-2020";"POINT(4.982811,52.29743)";"POINT(52.29743,4.982811)";4.982811;52.29743;
108;"554280";"bestreden";"12-15 m";"17-06-2020";"POINT(4.983194,52.297841)";"POINT(52.297841,4.983194)";4.983194;52.297841;
109;"593257";"bestreden";"9-12 m";"17-06-2020";"POINT(4.984863,52.297956)";"POINT(52.297956,4.984863)";4.984863;52.297956;
110;"NT6161";"bestreden";"9-12 m";"17-06-2020";"POINT(4.983254,52.29736)";"POINT(52.29736,4.983254)";4.983254;52.29736;
111;"593263";"bestreden";"9-12 m";"17-06-2020";"POINT(4.985225,52.297923)";"POINT(52.297923,4.985225)";4.985225;52.297923;
112;"408992";"bestreden";"15-18 m";"17-06-2020";"POINT(4.847661,52.364735)";"POINT(52.364735,4.847661)";4.847661;52.364735;
113;"363727";"bestreden";"18-24 m";"17-06-2020";"POINT(4.849595,52.365413)";"POINT(52.365413,4.849595)";4.849595;52.365413;
114;"389532";"bestreden";"15-18 m";"17-06-2020";"POINT(4.845613,52.363768)";"POINT(52.363768,4.845613)";4.845613;52.363768;
115;"66826630";"bestreden";"18-24 m";"17-06-2020";"POINT(4.825651,52.321814)";"POINT(52.321814,4.825651)";4.825651;52.321814;
116;"6682233";"bestreden";"18-24 m";"17-06-2020";"POINT(4.825816,52.321536)";"POINT(52.321536,4.825816)";4.825816;52.321536;
117;"1550990";"bestreden";"15-18 m";"17-06-2020";"POINT(4.803925,52.33914)";"POINT(52.33914,4.803925)";4.803925;52.33914;
118;"6682347";"bestreden";">24 m";"17-06-2020";"POINT(4.825012,52.321295)";"POINT(52.321295,4.825012)";4.825012;52.321295;
119;"66826632";"bestreden";">24 m";"17-06-2020";"POINT(4.824734,52.321298)";"POINT(52.321298,4.824734)";4.824734;52.321298;
120;"zojb32";"bestreden";"15-18 m";"17-06-2020";"POINT(4.973029,52.302919)";"POINT(52.302919,4.973029)";4.973029;52.302919;
121;"zojb31";"bestreden";"9-12 m";"17-06-2020";"POINT(4.973014,52.302895)";"POINT(52.302895,4.973014)";4.973014;52.302895;
122;"550418";"bestreden";"15-18 m";"17-06-2020";"POINT(4.972682,52.302944)";"POINT(52.302944,4.972682)";4.972682;52.302944;
123;"546823";"bestreden";"12-15 m";"17-06-2020";"POINT(4.986375,52.321101)";"POINT(52.321101,4.986375)";4.986375;52.321101;
124;"545933";"bestreden";"15-18 m";"18-06-2020";"POINT(4.977164,52.317164)";"POINT(52.317164,4.977164)";4.977164;52.317164;
125;"545930";"bestreden";"15-18 m";"18-06-2020";"POINT(4.97735,52.317151)";"POINT(52.317151,4.97735)";4.97735;52.317151;
126;"6682312";"bestreden";"18-24 m";"18-06-2020";"POINT(4.827542,52.321925)";"POINT(52.321925,4.827542)";4.827542;52.321925;
127;"900941";"bestreden";"6-9 m";"18-06-2020";"POINT(4.976907,52.316883)";"POINT(52.316883,4.976907)";4.976907;52.316883;
128;"66826646";"bestreden";"18-24 m";"18-06-2020";"POINT(4.827489,52.321904)";"POINT(52.321904,4.827489)";4.827489;52.321904;
129;"6682308";"bestreden";"18-24 m";"18-06-2020";"POINT(4.827594,52.321857)";"POINT(52.321857,4.827594)";4.827594;52.321857;
130;"_N_145449820000";"bestreden";"12-15 m";"18-06-2020";"POINT(4.836867,52.336901)";"POINT(52.336901,4.836867)";4.836867;52.336901;
131;"666988";"bestreden";"6-9 m";"18-06-2020";"POINT(4.831331,52.337382)";"POINT(52.337382,4.831331)";4.831331;52.337382;
132;"F02560";"bestreden";"6-9 m";"18-06-2020";"POINT(4.828248,52.337413)";"POINT(52.337413,4.828248)";4.828248;52.337413;
133;"66826619";"bestreden";"6-9 m";"18-06-2020";"POINT(4.828316,52.337479)";"POINT(52.337479,4.828316)";4.828316;52.337479;
134;"6682307";"bestreden";">24 m";"18-06-2020";"POINT(4.827614,52.321678)";"POINT(52.321678,4.827614)";4.827614;52.321678;
135;"666990";"bestreden";"6-9 m";"18-06-2020";"POINT(4.828854,52.33763)";"POINT(52.33763,4.828854)";4.828854;52.33763;
136;"6682305";"bestreden";">24 m";"18-06-2020";"POINT(4.827529,52.321558)";"POINT(52.321558,4.827529)";4.827529;52.321558;
137;"545958";"bestreden";"15-18 m";"18-06-2020";"POINT(4.977155,52.317339)";"POINT(52.317339,4.977155)";4.977155;52.317339;
138;"545960";"bestreden";"15-18 m";"18-06-2020";"POINT(4.977013,52.317284)";"POINT(52.317284,4.977013)";4.977013;52.317284;
139;"545953";"bestreden";"15-18 m";"18-06-2020";"POINT(4.976306,52.317601)";"POINT(52.317601,4.976306)";4.976306;52.317601;
140;"545952";"bestreden";"12-15 m";"18-06-2020";"POINT(4.976332,52.317551)";"POINT(52.317551,4.976332)";4.976332;52.317551;
141;"545951";"bestreden";"18-24 m";"18-06-2020";"POINT(4.976244,52.317484)";"POINT(52.317484,4.976244)";4.976244;52.317484;
142;"6682304";"bestreden";">24 m";"18-06-2020";"POINT(4.827545,52.321485)";"POINT(52.321485,4.827545)";4.827545;52.321485;
143;"_N_095615582000";"bestreden";"6-9 m";"18-06-2020";"POINT(4.821716,52.336097)";"POINT(52.336097,4.821716)";4.821716;52.336097;
144;"NAMBO146973";"bestreden";"18-24 m";"27-03-2020";"POINT(4.825439,52.294084)";"POINT(52.294084,4.825439)";4.825439;52.294084;
145;"NAMBO145651";"bestreden";"18-24 m";"27-03-2020";"POINT(4.825499,52.294102)";"POINT(52.294102,4.825499)";4.825499;52.294102;
146;"NAMBO145650_d3";"bestreden";"18-24 m";"27-03-2020";"POINT(4.825635,52.294103)";"POINT(52.294103,4.825635)";4.825635;52.294103;
147;"NAMBO145656_d4";"bestreden";"18-24 m";"27-03-2020";"POINT(4.825717,52.294079)";"POINT(52.294079,4.825717)";4.825717;52.294079;
148;"NAMBO145661_d5";"bestreden";"18-24 m";"27-03-2020";"POINT(4.826113,52.294221)";"POINT(52.294221,4.826113)";4.826113;52.294221;
149;"NAMBO145665_d6";"bestreden";"15-18 m";"27-03-2020";"POINT(4.826413,52.294328)";"POINT(52.294328,4.826413)";4.826413;52.294328;
150;"66826542_d10";"bestreden";"18-24 m";"27-03-2020";"POINT(4.830664,52.296205)";"POINT(52.296205,4.830664)";4.830664;52.296205;
151;"66826540";"bestreden";"18-24 m";"27-03-2020";"POINT(4.830879,52.296175)";"POINT(52.296175,4.830879)";4.830879;52.296175;
152;"6682654_d11";"bestreden";"18-24 m";"27-03-2020";"POINT(4.830791,52.296252)";"POINT(52.296252,4.830791)";4.830791;52.296252;
153;"AMBO917066";"bestreden";"18-24 m";"27-03-2020";"POINT(4.831181,52.296511)";"POINT(52.296511,4.831181)";4.831181;52.296511;
154;"AMBO91706_d12";"bestreden";"18-24 m";"27-03-2020";"POINT(4.831061,52.296591)";"POINT(52.296591,4.831061)";4.831061;52.296591;
155;"6682649_d13";"bestreden";"18-24 m";"27-03-2020";"POINT(4.831128,52.296614)";"POINT(52.296614,4.831128)";4.831128;52.296614;
156;"AMBO91638";"bestreden";"15-18 m";"27-03-2020";"POINT(4.831232,52.296614)";"POINT(52.296614,4.831232)";4.831232;52.296614;
157;"AMBO91639";"bestreden";"18-24 m";"27-03-2020";"POINT(4.831236,52.296654)";"POINT(52.296654,4.831236)";4.831236;52.296654;
158;"AMBO91640";"bestreden";"18-24 m";"27-03-2020";"POINT(4.831161,52.296692)";"POINT(52.296692,4.831161)";4.831161;52.296692;
159;"AMBO91641";"bestreden";"18-24 m";"27-03-2020";"POINT(4.831297,52.29671)";"POINT(52.29671,4.831297)";4.831297;52.29671;
160;"AMBO91642";"bestreden";"18-24 m";"27-03-2020";"POINT(4.831166,52.296748)";"POINT(52.296748,4.831166)";4.831166;52.296748;
161;"AMBO91643";"bestreden";"18-24 m";"27-03-2020";"POINT(4.831138,52.296796)";"POINT(52.296796,4.831138)";4.831138;52.296796;
162;"6682458_d14";"bestreden";"18-24 m";"27-03-2020";"POINT(4.817866,52.298081)";"POINT(52.298081,4.817866)";4.817866;52.298081;
163;"6682646_d15";"bestreden";"18-24 m";"27-03-2020";"POINT(4.831071,52.296853)";"POINT(52.296853,4.831071)";4.831071;52.296853;
164;"AMBO91645";"bestreden";"15-18 m";"27-03-2020";"POINT(4.831165,52.296873)";"POINT(52.296873,4.831165)";4.831165;52.296873;
165;"AMBO91728_d16";"bestreden";"18-24 m";"27-03-2020";"POINT(4.830979,52.296943)";"POINT(52.296943,4.830979)";4.830979;52.296943;
166;"6682459_d17";"bestreden";"18-24 m";"27-03-2020";"POINT(4.817966,52.298055)";"POINT(52.298055,4.817966)";4.817966;52.298055;
167;"6682465_d18";"bestreden";"15-18 m";"27-03-2020";"POINT(4.818405,52.297297)";"POINT(52.297297,4.818405)";4.818405;52.297297;
168;"AMBO87617";"bestreden";"18-24 m";"27-03-2020";"POINT(4.818656,52.29729)";"POINT(52.29729,4.818656)";4.818656;52.29729;
169;"6682467_d19";"bestreden";"18-24 m";"27-03-2020";"POINT(4.818679,52.297244)";"POINT(52.297244,4.818679)";4.818679;52.297244;
170;"AMBO87614";"bestreden";"15-18 m";"27-03-2020";"POINT(4.818883,52.297192)";"POINT(52.297192,4.818883)";4.818883;52.297192;
171;"AMBO87615";"bestreden";"15-18 m";"27-03-2020";"POINT(4.818816,52.297053)";"POINT(52.297053,4.818816)";4.818816;52.297053;
172;"6682468_d20";"bestreden";">24 m";"27-03-2020";"POINT(4.819042,52.297134)";"POINT(52.297134,4.819042)";4.819042;52.297134;
173;"6682469_d21";"bestreden";"18-24 m";"27-03-2020";"POINT(4.819192,52.297141)";"POINT(52.297141,4.819192)";4.819192;52.297141;
174;"6682470_d22";"bestreden";"18-24 m";"27-03-2020";"POINT(4.819308,52.297187)";"POINT(52.297187,4.819308)";4.819308;52.297187;
175;"6682474_d23";"bestreden";"18-24 m";"27-03-2020";"POINT(4.819271,52.297034)";"POINT(52.297034,4.819271)";4.819271;52.297034;
176;"6682475_d24";"bestreden";"18-24 m";"27-03-2020";"POINT(4.819153,52.296987)";"POINT(52.296987,4.819153)";4.819153;52.296987;
177;"6682476_d25";"bestreden";"18-24 m";"27-03-2020";"POINT(4.818974,52.296943)";"POINT(52.296943,4.818974)";4.818974;52.296943;
178;"6682477_d26";"bestreden";"18-24 m";"27-03-2020";"POINT(4.818931,52.296928)";"POINT(52.296928,4.818931)";4.818931;52.296928;
179;"AMBO87558";"bestreden";"15-18 m";"27-03-2020";"POINT(4.819849,52.294931)";"POINT(52.294931,4.819849)";4.819849;52.294931;
180;"66826549_d27";"bestreden";"15-18 m";"27-03-2020";"POINT(4.819897,52.294963)";"POINT(52.294963,4.819897)";4.819897;52.294963;
181;"AMBO87555";"bestreden";"18-24 m";"27-03-2020";"POINT(4.820022,52.294836)";"POINT(52.294836,4.820022)";4.820022;52.294836;
182;"AMBO87552";"bestreden";"15-18 m";"27-03-2020";"POINT(4.82018,52.294711)";"POINT(52.294711,4.82018)";4.82018;52.294711;
183;"AMBO87541";"bestreden";"18-24 m";"27-03-2020";"POINT(4.820404,52.294468)";"POINT(52.294468,4.820404)";4.820404;52.294468;
184;"6682454_d29";"bestreden";"18-24 m";"27-03-2020";"POINT(4.820598,52.301681)";"POINT(52.301681,4.820598)";4.820598;52.301681;
185;"6682492_d30";"bestreden";"12-15 m";"27-03-2020";"POINT(4.811643,52.303943)";"POINT(52.303943,4.811643)";4.811643;52.303943;
186;"AMBO82519";"bestreden";">24 m";"27-03-2020";"POINT(4.813264,52.304014)";"POINT(52.304014,4.813264)";4.813264;52.304014;
187;"AMBO84554";"bestreden";"18-24 m";"27-03-2020";"POINT(4.820671,52.301628)";"POINT(52.301628,4.820671)";4.820671;52.301628;
188;"668051_d31";"bestreden";"18-24 m";"27-03-2020";"POINT(4.82078,52.301491)";"POINT(52.301491,4.82078)";4.82078;52.301491;
189;"AMBO84560";"bestreden";"18-24 m";"27-03-2020";"POINT(4.820796,52.301371)";"POINT(52.301371,4.820796)";4.820796;52.301371;
190;"6682456_d32";"bestreden";"18-24 m";"27-03-2020";"POINT(4.820551,52.301677)";"POINT(52.301677,4.820551)";4.820551;52.301677;
191;"6682455_d33";"bestreden";"18-24 m";"27-03-2020";"POINT(4.820545,52.301721)";"POINT(52.301721,4.820545)";4.820545;52.301721;
192;"668202_d34";"bestreden";"18-24 m";"27-03-2020";"POINT(4.814898,52.304658)";"POINT(52.304658,4.814898)";4.814898;52.304658;
193;"668207_d35";"bestreden";"18-24 m";"27-03-2020";"POINT(4.814948,52.304555)";"POINT(52.304555,4.814948)";4.814948;52.304555;
194;"668211_d36";"bestreden";"18-24 m";"27-03-2020";"POINT(4.814945,52.304444)";"POINT(52.304444,4.814945)";4.814945;52.304444;
195;"668210_d37";"bestreden";"18-24 m";"27-03-2020";"POINT(4.81494,52.304463)";"POINT(52.304463,4.81494)";4.81494;52.304463;
196;"668209_d38";"bestreden";"18-24 m";"27-03-2020";"POINT(4.814951,52.304503)";"POINT(52.304503,4.814951)";4.814951;52.304503;
197;"668208_d39";"bestreden";"18-24 m";"27-03-2020";"POINT(4.814948,52.304529)";"POINT(52.304529,4.814948)";4.814948;52.304529;
198;"668206_d40";"bestreden";"18-24 m";"27-03-2020";"POINT(4.815408,52.304548)";"POINT(52.304548,4.815408)";4.815408;52.304548;
199;"668205_d41";"bestreden";"18-24 m";"27-03-2020";"POINT(4.815476,52.304509)";"POINT(52.304509,4.815476)";4.815476;52.304509;
200;"6682497_d42";"bestreden";"15-18 m";"27-03-2020";"POINT(4.813411,52.304015)";"POINT(52.304015,4.813411)";4.813411;52.304015;
201;"6682605_d43";"bestreden";">24 m";"27-03-2020";"POINT(4.813234,52.303929)";"POINT(52.303929,4.813234)";4.813234;52.303929;
202;"6682603_d44";"bestreden";">24 m";"27-03-2020";"POINT(4.813188,52.303882)";"POINT(52.303882,4.813188)";4.813188;52.303882;
203;"338009";"bestreden";"6-9 m";"27-03-2020";"POINT(4.820062,52.300636)";"POINT(52.300636,4.820062)";4.820062;52.300636;
204;"545929";"bestreden";"15-18 m";"18-06-2020";"POINT(4.977361,52.317253)";"POINT(52.317253,4.977361)";4.977361;52.317253;
205;"6682311";"bestreden";"18-24 m";"18-06-2020";"POINT(4.827557,52.321978)";"POINT(52.321978,4.827557)";4.827557;52.321978;
206;"546845";"bestreden";"12-15 m";"18-06-2020";"POINT(4.988519,52.320805)";"POINT(52.320805,4.988519)";4.988519;52.320805;
207;"389614";"bestreden";"6-9 m";"18-06-2020";"POINT(4.836782,52.336906)";"POINT(52.336906,4.836782)";4.836782;52.336906;
208;"666985";"bestreden";"6-9 m";"18-06-2020";"POINT(4.835333,52.337234)";"POINT(52.337234,4.835333)";4.835333;52.337234;
209;"AMBO35534";"bestreden";"18-24 m";"18-06-2020";"POINT(4.8276,52.321768)";"POINT(52.321768,4.8276)";4.8276;52.321768;
210;"6682309_d4";"bestreden";"18-24 m";"18-06-2020";"POINT(4.827607,52.3219)";"POINT(52.3219,4.827607)";4.827607;52.3219;
211;"547103";"bestreden";"12-15 m";"18-06-2020";"POINT(4.988807,52.320111)";"POINT(52.320111,4.988807)";4.988807;52.320111;
212;"689000";"bestreden";"";"18-06-2020";"POINT(4.834538,52.32065)";"POINT(52.32065,4.834538)";4.834538;52.32065;
213;"547095";"bestreden";"12-15 m";"18-06-2020";"POINT(4.988221,52.320346)";"POINT(52.320346,4.988221)";4.988221;52.320346;
214;"T92667";"bestreden";"12-15 m";"18-06-2020";"POINT(4.988417,52.320594)";"POINT(52.320594,4.988417)";4.988417;52.320594;
215;"F02559";"bestreden";"9-12 m";"18-06-2020";"POINT(4.830032,52.337436)";"POINT(52.337436,4.830032)";4.830032;52.337436;
216;"594704";"bestreden";"12-15 m";"18-06-2020";"POINT(4.986973,52.320627)";"POINT(52.320627,4.986973)";4.986973;52.320627;
217;"6682306";"bestreden";">24 m";"18-06-2020";"POINT(4.827506,52.321624)";"POINT(52.321624,4.827506)";4.827506;52.321624;
218;"546631";"bestreden";"6-9 m";"18-06-2020";"POINT(4.976908,52.317258)";"POINT(52.317258,4.976908)";4.976908;52.317258;
219;"NT121185";"bestreden";"";"18-06-2020";"POINT(4.976912,52.317263)";"POINT(52.317263,4.976912)";4.976912;52.317263;
220;"546629";"bestreden";"6-9 m";"18-06-2020";"POINT(4.976766,52.317206)";"POINT(52.317206,4.976766)";4.976766;52.317206;
221;"545963";"bestreden";"15-18 m";"18-06-2020";"POINT(4.976824,52.317284)";"POINT(52.317284,4.976824)";4.976824;52.317284;
222;"545962";"bestreden";"18-24 m";"18-06-2020";"POINT(4.976671,52.317182)";"POINT(52.317182,4.976671)";4.976671;52.317182;
223;"545961";"bestreden";"18-24 m";"18-06-2020";"POINT(4.976715,52.317293)";"POINT(52.317293,4.976715)";4.976715;52.317293;
224;"546625";"bestreden";"";"18-06-2020";"POINT(4.976542,52.317616)";"POINT(52.317616,4.976542)";4.976542;52.317616;
225;"545955";"bestreden";"18-24 m";"18-06-2020";"POINT(4.976178,52.317516)";"POINT(52.317516,4.976178)";4.976178;52.317516;
226;"545954";"bestreden";"15-18 m";"18-06-2020";"POINT(4.976085,52.317533)";"POINT(52.317533,4.976085)";4.976085;52.317533;
227;"NT121179";"bestreden";"6-9 m";"18-06-2020";"POINT(4.976066,52.317397)";"POINT(52.317397,4.976066)";4.976066;52.317397;
228;"545982";"bestreden";"";"18-06-2020";"POINT(4.976115,52.317322)";"POINT(52.317322,4.976115)";4.976115;52.317322;
229;"545979";"bestreden";"";"18-06-2020";"POINT(4.976162,52.31729)";"POINT(52.31729,4.976162)";4.976162;52.31729;
230;"545980";"bestreden";"15-18 m";"18-06-2020";"POINT(4.976285,52.317232)";"POINT(52.317232,4.976285)";4.976285;52.317232;
231;"545977";"bestreden";"15-18 m";"18-06-2020";"POINT(4.9763,52.317177)";"POINT(52.317177,4.9763)";4.9763;52.317177;
232;"_N_095607362000";"bestreden";"9-12 m";"18-06-2020";"POINT(4.821392,52.336043)";"POINT(52.336043,4.821392)";4.821392;52.336043;
233;"F02551";"bestreden";"9-12 m";"18-06-2020";"POINT(4.820815,52.335952)";"POINT(52.335952,4.820815)";4.820815;52.335952;
234;"546627";"bestreden";"6-9 m";"18-06-2020";"POINT(4.976299,52.317066)";"POINT(52.317066,4.976299)";4.976299;52.317066;
235;"546628";"bestreden";"6-9 m";"18-06-2020";"POINT(4.976416,52.317086)";"POINT(52.317086,4.976416)";4.976416;52.317086;
236;"NT107452";"bestreden";"15-18 m";"18-06-2020";"POINT(4.976129,52.317233)";"POINT(52.317233,4.976129)";4.976129;52.317233;
237;"545981";"bestreden";"15-18 m";"18-06-2020";"POINT(4.976071,52.317286)";"POINT(52.317286,4.976071)";4.976071;52.317286;
238;"545988";"bestreden";"18-24 m";"18-06-2020";"POINT(4.975783,52.317236)";"POINT(52.317236,4.975783)";4.975783;52.317236;
239;"545986";"bestreden";"15-18 m";"18-06-2020";"POINT(4.975747,52.31733)";"POINT(52.31733,4.975747)";4.975747;52.31733;
240;"T107399";"bestreden";"18-24 m";"18-06-2020";"POINT(4.975415,52.317076)";"POINT(52.317076,4.975415)";4.975415;52.317076;
241;"545983";"bestreden";"18-24 m";"18-06-2020";"POINT(4.975638,52.317042)";"POINT(52.317042,4.975638)";4.975638;52.317042;
242;"545642";"bestreden";"15-18 m";"18-06-2020";"POINT(4.975702,52.316821)";"POINT(52.316821,4.975702)";4.975702;52.316821;
243;"545643";"bestreden";"15-18 m";"18-06-2020";"POINT(4.975586,52.316802)";"POINT(52.316802,4.975586)";4.975586;52.316802;
244;"546640";"bestreden";"6-9 m";"18-06-2020";"POINT(4.975382,52.316557)";"POINT(52.316557,4.975382)";4.975382;52.316557;
245;"545641";"bestreden";"18-24 m";"18-06-2020";"POINT(4.976855,52.317425)";"POINT(52.317425,4.976855)";4.976855;52.317425;
246;"546630";"bestreden";"6-9 m";"18-06-2020";"POINT(4.976783,52.317387)";"POINT(52.317387,4.976783)";4.976783;52.317387;
247;"595056";"bestreden";"18-24 m";"19-06-2020";"POINT(4.977277,52.317111)";"POINT(52.317111,4.977277)";4.977277;52.317111;
248;"433880";"bestreden";"12-15 m";"19-06-2020";"POINT(4.872651,52.418926)";"POINT(52.418926,4.872651)";4.872651;52.418926;
249;"545945";"bestreden";"18-24 m";"19-06-2020";"POINT(4.977347,52.31696)";"POINT(52.31696,4.977347)";4.977347;52.31696;
250;"NT107384";"bestreden";"";"19-06-2020";"POINT(4.97758,52.317049)";"POINT(52.317049,4.97758)";4.97758;52.317049;
251;"545938";"bestreden";"15-18 m";"19-06-2020";"POINT(4.977605,52.317021)";"POINT(52.317021,4.977605)";4.977605;52.317021;
252;"1541444";"bestreden";"12-15 m";"19-06-2020";"POINT(4.977459,52.316672)";"POINT(52.316672,4.977459)";4.977459;52.316672;
253;"666991";"bestreden";"0-6 m";"19-06-2020";"POINT(4.814147,52.335362)";"POINT(52.335362,4.814147)";4.814147;52.335362;
254;"NT107376";"bestreden";"15-18 m";"19-06-2020";"POINT(4.977305,52.317155)";"POINT(52.317155,4.977305)";4.977305;52.317155;
255;"66826652";"bestreden";"0-6 m";"19-06-2020";"POINT(4.813086,52.335292)";"POINT(52.335292,4.813086)";4.813086;52.335292;
256;"66826647";"bestreden";"6-9 m";"19-06-2020";"POINT(4.814538,52.33553)";"POINT(52.33553,4.814538)";4.814538;52.33553;
257;"66826689";"bestreden";"6-9 m";"19-06-2020";"POINT(4.809795,52.333257)";"POINT(52.333257,4.809795)";4.809795;52.333257;
258;"467746";"bestreden";"9-12 m";"19-06-2020";"POINT(4.895999,52.41413)";"POINT(52.41413,4.895999)";4.895999;52.41413;
259;"430304";"bestreden";"12-15 m";"19-06-2020";"POINT(4.896331,52.414406)";"POINT(52.414406,4.896331)";4.896331;52.414406;
260;"666978";"bestreden";"9-12 m";"19-06-2020";"POINT(4.813978,52.334726)";"POINT(52.334726,4.813978)";4.813978;52.334726;
261;"66826653";"bestreden";"9-12 m";"19-06-2020";"POINT(4.812547,52.33396)";"POINT(52.33396,4.812547)";4.812547;52.33396;
262;"666977";"bestreden";"9-12 m";"19-06-2020";"POINT(4.812721,52.33398)";"POINT(52.33398,4.812721)";4.812721;52.33398;
263;"666976";"bestreden";"0-6 m";"19-06-2020";"POINT(4.809868,52.331909)";"POINT(52.331909,4.809868)";4.809868;52.331909;
264;"429135";"bestreden";"9-12 m";"19-06-2020";"POINT(4.895077,52.413205)";"POINT(52.413205,4.895077)";4.895077;52.413205;
265;"429134";"bestreden";"12-15 m";"19-06-2020";"POINT(4.895048,52.413176)";"POINT(52.413176,4.895048)";4.895048;52.413176;
266;"NAMBO145533";"bestreden";"18-24 m";"19-06-2020";"POINT(4.842024,52.317932)";"POINT(52.317932,4.842024)";4.842024;52.317932;
267;"AMBO91791";"bestreden";">24 m";"19-06-2020";"POINT(4.842037,52.317871)";"POINT(52.317871,4.842037)";4.842037;52.317871;
268;"546526";"bestreden";"18-24 m";"19-06-2020";"POINT(4.979617,52.318635)";"POINT(52.318635,4.979617)";4.979617;52.318635;
269;"546500";"bestreden";"18-24 m";"19-06-2020";"POINT(4.98035,52.318055)";"POINT(52.318055,4.98035)";4.98035;52.318055;
270;"466987";"bestreden";"9-12 m";"19-06-2020";"POINT(4.905123,52.403061)";"POINT(52.403061,4.905123)";4.905123;52.403061;
271;"464216";"bestreden";"9-12 m";"19-06-2020";"POINT(4.904471,52.403421)";"POINT(52.403421,4.904471)";4.904471;52.403421;
272;"546534";"bestreden";"18-24 m";"19-06-2020";"POINT(4.979804,52.318583)";"POINT(52.318583,4.979804)";4.979804;52.318583;
273;"466984";"bestreden";"9-12 m";"19-06-2020";"POINT(4.905873,52.402712)";"POINT(52.402712,4.905873)";4.905873;52.402712;
274;"666973";"bestreden";"9-12 m";"19-06-2020";"POINT(4.813697,52.329898)";"POINT(52.329898,4.813697)";4.813697;52.329898;
275;"66826659";"bestreden";"0-6 m";"19-06-2020";"POINT(4.811079,52.33099)";"POINT(52.33099,4.811079)";4.811079;52.33099;
276;"545935";"bestreden";"18-24 m";"19-06-2020";"POINT(4.977361,52.317066)";"POINT(52.317066,4.977361)";4.977361;52.317066;
277;"545943";"bestreden";"15-18 m";"19-06-2020";"POINT(4.977409,52.317018)";"POINT(52.317018,4.977409)";4.977409;52.317018;
278;"545936";"bestreden";"18-24 m";"19-06-2020";"POINT(4.977487,52.317044)";"POINT(52.317044,4.977487)";4.977487;52.317044;
279;"545934";"bestreden";"15-18 m";"19-06-2020";"POINT(4.977192,52.31701)";"POINT(52.31701,4.977192)";4.977192;52.31701;
280;"NT107375";"bestreden";"18-24 m";"19-06-2020";"POINT(4.977548,52.317171)";"POINT(52.317171,4.977548)";4.977548;52.317171;
281;"NT902396";"bestreden";"18-24 m";"19-06-2020";"POINT(4.977475,52.317159)";"POINT(52.317159,4.977475)";4.977475;52.317159;
282;"545925";"bestreden";"12-15 m";"19-06-2020";"POINT(4.977406,52.316632)";"POINT(52.316632,4.977406)";4.977406;52.316632;
283;"66826690";"bestreden";"0-6 m";"19-06-2020";"POINT(4.810242,52.33394)";"POINT(52.33394,4.810242)";4.810242;52.33394;
284;"_N_101631248000";"bestreden";"6-9 m";"19-06-2020";"POINT(4.810237,52.333703)";"POINT(52.333703,4.810237)";4.810237;52.333703;
285;"387039";"bestreden";"6-9 m";"19-06-2020";"POINT(4.809617,52.333609)";"POINT(52.333609,4.809617)";4.809617;52.333609;
286;"387040";"bestreden";"6-9 m";"19-06-2020";"POINT(4.809546,52.333552)";"POINT(52.333552,4.809546)";4.809546;52.333552;
287;"6682288";"bestreden";"6-9 m";"19-06-2020";"POINT(4.809913,52.333307)";"POINT(52.333307,4.809913)";4.809913;52.333307;
288;"666995";"bestreden";"6-9 m";"19-06-2020";"POINT(4.81011,52.333389)";"POINT(52.333389,4.81011)";4.81011;52.333389;
289;"1553423";"bestreden";"6-9 m";"19-06-2020";"POINT(4.810909,52.33379)";"POINT(52.33379,4.810909)";4.810909;52.33379;
290;"430306";"bestreden";"15-18 m";"19-06-2020";"POINT(4.896514,52.414541)";"POINT(52.414541,4.896514)";4.896514;52.414541;
291;"430301";"bestreden";"15-18 m";"19-06-2020";"POINT(4.895898,52.414082)";"POINT(52.414082,4.895898)";4.895898;52.414082;
292;"66826691";"bestreden";"6-9 m";"19-06-2020";"POINT(4.812018,52.333871)";"POINT(52.333871,4.812018)";4.812018;52.333871;
293;"430319";"bestreden";"15-18 m";"19-06-2020";"POINT(4.896514,52.413403)";"POINT(52.413403,4.896514)";4.896514;52.413403;
294;"66826666";"bestreden";"9-12 m";"19-06-2020";"POINT(4.81055,52.331474)";"POINT(52.331474,4.81055)";4.81055;52.331474;
295;"66826664";"bestreden";"9-12 m";"19-06-2020";"POINT(4.810065,52.331457)";"POINT(52.331457,4.810065)";4.810065;52.331457;
296;"66826665";"bestreden";"9-12 m";"19-06-2020";"POINT(4.810454,52.331459)";"POINT(52.331459,4.810454)";4.810454;52.331459;
297;"667054";"bestreden";"18-24 m";"19-06-2020";"POINT(4.842036,52.317808)";"POINT(52.317808,4.842036)";4.842036;52.317808;
298;"667429";"bestreden";"15-18 m";"19-06-2020";"POINT(4.842267,52.317728)";"POINT(52.317728,4.842267)";4.842267;52.317728;
299;"668156";"bestreden";"18-24 m";"19-06-2020";"POINT(4.842158,52.317402)";"POINT(52.317402,4.842158)";4.842158;52.317402;
300;"546530";"bestreden";"18-24 m";"19-06-2020";"POINT(4.979754,52.318624)";"POINT(52.318624,4.979754)";4.979754;52.318624;
301;"666972";"bestreden";"15-18 m";"19-06-2020";"POINT(4.816337,52.328349)";"POINT(52.328349,4.816337)";4.816337;52.328349;
302;"F02529";"bestreden";"9-12 m";"19-06-2020";"POINT(4.815236,52.329004)";"POINT(52.329004,4.815236)";4.815236;52.329004;
303;"NT108121";"bestreden";"";"19-06-2020";"POINT(4.979181,52.31864)";"POINT(52.31864,4.979181)";4.979181;52.31864;
304;"468585";"bestreden";"12-15 m";"19-06-2020";"POINT(4.906019,52.402816)";"POINT(52.402816,4.906019)";4.906019;52.402816;
305;"F02545";"bestreden";"9-12 m";"19-06-2020";"POINT(4.811528,52.330753)";"POINT(52.330753,4.811528)";4.811528;52.330753;
306;"66826673";"bestreden";"9-12 m";"19-06-2020";"POINT(4.811492,52.330772)";"POINT(52.330772,4.811492)";4.811492;52.330772;
307;"66826672";"bestreden";"12-15 m";"19-06-2020";"POINT(4.811319,52.330789)";"POINT(52.330789,4.811319)";4.811319;52.330789;
308;"546528";"bestreden";"18-24 m";"19-06-2020";"POINT(4.979513,52.318639)";"POINT(52.318639,4.979513)";4.979513;52.318639;
309;"66826667";"bestreden";"9-12 m";"19-06-2020";"POINT(4.811242,52.330833)";"POINT(52.330833,4.811242)";4.811242;52.330833;
310;"546527";"bestreden";"";"19-06-2020";"POINT(4.979563,52.318625)";"POINT(52.318625,4.979563)";4.979563;52.318625;
311;"66826668";"bestreden";"9-12 m";"19-06-2020";"POINT(4.811235,52.330848)";"POINT(52.330848,4.811235)";4.811235;52.330848;
312;"468586";"bestreden";"9-12 m";"19-06-2020";"POINT(4.905935,52.402851)";"POINT(52.402851,4.905935)";4.905935;52.402851;
313;"66826661";"bestreden";"9-12 m";"19-06-2020";"POINT(4.811181,52.330875)";"POINT(52.330875,4.811181)";4.811181;52.330875;
314;"66826660";"bestreden";"9-12 m";"19-06-2020";"POINT(4.811102,52.330967)";"POINT(52.330967,4.811102)";4.811102;52.330967;
315;"666983";"bestreden";"0-6 m";"19-06-2020";"POINT(4.82628,52.334964)";"POINT(52.334964,4.82628)";4.82628;52.334964;
316;"_N_095105087000";"bestreden";"0-6 m";"19-06-2020";"POINT(4.826331,52.334902)";"POINT(52.334902,4.826331)";4.826331;52.334902;
317;"6682284";"bestreden";"0-6 m";"19-06-2020";"POINT(4.810978,52.331252)";"POINT(52.331252,4.810978)";4.810978;52.331252;
318;"_N_095500779000";"bestreden";"12-15 m";"19-06-2020";"POINT(4.824947,52.335844)";"POINT(52.335844,4.824947)";4.824947;52.335844;
319;"F02553";"bestreden";"12-15 m";"19-06-2020";"POINT(4.824611,52.335171)";"POINT(52.335171,4.824611)";4.824611;52.335171;
320;"_N_095540220000";"bestreden";"9-12 m";"19-06-2020";"POINT(4.825141,52.33528)";"POINT(52.33528,4.825141)";4.825141;52.33528;
321;"_N_095433541000";"bestreden";"9-12 m";"19-06-2020";"POINT(4.825094,52.3354)";"POINT(52.3354,4.825094)";4.825094;52.3354;
322;"_N_095505753000";"bestreden";"12-15 m";"19-06-2020";"POINT(4.825153,52.335607)";"POINT(52.335607,4.825153)";4.825153;52.335607;
323;"F02554";"bestreden";"9-12 m";"19-06-2020";"POINT(4.826112,52.33504)";"POINT(52.33504,4.826112)";4.826112;52.33504;
324;"668155";"bestreden";"15-18 m";"19-06-2020";"POINT(4.842304,52.317499)";"POINT(52.317499,4.842304)";4.842304;52.317499;
325;"667055";"bestreden";"18-24 m";"19-06-2020";"POINT(4.84242,52.317492)";"POINT(52.317492,4.84242)";4.84242;52.317492;
326;"NAMBO145845";"bestreden";"18-24 m";"19-06-2020";"POINT(4.842489,52.317411)";"POINT(52.317411,4.842489)";4.842489;52.317411;
327;"668158";"bestreden";"18-24 m";"19-06-2020";"POINT(4.842932,52.317436)";"POINT(52.317436,4.842932)";4.842932;52.317436;
328;"66826896";"bestreden";"18-24 m";"19-06-2020";"POINT(4.843087,52.31745)";"POINT(52.31745,4.843087)";4.843087;52.31745;
329;"66826897";"bestreden";"18-24 m";"19-06-2020";"POINT(4.843249,52.317463)";"POINT(52.317463,4.843249)";4.843249;52.317463;
330;"66826898";"bestreden";"18-24 m";"19-06-2020";"POINT(4.843376,52.317458)";"POINT(52.317458,4.843376)";4.843376;52.317458;
331;"66826899";"bestreden";"18-24 m";"19-06-2020";"POINT(4.843556,52.317473)";"POINT(52.317473,4.843556)";4.843556;52.317473;
332;"66826900";"bestreden";"18-24 m";"19-06-2020";"POINT(4.843747,52.317457)";"POINT(52.317457,4.843747)";4.843747;52.317457;
333;"66826901";"bestreden";"18-24 m";"19-06-2020";"POINT(4.843939,52.317465)";"POINT(52.317465,4.843939)";4.843939;52.317465;
334;"66826903";"bestreden";"18-24 m";"19-06-2020";"POINT(4.844271,52.317472)";"POINT(52.317472,4.844271)";4.844271;52.317472;
335;"546462";"bestreden";"12-15 m";"22-06-2020";"POINT(4.975,52.318197)";"POINT(52.318197,4.975)";4.975;52.318197;
336;"546457";"bestreden";"18-24 m";"22-06-2020";"POINT(4.975029,52.318246)";"POINT(52.318246,4.975029)";4.975029;52.318246;
337;"546463";"bestreden";"15-18 m";"22-06-2020";"POINT(4.974926,52.31819)";"POINT(52.31819,4.974926)";4.974926;52.31819;
338;"546464";"bestreden";"18-24 m";"22-06-2020";"POINT(4.974841,52.318179)";"POINT(52.318179,4.974841)";4.974841;52.318179;
339;"66826698";"bestreden";"15-18 m";"22-06-2020";"POINT(4.805874,52.339918)";"POINT(52.339918,4.805874)";4.805874;52.339918;
340;"F02499";"bestreden";"15-18 m";"22-06-2020";"POINT(4.806171,52.339853)";"POINT(52.339853,4.806171)";4.806171;52.339853;
341;"546465";"bestreden";"12-15 m";"22-06-2020";"POINT(4.974752,52.318181)";"POINT(52.318181,4.974752)";4.974752;52.318181;
342;"66826697";"bestreden";"15-18 m";"22-06-2020";"POINT(4.80586,52.33965)";"POINT(52.33965,4.80586)";4.80586;52.33965;
343;"496846";"bestreden";"onbekend";"22-06-2020";"POINT(4.868257,52.392828)";"POINT(52.392828,4.868257)";4.868257;52.392828;
344;"496847";"bestreden";"0-6 m";"22-06-2020";"POINT(4.868307,52.392846)";"POINT(52.392846,4.868307)";4.868307;52.392846;
345;"391712";"bestreden";"15-18 m";"22-06-2020";"POINT(4.804195,52.337688)";"POINT(52.337688,4.804195)";4.804195;52.337688;
346;"NF154104";"bestreden";"12-15 m";"22-06-2020";"POINT(4.803906,52.337695)";"POINT(52.337695,4.803906)";4.803906;52.337695;
347;"391901";"bestreden";"12-15 m";"22-06-2020";"POINT(4.804395,52.33811)";"POINT(52.33811,4.804395)";4.804395;52.33811;
348;"391995";"bestreden";"15-18 m";"22-06-2020";"POINT(4.803461,52.337257)";"POINT(52.337257,4.803461)";4.803461;52.337257;
349;"NF153985";"bestreden";"15-18 m";"22-06-2020";"POINT(4.803856,52.337567)";"POINT(52.337567,4.803856)";4.803856;52.337567;
350;"6682513";"bestreden";"15-18 m";"22-06-2020";"POINT(4.803123,52.337697)";"POINT(52.337697,4.803123)";4.803123;52.337697;
351;"1550916";"bestreden";"15-18 m";"22-06-2020";"POINT(4.802249,52.338054)";"POINT(52.338054,4.802249)";4.802249;52.338054;
352;"1550993";"bestreden";"15-18 m";"22-06-2020";"POINT(4.803144,52.337632)";"POINT(52.337632,4.803144)";4.803144;52.337632;
353;"546467";"bestreden";"15-18 m";"22-06-2020";"POINT(4.974604,52.318302)";"POINT(52.318302,4.974604)";4.974604;52.318302;
354;"391586";"bestreden";"15-18 m";"22-06-2020";"POINT(4.802948,52.337128)";"POINT(52.337128,4.802948)";4.802948;52.337128;
355;"546474";"bestreden";"";"22-06-2020";"POINT(4.974663,52.318292)";"POINT(52.318292,4.974663)";4.974663;52.318292;
356;"AMBO91766_d1";"bestreden";"15-18 m";"22-06-2020";"POINT(4.854476,52.328274)";"POINT(52.328274,4.854476)";4.854476;52.328274;
357;"NF153996_d12";"bestreden";"15-18 m";"22-06-2020";"POINT(4.802955,52.337416)";"POINT(52.337416,4.802955)";4.802955;52.337416;
358;"337180_d5";"bestreden";"15-18 m";"22-06-2020";"POINT(4.854321,52.328298)";"POINT(52.328298,4.854321)";4.854321;52.328298;
359;"_N_160653237000";"bestreden";"15-18 m";"22-06-2020";"POINT(4.854379,52.328333)";"POINT(52.328333,4.854379)";4.854379;52.328333;
360;"337182_d3";"bestreden";"15-18 m";"22-06-2020";"POINT(4.854291,52.328338)";"POINT(52.328338,4.854291)";4.854291;52.328338;
361;"F02491_d5";"bestreden";"15-18 m";"22-06-2020";"POINT(4.802497,52.337541)";"POINT(52.337541,4.802497)";4.802497;52.337541;
362;"391706";"bestreden";"15-18 m";"22-06-2020";"POINT(4.802258,52.337167)";"POINT(52.337167,4.802258)";4.802258;52.337167;
363;"546476";"bestreden";"12-15 m";"22-06-2020";"POINT(4.974783,52.318299)";"POINT(52.318299,4.974783)";4.974783;52.318299;
364;"546475";"bestreden";"18-24 m";"22-06-2020";"POINT(4.974698,52.318331)";"POINT(52.318331,4.974698)";4.974698;52.318331;
365;"NT108034";"bestreden";"";"22-06-2020";"POINT(4.974931,52.318351)";"POINT(52.318351,4.974931)";4.974931;52.318351;
366;"546482";"bestreden";"15-18 m";"22-06-2020";"POINT(4.974904,52.318342)";"POINT(52.318342,4.974904)";4.974904;52.318342;
367;"T108033";"bestreden";"15-18 m";"22-06-2020";"POINT(4.974974,52.318331)";"POINT(52.318331,4.974974)";4.974974;52.318331;
368;"546458";"bestreden";"18-24 m";"22-06-2020";"POINT(4.974949,52.318417)";"POINT(52.318417,4.974949)";4.974949;52.318417;
369;"391877";"bestreden";"15-18 m";"22-06-2020";"POINT(4.805495,52.33962)";"POINT(52.33962,4.805495)";4.805495;52.33962;
370;"NF154000";"bestreden";"12-15 m";"22-06-2020";"POINT(4.805785,52.339427)";"POINT(52.339427,4.805785)";4.805785;52.339427;
371;"546466";"bestreden";"15-18 m";"22-06-2020";"POINT(4.974613,52.318195)";"POINT(52.318195,4.974613)";4.974613;52.318195;
372;"546468";"bestreden";"15-18 m";"22-06-2020";"POINT(4.974605,52.318243)";"POINT(52.318243,4.974605)";4.974605;52.318243;
373;"546469";"bestreden";"";"22-06-2020";"POINT(4.974677,52.318229)";"POINT(52.318229,4.974677)";4.974677;52.318229;
374;"546470";"bestreden";"18-24 m";"22-06-2020";"POINT(4.974738,52.318225)";"POINT(52.318225,4.974738)";4.974738;52.318225;
375;"NF154086";"bestreden";"15-18 m";"22-06-2020";"POINT(4.803958,52.339114)";"POINT(52.339114,4.803958)";4.803958;52.339114;
376;"391889";"bestreden";"15-18 m";"22-06-2020";"POINT(4.804007,52.339089)";"POINT(52.339089,4.804007)";4.804007;52.339089;
377;"66826696";"bestreden";"15-18 m";"22-06-2020";"POINT(4.804087,52.339036)";"POINT(52.339036,4.804087)";4.804087;52.339036;
378;"F02495";"bestreden";"15-18 m";"22-06-2020";"POINT(4.804643,52.338689)";"POINT(52.338689,4.804643)";4.804643;52.338689;
379;"391896";"bestreden";"15-18 m";"22-06-2020";"POINT(4.804734,52.338669)";"POINT(52.338669,4.804734)";4.804734;52.338669;
380;"NF154100";"bestreden";"15-18 m";"22-06-2020";"POINT(4.805006,52.338409)";"POINT(52.338409,4.805006)";4.805006;52.338409;
381;"NF154098";"bestreden";"15-18 m";"22-06-2020";"POINT(4.804478,52.338149)";"POINT(52.338149,4.804478)";4.804478;52.338149;
382;"391761";"bestreden";"15-18 m";"22-06-2020";"POINT(4.804284,52.337823)";"POINT(52.337823,4.804284)";4.804284;52.337823;
383;"NF154124";"bestreden";"9-12 m";"22-06-2020";"POINT(4.80517,52.338365)";"POINT(52.338365,4.80517)";4.80517;52.338365;
384;"NF154094";"bestreden";"12-15 m";"22-06-2020";"POINT(4.804875,52.338566)";"POINT(52.338566,4.804875)";4.804875;52.338566;
385;"496848";"bestreden";"";"22-06-2020";"POINT(4.868246,52.39286)";"POINT(52.39286,4.868246)";4.868246;52.39286;
386;"391913";"bestreden";"15-18 m";"22-06-2020";"POINT(4.803536,52.33764)";"POINT(52.33764,4.803536)";4.803536;52.33764;
387;"NF154109";"bestreden";"15-18 m";"22-06-2020";"POINT(4.803441,52.337583)";"POINT(52.337583,4.803441)";4.803441;52.337583;
388;"_N_160636487000_d2";"bestreden";"15-18 m";"22-06-2020";"POINT(4.85441,52.328275)";"POINT(52.328275,4.85441)";4.85441;52.328275;
389;"337181_d4";"bestreden";"15-18 m";"22-06-2020";"POINT(4.854413,52.328301)";"POINT(52.328301,4.854413)";4.854413;52.328301;
390;"546472";"bestreden";"18-24 m";"22-06-2020";"POINT(4.974652,52.318376)";"POINT(52.318376,4.974652)";4.974652;52.318376;
391;"391945";"bestreden";"15-18 m";"22-06-2020";"POINT(4.802291,52.336887)";"POINT(52.336887,4.802291)";4.802291;52.336887;
392;"NF154013";"bestreden";"15-18 m";"22-06-2020";"POINT(4.802714,52.336401)";"POINT(52.336401,4.802714)";4.802714;52.336401;
393;"546448";"bestreden";"15-18 m";"22-06-2020";"POINT(4.974654,52.317995)";"POINT(52.317995,4.974654)";4.974654;52.317995;
394;"337136";"bestreden";"12-15 m";"22-06-2020";"POINT(4.8548,52.328965)";"POINT(52.328965,4.8548)";4.8548;52.328965;
395;"546602";"bestreden";"6-9 m";"22-06-2020";"POINT(4.974862,52.317585)";"POINT(52.317585,4.974862)";4.974862;52.317585;
396;"499098";"bestreden";"6-9 m";"22-06-2020";"POINT(4.879745,52.386476)";"POINT(52.386476,4.879745)";4.879745;52.386476;
397;"337135";"bestreden";"9-12 m";"22-06-2020";"POINT(4.854747,52.328971)";"POINT(52.328971,4.854747)";4.854747;52.328971;
398;"_N_155835375000";"bestreden";"9-12 m";"22-06-2020";"POINT(4.854849,52.329018)";"POINT(52.329018,4.854849)";4.854849;52.329018;
399;"337134";"bestreden";"15-18 m";"22-06-2020";"POINT(4.854471,52.328994)";"POINT(52.328994,4.854471)";4.854471;52.328994;
400;"337133";"bestreden";"12-15 m";"22-06-2020";"POINT(4.854508,52.329083)";"POINT(52.329083,4.854508)";4.854508;52.329083;
401;"667288";"bestreden";"9-12 m";"22-06-2020";"POINT(4.854576,52.328764)";"POINT(52.328764,4.854576)";4.854576;52.328764;
402;"391672";"bestreden";"15-18 m";"22-06-2020";"POINT(4.804501,52.336416)";"POINT(52.336416,4.804501)";4.804501;52.336416;
403;"NT107891";"bestreden";"12-15 m";"22-06-2020";"POINT(4.974636,52.317199)";"POINT(52.317199,4.974636)";4.974636;52.317199;
404;"391793";"bestreden";"15-18 m";"22-06-2020";"POINT(4.804248,52.336272)";"POINT(52.336272,4.804248)";4.804248;52.336272;
405;"NF154129";"bestreden";"15-18 m";"22-06-2020";"POINT(4.806693,52.337805)";"POINT(52.337805,4.806693)";4.806693;52.337805;
406;"594812";"bestreden";"9-12 m";"22-06-2020";"POINT(4.973585,52.317185)";"POINT(52.317185,4.973585)";4.973585;52.317185;
407;"391747";"bestreden";"12-15 m";"22-06-2020";"POINT(4.807727,52.338264)";"POINT(52.338264,4.807727)";4.807727;52.338264;
408;"NT107893";"bestreden";"";"22-06-2020";"POINT(4.974274,52.317346)";"POINT(52.317346,4.974274)";4.974274;52.317346;
409;"546709";"bestreden";"9-12 m";"22-06-2020";"POINT(4.973413,52.317182)";"POINT(52.317182,4.973413)";4.973413;52.317182;
410;"NT110939";"bestreden";"9-12 m";"22-06-2020";"POINT(4.973101,52.317373)";"POINT(52.317373,4.973101)";4.973101;52.317373;
411;"NT108001";"bestreden";"12-15 m";"22-06-2020";"POINT(4.973509,52.317424)";"POINT(52.317424,4.973509)";4.973509;52.317424;
412;"594809";"bestreden";"12-15 m";"22-06-2020";"POINT(4.972895,52.317594)";"POINT(52.317594,4.972895)";4.972895;52.317594;
413;"501693";"bestreden";"6-9 m";"22-06-2020";"POINT(4.874616,52.387189)";"POINT(52.387189,4.874616)";4.874616;52.387189;
414;"66826580";"bestreden";">24 m";"22-06-2020";"POINT(4.856231,52.328147)";"POINT(52.328147,4.856231)";4.856231;52.328147;
415;"66826581";"bestreden";">24 m";"22-06-2020";"POINT(4.856306,52.328269)";"POINT(52.328269,4.856306)";4.856306;52.328269;
416;"546411";"bestreden";"0-6 m";"22-06-2020";"POINT(4.973008,52.318044)";"POINT(52.318044,4.973008)";4.973008;52.318044;
417;"502414";"bestreden";"9-12 m";"22-06-2020";"POINT(4.874144,52.387117)";"POINT(52.387117,4.874144)";4.874144;52.387117;
418;"546713";"bestreden";"18-24 m";"22-06-2020";"POINT(4.973268,52.317668)";"POINT(52.317668,4.973268)";4.973268;52.317668;
419;"391772";"bestreden";"15-18 m";"22-06-2020";"POINT(4.807173,52.338795)";"POINT(52.338795,4.807173)";4.807173;52.338795;
420;"391869";"bestreden";"15-18 m";"22-06-2020";"POINT(4.808294,52.338443)";"POINT(52.338443,4.808294)";4.808294;52.338443;
421;"392091";"bestreden";"15-18 m";"22-06-2020";"POINT(4.803207,52.335624)";"POINT(52.335624,4.803207)";4.803207;52.335624;
422;"F02485";"bestreden";"15-18 m";"22-06-2020";"POINT(4.804246,52.335172)";"POINT(52.335172,4.804246)";4.804246;52.335172;
423;"392088";"bestreden";"15-18 m";"22-06-2020";"POINT(4.803087,52.335569)";"POINT(52.335569,4.803087)";4.803087;52.335569;
424;"1545215";"bestreden";"18-24 m";"22-06-2020";"POINT(4.855018,52.326898)";"POINT(52.326898,4.855018)";4.855018;52.326898;
425;"66826577";"bestreden";"15-18 m";"22-06-2020";"POINT(4.854822,52.326894)";"POINT(52.326894,4.854822)";4.854822;52.326894;
426;"668099";"bestreden";"15-18 m";"22-06-2020";"POINT(4.853948,52.326944)";"POINT(52.326944,4.853948)";4.853948;52.326944;
427;"66826866";"bestreden";"18-24 m";"22-06-2020";"POINT(4.853771,52.326886)";"POINT(52.326886,4.853771)";4.853771;52.326886;
428;"667011_d6";"bestreden";"18-24 m";"22-06-2020";"POINT(4.853142,52.326808)";"POINT(52.326808,4.853142)";4.853142;52.326808;
429;"667580";"bestreden";"15-18 m";"22-06-2020";"POINT(4.852982,52.326806)";"POINT(52.326806,4.852982)";4.852982;52.326806;
430;"66826859";"bestreden";">24 m";"22-06-2020";"POINT(4.852842,52.326796)";"POINT(52.326796,4.852842)";4.852842;52.326796;
431;"66826859_d7";"bestreden";">24 m";"22-06-2020";"POINT(4.852722,52.326797)";"POINT(52.326797,4.852722)";4.852722;52.326797;
432;"66826860";"bestreden";">24 m";"22-06-2020";"POINT(4.852532,52.326836)";"POINT(52.326836,4.852532)";4.852532;52.326836;
433;"498972";"bestreden";"9-12 m";"22-06-2020";"POINT(4.877735,52.387141)";"POINT(52.387141,4.877735)";4.877735;52.387141;
434;"546598";"bestreden";"0-6 m";"22-06-2020";"POINT(4.975298,52.31798)";"POINT(52.31798,4.975298)";4.975298;52.31798;
435;"546599";"bestreden";"6-9 m";"22-06-2020";"POINT(4.975165,52.317799)";"POINT(52.317799,4.975165)";4.975165;52.317799;
436;"546353";"bestreden";"0-6 m";"22-06-2020";"POINT(4.974837,52.317694)";"POINT(52.317694,4.974837)";4.974837;52.317694;
437;"546319";"bestreden";"15-18 m";"22-06-2020";"POINT(4.974706,52.317461)";"POINT(52.317461,4.974706)";4.974706;52.317461;
438;"501160";"bestreden";"15-18 m";"22-06-2020";"POINT(4.878613,52.387053)";"POINT(52.387053,4.878613)";4.878613;52.387053;
439;"391802";"bestreden";"15-18 m";"22-06-2020";"POINT(4.803016,52.336217)";"POINT(52.336217,4.803016)";4.803016;52.336217;
440;"_N_160151725000";"bestreden";"12-15 m";"22-06-2020";"POINT(4.854514,52.329154)";"POINT(52.329154,4.854514)";4.854514;52.329154;
441;"66826858";"bestreden";"9-12 m";"22-06-2020";"POINT(4.856231,52.329523)";"POINT(52.329523,4.856231)";4.856231;52.329523;
442;"NF154050_d11";"bestreden";"15-18 m";"22-06-2020";"POINT(4.80721,52.338996)";"POINT(52.338996,4.80721)";4.80721;52.338996;
443;"546333";"bestreden";"15-18 m";"22-06-2020";"POINT(4.974217,52.317331)";"POINT(52.317331,4.974217)";4.974217;52.317331;
444;"546420";"bestreden";"15-18 m";"22-06-2020";"POINT(4.97376,52.31729)";"POINT(52.31729,4.97376)";4.97376;52.31729;
445;"546423";"bestreden";"15-18 m";"22-06-2020";"POINT(4.973687,52.317302)";"POINT(52.317302,4.973687)";4.973687;52.317302;
446;"NF154059";"bestreden";"15-18 m";"22-06-2020";"POINT(4.807155,52.339005)";"POINT(52.339005,4.807155)";4.807155;52.339005;
447;"66826579";"bestreden";"15-18 m";"22-06-2020";"POINT(4.856287,52.328146)";"POINT(52.328146,4.856287)";4.856287;52.328146;
448;"667012_d15";"bestreden";">24 m";"22-06-2020";"POINT(4.848364,52.326388)";"POINT(52.326388,4.848364)";4.848364;52.326388;
449;"AMBO91875_d14";"bestreden";">24 m";"22-06-2020";"POINT(4.848677,52.326393)";"POINT(52.326393,4.848677)";4.848677;52.326393;
450;"667862_d24";"bestreden";">24 m";"22-06-2020";"POINT(4.848898,52.326393)";"POINT(52.326393,4.848898)";4.848898;52.326393;
451;"667859";"bestreden";">24 m";"22-06-2020";"POINT(4.849361,52.326424)";"POINT(52.326424,4.849361)";4.849361;52.326424;
452;"_N_124302687000";"bestreden";">24 m";"22-06-2020";"POINT(4.849559,52.326428)";"POINT(52.326428,4.849559)";4.849559;52.326428;
453;"66826854";"bestreden";"18-24 m";"22-06-2020";"POINT(4.849895,52.326441)";"POINT(52.326441,4.849895)";4.849895;52.326441;
454;"667848_d16";"bestreden";">24 m";"22-06-2020";"POINT(4.849869,52.326576)";"POINT(52.326576,4.849869)";4.849869;52.326576;
455;"66826855";"bestreden";">24 m";"22-06-2020";"POINT(4.850566,52.326639)";"POINT(52.326639,4.850566)";4.850566;52.326639;
456;"667851_d19";"bestreden";">24 m";"22-06-2020";"POINT(4.850993,52.326679)";"POINT(52.326679,4.850993)";4.850993;52.326679;
457;"667854_d20";"bestreden";">24 m";"22-06-2020";"POINT(4.851109,52.326542)";"POINT(52.326542,4.851109)";4.851109;52.326542;
458;"66826856";"bestreden";">24 m";"22-06-2020";"POINT(4.851646,52.326584)";"POINT(52.326584,4.851646)";4.851646;52.326584;
459;"557583";"bestreden";"12-15 m";"22-06-2020";"POINT(4.995013,52.295023)";"POINT(52.295023,4.995013)";4.995013;52.295023;
460;"557579";"bestreden";"12-15 m";"22-06-2020";"POINT(4.994596,52.295021)";"POINT(52.295021,4.994596)";4.994596;52.295021;
461;"668171";"bestreden";"18-24 m";"23-06-2020";"POINT(4.855035,52.324372)";"POINT(52.324372,4.855035)";4.855035;52.324372;
462;"412674";"bestreden";"9-12 m";"23-06-2020";"POINT(4.798283,52.36769)";"POINT(52.36769,4.798283)";4.798283;52.36769;
463;"412646";"bestreden";"9-12 m";"23-06-2020";"POINT(4.797317,52.366361)";"POINT(52.366361,4.797317)";4.797317;52.366361;
464;"66826694";"bestreden";"15-18 m";"23-06-2020";"POINT(4.802845,52.335946)";"POINT(52.335946,4.802845)";4.802845;52.335946;
465;"668169_d26";"bestreden";"18-24 m";"23-06-2020";"POINT(4.85491,52.323838)";"POINT(52.323838,4.85491)";4.85491;52.323838;
466;"66826920";"bestreden";"18-24 m";"23-06-2020";"POINT(4.854836,52.32334)";"POINT(52.32334,4.854836)";4.854836;52.32334;
467;"667588_d4";"bestreden";"18-24 m";"23-06-2020";"POINT(4.85483,52.323412)";"POINT(52.323412,4.85483)";4.85483;52.323412;
468;"668163_d1";"bestreden";"18-24 m";"23-06-2020";"POINT(4.854923,52.323489)";"POINT(52.323489,4.854923)";4.854923;52.323489;
469;"F02489";"bestreden";"15-18 m";"23-06-2020";"POINT(4.800594,52.335289)";"POINT(52.335289,4.800594)";4.800594;52.335289;
470;"AMBO91799";"bestreden";">24 m";"23-06-2020";"POINT(4.852089,52.321242)";"POINT(52.321242,4.852089)";4.852089;52.321242;
471;"AMBO91745";"bestreden";"6-9 m";"23-06-2020";"POINT(4.85196,52.32124)";"POINT(52.32124,4.85196)";4.85196;52.32124;
472;"NAMBO145525";"bestreden";"9-12 m";"23-06-2020";"POINT(4.85197,52.321122)";"POINT(52.321122,4.85197)";4.85197;52.321122;
473;"6682511";"bestreden";"6-9 m";"23-06-2020";"POINT(4.802946,52.338732)";"POINT(52.338732,4.802946)";4.802946;52.338732;
474;"417997";"bestreden";"9-12 m";"23-06-2020";"POINT(4.798758,52.367892)";"POINT(52.367892,4.798758)";4.798758;52.367892;
475;"NAMBO145504";"bestreden";"9-12 m";"23-06-2020";"POINT(4.852121,52.320889)";"POINT(52.320889,4.852121)";4.852121;52.320889;
476;"412675";"bestreden";"9-12 m";"23-06-2020";"POINT(4.798699,52.367777)";"POINT(52.367777,4.798699)";4.798699;52.367777;
477;"412676";"bestreden";"9-12 m";"23-06-2020";"POINT(4.798452,52.367724)";"POINT(52.367724,4.798452)";4.798452;52.367724;
478;"NAMBO145524";"bestreden";"12-15 m";"23-06-2020";"POINT(4.851971,52.32104)";"POINT(52.32104,4.851971)";4.851971;52.32104;
479;"412673";"bestreden";"9-12 m";"23-06-2020";"POINT(4.798077,52.36765)";"POINT(52.36765,4.798077)";4.798077;52.36765;
480;"412672";"bestreden";"9-12 m";"23-06-2020";"POINT(4.797869,52.36761)";"POINT(52.36761,4.797869)";4.797869;52.36761;
481;"NAMBO145512";"bestreden";"9-12 m";"23-06-2020";"POINT(4.851734,52.320167)";"POINT(52.320167,4.851734)";4.851734;52.320167;
482;"NAMBO145482";"bestreden";"9-12 m";"23-06-2020";"POINT(4.851776,52.320074)";"POINT(52.320074,4.851776)";4.851776;52.320074;
483;"1543134";"bestreden";"9-12 m";"23-06-2020";"POINT(4.797715,52.365264)";"POINT(52.365264,4.797715)";4.797715;52.365264;
484;"NAMBO145513";"bestreden";"9-12 m";"23-06-2020";"POINT(4.851875,52.320186)";"POINT(52.320186,4.851875)";4.851875;52.320186;
485;"1543178";"bestreden";"9-12 m";"23-06-2020";"POINT(4.797901,52.365302)";"POINT(52.365302,4.797901)";4.797901;52.365302;
486;"417998";"bestreden";"9-12 m";"23-06-2020";"POINT(4.798867,52.367931)";"POINT(52.367931,4.798867)";4.798867;52.367931;
487;"349777";"bestreden";"6-9 m";"23-06-2020";"POINT(4.802583,52.344775)";"POINT(52.344775,4.802583)";4.802583;52.344775;
488;"411350";"bestreden";"12-15 m";"23-06-2020";"POINT(4.811422,52.366982)";"POINT(52.366982,4.811422)";4.811422;52.366982;
489;"338819";"bestreden";"0-6 m";"23-06-2020";"POINT(4.851656,52.317178)";"POINT(52.317178,4.851656)";4.851656;52.317178;
490;"349747";"bestreden";"6-9 m";"23-06-2020";"POINT(4.819505,52.346405)";"POINT(52.346405,4.819505)";4.819505;52.346405;
491;"349716";"bestreden";"6-9 m";"23-06-2020";"POINT(4.81689,52.346377)";"POINT(52.346377,4.81689)";4.81689;52.346377;
492;"410545";"bestreden";"9-12 m";"23-06-2020";"POINT(4.81849,52.37523)";"POINT(52.37523,4.81849)";4.81849;52.37523;
493;"410538";"bestreden";"9-12 m";"23-06-2020";"POINT(4.818456,52.375148)";"POINT(52.375148,4.818456)";4.818456;52.375148;
494;"410551";"bestreden";"9-12 m";"23-06-2020";"POINT(4.818223,52.375537)";"POINT(52.375537,4.818223)";4.818223;52.375537;
495;"349752_d51";"bestreden";"6-9 m";"23-06-2020";"POINT(4.818544,52.346388)";"POINT(52.346388,4.818544)";4.818544;52.346388;
496;"349745";"bestreden";"6-9 m";"23-06-2020";"POINT(4.819826,52.346408)";"POINT(52.346408,4.819826)";4.819826;52.346408;
497;"349739_d52";"bestreden";"6-9 m";"23-06-2020";"POINT(4.819333,52.346538)";"POINT(52.346538,4.819333)";4.819333;52.346538;
498;"66826761";"bestreden";"6-9 m";"23-06-2020";"POINT(4.819346,52.346581)";"POINT(52.346581,4.819346)";4.819346;52.346581;
499;"66826760";"bestreden";"6-9 m";"23-06-2020";"POINT(4.819495,52.346586)";"POINT(52.346586,4.819495)";4.819495;52.346586;
500;"349731";"bestreden";"6-9 m";"23-06-2020";"POINT(4.819496,52.34654)";"POINT(52.34654,4.819496)";4.819496;52.34654;
501;"66826762";"bestreden";"6-9 m";"23-06-2020";"POINT(4.819603,52.346546)";"POINT(52.346546,4.819603)";4.819603;52.346546;
502;"66826763";"bestreden";"6-9 m";"23-06-2020";"POINT(4.819723,52.346547)";"POINT(52.346547,4.819723)";4.819723;52.346547;
503;"349738";"bestreden";"6-9 m";"23-06-2020";"POINT(4.819815,52.346583)";"POINT(52.346583,4.819815)";4.819815;52.346583;
504;"350501";"bestreden";"6-9 m";"23-06-2020";"POINT(4.819974,52.346585)";"POINT(52.346585,4.819974)";4.819974;52.346585;
505;"386652";"bestreden";"6-9 m";"23-06-2020";"POINT(4.794304,52.34915)";"POINT(52.34915,4.794304)";4.794304;52.34915;
506;"668141";"bestreden";"12-15 m";"23-06-2020";"POINT(4.847153,52.317407)";"POINT(52.317407,4.847153)";4.847153;52.317407;
507;"66826648";"bestreden";"12-15 m";"23-06-2020";"POINT(4.846908,52.317313)";"POINT(52.317313,4.846908)";4.846908;52.317313;
508;"668142";"bestreden";"12-15 m";"23-06-2020";"POINT(4.846713,52.317214)";"POINT(52.317214,4.846713)";4.846713;52.317214;
509;"667427";"bestreden";"15-18 m";"23-06-2020";"POINT(4.846941,52.317401)";"POINT(52.317401,4.846941)";4.846941;52.317401;
510;"AMBO91738";"bestreden";"12-15 m";"23-06-2020";"POINT(4.847197,52.317308)";"POINT(52.317308,4.847197)";4.847197;52.317308;
511;"AMBO62505";"bestreden";"18-24 m";"23-06-2020";"POINT(4.845958,52.317205)";"POINT(52.317205,4.845958)";4.845958;52.317205;
512;"AMBO62507";"bestreden";"18-24 m";"23-06-2020";"POINT(4.845701,52.317226)";"POINT(52.317226,4.845701)";4.845701;52.317226;
513;"AMBO62509";"bestreden";">24 m";"23-06-2020";"POINT(4.845386,52.317216)";"POINT(52.317216,4.845386)";4.845386;52.317216;
514;"NAMBO145492";"bestreden";"9-12 m";"23-06-2020";"POINT(4.851086,52.32004)";"POINT(52.32004,4.851086)";4.851086;52.32004;
515;"AMBO91750";"bestreden";"9-12 m";"23-06-2020";"POINT(4.85134,52.320135)";"POINT(52.320135,4.85134)";4.85134;52.320135;
516;"349783";"bestreden";"6-9 m";"23-06-2020";"POINT(4.802123,52.344757)";"POINT(52.344757,4.802123)";4.802123;52.344757;
517;"349624";"bestreden";"6-9 m";"23-06-2020";"POINT(4.807157,52.345533)";"POINT(52.345533,4.807157)";4.807157;52.345533;
518;"349623";"bestreden";"6-9 m";"23-06-2020";"POINT(4.807285,52.34556)";"POINT(52.34556,4.807285)";4.807285;52.34556;
519;"1545727";"bestreden";"9-12 m";"23-06-2020";"POINT(4.851024,52.319698)";"POINT(52.319698,4.851024)";4.851024;52.319698;
520;"349637";"bestreden";"6-9 m";"23-06-2020";"POINT(4.80667,52.345481)";"POINT(52.345481,4.80667)";4.80667;52.345481;
521;"1545609";"bestreden";"12-15 m";"23-06-2020";"POINT(4.851179,52.319617)";"POINT(52.319617,4.851179)";4.851179;52.319617;
522;"1545719";"bestreden";"12-15 m";"23-06-2020";"POINT(4.851045,52.319401)";"POINT(52.319401,4.851045)";4.851045;52.319401;
523;"NAMBO145471";"bestreden";"9-12 m";"23-06-2020";"POINT(4.851218,52.319384)";"POINT(52.319384,4.851218)";4.851218;52.319384;
524;"1545607";"bestreden";"12-15 m";"23-06-2020";"POINT(4.85117,52.319548)";"POINT(52.319548,4.85117)";4.85117;52.319548;
525;"1544973";"bestreden";"6-9 m";"23-06-2020";"POINT(4.85221,52.318898)";"POINT(52.318898,4.85221)";4.85221;52.318898;
526;"349750";"bestreden";"6-9 m";"23-06-2020";"POINT(4.819022,52.346402)";"POINT(52.346402,4.819022)";4.819022;52.346402;
527;"349704";"bestreden";"6-9 m";"23-06-2020";"POINT(4.816884,52.34655)";"POINT(52.34655,4.816884)";4.816884;52.34655;
528;"349735";"bestreden";"6-9 m";"23-06-2020";"POINT(4.818862,52.346534)";"POINT(52.346534,4.818862)";4.818862;52.346534;
529;"546434";"bestreden";"12-15 m";"23-06-2020";"POINT(4.973553,52.317445)";"POINT(52.317445,4.973553)";4.973553;52.317445;
530;"594806";"bestreden";"";"23-06-2020";"POINT(4.972746,52.317825)";"POINT(52.317825,4.972746)";4.972746;52.317825;
531;"379295";"bestreden";"12-15 m";"23-06-2020";"POINT(4.793823,52.34173)";"POINT(52.34173,4.793823)";4.793823;52.34173;
532;"NF154862";"bestreden";"12-15 m";"23-06-2020";"POINT(4.793292,52.343349)";"POINT(52.343349,4.793292)";4.793292;52.343349;
533;"364134";"bestreden";"15-18 m";"23-06-2020";"POINT(4.793318,52.34339)";"POINT(52.34339,4.793318)";4.793318;52.34339;
534;"545532";"bestreden";"15-18 m";"23-06-2020";"POINT(4.973117,52.318748)";"POINT(52.318748,4.973117)";4.973117;52.318748;
535;"542282";"bestreden";"6-9 m";"23-06-2020";"POINT(4.971511,52.319375)";"POINT(52.319375,4.971511)";4.971511;52.319375;
536;"542405";"bestreden";"0-6 m";"23-06-2020";"POINT(4.971376,52.319426)";"POINT(52.319426,4.971376)";4.971376;52.319426;
537;"66826774";"bestreden";"12-15 m";"23-06-2020";"POINT(4.796129,52.345359)";"POINT(52.345359,4.796129)";4.796129;52.345359;
538;"386667";"bestreden";"6-9 m";"23-06-2020";"POINT(4.794309,52.34876)";"POINT(52.34876,4.794309)";4.794309;52.34876;
539;"601279";"bestreden";"9-12 m";"23-06-2020";"POINT(4.971417,52.319917)";"POINT(52.319917,4.971417)";4.971417;52.319917;
540;"386660";"bestreden";"9-12 m";"23-06-2020";"POINT(4.794057,52.349252)";"POINT(52.349252,4.794057)";4.794057;52.349252;
541;"541827";"bestreden";"15-18 m";"23-06-2020";"POINT(4.971639,52.321511)";"POINT(52.321511,4.971639)";4.971639;52.321511;
542;"371890";"bestreden";"0-6 m";"23-06-2020";"POINT(4.787213,52.349052)";"POINT(52.349052,4.787213)";4.787213;52.349052;
543;"387888";"bestreden";"0-6 m";"23-06-2020";"POINT(4.787343,52.349342)";"POINT(52.349342,4.787343)";4.787343;52.349342;
544;"387887";"bestreden";"0-6 m";"23-06-2020";"POINT(4.787492,52.349375)";"POINT(52.349375,4.787492)";4.787492;52.349375;
545;"387885";"bestreden";"0-6 m";"23-06-2020";"POINT(4.787829,52.349441)";"POINT(52.349441,4.787829)";4.787829;52.349441;
546;"387884";"bestreden";"0-6 m";"23-06-2020";"POINT(4.788,52.349475)";"POINT(52.349475,4.788)";4.788;52.349475;
547;"387882";"bestreden";"0-6 m";"23-06-2020";"POINT(4.788354,52.349551)";"POINT(52.349551,4.788354)";4.788354;52.349551;
548;"1555139";"bestreden";"12-15 m";"23-06-2020";"POINT(4.828228,52.38614)";"POINT(52.38614,4.828228)";4.828228;52.38614;
549;"NT107593";"bestreden";"";"23-06-2020";"POINT(4.976476,52.318709)";"POINT(52.318709,4.976476)";4.976476;52.318709;
550;"371858";"bestreden";"6-9 m";"23-06-2020";"POINT(4.786093,52.348348)";"POINT(52.348348,4.786093)";4.786093;52.348348;
551;"1554963";"bestreden";"12-15 m";"23-06-2020";"POINT(4.828145,52.386321)";"POINT(52.386321,4.828145)";4.828145;52.386321;
552;"371881";"bestreden";"0-6 m";"23-06-2020";"POINT(4.785681,52.348315)";"POINT(52.348315,4.785681)";4.785681;52.348315;
553;"371886";"bestreden";"6-9 m";"23-06-2020";"POINT(4.78483,52.348473)";"POINT(52.348473,4.78483)";4.78483;52.348473;
554;"370760";"bestreden";"6-9 m";"23-06-2020";"POINT(4.783193,52.349432)";"POINT(52.349432,4.783193)";4.783193;52.349432;
555;"0002STCH";"bestreden";"15-18 m";"23-06-2020";"POINT(4.835235,52.360893)";"POINT(52.360893,4.835235)";4.835235;52.360893;
556;"66826854";"bestreden";"12-15 m";"23-06-2020";"POINT(4.835256,52.361065)";"POINT(52.361065,4.835256)";4.835256;52.361065;
557;"1555725";"bestreden";"12-15 m";"24-06-2020";"POINT(4.830725,52.386567)";"POINT(52.386567,4.830725)";4.830725;52.386567;
558;"1554904";"bestreden";"12-15 m";"24-06-2020";"POINT(4.829462,52.386303)";"POINT(52.386303,4.829462)";4.829462;52.386303;
559;"1554905";"bestreden";"12-15 m";"24-06-2020";"POINT(4.829311,52.386284)";"POINT(52.386284,4.829311)";4.829311;52.386284;
560;"370703";"bestreden";"6-9 m";"24-06-2020";"POINT(4.778216,52.351413)";"POINT(52.351413,4.778216)";4.778216;52.351413;
561;"370815";"bestreden";"0-6 m";"24-06-2020";"POINT(4.772274,52.353521)";"POINT(52.353521,4.772274)";4.772274;52.353521;
562;"1554908";"bestreden";"12-15 m";"24-06-2020";"POINT(4.828707,52.386299)";"POINT(52.386299,4.828707)";4.828707;52.386299;
563;"575764";"bestreden";"12-15 m";"24-06-2020";"POINT(4.867191,52.341326)";"POINT(52.341326,4.867191)";4.867191;52.341326;
564;"1554967";"bestreden";"12-15 m";"24-06-2020";"POINT(4.82751,52.386161)";"POINT(52.386161,4.82751)";4.82751;52.386161;
565;"AMBO62510";"bestreden";"18-24 m";"24-06-2020";"POINT(4.845251,52.317214)";"POINT(52.317214,4.845251)";4.845251;52.317214;
566;"1554961";"bestreden";"12-15 m";"24-06-2020";"POINT(4.827192,52.386226)";"POINT(52.386226,4.827192)";4.827192;52.386226;
567;"370783";"bestreden";"6-9 m";"24-06-2020";"POINT(4.77822,52.351153)";"POINT(52.351153,4.77822)";4.77822;52.351153;
568;"AMBO62511";"bestreden";"18-24 m";"24-06-2020";"POINT(4.845091,52.317213)";"POINT(52.317213,4.845091)";4.845091;52.317213;
569;"AMBO62512";"bestreden";"18-24 m";"24-06-2020";"POINT(4.844997,52.317223)";"POINT(52.317223,4.844997)";4.844997;52.317223;
570;"AMBO62514";"bestreden";">24 m";"24-06-2020";"POINT(4.844702,52.317209)";"POINT(52.317209,4.844702)";4.844702;52.317209;
571;"AMBO62513";"bestreden";"18-24 m";"24-06-2020";"POINT(4.84447,52.317216)";"POINT(52.317216,4.84447)";4.84447;52.317216;
572;"AMBO62516";"bestreden";"18-24 m";"24-06-2020";"POINT(4.844126,52.317197)";"POINT(52.317197,4.844126)";4.844126;52.317197;
573;"1543179";"bestreden";"9-12 m";"24-06-2020";"POINT(4.798159,52.365353)";"POINT(52.365353,4.798159)";4.798159;52.365353;
574;"1543180";"bestreden";"9-12 m";"24-06-2020";"POINT(4.798623,52.365445)";"POINT(52.365445,4.798623)";4.798623;52.365445;
575;"1543135";"bestreden";"9-12 m";"24-06-2020";"POINT(4.79845,52.365411)";"POINT(52.365411,4.79845)";4.79845;52.365411;
576;"516991";"bestreden";"9-12 m";"24-06-2020";"POINT(4.854948,52.333729)";"POINT(52.333729,4.854948)";4.854948;52.333729;
577;"412606";"bestreden";"9-12 m";"24-06-2020";"POINT(4.795248,52.367038)";"POINT(52.367038,4.795248)";4.795248;52.367038;
578;"412682";"bestreden";"9-12 m";"24-06-2020";"POINT(4.80009,52.36804)";"POINT(52.36804,4.80009)";4.80009;52.36804;
579;"412447";"bestreden";"9-12 m";"24-06-2020";"POINT(4.797743,52.372086)";"POINT(52.372086,4.797743)";4.797743;52.372086;
580;"412448";"bestreden";"9-12 m";"24-06-2020";"POINT(4.797686,52.372049)";"POINT(52.372049,4.797686)";4.797686;52.372049;
581;"412404";"bestreden";"9-12 m";"24-06-2020";"POINT(4.798331,52.372135)";"POINT(52.372135,4.798331)";4.798331;52.372135;
582;"412436";"bestreden";"9-12 m";"24-06-2020";"POINT(4.79624,52.372273)";"POINT(52.372273,4.79624)";4.79624;52.372273;
583;"412435";"bestreden";"9-12 m";"24-06-2020";"POINT(4.796067,52.372366)";"POINT(52.372366,4.796067)";4.796067;52.372366;
584;"542367";"bestreden";"18-24 m";"24-06-2020";"POINT(4.976485,52.321116)";"POINT(52.321116,4.976485)";4.976485;52.321116;
585;"542366";"bestreden";"18-24 m";"24-06-2020";"POINT(4.976307,52.321132)";"POINT(52.321132,4.976307)";4.976307;52.321132;
586;"666979";"bestreden";"6-9 m";"27-05-2020";"POINT(4.816397,52.335521)";"POINT(52.335521,4.816397)";4.816397;52.335521;
587;"_N_100109840000";"bestreden";"9-12 m";"27-05-2020";"POINT(4.818549,52.336505)";"POINT(52.336505,4.818549)";4.818549;52.336505;
588;"546014";"bestreden";"12-15 m";"24-06-2020";"POINT(4.978501,52.319949)";"POINT(52.319949,4.978501)";4.978501;52.319949;
589;"AMBO62520";"bestreden";"18-24 m";"24-06-2020";"POINT(4.843212,52.317194)";"POINT(52.317194,4.843212)";4.843212;52.317194;
590;"AMBO62519";"bestreden";">24 m";"24-06-2020";"POINT(4.843337,52.317195)";"POINT(52.317195,4.843337)";4.843337;52.317195;
591;"AMBO62521";"bestreden";"18-24 m";"24-06-2020";"POINT(4.843067,52.317189)";"POINT(52.317189,4.843067)";4.843067;52.317189;
592;"AMBO62522";"bestreden";"18-24 m";"24-06-2020";"POINT(4.842805,52.317192)";"POINT(52.317192,4.842805)";4.842805;52.317192;
593;"NAMBO145998";"bestreden";"18-24 m";"24-06-2020";"POINT(4.842595,52.317187)";"POINT(52.317187,4.842595)";4.842595;52.317187;
594;"@092911610000";"bestreden";"9-12 m";"24-06-2020";"POINT(4.805932,52.36941)";"POINT(52.36941,4.805932)";4.805932;52.36941;
595;"588650";"bestreden";"15-18 m";"24-06-2020";"POINT(4.861709,52.325927)";"POINT(52.325927,4.861709)";4.861709;52.325927;
596;"412783";"bestreden";"9-12 m";"24-06-2020";"POINT(4.802415,52.367901)";"POINT(52.367901,4.802415)";4.802415;52.367901;
597;"412763";"bestreden";"9-12 m";"24-06-2020";"POINT(4.802648,52.368368)";"POINT(52.368368,4.802648)";4.802648;52.368368;
598;"542576";"bestreden";"18-24 m";"24-06-2020";"POINT(4.975444,52.321695)";"POINT(52.321695,4.975444)";4.975444;52.321695;
599;"541806";"bestreden";"15-18 m";"24-06-2020";"POINT(4.975527,52.321463)";"POINT(52.321463,4.975527)";4.975527;52.321463;
600;"541890";"bestreden";"15-18 m";"24-06-2020";"POINT(4.974614,52.321332)";"POINT(52.321332,4.974614)";4.974614;52.321332;
601;"1554907";"bestreden";"12-15 m";"24-06-2020";"POINT(4.828928,52.38632)";"POINT(52.38632,4.828928)";4.828928;52.38632;
602;"1555726";"bestreden";"12-15 m";"24-06-2020";"POINT(4.830521,52.386556)";"POINT(52.386556,4.830521)";4.830521;52.386556;
603;"1554906";"bestreden";"12-15 m";"24-06-2020";"POINT(4.829136,52.386302)";"POINT(52.386302,4.829136)";4.829136;52.386302;
604;"370799";"bestreden";"6-9 m";"24-06-2020";"POINT(4.774873,52.352491)";"POINT(52.352491,4.774873)";4.774873;52.352491;
605;"416244";"bestreden";"0-6 m";"24-06-2020";"POINT(4.771106,52.3541)";"POINT(52.3541,4.771106)";4.771106;52.3541;
606;"367466";"bestreden";"6-9 m";"24-06-2020";"POINT(4.774262,52.351516)";"POINT(52.351516,4.774262)";4.774262;52.351516;
607;"512703";"bestreden";"9-12 m";"24-06-2020";"POINT(4.867415,52.341298)";"POINT(52.341298,4.867415)";4.867415;52.341298;
608;"AMBO62518";"bestreden";"18-24 m";"24-06-2020";"POINT(4.843808,52.317209)";"POINT(52.317209,4.843808)";4.843808;52.317209;
609;"NAMBO145992";"bestreden";"0-6 m";"24-06-2020";"POINT(4.843665,52.317197)";"POINT(52.317197,4.843665)";4.843665;52.317197;
610;"412630";"bestreden";"9-12 m";"24-06-2020";"POINT(4.79732,52.367482)";"POINT(52.367482,4.79732)";4.79732;52.367482;
611;"429762";"bestreden";"15-18 m";"24-06-2020";"POINT(4.917391,52.389912)";"POINT(52.389912,4.917391)";4.917391;52.389912;
612;"345737";"bestreden";"15-18 m";"24-06-2020";"POINT(4.927978,52.369937)";"POINT(52.369937,4.927978)";4.927978;52.369937;
613;"345739";"bestreden";"15-18 m";"24-06-2020";"POINT(4.928066,52.37002)";"POINT(52.37002,4.928066)";4.928066;52.37002;
614;"345785";"bestreden";"15-18 m";"24-06-2020";"POINT(4.928068,52.370251)";"POINT(52.370251,4.928068)";4.928068;52.370251;
615;"348823";"bestreden";"9-12 m";"24-06-2020";"POINT(4.797164,52.370936)";"POINT(52.370936,4.797164)";4.797164;52.370936;
616;"546741";"bestreden";"15-18 m";"24-06-2020";"POINT(4.977776,52.318946)";"POINT(52.318946,4.977776)";4.977776;52.318946;
617;"NT107523";"bestreden";"18-24 m";"24-06-2020";"POINT(4.978502,52.3199)";"POINT(52.3199,4.978502)";4.978502;52.3199;
618;"545591";"bestreden";"18-24 m";"24-06-2020";"POINT(4.978342,52.319684)";"POINT(52.319684,4.978342)";4.978342;52.319684;
619;"412437";"bestreden";"9-12 m";"24-06-2020";"POINT(4.796406,52.372252)";"POINT(52.372252,4.796406)";4.796406;52.372252;
620;"577530";"bestreden";"9-12 m";"24-06-2020";"POINT(4.860808,52.326008)";"POINT(52.326008,4.860808)";4.860808;52.326008;
621;"541817";"bestreden";"15-18 m";"24-06-2020";"POINT(4.976155,52.321255)";"POINT(52.321255,4.976155)";4.976155;52.321255;
622;"542577";"bestreden";"18-24 m";"24-06-2020";"POINT(4.975593,52.321566)";"POINT(52.321566,4.975593)";4.975593;52.321566;
623;"585266";"bestreden";"15-18 m";"24-06-2020";"POINT(4.86171,52.325789)";"POINT(52.325789,4.86171)";4.86171;52.325789;
624;"577030";"bestreden";"15-18 m";"24-06-2020";"POINT(4.861516,52.325994)";"POINT(52.325994,4.861516)";4.861516;52.325994;
625;"412759";"bestreden";"9-12 m";"24-06-2020";"POINT(4.802275,52.368283)";"POINT(52.368283,4.802275)";4.802275;52.368283;
626;"AMBO62534";"bestreden";"18-24 m";"24-06-2020";"POINT(4.841169,52.317196)";"POINT(52.317196,4.841169)";4.841169;52.317196;
627;"542631";"bestreden";"18-24 m";"24-06-2020";"POINT(4.975098,52.322011)";"POINT(52.322011,4.975098)";4.975098;52.322011;
628;"541816";"bestreden";"18-24 m";"24-06-2020";"POINT(4.976377,52.321333)";"POINT(52.321333,4.976377)";4.976377;52.321333;
629;"NT396157_d0";"bestreden";"15-18 m";"24-06-2020";"POINT(4.979031,52.321619)";"POINT(52.321619,4.979031)";4.979031;52.321619;
630;"543393";"bestreden";"15-18 m";"25-06-2020";"POINT(4.980531,52.326124)";"POINT(52.326124,4.980531)";4.980531;52.326124;
631;"543018";"bestreden";"15-18 m";"25-06-2020";"POINT(4.980271,52.324533)";"POINT(52.324533,4.980271)";4.980271;52.324533;
632;"543078";"bestreden";"6-9 m";"25-06-2020";"POINT(4.980476,52.324143)";"POINT(52.324143,4.980476)";4.980476;52.324143;
633;"543019";"bestreden";"15-18 m";"25-06-2020";"POINT(4.980208,52.32446)";"POINT(52.32446,4.980208)";4.980208;52.32446;
634;"543016";"bestreden";"15-18 m";"25-06-2020";"POINT(4.979709,52.324385)";"POINT(52.324385,4.979709)";4.979709;52.324385;
635;"462185";"bestreden";"12-15 m";"25-06-2020";"POINT(4.94377,52.349515)";"POINT(52.349515,4.94377)";4.94377;52.349515;
636;"411075";"bestreden";"12-15 m";"25-06-2020";"POINT(4.808549,52.366915)";"POINT(52.366915,4.808549)";4.808549;52.366915;
637;"667635";"bestreden";"12-15 m";"25-06-2020";"POINT(4.811459,52.365719)";"POINT(52.365719,4.811459)";4.811459;52.365719;
638;"484248";"bestreden";"9-12 m";"25-06-2020";"POINT(4.954524,52.347877)";"POINT(52.347877,4.954524)";4.954524;52.347877;
639;"668172";"bestreden";"18-24 m";"25-06-2020";"POINT(4.982719,52.329555)";"POINT(52.329555,4.982719)";4.982719;52.329555;
640;"668136";"bestreden";"18-24 m";"25-06-2020";"POINT(4.837735,52.312762)";"POINT(52.312762,4.837735)";4.837735;52.312762;
641;"66826858";"bestreden";"15-18 m";"25-06-2020";"POINT(4.984209,52.327515)";"POINT(52.327515,4.984209)";4.984209;52.327515;
642;"667343";"bestreden";"15-18 m";"25-06-2020";"POINT(4.984054,52.327676)";"POINT(52.327676,4.984054)";4.984054;52.327676;
643;"442272";"bestreden";"12-15 m";"25-06-2020";"POINT(4.910887,52.402684)";"POINT(52.402684,4.910887)";4.910887;52.402684;
644;"66826924";"bestreden";">24 m";"25-06-2020";"POINT(4.839852,52.317072)";"POINT(52.317072,4.839852)";4.839852;52.317072;
645;"66826932";"bestreden";">24 m";"25-06-2020";"POINT(4.840048,52.316331)";"POINT(52.316331,4.840048)";4.840048;52.316331;
646;"66826934";"bestreden";">24 m";"25-06-2020";"POINT(4.840114,52.316175)";"POINT(52.316175,4.840114)";4.840114;52.316175;
647;"66826938";"bestreden";">24 m";"25-06-2020";"POINT(4.840075,52.315932)";"POINT(52.315932,4.840075)";4.840075;52.315932;
648;"66826939";"bestreden";">24 m";"25-06-2020";"POINT(4.839978,52.315877)";"POINT(52.315877,4.839978)";4.839978;52.315877;
649;"AMBO91736";"bestreden";"12-15 m";"25-06-2020";"POINT(4.840318,52.315354)";"POINT(52.315354,4.840318)";4.840318;52.315354;
650;"66826940";"bestreden";"12-15 m";"25-06-2020";"POINT(4.8403,52.31528)";"POINT(52.31528,4.8403)";4.8403;52.31528;
651;"576539";"bestreden";"12-15 m";"25-06-2020";"POINT(4.911886,52.341356)";"POINT(52.341356,4.911886)";4.911886;52.341356;
652;"573006";"bestreden";"6-9 m";"25-06-2020";"POINT(4.911797,52.34132)";"POINT(52.34132,4.911797)";4.911797;52.34132;
653;"573007";"bestreden";"9-12 m";"25-06-2020";"POINT(4.911822,52.341286)";"POINT(52.341286,4.911822)";4.911822;52.341286;
654;"543017";"bestreden";"15-18 m";"25-06-2020";"POINT(4.979838,52.324307)";"POINT(52.324307,4.979838)";4.979838;52.324307;
655;"411213";"bestreden";"12-15 m";"25-06-2020";"POINT(4.811716,52.36717)";"POINT(52.36717,4.811716)";4.811716;52.36717;
656;"411351";"bestreden";"12-15 m";"25-06-2020";"POINT(4.811637,52.367001)";"POINT(52.367001,4.811637)";4.811637;52.367001;
657;"411356";"bestreden";"12-15 m";"25-06-2020";"POINT(4.811973,52.367019)";"POINT(52.367019,4.811973)";4.811973;52.367019;
658;"411353";"bestreden";"12-15 m";"25-06-2020";"POINT(4.811799,52.366891)";"POINT(52.366891,4.811799)";4.811799;52.366891;
659;"667055";"bestreden";"12-15 m";"25-06-2020";"POINT(4.811942,52.36673)";"POINT(52.36673,4.811942)";4.811942;52.36673;
660;"667622";"bestreden";"12-15 m";"25-06-2020";"POINT(4.813811,52.365857)";"POINT(52.365857,4.813811)";4.813811;52.365857;
661;"543031";"bestreden";"15-18 m";"25-06-2020";"POINT(4.981224,52.325077)";"POINT(52.325077,4.981224)";4.981224;52.325077;
662;"543030";"bestreden";"15-18 m";"25-06-2020";"POINT(4.981332,52.325158)";"POINT(52.325158,4.981332)";4.981332;52.325158;
663;"667634";"bestreden";"12-15 m";"25-06-2020";"POINT(4.811689,52.365748)";"POINT(52.365748,4.811689)";4.811689;52.365748;
664;"667633";"bestreden";"12-15 m";"25-06-2020";"POINT(4.811356,52.365516)";"POINT(52.365516,4.811356)";4.811356;52.365516;
665;"484249";"bestreden";"9-12 m";"25-06-2020";"POINT(4.954471,52.347858)";"POINT(52.347858,4.954471)";4.954471;52.347858;
666;"667629";"bestreden";"12-15 m";"25-06-2020";"POINT(4.811461,52.365869)";"POINT(52.365869,4.811461)";4.811461;52.365869;
667;"543049";"bestreden";"18-24 m";"25-06-2020";"POINT(4.98144,52.325213)";"POINT(52.325213,4.98144)";4.98144;52.325213;
668;"668173";"bestreden";"18-24 m";"25-06-2020";"POINT(4.983477,52.328822)";"POINT(52.328822,4.983477)";4.983477;52.328822;
669;"_N_131835577000";"bestreden";"18-24 m";"25-06-2020";"POINT(4.983283,52.329069)";"POINT(52.329069,4.983283)";4.983283;52.329069;
670;"489230";"bestreden";"15-18 m";"25-06-2020";"POINT(4.931034,52.341068)";"POINT(52.341068,4.931034)";4.931034;52.341068;
671;"489104";"bestreden";"15-18 m";"25-06-2020";"POINT(4.933235,52.339612)";"POINT(52.339612,4.933235)";4.933235;52.339612;
672;"T69062";"bestreden";"18-24 m";"25-06-2020";"POINT(4.983025,52.329328)";"POINT(52.329328,4.983025)";4.983025;52.329328;
673;"66826941";"bestreden";"12-15 m";"25-06-2020";"POINT(4.840393,52.312918)";"POINT(52.312918,4.840393)";4.840393;52.312918;
674;"66826942";"bestreden";"12-15 m";"25-06-2020";"POINT(4.840393,52.312722)";"POINT(52.312722,4.840393)";4.840393;52.312722;
675;"66826944";"bestreden";"12-15 m";"25-06-2020";"POINT(4.84006,52.312835)";"POINT(52.312835,4.84006)";4.84006;52.312835;
676;"AMBO91735";"bestreden";"18-24 m";"25-06-2020";"POINT(4.839976,52.312968)";"POINT(52.312968,4.839976)";4.839976;52.312968;
677;"66826873";"bestreden";">24 m";"25-06-2020";"POINT(4.839464,52.313115)";"POINT(52.313115,4.839464)";4.839464;52.313115;
678;"66826874";"bestreden";">24 m";"25-06-2020";"POINT(4.839436,52.312999)";"POINT(52.312999,4.839436)";4.839436;52.312999;
679;"598844";"bestreden";">24 m";"25-06-2020";"POINT(4.983235,52.32945)";"POINT(52.32945,4.983235)";4.983235;52.32945;
680;"468271";"bestreden";"12-15 m";"25-06-2020";"POINT(4.911,52.402638)";"POINT(52.402638,4.911)";4.911;52.402638;
681;"_N_133927497000";"bestreden";">24 m";"25-06-2020";"POINT(4.837714,52.312683)";"POINT(52.312683,4.837714)";4.837714;52.312683;
682;"_N_135426514000";"bestreden";"12-15 m";"25-06-2020";"POINT(4.837746,52.312832)";"POINT(52.312832,4.837746)";4.837746;52.312832;
683;"_N_134209762000";"bestreden";">24 m";"25-06-2020";"POINT(4.83775,52.312964)";"POINT(52.312964,4.83775)";4.83775;52.312964;
684;"66826936";"bestreden";">24 m";"25-06-2020";"POINT(4.84003,52.31607)";"POINT(52.31607,4.84003)";4.84003;52.31607;
685;"NAMBO146008";"bestreden";">24 m";"25-06-2020";"POINT(4.839964,52.31693)";"POINT(52.31693,4.839964)";4.839964;52.31693;
686;"66826931";"bestreden";">24 m";"25-06-2020";"POINT(4.839749,52.316411)";"POINT(52.316411,4.839749)";4.839749;52.316411;
687;"66826925";"bestreden";">24 m";"25-06-2020";"POINT(4.839797,52.316877)";"POINT(52.316877,4.839797)";4.839797;52.316877;
688;"66826927";"bestreden";">24 m";"25-06-2020";"POINT(4.839788,52.316698)";"POINT(52.316698,4.839788)";4.839788;52.316698;
689;"66826928";"bestreden";">24 m";"25-06-2020";"POINT(4.840015,52.316691)";"POINT(52.316691,4.840015)";4.840015;52.316691;
690;"66826929";"bestreden";">24 m";"25-06-2020";"POINT(4.839718,52.316623)";"POINT(52.316623,4.839718)";4.839718;52.316623;
691;"66826930";"bestreden";">24 m";"25-06-2020";"POINT(4.839937,52.316511)";"POINT(52.316511,4.839937)";4.839937;52.316511;
692;"667638";"bestreden";"12-15 m";"26-06-2020";"POINT(4.81146,52.364407)";"POINT(52.364407,4.81146)";4.81146;52.364407;
693;"540298";"bestreden";"15-18 m";"26-06-2020";"POINT(4.9883,52.325739)";"POINT(52.325739,4.9883)";4.9883;52.325739;
694;"401115";"bestreden";"12-15 m";"26-06-2020";"POINT(4.910727,52.402728)";"POINT(52.402728,4.910727)";4.910727;52.402728;
695;"6682484";"bestreden";"12-15 m";"26-06-2020";"POINT(4.812302,52.364237)";"POINT(52.364237,4.812302)";4.812302;52.364237;
696;"540299";"bestreden";"15-18 m";"26-06-2020";"POINT(4.988454,52.325775)";"POINT(52.325775,4.988454)";4.988454;52.325775;
697;"1551818";"bestreden";"0-6 m";"26-06-2020";"POINT(4.917073,52.40001)";"POINT(52.40001,4.917073)";4.917073;52.40001;
698;"1551823";"bestreden";"0-6 m";"26-06-2020";"POINT(4.917596,52.399857)";"POINT(52.399857,4.917596)";4.917596;52.399857;
699;"66827034";"bestreden";"12-15 m";"26-06-2020";"POINT(4.812125,52.368349)";"POINT(52.368349,4.812125)";4.812125;52.368349;
700;"667053";"bestreden";"12-15 m";"26-06-2020";"POINT(4.813064,52.368835)";"POINT(52.368835,4.813064)";4.813064;52.368835;
701;"66827041";"bestreden";"12-15 m";"26-06-2020";"POINT(4.81355,52.37)";"POINT(52.37,4.81355)";4.81355;52.37;
702;"NF154694";"bestreden";"12-15 m";"26-06-2020";"POINT(4.81326,52.369494)";"POINT(52.369494,4.81326)";4.81326;52.369494;
703;"6682389_d7";"bestreden";"12-15 m";"26-06-2020";"POINT(4.813646,52.369403)";"POINT(52.369403,4.813646)";4.813646;52.369403;
704;"668157";"bestreden";"18-24 m";"26-06-2020";"POINT(4.985561,52.323213)";"POINT(52.323213,4.985561)";4.985561;52.323213;
705;"6682388";"bestreden";"12-15 m";"26-06-2020";"POINT(4.813265,52.370014)";"POINT(52.370014,4.813265)";4.813265;52.370014;
706;"1552166";"bestreden";"0-6 m";"26-06-2020";"POINT(4.912337,52.399888)";"POINT(52.399888,4.912337)";4.912337;52.399888;
707;"1551824";"bestreden";"0-6 m";"26-06-2020";"POINT(4.91312,52.400015)";"POINT(52.400015,4.91312)";4.91312;52.400015;
708;"66826904";"bestreden";"18-24 m";"26-06-2020";"POINT(4.83265,52.308246)";"POINT(52.308246,4.83265)";4.83265;52.308246;
709;"66826550_d5_d15";"bestreden";"18-24 m";"26-06-2020";"POINT(4.832824,52.308145)";"POINT(52.308145,4.832824)";4.832824;52.308145;
710;"66826552_d7";"bestreden";">24 m";"26-06-2020";"POINT(4.832967,52.30811)";"POINT(52.30811,4.832967)";4.832967;52.30811;
711;"66826553_d8";"bestreden";">24 m";"26-06-2020";"POINT(4.833098,52.308067)";"POINT(52.308067,4.833098)";4.833098;52.308067;
712;"668148";"bestreden";"18-24 m";"26-06-2020";"POINT(4.98521,52.32305)";"POINT(52.32305,4.98521)";4.98521;52.32305;
713;"66826560";"bestreden";">24 m";"26-06-2020";"POINT(4.834007,52.307625)";"POINT(52.307625,4.834007)";4.834007;52.307625;
714;"66826894";"bestreden";">24 m";"26-06-2020";"POINT(4.834215,52.307537)";"POINT(52.307537,4.834215)";4.834215;52.307537;
715;"NAMBO146107";"bestreden";"18-24 m";"26-06-2020";"POINT(4.83463,52.307401)";"POINT(52.307401,4.83463)";4.83463;52.307401;
716;"66826879";"bestreden";"12-15 m";"26-06-2020";"POINT(4.811718,52.365874)";"POINT(52.365874,4.811718)";4.811718;52.365874;
717;"667631";"bestreden";"12-15 m";"26-06-2020";"POINT(4.811674,52.365916)";"POINT(52.365916,4.811674)";4.811674;52.365916;
718;"66826882";"bestreden";"12-15 m";"26-06-2020";"POINT(4.81095,52.364869)";"POINT(52.364869,4.81095)";4.81095;52.364869;
719;"540297";"bestreden";"15-18 m";"26-06-2020";"POINT(4.988402,52.32557)";"POINT(52.32557,4.988402)";4.988402;52.32557;
720;"667636_d4";"bestreden";"12-15 m";"26-06-2020";"POINT(4.811232,52.364615)";"POINT(52.364615,4.811232)";4.811232;52.364615;
721;"598272";"bestreden";"18-24 m";"26-06-2020";"POINT(4.987311,52.326985)";"POINT(52.326985,4.987311)";4.987311;52.326985;
722;"F02477";"bestreden";"12-15 m";"26-06-2020";"POINT(4.810949,52.365282)";"POINT(52.365282,4.810949)";4.810949;52.365282;
723;"66826884";"bestreden";"12-15 m";"26-06-2020";"POINT(4.811888,52.364312)";"POINT(52.364312,4.811888)";4.811888;52.364312;
724;"66826880";"bestreden";"12-15 m";"26-06-2020";"POINT(4.811007,52.364974)";"POINT(52.364974,4.811007)";4.811007;52.364974;
725;"66826885";"bestreden";"12-15 m";"26-06-2020";"POINT(4.811986,52.364324)";"POINT(52.364324,4.811986)";4.811986;52.364324;
726;"540295";"bestreden";"12-15 m";"26-06-2020";"POINT(4.987449,52.326152)";"POINT(52.326152,4.987449)";4.987449;52.326152;
727;"66826888";"bestreden";"12-15 m";"26-06-2020";"POINT(4.812176,52.364218)";"POINT(52.364218,4.812176)";4.812176;52.364218;
728;"66826887";"bestreden";"12-15 m";"26-06-2020";"POINT(4.812318,52.364531)";"POINT(52.364531,4.812318)";4.812318;52.364531;
729;"363550";"bestreden";"15-18 m";"26-06-2020";"POINT(4.847924,52.36443)";"POINT(52.36443,4.847924)";4.847924;52.36443;
730;"NF142877";"bestreden";"12-15 m";"26-06-2020";"POINT(4.811469,52.363801)";"POINT(52.363801,4.811469)";4.811469;52.363801;
731;"@092426998000";"bestreden";"12-15 m";"26-06-2020";"POINT(4.809493,52.366801)";"POINT(52.366801,4.809493)";4.809493;52.366801;
732;"66826565";"bestreden";"18-24 m";"26-06-2020";"POINT(4.834873,52.307326)";"POINT(52.307326,4.834873)";4.834873;52.307326;
733;"66826566";"bestreden";"18-24 m";"26-06-2020";"POINT(4.835092,52.307276)";"POINT(52.307276,4.835092)";4.835092;52.307276;
734;"401289";"bestreden";"15-18 m";"26-06-2020";"POINT(4.911813,52.402571)";"POINT(52.402571,4.911813)";4.911813;52.402571;
735;"T92498";"bestreden";"15-18 m";"26-06-2020";"POINT(4.985049,52.323118)";"POINT(52.323118,4.985049)";4.985049;52.323118;
736;"1551957";"bestreden";"0-6 m";"26-06-2020";"POINT(4.912677,52.399943)";"POINT(52.399943,4.912677)";4.912677;52.399943;
737;"6682485";"bestreden";"12-15 m";"26-06-2020";"POINT(4.812385,52.364283)";"POINT(52.364283,4.812385)";4.812385;52.364283;
738;"NT66552";"bestreden";"15-18 m";"26-06-2020";"POINT(4.988375,52.325873)";"POINT(52.325873,4.988375)";4.988375;52.325873;
739;"540300";"bestreden";"15-18 m";"26-06-2020";"POINT(4.988352,52.325888)";"POINT(52.325888,4.988352)";4.988352;52.325888;
740;"465335";"bestreden";"9-12 m";"26-06-2020";"POINT(4.911333,52.40268)";"POINT(52.40268,4.911333)";4.911333;52.40268;
741;"66826886";"bestreden";"12-15 m";"26-06-2020";"POINT(4.812329,52.36438)";"POINT(52.36438,4.812329)";4.812329;52.36438;
742;"444854";"bestreden";"12-15 m";"26-06-2020";"POINT(4.911281,52.402698)";"POINT(52.402698,4.911281)";4.911281;52.402698;
743;"66826567";"bestreden";"18-24 m";"26-06-2020";"POINT(4.835186,52.307241)";"POINT(52.307241,4.835186)";4.835186;52.307241;
744;"1552057";"bestreden";"0-6 m";"26-06-2020";"POINT(4.917124,52.399872)";"POINT(52.399872,4.917124)";4.917124;52.399872;
745;"1551822";"bestreden";"0-6 m";"26-06-2020";"POINT(4.91731,52.399812)";"POINT(52.399812,4.91731)";4.91731;52.399812;
746;"667052";"bestreden";"12-15 m";"26-06-2020";"POINT(4.814529,52.369574)";"POINT(52.369574,4.814529)";4.814529;52.369574;
747;"6682392";"bestreden";"12-15 m";"26-06-2020";"POINT(4.815199,52.37001)";"POINT(52.37001,4.815199)";4.815199;52.37001;
748;"1552056";"bestreden";"0-6 m";"26-06-2020";"POINT(4.917288,52.399948)";"POINT(52.399948,4.917288)";4.917288;52.399948;
749;"6682391";"bestreden";"12-15 m";"26-06-2020";"POINT(4.814433,52.369491)";"POINT(52.369491,4.814433)";4.814433;52.369491;
750;"66827036";"bestreden";"12-15 m";"26-06-2020";"POINT(4.812244,52.368421)";"POINT(52.368421,4.812244)";4.812244;52.368421;
751;"6682393";"bestreden";"12-15 m";"26-06-2020";"POINT(4.811924,52.368315)";"POINT(52.368315,4.811924)";4.811924;52.368315;
752;"66827038";"bestreden";"12-15 m";"26-06-2020";"POINT(4.813136,52.369094)";"POINT(52.369094,4.813136)";4.813136;52.369094;
753;"66827037";"bestreden";"12-15 m";"26-06-2020";"POINT(4.812986,52.368894)";"POINT(52.368894,4.812986)";4.812986;52.368894;
754;"667647";"bestreden";"12-15 m";"26-06-2020";"POINT(4.812009,52.368327)";"POINT(52.368327,4.812009)";4.812009;52.368327;
755;"66826916";"bestreden";"15-18 m";"26-06-2020";"POINT(4.985227,52.323126)";"POINT(52.323126,4.985227)";4.985227;52.323126;
756;"418792";"bestreden";"12-15 m";"26-06-2020";"POINT(4.813285,52.369842)";"POINT(52.369842,4.813285)";4.813285;52.369842;
757;"T69078";"bestreden";"15-18 m";"26-06-2020";"POINT(4.985372,52.323145)";"POINT(52.323145,4.985372)";4.985372;52.323145;
758;"6682390";"bestreden";"12-15 m";"26-06-2020";"POINT(4.814102,52.36947)";"POINT(52.36947,4.814102)";4.814102;52.36947;
759;"667650";"bestreden";"12-15 m";"26-06-2020";"POINT(4.81396,52.369381)";"POINT(52.369381,4.81396)";4.81396;52.369381;
760;"66827042";"bestreden";"12-15 m";"26-06-2020";"POINT(4.813043,52.370444)";"POINT(52.370444,4.813043)";4.813043;52.370444;
761;"66827044";"bestreden";"9-12 m";"26-06-2020";"POINT(4.815676,52.370928)";"POINT(52.370928,4.815676)";4.815676;52.370928;
762;"66827045";"bestreden";"12-15 m";"26-06-2020";"POINT(4.815187,52.370554)";"POINT(52.370554,4.815187)";4.815187;52.370554;
763;"66827046";"bestreden";"12-15 m";"26-06-2020";"POINT(4.815142,52.370635)";"POINT(52.370635,4.815142)";4.815142;52.370635;
764;"66827047";"bestreden";"12-15 m";"26-06-2020";"POINT(4.815002,52.370731)";"POINT(52.370731,4.815002)";4.815002;52.370731;
765;"444974";"bestreden";"12-15 m";"26-06-2020";"POINT(4.91584,52.402122)";"POINT(52.402122,4.91584)";4.91584;52.402122;
766;"444972";"bestreden";"12-15 m";"26-06-2020";"POINT(4.915697,52.402004)";"POINT(52.402004,4.915697)";4.915697;52.402004;
767;"468297";"bestreden";"9-12 m";"26-06-2020";"POINT(4.915565,52.402063)";"POINT(52.402063,4.915565)";4.915565;52.402063;
768;"66826568";"bestreden";"18-24 m";"26-06-2020";"POINT(4.835681,52.306967)";"POINT(52.306967,4.835681)";4.835681;52.306967;
769;"66826569";"bestreden";"18-24 m";"26-06-2020";"POINT(4.835567,52.306989)";"POINT(52.306989,4.835567)";4.835567;52.306989;
770;"66826572";"bestreden";"18-24 m";"26-06-2020";"POINT(4.83536,52.307039)";"POINT(52.307039,4.83536)";4.83536;52.307039;
771;"66826573";"bestreden";"18-24 m";"26-06-2020";"POINT(4.835438,52.307017)";"POINT(52.307017,4.835438)";4.835438;52.307017;
772;"66826571";"bestreden";"18-24 m";"26-06-2020";"POINT(4.835266,52.307056)";"POINT(52.307056,4.835266)";4.835266;52.307056;
773;"66826570";"bestreden";"18-24 m";"26-06-2020";"POINT(4.835164,52.307084)";"POINT(52.307084,4.835164)";4.835164;52.307084;
774;"66826890";"bestreden";"18-24 m";"26-06-2020";"POINT(4.834928,52.307143)";"POINT(52.307143,4.834928)";4.834928;52.307143;
775;"66826893";"bestreden";"18-24 m";"26-06-2020";"POINT(4.833862,52.307485)";"POINT(52.307485,4.833862)";4.833862;52.307485;
776;"66826558";"bestreden";">24 m";"26-06-2020";"POINT(4.833576,52.307623)";"POINT(52.307623,4.833576)";4.833576;52.307623;
777;"66826557";"bestreden";">24 m";"26-06-2020";"POINT(4.833427,52.307699)";"POINT(52.307699,4.833427)";4.833427;52.307699;
778;"667649_d5";"bestreden";"12-15 m";"26-06-2020";"POINT(4.813536,52.369351)";"POINT(52.369351,4.813536)";4.813536;52.369351;
779;"66826559_d16";"bestreden";">24 m";"26-06-2020";"POINT(4.833808,52.307554)";"POINT(52.307554,4.833808)";4.833808;52.307554;
780;"66826556";"bestreden";">24 m";"26-06-2020";"POINT(4.833171,52.307875)";"POINT(52.307875,4.833171)";4.833171;52.307875;
781;"66826554";"bestreden";">24 m";"26-06-2020";"POINT(4.833028,52.307915)";"POINT(52.307915,4.833028)";4.833028;52.307915;
782;"66826564";"bestreden";"18-24 m";"26-06-2020";"POINT(4.834495,52.307263)";"POINT(52.307263,4.834495)";4.834495;52.307263;
783;"66826555";"bestreden";">24 m";"26-06-2020";"POINT(4.832887,52.307957)";"POINT(52.307957,4.832887)";4.832887;52.307957;
784;"668149";"bestreden";"18-24 m";"26-06-2020";"POINT(4.985721,52.323006)";"POINT(52.323006,4.985721)";4.985721;52.323006;
785;"668152";"bestreden";"18-24 m";"26-06-2020";"POINT(4.985842,52.322963)";"POINT(52.322963,4.985842)";4.985842;52.322963;
786;"NF154698_d3";"bestreden";"12-15 m";"26-06-2020";"POINT(4.809662,52.368085)";"POINT(52.368085,4.809662)";4.809662;52.368085;
787;"668194";"bestreden";"9-12 m";"26-06-2020";"POINT(4.989043,52.301168)";"POINT(52.301168,4.989043)";4.989043;52.301168;
788;"66826563";"bestreden";"18-24 m";"26-06-2020";"POINT(4.834193,52.307359)";"POINT(52.307359,4.834193)";4.834193;52.307359;
789;"66826551_d6";"bestreden";"18-24 m";"26-06-2020";"POINT(4.832649,52.308072)";"POINT(52.308072,4.832649)";4.832649;52.308072;
790;"_N_113041555000";"bestreden";"12-15 m";"26-06-2020";"POINT(4.988957,52.3011)";"POINT(52.3011,4.988957)";4.988957;52.3011;
791;"66827039";"bestreden";"12-15 m";"26-06-2020";"POINT(4.81354,52.36929)";"POINT(52.36929,4.81354)";4.81354;52.36929;
792;"668150";"bestreden";"18-24 m";"26-06-2020";"POINT(4.985611,52.323031)";"POINT(52.323031,4.985611)";4.985611;52.323031;
793;"T104760";"bestreden";"12-15 m";"26-06-2020";"POINT(4.989027,52.301078)";"POINT(52.301078,4.989027)";4.989027;52.301078;
794;"F02480";"bestreden";"12-15 m";"26-06-2020";"POINT(4.815304,52.370527)";"POINT(52.370527,4.815304)";4.815304;52.370527;
795;"T92671";"bestreden";"9-12 m";"26-06-2020";"POINT(4.989027,52.301009)";"POINT(52.301009,4.989027)";4.989027;52.301009;
796;"66826562";"bestreden";"18-24 m";"26-06-2020";"POINT(4.83408,52.307413)";"POINT(52.307413,4.83408)";4.83408;52.307413;
797;"66826866";"bestreden";"12-15 m";"26-06-2020";"POINT(4.809541,52.367993)";"POINT(52.367993,4.809541)";4.809541;52.367993;
798;"_N_113648993000";"bestreden";"12-15 m";"26-06-2020";"POINT(4.989078,52.30086)";"POINT(52.30086,4.989078)";4.989078;52.30086;
799;"66826891";"bestreden";"18-24 m";"26-06-2020";"POINT(4.833997,52.307466)";"POINT(52.307466,4.833997)";4.833997;52.307466;
800;"402680";"bestreden";"12-15 m";"26-06-2020";"POINT(4.913959,52.404829)";"POINT(52.404829,4.913959)";4.913959;52.404829;
801;"_N_113115202000";"bestreden";"12-15 m";"26-06-2020";"POINT(4.988993,52.300838)";"POINT(52.300838,4.988993)";4.988993;52.300838;
802;"66826892";"bestreden";"18-24 m";"26-06-2020";"POINT(4.833942,52.307489)";"POINT(52.307489,4.833942)";4.833942;52.307489;
803;"401282";"bestreden";"12-15 m";"26-06-2020";"POINT(4.913782,52.404674)";"POINT(52.404674,4.913782)";4.913782;52.404674;
804;"668197";"bestreden";"12-15 m";"26-06-2020";"POINT(4.988787,52.300866)";"POINT(52.300866,4.988787)";4.988787;52.300866;
805;"66826865";"bestreden";"12-15 m";"26-06-2020";"POINT(4.809136,52.367901)";"POINT(52.367901,4.809136)";4.809136;52.367901;
806;"_N_113130609000";"bestreden";"12-15 m";"26-06-2020";"POINT(4.989023,52.300546)";"POINT(52.300546,4.989023)";4.989023;52.300546;
807;"418794";"bestreden";"12-15 m";"29-06-2020";"POINT(4.808891,52.367765)";"POINT(52.367765,4.808891)";4.808891;52.367765;
808;"418793";"bestreden";"12-15 m";"29-06-2020";"POINT(4.808909,52.367825)";"POINT(52.367825,4.808909)";4.808909;52.367825;
809;"410980";"bestreden";"12-15 m";"29-06-2020";"POINT(4.808981,52.367847)";"POINT(52.367847,4.808981)";4.808981;52.367847;
810;"410973_d5";"bestreden";"12-15 m";"29-06-2020";"POINT(4.808707,52.36792)";"POINT(52.36792,4.808707)";4.808707;52.36792;
811;"410972_d6";"bestreden";"12-15 m";"29-06-2020";"POINT(4.808317,52.367875)";"POINT(52.367875,4.808317)";4.808317;52.367875;
812;"NF154689_d2";"bestreden";"12-15 m";"29-06-2020";"POINT(4.808562,52.36795)";"POINT(52.36795,4.808562)";4.808562;52.36795;
813;"6682400";"bestreden";"12-15 m";"29-06-2020";"POINT(4.80853,52.367829)";"POINT(52.367829,4.80853)";4.80853;52.367829;
814;"410984";"bestreden";"12-15 m";"29-06-2020";"POINT(4.808962,52.367614)";"POINT(52.367614,4.808962)";4.808962;52.367614;
815;"66826862";"bestreden";"12-15 m";"29-06-2020";"POINT(4.808513,52.367698)";"POINT(52.367698,4.808513)";4.808513;52.367698;
816;"@092444124000";"bestreden";"12-15 m";"29-06-2020";"POINT(4.808702,52.367486)";"POINT(52.367486,4.808702)";4.808702;52.367486;
817;"6682401";"bestreden";"12-15 m";"29-06-2020";"POINT(4.808165,52.36757)";"POINT(52.36757,4.808165)";4.808165;52.36757;
818;"667643";"bestreden";"12-15 m";"29-06-2020";"POINT(4.808704,52.367545)";"POINT(52.367545,4.808704)";4.808704;52.367545;
819;"667646";"bestreden";"12-15 m";"29-06-2020";"POINT(4.809865,52.367889)";"POINT(52.367889,4.809865)";4.809865;52.367889;
820;"411036";"bestreden";"12-15 m";"29-06-2020";"POINT(4.810101,52.367763)";"POINT(52.367763,4.810101)";4.810101;52.367763;
821;"66826871";"bestreden";"12-15 m";"29-06-2020";"POINT(4.809576,52.367759)";"POINT(52.367759,4.809576)";4.809576;52.367759;
822;"6682399";"bestreden";"12-15 m";"29-06-2020";"POINT(4.808986,52.367464)";"POINT(52.367464,4.808986)";4.808986;52.367464;
823;"6682398";"bestreden";"12-15 m";"29-06-2020";"POINT(4.809293,52.367431)";"POINT(52.367431,4.809293)";4.809293;52.367431;
824;"6682397";"bestreden";"12-15 m";"29-06-2020";"POINT(4.809026,52.367421)";"POINT(52.367421,4.809026)";4.809026;52.367421;
825;"410550";"bestreden";"9-12 m";"29-06-2020";"POINT(4.818307,52.375429)";"POINT(52.375429,4.818307)";4.818307;52.375429;
826;"431647";"bestreden";"15-18 m";"29-06-2020";"POINT(4.916553,52.411034)";"POINT(52.411034,4.916553)";4.916553;52.411034;
827;"597815";"bestreden";"15-18 m";"29-06-2020";"POINT(4.984993,52.322118)";"POINT(52.322118,4.984993)";4.984993;52.322118;
828;"435346";"bestreden";"9-12 m";"29-06-2020";"POINT(4.91568,52.409686)";"POINT(52.409686,4.91568)";4.91568;52.409686;
829;"429605";"bestreden";"12-15 m";"29-06-2020";"POINT(4.914328,52.410496)";"POINT(52.410496,4.914328)";4.914328;52.410496;
830;"_N_113805774000";"bestreden";"9-12 m";"29-06-2020";"POINT(4.988966,52.29946)";"POINT(52.29946,4.988966)";4.988966;52.29946;
831;"350917";"bestreden";"9-12 m";"29-06-2020";"POINT(4.817048,52.37583)";"POINT(52.37583,4.817048)";4.817048;52.37583;
832;"369073";"bestreden";"9-12 m";"29-06-2020";"POINT(4.808023,52.376726)";"POINT(52.376726,4.808023)";4.808023;52.376726;
833;"369134";"bestreden";"9-12 m";"29-06-2020";"POINT(4.810275,52.376502)";"POINT(52.376502,4.810275)";4.810275;52.376502;
834;"T69079";"bestreden";"18-24 m";"29-06-2020";"POINT(4.986022,52.323034)";"POINT(52.323034,4.986022)";4.986022;52.323034;
835;"369123";"bestreden";"9-12 m";"29-06-2020";"POINT(4.81132,52.3764)";"POINT(52.3764,4.81132)";4.81132;52.3764;
836;"369103";"bestreden";"9-12 m";"29-06-2020";"POINT(4.810132,52.37663)";"POINT(52.37663,4.810132)";4.810132;52.37663;
837;"466823";"bestreden";"12-15 m";"29-06-2020";"POINT(4.922245,52.410363)";"POINT(52.410363,4.922245)";4.922245;52.410363;
838;"T92673";"bestreden";"9-12 m";"15-06-2020";"POINT(4.98947,52.296978)";"POINT(52.296978,4.98947)";4.98947;52.296978;
839;"66826877";"bestreden";"18-24 m";"29-06-2020";"POINT(4.840839,52.306733)";"POINT(52.306733,4.840839)";4.840839;52.306733;
840;"EPRM09";"bestreden";"12-15 m";"15-06-2020";"POINT(4.989413,52.297032)";"POINT(52.297032,4.989413)";4.989413;52.297032;
841;"EPRM11";"bestreden";"12-15 m";"15-06-2020";"POINT(4.989407,52.297189)";"POINT(52.297189,4.989407)";4.989407;52.297189;
842;"66826882";"bestreden";"18-24 m";"29-06-2020";"POINT(4.840518,52.306257)";"POINT(52.306257,4.840518)";4.840518;52.306257;
843;"369089";"bestreden";"9-12 m";"29-06-2020";"POINT(4.809016,52.376812)";"POINT(52.376812,4.809016)";4.809016;52.376812;
844;"EPRM10";"bestreden";"12-15 m";"15-06-2020";"POINT(4.989407,52.29711)";"POINT(52.29711,4.989407)";4.989407;52.29711;
845;"358497";"bestreden";"15-18 m";"29-06-2020";"POINT(4.808408,52.378094)";"POINT(52.378094,4.808408)";4.808408;52.378094;
846;"358499";"bestreden";"15-18 m";"29-06-2020";"POINT(4.808166,52.37816)";"POINT(52.37816,4.808166)";4.808166;52.37816;
847;"1539897";"bestreden";"15-18 m";"29-06-2020";"POINT(4.80681,52.37831)";"POINT(52.37831,4.80681)";4.80681;52.37831;
848;"371691";"bestreden";"9-12 m";"29-06-2020";"POINT(4.807401,52.379978)";"POINT(52.379978,4.807401)";4.807401;52.379978;
849;"557545";"bestreden";"9-12 m";"15-06-2020";"POINT(4.992996,52.295296)";"POINT(52.295296,4.992996)";4.992996;52.295296;
850;"557553";"bestreden";"12-15 m";"15-06-2020";"POINT(4.993417,52.295297)";"POINT(52.295297,4.993417)";4.993417;52.295297;
851;"557551";"bestreden";"9-12 m";"15-06-2020";"POINT(4.993315,52.295014)";"POINT(52.295014,4.993315)";4.993315;52.295014;
852;"419304";"bestreden";"9-12 m";"29-06-2020";"POINT(4.807471,52.380031)";"POINT(52.380031,4.807471)";4.807471;52.380031;
853;"419313";"bestreden";"9-12 m";"29-06-2020";"POINT(4.807818,52.380045)";"POINT(52.380045,4.807818)";4.807818;52.380045;
854;"419318";"bestreden";"9-12 m";"29-06-2020";"POINT(4.808258,52.380005)";"POINT(52.380005,4.808258)";4.808258;52.380005;
855;"372239";"bestreden";"15-18 m";"29-06-2020";"POINT(4.808718,52.380676)";"POINT(52.380676,4.808718)";4.808718;52.380676;
856;"352631";"bestreden";"9-12 m";"29-06-2020";"POINT(4.808823,52.379151)";"POINT(52.379151,4.808823)";4.808823;52.379151;
857;"372152";"bestreden";"15-18 m";"29-06-2020";"POINT(4.808915,52.381404)";"POINT(52.381404,4.808915)";4.808915;52.381404;
858;"402715";"bestreden";"18-24 m";"29-06-2020";"POINT(4.927015,52.410859)";"POINT(52.410859,4.927015)";4.927015;52.410859;
859;"401735";"bestreden";"15-18 m";"29-06-2020";"POINT(4.927243,52.410723)";"POINT(52.410723,4.927243)";4.927243;52.410723;
860;"372364";"bestreden";"15-18 m";"29-06-2020";"POINT(4.811535,52.382602)";"POINT(52.382602,4.811535)";4.811535;52.382602;
861;"401682";"bestreden";"15-18 m";"29-06-2020";"POINT(4.927144,52.41069)";"POINT(52.41069,4.927144)";4.927144;52.41069;
862;"401734";"bestreden";"15-18 m";"29-06-2020";"POINT(4.927043,52.410646)";"POINT(52.410646,4.927043)";4.927043;52.410646;
863;"372381";"bestreden";"15-18 m";"29-06-2020";"POINT(4.811272,52.382944)";"POINT(52.382944,4.811272)";4.811272;52.382944;
864;"401733";"bestreden";"15-18 m";"29-06-2020";"POINT(4.927005,52.410569)";"POINT(52.410569,4.927005)";4.927005;52.410569;
865;"429613";"bestreden";"15-18 m";"29-06-2020";"POINT(4.922073,52.407388)";"POINT(52.407388,4.922073)";4.922073;52.407388;
866;"429616";"bestreden";"15-18 m";"29-06-2020";"POINT(4.921949,52.407306)";"POINT(52.407306,4.921949)";4.921949;52.407306;
867;"557533";"bestreden";"12-15 m";"15-06-2020";"POINT(4.992709,52.295781)";"POINT(52.295781,4.992709)";4.992709;52.295781;
868;"557535";"bestreden";"9-12 m";"15-06-2020";"POINT(4.99257,52.295718)";"POINT(52.295718,4.99257)";4.99257;52.295718;
869;"557540";"bestreden";"9-12 m";"15-06-2020";"POINT(4.992574,52.295441)";"POINT(52.295441,4.992574)";4.992574;52.295441;
870;"557541";"bestreden";"9-12 m";"15-06-2020";"POINT(4.992575,52.295291)";"POINT(52.295291,4.992575)";4.992575;52.295291;
871;"566962";"bestreden";"15-18 m";"28-05-2020";"POINT(4.848276,52.343694)";"POINT(52.343694,4.848276)";4.848276;52.343694;
872;"66826584";"bestreden";"9-12 m";"28-05-2020";"POINT(4.847865,52.343199)";"POINT(52.343199,4.847865)";4.847865;52.343199;
873;"667392";"bestreden";"6-9 m";"27-05-2020";"POINT(4.816928,52.335568)";"POINT(52.335568,4.816928)";4.816928;52.335568;
874;"_N_094033891000";"bestreden";"6-9 m";"27-05-2020";"POINT(4.817845,52.336037)";"POINT(52.336037,4.817845)";4.817845;52.336037;
875;"F02550";"bestreden";"9-12 m";"27-05-2020";"POINT(4.818352,52.335988)";"POINT(52.335988,4.818352)";4.818352;52.335988;
876;"666982";"bestreden";"9-12 m";"27-05-2020";"POINT(4.818901,52.336247)";"POINT(52.336247,4.818901)";4.818901;52.336247;
877;"1537040";"bestreden";"9-12 m";"28-05-2020";"POINT(4.900156,52.339827)";"POINT(52.339827,4.900156)";4.900156;52.339827;
878;"584671";"bestreden";"15-18 m";"28-05-2020";"POINT(4.903311,52.338307)";"POINT(52.338307,4.903311)";4.903311;52.338307;
879;"546858";"bestreden";"12-15 m";"28-05-2020";"POINT(4.988549,52.321292)";"POINT(52.321292,4.988549)";4.988549;52.321292;
880;"539426";"bestreden";"18-24 m";"28-05-2020";"POINT(4.959664,52.307463)";"POINT(52.307463,4.959664)";4.959664;52.307463;
881;"539501";"bestreden";"15-18 m";"28-05-2020";"POINT(4.957304,52.307014)";"POINT(52.307014,4.957304)";4.957304;52.307014;
882;"1538973";"bestreden";"0-6 m";"02-06-2020";"POINT(4.884164,52.340055)";"POINT(52.340055,4.884164)";4.884164;52.340055;
883;"561741";"bestreden";"9-12 m";"02-06-2020";"POINT(4.883865,52.340417)";"POINT(52.340417,4.883865)";4.883865;52.340417;
884;"575749";"bestreden";"9-12 m";"02-06-2020";"POINT(4.883763,52.340371)";"POINT(52.340371,4.883763)";4.883763;52.340371;
885;"518662";"bestreden";"6-9 m";"02-06-2020";"POINT(4.88374,52.340188)";"POINT(52.340188,4.88374)";4.88374;52.340188;
886;"518664";"bestreden";"6-9 m";"02-06-2020";"POINT(4.883587,52.340205)";"POINT(52.340205,4.883587)";4.883587;52.340205;
887;"562141";"bestreden";"0-6 m";"02-06-2020";"POINT(4.883635,52.340266)";"POINT(52.340266,4.883635)";4.883635;52.340266;
888;"583218";"bestreden";"9-12 m";"02-06-2020";"POINT(4.883717,52.34026)";"POINT(52.34026,4.883717)";4.883717;52.34026;
889;"562140";"bestreden";"9-12 m";"02-06-2020";"POINT(4.883628,52.340338)";"POINT(52.340338,4.883628)";4.883628;52.340338;
890;"518557";"bestreden";"12-15 m";"02-06-2020";"POINT(4.882219,52.341677)";"POINT(52.341677,4.882219)";4.882219;52.341677;
891;"667266";"bestreden";"12-15 m";"02-06-2020";"POINT(4.882898,52.340866)";"POINT(52.340866,4.882898)";4.882898;52.340866;
892;"411037";"bestreden";"12-15 m";"29-06-2020";"POINT(4.810013,52.367736)";"POINT(52.367736,4.810013)";4.810013;52.367736;
893;"66826881";"bestreden";">24 m";"29-06-2020";"POINT(4.840377,52.306596)";"POINT(52.306596,4.840377)";4.840377;52.306596;
894;"66826872";"bestreden";"12-15 m";"29-06-2020";"POINT(4.809709,52.3678)";"POINT(52.3678,4.809709)";4.809709;52.3678;
895;"66826880";"bestreden";">24 m";"29-06-2020";"POINT(4.840694,52.306677)";"POINT(52.306677,4.840694)";4.840694;52.306677;
896;"66826879";"bestreden";">24 m";"29-06-2020";"POINT(4.84082,52.306961)";"POINT(52.306961,4.84082)";4.84082;52.306961;
897;"66826878";"bestreden";">24 m";"29-06-2020";"POINT(4.841024,52.307141)";"POINT(52.307141,4.841024)";4.841024;52.307141;
898;"597816";"bestreden";"15-18 m";"29-06-2020";"POINT(4.984956,52.322146)";"POINT(52.322146,4.984956)";4.984956;52.322146;
899;"597658";"bestreden";"12-15 m";"29-06-2020";"POINT(4.984747,52.322035)";"POINT(52.322035,4.984747)";4.984747;52.322035;
900;"597817";"bestreden";"";"29-06-2020";"POINT(4.985111,52.322008)";"POINT(52.322008,4.985111)";4.985111;52.322008;
901;"597577";"bestreden";"9-12 m";"29-06-2020";"POINT(4.983421,52.322286)";"POINT(52.322286,4.983421)";4.983421;52.322286;
902;"401445";"bestreden";"15-18 m";"29-06-2020";"POINT(4.920092,52.409972)";"POINT(52.409972,4.920092)";4.920092;52.409972;
903;"369069";"bestreden";"9-12 m";"29-06-2020";"POINT(4.807325,52.376796)";"POINT(52.376796,4.807325)";4.807325;52.376796;
904;"369117";"bestreden";"9-12 m";"29-06-2020";"POINT(4.811911,52.376272)";"POINT(52.376272,4.811911)";4.811911;52.376272;
905;"369072";"bestreden";"9-12 m";"29-06-2020";"POINT(4.80785,52.376744)";"POINT(52.376744,4.80785)";4.80785;52.376744;
906;"668154";"bestreden";"18-24 m";"29-06-2020";"POINT(4.985868,52.322821)";"POINT(52.322821,4.985868)";4.985868;52.322821;
907;"668155";"bestreden";"18-24 m";"29-06-2020";"POINT(4.985801,52.322837)";"POINT(52.322837,4.985801)";4.985801;52.322837;
908;"T69081";"bestreden";"18-24 m";"29-06-2020";"POINT(4.986206,52.323399)";"POINT(52.323399,4.986206)";4.986206;52.323399;
909;"369118";"bestreden";"9-12 m";"29-06-2020";"POINT(4.811666,52.376366)";"POINT(52.376366,4.811666)";4.811666;52.376366;
910;"369135";"bestreden";"9-12 m";"29-06-2020";"POINT(4.810106,52.376518)";"POINT(52.376518,4.810106)";4.810106;52.376518;
911;"668153";"bestreden";"18-24 m";"29-06-2020";"POINT(4.985896,52.322862)";"POINT(52.322862,4.985896)";4.985896;52.322862;
912;"350895";"bestreden";"9-12 m";"29-06-2020";"POINT(4.816416,52.375972)";"POINT(52.375972,4.816416)";4.816416;52.375972;
913;"66826913";"bestreden";"18-24 m";"29-06-2020";"POINT(4.986638,52.323653)";"POINT(52.323653,4.986638)";4.986638;52.323653;
914;"T111499";"bestreden";"18-24 m";"29-06-2020";"POINT(4.986698,52.323525)";"POINT(52.323525,4.986698)";4.986698;52.323525;
915;"66826912";"bestreden";"18-24 m";"29-06-2020";"POINT(4.986601,52.323515)";"POINT(52.323515,4.986601)";4.986601;52.323515;
916;"66826914";"bestreden";"18-24 m";"29-06-2020";"POINT(4.986369,52.323604)";"POINT(52.323604,4.986369)";4.986369;52.323604;
917;"66826915";"bestreden";"18-24 m";"29-06-2020";"POINT(4.986349,52.323672)";"POINT(52.323672,4.986349)";4.986349;52.323672;
918;"369111";"bestreden";"9-12 m";"29-06-2020";"POINT(4.810833,52.376557)";"POINT(52.376557,4.810833)";4.810833;52.376557;
919;"369107";"bestreden";"9-12 m";"29-06-2020";"POINT(4.810483,52.376594)";"POINT(52.376594,4.810483)";4.810483;52.376594;
920;"369105";"bestreden";"9-12 m";"29-06-2020";"POINT(4.810303,52.376611)";"POINT(52.376611,4.810303)";4.810303;52.376611;
921;"369099";"bestreden";"9-12 m";"29-06-2020";"POINT(4.809778,52.376663)";"POINT(52.376663,4.809778)";4.809778;52.376663;
922;"369097";"bestreden";"9-12 m";"29-06-2020";"POINT(4.809601,52.376681)";"POINT(52.376681,4.809601)";4.809601;52.376681;
923;"369090";"bestreden";"9-12 m";"29-06-2020";"POINT(4.808925,52.37675)";"POINT(52.37675,4.808925)";4.808925;52.37675;
924;"369081";"bestreden";"9-12 m";"29-06-2020";"POINT(4.808047,52.376837)";"POINT(52.376837,4.808047)";4.808047;52.376837;
925;"369079";"bestreden";"9-12 m";"29-06-2020";"POINT(4.807701,52.37687)";"POINT(52.37687,4.807701)";4.807701;52.37687;
926;"369078";"bestreden";"9-12 m";"29-06-2020";"POINT(4.807525,52.376887)";"POINT(52.376887,4.807525)";4.807525;52.376887;
927;"AMBO91733";"bestreden";">24 m";"29-06-2020";"POINT(4.841097,52.30712)";"POINT(52.30712,4.841097)";4.841097;52.30712;
928;"667423_d0";"bestreden";">24 m";"29-06-2020";"POINT(4.840951,52.306898)";"POINT(52.306898,4.840951)";4.840951;52.306898;
929;"369086";"bestreden";"9-12 m";"29-06-2020";"POINT(4.807611,52.376948)";"POINT(52.376948,4.807611)";4.807611;52.376948;
930;"369100";"bestreden";"9-12 m";"29-06-2020";"POINT(4.8099,52.376722)";"POINT(52.376722,4.8099)";4.8099;52.376722;
931;"369104";"bestreden";"9-12 m";"29-06-2020";"POINT(4.810246,52.376688)";"POINT(52.376688,4.810246)";4.810246;52.376688;
932;"369109";"bestreden";"9-12 m";"29-06-2020";"POINT(4.810755,52.376637)";"POINT(52.376637,4.810755)";4.810755;52.376637;
933;"358495";"bestreden";"15-18 m";"29-06-2020";"POINT(4.808544,52.378126)";"POINT(52.378126,4.808544)";4.808544;52.378126;
934;"371700";"bestreden";"9-12 m";"29-06-2020";"POINT(4.80788,52.378838)";"POINT(52.378838,4.80788)";4.80788;52.378838;
935;"429633";"bestreden";"12-15 m";"29-06-2020";"POINT(4.92498,52.412474)";"POINT(52.412474,4.92498)";4.92498;52.412474;
936;"372406";"bestreden";"15-18 m";"29-06-2020";"POINT(4.808126,52.381147)";"POINT(52.381147,4.808126)";4.808126;52.381147;
937;"372538";"bestreden";"15-18 m";"29-06-2020";"POINT(4.80849,52.380652)";"POINT(52.380652,4.80849)";4.80849;52.380652;
938;"419321";"bestreden";"9-12 m";"29-06-2020";"POINT(4.808487,52.38001)";"POINT(52.38001,4.808487)";4.808487;52.38001;
939;"T111497";"bestreden";"18-24 m";"29-06-2020";"POINT(4.985847,52.322617)";"POINT(52.322617,4.985847)";4.985847;52.322617;
940;"66826917";"bestreden";"18-24 m";"29-06-2020";"POINT(4.986132,52.321912)";"POINT(52.321912,4.986132)";4.986132;52.321912;
941;"66826919";"bestreden";"18-24 m";"29-06-2020";"POINT(4.986118,52.322081)";"POINT(52.322081,4.986118)";4.986118;52.322081;
942;"350791";"bestreden";"15-18 m";"29-06-2020";"POINT(4.812838,52.381909)";"POINT(52.381909,4.812838)";4.812838;52.381909;
943;"431693";"bestreden";"15-18 m";"29-06-2020";"POINT(4.921801,52.407265)";"POINT(52.407265,4.921801)";4.921801;52.407265;
944;"429618";"bestreden";"15-18 m";"29-06-2020";"POINT(4.921821,52.407198)";"POINT(52.407198,4.921821)";4.921821;52.407198;
945;"AMBO91731";"bestreden";"18-24 m";"29-06-2020";"POINT(4.840492,52.306305)";"POINT(52.306305,4.840492)";4.840492;52.306305;
946;"NAMBO146050";"bestreden";"18-24 m";"29-06-2020";"POINT(4.840483,52.306345)";"POINT(52.306345,4.840483)";4.840483;52.306345;
947;"6682520";"bestreden";">24 m";"29-06-2020";"POINT(4.840261,52.306053)";"POINT(52.306053,4.840261)";4.840261;52.306053;
948;"66826883";"bestreden";">24 m";"29-06-2020";"POINT(4.840024,52.305754)";"POINT(52.305754,4.840024)";4.840024;52.305754;
949;"418912";"bestreden";"6-9 m";"02-06-2020";"POINT(4.795801,52.342669)";"POINT(52.342669,4.795801)";4.795801;52.342669;
950;"1556505";"bestreden";"15-18 m";"30-06-2020";"POINT(4.925254,52.395381)";"POINT(52.395381,4.925254)";4.925254;52.395381;
951;"381912";"bestreden";"6-9 m";"30-06-2020";"POINT(4.81008,52.380248)";"POINT(52.380248,4.81008)";4.81008;52.380248;
952;"382378";"bestreden";"9-12 m";"30-06-2020";"POINT(4.809681,52.379769)";"POINT(52.379769,4.809681)";4.809681;52.379769;
953;"1556446";"bestreden";"15-18 m";"30-06-2020";"POINT(4.92556,52.39564)";"POINT(52.39564,4.92556)";4.92556;52.39564;
954;"66827023";"bestreden";"12-15 m";"30-06-2020";"POINT(4.925629,52.395705)";"POINT(52.395705,4.925629)";4.925629;52.395705;
955;"1556506";"bestreden";"15-18 m";"30-06-2020";"POINT(4.925401,52.395626)";"POINT(52.395626,4.925401)";4.925401;52.395626;
956;"466451";"bestreden";"9-12 m";"30-06-2020";"POINT(4.924651,52.398197)";"POINT(52.398197,4.924651)";4.924651;52.398197;
957;"437516";"bestreden";"6-9 m";"30-06-2020";"POINT(4.925343,52.397678)";"POINT(52.397678,4.925343)";4.925343;52.397678;
958;"66827024";"bestreden";"12-15 m";"30-06-2020";"POINT(4.924528,52.398225)";"POINT(52.398225,4.924528)";4.924528;52.398225;
959;"667422";"bestreden";">24 m";"30-06-2020";"POINT(4.840352,52.306231)";"POINT(52.306231,4.840352)";4.840352;52.306231;
960;"380805";"bestreden";"15-18 m";"30-06-2020";"POINT(4.794056,52.381184)";"POINT(52.381184,4.794056)";4.794056;52.381184;
961;"6682524";"bestreden";"18-24 m";"30-06-2020";"POINT(4.840105,52.306236)";"POINT(52.306236,4.840105)";4.840105;52.306236;
962;"667106";"bestreden";"9-12 m";"30-06-2020";"POINT(4.787915,52.38172)";"POINT(52.38172,4.787915)";4.787915;52.38172;
963;"6682662";"bestreden";"9-12 m";"30-06-2020";"POINT(4.793962,52.382424)";"POINT(52.382424,4.793962)";4.793962;52.382424;
964;"66826840";"bestreden";"9-12 m";"30-06-2020";"POINT(4.787418,52.381698)";"POINT(52.381698,4.787418)";4.787418;52.381698;
965;"380794";"bestreden";"12-15 m";"30-06-2020";"POINT(4.794198,52.381529)";"POINT(52.381529,4.794198)";4.794198;52.381529;
966;"T111496";"bestreden";"18-24 m";"30-06-2020";"POINT(4.986246,52.322082)";"POINT(52.322082,4.986246)";4.986246;52.322082;
967;"418706";"bestreden";"9-12 m";"30-06-2020";"POINT(4.785488,52.381808)";"POINT(52.381808,4.785488)";4.785488;52.381808;
968;"T92434";"bestreden";"18-24 m";"30-06-2020";"POINT(4.986239,52.322094)";"POINT(52.322094,4.986239)";4.986239;52.322094;
969;"418707_d14";"bestreden";"9-12 m";"30-06-2020";"POINT(4.785683,52.381849)";"POINT(52.381849,4.785683)";4.785683;52.381849;
970;"NF154636_d4";"bestreden";"9-12 m";"30-06-2020";"POINT(4.785791,52.381673)";"POINT(52.381673,4.785791)";4.785791;52.381673;
971;"66826918";"bestreden";"18-24 m";"30-06-2020";"POINT(4.986096,52.321997)";"POINT(52.321997,4.986096)";4.986096;52.321997;
972;"667735";"bestreden";"12-15 m";"30-06-2020";"POINT(4.928408,52.402051)";"POINT(52.402051,4.928408)";4.928408;52.402051;
973;"521662";"bestreden";"12-15 m";"02-06-2020";"POINT(4.84918,52.357243)";"POINT(52.357243,4.84918)";4.84918;52.357243;
974;"AMBO91661";"bestreden";"15-18 m";"02-06-2020";"POINT(4.854997,52.327103)";"POINT(52.327103,4.854997)";4.854997;52.327103;
975;"526501";"bestreden";"15-18 m";"02-06-2020";"POINT(4.84926,52.355861)";"POINT(52.355861,4.84926)";4.84926;52.355861;
976;"529874";"bestreden";"12-15 m";"02-06-2020";"POINT(4.849278,52.356053)";"POINT(52.356053,4.849278)";4.849278;52.356053;
977;"528945";"bestreden";"12-15 m";"02-06-2020";"POINT(4.849242,52.357001)";"POINT(52.357001,4.849242)";4.849242;52.357001;
978;"494875";"bestreden";"15-18 m";"02-06-2020";"POINT(4.865455,52.371242)";"POINT(52.371242,4.865455)";4.865455;52.371242;
979;"491085";"bestreden";"15-18 m";"02-06-2020";"POINT(4.853656,52.37447)";"POINT(52.37447,4.853656)";4.853656;52.37447;
980;"491086";"bestreden";"15-18 m";"02-06-2020";"POINT(4.853549,52.374449)";"POINT(52.374449,4.853549)";4.853549;52.374449;
981;"491087";"bestreden";"12-15 m";"02-06-2020";"POINT(4.85344,52.374429)";"POINT(52.374429,4.85344)";4.85344;52.374429;
982;"492610";"bestreden";"12-15 m";"02-06-2020";"POINT(4.853838,52.374813)";"POINT(52.374813,4.853838)";4.853838;52.374813;
983;"491096";"bestreden";"12-15 m";"02-06-2020";"POINT(4.853711,52.374768)";"POINT(52.374768,4.853711)";4.853711;52.374768;
984;"492609";"bestreden";"12-15 m";"02-06-2020";"POINT(4.853861,52.374748)";"POINT(52.374748,4.853861)";4.853861;52.374748;
985;"491095";"bestreden";"12-15 m";"02-06-2020";"POINT(4.853756,52.374688)";"POINT(52.374688,4.853756)";4.853756;52.374688;
986;"NF154634";"bestreden";"9-12 m";"30-06-2020";"POINT(4.784875,52.381802)";"POINT(52.381802,4.784875)";4.784875;52.381802;
987;"667292";"bestreden";"15-18 m";"02-06-2020";"POINT(4.855065,52.326985)";"POINT(52.326985,4.855065)";4.855065;52.326985;
988;"667578";"bestreden";"15-18 m";"02-06-2020";"POINT(4.855142,52.327067)";"POINT(52.327067,4.855142)";4.855142;52.327067;
989;"AMBO91779_d1";"bestreden";"9-12 m";"02-06-2020";"POINT(4.854808,52.327204)";"POINT(52.327204,4.854808)";4.854808;52.327204;
990;"AMBO40537";"bestreden";"12-15 m";"02-06-2020";"POINT(4.854704,52.327189)";"POINT(52.327189,4.854704)";4.854704;52.327189;
991;"667571";"bestreden";"18-24 m";"02-06-2020";"POINT(4.854672,52.326687)";"POINT(52.326687,4.854672)";4.854672;52.326687;
992;"667289_d2";"bestreden";"15-18 m";"02-06-2020";"POINT(4.854729,52.327173)";"POINT(52.327173,4.854729)";4.854729;52.327173;
993;"667290_d6";"bestreden";"15-18 m";"02-06-2020";"POINT(4.854626,52.327163)";"POINT(52.327163,4.854626)";4.854626;52.327163;
994;"@075747584000";"bestreden";"12-15 m";"02-06-2020";"POINT(4.854661,52.326503)";"POINT(52.326503,4.854661)";4.854661;52.326503;
995;"491089";"bestreden";"12-15 m";"02-06-2020";"POINT(4.853225,52.374392)";"POINT(52.374392,4.853225)";4.853225;52.374392;
996;"491091";"bestreden";"18-24 m";"02-06-2020";"POINT(4.853011,52.374354)";"POINT(52.374354,4.853011)";4.853011;52.374354;
997;"492613";"bestreden";"12-15 m";"02-06-2020";"POINT(4.853782,52.374609)";"POINT(52.374609,4.853782)";4.853782;52.374609;
998;"491090";"bestreden";"12-15 m";"03-06-2020";"POINT(4.852903,52.374335)";"POINT(52.374335,4.852903)";4.852903;52.374335;
999;"NAMBO145523";"bestreden";"9-12 m";"03-06-2020";"POINT(4.851972,52.320966)";"POINT(52.320966,4.851972)";4.851972;52.320966;
1000;"NAMBO145526";"bestreden";"9-12 m";"03-06-2020";"POINT(4.851955,52.321204)";"POINT(52.321204,4.851955)";4.851955;52.321204;
1001;"491084";"bestreden";"15-18 m";"03-06-2020";"POINT(4.852636,52.374386)";"POINT(52.374386,4.852636)";4.852636;52.374386;
1002;"491093";"bestreden";"12-15 m";"03-06-2020";"POINT(4.852583,52.374277)";"POINT(52.374277,4.852583)";4.852583;52.374277;
1003;"492600";"bestreden";"15-18 m";"03-06-2020";"POINT(4.852547,52.374361)";"POINT(52.374361,4.852547)";4.852547;52.374361;
1004;"NAMBO145522";"bestreden";"12-15 m";"03-06-2020";"POINT(4.851966,52.320891)";"POINT(52.320891,4.851966)";4.851966;52.320891;
1005;"NAMBO145518_d1";"bestreden";"9-12 m";"03-06-2020";"POINT(4.851982,52.320532)";"POINT(52.320532,4.851982)";4.851982;52.320532;
1006;"NAMBO145515";"bestreden";"9-12 m";"03-06-2020";"POINT(4.851991,52.320312)";"POINT(52.320312,4.851991)";4.851991;52.320312;
1007;"NF154633";"bestreden";"9-12 m";"30-06-2020";"POINT(4.784054,52.381733)";"POINT(52.381733,4.784054)";4.784054;52.381733;
1008;"66826922";"bestreden";"18-24 m";"30-06-2020";"POINT(4.986426,52.322087)";"POINT(52.322087,4.986426)";4.986426;52.322087;
1009;"414346";"bestreden";"6-9 m";"30-06-2020";"POINT(4.784288,52.381666)";"POINT(52.381666,4.784288)";4.784288;52.381666;
1010;"412290";"bestreden";"9-12 m";"30-06-2020";"POINT(4.783867,52.382518)";"POINT(52.382518,4.783867)";4.783867;52.382518;
1011;"412294";"bestreden";"9-12 m";"30-06-2020";"POINT(4.783853,52.382776)";"POINT(52.382776,4.783853)";4.783853;52.382776;
1012;"66826921";"bestreden";"18-24 m";"30-06-2020";"POINT(4.986593,52.3221)";"POINT(52.3221,4.986593)";4.986593;52.3221;
1013;"NAMBO145511";"bestreden";"15-18 m";"03-06-2020";"POINT(4.851598,52.320163)";"POINT(52.320163,4.851598)";4.851598;52.320163;
1014;"AMBO91753";"bestreden";"9-12 m";"03-06-2020";"POINT(4.851044,52.319712)";"POINT(52.319712,4.851044)";4.851044;52.319712;
1015;"NAMBO145486";"bestreden";"12-15 m";"03-06-2020";"POINT(4.851056,52.319467)";"POINT(52.319467,4.851056)";4.851056;52.319467;
1016;"6682164";"bestreden";"9-12 m";"03-06-2020";"POINT(4.851497,52.318308)";"POINT(52.318308,4.851497)";4.851497;52.318308;
1017;"66826845";"bestreden";"12-15 m";"30-06-2020";"POINT(4.78276,52.381432)";"POINT(52.381432,4.78276)";4.78276;52.381432;
1018;"66826842";"bestreden";"9-12 m";"30-06-2020";"POINT(4.783246,52.381431)";"POINT(52.381431,4.783246)";4.783246;52.381431;
1019;"668164";"bestreden";"18-24 m";"30-06-2020";"POINT(4.987062,52.322194)";"POINT(52.322194,4.987062)";4.987062;52.322194;
1020;"466341";"bestreden";"12-15 m";"30-06-2020";"POINT(4.943947,52.402258)";"POINT(52.402258,4.943947)";4.943947;52.402258;
1021;"366660";"bestreden";"9-12 m";"30-06-2020";"POINT(4.787513,52.381263)";"POINT(52.381263,4.787513)";4.787513;52.381263;
1022;"500384";"bestreden";"0-6 m";"03-06-2020";"POINT(4.868025,52.381357)";"POINT(52.381357,4.868025)";4.868025;52.381357;
1023;"6682165";"bestreden";"9-12 m";"03-06-2020";"POINT(4.851496,52.318268)";"POINT(52.318268,4.851496)";4.851496;52.318268;
1024;"667379";"bestreden";"0-6 m";"03-06-2020";"POINT(4.851549,52.317156)";"POINT(52.317156,4.851549)";4.851549;52.317156;
1025;"6682185";"bestreden";"9-12 m";"03-06-2020";"POINT(4.851641,52.318027)";"POINT(52.318027,4.851641)";4.851641;52.318027;
1026;"6682166";"bestreden";"9-12 m";"03-06-2020";"POINT(4.851479,52.318193)";"POINT(52.318193,4.851479)";4.851479;52.318193;
1027;"6682158";"bestreden";"9-12 m";"03-06-2020";"POINT(4.852388,52.318891)";"POINT(52.318891,4.852388)";4.852388;52.318891;
1028;"AMBO91803";"bestreden";"9-12 m";"03-06-2020";"POINT(4.852471,52.31889)";"POINT(52.31889,4.852471)";4.852471;52.31889;
1029;"6682153";"bestreden";"9-12 m";"03-06-2020";"POINT(4.852588,52.318888)";"POINT(52.318888,4.852588)";4.852588;52.318888;
1030;"6682156";"bestreden";"9-12 m";"03-06-2020";"POINT(4.852873,52.318894)";"POINT(52.318894,4.852873)";4.852873;52.318894;
1031;"6682157";"bestreden";"9-12 m";"03-06-2020";"POINT(4.852954,52.318901)";"POINT(52.318901,4.852954)";4.852954;52.318901;
1032;"6682159";"bestreden";"9-12 m";"03-06-2020";"POINT(4.853019,52.318903)";"POINT(52.318903,4.853019)";4.853019;52.318903;
1033;"AMBO42501";"bestreden";"18-24 m";"03-06-2020";"POINT(4.848431,52.321777)";"POINT(52.321777,4.848431)";4.848431;52.321777;
1034;"491092";"bestreden";"15-18 m";"03-06-2020";"POINT(4.852687,52.374297)";"POINT(52.374297,4.852687)";4.852687;52.374297;
1035;"NAMBO145514";"bestreden";"9-12 m";"03-06-2020";"POINT(4.851974,52.32026)";"POINT(52.32026,4.851974)";4.851974;52.32026;
1036;"NAMBO145490";"bestreden";"9-12 m";"03-06-2020";"POINT(4.851031,52.319837)";"POINT(52.319837,4.851031)";4.851031;52.319837;
1037;"NAMBO145489";"bestreden";"9-12 m";"03-06-2020";"POINT(4.851042,52.319749)";"POINT(52.319749,4.851042)";4.851042;52.319749;
1038;"NAMBO145488";"bestreden";"12-15 m";"03-06-2020";"POINT(4.851045,52.319649)";"POINT(52.319649,4.851045)";4.851045;52.319649;
1039;"NAMBO145487";"bestreden";"9-12 m";"03-06-2020";"POINT(4.851053,52.319572)";"POINT(52.319572,4.851053)";4.851053;52.319572;
1040;"AMBO91754";"bestreden";"9-12 m";"03-06-2020";"POINT(4.851058,52.3192)";"POINT(52.3192,4.851058)";4.851058;52.3192;
1041;"537898";"bestreden";"0-6 m";"03-06-2020";"POINT(4.962775,52.316576)";"POINT(52.316576,4.962775)";4.962775;52.316576;
1042;"500585";"bestreden";"12-15 m";"03-06-2020";"POINT(4.867911,52.381679)";"POINT(52.381679,4.867911)";4.867911;52.381679;
1043;"500596";"bestreden";"12-15 m";"03-06-2020";"POINT(4.867983,52.381472)";"POINT(52.381472,4.867983)";4.867983;52.381472;
1044;"537918";"bestreden";"6-9 m";"03-06-2020";"POINT(4.962232,52.317329)";"POINT(52.317329,4.962232)";4.962232;52.317329;
1045;"500592";"bestreden";"6-9 m";"03-06-2020";"POINT(4.868061,52.381534)";"POINT(52.381534,4.868061)";4.868061;52.381534;
1046;"667384";"bestreden";"9-12 m";"03-06-2020";"POINT(4.851499,52.318011)";"POINT(52.318011,4.851499)";4.851499;52.318011;
1047;"AMBO91739";"bestreden";"0-6 m";"03-06-2020";"POINT(4.851509,52.317819)";"POINT(52.317819,4.851509)";4.851509;52.317819;
1048;"6682171";"bestreden";"0-6 m";"03-06-2020";"POINT(4.851516,52.317689)";"POINT(52.317689,4.851516)";4.851516;52.317689;
1049;"6682172";"bestreden";"0-6 m";"03-06-2020";"POINT(4.851528,52.317639)";"POINT(52.317639,4.851528)";4.851528;52.317639;
1050;"6682178";"bestreden";"0-6 m";"03-06-2020";"POINT(4.851678,52.317158)";"POINT(52.317158,4.851678)";4.851678;52.317158;
1051;"6682184";"bestreden";"0-6 m";"03-06-2020";"POINT(4.851662,52.317835)";"POINT(52.317835,4.851662)";4.851662;52.317835;
1052;"6682167";"bestreden";"9-12 m";"03-06-2020";"POINT(4.851489,52.318122)";"POINT(52.318122,4.851489)";4.851489;52.318122;
1053;"NAMBO145470";"bestreden";"9-12 m";"03-06-2020";"POINT(4.85122,52.319293)";"POINT(52.319293,4.85122)";4.85122;52.319293;
1054;"NAMBO145473";"bestreden";"9-12 m";"03-06-2020";"POINT(4.85121,52.319572)";"POINT(52.319572,4.85121)";4.85121;52.319572;
1055;"NAMBO145474";"bestreden";"9-12 m";"03-06-2020";"POINT(4.851212,52.319656)";"POINT(52.319656,4.851212)";4.851212;52.319656;
1056;"NAMBO145475";"bestreden";"9-12 m";"03-06-2020";"POINT(4.851191,52.319746)";"POINT(52.319746,4.851191)";4.851191;52.319746;
1057;"NAMBO145476";"bestreden";"9-12 m";"03-06-2020";"POINT(4.851188,52.31983)";"POINT(52.31983,4.851188)";4.851188;52.31983;
1058;"AMBO91742";"bestreden";"6-9 m";"03-06-2020";"POINT(4.851197,52.319968)";"POINT(52.319968,4.851197)";4.851197;52.319968;
1059;"AMBO91797";"bestreden";"9-12 m";"03-06-2020";"POINT(4.851257,52.320044)";"POINT(52.320044,4.851257)";4.851257;52.320044;
1060;"537914";"bestreden";"0-6 m";"03-06-2020";"POINT(4.961894,52.317694)";"POINT(52.317694,4.961894)";4.961894;52.317694;
1061;"537959";"bestreden";"6-9 m";"03-06-2020";"POINT(4.962155,52.31758)";"POINT(52.31758,4.962155)";4.962155;52.31758;
1062;"537935";"bestreden";"6-9 m";"03-06-2020";"POINT(4.962225,52.317508)";"POINT(52.317508,4.962225)";4.962225;52.317508;
1063;"537939";"bestreden";"6-9 m";"04-06-2020";"POINT(4.961924,52.317844)";"POINT(52.317844,4.961924)";4.961924;52.317844;
1064;"557599";"bestreden";"12-15 m";"04-06-2020";"POINT(4.995082,52.295927)";"POINT(52.295927,4.995082)";4.995082;52.295927;
1065;"668216";"bestreden";"18-24 m";"04-06-2020";"POINT(4.957616,52.289981)";"POINT(52.289981,4.957616)";4.957616;52.289981;
1066;"668214";"bestreden";"12-15 m";"04-06-2020";"POINT(4.957422,52.290487)";"POINT(52.290487,4.957422)";4.957422;52.290487;
1067;"@080123184000_d5";"bestreden";"15-18 m";"04-06-2020";"POINT(4.854157,52.32605)";"POINT(52.32605,4.854157)";4.854157;52.32605;
1068;"66826584";"bestreden";"18-24 m";"04-06-2020";"POINT(4.854406,52.325859)";"POINT(52.325859,4.854406)";4.854406;52.325859;
1069;"668141";"bestreden";"12-15 m";"04-06-2020";"POINT(4.956527,52.290291)";"POINT(52.290291,4.956527)";4.956527;52.290291;
1070;"466819";"bestreden";"9-12 m";"04-06-2020";"POINT(4.918612,52.410586)";"POINT(52.410586,4.918612)";4.918612;52.410586;
1071;"537951";"bestreden";"0-6 m";"04-06-2020";"POINT(4.961467,52.318005)";"POINT(52.318005,4.961467)";4.961467;52.318005;
1072;"537912";"bestreden";"6-9 m";"04-06-2020";"POINT(4.961786,52.317828)";"POINT(52.317828,4.961786)";4.961786;52.317828;
1073;"537952";"bestreden";"6-9 m";"04-06-2020";"POINT(4.961521,52.317951)";"POINT(52.317951,4.961521)";4.961521;52.317951;
1074;"537909";"bestreden";"0-6 m";"04-06-2020";"POINT(4.961633,52.317823)";"POINT(52.317823,4.961633)";4.961633;52.317823;
1075;"507422";"bestreden";"15-18 m";"04-06-2020";"POINT(4.852891,52.388375)";"POINT(52.388375,4.852891)";4.852891;52.388375;
1076;"537954";"bestreden";"6-9 m";"04-06-2020";"POINT(4.961556,52.318078)";"POINT(52.318078,4.961556)";4.961556;52.318078;
1077;"537953";"bestreden";"6-9 m";"04-06-2020";"POINT(4.961617,52.318002)";"POINT(52.318002,4.961617)";4.961617;52.318002;
1078;"537891";"bestreden";"0-6 m";"04-06-2020";"POINT(4.961441,52.317873)";"POINT(52.317873,4.961441)";4.961441;52.317873;
1079;"537911";"bestreden";"0-6 m";"04-06-2020";"POINT(4.961678,52.317948)";"POINT(52.317948,4.961678)";4.961678;52.317948;
1080;"537955";"bestreden";"0-6 m";"04-06-2020";"POINT(4.961349,52.317999)";"POINT(52.317999,4.961349)";4.961349;52.317999;
1081;"533325";"bestreden";"9-12 m";"04-06-2020";"POINT(4.878546,52.351525)";"POINT(52.351525,4.878546)";4.878546;52.351525;
1082;"_N_101334684000";"bestreden";"9-12 m";"04-06-2020";"POINT(4.955345,52.291099)";"POINT(52.291099,4.955345)";4.955345;52.291099;
1083;"466818";"bestreden";"9-12 m";"04-06-2020";"POINT(4.918514,52.410621)";"POINT(52.410621,4.918514)";4.918514;52.410621;
1084;"668132";"bestreden";"12-15 m";"04-06-2020";"POINT(4.955506,52.291047)";"POINT(52.291047,4.955506)";4.955506;52.291047;
1085;"432421";"bestreden";"15-18 m";"04-06-2020";"POINT(4.918,52.410859)";"POINT(52.410859,4.918)";4.918;52.410859;
1086;"T92593";"bestreden";"15-18 m";"04-06-2020";"POINT(4.95572,52.291068)";"POINT(52.291068,4.95572)";4.95572;52.291068;
1087;"_N_141118739000";"bestreden";"15-18 m";"04-06-2020";"POINT(4.954479,52.290737)";"POINT(52.290737,4.954479)";4.954479;52.290737;
1088;"T104914";"bestreden";"9-12 m";"04-06-2020";"POINT(4.953489,52.290604)";"POINT(52.290604,4.953489)";4.953489;52.290604;
1089;"1538926";"bestreden";"0-6 m";"04-06-2020";"POINT(4.881642,52.341759)";"POINT(52.341759,4.881642)";4.881642;52.341759;
1090;"570936";"bestreden";"15-18 m";"04-06-2020";"POINT(4.881612,52.341897)";"POINT(52.341897,4.881612)";4.881612;52.341897;
1091;"NAMBO145501";"bestreden";"12-15 m";"04-06-2020";"POINT(4.852127,52.320655)";"POINT(52.320655,4.852127)";4.852127;52.320655;
1092;"573279";"bestreden";"18-24 m";"04-06-2020";"POINT(4.882295,52.341259)";"POINT(52.341259,4.882295)";4.882295;52.341259;
1093;"NAMBO145480";"bestreden";"9-12 m";"04-06-2020";"POINT(4.851461,52.320069)";"POINT(52.320069,4.851461)";4.851461;52.320069;
1094;"1538985";"bestreden";"0-6 m";"04-06-2020";"POINT(4.881618,52.34117)";"POINT(52.34117,4.881618)";4.881618;52.34117;
1095;"548886";"bestreden";"6-9 m";"04-06-2020";"POINT(4.955362,52.296281)";"POINT(52.296281,4.955362)";4.955362;52.296281;
1096;"1539099";"bestreden";"0-6 m";"04-06-2020";"POINT(4.881843,52.341587)";"POINT(52.341587,4.881843)";4.881843;52.341587;
1097;"1539050";"bestreden";"0-6 m";"04-06-2020";"POINT(4.881913,52.341459)";"POINT(52.341459,4.881913)";4.881913;52.341459;
1098;"1538888";"bestreden";"0-6 m";"04-06-2020";"POINT(4.881267,52.341755)";"POINT(52.341755,4.881267)";4.881267;52.341755;
1099;"AMBO91763";"bestreden";"9-12 m";"04-06-2020";"POINT(4.852103,52.320258)";"POINT(52.320258,4.852103)";4.852103;52.320258;
1100;"AMBO91798";"bestreden";"9-12 m";"04-06-2020";"POINT(4.852127,52.32053)";"POINT(52.32053,4.852127)";4.852127;52.32053;
1101;"66826594";"bestreden";"18-24 m";"04-06-2020";"POINT(4.850047,52.321385)";"POINT(52.321385,4.850047)";4.850047;52.321385;
1102;"1538725";"bestreden";"0-6 m";"04-06-2020";"POINT(4.881774,52.341895)";"POINT(52.341895,4.881774)";4.881774;52.341895;
1103;"NAMBO145500";"bestreden";"12-15 m";"04-06-2020";"POINT(4.852124,52.320581)";"POINT(52.320581,4.852124)";4.852124;52.320581;
1104;"66826593";"bestreden";"18-24 m";"04-06-2020";"POINT(4.849924,52.321393)";"POINT(52.321393,4.849924)";4.849924;52.321393;
1105;"T92486";"bestreden";"9-12 m";"04-06-2020";"POINT(4.955296,52.296287)";"POINT(52.296287,4.955296)";4.955296;52.296287;
1106;"NAMBO145481";"bestreden";"9-12 m";"04-06-2020";"POINT(4.851602,52.320079)";"POINT(52.320079,4.851602)";4.851602;52.320079;
1107;"NAMBO145483";"bestreden";"9-12 m";"04-06-2020";"POINT(4.851924,52.32007)";"POINT(52.32007,4.851924)";4.851924;52.32007;
1108;"NAMBO145496";"bestreden";"9-12 m";"04-06-2020";"POINT(4.852089,52.320208)";"POINT(52.320208,4.852089)";4.852089;52.320208;
1109;"548887";"bestreden";"6-9 m";"04-06-2020";"POINT(4.955326,52.296222)";"POINT(52.296222,4.955326)";4.955326;52.296222;
1110;"548888";"bestreden";"9-12 m";"05-06-2020";"POINT(4.955556,52.296312)";"POINT(52.296312,4.955556)";4.955556;52.296312;
1111;"449458";"bestreden";"15-18 m";"05-06-2020";"POINT(4.928013,52.348109)";"POINT(52.348109,4.928013)";4.928013;52.348109;
1112;"66826583";"bestreden";">24 m";"05-06-2020";"POINT(4.849374,52.321371)";"POINT(52.321371,4.849374)";4.849374;52.321371;
1113;"T104899";"bestreden";"12-15 m";"05-06-2020";"POINT(4.955231,52.291822)";"POINT(52.291822,4.955231)";4.955231;52.291822;
1114;"668203";"bestreden";"15-18 m";"05-06-2020";"POINT(4.955391,52.29175)";"POINT(52.29175,4.955391)";4.955391;52.29175;
1115;"NAMBO145498";"bestreden";"9-12 m";"05-06-2020";"POINT(4.85214,52.320403)";"POINT(52.320403,4.85214)";4.85214;52.320403;
1116;"66826595";"bestreden";">24 m";"05-06-2020";"POINT(4.849935,52.321484)";"POINT(52.321484,4.849935)";4.849935;52.321484;
1117;"668202";"bestreden";"15-18 m";"05-06-2020";"POINT(4.955467,52.29174)";"POINT(52.29174,4.955467)";4.955467;52.29174;
1118;"460751";"bestreden";"15-18 m";"05-06-2020";"POINT(4.931379,52.350486)";"POINT(52.350486,4.931379)";4.931379;52.350486;
1119;"_N_132900354000";"bestreden";"15-18 m";"05-06-2020";"POINT(4.954981,52.291911)";"POINT(52.291911,4.954981)";4.954981;52.291911;
1120;"_N_134446861000";"bestreden";"12-15 m";"05-06-2020";"POINT(4.955757,52.291698)";"POINT(52.291698,4.955757)";4.955757;52.291698;
1121;"T92586";"bestreden";"12-15 m";"05-06-2020";"POINT(4.955858,52.291715)";"POINT(52.291715,4.955858)";4.955858;52.291715;
1122;"_N_134311615000";"bestreden";"12-15 m";"05-06-2020";"POINT(4.955965,52.291627)";"POINT(52.291627,4.955965)";4.955965;52.291627;
1123;"460686";"bestreden";"18-24 m";"05-06-2020";"POINT(4.932349,52.351706)";"POINT(52.351706,4.932349)";4.932349;52.351706;
1124;"_N_133801807000";"bestreden";"15-18 m";"05-06-2020";"POINT(4.956122,52.291689)";"POINT(52.291689,4.956122)";4.956122;52.291689;
1125;"T104900";"bestreden";"12-15 m";"05-06-2020";"POINT(4.957135,52.291791)";"POINT(52.291791,4.957135)";4.957135;52.291791;
1126;"562725";"bestreden";"12-15 m";"05-06-2020";"POINT(4.881083,52.339978)";"POINT(52.339978,4.881083)";4.881083;52.339978;
1127;"1546521_d5";"bestreden";"18-24 m";"30-06-2020";"POINT(4.838785,52.306377)";"POINT(52.306377,4.838785)";4.838785;52.306377;
1128;"566033";"bestreden";"12-15 m";"05-06-2020";"POINT(4.883588,52.340857)";"POINT(52.340857,4.883588)";4.883588;52.340857;
1129;"562413";"bestreden";"12-15 m";"05-06-2020";"POINT(4.883977,52.341111)";"POINT(52.341111,4.883977)";4.883977;52.341111;
1130;"1538037";"bestreden";"18-24 m";"05-06-2020";"POINT(4.885136,52.342084)";"POINT(52.342084,4.885136)";4.885136;52.342084;
1131;"1537997";"bestreden";"0-6 m";"05-06-2020";"POINT(4.885087,52.341454)";"POINT(52.341454,4.885087)";4.885087;52.341454;
1132;"401035";"bestreden";"12-15 m";"05-06-2020";"POINT(4.910433,52.403853)";"POINT(52.403853,4.910433)";4.910433;52.403853;
1133;"_N_105755191000";"bestreden";"15-18 m";"05-06-2020";"POINT(4.956527,52.289044)";"POINT(52.289044,4.956527)";4.956527;52.289044;
1134;"548889";"bestreden";"9-12 m";"05-06-2020";"POINT(4.955662,52.29634)";"POINT(52.29634,4.955662)";4.955662;52.29634;
1135;"449563";"bestreden";"12-15 m";"05-06-2020";"POINT(4.927613,52.348178)";"POINT(52.348178,4.927613)";4.927613;52.348178;
1136;"451628";"bestreden";"12-15 m";"05-06-2020";"POINT(4.931224,52.350841)";"POINT(52.350841,4.931224)";4.931224;52.350841;
1137;"_N_133124303000";"bestreden";"15-18 m";"05-06-2020";"POINT(4.955592,52.291728)";"POINT(52.291728,4.955592)";4.955592;52.291728;
1138;"667583";"bestreden";"18-24 m";"05-06-2020";"POINT(4.848443,52.323887)";"POINT(52.323887,4.848443)";4.848443;52.323887;
1139;"561753";"bestreden";"12-15 m";"05-06-2020";"POINT(4.880939,52.340003)";"POINT(52.340003,4.880939)";4.880939;52.340003;
1140;"668201";"bestreden";"15-18 m";"05-06-2020";"POINT(4.956367,52.291664)";"POINT(52.291664,4.956367)";4.956367;52.291664;
1141;"T69112";"bestreden";"12-15 m";"05-06-2020";"POINT(4.956378,52.29171)";"POINT(52.29171,4.956378)";4.956378;52.29171;
1142;"561763";"bestreden";"12-15 m";"05-06-2020";"POINT(4.881021,52.339992)";"POINT(52.339992,4.881021)";4.881021;52.339992;
1143;"578238";"bestreden";"12-15 m";"05-06-2020";"POINT(4.880947,52.339941)";"POINT(52.339941,4.880947)";4.880947;52.339941;
1144;"578239";"bestreden";"12-15 m";"05-06-2020";"POINT(4.881044,52.339938)";"POINT(52.339938,4.881044)";4.881044;52.339938;
1145;"518506";"bestreden";"12-15 m";"05-06-2020";"POINT(4.881128,52.339937)";"POINT(52.339937,4.881128)";4.881128;52.339937;
1146;"T92585";"bestreden";"12-15 m";"05-06-2020";"POINT(4.956684,52.291727)";"POINT(52.291727,4.956684)";4.956684;52.291727;
1147;"572041";"bestreden";"12-15 m";"05-06-2020";"POINT(4.88399,52.341008)";"POINT(52.341008,4.88399)";4.88399;52.341008;
1148;"1539095";"bestreden";"0-6 m";"05-06-2020";"POINT(4.881537,52.340612)";"POINT(52.340612,4.881537)";4.881537;52.340612;
1149;"564001";"bestreden";"18-24 m";"05-06-2020";"POINT(4.882876,52.340897)";"POINT(52.340897,4.882876)";4.882876;52.340897;
1150;"666950";"bestreden";"18-24 m";"05-06-2020";"POINT(4.882932,52.340875)";"POINT(52.340875,4.882932)";4.882932;52.340875;
1151;"667992";"bestreden";"12-15 m";"05-06-2020";"POINT(4.882896,52.340863)";"POINT(52.340863,4.882896)";4.882896;52.340863;
1152;"1538990";"bestreden";"0-6 m";"05-06-2020";"POINT(4.881868,52.341509)";"POINT(52.341509,4.881868)";4.881868;52.341509;
1153;"1538922";"bestreden";"0-6 m";"05-06-2020";"POINT(4.878712,52.341932)";"POINT(52.341932,4.878712)";4.878712;52.341932;
1154;"571701";"bestreden";"6-9 m";"05-06-2020";"POINT(4.880878,52.343448)";"POINT(52.343448,4.880878)";4.880878;52.343448;
1155;"F02522";"bestreden";"9-12 m";"05-06-2020";"POINT(4.800442,52.340127)";"POINT(52.340127,4.800442)";4.800442;52.340127;
1156;"666999";"bestreden";"9-12 m";"05-06-2020";"POINT(4.799685,52.337665)";"POINT(52.337665,4.799685)";4.799685;52.337665;
1157;"AMBO91795";"bestreden";"6-9 m";"06-06-2020";"POINT(4.850059,52.318804)";"POINT(52.318804,4.850059)";4.850059;52.318804;
1158;"_N_145713481000";"bestreden";"18-24 m";"08-06-2020";"POINT(4.954537,52.289607)";"POINT(52.289607,4.954537)";4.954537;52.289607;
1159;"@111824743000";"bestreden";"18-24 m";"08-06-2020";"POINT(4.954567,52.289571)";"POINT(52.289571,4.954567)";4.954567;52.289571;
1160;"T104911";"bestreden";"12-15 m";"08-06-2020";"POINT(4.954545,52.28956)";"POINT(52.28956,4.954545)";4.954545;52.28956;
1161;"_N_145443095000";"bestreden";"15-18 m";"08-06-2020";"POINT(4.954414,52.289549)";"POINT(52.289549,4.954414)";4.954414;52.289549;
1162;"_N_145210814000";"bestreden";"15-18 m";"08-06-2020";"POINT(4.954042,52.289104)";"POINT(52.289104,4.954042)";4.954042;52.289104;
1163;"668211";"bestreden";"18-24 m";"08-06-2020";"POINT(4.953901,52.289002)";"POINT(52.289002,4.953901)";4.953901;52.289002;
1164;"668208";"bestreden";"12-15 m";"08-06-2020";"POINT(4.954042,52.288996)";"POINT(52.288996,4.954042)";4.954042;52.288996;
1165;"668209";"bestreden";"12-15 m";"08-06-2020";"POINT(4.954103,52.288997)";"POINT(52.288997,4.954103)";4.954103;52.288997;
1166;"668204";"bestreden";"15-18 m";"08-06-2020";"POINT(4.954492,52.288975)";"POINT(52.288975,4.954492)";4.954492;52.288975;
1167;"@111435716000";"bestreden";"15-18 m";"08-06-2020";"POINT(4.954389,52.288888)";"POINT(52.288888,4.954389)";4.954389;52.288888;
1168;"66826585";"bestreden";"18-24 m";"08-06-2020";"POINT(4.826649,52.320198)";"POINT(52.320198,4.826649)";4.826649;52.320198;
1169;"AMBO4729_d5";"bestreden";"18-24 m";"08-06-2020";"POINT(4.825548,52.319926)";"POINT(52.319926,4.825548)";4.825548;52.319926;
1170;"565216";"bestreden";"9-12 m";"08-06-2020";"POINT(4.848611,52.339227)";"POINT(52.339227,4.848611)";4.848611;52.339227;
1171;"T104910";"bestreden";"18-24 m";"08-06-2020";"POINT(4.954292,52.289042)";"POINT(52.289042,4.954292)";4.954292;52.289042;
1172;"T92600";"bestreden";"15-18 m";"08-06-2020";"POINT(4.956318,52.288992)";"POINT(52.288992,4.956318)";4.956318;52.288992;
1173;"_N_110044219000";"bestreden";"15-18 m";"08-06-2020";"POINT(4.955917,52.289048)";"POINT(52.289048,4.955917)";4.955917;52.289048;
1174;"T92598";"bestreden";"15-18 m";"08-06-2020";"POINT(4.955849,52.28916)";"POINT(52.28916,4.955849)";4.955849;52.28916;
1175;"AMBO4729";"bestreden";"18-24 m";"08-06-2020";"POINT(4.825519,52.319886)";"POINT(52.319886,4.825519)";4.825519;52.319886;
1176;"AMBO4730";"bestreden";">24 m";"08-06-2020";"POINT(4.825317,52.319821)";"POINT(52.319821,4.825317)";4.825317;52.319821;
1177;"AMBO4733";"bestreden";">24 m";"08-06-2020";"POINT(4.825227,52.319764)";"POINT(52.319764,4.825227)";4.825227;52.319764;
1178;"66826933";"bestreden";"12-15 m";"30-06-2020";"POINT(4.786037,52.380938)";"POINT(52.380938,4.786037)";4.786037;52.380938;
1179;"404818";"bestreden";"15-18 m";"30-06-2020";"POINT(4.948075,52.401556)";"POINT(52.401556,4.948075)";4.948075;52.401556;
1180;"667888";"bestreden";"18-24 m";"08-06-2020";"POINT(4.824439,52.31921)";"POINT(52.31921,4.824439)";4.824439;52.31921;
1181;"6682518";"bestreden";"0-6 m";"08-06-2020";"POINT(4.886559,52.327863)";"POINT(52.327863,4.886559)";4.886559;52.327863;
1182;"389605";"bestreden";"18-24 m";"08-06-2020";"POINT(4.8438,52.366392)";"POINT(52.366392,4.8438)";4.8438;52.366392;
1183;"AMBO4759";"bestreden";"18-24 m";"08-06-2020";"POINT(4.824733,52.319373)";"POINT(52.319373,4.824733)";4.824733;52.319373;
1184;"AMBO4739";"bestreden";">24 m";"08-06-2020";"POINT(4.824825,52.319439)";"POINT(52.319439,4.824825)";4.824825;52.319439;
1185;"AMBO4750";"bestreden";"18-24 m";"08-06-2020";"POINT(4.824912,52.319498)";"POINT(52.319498,4.824912)";4.824912;52.319498;
1186;"667890_d2";"bestreden";"18-24 m";"08-06-2020";"POINT(4.824686,52.319291)";"POINT(52.319291,4.824686)";4.824686;52.319291;
1187;"667890_d1";"bestreden";"18-24 m";"08-06-2020";"POINT(4.824696,52.319269)";"POINT(52.319269,4.824696)";4.824696;52.319269;
1188;"T104895";"bestreden";"12-15 m";"08-06-2020";"POINT(4.960306,52.292546)";"POINT(52.292546,4.960306)";4.960306;52.292546;
1189;"T104897";"bestreden";"12-15 m";"08-06-2020";"POINT(4.960572,52.29255)";"POINT(52.29255,4.960572)";4.960572;52.29255;
1190;"668200";"bestreden";"12-15 m";"08-06-2020";"POINT(4.961734,52.293347)";"POINT(52.293347,4.961734)";4.961734;52.293347;
1191;"AMC001";"bestreden";"12-15 m";"08-06-2020";"POINT(4.96187,52.293404)";"POINT(52.293404,4.96187)";4.96187;52.293404;
1192;"66826613";"bestreden";"18-24 m";"08-06-2020";"POINT(4.845179,52.366144)";"POINT(52.366144,4.845179)";4.845179;52.366144;
1193;"_N_152049823000";"bestreden";"12-15 m";"08-06-2020";"POINT(4.961971,52.293386)";"POINT(52.293386,4.961971)";4.961971;52.293386;
1194;"388902";"bestreden";"18-24 m";"08-06-2020";"POINT(4.845419,52.365812)";"POINT(52.365812,4.845419)";4.845419;52.365812;
1195;"T104898";"bestreden";"12-15 m";"08-06-2020";"POINT(4.95537,52.293627)";"POINT(52.293627,4.95537)";4.95537;52.293627;
1196;"T92594";"bestreden";"12-15 m";"08-06-2020";"POINT(4.955255,52.293669)";"POINT(52.293669,4.955255)";4.955255;52.293669;
1197;"66826930";"bestreden";"9-12 m";"30-06-2020";"POINT(4.783248,52.37709)";"POINT(52.37709,4.783248)";4.783248;52.37709;
1198;"66826929";"bestreden";"9-12 m";"30-06-2020";"POINT(4.783886,52.377138)";"POINT(52.377138,4.783886)";4.783886;52.377138;
1199;"467869";"bestreden";"9-12 m";"30-06-2020";"POINT(4.915319,52.413699)";"POINT(52.413699,4.915319)";4.915319;52.413699;
1200;"467863";"bestreden";"15-18 m";"30-06-2020";"POINT(4.915249,52.413929)";"POINT(52.413929,4.915249)";4.915249;52.413929;
1201;"546804";"bestreden";"9-12 m";"30-06-2020";"POINT(4.985663,52.320177)";"POINT(52.320177,4.985663)";4.985663;52.320177;
1202;"437072";"bestreden";"9-12 m";"30-06-2020";"POINT(4.915616,52.414184)";"POINT(52.414184,4.915616)";4.915616;52.414184;
1203;"66826931";"bestreden";"9-12 m";"30-06-2020";"POINT(4.786539,52.377107)";"POINT(52.377107,4.786539)";4.786539;52.377107;
1204;"546798";"bestreden";"12-15 m";"30-06-2020";"POINT(4.984125,52.320137)";"POINT(52.320137,4.984125)";4.984125;52.320137;
1205;"T92660";"bestreden";"12-15 m";"30-06-2020";"POINT(4.985319,52.320146)";"POINT(52.320146,4.985319)";4.985319;52.320146;
1206;"66826932";"bestreden";"9-12 m";"30-06-2020";"POINT(4.787286,52.377626)";"POINT(52.377626,4.787286)";4.787286;52.377626;
1207;"467862";"bestreden";"9-12 m";"30-06-2020";"POINT(4.915375,52.41413)";"POINT(52.41413,4.915375)";4.915375;52.41413;
1208;"466450";"bestreden";"12-15 m";"30-06-2020";"POINT(4.924755,52.398154)";"POINT(52.398154,4.924755)";4.924755;52.398154;
1209;"1540575";"bestreden";"15-18 m";"30-06-2020";"POINT(4.794164,52.381257)";"POINT(52.381257,4.794164)";4.794164;52.381257;
1210;"AMBO91730";"bestreden";"18-24 m";"30-06-2020";"POINT(4.840103,52.306088)";"POINT(52.306088,4.840103)";4.840103;52.306088;
1211;"AMBO91732";"bestreden";"18-24 m";"30-06-2020";"POINT(4.839634,52.306217)";"POINT(52.306217,4.839634)";4.839634;52.306217;
1212;"414521";"bestreden";"9-12 m";"30-06-2020";"POINT(4.787936,52.381694)";"POINT(52.381694,4.787936)";4.787936;52.381694;
1213;"NF154642";"bestreden";"9-12 m";"30-06-2020";"POINT(4.786982,52.381683)";"POINT(52.381683,4.786982)";4.786982;52.381683;
1214;"NF154641";"bestreden";"9-12 m";"30-06-2020";"POINT(4.786183,52.381684)";"POINT(52.381684,4.786183)";4.786183;52.381684;
1215;"66826884";"bestreden";"18-24 m";"30-06-2020";"POINT(4.83942,52.306247)";"POINT(52.306247,4.83942)";4.83942;52.306247;
1216;"414529";"bestreden";"9-12 m";"30-06-2020";"POINT(4.787518,52.381687)";"POINT(52.381687,4.787518)";4.787518;52.381687;
1217;"T111495";"bestreden";"18-24 m";"30-06-2020";"POINT(4.986211,52.322041)";"POINT(52.322041,4.986211)";4.986211;52.322041;
1218;"66826841";"bestreden";"9-12 m";"30-06-2020";"POINT(4.785985,52.381667)";"POINT(52.381667,4.785985)";4.785985;52.381667;
1219;"667734";"bestreden";"12-15 m";"30-06-2020";"POINT(4.928215,52.402142)";"POINT(52.402142,4.928215)";4.928215;52.402142;
1220;"414389_d13";"bestreden";"9-12 m";"30-06-2020";"POINT(4.78545,52.38181)";"POINT(52.38181,4.78545)";4.78545;52.38181;
1221;"667736";"bestreden";"12-15 m";"30-06-2020";"POINT(4.928529,52.402018)";"POINT(52.402018,4.928529)";4.928529;52.402018;
1222;"NF154635_d7";"bestreden";"9-12 m";"30-06-2020";"POINT(4.785547,52.38187)";"POINT(52.38187,4.785547)";4.785547;52.38187;
1223;"414357_d8";"bestreden";"9-12 m";"30-06-2020";"POINT(4.785546,52.381841)";"POINT(52.381841,4.785546)";4.785546;52.381841;
1224;"412289";"bestreden";"9-12 m";"30-06-2020";"POINT(4.783882,52.382267)";"POINT(52.382267,4.783882)";4.783882;52.382267;
1225;"433371";"bestreden";"15-18 m";"30-06-2020";"POINT(4.927989,52.402838)";"POINT(52.402838,4.927989)";4.927989;52.402838;
1226;"412295";"bestreden";"9-12 m";"30-06-2020";"POINT(4.783861,52.382839)";"POINT(52.382839,4.783861)";4.783861;52.382839;
1227;"412288";"bestreden";"9-12 m";"30-06-2020";"POINT(4.783843,52.383067)";"POINT(52.383067,4.783843)";4.783843;52.383067;
1228;"66826920";"bestreden";"18-24 m";"30-06-2020";"POINT(4.986803,52.322116)";"POINT(52.322116,4.986803)";4.986803;52.322116;
1229;"439819";"bestreden";"6-9 m";"30-06-2020";"POINT(4.942189,52.404741)";"POINT(52.404741,4.942189)";4.942189;52.404741;
1230;"66826848";"bestreden";"12-15 m";"30-06-2020";"POINT(4.782554,52.381406)";"POINT(52.381406,4.782554)";4.782554;52.381406;
1231;"66826843";"bestreden";"12-15 m";"30-06-2020";"POINT(4.783111,52.381432)";"POINT(52.381432,4.783111)";4.783111;52.381432;
1232;"_N_113006263000";"bestreden";"18-24 m";"30-06-2020";"POINT(4.986979,52.322142)";"POINT(52.322142,4.986979)";4.986979;52.322142;
1233;"400973";"bestreden";"15-18 m";"30-06-2020";"POINT(4.942246,52.40481)";"POINT(52.40481,4.942246)";4.942246;52.40481;
1234;"66826924";"bestreden";"9-12 m";"30-06-2020";"POINT(4.986882,52.321958)";"POINT(52.321958,4.986882)";4.986882;52.321958;
1235;"66826923";"bestreden";"18-24 m";"30-06-2020";"POINT(4.986429,52.322169)";"POINT(52.322169,4.986429)";4.986429;52.322169;
1236;"1546499";"bestreden";"18-24 m";"30-06-2020";"POINT(4.838501,52.306432)";"POINT(52.306432,4.838501)";4.838501;52.306432;
1237;"1554294";"bestreden";"15-18 m";"30-06-2020";"POINT(4.838264,52.306482)";"POINT(52.306482,4.838264)";4.838264;52.306482;
1238;"667561";"bestreden";"18-24 m";"30-06-2020";"POINT(4.838226,52.306496)";"POINT(52.306496,4.838226)";4.838226;52.306496;
1239;"66826886";"bestreden";"18-24 m";"30-06-2020";"POINT(4.83797,52.306549)";"POINT(52.306549,4.83797)";4.83797;52.306549;
1240;"366783";"bestreden";"9-12 m";"30-06-2020";"POINT(4.787661,52.379759)";"POINT(52.379759,4.787661)";4.787661;52.379759;
1241;"667449";"bestreden";"9-12 m";"30-06-2020";"POINT(4.787716,52.379737)";"POINT(52.379737,4.787716)";4.787716;52.379737;
1242;"66826887";"bestreden";"18-24 m";"30-06-2020";"POINT(4.837882,52.306573)";"POINT(52.306573,4.837882)";4.837882;52.306573;
1243;"1554274_d4";"bestreden";"18-24 m";"30-06-2020";"POINT(4.8378,52.306591)";"POINT(52.306591,4.8378)";4.8378;52.306591;
1244;"1554244_d3";"bestreden";"18-24 m";"30-06-2020";"POINT(4.837736,52.306606)";"POINT(52.306606,4.837736)";4.837736;52.306606;
1245;"1546435";"bestreden";"18-24 m";"30-06-2020";"POINT(4.837616,52.306636)";"POINT(52.306636,4.837616)";4.837616;52.306636;
1246;"412331";"bestreden";"9-12 m";"30-06-2020";"POINT(4.786007,52.379379)";"POINT(52.379379,4.786007)";4.786007;52.379379;
1247;"463858";"bestreden";"9-12 m";"30-06-2020";"POINT(4.947542,52.400828)";"POINT(52.400828,4.947542)";4.947542;52.400828;
1248;"66826928";"bestreden";"9-12 m";"30-06-2020";"POINT(4.78632,52.379386)";"POINT(52.379386,4.78632)";4.78632;52.379386;
1249;"66826934";"bestreden";"12-15 m";"30-06-2020";"POINT(4.786296,52.381116)";"POINT(52.381116,4.786296)";4.786296;52.381116;
1250;"444721";"bestreden";"15-18 m";"30-06-2020";"POINT(4.947097,52.402146)";"POINT(52.402146,4.947097)";4.947097;52.402146;
1251;"66826935";"bestreden";"12-15 m";"30-06-2020";"POINT(4.78722,52.380358)";"POINT(52.380358,4.78722)";4.78722;52.380358;
1252;"546830";"bestreden";"12-15 m";"30-06-2020";"POINT(4.984518,52.32064)";"POINT(52.32064,4.984518)";4.984518;52.32064;
1253;"466132";"bestreden";"9-12 m";"30-06-2020";"POINT(4.915428,52.413894)";"POINT(52.413894,4.915428)";4.915428;52.413894;
1254;"@103613401000";"bestreden";"9-12 m";"30-06-2020";"POINT(4.953996,52.29108)";"POINT(52.29108,4.953996)";4.953996;52.29108;
1255;"T104915";"bestreden";"9-12 m";"30-06-2020";"POINT(4.953773,52.290856)";"POINT(52.290856,4.953773)";4.953773;52.290856;
1256;"66826876";"bestreden";"18-24 m";"30-06-2020";"POINT(4.83733,52.307127)";"POINT(52.307127,4.83733)";4.83733;52.307127;
1257;"AMBO4755";"bestreden";"18-24 m";"08-06-2020";"POINT(4.824845,52.319361)";"POINT(52.319361,4.824845)";4.824845;52.319361;
1258;"AMBO4752";"bestreden";">24 m";"08-06-2020";"POINT(4.82513,52.319394)";"POINT(52.319394,4.82513)";4.82513;52.319394;
1259;"@144333803000";"bestreden";"15-18 m";"08-06-2020";"POINT(4.952252,52.290305)";"POINT(52.290305,4.952252)";4.952252;52.290305;
1260;"667043_d0";"bestreden";"18-24 m";"08-06-2020";"POINT(4.826723,52.320194)";"POINT(52.320194,4.826723)";4.826723;52.320194;
1261;"667884_d4";"bestreden";"18-24 m";"08-06-2020";"POINT(4.826538,52.320128)";"POINT(52.320128,4.826538)";4.826538;52.320128;
1262;"66826586";"bestreden";"18-24 m";"08-06-2020";"POINT(4.826595,52.320158)";"POINT(52.320158,4.826595)";4.826595;52.320158;
1263;"667366";"bestreden";"18-24 m";"08-06-2020";"POINT(4.825804,52.320034)";"POINT(52.320034,4.825804)";4.825804;52.320034;
1264;"AMBO4742";"bestreden";"18-24 m";"08-06-2020";"POINT(4.825001,52.319552)";"POINT(52.319552,4.825001)";4.825001;52.319552;
1265;"T104904";"bestreden";"15-18 m";"08-06-2020";"POINT(4.958121,52.28927)";"POINT(52.28927,4.958121)";4.958121;52.28927;
1266;"667889";"bestreden";"18-24 m";"08-06-2020";"POINT(4.824671,52.319434)";"POINT(52.319434,4.824671)";4.824671;52.319434;
1267;"AMBO4747";"bestreden";"18-24 m";"08-06-2020";"POINT(4.824787,52.319534)";"POINT(52.319534,4.824787)";4.824787;52.319534;
1268;"AMBO4738";"bestreden";"18-24 m";"08-06-2020";"POINT(4.824867,52.319596)";"POINT(52.319596,4.824867)";4.824867;52.319596;
1269;"66826662";"bestreden";"12-15 m";"08-06-2020";"POINT(4.954364,52.291244)";"POINT(52.291244,4.954364)";4.954364;52.291244;
1270;"1550759_d12";"bestreden";"0-6 m";"08-06-2020";"POINT(4.861945,52.331389)";"POINT(52.331389,4.861945)";4.861945;52.331389;
1271;"T104896";"bestreden";"15-18 m";"08-06-2020";"POINT(4.959975,52.292441)";"POINT(52.292441,4.959975)";4.959975;52.292441;
1272;"668199";"bestreden";"12-15 m";"08-06-2020";"POINT(4.959106,52.293079)";"POINT(52.293079,4.959106)";4.959106;52.293079;
1273;"T92583";"bestreden";"9-12 m";"08-06-2020";"POINT(4.959489,52.292734)";"POINT(52.292734,4.959489)";4.959489;52.292734;
1274;"T92582";"bestreden";"6-9 m";"08-06-2020";"POINT(4.959465,52.292764)";"POINT(52.292764,4.959465)";4.959465;52.292764;
1275;"T104894";"bestreden";"15-18 m";"08-06-2020";"POINT(4.959339,52.292904)";"POINT(52.292904,4.959339)";4.959339;52.292904;
1276;"@082633535000";"bestreden";"9-12 m";"08-06-2020";"POINT(4.961855,52.293493)";"POINT(52.293493,4.961855)";4.961855;52.293493;
1277;"AMBO4754_d3";"bestreden";"18-24 m";"08-06-2020";"POINT(4.82529,52.319403)";"POINT(52.319403,4.82529)";4.82529;52.319403;
1278;"AMBO4754";"bestreden";"18-24 m";"08-06-2020";"POINT(4.825345,52.319373)";"POINT(52.319373,4.825345)";4.825345;52.319373;
1279;"AMBO4756";"bestreden";"18-24 m";"08-06-2020";"POINT(4.824945,52.31943)";"POINT(52.31943,4.824945)";4.824945;52.31943;
1280;"AMBO4757";"bestreden";"18-24 m";"08-06-2020";"POINT(4.825019,52.319493)";"POINT(52.319493,4.825019)";4.825019;52.319493;
1281;"AMBO4764";"bestreden";"18-24 m";"08-06-2020";"POINT(4.825109,52.319468)";"POINT(52.319468,4.825109)";4.825109;52.319468;
1282;"AMBO4753";"bestreden";">24 m";"08-06-2020";"POINT(4.825219,52.319454)";"POINT(52.319454,4.825219)";4.825219;52.319454;
1283;"337750";"bestreden";"18-24 m";"30-06-2020";"POINT(4.838419,52.308431)";"POINT(52.308431,4.838419)";4.838419;52.308431;
1284;"AMBO4744";"bestreden";"18-24 m";"09-06-2020";"POINT(4.825322,52.319514)";"POINT(52.319514,4.825322)";4.825322;52.319514;
1285;"668219";"bestreden";"18-24 m";"09-06-2020";"POINT(4.845672,52.365764)";"POINT(52.365764,4.845672)";4.845672;52.365764;
1286;"363756";"bestreden";"18-24 m";"09-06-2020";"POINT(4.845431,52.365696)";"POINT(52.365696,4.845431)";4.845431;52.365696;
1287;"AMBO4743";"bestreden";"18-24 m";"09-06-2020";"POINT(4.825337,52.319603)";"POINT(52.319603,4.825337)";4.825337;52.319603;
1288;"388900";"bestreden";"18-24 m";"09-06-2020";"POINT(4.845606,52.365653)";"POINT(52.365653,4.845606)";4.845606;52.365653;
1289;"667891";"bestreden";"18-24 m";"09-06-2020";"POINT(4.825403,52.319676)";"POINT(52.319676,4.825403)";4.825403;52.319676;
1290;"66826837";"bestreden";"9-12 m";"30-06-2020";"POINT(4.787423,52.378525)";"POINT(52.378525,4.787423)";4.787423;52.378525;
1291;"366882_d15";"bestreden";"9-12 m";"30-06-2020";"POINT(4.787375,52.378911)";"POINT(52.378911,4.787375)";4.787375;52.378911;
1292;"1554276";"bestreden";"18-24 m";"30-06-2020";"POINT(4.837058,52.306761)";"POINT(52.306761,4.837058)";4.837058;52.306761;
1293;"1546525";"bestreden";"0-6 m";"30-06-2020";"POINT(4.837193,52.307374)";"POINT(52.307374,4.837193)";4.837193;52.307374;
1294;"337748";"bestreden";"18-24 m";"30-06-2020";"POINT(4.837792,52.307913)";"POINT(52.307913,4.837792)";4.837792;52.307913;
1295;"337747";"bestreden";"18-24 m";"30-06-2020";"POINT(4.837723,52.307887)";"POINT(52.307887,4.837723)";4.837723;52.307887;
1296;"337746";"bestreden";"18-24 m";"30-06-2020";"POINT(4.837568,52.307907)";"POINT(52.307907,4.837568)";4.837568;52.307907;
1297;"T92662";"bestreden";"9-12 m";"30-06-2020";"POINT(4.986583,52.320054)";"POINT(52.320054,4.986583)";4.986583;52.320054;
1298;"338212";"bestreden";"18-24 m";"30-06-2020";"POINT(4.837567,52.307981)";"POINT(52.307981,4.837567)";4.837567;52.307981;
1299;"366881";"bestreden";"9-12 m";"30-06-2020";"POINT(4.787625,52.379227)";"POINT(52.379227,4.787625)";4.787625;52.379227;
1300;"366836";"bestreden";"9-12 m";"30-06-2020";"POINT(4.787656,52.378847)";"POINT(52.378847,4.787656)";4.787656;52.378847;
1301;"528424";"bestreden";"12-15 m";"30-06-2020";"POINT(4.870291,52.358593)";"POINT(52.358593,4.870291)";4.870291;52.358593;
1302;"467864";"bestreden";"15-18 m";"30-06-2020";"POINT(4.91515,52.413743)";"POINT(52.413743,4.91515)";4.91515;52.413743;
1303;"AMBO4730_d4";"bestreden";">24 m";"09-06-2020";"POINT(4.825286,52.319864)";"POINT(52.319864,4.825286)";4.825286;52.319864;
1304;"_N_104913099000";"bestreden";"18-24 m";"09-06-2020";"POINT(4.849299,52.366699)";"POINT(52.366699,4.849299)";4.849299;52.366699;
1305;"667435";"bestreden";"12-15 m";"09-06-2020";"POINT(4.836478,52.335941)";"POINT(52.335941,4.836478)";4.836478;52.335941;
1306;"401878";"bestreden";"12-15 m";"01-07-2020";"POINT(4.927121,52.384363)";"POINT(52.384363,4.927121)";4.927121;52.384363;
1307;"66826589";"bestreden";"18-24 m";"09-06-2020";"POINT(4.82426,52.318987)";"POINT(52.318987,4.82426)";4.82426;52.318987;
1308;"66826610";"bestreden";"12-15 m";"09-06-2020";"POINT(4.835331,52.336281)";"POINT(52.336281,4.835331)";4.835331;52.336281;
1309;"0062NWJBU";"bestreden";"12-15 m";"09-06-2020";"POINT(4.834147,52.336149)";"POINT(52.336149,4.834147)";4.834147;52.336149;
1310;"363764";"bestreden";"18-24 m";"09-06-2020";"POINT(4.845664,52.365955)";"POINT(52.365955,4.845664)";4.845664;52.365955;
1311;"363761";"bestreden";"18-24 m";"09-06-2020";"POINT(4.846151,52.365858)";"POINT(52.365858,4.846151)";4.846151;52.365858;
1312;"363752";"bestreden";"18-24 m";"09-06-2020";"POINT(4.847388,52.365602)";"POINT(52.365602,4.847388)";4.847388;52.365602;
1313;"388942";"bestreden";"18-24 m";"09-06-2020";"POINT(4.84776,52.365637)";"POINT(52.365637,4.84776)";4.84776;52.365637;
1314;"AMBO4746";"bestreden";"18-24 m";"09-06-2020";"POINT(4.825124,52.319557)";"POINT(52.319557,4.825124)";4.825124;52.319557;
1315;"AMBO4735";"bestreden";">24 m";"09-06-2020";"POINT(4.8252,52.319669)";"POINT(52.319669,4.8252)";4.8252;52.319669;
1316;"388939";"bestreden";"18-24 m";"09-06-2020";"POINT(4.847804,52.365613)";"POINT(52.365613,4.847804)";4.847804;52.365613;
1317;"468495";"bestreden";"9-12 m";"09-06-2020";"POINT(4.918773,52.410531)";"POINT(52.410531,4.918773)";4.918773;52.410531;
1318;"388940";"bestreden";"18-24 m";"09-06-2020";"POINT(4.847683,52.365581)";"POINT(52.365581,4.847683)";4.847683;52.365581;
1319;"464152";"bestreden";"12-15 m";"09-06-2020";"POINT(4.918319,52.410709)";"POINT(52.410709,4.918319)";4.918319;52.410709;
1320;"0001STCH";"bestreden";"12-15 m";"09-06-2020";"POINT(4.834985,52.360236)";"POINT(52.360236,4.834985)";4.834985;52.360236;
1321;"667891_d2";"bestreden";"18-24 m";"09-06-2020";"POINT(4.825361,52.319753)";"POINT(52.319753,4.825361)";4.825361;52.319753;
1322;"AMBO4731";"bestreden";">24 m";"09-06-2020";"POINT(4.825421,52.319832)";"POINT(52.319832,4.825421)";4.825421;52.319832;
1323;"_N_140458479000";"bestreden";"15-18 m";"09-06-2020";"POINT(4.840467,52.336444)";"POINT(52.336444,4.840467)";4.840467;52.336444;
1324;"389422";"bestreden";"15-18 m";"09-06-2020";"POINT(4.849168,52.366272)";"POINT(52.366272,4.849168)";4.849168;52.366272;
1325;"AMBO4762_d6";"bestreden";"18-24 m";"09-06-2020";"POINT(4.825143,52.319805)";"POINT(52.319805,4.825143)";4.825143;52.319805;
1326;"66826596";"bestreden";"18-24 m";"09-06-2020";"POINT(4.824998,52.319734)";"POINT(52.319734,4.824998)";4.824998;52.319734;
1327;"363737";"bestreden";"12-15 m";"09-06-2020";"POINT(4.849383,52.366314)";"POINT(52.366314,4.849383)";4.849383;52.366314;
1328;"363736";"bestreden";"15-18 m";"09-06-2020";"POINT(4.849302,52.366358)";"POINT(52.366358,4.849302)";4.849302;52.366358;
1329;"66826600";"bestreden";"18-24 m";"09-06-2020";"POINT(4.824429,52.319431)";"POINT(52.319431,4.824429)";4.824429;52.319431;
1330;"667887_d5";"bestreden";"18-24 m";"09-06-2020";"POINT(4.824574,52.319537)";"POINT(52.319537,4.824574)";4.824574;52.319537;
1331;"_N_101721853000";"bestreden";"12-15 m";"10-06-2020";"POINT(4.962062,52.293408)";"POINT(52.293408,4.962062)";4.962062;52.293408;
1332;"T104888";"bestreden";"9-12 m";"10-06-2020";"POINT(4.961982,52.293493)";"POINT(52.293493,4.961982)";4.961982;52.293493;
1333;"050";"bestreden";"9-12 m";"10-06-2020";"POINT(4.817069,52.356912)";"POINT(52.356912,4.817069)";4.817069;52.356912;
1334;"398323";"bestreden";"15-18 m";"01-07-2020";"POINT(4.922922,52.388106)";"POINT(52.388106,4.922922)";4.922922;52.388106;
1335;"366857";"bestreden";"9-12 m";"01-07-2020";"POINT(4.78767,52.378273)";"POINT(52.378273,4.78767)";4.78767;52.378273;
1336;"366864";"bestreden";"9-12 m";"01-07-2020";"POINT(4.787748,52.378001)";"POINT(52.378001,4.787748)";4.787748;52.378001;
1337;"66826838";"bestreden";"9-12 m";"01-07-2020";"POINT(4.78743,52.378378)";"POINT(52.378378,4.78743)";4.78743;52.378378;
1338;"366866";"bestreden";"9-12 m";"01-07-2020";"POINT(4.787698,52.377959)";"POINT(52.377959,4.787698)";4.787698;52.377959;
1339;"467442";"bestreden";"12-15 m";"01-07-2020";"POINT(4.917309,52.390197)";"POINT(52.390197,4.917309)";4.917309;52.390197;
1340;"366874";"bestreden";"9-12 m";"01-07-2020";"POINT(4.787777,52.377868)";"POINT(52.377868,4.787777)";4.787777;52.377868;
1341;"437460";"bestreden";"9-12 m";"01-07-2020";"POINT(4.943903,52.401893)";"POINT(52.401893,4.943903)";4.943903;52.401893;
1342;"465630";"bestreden";"12-15 m";"01-07-2020";"POINT(4.9175,52.390216)";"POINT(52.390216,4.9175)";4.9175;52.390216;
1343;"366909";"bestreden";"9-12 m";"01-07-2020";"POINT(4.787795,52.377512)";"POINT(52.377512,4.787795)";4.787795;52.377512;
1344;"366916";"bestreden";"9-12 m";"01-07-2020";"POINT(4.787796,52.377398)";"POINT(52.377398,4.787796)";4.787796;52.377398;
1345;"66826889";"bestreden";"18-24 m";"01-07-2020";"POINT(4.837652,52.306557)";"POINT(52.306557,4.837652)";4.837652;52.306557;
1346;"366923";"bestreden";"9-12 m";"01-07-2020";"POINT(4.787813,52.377238)";"POINT(52.377238,4.787813)";4.787813;52.377238;
1347;"398122";"bestreden";"12-15 m";"01-07-2020";"POINT(4.918501,52.390665)";"POINT(52.390665,4.918501)";4.918501;52.390665;
1348;"548920";"bestreden";"15-18 m";"10-06-2020";"POINT(4.953324,52.295262)";"POINT(52.295262,4.953324)";4.953324;52.295262;
1349;"366939";"bestreden";"9-12 m";"01-07-2020";"POINT(4.788527,52.378623)";"POINT(52.378623,4.788527)";4.788527;52.378623;
1350;"366941";"bestreden";"9-12 m";"01-07-2020";"POINT(4.788355,52.378539)";"POINT(52.378539,4.788355)";4.788355;52.378539;
1351;"366942";"bestreden";"9-12 m";"01-07-2020";"POINT(4.788354,52.378468)";"POINT(52.378468,4.788354)";4.788354;52.378468;
1352;"366937";"bestreden";"9-12 m";"01-07-2020";"POINT(4.788516,52.378454)";"POINT(52.378454,4.788516)";4.788516;52.378454;
1353;"366936";"bestreden";"9-12 m";"01-07-2020";"POINT(4.788521,52.37842)";"POINT(52.37842,4.788521)";4.788521;52.37842;
1354;"66826839";"bestreden";"9-12 m";"01-07-2020";"POINT(4.788481,52.377894)";"POINT(52.377894,4.788481)";4.788481;52.377894;
1355;"366738";"bestreden";"9-12 m";"01-07-2020";"POINT(4.788219,52.380666)";"POINT(52.380666,4.788219)";4.788219;52.380666;
1356;"6682683";"bestreden";"9-12 m";"01-07-2020";"POINT(4.966685,52.384875)";"POINT(52.384875,4.966685)";4.966685;52.384875;
1357;"366742";"bestreden";"9-12 m";"01-07-2020";"POINT(4.788204,52.380767)";"POINT(52.380767,4.788204)";4.788204;52.380767;
1358;"66826699";"bestreden";"9-12 m";"01-07-2020";"POINT(4.968041,52.382837)";"POINT(52.382837,4.968041)";4.968041;52.382837;
1359;"T92584";"bestreden";"15-18 m";"10-06-2020";"POINT(4.960769,52.292699)";"POINT(52.292699,4.960769)";4.960769;52.292699;
1360;"T92581";"bestreden";"12-15 m";"10-06-2020";"POINT(4.958864,52.293335)";"POINT(52.293335,4.958864)";4.958864;52.293335;
1361;"361582";"bestreden";"9-12 m";"10-06-2020";"POINT(4.817918,52.355807)";"POINT(52.355807,4.817918)";4.817918;52.355807;
1362;"T69109";"bestreden";"12-15 m";"10-06-2020";"POINT(4.95893,52.293259)";"POINT(52.293259,4.95893)";4.95893;52.293259;
1363;"_N_094522017000";"bestreden";"12-15 m";"10-06-2020";"POINT(4.951714,52.293509)";"POINT(52.293509,4.951714)";4.951714;52.293509;
1364;"667044_d3";"bestreden";"18-24 m";"10-06-2020";"POINT(4.82427,52.319138)";"POINT(52.319138,4.82427)";4.82427;52.319138;
1365;"667892";"bestreden";"18-24 m";"10-06-2020";"POINT(4.824123,52.318588)";"POINT(52.318588,4.824123)";4.824123;52.318588;
1366;"@101227323000";"bestreden";"12-15 m";"10-06-2020";"POINT(4.951752,52.294396)";"POINT(52.294396,4.951752)";4.951752;52.294396;
1367;"0003NWJBU";"bestreden";"9-12 m";"10-06-2020";"POINT(4.833336,52.333778)";"POINT(52.333778,4.833336)";4.833336;52.333778;
1368;"548926";"bestreden";"9-12 m";"10-06-2020";"POINT(4.951842,52.29493)";"POINT(52.29493,4.951842)";4.951842;52.29493;
1369;"1541990";"bestreden";"18-24 m";"10-06-2020";"POINT(4.816983,52.354379)";"POINT(52.354379,4.816983)";4.816983;52.354379;
1370;"545479";"bestreden";"15-18 m";"10-06-2020";"POINT(4.971037,52.315024)";"POINT(52.315024,4.971037)";4.971037;52.315024;
1371;"666848";"bestreden";"6-9 m";"10-06-2020";"POINT(4.952013,52.294205)";"POINT(52.294205,4.952013)";4.952013;52.294205;
1372;"666849";"bestreden";"12-15 m";"10-06-2020";"POINT(4.952095,52.294145)";"POINT(52.294145,4.952095)";4.952095;52.294145;
1373;"T92473";"bestreden";"6-9 m";"10-06-2020";"POINT(4.952095,52.294096)";"POINT(52.294096,4.952095)";4.952095;52.294096;
1374;"476965";"bestreden";"0-6 m";"10-06-2020";"POINT(4.947285,52.365263)";"POINT(52.365263,4.947285)";4.947285;52.365263;
1375;"476964";"bestreden";"6-9 m";"10-06-2020";"POINT(4.947378,52.36521)";"POINT(52.36521,4.947378)";4.947378;52.36521;
1376;"546880";"bestreden";"9-12 m";"10-06-2020";"POINT(4.986652,52.320022)";"POINT(52.320022,4.986652)";4.986652;52.320022;
1377;"601969";"bestreden";"9-12 m";"10-06-2020";"POINT(4.953298,52.295544)";"POINT(52.295544,4.953298)";4.953298;52.295544;
1378;"476963";"bestreden";"9-12 m";"10-06-2020";"POINT(4.94727,52.365136)";"POINT(52.365136,4.94727)";4.94727;52.365136;
1379;"548928";"bestreden";"9-12 m";"10-06-2020";"POINT(4.952709,52.295313)";"POINT(52.295313,4.952709)";4.952709;52.295313;
1380;"548929";"bestreden";"12-15 m";"10-06-2020";"POINT(4.952608,52.295304)";"POINT(52.295304,4.952608)";4.952608;52.295304;
1381;"548931";"bestreden";"9-12 m";"10-06-2020";"POINT(4.952494,52.295275)";"POINT(52.295275,4.952494)";4.952494;52.295275;
1382;"548594";"bestreden";"9-12 m";"10-06-2020";"POINT(4.952457,52.295212)";"POINT(52.295212,4.952457)";4.952457;52.295212;
1383;"_N_112829477000";"bestreden";"6-9 m";"10-06-2020";"POINT(4.956488,52.365515)";"POINT(52.365515,4.956488)";4.956488;52.365515;
1384;"549574";"bestreden";"15-18 m";"10-06-2020";"POINT(4.952858,52.29522)";"POINT(52.29522,4.952858)";4.952858;52.29522;
1385;"548930";"bestreden";"9-12 m";"10-06-2020";"POINT(4.952569,52.295246)";"POINT(52.295246,4.952569)";4.952569;52.295246;
1386;"548919";"bestreden";"15-18 m";"10-06-2020";"POINT(4.953191,52.295255)";"POINT(52.295255,4.953191)";4.953191;52.295255;
1387;"M105259";"bestreden";"15-18 m";"10-06-2020";"POINT(4.956259,52.366455)";"POINT(52.366455,4.956259)";4.956259;52.366455;
1388;"548918";"bestreden";"15-18 m";"10-06-2020";"POINT(4.953253,52.295273)";"POINT(52.295273,4.953253)";4.953253;52.295273;
1389;"477081";"bestreden";"0-6 m";"10-06-2020";"POINT(4.951052,52.365564)";"POINT(52.365564,4.951052)";4.951052;52.365564;
1390;"479902";"bestreden";"0-6 m";"10-06-2020";"POINT(4.95042,52.365644)";"POINT(52.365644,4.95042)";4.95042;52.365644;
1391;"548921";"bestreden";"15-18 m";"10-06-2020";"POINT(4.953313,52.295297)";"POINT(52.295297,4.953313)";4.953313;52.295297;
1392;"667045";"bestreden";"18-24 m";"10-06-2020";"POINT(4.824387,52.318215)";"POINT(52.318215,4.824387)";4.824387;52.318215;
1393;"_N_110750452000";"bestreden";"18-24 m";"10-06-2020";"POINT(4.828374,52.318193)";"POINT(52.318193,4.828374)";4.828374;52.318193;
1394;"667897";"bestreden";"18-24 m";"10-06-2020";"POINT(4.827802,52.317806)";"POINT(52.317806,4.827802)";4.827802;52.317806;
1395;"66826605";"bestreden";"18-24 m";"10-06-2020";"POINT(4.825914,52.317488)";"POINT(52.317488,4.825914)";4.825914;52.317488;
1396;"AMBO4791";"bestreden";"15-18 m";"10-06-2020";"POINT(4.827635,52.317816)";"POINT(52.317816,4.827635)";4.827635;52.317816;
1397;"66826602";"bestreden";"18-24 m";"10-06-2020";"POINT(4.82444,52.31809)";"POINT(52.31809,4.82444)";4.82444;52.31809;
1398;"66826601";"bestreden";"18-24 m";"10-06-2020";"POINT(4.824178,52.318491)";"POINT(52.318491,4.824178)";4.824178;52.318491;
1399;"66826604";"bestreden";"18-24 m";"10-06-2020";"POINT(4.825772,52.317502)";"POINT(52.317502,4.825772)";4.825772;52.317502;
1400;"66826606";"bestreden";"18-24 m";"10-06-2020";"POINT(4.82604,52.317481)";"POINT(52.317481,4.82604)";4.82604;52.317481;
1401;"668176_d2";"bestreden";"15-18 m";"10-06-2020";"POINT(4.827541,52.317584)";"POINT(52.317584,4.827541)";4.827541;52.317584;
1402;"66826616";"bestreden";"18-24 m";"10-06-2020";"POINT(4.828271,52.317872)";"POINT(52.317872,4.828271)";4.828271;52.317872;
1403;"66826617";"bestreden";"18-24 m";"10-06-2020";"POINT(4.828342,52.317928)";"POINT(52.317928,4.828342)";4.828342;52.317928;
1404;"66826618";"bestreden";"18-24 m";"10-06-2020";"POINT(4.828534,52.318138)";"POINT(52.318138,4.828534)";4.828534;52.318138;
1405;"66826624";"bestreden";"18-24 m";"10-06-2020";"POINT(4.82873,52.318415)";"POINT(52.318415,4.82873)";4.82873;52.318415;
1406;"66826620";"bestreden";"18-24 m";"10-06-2020";"POINT(4.828398,52.318221)";"POINT(52.318221,4.828398)";4.828398;52.318221;
1407;"AMBO4778";"bestreden";"18-24 m";"12-06-2020";"POINT(4.827035,52.317605)";"POINT(52.317605,4.827035)";4.827035;52.317605;
1408;"667372";"bestreden";"18-24 m";"12-06-2020";"POINT(4.823027,52.317415)";"POINT(52.317415,4.823027)";4.823027;52.317415;
1409;"_N_112719459000";"bestreden";"18-24 m";"12-06-2020";"POINT(4.822556,52.317542)";"POINT(52.317542,4.822556)";4.822556;52.317542;
1410;"AMBO4775";"bestreden";"18-24 m";"12-06-2020";"POINT(4.82684,52.317571)";"POINT(52.317571,4.82684)";4.82684;52.317571;
1411;"667371";"bestreden";"18-24 m";"12-06-2020";"POINT(4.822469,52.317521)";"POINT(52.317521,4.822469)";4.822469;52.317521;
1412;"AMBO4772";"bestreden";"18-24 m";"12-06-2020";"POINT(4.826619,52.317556)";"POINT(52.317556,4.826619)";4.826619;52.317556;
1413;"6682227";"bestreden";"18-24 m";"12-06-2020";"POINT(4.822321,52.317488)";"POINT(52.317488,4.822321)";4.822321;52.317488;
1414;"_N_111722930000";"bestreden";"18-24 m";"12-06-2020";"POINT(4.825138,52.31761)";"POINT(52.31761,4.825138)";4.825138;52.31761;
1415;"_N_112355586000";"bestreden";"18-24 m";"12-06-2020";"POINT(4.823524,52.316103)";"POINT(52.316103,4.823524)";4.823524;52.316103;
1416;"_N_113110219000";"bestreden";"18-24 m";"12-06-2020";"POINT(4.824255,52.317887)";"POINT(52.317887,4.824255)";4.824255;52.317887;
1417;"667368";"bestreden";"18-24 m";"12-06-2020";"POINT(4.824149,52.317825)";"POINT(52.317825,4.824149)";4.824149;52.317825;
1418;"667369";"bestreden";"18-24 m";"12-06-2020";"POINT(4.824067,52.317782)";"POINT(52.317782,4.824067)";4.824067;52.317782;
1419;"668178";"bestreden";"18-24 m";"12-06-2020";"POINT(4.824019,52.317771)";"POINT(52.317771,4.824019)";4.824019;52.317771;
1420;"668180";"bestreden";"18-24 m";"12-06-2020";"POINT(4.823681,52.317547)";"POINT(52.317547,4.823681)";4.823681;52.317547;
1421;"668181";"bestreden";"18-24 m";"12-06-2020";"POINT(4.823635,52.317509)";"POINT(52.317509,4.823635)";4.823635;52.317509;
1422;"668183";"bestreden";"18-24 m";"12-06-2020";"POINT(4.823619,52.317485)";"POINT(52.317485,4.823619)";4.823619;52.317485;
1423;"6682228";"bestreden";"18-24 m";"12-06-2020";"POINT(4.823822,52.317083)";"POINT(52.317083,4.823822)";4.823822;52.317083;
1424;"667046";"bestreden";"18-24 m";"12-06-2020";"POINT(4.82364,52.316068)";"POINT(52.316068,4.82364)";4.82364;52.316068;
1425;"6682229";"bestreden";"18-24 m";"12-06-2020";"POINT(4.823759,52.316033)";"POINT(52.316033,4.823759)";4.823759;52.316033;
1426;"6682231";"bestreden";"18-24 m";"12-06-2020";"POINT(4.823999,52.315996)";"POINT(52.315996,4.823999)";4.823999;52.315996;
1427;"366746";"bestreden";"9-12 m";"01-07-2020";"POINT(4.788445,52.380892)";"POINT(52.380892,4.788445)";4.788445;52.380892;
1428;"554246";"bestreden";"12-15 m";"01-07-2020";"POINT(4.988011,52.298306)";"POINT(52.298306,4.988011)";4.988011;52.298306;
1429;"554243";"bestreden";"9-12 m";"01-07-2020";"POINT(4.98778,52.298304)";"POINT(52.298304,4.98778)";4.98778;52.298304;
1430;"554241";"bestreden";"12-15 m";"01-07-2020";"POINT(4.987477,52.298366)";"POINT(52.298366,4.987477)";4.987477;52.298366;
1431;"6682675";"bestreden";"6-9 m";"01-07-2020";"POINT(4.983789,52.30106)";"POINT(52.30106,4.983789)";4.983789;52.30106;
1432;"66826813";"bestreden";"15-18 m";"01-07-2020";"POINT(4.787323,52.376695)";"POINT(52.376695,4.787323)";4.787323;52.376695;
1433;"6682677";"bestreden";"6-9 m";"01-07-2020";"POINT(4.983332,52.30106)";"POINT(52.30106,4.983332)";4.983332;52.30106;
1434;"668091";"bestreden";"6-9 m";"01-07-2020";"POINT(4.983958,52.301059)";"POINT(52.301059,4.983958)";4.983958;52.301059;
1435;"432740";"bestreden";"15-18 m";"01-07-2020";"POINT(4.923948,52.39166)";"POINT(52.39166,4.923948)";4.923948;52.39166;
1436;"382109";"bestreden";"15-18 m";"01-07-2020";"POINT(4.78695,52.376754)";"POINT(52.376754,4.78695)";4.78695;52.376754;
1437;"382107";"bestreden";"15-18 m";"01-07-2020";"POINT(4.786695,52.376735)";"POINT(52.376735,4.786695)";4.786695;52.376735;
1438;"66826804";"bestreden";"15-18 m";"01-07-2020";"POINT(4.786517,52.376778)";"POINT(52.376778,4.786517)";4.786517;52.376778;
1439;"382106";"bestreden";"15-18 m";"01-07-2020";"POINT(4.786482,52.376743)";"POINT(52.376743,4.786482)";4.786482;52.376743;
1440;"AMBO47890";"bestreden";"18-24 m";"12-06-2020";"POINT(4.827268,52.317706)";"POINT(52.317706,4.827268)";4.827268;52.317706;
1441;"AMBO4793";"bestreden";"18-24 m";"12-06-2020";"POINT(4.827172,52.317752)";"POINT(52.317752,4.827172)";4.827172;52.317752;
1442;"AMBO4785";"bestreden";"18-24 m";"12-06-2020";"POINT(4.827125,52.317673)";"POINT(52.317673,4.827125)";4.827125;52.317673;
1443;"AMBO4788";"bestreden";"18-24 m";"12-06-2020";"POINT(4.82744,52.317683)";"POINT(52.317683,4.82744)";4.82744;52.317683;
1444;"AMBO4784";"bestreden";"18-24 m";"12-06-2020";"POINT(4.827243,52.31763)";"POINT(52.31763,4.827243)";4.827243;52.31763;
1445;"NAMBO146246";"bestreden";"18-24 m";"12-06-2020";"POINT(4.823715,52.317549)";"POINT(52.317549,4.823715)";4.823715;52.317549;
1446;"66826633";"bestreden";">24 m";"01-07-2020";"POINT(4.830568,52.302386)";"POINT(52.302386,4.830568)";4.830568;52.302386;
1447;"382100";"bestreden";"15-18 m";"01-07-2020";"POINT(4.786007,52.376771)";"POINT(52.376771,4.786007)";4.786007;52.376771;
1448;"553756";"bestreden";"12-15 m";"01-07-2020";"POINT(4.980389,52.298061)";"POINT(52.298061,4.980389)";4.980389;52.298061;
1449;"66826634";"bestreden";">24 m";"01-07-2020";"POINT(4.83086,52.301738)";"POINT(52.301738,4.83086)";4.83086;52.301738;
1450;"667401_d4";"bestreden";">24 m";"01-07-2020";"POINT(4.83092,52.301219)";"POINT(52.301219,4.83092)";4.83092;52.301219;
1451;"553662";"bestreden";"9-12 m";"01-07-2020";"POINT(4.980806,52.298146)";"POINT(52.298146,4.980806)";4.980806;52.298146;
1452;"66826803";"bestreden";"15-18 m";"01-07-2020";"POINT(4.785565,52.376748)";"POINT(52.376748,4.785565)";4.785565;52.376748;
1453;"438492";"bestreden";"9-12 m";"01-07-2020";"POINT(4.961126,52.387097)";"POINT(52.387097,4.961126)";4.961126;52.387097;
1454;"AMBO72518";"bestreden";">24 m";"01-07-2020";"POINT(4.830738,52.301807)";"POINT(52.301807,4.830738)";4.830738;52.301807;
1455;"438489";"bestreden";"9-12 m";"01-07-2020";"POINT(4.961078,52.387077)";"POINT(52.387077,4.961078)";4.961078;52.387077;
1456;"668075_d5";"bestreden";">24 m";"01-07-2020";"POINT(4.830679,52.301917)";"POINT(52.301917,4.830679)";4.830679;52.301917;
1457;"667403_d8";"bestreden";">24 m";"01-07-2020";"POINT(4.830524,52.302502)";"POINT(52.302502,4.830524)";4.830524;52.302502;
1458;"AMBO72517";"bestreden";">24 m";"01-07-2020";"POINT(4.830642,52.302055)";"POINT(52.302055,4.830642)";4.830642;52.302055;
1459;"553757";"bestreden";"9-12 m";"01-07-2020";"POINT(4.980508,52.298063)";"POINT(52.298063,4.980508)";4.980508;52.298063;
1460;"402954";"bestreden";"12-15 m";"01-07-2020";"POINT(4.924229,52.391664)";"POINT(52.391664,4.924229)";4.924229;52.391664;
1461;"667402_d3";"bestreden";">24 m";"01-07-2020";"POINT(4.830415,52.30228)";"POINT(52.30228,4.830415)";4.830415;52.30228;
1462;"553661";"bestreden";"12-15 m";"01-07-2020";"POINT(4.981132,52.29815)";"POINT(52.29815,4.981132)";4.981132;52.29815;
1463;"553781";"bestreden";"9-12 m";"01-07-2020";"POINT(4.98097,52.298148)";"POINT(52.298148,4.98097)";4.98097;52.298148;
1464;"553761";"bestreden";"6-9 m";"01-07-2020";"POINT(4.980974,52.298077)";"POINT(52.298077,4.980974)";4.980974;52.298077;
1465;"402959";"bestreden";"12-15 m";"01-07-2020";"POINT(4.924262,52.39162)";"POINT(52.39162,4.924262)";4.924262;52.39162;
1466;"553767";"bestreden";"9-12 m";"01-07-2020";"POINT(4.979352,52.297973)";"POINT(52.297973,4.979352)";4.979352;52.297973;
1467;"NF154653";"bestreden";"15-18 m";"01-07-2020";"POINT(4.784706,52.376752)";"POINT(52.376752,4.784706)";4.784706;52.376752;
1468;"NF154653_d17";"bestreden";"15-18 m";"01-07-2020";"POINT(4.78488,52.376727)";"POINT(52.376727,4.78488)";4.78488;52.376727;
1469;"382133";"bestreden";"15-18 m";"01-07-2020";"POINT(4.785098,52.376764)";"POINT(52.376764,4.785098)";4.785098;52.376764;
1470;"66826802";"bestreden";"15-18 m";"01-07-2020";"POINT(4.78511,52.376765)";"POINT(52.376765,4.78511)";4.78511;52.376765;
1471;"66826891";"bestreden";"6-9 m";"01-07-2020";"POINT(4.965757,52.387911)";"POINT(52.387911,4.965757)";4.965757;52.387911;
1472;"382087_d9";"bestreden";"15-18 m";"01-07-2020";"POINT(4.784107,52.376742)";"POINT(52.376742,4.784107)";4.784107;52.376742;
1473;"553747";"bestreden";"18-24 m";"01-07-2020";"POINT(4.978998,52.298032)";"POINT(52.298032,4.978998)";4.978998;52.298032;
1474;"66826800";"bestreden";"15-18 m";"01-07-2020";"POINT(4.784035,52.376731)";"POINT(52.376731,4.784035)";4.784035;52.376731;
1475;"_N_113439330000";"bestreden";"9-12 m";"01-07-2020";"POINT(4.989433,52.300497)";"POINT(52.300497,4.989433)";4.989433;52.300497;
1476;"_N_113500351000";"bestreden";"9-12 m";"01-07-2020";"POINT(4.989443,52.300676)";"POINT(52.300676,4.989443)";4.989443;52.300676;
1477;"T104751";"bestreden";"6-9 m";"01-07-2020";"POINT(4.989401,52.298996)";"POINT(52.298996,4.989401)";4.989401;52.298996;
1478;"_N_142151187000";"bestreden";"18-24 m";"01-07-2020";"POINT(4.828904,52.305281)";"POINT(52.305281,4.828904)";4.828904;52.305281;
1479;"T104758";"bestreden";"9-12 m";"01-07-2020";"POINT(4.989432,52.301264)";"POINT(52.301264,4.989432)";4.989432;52.301264;
1480;"66826799";"bestreden";"15-18 m";"01-07-2020";"POINT(4.784,52.37671)";"POINT(52.37671,4.784)";4.784;52.37671;
1481;"66826797";"bestreden";"15-18 m";"01-07-2020";"POINT(4.783038,52.376728)";"POINT(52.376728,4.783038)";4.783038;52.376728;
1482;"382094";"bestreden";"15-18 m";"01-07-2020";"POINT(4.783018,52.376731)";"POINT(52.376731,4.783018)";4.783018;52.376731;
1483;"66826927";"bestreden";"15-18 m";"01-07-2020";"POINT(4.972747,52.387032)";"POINT(52.387032,4.972747)";4.972747;52.387032;
1484;"66826795";"bestreden";"15-18 m";"01-07-2020";"POINT(4.783006,52.376754)";"POINT(52.376754,4.783006)";4.783006;52.376754;
1485;"382093";"bestreden";"15-18 m";"01-07-2020";"POINT(4.782954,52.376739)";"POINT(52.376739,4.782954)";4.782954;52.376739;
1486;"667411";"bestreden";"15-18 m";"01-07-2020";"POINT(4.961131,52.394702)";"POINT(52.394702,4.961131)";4.961131;52.394702;
1487;"_N_140728299000";"bestreden";"18-24 m";"01-07-2020";"POINT(4.8292,52.305536)";"POINT(52.305536,4.8292)";4.8292;52.305536;
1488;"382092";"bestreden";"15-18 m";"01-07-2020";"POINT(4.783197,52.376732)";"POINT(52.376732,4.783197)";4.783197;52.376732;
1489;"noord rhoo2";"bestreden";"15-18 m";"01-07-2020";"POINT(4.960988,52.395194)";"POINT(52.395194,4.960988)";4.960988;52.395194;
1490;"399963";"bestreden";"15-18 m";"01-07-2020";"POINT(4.96053,52.395611)";"POINT(52.395611,4.96053)";4.96053;52.395611;
1491;"366894";"bestreden";"9-12 m";"01-07-2020";"POINT(4.787791,52.377807)";"POINT(52.377807,4.787791)";4.787791;52.377807;
1492;"366891";"bestreden";"9-12 m";"01-07-2020";"POINT(4.787779,52.377778)";"POINT(52.377778,4.787779)";4.787779;52.377778;
1493;"366897";"bestreden";"9-12 m";"01-07-2020";"POINT(4.787737,52.377729)";"POINT(52.377729,4.787737)";4.787737;52.377729;
1494;"66826836";"bestreden";"9-12 m";"01-07-2020";"POINT(4.78779,52.377844)";"POINT(52.377844,4.78779)";4.78779;52.377844;
1495;"366898";"bestreden";"9-12 m";"01-07-2020";"POINT(4.787739,52.377696)";"POINT(52.377696,4.787739)";4.787739;52.377696;
1496;"366900";"bestreden";"9-12 m";"01-07-2020";"POINT(4.787685,52.377703)";"POINT(52.377703,4.787685)";4.787685;52.377703;
1497;"366896";"bestreden";"9-12 m";"01-07-2020";"POINT(4.787774,52.377715)";"POINT(52.377715,4.787774)";4.787774;52.377715;
1498;"366912";"bestreden";"9-12 m";"01-07-2020";"POINT(4.787703,52.377552)";"POINT(52.377552,4.787703)";4.787703;52.377552;
1499;"366913";"bestreden";"12-15 m";"01-07-2020";"POINT(4.787701,52.377495)";"POINT(52.377495,4.787701)";4.787701;52.377495;
1500;"366915";"bestreden";"9-12 m";"01-07-2020";"POINT(4.787696,52.377414)";"POINT(52.377414,4.787696)";4.787696;52.377414;
1501;"465629";"bestreden";"12-15 m";"01-07-2020";"POINT(4.917615,52.390155)";"POINT(52.390155,4.917615)";4.917615;52.390155;
1502;"467428";"bestreden";"15-18 m";"01-07-2020";"POINT(4.917679,52.390113)";"POINT(52.390113,4.917679)";4.917679;52.390113;
1503;"1554295";"bestreden";"18-24 m";"01-07-2020";"POINT(4.836365,52.30684)";"POINT(52.30684,4.836365)";4.836365;52.30684;
1504;"1554296";"bestreden";"18-24 m";"01-07-2020";"POINT(4.836471,52.30681)";"POINT(52.30681,4.836471)";4.836471;52.30681;
1505;"1554277";"bestreden";"18-24 m";"01-07-2020";"POINT(4.836482,52.306899)";"POINT(52.306899,4.836482)";4.836482;52.306899;
1506;"1554279";"bestreden";"18-24 m";"01-07-2020";"POINT(4.83669,52.306763)";"POINT(52.306763,4.83669)";4.83669;52.306763;
1507;"366920";"bestreden";"9-12 m";"01-07-2020";"POINT(4.787701,52.377286)";"POINT(52.377286,4.787701)";4.787701;52.377286;
1508;"1554281";"bestreden";"18-24 m";"01-07-2020";"POINT(4.836798,52.306738)";"POINT(52.306738,4.836798)";4.836798;52.306738;
1509;"366922";"bestreden";"9-12 m";"01-07-2020";"POINT(4.787745,52.377264)";"POINT(52.377264,4.787745)";4.787745;52.377264;
1510;"1554243";"bestreden";"18-24 m";"01-07-2020";"POINT(4.837551,52.306564)";"POINT(52.306564,4.837551)";4.837551;52.306564;
1511;"667445";"bestreden";"9-12 m";"01-07-2020";"POINT(4.787675,52.377244)";"POINT(52.377244,4.787675)";4.787675;52.377244;
1512;"1546443_d2";"bestreden";"18-24 m";"01-07-2020";"POINT(4.837943,52.306472)";"POINT(52.306472,4.837943)";4.837943;52.306472;
1513;"398126";"bestreden";"15-18 m";"01-07-2020";"POINT(4.918258,52.390376)";"POINT(52.390376,4.918258)";4.918258;52.390376;
1514;"441111";"bestreden";"15-18 m";"01-07-2020";"POINT(4.918163,52.390257)";"POINT(52.390257,4.918163)";4.918163;52.390257;
1515;"366815";"bestreden";"9-12 m";"01-07-2020";"POINT(4.788477,52.379857)";"POINT(52.379857,4.788477)";4.788477;52.379857;
1516;"366831";"bestreden";"9-12 m";"01-07-2020";"POINT(4.787672,52.378943)";"POINT(52.378943,4.787672)";4.787672;52.378943;
1517;"1554246";"bestreden";"18-24 m";"01-07-2020";"POINT(4.837981,52.306465)";"POINT(52.306465,4.837981)";4.837981;52.306465;
1518;"366955";"bestreden";"9-12 m";"01-07-2020";"POINT(4.788492,52.37894)";"POINT(52.37894,4.788492)";4.788492;52.37894;
1519;"366954";"bestreden";"9-12 m";"01-07-2020";"POINT(4.788358,52.378896)";"POINT(52.378896,4.788358)";4.788358;52.378896;
1520;"366953";"bestreden";"9-12 m";"01-07-2020";"POINT(4.788318,52.378864)";"POINT(52.378864,4.788318)";4.788318;52.378864;
1521;"667414";"bestreden";"15-18 m";"01-07-2020";"POINT(4.838024,52.306452)";"POINT(52.306452,4.838024)";4.838024;52.306452;
1522;"398125";"bestreden";"15-18 m";"01-07-2020";"POINT(4.918285,52.390436)";"POINT(52.390436,4.918285)";4.918285;52.390436;
1523;"667105";"bestreden";"9-12 m";"01-07-2020";"POINT(4.787684,52.379104)";"POINT(52.379104,4.787684)";4.787684;52.379104;
1524;"1554248";"bestreden";"18-24 m";"01-07-2020";"POINT(4.838089,52.30644)";"POINT(52.30644,4.838089)";4.838089;52.30644;
1525;"366949";"bestreden";"9-12 m";"01-07-2020";"POINT(4.788499,52.378758)";"POINT(52.378758,4.788499)";4.788499;52.378758;
1526;"366779";"bestreden";"9-12 m";"01-07-2020";"POINT(4.787643,52.379848)";"POINT(52.379848,4.787643)";4.787643;52.379848;
1527;"1554252";"bestreden";"18-24 m";"01-07-2020";"POINT(4.838198,52.306415)";"POINT(52.306415,4.838198)";4.838198;52.306415;
1528;"366946";"bestreden";"9-12 m";"01-07-2020";"POINT(4.788351,52.378704)";"POINT(52.378704,4.788351)";4.788351;52.378704;
1529;"1554247";"bestreden";"18-24 m";"01-07-2020";"POINT(4.837874,52.306489)";"POINT(52.306489,4.837874)";4.837874;52.306489;
1530;"1554253";"bestreden";"18-24 m";"01-07-2020";"POINT(4.838627,52.306315)";"POINT(52.306315,4.838627)";4.838627;52.306315;
1531;"366948";"bestreden";"9-12 m";"01-07-2020";"POINT(4.788272,52.378727)";"POINT(52.378727,4.788272)";4.788272;52.378727;
1532;"66826885";"bestreden";"18-24 m";"01-07-2020";"POINT(4.838862,52.306249)";"POINT(52.306249,4.838862)";4.838862;52.306249;
1533;"408024";"bestreden";"15-18 m";"01-07-2020";"POINT(4.918199,52.390315)";"POINT(52.390315,4.918199)";4.918199;52.390315;
1534;"366929";"bestreden";"9-12 m";"01-07-2020";"POINT(4.78781,52.377024)";"POINT(52.377024,4.78781)";4.78781;52.377024;
1535;"366947";"bestreden";"9-12 m";"01-07-2020";"POINT(4.78828,52.378673)";"POINT(52.378673,4.78828)";4.78828;52.378673;
1536;"366814";"bestreden";"9-12 m";"01-07-2020";"POINT(4.788336,52.379757)";"POINT(52.379757,4.788336)";4.788336;52.379757;
1537;"366816";"bestreden";"9-12 m";"01-07-2020";"POINT(4.788453,52.379884)";"POINT(52.379884,4.788453)";4.788453;52.379884;
1538;"366726";"bestreden";"9-12 m";"01-07-2020";"POINT(4.788268,52.380338)";"POINT(52.380338,4.788268)";4.788268;52.380338;
1539;"366728";"bestreden";"9-12 m";"01-07-2020";"POINT(4.788228,52.380404)";"POINT(52.380404,4.788228)";4.788228;52.380404;
1540;"366727";"bestreden";"9-12 m";"01-07-2020";"POINT(4.78821,52.380444)";"POINT(52.380444,4.78821)";4.78821;52.380444;
1541;"6682682";"bestreden";"9-12 m";"01-07-2020";"POINT(4.966024,52.38518)";"POINT(52.38518,4.966024)";4.966024;52.38518;
1542;"6682684";"bestreden";"9-12 m";"01-07-2020";"POINT(4.967571,52.385403)";"POINT(52.385403,4.967571)";4.967571;52.385403;
1543;"6682685";"bestreden";"12-15 m";"01-07-2020";"POINT(4.968835,52.38337)";"POINT(52.38337,4.968835)";4.968835;52.38337;
1544;"NT401716";"bestreden";"12-15 m";"01-07-2020";"POINT(4.98892,52.30131)";"POINT(52.30131,4.98892)";4.98892;52.30131;
1545;"_N_113107738000";"bestreden";"9-12 m";"01-07-2020";"POINT(4.988898,52.299815)";"POINT(52.299815,4.988898)";4.988898;52.299815;
1546;"66826807";"bestreden";"15-18 m";"01-07-2020";"POINT(4.787135,52.376779)";"POINT(52.376779,4.787135)";4.787135;52.376779;
1547;"403960";"bestreden";"12-15 m";"01-07-2020";"POINT(4.920177,52.395059)";"POINT(52.395059,4.920177)";4.920177;52.395059;
1548;"366755";"bestreden";"9-12 m";"01-07-2020";"POINT(4.788188,52.380987)";"POINT(52.380987,4.788188)";4.788188;52.380987;
1549;"_N_113147083000";"bestreden";"12-15 m";"01-07-2020";"POINT(4.989009,52.30021)";"POINT(52.30021,4.989009)";4.989009;52.30021;
1550;"66826806";"bestreden";"15-18 m";"01-07-2020";"POINT(4.787086,52.376779)";"POINT(52.376779,4.787086)";4.787086;52.376779;
1551;"403969";"bestreden";"12-15 m";"01-07-2020";"POINT(4.919975,52.39512)";"POINT(52.39512,4.919975)";4.919975;52.39512;
1552;"366756";"bestreden";"9-12 m";"01-07-2020";"POINT(4.788278,52.381054)";"POINT(52.381054,4.788278)";4.788278;52.381054;
1553;"6682681";"bestreden";"9-12 m";"01-07-2020";"POINT(4.966004,52.385543)";"POINT(52.385543,4.966004)";4.966004;52.385543;
1554;"T104761";"bestreden";"12-15 m";"01-07-2020";"POINT(4.989094,52.300196)";"POINT(52.300196,4.989094)";4.989094;52.300196;
1555;"_N_113157513000";"bestreden";"9-12 m";"01-07-2020";"POINT(4.988705,52.299761)";"POINT(52.299761,4.988705)";4.988705;52.299761;
1556;"382110";"bestreden";"15-18 m";"01-07-2020";"POINT(4.786994,52.376771)";"POINT(52.376771,4.786994)";4.786994;52.376771;
1557;"66826815";"bestreden";"15-18 m";"01-07-2020";"POINT(4.787004,52.376672)";"POINT(52.376672,4.787004)";4.787004;52.376672;
1558;"397569";"bestreden";"12-15 m";"01-07-2020";"POINT(4.928498,52.393796)";"POINT(52.393796,4.928498)";4.928498;52.393796;
1559;"382104";"bestreden";"15-18 m";"01-07-2020";"POINT(4.786311,52.37674)";"POINT(52.37674,4.786311)";4.786311;52.37674;
1560;"66826635";"bestreden";">24 m";"01-07-2020";"POINT(4.830783,52.301624)";"POINT(52.301624,4.830783)";4.830783;52.301624;
1561;"553665";"bestreden";"9-12 m";"01-07-2020";"POINT(4.980566,52.298138)";"POINT(52.298138,4.980566)";4.980566;52.298138;
1562;"668077_d10";"bestreden";">24 m";"01-07-2020";"POINT(4.830498,52.302613)";"POINT(52.302613,4.830498)";4.830498;52.302613;
1563;"553663";"bestreden";"9-12 m";"01-07-2020";"POINT(4.980724,52.298143)";"POINT(52.298143,4.980724)";4.980724;52.298143;
1564;"_N_132413552000_d7";"bestreden";">24 m";"01-07-2020";"POINT(4.830486,52.302715)";"POINT(52.302715,4.830486)";4.830486;52.302715;
1565;"_N_113831910000";"bestreden";"12-15 m";"01-07-2020";"POINT(4.989001,52.299308)";"POINT(52.299308,4.989001)";4.989001;52.299308;
1566;"T92674";"bestreden";"9-12 m";"01-07-2020";"POINT(4.988946,52.29924)";"POINT(52.29924,4.988946)";4.988946;52.29924;
1567;"_N_113850481000";"bestreden";"9-12 m";"01-07-2020";"POINT(4.988986,52.299148)";"POINT(52.299148,4.988986)";4.988986;52.299148;
1568;"_N_095226330000";"bestreden";"9-12 m";"01-07-2020";"POINT(4.98943,52.298908)";"POINT(52.298908,4.98943)";4.98943;52.298908;
1569;"_N_095918555000";"bestreden";"9-12 m";"01-07-2020";"POINT(4.989475,52.300391)";"POINT(52.300391,4.989475)";4.989475;52.300391;
1570;"_N_142505988000";"bestreden";"18-24 m";"01-07-2020";"POINT(4.829094,52.305133)";"POINT(52.305133,4.829094)";4.829094;52.305133;
1571;"668196";"bestreden";"9-12 m";"01-07-2020";"POINT(4.989448,52.30058)";"POINT(52.30058,4.989448)";4.989448;52.30058;
1572;"6682272";"bestreden";"18-24 m";"01-07-2020";"POINT(4.828994,52.305216)";"POINT(52.305216,4.828994)";4.828994;52.305216;
1573;"_N_113522680000";"bestreden";"9-12 m";"01-07-2020";"POINT(4.989425,52.30085)";"POINT(52.30085,4.989425)";4.989425;52.30085;
1574;"_N_095302604000";"bestreden";"9-12 m";"01-07-2020";"POINT(4.989462,52.299095)";"POINT(52.299095,4.989462)";4.989462;52.299095;
1575;"66826945";"bestreden";"18-24 m";"01-07-2020";"POINT(4.828948,52.30544)";"POINT(52.30544,4.828948)";4.828948;52.30544;
1576;"593302";"bestreden";"12-15 m";"01-07-2020";"POINT(4.988716,52.300448)";"POINT(52.300448,4.988716)";4.988716;52.300448;
1577;"399954";"bestreden";"15-18 m";"01-07-2020";"POINT(4.961798,52.393722)";"POINT(52.393722,4.961798)";4.961798;52.393722;
1578;"T104756";"bestreden";"9-12 m";"01-07-2020";"POINT(4.989473,52.300875)";"POINT(52.300875,4.989473)";4.989473;52.300875;
1579;"T104752";"bestreden";"6-9 m";"01-07-2020";"POINT(4.989411,52.299182)";"POINT(52.299182,4.989411)";4.989411;52.299182;
1580;"_N_113549610000";"bestreden";"9-12 m";"01-07-2020";"POINT(4.989428,52.301033)";"POINT(52.301033,4.989428)";4.989428;52.301033;
1581;"T104753";"bestreden";"9-12 m";"01-07-2020";"POINT(4.989408,52.299235)";"POINT(52.299235,4.989408)";4.989408;52.299235;
1582;"382091";"bestreden";"15-18 m";"01-07-2020";"POINT(4.783247,52.376741)";"POINT(52.376741,4.783247)";4.783247;52.376741;
1583;"430880";"bestreden";"15-18 m";"01-07-2020";"POINT(4.961759,52.393782)";"POINT(52.393782,4.961759)";4.961759;52.393782;
1584;"668195";"bestreden";"9-12 m";"01-07-2020";"POINT(4.989437,52.301072)";"POINT(52.301072,4.989437)";4.989437;52.301072;
1585;"_N_095319877000";"bestreden";"12-15 m";"01-07-2020";"POINT(4.989503,52.299361)";"POINT(52.299361,4.989503)";4.989503;52.299361;
1586;"_N_113612554000";"bestreden";"9-12 m";"01-07-2020";"POINT(4.989422,52.30117)";"POINT(52.30117,4.989422)";4.989422;52.30117;
1587;"_N_095341954000";"bestreden";"9-12 m";"01-07-2020";"POINT(4.989529,52.299544)";"POINT(52.299544,4.989529)";4.989529;52.299544;
1588;"T104757";"bestreden";"12-15 m";"01-07-2020";"POINT(4.989453,52.301211)";"POINT(52.301211,4.989453)";4.989453;52.301211;
1589;"_N_113216672000";"bestreden";"9-12 m";"01-07-2020";"POINT(4.989495,52.299749)";"POINT(52.299749,4.989495)";4.989495;52.299749;
1590;"_N_113631495000";"bestreden";"9-12 m";"01-07-2020";"POINT(4.989449,52.301356)";"POINT(52.301356,4.989449)";4.989449;52.301356;
1591;"T104754";"bestreden";"9-12 m";"01-07-2020";"POINT(4.989419,52.299781)";"POINT(52.299781,4.989419)";4.989419;52.299781;
1592;"N6682683";"bestreden";"";"01-07-2020";"POINT(4.966058,52.385183)";"POINT(52.385183,4.966058)";4.966058;52.385183;
1593;"T104755";"bestreden";"9-12 m";"01-07-2020";"POINT(4.989389,52.299873)";"POINT(52.299873,4.989389)";4.989389;52.299873;
1594;"_N_113249553000";"bestreden";"9-12 m";"01-07-2020";"POINT(4.989488,52.29993)";"POINT(52.29993,4.989488)";4.989488;52.29993;
1595;"399955";"bestreden";"15-18 m";"01-07-2020";"POINT(4.961715,52.393827)";"POINT(52.393827,4.961715)";4.961715;52.393827;
1596;"EPRM21";"bestreden";"9-12 m";"01-07-2020";"POINT(4.989503,52.300054)";"POINT(52.300054,4.989503)";4.989503;52.300054;
1597;"_N_113351594000";"bestreden";"9-12 m";"01-07-2020";"POINT(4.98946,52.300113)";"POINT(52.300113,4.98946)";4.98946;52.300113;
1598;"_N_095629095000";"bestreden";"9-12 m";"01-07-2020";"POINT(4.989514,52.300239)";"POINT(52.300239,4.989514)";4.989514;52.300239;
1599;"_N_113415858000";"bestreden";"9-12 m";"01-07-2020";"POINT(4.989435,52.300292)";"POINT(52.300292,4.989435)";4.989435;52.300292;
1600;"6682273";"bestreden";"18-24 m";"01-07-2020";"POINT(4.829171,52.305067)";"POINT(52.305067,4.829171)";4.829171;52.305067;
1601;"668172";"bestreden";"15-18 m";"01-07-2020";"POINT(4.782875,52.376617)";"POINT(52.376617,4.782875)";4.782875;52.376617;
1602;"66826833";"bestreden";"15-18 m";"01-07-2020";"POINT(4.783066,52.376621)";"POINT(52.376621,4.783066)";4.783066;52.376621;
1603;"66826946";"bestreden";"18-24 m";"01-07-2020";"POINT(4.828577,52.305318)";"POINT(52.305318,4.828577)";4.828577;52.305318;
1604;"66826834";"bestreden";"15-18 m";"01-07-2020";"POINT(4.782811,52.37662)";"POINT(52.37662,4.782811)";4.782811;52.37662;
1605;"667129";"bestreden";"15-18 m";"01-07-2020";"POINT(4.970747,52.391379)";"POINT(52.391379,4.970747)";4.970747;52.391379;
1606;"50";"bestreden";"12-15 m";"01-07-2020";"POINT(4.973526,52.384278)";"POINT(52.384278,4.973526)";4.973526;52.384278;
1607;"6682336";"bestreden";"18-24 m";"02-07-2020";"POINT(4.82548,52.321465)";"POINT(52.321465,4.82548)";4.82548;52.321465;
1608;"596277";"bestreden";"6-9 m";"02-07-2020";"POINT(4.965686,52.311792)";"POINT(52.311792,4.965686)";4.965686;52.311792;
1609;"66826832";"bestreden";"15-18 m";"02-07-2020";"POINT(4.783244,52.37663)";"POINT(52.37663,4.783244)";4.783244;52.37663;
1610;"599521";"bestreden";"6-9 m";"02-07-2020";"POINT(4.965814,52.311758)";"POINT(52.311758,4.965814)";4.965814;52.311758;
1611;"668171";"bestreden";"15-18 m";"02-07-2020";"POINT(4.783314,52.376631)";"POINT(52.376631,4.783314)";4.783314;52.376631;
1612;"668170";"bestreden";"15-18 m";"02-07-2020";"POINT(4.783509,52.376628)";"POINT(52.376628,4.783509)";4.783509;52.376628;
1613;"6682282";"bestreden";"18-24 m";"02-07-2020";"POINT(4.828261,52.305494)";"POINT(52.305494,4.828261)";4.828261;52.305494;
1614;"66826947";"bestreden";"18-24 m";"02-07-2020";"POINT(4.828454,52.305521)";"POINT(52.305521,4.828454)";4.828454;52.305521;
1615;"6682283_d22";"bestreden";"18-24 m";"02-07-2020";"POINT(4.82783,52.305575)";"POINT(52.305575,4.82783)";4.82783;52.305575;
1616;"6682285_d25";"bestreden";"18-24 m";"02-07-2020";"POINT(4.827727,52.30561)";"POINT(52.30561,4.827727)";4.827727;52.30561;
1617;"66826949";"bestreden";"18-24 m";"02-07-2020";"POINT(4.827668,52.305645)";"POINT(52.305645,4.827668)";4.827668;52.305645;
1618;"66826954";"bestreden";"18-24 m";"02-07-2020";"POINT(4.827635,52.305775)";"POINT(52.305775,4.827635)";4.827635;52.305775;
1619;"66826957";"bestreden";"18-24 m";"02-07-2020";"POINT(4.827628,52.305814)";"POINT(52.305814,4.827628)";4.827628;52.305814;
1620;"nieuw nummer";"bestreden";"12-15 m";"02-07-2020";"POINT(4.959681,52.31255)";"POINT(52.31255,4.959681)";4.959681;52.31255;
1621;"66826967";"bestreden";"18-24 m";"02-07-2020";"POINT(4.826352,52.30624)";"POINT(52.30624,4.826352)";4.826352;52.30624;
1622;"668166";"bestreden";"15-18 m";"02-07-2020";"POINT(4.784101,52.376627)";"POINT(52.376627,4.784101)";4.784101;52.376627;
1623;"668165";"bestreden";"15-18 m";"02-07-2020";"POINT(4.784157,52.376629)";"POINT(52.376629,4.784157)";4.784157;52.376629;
1624;"668169";"bestreden";"15-18 m";"02-07-2020";"POINT(4.78378,52.376629)";"POINT(52.376629,4.78378)";4.78378;52.376629;
1625;"596825";"bestreden";"0-6 m";"02-07-2020";"POINT(4.960856,52.311688)";"POINT(52.311688,4.960856)";4.960856;52.311688;
1626;"66826962";"bestreden";"18-24 m";"02-07-2020";"POINT(4.826895,52.306117)";"POINT(52.306117,4.826895)";4.826895;52.306117;
1627;"668164";"bestreden";"15-18 m";"02-07-2020";"POINT(4.784261,52.376628)";"POINT(52.376628,4.784261)";4.784261;52.376628;
1628;"66826970";"bestreden";">24 m";"02-07-2020";"POINT(4.824933,52.306581)";"POINT(52.306581,4.824933)";4.824933;52.306581;
1629;"668163";"bestreden";"15-18 m";"02-07-2020";"POINT(4.784285,52.376613)";"POINT(52.376613,4.784285)";4.784285;52.376613;
1630;"596717";"bestreden";"6-9 m";"02-07-2020";"POINT(4.96141,52.311769)";"POINT(52.311769,4.96141)";4.96141;52.311769;
1631;"446713";"bestreden";"15-18 m";"02-07-2020";"POINT(4.920892,52.361684)";"POINT(52.361684,4.920892)";4.920892;52.361684;
1632;"446719";"bestreden";"9-12 m";"02-07-2020";"POINT(4.92092,52.361712)";"POINT(52.361712,4.92092)";4.92092;52.361712;
1633;"66826969";"bestreden";">24 m";"02-07-2020";"POINT(4.825002,52.306591)";"POINT(52.306591,4.825002)";4.825002;52.306591;
1634;"596812";"bestreden";"9-12 m";"02-07-2020";"POINT(4.961041,52.311814)";"POINT(52.311814,4.961041)";4.961041;52.311814;
1635;"668162";"bestreden";"15-18 m";"02-07-2020";"POINT(4.78438,52.376643)";"POINT(52.376643,4.78438)";4.78438;52.376643;
1636;"446761";"bestreden";"15-18 m";"02-07-2020";"POINT(4.92106,52.361347)";"POINT(52.361347,4.92106)";4.92106;52.361347;
1637;"538866";"bestreden";"18-24 m";"02-07-2020";"POINT(4.953916,52.311925)";"POINT(52.311925,4.953916)";4.953916;52.311925;
1638;"668160";"bestreden";"15-18 m";"02-07-2020";"POINT(4.784718,52.376634)";"POINT(52.376634,4.784718)";4.784718;52.376634;
1639;"668161";"bestreden";"15-18 m";"02-07-2020";"POINT(4.784663,52.376615)";"POINT(52.376615,4.784663)";4.784663;52.376615;
1640;"446753";"bestreden";"15-18 m";"02-07-2020";"POINT(4.921216,52.361226)";"POINT(52.361226,4.921216)";4.921216;52.361226;
1641;"1538174";"bestreden";"15-18 m";"02-07-2020";"POINT(4.92124,52.361149)";"POINT(52.361149,4.92124)";4.92124;52.361149;
1642;"66826830";"bestreden";"15-18 m";"02-07-2020";"POINT(4.784812,52.376636)";"POINT(52.376636,4.784812)";4.784812;52.376636;
1643;"1538200";"bestreden";"15-18 m";"02-07-2020";"POINT(4.921171,52.361105)";"POINT(52.361105,4.921171)";4.921171;52.361105;
1644;"66826977";"bestreden";">24 m";"02-07-2020";"POINT(4.824829,52.306741)";"POINT(52.306741,4.824829)";4.824829;52.306741;
1645;"66826978";"bestreden";">24 m";"02-07-2020";"POINT(4.824693,52.306801)";"POINT(52.306801,4.824693)";4.824693;52.306801;
1646;"446741";"bestreden";"15-18 m";"02-07-2020";"POINT(4.921346,52.361142)";"POINT(52.361142,4.921346)";4.921346;52.361142;
1647;"66826829";"bestreden";"15-18 m";"02-07-2020";"POINT(4.78491,52.376642)";"POINT(52.376642,4.78491)";4.78491;52.376642;
1648;"668158";"bestreden";"15-18 m";"02-07-2020";"POINT(4.78511,52.376643)";"POINT(52.376643,4.78511)";4.78511;52.376643;
1649;"668155";"bestreden";"15-18 m";"02-07-2020";"POINT(4.78515,52.376641)";"POINT(52.376641,4.78515)";4.78515;52.376641;
1650;"66826825";"bestreden";"15-18 m";"02-07-2020";"POINT(4.786084,52.376704)";"POINT(52.376704,4.786084)";4.786084;52.376704;
1651;"668156";"bestreden";"15-18 m";"02-07-2020";"POINT(4.785203,52.376641)";"POINT(52.376641,4.785203)";4.785203;52.376641;
1652;"66826981";"bestreden";">24 m";"02-07-2020";"POINT(4.824152,52.306907)";"POINT(52.306907,4.824152)";4.824152;52.306907;
1653;"66826824";"bestreden";"15-18 m";"02-07-2020";"POINT(4.786146,52.376686)";"POINT(52.376686,4.786146)";4.786146;52.376686;
1654;"446734";"bestreden";"15-18 m";"02-07-2020";"POINT(4.921718,52.362025)";"POINT(52.362025,4.921718)";4.921718;52.362025;
1655;"446684";"bestreden";"15-18 m";"02-07-2020";"POINT(4.922163,52.361432)";"POINT(52.361432,4.922163)";4.922163;52.361432;
1656;"66826823";"bestreden";"15-18 m";"02-07-2020";"POINT(4.78622,52.376691)";"POINT(52.376691,4.78622)";4.78622;52.376691;
1657;"66826822";"bestreden";"15-18 m";"02-07-2020";"POINT(4.786255,52.376679)";"POINT(52.376679,4.786255)";4.786255;52.376679;
1658;"66826819";"bestreden";"15-18 m";"02-07-2020";"POINT(4.786477,52.376661)";"POINT(52.376661,4.786477)";4.786477;52.376661;
1659;"6682142";"bestreden";">24 m";"02-07-2020";"POINT(4.819146,52.31541)";"POINT(52.31541,4.819146)";4.819146;52.31541;
1660;"538563";"bestreden";"18-24 m";"02-07-2020";"POINT(4.954963,52.310739)";"POINT(52.310739,4.954963)";4.954963;52.310739;
1661;"538580";"bestreden";"15-18 m";"02-07-2020";"POINT(4.955338,52.31075)";"POINT(52.31075,4.955338)";4.955338;52.31075;
1662;"66826817";"bestreden";"15-18 m";"02-07-2020";"POINT(4.786712,52.37667)";"POINT(52.37667,4.786712)";4.786712;52.37667;
1663;"538581";"bestreden";"18-24 m";"02-07-2020";"POINT(4.955052,52.310768)";"POINT(52.310768,4.955052)";4.955052;52.310768;
1664;"66826816";"bestreden";"15-18 m";"02-07-2020";"POINT(4.786818,52.376676)";"POINT(52.376676,4.786818)";4.786818;52.376676;
1665;"538574";"bestreden";"18-24 m";"02-07-2020";"POINT(4.955252,52.310724)";"POINT(52.310724,4.955252)";4.955252;52.310724;
1666;"538578";"bestreden";"18-24 m";"02-07-2020";"POINT(4.955279,52.310678)";"POINT(52.310678,4.955279)";4.955279;52.310678;
1667;"378644";"bestreden";"12-15 m";"02-07-2020";"POINT(4.782189,52.377164)";"POINT(52.377164,4.782189)";4.782189;52.377164;
1668;"538559";"bestreden";"15-18 m";"02-07-2020";"POINT(4.955155,52.310649)";"POINT(52.310649,4.955155)";4.955155;52.310649;
1669;"450603";"bestreden";"6-9 m";"02-07-2020";"POINT(4.941297,52.338139)";"POINT(52.338139,4.941297)";4.941297;52.338139;
1670;"538562";"bestreden";"18-24 m";"02-07-2020";"POINT(4.954955,52.310636)";"POINT(52.310636,4.954955)";4.954955;52.310636;
1671;"460277";"bestreden";"9-12 m";"02-07-2020";"POINT(4.940364,52.338452)";"POINT(52.338452,4.940364)";4.940364;52.338452;
1672;"66826985";"bestreden";"18-24 m";"02-07-2020";"POINT(4.823811,52.307073)";"POINT(52.307073,4.823811)";4.823811;52.307073;
1673;"460276";"bestreden";"9-12 m";"02-07-2020";"POINT(4.940249,52.338514)";"POINT(52.338514,4.940249)";4.940249;52.338514;
1674;"460275";"bestreden";"9-12 m";"02-07-2020";"POINT(4.939949,52.338699)";"POINT(52.338699,4.939949)";4.939949;52.338699;
1675;"460478";"bestreden";"9-12 m";"02-07-2020";"POINT(4.941221,52.33801)";"POINT(52.33801,4.941221)";4.941221;52.33801;
1676;"66826550";"bestreden";"18-24 m";"02-07-2020";"POINT(4.822492,52.307057)";"POINT(52.307057,4.822492)";4.822492;52.307057;
1677;"600352";"bestreden";"12-15 m";"02-07-2020";"POINT(4.962545,52.309562)";"POINT(52.309562,4.962545)";4.962545;52.309562;
1678;"66826553";"bestreden";"18-24 m";"02-07-2020";"POINT(4.823809,52.306972)";"POINT(52.306972,4.823809)";4.823809;52.306972;
1679;"460481";"bestreden";"9-12 m";"02-07-2020";"POINT(4.941988,52.337416)";"POINT(52.337416,4.941988)";4.941988;52.337416;
1680;"66826994";"bestreden";">24 m";"02-07-2020";"POINT(4.820219,52.315299)";"POINT(52.315299,4.820219)";4.820219;52.315299;
1681;"T69127";"bestreden";"6-9 m";"02-07-2020";"POINT(4.96424,52.307571)";"POINT(52.307571,4.96424)";4.96424;52.307571;
1682;"596084";"bestreden";"";"02-07-2020";"POINT(4.964361,52.3077)";"POINT(52.3077,4.964361)";4.964361;52.3077;
1683;"66826551";"bestreden";"18-24 m";"02-07-2020";"POINT(4.823529,52.307023)";"POINT(52.307023,4.823529)";4.823529;52.307023;
1684;"454981";"bestreden";"6-9 m";"02-07-2020";"POINT(4.942153,52.337766)";"POINT(52.337766,4.942153)";4.942153;52.337766;
1685;"450598";"bestreden";"6-9 m";"02-07-2020";"POINT(4.942101,52.337848)";"POINT(52.337848,4.942101)";4.942101;52.337848;
1686;"450597";"bestreden";"6-9 m";"02-07-2020";"POINT(4.942243,52.337723)";"POINT(52.337723,4.942243)";4.942243;52.337723;
1687;"NT903417";"bestreden";"6-9 m";"02-07-2020";"POINT(4.963536,52.308273)";"POINT(52.308273,4.963536)";4.963536;52.308273;
1688;"NT903449";"bestreden";"6-9 m";"02-07-2020";"POINT(4.964332,52.307632)";"POINT(52.307632,4.964332)";4.964332;52.307632;
1689;"450596";"bestreden";"6-9 m";"02-07-2020";"POINT(4.942571,52.337655)";"POINT(52.337655,4.942571)";4.942571;52.337655;
1690;"1542661";"bestreden";"6-9 m";"02-07-2020";"POINT(4.942732,52.337677)";"POINT(52.337677,4.942732)";4.942732;52.337677;
1691;"66826995";"bestreden";"18-24 m";"02-07-2020";"POINT(4.820516,52.315168)";"POINT(52.315168,4.820516)";4.820516;52.315168;
1692;"6682144";"bestreden";">24 m";"02-07-2020";"POINT(4.820275,52.315291)";"POINT(52.315291,4.820275)";4.820275;52.315291;
1693;"66826996";"bestreden";"18-24 m";"02-07-2020";"POINT(4.820126,52.315372)";"POINT(52.315372,4.820126)";4.820126;52.315372;
1694;"66826998";"bestreden";"18-24 m";"02-07-2020";"POINT(4.819911,52.315305)";"POINT(52.315305,4.819911)";4.819911;52.315305;
1695;"1555626";"bestreden";"6-9 m";"02-07-2020";"POINT(4.820936,52.38539)";"POINT(52.38539,4.820936)";4.820936;52.38539;
1696;"1555513";"bestreden";"6-9 m";"02-07-2020";"POINT(4.821093,52.38538)";"POINT(52.38538,4.821093)";4.821093;52.38538;
1697;"1555932";"bestreden";"12-15 m";"02-07-2020";"POINT(4.822273,52.386741)";"POINT(52.386741,4.822273)";4.822273;52.386741;
1698;"1555898";"bestreden";"12-15 m";"02-07-2020";"POINT(4.82228,52.387381)";"POINT(52.387381,4.82228)";4.82228;52.387381;
1699;"600287";"bestreden";"0-6 m";"02-07-2020";"POINT(4.967128,52.30919)";"POINT(52.30919,4.967128)";4.967128;52.30919;
1700;"489216";"bestreden";"15-18 m";"02-07-2020";"POINT(4.930721,52.342945)";"POINT(52.342945,4.930721)";4.930721;52.342945;
1701;"1555884_d9";"bestreden";"12-15 m";"02-07-2020";"POINT(4.822992,52.387373)";"POINT(52.387373,4.822992)";4.822992;52.387373;
1702;"596192";"bestreden";"6-9 m";"02-07-2020";"POINT(4.967259,52.308576)";"POINT(52.308576,4.967259)";4.967259;52.308576;
1703;"600220";"bestreden";"9-12 m";"02-07-2020";"POINT(4.967893,52.309907)";"POINT(52.309907,4.967893)";4.967893;52.309907;
1704;"1555867";"bestreden";"12-15 m";"02-07-2020";"POINT(4.823312,52.387399)";"POINT(52.387399,4.823312)";4.823312;52.387399;
1705;"449801";"bestreden";"18-24 m";"02-07-2020";"POINT(4.927888,52.342311)";"POINT(52.342311,4.927888)";4.927888;52.342311;
1706;"1555891";"bestreden";"12-15 m";"02-07-2020";"POINT(4.822548,52.387422)";"POINT(52.387422,4.822548)";4.822548;52.387422;
1707;"667504_d1";"bestreden";"12-15 m";"02-07-2020";"POINT(4.823885,52.387413)";"POINT(52.387413,4.823885)";4.823885;52.387413;
1708;"457131";"bestreden";"9-12 m";"02-07-2020";"POINT(4.924134,52.332428)";"POINT(52.332428,4.924134)";4.924134;52.332428;
1709;"1554900";"bestreden";"12-15 m";"02-07-2020";"POINT(4.828352,52.386443)";"POINT(52.386443,4.828352)";4.828352;52.386443;
1710;"1554901";"bestreden";"12-15 m";"02-07-2020";"POINT(4.828338,52.386519)";"POINT(52.386519,4.828338)";4.828338;52.386519;
1711;"457132";"bestreden";"9-12 m";"02-07-2020";"POINT(4.924062,52.332498)";"POINT(52.332498,4.924062)";4.924062;52.332498;
1712;"1554902";"bestreden";"12-15 m";"02-07-2020";"POINT(4.828337,52.386586)";"POINT(52.386586,4.828337)";4.828337;52.386586;
1713;"1555808";"bestreden";"12-15 m";"02-07-2020";"POINT(4.828299,52.387078)";"POINT(52.387078,4.828299)";4.828299;52.387078;
1714;"1555786";"bestreden";"12-15 m";"02-07-2020";"POINT(4.82837,52.387353)";"POINT(52.387353,4.82837)";4.82837;52.387353;
1715;"66826901";"bestreden";"12-15 m";"02-07-2020";"POINT(4.827573,52.38743)";"POINT(52.38743,4.827573)";4.827573;52.38743;
1716;"1555805";"bestreden";"12-15 m";"02-07-2020";"POINT(4.828301,52.3868)";"POINT(52.3868,4.828301)";4.828301;52.3868;
1717;"66826906";"bestreden";"12-15 m";"02-07-2020";"POINT(4.828113,52.38741)";"POINT(52.38741,4.828113)";4.828113;52.38741;
1718;"66826905";"bestreden";"12-15 m";"02-07-2020";"POINT(4.828001,52.387426)";"POINT(52.387426,4.828001)";4.828001;52.387426;
1719;"66826900";"bestreden";"12-15 m";"02-07-2020";"POINT(4.827407,52.387439)";"POINT(52.387439,4.827407)";4.827407;52.387439;
1720;"1555784";"bestreden";"12-15 m";"02-07-2020";"POINT(4.828329,52.387154)";"POINT(52.387154,4.828329)";4.828329;52.387154;
1721;"AMBO91672";"bestreden";"18-24 m";"02-07-2020";"POINT(4.822668,52.293038)";"POINT(52.293038,4.822668)";4.822668;52.293038;
1722;"1555785";"bestreden";"12-15 m";"02-07-2020";"POINT(4.828363,52.387232)";"POINT(52.387232,4.828363)";4.828363;52.387232;
1723;"66826903";"bestreden";"12-15 m";"02-07-2020";"POINT(4.827808,52.387441)";"POINT(52.387441,4.827808)";4.827808;52.387441;
1724;"546856";"bestreden";"12-15 m";"02-07-2020";"POINT(4.988145,52.321171)";"POINT(52.321171,4.988145)";4.988145;52.321171;
1725;"1555846_d8";"bestreden";"12-15 m";"02-07-2020";"POINT(4.826374,52.387434)";"POINT(52.387434,4.826374)";4.826374;52.387434;
1726;"T92443";"bestreden";"18-24 m";"02-07-2020";"POINT(4.959732,52.3075)";"POINT(52.3075,4.959732)";4.959732;52.3075;
1727;"1555839";"bestreden";"12-15 m";"02-07-2020";"POINT(4.826009,52.387418)";"POINT(52.387418,4.826009)";4.826009;52.387418;
1728;"538592";"bestreden";"12-15 m";"02-07-2020";"POINT(4.957752,52.309436)";"POINT(52.309436,4.957752)";4.957752;52.309436;
1729;"668150";"bestreden";"18-24 m";"02-07-2020";"POINT(4.822349,52.292927)";"POINT(52.292927,4.822349)";4.822349;52.292927;
1730;"668148_d56";"bestreden";"18-24 m";"02-07-2020";"POINT(4.822187,52.292877)";"POINT(52.292877,4.822187)";4.822187;52.292877;
1731;"474097";"bestreden";"6-9 m";"11-06-2020";"POINT(4.936118,52.407166)";"POINT(52.407166,4.936118)";4.936118;52.407166;
1732;"6682321";"bestreden";"18-24 m";"02-07-2020";"POINT(4.825445,52.32188)";"POINT(52.32188,4.825445)";4.825445;52.32188;
1733;"_N_142750478000_d24";"bestreden";"18-24 m";"02-07-2020";"POINT(4.827922,52.305503)";"POINT(52.305503,4.827922)";4.827922;52.305503;
1734;"6682235";"bestreden";"18-24 m";"02-07-2020";"POINT(4.825454,52.321527)";"POINT(52.321527,4.825454)";4.825454;52.321527;
1735;"66826831";"bestreden";"15-18 m";"02-07-2020";"POINT(4.78368,52.376629)";"POINT(52.376629,4.78368)";4.78368;52.376629;
1736;"668168";"bestreden";"15-18 m";"02-07-2020";"POINT(4.783905,52.37662)";"POINT(52.37662,4.783905)";4.783905;52.37662;
1737;"668167";"bestreden";"15-18 m";"02-07-2020";"POINT(4.783994,52.376619)";"POINT(52.376619,4.783994)";4.783994;52.376619;
1738;"T69124";"bestreden";"15-18 m";"02-07-2020";"POINT(4.9634,52.314241)";"POINT(52.314241,4.9634)";4.9634;52.314241;
1739;"66826971";"bestreden";">24 m";"02-07-2020";"POINT(4.824878,52.30665)";"POINT(52.30665,4.824878)";4.824878;52.30665;
1740;"538393";"bestreden";"18-24 m";"02-07-2020";"POINT(4.954053,52.311559)";"POINT(52.311559,4.954053)";4.954053;52.311559;
1741;"668159";"bestreden";"15-18 m";"02-07-2020";"POINT(4.78495,52.376631)";"POINT(52.376631,4.78495)";4.78495;52.376631;
1742;"668157";"bestreden";"15-18 m";"02-07-2020";"POINT(4.785068,52.376635)";"POINT(52.376635,4.785068)";4.785068;52.376635;
1743;"66826828";"bestreden";"15-18 m";"02-07-2020";"POINT(4.78557,52.376701)";"POINT(52.376701,4.78557)";4.78557;52.376701;
1744;"66826827";"bestreden";"15-18 m";"02-07-2020";"POINT(4.785798,52.376689)";"POINT(52.376689,4.785798)";4.785798;52.376689;
1745;"66826826";"bestreden";"15-18 m";"02-07-2020";"POINT(4.78598,52.376703)";"POINT(52.376703,4.78598)";4.78598;52.376703;
1746;"66826820";"bestreden";"15-18 m";"02-07-2020";"POINT(4.786395,52.376669)";"POINT(52.376669,4.786395)";4.786395;52.376669;
1747;"6682140_d7";"bestreden";">24 m";"02-07-2020";"POINT(4.818957,52.314664)";"POINT(52.314664,4.818957)";4.818957;52.314664;
1748;"66826818";"bestreden";"15-18 m";"02-07-2020";"POINT(4.786599,52.376672)";"POINT(52.376672,4.786599)";4.786599;52.376672;
1749;"538928";"bestreden";"18-24 m";"02-07-2020";"POINT(4.95463,52.311028)";"POINT(52.311028,4.95463)";4.95463;52.311028;
1750;"450606";"bestreden";"9-12 m";"02-07-2020";"POINT(4.940963,52.338295)";"POINT(52.338295,4.940963)";4.940963;52.338295;
1751;"450605";"bestreden";"6-9 m";"02-07-2020";"POINT(4.941079,52.338252)";"POINT(52.338252,4.941079)";4.941079;52.338252;
1752;"600246";"bestreden";"6-9 m";"02-07-2020";"POINT(4.962486,52.310243)";"POINT(52.310243,4.962486)";4.962486;52.310243;
1753;"596207";"bestreden";"12-15 m";"02-07-2020";"POINT(4.964174,52.308858)";"POINT(52.308858,4.964174)";4.964174;52.308858;
1754;"596098";"bestreden";"";"02-07-2020";"POINT(4.964094,52.307543)";"POINT(52.307543,4.964094)";4.964094;52.307543;
1755;"596087";"bestreden";"6-9 m";"02-07-2020";"POINT(4.964257,52.307708)";"POINT(52.307708,4.964257)";4.964257;52.307708;
1756;"6682267";"bestreden";"12-15 m";"02-07-2020";"POINT(4.822306,52.386691)";"POINT(52.386691,4.822306)";4.822306;52.386691;
1757;"1555894";"bestreden";"12-15 m";"02-07-2020";"POINT(4.822436,52.38743)";"POINT(52.38743,4.822436)";4.822436;52.38743;
1758;"1555882";"bestreden";"12-15 m";"02-07-2020";"POINT(4.822782,52.387384)";"POINT(52.387384,4.822782)";4.822782;52.387384;
1759;"600286";"bestreden";"0-6 m";"02-07-2020";"POINT(4.966768,52.309298)";"POINT(52.309298,4.966768)";4.966768;52.309298;
1760;"596193";"bestreden";"6-9 m";"02-07-2020";"POINT(4.967176,52.308601)";"POINT(52.308601,4.967176)";4.967176;52.308601;
1761;"600215";"bestreden";"6-9 m";"02-07-2020";"POINT(4.967559,52.310003)";"POINT(52.310003,4.967559)";4.967559;52.310003;
1762;"1555887";"bestreden";"12-15 m";"02-07-2020";"POINT(4.823048,52.387388)";"POINT(52.387388,4.823048)";4.823048;52.387388;
1763;"NT903625";"bestreden";"6-9 m";"02-07-2020";"POINT(4.966501,52.31136)";"POINT(52.31136,4.966501)";4.966501;52.31136;
1764;"1555868";"bestreden";"12-15 m";"02-07-2020";"POINT(4.82328,52.387399)";"POINT(52.387399,4.82328)";4.82328;52.387399;
1765;"6682270";"bestreden";"12-15 m";"02-07-2020";"POINT(4.823385,52.387418)";"POINT(52.387418,4.823385)";4.823385;52.387418;
1766;"449780";"bestreden";"9-12 m";"02-07-2020";"POINT(4.925507,52.344947)";"POINT(52.344947,4.925507)";4.925507;52.344947;
1767;"66826991";"bestreden";">24 m";"02-07-2020";"POINT(4.822369,52.307147)";"POINT(52.307147,4.822369)";4.822369;52.307147;
1768;"1555814";"bestreden";"12-15 m";"02-07-2020";"POINT(4.828279,52.387345)";"POINT(52.387345,4.828279)";4.828279;52.387345;
1769;"66826907";"bestreden";"12-15 m";"02-07-2020";"POINT(4.828262,52.387419)";"POINT(52.387419,4.828262)";4.828262;52.387419;
1770;"66826902";"bestreden";"12-15 m";"02-07-2020";"POINT(4.827701,52.387425)";"POINT(52.387425,4.827701)";4.827701;52.387425;
1771;"@093348514000";"bestreden";"15-18 m";"02-07-2020";"POINT(4.822597,52.293013)";"POINT(52.293013,4.822597)";4.822597;52.293013;
1772;"1555831";"bestreden";"12-15 m";"02-07-2020";"POINT(4.828269,52.387003)";"POINT(52.387003,4.828269)";4.828269;52.387003;
1773;"539553";"bestreden";"15-18 m";"02-07-2020";"POINT(4.958444,52.306089)";"POINT(52.306089,4.958444)";4.958444;52.306089;
1774;"66826904";"bestreden";"12-15 m";"02-07-2020";"POINT(4.827942,52.387436)";"POINT(52.387436,4.827942)";4.827942;52.387436;
1775;"66826899";"bestreden";"12-15 m";"02-07-2020";"POINT(4.827048,52.387457)";"POINT(52.387457,4.827048)";4.827048;52.387457;
1776;"1555817_d4";"bestreden";"12-15 m";"02-07-2020";"POINT(4.826718,52.387466)";"POINT(52.387466,4.826718)";4.826718;52.387466;
1777;"668147";"bestreden";"18-24 m";"02-07-2020";"POINT(4.822546,52.292996)";"POINT(52.292996,4.822546)";4.822546;52.292996;
1778;"546844";"bestreden";"12-15 m";"02-07-2020";"POINT(4.988761,52.320843)";"POINT(52.320843,4.988761)";4.988761;52.320843;
1779;"667398_d55";"bestreden";"18-24 m";"02-07-2020";"POINT(4.822036,52.292838)";"POINT(52.292838,4.822036)";4.822036;52.292838;
1780;"474093";"bestreden";"6-9 m";"11-06-2020";"POINT(4.935539,52.407565)";"POINT(52.407565,4.935539)";4.935539;52.407565;
1781;"548899";"bestreden";"12-15 m";"11-06-2020";"POINT(4.957156,52.296713)";"POINT(52.296713,4.957156)";4.957156;52.296713;
1782;"474089";"bestreden";"0-6 m";"11-06-2020";"POINT(4.935446,52.407618)";"POINT(52.407618,4.935446)";4.935446;52.407618;
1783;"548890";"bestreden";"9-12 m";"11-06-2020";"POINT(4.956651,52.296708)";"POINT(52.296708,4.956651)";4.956651;52.296708;
1784;"548891";"bestreden";"9-12 m";"11-06-2020";"POINT(4.956778,52.296735)";"POINT(52.296735,4.956778)";4.956778;52.296735;
1785;"467952";"bestreden";"12-15 m";"11-06-2020";"POINT(4.951071,52.399653)";"POINT(52.399653,4.951071)";4.951071;52.399653;
1786;"667887_d1";"bestreden";"18-24 m";"11-06-2020";"POINT(4.824543,52.319539)";"POINT(52.319539,4.824543)";4.824543;52.319539;
1787;"430740";"bestreden";"15-18 m";"11-06-2020";"POINT(4.950132,52.399936)";"POINT(52.399936,4.950132)";4.950132;52.399936;
1788;"548896";"bestreden";"12-15 m";"11-06-2020";"POINT(4.957688,52.296882)";"POINT(52.296882,4.957688)";4.957688;52.296882;
1789;"548897";"bestreden";"9-12 m";"11-06-2020";"POINT(4.957839,52.296883)";"POINT(52.296883,4.957839)";4.957839;52.296883;
1790;"435630";"bestreden";"12-15 m";"11-06-2020";"POINT(4.946961,52.397644)";"POINT(52.397644,4.946961)";4.946961;52.397644;
1791;"187851";"bestreden";"15-18 m";"11-06-2020";"POINT(4.946409,52.397526)";"POINT(52.397526,4.946409)";4.946409;52.397526;
1792;"548864";"bestreden";"12-15 m";"11-06-2020";"POINT(4.958198,52.297101)";"POINT(52.297101,4.958198)";4.958198;52.297101;
1793;"T92493";"bestreden";"12-15 m";"11-06-2020";"POINT(4.960103,52.296804)";"POINT(52.296804,4.960103)";4.960103;52.296804;
1794;"_N_152237285000";"bestreden";"15-18 m";"11-06-2020";"POINT(4.960207,52.296267)";"POINT(52.296267,4.960207)";4.960207;52.296267;
1795;"549183";"bestreden";"12-15 m";"11-06-2020";"POINT(4.964463,52.292062)";"POINT(52.292062,4.964463)";4.964463;52.292062;
1796;"435822";"bestreden";"9-12 m";"11-06-2020";"POINT(4.94412,52.396826)";"POINT(52.396826,4.94412)";4.94412;52.396826;
1797;"435825";"bestreden";"15-18 m";"11-06-2020";"POINT(4.943683,52.396462)";"POINT(52.396462,4.943683)";4.943683;52.396462;
1798;"428408";"bestreden";"12-15 m";"11-06-2020";"POINT(4.942287,52.395561)";"POINT(52.395561,4.942287)";4.942287;52.395561;
1799;"66826610";"bestreden";"18-24 m";"11-06-2020";"POINT(4.826787,52.317824)";"POINT(52.317824,4.826787)";4.826787;52.317824;
1800;"66826612";"bestreden";"18-24 m";"11-06-2020";"POINT(4.827062,52.317852)";"POINT(52.317852,4.827062)";4.827062;52.317852;
1801;"NAMBO145539";"bestreden";"18-24 m";"11-06-2020";"POINT(4.828799,52.318905)";"POINT(52.318905,4.828799)";4.828799;52.318905;
1802;"66826611";"bestreden";"18-24 m";"11-06-2020";"POINT(4.826939,52.317836)";"POINT(52.317836,4.826939)";4.826939;52.317836;
1803;"AMBO4776";"bestreden";"18-24 m";"11-06-2020";"POINT(4.826647,52.31763)";"POINT(52.31763,4.826647)";4.826647;52.31763;
1804;"AMBO4789";"bestreden";"15-18 m";"11-06-2020";"POINT(4.827528,52.317773)";"POINT(52.317773,4.827528)";4.827528;52.317773;
1805;"667895";"bestreden";"18-24 m";"11-06-2020";"POINT(4.827148,52.317815)";"POINT(52.317815,4.827148)";4.827148;52.317815;
1806;"548901";"bestreden";"12-15 m";"11-06-2020";"POINT(4.956537,52.296473)";"POINT(52.296473,4.956537)";4.956537;52.296473;
1807;"601963";"bestreden";"";"11-06-2020";"POINT(4.956758,52.296555)";"POINT(52.296555,4.956758)";4.956758;52.296555;
1808;"423018";"bestreden";"6-9 m";"11-06-2020";"POINT(4.93567,52.407374)";"POINT(52.407374,4.93567)";4.93567;52.407374;
1809;"601962";"bestreden";"15-18 m";"11-06-2020";"POINT(4.956811,52.296615)";"POINT(52.296615,4.956811)";4.956811;52.296615;
1810;"423019";"bestreden";"6-9 m";"11-06-2020";"POINT(4.935506,52.407452)";"POINT(52.407452,4.935506)";4.935506;52.407452;
1811;"548898";"bestreden";"9-12 m";"11-06-2020";"POINT(4.956916,52.296687)";"POINT(52.296687,4.956916)";4.956916;52.296687;
1812;"474113";"bestreden";"6-9 m";"11-06-2020";"POINT(4.936098,52.407334)";"POINT(52.407334,4.936098)";4.936098;52.407334;
1813;"474105";"bestreden";"6-9 m";"11-06-2020";"POINT(4.936225,52.407337)";"POINT(52.407337,4.936225)";4.936225;52.407337;
1814;"474102";"bestreden";"6-9 m";"11-06-2020";"POINT(4.936039,52.407398)";"POINT(52.407398,4.936039)";4.936039;52.407398;
1815;"474101";"bestreden";"6-9 m";"11-06-2020";"POINT(4.935884,52.407465)";"POINT(52.407465,4.935884)";4.935884;52.407465;
1816;"66826780";"bestreden";"6-9 m";"11-06-2020";"POINT(4.935814,52.407496)";"POINT(52.407496,4.935814)";4.935814;52.407496;
1817;"548900";"bestreden";"";"11-06-2020";"POINT(4.956945,52.296622)";"POINT(52.296622,4.956945)";4.956945;52.296622;
1818;"474090";"bestreden";"0-6 m";"11-06-2020";"POINT(4.935317,52.407666)";"POINT(52.407666,4.935317)";4.935317;52.407666;
1819;"463667";"bestreden";"9-12 m";"11-06-2020";"POINT(4.950678,52.399702)";"POINT(52.399702,4.950678)";4.950678;52.399702;
1820;"430739";"bestreden";"15-18 m";"11-06-2020";"POINT(4.950042,52.399971)";"POINT(52.399971,4.950042)";4.950042;52.399971;
1821;"T92487";"bestreden";"9-12 m";"11-06-2020";"POINT(4.957149,52.296751)";"POINT(52.296751,4.957149)";4.957149;52.296751;
1822;"435867";"bestreden";"9-12 m";"11-06-2020";"POINT(4.946893,52.397687)";"POINT(52.397687,4.946893)";4.946893;52.397687;
1823;"399616";"bestreden";"12-15 m";"11-06-2020";"POINT(4.947046,52.397596)";"POINT(52.397596,4.947046)";4.947046;52.397596;
1824;"667398";"bestreden";"12-15 m";"11-06-2020";"POINT(4.956534,52.296509)";"POINT(52.296509,4.956534)";4.956534;52.296509;
1825;"549174";"bestreden";"9-12 m";"11-06-2020";"POINT(4.965143,52.291075)";"POINT(52.291075,4.965143)";4.965143;52.291075;
1826;"549182";"bestreden";"12-15 m";"11-06-2020";"POINT(4.964414,52.292109)";"POINT(52.292109,4.964414)";4.964414;52.292109;
1827;"436063";"bestreden";"15-18 m";"11-06-2020";"POINT(4.944778,52.397021)";"POINT(52.397021,4.944778)";4.944778;52.397021;
1828;"435659";"bestreden";"15-18 m";"11-06-2020";"POINT(4.94459,52.397106)";"POINT(52.397106,4.94459)";4.94459;52.397106;
1829;"T92485";"bestreden";"9-12 m";"11-06-2020";"POINT(4.953221,52.295577)";"POINT(52.295577,4.953221)";4.953221;52.295577;
1830;"549176";"bestreden";"9-12 m";"11-06-2020";"POINT(4.964918,52.291328)";"POINT(52.291328,4.964918)";4.964918;52.291328;
1831;"AMBO47102";"bestreden";"18-24 m";"11-06-2020";"POINT(4.828757,52.319052)";"POINT(52.319052,4.828757)";4.828757;52.319052;
1832;"66826608";"bestreden";"18-24 m";"11-06-2020";"POINT(4.826603,52.317724)";"POINT(52.317724,4.826603)";4.826603;52.317724;
1833;"AMBO4771_d7";"bestreden";">24 m";"11-06-2020";"POINT(4.826511,52.317618)";"POINT(52.317618,4.826511)";4.826511;52.317618;
1834;"66826609";"bestreden";"18-24 m";"11-06-2020";"POINT(4.826695,52.317809)";"POINT(52.317809,4.826695)";4.826695;52.317809;
1835;"AMBO4781";"bestreden";"18-24 m";"11-06-2020";"POINT(4.826832,52.317639)";"POINT(52.317639,4.826832)";4.826832;52.317639;
1836;"AMBO4782";"bestreden";"18-24 m";"11-06-2020";"POINT(4.827487,52.317819)";"POINT(52.317819,4.827487)";4.827487;52.317819;
1837;"AMBO4765";"bestreden";"18-24 m";"11-06-2020";"POINT(4.826614,52.317788)";"POINT(52.317788,4.826614)";4.826614;52.317788;
1838;"667899_d0";"bestreden";"18-24 m";"11-06-2020";"POINT(4.826712,52.317733)";"POINT(52.317733,4.826712)";4.826712;52.317733;
1839;"AMBO4777";"bestreden";"15-18 m";"11-06-2020";"POINT(4.827399,52.317797)";"POINT(52.317797,4.827399)";4.827399;52.317797;
1840;"66826613";"bestreden";"18-24 m";"11-06-2020";"POINT(4.827149,52.317863)";"POINT(52.317863,4.827149)";4.827149;52.317863;
1841;"AMBO4774_d5";"bestreden";"18-24 m";"11-06-2020";"POINT(4.826876,52.317766)";"POINT(52.317766,4.826876)";4.826876;52.317766;
1842;"667894_d4";"bestreden";"18-24 m";"11-06-2020";"POINT(4.827006,52.317791)";"POINT(52.317791,4.827006)";4.827006;52.317791;
1843;"453850";"bestreden";"15-18 m";"12-06-2020";"POINT(4.922543,52.359604)";"POINT(52.359604,4.922543)";4.922543;52.359604;
1844;"447063";"bestreden";"9-12 m";"12-06-2020";"POINT(4.924343,52.360615)";"POINT(52.360615,4.924343)";4.924343;52.360615;
1845;"454620";"bestreden";"9-12 m";"12-06-2020";"POINT(4.923657,52.360649)";"POINT(52.360649,4.923657)";4.923657;52.360649;
1846;"447064";"bestreden";"9-12 m";"12-06-2020";"POINT(4.924337,52.360578)";"POINT(52.360578,4.924337)";4.924337;52.360578;
1847;"509735";"bestreden";"12-15 m";"12-06-2020";"POINT(4.870589,52.357353)";"POINT(52.357353,4.870589)";4.870589;52.357353;
1848;"591711";"bestreden";"9-12 m";"12-06-2020";"POINT(4.871736,52.358219)";"POINT(52.358219,4.871736)";4.871736;52.358219;
1849;"1548174";"bestreden";"18-24 m";"12-06-2020";"POINT(4.938634,52.354099)";"POINT(52.354099,4.938634)";4.938634;52.354099;
1850;"519414";"bestreden";"12-15 m";"12-06-2020";"POINT(4.870464,52.359896)";"POINT(52.359896,4.870464)";4.870464;52.359896;
1851;"466834";"bestreden";"15-18 m";"12-06-2020";"POINT(4.920578,52.409513)";"POINT(52.409513,4.920578)";4.920578;52.409513;
1852;"66826607";"bestreden";"15-18 m";"12-06-2020";"POINT(4.827737,52.317759)";"POINT(52.317759,4.827737)";4.827737;52.317759;
1853;"668174";"bestreden";"15-18 m";"12-06-2020";"POINT(4.827594,52.317716)";"POINT(52.317716,4.827594)";4.827594;52.317716;
1854;"515733";"bestreden";"18-24 m";"12-06-2020";"POINT(4.874172,52.329544)";"POINT(52.329544,4.874172)";4.874172;52.329544;
1855;"NAMBO145491";"bestreden";"9-12 m";"12-06-2020";"POINT(4.851024,52.319904)";"POINT(52.319904,4.851024)";4.851024;52.319904;
1856;"465577";"bestreden";"15-18 m";"12-06-2020";"POINT(4.916301,52.390316)";"POINT(52.390316,4.916301)";4.916301;52.390316;
1857;"429768";"bestreden";"15-18 m";"12-06-2020";"POINT(4.91649,52.390226)";"POINT(52.390226,4.91649)";4.91649;52.390226;
1858;"404932";"bestreden";"18-24 m";"12-06-2020";"POINT(4.919975,52.408315)";"POINT(52.408315,4.919975)";4.919975;52.408315;
1859;"557602";"bestreden";"12-15 m";"15-06-2020";"POINT(4.995227,52.295618)";"POINT(52.295618,4.995227)";4.995227;52.295618;
1860;"557590";"bestreden";"9-12 m";"15-06-2020";"POINT(4.995229,52.295223)";"POINT(52.295223,4.995229)";4.995229;52.295223;
1861;"66826785";"Geen";"9-12 m";"24-06-2020";"POINT(4.816631,52.385698)";"POINT(52.385698,4.816631)";4.816631;52.385698;
1862;"008NWJBU";"Geen";"12-15 m";"24-06-2020";"POINT(4.810396,52.385765)";"POINT(52.385765,4.810396)";4.810396;52.385765;
1863;"397643";"Geen";"12-15 m";"24-06-2020";"POINT(4.892268,52.416735)";"POINT(52.416735,4.892268)";4.892268;52.416735;
1864;"@123610014000";"Geen";"9-12 m";"24-06-2020";"POINT(4.771839,52.385607)";"POINT(52.385607,4.771839)";4.771839;52.385607;
1865;"66826993";"Geen";"9-12 m";"24-06-2020";"POINT(4.7743,52.361367)";"POINT(52.361367,4.7743)";4.7743;52.361367;
1866;"667076";"Geen";"9-12 m";"24-06-2020";"POINT(4.774426,52.35803)";"POINT(52.35803,4.774426)";4.774426;52.35803;
1867;"667513";"Geen";"9-12 m";"24-06-2020";"POINT(4.776672,52.358201)";"POINT(52.358201,4.776672)";4.776672;52.358201;
1868;"667099_d17";"Geen";"9-12 m";"24-06-2020";"POINT(4.775995,52.359479)";"POINT(52.359479,4.775995)";4.775995;52.359479;
1869;"667523";"Geen";"9-12 m";"24-06-2020";"POINT(4.774821,52.358934)";"POINT(52.358934,4.774821)";4.774821;52.358934;
1870;"667524";"Geen";"9-12 m";"24-06-2020";"POINT(4.774772,52.357906)";"POINT(52.357906,4.774772)";4.774772;52.357906;
1871;"667525";"Geen";"9-12 m";"24-06-2020";"POINT(4.77104,52.359708)";"POINT(52.359708,4.77104)";4.77104;52.359708;
1872;"667526";"Geen";"9-12 m";"24-06-2020";"POINT(4.771216,52.359621)";"POINT(52.359621,4.771216)";4.771216;52.359621;
1873;"667100_d18";"Geen";"9-12 m";"24-06-2020";"POINT(4.776305,52.359358)";"POINT(52.359358,4.776305)";4.776305;52.359358;
1874;"667089_d19";"Geen";"15-18 m";"24-06-2020";"POINT(4.774108,52.358476)";"POINT(52.358476,4.774108)";4.774108;52.358476;
1875;"667097";"Geen";"9-12 m";"24-06-2020";"POINT(4.77466,52.359127)";"POINT(52.359127,4.77466)";4.77466;52.359127;
1876;"667098_d20";"Geen";"9-12 m";"24-06-2020";"POINT(4.775385,52.359758)";"POINT(52.359758,4.775385)";4.775385;52.359758;
1877;"6682593";"Geen";"9-12 m";"24-06-2020";"POINT(4.775045,52.358928)";"POINT(52.358928,4.775045)";4.775045;52.358928;
1878;"6682594";"Geen";"9-12 m";"24-06-2020";"POINT(4.774972,52.358967)";"POINT(52.358967,4.774972)";4.774972;52.358967;
1879;"667095";"Geen";"9-12 m";"24-06-2020";"POINT(4.773416,52.361554)";"POINT(52.361554,4.773416)";4.773416;52.361554;
1880;"667078";"Geen";"9-12 m";"24-06-2020";"POINT(4.77311,52.358618)";"POINT(52.358618,4.77311)";4.77311;52.358618;
1881;"667090";"Geen";"9-12 m";"24-06-2020";"POINT(4.774521,52.358571)";"POINT(52.358571,4.774521)";4.774521;52.358571;
1882;"667091_d21";"Geen";"9-12 m";"24-06-2020";"POINT(4.774188,52.358486)";"POINT(52.358486,4.774188)";4.774188;52.358486;
1883;"667518";"Geen";"9-12 m";"24-06-2020";"POINT(4.773805,52.360441)";"POINT(52.360441,4.773805)";4.773805;52.360441;
1884;"6682628";"Geen";"9-12 m";"24-06-2020";"POINT(4.772058,52.358525)";"POINT(52.358525,4.772058)";4.772058;52.358525;
1885;"6682631";"Geen";"9-12 m";"24-06-2020";"POINT(4.771947,52.358719)";"POINT(52.358719,4.771947)";4.771947;52.358719;
1886;"6682642";"Geen";"9-12 m";"24-06-2020";"POINT(4.775186,52.3613)";"POINT(52.3613,4.775186)";4.775186;52.3613;
1887;"6682645";"Geen";"9-12 m";"24-06-2020";"POINT(4.775057,52.360989)";"POINT(52.360989,4.775057)";4.775057;52.360989;
1888;"6682634";"Geen";"9-12 m";"24-06-2020";"POINT(4.771702,52.361691)";"POINT(52.361691,4.771702)";4.771702;52.361691;
1889;"6682635";"Geen";"9-12 m";"24-06-2020";"POINT(4.771386,52.36183)";"POINT(52.36183,4.771386)";4.771386;52.36183;
1890;"6682633";"Geen";"9-12 m";"24-06-2020";"POINT(4.771598,52.36134)";"POINT(52.36134,4.771598)";4.771598;52.36134;
1891;"667093";"Geen";"9-12 m";"24-06-2020";"POINT(4.771511,52.361086)";"POINT(52.361086,4.771511)";4.771511;52.361086;
1892;"667082";"Geen";"9-12 m";"24-06-2020";"POINT(4.770611,52.359858)";"POINT(52.359858,4.770611)";4.770611;52.359858;
1893;"667086";"Geen";"9-12 m";"24-06-2020";"POINT(4.774218,52.358237)";"POINT(52.358237,4.774218)";4.774218;52.358237;
1894;"66826939";"Geen";"9-12 m";"24-06-2020";"POINT(4.778116,52.359559)";"POINT(52.359559,4.778116)";4.778116;52.359559;
1895;"66826940";"Geen";"9-12 m";"24-06-2020";"POINT(4.775718,52.359635)";"POINT(52.359635,4.775718)";4.775718;52.359635;
1896;"66826941";"Geen";"9-12 m";"24-06-2020";"POINT(4.77511,52.358915)";"POINT(52.358915,4.77511)";4.77511;52.358915;
1897;"66826942";"Geen";"9-12 m";"24-06-2020";"POINT(4.775178,52.35888)";"POINT(52.35888,4.775178)";4.775178;52.35888;
1898;"66826943";"Geen";"9-12 m";"24-06-2020";"POINT(4.77523,52.358855)";"POINT(52.358855,4.77523)";4.77523;52.358855;
1899;"66826944";"Geen";"9-12 m";"24-06-2020";"POINT(4.775036,52.358897)";"POINT(52.358897,4.775036)";4.775036;52.358897;
1900;"66826945";"Geen";"9-12 m";"24-06-2020";"POINT(4.774773,52.359075)";"POINT(52.359075,4.774773)";4.774773;52.359075;
1901;"66826946";"Geen";"9-12 m";"24-06-2020";"POINT(4.774535,52.35811)";"POINT(52.35811,4.774535)";4.774535;52.35811;
1902;"66826947";"Geen";"9-12 m";"24-06-2020";"POINT(4.774347,52.358185)";"POINT(52.358185,4.774347)";4.774347;52.358185;
1903;"66826948";"Geen";"9-12 m";"24-06-2020";"POINT(4.773426,52.358605)";"POINT(52.358605,4.773426)";4.773426;52.358605;
1904;"66826949";"Geen";"9-12 m";"24-06-2020";"POINT(4.773451,52.358482)";"POINT(52.358482,4.773451)";4.773451;52.358482;
1905;"66826950";"Geen";"9-12 m";"24-06-2020";"POINT(4.774416,52.35832)";"POINT(52.35832,4.774416)";4.774416;52.35832;
1906;"66826951";"Geen";"9-12 m";"24-06-2020";"POINT(4.774483,52.358205)";"POINT(52.358205,4.774483)";4.774483;52.358205;
1907;"66826952";"Geen";"9-12 m";"24-06-2020";"POINT(4.774477,52.358583)";"POINT(52.358583,4.774477)";4.774477;52.358583;
1908;"66826953";"Geen";"9-12 m";"24-06-2020";"POINT(4.773855,52.358699)";"POINT(52.358699,4.773855)";4.773855;52.358699;
1909;"66826954";"Geen";"9-12 m";"24-06-2020";"POINT(4.773944,52.358603)";"POINT(52.358603,4.773944)";4.773944;52.358603;
1910;"66826955";"Geen";"9-12 m";"24-06-2020";"POINT(4.773964,52.358664)";"POINT(52.358664,4.773964)";4.773964;52.358664;
1911;"66826956";"Geen";"9-12 m";"24-06-2020";"POINT(4.774027,52.358639)";"POINT(52.358639,4.774027)";4.774027;52.358639;
1912;"66826957";"Geen";"9-12 m";"24-06-2020";"POINT(4.77406,52.358662)";"POINT(52.358662,4.77406)";4.77406;52.358662;
1913;"66826958";"Geen";"9-12 m";"24-06-2020";"POINT(4.77412,52.358805)";"POINT(52.358805,4.77412)";4.77412;52.358805;
1914;"66826959";"Geen";"9-12 m";"24-06-2020";"POINT(4.774011,52.358876)";"POINT(52.358876,4.774011)";4.774011;52.358876;
1915;"66826960";"Geen";"9-12 m";"24-06-2020";"POINT(4.773465,52.35881)";"POINT(52.35881,4.773465)";4.773465;52.35881;
1916;"66826961";"Geen";"9-12 m";"24-06-2020";"POINT(4.773318,52.358845)";"POINT(52.358845,4.773318)";4.773318;52.358845;
1917;"66826962";"Geen";"9-12 m";"24-06-2020";"POINT(4.7734,52.358416)";"POINT(52.358416,4.7734)";4.7734;52.358416;
1918;"66826963";"Geen";"9-12 m";"24-06-2020";"POINT(4.772645,52.358919)";"POINT(52.358919,4.772645)";4.772645;52.358919;
1919;"66826964";"Geen";"9-12 m";"24-06-2020";"POINT(4.772407,52.359024)";"POINT(52.359024,4.772407)";4.772407;52.359024;
1920;"66826965";"Geen";"9-12 m";"24-06-2020";"POINT(4.772291,52.359087)";"POINT(52.359087,4.772291)";4.772291;52.359087;
1921;"66826966";"Geen";"9-12 m";"24-06-2020";"POINT(4.772138,52.359144)";"POINT(52.359144,4.772138)";4.772138;52.359144;
1922;"66826967";"Geen";"9-12 m";"24-06-2020";"POINT(4.772016,52.359214)";"POINT(52.359214,4.772016)";4.772016;52.359214;
1923;"66826968";"Geen";"9-12 m";"24-06-2020";"POINT(4.772496,52.358886)";"POINT(52.358886,4.772496)";4.772496;52.358886;
1924;"66826969";"Geen";"9-12 m";"24-06-2020";"POINT(4.771741,52.359126)";"POINT(52.359126,4.771741)";4.771741;52.359126;
1925;"66826970";"Geen";"9-12 m";"24-06-2020";"POINT(4.774348,52.358944)";"POINT(52.358944,4.774348)";4.774348;52.358944;
1926;"66826971";"Geen";"9-12 m";"24-06-2020";"POINT(4.772205,52.361534)";"POINT(52.361534,4.772205)";4.772205;52.361534;
1927;"66826972";"Geen";"9-12 m";"24-06-2020";"POINT(4.772138,52.36158)";"POINT(52.36158,4.772138)";4.772138;52.36158;
1928;"66826973";"Geen";"9-12 m";"24-06-2020";"POINT(4.773217,52.361516)";"POINT(52.361516,4.773217)";4.773217;52.361516;
1929;"66826974";"Geen";"9-12 m";"24-06-2020";"POINT(4.773279,52.361567)";"POINT(52.361567,4.773279)";4.773279;52.361567;
1930;"66826975";"Geen";"9-12 m";"24-06-2020";"POINT(4.773268,52.361648)";"POINT(52.361648,4.773268)";4.773268;52.361648;
1931;"66826976";"Geen";"9-12 m";"24-06-2020";"POINT(4.773015,52.361688)";"POINT(52.361688,4.773015)";4.773015;52.361688;
1932;"66826977";"Geen";"9-12 m";"24-06-2020";"POINT(4.772977,52.361781)";"POINT(52.361781,4.772977)";4.772977;52.361781;
1933;"66826978";"Geen";"9-12 m";"24-06-2020";"POINT(4.77357,52.361386)";"POINT(52.361386,4.77357)";4.77357;52.361386;
1934;"66826979";"Geen";"9-12 m";"24-06-2020";"POINT(4.773816,52.361455)";"POINT(52.361455,4.773816)";4.773816;52.361455;
1935;"66826980";"Geen";"9-12 m";"24-06-2020";"POINT(4.774216,52.361707)";"POINT(52.361707,4.774216)";4.774216;52.361707;
1936;"66826981";"Geen";"9-12 m";"24-06-2020";"POINT(4.775118,52.361391)";"POINT(52.361391,4.775118)";4.775118;52.361391;
1937;"66826982";"Geen";"9-12 m";"24-06-2020";"POINT(4.775195,52.361112)";"POINT(52.361112,4.775195)";4.775195;52.361112;
1938;"66826983";"Geen";"9-12 m";"24-06-2020";"POINT(4.775355,52.361334)";"POINT(52.361334,4.775355)";4.775355;52.361334;
1939;"66826984";"Geen";"9-12 m";"24-06-2020";"POINT(4.774967,52.360943)";"POINT(52.360943,4.774967)";4.774967;52.360943;
1940;"66826985";"Geen";"9-12 m";"24-06-2020";"POINT(4.774884,52.360888)";"POINT(52.360888,4.774884)";4.774884;52.360888;
1941;"66826986";"Geen";"9-12 m";"24-06-2020";"POINT(4.774826,52.360849)";"POINT(52.360849,4.774826)";4.774826;52.360849;
1942;"66826987";"Geen";"9-12 m";"24-06-2020";"POINT(4.774743,52.360807)";"POINT(52.360807,4.774743)";4.774743;52.360807;
1943;"66826988";"Geen";"9-12 m";"24-06-2020";"POINT(4.774794,52.36092)";"POINT(52.36092,4.774794)";4.774794;52.36092;
1944;"66826989";"Geen";"9-12 m";"24-06-2020";"POINT(4.77426,52.361213)";"POINT(52.361213,4.77426)";4.77426;52.361213;
1945;"66826990";"Geen";"9-12 m";"24-06-2020";"POINT(4.774544,52.361179)";"POINT(52.361179,4.774544)";4.774544;52.361179;
1946;"66826991";"Geen";"9-12 m";"24-06-2020";"POINT(4.774846,52.361357)";"POINT(52.361357,4.774846)";4.774846;52.361357;
1947;"66826992";"Geen";"9-12 m";"24-06-2020";"POINT(4.774574,52.361275)";"POINT(52.361275,4.774574)";4.774574;52.361275;
1948;"66827017";"Geen";"9-12 m";"24-06-2020";"POINT(4.771408,52.359542)";"POINT(52.359542,4.771408)";4.771408;52.359542;
1949;"66827018";"Geen";"9-12 m";"24-06-2020";"POINT(4.771022,52.359558)";"POINT(52.359558,4.771022)";4.771022;52.359558;
1950;"667085";"Geen";"9-12 m";"24-06-2020";"POINT(4.773964,52.358325)";"POINT(52.358325,4.773964)";4.773964;52.358325;
1951;"667099";"Geen";"9-12 m";"24-06-2020";"POINT(4.774663,52.358878)";"POINT(52.358878,4.774663)";4.774663;52.358878;
1952;"667100";"Geen";"9-12 m";"24-06-2020";"POINT(4.774994,52.358743)";"POINT(52.358743,4.774994)";4.774994;52.358743;
1953;"667089";"Geen";"9-12 m";"24-06-2020";"POINT(4.774154,52.358512)";"POINT(52.358512,4.774154)";4.774154;52.358512;
1954;"667098";"Geen";"9-12 m";"24-06-2020";"POINT(4.774425,52.358984)";"POINT(52.358984,4.774425)";4.774425;52.358984;
1955;"667091";"Geen";"9-12 m";"24-06-2020";"POINT(4.774319,52.358364)";"POINT(52.358364,4.774319)";4.774319;52.358364;
1956;"667084";"Geen";"9-12 m";"24-06-2020";"POINT(4.77192,52.359308)";"POINT(52.359308,4.77192)";4.77192;52.359308;
1957;"667085_d16";"Geen";"9-12 m";"24-06-2020";"POINT(4.774122,52.358279)";"POINT(52.358279,4.774122)";4.774122;52.358279;
1958;"667077";"Geen";"9-12 m";"24-06-2020";"POINT(4.773815,52.358296)";"POINT(52.358296,4.773815)";4.773815;52.358296;
1959;"667514";"Geen";"9-12 m";"24-06-2020";"POINT(4.773448,52.357252)";"POINT(52.357252,4.773448)";4.773448;52.357252;
1960;"667521";"Geen";"9-12 m";"24-06-2020";"POINT(4.771718,52.361231)";"POINT(52.361231,4.771718)";4.771718;52.361231;
1961;"6682595";"Geen";"9-12 m";"24-06-2020";"POINT(4.774893,52.358963)";"POINT(52.358963,4.774893)";4.774893;52.358963;
1962;"6682596";"Geen";"9-12 m";"24-06-2020";"POINT(4.773715,52.358983)";"POINT(52.358983,4.773715)";4.773715;52.358983;
1963;"6682651";"Geen";"9-12 m";"24-06-2020";"POINT(4.775288,52.361386)";"POINT(52.361386,4.775288)";4.775288;52.361386;
1964;"667081";"Geen";"9-12 m";"24-06-2020";"POINT(4.771129,52.359499)";"POINT(52.359499,4.771129)";4.771129;52.359499;
1965;"667096";"Geen";"9-12 m";"24-06-2020";"POINT(4.773778,52.361621)";"POINT(52.361621,4.773778)";4.773778;52.361621;
1966;"667515";"Geen";"9-12 m";"24-06-2020";"POINT(4.772449,52.357069)";"POINT(52.357069,4.772449)";4.772449;52.357069;
1967;"667516";"Geen";"9-12 m";"24-06-2020";"POINT(4.768742,52.359847)";"POINT(52.359847,4.768742)";4.768742;52.359847;
1968;"667517";"Geen";"9-12 m";"24-06-2020";"POINT(4.76966,52.359525)";"POINT(52.359525,4.76966)";4.76966;52.359525;
1969;"667519";"Geen";"9-12 m";"24-06-2020";"POINT(4.774646,52.361239)";"POINT(52.361239,4.774646)";4.774646;52.361239;
1970;"667520";"Geen";"9-12 m";"24-06-2020";"POINT(4.774203,52.361026)";"POINT(52.361026,4.774203)";4.774203;52.361026;
1971;"667522";"Geen";"9-12 m";"24-06-2020";"POINT(4.773745,52.361984)";"POINT(52.361984,4.773745)";4.773745;52.361984;
1972;"667080";"Geen";"9-12 m";"24-06-2020";"POINT(4.772119,52.359059)";"POINT(52.359059,4.772119)";4.772119;52.359059;
1973;"667083";"Geen";"9-12 m";"24-06-2020";"POINT(4.770735,52.359801)";"POINT(52.359801,4.770735)";4.770735;52.359801;
1974;"667094";"Geen";"9-12 m";"24-06-2020";"POINT(4.771338,52.360935)";"POINT(52.360935,4.771338)";4.771338;52.360935;
1975;"6682607";"Geen";"9-12 m";"24-06-2020";"POINT(4.773464,52.358384)";"POINT(52.358384,4.773464)";4.773464;52.358384;
1976;"6682608";"Geen";"9-12 m";"24-06-2020";"POINT(4.773417,52.35721)";"POINT(52.35721,4.773417)";4.773417;52.35721;
1977;"6682609";"Geen";"9-12 m";"24-06-2020";"POINT(4.773262,52.356977)";"POINT(52.356977,4.773262)";4.773262;52.356977;
1978;"6682610";"Geen";"9-12 m";"24-06-2020";"POINT(4.771667,52.359243)";"POINT(52.359243,4.771667)";4.771667;52.359243;
1979;"6682612";"Geen";"9-12 m";"24-06-2020";"POINT(4.771522,52.35931)";"POINT(52.35931,4.771522)";4.771522;52.35931;
1980;"6682613";"Geen";"9-12 m";"24-06-2020";"POINT(4.771529,52.359454)";"POINT(52.359454,4.771529)";4.771529;52.359454;
1981;"6682614";"Geen";"9-12 m";"24-06-2020";"POINT(4.771268,52.359424)";"POINT(52.359424,4.771268)";4.771268;52.359424;
1982;"6682616";"Geen";"9-12 m";"24-06-2020";"POINT(4.770258,52.359541)";"POINT(52.359541,4.770258)";4.770258;52.359541;
1983;"6682617";"Geen";"9-12 m";"24-06-2020";"POINT(4.770471,52.359628)";"POINT(52.359628,4.770471)";4.770471;52.359628;
1984;"6682618";"Geen";"9-12 m";"24-06-2020";"POINT(4.770936,52.359385)";"POINT(52.359385,4.770936)";4.770936;52.359385;
1985;"6682619";"Geen";"9-12 m";"24-06-2020";"POINT(4.77074,52.359076)";"POINT(52.359076,4.77074)";4.77074;52.359076;
1986;"6682620";"Geen";"9-12 m";"24-06-2020";"POINT(4.770711,52.359168)";"POINT(52.359168,4.770711)";4.770711;52.359168;
1987;"6682621";"Geen";"9-12 m";"24-06-2020";"POINT(4.77009,52.359371)";"POINT(52.359371,4.77009)";4.77009;52.359371;
1988;"6682622";"Geen";"9-12 m";"24-06-2020";"POINT(4.770341,52.359343)";"POINT(52.359343,4.770341)";4.770341;52.359343;
1989;"6682623";"Geen";"9-12 m";"24-06-2020";"POINT(4.770792,52.359504)";"POINT(52.359504,4.770792)";4.770792;52.359504;
1990;"6682624";"Geen";"9-12 m";"24-06-2020";"POINT(4.771305,52.359282)";"POINT(52.359282,4.771305)";4.771305;52.359282;
1991;"6682625";"Geen";"9-12 m";"24-06-2020";"POINT(4.771048,52.358916)";"POINT(52.358916,4.771048)";4.771048;52.358916;
1992;"6682626";"Geen";"9-12 m";"24-06-2020";"POINT(4.771467,52.35881)";"POINT(52.35881,4.771467)";4.771467;52.35881;
1993;"6682627";"Geen";"9-12 m";"24-06-2020";"POINT(4.77212,52.358708)";"POINT(52.358708,4.77212)";4.77212;52.358708;
1994;"6682629";"Geen";"9-12 m";"24-06-2020";"POINT(4.771795,52.358649)";"POINT(52.358649,4.771795)";4.771795;52.358649;
1995;"6682630";"Geen";"9-12 m";"24-06-2020";"POINT(4.771566,52.358685)";"POINT(52.358685,4.771566)";4.771566;52.358685;
1996;"6682636";"Geen";"9-12 m";"24-06-2020";"POINT(4.773287,52.36205)";"POINT(52.36205,4.773287)";4.773287;52.36205;
1997;"6682637";"Geen";"9-12 m";"24-06-2020";"POINT(4.773167,52.361799)";"POINT(52.361799,4.773167)";4.773167;52.361799;
1998;"6682638";"Geen";"9-12 m";"24-06-2020";"POINT(4.773335,52.361718)";"POINT(52.361718,4.773335)";4.773335;52.361718;
1999;"6682639";"Geen";"9-12 m";"24-06-2020";"POINT(4.773486,52.36164)";"POINT(52.36164,4.773486)";4.773486;52.36164;
2000;"6682640";"Geen";"9-12 m";"24-06-2020";"POINT(4.773563,52.361614)";"POINT(52.361614,4.773563)";4.773563;52.361614;
2001;"6682641";"Geen";"9-12 m";"24-06-2020";"POINT(4.773925,52.361506)";"POINT(52.361506,4.773925)";4.773925;52.361506;
2002;"6682643";"Geen";"9-12 m";"24-06-2020";"POINT(4.775337,52.361249)";"POINT(52.361249,4.775337)";4.775337;52.361249;
2003;"6682644";"Geen";"9-12 m";"24-06-2020";"POINT(4.775224,52.361183)";"POINT(52.361183,4.775224)";4.775224;52.361183;
2004;"6682646";"Geen";"9-12 m";"24-06-2020";"POINT(4.774807,52.36094)";"POINT(52.36094,4.774807)";4.774807;52.36094;
2005;"6682647";"Geen";"9-12 m";"24-06-2020";"POINT(4.774787,52.361606)";"POINT(52.361606,4.774787)";4.774787;52.361606;
2006;"6682648";"Geen";"9-12 m";"24-06-2020";"POINT(4.774561,52.361585)";"POINT(52.361585,4.774561)";4.774561;52.361585;
2007;"6682649";"Geen";"9-12 m";"24-06-2020";"POINT(4.774254,52.361271)";"POINT(52.361271,4.774254)";4.774254;52.361271;
2008;"6682650";"Geen";"9-12 m";"24-06-2020";"POINT(4.774876,52.361177)";"POINT(52.361177,4.774876)";4.774876;52.361177;
2009;"6682632";"Geen";"9-12 m";"24-06-2020";"POINT(4.771816,52.361302)";"POINT(52.361302,4.771816)";4.771816;52.361302;
2010;"6682615";"Geen";"9-12 m";"24-06-2020";"POINT(4.76881,52.359676)";"POINT(52.359676,4.76881)";4.76881;52.359676;
2011;"6682611";"Geen";"9-12 m";"24-06-2020";"POINT(4.771615,52.359272)";"POINT(52.359272,4.771615)";4.771615;52.359272;
2012;"667079";"Geen";"9-12 m";"24-06-2020";"POINT(4.772978,52.358664)";"POINT(52.358664,4.772978)";4.772978;52.358664;
2013;"667087";"Geen";"9-12 m";"24-06-2020";"POINT(4.773663,52.358688)";"POINT(52.358688,4.773663)";4.773663;52.358688;
2014;"667088";"Geen";"9-12 m";"24-06-2020";"POINT(4.77423,52.358722)";"POINT(52.358722,4.77423)";4.77423;52.358722;
2015;"66826994";"Geen";"9-12 m";"24-06-2020";"POINT(4.773879,52.358374)";"POINT(52.358374,4.773879)";4.773879;52.358374;
2016;"66826995";"Geen";"9-12 m";"24-06-2020";"POINT(4.773788,52.358427)";"POINT(52.358427,4.773788)";4.773788;52.358427;
2017;"66826996";"Geen";"9-12 m";"24-06-2020";"POINT(4.773651,52.358468)";"POINT(52.358468,4.773651)";4.773651;52.358468;
2018;"66826997";"Geen";"9-12 m";"24-06-2020";"POINT(4.773546,52.358525)";"POINT(52.358525,4.773546)";4.773546;52.358525;
2019;"66826998";"Geen";"9-12 m";"24-06-2020";"POINT(4.77428,52.358094)";"POINT(52.358094,4.77428)";4.77428;52.358094;
2020;"66826999";"Geen";"9-12 m";"24-06-2020";"POINT(4.774171,52.358151)";"POINT(52.358151,4.774171)";4.774171;52.358151;
2021;"66827000";"Geen";"9-12 m";"24-06-2020";"POINT(4.774026,52.35819)";"POINT(52.35819,4.774026)";4.774026;52.35819;
2022;"66827001";"Geen";"9-12 m";"24-06-2020";"POINT(4.773913,52.358258)";"POINT(52.358258,4.773913)";4.773913;52.358258;
2023;"66827002";"Geen";"9-12 m";"24-06-2020";"POINT(4.773721,52.358343)";"POINT(52.358343,4.773721)";4.773721;52.358343;
2024;"66827003";"Geen";"9-12 m";"24-06-2020";"POINT(4.773583,52.358408)";"POINT(52.358408,4.773583)";4.773583;52.358408;
2025;"66827004";"Geen";"9-12 m";"24-06-2020";"POINT(4.773289,52.358537)";"POINT(52.358537,4.773289)";4.773289;52.358537;
2026;"66827005";"Geen";"9-12 m";"24-06-2020";"POINT(4.773306,52.358645)";"POINT(52.358645,4.773306)";4.773306;52.358645;
2027;"66827006";"Geen";"9-12 m";"24-06-2020";"POINT(4.773211,52.3587)";"POINT(52.3587,4.773211)";4.773211;52.3587;
2028;"66827007";"Geen";"9-12 m";"24-06-2020";"POINT(4.773088,52.358752)";"POINT(52.358752,4.773088)";4.773088;52.358752;
2029;"66827008";"Geen";"9-12 m";"24-06-2020";"POINT(4.772537,52.358974)";"POINT(52.358974,4.772537)";4.772537;52.358974;
2030;"66827009";"Geen";"9-12 m";"24-06-2020";"POINT(4.772375,52.358954)";"POINT(52.358954,4.772375)";4.772375;52.358954;
2031;"66827010";"Geen";"9-12 m";"24-06-2020";"POINT(4.772245,52.358999)";"POINT(52.358999,4.772245)";4.772245;52.358999;
2032;"66827011";"Geen";"9-12 m";"24-06-2020";"POINT(4.772012,52.359109)";"POINT(52.359109,4.772012)";4.772012;52.359109;
2033;"66827012";"Geen";"9-12 m";"24-06-2020";"POINT(4.771889,52.359143)";"POINT(52.359143,4.771889)";4.771889;52.359143;
2034;"66827013";"Geen";"9-12 m";"24-06-2020";"POINT(4.771809,52.359205)";"POINT(52.359205,4.771809)";4.771809;52.359205;
2035;"66827014";"Geen";"9-12 m";"24-06-2020";"POINT(4.771818,52.359324)";"POINT(52.359324,4.771818)";4.771818;52.359324;
2036;"66827015";"Geen";"9-12 m";"24-06-2020";"POINT(4.771699,52.359385)";"POINT(52.359385,4.771699)";4.771699;52.359385;
2037;"66827016";"Geen";"9-12 m";"24-06-2020";"POINT(4.771436,52.359368)";"POINT(52.359368,4.771436)";4.771436;52.359368;
2038;"66827019";"Geen";"9-12 m";"24-06-2020";"POINT(4.770873,52.359632)";"POINT(52.359632,4.770873)";4.770873;52.359632;
2039;"66827020";"Geen";"9-12 m";"24-06-2020";"POINT(4.770739,52.359674)";"POINT(52.359674,4.770739)";4.770739;52.359674;
2040;"66827021";"Geen";"9-12 m";"24-06-2020";"POINT(4.770594,52.359737)";"POINT(52.359737,4.770594)";4.770594;52.359737;
2041;"667496";"Geen";"12-15 m";"24-06-2020";"POINT(4.810341,52.385774)";"POINT(52.385774,4.810341)";4.810341;52.385774;
2042;"66826793";"Geen";"12-15 m";"24-06-2020";"POINT(4.810911,52.386945)";"POINT(52.386945,4.810911)";4.810911;52.386945;
2043;"66826794";"Geen";"12-15 m";"24-06-2020";"POINT(4.810432,52.387138)";"POINT(52.387138,4.810432)";4.810432;52.387138;
2044;"667485";"Geen";"9-12 m";"24-06-2020";"POINT(4.813671,52.386118)";"POINT(52.386118,4.813671)";4.813671;52.386118;
2045;"667486";"Geen";"9-12 m";"24-06-2020";"POINT(4.813692,52.386248)";"POINT(52.386248,4.813692)";4.813692;52.386248;
2046;"667490";"Geen";"9-12 m";"24-06-2020";"POINT(4.814682,52.386552)";"POINT(52.386552,4.814682)";4.814682;52.386552;
2047;"667491";"Geen";"9-12 m";"24-06-2020";"POINT(4.812936,52.386557)";"POINT(52.386557,4.812936)";4.812936;52.386557;
2048;"667492";"Geen";"9-12 m";"24-06-2020";"POINT(4.812829,52.385948)";"POINT(52.385948,4.812829)";4.812829;52.385948;
2049;"667497";"Geen";"9-12 m";"24-06-2020";"POINT(4.811132,52.386267)";"POINT(52.386267,4.811132)";4.811132;52.386267;
2050;"667502";"Geen";"9-12 m";"24-06-2020";"POINT(4.814313,52.38747)";"POINT(52.38747,4.814313)";4.814313;52.38747;
2051;"667482";"Geen";"9-12 m";"24-06-2020";"POINT(4.815712,52.385924)";"POINT(52.385924,4.815712)";4.815712;52.385924;
2052;"667483";"Geen";"9-12 m";"24-06-2020";"POINT(4.814952,52.386145)";"POINT(52.386145,4.814952)";4.814952;52.386145;
2053;"666915";"Geen";"9-12 m";"24-06-2020";"POINT(4.815616,52.386172)";"POINT(52.386172,4.815616)";4.815616;52.386172;
2054;"666916";"Geen";"9-12 m";"24-06-2020";"POINT(4.815378,52.386175)";"POINT(52.386175,4.815378)";4.815378;52.386175;
2055;"666917";"Geen";"9-12 m";"24-06-2020";"POINT(4.814722,52.386163)";"POINT(52.386163,4.814722)";4.814722;52.386163;
2056;"666918";"Geen";"9-12 m";"24-06-2020";"POINT(4.81433,52.386157)";"POINT(52.386157,4.81433)";4.81433;52.386157;
2057;"666919";"Geen";"9-12 m";"24-06-2020";"POINT(4.811713,52.386402)";"POINT(52.386402,4.811713)";4.811713;52.386402;
2058;"666920";"Geen";"9-12 m";"24-06-2020";"POINT(4.81171,52.385849)";"POINT(52.385849,4.81171)";4.81171;52.385849;
2059;"667475";"Geen";"9-12 m";"24-06-2020";"POINT(4.816882,52.385726)";"POINT(52.385726,4.816882)";4.816882;52.385726;
2060;"667480";"Geen";"9-12 m";"24-06-2020";"POINT(4.816609,52.385925)";"POINT(52.385925,4.816609)";4.816609;52.385925;
2061;"667487";"Geen";"9-12 m";"24-06-2020";"POINT(4.813468,52.386329)";"POINT(52.386329,4.813468)";4.813468;52.386329;
2062;"667488";"Geen";"9-12 m";"24-06-2020";"POINT(4.815208,52.386133)";"POINT(52.386133,4.815208)";4.815208;52.386133;
2063;"667489";"Geen";"9-12 m";"24-06-2020";"POINT(4.814597,52.386624)";"POINT(52.386624,4.814597)";4.814597;52.386624;
2064;"667493";"Geen";"9-12 m";"24-06-2020";"POINT(4.811981,52.386536)";"POINT(52.386536,4.811981)";4.811981;52.386536;
2065;"667494";"Geen";"12-15 m";"24-06-2020";"POINT(4.811912,52.386018)";"POINT(52.386018,4.811912)";4.811912;52.386018;
2066;"667495";"Geen";"9-12 m";"24-06-2020";"POINT(4.811927,52.385447)";"POINT(52.385447,4.811927)";4.811927;52.385447;
2067;"667499";"Geen";"9-12 m";"24-06-2020";"POINT(4.812377,52.386748)";"POINT(52.386748,4.812377)";4.812377;52.386748;
2068;"667500";"Geen";"9-12 m";"24-06-2020";"POINT(4.813381,52.386985)";"POINT(52.386985,4.813381)";4.813381;52.386985;
2069;"667501";"Geen";"9-12 m";"24-06-2020";"POINT(4.813397,52.387461)";"POINT(52.387461,4.813397)";4.813397;52.387461;
2070;"6682255";"Geen";"9-12 m";"24-06-2020";"POINT(4.815392,52.386612)";"POINT(52.386612,4.815392)";4.815392;52.386612;
2071;"6682254";"Geen";"9-12 m";"24-06-2020";"POINT(4.818094,52.386731)";"POINT(52.386731,4.818094)";4.818094;52.386731;
2072;"667484";"Geen";"9-12 m";"24-06-2020";"POINT(4.814071,52.386133)";"POINT(52.386133,4.814071)";4.814071;52.386133;
2073;"667481";"Geen";"9-12 m";"24-06-2020";"POINT(4.81661,52.386183)";"POINT(52.386183,4.81661)";4.81661;52.386183;
2074;"667473";"Geen";"9-12 m";"24-06-2020";"POINT(4.816899,52.386158)";"POINT(52.386158,4.816899)";4.816899;52.386158;
2075;"667474";"Geen";"15-18 m";"24-06-2020";"POINT(4.817016,52.386026)";"POINT(52.386026,4.817016)";4.817016;52.386026;
2076;"667479";"Geen";"9-12 m";"24-06-2020";"POINT(4.817826,52.386119)";"POINT(52.386119,4.817826)";4.817826;52.386119;
2077;"667478";"Geen";"9-12 m";"24-06-2020";"POINT(4.817864,52.386043)";"POINT(52.386043,4.817864)";4.817864;52.386043;
2078;"667477";"Geen";"15-18 m";"24-06-2020";"POINT(4.817838,52.385846)";"POINT(52.385846,4.817838)";4.817838;52.385846;
2079;"667476";"Geen";"15-18 m";"24-06-2020";"POINT(4.818128,52.385796)";"POINT(52.385796,4.818128)";4.818128;52.385796;
2080;"667469";"Geen";"15-18 m";"24-06-2020";"POINT(4.818195,52.386064)";"POINT(52.386064,4.818195)";4.818195;52.386064;
2081;"667470";"Geen";"15-18 m";"24-06-2020";"POINT(4.818192,52.386339)";"POINT(52.386339,4.818192)";4.818192;52.386339;
2082;"667471";"Geen";"15-18 m";"24-06-2020";"POINT(4.818052,52.38658)";"POINT(52.38658,4.818052)";4.818052;52.38658;
2083;"667472";"Geen";"9-12 m";"24-06-2020";"POINT(4.817888,52.386784)";"POINT(52.386784,4.817888)";4.817888;52.386784;
2084;"667498";"Geen";"9-12 m";"24-06-2020";"POINT(4.810982,52.386599)";"POINT(52.386599,4.810982)";4.810982;52.386599;
2085;"66826781";"Geen";"15-18 m";"24-06-2020";"POINT(4.818249,52.385801)";"POINT(52.385801,4.818249)";4.818249;52.385801;
2086;"66826782";"Geen";"15-18 m";"24-06-2020";"POINT(4.818035,52.386658)";"POINT(52.386658,4.818035)";4.818035;52.386658;
2087;"66826784";"Geen";"15-18 m";"24-06-2020";"POINT(4.817038,52.385866)";"POINT(52.385866,4.817038)";4.817038;52.385866;
2088;"66826786";"Geen";"9-12 m";"24-06-2020";"POINT(4.814643,52.386007)";"POINT(52.386007,4.814643)";4.814643;52.386007;
2089;"66826787";"Geen";"9-12 m";"24-06-2020";"POINT(4.814676,52.385959)";"POINT(52.385959,4.814676)";4.814676;52.385959;
2090;"66826788";"Geen";"9-12 m";"24-06-2020";"POINT(4.814516,52.385683)";"POINT(52.385683,4.814516)";4.814516;52.385683;
2091;"NK147238";"Laag";">24 m";"12-06-2020";"POINT(4.820136,52.325882)";"POINT(52.325882,4.820136)";4.820136;52.325882;
2092;"574931";"Laag";"12-15 m";"12-06-2020";"POINT(4.890765,52.321572)";"POINT(52.321572,4.890765)";4.890765;52.321572;
2093;"574930";"Laag";"12-15 m";"12-06-2020";"POINT(4.890867,52.321597)";"POINT(52.321597,4.890867)";4.890867;52.321597;
2094;"563685_d0";"Laag";"9-12 m";"12-06-2020";"POINT(4.882808,52.318557)";"POINT(52.318557,4.882808)";4.882808;52.318557;
2095;"514032";"Laag";"9-12 m";"12-06-2020";"POINT(4.882723,52.318856)";"POINT(52.318856,4.882723)";4.882723;52.318856;
2096;"66826861";"Laag";">24 m";"12-06-2020";"POINT(4.819042,52.3258)";"POINT(52.3258,4.819042)";4.819042;52.3258;
2097;"518470";"Laag";"18-24 m";"16-06-2020";"POINT(4.893637,52.33231)";"POINT(52.33231,4.893637)";4.893637;52.33231;
2098;"430471";"Laag";"6-9 m";"16-06-2020";"POINT(4.874796,52.416193)";"POINT(52.416193,4.874796)";4.874796;52.416193;
2099;"430274";"Laag";"15-18 m";"16-06-2020";"POINT(4.892211,52.409189)";"POINT(52.409189,4.892211)";4.892211;52.409189;
2100;"399494";"Laag";"15-18 m";"16-06-2020";"POINT(4.878273,52.419238)";"POINT(52.419238,4.878273)";4.878273;52.419238;
2101;"403302";"Laag";"18-24 m";"16-06-2020";"POINT(4.876843,52.418376)";"POINT(52.418376,4.876843)";4.876843;52.418376;
2102;"399496";"Laag";"15-18 m";"16-06-2020";"POINT(4.877471,52.418858)";"POINT(52.418858,4.877471)";4.877471;52.418858;
2103;"445319";"Laag";"12-15 m";"16-06-2020";"POINT(4.889553,52.408596)";"POINT(52.408596,4.889553)";4.889553;52.408596;
2104;"443662";"Laag";"12-15 m";"16-06-2020";"POINT(4.892735,52.408888)";"POINT(52.408888,4.892735)";4.892735;52.408888;
2105;"404338";"Laag";"15-18 m";"16-06-2020";"POINT(4.874844,52.416614)";"POINT(52.416614,4.874844)";4.874844;52.416614;
2106;"1552440";"Laag";"18-24 m";"16-06-2020";"POINT(4.878148,52.419211)";"POINT(52.419211,4.878148)";4.878148;52.419211;
2107;"666914";"Laag";"9-12 m";"16-06-2020";"POINT(4.79657,52.387641)";"POINT(52.387641,4.79657)";4.79657;52.387641;
2108;"@110349994000";"Laag";"9-12 m";"16-06-2020";"POINT(4.798139,52.387357)";"POINT(52.387357,4.798139)";4.798139;52.387357;
2109;"@110847606000_d2";"Laag";"9-12 m";"16-06-2020";"POINT(4.800471,52.386349)";"POINT(52.386349,4.800471)";4.800471;52.386349;
2110;"667459";"Laag";"9-12 m";"16-06-2020";"POINT(4.818006,52.388719)";"POINT(52.388719,4.818006)";4.818006;52.388719;
2111;"667460";"Laag";"9-12 m";"16-06-2020";"POINT(4.818088,52.388695)";"POINT(52.388695,4.818088)";4.818088;52.388695;
2112;"667462";"Laag";"9-12 m";"16-06-2020";"POINT(4.817846,52.388684)";"POINT(52.388684,4.817846)";4.817846;52.388684;
2113;"667463";"Laag";"9-12 m";"16-06-2020";"POINT(4.817747,52.388708)";"POINT(52.388708,4.817747)";4.817747;52.388708;
2114;"667465";"Laag";"9-12 m";"16-06-2020";"POINT(4.817558,52.388697)";"POINT(52.388697,4.817558)";4.817558;52.388697;
2115;"667458";"Laag";"9-12 m";"16-06-2020";"POINT(4.817895,52.388726)";"POINT(52.388726,4.817895)";4.817895;52.388726;
2116;"@104954080000";"Laag";"9-12 m";"16-06-2020";"POINT(4.798496,52.387308)";"POINT(52.387308,4.798496)";4.798496;52.387308;
2117;"@111333589000";"Laag";"9-12 m";"16-06-2020";"POINT(4.79486,52.387763)";"POINT(52.387763,4.79486)";4.79486;52.387763;
2118;"@112017367000";"Laag";"9-12 m";"16-06-2020";"POINT(4.795866,52.387754)";"POINT(52.387754,4.795866)";4.795866;52.387754;
2119;"@105415405000_d3";"Laag";"9-12 m";"16-06-2020";"POINT(4.799489,52.387008)";"POINT(52.387008,4.799489)";4.799489;52.387008;
2120;"@112540714000";"Laag";"9-12 m";"16-06-2020";"POINT(4.795338,52.388504)";"POINT(52.388504,4.795338)";4.795338;52.388504;
2121;"667464";"Laag";"9-12 m";"16-06-2020";"POINT(4.817615,52.388685)";"POINT(52.388685,4.817615)";4.817615;52.388685;
2122;"1555585";"Laag";"9-12 m";"16-06-2020";"POINT(4.820291,52.385899)";"POINT(52.385899,4.820291)";4.820291;52.385899;
2123;"1555602";"Laag";"9-12 m";"16-06-2020";"POINT(4.820284,52.385569)";"POINT(52.385569,4.820284)";4.820284;52.385569;
2124;"@111257686000";"Laag";"9-12 m";"16-06-2020";"POINT(4.794758,52.387846)";"POINT(52.387846,4.794758)";4.794758;52.387846;
2125;"@112332873000";"Laag";"9-12 m";"16-06-2020";"POINT(4.795353,52.388106)";"POINT(52.388106,4.795353)";4.795353;52.388106;
2126;"@112454503000";"Laag";"9-12 m";"16-06-2020";"POINT(4.795294,52.38835)";"POINT(52.38835,4.795294)";4.795294;52.38835;
2127;"@121557345000";"Laag";"9-12 m";"16-06-2020";"POINT(4.790178,52.38507)";"POINT(52.38507,4.790178)";4.790178;52.38507;
2128;"@112329216000";"Laag";"9-12 m";"16-06-2020";"POINT(4.795395,52.388037)";"POINT(52.388037,4.795395)";4.795395;52.388037;
2129;"@112435469000";"Laag";"9-12 m";"16-06-2020";"POINT(4.795701,52.387816)";"POINT(52.387816,4.795701)";4.795701;52.387816;
2130;"@113621344000";"Laag";"9-12 m";"16-06-2020";"POINT(4.800387,52.386882)";"POINT(52.386882,4.800387)";4.800387;52.386882;
2131;"66826895";"Laag";"9-12 m";"16-06-2020";"POINT(4.800357,52.386495)";"POINT(52.386495,4.800357)";4.800357;52.386495;
2132;"66826896";"Laag";"9-12 m";"16-06-2020";"POINT(4.817509,52.3887)";"POINT(52.3887,4.817509)";4.817509;52.3887;
2133;"66826897";"Laag";"9-12 m";"16-06-2020";"POINT(4.817452,52.388703)";"POINT(52.388703,4.817452)";4.817452;52.388703;
2134;"66826898";"Laag";"9-12 m";"16-06-2020";"POINT(4.817839,52.388721)";"POINT(52.388721,4.817839)";4.817839;52.388721;
2135;"401082";"Laag";"15-18 m";"17-06-2020";"POINT(4.908017,52.403519)";"POINT(52.403519,4.908017)";4.908017;52.403519;
2136;"559481";"Laag";"0-6 m";"17-06-2020";"POINT(4.990998,52.313547)";"POINT(52.313547,4.990998)";4.990998;52.313547;
2137;"_N_084855955000";"Laag";"6-9 m";"17-06-2020";"POINT(4.991043,52.313593)";"POINT(52.313593,4.991043)";4.991043;52.313593;
2138;"598444";"Laag";"15-18 m";"17-06-2020";"POINT(4.985879,52.328409)";"POINT(52.328409,4.985879)";4.985879;52.328409;
2139;"465648";"Laag";"9-12 m";"18-06-2020";"POINT(4.916849,52.390431)";"POINT(52.390431,4.916849)";4.916849;52.390431;
2140;"466685";"Laag";"15-18 m";"18-06-2020";"POINT(4.913296,52.402787)";"POINT(52.402787,4.913296)";4.913296;52.402787;
2141;"667604_d2";"Laag";"18-24 m";"19-06-2020";"POINT(4.83597,52.324145)";"POINT(52.324145,4.83597)";4.83597;52.324145;
2142;"66826880_d14";"Laag";"18-24 m";"19-06-2020";"POINT(4.835945,52.324655)";"POINT(52.324655,4.835945)";4.835945;52.324655;
2143;"66826881_d15";"Laag";"18-24 m";"19-06-2020";"POINT(4.83595,52.324625)";"POINT(52.324625,4.83595)";4.83595;52.324625;
2144;"66826883_d17";"Laag";"18-24 m";"19-06-2020";"POINT(4.835119,52.324027)";"POINT(52.324027,4.835119)";4.835119;52.324027;
2145;"470599";"Laag";"18-24 m";"19-06-2020";"POINT(4.934124,52.389102)";"POINT(52.389102,4.934124)";4.934124;52.389102;
2146;"B9106";"Laag";"9-12 m";"19-06-2020";"POINT(4.761796,52.395701)";"POINT(52.395701,4.761796)";4.761796;52.395701;
2147;"66826933";"Laag";"9-12 m";"19-06-2020";"POINT(4.991347,52.319966)";"POINT(52.319966,4.991347)";4.991347;52.319966;
2148;"66826934";"Laag";"15-18 m";"19-06-2020";"POINT(4.990901,52.319947)";"POINT(52.319947,4.990901)";4.990901;52.319947;
2149;"66826935";"Laag";"15-18 m";"19-06-2020";"POINT(4.990866,52.320033)";"POINT(52.320033,4.990866)";4.990866;52.320033;
2150;"NF154683_d0";"Laag";"15-18 m";"19-06-2020";"POINT(4.791399,52.376282)";"POINT(52.376282,4.791399)";4.791399;52.376282;
2151;"667102";"Laag";"9-12 m";"19-06-2020";"POINT(4.7902,52.375949)";"POINT(52.375949,4.7902)";4.7902;52.375949;
2152;"667101";"Laag";"9-12 m";"19-06-2020";"POINT(4.790682,52.375749)";"POINT(52.375749,4.790682)";4.790682;52.375749;
2153;"380772";"Laag";"12-15 m";"19-06-2020";"POINT(4.79131,52.375493)";"POINT(52.375493,4.79131)";4.79131;52.375493;
2154;"418757";"Laag";"18-24 m";"19-06-2020";"POINT(4.79125,52.37579)";"POINT(52.37579,4.79125)";4.79125;52.37579;
2155;"384994";"Laag";"0-6 m";"19-06-2020";"POINT(4.768659,52.381576)";"POINT(52.381576,4.768659)";4.768659;52.381576;
2156;"384990";"Laag";"0-6 m";"19-06-2020";"POINT(4.768656,52.38171)";"POINT(52.38171,4.768656)";4.768656;52.38171;
2157;"384984";"Laag";"0-6 m";"19-06-2020";"POINT(4.768649,52.38198)";"POINT(52.38198,4.768649)";4.768649;52.38198;
2158;"385043";"Laag";"0-6 m";"19-06-2020";"POINT(4.768711,52.38243)";"POINT(52.38243,4.768711)";4.768711;52.38243;
2159;"385040";"Laag";"0-6 m";"19-06-2020";"POINT(4.768715,52.382295)";"POINT(52.382295,4.768715)";4.768715;52.382295;
2160;"385027";"Laag";"0-6 m";"19-06-2020";"POINT(4.768717,52.382205)";"POINT(52.382205,4.768717)";4.768717;52.382205;
2161;"385025";"Laag";"0-6 m";"19-06-2020";"POINT(4.768647,52.38207)";"POINT(52.38207,4.768647)";4.768647;52.38207;
2162;"385019";"Laag";"0-6 m";"19-06-2020";"POINT(4.768798,52.381892)";"POINT(52.381892,4.768798)";4.768798;52.381892;
2163;"385107";"Laag";"0-6 m";"19-06-2020";"POINT(4.76888,52.378565)";"POINT(52.378565,4.76888)";4.76888;52.378565;
2164;"385106";"Laag";"0-6 m";"19-06-2020";"POINT(4.768881,52.37852)";"POINT(52.37852,4.768881)";4.768881;52.37852;
2165;"385103";"Laag";"0-6 m";"19-06-2020";"POINT(4.768886,52.378385)";"POINT(52.378385,4.768886)";4.768886;52.378385;
2166;"385096";"Laag";"0-6 m";"19-06-2020";"POINT(4.768668,52.378203)";"POINT(52.378203,4.768668)";4.768668;52.378203;
2167;"385076";"Laag";"0-6 m";"19-06-2020";"POINT(4.768695,52.383105)";"POINT(52.383105,4.768695)";4.768695;52.383105;
2168;"385072";"Laag";"0-6 m";"19-06-2020";"POINT(4.768776,52.382745)";"POINT(52.382745,4.768776)";4.768776;52.382745;
2169;"385064";"Laag";"0-6 m";"19-06-2020";"POINT(4.7687,52.38288)";"POINT(52.38288,4.7687)";4.7687;52.38288;
2170;"385087";"Laag";"0-6 m";"19-06-2020";"POINT(4.768761,52.383375)";"POINT(52.383375,4.768761)";4.768761;52.383375;
2171;"385079";"Laag";"0-6 m";"19-06-2020";"POINT(4.768769,52.383015)";"POINT(52.383015,4.768769)";4.768769;52.383015;
2172;"385215_d3";"Laag";"0-6 m";"19-06-2020";"POINT(4.768808,52.379879)";"POINT(52.379879,4.768808)";4.768808;52.379879;
2173;"385191_d4";"Laag";"0-6 m";"19-06-2020";"POINT(4.768643,52.378868)";"POINT(52.378868,4.768643)";4.768643;52.378868;
2174;"385186_d5";"Laag";"0-6 m";"19-06-2020";"POINT(4.768713,52.379129)";"POINT(52.379129,4.768713)";4.768713;52.379129;
2175;"385175_d6";"Laag";"0-6 m";"19-06-2020";"POINT(4.768783,52.379322)";"POINT(52.379322,4.768783)";4.768783;52.379322;
2176;"385174_d7";"Laag";"0-6 m";"19-06-2020";"POINT(4.768789,52.379114)";"POINT(52.379114,4.768789)";4.768789;52.379114;
2177;"385166_d8";"Laag";"0-6 m";"19-06-2020";"POINT(4.768916,52.379709)";"POINT(52.379709,4.768916)";4.768916;52.379709;
2178;"385165_d9";"Laag";"0-6 m";"19-06-2020";"POINT(4.768902,52.379458)";"POINT(52.379458,4.768902)";4.768902;52.379458;
2179;"385162_d10";"Laag";"0-6 m";"19-06-2020";"POINT(4.768878,52.379215)";"POINT(52.379215,4.768878)";4.768878;52.379215;
2180;"385160";"Laag";"0-6 m";"19-06-2020";"POINT(4.768872,52.37888)";"POINT(52.37888,4.768872)";4.768872;52.37888;
2181;"385156_d11";"Laag";"0-6 m";"19-06-2020";"POINT(4.768873,52.37896)";"POINT(52.37896,4.768873)";4.768873;52.37896;
2182;"385323";"Laag";"0-6 m";"19-06-2020";"POINT(4.76868,52.380721)";"POINT(52.380721,4.76868)";4.76868;52.380721;
2183;"385311";"Laag";"0-6 m";"19-06-2020";"POINT(4.768675,52.380991)";"POINT(52.380991,4.768675)";4.768675;52.380991;
2184;"385128_d12";"Laag";"0-6 m";"19-06-2020";"POINT(4.768703,52.378786)";"POINT(52.378786,4.768703)";4.768703;52.378786;
2185;"385302";"Laag";"0-6 m";"19-06-2020";"POINT(4.768828,52.380678)";"POINT(52.380678,4.768828)";4.768828;52.380678;
2186;"385299";"Laag";"0-6 m";"19-06-2020";"POINT(4.768831,52.380543)";"POINT(52.380543,4.768831)";4.768831;52.380543;
2187;"385111_d13";"Laag";"0-6 m";"19-06-2020";"POINT(4.768814,52.378749)";"POINT(52.378749,4.768814)";4.768814;52.378749;
2188;"66826937";"Laag";"9-12 m";"19-06-2020";"POINT(4.789792,52.376083)";"POINT(52.376083,4.789792)";4.789792;52.376083;
2189;"NB10698";"Laag";"0-6 m";"22-06-2020";"POINT(4.800873,52.410176)";"POINT(52.410176,4.800873)";4.800873;52.410176;
2190;"NB10697";"Laag";"0-6 m";"22-06-2020";"POINT(4.800876,52.409986)";"POINT(52.409986,4.800876)";4.800876;52.409986;
2191;"667351_d6";"Laag";">24 m";"22-06-2020";"POINT(4.818147,52.316333)";"POINT(52.316333,4.818147)";4.818147;52.316333;
2192;"66826933_d10";"Laag";">24 m";"22-06-2020";"POINT(4.818101,52.316188)";"POINT(52.316188,4.818101)";4.818101;52.316188;
2193;"473133";"Laag";"15-18 m";"22-06-2020";"POINT(4.921905,52.392383)";"POINT(52.392383,4.921905)";4.921905;52.392383;
2194;"473115";"Laag";"18-24 m";"22-06-2020";"POINT(4.922026,52.392751)";"POINT(52.392751,4.922026)";4.922026;52.392751;
2195;"473111";"Laag";"18-24 m";"22-06-2020";"POINT(4.922147,52.392634)";"POINT(52.392634,4.922147)";4.922147;52.392634;
2196;"473102";"Laag";"18-24 m";"22-06-2020";"POINT(4.922107,52.392904)";"POINT(52.392904,4.922107)";4.922107;52.392904;
2197;"474006";"Laag";"15-18 m";"22-06-2020";"POINT(4.922379,52.395331)";"POINT(52.395331,4.922379)";4.922379;52.395331;
2198;"1537800";"Laag";"18-24 m";"22-06-2020";"POINT(4.921829,52.392313)";"POINT(52.392313,4.921829)";4.921829;52.392313;
2199;"1537748";"Laag";"15-18 m";"22-06-2020";"POINT(4.921814,52.392032)";"POINT(52.392032,4.921814)";4.921814;52.392032;
2200;"1537760";"Laag";"18-24 m";"22-06-2020";"POINT(4.921746,52.39222)";"POINT(52.39222,4.921746)";4.921746;52.39222;
2201;"66826970";"Laag";"15-18 m";"22-06-2020";"POINT(4.922537,52.393115)";"POINT(52.393115,4.922537)";4.922537;52.393115;
2202;"1553810";"Laag";"0-6 m";"27-05-2020";"POINT(4.852191,52.373659)";"POINT(52.373659,4.852191)";4.852191;52.373659;
2203;"0002NOJBU";"Laag";"12-15 m";"23-06-2020";"POINT(4.930716,52.409815)";"POINT(52.409815,4.930716)";4.930716;52.409815;
2204;"NN0016";"Laag";"12-15 m";"23-06-2020";"POINT(4.931652,52.409573)";"POINT(52.409573,4.931652)";4.931652;52.409573;
2205;"6682242";"Laag";"12-15 m";"23-06-2020";"POINT(4.930435,52.409975)";"POINT(52.409975,4.930435)";4.930435;52.409975;
2206;"6682241";"Laag";"12-15 m";"23-06-2020";"POINT(4.930524,52.409869)";"POINT(52.409869,4.930524)";4.930524;52.409869;
2207;"6682240";"Laag";"12-15 m";"23-06-2020";"POINT(4.930634,52.409897)";"POINT(52.409897,4.930634)";4.930634;52.409897;
2208;"432724";"Laag";"9-12 m";"23-06-2020";"POINT(4.912628,52.385391)";"POINT(52.385391,4.912628)";4.912628;52.385391;
2209;"432720";"Laag";"15-18 m";"23-06-2020";"POINT(4.909374,52.383589)";"POINT(52.383589,4.909374)";4.909374;52.383589;
2210;"NN148234";"Laag";"12-15 m";"23-06-2020";"POINT(4.929811,52.410388)";"POINT(52.410388,4.929811)";4.929811;52.410388;
2211;"66827045";"Laag";"12-15 m";"23-06-2020";"POINT(4.930038,52.410201)";"POINT(52.410201,4.930038)";4.930038;52.410201;
2212;"66827047";"Laag";"12-15 m";"23-06-2020";"POINT(4.930098,52.410071)";"POINT(52.410071,4.930098)";4.930098;52.410071;
2213;"66827048";"Laag";"12-15 m";"23-06-2020";"POINT(4.930306,52.410092)";"POINT(52.410092,4.930306)";4.930306;52.410092;
2214;"66827050";"Laag";"12-15 m";"23-06-2020";"POINT(4.931802,52.409329)";"POINT(52.409329,4.931802)";4.931802;52.409329;
2215;"66827051";"Laag";"12-15 m";"23-06-2020";"POINT(4.931666,52.409232)";"POINT(52.409232,4.931666)";4.931666;52.409232;
2216;"66827052";"Laag";"12-15 m";"23-06-2020";"POINT(4.931412,52.409449)";"POINT(52.409449,4.931412)";4.931412;52.409449;
2217;"66827053";"Laag";"12-15 m";"23-06-2020";"POINT(4.931449,52.409597)";"POINT(52.409597,4.931449)";4.931449;52.409597;
2218;"66827054";"Laag";"12-15 m";"23-06-2020";"POINT(4.931188,52.40951)";"POINT(52.40951,4.931188)";4.931188;52.40951;
2219;"66827055";"Laag";"12-15 m";"23-06-2020";"POINT(4.931158,52.409667)";"POINT(52.409667,4.931158)";4.931158;52.409667;
2220;"66827056";"Laag";"12-15 m";"23-06-2020";"POINT(4.930884,52.409694)";"POINT(52.409694,4.930884)";4.930884;52.409694;
2221;"66827057";"Laag";"12-15 m";"23-06-2020";"POINT(4.932186,52.409223)";"POINT(52.409223,4.932186)";4.932186;52.409223;
2222;"66827058";"Laag";"12-15 m";"23-06-2020";"POINT(4.932115,52.409049)";"POINT(52.409049,4.932115)";4.932115;52.409049;
2223;"66827059";"Laag";"12-15 m";"23-06-2020";"POINT(4.932579,52.408999)";"POINT(52.408999,4.932579)";4.932579;52.408999;
2224;"66827060";"Laag";"12-15 m";"23-06-2020";"POINT(4.932412,52.408923)";"POINT(52.408923,4.932412)";4.932412;52.408923;
2225;"NB10440";"Laag";"9-12 m";"23-06-2020";"POINT(4.874792,52.400493)";"POINT(52.400493,4.874792)";4.874792;52.400493;
2226;"508163";"Laag";"15-18 m";"23-06-2020";"POINT(4.856929,52.392663)";"POINT(52.392663,4.856929)";4.856929;52.392663;
2227;"508151";"Laag";"15-18 m";"23-06-2020";"POINT(4.85715,52.392647)";"POINT(52.392647,4.85715)";4.85715;52.392647;
2228;"NB10348";"Laag";"6-9 m";"23-06-2020";"POINT(4.872823,52.397283)";"POINT(52.397283,4.872823)";4.872823;52.397283;
2229;"667730";"Laag";"6-9 m";"24-06-2020";"POINT(4.988203,52.379839)";"POINT(52.379839,4.988203)";4.988203;52.379839;
2230;"429350";"Laag";"15-18 m";"24-06-2020";"POINT(4.963433,52.391896)";"POINT(52.391896,4.963433)";4.963433;52.391896;
2231;"667728";"Laag";"15-18 m";"24-06-2020";"POINT(4.988218,52.379817)";"POINT(52.379817,4.988218)";4.988218;52.379817;
2232;"433507";"Laag";"15-18 m";"24-06-2020";"POINT(4.920297,52.414899)";"POINT(52.414899,4.920297)";4.920297;52.414899;
2233;"403679";"Laag";"18-24 m";"24-06-2020";"POINT(4.948543,52.402304)";"POINT(52.402304,4.948543)";4.948543;52.402304;
2234;"375482";"Laag";"15-18 m";"24-06-2020";"POINT(4.8353,52.345854)";"POINT(52.345854,4.8353)";4.8353;52.345854;
2235;"419626";"Laag";"0-6 m";"25-06-2020";"POINT(4.788147,52.356501)";"POINT(52.356501,4.788147)";4.788147;52.356501;
2236;"n002";"Laag";"15-18 m";"25-06-2020";"POINT(4.969187,52.39241)";"POINT(52.39241,4.969187)";4.969187;52.39241;
2237;"430989";"Laag";"12-15 m";"25-06-2020";"POINT(4.967712,52.394352)";"POINT(52.394352,4.967712)";4.967712;52.394352;
2238;"431053";"Laag";"15-18 m";"25-06-2020";"POINT(4.961426,52.397234)";"POINT(52.397234,4.961426)";4.961426;52.397234;
2239;"431050";"Laag";"15-18 m";"25-06-2020";"POINT(4.961551,52.397062)";"POINT(52.397062,4.961551)";4.961551;52.397062;
2240;"431049";"Laag";"15-18 m";"25-06-2020";"POINT(4.96187,52.397102)";"POINT(52.397102,4.96187)";4.96187;52.397102;
2241;"433287";"Laag";"15-18 m";"25-06-2020";"POINT(4.963193,52.397919)";"POINT(52.397919,4.963193)";4.963193;52.397919;
2242;"433282";"Laag";"18-24 m";"25-06-2020";"POINT(4.963694,52.397827)";"POINT(52.397827,4.963694)";4.963694;52.397827;
2243;"430988";"Laag";"12-15 m";"25-06-2020";"POINT(4.967613,52.394425)";"POINT(52.394425,4.967613)";4.967613;52.394425;
2244;"431048";"Laag";"18-24 m";"25-06-2020";"POINT(4.961717,52.397096)";"POINT(52.397096,4.961717)";4.961717;52.397096;
2245;"433283";"Laag";"18-24 m";"25-06-2020";"POINT(4.963817,52.397891)";"POINT(52.397891,4.963817)";4.963817;52.397891;
2246;"432344";"Laag";"12-15 m";"25-06-2020";"POINT(4.967487,52.394613)";"POINT(52.394613,4.967487)";4.967487;52.394613;
2247;"N53174";"Laag";"15-18 m";"25-06-2020";"POINT(4.967399,52.391821)";"POINT(52.391821,4.967399)";4.967399;52.391821;
2248;"450356";"Laag";"15-18 m";"25-06-2020";"POINT(4.928339,52.346446)";"POINT(52.346446,4.928339)";4.928339;52.346446;
2249;"450355";"Laag";"15-18 m";"25-06-2020";"POINT(4.928201,52.346459)";"POINT(52.346459,4.928201)";4.928201;52.346459;
2250;"_N_103101221000";"Laag";"9-12 m";"03-06-2020";"POINT(4.820962,52.337901)";"POINT(52.337901,4.820962)";4.820962;52.337901;
2251;"_N_103046916000";"Laag";"9-12 m";"03-06-2020";"POINT(4.82024,52.337905)";"POINT(52.337905,4.82024)";4.82024;52.337905;
2252;"_N_103026456000";"Laag";"9-12 m";"03-06-2020";"POINT(4.820061,52.337913)";"POINT(52.337913,4.820061)";4.820061;52.337913;
2253;"_N_104056565000";"Laag";"9-12 m";"03-06-2020";"POINT(4.821924,52.337992)";"POINT(52.337992,4.821924)";4.821924;52.337992;
2254;"_N_103052692000";"Laag";"9-12 m";"03-06-2020";"POINT(4.820506,52.337915)";"POINT(52.337915,4.820506)";4.820506;52.337915;
2255;"_N_103707581000";"Laag";"9-12 m";"03-06-2020";"POINT(4.822278,52.33794)";"POINT(52.33794,4.822278)";4.822278;52.33794;
2256;"667243";"Laag";"9-12 m";"03-06-2020";"POINT(4.825708,52.339037)";"POINT(52.339037,4.825708)";4.825708;52.339037;
2257;"_N_103057402000";"Laag";"9-12 m";"03-06-2020";"POINT(4.820714,52.337923)";"POINT(52.337923,4.820714)";4.820714;52.337923;
2258;"_N_104048404000";"Laag";"9-12 m";"03-06-2020";"POINT(4.822173,52.337967)";"POINT(52.337967,4.822173)";4.822173;52.337967;
2259;"668013";"Laag";"9-12 m";"03-06-2020";"POINT(4.826612,52.339028)";"POINT(52.339028,4.826612)";4.826612;52.339028;
2260;"_N_133857068000";"Laag";"9-12 m";"03-06-2020";"POINT(4.820481,52.339014)";"POINT(52.339014,4.820481)";4.820481;52.339014;
2261;"667239";"Laag";"9-12 m";"03-06-2020";"POINT(4.824827,52.339051)";"POINT(52.339051,4.824827)";4.824827;52.339051;
2262;"667241";"Laag";"9-12 m";"03-06-2020";"POINT(4.825295,52.339057)";"POINT(52.339057,4.825295)";4.825295;52.339057;
2263;"_N_133916213000";"Laag";"9-12 m";"03-06-2020";"POINT(4.820782,52.338996)";"POINT(52.338996,4.820782)";4.820782;52.338996;
2264;"_N_133926829000";"Laag";"9-12 m";"03-06-2020";"POINT(4.82107,52.339033)";"POINT(52.339033,4.82107)";4.82107;52.339033;
2265;"_N_133939549000";"Laag";"9-12 m";"03-06-2020";"POINT(4.821365,52.339018)";"POINT(52.339018,4.821365)";4.821365;52.339018;
2266;"_N_135252835000";"Laag";"9-12 m";"03-06-2020";"POINT(4.82268,52.339011)";"POINT(52.339011,4.82268)";4.82268;52.339011;
2267;"667221";"Laag";"9-12 m";"03-06-2020";"POINT(4.820274,52.339029)";"POINT(52.339029,4.820274)";4.820274;52.339029;
2268;"667222";"Laag";"9-12 m";"03-06-2020";"POINT(4.820055,52.33902)";"POINT(52.33902,4.820055)";4.820055;52.33902;
2269;"667223";"Laag";"9-12 m";"03-06-2020";"POINT(4.819788,52.339026)";"POINT(52.339026,4.819788)";4.819788;52.339026;
2270;"667224";"Laag";"9-12 m";"03-06-2020";"POINT(4.819551,52.339025)";"POINT(52.339025,4.819551)";4.819551;52.339025;
2271;"667228";"Laag";"9-12 m";"03-06-2020";"POINT(4.818793,52.338952)";"POINT(52.338952,4.818793)";4.818793;52.338952;
2272;"667229";"Laag";"9-12 m";"03-06-2020";"POINT(4.818993,52.33894)";"POINT(52.33894,4.818993)";4.818993;52.33894;
2273;"667230";"Laag";"9-12 m";"03-06-2020";"POINT(4.819206,52.338948)";"POINT(52.338948,4.819206)";4.819206;52.338948;
2274;"667231";"Laag";"9-12 m";"03-06-2020";"POINT(4.819397,52.338945)";"POINT(52.338945,4.819397)";4.819397;52.338945;
2275;"667233";"Laag";"9-12 m";"03-06-2020";"POINT(4.823279,52.339018)";"POINT(52.339018,4.823279)";4.823279;52.339018;
2276;"667248";"Laag";"9-12 m";"03-06-2020";"POINT(4.826877,52.339057)";"POINT(52.339057,4.826877)";4.826877;52.339057;
2277;"667237";"Laag";"9-12 m";"03-06-2020";"POINT(4.824384,52.339031)";"POINT(52.339031,4.824384)";4.824384;52.339031;
2278;"667245";"Laag";"9-12 m";"03-06-2020";"POINT(4.826103,52.339065)";"POINT(52.339065,4.826103)";4.826103;52.339065;
2279;"667235";"Laag";"9-12 m";"03-06-2020";"POINT(4.823819,52.339032)";"POINT(52.339032,4.823819)";4.823819;52.339032;
2280;"667240";"Laag";"9-12 m";"03-06-2020";"POINT(4.825028,52.33906)";"POINT(52.33906,4.825028)";4.825028;52.33906;
2281;"_N_135238986000";"Laag";"9-12 m";"03-06-2020";"POINT(4.821903,52.338997)";"POINT(52.338997,4.821903)";4.821903;52.338997;
2282;"667232";"Laag";"9-12 m";"03-06-2020";"POINT(4.823035,52.339024)";"POINT(52.339024,4.823035)";4.823035;52.339024;
2283;"667234";"Laag";"9-12 m";"03-06-2020";"POINT(4.823546,52.339027)";"POINT(52.339027,4.823546)";4.823546;52.339027;
2284;"667236";"Laag";"9-12 m";"03-06-2020";"POINT(4.824092,52.339044)";"POINT(52.339044,4.824092)";4.824092;52.339044;
2285;"667238";"Laag";"9-12 m";"03-06-2020";"POINT(4.824633,52.339024)";"POINT(52.339024,4.824633)";4.824633;52.339024;
2286;"667246";"Laag";"9-12 m";"03-06-2020";"POINT(4.826397,52.339066)";"POINT(52.339066,4.826397)";4.826397;52.339066;
2287;"_N_135248991000";"Laag";"9-12 m";"03-06-2020";"POINT(4.822419,52.33902)";"POINT(52.33902,4.822419)";4.822419;52.33902;
2288;"_N_104052040000";"Laag";"9-12 m";"03-06-2020";"POINT(4.822029,52.33798)";"POINT(52.33798,4.822029)";4.822029;52.33798;
2289;"_N_103919534000";"Laag";"9-12 m";"03-06-2020";"POINT(4.822657,52.337959)";"POINT(52.337959,4.822657)";4.822657;52.337959;
2290;"_N_104032543000";"Laag";"9-12 m";"03-06-2020";"POINT(4.822932,52.337943)";"POINT(52.337943,4.822932)";4.822932;52.337943;
2291;"_N_104040393000";"Laag";"9-12 m";"03-06-2020";"POINT(4.822552,52.33794)";"POINT(52.33794,4.822552)";4.822552;52.33794;
2292;"_N_104011880000";"Laag";"9-12 m";"03-06-2020";"POINT(4.823034,52.337936)";"POINT(52.337936,4.823034)";4.823034;52.337936;
2293;"_N_104035918000";"Laag";"9-12 m";"03-06-2020";"POINT(4.82276,52.337945)";"POINT(52.337945,4.82276)";4.82276;52.337945;
2294;"667225";"Laag";"9-12 m";"03-06-2020";"POINT(4.818184,52.339041)";"POINT(52.339041,4.818184)";4.818184;52.339041;
2295;"667226";"Laag";"9-12 m";"03-06-2020";"POINT(4.818135,52.339078)";"POINT(52.339078,4.818135)";4.818135;52.339078;
2296;"_N_104044011000";"Laag";"9-12 m";"03-06-2020";"POINT(4.822447,52.337944)";"POINT(52.337944,4.822447)";4.822447;52.337944;
2297;"_N_102453907000";"Laag";"9-12 m";"03-06-2020";"POINT(4.821407,52.337918)";"POINT(52.337918,4.821407)";4.821407;52.337918;
2298;"667242";"Laag";"9-12 m";"03-06-2020";"POINT(4.825483,52.339058)";"POINT(52.339058,4.825483)";4.825483;52.339058;
2299;"667244";"Laag";"9-12 m";"03-06-2020";"POINT(4.825927,52.339053)";"POINT(52.339053,4.825927)";4.825927;52.339053;
2300;"667249";"Laag";"9-12 m";"03-06-2020";"POINT(4.827114,52.339051)";"POINT(52.339051,4.827114)";4.827114;52.339051;
2301;"_N_135244161000";"Laag";"9-12 m";"03-06-2020";"POINT(4.82218,52.339026)";"POINT(52.339026,4.82218)";4.82218;52.339026;
2302;"667247";"Laag";"9-12 m";"03-06-2020";"POINT(4.826695,52.33906)";"POINT(52.33906,4.826695)";4.826695;52.33906;
2303;"_N_103106088000";"Laag";"9-12 m";"03-06-2020";"POINT(4.82117,52.337921)";"POINT(52.337921,4.82117)";4.82117;52.337921;
2304;"668012";"Laag";"6-9 m";"04-06-2020";"POINT(4.811203,52.333636)";"POINT(52.333636,4.811203)";4.811203;52.333636;
2305;"6682289";"Laag";"6-9 m";"04-06-2020";"POINT(4.811053,52.333851)";"POINT(52.333851,4.811053)";4.811053;52.333851;
2306;"NF154010";"Laag";"15-18 m";"04-06-2020";"POINT(4.806227,52.336176)";"POINT(52.336176,4.806227)";4.806227;52.336176;
2307;"391944";"Laag";"15-18 m";"04-06-2020";"POINT(4.802312,52.336748)";"POINT(52.336748,4.802312)";4.802312;52.336748;
2308;"NF154122";"Laag";"15-18 m";"04-06-2020";"POINT(4.802286,52.33677)";"POINT(52.33677,4.802286)";4.802286;52.33677;
2309;"F02532";"Laag";"15-18 m";"04-06-2020";"POINT(4.810627,52.330718)";"POINT(52.330718,4.810627)";4.810627;52.330718;
2310;"6682286";"Laag";"15-18 m";"04-06-2020";"POINT(4.811585,52.33044)";"POINT(52.33044,4.811585)";4.811585;52.33044;
2311;"66826681";"Laag";"6-9 m";"04-06-2020";"POINT(4.808423,52.331253)";"POINT(52.331253,4.808423)";4.808423;52.331253;
2312;"66826684";"Laag";"6-9 m";"04-06-2020";"POINT(4.807734,52.331506)";"POINT(52.331506,4.807734)";4.807734;52.331506;
2313;"468060";"Laag";"15-18 m";"05-06-2020";"POINT(4.953873,52.401246)";"POINT(52.401246,4.953873)";4.953873;52.401246;
2314;"467963";"Laag";"15-18 m";"05-06-2020";"POINT(4.953063,52.400743)";"POINT(52.400743,4.953063)";4.953063;52.400743;
2315;"428424";"Laag";"18-24 m";"05-06-2020";"POINT(4.944321,52.395419)";"POINT(52.395419,4.944321)";4.944321;52.395419;
2316;"435596";"Laag";"12-15 m";"05-06-2020";"POINT(4.944402,52.395801)";"POINT(52.395801,4.944402)";4.944402;52.395801;
2317;"436067";"Laag";"15-18 m";"05-06-2020";"POINT(4.94454,52.397006)";"POINT(52.397006,4.94454)";4.94454;52.397006;
2318;"435802";"Laag";"15-18 m";"05-06-2020";"POINT(4.944089,52.395645)";"POINT(52.395645,4.944089)";4.944089;52.395645;
2319;"435801";"Laag";"15-18 m";"05-06-2020";"POINT(4.944124,52.395501)";"POINT(52.395501,4.944124)";4.944124;52.395501;
2320;"667971";"Laag";"12-15 m";"05-06-2020";"POINT(4.807864,52.336477)";"POINT(52.336477,4.807864)";4.807864;52.336477;
2321;"667964";"Laag";"12-15 m";"05-06-2020";"POINT(4.805515,52.335103)";"POINT(52.335103,4.805515)";4.805515;52.335103;
2322;"667965";"Laag";"12-15 m";"05-06-2020";"POINT(4.805871,52.335336)";"POINT(52.335336,4.805871)";4.805871;52.335336;
2323;"667966";"Laag";"12-15 m";"05-06-2020";"POINT(4.806369,52.335638)";"POINT(52.335638,4.806369)";4.806369;52.335638;
2324;"667970";"Laag";"12-15 m";"05-06-2020";"POINT(4.807563,52.336378)";"POINT(52.336378,4.807563)";4.807563;52.336378;
2325;"667974";"Laag";"12-15 m";"05-06-2020";"POINT(4.808797,52.337079)";"POINT(52.337079,4.808797)";4.808797;52.337079;
2326;"667975";"Laag";"12-15 m";"05-06-2020";"POINT(4.809086,52.337206)";"POINT(52.337206,4.809086)";4.809086;52.337206;
2327;"667976";"Laag";"12-15 m";"05-06-2020";"POINT(4.809413,52.337536)";"POINT(52.337536,4.809413)";4.809413;52.337536;
2328;"391611";"Laag";"15-18 m";"05-06-2020";"POINT(4.806535,52.340121)";"POINT(52.340121,4.806535)";4.806535;52.340121;
2329;"66826713";"Laag";"12-15 m";"05-06-2020";"POINT(4.803517,52.333905)";"POINT(52.333905,4.803517)";4.803517;52.333905;
2330;"66826714";"Laag";"12-15 m";"05-06-2020";"POINT(4.803578,52.333987)";"POINT(52.333987,4.803578)";4.803578;52.333987;
2331;"66826716";"Laag";"12-15 m";"05-06-2020";"POINT(4.803793,52.334088)";"POINT(52.334088,4.803793)";4.803793;52.334088;
2332;"66826717";"Laag";"12-15 m";"05-06-2020";"POINT(4.804031,52.334263)";"POINT(52.334263,4.804031)";4.804031;52.334263;
2333;"66826718";"Laag";"12-15 m";"05-06-2020";"POINT(4.804561,52.334586)";"POINT(52.334586,4.804561)";4.804561;52.334586;
2334;"66826719";"Laag";"12-15 m";"05-06-2020";"POINT(4.805766,52.335252)";"POINT(52.335252,4.805766)";4.805766;52.335252;
2335;"66826740";"Laag";"12-15 m";"05-06-2020";"POINT(4.809957,52.337787)";"POINT(52.337787,4.809957)";4.809957;52.337787;
2336;"66826747";"Laag";"12-15 m";"05-06-2020";"POINT(4.810687,52.338265)";"POINT(52.338265,4.810687)";4.810687;52.338265;
2337;"421922";"Laag";"15-18 m";"30-06-2020";"POINT(4.783958,52.391627)";"POINT(52.391627,4.783958)";4.783958;52.391627;
2338;"667813";"Laag";"9-12 m";"08-06-2020";"POINT(4.846087,52.388759)";"POINT(52.388759,4.846087)";4.846087;52.388759;
2339;"506758";"Laag";"15-18 m";"08-06-2020";"POINT(4.857062,52.38727)";"POINT(52.38727,4.857062)";4.857062;52.38727;
2340;"667145";"Laag";"6-9 m";"08-06-2020";"POINT(4.843823,52.388421)";"POINT(52.388421,4.843823)";4.843823;52.388421;
2341;"667144";"Laag";"6-9 m";"08-06-2020";"POINT(4.843762,52.388509)";"POINT(52.388509,4.843762)";4.843762;52.388509;
2342;"667146";"Laag";"6-9 m";"08-06-2020";"POINT(4.843858,52.388293)";"POINT(52.388293,4.843858)";4.843858;52.388293;
2343;"66826752";"Laag";"9-12 m";"08-06-2020";"POINT(4.846199,52.388812)";"POINT(52.388812,4.846199)";4.846199;52.388812;
2344;"66826753";"Laag";"6-9 m";"08-06-2020";"POINT(4.845761,52.388837)";"POINT(52.388837,4.845761)";4.845761;52.388837;
2345;"66826754";"Laag";"6-9 m";"08-06-2020";"POINT(4.845689,52.388841)";"POINT(52.388841,4.845689)";4.845689;52.388841;
2346;"66826759";"Laag";"6-9 m";"08-06-2020";"POINT(4.843875,52.387892)";"POINT(52.387892,4.843875)";4.843875;52.387892;
2347;"66826760";"Laag";"6-9 m";"08-06-2020";"POINT(4.844,52.387887)";"POINT(52.387887,4.844)";4.844;52.387887;
2348;"66826761";"Laag";"6-9 m";"08-06-2020";"POINT(4.843861,52.388012)";"POINT(52.388012,4.843861)";4.843861;52.388012;
2349;"66826762";"Laag";"6-9 m";"08-06-2020";"POINT(4.843989,52.388002)";"POINT(52.388002,4.843989)";4.843989;52.388002;
2350;"66826763";"Laag";"6-9 m";"08-06-2020";"POINT(4.843985,52.388099)";"POINT(52.388099,4.843985)";4.843985;52.388099;
2351;"66826764";"Laag";"6-9 m";"08-06-2020";"POINT(4.843835,52.388104)";"POINT(52.388104,4.843835)";4.843835;52.388104;
2352;"66826765";"Laag";"6-9 m";"08-06-2020";"POINT(4.843843,52.388237)";"POINT(52.388237,4.843843)";4.843843;52.388237;
2353;"66826766";"Laag";"6-9 m";"08-06-2020";"POINT(4.843996,52.388236)";"POINT(52.388236,4.843996)";4.843996;52.388236;
2354;"66826767";"Laag";"6-9 m";"08-06-2020";"POINT(4.843985,52.388354)";"POINT(52.388354,4.843985)";4.843985;52.388354;
2355;"66826768";"Laag";"6-9 m";"08-06-2020";"POINT(4.843835,52.388354)";"POINT(52.388354,4.843835)";4.843835;52.388354;
2356;"66826769";"Laag";"6-9 m";"08-06-2020";"POINT(4.843815,52.388466)";"POINT(52.388466,4.843815)";4.843815;52.388466;
2357;"66826770";"Laag";"6-9 m";"08-06-2020";"POINT(4.843965,52.38847)";"POINT(52.38847,4.843965)";4.843965;52.38847;
2358;"66826771";"Laag";"6-9 m";"08-06-2020";"POINT(4.84396,52.388583)";"POINT(52.388583,4.84396)";4.84396;52.388583;
2359;"66826772";"Laag";"6-9 m";"08-06-2020";"POINT(4.84382,52.388556)";"POINT(52.388556,4.84382)";4.84382;52.388556;
2360;"667227";"Laag";"9-12 m";"08-06-2020";"POINT(4.818522,52.33898)";"POINT(52.33898,4.818522)";4.818522;52.33898;
2361;"667612";"Laag";"12-15 m";"08-06-2020";"POINT(4.815718,52.34087)";"POINT(52.34087,4.815718)";4.815718;52.34087;
2362;"66826752";"Laag";"9-12 m";"08-06-2020";"POINT(4.817943,52.339072)";"POINT(52.339072,4.817943)";4.817943;52.339072;
2363;"66826753";"Laag";"9-12 m";"08-06-2020";"POINT(4.81775,52.339102)";"POINT(52.339102,4.81775)";4.81775;52.339102;
2364;"66826754";"Laag";"9-12 m";"08-06-2020";"POINT(4.817519,52.339141)";"POINT(52.339141,4.817519)";4.817519;52.339141;
2365;"66826755";"Laag";"9-12 m";"08-06-2020";"POINT(4.817632,52.33911)";"POINT(52.33911,4.817632)";4.817632;52.33911;
2366;"66826756";"Laag";"9-12 m";"08-06-2020";"POINT(4.817397,52.339147)";"POINT(52.339147,4.817397)";4.817397;52.339147;
2367;"66826757";"Laag";"12-15 m";"08-06-2020";"POINT(4.813852,52.340467)";"POINT(52.340467,4.813852)";4.813852;52.340467;
2368;"66826771";"Laag";"12-15 m";"08-06-2020";"POINT(4.821002,52.343582)";"POINT(52.343582,4.821002)";4.821002;52.343582;
2369;"667659";"Laag";"12-15 m";"30-06-2020";"POINT(4.843626,52.345563)";"POINT(52.345563,4.843626)";4.843626;52.345563;
2370;"66827113";"Laag";"12-15 m";"30-06-2020";"POINT(4.842843,52.345572)";"POINT(52.345572,4.842843)";4.842843;52.345572;
2371;"66827114";"Laag";"12-15 m";"30-06-2020";"POINT(4.842752,52.345565)";"POINT(52.345565,4.842752)";4.842752;52.345565;
2372;"667658";"Laag";"12-15 m";"30-06-2020";"POINT(4.843524,52.345548)";"POINT(52.345548,4.843524)";4.843524;52.345548;
2373;"583944";"Laag";"12-15 m";"30-06-2020";"POINT(4.844518,52.345581)";"POINT(52.345581,4.844518)";4.844518;52.345581;
2374;"667657";"Laag";"12-15 m";"30-06-2020";"POINT(4.843095,52.345515)";"POINT(52.345515,4.843095)";4.843095;52.345515;
2375;"ZUID18002";"Laag";"12-15 m";"30-06-2020";"POINT(4.842995,52.345502)";"POINT(52.345502,4.842995)";4.842995;52.345502;
2376;"6682655";"Laag";"12-15 m";"30-06-2020";"POINT(4.843471,52.34555)";"POINT(52.34555,4.843471)";4.843471;52.34555;
2377;"522519";"Laag";"12-15 m";"30-06-2020";"POINT(4.845309,52.345474)";"POINT(52.345474,4.845309)";4.845309;52.345474;
2378;"667061";"Laag";"12-15 m";"30-06-2020";"POINT(4.867293,52.339317)";"POINT(52.339317,4.867293)";4.867293;52.339317;
2379;"66827109";"Laag";"12-15 m";"30-06-2020";"POINT(4.843058,52.345579)";"POINT(52.345579,4.843058)";4.843058;52.345579;
2380;"66827110";"Laag";"12-15 m";"30-06-2020";"POINT(4.842978,52.345573)";"POINT(52.345573,4.842978)";4.842978;52.345573;
2381;"66827111";"Laag";"12-15 m";"30-06-2020";"POINT(4.842943,52.345567)";"POINT(52.345567,4.842943)";4.842943;52.345567;
2382;"66827112";"Laag";"12-15 m";"30-06-2020";"POINT(4.842899,52.345552)";"POINT(52.345552,4.842899)";4.842899;52.345552;
2383;"66827115";"Laag";"12-15 m";"30-06-2020";"POINT(4.842493,52.345446)";"POINT(52.345446,4.842493)";4.842493;52.345446;
2384;"66827116";"Laag";"12-15 m";"30-06-2020";"POINT(4.842696,52.345417)";"POINT(52.345417,4.842696)";4.842696;52.345417;
2385;"66827117";"Laag";"12-15 m";"30-06-2020";"POINT(4.842843,52.345396)";"POINT(52.345396,4.842843)";4.842843;52.345396;
2386;"66827118";"Laag";"12-15 m";"30-06-2020";"POINT(4.842931,52.345436)";"POINT(52.345436,4.842931)";4.842931;52.345436;
2387;"66827125";"Laag";"12-15 m";"30-06-2020";"POINT(4.868074,52.339314)";"POINT(52.339314,4.868074)";4.868074;52.339314;
2388;"66827126";"Laag";"12-15 m";"30-06-2020";"POINT(4.864803,52.33922)";"POINT(52.33922,4.864803)";4.864803;52.33922;
2389;"474152";"Laag";"15-18 m";"09-06-2020";"POINT(4.932301,52.411442)";"POINT(52.411442,4.932301)";4.932301;52.411442;
2390;"M105264";"Laag";"15-18 m";"10-06-2020";"POINT(4.961989,52.369873)";"POINT(52.369873,4.961989)";4.961989;52.369873;
2391;"_N_144400213000";"Laag";"12-15 m";"10-06-2020";"POINT(4.972052,52.286496)";"POINT(52.286496,4.972052)";4.972052;52.286496;
2392;"_N_132137241000";"Laag";"12-15 m";"10-06-2020";"POINT(4.965048,52.288046)";"POINT(52.288046,4.965048)";4.965048;52.288046;
2393;"487850";"Laag";"9-12 m";"10-06-2020";"POINT(4.962494,52.369009)";"POINT(52.369009,4.962494)";4.962494;52.369009;
2394;"462820";"Laag";"15-18 m";"01-07-2020";"POINT(4.915094,52.329951)";"POINT(52.329951,4.915094)";4.915094;52.329951;
2395;"603802";"Laag";"9-12 m";"01-07-2020";"POINT(4.954724,52.326829)";"POINT(52.326829,4.954724)";4.954724;52.326829;
2396;"603755";"Laag";"9-12 m";"01-07-2020";"POINT(4.954775,52.326005)";"POINT(52.326005,4.954775)";4.954775;52.326005;
2397;"603747";"Laag";"9-12 m";"01-07-2020";"POINT(4.956923,52.324115)";"POINT(52.324115,4.956923)";4.956923;52.324115;
2398;"603745";"Laag";"9-12 m";"01-07-2020";"POINT(4.95634,52.324837)";"POINT(52.324837,4.95634)";4.95634;52.324837;
2399;"603741";"Laag";"9-12 m";"01-07-2020";"POINT(4.956988,52.324098)";"POINT(52.324098,4.956988)";4.956988;52.324098;
2400;"603740";"Laag";"6-9 m";"01-07-2020";"POINT(4.956737,52.324406)";"POINT(52.324406,4.956737)";4.956737;52.324406;
2401;"603739";"Laag";"0-6 m";"01-07-2020";"POINT(4.95667,52.324553)";"POINT(52.324553,4.95667)";4.95667;52.324553;
2402;"603738";"Laag";"6-9 m";"01-07-2020";"POINT(4.955894,52.325347)";"POINT(52.325347,4.955894)";4.955894;52.325347;
2403;"603735";"Laag";"9-12 m";"01-07-2020";"POINT(4.956078,52.325115)";"POINT(52.325115,4.956078)";4.956078;52.325115;
2404;"603730";"Laag";"6-9 m";"01-07-2020";"POINT(4.956404,52.324694)";"POINT(52.324694,4.956404)";4.956404;52.324694;
2405;"603722";"Laag";"9-12 m";"01-07-2020";"POINT(4.955773,52.324801)";"POINT(52.324801,4.955773)";4.955773;52.324801;
2406;"603715";"Laag";"9-12 m";"01-07-2020";"POINT(4.956523,52.323976)";"POINT(52.323976,4.956523)";4.956523;52.323976;
2407;"603712";"Laag";"9-12 m";"01-07-2020";"POINT(4.95636,52.324181)";"POINT(52.324181,4.95636)";4.95636;52.324181;
2408;"603710";"Laag";"9-12 m";"01-07-2020";"POINT(4.956601,52.323952)";"POINT(52.323952,4.956601)";4.956601;52.323952;
2409;"603962";"Laag";"9-12 m";"01-07-2020";"POINT(4.948283,52.33302)";"POINT(52.33302,4.948283)";4.948283;52.33302;
2410;"603885";"Laag";"9-12 m";"01-07-2020";"POINT(4.951375,52.330631)";"POINT(52.330631,4.951375)";4.951375;52.330631;
2411;"603870";"Laag";"9-12 m";"01-07-2020";"POINT(4.951038,52.330067)";"POINT(52.330067,4.951038)";4.951038;52.330067;
2412;"603835";"Laag";"12-15 m";"01-07-2020";"POINT(4.952803,52.32819)";"POINT(52.32819,4.952803)";4.952803;52.32819;
2413;"603828";"Laag";"9-12 m";"01-07-2020";"POINT(4.953091,52.327939)";"POINT(52.327939,4.953091)";4.953091;52.327939;
2414;"NT40402";"Laag";"12-15 m";"01-07-2020";"POINT(4.958059,52.321794)";"POINT(52.321794,4.958059)";4.958059;52.321794;
2415;"603918";"Laag";"9-12 m";"01-07-2020";"POINT(4.9501,52.331008)";"POINT(52.331008,4.9501)";4.9501;52.331008;
2416;"603933";"Laag";"9-12 m";"01-07-2020";"POINT(4.949572,52.331602)";"POINT(52.331602,4.949572)";4.949572;52.331602;
2417;"603928";"Laag";"9-12 m";"01-07-2020";"POINT(4.949867,52.331425)";"POINT(52.331425,4.949867)";4.949867;52.331425;
2418;"603884";"Laag";"9-12 m";"01-07-2020";"POINT(4.951398,52.330551)";"POINT(52.330551,4.951398)";4.951398;52.330551;
2419;"603794";"Laag";"9-12 m";"01-07-2020";"POINT(4.954996,52.326532)";"POINT(52.326532,4.954996)";4.954996;52.326532;
2420;"603985";"Laag";"9-12 m";"01-07-2020";"POINT(4.948916,52.333105)";"POINT(52.333105,4.948916)";4.948916;52.333105;
2421;"603996";"Laag";"9-12 m";"01-07-2020";"POINT(4.947577,52.334029)";"POINT(52.334029,4.947577)";4.947577;52.334029;
2422;"603997";"Laag";"9-12 m";"01-07-2020";"POINT(4.947473,52.33409)";"POINT(52.33409,4.947473)";4.947473;52.33409;
2423;"603960";"Laag";"9-12 m";"01-07-2020";"POINT(4.94837,52.332951)";"POINT(52.332951,4.94837)";4.94837;52.332951;
2424;"603972";"Laag";"9-12 m";"01-07-2020";"POINT(4.947796,52.333384)";"POINT(52.333384,4.947796)";4.947796;52.333384;
2425;"603964";"Laag";"9-12 m";"01-07-2020";"POINT(4.948192,52.333091)";"POINT(52.333091,4.948192)";4.948192;52.333091;
2426;"603965";"Laag";"9-12 m";"01-07-2020";"POINT(4.948029,52.33314)";"POINT(52.33314,4.948029)";4.948029;52.33314;
2427;"603896";"Laag";"9-12 m";"01-07-2020";"POINT(4.95018,52.330495)";"POINT(52.330495,4.95018)";4.95018;52.330495;
2428;"603736";"Laag";"9-12 m";"01-07-2020";"POINT(4.956092,52.325166)";"POINT(52.325166,4.956092)";4.956092;52.325166;
2429;"603784";"Laag";"6-9 m";"01-07-2020";"POINT(4.955319,52.326144)";"POINT(52.326144,4.955319)";4.955319;52.326144;
2430;"603867";"Laag";"9-12 m";"01-07-2020";"POINT(4.95133,52.329823)";"POINT(52.329823,4.95133)";4.95133;52.329823;
2431;"603967";"Laag";"9-12 m";"01-07-2020";"POINT(4.947936,52.333201)";"POINT(52.333201,4.947936)";4.947936;52.333201;
2432;"603946";"Laag";"9-12 m";"01-07-2020";"POINT(4.949015,52.332338)";"POINT(52.332338,4.949015)";4.949015;52.332338;
2433;"603727";"Laag";"9-12 m";"01-07-2020";"POINT(4.955622,52.324983)";"POINT(52.324983,4.955622)";4.955622;52.324983;
2434;"603713";"Laag";"9-12 m";"01-07-2020";"POINT(4.956528,52.324023)";"POINT(52.324023,4.956528)";4.956528;52.324023;
2435;"603810";"Laag";"9-12 m";"01-07-2020";"POINT(4.95444,52.327149)";"POINT(52.327149,4.95444)";4.95444;52.327149;
2436;"603800";"Laag";"9-12 m";"01-07-2020";"POINT(4.954789,52.326767)";"POINT(52.326767,4.954789)";4.954789;52.326767;
2437;"603772";"Laag";"6-9 m";"01-07-2020";"POINT(4.95411,52.326758)";"POINT(52.326758,4.95411)";4.95411;52.326758;
2438;"603743";"Laag";"0-6 m";"01-07-2020";"POINT(4.956007,52.325201)";"POINT(52.325201,4.956007)";4.956007;52.325201;
2439;"603742";"Laag";"9-12 m";"01-07-2020";"POINT(4.955952,52.325273)";"POINT(52.325273,4.955952)";4.955952;52.325273;
2440;"603737";"Laag";"6-9 m";"01-07-2020";"POINT(4.955957,52.325316)";"POINT(52.325316,4.955957)";4.955957;52.325316;
2441;"603734";"Laag";"9-12 m";"01-07-2020";"POINT(4.956143,52.325031)";"POINT(52.325031,4.956143)";4.956143;52.325031;
2442;"603971";"Laag";"9-12 m";"01-07-2020";"POINT(4.947724,52.333356)";"POINT(52.333356,4.947724)";4.947724;52.333356;
2443;"603969";"Laag";"9-12 m";"01-07-2020";"POINT(4.947842,52.333275)";"POINT(52.333275,4.947842)";4.947842;52.333275;
2444;"603966";"Laag";"9-12 m";"01-07-2020";"POINT(4.948109,52.333172)";"POINT(52.333172,4.948109)";4.948109;52.333172;
2445;"603956";"Laag";"9-12 m";"01-07-2020";"POINT(4.948535,52.332803)";"POINT(52.332803,4.948535)";4.948535;52.332803;
2446;"603922";"Laag";"9-12 m";"01-07-2020";"POINT(4.950063,52.331178)";"POINT(52.331178,4.950063)";4.950063;52.331178;
2447;"603897";"Laag";"9-12 m";"01-07-2020";"POINT(4.95031,52.330558)";"POINT(52.330558,4.95031)";4.95031;52.330558;
2448;"603892";"Laag";"9-12 m";"01-07-2020";"POINT(4.950127,52.330563)";"POINT(52.330563,4.950127)";4.950127;52.330563;
2449;"603836";"Laag";"9-12 m";"01-07-2020";"POINT(4.952807,52.328246)";"POINT(52.328246,4.952807)";4.952807;52.328246;
2450;"603829";"Laag";"9-12 m";"01-07-2020";"POINT(4.953002,52.327957)";"POINT(52.327957,4.953002)";4.953002;52.327957;
2451;"603958";"Laag";"9-12 m";"01-07-2020";"POINT(4.948462,52.332879)";"POINT(52.332879,4.948462)";4.948462;52.332879;
2452;"603921";"Laag";"9-12 m";"01-07-2020";"POINT(4.949956,52.331156)";"POINT(52.331156,4.949956)";4.949956;52.331156;
2453;"603760";"Laag";"9-12 m";"01-07-2020";"POINT(4.954555,52.32625)";"POINT(52.32625,4.954555)";4.954555;52.32625;
2454;"603791";"Laag";"6-9 m";"01-07-2020";"POINT(4.955065,52.326389)";"POINT(52.326389,4.955065)";4.955065;52.326389;
2455;"603731";"Laag";"6-9 m";"01-07-2020";"POINT(4.956406,52.324756)";"POINT(52.324756,4.956406)";4.956406;52.324756;
2456;"474770";"Laag";"15-18 m";"01-07-2020";"POINT(4.914025,52.331053)";"POINT(52.331053,4.914025)";4.914025;52.331053;
2457;"454140";"Laag";"15-18 m";"01-07-2020";"POINT(4.915549,52.329464)";"POINT(52.329464,4.915549)";4.915549;52.329464;
2458;"485962";"Laag";"15-18 m";"01-07-2020";"POINT(4.915042,52.33001)";"POINT(52.33001,4.915042)";4.915042;52.33001;
2459;"474812_d0";"Laag";"15-18 m";"01-07-2020";"POINT(4.91483,52.330209)";"POINT(52.330209,4.91483)";4.91483;52.330209;
2460;"485963";"Laag";"15-18 m";"01-07-2020";"POINT(4.914141,52.331067)";"POINT(52.331067,4.914141)";4.914141;52.331067;
2461;"474816";"Laag";"15-18 m";"01-07-2020";"POINT(4.914827,52.330318)";"POINT(52.330318,4.914827)";4.914827;52.330318;
2462;"454240";"Laag";"6-9 m";"01-07-2020";"POINT(4.925135,52.331453)";"POINT(52.331453,4.925135)";4.925135;52.331453;
2463;"454239";"Laag";"6-9 m";"01-07-2020";"POINT(4.925116,52.331418)";"POINT(52.331418,4.925116)";4.925116;52.331418;
2464;"577395";"Laag";"6-9 m";"01-07-2020";"POINT(4.892725,52.334652)";"POINT(52.334652,4.892725)";4.892725;52.334652;
2465;"580763";"Laag";"6-9 m";"01-07-2020";"POINT(4.891756,52.335248)";"POINT(52.335248,4.891756)";4.891756;52.335248;
2466;"66826842";"Laag";"9-12 m";"10-06-2020";"POINT(4.783246,52.381432)";"POINT(52.381432,4.783246)";4.783246;52.381432;
2467;"66826843";"Laag";"12-15 m";"10-06-2020";"POINT(4.783111,52.381432)";"POINT(52.381432,4.783111)";4.783111;52.381432;
2468;"66826845";"Laag";"12-15 m";"10-06-2020";"POINT(4.78276,52.381432)";"POINT(52.381432,4.78276)";4.78276;52.381432;
2469;"500964";"Standaard";"18-24 m";"15-06-2020";"POINT(4.877266,52.378242)";"POINT(52.378242,4.877266)";4.877266;52.378242;
2470;"523785";"Standaard";"15-18 m";"15-06-2020";"POINT(4.87374,52.360525)";"POINT(52.360525,4.87374)";4.87374;52.360525;
2471;"601594";"Standaard";"15-18 m";"15-06-2020";"POINT(4.976381,52.312877)";"POINT(52.312877,4.976381)";4.976381;52.312877;
2472;"547926";"Standaard";"12-15 m";"15-06-2020";"POINT(4.976528,52.310954)";"POINT(52.310954,4.976528)";4.976528;52.310954;
2473;"547713";"Standaard";"15-18 m";"15-06-2020";"POINT(4.972126,52.311037)";"POINT(52.311037,4.972126)";4.972126;52.311037;
2474;"402358";"Standaard";"18-24 m";"15-06-2020";"POINT(4.886933,52.420771)";"POINT(52.420771,4.886933)";4.886933;52.420771;
2475;"399165";"Standaard";"12-15 m";"15-06-2020";"POINT(4.88728,52.419291)";"POINT(52.419291,4.88728)";4.88728;52.419291;
2476;"429163";"Standaard";"12-15 m";"15-06-2020";"POINT(4.888592,52.421224)";"POINT(52.421224,4.888592)";4.888592;52.421224;
2477;"399207";"Standaard";"15-18 m";"15-06-2020";"POINT(4.88506,52.419196)";"POINT(52.419196,4.88506)";4.88506;52.419196;
2478;"399378";"Standaard";"15-18 m";"15-06-2020";"POINT(4.887551,52.421294)";"POINT(52.421294,4.887551)";4.887551;52.421294;
2479;"399109";"Standaard";"15-18 m";"15-06-2020";"POINT(4.891867,52.418351)";"POINT(52.418351,4.891867)";4.891867;52.418351;
2480;"399344";"Standaard";"18-24 m";"15-06-2020";"POINT(4.891125,52.418376)";"POINT(52.418376,4.891125)";4.891125;52.418376;
2481;"403233";"Standaard";"15-18 m";"15-06-2020";"POINT(4.88513,52.419223)";"POINT(52.419223,4.88513)";4.88513;52.419223;
2482;"403193";"Standaard";"15-18 m";"15-06-2020";"POINT(4.889487,52.416446)";"POINT(52.416446,4.889487)";4.889487;52.416446;
2483;"429165";"Standaard";"12-15 m";"15-06-2020";"POINT(4.887648,52.421419)";"POINT(52.421419,4.887648)";4.887648;52.421419;
2484;"432291";"Standaard";"12-15 m";"15-06-2020";"POINT(4.906331,52.420084)";"POINT(52.420084,4.906331)";4.906331;52.420084;
2485;"399416";"Standaard";"15-18 m";"15-06-2020";"POINT(4.888956,52.416539)";"POINT(52.416539,4.888956)";4.888956;52.416539;
2486;"399154";"Standaard";"15-18 m";"15-06-2020";"POINT(4.888945,52.417497)";"POINT(52.417497,4.888945)";4.888945;52.417497;
2487;"399377";"Standaard";"12-15 m";"15-06-2020";"POINT(4.887482,52.421278)";"POINT(52.421278,4.887482)";4.887482;52.421278;
2488;"399110";"Standaard";"15-18 m";"15-06-2020";"POINT(4.892026,52.418347)";"POINT(52.418347,4.892026)";4.892026;52.418347;
2489;"399104";"Standaard";"9-12 m";"15-06-2020";"POINT(4.889091,52.420593)";"POINT(52.420593,4.889091)";4.889091;52.420593;
2490;"399305";"Standaard";"15-18 m";"15-06-2020";"POINT(4.888716,52.420667)";"POINT(52.420667,4.888716)";4.888716;52.420667;
2491;"399298";"Standaard";"15-18 m";"15-06-2020";"POINT(4.885173,52.420406)";"POINT(52.420406,4.885173)";4.885173;52.420406;
2492;"464595";"Standaard";"12-15 m";"15-06-2020";"POINT(4.909451,52.414047)";"POINT(52.414047,4.909451)";4.909451;52.414047;
2493;"443836";"Standaard";"12-15 m";"15-06-2020";"POINT(4.888066,52.421369)";"POINT(52.421369,4.888066)";4.888066;52.421369;
2494;"399177";"Standaard";"15-18 m";"15-06-2020";"POINT(4.885106,52.420337)";"POINT(52.420337,4.885106)";4.885106;52.420337;
2495;"399176";"Standaard";"15-18 m";"15-06-2020";"POINT(4.885137,52.420369)";"POINT(52.420369,4.885137)";4.885137;52.420369;
2496;"399346";"Standaard";"15-18 m";"15-06-2020";"POINT(4.891932,52.418379)";"POINT(52.418379,4.891932)";4.891932;52.418379;
2497;"399080";"Standaard";"18-24 m";"15-06-2020";"POINT(4.892428,52.418867)";"POINT(52.418867,4.892428)";4.892428;52.418867;
2498;"399300";"Standaard";"15-18 m";"15-06-2020";"POINT(4.88511,52.420372)";"POINT(52.420372,4.88511)";4.88511;52.420372;
2499;"403194";"Standaard";"18-24 m";"15-06-2020";"POINT(4.889506,52.416385)";"POINT(52.416385,4.889506)";4.889506;52.416385;
2500;"348821";"Standaard";"9-12 m";"15-06-2020";"POINT(4.799788,52.370685)";"POINT(52.370685,4.799788)";4.799788;52.370685;
2501;"578035";"Standaard";"15-18 m";"12-06-2020";"POINT(4.865765,52.325266)";"POINT(52.325266,4.865765)";4.865765;52.325266;
2502;"568885";"Standaard";"15-18 m";"12-06-2020";"POINT(4.859864,52.328202)";"POINT(52.328202,4.859864)";4.859864;52.328202;
2503;"566527";"Standaard";"12-15 m";"12-06-2020";"POINT(4.867721,52.3319)";"POINT(52.3319,4.867721)";4.867721;52.3319;
2504;"667610";"Standaard";"9-12 m";"12-06-2020";"POINT(4.88519,52.318749)";"POINT(52.318749,4.88519)";4.88519;52.318749;
2505;"667611";"Standaard";"9-12 m";"12-06-2020";"POINT(4.886034,52.318693)";"POINT(52.318693,4.886034)";4.886034;52.318693;
2506;"568886";"Standaard";"15-18 m";"12-06-2020";"POINT(4.860034,52.328143)";"POINT(52.328143,4.860034)";4.860034;52.328143;
2507;"589961";"Standaard";"12-15 m";"12-06-2020";"POINT(4.868454,52.332172)";"POINT(52.332172,4.868454)";4.868454;52.332172;
2508;"592025";"Standaard";"9-12 m";"12-06-2020";"POINT(4.880365,52.331295)";"POINT(52.331295,4.880365)";4.880365;52.331295;
2509;"590277";"Standaard";"12-15 m";"12-06-2020";"POINT(4.880352,52.334262)";"POINT(52.334262,4.880352)";4.880352;52.334262;
2510;"590367";"Standaard";"12-15 m";"12-06-2020";"POINT(4.866653,52.324705)";"POINT(52.324705,4.866653)";4.866653;52.324705;
2511;"585801";"Standaard";"12-15 m";"12-06-2020";"POINT(4.880353,52.333989)";"POINT(52.333989,4.880353)";4.880353;52.333989;
2512;"583458";"Standaard";"18-24 m";"12-06-2020";"POINT(4.871421,52.326266)";"POINT(52.326266,4.871421)";4.871421;52.326266;
2513;"582621";"Standaard";"12-15 m";"12-06-2020";"POINT(4.867752,52.331933)";"POINT(52.331933,4.867752)";4.867752;52.331933;
2514;"511641";"Standaard";"12-15 m";"12-06-2020";"POINT(4.867817,52.331803)";"POINT(52.331803,4.867817)";4.867817;52.331803;
2515;"567464";"Standaard";"9-12 m";"12-06-2020";"POINT(4.861655,52.328527)";"POINT(52.328527,4.861655)";4.861655;52.328527;
2516;"574923";"Standaard";"12-15 m";"12-06-2020";"POINT(4.891571,52.320886)";"POINT(52.320886,4.891571)";4.891571;52.320886;
2517;"574916";"Standaard";"12-15 m";"12-06-2020";"POINT(4.891638,52.320649)";"POINT(52.320649,4.891638)";4.891638;52.320649;
2518;"574908";"Standaard";"12-15 m";"12-06-2020";"POINT(4.891615,52.32044)";"POINT(52.32044,4.891615)";4.891615;52.32044;
2519;"565860";"Standaard";"15-18 m";"12-06-2020";"POINT(4.886103,52.321252)";"POINT(52.321252,4.886103)";4.886103;52.321252;
2520;"566177";"Standaard";"15-18 m";"12-06-2020";"POINT(4.890686,52.318605)";"POINT(52.318605,4.890686)";4.890686;52.318605;
2521;"566257";"Standaard";"9-12 m";"12-06-2020";"POINT(4.885471,52.319956)";"POINT(52.319956,4.885471)";4.885471;52.319956;
2522;"516085";"Standaard";"9-12 m";"12-06-2020";"POINT(4.886572,52.319962)";"POINT(52.319962,4.886572)";4.886572;52.319962;
2523;"515067";"Standaard";"12-15 m";"12-06-2020";"POINT(4.886111,52.321565)";"POINT(52.321565,4.886111)";4.886111;52.321565;
2524;"566280";"Standaard";"9-12 m";"12-06-2020";"POINT(4.885371,52.318875)";"POINT(52.318875,4.885371)";4.885371;52.318875;
2525;"66826857";"Standaard";"9-12 m";"12-06-2020";"POINT(4.888311,52.320096)";"POINT(52.320096,4.888311)";4.888311;52.320096;
2526;"66826869";"Standaard";"18-24 m";"16-06-2020";"POINT(4.83422,52.320198)";"POINT(52.320198,4.83422)";4.83422;52.320198;
2527;"66826871";"Standaard";"18-24 m";"16-06-2020";"POINT(4.834082,52.32019)";"POINT(52.32019,4.834082)";4.834082;52.32019;
2528;"345689";"Standaard";"15-18 m";"16-06-2020";"POINT(4.931213,52.369986)";"POINT(52.369986,4.931213)";4.931213;52.369986;
2529;"589084";"Standaard";">24 m";"16-06-2020";"POINT(4.896255,52.330732)";"POINT(52.330732,4.896255)";4.896255;52.330732;
2530;"570366";"Standaard";"12-15 m";"16-06-2020";"POINT(4.896382,52.328164)";"POINT(52.328164,4.896382)";4.896382;52.328164;
2531;"568943";"Standaard";"18-24 m";"16-06-2020";"POINT(4.894872,52.326311)";"POINT(52.326311,4.894872)";4.894872;52.326311;
2532;"566410";"Standaard";"12-15 m";"16-06-2020";"POINT(4.894762,52.327179)";"POINT(52.327179,4.894762)";4.894762;52.327179;
2533;"563897";"Standaard";"9-12 m";"16-06-2020";"POINT(4.892994,52.325646)";"POINT(52.325646,4.892994)";4.892994;52.325646;
2534;"564495";"Standaard";"18-24 m";"16-06-2020";"POINT(4.895401,52.328481)";"POINT(52.328481,4.895401)";4.895401;52.328481;
2535;"K215677";"Standaard";"9-12 m";"16-06-2020";"POINT(4.892472,52.32771)";"POINT(52.32771,4.892472)";4.892472;52.32771;
2536;"KUZU021";"Standaard";"12-15 m";"16-06-2020";"POINT(4.893976,52.330394)";"POINT(52.330394,4.893976)";4.893976;52.330394;
2537;"514512";"Standaard";"15-18 m";"16-06-2020";"POINT(4.892532,52.332306)";"POINT(52.332306,4.892532)";4.892532;52.332306;
2538;"512803";"Standaard";"15-18 m";"16-06-2020";"POINT(4.89508,52.326791)";"POINT(52.326791,4.89508)";4.89508;52.326791;
2539;"577440";"Standaard";"18-24 m";"16-06-2020";"POINT(4.894084,52.327973)";"POINT(52.327973,4.894084)";4.894084;52.327973;
2540;"515950";"Standaard";"6-9 m";"16-06-2020";"POINT(4.893086,52.32575)";"POINT(52.32575,4.893086)";4.893086;52.32575;
2541;"667394";"Standaard";"15-18 m";"16-06-2020";"POINT(4.874303,52.418321)";"POINT(52.418321,4.874303)";4.874303;52.418321;
2542;"467107";"Standaard";"15-18 m";"16-06-2020";"POINT(4.885105,52.410659)";"POINT(52.410659,4.885105)";4.885105;52.410659;
2543;"467712";"Standaard";"15-18 m";"16-06-2020";"POINT(4.886426,52.410687)";"POINT(52.410687,4.886426)";4.886426;52.410687;
2544;"430272";"Standaard";"15-18 m";"16-06-2020";"POINT(4.892497,52.409407)";"POINT(52.409407,4.892497)";4.892497;52.409407;
2545;"431873";"Standaard";"15-18 m";"16-06-2020";"POINT(4.882335,52.412037)";"POINT(52.412037,4.882335)";4.882335;52.412037;
2546;"431868";"Standaard";"15-18 m";"16-06-2020";"POINT(4.882771,52.411329)";"POINT(52.411329,4.882771)";4.882771;52.411329;
2547;"398953";"Standaard";"12-15 m";"16-06-2020";"POINT(4.893316,52.408832)";"POINT(52.408832,4.893316)";4.893316;52.408832;
2548;"399016";"Standaard";"18-24 m";"16-06-2020";"POINT(4.894026,52.411162)";"POINT(52.411162,4.894026)";4.894026;52.411162;
2549;"401851";"Standaard";"15-18 m";"16-06-2020";"POINT(4.878384,52.413908)";"POINT(52.413908,4.878384)";4.878384;52.413908;
2550;"401833";"Standaard";"18-24 m";"16-06-2020";"POINT(4.884897,52.410777)";"POINT(52.410777,4.884897)";4.884897;52.410777;
2551;"401826";"Standaard";"12-15 m";"16-06-2020";"POINT(4.890083,52.408334)";"POINT(52.408334,4.890083)";4.890083;52.408334;
2552;"468642";"Standaard";"15-18 m";"16-06-2020";"POINT(4.881431,52.41202)";"POINT(52.41202,4.881431)";4.881431;52.41202;
2553;"432846";"Standaard";"15-18 m";"16-06-2020";"POINT(4.89244,52.40901)";"POINT(52.40901,4.89244)";4.89244;52.40901;
2554;"398952";"Standaard";"15-18 m";"16-06-2020";"POINT(4.893317,52.40879)";"POINT(52.40879,4.893317)";4.893317;52.40879;
2555;"398951";"Standaard";"15-18 m";"16-06-2020";"POINT(4.893294,52.408748)";"POINT(52.408748,4.893294)";4.893294;52.408748;
2556;"467231";"Standaard";"12-15 m";"16-06-2020";"POINT(4.958371,52.384297)";"POINT(52.384297,4.958371)";4.958371;52.384297;
2557;"474209";"Standaard";"15-18 m";"16-06-2020";"POINT(4.959028,52.384109)";"POINT(52.384109,4.959028)";4.959028;52.384109;
2558;"66826908";"Standaard";"12-15 m";"16-06-2020";"POINT(4.829008,52.387426)";"POINT(52.387426,4.829008)";4.829008;52.387426;
2559;"505497";"Standaard";"15-18 m";"16-06-2020";"POINT(4.875161,52.389449)";"POINT(52.389449,4.875161)";4.875161;52.389449;
2560;"497134";"Standaard";"15-18 m";"16-06-2020";"POINT(4.8761,52.389762)";"POINT(52.389762,4.8761)";4.8761;52.389762;
2561;"1555863";"Standaard";"12-15 m";"16-06-2020";"POINT(4.824895,52.387428)";"POINT(52.387428,4.824895)";4.824895;52.387428;
2562;"1555777";"Standaard";"12-15 m";"16-06-2020";"POINT(4.829666,52.387343)";"POINT(52.387343,4.829666)";4.829666;52.387343;
2563;"1555782";"Standaard";"12-15 m";"16-06-2020";"POINT(4.829318,52.387415)";"POINT(52.387415,4.829318)";4.829318;52.387415;
2564;"1555850";"Standaard";"12-15 m";"16-06-2020";"POINT(4.825101,52.38741)";"POINT(52.38741,4.825101)";4.825101;52.38741;
2565;"1555428";"Standaard";"12-15 m";"16-06-2020";"POINT(4.823281,52.386318)";"POINT(52.386318,4.823281)";4.823281;52.386318;
2566;"1554928";"Standaard";"12-15 m";"16-06-2020";"POINT(4.829682,52.385426)";"POINT(52.385426,4.829682)";4.829682;52.385426;
2567;"1555749";"Standaard";"12-15 m";"16-06-2020";"POINT(4.830242,52.385449)";"POINT(52.385449,4.830242)";4.830242;52.385449;
2568;"1555736_d11";"Standaard";"12-15 m";"16-06-2020";"POINT(4.830041,52.385495)";"POINT(52.385495,4.830041)";4.830041;52.385495;
2569;"1555456";"Standaard";"12-15 m";"16-06-2020";"POINT(4.823812,52.386513)";"POINT(52.386513,4.823812)";4.823812;52.386513;
2570;"1555753";"Standaard";"12-15 m";"16-06-2020";"POINT(4.830806,52.38543)";"POINT(52.38543,4.830806)";4.830806;52.38543;
2571;"1555245";"Standaard";"12-15 m";"16-06-2020";"POINT(4.826428,52.385881)";"POINT(52.385881,4.826428)";4.826428;52.385881;
2572;"66826890";"Standaard";"6-9 m";"16-06-2020";"POINT(4.795739,52.385314)";"POINT(52.385314,4.795739)";4.795739;52.385314;
2573;"66826892";"Standaard";"6-9 m";"16-06-2020";"POINT(4.795657,52.385312)";"POINT(52.385312,4.795657)";4.795657;52.385312;
2574;"66826909";"Standaard";"12-15 m";"16-06-2020";"POINT(4.828928,52.387401)";"POINT(52.387401,4.828928)";4.828928;52.387401;
2575;"66826910";"Standaard";"12-15 m";"16-06-2020";"POINT(4.828829,52.387383)";"POINT(52.387383,4.828829)";4.828829;52.387383;
2576;"AMBO33548";"Standaard";"18-24 m";"17-06-2020";"POINT(4.824541,52.321496)";"POINT(52.321496,4.824541)";4.824541;52.321496;
2577;"66826930";"Standaard";"15-18 m";"17-06-2020";"POINT(4.974369,52.384015)";"POINT(52.384015,4.974369)";4.974369;52.384015;
2578;"NT107462";"Standaard";"";"17-06-2020";"POINT(4.975642,52.317047)";"POINT(52.317047,4.975642)";4.975642;52.317047;
2579;"6682344";"Standaard";"18-24 m";"17-06-2020";"POINT(4.824634,52.32161)";"POINT(52.32161,4.824634)";4.824634;52.32161;
2580;"_N_124551800000";"Standaard";"15-18 m";"17-06-2020";"POINT(4.975235,52.305768)";"POINT(52.305768,4.975235)";4.975235;52.305768;
2581;"NT396157";"Standaard";"18-24 m";"17-06-2020";"POINT(4.979032,52.32162)";"POINT(52.32162,4.979032)";4.979032;52.32162;
2582;"543881";"Standaard";"9-12 m";"17-06-2020";"POINT(4.965161,52.31737)";"POINT(52.31737,4.965161)";4.965161;52.31737;
2583;"543879";"Standaard";"12-15 m";"17-06-2020";"POINT(4.96493,52.317262)";"POINT(52.317262,4.96493)";4.96493;52.317262;
2584;"543872";"Standaard";"9-12 m";"17-06-2020";"POINT(4.964048,52.316927)";"POINT(52.316927,4.964048)";4.964048;52.316927;
2585;"543871";"Standaard";"12-15 m";"17-06-2020";"POINT(4.963938,52.316889)";"POINT(52.316889,4.963938)";4.963938;52.316889;
2586;"543870";"Standaard";"9-12 m";"17-06-2020";"POINT(4.9638,52.316843)";"POINT(52.316843,4.9638)";4.9638;52.316843;
2587;"543753";"Standaard";"9-12 m";"17-06-2020";"POINT(4.968854,52.318734)";"POINT(52.318734,4.968854)";4.968854;52.318734;
2588;"543750";"Standaard";"9-12 m";"17-06-2020";"POINT(4.969239,52.318864)";"POINT(52.318864,4.969239)";4.969239;52.318864;
2589;"543749";"Standaard";"9-12 m";"17-06-2020";"POINT(4.969368,52.318909)";"POINT(52.318909,4.969368)";4.969368;52.318909;
2590;"543748";"Standaard";"9-12 m";"17-06-2020";"POINT(4.969501,52.318955)";"POINT(52.318955,4.969501)";4.969501;52.318955;
2591;"543747";"Standaard";"9-12 m";"17-06-2020";"POINT(4.969625,52.318998)";"POINT(52.318998,4.969625)";4.969625;52.318998;
2592;"543954";"Standaard";"9-12 m";"17-06-2020";"POINT(4.963478,52.317028)";"POINT(52.317028,4.963478)";4.963478;52.317028;
2593;"543952";"Standaard";"9-12 m";"17-06-2020";"POINT(4.963726,52.317002)";"POINT(52.317002,4.963726)";4.963726;52.317002;
2594;"544917";"Standaard";"9-12 m";"17-06-2020";"POINT(4.96488,52.315356)";"POINT(52.315356,4.96488)";4.96488;52.315356;
2595;"544912";"Standaard";"9-12 m";"17-06-2020";"POINT(4.964541,52.315726)";"POINT(52.315726,4.964541)";4.964541;52.315726;
2596;"545440";"Standaard";"15-18 m";"17-06-2020";"POINT(4.97096,52.315397)";"POINT(52.315397,4.97096)";4.97096;52.315397;
2597;"543869";"Standaard";"9-12 m";"17-06-2020";"POINT(4.963673,52.3168)";"POINT(52.3168,4.963673)";4.963673;52.3168;
2598;"546669";"Standaard";"12-15 m";"17-06-2020";"POINT(4.976471,52.318705)";"POINT(52.318705,4.976471)";4.976471;52.318705;
2599;"543752";"Standaard";"9-12 m";"17-06-2020";"POINT(4.968969,52.318772)";"POINT(52.318772,4.968969)";4.968969;52.318772;
2600;"544919";"Standaard";"9-12 m";"17-06-2020";"POINT(4.965016,52.315208)";"POINT(52.315208,4.965016)";4.965016;52.315208;
2601;"544918";"Standaard";"9-12 m";"17-06-2020";"POINT(4.964948,52.315282)";"POINT(52.315282,4.964948)";4.964948;52.315282;
2602;"544916";"Standaard";"9-12 m";"17-06-2020";"POINT(4.964812,52.31543)";"POINT(52.31543,4.964812)";4.964812;52.31543;
2603;"544915";"Standaard";"9-12 m";"17-06-2020";"POINT(4.964744,52.315504)";"POINT(52.315504,4.964744)";4.964744;52.315504;
2604;"544913";"Standaard";"9-12 m";"17-06-2020";"POINT(4.964609,52.315652)";"POINT(52.315652,4.964609)";4.964609;52.315652;
2605;"544911";"Standaard";"9-12 m";"17-06-2020";"POINT(4.964473,52.3158)";"POINT(52.3158,4.964473)";4.964473;52.3158;
2606;"544910";"Standaard";"9-12 m";"17-06-2020";"POINT(4.964405,52.315874)";"POINT(52.315874,4.964405)";4.964405;52.315874;
2607;"544909";"Standaard";"9-12 m";"17-06-2020";"POINT(4.964338,52.315948)";"POINT(52.315948,4.964338)";4.964338;52.315948;
2608;"544907";"Standaard";"9-12 m";"17-06-2020";"POINT(4.964202,52.316096)";"POINT(52.316096,4.964202)";4.964202;52.316096;
2609;"595247";"Standaard";"9-12 m";"17-06-2020";"POINT(4.96347,52.317176)";"POINT(52.317176,4.96347)";4.96347;52.317176;
2610;"544914";"Standaard";"9-12 m";"17-06-2020";"POINT(4.964676,52.315578)";"POINT(52.315578,4.964676)";4.964676;52.315578;
2611;"6682523";"Standaard";"18-24 m";"17-06-2020";"POINT(4.840291,52.306286)";"POINT(52.306286,4.840291)";4.840291;52.306286;
2612;"66826888";"Standaard";"18-24 m";"17-06-2020";"POINT(4.837751,52.306502)";"POINT(52.306502,4.837751)";4.837751;52.306502;
2613;"66826895";"Standaard";">24 m";"17-06-2020";"POINT(4.825368,52.322019)";"POINT(52.322019,4.825368)";4.825368;52.322019;
2614;"468635";"Standaard";"9-12 m";"17-06-2020";"POINT(4.902121,52.402411)";"POINT(52.402411,4.902121)";4.902121;52.402411;
2615;"468598";"Standaard";"9-12 m";"17-06-2020";"POINT(4.909029,52.401102)";"POINT(52.401102,4.909029)";4.909029;52.401102;
2616;"466995";"Standaard";"15-18 m";"17-06-2020";"POINT(4.905624,52.402376)";"POINT(52.402376,4.905624)";4.905624;52.402376;
2617;"466977";"Standaard";"9-12 m";"17-06-2020";"POINT(4.907708,52.401998)";"POINT(52.401998,4.907708)";4.907708;52.401998;
2618;"444842_d6";"Standaard";"12-15 m";"17-06-2020";"POINT(4.905825,52.403698)";"POINT(52.403698,4.905825)";4.905825;52.403698;
2619;"437788";"Standaard";"12-15 m";"17-06-2020";"POINT(4.911599,52.402958)";"POINT(52.402958,4.911599)";4.911599;52.402958;
2620;"442276";"Standaard";"12-15 m";"17-06-2020";"POINT(4.911665,52.403045)";"POINT(52.403045,4.911665)";4.911665;52.403045;
2621;"441456";"Standaard";"9-12 m";"17-06-2020";"POINT(4.893334,52.406815)";"POINT(52.406815,4.893334)";4.893334;52.406815;
2622;"443117";"Standaard";"9-12 m";"17-06-2020";"POINT(4.910999,52.400774)";"POINT(52.400774,4.910999)";4.910999;52.400774;
2623;"430544";"Standaard";"15-18 m";"17-06-2020";"POINT(4.880689,52.420755)";"POINT(52.420755,4.880689)";4.880689;52.420755;
2624;"430533";"Standaard";"15-18 m";"17-06-2020";"POINT(4.879702,52.420799)";"POINT(52.420799,4.879702)";4.879702;52.420799;
2625;"431508";"Standaard";"15-18 m";"17-06-2020";"POINT(4.907322,52.403787)";"POINT(52.403787,4.907322)";4.907322;52.403787;
2626;"432992";"Standaard";"15-18 m";"17-06-2020";"POINT(4.880262,52.420614)";"POINT(52.420614,4.880262)";4.880262;52.420614;
2627;"432987";"Standaard";"12-15 m";"17-06-2020";"POINT(4.878938,52.421658)";"POINT(52.421658,4.878938)";4.878938;52.421658;
2628;"431837";"Standaard";"9-12 m";"17-06-2020";"POINT(4.901996,52.40251)";"POINT(52.40251,4.901996)";4.901996;52.40251;
2629;"431818";"Standaard";"15-18 m";"17-06-2020";"POINT(4.905219,52.402292)";"POINT(52.402292,4.905219)";4.905219;52.402292;
2630;"431816";"Standaard";"15-18 m";"17-06-2020";"POINT(4.906137,52.401967)";"POINT(52.401967,4.906137)";4.906137;52.401967;
2631;"430538";"Standaard";"15-18 m";"17-06-2020";"POINT(4.880016,52.420526)";"POINT(52.420526,4.880016)";4.880016;52.420526;
2632;"465333";"Standaard";"12-15 m";"17-06-2020";"POINT(4.911527,52.402992)";"POINT(52.402992,4.911527)";4.911527;52.402992;
2633;"466092";"Standaard";"9-12 m";"17-06-2020";"POINT(4.879194,52.42125)";"POINT(52.42125,4.879194)";4.879194;52.42125;
2634;"468638";"Standaard";"15-18 m";"17-06-2020";"POINT(4.902212,52.402429)";"POINT(52.402429,4.902212)";4.902212;52.402429;
2635;"466993";"Standaard";"12-15 m";"17-06-2020";"POINT(4.905636,52.402426)";"POINT(52.402426,4.905636)";4.905636;52.402426;
2636;"466990";"Standaard";"12-15 m";"17-06-2020";"POINT(4.904756,52.402761)";"POINT(52.402761,4.904756)";4.904756;52.402761;
2637;"437949";"Standaard";"6-9 m";"17-06-2020";"POINT(4.90487,52.404692)";"POINT(52.404692,4.90487)";4.90487;52.404692;
2638;"436179";"Standaard";"12-15 m";"17-06-2020";"POINT(4.909164,52.385625)";"POINT(52.385625,4.909164)";4.909164;52.385625;
2639;"443116";"Standaard";"6-9 m";"17-06-2020";"POINT(4.910978,52.400673)";"POINT(52.400673,4.910978)";4.910978;52.400673;
2640;"429653";"Standaard";"15-18 m";"17-06-2020";"POINT(4.905944,52.401948)";"POINT(52.401948,4.905944)";4.905944;52.401948;
2641;"431832";"Standaard";"15-18 m";"17-06-2020";"POINT(4.904455,52.402553)";"POINT(52.402553,4.904455)";4.904455;52.402553;
2642;"431831";"Standaard";"12-15 m";"17-06-2020";"POINT(4.904226,52.402648)";"POINT(52.402648,4.904226)";4.904226;52.402648;
2643;"431830";"Standaard";"12-15 m";"17-06-2020";"POINT(4.904079,52.402692)";"POINT(52.402692,4.904079)";4.904079;52.402692;
2644;"431829";"Standaard";"9-12 m";"17-06-2020";"POINT(4.903884,52.402819)";"POINT(52.402819,4.903884)";4.903884;52.402819;
2645;"431828";"Standaard";"9-12 m";"17-06-2020";"POINT(4.903833,52.402794)";"POINT(52.402794,4.903833)";4.903833;52.402794;
2646;"431827";"Standaard";"9-12 m";"17-06-2020";"POINT(4.903957,52.40282)";"POINT(52.40282,4.903957)";4.903957;52.40282;
2647;"431826";"Standaard";"15-18 m";"17-06-2020";"POINT(4.90406,52.402758)";"POINT(52.402758,4.90406)";4.90406;52.402758;
2648;"431822";"Standaard";"15-18 m";"17-06-2020";"POINT(4.904736,52.402483)";"POINT(52.402483,4.904736)";4.904736;52.402483;
2649;"431817";"Standaard";"15-18 m";"17-06-2020";"POINT(4.90586,52.402032)";"POINT(52.402032,4.90586)";4.90586;52.402032;
2650;"431814";"Standaard";"15-18 m";"17-06-2020";"POINT(4.906869,52.401689)";"POINT(52.401689,4.906869)";4.906869;52.401689;
2651;"431813";"Standaard";"15-18 m";"17-06-2020";"POINT(4.906897,52.401647)";"POINT(52.401647,4.906897)";4.906897;52.401647;
2652;"472465";"Standaard";"9-12 m";"17-06-2020";"POINT(4.909724,52.398399)";"POINT(52.398399,4.909724)";4.909724;52.398399;
2653;"472464";"Standaard";"9-12 m";"17-06-2020";"POINT(4.909671,52.398467)";"POINT(52.398467,4.909671)";4.909671;52.398467;
2654;"466083";"Standaard";"12-15 m";"17-06-2020";"POINT(4.878463,52.421552)";"POINT(52.421552,4.878463)";4.878463;52.421552;
2655;"398249";"Standaard";"15-18 m";"17-06-2020";"POINT(4.910405,52.400321)";"POINT(52.400321,4.910405)";4.910405;52.400321;
2656;"397832";"Standaard";"12-15 m";"17-06-2020";"POINT(4.911381,52.40275)";"POINT(52.40275,4.911381)";4.911381;52.40275;
2657;"401081";"Standaard";"15-18 m";"17-06-2020";"POINT(4.908023,52.403458)";"POINT(52.403458,4.908023)";4.908023;52.403458;
2658;"1552332";"Standaard";"15-18 m";"17-06-2020";"POINT(4.911129,52.400307)";"POINT(52.400307,4.911129)";4.911129;52.400307;
2659;"66826911";"Standaard";"9-12 m";"17-06-2020";"POINT(4.911419,52.402777)";"POINT(52.402777,4.911419)";4.911419;52.402777;
2660;"66826913";"Standaard";"15-18 m";"17-06-2020";"POINT(4.905753,52.403784)";"POINT(52.403784,4.905753)";4.905753;52.403784;
2661;"T111501";"Standaard";"18-24 m";"17-06-2020";"POINT(4.986781,52.322292)";"POINT(52.322292,4.986781)";4.986781;52.322292;
2662;"547971";"Standaard";"15-18 m";"17-06-2020";"POINT(4.9731,52.311018)";"POINT(52.311018,4.9731)";4.9731;52.311018;
2663;"T92500";"Standaard";"18-24 m";"17-06-2020";"POINT(4.98659,52.322282)";"POINT(52.322282,4.98659)";4.98659;52.322282;
2664;"T111506";"Standaard";"15-18 m";"17-06-2020";"POINT(4.984476,52.316498)";"POINT(52.316498,4.984476)";4.984476;52.316498;
2665;"540404";"Standaard";"15-18 m";"17-06-2020";"POINT(4.992878,52.318919)";"POINT(52.318919,4.992878)";4.992878;52.318919;
2666;"540403";"Standaard";"18-24 m";"17-06-2020";"POINT(4.992871,52.319089)";"POINT(52.319089,4.992871)";4.992871;52.319089;
2667;"540400";"Standaard";"18-24 m";"17-06-2020";"POINT(4.991969,52.319212)";"POINT(52.319212,4.991969)";4.991969;52.319212;
2668;"540399";"Standaard";"15-18 m";"17-06-2020";"POINT(4.992335,52.319239)";"POINT(52.319239,4.992335)";4.992335;52.319239;
2669;"594580";"Standaard";"9-12 m";"17-06-2020";"POINT(4.982856,52.314025)";"POINT(52.314025,4.982856)";4.982856;52.314025;
2670;"540398";"Standaard";"15-18 m";"17-06-2020";"POINT(4.992416,52.319192)";"POINT(52.319192,4.992416)";4.992416;52.319192;
2671;"T111492";"Standaard";"15-18 m";"17-06-2020";"POINT(4.992591,52.317761)";"POINT(52.317761,4.992591)";4.992591;52.317761;
2672;"667800";"Standaard";"12-15 m";"17-06-2020";"POINT(4.986953,52.323772)";"POINT(52.323772,4.986953)";4.986953;52.323772;
2673;"668161";"Standaard";"15-18 m";"17-06-2020";"POINT(4.988856,52.322694)";"POINT(52.322694,4.988856)";4.988856;52.322694;
2674;"668162";"Standaard";"12-15 m";"17-06-2020";"POINT(4.989365,52.322523)";"POINT(52.322523,4.989365)";4.989365;52.322523;
2675;"T92502";"Standaard";"12-15 m";"17-06-2020";"POINT(4.989555,52.322459)";"POINT(52.322459,4.989555)";4.989555;52.322459;
2676;"T111500";"Standaard";"15-18 m";"17-06-2020";"POINT(4.98721,52.32397)";"POINT(52.32397,4.98721)";4.98721;52.32397;
2677;"T92495";"Standaard";"12-15 m";"17-06-2020";"POINT(4.98764,52.324092)";"POINT(52.324092,4.98764)";4.98764;52.324092;
2678;"668163";"Standaard";"15-18 m";"17-06-2020";"POINT(4.988515,52.322648)";"POINT(52.322648,4.988515)";4.988515;52.322648;
2679;"668165";"Standaard";"18-24 m";"17-06-2020";"POINT(4.987074,52.322305)";"POINT(52.322305,4.987074)";4.987074;52.322305;
2680;"T92537";"Standaard";"15-18 m";"17-06-2020";"POINT(4.977861,52.314355)";"POINT(52.314355,4.977861)";4.977861;52.314355;
2681;"547392";"Standaard";"15-18 m";"17-06-2020";"POINT(4.98608,52.317532)";"POINT(52.317532,4.98608)";4.98608;52.317532;
2682;"594581";"Standaard";"9-12 m";"17-06-2020";"POINT(4.98282,52.314078)";"POINT(52.314078,4.98282)";4.98282;52.314078;
2683;"T92539";"Standaard";"9-12 m";"17-06-2020";"POINT(4.981657,52.315883)";"POINT(52.315883,4.981657)";4.981657;52.315883;
2684;"548361";"Standaard";"12-15 m";"17-06-2020";"POINT(4.985492,52.317111)";"POINT(52.317111,4.985492)";4.985492;52.317111;
2685;"548222";"Standaard";"9-12 m";"17-06-2020";"POINT(4.981766,52.315802)";"POINT(52.315802,4.981766)";4.981766;52.315802;
2686;"547259";"Standaard";"12-15 m";"17-06-2020";"POINT(4.991295,52.316498)";"POINT(52.316498,4.991295)";4.991295;52.316498;
2687;"548076";"Standaard";"12-15 m";"17-06-2020";"POINT(4.98569,52.317413)";"POINT(52.317413,4.98569)";4.98569;52.317413;
2688;"T92538";"Standaard";"18-24 m";"17-06-2020";"POINT(4.979482,52.315333)";"POINT(52.315333,4.979482)";4.979482;52.315333;
2689;"T92496";"Standaard";"12-15 m";"17-06-2020";"POINT(4.987567,52.323896)";"POINT(52.323896,4.987567)";4.987567;52.323896;
2690;"66826911";"Standaard";"12-15 m";"17-06-2020";"POINT(4.987095,52.323833)";"POINT(52.323833,4.987095)";4.987095;52.323833;
2691;"66826925";"Standaard";"15-18 m";"17-06-2020";"POINT(4.988523,52.322825)";"POINT(52.322825,4.988523)";4.988523;52.322825;
2692;"66826926";"Standaard";"12-15 m";"17-06-2020";"POINT(4.989333,52.322427)";"POINT(52.322427,4.989333)";4.989333;52.322427;
2693;"66826928";"Standaard";"15-18 m";"17-06-2020";"POINT(4.974519,52.384058)";"POINT(52.384058,4.974519)";4.974519;52.384058;
2694;"66826929";"Standaard";"15-18 m";"17-06-2020";"POINT(4.974711,52.384094)";"POINT(52.384094,4.974711)";4.974711;52.384094;
2695;"589649";"Standaard";"9-12 m";"17-06-2020";"POINT(4.876376,52.341082)";"POINT(52.341082,4.876376)";4.876376;52.341082;
2696;"592284";"Standaard";"9-12 m";"17-06-2020";"POINT(4.876346,52.341076)";"POINT(52.341076,4.876346)";4.876346;52.341076;
2697;"558346";"Standaard";"6-9 m";"17-06-2020";"POINT(4.984636,52.308216)";"POINT(52.308216,4.984636)";4.984636;52.308216;
2698;"558328";"Standaard";"0-6 m";"17-06-2020";"POINT(4.985395,52.307902)";"POINT(52.307902,4.985395)";4.985395;52.307902;
2699;"558125";"Standaard";"15-18 m";"17-06-2020";"POINT(4.978935,52.30746)";"POINT(52.30746,4.978935)";4.978935;52.30746;
2700;"550085";"Standaard";"15-18 m";"17-06-2020";"POINT(4.969919,52.306258)";"POINT(52.306258,4.969919)";4.969919;52.306258;
2701;"547746";"Standaard";"9-12 m";"17-06-2020";"POINT(4.973945,52.312498)";"POINT(52.312498,4.973945)";4.973945;52.312498;
2702;"547745";"Standaard";"9-12 m";"17-06-2020";"POINT(4.973992,52.312453)";"POINT(52.312453,4.973992)";4.973992;52.312453;
2703;"547894";"Standaard";"12-15 m";"17-06-2020";"POINT(4.975024,52.310927)";"POINT(52.310927,4.975024)";4.975024;52.310927;
2704;"547611";"Standaard";"12-15 m";"17-06-2020";"POINT(4.971144,52.312557)";"POINT(52.312557,4.971144)";4.971144;52.312557;
2705;"901184";"Standaard";"6-9 m";"17-06-2020";"POINT(4.984076,52.310414)";"POINT(52.310414,4.984076)";4.984076;52.310414;
2706;"550090";"Standaard";"12-15 m";"17-06-2020";"POINT(4.969779,52.306374)";"POINT(52.306374,4.969779)";4.969779;52.306374;
2707;"558340";"Standaard";"15-18 m";"17-06-2020";"POINT(4.984689,52.307807)";"POINT(52.307807,4.984689)";4.984689;52.307807;
2708;"558331";"Standaard";"0-6 m";"17-06-2020";"POINT(4.984976,52.307973)";"POINT(52.307973,4.984976)";4.984976;52.307973;
2709;"550140";"Standaard";"15-18 m";"17-06-2020";"POINT(4.97063,52.305204)";"POINT(52.305204,4.97063)";4.97063;52.305204;
2710;"550087";"Standaard";"15-18 m";"17-06-2020";"POINT(4.969846,52.306278)";"POINT(52.306278,4.969846)";4.969846;52.306278;
2711;"550976";"Standaard";"12-15 m";"17-06-2020";"POINT(4.971476,52.305573)";"POINT(52.305573,4.971476)";4.971476;52.305573;
2712;"550141";"Standaard";"15-18 m";"17-06-2020";"POINT(4.970557,52.305169)";"POINT(52.305169,4.970557)";4.970557;52.305169;
2713;"901206";"Standaard";"0-6 m";"17-06-2020";"POINT(4.985667,52.307752)";"POINT(52.307752,4.985667)";4.985667;52.307752;
2714;"901204";"Standaard";"6-9 m";"17-06-2020";"POINT(4.985648,52.307859)";"POINT(52.307859,4.985648)";4.985648;52.307859;
2715;"558334";"Standaard";"6-9 m";"17-06-2020";"POINT(4.985261,52.307803)";"POINT(52.307803,4.985261)";4.985261;52.307803;
2716;"558329";"Standaard";"6-9 m";"17-06-2020";"POINT(4.985244,52.307928)";"POINT(52.307928,4.985244)";4.985244;52.307928;
2717;"547690";"Standaard";"15-18 m";"17-06-2020";"POINT(4.971869,52.31171)";"POINT(52.31171,4.971869)";4.971869;52.31171;
2718;"1557862";"Standaard";"9-12 m";"17-06-2020";"POINT(4.983922,52.310617)";"POINT(52.310617,4.983922)";4.983922;52.310617;
2719;"901207";"Standaard";"6-9 m";"17-06-2020";"POINT(4.985543,52.30777)";"POINT(52.30777,4.985543)";4.985543;52.30777;
2720;"444975";"Standaard";"12-15 m";"18-06-2020";"POINT(4.91589,52.402145)";"POINT(52.402145,4.91589)";4.91589;52.402145;
2721;"1556838";"Standaard";"9-12 m";"18-06-2020";"POINT(4.912529,52.402924)";"POINT(52.402924,4.912529)";4.912529;52.402924;
2722;"66826916";"Standaard";"12-15 m";"18-06-2020";"POINT(4.844024,52.369528)";"POINT(52.369528,4.844024)";4.844024;52.369528;
2723;"666986";"Standaard";"15-18 m";"18-06-2020";"POINT(4.83314,52.337388)";"POINT(52.337388,4.83314)";4.83314;52.337388;
2724;"AMBO91854_d7";"Standaard";"18-24 m";"18-06-2020";"POINT(4.815041,52.30602)";"POINT(52.30602,4.815041)";4.815041;52.30602;
2725;"6682386_d8";"Standaard";"18-24 m";"18-06-2020";"POINT(4.834561,52.314466)";"POINT(52.314466,4.834561)";4.834561;52.314466;
2726;"6682389_d11";"Standaard";"18-24 m";"18-06-2020";"POINT(4.834476,52.314435)";"POINT(52.314435,4.834476)";4.834476;52.314435;
2727;"6682385_d12";"Standaard";"18-24 m";"18-06-2020";"POINT(4.834604,52.314388)";"POINT(52.314388,4.834604)";4.834604;52.314388;
2728;"6682387_d14";"Standaard";"18-24 m";"18-06-2020";"POINT(4.834665,52.314443)";"POINT(52.314443,4.834665)";4.834665;52.314443;
2729;"667983_d17";"Standaard";"18-24 m";"18-06-2020";"POINT(4.815464,52.306259)";"POINT(52.306259,4.815464)";4.815464;52.306259;
2730;"AMBO91862";"Standaard";"15-18 m";"18-06-2020";"POINT(4.815976,52.306243)";"POINT(52.306243,4.815976)";4.815976;52.306243;
2731;"667981_d18";"Standaard";"12-15 m";"18-06-2020";"POINT(4.816065,52.306604)";"POINT(52.306604,4.816065)";4.816065;52.306604;
2732;"NAMBO146568";"Standaard";"12-15 m";"18-06-2020";"POINT(4.816358,52.306707)";"POINT(52.306707,4.816358)";4.816358;52.306707;
2733;"AMBO91820_d28";"Standaard";"18-24 m";"18-06-2020";"POINT(4.815156,52.306012)";"POINT(52.306012,4.815156)";4.815156;52.306012;
2734;"6682134";"Standaard";"18-24 m";"18-06-2020";"POINT(4.815567,52.306113)";"POINT(52.306113,4.815567)";4.815567;52.306113;
2735;"6682138_d29";"Standaard";"18-24 m";"18-06-2020";"POINT(4.816434,52.306402)";"POINT(52.306402,4.816434)";4.816434;52.306402;
2736;"6682139_d30";"Standaard";"18-24 m";"18-06-2020";"POINT(4.816501,52.306427)";"POINT(52.306427,4.816501)";4.816501;52.306427;
2737;"667396";"Standaard";"18-24 m";"18-06-2020";"POINT(4.815221,52.305948)";"POINT(52.305948,4.815221)";4.815221;52.305948;
2738;"6682133";"Standaard";"18-24 m";"18-06-2020";"POINT(4.815344,52.306036)";"POINT(52.306036,4.815344)";4.815344;52.306036;
2739;"6682135";"Standaard";"18-24 m";"18-06-2020";"POINT(4.815639,52.306127)";"POINT(52.306127,4.815639)";4.815639;52.306127;
2740;"6682136_d31";"Standaard";"18-24 m";"18-06-2020";"POINT(4.815862,52.306219)";"POINT(52.306219,4.815862)";4.815862;52.306219;
2741;"NAMBO146567_d34";"Standaard";"18-24 m";"18-06-2020";"POINT(4.816158,52.306291)";"POINT(52.306291,4.816158)";4.816158;52.306291;
2742;"AMBO91843_d35";"Standaard";"18-24 m";"18-06-2020";"POINT(4.816455,52.306639)";"POINT(52.306639,4.816455)";4.816455;52.306639;
2743;"AMBO91855_d36";"Standaard";"15-18 m";"18-06-2020";"POINT(4.815363,52.306375)";"POINT(52.306375,4.815363)";4.815363;52.306375;
2744;"66826906";"Standaard";"12-15 m";"18-06-2020";"POINT(4.816326,52.306704)";"POINT(52.306704,4.816326)";4.816326;52.306704;
2745;"66826907";"Standaard";"12-15 m";"18-06-2020";"POINT(4.816463,52.306664)";"POINT(52.306664,4.816463)";4.816463;52.306664;
2746;"66826910";"Standaard";"12-15 m";"18-06-2020";"POINT(4.815797,52.306517)";"POINT(52.306517,4.815797)";4.815797;52.306517;
2747;"66826912";"Standaard";"18-24 m";"18-06-2020";"POINT(4.815645,52.306471)";"POINT(52.306471,4.815645)";4.815645;52.306471;
2748;"66826913";"Standaard";"18-24 m";"18-06-2020";"POINT(4.815549,52.306403)";"POINT(52.306403,4.815549)";4.815549;52.306403;
2749;"66826915";"Standaard";"15-18 m";"18-06-2020";"POINT(4.816358,52.306376)";"POINT(52.306376,4.816358)";4.816358;52.306376;
2750;"66826916";"Standaard";"18-24 m";"18-06-2020";"POINT(4.816454,52.306416)";"POINT(52.306416,4.816454)";4.816454;52.306416;
2751;"66826917";"Standaard";"18-24 m";"18-06-2020";"POINT(4.816543,52.306438)";"POINT(52.306438,4.816543)";4.816543;52.306438;
2752;"66826919";"Standaard";"18-24 m";"18-06-2020";"POINT(4.816585,52.306449)";"POINT(52.306449,4.816585)";4.816585;52.306449;
2753;"431603";"Standaard";"18-24 m";"18-06-2020";"POINT(4.91617,52.403308)";"POINT(52.403308,4.91617)";4.91617;52.403308;
2754;"468299";"Standaard";"9-12 m";"18-06-2020";"POINT(4.91568,52.402069)";"POINT(52.402069,4.91568)";4.91568;52.402069;
2755;"468298";"Standaard";"12-15 m";"18-06-2020";"POINT(4.915723,52.402153)";"POINT(52.402153,4.915723)";4.915723;52.402153;
2756;"444973";"Standaard";"12-15 m";"18-06-2020";"POINT(4.91579,52.402066)";"POINT(52.402066,4.91579)";4.91579;52.402066;
2757;"440046";"Standaard";"9-12 m";"18-06-2020";"POINT(4.913155,52.403229)";"POINT(52.403229,4.913155)";4.913155;52.403229;
2758;"440026";"Standaard";"9-12 m";"18-06-2020";"POINT(4.915591,52.402548)";"POINT(52.402548,4.915591)";4.915591;52.402548;
2759;"428930";"Standaard";"15-18 m";"18-06-2020";"POINT(4.913948,52.39152)";"POINT(52.39152,4.913948)";4.913948;52.39152;
2760;"429865";"Standaard";"15-18 m";"18-06-2020";"POINT(4.914105,52.391534)";"POINT(52.391534,4.914105)";4.914105;52.391534;
2761;"429860";"Standaard";"18-24 m";"18-06-2020";"POINT(4.914521,52.391323)";"POINT(52.391323,4.914521)";4.914521;52.391323;
2762;"432694";"Standaard";"15-18 m";"18-06-2020";"POINT(4.914034,52.391535)";"POINT(52.391535,4.914034)";4.914034;52.391535;
2763;"407612";"Standaard";"6-9 m";"18-06-2020";"POINT(4.917054,52.404678)";"POINT(52.404678,4.917054)";4.917054;52.404678;
2764;"405363";"Standaard";"18-24 m";"18-06-2020";"POINT(4.918693,52.39604)";"POINT(52.39604,4.918693)";4.918693;52.39604;
2765;"398191";"Standaard";"9-12 m";"18-06-2020";"POINT(4.91939,52.399337)";"POINT(52.399337,4.91939)";4.91939;52.399337;
2766;"398518";"Standaard";"9-12 m";"18-06-2020";"POINT(4.917982,52.400484)";"POINT(52.400484,4.917982)";4.917982;52.400484;
2767;"398513";"Standaard";"15-18 m";"18-06-2020";"POINT(4.918578,52.40037)";"POINT(52.40037,4.918578)";4.918578;52.40037;
2768;"395736";"Standaard";"6-9 m";"18-06-2020";"POINT(4.91626,52.403435)";"POINT(52.403435,4.91626)";4.91626;52.403435;
2769;"401325";"Standaard";"15-18 m";"18-06-2020";"POINT(4.912675,52.402838)";"POINT(52.402838,4.912675)";4.912675;52.402838;
2770;"401293";"Standaard";"15-18 m";"18-06-2020";"POINT(4.912274,52.402932)";"POINT(52.402932,4.912274)";4.912274;52.402932;
2771;"401288";"Standaard";"15-18 m";"18-06-2020";"POINT(4.915935,52.402988)";"POINT(52.402988,4.915935)";4.915935;52.402988;
2772;"401251";"Standaard";"15-18 m";"18-06-2020";"POINT(4.913148,52.403049)";"POINT(52.403049,4.913148)";4.913148;52.403049;
2773;"442387";"Standaard";"9-12 m";"18-06-2020";"POINT(4.91678,52.40417)";"POINT(52.40417,4.91678)";4.91678;52.40417;
2774;"466690";"Standaard";"15-18 m";"18-06-2020";"POINT(4.917007,52.404455)";"POINT(52.404455,4.917007)";4.917007;52.404455;
2775;"444990";"Standaard";"15-18 m";"18-06-2020";"POINT(4.917035,52.404525)";"POINT(52.404525,4.917035)";4.917035;52.404525;
2776;"437826";"Standaard";"9-12 m";"18-06-2020";"POINT(4.916688,52.404005)";"POINT(52.404005,4.916688)";4.916688;52.404005;
2777;"431551";"Standaard";"15-18 m";"18-06-2020";"POINT(4.916737,52.404095)";"POINT(52.404095,4.916737)";4.916737;52.404095;
2778;"431569";"Standaard";"18-24 m";"18-06-2020";"POINT(4.921051,52.401953)";"POINT(52.401953,4.921051)";4.921051;52.401953;
2779;"431565";"Standaard";"15-18 m";"18-06-2020";"POINT(4.912041,52.402825)";"POINT(52.402825,4.912041)";4.912041;52.402825;
2780;"468301";"Standaard";"12-15 m";"18-06-2020";"POINT(4.915886,52.402258)";"POINT(52.402258,4.915886)";4.915886;52.402258;
2781;"444976";"Standaard";"12-15 m";"18-06-2020";"POINT(4.915967,52.402206)";"POINT(52.402206,4.915967)";4.915967;52.402206;
2782;"442414";"Standaard";"15-18 m";"18-06-2020";"POINT(4.9169,52.404331)";"POINT(52.404331,4.9169)";4.9169;52.404331;
2783;"442388";"Standaard";"15-18 m";"18-06-2020";"POINT(4.916825,52.40424)";"POINT(52.40424,4.916825)";4.916825;52.40424;
2784;"398255";"Standaard";"15-18 m";"18-06-2020";"POINT(4.915713,52.400689)";"POINT(52.400689,4.915713)";4.915713;52.400689;
2785;"398254";"Standaard";"15-18 m";"18-06-2020";"POINT(4.914565,52.400589)";"POINT(52.400589,4.914565)";4.914565;52.400589;
2786;"398183";"Standaard";"15-18 m";"18-06-2020";"POINT(4.921091,52.396802)";"POINT(52.396802,4.921091)";4.921091;52.396802;
2787;"402812";"Standaard";"18-24 m";"18-06-2020";"POINT(4.918162,52.394352)";"POINT(52.394352,4.918162)";4.918162;52.394352;
2788;"1551138";"Standaard";"6-9 m";"18-06-2020";"POINT(4.919785,52.399119)";"POINT(52.399119,4.919785)";4.919785;52.399119;
2789;"1551113";"Standaard";"6-9 m";"18-06-2020";"POINT(4.919607,52.397017)";"POINT(52.397017,4.919607)";4.919607;52.397017;
2790;"402006";"Standaard";"15-18 m";"18-06-2020";"POINT(4.921136,52.39638)";"POINT(52.39638,4.921136)";4.921136;52.39638;
2791;"442408";"Standaard";"12-15 m";"18-06-2020";"POINT(4.912719,52.40359)";"POINT(52.40359,4.912719)";4.912719;52.40359;
2792;"360401";"Standaard";"9-12 m";"18-06-2020";"POINT(4.83021,52.369561)";"POINT(52.369561,4.83021)";4.83021;52.369561;
2793;"360351";"Standaard";"9-12 m";"18-06-2020";"POINT(4.82923,52.36859)";"POINT(52.36859,4.82923)";4.82923;52.36859;
2794;"360377";"Standaard";"9-12 m";"18-06-2020";"POINT(4.826913,52.364516)";"POINT(52.364516,4.826913)";4.826913;52.364516;
2795;"384154";"Standaard";"9-12 m";"18-06-2020";"POINT(4.829341,52.368409)";"POINT(52.368409,4.829341)";4.829341;52.368409;
2796;"384129";"Standaard";"9-12 m";"18-06-2020";"POINT(4.830335,52.369937)";"POINT(52.369937,4.830335)";4.830335;52.369937;
2797;"368924";"Standaard";"9-12 m";"18-06-2020";"POINT(4.828657,52.373982)";"POINT(52.373982,4.828657)";4.828657;52.373982;
2798;"369308";"Standaard";"9-12 m";"18-06-2020";"POINT(4.833728,52.373265)";"POINT(52.373265,4.833728)";4.833728;52.373265;
2799;"369290";"Standaard";"9-12 m";"18-06-2020";"POINT(4.831657,52.373909)";"POINT(52.373909,4.831657)";4.831657;52.373909;
2800;"369268";"Standaard";"9-12 m";"18-06-2020";"POINT(4.829413,52.374267)";"POINT(52.374267,4.829413)";4.829413;52.374267;
2801;"369265";"Standaard";"9-12 m";"18-06-2020";"POINT(4.826921,52.374615)";"POINT(52.374615,4.826921)";4.826921;52.374615;
2802;"369250";"Standaard";"9-12 m";"18-06-2020";"POINT(4.823933,52.37505)";"POINT(52.37505,4.823933)";4.823933;52.37505;
2803;"368802";"Standaard";"9-12 m";"18-06-2020";"POINT(4.827793,52.374106)";"POINT(52.374106,4.827793)";4.827793;52.374106;
2804;"369227";"Standaard";"9-12 m";"18-06-2020";"POINT(4.823872,52.375132)";"POINT(52.375132,4.823872)";4.823872;52.375132;
2805;"369207";"Standaard";"9-12 m";"18-06-2020";"POINT(4.824026,52.374796)";"POINT(52.374796,4.824026)";4.824026;52.374796;
2806;"360461";"Standaard";"9-12 m";"18-06-2020";"POINT(4.827104,52.364594)";"POINT(52.364594,4.827104)";4.827104;52.364594;
2807;"360459";"Standaard";"9-12 m";"18-06-2020";"POINT(4.827081,52.364884)";"POINT(52.364884,4.827081)";4.827081;52.364884;
2808;"360456";"Standaard";"9-12 m";"18-06-2020";"POINT(4.827044,52.365317)";"POINT(52.365317,4.827044)";4.827044;52.365317;
2809;"360455";"Standaard";"9-12 m";"18-06-2020";"POINT(4.827067,52.365457)";"POINT(52.365457,4.827067)";4.827067;52.365457;
2810;"360453";"Standaard";"9-12 m";"18-06-2020";"POINT(4.828926,52.368011)";"POINT(52.368011,4.828926)";4.828926;52.368011;
2811;"360452";"Standaard";"9-12 m";"18-06-2020";"POINT(4.828301,52.367253)";"POINT(52.367253,4.828301)";4.828301;52.367253;
2812;"360413";"Standaard";"9-12 m";"18-06-2020";"POINT(4.828716,52.367661)";"POINT(52.367661,4.828716)";4.828716;52.367661;
2813;"360411";"Standaard";"9-12 m";"18-06-2020";"POINT(4.828491,52.36738)";"POINT(52.36738,4.828491)";4.828491;52.36738;
2814;"360410";"Standaard";"9-12 m";"18-06-2020";"POINT(4.828398,52.367274)";"POINT(52.367274,4.828398)";4.828398;52.367274;
2815;"360405";"Standaard";"9-12 m";"18-06-2020";"POINT(4.827861,52.366616)";"POINT(52.366616,4.827861)";4.827861;52.366616;
2816;"360404";"Standaard";"9-12 m";"18-06-2020";"POINT(4.827755,52.366496)";"POINT(52.366496,4.827755)";4.827755;52.366496;
2817;"360400";"Standaard";"9-12 m";"18-06-2020";"POINT(4.830102,52.369434)";"POINT(52.369434,4.830102)";4.830102;52.369434;
2818;"360399";"Standaard";"9-12 m";"18-06-2020";"POINT(4.829984,52.369293)";"POINT(52.369293,4.829984)";4.829984;52.369293;
2819;"360398";"Standaard";"9-12 m";"18-06-2020";"POINT(4.829874,52.369162)";"POINT(52.369162,4.829874)";4.829874;52.369162;
2820;"360395";"Standaard";"9-12 m";"18-06-2020";"POINT(4.829556,52.368771)";"POINT(52.368771,4.829556)";4.829556;52.368771;
2821;"360394";"Standaard";"9-12 m";"18-06-2020";"POINT(4.829138,52.368265)";"POINT(52.368265,4.829138)";4.829138;52.368265;
2822;"360393";"Standaard";"9-12 m";"18-06-2020";"POINT(4.82903,52.36814)";"POINT(52.36814,4.82903)";4.82903;52.36814;
2823;"360390";"Standaard";"9-12 m";"18-06-2020";"POINT(4.828616,52.367634)";"POINT(52.367634,4.828616)";4.828616;52.367634;
2824;"360389";"Standaard";"9-12 m";"18-06-2020";"POINT(4.82851,52.367506)";"POINT(52.367506,4.82851)";4.82851;52.367506;
2825;"360388";"Standaard";"9-12 m";"18-06-2020";"POINT(4.828408,52.367383)";"POINT(52.367383,4.828408)";4.828408;52.367383;
2826;"360383";"Standaard";"9-12 m";"18-06-2020";"POINT(4.827765,52.366604)";"POINT(52.366604,4.827765)";4.827765;52.366604;
2827;"360382";"Standaard";"9-12 m";"18-06-2020";"POINT(4.827665,52.366483)";"POINT(52.366483,4.827665)";4.827665;52.366483;
2828;"360381";"Standaard";"9-12 m";"18-06-2020";"POINT(4.827565,52.366365)";"POINT(52.366365,4.827565)";4.827565;52.366365;
2829;"360379";"Standaard";"9-12 m";"18-06-2020";"POINT(4.826921,52.36426)";"POINT(52.36426,4.826921)";4.826921;52.36426;
2830;"360378";"Standaard";"9-12 m";"18-06-2020";"POINT(4.826916,52.36439)";"POINT(52.36439,4.826916)";4.826916;52.36439;
2831;"360373";"Standaard";"9-12 m";"18-06-2020";"POINT(4.826894,52.365345)";"POINT(52.365345,4.826894)";4.826894;52.365345;
2832;"360369";"Standaard";"9-12 m";"18-06-2020";"POINT(4.827115,52.365996)";"POINT(52.365996,4.827115)";4.827115;52.365996;
2833;"360368";"Standaard";"9-12 m";"18-06-2020";"POINT(4.82721,52.366142)";"POINT(52.366142,4.82721)";4.82721;52.366142;
2834;"360366";"Standaard";"9-12 m";"18-06-2020";"POINT(4.827433,52.366421)";"POINT(52.366421,4.827433)";4.827433;52.366421;
2835;"360365";"Standaard";"9-12 m";"18-06-2020";"POINT(4.827653,52.366692)";"POINT(52.366692,4.827653)";4.827653;52.366692;
2836;"360364";"Standaard";"9-12 m";"18-06-2020";"POINT(4.827783,52.36684)";"POINT(52.36684,4.827783)";4.827783;52.36684;
2837;"360363";"Standaard";"9-12 m";"18-06-2020";"POINT(4.827906,52.366984)";"POINT(52.366984,4.827906)";4.827906;52.366984;
2838;"360362";"Standaard";"9-12 m";"18-06-2020";"POINT(4.828008,52.367107)";"POINT(52.367107,4.828008)";4.828008;52.367107;
2839;"360361";"Standaard";"9-12 m";"18-06-2020";"POINT(4.828122,52.367245)";"POINT(52.367245,4.828122)";4.828122;52.367245;
2840;"360360";"Standaard";"9-12 m";"18-06-2020";"POINT(4.828227,52.367372)";"POINT(52.367372,4.828227)";4.828227;52.367372;
2841;"360358";"Standaard";"9-12 m";"18-06-2020";"POINT(4.828429,52.367629)";"POINT(52.367629,4.828429)";4.828429;52.367629;
2842;"360356";"Standaard";"9-12 m";"18-06-2020";"POINT(4.828667,52.367913)";"POINT(52.367913,4.828667)";4.828667;52.367913;
2843;"360354";"Standaard";"9-12 m";"18-06-2020";"POINT(4.828894,52.368177)";"POINT(52.368177,4.828894)";4.828894;52.368177;
2844;"360352";"Standaard";"9-12 m";"18-06-2020";"POINT(4.829113,52.36845)";"POINT(52.36845,4.829113)";4.829113;52.36845;
2845;"360350";"Standaard";"9-12 m";"18-06-2020";"POINT(4.82935,52.368739)";"POINT(52.368739,4.82935)";4.82935;52.368739;
2846;"360349";"Standaard";"9-12 m";"18-06-2020";"POINT(4.829471,52.36888)";"POINT(52.36888,4.829471)";4.829471;52.36888;
2847;"360348";"Standaard";"9-12 m";"18-06-2020";"POINT(4.829572,52.368999)";"POINT(52.368999,4.829572)";4.829572;52.368999;
2848;"360347";"Standaard";"9-12 m";"18-06-2020";"POINT(4.829682,52.369132)";"POINT(52.369132,4.829682)";4.829682;52.369132;
2849;"360346";"Standaard";"9-12 m";"18-06-2020";"POINT(4.829789,52.369268)";"POINT(52.369268,4.829789)";4.829789;52.369268;
2850;"360345";"Standaard";"9-12 m";"18-06-2020";"POINT(4.829903,52.369412)";"POINT(52.369412,4.829903)";4.829903;52.369412;
2851;"363596";"Standaard";"9-12 m";"18-06-2020";"POINT(4.82898,52.367534)";"POINT(52.367534,4.82898)";4.82898;52.367534;
2852;"355378";"Standaard";"12-15 m";"18-06-2020";"POINT(4.841376,52.369485)";"POINT(52.369485,4.841376)";4.841376;52.369485;
2853;"355374";"Standaard";"12-15 m";"18-06-2020";"POINT(4.840332,52.369516)";"POINT(52.369516,4.840332)";4.840332;52.369516;
2854;"355372";"Standaard";"12-15 m";"18-06-2020";"POINT(4.839801,52.369552)";"POINT(52.369552,4.839801)";4.839801;52.369552;
2855;"355370";"Standaard";"12-15 m";"18-06-2020";"POINT(4.8393,52.369596)";"POINT(52.369596,4.8393)";4.8393;52.369596;
2856;"355362";"Standaard";"12-15 m";"18-06-2020";"POINT(4.838813,52.369657)";"POINT(52.369657,4.838813)";4.838813;52.369657;
2857;"355361";"Standaard";"12-15 m";"18-06-2020";"POINT(4.838568,52.369688)";"POINT(52.369688,4.838568)";4.838568;52.369688;
2858;"355359";"Standaard";"12-15 m";"18-06-2020";"POINT(4.838153,52.369747)";"POINT(52.369747,4.838153)";4.838153;52.369747;
2859;"355358";"Standaard";"12-15 m";"18-06-2020";"POINT(4.837909,52.369787)";"POINT(52.369787,4.837909)";4.837909;52.369787;
2860;"354545";"Standaard";"9-12 m";"18-06-2020";"POINT(4.828459,52.366938)";"POINT(52.366938,4.828459)";4.828459;52.366938;
2861;"369197";"Standaard";"9-12 m";"18-06-2020";"POINT(4.823839,52.374826)";"POINT(52.374826,4.823839)";4.823839;52.374826;
2862;"369160";"Standaard";"9-12 m";"18-06-2020";"POINT(4.822203,52.37502)";"POINT(52.37502,4.822203)";4.822203;52.37502;
2863;"357623";"Standaard";"9-12 m";"18-06-2020";"POINT(4.828686,52.366197)";"POINT(52.366197,4.828686)";4.828686;52.366197;
2864;"390622";"Standaard";"12-15 m";"18-06-2020";"POINT(4.819205,52.375185)";"POINT(52.375185,4.819205)";4.819205;52.375185;
2865;"384126";"Standaard";"9-12 m";"18-06-2020";"POINT(4.830318,52.369684)";"POINT(52.369684,4.830318)";4.830318;52.369684;
2866;"369184";"Standaard";"9-12 m";"18-06-2020";"POINT(4.824218,52.374764)";"POINT(52.374764,4.824218)";4.824218;52.374764;
2867;"369177";"Standaard";"9-12 m";"18-06-2020";"POINT(4.831043,52.373692)";"POINT(52.373692,4.831043)";4.831043;52.373692;
2868;"369162";"Standaard";"9-12 m";"18-06-2020";"POINT(4.821987,52.375117)";"POINT(52.375117,4.821987)";4.821987;52.375117;
2869;"369157";"Standaard";"9-12 m";"18-06-2020";"POINT(4.820257,52.375321)";"POINT(52.375321,4.820257)";4.820257;52.375321;
2870;"369151";"Standaard";"9-12 m";"18-06-2020";"POINT(4.822044,52.375046)";"POINT(52.375046,4.822044)";4.822044;52.375046;
2871;"368932";"Standaard";"9-12 m";"18-06-2020";"POINT(4.830734,52.373672)";"POINT(52.373672,4.830734)";4.830734;52.373672;
2872;"369357";"Standaard";"9-12 m";"18-06-2020";"POINT(4.822368,52.375365)";"POINT(52.375365,4.822368)";4.822368;52.375365;
2873;"369356";"Standaard";"9-12 m";"18-06-2020";"POINT(4.822533,52.375336)";"POINT(52.375336,4.822533)";4.822533;52.375336;
2874;"368927";"Standaard";"9-12 m";"18-06-2020";"POINT(4.831824,52.373488)";"POINT(52.373488,4.831824)";4.831824;52.373488;
2875;"369326";"Standaard";"9-12 m";"18-06-2020";"POINT(4.82056,52.375648)";"POINT(52.375648,4.82056)";4.82056;52.375648;
2876;"369325";"Standaard";"9-12 m";"18-06-2020";"POINT(4.82568,52.374529)";"POINT(52.374529,4.82568)";4.82568;52.374529;
2877;"369318";"Standaard";"9-12 m";"18-06-2020";"POINT(4.83457,52.373399)";"POINT(52.373399,4.83457)";4.83457;52.373399;
2878;"369276";"Standaard";"9-12 m";"18-06-2020";"POINT(4.826135,52.374805)";"POINT(52.374805,4.826135)";4.826135;52.374805;
2879;"369275";"Standaard";"9-12 m";"18-06-2020";"POINT(4.824674,52.374939)";"POINT(52.374939,4.824674)";4.824674;52.374939;
2880;"369261";"Standaard";"9-12 m";"18-06-2020";"POINT(4.82579,52.374766)";"POINT(52.374766,4.82579)";4.82579;52.374766;
2881;"369255";"Standaard";"9-12 m";"18-06-2020";"POINT(4.828222,52.374479)";"POINT(52.374479,4.828222)";4.828222;52.374479;
2882;"369242";"Standaard";"9-12 m";"18-06-2020";"POINT(4.824615,52.375018)";"POINT(52.375018,4.824615)";4.824615;52.375018;
2883;"369230";"Standaard";"9-12 m";"18-06-2020";"POINT(4.829965,52.374171)";"POINT(52.374171,4.829965)";4.829965;52.374171;
2884;"369213";"Standaard";"9-12 m";"18-06-2020";"POINT(4.828919,52.374276)";"POINT(52.374276,4.828919)";4.828919;52.374276;
2885;"360462";"Standaard";"9-12 m";"18-06-2020";"POINT(4.827108,52.364447)";"POINT(52.364447,4.827108)";4.827108;52.364447;
2886;"360457";"Standaard";"9-12 m";"18-06-2020";"POINT(4.827046,52.365175)";"POINT(52.365175,4.827046)";4.827046;52.365175;
2887;"360454";"Standaard";"9-12 m";"18-06-2020";"POINT(4.827108,52.365601)";"POINT(52.365601,4.827108)";4.827108;52.365601;
2888;"360441";"Standaard";"9-12 m";"18-06-2020";"POINT(4.827669,52.366378)";"POINT(52.366378,4.827669)";4.827669;52.366378;
2889;"360402";"Standaard";"9-12 m";"18-06-2020";"POINT(4.827542,52.366556)";"POINT(52.366556,4.827542)";4.827542;52.366556;
2890;"360397";"Standaard";"9-12 m";"18-06-2020";"POINT(4.829775,52.369033)";"POINT(52.369033,4.829775)";4.829775;52.369033;
2891;"360387";"Standaard";"9-12 m";"18-06-2020";"POINT(4.828196,52.367126)";"POINT(52.367126,4.828196)";4.828196;52.367126;
2892;"360375";"Standaard";"9-12 m";"18-06-2020";"POINT(4.826897,52.365011)";"POINT(52.365011,4.826897)";4.826897;52.365011;
2893;"360372";"Standaard";"9-12 m";"18-06-2020";"POINT(4.826919,52.365485)";"POINT(52.365485,4.826919)";4.826919;52.365485;
2894;"360367";"Standaard";"9-12 m";"18-06-2020";"POINT(4.82733,52.366292)";"POINT(52.366292,4.82733)";4.82733;52.366292;
2895;"360359";"Standaard";"9-12 m";"18-06-2020";"POINT(4.828338,52.367511)";"POINT(52.367511,4.828338)";4.828338;52.367511;
2896;"360357";"Standaard";"9-12 m";"18-06-2020";"POINT(4.828553,52.367769)";"POINT(52.367769,4.828553)";4.828553;52.367769;
2897;"360355";"Standaard";"9-12 m";"18-06-2020";"POINT(4.828784,52.368043)";"POINT(52.368043,4.828784)";4.828784;52.368043;
2898;"360353";"Standaard";"9-12 m";"18-06-2020";"POINT(4.829011,52.368322)";"POINT(52.368322,4.829011)";4.829011;52.368322;
2899;"360344";"Standaard";"9-12 m";"18-06-2020";"POINT(4.830022,52.369542)";"POINT(52.369542,4.830022)";4.830022;52.369542;
2900;"355379";"Standaard";"12-15 m";"18-06-2020";"POINT(4.841603,52.369484)";"POINT(52.369484,4.841603)";4.841603;52.369484;
2901;"355376";"Standaard";"12-15 m";"18-06-2020";"POINT(4.840864,52.369495)";"POINT(52.369495,4.840864)";4.840864;52.369495;
2902;"355368";"Standaard";"12-15 m";"18-06-2020";"POINT(4.839066,52.369625)";"POINT(52.369625,4.839066)";4.839066;52.369625;
2903;"66826911";"Standaard";"12-15 m";"18-06-2020";"POINT(4.84271,52.369473)";"POINT(52.369473,4.84271)";4.84271;52.369473;
2904;"66826912";"Standaard";"12-15 m";"18-06-2020";"POINT(4.842949,52.369474)";"POINT(52.369474,4.842949)";4.842949;52.369474;
2905;"66826913";"Standaard";"12-15 m";"18-06-2020";"POINT(4.843174,52.369491)";"POINT(52.369491,4.843174)";4.843174;52.369491;
2906;"66826914";"Standaard";"12-15 m";"18-06-2020";"POINT(4.843427,52.369505)";"POINT(52.369505,4.843427)";4.843427;52.369505;
2907;"66826915";"Standaard";"12-15 m";"18-06-2020";"POINT(4.843706,52.369514)";"POINT(52.369514,4.843706)";4.843706;52.369514;
2908;"667712";"Standaard";"12-15 m";"18-06-2020";"POINT(4.874871,52.338381)";"POINT(52.338381,4.874871)";4.874871;52.338381;
2909;"667714";"Standaard";"12-15 m";"18-06-2020";"POINT(4.875114,52.338383)";"POINT(52.338383,4.875114)";4.875114;52.338383;
2910;"_N_084956186000";"Standaard";"12-15 m";"18-06-2020";"POINT(4.880322,52.338389)";"POINT(52.338389,4.880322)";4.880322;52.338389;
2911;"6682604";"Standaard";"12-15 m";"18-06-2020";"POINT(4.878601,52.338371)";"POINT(52.338371,4.878601)";4.878601;52.338371;
2912;"666931";"Standaard";"9-12 m";"18-06-2020";"POINT(4.889243,52.3388)";"POINT(52.3388,4.889243)";4.889243;52.3388;
2913;"667713";"Standaard";"12-15 m";"18-06-2020";"POINT(4.874981,52.338376)";"POINT(52.338376,4.874981)";4.874981;52.338376;
2914;"6682593";"Standaard";"9-12 m";"18-06-2020";"POINT(4.890534,52.338191)";"POINT(52.338191,4.890534)";4.890534;52.338191;
2915;"666928";"Standaard";"9-12 m";"18-06-2020";"POINT(4.89068,52.338095)";"POINT(52.338095,4.89068)";4.89068;52.338095;
2916;"6682595";"Standaard";"9-12 m";"18-06-2020";"POINT(4.890278,52.338354)";"POINT(52.338354,4.890278)";4.890278;52.338354;
2917;"@113655185000";"Standaard";"9-12 m";"18-06-2020";"POINT(4.888607,52.339008)";"POINT(52.339008,4.888607)";4.888607;52.339008;
2918;"6682598";"Standaard";"9-12 m";"18-06-2020";"POINT(4.888457,52.339046)";"POINT(52.339046,4.888457)";4.888457;52.339046;
2919;"6682601";"Standaard";"9-12 m";"18-06-2020";"POINT(4.887413,52.339259)";"POINT(52.339259,4.887413)";4.887413;52.339259;
2920;"6682594";"Standaard";"9-12 m";"18-06-2020";"POINT(4.890818,52.338016)";"POINT(52.338016,4.890818)";4.890818;52.338016;
2921;"_N_095950941000";"Standaard";"12-15 m";"18-06-2020";"POINT(4.878644,52.338494)";"POINT(52.338494,4.878644)";4.878644;52.338494;
2922;"666939";"Standaard";"9-12 m";"18-06-2020";"POINT(4.885672,52.339625)";"POINT(52.339625,4.885672)";4.885672;52.339625;
2923;"_N_085933455000";"Standaard";"9-12 m";"18-06-2020";"POINT(4.882203,52.338378)";"POINT(52.338378,4.882203)";4.882203;52.338378;
2924;"_N_084643204000";"Standaard";"9-12 m";"18-06-2020";"POINT(4.879211,52.338391)";"POINT(52.338391,4.879211)";4.879211;52.338391;
2925;"_N_095643777000";"Standaard";"12-15 m";"18-06-2020";"POINT(4.881289,52.338459)";"POINT(52.338459,4.881289)";4.881289;52.338459;
2926;"667072";"Standaard";"9-12 m";"18-06-2020";"POINT(4.879204,52.338474)";"POINT(52.338474,4.879204)";4.879204;52.338474;
2927;"66826927";"Standaard";"9-12 m";"18-06-2020";"POINT(4.886187,52.339497)";"POINT(52.339497,4.886187)";4.886187;52.339497;
2928;"66826938";"Standaard";"9-12 m";"19-06-2020";"POINT(4.762163,52.395598)";"POINT(52.395598,4.762163)";4.762163;52.395598;
2929;"667872_d0";"Standaard";">24 m";"19-06-2020";"POINT(4.835931,52.324694)";"POINT(52.324694,4.835931)";4.835931;52.324694;
2930;"336843";"Standaard";">24 m";"19-06-2020";"POINT(4.836444,52.324906)";"POINT(52.324906,4.836444)";4.836444;52.324906;
2931;"NAMBO145726_d1";"Standaard";"18-24 m";"19-06-2020";"POINT(4.835308,52.323998)";"POINT(52.323998,4.835308)";4.835308;52.323998;
2932;"667601_d3";"Standaard";"18-24 m";"19-06-2020";"POINT(4.835142,52.323573)";"POINT(52.323573,4.835142)";4.835142;52.323573;
2933;"_N_085135020000";"Standaard";"18-24 m";"19-06-2020";"POINT(4.836238,52.324822)";"POINT(52.324822,4.836238)";4.836238;52.324822;
2934;"667871";"Standaard";"18-24 m";"19-06-2020";"POINT(4.836252,52.324709)";"POINT(52.324709,4.836252)";4.836252;52.324709;
2935;"336841";"Standaard";"15-18 m";"19-06-2020";"POINT(4.836348,52.325154)";"POINT(52.325154,4.836348)";4.836348;52.325154;
2936;"336844";"Standaard";">24 m";"19-06-2020";"POINT(4.836471,52.324841)";"POINT(52.324841,4.836471)";4.836471;52.324841;
2937;"NAMBO145433_d5";"Standaard";"18-24 m";"19-06-2020";"POINT(4.836516,52.325158)";"POINT(52.325158,4.836516)";4.836516;52.325158;
2938;"NAMBO145723_d6";"Standaard";"18-24 m";"19-06-2020";"POINT(4.835001,52.323508)";"POINT(52.323508,4.835001)";4.835001;52.323508;
2939;"NAMBO145724_d7";"Standaard";"18-24 m";"19-06-2020";"POINT(4.836212,52.323941)";"POINT(52.323941,4.836212)";4.836212;52.323941;
2940;"66826874_d8";"Standaard";">24 m";"19-06-2020";"POINT(4.836502,52.324751)";"POINT(52.324751,4.836502)";4.836502;52.324751;
2941;"66826875_d9";"Standaard";">24 m";"19-06-2020";"POINT(4.836519,52.324666)";"POINT(52.324666,4.836519)";4.836519;52.324666;
2942;"66826876_d10";"Standaard";">24 m";"19-06-2020";"POINT(4.836183,52.324986)";"POINT(52.324986,4.836183)";4.836183;52.324986;
2943;"66826877_d11";"Standaard";"18-24 m";"19-06-2020";"POINT(4.836277,52.324653)";"POINT(52.324653,4.836277)";4.836277;52.324653;
2944;"66826878_d12";"Standaard";"18-24 m";"19-06-2020";"POINT(4.836518,52.325237)";"POINT(52.325237,4.836518)";4.836518;52.325237;
2945;"66826879_d13";"Standaard";">24 m";"19-06-2020";"POINT(4.837054,52.325057)";"POINT(52.325057,4.837054)";4.837054;52.325057;
2946;"66826882_d16";"Standaard";"18-24 m";"19-06-2020";"POINT(4.835905,52.324775)";"POINT(52.324775,4.835905)";4.835905;52.324775;
2947;"66826885_d19";"Standaard";"18-24 m";"19-06-2020";"POINT(4.834826,52.323441)";"POINT(52.323441,4.834826)";4.834826;52.323441;
2948;"66826886_d20";"Standaard";"18-24 m";"19-06-2020";"POINT(4.834566,52.323333)";"POINT(52.323333,4.834566)";4.834566;52.323333;
2949;"66826887_d21";"Standaard";"18-24 m";"19-06-2020";"POINT(4.834674,52.323387)";"POINT(52.323387,4.834674)";4.834674;52.323387;
2950;"66826935";"Standaard";">24 m";"18-06-2020";"POINT(4.840159,52.3162)";"POINT(52.3162,4.840159)";4.840159;52.3162;
2951;"B9090";"Standaard";"9-12 m";"19-06-2020";"POINT(4.762716,52.394213)";"POINT(52.394213,4.762716)";4.762716;52.394213;
2952;"B9110";"Standaard";"9-12 m";"19-06-2020";"POINT(4.762943,52.394259)";"POINT(52.394259,4.762943)";4.762943;52.394259;
2953;"B9109";"Standaard";"9-12 m";"19-06-2020";"POINT(4.762756,52.394215)";"POINT(52.394215,4.762756)";4.762756;52.394215;
2954;"B9105";"Standaard";"9-12 m";"19-06-2020";"POINT(4.762263,52.394689)";"POINT(52.394689,4.762263)";4.762263;52.394689;
2955;"B9107";"Standaard";"9-12 m";"19-06-2020";"POINT(4.761907,52.395269)";"POINT(52.395269,4.761907)";4.761907;52.395269;
2956;"_N_120640520000";"Standaard";"12-15 m";"19-06-2020";"POINT(4.97507,52.305427)";"POINT(52.305427,4.97507)";4.97507;52.305427;
2957;"66826937";"Standaard";"9-12 m";"19-06-2020";"POINT(4.762079,52.395439)";"POINT(52.395439,4.762079)";4.762079;52.395439;
2958;"66826948";"Standaard";"18-24 m";"19-06-2020";"POINT(4.827657,52.305567)";"POINT(52.305567,4.827657)";4.827657;52.305567;
2959;"66826960";"Standaard";"18-24 m";"19-06-2020";"POINT(4.827575,52.305625)";"POINT(52.305625,4.827575)";4.827575;52.305625;
2960;"M3224";"Standaard";"12-15 m";"19-06-2020";"POINT(4.955791,52.355666)";"POINT(52.355666,4.955791)";4.955791;52.355666;
2961;"455158";"Standaard";"";"19-06-2020";"POINT(4.953156,52.358067)";"POINT(52.358067,4.953156)";4.953156;52.358067;
2962;"498838";"Standaard";"15-18 m";"19-06-2020";"POINT(4.950977,52.347283)";"POINT(52.347283,4.950977)";4.950977;52.347283;
2963;"485355";"Standaard";"15-18 m";"19-06-2020";"POINT(4.956626,52.347257)";"POINT(52.347257,4.956626)";4.956626;52.347257;
2964;"485554";"Standaard";"15-18 m";"19-06-2020";"POINT(4.953441,52.347351)";"POINT(52.347351,4.953441)";4.953441;52.347351;
2965;"456740";"Standaard";"9-12 m";"19-06-2020";"POINT(4.956149,52.357433)";"POINT(52.357433,4.956149)";4.956149;52.357433;
2966;"485742";"Standaard";"15-18 m";"19-06-2020";"POINT(4.953068,52.347306)";"POINT(52.347306,4.953068)";4.953068;52.347306;
2967;"448586";"Standaard";"6-9 m";"19-06-2020";"POINT(4.952736,52.355308)";"POINT(52.355308,4.952736)";4.952736;52.355308;
2968;"NM148736";"Standaard";"6-9 m";"19-06-2020";"POINT(4.953156,52.358067)";"POINT(52.358067,4.953156)";4.953156;52.358067;
2969;"M3227";"Standaard";"9-12 m";"19-06-2020";"POINT(4.957495,52.354764)";"POINT(52.354764,4.957495)";4.957495;52.354764;
2970;"M3234";"Standaard";"9-12 m";"19-06-2020";"POINT(4.947969,52.357418)";"POINT(52.357418,4.947969)";4.947969;52.357418;
2971;"667716";"Standaard";"12-15 m";"19-06-2020";"POINT(4.875831,52.338384)";"POINT(52.338384,4.875831)";4.875831;52.338384;
2972;"591182";"Standaard";"9-12 m";"19-06-2020";"POINT(4.887391,52.344565)";"POINT(52.344565,4.887391)";4.887391;52.344565;
2973;"587310";"Standaard";"12-15 m";"19-06-2020";"POINT(4.887415,52.344769)";"POINT(52.344769,4.887415)";4.887415;52.344769;
2974;"668154";"Standaard";"15-18 m";"19-06-2020";"POINT(4.84227,52.317581)";"POINT(52.317581,4.84227)";4.84227;52.317581;
2975;"667104";"Standaard";"12-15 m";"19-06-2020";"POINT(4.793362,52.377636)";"POINT(52.377636,4.793362)";4.793362;52.377636;
2976;"@121153854000";"Standaard";"6-9 m";"19-06-2020";"POINT(4.795704,52.385293)";"POINT(52.385293,4.795704)";4.795704;52.385293;
2977;"66826891";"Standaard";"6-9 m";"19-06-2020";"POINT(4.795661,52.385299)";"POINT(52.385299,4.795661)";4.795661;52.385299;
2978;"@123610014000_d1";"Standaard";"9-12 m";"19-06-2020";"POINT(4.774038,52.387545)";"POINT(52.387545,4.774038)";4.774038;52.387545;
2979;"@085201907000";"Standaard";"12-15 m";"22-06-2020";"POINT(4.964308,52.290523)";"POINT(52.290523,4.964308)";4.964308;52.290523;
2980;"551993";"Standaard";"12-15 m";"21-06-2020";"POINT(4.972617,52.298262)";"POINT(52.298262,4.972617)";4.972617;52.298262;
2981;"T104759";"Standaard";"9-12 m";"21-06-2020";"POINT(4.989448,52.30131)";"POINT(52.30131,4.989448)";4.989448;52.30131;
2982;"_N_094546694000";"Standaard";"9-12 m";"21-06-2020";"POINT(4.975853,52.299468)";"POINT(52.299468,4.975853)";4.975853;52.299468;
2983;"553785";"Standaard";"12-15 m";"21-06-2020";"POINT(4.979251,52.298023)";"POINT(52.298023,4.979251)";4.979251;52.298023;
2984;"553657";"Standaard";"12-15 m";"21-06-2020";"POINT(4.981426,52.298153)";"POINT(52.298153,4.981426)";4.981426;52.298153;
2985;"553656";"Standaard";"9-12 m";"21-06-2020";"POINT(4.981513,52.298153)";"POINT(52.298153,4.981513)";4.981513;52.298153;
2986;"551903";"Standaard";"15-18 m";"21-06-2020";"POINT(4.972371,52.295596)";"POINT(52.295596,4.972371)";4.972371;52.295596;
2987;"554240";"Standaard";"12-15 m";"21-06-2020";"POINT(4.987408,52.298304)";"POINT(52.298304,4.987408)";4.987408;52.298304;
2988;"552012";"Standaard";"15-18 m";"21-06-2020";"POINT(4.972357,52.298108)";"POINT(52.298108,4.972357)";4.972357;52.298108;
2989;"_N_124251173000";"Standaard";"12-15 m";"21-06-2020";"POINT(4.973088,52.298525)";"POINT(52.298525,4.973088)";4.973088;52.298525;
2990;"_N_101930779000";"Standaard";"9-12 m";"22-06-2020";"POINT(4.964415,52.291259)";"POINT(52.291259,4.964415)";4.964415;52.291259;
2991;"_N_101810967000";"Standaard";"9-12 m";"22-06-2020";"POINT(4.964229,52.291487)";"POINT(52.291487,4.964229)";4.964229;52.291487;
2992;"_N_101737755000";"Standaard";"15-18 m";"22-06-2020";"POINT(4.964355,52.291323)";"POINT(52.291323,4.964355)";4.964355;52.291323;
2993;"_N_103914430000";"Standaard";"15-18 m";"22-06-2020";"POINT(4.963845,52.290391)";"POINT(52.290391,4.963845)";4.963845;52.290391;
2994;"_N_152112972000";"Standaard";"15-18 m";"22-06-2020";"POINT(4.964054,52.290447)";"POINT(52.290447,4.964054)";4.964054;52.290447;
2995;"_N_151931828000";"Standaard";"15-18 m";"22-06-2020";"POINT(4.964685,52.291032)";"POINT(52.291032,4.964685)";4.964685;52.291032;
2996;"_N_152004079000";"Standaard";"12-15 m";"22-06-2020";"POINT(4.964507,52.290629)";"POINT(52.290629,4.964507)";4.964507;52.290629;
2997;"@085017270000";"Standaard";"12-15 m";"22-06-2020";"POINT(4.964826,52.290965)";"POINT(52.290965,4.964826)";4.964826;52.290965;
2998;"_N_151926081000";"Standaard";"12-15 m";"22-06-2020";"POINT(4.964513,52.291223)";"POINT(52.291223,4.964513)";4.964513;52.291223;
2999;"@085339748000";"Standaard";"12-15 m";"22-06-2020";"POINT(4.964146,52.290531)";"POINT(52.290531,4.964146)";4.964146;52.290531;
3000;"551165";"Standaard";"12-15 m";"22-06-2020";"POINT(4.961892,52.297091)";"POINT(52.297091,4.961892)";4.961892;52.297091;
3001;"_N_151911075000";"Standaard";"12-15 m";"22-06-2020";"POINT(4.964293,52.291521)";"POINT(52.291521,4.964293)";4.964293;52.291521;
3002;"_N_151921151000";"Standaard";"12-15 m";"22-06-2020";"POINT(4.964413,52.291369)";"POINT(52.291369,4.964413)";4.964413;52.291369;
3003;"_N_151957996000";"Standaard";"12-15 m";"22-06-2020";"POINT(4.964897,52.290798)";"POINT(52.290798,4.964897)";4.964897;52.290798;
3004;"_N_132038726000";"Standaard";"15-18 m";"22-06-2020";"POINT(4.964617,52.291312)";"POINT(52.291312,4.964617)";4.964617;52.291312;
3005;"@083445172000";"Standaard";"12-15 m";"22-06-2020";"POINT(4.964308,52.291468)";"POINT(52.291468,4.964308)";4.964308;52.291468;
3006;"_N_095645218000";"Standaard";"15-18 m";"22-06-2020";"POINT(4.964616,52.29113)";"POINT(52.29113,4.964616)";4.964616;52.29113;
3007;"@083312052000";"Standaard";"15-18 m";"22-06-2020";"POINT(4.964327,52.291444)";"POINT(52.291444,4.964327)";4.964327;52.291444;
3008;"@084948138000";"Standaard";"12-15 m";"22-06-2020";"POINT(4.964821,52.290871)";"POINT(52.290871,4.964821)";4.964821;52.290871;
3009;"430357";"Standaard";"15-18 m";"22-06-2020";"POINT(4.887124,52.417142)";"POINT(52.417142,4.887124)";4.887124;52.417142;
3010;"469385";"Standaard";"12-15 m";"22-06-2020";"POINT(4.919432,52.396864)";"POINT(52.396864,4.919432)";4.919432;52.396864;
3011;"005NOJBU";"Standaard";"9-12 m";"22-06-2020";"POINT(4.933778,52.388612)";"POINT(52.388612,4.933778)";4.933778;52.388612;
3012;"470609";"Standaard";"12-15 m";"22-06-2020";"POINT(4.93335,52.388374)";"POINT(52.388374,4.93335)";4.93335;52.388374;
3013;"M3208";"Standaard";"9-12 m";"22-06-2020";"POINT(4.929755,52.349756)";"POINT(52.349756,4.929755)";4.929755;52.349756;
3014;"NE142403";"Standaard";"12-15 m";"22-06-2020";"POINT(4.860343,52.392809)";"POINT(52.392809,4.860343)";4.860343;52.392809;
3015;"667337";"Standaard";"9-12 m";"22-06-2020";"POINT(4.859713,52.394546)";"POINT(52.394546,4.859713)";4.859713;52.394546;
3016;"6682252";"Standaard";"12-15 m";"22-06-2020";"POINT(4.860333,52.394515)";"POINT(52.394515,4.860333)";4.860333;52.394515;
3017;"6682246";"Standaard";"9-12 m";"22-06-2020";"POINT(4.857692,52.392638)";"POINT(52.392638,4.857692)";4.857692;52.392638;
3018;"6682251";"Standaard";"12-15 m";"22-06-2020";"POINT(4.860045,52.394599)";"POINT(52.394599,4.860045)";4.860045;52.394599;
3019;"666924";"Standaard";"15-18 m";"22-06-2020";"POINT(4.858439,52.39478)";"POINT(52.39478,4.858439)";4.858439;52.39478;
3020;"6682248";"Standaard";"15-18 m";"22-06-2020";"POINT(4.858463,52.394709)";"POINT(52.394709,4.858463)";4.858463;52.394709;
3021;"667335";"Standaard";"9-12 m";"22-06-2020";"POINT(4.859833,52.394628)";"POINT(52.394628,4.859833)";4.859833;52.394628;
3022;"501492";"Standaard";"12-15 m";"22-06-2020";"POINT(4.861042,52.392743)";"POINT(52.392743,4.861042)";4.861042;52.392743;
3023;"501491";"Standaard";"12-15 m";"22-06-2020";"POINT(4.861159,52.392849)";"POINT(52.392849,4.861159)";4.861159;52.392849;
3024;"501314";"Standaard";"12-15 m";"22-06-2020";"POINT(4.861264,52.392773)";"POINT(52.392773,4.861264)";4.861264;52.392773;
3025;"499616";"Standaard";"15-18 m";"22-06-2020";"POINT(4.858544,52.394521)";"POINT(52.394521,4.858544)";4.858544;52.394521;
3026;"500171";"Standaard";"12-15 m";"22-06-2020";"POINT(4.858413,52.393639)";"POINT(52.393639,4.858413)";4.858413;52.393639;
3027;"500123";"Standaard";"9-12 m";"22-06-2020";"POINT(4.85988,52.394557)";"POINT(52.394557,4.85988)";4.85988;52.394557;
3028;"500275";"Standaard";"12-15 m";"22-06-2020";"POINT(4.860397,52.394137)";"POINT(52.394137,4.860397)";4.860397;52.394137;
3029;"500272";"Standaard";"12-15 m";"22-06-2020";"POINT(4.860368,52.394257)";"POINT(52.394257,4.860368)";4.860368;52.394257;
3030;"500268";"Standaard";"9-12 m";"22-06-2020";"POINT(4.860329,52.394417)";"POINT(52.394417,4.860329)";4.860329;52.394417;
3031;"500265";"Standaard";"12-15 m";"22-06-2020";"POINT(4.860533,52.393099)";"POINT(52.393099,4.860533)";4.860533;52.393099;
3032;"500260";"Standaard";"12-15 m";"22-06-2020";"POINT(4.860593,52.39341)";"POINT(52.39341,4.860593)";4.860593;52.39341;
3033;"500257";"Standaard";"9-12 m";"22-06-2020";"POINT(4.860618,52.393243)";"POINT(52.393243,4.860618)";4.860618;52.393243;
3034;"500200";"Standaard";"9-12 m";"22-06-2020";"POINT(4.857779,52.392626)";"POINT(52.392626,4.857779)";4.857779;52.392626;
3035;"500183";"Standaard";"12-15 m";"22-06-2020";"POINT(4.857565,52.393292)";"POINT(52.393292,4.857565)";4.857565;52.393292;
3036;"501490";"Standaard";"9-12 m";"22-06-2020";"POINT(4.861444,52.392845)";"POINT(52.392845,4.861444)";4.861444;52.392845;
3037;"500157";"Standaard";"12-15 m";"22-06-2020";"POINT(4.858752,52.393604)";"POINT(52.393604,4.858752)";4.858752;52.393604;
3038;"500155";"Standaard";"12-15 m";"22-06-2020";"POINT(4.858735,52.393677)";"POINT(52.393677,4.858735)";4.858735;52.393677;
3039;"500147";"Standaard";"9-12 m";"22-06-2020";"POINT(4.858685,52.393899)";"POINT(52.393899,4.858685)";4.858685;52.393899;
3040;"500106";"Standaard";"12-15 m";"22-06-2020";"POINT(4.859357,52.394571)";"POINT(52.394571,4.859357)";4.859357;52.394571;
3041;"500274";"Standaard";"12-15 m";"22-06-2020";"POINT(4.860387,52.394177)";"POINT(52.394177,4.860387)";4.860387;52.394177;
3042;"500273";"Standaard";"12-15 m";"22-06-2020";"POINT(4.860377,52.394217)";"POINT(52.394217,4.860377)";4.860377;52.394217;
3043;"500192";"Standaard";"9-12 m";"22-06-2020";"POINT(4.857579,52.392937)";"POINT(52.392937,4.857579)";4.857579;52.392937;
3044;"500271";"Standaard";"12-15 m";"22-06-2020";"POINT(4.860358,52.394297)";"POINT(52.394297,4.860358)";4.860358;52.394297;
3045;"500270";"Standaard";"12-15 m";"22-06-2020";"POINT(4.860348,52.394337)";"POINT(52.394337,4.860348)";4.860348;52.394337;
3046;"500255";"Standaard";"9-12 m";"22-06-2020";"POINT(4.860632,52.393147)";"POINT(52.393147,4.860632)";4.860632;52.393147;
3047;"500250";"Standaard";"12-15 m";"22-06-2020";"POINT(4.860447,52.392818)";"POINT(52.392818,4.860447)";4.860447;52.392818;
3048;"500231";"Standaard";"15-18 m";"22-06-2020";"POINT(4.859464,52.392741)";"POINT(52.392741,4.859464)";4.859464;52.392741;
3049;"66826968";"Standaard";"15-18 m";"22-06-2020";"POINT(4.858646,52.394526)";"POINT(52.394526,4.858646)";4.858646;52.394526;
3050;"66826969";"Standaard";"15-18 m";"22-06-2020";"POINT(4.85865,52.394574)";"POINT(52.394574,4.85865)";4.85865;52.394574;
3051;"NAMBO146323_d0";"Standaard";">24 m";"22-06-2020";"POINT(4.817576,52.315239)";"POINT(52.315239,4.817576)";4.817576;52.315239;
3052;"667958_d2";"Standaard";">24 m";"22-06-2020";"POINT(4.818161,52.316597)";"POINT(52.316597,4.818161)";4.818161;52.316597;
3053;"667350_d3";"Standaard";">24 m";"22-06-2020";"POINT(4.818082,52.316091)";"POINT(52.316091,4.818082)";4.818082;52.316091;
3054;"667352_d4";"Standaard";">24 m";"22-06-2020";"POINT(4.817655,52.315871)";"POINT(52.315871,4.817655)";4.817655;52.315871;
3055;"667957_d5";"Standaard";">24 m";"22-06-2020";"POINT(4.81767,52.315298)";"POINT(52.315298,4.81767)";4.81767;52.315298;
3056;"NAMBO146342_d8";"Standaard";">24 m";"22-06-2020";"POINT(4.817903,52.316735)";"POINT(52.316735,4.817903)";4.817903;52.316735;
3057;"NAMBO146349_d9";"Standaard";">24 m";"22-06-2020";"POINT(4.817547,52.315484)";"POINT(52.315484,4.817547)";4.817547;52.315484;
3058;"66826934_d11";"Standaard";"18-24 m";"22-06-2020";"POINT(4.818285,52.316706)";"POINT(52.316706,4.818285)";4.818285;52.316706;
3059;"66826935_d12";"Standaard";"18-24 m";"22-06-2020";"POINT(4.818366,52.316773)";"POINT(52.316773,4.818366)";4.818366;52.316773;
3060;"66826936_d13";"Standaard";"18-24 m";"22-06-2020";"POINT(4.818208,52.316782)";"POINT(52.316782,4.818208)";4.818208;52.316782;
3061;"66826937_d14";"Standaard";"18-24 m";"22-06-2020";"POINT(4.818288,52.316876)";"POINT(52.316876,4.818288)";4.818288;52.316876;
3062;"66826938_d15";"Standaard";">24 m";"22-06-2020";"POINT(4.817966,52.316941)";"POINT(52.316941,4.817966)";4.817966;52.316941;
3063;"430358";"Standaard";"15-18 m";"22-06-2020";"POINT(4.887079,52.41718)";"POINT(52.41718,4.887079)";4.887079;52.41718;
3064;"469386";"Standaard";"12-15 m";"22-06-2020";"POINT(4.919469,52.396831)";"POINT(52.396831,4.919469)";4.919469;52.396831;
3065;"399222";"Standaard";"15-18 m";"22-06-2020";"POINT(4.886816,52.417313)";"POINT(52.417313,4.886816)";4.886816;52.417313;
3066;"443832";"Standaard";"15-18 m";"22-06-2020";"POINT(4.887182,52.416918)";"POINT(52.416918,4.887182)";4.887182;52.416918;
3067;"667770";"Standaard";"15-18 m";"22-06-2020";"POINT(4.92265,52.393603)";"POINT(52.393603,4.92265)";4.92265;52.393603;
3068;"430081";"Standaard";"15-18 m";"22-06-2020";"POINT(4.924015,52.393132)";"POINT(52.393132,4.924015)";4.924015;52.393132;
3069;"432738";"Standaard";"15-18 m";"22-06-2020";"POINT(4.923941,52.392964)";"POINT(52.392964,4.923941)";4.923941;52.392964;
3070;"434452";"Standaard";"18-24 m";"22-06-2020";"POINT(4.921535,52.39221)";"POINT(52.39221,4.921535)";4.921535;52.39221;
3071;"434147";"Standaard";"18-24 m";"22-06-2020";"POINT(4.927641,52.405014)";"POINT(52.405014,4.927641)";4.927641;52.405014;
3072;"398331";"Standaard";"15-18 m";"22-06-2020";"POINT(4.92309,52.391103)";"POINT(52.391103,4.92309)";4.92309;52.391103;
3073;"404008";"Standaard";"18-24 m";"22-06-2020";"POINT(4.923017,52.391683)";"POINT(52.391683,4.923017)";4.923017;52.391683;
3074;"432734";"Standaard";"15-18 m";"22-06-2020";"POINT(4.923988,52.392725)";"POINT(52.392725,4.923988)";4.923988;52.392725;
3075;"473099";"Standaard";"15-18 m";"22-06-2020";"POINT(4.922396,52.393363)";"POINT(52.393363,4.922396)";4.922396;52.393363;
3076;"474045";"Standaard";"15-18 m";"22-06-2020";"POINT(4.920754,52.391327)";"POINT(52.391327,4.920754)";4.920754;52.391327;
3077;"474035";"Standaard";"15-18 m";"22-06-2020";"POINT(4.921934,52.394635)";"POINT(52.394635,4.921934)";4.921934;52.394635;
3078;"430066";"Standaard";"15-18 m";"22-06-2020";"POINT(4.923164,52.390607)";"POINT(52.390607,4.923164)";4.923164;52.390607;
3079;"1537733";"Standaard";"15-18 m";"22-06-2020";"POINT(4.922729,52.393745)";"POINT(52.393745,4.922729)";4.922729;52.393745;
3080;"1537786";"Standaard";"12-15 m";"22-06-2020";"POINT(4.922814,52.393636)";"POINT(52.393636,4.922814)";4.922814;52.393636;
3081;"1537787";"Standaard";"12-15 m";"22-06-2020";"POINT(4.922715,52.39365)";"POINT(52.39365,4.922715)";4.922715;52.39365;
3082;"552329";"Standaard";"12-15 m";"22-06-2020";"POINT(4.964645,52.29869)";"POINT(52.29869,4.964645)";4.964645;52.29869;
3083;"602506";"Standaard";"12-15 m";"22-06-2020";"POINT(4.971323,52.299067)";"POINT(52.299067,4.971323)";4.971323;52.299067;
3084;"NT75404";"Standaard";"9-12 m";"22-06-2020";"POINT(4.961421,52.298041)";"POINT(52.298041,4.961421)";4.961421;52.298041;
3085;"552159";"Standaard";"9-12 m";"22-06-2020";"POINT(4.968877,52.297508)";"POINT(52.297508,4.968877)";4.968877;52.297508;
3086;"552341";"Standaard";"12-15 m";"22-06-2020";"POINT(4.966473,52.29923)";"POINT(52.29923,4.966473)";4.966473;52.29923;
3087;"552340";"Standaard";"15-18 m";"22-06-2020";"POINT(4.966364,52.299191)";"POINT(52.299191,4.966364)";4.966364;52.299191;
3088;"_N_120049286000";"Standaard";"9-12 m";"22-06-2020";"POINT(4.977743,52.30324)";"POINT(52.30324,4.977743)";4.977743;52.30324;
3089;"_N_120234997000";"Standaard";"12-15 m";"22-06-2020";"POINT(4.978911,52.30276)";"POINT(52.30276,4.978911)";4.978911;52.30276;
3090;"668183";"Standaard";"6-9 m";"22-06-2020";"POINT(4.978331,52.302813)";"POINT(52.302813,4.978331)";4.978331;52.302813;
3091;"668187";"Standaard";"6-9 m";"22-06-2020";"POINT(4.977677,52.303146)";"POINT(52.303146,4.977677)";4.977677;52.303146;
3092;"668188";"Standaard";"6-9 m";"22-06-2020";"POINT(4.977634,52.303196)";"POINT(52.303196,4.977634)";4.977634;52.303196;
3093;"668186";"Standaard";"9-12 m";"22-06-2020";"POINT(4.977755,52.303125)";"POINT(52.303125,4.977755)";4.977755;52.303125;
3094;"_N_120134612000";"Standaard";"12-15 m";"22-06-2020";"POINT(4.978122,52.303037)";"POINT(52.303037,4.978122)";4.978122;52.303037;
3095;"668185";"Standaard";"6-9 m";"22-06-2020";"POINT(4.977981,52.302977)";"POINT(52.302977,4.977981)";4.977981;52.302977;
3096;"668184";"Standaard";"6-9 m";"22-06-2020";"POINT(4.978032,52.302955)";"POINT(52.302955,4.978032)";4.978032;52.302955;
3097;"_N_120250516000";"Standaard";"12-15 m";"22-06-2020";"POINT(4.978374,52.302895)";"POINT(52.302895,4.978374)";4.978374;52.302895;
3098;"668182";"Standaard";"6-9 m";"22-06-2020";"POINT(4.978383,52.302808)";"POINT(52.302808,4.978383)";4.978383;52.302808;
3099;"668181";"Standaard";"6-9 m";"22-06-2020";"POINT(4.978454,52.302797)";"POINT(52.302797,4.978454)";4.978454;52.302797;
3100;"_N_120201631000";"Standaard";"6-9 m";"22-06-2020";"POINT(4.978562,52.302767)";"POINT(52.302767,4.978562)";4.978562;52.302767;
3101;"668180";"Standaard";"6-9 m";"22-06-2020";"POINT(4.978745,52.302667)";"POINT(52.302667,4.978745)";4.978745;52.302667;
3102;"3a";"Standaard";"12-15 m";"22-06-2020";"POINT(4.978818,52.302643)";"POINT(52.302643,4.978818)";4.978818;52.302643;
3103;"_N_120220561000";"Standaard";"12-15 m";"22-06-2020";"POINT(4.979053,52.302624)";"POINT(52.302624,4.979053)";4.979053;52.302624;
3104;"552737";"Standaard";"15-18 m";"22-06-2020";"POINT(4.966239,52.299824)";"POINT(52.299824,4.966239)";4.966239;52.299824;
3105;"553559";"Standaard";"15-18 m";"22-06-2020";"POINT(4.967777,52.300268)";"POINT(52.300268,4.967777)";4.967777;52.300268;
3106;"594202";"Standaard";"18-24 m";"22-06-2020";"POINT(4.965986,52.299864)";"POINT(52.299864,4.965986)";4.965986;52.299864;
3107;"552344";"Standaard";"15-18 m";"22-06-2020";"POINT(4.966904,52.29938)";"POINT(52.29938,4.966904)";4.966904;52.29938;
3108;"_N_091618140000";"Standaard";"9-12 m";"22-06-2020";"POINT(4.978401,52.300454)";"POINT(52.300454,4.978401)";4.978401;52.300454;
3109;"453106";"Standaard";"12-15 m";"22-06-2020";"POINT(4.951789,52.343906)";"POINT(52.343906,4.951789)";4.951789;52.343906;
3110;"557588";"Standaard";"12-15 m";"22-06-2020";"POINT(4.994924,52.295301)";"POINT(52.295301,4.994924)";4.994924;52.295301;
3111;"500585_d14";"Standaard";"12-15 m";"27-05-2020";"POINT(4.867911,52.381679)";"POINT(52.381679,4.867911)";4.867911;52.381679;
3112;"1550759";"Standaard";"0-6 m";"27-05-2020";"POINT(4.861945,52.331389)";"POINT(52.331389,4.861945)";4.861945;52.331389;
3113;"NN148235";"Standaard";"15-18 m";"23-06-2020";"POINT(4.929638,52.410337)";"POINT(52.410337,4.929638)";4.929638;52.410337;
3114;"468213";"Standaard";"9-12 m";"23-06-2020";"POINT(4.923683,52.401063)";"POINT(52.401063,4.923683)";4.923683;52.401063;
3115;"443253";"Standaard";"12-15 m";"23-06-2020";"POINT(4.951672,52.390276)";"POINT(52.390276,4.951672)";4.951672;52.390276;
3116;"443205";"Standaard";"15-18 m";"23-06-2020";"POINT(4.92079,52.388929)";"POINT(52.388929,4.92079)";4.92079;52.388929;
3117;"429400";"Standaard";"12-15 m";"23-06-2020";"POINT(4.923965,52.401426)";"POINT(52.401426,4.923965)";4.923965;52.401426;
3118;"430084";"Standaard";"15-18 m";"23-06-2020";"POINT(4.921304,52.388709)";"POINT(52.388709,4.921304)";4.921304;52.388709;
3119;"430042";"Standaard";"12-15 m";"23-06-2020";"POINT(4.91668,52.387429)";"POINT(52.387429,4.91668)";4.91668;52.387429;
3120;"398438";"Standaard";"15-18 m";"23-06-2020";"POINT(4.951572,52.390226)";"POINT(52.390226,4.951572)";4.951572;52.390226;
3121;"468214";"Standaard";"9-12 m";"23-06-2020";"POINT(4.923711,52.401127)";"POINT(52.401127,4.923711)";4.923711;52.401127;
3122;"400618";"Standaard";"15-18 m";"23-06-2020";"POINT(4.946314,52.398231)";"POINT(52.398231,4.946314)";4.946314;52.398231;
3123;"429009";"Standaard";"15-18 m";"23-06-2020";"POINT(4.920919,52.388857)";"POINT(52.388857,4.920919)";4.920919;52.388857;
3124;"474286";"Standaard";"15-18 m";"23-06-2020";"POINT(4.926307,52.403558)";"POINT(52.403558,4.926307)";4.926307;52.403558;
3125;"431235";"Standaard";"15-18 m";"23-06-2020";"POINT(4.929647,52.410236)";"POINT(52.410236,4.929647)";4.929647;52.410236;
3126;"431226";"Standaard";"12-15 m";"23-06-2020";"POINT(4.925681,52.403978)";"POINT(52.403978,4.925681)";4.925681;52.403978;
3127;"_N_085901110000";"Standaard";">24 m";"23-06-2020";"POINT(4.823065,52.36426)";"POINT(52.36426,4.823065)";4.823065;52.36426;
3128;"_N_090604438000";"Standaard";"15-18 m";"23-06-2020";"POINT(4.819316,52.360569)";"POINT(52.360569,4.819316)";4.819316;52.360569;
3129;"667329";"Standaard";"15-18 m";"23-06-2020";"POINT(4.818111,52.360835)";"POINT(52.360835,4.818111)";4.818111;52.360835;
3130;"6682605";"Standaard";"12-15 m";"23-06-2020";"POINT(4.841905,52.36349)";"POINT(52.36349,4.841905)";4.841905;52.36349;
3131;"F02488";"Standaard";"12-15 m";"23-06-2020";"POINT(4.830949,52.358033)";"POINT(52.358033,4.830949)";4.830949;52.358033;
3132;"6682603";"Standaard";"12-15 m";"23-06-2020";"POINT(4.841967,52.361687)";"POINT(52.361687,4.841967)";4.841967;52.361687;
3133;"6682604";"Standaard";"12-15 m";"23-06-2020";"POINT(4.841935,52.363322)";"POINT(52.363322,4.841935)";4.841935;52.363322;
3134;"_N_085907933000";"Standaard";">24 m";"23-06-2020";"POINT(4.82278,52.363989)";"POINT(52.363989,4.82278)";4.82278;52.363989;
3135;"350064";"Standaard";"9-12 m";"23-06-2020";"POINT(4.821485,52.361231)";"POINT(52.361231,4.821485)";4.821485;52.361231;
3136;"351989";"Standaard";"12-15 m";"23-06-2020";"POINT(4.832902,52.358215)";"POINT(52.358215,4.832902)";4.832902;52.358215;
3137;"351943";"Standaard";"12-15 m";"23-06-2020";"POINT(4.835649,52.358235)";"POINT(52.358235,4.835649)";4.835649;52.358235;
3138;"416167";"Standaard";"0-6 m";"23-06-2020";"POINT(4.840678,52.366019)";"POINT(52.366019,4.840678)";4.840678;52.366019;
3139;"411621";"Standaard";">24 m";"23-06-2020";"POINT(4.821585,52.363597)";"POINT(52.363597,4.821585)";4.821585;52.363597;
3140;"411518";"Standaard";">24 m";"23-06-2020";"POINT(4.821123,52.363346)";"POINT(52.363346,4.821123)";4.821123;52.363346;
3141;"411677";"Standaard";"15-18 m";"23-06-2020";"POINT(4.819828,52.360558)";"POINT(52.360558,4.819828)";4.819828;52.360558;
3142;"411424";"Standaard";">24 m";"23-06-2020";"POINT(4.821894,52.362792)";"POINT(52.362792,4.821894)";4.821894;52.362792;
3143;"411641";"Standaard";">24 m";"23-06-2020";"POINT(4.823613,52.364467)";"POINT(52.364467,4.823613)";4.823613;52.364467;
3144;"417412";"Standaard";"9-12 m";"23-06-2020";"POINT(4.83024,52.358202)";"POINT(52.358202,4.83024)";4.83024;52.358202;
3145;"417411";"Standaard";"9-12 m";"23-06-2020";"POINT(4.83032,52.358277)";"POINT(52.358277,4.83032)";4.83032;52.358277;
3146;"417410";"Standaard";"9-12 m";"23-06-2020";"POINT(4.830433,52.358258)";"POINT(52.358258,4.830433)";4.830433;52.358258;
3147;"392203";"Standaard";"9-12 m";"23-06-2020";"POINT(4.84297,52.368054)";"POINT(52.368054,4.84297)";4.84297;52.368054;
3148;"369723";"Standaard";">24 m";"23-06-2020";"POINT(4.816104,52.359747)";"POINT(52.359747,4.816104)";4.816104;52.359747;
3149;"369721";"Standaard";">24 m";"23-06-2020";"POINT(4.816439,52.359404)";"POINT(52.359404,4.816439)";4.816439;52.359404;
3150;"349464";"Standaard";"12-15 m";"23-06-2020";"POINT(4.841744,52.362196)";"POINT(52.362196,4.841744)";4.841744;52.362196;
3151;"350060";"Standaard";"9-12 m";"23-06-2020";"POINT(4.823661,52.362775)";"POINT(52.362775,4.823661)";4.823661;52.362775;
3152;"1549131";"Standaard";">24 m";"23-06-2020";"POINT(4.816437,52.360263)";"POINT(52.360263,4.816437)";4.816437;52.360263;
3153;"351945";"Standaard";"6-9 m";"23-06-2020";"POINT(4.835811,52.358276)";"POINT(52.358276,4.835811)";4.835811;52.358276;
3154;"418138";"Standaard";"18-24 m";"23-06-2020";"POINT(4.844318,52.366143)";"POINT(52.366143,4.844318)";4.844318;52.366143;
3155;"66826612";"Standaard";"18-24 m";"23-06-2020";"POINT(4.845259,52.36603)";"POINT(52.36603,4.845259)";4.845259;52.36603;
3156;"363762";"Standaard";"18-24 m";"23-06-2020";"POINT(4.845965,52.365836)";"POINT(52.365836,4.845965)";4.845965;52.365836;
3157;"66826994_d0";"Standaard";"9-12 m";"23-06-2020";"POINT(4.842596,52.369022)";"POINT(52.369022,4.842596)";4.842596;52.369022;
3158;"66826995_d1";"Standaard";"9-12 m";"23-06-2020";"POINT(4.8426,52.36895)";"POINT(52.36895,4.8426)";4.8426;52.36895;
3159;"66826996_d2";"Standaard";"9-12 m";"23-06-2020";"POINT(4.842581,52.368877)";"POINT(52.368877,4.842581)";4.842581;52.368877;
3160;"66826997_d3";"Standaard";"9-12 m";"23-06-2020";"POINT(4.842582,52.368805)";"POINT(52.368805,4.842582)";4.842582;52.368805;
3161;"66826998_d4";"Standaard";"9-12 m";"23-06-2020";"POINT(4.842564,52.368723)";"POINT(52.368723,4.842564)";4.842564;52.368723;
3162;"66826999_d5";"Standaard";"9-12 m";"23-06-2020";"POINT(4.842585,52.368621)";"POINT(52.368621,4.842585)";4.842585;52.368621;
3163;"66827000_d6";"Standaard";"9-12 m";"23-06-2020";"POINT(4.842501,52.368602)";"POINT(52.368602,4.842501)";4.842501;52.368602;
3164;"66827001_d7";"Standaard";"9-12 m";"23-06-2020";"POINT(4.84253,52.368514)";"POINT(52.368514,4.84253)";4.84253;52.368514;
3165;"66827002_d8";"Standaard";"9-12 m";"23-06-2020";"POINT(4.842556,52.368464)";"POINT(52.368464,4.842556)";4.842556;52.368464;
3166;"66827003_d9";"Standaard";"9-12 m";"23-06-2020";"POINT(4.842593,52.368395)";"POINT(52.368395,4.842593)";4.842593;52.368395;
3167;"66827004_d10";"Standaard";"9-12 m";"23-06-2020";"POINT(4.842571,52.36835)";"POINT(52.36835,4.842571)";4.842571;52.36835;
3168;"66827005_d11";"Standaard";"9-12 m";"23-06-2020";"POINT(4.842608,52.368318)";"POINT(52.368318,4.842608)";4.842608;52.368318;
3169;"66827006_d12";"Standaard";"9-12 m";"23-06-2020";"POINT(4.842612,52.368289)";"POINT(52.368289,4.842612)";4.842612;52.368289;
3170;"66827007_d13";"Standaard";"9-12 m";"23-06-2020";"POINT(4.842613,52.368266)";"POINT(52.368266,4.842613)";4.842613;52.368266;
3171;"66827008_d14";"Standaard";"9-12 m";"23-06-2020";"POINT(4.842646,52.368233)";"POINT(52.368233,4.842646)";4.842646;52.368233;
3172;"66827009_d15";"Standaard";"9-12 m";"23-06-2020";"POINT(4.842599,52.368235)";"POINT(52.368235,4.842599)";4.842599;52.368235;
3173;"66827010_d16";"Standaard";"9-12 m";"23-06-2020";"POINT(4.84256,52.36823)";"POINT(52.36823,4.84256)";4.84256;52.36823;
3174;"66827011_d17";"Standaard";"9-12 m";"23-06-2020";"POINT(4.842602,52.368209)";"POINT(52.368209,4.842602)";4.842602;52.368209;
3175;"66827012_d18";"Standaard";"9-12 m";"23-06-2020";"POINT(4.84184,52.36568)";"POINT(52.36568,4.84184)";4.84184;52.36568;
3176;"66827013_d19";"Standaard";"9-12 m";"23-06-2020";"POINT(4.8419,52.365735)";"POINT(52.365735,4.8419)";4.8419;52.365735;
3177;"66827015_d21";"Standaard";"12-15 m";"23-06-2020";"POINT(4.841932,52.363436)";"POINT(52.363436,4.841932)";4.841932;52.363436;
3178;"66827016_d22";"Standaard";"12-15 m";"23-06-2020";"POINT(4.841977,52.363382)";"POINT(52.363382,4.841977)";4.841977;52.363382;
3179;"66827018_d24";"Standaard";"12-15 m";"23-06-2020";"POINT(4.841908,52.361958)";"POINT(52.361958,4.841908)";4.841908;52.361958;
3180;"66827019_d25";"Standaard";"12-15 m";"23-06-2020";"POINT(4.84192,52.361779)";"POINT(52.361779,4.84192)";4.84192;52.361779;
3181;"66827020_d26";"Standaard";"12-15 m";"23-06-2020";"POINT(4.842017,52.361608)";"POINT(52.361608,4.842017)";4.842017;52.361608;
3182;"66827021_d27";"Standaard";"12-15 m";"23-06-2020";"POINT(4.828713,52.357969)";"POINT(52.357969,4.828713)";4.828713;52.357969;
3183;"66827022";"Standaard";">24 m";"23-06-2020";"POINT(4.816566,52.359421)";"POINT(52.359421,4.816566)";4.816566;52.359421;
3184;"66827023";"Standaard";">24 m";"23-06-2020";"POINT(4.821666,52.36293)";"POINT(52.36293,4.821666)";4.821666;52.36293;
3185;"66827024";"Standaard";">24 m";"23-06-2020";"POINT(4.821991,52.362851)";"POINT(52.362851,4.821991)";4.821991;52.362851;
3186;"66827025";"Standaard";">24 m";"23-06-2020";"POINT(4.823374,52.364263)";"POINT(52.364263,4.823374)";4.823374;52.364263;
3187;"66827026";"Standaard";">24 m";"23-06-2020";"POINT(4.822869,52.363869)";"POINT(52.363869,4.822869)";4.822869;52.363869;
3188;"66827027";"Standaard";">24 m";"23-06-2020";"POINT(4.821844,52.3637)";"POINT(52.3637,4.821844)";4.821844;52.3637;
3189;"489231";"Standaard";"15-18 m";"23-06-2020";"POINT(4.930957,52.341023)";"POINT(52.341023,4.930957)";4.930957;52.341023;
3190;"667360";"Standaard";"18-24 m";"23-06-2020";"POINT(4.943314,52.348904)";"POINT(52.348904,4.943314)";4.943314;52.348904;
3191;"489109";"Standaard";"15-18 m";"23-06-2020";"POINT(4.933507,52.33953)";"POINT(52.33953,4.933507)";4.933507;52.33953;
3192;"483976";"Standaard";"15-18 m";"23-06-2020";"POINT(4.932906,52.340163)";"POINT(52.340163,4.932906)";4.932906;52.340163;
3193;"489078";"Standaard";"12-15 m";"23-06-2020";"POINT(4.931582,52.340639)";"POINT(52.340639,4.931582)";4.931582;52.340639;
3194;"489041";"Standaard";"15-18 m";"23-06-2020";"POINT(4.930605,52.341338)";"POINT(52.341338,4.930605)";4.930605;52.341338;
3195;"489040";"Standaard";"12-15 m";"23-06-2020";"POINT(4.930527,52.341293)";"POINT(52.341293,4.930527)";4.930527;52.341293;
3196;"371234";"Standaard";"6-9 m";"23-06-2020";"POINT(4.836803,52.378233)";"POINT(52.378233,4.836803)";4.836803;52.378233;
3197;"371219";"Standaard";"6-9 m";"23-06-2020";"POINT(4.836352,52.377561)";"POINT(52.377561,4.836352)";4.836352;52.377561;
3198;"374062";"Standaard";"9-12 m";"23-06-2020";"POINT(4.830981,52.377623)";"POINT(52.377623,4.830981)";4.830981;52.377623;
3199;"371231";"Standaard";"6-9 m";"23-06-2020";"POINT(4.836883,52.378436)";"POINT(52.378436,4.836883)";4.836883;52.378436;
3200;"374010";"Standaard";"6-9 m";"23-06-2020";"POINT(4.83627,52.37701)";"POINT(52.37701,4.83627)";4.83627;52.37701;
3201;"373771";"Standaard";"6-9 m";"23-06-2020";"POINT(4.833635,52.377124)";"POINT(52.377124,4.833635)";4.833635;52.377124;
3202;"399059";"Standaard";"15-18 m";"23-06-2020";"POINT(4.886639,52.417627)";"POINT(52.417627,4.886639)";4.886639;52.417627;
3203;"6682147";"Standaard";"9-12 m";"23-06-2020";"POINT(4.861059,52.389422)";"POINT(52.389422,4.861059)";4.861059;52.389422;
3204;"6682142";"Standaard";"9-12 m";"23-06-2020";"POINT(4.859743,52.38931)";"POINT(52.38931,4.859743)";4.859743;52.38931;
3205;"6682149";"Standaard";"9-12 m";"23-06-2020";"POINT(4.859605,52.389253)";"POINT(52.389253,4.859605)";4.859605;52.389253;
3206;"6682141";"Standaard";"9-12 m";"23-06-2020";"POINT(4.861388,52.389269)";"POINT(52.389269,4.861388)";4.861388;52.389269;
3207;"6682148";"Standaard";"9-12 m";"23-06-2020";"POINT(4.861309,52.389393)";"POINT(52.389393,4.861309)";4.861309;52.389393;
3208;"6682154";"Standaard";"12-15 m";"23-06-2020";"POINT(4.857804,52.392457)";"POINT(52.392457,4.857804)";4.857804;52.392457;
3209;"499517";"Standaard";"9-12 m";"23-06-2020";"POINT(4.862972,52.389389)";"POINT(52.389389,4.862972)";4.862972;52.389389;
3210;"508143";"Standaard";"9-12 m";"23-06-2020";"POINT(4.857546,52.39242)";"POINT(52.39242,4.857546)";4.857546;52.39242;
3211;"499514";"Standaard";"9-12 m";"23-06-2020";"POINT(4.862966,52.38934)";"POINT(52.38934,4.862966)";4.862966;52.38934;
3212;"499212";"Standaard";"15-18 m";"23-06-2020";"POINT(4.861766,52.38939)";"POINT(52.38939,4.861766)";4.861766;52.38939;
3213;"1541409";"Standaard";"12-15 m";"23-06-2020";"POINT(4.864478,52.392486)";"POINT(52.392486,4.864478)";4.864478;52.392486;
3214;"499511";"Standaard";"12-15 m";"23-06-2020";"POINT(4.86217,52.389438)";"POINT(52.389438,4.86217)";4.86217;52.389438;
3215;"666962";"Standaard";"9-12 m";"23-06-2020";"POINT(4.859379,52.390712)";"POINT(52.390712,4.859379)";4.859379;52.390712;
3216;"666957";"Standaard";"6-9 m";"23-06-2020";"POINT(4.858582,52.389274)";"POINT(52.389274,4.858582)";4.858582;52.389274;
3217;"508125";"Standaard";"12-15 m";"23-06-2020";"POINT(4.855989,52.392604)";"POINT(52.392604,4.855989)";4.855989;52.392604;
3218;"666954";"Standaard";"6-9 m";"23-06-2020";"POINT(4.857029,52.389262)";"POINT(52.389262,4.857029)";4.857029;52.389262;
3219;"666956";"Standaard";"9-12 m";"23-06-2020";"POINT(4.858082,52.389263)";"POINT(52.389263,4.858082)";4.858082;52.389263;
3220;"666958";"Standaard";"6-9 m";"23-06-2020";"POINT(4.858893,52.389296)";"POINT(52.389296,4.858893)";4.858893;52.389296;
3221;"666965";"Standaard";"9-12 m";"23-06-2020";"POINT(4.86593,52.393215)";"POINT(52.393215,4.86593)";4.86593;52.393215;
3222;"66827022";"Standaard";"12-15 m";"23-06-2020";"POINT(4.857875,52.392463)";"POINT(52.392463,4.857875)";4.857875;52.392463;
3223;"66827023";"Standaard";"12-15 m";"23-06-2020";"POINT(4.855868,52.392602)";"POINT(52.392602,4.855868)";4.855868;52.392602;
3224;"66827024";"Standaard";"12-15 m";"23-06-2020";"POINT(4.859507,52.389259)";"POINT(52.389259,4.859507)";4.859507;52.389259;
3225;"66827025";"Standaard";"12-15 m";"23-06-2020";"POINT(4.859424,52.389279)";"POINT(52.389279,4.859424)";4.859424;52.389279;
3226;"66827026";"Standaard";"9-12 m";"23-06-2020";"POINT(4.857151,52.389258)";"POINT(52.389258,4.857151)";4.857151;52.389258;
3227;"66827027";"Standaard";"9-12 m";"23-06-2020";"POINT(4.8573,52.389286)";"POINT(52.389286,4.8573)";4.8573;52.389286;
3228;"66827028";"Standaard";"9-12 m";"23-06-2020";"POINT(4.857302,52.38933)";"POINT(52.38933,4.857302)";4.857302;52.38933;
3229;"66827029";"Standaard";"9-12 m";"23-06-2020";"POINT(4.857381,52.389193)";"POINT(52.389193,4.857381)";4.857381;52.389193;
3230;"66827030";"Standaard";"6-9 m";"23-06-2020";"POINT(4.857519,52.389201)";"POINT(52.389201,4.857519)";4.857519;52.389201;
3231;"66827031";"Standaard";"6-9 m";"23-06-2020";"POINT(4.857641,52.389235)";"POINT(52.389235,4.857641)";4.857641;52.389235;
3232;"66827032";"Standaard";"6-9 m";"23-06-2020";"POINT(4.857735,52.389208)";"POINT(52.389208,4.857735)";4.857735;52.389208;
3233;"66827033";"Standaard";"9-12 m";"23-06-2020";"POINT(4.857753,52.389295)";"POINT(52.389295,4.857753)";4.857753;52.389295;
3234;"66827034";"Standaard";"9-12 m";"23-06-2020";"POINT(4.857714,52.389332)";"POINT(52.389332,4.857714)";4.857714;52.389332;
3235;"66827035";"Standaard";"9-12 m";"23-06-2020";"POINT(4.85787,52.389219)";"POINT(52.389219,4.85787)";4.85787;52.389219;
3236;"66827036";"Standaard";"9-12 m";"23-06-2020";"POINT(4.857945,52.389216)";"POINT(52.389216,4.857945)";4.857945;52.389216;
3237;"66827037";"Standaard";"9-12 m";"23-06-2020";"POINT(4.857974,52.389318)";"POINT(52.389318,4.857974)";4.857974;52.389318;
3238;"66827038";"Standaard";"9-12 m";"23-06-2020";"POINT(4.858305,52.389289)";"POINT(52.389289,4.858305)";4.858305;52.389289;
3239;"66827039";"Standaard";"9-12 m";"23-06-2020";"POINT(4.858426,52.389326)";"POINT(52.389326,4.858426)";4.858426;52.389326;
3240;"66827040";"Standaard";"9-12 m";"23-06-2020";"POINT(4.859748,52.389195)";"POINT(52.389195,4.859748)";4.859748;52.389195;
3241;"66827041";"Standaard";"9-12 m";"23-06-2020";"POINT(4.859856,52.389199)";"POINT(52.389199,4.859856)";4.859856;52.389199;
3242;"66827042";"Standaard";"9-12 m";"23-06-2020";"POINT(4.861545,52.389286)";"POINT(52.389286,4.861545)";4.861545;52.389286;
3243;"66827043";"Standaard";"9-12 m";"23-06-2020";"POINT(4.861598,52.389234)";"POINT(52.389234,4.861598)";4.861598;52.389234;
3244;"557595_d2";"Standaard";"15-18 m";"27-05-2020";"POINT(4.995087,52.295419)";"POINT(52.295419,4.995087)";4.995087;52.295419;
3245;"507427";"Standaard";"15-18 m";"27-05-2020";"POINT(4.853055,52.388251)";"POINT(52.388251,4.853055)";4.853055;52.388251;
3246;"@092851663000";"Standaard";"12-15 m";"24-06-2020";"POINT(4.806646,52.369624)";"POINT(52.369624,4.806646)";4.806646;52.369624;
3247;"412760";"Standaard";"9-12 m";"24-06-2020";"POINT(4.80278,52.368389)";"POINT(52.368389,4.80278)";4.80278;52.368389;
3248;"400975";"Standaard";"18-24 m";"24-06-2020";"POINT(4.938021,52.404429)";"POINT(52.404429,4.938021)";4.938021;52.404429;
3249;"436615";"Standaard";"6-9 m";"24-06-2020";"POINT(4.945064,52.386912)";"POINT(52.386912,4.945064)";4.945064;52.386912;
3250;"436612";"Standaard";"6-9 m";"24-06-2020";"POINT(4.944988,52.38658)";"POINT(52.38658,4.944988)";4.944988;52.38658;
3251;"438805";"Standaard";"6-9 m";"24-06-2020";"POINT(4.94505,52.386791)";"POINT(52.386791,4.94505)";4.94505;52.386791;
3252;"438803";"Standaard";"9-12 m";"24-06-2020";"POINT(4.944983,52.386667)";"POINT(52.386667,4.944983)";4.944983;52.386667;
3253;"438802";"Standaard";"9-12 m";"24-06-2020";"POINT(4.944978,52.386633)";"POINT(52.386633,4.944978)";4.944978;52.386633;
3254;"400128";"Standaard";"15-18 m";"24-06-2020";"POINT(4.96333,52.391751)";"POINT(52.391751,4.96333)";4.96333;52.391751;
3255;"399981";"Standaard";"15-18 m";"24-06-2020";"POINT(4.960231,52.396092)";"POINT(52.396092,4.960231)";4.960231;52.396092;
3256;"468537";"Standaard";"12-15 m";"24-06-2020";"POINT(4.924668,52.406278)";"POINT(52.406278,4.924668)";4.924668;52.406278;
3257;"442198";"Standaard";"9-12 m";"24-06-2020";"POINT(4.938086,52.404506)";"POINT(52.404506,4.938086)";4.938086;52.404506;
3258;"401984";"Standaard";"18-24 m";"24-06-2020";"POINT(4.917742,52.393184)";"POINT(52.393184,4.917742)";4.917742;52.393184;
3259;"400978";"Standaard";"18-24 m";"24-06-2020";"POINT(4.93696,52.403611)";"POINT(52.403611,4.93696)";4.93696;52.403611;
3260;"400977";"Standaard";"18-24 m";"24-06-2020";"POINT(4.937004,52.403646)";"POINT(52.403646,4.937004)";4.937004;52.403646;
3261;"403681";"Standaard";"15-18 m";"24-06-2020";"POINT(4.946949,52.402922)";"POINT(52.402922,4.946949)";4.946949;52.402922;
3262;"428384";"Standaard";"15-18 m";"24-06-2020";"POINT(4.944972,52.386939)";"POINT(52.386939,4.944972)";4.944972;52.386939;
3263;"400926";"Standaard";"15-18 m";"24-06-2020";"POINT(4.947278,52.402855)";"POINT(52.402855,4.947278)";4.947278;52.402855;
3264;"435823";"Standaard";"12-15 m";"24-06-2020";"POINT(4.94433,52.39699)";"POINT(52.39699,4.94433)";4.94433;52.39699;
3265;"66827064";"Standaard";"9-12 m";"24-06-2020";"POINT(4.945028,52.386712)";"POINT(52.386712,4.945028)";4.945028;52.386712;
3266;"351511";"Standaard";"6-9 m";"24-06-2020";"POINT(4.822725,52.344624)";"POINT(52.344624,4.822725)";4.822725;52.344624;
3267;"M212172";"Standaard";"9-12 m";"24-06-2020";"POINT(4.922928,52.336851)";"POINT(52.336851,4.922928)";4.922928;52.336851;
3268;"AMBO91793";"Standaard";"18-24 m";"24-06-2020";"POINT(4.845493,52.31848)";"POINT(52.31848,4.845493)";4.845493;52.31848;
3269;"6682430";"Standaard";">24 m";"24-06-2020";"POINT(4.84564,52.318593)";"POINT(52.318593,4.84564)";4.84564;52.318593;
3270;"6682434";"Standaard";">24 m";"24-06-2020";"POINT(4.845201,52.31827)";"POINT(52.31827,4.845201)";4.845201;52.31827;
3271;"NAMBO145844";"Standaard";">24 m";"24-06-2020";"POINT(4.845341,52.318365)";"POINT(52.318365,4.845341)";4.845341;52.318365;
3272;"668070_d5";"Standaard";"15-18 m";"20-06-2020";"POINT(4.823732,52.30692)";"POINT(52.30692,4.823732)";4.823732;52.30692;
3273;"6682388_d0_d6";"Standaard";"18-24 m";"20-06-2020";"POINT(4.82233,52.307233)";"POINT(52.307233,4.82233)";4.82233;52.307233;
3274;"6682680";"Standaard";"18-24 m";"24-06-2020";"POINT(4.825115,52.313062)";"POINT(52.313062,4.825115)";4.825115;52.313062;
3275;"NAMBO146853";"Standaard";">24 m";"20-06-2020";"POINT(4.824574,52.306685)";"POINT(52.306685,4.824574)";4.824574;52.306685;
3276;"66826968";"Standaard";">24 m";"20-06-2020";"POINT(4.825019,52.30667)";"POINT(52.30667,4.825019)";4.825019;52.30667;
3277;"66826972";"Standaard";">24 m";"20-06-2020";"POINT(4.824848,52.306605)";"POINT(52.306605,4.824848)";4.824848;52.306605;
3278;"66826973";"Standaard";">24 m";"20-06-2020";"POINT(4.824756,52.306636)";"POINT(52.306636,4.824756)";4.824756;52.306636;
3279;"66826986";"Standaard";"15-18 m";"20-06-2020";"POINT(4.823942,52.30689)";"POINT(52.30689,4.823942)";4.823942;52.30689;
3280;"66826987";"Standaard";"15-18 m";"20-06-2020";"POINT(4.824144,52.306836)";"POINT(52.306836,4.824144)";4.824144;52.306836;
3281;"66826988";"Standaard";"15-18 m";"20-06-2020";"POINT(4.824236,52.30678)";"POINT(52.30678,4.824236)";4.824236;52.30678;
3282;"66826989";"Standaard";"15-18 m";"20-06-2020";"POINT(4.824443,52.30672)";"POINT(52.30672,4.824443)";4.824443;52.30672;
3283;"66826990";"Standaard";">24 m";"20-06-2020";"POINT(4.824682,52.306645)";"POINT(52.306645,4.824682)";4.824682;52.306645;
3284;"393419";"Standaard";"9-12 m";"24-06-2020";"POINT(4.839217,52.347037)";"POINT(52.347037,4.839217)";4.839217;52.347037;
3285;"393417";"Standaard";"9-12 m";"24-06-2020";"POINT(4.839097,52.347039)";"POINT(52.347039,4.839097)";4.839097;52.347039;
3286;"393415";"Standaard";"9-12 m";"24-06-2020";"POINT(4.83894,52.347037)";"POINT(52.347037,4.83894)";4.83894;52.347037;
3287;"393414";"Standaard";"9-12 m";"24-06-2020";"POINT(4.838803,52.347034)";"POINT(52.347034,4.838803)";4.838803;52.347034;
3288;"393412";"Standaard";"9-12 m";"24-06-2020";"POINT(4.838595,52.346926)";"POINT(52.346926,4.838595)";4.838595;52.346926;
3289;"393410";"Standaard";"9-12 m";"24-06-2020";"POINT(4.838441,52.346928)";"POINT(52.346928,4.838441)";4.838441;52.346928;
3290;"393409";"Standaard";"9-12 m";"24-06-2020";"POINT(4.838552,52.347034)";"POINT(52.347034,4.838552)";4.838552;52.347034;
3291;"393407";"Standaard";"9-12 m";"24-06-2020";"POINT(4.838415,52.347033)";"POINT(52.347033,4.838415)";4.838415;52.347033;
3292;"393406";"Standaard";"9-12 m";"24-06-2020";"POINT(4.838283,52.347034)";"POINT(52.347034,4.838283)";4.838283;52.347034;
3293;"360819";"Standaard";"9-12 m";"24-06-2020";"POINT(4.832901,52.347061)";"POINT(52.347061,4.832901)";4.832901;52.347061;
3294;"354441";"Standaard";"12-15 m";"24-06-2020";"POINT(4.829759,52.348164)";"POINT(52.348164,4.829759)";4.829759;52.348164;
3295;"349058";"Standaard";"9-12 m";"24-06-2020";"POINT(4.828748,52.346832)";"POINT(52.346832,4.828748)";4.828748;52.346832;
3296;"349053";"Standaard";"9-12 m";"24-06-2020";"POINT(4.829431,52.346947)";"POINT(52.346947,4.829431)";4.829431;52.346947;
3297;"349026";"Standaard";"9-12 m";"24-06-2020";"POINT(4.833423,52.346987)";"POINT(52.346987,4.833423)";4.833423;52.346987;
3298;"349021";"Standaard";"9-12 m";"24-06-2020";"POINT(4.833249,52.347065)";"POINT(52.347065,4.833249)";4.833249;52.347065;
3299;"349018";"Standaard";"9-12 m";"24-06-2020";"POINT(4.831822,52.347047)";"POINT(52.347047,4.831822)";4.831822;52.347047;
3300;"349010";"Standaard";"9-12 m";"24-06-2020";"POINT(4.829604,52.347025)";"POINT(52.347025,4.829604)";4.829604;52.347025;
3301;"349009";"Standaard";"9-12 m";"24-06-2020";"POINT(4.82933,52.347019)";"POINT(52.347019,4.82933)";4.82933;52.347019;
3302;"349006";"Standaard";"9-12 m";"24-06-2020";"POINT(4.828719,52.347012)";"POINT(52.347012,4.828719)";4.828719;52.347012;
3303;"351508";"Standaard";"6-9 m";"24-06-2020";"POINT(4.823091,52.344583)";"POINT(52.344583,4.823091)";4.823091;52.344583;
3304;"351507";"Standaard";"12-15 m";"24-06-2020";"POINT(4.822985,52.344602)";"POINT(52.344602,4.822985)";4.822985;52.344602;
3305;"349063";"Standaard";"9-12 m";"24-06-2020";"POINT(4.828035,52.346826)";"POINT(52.346826,4.828035)";4.828035;52.346826;
3306;"393394";"Standaard";"9-12 m";"24-06-2020";"POINT(4.837116,52.347024)";"POINT(52.347024,4.837116)";4.837116;52.347024;
3307;"393399";"Standaard";"9-12 m";"24-06-2020";"POINT(4.837468,52.34692)";"POINT(52.34692,4.837468)";4.837468;52.34692;
3308;"393398";"Standaard";"9-12 m";"24-06-2020";"POINT(4.837418,52.347027)";"POINT(52.347027,4.837418)";4.837418;52.347027;
3309;"393411";"Standaard";"9-12 m";"24-06-2020";"POINT(4.838679,52.347035)";"POINT(52.347035,4.838679)";4.838679;52.347035;
3310;"349062";"Standaard";"9-12 m";"24-06-2020";"POINT(4.828244,52.346829)";"POINT(52.346829,4.828244)";4.828244;52.346829;
3311;"458333";"Standaard";"12-15 m";"24-06-2020";"POINT(4.925974,52.345787)";"POINT(52.345787,4.925974)";4.925974;52.345787;
3312;"457135";"Standaard";"6-9 m";"24-06-2020";"POINT(4.923929,52.332746)";"POINT(52.332746,4.923929)";4.923929;52.332746;
3313;"448957";"Standaard";"12-15 m";"24-06-2020";"POINT(4.924472,52.333128)";"POINT(52.333128,4.924472)";4.924472;52.333128;
3314;"488886";"Standaard";"12-15 m";"24-06-2020";"POINT(4.919277,52.330593)";"POINT(52.330593,4.919277)";4.919277;52.330593;
3315;"489210";"Standaard";"12-15 m";"24-06-2020";"POINT(4.919402,52.330441)";"POINT(52.330441,4.919402)";4.919402;52.330441;
3316;"457140";"Standaard";"0-6 m";"24-06-2020";"POINT(4.924131,52.33276)";"POINT(52.33276,4.924131)";4.924131;52.33276;
3317;"457137";"Standaard";"";"24-06-2020";"POINT(4.92402,52.332701)";"POINT(52.332701,4.92402)";4.92402;52.332701;
3318;"66826889";"Standaard";"12-15 m";"25-06-2020";"POINT(4.811946,52.367232)";"POINT(52.367232,4.811946)";4.811946;52.367232;
3319;"66827027";"Standaard";"18-24 m";"25-06-2020";"POINT(4.815293,52.305379)";"POINT(52.305379,4.815293)";4.815293;52.305379;
3320;"66827026";"Standaard";"18-24 m";"25-06-2020";"POINT(4.815363,52.305405)";"POINT(52.305405,4.815363)";4.815363;52.305405;
3321;"66827033";"Standaard";"12-15 m";"25-06-2020";"POINT(4.824767,52.3576)";"POINT(52.3576,4.824767)";4.824767;52.3576;
3322;"66826872";"Standaard";">24 m";"25-06-2020";"POINT(4.839436,52.313122)";"POINT(52.313122,4.839436)";4.839436;52.313122;
3323;"547145";"Standaard";"12-15 m";"25-06-2020";"POINT(4.989482,52.318295)";"POINT(52.318295,4.989482)";4.989482;52.318295;
3324;"667531";"Standaard";"18-24 m";"25-06-2020";"POINT(4.814973,52.304594)";"POINT(52.304594,4.814973)";4.814973;52.304594;
3325;"667109_d0";"Standaard";"18-24 m";"25-06-2020";"POINT(4.815501,52.304536)";"POINT(52.304536,4.815501)";4.815501;52.304536;
3326;"AMBO91861_d1";"Standaard";"18-24 m";"25-06-2020";"POINT(4.813796,52.305657)";"POINT(52.305657,4.813796)";4.813796;52.305657;
3327;"667535";"Standaard";"18-24 m";"25-06-2020";"POINT(4.815438,52.305423)";"POINT(52.305423,4.815438)";4.815438;52.305423;
3328;"668214";"Standaard";"18-24 m";"25-06-2020";"POINT(4.814724,52.30503)";"POINT(52.30503,4.814724)";4.814724;52.30503;
3329;"668201";"Standaard";"18-24 m";"24-06-2020";"POINT(4.815648,52.304399)";"POINT(52.304399,4.815648)";4.815648;52.304399;
3330;"6682132";"Standaard";"18-24 m";"25-06-2020";"POINT(4.814743,52.305056)";"POINT(52.305056,4.814743)";4.814743;52.305056;
3331;"667566_d3";"Standaard";"9-12 m";"25-06-2020";"POINT(4.814651,52.305097)";"POINT(52.305097,4.814651)";4.814651;52.305097;
3332;"337919";"Standaard";"9-12 m";"25-06-2020";"POINT(4.813965,52.305356)";"POINT(52.305356,4.813965)";4.813965;52.305356;
3333;"668203";"Standaard";"18-24 m";"24-06-2020";"POINT(4.815569,52.304445)";"POINT(52.304445,4.815569)";4.815569;52.304445;
3334;"66827005";"Standaard";"15-18 m";"25-06-2020";"POINT(4.815371,52.304566)";"POINT(52.304566,4.815371)";4.815371;52.304566;
3335;"66827006";"Standaard";"18-24 m";"25-06-2020";"POINT(4.815329,52.30458)";"POINT(52.30458,4.815329)";4.815329;52.30458;
3336;"66827009";"Standaard";"18-24 m";"25-06-2020";"POINT(4.814899,52.304681)";"POINT(52.304681,4.814899)";4.814899;52.304681;
3337;"66827016";"Standaard";"18-24 m";"25-06-2020";"POINT(4.814972,52.304445)";"POINT(52.304445,4.814972)";4.814972;52.304445;
3338;"66827017";"Standaard";"18-24 m";"25-06-2020";"POINT(4.814942,52.304428)";"POINT(52.304428,4.814942)";4.814942;52.304428;
3339;"66827018";"Standaard";"18-24 m";"25-06-2020";"POINT(4.814812,52.304944)";"POINT(52.304944,4.814812)";4.814812;52.304944;
3340;"66827019";"Standaard";"18-24 m";"25-06-2020";"POINT(4.81478,52.304989)";"POINT(52.304989,4.81478)";4.81478;52.304989;
3341;"66827022";"Standaard";"18-24 m";"25-06-2020";"POINT(4.814965,52.305134)";"POINT(52.305134,4.814965)";4.814965;52.305134;
3342;"66827024";"Standaard";"18-24 m";"25-06-2020";"POINT(4.815054,52.30523)";"POINT(52.30523,4.815054)";4.815054;52.30523;
3343;"66827025";"Standaard";"18-24 m";"25-06-2020";"POINT(4.815193,52.30519)";"POINT(52.30519,4.815193)";4.815193;52.30519;
3344;"66827028";"Standaard";"18-24 m";"25-06-2020";"POINT(4.815182,52.305343)";"POINT(52.305343,4.815182)";4.815182;52.305343;
3345;"66827029";"Standaard";"9-12 m";"25-06-2020";"POINT(4.814616,52.305152)";"POINT(52.305152,4.814616)";4.814616;52.305152;
3346;"598237";"Standaard";"18-24 m";"25-06-2020";"POINT(4.985883,52.327062)";"POINT(52.327062,4.985883)";4.985883;52.327062;
3347;"345820";"Standaard";"18-24 m";"25-06-2020";"POINT(4.921545,52.373202)";"POINT(52.373202,4.921545)";4.921545;52.373202;
3348;"6682606";"Standaard";"12-15 m";"25-06-2020";"POINT(4.826166,52.357576)";"POINT(52.357576,4.826166)";4.826166;52.357576;
3349;"F02535";"Standaard";"12-15 m";"25-06-2020";"POINT(4.825485,52.357928)";"POINT(52.357928,4.825485)";4.825485;52.357928;
3350;"F02534";"Standaard";"12-15 m";"25-06-2020";"POINT(4.826327,52.357976)";"POINT(52.357976,4.826327)";4.826327;52.357976;
3351;"379514";"Standaard";"15-18 m";"25-06-2020";"POINT(4.791601,52.35341)";"POINT(52.35341,4.791601)";4.791601;52.35341;
3352;"66827028";"Standaard";"12-15 m";"25-06-2020";"POINT(4.825429,52.357902)";"POINT(52.357902,4.825429)";4.825429;52.357902;
3353;"66827029";"Standaard";"12-15 m";"25-06-2020";"POINT(4.825684,52.357926)";"POINT(52.357926,4.825684)";4.825684;52.357926;
3354;"66827030";"Standaard";"12-15 m";"25-06-2020";"POINT(4.825221,52.357912)";"POINT(52.357912,4.825221)";4.825221;52.357912;
3355;"66827031";"Standaard";"12-15 m";"25-06-2020";"POINT(4.825091,52.357923)";"POINT(52.357923,4.825091)";4.825091;52.357923;
3356;"66827032";"Standaard";"12-15 m";"25-06-2020";"POINT(4.824879,52.357935)";"POINT(52.357935,4.824879)";4.824879;52.357935;
3357;"N53171";"Standaard";"12-15 m";"25-06-2020";"POINT(4.966771,52.393936)";"POINT(52.393936,4.966771)";4.966771;52.393936;
3358;"431047";"Standaard";"15-18 m";"25-06-2020";"POINT(4.961601,52.397274)";"POINT(52.397274,4.961601)";4.961601;52.397274;
3359;"431041";"Standaard";"12-15 m";"25-06-2020";"POINT(4.962432,52.39737)";"POINT(52.39737,4.962432)";4.962432;52.39737;
3360;"N53173";"Standaard";"15-18 m";"25-06-2020";"POINT(4.969222,52.392295)";"POINT(52.392295,4.969222)";4.969222;52.392295;
3361;"459621";"Standaard";"12-15 m";"25-06-2020";"POINT(4.928354,52.3458)";"POINT(52.3458,4.928354)";4.928354;52.3458;
3362;"457985";"Standaard";"9-12 m";"25-06-2020";"POINT(4.921587,52.348399)";"POINT(52.348399,4.921587)";4.921587;52.348399;
3363;"450153";"Standaard";"9-12 m";"25-06-2020";"POINT(4.932342,52.343713)";"POINT(52.343713,4.932342)";4.932342;52.343713;
3364;"66827075";"Standaard";"0-6 m";"25-06-2020";"POINT(4.958171,52.400713)";"POINT(52.400713,4.958171)";4.958171;52.400713;
3365;"667648_d4";"Standaard";"12-15 m";"25-06-2020";"POINT(4.813542,52.369147)";"POINT(52.369147,4.813542)";4.813542;52.369147;
3366;"_N_095413088000_d6";"Standaard";"12-15 m";"25-06-2020";"POINT(4.813778,52.369181)";"POINT(52.369181,4.813778)";4.813778;52.369181;
3367;"66827035";"Standaard";"12-15 m";"25-06-2020";"POINT(4.812196,52.368378)";"POINT(52.368378,4.812196)";4.812196;52.368378;
3368;"66827040";"Standaard";"12-15 m";"25-06-2020";"POINT(4.813409,52.369274)";"POINT(52.369274,4.813409)";4.813409;52.369274;
3369;"485702";"Standaard";"6-9 m";"25-06-2020";"POINT(4.93092,52.341782)";"POINT(52.341782,4.93092)";4.93092;52.341782;
3370;"667715";"Standaard";"12-15 m";"26-06-2020";"POINT(4.875448,52.338382)";"POINT(52.338382,4.875448)";4.875448;52.338382;
3371;"T69073";"Standaard";"18-24 m";"26-06-2020";"POINT(4.985596,52.326203)";"POINT(52.326203,4.985596)";4.985596;52.326203;
3372;"T69068";"Standaard";"15-18 m";"26-06-2020";"POINT(4.984633,52.326851)";"POINT(52.326851,4.984633)";4.984633;52.326851;
3373;"515791";"Standaard";"12-15 m";"26-06-2020";"POINT(4.898336,52.333992)";"POINT(52.333992,4.898336)";4.898336;52.333992;
3374;"66826561";"Standaard";">24 m";"26-06-2020";"POINT(4.834035,52.307706)";"POINT(52.307706,4.834035)";4.834035;52.307706;
3375;"410964";"Standaard";"9-12 m";"26-06-2020";"POINT(4.818112,52.37115)";"POINT(52.37115,4.818112)";4.818112;52.37115;
3376;"410962";"Standaard";"12-15 m";"26-06-2020";"POINT(4.818145,52.371223)";"POINT(52.371223,4.818145)";4.818145;52.371223;
3377;"376311";"Standaard";"6-9 m";"26-06-2020";"POINT(4.789677,52.350568)";"POINT(52.350568,4.789677)";4.789677;52.350568;
3378;"370475";"Standaard";"9-12 m";"26-06-2020";"POINT(4.793316,52.376826)";"POINT(52.376826,4.793316)";4.793316;52.376826;
3379;"667818";"Standaard";"15-18 m";"26-06-2020";"POINT(4.893313,52.336845)";"POINT(52.336845,4.893313)";4.893313;52.336845;
3380;"667817";"Standaard";"15-18 m";"26-06-2020";"POINT(4.893367,52.33679)";"POINT(52.33679,4.893367)";4.893367;52.33679;
3381;"518091";"Standaard";"15-18 m";"26-06-2020";"POINT(4.860609,52.330382)";"POINT(52.330382,4.860609)";4.860609;52.330382;
3382;"549860";"Standaard";"9-12 m";"28-06-2020";"POINT(4.950672,52.299554)";"POINT(52.299554,4.950672)";4.950672;52.299554;
3383;"_N_104327955000";"Standaard";"12-15 m";"28-06-2020";"POINT(4.957657,52.299843)";"POINT(52.299843,4.957657)";4.957657;52.299843;
3384;"_N_104705527000";"Standaard";"12-15 m";"28-06-2020";"POINT(4.957487,52.299925)";"POINT(52.299925,4.957487)";4.957487;52.299925;
3385;"_N_110341031000";"Standaard";"12-15 m";"28-06-2020";"POINT(4.956802,52.300604)";"POINT(52.300604,4.956802)";4.956802;52.300604;
3386;"NT35736";"Standaard";"15-18 m";"28-06-2020";"POINT(4.959596,52.300943)";"POINT(52.300943,4.959596)";4.959596;52.300943;
3387;"552427";"Standaard";"15-18 m";"28-06-2020";"POINT(4.959969,52.301073)";"POINT(52.301073,4.959969)";4.959969;52.301073;
3388;"552426";"Standaard";"15-18 m";"28-06-2020";"POINT(4.959859,52.30103)";"POINT(52.30103,4.959859)";4.959859;52.30103;
3389;"552424";"Standaard";"15-18 m";"28-06-2020";"POINT(4.960245,52.300794)";"POINT(52.300794,4.960245)";4.960245;52.300794;
3390;"552412";"Standaard";"15-18 m";"28-06-2020";"POINT(4.960327,52.301102)";"POINT(52.301102,4.960327)";4.960327;52.301102;
3391;"552405";"Standaard";"15-18 m";"28-06-2020";"POINT(4.960785,52.300176)";"POINT(52.300176,4.960785)";4.960785;52.300176;
3392;"_N_101552975000";"Standaard";"15-18 m";"28-06-2020";"POINT(4.95706,52.299825)";"POINT(52.299825,4.95706)";4.95706;52.299825;
3393;"_N_105728042000";"Standaard";"12-15 m";"28-06-2020";"POINT(4.95711,52.300263)";"POINT(52.300263,4.95711)";4.95711;52.300263;
3394;"NT48686";"Standaard";"15-18 m";"28-06-2020";"POINT(4.956172,52.300862)";"POINT(52.300862,4.956172)";4.956172;52.300862;
3395;"_N_112436429000";"Standaard";"12-15 m";"28-06-2020";"POINT(4.955793,52.301247)";"POINT(52.301247,4.955793)";4.955793;52.301247;
3396;"548611";"Standaard";"12-15 m";"28-06-2020";"POINT(4.95536,52.301162)";"POINT(52.301162,4.95536)";4.95536;52.301162;
3397;"552445";"Standaard";"12-15 m";"28-06-2020";"POINT(4.958836,52.301848)";"POINT(52.301848,4.958836)";4.958836;52.301848;
3398;"552444";"Standaard";"12-15 m";"28-06-2020";"POINT(4.959113,52.301878)";"POINT(52.301878,4.959113)";4.959113;52.301878;
3399;"552440";"Standaard";"12-15 m";"28-06-2020";"POINT(4.960492,52.302117)";"POINT(52.302117,4.960492)";4.960492;52.302117;
3400;"551610";"Standaard";"12-15 m";"28-06-2020";"POINT(4.957614,52.301904)";"POINT(52.301904,4.957614)";4.957614;52.301904;
3401;"548610";"Standaard";"9-12 m";"28-06-2020";"POINT(4.955496,52.301146)";"POINT(52.301146,4.955496)";4.955496;52.301146;
3402;"548608";"Standaard";"18-24 m";"28-06-2020";"POINT(4.955824,52.301144)";"POINT(52.301144,4.955824)";4.955824;52.301144;
3403;"548605";"Standaard";"12-15 m";"28-06-2020";"POINT(4.955658,52.301183)";"POINT(52.301183,4.955658)";4.955658;52.301183;
3404;"548603";"Standaard";"6-9 m";"28-06-2020";"POINT(4.954787,52.30106)";"POINT(52.30106,4.954787)";4.954787;52.30106;
3405;"548601";"Standaard";"6-9 m";"28-06-2020";"POINT(4.954793,52.301126)";"POINT(52.301126,4.954793)";4.954793;52.301126;
3406;"548691";"Standaard";"9-12 m";"28-06-2020";"POINT(4.95089,52.299543)";"POINT(52.299543,4.95089)";4.95089;52.299543;
3407;"548690";"Standaard";"6-9 m";"28-06-2020";"POINT(4.95137,52.299844)";"POINT(52.299844,4.95137)";4.95137;52.299844;
3408;"548689";"Standaard";"9-12 m";"28-06-2020";"POINT(4.951284,52.299801)";"POINT(52.299801,4.951284)";4.951284;52.299801;
3409;"548642";"Standaard";"6-9 m";"28-06-2020";"POINT(4.953869,52.300735)";"POINT(52.300735,4.953869)";4.953869;52.300735;
3410;"548851";"Standaard";"15-18 m";"28-06-2020";"POINT(4.957025,52.299632)";"POINT(52.299632,4.957025)";4.957025;52.299632;
3411;"548849";"Standaard";"15-18 m";"28-06-2020";"POINT(4.956856,52.299949)";"POINT(52.299949,4.956856)";4.956856;52.299949;
3412;"548833";"Standaard";"15-18 m";"28-06-2020";"POINT(4.957471,52.299282)";"POINT(52.299282,4.957471)";4.957471;52.299282;
3413;"549822";"Standaard";"9-12 m";"28-06-2020";"POINT(4.951249,52.297386)";"POINT(52.297386,4.951249)";4.951249;52.297386;
3414;"594176";"Standaard";"";"28-06-2020";"POINT(4.959057,52.301763)";"POINT(52.301763,4.959057)";4.959057;52.301763;
3415;"551606";"Standaard";"12-15 m";"28-06-2020";"POINT(4.957921,52.30215)";"POINT(52.30215,4.957921)";4.957921;52.30215;
3416;"548606";"Standaard";"12-15 m";"28-06-2020";"POINT(4.955753,52.301245)";"POINT(52.301245,4.955753)";4.955753;52.301245;
3417;"548604";"Standaard";"12-15 m";"28-06-2020";"POINT(4.955429,52.301168)";"POINT(52.301168,4.955429)";4.955429;52.301168;
3418;"548702";"Standaard";"6-9 m";"28-06-2020";"POINT(4.949126,52.29806)";"POINT(52.29806,4.949126)";4.949126;52.29806;
3419;"548659";"Standaard";"";"28-06-2020";"POINT(4.95642,52.300548)";"POINT(52.300548,4.95642)";4.95642;52.300548;
3420;"548643";"Standaard";"9-12 m";"28-06-2020";"POINT(4.953977,52.300754)";"POINT(52.300754,4.953977)";4.953977;52.300754;
3421;"548857";"Standaard";"";"28-06-2020";"POINT(4.956934,52.299752)";"POINT(52.299752,4.956934)";4.956934;52.299752;
3422;"552433";"Standaard";"15-18 m";"28-06-2020";"POINT(4.959575,52.30091)";"POINT(52.30091,4.959575)";4.959575;52.30091;
3423;"_N_101439572000";"Standaard";"12-15 m";"28-06-2020";"POINT(4.957043,52.29987)";"POINT(52.29987,4.957043)";4.957043;52.29987;
3424;"_N_102908840000";"Standaard";"12-15 m";"28-06-2020";"POINT(4.957187,52.299718)";"POINT(52.299718,4.957187)";4.957187;52.299718;
3425;"_N_103155099000";"Standaard";"12-15 m";"28-06-2020";"POINT(4.957398,52.299548)";"POINT(52.299548,4.957398)";4.957398;52.299548;
3426;"_N_110204696000";"Standaard";"12-15 m";"28-06-2020";"POINT(4.956735,52.300509)";"POINT(52.300509,4.956735)";4.956735;52.300509;
3427;"_N_105207892000";"Standaard";"12-15 m";"28-06-2020";"POINT(4.957176,52.300195)";"POINT(52.300195,4.957176)";4.957176;52.300195;
3428;"_N_105741200000";"Standaard";"12-15 m";"28-06-2020";"POINT(4.957106,52.300397)";"POINT(52.300397,4.957106)";4.957106;52.300397;
3429;"_N_110514943000";"Standaard";"12-15 m";"28-06-2020";"POINT(4.956737,52.300691)";"POINT(52.300691,4.956737)";4.956737;52.300691;
3430;"NT106213";"Standaard";"15-18 m";"28-06-2020";"POINT(4.950409,52.299323)";"POINT(52.299323,4.950409)";4.950409;52.299323;
3431;"T49347";"Standaard";"12-15 m";"28-06-2020";"POINT(4.956383,52.300596)";"POINT(52.300596,4.956383)";4.956383;52.300596;
3432;"66826868";"Standaard";"12-15 m";"29-06-2020";"POINT(4.809358,52.367712)";"POINT(52.367712,4.809358)";4.809358;52.367712;
3433;"464183";"Standaard";"9-12 m";"29-06-2020";"POINT(4.927126,52.411643)";"POINT(52.411643,4.927126)";4.927126;52.411643;
3434;"66826604";"Standaard";"12-15 m";"29-05-2020";"POINT(4.843269,52.358807)";"POINT(52.358807,4.843269)";4.843269;52.358807;
3435;"66826605";"Standaard";"12-15 m";"29-05-2020";"POINT(4.843318,52.358721)";"POINT(52.358721,4.843318)";4.843318;52.358721;
3436;"667739";"Standaard";"12-15 m";"29-05-2020";"POINT(4.843838,52.358354)";"POINT(52.358354,4.843838)";4.843838;52.358354;
3437;"667740";"Standaard";"12-15 m";"29-05-2020";"POINT(4.843853,52.358316)";"POINT(52.358316,4.843853)";4.843853;52.358316;
3438;"667735";"Standaard";"12-15 m";"29-05-2020";"POINT(4.843873,52.358273)";"POINT(52.358273,4.843873)";4.843873;52.358273;
3439;"667741";"Standaard";"12-15 m";"29-05-2020";"POINT(4.843173,52.359162)";"POINT(52.359162,4.843173)";4.843173;52.359162;
3440;"6682602";"Standaard";"12-15 m";"29-05-2020";"POINT(4.843182,52.359146)";"POINT(52.359146,4.843182)";4.843182;52.359146;
3441;"667738";"Standaard";"12-15 m";"29-05-2020";"POINT(4.843762,52.358354)";"POINT(52.358354,4.843762)";4.843762;52.358354;
3442;"537894";"Standaard";"9-12 m";"29-05-2020";"POINT(4.961661,52.317629)";"POINT(52.317629,4.961661)";4.961661;52.317629;
3443;"66826586";"Standaard";"9-12 m";"29-05-2020";"POINT(4.843922,52.358185)";"POINT(52.358185,4.843922)";4.843922;52.358185;
3444;"66826587";"Standaard";"9-12 m";"29-05-2020";"POINT(4.843906,52.358232)";"POINT(52.358232,4.843906)";4.843906;52.358232;
3445;"66826588";"Standaard";"12-15 m";"29-05-2020";"POINT(4.843818,52.358394)";"POINT(52.358394,4.843818)";4.843818;52.358394;
3446;"66826589";"Standaard";"12-15 m";"29-05-2020";"POINT(4.843747,52.35836)";"POINT(52.35836,4.843747)";4.843747;52.35836;
3447;"66826590";"Standaard";"12-15 m";"29-05-2020";"POINT(4.843794,52.358191)";"POINT(52.358191,4.843794)";4.843794;52.358191;
3448;"66826591";"Standaard";"12-15 m";"29-05-2020";"POINT(4.843663,52.358399)";"POINT(52.358399,4.843663)";4.843663;52.358399;
3449;"66826592";"Standaard";"12-15 m";"29-05-2020";"POINT(4.843495,52.358432)";"POINT(52.358432,4.843495)";4.843495;52.358432;
3450;"66826593";"Standaard";"12-15 m";"29-05-2020";"POINT(4.843653,52.358194)";"POINT(52.358194,4.843653)";4.843653;52.358194;
3451;"66826594";"Standaard";"12-15 m";"29-05-2020";"POINT(4.843495,52.358223)";"POINT(52.358223,4.843495)";4.843495;52.358223;
3452;"66826595";"Standaard";"12-15 m";"29-05-2020";"POINT(4.843314,52.358259)";"POINT(52.358259,4.843314)";4.843314;52.358259;
3453;"66826596";"Standaard";"12-15 m";"29-05-2020";"POINT(4.843177,52.358426)";"POINT(52.358426,4.843177)";4.843177;52.358426;
3454;"66826597";"Standaard";"12-15 m";"29-05-2020";"POINT(4.843152,52.358592)";"POINT(52.358592,4.843152)";4.843152;52.358592;
3455;"66826598";"Standaard";"12-15 m";"29-05-2020";"POINT(4.843131,52.358722)";"POINT(52.358722,4.843131)";4.843131;52.358722;
3456;"66826599";"Standaard";"12-15 m";"29-05-2020";"POINT(4.843107,52.358873)";"POINT(52.358873,4.843107)";4.843107;52.358873;
3457;"66826600";"Standaard";"12-15 m";"29-05-2020";"POINT(4.843137,52.359017)";"POINT(52.359017,4.843137)";4.843137;52.359017;
3458;"66826601";"Standaard";"12-15 m";"29-05-2020";"POINT(4.843165,52.359106)";"POINT(52.359106,4.843165)";4.843165;52.359106;
3459;"66826602";"Standaard";"12-15 m";"29-05-2020";"POINT(4.843252,52.359063)";"POINT(52.359063,4.843252)";4.843252;52.359063;
3460;"66826603";"Standaard";"12-15 m";"29-05-2020";"POINT(4.843302,52.358971)";"POINT(52.358971,4.843302)";4.843302;52.358971;
3461;"66826606";"Standaard";"12-15 m";"29-05-2020";"POINT(4.843384,52.358601)";"POINT(52.358601,4.843384)";4.843384;52.358601;
3462;"66826607";"Standaard";"12-15 m";"29-05-2020";"POINT(4.84343,52.358536)";"POINT(52.358536,4.84343)";4.84343;52.358536;
3463;"66826608";"Standaard";"12-15 m";"29-05-2020";"POINT(4.84348,52.35814)";"POINT(52.35814,4.84348)";4.84348;52.35814;
3464;"566618";"Standaard";"12-15 m";"02-06-2020";"POINT(4.886385,52.327791)";"POINT(52.327791,4.886385)";4.886385;52.327791;
3465;"66827075";"Standaard";"12-15 m";"29-06-2020";"POINT(4.824447,52.365207)";"POINT(52.365207,4.824447)";4.824447;52.365207;
3466;"66826870";"Standaard";"12-15 m";"29-06-2020";"POINT(4.809274,52.367609)";"POINT(52.367609,4.809274)";4.809274;52.367609;
3467;"372384";"Standaard";"15-18 m";"29-06-2020";"POINT(4.811108,52.382926)";"POINT(52.382926,4.811108)";4.811108;52.382926;
3468;"NF154852_d28";"Standaard";"15-18 m";"29-06-2020";"POINT(4.811139,52.382781)";"POINT(52.382781,4.811139)";4.811139;52.382781;
3469;"372365";"Standaard";"15-18 m";"29-06-2020";"POINT(4.811294,52.382797)";"POINT(52.382797,4.811294)";4.811294;52.382797;
3470;"66827107";"Standaard";"15-18 m";"29-06-2020";"POINT(4.862325,52.387247)";"POINT(52.387247,4.862325)";4.862325;52.387247;
3471;"F02475_d0";"Standaard";"15-18 m";"29-06-2020";"POINT(4.828391,52.367899)";"POINT(52.367899,4.828391)";4.828391;52.367899;
3472;"352105";"Standaard";"9-12 m";"29-06-2020";"POINT(4.811759,52.356298)";"POINT(52.356298,4.811759)";4.811759;52.356298;
3473;"381190";"Standaard";"15-18 m";"29-06-2020";"POINT(4.829378,52.376523)";"POINT(52.376523,4.829378)";4.829378;52.376523;
3474;"381189";"Standaard";"15-18 m";"29-06-2020";"POINT(4.829292,52.376316)";"POINT(52.376316,4.829292)";4.829292;52.376316;
3475;"381188";"Standaard";"15-18 m";"29-06-2020";"POINT(4.82942,52.376622)";"POINT(52.376622,4.82942)";4.82942;52.376622;
3476;"390740";"Standaard";"12-15 m";"29-06-2020";"POINT(4.825903,52.365781)";"POINT(52.365781,4.825903)";4.825903;52.365781;
3477;"411654";"Standaard";"12-15 m";"29-06-2020";"POINT(4.82602,52.366331)";"POINT(52.366331,4.82602)";4.82602;52.366331;
3478;"411652";"Standaard";"12-15 m";"29-06-2020";"POINT(4.825241,52.365706)";"POINT(52.365706,4.825241)";4.825241;52.365706;
3479;"390742";"Standaard";"12-15 m";"29-06-2020";"POINT(4.825966,52.365672)";"POINT(52.365672,4.825966)";4.825966;52.365672;
3480;"390736";"Standaard";"12-15 m";"29-06-2020";"POINT(4.826502,52.365948)";"POINT(52.365948,4.826502)";4.826502;52.365948;
3481;"352114";"Standaard";"9-12 m";"29-06-2020";"POINT(4.811219,52.35709)";"POINT(52.35709,4.811219)";4.811219;52.35709;
3482;"1548650";"Standaard";"12-15 m";"29-06-2020";"POINT(4.825336,52.365893)";"POINT(52.365893,4.825336)";4.825336;52.365893;
3483;"_N_085003637000";"Standaard";"12-15 m";"29-06-2020";"POINT(4.827876,52.367077)";"POINT(52.367077,4.827876)";4.827876;52.367077;
3484;"66827048";"Standaard";"15-18 m";"29-06-2020";"POINT(4.827889,52.367891)";"POINT(52.367891,4.827889)";4.827889;52.367891;
3485;"66827049";"Standaard";"12-15 m";"29-06-2020";"POINT(4.827737,52.366931)";"POINT(52.366931,4.827737)";4.827737;52.366931;
3486;"66827050";"Standaard";"12-15 m";"29-06-2020";"POINT(4.827441,52.366688)";"POINT(52.366688,4.827441)";4.827441;52.366688;
3487;"66827051";"Standaard";"12-15 m";"29-06-2020";"POINT(4.827158,52.366528)";"POINT(52.366528,4.827158)";4.827158;52.366528;
3488;"66827053";"Standaard";"12-15 m";"29-06-2020";"POINT(4.826274,52.36671)";"POINT(52.36671,4.826274)";4.826274;52.36671;
3489;"66827054";"Standaard";"12-15 m";"29-06-2020";"POINT(4.826048,52.366784)";"POINT(52.366784,4.826048)";4.826048;52.366784;
3490;"66827055";"Standaard";"12-15 m";"29-06-2020";"POINT(4.825691,52.366701)";"POINT(52.366701,4.825691)";4.825691;52.366701;
3491;"66827056";"Standaard";"12-15 m";"29-06-2020";"POINT(4.82566,52.366627)";"POINT(52.366627,4.82566)";4.82566;52.366627;
3492;"66827057";"Standaard";"12-15 m";"29-06-2020";"POINT(4.825481,52.366822)";"POINT(52.366822,4.825481)";4.825481;52.366822;
3493;"66827058";"Standaard";"12-15 m";"29-06-2020";"POINT(4.825503,52.366142)";"POINT(52.366142,4.825503)";4.825503;52.366142;
3494;"66827059";"Standaard";"12-15 m";"29-06-2020";"POINT(4.825567,52.366089)";"POINT(52.366089,4.825567)";4.825567;52.366089;
3495;"66827060";"Standaard";"12-15 m";"29-06-2020";"POINT(4.824708,52.365536)";"POINT(52.365536,4.824708)";4.824708;52.365536;
3496;"zojb24";"Standaard";"18-24 m";"02-06-2020";"POINT(5.009048,52.312767)";"POINT(52.312767,5.009048)";5.009048;52.312767;
3497;"zojb29";"Standaard";"15-18 m";"02-06-2020";"POINT(5.008999,52.311487)";"POINT(52.311487,5.008999)";5.008999;52.311487;
3498;"zojb11";"Standaard";"18-24 m";"02-06-2020";"POINT(5.014022,52.310907)";"POINT(52.310907,5.014022)";5.014022;52.310907;
3499;"zojb04";"Standaard";"15-18 m";"02-06-2020";"POINT(5.013717,52.315853)";"POINT(52.315853,5.013717)";5.013717;52.315853;
3500;"_N_151820258000";"Standaard";"18-24 m";"02-06-2020";"POINT(5.013791,52.31101)";"POINT(52.31101,5.013791)";5.013791;52.31101;
3501;"zojb10";"Standaard";"15-18 m";"02-06-2020";"POINT(5.014045,52.310995)";"POINT(52.310995,5.014045)";5.014045;52.310995;
3502;"666987";"Standaard";"15-18 m";"02-06-2020";"POINT(4.833196,52.337404)";"POINT(52.337404,4.833196)";4.833196;52.337404;
3503;"667436";"Standaard";"6-9 m";"02-06-2020";"POINT(4.833169,52.337408)";"POINT(52.337408,4.833169)";4.833169;52.337408;
3504;"NAMBO145917";"Standaard";"12-15 m";"02-06-2020";"POINT(4.835746,52.317867)";"POINT(52.317867,4.835746)";4.835746;52.317867;
3505;"6682189";"Standaard";">24 m";"02-06-2020";"POINT(4.83589,52.318061)";"POINT(52.318061,4.83589)";4.83589;52.318061;
3506;"6682194";"Standaard";"18-24 m";"02-06-2020";"POINT(4.835854,52.318139)";"POINT(52.318139,4.835854)";4.835854;52.318139;
3507;"6682190";"Standaard";"18-24 m";"02-06-2020";"POINT(4.835578,52.317848)";"POINT(52.317848,4.835578)";4.835578;52.317848;
3508;"AMBO45526";"Standaard";"18-24 m";"02-06-2020";"POINT(4.835663,52.317925)";"POINT(52.317925,4.835663)";4.835663;52.317925;
3509;"6682193";"Standaard";"18-24 m";"02-06-2020";"POINT(4.835664,52.317854)";"POINT(52.317854,4.835664)";4.835664;52.317854;
3510;"6682192_d2";"Standaard";"18-24 m";"02-06-2020";"POINT(4.835501,52.317838)";"POINT(52.317838,4.835501)";4.835501;52.317838;
3511;"1554836";"Standaard";"18-24 m";"03-06-2020";"POINT(4.848718,52.368226)";"POINT(52.368226,4.848718)";4.848718;52.368226;
3512;"66826623";"Standaard";"9-12 m";"03-06-2020";"POINT(4.820861,52.336695)";"POINT(52.336695,4.820861)";4.820861;52.336695;
3513;"66826624";"Standaard";"9-12 m";"03-06-2020";"POINT(4.821457,52.336734)";"POINT(52.336734,4.821457)";4.821457;52.336734;
3514;"1554854";"Standaard";"18-24 m";"03-06-2020";"POINT(4.848444,52.367515)";"POINT(52.367515,4.848444)";4.848444;52.367515;
3515;"F02538";"Standaard";"18-24 m";"03-06-2020";"POINT(4.848934,52.368223)";"POINT(52.368223,4.848934)";4.848934;52.368223;
3516;"668210";"Standaard";"18-24 m";"03-06-2020";"POINT(4.848662,52.368119)";"POINT(52.368119,4.848662)";4.848662;52.368119;
3517;"_N_104017259000";"Standaard";"18-24 m";"03-06-2020";"POINT(4.848999,52.367816)";"POINT(52.367816,4.848999)";4.848999;52.367816;
3518;"_N_104013496000";"Standaard";"18-24 m";"03-06-2020";"POINT(4.849159,52.367919)";"POINT(52.367919,4.849159)";4.849159;52.367919;
3519;"1554875";"Standaard";"18-24 m";"03-06-2020";"POINT(4.848776,52.36807)";"POINT(52.36807,4.848776)";4.848776;52.36807;
3520;"1554883";"Standaard";"18-24 m";"03-06-2020";"POINT(4.849057,52.367987)";"POINT(52.367987,4.849057)";4.849057;52.367987;
3521;"1554881";"Standaard";"18-24 m";"03-06-2020";"POINT(4.848997,52.368054)";"POINT(52.368054,4.848997)";4.848997;52.368054;
3522;"408753";"Standaard";"15-18 m";"03-06-2020";"POINT(4.847117,52.367519)";"POINT(52.367519,4.847117)";4.847117;52.367519;
3523;"408751";"Standaard";"15-18 m";"03-06-2020";"POINT(4.846892,52.367475)";"POINT(52.367475,4.846892)";4.846892;52.367475;
3524;"363768";"Standaard";"18-24 m";"03-06-2020";"POINT(4.848645,52.36713)";"POINT(52.36713,4.848645)";4.848645;52.36713;
3525;"1554840";"Standaard";"18-24 m";"03-06-2020";"POINT(4.848507,52.368101)";"POINT(52.368101,4.848507)";4.848507;52.368101;
3526;"1554801";"Standaard";"18-24 m";"03-06-2020";"POINT(4.849195,52.367339)";"POINT(52.367339,4.849195)";4.849195;52.367339;
3527;"1554717";"Standaard";"18-24 m";"03-06-2020";"POINT(4.849408,52.367232)";"POINT(52.367232,4.849408)";4.849408;52.367232;
3528;"1554731";"Standaard";"18-24 m";"03-06-2020";"POINT(4.849028,52.366691)";"POINT(52.366691,4.849028)";4.849028;52.366691;
3529;"1554736";"Standaard";"18-24 m";"03-06-2020";"POINT(4.848717,52.366659)";"POINT(52.366659,4.848717)";4.848717;52.366659;
3530;"1554742";"Standaard";"18-24 m";"03-06-2020";"POINT(4.848525,52.366713)";"POINT(52.366713,4.848525)";4.848525;52.366713;
3531;"1554802";"Standaard";"18-24 m";"03-06-2020";"POINT(4.849128,52.367293)";"POINT(52.367293,4.849128)";4.849128;52.367293;
3532;"1554838";"Standaard";"18-24 m";"03-06-2020";"POINT(4.848734,52.368121)";"POINT(52.368121,4.848734)";4.848734;52.368121;
3533;"1554842";"Standaard";"18-24 m";"03-06-2020";"POINT(4.848473,52.367947)";"POINT(52.367947,4.848473)";4.848473;52.367947;
3534;"1554874";"Standaard";"18-24 m";"03-06-2020";"POINT(4.848846,52.367967)";"POINT(52.367967,4.848846)";4.848846;52.367967;
3535;"1554800";"Standaard";"18-24 m";"03-06-2020";"POINT(4.84888,52.367289)";"POINT(52.367289,4.84888)";4.84888;52.367289;
3536;"1554846";"Standaard";"18-24 m";"03-06-2020";"POINT(4.848462,52.367827)";"POINT(52.367827,4.848462)";4.848462;52.367827;
3537;"1554848";"Standaard";"18-24 m";"03-06-2020";"POINT(4.848444,52.367667)";"POINT(52.367667,4.848444)";4.848444;52.367667;
3538;"1554853";"Standaard";"18-24 m";"03-06-2020";"POINT(4.848463,52.367407)";"POINT(52.367407,4.848463)";4.848463;52.367407;
3539;"1554704";"Standaard";"18-24 m";"03-06-2020";"POINT(4.84918,52.36776)";"POINT(52.36776,4.84918)";4.84918;52.36776;
3540;"1554720";"Standaard";"18-24 m";"03-06-2020";"POINT(4.84948,52.367087)";"POINT(52.367087,4.84948)";4.84948;52.367087;
3541;"1554740";"Standaard";"18-24 m";"03-06-2020";"POINT(4.848636,52.366669)";"POINT(52.366669,4.848636)";4.848636;52.366669;
3542;"1554744";"Standaard";"18-24 m";"03-06-2020";"POINT(4.848564,52.366756)";"POINT(52.366756,4.848564)";4.848564;52.366756;
3543;"_N_104246832000";"Standaard";"18-24 m";"03-06-2020";"POINT(4.848488,52.368134)";"POINT(52.368134,4.848488)";4.848488;52.368134;
3544;"491120";"Standaard";"9-12 m";"03-06-2020";"POINT(4.852516,52.37475)";"POINT(52.37475,4.852516)";4.852516;52.37475;
3545;"492509";"Standaard";"18-24 m";"03-06-2020";"POINT(4.852767,52.375779)";"POINT(52.375779,4.852767)";4.852767;52.375779;
3546;"492666";"Standaard";"18-24 m";"03-06-2020";"POINT(4.853696,52.374954)";"POINT(52.374954,4.853696)";4.853696;52.374954;
3547;"492664";"Standaard";"18-24 m";"03-06-2020";"POINT(4.853642,52.374904)";"POINT(52.374904,4.853642)";4.853642;52.374904;
3548;"494352";"Standaard";"18-24 m";"03-06-2020";"POINT(4.849522,52.367181)";"POINT(52.367181,4.849522)";4.849522;52.367181;
3549;"491133";"Standaard";"9-12 m";"03-06-2020";"POINT(4.852062,52.375605)";"POINT(52.375605,4.852062)";4.852062;52.375605;
3550;"491131";"Standaard";"15-18 m";"03-06-2020";"POINT(4.852118,52.375614)";"POINT(52.375614,4.852118)";4.852118;52.375614;
3551;"491126";"Standaard";"9-12 m";"03-06-2020";"POINT(4.852307,52.375073)";"POINT(52.375073,4.852307)";4.852307;52.375073;
3552;"491125";"Standaard";"9-12 m";"03-06-2020";"POINT(4.852246,52.375206)";"POINT(52.375206,4.852246)";4.852246;52.375206;
3553;"491124";"Standaard";"9-12 m";"03-06-2020";"POINT(4.852215,52.375272)";"POINT(52.375272,4.852215)";4.852215;52.375272;
3554;"491122";"Standaard";"9-12 m";"03-06-2020";"POINT(4.852521,52.374607)";"POINT(52.374607,4.852521)";4.852521;52.374607;
3555;"491113";"Standaard";"18-24 m";"03-06-2020";"POINT(4.852271,52.375282)";"POINT(52.375282,4.852271)";4.852271;52.375282;
3556;"491112";"Standaard";"18-24 m";"03-06-2020";"POINT(4.852241,52.375348)";"POINT(52.375348,4.852241)";4.852241;52.375348;
3557;"491104";"Standaard";"18-24 m";"03-06-2020";"POINT(4.853577,52.375033)";"POINT(52.375033,4.853577)";4.853577;52.375033;
3558;"491101";"Standaard";"18-24 m";"03-06-2020";"POINT(4.853611,52.374966)";"POINT(52.374966,4.853611)";4.853611;52.374966;
3559;"491097";"Standaard";"18-24 m";"03-06-2020";"POINT(4.853679,52.374845)";"POINT(52.374845,4.853679)";4.853679;52.374845;
3560;"491080";"Standaard";"9-12 m";"03-06-2020";"POINT(4.853037,52.374525)";"POINT(52.374525,4.853037)";4.853037;52.374525;
3561;"491072";"Standaard";"9-12 m";"03-06-2020";"POINT(4.852804,52.374485)";"POINT(52.374485,4.852804)";4.852804;52.374485;
3562;"492221";"Standaard";"18-24 m";"03-06-2020";"POINT(4.852746,52.375682)";"POINT(52.375682,4.852746)";4.852746;52.375682;
3563;"492611";"Standaard";"18-24 m";"03-06-2020";"POINT(4.853882,52.374684)";"POINT(52.374684,4.853882)";4.853882;52.374684;
3564;"506249";"Standaard";"12-15 m";"03-06-2020";"POINT(4.852566,52.374632)";"POINT(52.374632,4.852566)";4.852566;52.374632;
3565;"492525";"Standaard";"18-24 m";"03-06-2020";"POINT(4.853105,52.375705)";"POINT(52.375705,4.853105)";4.853105;52.375705;
3566;"492505";"Standaard";"18-24 m";"03-06-2020";"POINT(4.852762,52.375708)";"POINT(52.375708,4.852762)";4.852762;52.375708;
3567;"492665";"Standaard";"18-24 m";"03-06-2020";"POINT(4.853732,52.3749)";"POINT(52.3749,4.853732)";4.853732;52.3749;
3568;"492663";"Standaard";">24 m";"03-06-2020";"POINT(4.85367,52.37508)";"POINT(52.37508,4.85367)";4.85367;52.37508;
3569;"492628";"Standaard";"18-24 m";"03-06-2020";"POINT(4.853473,52.375586)";"POINT(52.375586,4.853473)";4.853473;52.375586;
3570;"492626";"Standaard";"18-24 m";"03-06-2020";"POINT(4.853543,52.375568)";"POINT(52.375568,4.853543)";4.853543;52.375568;
3571;"492589";"Standaard";"18-24 m";"03-06-2020";"POINT(4.853312,52.375222)";"POINT(52.375222,4.853312)";4.853312;52.375222;
3572;"492555";"Standaard";"15-18 m";"03-06-2020";"POINT(4.852502,52.375112)";"POINT(52.375112,4.852502)";4.852502;52.375112;
3573;"492552";"Standaard";"9-12 m";"03-06-2020";"POINT(4.852329,52.375005)";"POINT(52.375005,4.852329)";4.852329;52.375005;
3574;"492542";"Standaard";"18-24 m";"03-06-2020";"POINT(4.852449,52.375333)";"POINT(52.375333,4.852449)";4.852449;52.375333;
3575;"494351";"Standaard";"18-24 m";"03-06-2020";"POINT(4.849514,52.367221)";"POINT(52.367221,4.849514)";4.849514;52.367221;
3576;"491123";"Standaard";"9-12 m";"03-06-2020";"POINT(4.852154,52.375405)";"POINT(52.375405,4.852154)";4.852154;52.375405;
3577;"491081";"Standaard";"9-12 m";"03-06-2020";"POINT(4.85336,52.374582)";"POINT(52.374582,4.85336)";4.85336;52.374582;
3578;"491079";"Standaard";"9-12 m";"03-06-2020";"POINT(4.852929,52.374506)";"POINT(52.374506,4.852929)";4.852929;52.374506;
3579;"491111";"Standaard";"18-24 m";"03-06-2020";"POINT(4.85221,52.375415)";"POINT(52.375415,4.85221)";4.85221;52.375415;
3580;"491116";"Standaard";"18-24 m";"03-06-2020";"POINT(4.852394,52.375016)";"POINT(52.375016,4.852394)";4.852394;52.375016;
3581;"492544";"Standaard";"18-24 m";"03-06-2020";"POINT(4.852375,52.375366)";"POINT(52.375366,4.852375)";4.852375;52.375366;
3582;"492503";"Standaard";"18-24 m";"03-06-2020";"POINT(4.852696,52.375771)";"POINT(52.375771,4.852696)";4.852696;52.375771;
3583;"492619";"Standaard";"15-18 m";"03-06-2020";"POINT(4.853433,52.375662)";"POINT(52.375662,4.853433)";4.853433;52.375662;
3584;"492558";"Standaard";"15-18 m";"03-06-2020";"POINT(4.852565,52.375202)";"POINT(52.375202,4.852565)";4.852565;52.375202;
3585;"491077";"Standaard";"9-12 m";"03-06-2020";"POINT(4.853372,52.374543)";"POINT(52.374543,4.853372)";4.853372;52.374543;
3586;"491076";"Standaard";"9-12 m";"03-06-2020";"POINT(4.853156,52.374505)";"POINT(52.374505,4.853156)";4.853156;52.374505;
3587;"491075";"Standaard";"9-12 m";"03-06-2020";"POINT(4.853054,52.374494)";"POINT(52.374494,4.853054)";4.853054;52.374494;
3588;"491073";"Standaard";"9-12 m";"03-06-2020";"POINT(4.852828,52.374451)";"POINT(52.374451,4.852828)";4.852828;52.374451;
3589;"66826626";"Standaard";"12-15 m";"03-06-2020";"POINT(4.82107,52.33791)";"POINT(52.33791,4.82107)";4.82107;52.33791;
3590;"66826627";"Standaard";"12-15 m";"03-06-2020";"POINT(4.820553,52.33794)";"POINT(52.33794,4.820553)";4.820553;52.33794;
3591;"66826629";"Standaard";"12-15 m";"03-06-2020";"POINT(4.820106,52.337907)";"POINT(52.337907,4.820106)";4.820106;52.337907;
3592;"66826632";"Standaard";"12-15 m";"03-06-2020";"POINT(4.819709,52.337886)";"POINT(52.337886,4.819709)";4.819709;52.337886;
3593;"66826633";"Standaard";"12-15 m";"03-06-2020";"POINT(4.819652,52.33791)";"POINT(52.33791,4.819652)";4.819652;52.33791;
3594;"66826634";"Standaard";"12-15 m";"03-06-2020";"POINT(4.819489,52.337896)";"POINT(52.337896,4.819489)";4.819489;52.337896;
3595;"66826637";"Standaard";"12-15 m";"03-06-2020";"POINT(4.819397,52.337898)";"POINT(52.337898,4.819397)";4.819397;52.337898;
3596;"66826638";"Standaard";"12-15 m";"03-06-2020";"POINT(4.819335,52.337898)";"POINT(52.337898,4.819335)";4.819335;52.337898;
3597;"66826639";"Standaard";"12-15 m";"03-06-2020";"POINT(4.819278,52.337903)";"POINT(52.337903,4.819278)";4.819278;52.337903;
3598;"66826641";"Standaard";"12-15 m";"03-06-2020";"POINT(4.819124,52.337902)";"POINT(52.337902,4.819124)";4.819124;52.337902;
3599;"66826654";"Standaard";"9-12 m";"03-06-2020";"POINT(4.811056,52.332794)";"POINT(52.332794,4.811056)";4.811056;52.332794;
3600;"66826657";"Standaard";"0-6 m";"03-06-2020";"POINT(4.811052,52.331284)";"POINT(52.331284,4.811052)";4.811052;52.331284;
3601;"zojb16";"Standaard";"15-18 m";"03-06-2020";"POINT(5.012023,52.313012)";"POINT(52.313012,5.012023)";5.012023;52.313012;
3602;"_N_114129280000";"Standaard";"12-15 m";"03-06-2020";"POINT(5.012165,52.312875)";"POINT(52.312875,5.012165)";5.012165;52.312875;
3603;"T104765";"Standaard";"12-15 m";"03-06-2020";"POINT(5.014029,52.313973)";"POINT(52.313973,5.014029)";5.014029;52.313973;
3604;"T69023";"Standaard";"6-9 m";"03-06-2020";"POINT(5.010463,52.312252)";"POINT(52.312252,5.010463)";5.010463;52.312252;
3605;"668146";"Standaard";"12-15 m";"03-06-2020";"POINT(5.011495,52.31196)";"POINT(52.31196,5.011495)";5.011495;52.31196;
3606;"668145";"Standaard";"12-15 m";"03-06-2020";"POINT(5.011513,52.311918)";"POINT(52.311918,5.011513)";5.011513;52.311918;
3607;"668144";"Standaard";"9-12 m";"03-06-2020";"POINT(5.011281,52.312)";"POINT(52.312,5.011281)";5.011281;52.312;
3608;"T92504";"Standaard";"12-15 m";"03-06-2020";"POINT(5.016064,52.305329)";"POINT(52.305329,5.016064)";5.016064;52.305329;
3609;"667782";"Standaard";"12-15 m";"03-06-2020";"POINT(5.014034,52.31424)";"POINT(52.31424,5.014034)";5.014034;52.31424;
3610;"560490";"Standaard";"12-15 m";"03-06-2020";"POINT(5.016996,52.307809)";"POINT(52.307809,5.016996)";5.016996;52.307809;
3611;"560485";"Standaard";"15-18 m";"03-06-2020";"POINT(5.016938,52.308138)";"POINT(52.308138,5.016938)";5.016938;52.308138;
3612;"_N_080624651000";"Standaard";"15-18 m";"03-06-2020";"POINT(5.01533,52.311737)";"POINT(52.311737,5.01533)";5.01533;52.311737;
3613;"T104766";"Standaard";"12-15 m";"03-06-2020";"POINT(5.012439,52.312946)";"POINT(52.312946,5.012439)";5.012439;52.312946;
3614;"zojb17";"Standaard";"15-18 m";"03-06-2020";"POINT(5.011895,52.313001)";"POINT(52.313001,5.011895)";5.011895;52.313001;
3615;"667321";"Standaard";"12-15 m";"03-06-2020";"POINT(5.011384,52.31193)";"POINT(52.31193,5.011384)";5.011384;52.31193;
3616;"zojb15";"Standaard";"15-18 m";"03-06-2020";"POINT(5.012239,52.313138)";"POINT(52.313138,5.012239)";5.012239;52.313138;
3617;"_N_114159653000";"Standaard";"15-18 m";"03-06-2020";"POINT(5.011506,52.313038)";"POINT(52.313038,5.011506)";5.011506;52.313038;
3618;"T104763";"Standaard";"12-15 m";"03-06-2020";"POINT(5.016145,52.314873)";"POINT(52.314873,5.016145)";5.016145;52.314873;
3619;"T92511";"Standaard";"15-18 m";"03-06-2020";"POINT(5.012072,52.313101)";"POINT(52.313101,5.012072)";5.012072;52.313101;
3620;"T69024";"Standaard";"12-15 m";"03-06-2020";"POINT(5.010706,52.313624)";"POINT(52.313624,5.010706)";5.010706;52.313624;
3621;"T69022";"Standaard";"15-18 m";"03-06-2020";"POINT(5.01535,52.311826)";"POINT(52.311826,5.01535)";5.01535;52.311826;
3622;"667779";"Standaard";"12-15 m";"03-06-2020";"POINT(5.011186,52.312007)";"POINT(52.312007,5.011186)";5.011186;52.312007;
3623;"667781";"Standaard";"15-18 m";"03-06-2020";"POINT(5.012417,52.314471)";"POINT(52.314471,5.012417)";5.012417;52.314471;
3624;"_N_114608539000";"Standaard";"15-18 m";"03-06-2020";"POINT(5.012341,52.313109)";"POINT(52.313109,5.012341)";5.012341;52.313109;
3625;"EPRmVolkstuin03";"Standaard";"12-15 m";"03-06-2020";"POINT(5.013388,52.314314)";"POINT(52.314314,5.013388)";5.013388;52.314314;
3626;"T69025";"Standaard";"15-18 m";"03-06-2020";"POINT(5.01177,52.313007)";"POINT(52.313007,5.01177)";5.01177;52.313007;
3627;"T92450";"Standaard";"15-18 m";"03-06-2020";"POINT(5.014662,52.31184)";"POINT(52.31184,5.014662)";5.014662;52.31184;
3628;"667324";"Standaard";"15-18 m";"03-06-2020";"POINT(5.012269,52.312828)";"POINT(52.312828,5.012269)";5.012269;52.312828;
3629;"667318";"Standaard";"18-24 m";"03-06-2020";"POINT(5.015566,52.312306)";"POINT(52.312306,5.015566)";5.015566;52.312306;
3630;"667320";"Standaard";"18-24 m";"03-06-2020";"POINT(5.016066,52.312889)";"POINT(52.312889,5.016066)";5.016066;52.312889;
3631;"zojb02";"Standaard";"15-18 m";"03-06-2020";"POINT(5.016132,52.31408)";"POINT(52.31408,5.016132)";5.016132;52.31408;
3632;"zojb18";"Standaard";"15-18 m";"03-06-2020";"POINT(5.011592,52.313033)";"POINT(52.313033,5.011592)";5.011592;52.313033;
3633;"559861";"Standaard";"15-18 m";"03-06-2020";"POINT(5.018448,52.305209)";"POINT(52.305209,5.018448)";5.018448;52.305209;
3634;"559866";"Standaard";"18-24 m";"03-06-2020";"POINT(5.018541,52.305428)";"POINT(52.305428,5.018541)";5.018541;52.305428;
3635;"T69026";"Standaard";"12-15 m";"03-06-2020";"POINT(5.012022,52.312994)";"POINT(52.312994,5.012022)";5.012022;52.312994;
3636;"T92510";"Standaard";"15-18 m";"03-06-2020";"POINT(5.012204,52.313111)";"POINT(52.313111,5.012204)";5.012204;52.313111;
3637;"_N_114601711000";"Standaard";"18-24 m";"03-06-2020";"POINT(5.01237,52.313004)";"POINT(52.313004,5.01237)";5.01237;52.313004;
3638;"_N_114550076000";"Standaard";"15-18 m";"03-06-2020";"POINT(5.011936,52.313149)";"POINT(52.313149,5.011936)";5.011936;52.313149;
3639;"EPRmVolkstuin02";"Standaard";"15-18 m";"03-06-2020";"POINT(5.012466,52.31304)";"POINT(52.31304,5.012466)";5.012466;52.31304;
3640;"578379";"Standaard";"12-15 m";"03-06-2020";"POINT(4.880873,52.339942)";"POINT(52.339942,4.880873)";4.880873;52.339942;
3641;"401138";"Standaard";"12-15 m";"04-06-2020";"POINT(4.9109,52.403679)";"POINT(52.403679,4.9109)";4.9109;52.403679;
3642;"465332";"Standaard";"9-12 m";"04-06-2020";"POINT(4.910955,52.403654)";"POINT(52.403654,4.910955)";4.910955;52.403654;
3643;"444864";"Standaard";"9-12 m";"04-06-2020";"POINT(4.91124,52.403486)";"POINT(52.403486,4.91124)";4.91124;52.403486;
3644;"442288";"Standaard";"9-12 m";"04-06-2020";"POINT(4.911724,52.403071)";"POINT(52.403071,4.911724)";4.911724;52.403071;
3645;"456492";"Standaard";"9-12 m";"04-06-2020";"POINT(4.920382,52.363189)";"POINT(52.363189,4.920382)";4.920382;52.363189;
3646;"340142";"Standaard";"9-12 m";"04-06-2020";"POINT(4.907251,52.373749)";"POINT(52.373749,4.907251)";4.907251;52.373749;
3647;"447093";"Standaard";"15-18 m";"04-06-2020";"POINT(4.924421,52.360662)";"POINT(52.360662,4.924421)";4.924421;52.360662;
3648;"447071";"Standaard";"15-18 m";"04-06-2020";"POINT(4.920706,52.360227)";"POINT(52.360227,4.920706)";4.920706;52.360227;
3649;"446998";"Standaard";"15-18 m";"04-06-2020";"POINT(4.922095,52.359789)";"POINT(52.359789,4.922095)";4.922095;52.359789;
3650;"446698";"Standaard";"15-18 m";"04-06-2020";"POINT(4.922758,52.361477)";"POINT(52.361477,4.922758)";4.922758;52.361477;
3651;"446670";"Standaard";"18-24 m";"04-06-2020";"POINT(4.922135,52.361736)";"POINT(52.361736,4.922135)";4.922135;52.361736;
3652;"447248";"Standaard";"12-15 m";"04-06-2020";"POINT(4.920287,52.35897)";"POINT(52.35897,4.920287)";4.920287;52.35897;
3653;"456445";"Standaard";"15-18 m";"04-06-2020";"POINT(4.924523,52.36069)";"POINT(52.36069,4.924523)";4.924523;52.36069;
3654;"447092";"Standaard";"15-18 m";"04-06-2020";"POINT(4.924501,52.360628)";"POINT(52.360628,4.924501)";4.924501;52.360628;
3655;"446694";"Standaard";"";"04-06-2020";"POINT(4.922641,52.361475)";"POINT(52.361475,4.922641)";4.922641;52.361475;
3656;"6682387";"Standaard";"15-18 m";"04-06-2020";"POINT(4.802705,52.336108)";"POINT(52.336108,4.802705)";4.802705;52.336108;
3657;"NF154152";"Standaard";"15-18 m";"04-06-2020";"POINT(4.804407,52.334841)";"POINT(52.334841,4.804407)";4.804407;52.334841;
3658;"NF154179";"Standaard";"15-18 m";"04-06-2020";"POINT(4.802845,52.334059)";"POINT(52.334059,4.802845)";4.802845;52.334059;
3659;"392062";"Standaard";"15-18 m";"04-06-2020";"POINT(4.803522,52.334302)";"POINT(52.334302,4.803522)";4.803522;52.334302;
3660;"392058";"Standaard";"15-18 m";"04-06-2020";"POINT(4.803145,52.334086)";"POINT(52.334086,4.803145)";4.803145;52.334086;
3661;"391675";"Standaard";"15-18 m";"04-06-2020";"POINT(4.80636,52.33602)";"POINT(52.33602,4.80636)";4.80636;52.33602;
3662;"66826591";"Standaard";">24 m";"05-06-2020";"POINT(4.849643,52.32138)";"POINT(52.32138,4.849643)";4.849643;52.32138;
3663;"AMBO42557";"Standaard";"18-24 m";"05-06-2020";"POINT(4.848755,52.323801)";"POINT(52.323801,4.848755)";4.848755;52.323801;
3664;"AMBO91782";"Standaard";"18-24 m";"05-06-2020";"POINT(4.849215,52.324719)";"POINT(52.324719,4.849215)";4.849215;52.324719;
3665;"AMBO91780";"Standaard";"18-24 m";"05-06-2020";"POINT(4.852771,52.325049)";"POINT(52.325049,4.852771)";4.852771;52.325049;
3666;"AMBO40524";"Standaard";"18-24 m";"05-06-2020";"POINT(4.852873,52.325067)";"POINT(52.325067,4.852873)";4.852873;52.325067;
3667;"1542832";"Standaard";"9-12 m";"05-06-2020";"POINT(4.931175,52.335448)";"POINT(52.335448,4.931175)";4.931175;52.335448;
3668;"NAMBO145830_d1";"Standaard";"18-24 m";"05-06-2020";"POINT(4.849791,52.321385)";"POINT(52.321385,4.849791)";4.849791;52.321385;
3669;"66826592";"Standaard";">24 m";"05-06-2020";"POINT(4.849634,52.321461)";"POINT(52.321461,4.849634)";4.849634;52.321461;
3670;"451822";"Standaard";"12-15 m";"05-06-2020";"POINT(4.932075,52.350201)";"POINT(52.350201,4.932075)";4.932075;52.350201;
3671;"AMBO40525";"Standaard";"18-24 m";"05-06-2020";"POINT(4.852746,52.325075)";"POINT(52.325075,4.852746)";4.852746;52.325075;
3672;"463743";"Standaard";"15-18 m";"05-06-2020";"POINT(4.953819,52.401213)";"POINT(52.401213,4.953819)";4.953819;52.401213;
3673;"437257";"Standaard";"6-9 m";"05-06-2020";"POINT(4.953798,52.401362)";"POINT(52.401362,4.953798)";4.953798;52.401362;
3674;"441780";"Standaard";"12-15 m";"05-06-2020";"POINT(4.945805,52.395173)";"POINT(52.395173,4.945805)";4.945805;52.395173;
3675;"456884";"Standaard";"9-12 m";"05-06-2020";"POINT(4.928546,52.336366)";"POINT(52.336366,4.928546)";4.928546;52.336366;
3676;"456933";"Standaard";"9-12 m";"05-06-2020";"POINT(4.935097,52.335558)";"POINT(52.335558,4.935097)";4.935097;52.335558;
3677;"456890";"Standaard";"15-18 m";"05-06-2020";"POINT(4.928889,52.335989)";"POINT(52.335989,4.928889)";4.928889;52.335989;
3678;"448685";"Standaard";"9-12 m";"05-06-2020";"POINT(4.930181,52.335738)";"POINT(52.335738,4.930181)";4.930181;52.335738;
3679;"462283";"Standaard";"12-15 m";"05-06-2020";"POINT(4.937462,52.336775)";"POINT(52.336775,4.937462)";4.937462;52.336775;
3680;"456932";"Standaard";"15-18 m";"05-06-2020";"POINT(4.93494,52.335554)";"POINT(52.335554,4.93494)";4.93494;52.335554;
3681;"448696";"Standaard";"9-12 m";"05-06-2020";"POINT(4.931979,52.335717)";"POINT(52.335717,4.931979)";4.931979;52.335717;
3682;"448686";"Standaard";"9-12 m";"05-06-2020";"POINT(4.93005,52.335681)";"POINT(52.335681,4.93005)";4.93005;52.335681;
3683;"448683";"Standaard";"9-12 m";"05-06-2020";"POINT(4.93017,52.335677)";"POINT(52.335677,4.93017)";4.93017;52.335677;
3684;"448668";"Standaard";"9-12 m";"05-06-2020";"POINT(4.930574,52.33546)";"POINT(52.33546,4.930574)";4.930574;52.33546;
3685;"448667";"Standaard";"9-12 m";"05-06-2020";"POINT(4.930508,52.335464)";"POINT(52.335464,4.930508)";4.930508;52.335464;
3686;"448640";"Standaard";"9-12 m";"05-06-2020";"POINT(4.931423,52.335708)";"POINT(52.335708,4.931423)";4.931423;52.335708;
3687;"448637";"Standaard";"6-9 m";"05-06-2020";"POINT(4.930872,52.335708)";"POINT(52.335708,4.930872)";4.930872;52.335708;
3688;"448625";"Standaard";"9-12 m";"05-06-2020";"POINT(4.93221,52.335683)";"POINT(52.335683,4.93221)";4.93221;52.335683;
3689;"448639";"Standaard";"9-12 m";"05-06-2020";"POINT(4.931321,52.335707)";"POINT(52.335707,4.931321)";4.931321;52.335707;
3690;"448689";"Standaard";"9-12 m";"05-06-2020";"POINT(4.930223,52.335564)";"POINT(52.335564,4.930223)";4.930223;52.335564;
3691;"456885";"Standaard";"9-12 m";"05-06-2020";"POINT(4.928485,52.336432)";"POINT(52.336432,4.928485)";4.928485;52.336432;
3692;"449077";"Standaard";"9-12 m";"05-06-2020";"POINT(4.932583,52.335677)";"POINT(52.335677,4.932583)";4.932583;52.335677;
3693;"M8016";"Standaard";"15-18 m";"05-06-2020";"POINT(4.948445,52.358743)";"POINT(52.358743,4.948445)";4.948445;52.358743;
3694;"666969";"Standaard";"9-12 m";"05-06-2020";"POINT(4.799909,52.334821)";"POINT(52.334821,4.799909)";4.799909;52.334821;
3695;"6682667";"Standaard";"9-12 m";"05-06-2020";"POINT(4.800608,52.337103)";"POINT(52.337103,4.800608)";4.800608;52.337103;
3696;"NF154866";"Standaard";"9-12 m";"05-06-2020";"POINT(4.800134,52.337362)";"POINT(52.337362,4.800134)";4.800134;52.337362;
3697;"F02527";"Standaard";"9-12 m";"05-06-2020";"POINT(4.798474,52.33713)";"POINT(52.33713,4.798474)";4.798474;52.33713;
3698;"667000";"Standaard";"9-12 m";"05-06-2020";"POINT(4.799679,52.336282)";"POINT(52.336282,4.799679)";4.799679;52.336282;
3699;"F02526";"Standaard";"9-12 m";"05-06-2020";"POINT(4.799423,52.337769)";"POINT(52.337769,4.799423)";4.799423;52.337769;
3700;"415671";"Standaard";"9-12 m";"05-06-2020";"POINT(4.798047,52.34044)";"POINT(52.34044,4.798047)";4.798047;52.34044;
3701;"F02523";"Standaard";"9-12 m";"05-06-2020";"POINT(4.800442,52.338998)";"POINT(52.338998,4.800442)";4.800442;52.338998;
3702;"666998";"Standaard";"9-12 m";"05-06-2020";"POINT(4.799246,52.338326)";"POINT(52.338326,4.799246)";4.799246;52.338326;
3703;"666970";"Standaard";"9-12 m";"05-06-2020";"POINT(4.799832,52.334841)";"POINT(52.334841,4.799832)";4.799832;52.334841;
3704;"66826699";"Standaard";"15-18 m";"05-06-2020";"POINT(4.814356,52.341354)";"POINT(52.341354,4.814356)";4.814356;52.341354;
3705;"66826700";"Standaard";"12-15 m";"05-06-2020";"POINT(4.81423,52.341345)";"POINT(52.341345,4.81423)";4.81423;52.341345;
3706;"66826704";"Standaard";"9-12 m";"05-06-2020";"POINT(4.80117,52.3369)";"POINT(52.3369,4.80117)";4.80117;52.3369;
3707;"66826706";"Standaard";"9-12 m";"05-06-2020";"POINT(4.801455,52.336531)";"POINT(52.336531,4.801455)";4.801455;52.336531;
3708;"66826709";"Standaard";"9-12 m";"05-06-2020";"POINT(4.79981,52.3355)";"POINT(52.3355,4.79981)";4.79981;52.3355;
3709;"66826710";"Standaard";"9-12 m";"05-06-2020";"POINT(4.799831,52.335481)";"POINT(52.335481,4.799831)";4.799831;52.335481;
3710;"66826712";"Standaard";"9-12 m";"05-06-2020";"POINT(4.799737,52.337768)";"POINT(52.337768,4.799737)";4.799737;52.337768;
3711;"476249";"Standaard";"9-12 m";"05-06-2020";"POINT(4.95071,52.360032)";"POINT(52.360032,4.95071)";4.95071;52.360032;
3712;"_N_084559475000";"Standaard";"12-15 m";"07-06-2020";"POINT(4.949764,52.293128)";"POINT(52.293128,4.949764)";4.949764;52.293128;
3713;"_N_142039381000";"Standaard";"12-15 m";"07-06-2020";"POINT(4.949537,52.29304)";"POINT(52.29304,4.949537)";4.949537;52.29304;
3714;"666850";"Standaard";"12-15 m";"07-06-2020";"POINT(4.949713,52.292961)";"POINT(52.292961,4.949713)";4.949713;52.292961;
3715;"@103114471000";"Standaard";"12-15 m";"07-06-2020";"POINT(4.949223,52.293301)";"POINT(52.293301,4.949223)";4.949223;52.293301;
3716;"666851";"Standaard";"12-15 m";"07-06-2020";"POINT(4.9496,52.292831)";"POINT(52.292831,4.9496)";4.9496;52.292831;
3717;"_N_084416170000";"Standaard";"12-15 m";"07-06-2020";"POINT(4.949431,52.293222)";"POINT(52.293222,4.949431)";4.949431;52.293222;
3718;"668198";"Standaard";"12-15 m";"07-06-2020";"POINT(4.949432,52.293167)";"POINT(52.293167,4.949432)";4.949432;52.293167;
3719;"_N_083842349000";"Standaard";"12-15 m";"07-06-2020";"POINT(4.949311,52.293129)";"POINT(52.293129,4.949311)";4.949311;52.293129;
3720;"_N_141548775000";"Standaard";"9-12 m";"07-06-2020";"POINT(4.954238,52.295437)";"POINT(52.295437,4.954238)";4.954238;52.295437;
3721;"T92470";"Standaard";"12-15 m";"07-06-2020";"POINT(4.954093,52.295415)";"POINT(52.295415,4.954093)";4.954093;52.295415;
3722;"668213";"Standaard";"18-24 m";"08-06-2020";"POINT(4.8447,52.366413)";"POINT(52.366413,4.8447)";4.8447;52.366413;
3723;"421794";"Standaard";"6-9 m";"30-06-2020";"POINT(4.790435,52.391944)";"POINT(52.391944,4.790435)";4.790435;52.391944;
3724;"421793";"Standaard";"12-15 m";"30-06-2020";"POINT(4.79033,52.391955)";"POINT(52.391955,4.79033)";4.79033;52.391955;
3725;"421791";"Standaard";"9-12 m";"30-06-2020";"POINT(4.790457,52.39219)";"POINT(52.39219,4.790457)";4.790457;52.39219;
3726;"421790";"Standaard";"12-15 m";"30-06-2020";"POINT(4.790365,52.392227)";"POINT(52.392227,4.790365)";4.790365;52.392227;
3727;"421788";"Standaard";"12-15 m";"30-06-2020";"POINT(4.79047,52.392262)";"POINT(52.392262,4.79047)";4.79047;52.392262;
3728;"421787";"Standaard";"9-12 m";"30-06-2020";"POINT(4.790407,52.392407)";"POINT(52.392407,4.790407)";4.790407;52.392407;
3729;"421792";"Standaard";"9-12 m";"30-06-2020";"POINT(4.790422,52.392023)";"POINT(52.392023,4.790422)";4.790422;52.392023;
3730;"422426";"Standaard";"12-15 m";"30-06-2020";"POINT(4.818187,52.391213)";"POINT(52.391213,4.818187)";4.818187;52.391213;
3731;"66826775";"Standaard";"9-12 m";"08-06-2020";"POINT(4.864735,52.388422)";"POINT(52.388422,4.864735)";4.864735;52.388422;
3732;"66826776";"Standaard";"9-12 m";"08-06-2020";"POINT(4.864752,52.388304)";"POINT(52.388304,4.864752)";4.864752;52.388304;
3733;"6682326";"Standaard";"18-24 m";"06-06-2020";"POINT(4.824892,52.321784)";"POINT(52.321784,4.824892)";4.824892;52.321784;
3734;"6682324_d0";"Standaard";"18-24 m";"06-06-2020";"POINT(4.825007,52.32192)";"POINT(52.32192,4.825007)";4.825007;52.32192;
3735;"6682350";"Standaard";">24 m";"06-06-2020";"POINT(4.825678,52.321658)";"POINT(52.321658,4.825678)";4.825678;52.321658;
3736;"6682320";"Standaard";"18-24 m";"06-06-2020";"POINT(4.825608,52.321842)";"POINT(52.321842,4.825608)";4.825608;52.321842;
3737;"6682327_d1";"Standaard";"18-24 m";"07-06-2020";"POINT(4.824924,52.321911)";"POINT(52.321911,4.824924)";4.824924;52.321911;
3738;"6682322";"Standaard";"18-24 m";"06-06-2020";"POINT(4.825482,52.321793)";"POINT(52.321793,4.825482)";4.825482;52.321793;
3739;"AMBO91727_d6";"Standaard";"12-15 m";"08-06-2020";"POINT(4.830998,52.299877)";"POINT(52.299877,4.830998)";4.830998;52.299877;
3740;"66826626";"Standaard";"18-24 m";"06-06-2020";"POINT(4.8256,52.321553)";"POINT(52.321553,4.8256)";4.8256;52.321553;
3741;"66826627";"Standaard";"18-24 m";"06-06-2020";"POINT(4.825633,52.321622)";"POINT(52.321622,4.825633)";4.825633;52.321622;
3742;"@100148597000";"Standaard";"15-18 m";"08-06-2020";"POINT(4.830238,52.29566)";"POINT(52.29566,4.830238)";4.830238;52.29566;
3743;"NAMBO145689_d11";"Standaard";"15-18 m";"08-06-2020";"POINT(4.830034,52.295589)";"POINT(52.295589,4.830034)";4.830034;52.295589;
3744;"NAMBO145690_d12";"Standaard";"18-24 m";"08-06-2020";"POINT(4.830146,52.295626)";"POINT(52.295626,4.830146)";4.830146;52.295626;
3745;"NAMBO145692_d13";"Standaard";"18-24 m";"08-06-2020";"POINT(4.829831,52.295513)";"POINT(52.295513,4.829831)";4.829831;52.295513;
3746;"NAMBO145697_d15";"Standaard";"18-24 m";"08-06-2020";"POINT(4.829768,52.295491)";"POINT(52.295491,4.829768)";4.829768;52.295491;
3747;"AMBO91701_d22";"Standaard";"15-18 m";"08-06-2020";"POINT(4.830634,52.295802)";"POINT(52.295802,4.830634)";4.830634;52.295802;
3748;"NAMBO145699_d24";"Standaard";"18-24 m";"08-06-2020";"POINT(4.829633,52.295444)";"POINT(52.295444,4.829633)";4.829633;52.295444;
3749;"NAMBO145695_d28";"Standaard";"18-24 m";"08-06-2020";"POINT(4.830399,52.295716)";"POINT(52.295716,4.830399)";4.830399;52.295716;
3750;"NAMBO145698_d29";"Standaard";"18-24 m";"08-06-2020";"POINT(4.830545,52.295767)";"POINT(52.295767,4.830545)";4.830545;52.295767;
3751;"NAMBO145701_d33";"Standaard";"18-24 m";"08-06-2020";"POINT(4.830729,52.295832)";"POINT(52.295832,4.830729)";4.830729;52.295832;
3752;"W001";"Standaard";"12-15 m";"08-06-2020";"POINT(4.849377,52.386792)";"POINT(52.386792,4.849377)";4.849377;52.386792;
3753;"NE149511";"Standaard";"9-12 m";"08-06-2020";"POINT(4.846844,52.388746)";"POINT(52.388746,4.846844)";4.846844;52.388746;
3754;"667807";"Standaard";"12-15 m";"08-06-2020";"POINT(4.851718,52.388213)";"POINT(52.388213,4.851718)";4.851718;52.388213;
3755;"667810";"Standaard";"12-15 m";"08-06-2020";"POINT(4.856021,52.387695)";"POINT(52.387695,4.856021)";4.856021;52.387695;
3756;"667811";"Standaard";"12-15 m";"08-06-2020";"POINT(4.856548,52.38771)";"POINT(52.38771,4.856548)";4.856548;52.38771;
3757;"507466";"Standaard";"15-18 m";"08-06-2020";"POINT(4.853662,52.387039)";"POINT(52.387039,4.853662)";4.853662;52.387039;
3758;"507545";"Standaard";"15-18 m";"08-06-2020";"POINT(4.851999,52.387665)";"POINT(52.387665,4.851999)";4.851999;52.387665;
3759;"507183";"Standaard";"15-18 m";"08-06-2020";"POINT(4.854652,52.388368)";"POINT(52.388368,4.854652)";4.854652;52.388368;
3760;"507018";"Standaard";"15-18 m";"08-06-2020";"POINT(4.858495,52.388485)";"POINT(52.388485,4.858495)";4.858495;52.388485;
3761;"507277";"Standaard";"9-12 m";"08-06-2020";"POINT(4.851802,52.386276)";"POINT(52.386276,4.851802)";4.851802;52.386276;
3762;"506949";"Standaard";"15-18 m";"08-06-2020";"POINT(4.860819,52.388498)";"POINT(52.388498,4.860819)";4.860819;52.388498;
3763;"506943";"Standaard";"15-18 m";"08-06-2020";"POINT(4.862033,52.388532)";"POINT(52.388532,4.862033)";4.862033;52.388532;
3764;"507330";"Standaard";"15-18 m";"08-06-2020";"POINT(4.853747,52.387847)";"POINT(52.387847,4.853747)";4.853747;52.387847;
3765;"507330_d13";"Standaard";"15-18 m";"08-06-2020";"POINT(4.853746,52.387847)";"POINT(52.387847,4.853746)";4.853746;52.387847;
3766;"506817";"Standaard";"15-18 m";"08-06-2020";"POINT(4.857175,52.388565)";"POINT(52.388565,4.857175)";4.857175;52.388565;
3767;"1552227";"Standaard";"6-9 m";"08-06-2020";"POINT(4.845084,52.388891)";"POINT(52.388891,4.845084)";4.845084;52.388891;
3768;"1551959";"Standaard";"12-15 m";"08-06-2020";"POINT(4.845323,52.38891)";"POINT(52.38891,4.845323)";4.845323;52.38891;
3769;"667814";"Standaard";"6-9 m";"08-06-2020";"POINT(4.845967,52.388788)";"POINT(52.388788,4.845967)";4.845967;52.388788;
3770;"66826755";"Standaard";"12-15 m";"08-06-2020";"POINT(4.845162,52.388918)";"POINT(52.388918,4.845162)";4.845162;52.388918;
3771;"66826756";"Standaard";"12-15 m";"08-06-2020";"POINT(4.844991,52.388896)";"POINT(52.388896,4.844991)";4.844991;52.388896;
3772;"66826757";"Standaard";"6-9 m";"08-06-2020";"POINT(4.844866,52.388888)";"POINT(52.388888,4.844866)";4.844866;52.388888;
3773;"66826758";"Standaard";"6-9 m";"08-06-2020";"POINT(4.844791,52.388901)";"POINT(52.388901,4.844791)";4.844791;52.388901;
3774;"66826773";"Standaard";"12-15 m";"08-06-2020";"POINT(4.851709,52.388069)";"POINT(52.388069,4.851709)";4.851709;52.388069;
3775;"66826774";"Standaard";"9-12 m";"08-06-2020";"POINT(4.864133,52.388583)";"POINT(52.388583,4.864133)";4.864133;52.388583;
3776;"66826777";"Standaard";"9-12 m";"08-06-2020";"POINT(4.863617,52.388358)";"POINT(52.388358,4.863617)";4.863617;52.388358;
3777;"66826778";"Standaard";"9-12 m";"08-06-2020";"POINT(4.862857,52.386282)";"POINT(52.386282,4.862857)";4.862857;52.386282;
3778;"66826779";"Standaard";"9-12 m";"08-06-2020";"POINT(4.862646,52.386248)";"POINT(52.386248,4.862646)";4.862646;52.386248;
3779;"66826759";"Standaard";"15-18 m";"08-06-2020";"POINT(4.817196,52.354065)";"POINT(52.354065,4.817196)";4.817196;52.354065;
3780;"M8015";"Standaard";"15-18 m";"08-06-2020";"POINT(4.948713,52.361314)";"POINT(52.361314,4.948713)";4.948713;52.361314;
3781;"M105253";"Standaard";"15-18 m";"08-06-2020";"POINT(4.949537,52.358598)";"POINT(52.358598,4.949537)";4.949537;52.358598;
3782;"446227";"Standaard";"12-15 m";"08-06-2020";"POINT(4.921866,52.357781)";"POINT(52.357781,4.921866)";4.921866;52.357781;
3783;"476434";"Standaard";"15-18 m";"08-06-2020";"POINT(4.954313,52.364805)";"POINT(52.364805,4.954313)";4.954313;52.364805;
3784;"_N_135242646000";"Standaard";"12-15 m";"08-06-2020";"POINT(4.96813,52.28603)";"POINT(52.28603,4.96813)";4.96813;52.28603;
3785;"T104881";"Standaard";"0-6 m";"08-06-2020";"POINT(4.96363,52.281763)";"POINT(52.281763,4.96363)";4.96363;52.281763;
3786;"T92573";"Standaard";"6-9 m";"08-06-2020";"POINT(4.963687,52.281739)";"POINT(52.281739,4.963687)";4.963687;52.281739;
3787;"T92574";"Standaard";"6-9 m";"08-06-2020";"POINT(4.958465,52.2797)";"POINT(52.2797,4.958465)";4.958465;52.2797;
3788;"668007";"Standaard";"9-12 m";"08-06-2020";"POINT(4.955178,52.280258)";"POINT(52.280258,4.955178)";4.955178;52.280258;
3789;"_N_144102154000";"Standaard";"12-15 m";"08-06-2020";"POINT(4.971483,52.284494)";"POINT(52.284494,4.971483)";4.971483;52.284494;
3790;"_N_135107850000";"Standaard";"12-15 m";"08-06-2020";"POINT(4.968481,52.286396)";"POINT(52.286396,4.968481)";4.968481;52.286396;
3791;"_N_135404821000";"Standaard";"12-15 m";"08-06-2020";"POINT(4.968573,52.286024)";"POINT(52.286024,4.968573)";4.968573;52.286024;
3792;"_N_135725893000";"Standaard";"12-15 m";"08-06-2020";"POINT(4.968382,52.28571)";"POINT(52.28571,4.968382)";4.968382;52.28571;
3793;"_N_140025661000";"Standaard";"12-15 m";"08-06-2020";"POINT(4.967633,52.285466)";"POINT(52.285466,4.967633)";4.967633;52.285466;
3794;"_N_142026157000";"Standaard";"12-15 m";"08-06-2020";"POINT(4.96837,52.284422)";"POINT(52.284422,4.96837)";4.96837;52.284422;
3795;"_N_113358466000";"Standaard";"12-15 m";"08-06-2020";"POINT(4.972143,52.288488)";"POINT(52.288488,4.972143)";4.972143;52.288488;
3796;"T104882";"Standaard";"0-6 m";"08-06-2020";"POINT(4.953049,52.281402)";"POINT(52.281402,4.953049)";4.953049;52.281402;
3797;"T104883";"Standaard";"0-6 m";"08-06-2020";"POINT(4.95319,52.282546)";"POINT(52.282546,4.95319)";4.95319;52.282546;
3798;"T69133";"Standaard";"6-9 m";"08-06-2020";"POINT(4.953617,52.280383)";"POINT(52.280383,4.953617)";4.953617;52.280383;
3799;"T69134";"Standaard";"6-9 m";"08-06-2020";"POINT(4.952852,52.281448)";"POINT(52.281448,4.952852)";4.952852;52.281448;
3800;"T69136";"Standaard";"6-9 m";"08-06-2020";"POINT(4.952599,52.281945)";"POINT(52.281945,4.952599)";4.952599;52.281945;
3801;"T69135";"Standaard";"6-9 m";"08-06-2020";"POINT(4.953066,52.281116)";"POINT(52.281116,4.953066)";4.953066;52.281116;
3802;"_N_123422842000";"Standaard";"12-15 m";"08-06-2020";"POINT(4.970006,52.285964)";"POINT(52.285964,4.970006)";4.970006;52.285964;
3803;"_N_144052152000";"Standaard";"12-15 m";"08-06-2020";"POINT(4.971125,52.284914)";"POINT(52.284914,4.971125)";4.971125;52.284914;
3804;"522197";"Standaard";"12-15 m";"30-06-2020";"POINT(4.855808,52.355871)";"POINT(52.355871,4.855808)";4.855808;52.355871;
3805;"530801";"Standaard";"12-15 m";"30-06-2020";"POINT(4.87603,52.360232)";"POINT(52.360232,4.87603)";4.87603;52.360232;
3806;"530986";"Standaard";"12-15 m";"30-06-2020";"POINT(4.875717,52.360034)";"POINT(52.360034,4.875717)";4.875717;52.360034;
3807;"522101";"Standaard";"12-15 m";"30-06-2020";"POINT(4.86265,52.357752)";"POINT(52.357752,4.86265)";4.86265;52.357752;
3808;"521368";"Standaard";">24 m";"30-06-2020";"POINT(4.863255,52.35686)";"POINT(52.35686,4.863255)";4.863255;52.35686;
3809;"520423";"Standaard";"18-24 m";"30-06-2020";"POINT(4.866815,52.356383)";"POINT(52.356383,4.866815)";4.866815;52.356383;
3810;"520972";"Standaard";"15-18 m";"30-06-2020";"POINT(4.856009,52.354644)";"POINT(52.354644,4.856009)";4.856009;52.354644;
3811;"522121";"Standaard";"18-24 m";"30-06-2020";"POINT(4.878331,52.360538)";"POINT(52.360538,4.878331)";4.878331;52.360538;
3812;"521370";"Standaard";"18-24 m";"30-06-2020";"POINT(4.855834,52.356224)";"POINT(52.356224,4.855834)";4.855834;52.356224;
3813;"520932";"Standaard";"18-24 m";"30-06-2020";"POINT(4.870424,52.359385)";"POINT(52.359385,4.870424)";4.870424;52.359385;
3814;"519261";"Standaard";"18-24 m";"30-06-2020";"POINT(4.874236,52.359838)";"POINT(52.359838,4.874236)";4.874236;52.359838;
3815;"520486";"Standaard";"18-24 m";"30-06-2020";"POINT(4.866718,52.356366)";"POINT(52.356366,4.866718)";4.866718;52.356366;
3816;"521463";"Standaard";"15-18 m";"30-06-2020";"POINT(4.872333,52.359363)";"POINT(52.359363,4.872333)";4.872333;52.359363;
3817;"567091";"Standaard";"9-12 m";"30-06-2020";"POINT(4.864536,52.35816)";"POINT(52.35816,4.864536)";4.864536;52.35816;
3818;"520353";"Standaard";"18-24 m";"30-06-2020";"POINT(4.856383,52.356272)";"POINT(52.356272,4.856383)";4.856383;52.356272;
3819;"529037";"Standaard";"9-12 m";"30-06-2020";"POINT(4.871003,52.358227)";"POINT(52.358227,4.871003)";4.871003;52.358227;
3820;"66827109";"Standaard";"18-24 m";"30-06-2020";"POINT(4.915536,52.374146)";"POINT(52.374146,4.915536)";4.915536;52.374146;
3821;"66827110";"Standaard";"18-24 m";"30-06-2020";"POINT(4.915499,52.374214)";"POINT(52.374214,4.915499)";4.915499;52.374214;
3822;"66827111";"Standaard";"18-24 m";"30-06-2020";"POINT(4.915448,52.374282)";"POINT(52.374282,4.915448)";4.915448;52.374282;
3823;"66827112";"Standaard";"18-24 m";"30-06-2020";"POINT(4.915411,52.374351)";"POINT(52.374351,4.915411)";4.915411;52.374351;
3824;"66827114";"Standaard";"18-24 m";"30-06-2020";"POINT(4.915349,52.374426)";"POINT(52.374426,4.915349)";4.915349;52.374426;
3825;"66827117";"Standaard";"18-24 m";"30-06-2020";"POINT(4.915223,52.374638)";"POINT(52.374638,4.915223)";4.915223;52.374638;
3826;"66827118";"Standaard";"18-24 m";"30-06-2020";"POINT(4.915177,52.374698)";"POINT(52.374698,4.915177)";4.915177;52.374698;
3827;"66827119";"Standaard";"18-24 m";"30-06-2020";"POINT(4.915135,52.374789)";"POINT(52.374789,4.915135)";4.915135;52.374789;
3828;"574289";"Standaard";"12-15 m";"30-06-2020";"POINT(4.846188,52.346279)";"POINT(52.346279,4.846188)";4.846188;52.346279;
3829;"582278";"Standaard";"12-15 m";"30-06-2020";"POINT(4.846997,52.34657)";"POINT(52.34657,4.846997)";4.846997;52.34657;
3830;"522626";"Standaard";"12-15 m";"30-06-2020";"POINT(4.8462,52.345812)";"POINT(52.345812,4.8462)";4.8462;52.345812;
3831;"524071";"Standaard";"12-15 m";"30-06-2020";"POINT(4.845941,52.345523)";"POINT(52.345523,4.845941)";4.845941;52.345523;
3832;"520609";"Standaard";"12-15 m";"30-06-2020";"POINT(4.845961,52.345376)";"POINT(52.345376,4.845961)";4.845961;52.345376;
3833;"1542707";"Standaard";"9-12 m";"30-06-2020";"POINT(4.848276,52.344895)";"POINT(52.344895,4.848276)";4.848276;52.344895;
3834;"1542708";"Standaard";"9-12 m";"30-06-2020";"POINT(4.848271,52.345137)";"POINT(52.345137,4.848271)";4.848271;52.345137;
3835;"66827119";"Standaard";"12-15 m";"30-06-2020";"POINT(4.845967,52.345983)";"POINT(52.345983,4.845967)";4.845967;52.345983;
3836;"66827120";"Standaard";"12-15 m";"30-06-2020";"POINT(4.846182,52.346344)";"POINT(52.346344,4.846182)";4.846182;52.346344;
3837;"66827122";"Standaard";"12-15 m";"30-06-2020";"POINT(4.846299,52.346366)";"POINT(52.346366,4.846299)";4.846299;52.346366;
3838;"66827123";"Standaard";"12-15 m";"30-06-2020";"POINT(4.84615,52.345951)";"POINT(52.345951,4.84615)";4.84615;52.345951;
3839;"539762";"Standaard";"15-18 m";"30-06-2020";"POINT(4.959527,52.30911)";"POINT(52.30911,4.959527)";4.959527;52.30911;
3840;"539736";"Standaard";"15-18 m";"30-06-2020";"POINT(4.959076,52.308947)";"POINT(52.308947,4.959076)";4.959076;52.308947;
3841;"667306";"Standaard";"12-15 m";"30-06-2020";"POINT(4.963667,52.316115)";"POINT(52.316115,4.963667)";4.963667;52.316115;
3842;"539747";"Standaard";"15-18 m";"30-06-2020";"POINT(4.959723,52.308418)";"POINT(52.308418,4.959723)";4.959723;52.308418;
3843;"539737";"Standaard";"15-18 m";"30-06-2020";"POINT(4.959096,52.308873)";"POINT(52.308873,4.959096)";4.959096;52.308873;
3844;"539733";"Standaard";"18-24 m";"30-06-2020";"POINT(4.959377,52.30915)";"POINT(52.30915,4.959377)";4.959377;52.30915;
3845;"539735";"Standaard";"18-24 m";"30-06-2020";"POINT(4.959088,52.308995)";"POINT(52.308995,4.959088)";4.959088;52.308995;
3846;"539751";"Standaard";"15-18 m";"30-06-2020";"POINT(4.959462,52.308476)";"POINT(52.308476,4.959462)";4.959462;52.308476;
3847;"539743";"Standaard";"18-24 m";"30-06-2020";"POINT(4.95932,52.308626)";"POINT(52.308626,4.95932)";4.95932;52.308626;
3848;"66826590";"Standaard";"18-24 m";"30-06-2020";"POINT(4.848424,52.321479)";"POINT(52.321479,4.848424)";4.848424;52.321479;
3849;"AMBO59614";"Standaard";"18-24 m";"30-06-2020";"POINT(4.848485,52.321492)";"POINT(52.321492,4.848485)";4.848485;52.321492;
3850;"541549";"Standaard";"15-18 m";"30-06-2020";"POINT(4.96735,52.32128)";"POINT(52.32128,4.96735)";4.96735;52.32128;
3851;"541477";"Standaard";"";"30-06-2020";"POINT(4.962791,52.326104)";"POINT(52.326104,4.962791)";4.962791;52.326104;
3852;"541476";"Standaard";"0-6 m";"30-06-2020";"POINT(4.962703,52.326052)";"POINT(52.326052,4.962703)";4.962703;52.326052;
3853;"T104816";"Standaard";"6-9 m";"09-06-2020";"POINT(4.957646,52.286661)";"POINT(52.286661,4.957646)";4.957646;52.286661;
3854;"_N_115157403000";"Standaard";"0-6 m";"09-06-2020";"POINT(4.957271,52.28502)";"POINT(52.28502,4.957271)";4.957271;52.28502;
3855;"T92571";"Standaard";"0-6 m";"09-06-2020";"POINT(4.95821,52.282963)";"POINT(52.282963,4.95821)";4.95821;52.282963;
3856;"_N_115257187000";"Standaard";"6-9 m";"09-06-2020";"POINT(4.957339,52.284993)";"POINT(52.284993,4.957339)";4.957339;52.284993;
3857;"666861";"Standaard";"0-6 m";"09-06-2020";"POINT(4.953929,52.285375)";"POINT(52.285375,4.953929)";4.953929;52.285375;
3858;"T92568";"Standaard";"9-12 m";"09-06-2020";"POINT(4.958563,52.286754)";"POINT(52.286754,4.958563)";4.958563;52.286754;
3859;"AMBO91692_d0";"Standaard";"15-18 m";"09-06-2020";"POINT(4.828851,52.295154)";"POINT(52.295154,4.828851)";4.828851;52.295154;
3860;"NAMBO145686_d5";"Standaard";"15-18 m";"09-06-2020";"POINT(4.829316,52.295327)";"POINT(52.295327,4.829316)";4.829316;52.295327;
3861;"NAMBO145696_d6";"Standaard";"15-18 m";"09-06-2020";"POINT(4.829133,52.295253)";"POINT(52.295253,4.829133)";4.829133;52.295253;
3862;"AMBO91691_d9";"Standaard";"18-24 m";"09-06-2020";"POINT(4.828736,52.295122)";"POINT(52.295122,4.828736)";4.828736;52.295122;
3863;"NAMBO145687_d10";"Standaard";"15-18 m";"09-06-2020";"POINT(4.829524,52.295411)";"POINT(52.295411,4.829524)";4.829524;52.295411;
3864;"NAMBO145680_d14";"Standaard";"18-24 m";"09-06-2020";"POINT(4.82905,52.295221)";"POINT(52.295221,4.82905)";4.82905;52.295221;
3865;"NAMBO145671_d16";"Standaard";"18-24 m";"09-06-2020";"POINT(4.827912,52.294854)";"POINT(52.294854,4.827912)";4.827912;52.294854;
3866;"NAMBO145679_d20";"Standaard";"18-24 m";"09-06-2020";"POINT(4.828951,52.295192)";"POINT(52.295192,4.828951)";4.828951;52.295192;
3867;"T92551";"Standaard";"0-6 m";"09-06-2020";"POINT(4.957258,52.284951)";"POINT(52.284951,4.957258)";4.957258;52.284951;
3868;"T92569";"Standaard";"0-6 m";"09-06-2020";"POINT(4.957387,52.28668)";"POINT(52.28668,4.957387)";4.957387;52.28668;
3869;"_N_115627516000";"Standaard";"0-6 m";"09-06-2020";"POINT(4.957904,52.285051)";"POINT(52.285051,4.957904)";4.957904;52.285051;
3870;"T92570";"Standaard";"9-12 m";"09-06-2020";"POINT(4.958326,52.28597)";"POINT(52.28597,4.958326)";4.958326;52.28597;
3871;"T92572";"Standaard";"6-9 m";"09-06-2020";"POINT(4.961908,52.285776)";"POINT(52.285776,4.961908)";4.961908;52.285776;
3872;"666856";"Standaard";"0-6 m";"09-06-2020";"POINT(4.957111,52.284973)";"POINT(52.284973,4.957111)";4.957111;52.284973;
3873;"_N_114157675000";"Standaard";"9-12 m";"09-06-2020";"POINT(4.954043,52.285262)";"POINT(52.285262,4.954043)";4.954043;52.285262;
3874;"_N_115936409000";"Standaard";"0-6 m";"09-06-2020";"POINT(4.958838,52.2855)";"POINT(52.2855,4.958838)";4.958838;52.2855;
3875;"T104879";"Standaard";"9-12 m";"09-06-2020";"POINT(4.957235,52.284914)";"POINT(52.284914,4.957235)";4.957235;52.284914;
3876;"66826784";"Standaard";"9-12 m";"09-06-2020";"POINT(4.953935,52.285344)";"POINT(52.285344,4.953935)";4.953935;52.285344;
3877;"NAMBO145650_d23";"Standaard";"18-24 m";"09-06-2020";"POINT(4.82599,52.294181)";"POINT(52.294181,4.82599)";4.82599;52.294181;
3878;"AMBO91512";"Standaard";"18-24 m";"09-06-2020";"POINT(4.825827,52.294132)";"POINT(52.294132,4.825827)";4.825827;52.294132;
3879;"NAMBO145666";"Standaard";"18-24 m";"09-06-2020";"POINT(4.826491,52.294475)";"POINT(52.294475,4.826491)";4.826491;52.294475;
3880;"AMBO91687_d30";"Standaard";"18-24 m";"09-06-2020";"POINT(4.82774,52.294792)";"POINT(52.294792,4.82774)";4.82774;52.294792;
3881;"NAMBO145672_d31";"Standaard";"15-18 m";"09-06-2020";"POINT(4.827811,52.294822)";"POINT(52.294822,4.827811)";4.827811;52.294822;
3882;"66826587";"Standaard";">24 m";"09-06-2020";"POINT(4.824641,52.319609)";"POINT(52.319609,4.824641)";4.824641;52.319609;
3883;"A8493";"Standaard";">24 m";"09-06-2020";"POINT(4.918148,52.365318)";"POINT(52.365318,4.918148)";4.918148;52.365318;
3884;"6682140";"Standaard";"15-18 m";"09-06-2020";"POINT(4.915125,52.366301)";"POINT(52.366301,4.915125)";4.915125;52.366301;
3885;"A8478";"Standaard";"15-18 m";"09-06-2020";"POINT(4.914045,52.365795)";"POINT(52.365795,4.914045)";4.914045;52.365795;
3886;"_N_083445188000";"Standaard";"15-18 m";"09-06-2020";"POINT(4.91728,52.365902)";"POINT(52.365902,4.91728)";4.91728;52.365902;
3887;"A8490";"Standaard";"15-18 m";"09-06-2020";"POINT(4.917481,52.366038)";"POINT(52.366038,4.917481)";4.917481;52.366038;
3888;"360016";"Standaard";"15-18 m";"09-06-2020";"POINT(4.843921,52.363794)";"POINT(52.363794,4.843921)";4.843921;52.363794;
3889;"667754";"Standaard";"18-24 m";"09-06-2020";"POINT(4.845564,52.364314)";"POINT(52.364314,4.845564)";4.845564;52.364314;
3890;"388862";"Standaard";"18-24 m";"09-06-2020";"POINT(4.847968,52.363591)";"POINT(52.363591,4.847968)";4.847968;52.363591;
3891;"388863";"Standaard";"18-24 m";"09-06-2020";"POINT(4.848082,52.363596)";"POINT(52.363596,4.848082)";4.848082;52.363596;
3892;"667743";"Standaard";"12-15 m";"09-06-2020";"POINT(4.842849,52.364531)";"POINT(52.364531,4.842849)";4.842849;52.364531;
3893;"667750";"Standaard";"18-24 m";"09-06-2020";"POINT(4.845057,52.365661)";"POINT(52.365661,4.845057)";4.845057;52.365661;
3894;"667724";"Standaard";"12-15 m";"09-06-2020";"POINT(4.849355,52.363988)";"POINT(52.363988,4.849355)";4.849355;52.363988;
3895;"389529";"Standaard";"15-18 m";"09-06-2020";"POINT(4.845979,52.363824)";"POINT(52.363824,4.845979)";4.845979;52.363824;
3896;"668196";"Standaard";"15-18 m";"09-06-2020";"POINT(4.845023,52.363722)";"POINT(52.363722,4.845023)";4.845023;52.363722;
3897;"668229";"Standaard";"15-18 m";"09-06-2020";"POINT(4.843963,52.365512)";"POINT(52.365512,4.843963)";4.843963;52.365512;
3898;"668220";"Standaard";"18-24 m";"09-06-2020";"POINT(4.84464,52.365409)";"POINT(52.365409,4.84464)";4.84464;52.365409;
3899;"668221";"Standaard";"18-24 m";"09-06-2020";"POINT(4.844769,52.36541)";"POINT(52.36541,4.844769)";4.844769;52.36541;
3900;"668224";"Standaard";"18-24 m";"09-06-2020";"POINT(4.844982,52.365026)";"POINT(52.365026,4.844982)";4.844982;52.365026;
3901;"668225";"Standaard";"18-24 m";"09-06-2020";"POINT(4.844957,52.365062)";"POINT(52.365062,4.844957)";4.844957;52.365062;
3902;"668226";"Standaard";"18-24 m";"09-06-2020";"POINT(4.844898,52.365109)";"POINT(52.365109,4.844898)";4.844898;52.365109;
3903;"668222";"Standaard";"18-24 m";"09-06-2020";"POINT(4.844874,52.365225)";"POINT(52.365225,4.844874)";4.844874;52.365225;
3904;"668227";"Standaard";"18-24 m";"09-06-2020";"POINT(4.844737,52.365115)";"POINT(52.365115,4.844737)";4.844737;52.365115;
3905;"668218";"Standaard";"18-24 m";"09-06-2020";"POINT(4.845673,52.365456)";"POINT(52.365456,4.845673)";4.845673;52.365456;
3906;"668217";"Standaard";"18-24 m";"09-06-2020";"POINT(4.845547,52.365538)";"POINT(52.365538,4.845547)";4.845547;52.365538;
3907;"667746";"Standaard";"18-24 m";"09-06-2020";"POINT(4.845312,52.365615)";"POINT(52.365615,4.845312)";4.845312;52.365615;
3908;"389371";"Standaard";"15-18 m";"09-06-2020";"POINT(4.843871,52.36512)";"POINT(52.36512,4.843871)";4.843871;52.36512;
3909;"388860";"Standaard";"18-24 m";"09-06-2020";"POINT(4.847701,52.36359)";"POINT(52.36359,4.847701)";4.847701;52.36359;
3910;"389370";"Standaard";"15-18 m";"09-06-2020";"POINT(4.843809,52.36551)";"POINT(52.36551,4.843809)";4.843809;52.36551;
3911;"389369";"Standaard";"15-18 m";"09-06-2020";"POINT(4.84388,52.365486)";"POINT(52.365486,4.84388)";4.84388;52.365486;
3912;"388880";"Standaard";"18-24 m";"09-06-2020";"POINT(4.844631,52.363729)";"POINT(52.363729,4.844631)";4.844631;52.363729;
3913;"363710";"Standaard";"18-24 m";"09-06-2020";"POINT(4.85011,52.365071)";"POINT(52.365071,4.85011)";4.85011;52.365071;
3914;"413141";"Standaard";"12-15 m";"09-06-2020";"POINT(4.843174,52.364427)";"POINT(52.364427,4.843174)";4.843174;52.364427;
3915;"388879";"Standaard";"15-18 m";"09-06-2020";"POINT(4.844474,52.363709)";"POINT(52.363709,4.844474)";4.844474;52.363709;
3916;"408933";"Standaard";"18-24 m";"09-06-2020";"POINT(4.850014,52.364591)";"POINT(52.364591,4.850014)";4.850014;52.364591;
3917;"408907";"Standaard";"18-24 m";"09-06-2020";"POINT(4.850161,52.364641)";"POINT(52.364641,4.850161)";4.850161;52.364641;
3918;"408890";"Standaard";"18-24 m";"09-06-2020";"POINT(4.85042,52.365194)";"POINT(52.365194,4.85042)";4.85042;52.365194;
3919;"418172";"Standaard";"12-15 m";"09-06-2020";"POINT(4.843611,52.3645)";"POINT(52.3645,4.843611)";4.843611;52.3645;
3920;"388865";"Standaard";"18-24 m";"09-06-2020";"POINT(4.847875,52.363541)";"POINT(52.363541,4.847875)";4.847875;52.363541;
3921;"389382";"Standaard";"15-18 m";"09-06-2020";"POINT(4.844208,52.365352)";"POINT(52.365352,4.844208)";4.844208;52.365352;
3922;"389609";"Standaard";"12-15 m";"09-06-2020";"POINT(4.845395,52.361153)";"POINT(52.361153,4.845395)";4.845395;52.361153;
3923;"389538";"Standaard";"15-18 m";"09-06-2020";"POINT(4.846485,52.363733)";"POINT(52.363733,4.846485)";4.846485;52.363733;
3924;"388877";"Standaard";"15-18 m";"09-06-2020";"POINT(4.845805,52.363834)";"POINT(52.363834,4.845805)";4.845805;52.363834;
3925;"389530";"Standaard";"15-18 m";"09-06-2020";"POINT(4.84591,52.363826)";"POINT(52.363826,4.84591)";4.84591;52.363826;
3926;"388374";"Standaard";"12-15 m";"09-06-2020";"POINT(4.848222,52.364394)";"POINT(52.364394,4.848222)";4.848222;52.364394;
3927;"388362";"Standaard";"18-24 m";"09-06-2020";"POINT(4.850203,52.36439)";"POINT(52.36439,4.850203)";4.850203;52.36439;
3928;"363549";"Standaard";"18-24 m";"09-06-2020";"POINT(4.844636,52.364416)";"POINT(52.364416,4.844636)";4.844636;52.364416;
3929;"363711";"Standaard";"18-24 m";"09-06-2020";"POINT(4.850091,52.364933)";"POINT(52.364933,4.850091)";4.850091;52.364933;
3930;"388861";"Standaard";"18-24 m";"09-06-2020";"POINT(4.847734,52.363536)";"POINT(52.363536,4.847734)";4.847734;52.363536;
3931;"388370";"Standaard";"12-15 m";"09-06-2020";"POINT(4.848529,52.364396)";"POINT(52.364396,4.848529)";4.848529;52.364396;
3932;"480782";"Standaard";"18-24 m";"09-06-2020";"POINT(4.927707,52.341563)";"POINT(52.341563,4.927707)";4.927707;52.341563;
3933;"66826782";"Standaard";"0-6 m";"09-06-2020";"POINT(4.917117,52.367069)";"POINT(52.367069,4.917117)";4.917117;52.367069;
3934;"66826789";"Standaard";"18-24 m";"09-06-2020";"POINT(4.845035,52.364347)";"POINT(52.364347,4.845035)";4.845035;52.364347;
3935;"66826790";"Standaard";"18-24 m";"09-06-2020";"POINT(4.844743,52.365159)";"POINT(52.365159,4.844743)";4.844743;52.365159;
3936;"66826791";"Standaard";"18-24 m";"09-06-2020";"POINT(4.844884,52.365181)";"POINT(52.365181,4.844884)";4.844884;52.365181;
3937;"66826792";"Standaard";"18-24 m";"09-06-2020";"POINT(4.844848,52.365268)";"POINT(52.365268,4.844848)";4.844848;52.365268;
3938;"667788";"Standaard";"12-15 m";"09-06-2020";"POINT(4.926541,52.358361)";"POINT(52.358361,4.926541)";4.926541;52.358361;
3939;"456726";"Standaard";"18-24 m";"09-06-2020";"POINT(4.938074,52.357629)";"POINT(52.357629,4.938074)";4.938074;52.357629;
3940;"448621";"Standaard";"18-24 m";"09-06-2020";"POINT(4.937993,52.357719)";"POINT(52.357719,4.937993)";4.937993;52.357719;
3941;"477687";"Standaard";"12-15 m";"09-06-2020";"POINT(4.936161,52.35937)";"POINT(52.35937,4.936161)";4.936161;52.35937;
3942;"455508";"Standaard";"9-12 m";"09-06-2020";"POINT(4.919382,52.352733)";"POINT(52.352733,4.919382)";4.919382;52.352733;
3943;"446641";"Standaard";"12-15 m";"09-06-2020";"POINT(4.913898,52.352763)";"POINT(52.352763,4.913898)";4.913898;52.352763;
3944;"NM149504";"Standaard";"12-15 m";"09-06-2020";"POINT(4.95365,52.365712)";"POINT(52.365712,4.95365)";4.95365;52.365712;
3945;"480114";"Standaard";"12-15 m";"09-06-2020";"POINT(4.95365,52.365712)";"POINT(52.365712,4.95365)";4.95365;52.365712;
3946;"477087";"Standaard";"9-12 m";"09-06-2020";"POINT(4.95312,52.365677)";"POINT(52.365677,4.95312)";4.95312;52.365677;
3947;"477086";"Standaard";"12-15 m";"09-06-2020";"POINT(4.953229,52.365688)";"POINT(52.365688,4.953229)";4.953229;52.365688;
3948;"477083";"Standaard";"15-18 m";"09-06-2020";"POINT(4.953603,52.365717)";"POINT(52.365717,4.953603)";4.953603;52.365717;
3949;"480111";"Standaard";"9-12 m";"09-06-2020";"POINT(4.95316,52.365714)";"POINT(52.365714,4.95316)";4.95316;52.365714;
3950;"477085";"Standaard";"";"09-06-2020";"POINT(4.953314,52.365675)";"POINT(52.365675,4.953314)";4.953314;52.365675;
3951;"NM149491";"Standaard";"";"09-06-2020";"POINT(4.953223,52.365688)";"POINT(52.365688,4.953223)";4.953223;52.365688;
3952;"M105247";"Standaard";"15-18 m";"09-06-2020";"POINT(4.953595,52.36574)";"POINT(52.36574,4.953595)";4.953595;52.36574;
3953;"564663";"Standaard";"12-15 m";"09-06-2020";"POINT(4.87893,52.360912)";"POINT(52.360912,4.87893)";4.87893;52.360912;
3954;"524852";"Standaard";"15-18 m";"09-06-2020";"POINT(4.900861,52.348764)";"POINT(52.348764,4.900861)";4.900861;52.348764;
3955;"522272";"Standaard";"18-24 m";"09-06-2020";"POINT(4.879746,52.360852)";"POINT(52.360852,4.879746)";4.879746;52.360852;
3956;"477084";"Standaard";"12-15 m";"09-06-2020";"POINT(4.953538,52.365707)";"POINT(52.365707,4.953538)";4.953538;52.365707;
3957;"1539001";"Standaard";"9-12 m";"09-06-2020";"POINT(4.95334,52.365733)";"POINT(52.365733,4.95334)";4.95334;52.365733;
3958;"66827120";"Standaard";"18-24 m";"01-07-2020";"POINT(4.823222,52.320688)";"POINT(52.320688,4.823222)";4.823222;52.320688;
3959;"486943";"Standaard";"15-18 m";"10-06-2020";"POINT(4.950136,52.365248)";"POINT(52.365248,4.950136)";4.950136;52.365248;
3960;"523985";"Standaard";"15-18 m";"12-06-2020";"POINT(4.856699,52.356769)";"POINT(52.356769,4.856699)";4.856699;52.356769;
3961;"KUZU008";"Standaard";"15-18 m";"12-06-2020";"POINT(4.855828,52.355707)";"POINT(52.355707,4.855828)";4.855828;52.355707;
3962;"523986";"Standaard";"15-18 m";"12-06-2020";"POINT(4.856688,52.356727)";"POINT(52.356727,4.856688)";4.856688;52.356727;
3963;"524490";"Standaard";"15-18 m";"12-06-2020";"POINT(4.859724,52.356348)";"POINT(52.356348,4.859724)";4.859724;52.356348;
3964;"520959";"Standaard";"15-18 m";"12-06-2020";"POINT(4.858162,52.35486)";"POINT(52.35486,4.858162)";4.858162;52.35486;
3965;"476999";"Standaard";"15-18 m";"10-06-2020";"POINT(4.956018,52.366588)";"POINT(52.366588,4.956018)";4.956018;52.366588;
3966;"477127";"Standaard";"15-18 m";"10-06-2020";"POINT(4.956157,52.366327)";"POINT(52.366327,4.956157)";4.956157;52.366327;
3967;"477006";"Standaard";"";"10-06-2020";"POINT(4.956226,52.366344)";"POINT(52.366344,4.956226)";4.956226;52.366344;
3968;"_N_140829639000";"Standaard";"15-18 m";"10-06-2020";"POINT(4.95379,52.295391)";"POINT(52.295391,4.95379)";4.95379;52.295391;
3969;"_N_154110695000";"Standaard";">24 m";"10-06-2020";"POINT(4.846373,52.317187)";"POINT(52.317187,4.846373)";4.846373;52.317187;
3970;"668144";"Standaard";"18-24 m";"10-06-2020";"POINT(4.846169,52.317188)";"POINT(52.317188,4.846169)";4.846169;52.317188;
3971;"668196";"Standaard";"18-24 m";"10-06-2020";"POINT(4.823355,52.293236)";"POINT(52.293236,4.823355)";4.823355;52.293236;
3972;"NAMBO145629";"Standaard";"18-24 m";"10-06-2020";"POINT(4.823547,52.293297)";"POINT(52.293297,4.823547)";4.823547;52.293297;
3973;"NAMBO145627_d48";"Standaard";"18-24 m";"10-06-2020";"POINT(4.823469,52.293276)";"POINT(52.293276,4.823469)";4.823469;52.293276;
3974;"NAMBO145626";"Standaard";"18-24 m";"10-06-2020";"POINT(4.823265,52.293201)";"POINT(52.293201,4.823265)";4.823265;52.293201;
3975;"NAMBO145639_d51";"Standaard";"18-24 m";"10-06-2020";"POINT(4.823634,52.293329)";"POINT(52.293329,4.823634)";4.823634;52.293329;
3976;"668149_d59";"Standaard";"18-24 m";"10-06-2020";"POINT(4.822479,52.292974)";"POINT(52.292974,4.822479)";4.822479;52.292974;
3977;"NAMBO145656_d4_d61";"Standaard";"18-24 m";"10-06-2020";"POINT(4.825582,52.294028)";"POINT(52.294028,4.825582)";4.825582;52.294028;
3978;"NAMBO145692_d1";"Standaard";"18-24 m";"10-06-2020";"POINT(4.82987,52.295533)";"POINT(52.295533,4.82987)";4.82987;52.295533;
3979;"NAMBO145661";"Standaard";"18-24 m";"10-06-2020";"POINT(4.826113,52.294221)";"POINT(52.294221,4.826113)";4.826113;52.294221;
3980;"NAMBO145665";"Standaard";"15-18 m";"10-06-2020";"POINT(4.826426,52.294332)";"POINT(52.294332,4.826426)";4.826426;52.294332;
3981;"M3204";"Standaard";"15-18 m";"10-06-2020";"POINT(4.96255,52.369814)";"POINT(52.369814,4.96255)";4.96255;52.369814;
3982;"488263";"Standaard";"15-18 m";"10-06-2020";"POINT(4.962723,52.369927)";"POINT(52.369927,4.962723)";4.962723;52.369927;
3983;"487958";"Standaard";"12-15 m";"10-06-2020";"POINT(4.96203,52.370692)";"POINT(52.370692,4.96203)";4.96203;52.370692;
3984;"488177";"Standaard";"15-18 m";"10-06-2020";"POINT(4.962068,52.370424)";"POINT(52.370424,4.962068)";4.962068;52.370424;
3985;"488232";"Standaard";"15-18 m";"10-06-2020";"POINT(4.962631,52.37006)";"POINT(52.37006,4.962631)";4.962631;52.37006;
3986;"546923";"Standaard";"12-15 m";"10-06-2020";"POINT(4.987727,52.318697)";"POINT(52.318697,4.987727)";4.987727;52.318697;
3987;"547182";"Standaard";"12-15 m";"10-06-2020";"POINT(4.988801,52.317506)";"POINT(52.317506,4.988801)";4.988801;52.317506;
3988;"547129";"Standaard";"12-15 m";"10-06-2020";"POINT(4.989302,52.319059)";"POINT(52.319059,4.989302)";4.989302;52.319059;
3989;"547120";"Standaard";"15-18 m";"10-06-2020";"POINT(4.988852,52.318124)";"POINT(52.318124,4.988852)";4.988852;52.318124;
3990;"547119";"Standaard";"15-18 m";"10-06-2020";"POINT(4.988906,52.317973)";"POINT(52.317973,4.988906)";4.988906;52.317973;
3991;"547359";"Standaard";"12-15 m";"10-06-2020";"POINT(4.989515,52.318951)";"POINT(52.318951,4.989515)";4.989515;52.318951;
3992;"547325";"Standaard";"12-15 m";"10-06-2020";"POINT(4.989424,52.319146)";"POINT(52.319146,4.989424)";4.989424;52.319146;
3993;"547324";"Standaard";"12-15 m";"10-06-2020";"POINT(4.989641,52.319182)";"POINT(52.319182,4.989641)";4.989641;52.319182;
3994;"547183";"Standaard";"6-9 m";"10-06-2020";"POINT(4.988846,52.317435)";"POINT(52.317435,4.988846)";4.988846;52.317435;
3995;"547181";"Standaard";"12-15 m";"10-06-2020";"POINT(4.988747,52.317553)";"POINT(52.317553,4.988747)";4.988747;52.317553;
3996;"547142";"Standaard";"15-18 m";"10-06-2020";"POINT(4.989485,52.3189)";"POINT(52.3189,4.989485)";4.989485;52.3189;
3997;"547081";"Standaard";"12-15 m";"10-06-2020";"POINT(4.989088,52.319439)";"POINT(52.319439,4.989088)";4.989088;52.319439;
3998;"529528";"Standaard";"12-15 m";"10-06-2020";"POINT(4.872109,52.35808)";"POINT(52.35808,4.872109)";4.872109;52.35808;
3999;"520329";"Standaard";"18-24 m";"10-06-2020";"POINT(4.869613,52.359798)";"POINT(52.359798,4.869613)";4.869613;52.359798;
4000;"521314";"Standaard";"9-12 m";"10-06-2020";"POINT(4.867378,52.357548)";"POINT(52.357548,4.867378)";4.867378;52.357548;
4001;"519377";"Standaard";"9-12 m";"10-06-2020";"POINT(4.871251,52.357886)";"POINT(52.357886,4.871251)";4.871251;52.357886;
4002;"66826625";"Standaard";"18-24 m";"12-06-2020";"POINT(4.824091,52.317828)";"POINT(52.317828,4.824091)";4.824091;52.317828;
4003;"522044";"Standaard";"18-24 m";"12-06-2020";"POINT(4.864035,52.358174)";"POINT(52.358174,4.864035)";4.864035;52.358174;
4004;"GGD002";"Standaard";"12-15 m";"14-06-2020";"POINT(4.975139,52.305328)";"POINT(52.305328,4.975139)";4.975139;52.305328;
4005;"_N_123911071000";"Standaard";"12-15 m";"14-06-2020";"POINT(4.977289,52.303811)";"POINT(52.303811,4.977289)";4.977289;52.303811;
4006;"_N_123801186000";"Standaard";"12-15 m";"14-06-2020";"POINT(4.977036,52.303323)";"POINT(52.303323,4.977036)";4.977036;52.303323;
4007;"_N_123539952000";"Standaard";"12-15 m";"14-06-2020";"POINT(4.976439,52.30408)";"POINT(52.30408,4.976439)";4.976439;52.30408;
4008;"_N_123751359000";"Standaard";"12-15 m";"14-06-2020";"POINT(4.977197,52.303322)";"POINT(52.303322,4.977197)";4.977197;52.303322;
4009;"667375";"Standaard";"18-24 m";"12-06-2020";"POINT(4.824138,52.316469)";"POINT(52.316469,4.824138)";4.824138;52.316469;
4010;"554436";"Standaard";"12-15 m";"01-07-2020";"POINT(4.984137,52.297933)";"POINT(52.297933,4.984137)";4.984137;52.297933;
4011;"593245";"Standaard";"12-15 m";"01-07-2020";"POINT(4.983242,52.298065)";"POINT(52.298065,4.983242)";4.983242;52.298065;
4012;"_N_140902410000";"Standaard";"18-24 m";"01-07-2020";"POINT(4.829368,52.305592)";"POINT(52.305592,4.829368)";4.829368;52.305592;
4013;"519739";"Standaard";"15-18 m";"12-06-2020";"POINT(4.863014,52.358299)";"POINT(52.358299,4.863014)";4.863014;52.358299;
4014;"519645";"Standaard";"18-24 m";"12-06-2020";"POINT(4.856349,52.356235)";"POINT(52.356235,4.856349)";4.856349;52.356235;
4015;"521331";"Standaard";"12-15 m";"12-06-2020";"POINT(4.855794,52.355812)";"POINT(52.355812,4.855794)";4.855794;52.355812;
4016;"519904";"Standaard";"15-18 m";"12-06-2020";"POINT(4.861339,52.357893)";"POINT(52.357893,4.861339)";4.861339;52.357893;
4017;"526912";"Standaard";"";"12-06-2020";"POINT(4.863252,52.358456)";"POINT(52.358456,4.863252)";4.863252;52.358456;
4018;"_N_123417780000";"Standaard";"12-15 m";"14-06-2020";"POINT(4.975962,52.304413)";"POINT(52.304413,4.975962)";4.975962;52.304413;
4019;"_N_123918592000";"Standaard";"12-15 m";"14-06-2020";"POINT(4.977285,52.303632)";"POINT(52.303632,4.977285)";4.977285;52.303632;
4020;"_N_123928669000";"Standaard";"15-18 m";"14-06-2020";"POINT(4.977501,52.303647)";"POINT(52.303647,4.977501)";4.977501;52.303647;
4021;"_N_124851278000";"Standaard";"15-18 m";"14-06-2020";"POINT(4.975588,52.3055)";"POINT(52.3055,4.975588)";4.975588;52.3055;
4022;"_N_124812478000";"Standaard";"15-18 m";"14-06-2020";"POINT(4.975884,52.305165)";"POINT(52.305165,4.975884)";4.975884;52.305165;
4023;"_N_123941498000";"Standaard";"15-18 m";"14-06-2020";"POINT(4.977487,52.303424)";"POINT(52.303424,4.977487)";4.977487;52.303424;
4024;"_N_124756194000";"Standaard";"15-18 m";"14-06-2020";"POINT(4.975986,52.304968)";"POINT(52.304968,4.975986)";4.975986;52.304968;
4025;"@094301811000";"Standaard";"15-18 m";"14-06-2020";"POINT(4.975406,52.305645)";"POINT(52.305645,4.975406)";4.975406;52.305645;
4026;"_N_124829261000";"Standaard";"15-18 m";"14-06-2020";"POINT(4.975664,52.30529)";"POINT(52.30529,4.975664)";4.975664;52.30529;
4027;"668190";"Standaard";"15-18 m";"14-06-2020";"POINT(4.97546,52.305611)";"POINT(52.305611,4.97546)";4.97546;52.305611;
4028;"_N_133404946000";"Standaard";"12-15 m";"14-06-2020";"POINT(4.976783,52.303549)";"POINT(52.303549,4.976783)";4.976783;52.303549;
4029;"_N_123528615000";"Standaard";"9-12 m";"14-06-2020";"POINT(4.976152,52.304234)";"POINT(52.304234,4.976152)";4.976152;52.304234;
4030;"_N_123605079000";"Standaard";"9-12 m";"14-06-2020";"POINT(4.976393,52.303983)";"POINT(52.303983,4.976393)";4.976393;52.303983;
4031;"_N_123651988000";"Standaard";"9-12 m";"14-06-2020";"POINT(4.976811,52.303679)";"POINT(52.303679,4.976811)";4.976811;52.303679;
4032;"@122610185000";"Standaard";"9-12 m";"14-06-2020";"POINT(4.975136,52.305329)";"POINT(52.305329,4.975136)";4.975136;52.305329;
4033;"_N_132123120000";"Standaard";"9-12 m";"14-06-2020";"POINT(4.976985,52.303498)";"POINT(52.303498,4.976985)";4.976985;52.303498;
4034;"_N_141603878000";"Standaard";"12-15 m";"14-06-2020";"POINT(4.975725,52.304833)";"POINT(52.304833,4.975725)";4.975725;52.304833;
4035;"_N_141854005000";"Standaard";"12-15 m";"14-06-2020";"POINT(4.976019,52.304501)";"POINT(52.304501,4.976019)";4.976019;52.304501;
4036;"_N_123548151000";"Standaard";"12-15 m";"14-06-2020";"POINT(4.976278,52.304112)";"POINT(52.304112,4.976278)";4.976278;52.304112;
4037;"_N_123809846000";"Standaard";"12-15 m";"14-06-2020";"POINT(4.977181,52.303189)";"POINT(52.303189,4.977181)";4.977181;52.303189;
4038;"561364";"Standaard";"12-15 m";"01-07-2020";"POINT(4.946677,52.325758)";"POINT(52.325758,4.946677)";4.946677;52.325758;
4039;"535256";"Standaard";"9-12 m";"01-07-2020";"POINT(4.945163,52.316197)";"POINT(52.316197,4.945163)";4.945163;52.316197;
4040;"66827108";"Standaard";"18-24 m";"01-07-2020";"POINT(4.823777,52.32097)";"POINT(52.32097,4.823777)";4.823777;52.32097;
4041;"66827110";"Standaard";"18-24 m";"01-07-2020";"POINT(4.823833,52.320818)";"POINT(52.320818,4.823833)";4.823833;52.320818;
4042;"66827111";"Standaard";"18-24 m";"01-07-2020";"POINT(4.823977,52.320777)";"POINT(52.320777,4.823977)";4.823977;52.320777;
4043;"66827112";"Standaard";"18-24 m";"01-07-2020";"POINT(4.823971,52.320649)";"POINT(52.320649,4.823971)";4.823971;52.320649;
4044;"66827114";"Standaard";"18-24 m";"01-07-2020";"POINT(4.823827,52.320595)";"POINT(52.320595,4.823827)";4.823827;52.320595;
4045;"66827115";"Standaard";"18-24 m";"01-07-2020";"POINT(4.823819,52.320709)";"POINT(52.320709,4.823819)";4.823819;52.320709;
4046;"6682678";"Standaard";"6-9 m";"01-07-2020";"POINT(4.983108,52.301065)";"POINT(52.301065,4.983108)";4.983108;52.301065;
4047;"6682676";"Standaard";"6-9 m";"01-07-2020";"POINT(4.983568,52.301061)";"POINT(52.301061,4.983568)";4.983568;52.301061;
4048;"_N_141705042000";"Standaard";"12-15 m";"14-06-2020";"POINT(4.975834,52.304709)";"POINT(52.304709,4.975834)";4.975834;52.304709;
4049;"_N_123557729000";"Standaard";"12-15 m";"14-06-2020";"POINT(4.976556,52.303953)";"POINT(52.303953,4.976556)";4.976556;52.303953;
4050;"603875";"Standaard";"9-12 m";"01-07-2020";"POINT(4.952136,52.329792)";"POINT(52.329792,4.952136)";4.952136;52.329792;
4051;"603863";"Standaard";"9-12 m";"01-07-2020";"POINT(4.951576,52.329548)";"POINT(52.329548,4.951576)";4.951576;52.329548;
4052;"536801";"Standaard";"12-15 m";"01-07-2020";"POINT(4.958193,52.321506)";"POINT(52.321506,4.958193)";4.958193;52.321506;
4053;"603877";"Standaard";"9-12 m";"01-07-2020";"POINT(4.952061,52.329872)";"POINT(52.329872,4.952061)";4.952061;52.329872;
4054;"603864";"Standaard";"9-12 m";"01-07-2020";"POINT(4.951509,52.329622)";"POINT(52.329622,4.951509)";4.951509;52.329622;
4055;"454186";"Standaard";"15-18 m";"01-07-2020";"POINT(4.916416,52.32923)";"POINT(52.32923,4.916416)";4.916416;52.32923;
4056;"454199";"Standaard";"15-18 m";"01-07-2020";"POINT(4.915877,52.329759)";"POINT(52.329759,4.915877)";4.915877;52.329759;
4057;"454203";"Standaard";"15-18 m";"01-07-2020";"POINT(4.915717,52.329987)";"POINT(52.329987,4.915717)";4.915717;52.329987;
4058;"462837";"Standaard";"15-18 m";"01-07-2020";"POINT(4.915427,52.330225)";"POINT(52.330225,4.915427)";4.915427;52.330225;
4059;"462834";"Standaard";"15-18 m";"01-07-2020";"POINT(4.915813,52.329799)";"POINT(52.329799,4.915813)";4.915813;52.329799;
4060;"462833";"Standaard";"15-18 m";"01-07-2020";"POINT(4.916017,52.329598)";"POINT(52.329598,4.916017)";4.916017;52.329598;
4061;"454197";"Standaard";"15-18 m";"01-07-2020";"POINT(4.915898,52.329801)";"POINT(52.329801,4.915898)";4.915898;52.329801;
4062;"454195";"Standaard";"15-18 m";"01-07-2020";"POINT(4.915969,52.329714)";"POINT(52.329714,4.915969)";4.915969;52.329714;
4063;"454189";"Standaard";"12-15 m";"01-07-2020";"POINT(4.91627,52.329378)";"POINT(52.329378,4.91627)";4.91627;52.329378;
4064;"454200";"Standaard";"15-18 m";"01-07-2020";"POINT(4.915813,52.329896)";"POINT(52.329896,4.915813)";4.915813;52.329896;
4065;"454204";"Standaard";"15-18 m";"01-07-2020";"POINT(4.915577,52.330087)";"POINT(52.330087,4.915577)";4.915577;52.330087;
4066;"454194";"Standaard";"9-12 m";"01-07-2020";"POINT(4.916006,52.329686)";"POINT(52.329686,4.916006)";4.916006;52.329686;
4067;"462832";"Standaard";"9-12 m";"01-07-2020";"POINT(4.916121,52.329555)";"POINT(52.329555,4.916121)";4.916121;52.329555;
4068;"454191";"Standaard";"9-12 m";"01-07-2020";"POINT(4.916242,52.329423)";"POINT(52.329423,4.916242)";4.916242;52.329423;
4069;"454190";"Standaard";"9-12 m";"01-07-2020";"POINT(4.91624,52.329368)";"POINT(52.329368,4.91624)";4.91624;52.329368;
4070;"578886";"Standaard";"15-18 m";"01-07-2020";"POINT(4.891772,52.330969)";"POINT(52.330969,4.891772)";4.891772;52.330969;
4071;"581472";"Standaard";"6-9 m";"01-07-2020";"POINT(4.892651,52.334274)";"POINT(52.334274,4.892651)";4.892651;52.334274;
4072;"T92630";"Standaard";"9-12 m";"01-07-2020";"POINT(4.938405,52.315826)";"POINT(52.315826,4.938405)";4.938405;52.315826;
4073;"595784";"Standaard";"9-12 m";"01-07-2020";"POINT(4.937882,52.30433)";"POINT(52.30433,4.937882)";4.937882;52.30433;
4074;"T95100";"Standaard";"9-12 m";"01-07-2020";"POINT(4.938639,52.315177)";"POINT(52.315177,4.938639)";4.938639;52.315177;
4075;"NT110387";"Standaard";"9-12 m";"01-07-2020";"POINT(4.940046,52.302005)";"POINT(52.302005,4.940046)";4.940046;52.302005;
4076;"NT110412";"Standaard";"9-12 m";"01-07-2020";"POINT(4.940576,52.301395)";"POINT(52.301395,4.940576)";4.940576;52.301395;
4077;"007";"Standaard";"6-9 m";"01-07-2020";"POINT(4.947191,52.303048)";"POINT(52.303048,4.947191)";4.947191;52.303048;
4078;"T92618";"Standaard";"15-18 m";"01-07-2020";"POINT(4.936809,52.314781)";"POINT(52.314781,4.936809)";4.936809;52.314781;
4079;"548745";"Standaard";"9-12 m";"01-07-2020";"POINT(4.947746,52.298449)";"POINT(52.298449,4.947746)";4.947746;52.298449;
4080;"534614";"Standaard";"9-12 m";"01-07-2020";"POINT(4.940546,52.301423)";"POINT(52.301423,4.940546)";4.940546;52.301423;
4081;"534084";"Standaard";"12-15 m";"01-07-2020";"POINT(4.940305,52.302276)";"POINT(52.302276,4.940305)";4.940305;52.302276;
4082;"548748";"Standaard";"9-12 m";"01-07-2020";"POINT(4.947869,52.29835)";"POINT(52.29835,4.947869)";4.947869;52.29835;
4083;"534609";"Standaard";"12-15 m";"01-07-2020";"POINT(4.940609,52.301944)";"POINT(52.301944,4.940609)";4.940609;52.301944;
4084;"595832";"Standaard";"9-12 m";"01-07-2020";"POINT(4.915265,52.322754)";"POINT(52.322754,4.915265)";4.915265;52.322754;
4085;"548763";"Standaard";"12-15 m";"01-07-2020";"POINT(4.950177,52.295824)";"POINT(52.295824,4.950177)";4.950177;52.295824;
4086;"548757";"Standaard";"15-18 m";"01-07-2020";"POINT(4.949582,52.296508)";"POINT(52.296508,4.949582)";4.949582;52.296508;
4087;"548753";"Standaard";"9-12 m";"01-07-2020";"POINT(4.949254,52.296837)";"POINT(52.296837,4.949254)";4.949254;52.296837;
4088;"548752";"Standaard";"9-12 m";"01-07-2020";"POINT(4.949237,52.296938)";"POINT(52.296938,4.949237)";4.949237;52.296938;
4089;"548751";"Standaard";"9-12 m";"01-07-2020";"POINT(4.949034,52.297094)";"POINT(52.297094,4.949034)";4.949034;52.297094;
4090;"548749";"Standaard";"9-12 m";"01-07-2020";"POINT(4.947935,52.298345)";"POINT(52.298345,4.947935)";4.947935;52.298345;
4091;"548746";"Standaard";"9-12 m";"01-07-2020";"POINT(4.947753,52.298512)";"POINT(52.298512,4.947753)";4.947753;52.298512;
4092;"533501";"Standaard";"9-12 m";"01-07-2020";"POINT(4.938376,52.303772)";"POINT(52.303772,4.938376)";4.938376;52.303772;
4093;"534641";"Standaard";"0-6 m";"01-07-2020";"POINT(4.93785,52.304429)";"POINT(52.304429,4.93785)";4.93785;52.304429;
4094;"534613";"Standaard";"9-12 m";"01-07-2020";"POINT(4.9405,52.301475)";"POINT(52.301475,4.9405)";4.9405;52.301475;
4095;"534612";"Standaard";"";"01-07-2020";"POINT(4.940462,52.301521)";"POINT(52.301521,4.940462)";4.940462;52.301521;
4096;"534082";"Standaard";"9-12 m";"01-07-2020";"POINT(4.940037,52.30257)";"POINT(52.30257,4.940037)";4.940037;52.30257;
4097;"534579";"Standaard";"9-12 m";"01-07-2020";"POINT(4.950712,52.307118)";"POINT(52.307118,4.950712)";4.950712;52.307118;
4098;"534578";"Standaard";"15-18 m";"01-07-2020";"POINT(4.950763,52.307093)";"POINT(52.307093,4.950763)";4.950763;52.307093;
4099;"534305";"Standaard";"9-12 m";"01-07-2020";"POINT(4.940186,52.30182)";"POINT(52.30182,4.940186)";4.940186;52.30182;
4100;"534302";"Standaard";"9-12 m";"01-07-2020";"POINT(4.940151,52.301879)";"POINT(52.301879,4.940151)";4.940151;52.301879;
4101;"534283";"Standaard";"9-12 m";"01-07-2020";"POINT(4.939497,52.303163)";"POINT(52.303163,4.939497)";4.939497;52.303163;
4102;"534233";"Standaard";"9-12 m";"01-07-2020";"POINT(4.950611,52.307331)";"POINT(52.307331,4.950611)";4.950611;52.307331;
4103;"534232";"Standaard";"15-18 m";"01-07-2020";"POINT(4.950515,52.307402)";"POINT(52.307402,4.950515)";4.950515;52.307402;
4104;"560895";"Standaard";"9-12 m";"01-07-2020";"POINT(4.915339,52.322778)";"POINT(52.322778,4.915339)";4.915339;52.322778;
4105;"548764";"Standaard";"12-15 m";"01-07-2020";"POINT(4.950275,52.295714)";"POINT(52.295714,4.950275)";4.950275;52.295714;
4106;"534155";"Standaard";"9-12 m";"01-07-2020";"POINT(4.941288,52.301191)";"POINT(52.301191,4.941288)";4.941288;52.301191;
4107;"534648";"Standaard";"0-6 m";"01-07-2020";"POINT(4.93804,52.304213)";"POINT(52.304213,4.93804)";4.93804;52.304213;
4108;"534608";"Standaard";"9-12 m";"01-07-2020";"POINT(4.940134,52.302467)";"POINT(52.302467,4.940134)";4.940134;52.302467;
4109;"534085";"Standaard";"9-12 m";"01-07-2020";"POINT(4.940278,52.302309)";"POINT(52.302309,4.940278)";4.940278;52.302309;
4110;"534246";"Standaard";"9-12 m";"01-07-2020";"POINT(4.939787,52.302809)";"POINT(52.302809,4.939787)";4.939787;52.302809;
4111;"534231";"Standaard";"9-12 m";"01-07-2020";"POINT(4.950511,52.307469)";"POINT(52.307469,4.950511)";4.950511;52.307469;
4112;"534581";"Standaard";"9-12 m";"01-07-2020";"POINT(4.950663,52.307192)";"POINT(52.307192,4.950663)";4.950663;52.307192;
4113;"534314";"Standaard";"9-12 m";"01-07-2020";"POINT(4.940414,52.301625)";"POINT(52.301625,4.940414)";4.940414;52.301625;
4114;"600112";"Standaard";"9-12 m";"01-07-2020";"POINT(4.937316,52.305002)";"POINT(52.305002,4.937316)";4.937316;52.305002;
4115;"534615";"Standaard";"15-18 m";"01-07-2020";"POINT(4.940596,52.301363)";"POINT(52.301363,4.940596)";4.940596;52.301363;
4116;"561365";"Standaard";"12-15 m";"01-07-2020";"POINT(4.946614,52.325752)";"POINT(52.325752,4.946614)";4.946614;52.325752;
4117;"535488";"Standaard";"9-12 m";"01-07-2020";"POINT(4.944639,52.316306)";"POINT(52.316306,4.944639)";4.944639;52.316306;
4118;"NT396039";"Standaard";"6-9 m";"01-07-2020";"POINT(4.944756,52.316022)";"POINT(52.316022,4.944756)";4.944756;52.316022;
4119;"534771";"Standaard";"15-18 m";"01-07-2020";"POINT(4.942785,52.322945)";"POINT(52.322945,4.942785)";4.942785;52.322945;
4120;"534769";"Standaard";"15-18 m";"01-07-2020";"POINT(4.943034,52.322792)";"POINT(52.322792,4.943034)";4.943034;52.322792;
4121;"534770";"Standaard";"12-15 m";"01-07-2020";"POINT(4.943066,52.322887)";"POINT(52.322887,4.943066)";4.943066;52.322887;
4122;"T69085";"Standaard";"15-18 m";"02-07-2020";"POINT(4.990386,52.321172)";"POINT(52.321172,4.990386)";4.990386;52.321172;
4123;"_N_125812723000";"Standaard";"12-15 m";"14-06-2020";"POINT(4.976113,52.304371)";"POINT(52.304371,4.976113)";4.976113;52.304371;
4124;"_N_125148630000";"Standaard";"12-15 m";"14-06-2020";"POINT(4.975959,52.304559)";"POINT(52.304559,4.975959)";4.975959;52.304559;
4125;"_N_130132677000";"Standaard";"12-15 m";"14-06-2020";"POINT(4.976347,52.30417)";"POINT(52.30417,4.976347)";4.976347;52.30417;
4126;"_N_130425619000";"Standaard";"12-15 m";"14-06-2020";"POINT(4.976478,52.304035)";"POINT(52.304035,4.976478)";4.976478;52.304035;
4127;"_N_123845328000";"Standaard";"12-15 m";"14-06-2020";"POINT(4.975531,52.305056)";"POINT(52.305056,4.975531)";4.975531;52.305056;
4128;"@094227056000";"Standaard";"12-15 m";"14-06-2020";"POINT(4.974925,52.305693)";"POINT(52.305693,4.974925)";4.974925;52.305693;
4129;"550419";"Standaard";"9-12 m";"14-06-2020";"POINT(4.972783,52.303031)";"POINT(52.303031,4.972783)";4.972783;52.303031;
4130;"_N_141105585000";"Standaard";"18-24 m";"14-06-2020";"POINT(4.975006,52.305294)";"POINT(52.305294,4.975006)";4.975006;52.305294;
4131;"_N_141759453000";"Standaard";"12-15 m";"14-06-2020";"POINT(4.975927,52.304604)";"POINT(52.304604,4.975927)";4.975927;52.304604;
4132;"_N_123033102000";"Standaard";"15-18 m";"14-06-2020";"POINT(4.977274,52.303733)";"POINT(52.303733,4.977274)";4.977274;52.303733;
4133;"_N_123229976000";"Standaard";"15-18 m";"14-06-2020";"POINT(4.977364,52.303684)";"POINT(52.303684,4.977364)";4.977364;52.303684;
4134;"_N_123410005000";"Standaard";"12-15 m";"14-06-2020";"POINT(4.976112,52.304411)";"POINT(52.304411,4.976112)";4.976112;52.304411;
4135;"_N_123426833000";"Standaard";"12-15 m";"14-06-2020";"POINT(4.976209,52.304314)";"POINT(52.304314,4.976209)";4.976209;52.304314;
4136;"_N_123437815000";"Standaard";"12-15 m";"14-06-2020";"POINT(4.976065,52.304307)";"POINT(52.304307,4.976065)";4.976065;52.304307;
4137;"_N_123519840000";"Standaard";"12-15 m";"14-06-2020";"POINT(4.976313,52.304207)";"POINT(52.304207,4.976313)";4.976313;52.304207;
4138;"_N_123616239000";"Standaard";"12-15 m";"14-06-2020";"POINT(4.976668,52.303826)";"POINT(52.303826,4.976668)";4.976668;52.303826;
4139;"_N_123711426000";"Standaard";"12-15 m";"14-06-2020";"POINT(4.976926,52.303544)";"POINT(52.303544,4.976926)";4.976926;52.303544;
4140;"_N_123719809000";"Standaard";"12-15 m";"14-06-2020";"POINT(4.976748,52.303587)";"POINT(52.303587,4.976748)";4.976748;52.303587;
4141;"_N_123729556000";"Standaard";"12-15 m";"14-06-2020";"POINT(4.97706,52.303423)";"POINT(52.303423,4.97706)";4.97706;52.303423;
4142;"_N_123855240000";"Standaard";"12-15 m";"14-06-2020";"POINT(4.977084,52.303875)";"POINT(52.303875,4.977084)";4.977084;52.303875;
4143;"_N_123903234000";"Standaard";"12-15 m";"14-06-2020";"POINT(4.977076,52.303783)";"POINT(52.303783,4.977076)";4.977076;52.303783;
4144;"_N_123949001000";"Standaard";"12-15 m";"14-06-2020";"POINT(4.977494,52.30354)";"POINT(52.30354,4.977494)";4.977494;52.30354;
4145;"_N_122123595000";"Standaard";"15-18 m";"14-06-2020";"POINT(4.976253,52.304283)";"POINT(52.304283,4.976253)";4.976253;52.304283;
4146;"_N_122132525000";"Standaard";"15-18 m";"14-06-2020";"POINT(4.976082,52.304453)";"POINT(52.304453,4.976082)";4.976082;52.304453;
4147;"_N_130623043000";"Standaard";"12-15 m";"14-06-2020";"POINT(4.976527,52.30397)";"POINT(52.30397,4.976527)";4.976527;52.30397;
4148;"_N_131524662000";"Standaard";"12-15 m";"14-06-2020";"POINT(4.976739,52.303776)";"POINT(52.303776,4.976739)";4.976739;52.303776;
4149;"_N_125523168000";"Standaard";"12-15 m";"14-06-2020";"POINT(4.97604,52.304481)";"POINT(52.304481,4.97604)";4.97604;52.304481;
4150;"66826999";"Standaard";"18-24 m";"02-07-2020";"POINT(4.819179,52.31571)";"POINT(52.31571,4.819179)";4.819179;52.31571;
4151;"6682143_d4";"Standaard";"18-24 m";"02-07-2020";"POINT(4.819273,52.315681)";"POINT(52.315681,4.819273)";4.819273;52.315681;
4152;"596426";"Standaard";"6-9 m";"02-07-2020";"POINT(4.964956,52.309461)";"POINT(52.309461,4.964956)";4.964956;52.309461;
4153;"_N_105754070000";"Standaard";"18-24 m";"02-07-2020";"POINT(4.821778,52.311738)";"POINT(52.311738,4.821778)";4.821778;52.311738;
4154;"667023";"Standaard";">24 m";"02-07-2020";"POINT(4.820444,52.312421)";"POINT(52.312421,4.820444)";4.820444;52.312421;
4155;"667329";"Standaard";"18-24 m";"02-07-2020";"POINT(4.825132,52.314559)";"POINT(52.314559,4.825132)";4.825132;52.314559;
4156;"667028";"Standaard";"15-18 m";"02-07-2020";"POINT(4.826867,52.314386)";"POINT(52.314386,4.826867)";4.826867;52.314386;
4157;"667030";"Standaard";"18-24 m";"02-07-2020";"POINT(4.828549,52.314189)";"POINT(52.314189,4.828549)";4.828549;52.314189;
4158;"667274";"Standaard";"18-24 m";"02-07-2020";"POINT(4.828341,52.314285)";"POINT(52.314285,4.828341)";4.828341;52.314285;
4159;"667275";"Standaard";"18-24 m";"02-07-2020";"POINT(4.828036,52.314289)";"POINT(52.314289,4.828036)";4.828036;52.314289;
4160;"667335";"Standaard";"18-24 m";"02-07-2020";"POINT(4.827862,52.314217)";"POINT(52.314217,4.827862)";4.827862;52.314217;
4161;"667951";"Standaard";"18-24 m";"02-07-2020";"POINT(4.825878,52.314267)";"POINT(52.314267,4.825878)";4.825878;52.314267;
4162;"667952";"Standaard";"18-24 m";"02-07-2020";"POINT(4.828023,52.314224)";"POINT(52.314224,4.828023)";4.828023;52.314224;
4163;"AMBO91815";"Standaard";"18-24 m";"02-07-2020";"POINT(4.821832,52.311518)";"POINT(52.311518,4.821832)";4.821832;52.311518;
4164;"667353";"Standaard";"18-24 m";"02-07-2020";"POINT(4.821635,52.310918)";"POINT(52.310918,4.821635)";4.821635;52.310918;
4165;"6682196";"Standaard";"18-24 m";"02-07-2020";"POINT(4.820994,52.311836)";"POINT(52.311836,4.820994)";4.820994;52.311836;
4166;"6682197";"Standaard";"18-24 m";"02-07-2020";"POINT(4.821249,52.311804)";"POINT(52.311804,4.821249)";4.821249;52.311804;
4167;"6682202";"Standaard";"18-24 m";"02-07-2020";"POINT(4.821536,52.31178)";"POINT(52.31178,4.821536)";4.821536;52.31178;
4168;"6682203";"Standaard";"18-24 m";"02-07-2020";"POINT(4.82161,52.311776)";"POINT(52.311776,4.82161)";4.82161;52.311776;
4169;"6682204";"Standaard";"18-24 m";"02-07-2020";"POINT(4.821663,52.311746)";"POINT(52.311746,4.821663)";4.821663;52.311746;
4170;"6682208";"Standaard";"18-24 m";"02-07-2020";"POINT(4.821871,52.311593)";"POINT(52.311593,4.821871)";4.821871;52.311593;
4171;"6682210";"Standaard";"18-24 m";"02-07-2020";"POINT(4.821863,52.311536)";"POINT(52.311536,4.821863)";4.821863;52.311536;
4172;"6682226";"Standaard";"18-24 m";"02-07-2020";"POINT(4.82118,52.310961)";"POINT(52.310961,4.82118)";4.82118;52.310961;
4173;"NAMBO146389";"Standaard";"18-24 m";"02-07-2020";"POINT(4.821299,52.311788)";"POINT(52.311788,4.821299)";4.821299;52.311788;
4174;"6682199";"Standaard";"18-24 m";"02-07-2020";"POINT(4.821461,52.311771)";"POINT(52.311771,4.821461)";4.821461;52.311771;
4175;"6682213";"Standaard";"18-24 m";"02-07-2020";"POINT(4.821805,52.31136)";"POINT(52.31136,4.821805)";4.821805;52.31136;
4176;"AMBO91814";"Standaard";"12-15 m";"02-07-2020";"POINT(4.821094,52.311817)";"POINT(52.311817,4.821094)";4.821094;52.311817;
4177;"6682212";"Standaard";"18-24 m";"02-07-2020";"POINT(4.821808,52.311384)";"POINT(52.311384,4.821808)";4.821808;52.311384;
4178;"667355";"Standaard";"18-24 m";"02-07-2020";"POINT(4.8206,52.311063)";"POINT(52.311063,4.8206)";4.8206;52.311063;
4179;"6682238";"Standaard";"18-24 m";"02-07-2020";"POINT(4.8206,52.311016)";"POINT(52.311016,4.8206)";4.8206;52.311016;
4180;"6682247";"Standaard";"18-24 m";"02-07-2020";"POINT(4.821168,52.311003)";"POINT(52.311003,4.821168)";4.821168;52.311003;
4181;"6682248";"Standaard";"18-24 m";"02-07-2020";"POINT(4.82116,52.310974)";"POINT(52.310974,4.82116)";4.82116;52.310974;
4182;"66826543";"Standaard";"12-15 m";"02-07-2020";"POINT(4.831901,52.296952)";"POINT(52.296952,4.831901)";4.831901;52.296952;
4183;"667953";"Standaard";"18-24 m";"02-07-2020";"POINT(4.820198,52.312227)";"POINT(52.312227,4.820198)";4.820198;52.312227;
4184;"667954";"Standaard";"18-24 m";"02-07-2020";"POINT(4.820284,52.312381)";"POINT(52.312381,4.820284)";4.820284;52.312381;
4185;"667955";"Standaard";"18-24 m";"02-07-2020";"POINT(4.820292,52.312307)";"POINT(52.312307,4.820292)";4.820292;52.312307;
4186;"667328_d0";"Standaard";"18-24 m";"02-07-2020";"POINT(4.821599,52.314561)";"POINT(52.314561,4.821599)";4.821599;52.314561;
4187;"NAMBO145560_d1";"Standaard";"15-18 m";"02-07-2020";"POINT(4.825179,52.314505)";"POINT(52.314505,4.825179)";4.825179;52.314505;
4188;"667334";"Standaard";"18-24 m";"02-07-2020";"POINT(4.827769,52.314334)";"POINT(52.314334,4.827769)";4.827769;52.314334;
4189;"667338";"Standaard";"15-18 m";"02-07-2020";"POINT(4.829534,52.3143)";"POINT(52.3143,4.829534)";4.829534;52.3143;
4190;"667339";"Standaard";"15-18 m";"02-07-2020";"POINT(4.829748,52.314381)";"POINT(52.314381,4.829748)";4.829748;52.314381;
4191;"NAMBO147065";"Standaard";"18-24 m";"02-07-2020";"POINT(4.831107,52.29747)";"POINT(52.29747,4.831107)";4.831107;52.29747;
4192;"6682201";"Standaard";"18-24 m";"02-07-2020";"POINT(4.821564,52.311765)";"POINT(52.311765,4.821564)";4.821564;52.311765;
4193;"6682198";"Standaard";"18-24 m";"02-07-2020";"POINT(4.821376,52.31178)";"POINT(52.31178,4.821376)";4.821376;52.31178;
4194;"6682200";"Standaard";"18-24 m";"02-07-2020";"POINT(4.821523,52.311757)";"POINT(52.311757,4.821523)";4.821523;52.311757;
4195;"6682211";"Standaard";"18-24 m";"02-07-2020";"POINT(4.821816,52.311415)";"POINT(52.311415,4.821816)";4.821816;52.311415;
4196;"6682209";"Standaard";"18-24 m";"02-07-2020";"POINT(4.821861,52.31156)";"POINT(52.31156,4.821861)";4.821861;52.31156;
4197;"NAMBO145561";"Standaard";"18-24 m";"02-07-2020";"POINT(4.822059,52.314533)";"POINT(52.314533,4.822059)";4.822059;52.314533;
4198;"NAMBO146397";"Standaard";"15-18 m";"02-07-2020";"POINT(4.822166,52.310629)";"POINT(52.310629,4.822166)";4.822166;52.310629;
4199;"NAMBO146401";"Standaard";"15-18 m";"02-07-2020";"POINT(4.822443,52.310427)";"POINT(52.310427,4.822443)";4.822443;52.310427;
4200;"6682597";"Standaard";"18-24 m";"02-07-2020";"POINT(4.82198,52.310742)";"POINT(52.310742,4.82198)";4.82198;52.310742;
4201;"667273";"Standaard";"18-24 m";"02-07-2020";"POINT(4.828609,52.31438)";"POINT(52.31438,4.828609)";4.828609;52.31438;
4202;"667276";"Standaard";"18-24 m";"02-07-2020";"POINT(4.827649,52.314309)";"POINT(52.314309,4.827649)";4.827649;52.314309;
4203;"NAMBO146515";"Standaard";"15-18 m";"02-07-2020";"POINT(4.829686,52.314338)";"POINT(52.314338,4.829686)";4.829686;52.314338;
4204;"NAMBO147214";"Standaard";"";"02-07-2020";"POINT(4.828091,52.314445)";"POINT(52.314445,4.828091)";4.828091;52.314445;
4205;"667029";"Standaard";"18-24 m";"02-07-2020";"POINT(4.827636,52.31429)";"POINT(52.31429,4.827636)";4.827636;52.31429;
4206;"667336";"Standaard";"15-18 m";"02-07-2020";"POINT(4.828661,52.314289)";"POINT(52.314289,4.828661)";4.828661;52.314289;
4207;"667337";"Standaard";"15-18 m";"02-07-2020";"POINT(4.828406,52.314476)";"POINT(52.314476,4.828406)";4.828406;52.314476;
4208;"667340";"Standaard";"15-18 m";"02-07-2020";"POINT(4.829507,52.31441)";"POINT(52.31441,4.829507)";4.829507;52.31441;
4209;"337686";"Standaard";"15-18 m";"02-07-2020";"POINT(4.824002,52.314139)";"POINT(52.314139,4.824002)";4.824002;52.314139;
4210;"337630";"Standaard";"18-24 m";"02-07-2020";"POINT(4.821991,52.314519)";"POINT(52.314519,4.821991)";4.821991;52.314519;
4211;"337628_d2";"Standaard";"18-24 m";"02-07-2020";"POINT(4.825183,52.31444)";"POINT(52.31444,4.825183)";4.825183;52.31444;
4212;"66826645";"Standaard";"12-15 m";"02-07-2020";"POINT(4.831786,52.297117)";"POINT(52.297117,4.831786)";4.831786;52.297117;
4213;"66827150";"Standaard";"18-24 m";"02-07-2020";"POINT(4.821543,52.313151)";"POINT(52.313151,4.821543)";4.821543;52.313151;
4214;"66827151";"Standaard";"18-24 m";"02-07-2020";"POINT(4.821511,52.312952)";"POINT(52.312952,4.821511)";4.821511;52.312952;
4215;"66827152";"Standaard";"18-24 m";"02-07-2020";"POINT(4.821326,52.313029)";"POINT(52.313029,4.821326)";4.821326;52.313029;
4216;"66827153";"Standaard";"18-24 m";"02-07-2020";"POINT(4.821358,52.312957)";"POINT(52.312957,4.821358)";4.821358;52.312957;
4217;"66827154";"Standaard";"18-24 m";"02-07-2020";"POINT(4.821605,52.313142)";"POINT(52.313142,4.821605)";4.821605;52.313142;
4218;"66827156";"Standaard";"18-24 m";"02-07-2020";"POINT(4.821402,52.313086)";"POINT(52.313086,4.821402)";4.821402;52.313086;
4219;"66827157";"Standaard";"18-24 m";"02-07-2020";"POINT(4.821366,52.313203)";"POINT(52.313203,4.821366)";4.821366;52.313203;
4220;"66827159";"Standaard";"18-24 m";"02-07-2020";"POINT(4.821581,52.313261)";"POINT(52.313261,4.821581)";4.821581;52.313261;
4221;"66827166";"Standaard";"18-24 m";"02-07-2020";"POINT(4.831334,52.297243)";"POINT(52.297243,4.831334)";4.831334;52.297243;
4222;"66827167";"Standaard";"18-24 m";"02-07-2020";"POINT(4.831487,52.297042)";"POINT(52.297042,4.831487)";4.831487;52.297042;
4223;"66827168";"Standaard";"18-24 m";"02-07-2020";"POINT(4.831514,52.296941)";"POINT(52.296941,4.831514)";4.831514;52.296941;
4224;"66827169";"Standaard";"12-15 m";"02-07-2020";"POINT(4.83162,52.297161)";"POINT(52.297161,4.83162)";4.83162;52.297161;
4225;"66827170";"Standaard";"12-15 m";"02-07-2020";"POINT(4.821673,52.314388)";"POINT(52.314388,4.821673)";4.821673;52.314388;
4226;"66827172";"Standaard";"12-15 m";"02-07-2020";"POINT(4.821464,52.314429)";"POINT(52.314429,4.821464)";4.821464;52.314429;
4227;"66827173";"Standaard";"12-15 m";"02-07-2020";"POINT(4.82158,52.314531)";"POINT(52.314531,4.82158)";4.82158;52.314531;
4228;"66827174";"Standaard";"12-15 m";"02-07-2020";"POINT(4.821516,52.314466)";"POINT(52.314466,4.821516)";4.821516;52.314466;
4229;"66827175";"Standaard";"12-15 m";"02-07-2020";"POINT(4.821621,52.314464)";"POINT(52.314464,4.821621)";4.821621;52.314464;
4230;"66827177";"Standaard";"18-24 m";"02-07-2020";"POINT(4.825327,52.314364)";"POINT(52.314364,4.825327)";4.825327;52.314364;
4231;"66827178";"Standaard";"18-24 m";"02-07-2020";"POINT(4.825463,52.314367)";"POINT(52.314367,4.825463)";4.825463;52.314367;
4232;"66827179";"Standaard";"18-24 m";"02-07-2020";"POINT(4.825415,52.314385)";"POINT(52.314385,4.825415)";4.825415;52.314385;
4233;"66827180";"Standaard";"18-24 m";"02-07-2020";"POINT(4.825513,52.314402)";"POINT(52.314402,4.825513)";4.825513;52.314402;
4234;"66827183";"Standaard";"18-24 m";"02-07-2020";"POINT(4.825608,52.314462)";"POINT(52.314462,4.825608)";4.825608;52.314462;
4235;"66827186";"Standaard";"18-24 m";"02-07-2020";"POINT(4.825866,52.31453)";"POINT(52.31453,4.825866)";4.825866;52.31453;
4236;"66827187";"Standaard";"18-24 m";"02-07-2020";"POINT(4.825841,52.314276)";"POINT(52.314276,4.825841)";4.825841;52.314276;
4237;"66827188";"Standaard";"15-18 m";"02-07-2020";"POINT(4.826744,52.314439)";"POINT(52.314439,4.826744)";4.826744;52.314439;
4238;"66827189";"Standaard";"15-18 m";"02-07-2020";"POINT(4.827164,52.314403)";"POINT(52.314403,4.827164)";4.827164;52.314403;
4239;"66827191";"Standaard";"15-18 m";"02-07-2020";"POINT(4.827523,52.314577)";"POINT(52.314577,4.827523)";4.827523;52.314577;
4240;"66827192";"Standaard";"18-24 m";"02-07-2020";"POINT(4.822364,52.310383)";"POINT(52.310383,4.822364)";4.822364;52.310383;
4241;"66827193";"Standaard";"18-24 m";"02-07-2020";"POINT(4.822317,52.310327)";"POINT(52.310327,4.822317)";4.822317;52.310327;
4242;"66827195";"Standaard";"18-24 m";"02-07-2020";"POINT(4.823107,52.310646)";"POINT(52.310646,4.823107)";4.823107;52.310646;
4243;"66827196";"Standaard";"18-24 m";"02-07-2020";"POINT(4.822905,52.311299)";"POINT(52.311299,4.822905)";4.822905;52.311299;
4244;"66827197";"Standaard";"18-24 m";"02-07-2020";"POINT(4.823338,52.311334)";"POINT(52.311334,4.823338)";4.823338;52.311334;
4245;"66827198";"Standaard";"18-24 m";"02-07-2020";"POINT(4.823373,52.311307)";"POINT(52.311307,4.823373)";4.823373;52.311307;
4246;"66827199";"Standaard";"18-24 m";"02-07-2020";"POINT(4.823453,52.311232)";"POINT(52.311232,4.823453)";4.823453;52.311232;
4247;"66827200";"Standaard";"18-24 m";"02-07-2020";"POINT(4.826867,52.311886)";"POINT(52.311886,4.826867)";4.826867;52.311886;
4248;"66827203";"Standaard";"18-24 m";"02-07-2020";"POINT(4.82681,52.311726)";"POINT(52.311726,4.82681)";4.82681;52.311726;
4249;"66827207";"Standaard";"18-24 m";"02-07-2020";"POINT(4.826796,52.31151)";"POINT(52.31151,4.826796)";4.826796;52.31151;
4250;"66827208";"Standaard";"18-24 m";"02-07-2020";"POINT(4.826689,52.311553)";"POINT(52.311553,4.826689)";4.826689;52.311553;
4251;"66827209";"Standaard";"18-24 m";"02-07-2020";"POINT(4.826716,52.311507)";"POINT(52.311507,4.826716)";4.826716;52.311507;
4252;"66827210";"Standaard";"18-24 m";"02-07-2020";"POINT(4.826751,52.311459)";"POINT(52.311459,4.826751)";4.826751;52.311459;
4253;"66827213";"Standaard";"18-24 m";"02-07-2020";"POINT(4.826824,52.311304)";"POINT(52.311304,4.826824)";4.826824;52.311304;
4254;"66827214";"Standaard";"18-24 m";"02-07-2020";"POINT(4.826673,52.311318)";"POINT(52.311318,4.826673)";4.826673;52.311318;
4255;"66827215";"Standaard";"18-24 m";"02-07-2020";"POINT(4.826847,52.31124)";"POINT(52.31124,4.826847)";4.826847;52.31124;
4256;"66827221";"Standaard";"18-24 m";"02-07-2020";"POINT(4.827112,52.310622)";"POINT(52.310622,4.827112)";4.827112;52.310622;
4257;"66827222";"Standaard";"18-24 m";"02-07-2020";"POINT(4.827039,52.310678)";"POINT(52.310678,4.827039)";4.827039;52.310678;
4258;"536929";"Standaard";"18-24 m";"02-07-2020";"POINT(4.952594,52.321441)";"POINT(52.321441,4.952594)";4.952594;52.321441;
4259;"595039";"Standaard";"15-18 m";"02-07-2020";"POINT(4.952203,52.319202)";"POINT(52.319202,4.952203)";4.952203;52.319202;
4260;"594425";"Standaard";"15-18 m";"02-07-2020";"POINT(4.958389,52.312917)";"POINT(52.312917,4.958389)";4.958389;52.312917;
4261;"537793";"Standaard";"6-9 m";"02-07-2020";"POINT(4.9479,52.320857)";"POINT(52.320857,4.9479)";4.9479;52.320857;
4262;"538970";"Standaard";"18-24 m";"02-07-2020";"POINT(4.956008,52.313558)";"POINT(52.313558,4.956008)";4.956008;52.313558;
4263;"1548825";"Standaard";"12-15 m";"02-07-2020";"POINT(4.958774,52.316334)";"POINT(52.316334,4.958774)";4.958774;52.316334;
4264;"500587";"Standaard";"12-15 m";"01-07-2020";"POINT(4.867951,52.381574)";"POINT(52.381574,4.867951)";4.867951;52.381574;
4265;"541834";"Standaard";"18-24 m";"01-07-2020";"POINT(4.978138,52.321734)";"POINT(52.321734,4.978138)";4.978138;52.321734;
4266;"66827133";"Standaard";"12-15 m";"01-07-2020";"POINT(4.770908,52.388676)";"POINT(52.388676,4.770908)";4.770908;52.388676;
4267;"66827134";"Standaard";"12-15 m";"01-07-2020";"POINT(4.770776,52.388473)";"POINT(52.388473,4.770776)";4.770776;52.388473;
4268;"66827135";"Standaard";"12-15 m";"01-07-2020";"POINT(4.770763,52.386918)";"POINT(52.386918,4.770763)";4.770763;52.386918;
4269;"66827136";"Standaard";"12-15 m";"01-07-2020";"POINT(4.769827,52.385262)";"POINT(52.385262,4.769827)";4.769827;52.385262;
4270;"66827137";"Standaard";"12-15 m";"01-07-2020";"POINT(4.772443,52.386489)";"POINT(52.386489,4.772443)";4.772443;52.386489;
4271;"NN0013";"Standaard";"12-15 m";"11-06-2020";"POINT(4.933005,52.408614)";"POINT(52.408614,4.933005)";4.933005;52.408614;
4272;"NAMBO145657_d25_d1";"Standaard";"18-24 m";"11-06-2020";"POINT(4.821335,52.293575)";"POINT(52.293575,4.821335)";4.821335;52.293575;
4273;"NAMBO145659_d29_d3";"Standaard";"18-24 m";"11-06-2020";"POINT(4.821422,52.293482)";"POINT(52.293482,4.821422)";4.821422;52.293482;
4274;"NAMBO145639_d3_d4";"Standaard";"18-24 m";"11-06-2020";"POINT(4.821572,52.293316)";"POINT(52.293316,4.821572)";4.821572;52.293316;
4275;"AMBO91674_d30_d6";"Standaard";"12-15 m";"11-06-2020";"POINT(4.82189,52.292981)";"POINT(52.292981,4.82189)";4.82189;52.292981;
4276;"NAMBO145655_d54_d10";"Standaard";"18-24 m";"11-06-2020";"POINT(4.821242,52.293676)";"POINT(52.293676,4.821242)";4.821242;52.293676;
4277;"GGD006_d72_d12";"Standaard";"18-24 m";"11-06-2020";"POINT(4.821546,52.293347)";"POINT(52.293347,4.821546)";4.821546;52.293347;
4278;"549245";"Standaard";"15-18 m";"11-06-2020";"POINT(4.961415,52.295163)";"POINT(52.295163,4.961415)";4.961415;52.295163;
4279;"549568";"Standaard";"15-18 m";"11-06-2020";"POINT(4.961606,52.295108)";"POINT(52.295108,4.961606)";4.961606;52.295108;
4280;"549251";"Standaard";"15-18 m";"11-06-2020";"POINT(4.961909,52.294704)";"POINT(52.294704,4.961909)";4.961909;52.294704;
4281;"549196";"Standaard";"12-15 m";"11-06-2020";"POINT(4.963624,52.292969)";"POINT(52.292969,4.963624)";4.963624;52.292969;
4282;"577576";"Standaard";"9-12 m";"11-06-2020";"POINT(4.867615,52.330317)";"POINT(52.330317,4.867615)";4.867615;52.330317;
4283;"567235";"Standaard";"9-12 m";"11-06-2020";"POINT(4.863109,52.329988)";"POINT(52.329988,4.863109)";4.863109;52.329988;
4284;"511045";"Standaard";"9-12 m";"11-06-2020";"POINT(4.888055,52.329073)";"POINT(52.329073,4.888055)";4.888055;52.329073;
4285;"591988";"Standaard";"12-15 m";"11-06-2020";"POINT(4.87152,52.326976)";"POINT(52.326976,4.87152)";4.87152;52.326976;
4286;"583091";"Standaard";"9-12 m";"11-06-2020";"POINT(4.86779,52.330319)";"POINT(52.330319,4.86779)";4.86779;52.330319;
4287;"583213";"Standaard";"9-12 m";"11-06-2020";"POINT(4.864562,52.330316)";"POINT(52.330316,4.864562)";4.864562;52.330316;
4288;"583827";"Standaard";"12-15 m";"11-06-2020";"POINT(4.865348,52.330257)";"POINT(52.330257,4.865348)";4.865348;52.330257;
4289;"578096";"Standaard";"9-12 m";"11-06-2020";"POINT(4.863868,52.330231)";"POINT(52.330231,4.863868)";4.863868;52.330231;
4290;"579418";"Standaard";"9-12 m";"11-06-2020";"POINT(4.863491,52.330198)";"POINT(52.330198,4.863491)";4.863491;52.330198;
4291;"511044";"Standaard";"9-12 m";"11-06-2020";"POINT(4.887979,52.329056)";"POINT(52.329056,4.887979)";4.887979;52.329056;
4292;"578778";"Standaard";"15-18 m";"11-06-2020";"POINT(4.866556,52.330238)";"POINT(52.330238,4.866556)";4.866556;52.330238;
4293;"566039";"Standaard";"12-15 m";"11-06-2020";"POINT(4.880661,52.324193)";"POINT(52.324193,4.880661)";4.880661;52.324193;
4294;"561871";"Standaard";"9-12 m";"11-06-2020";"POINT(4.866923,52.329943)";"POINT(52.329943,4.866923)";4.866923;52.329943;
4295;"517388_d1";"Standaard";"9-12 m";"11-06-2020";"POINT(4.887978,52.329056)";"POINT(52.329056,4.887978)";4.887978;52.329056;
4296;"T92449";"Standaard";"18-24 m";"12-06-2020";"POINT(5.015546,52.312283)";"POINT(52.312283,5.015546)";5.015546;52.312283;
4297;"NAMBO145584";"Standaard";"18-24 m";"12-06-2020";"POINT(4.838549,52.308412)";"POINT(52.308412,4.838549)";4.838549;52.308412;
4298;"667556_d9";"Standaard";"18-24 m";"12-06-2020";"POINT(4.838959,52.307902)";"POINT(52.307902,4.838959)";4.838959;52.307902;
4299;"NAMBO145589_d10";"Standaard";"18-24 m";"12-06-2020";"POINT(4.839016,52.307944)";"POINT(52.307944,4.839016)";4.839016;52.307944;
4300;"337754_d12";"Standaard";"18-24 m";"12-06-2020";"POINT(4.838608,52.308387)";"POINT(52.308387,4.838608)";4.838608;52.308387;
4301;"337752_d13";"Standaard";"18-24 m";"12-06-2020";"POINT(4.83872,52.308343)";"POINT(52.308343,4.83872)";4.83872;52.308343;
4302;"337760_d15";"Standaard";"18-24 m";"12-06-2020";"POINT(4.83897,52.307852)";"POINT(52.307852,4.83897)";4.83897;52.307852;
4303;"337758_d17";"Standaard";"18-24 m";"12-06-2020";"POINT(4.839069,52.307791)";"POINT(52.307791,4.839069)";4.839069;52.307791;
4304;"337755_d19";"Standaard";"15-18 m";"12-06-2020";"POINT(4.839052,52.307976)";"POINT(52.307976,4.839052)";4.839052;52.307976;
4305;"337753";"Standaard";"18-24 m";"12-06-2020";"POINT(4.83857,52.308299)";"POINT(52.308299,4.83857)";4.83857;52.308299;
4306;"337751_d20";"Standaard";"18-24 m";"12-06-2020";"POINT(4.838431,52.308374)";"POINT(52.308374,4.838431)";4.838431;52.308374;
4307;"667291";"Standaard";"15-18 m";"12-06-2020";"POINT(4.85493,52.327024)";"POINT(52.327024,4.85493)";4.85493;52.327024;
4308;"AMBO91678_d25";"Standaard";">24 m";"11-06-2020";"POINT(4.824935,52.294004)";"POINT(52.294004,4.824935)";4.824935;52.294004;
4309;"NAMBO147002";"Standaard";">24 m";"11-06-2020";"POINT(4.825281,52.294271)";"POINT(52.294271,4.825281)";4.825281;52.294271;
4310;"AMBO91676_d28";"Standaard";">24 m";"11-06-2020";"POINT(4.824975,52.293965)";"POINT(52.293965,4.824975)";4.824975;52.293965;
4311;"NAMBO145634";"Standaard";"18-24 m";"11-06-2020";"POINT(4.823876,52.293417)";"POINT(52.293417,4.823876)";4.823876;52.293417;
4312;"NAMBO145646";"Standaard";"18-24 m";"11-06-2020";"POINT(4.824893,52.29378)";"POINT(52.29378,4.824893)";4.824893;52.29378;
4313;"NAMBO145644";"Standaard";"18-24 m";"11-06-2020";"POINT(4.824688,52.293708)";"POINT(52.293708,4.824688)";4.824688;52.293708;
4314;"NAMBO145638";"Standaard";"18-24 m";"11-06-2020";"POINT(4.824197,52.293533)";"POINT(52.293533,4.824197)";4.824197;52.293533;
4315;"NAMBO145625";"Standaard";"18-24 m";"11-06-2020";"POINT(4.823163,52.293169)";"POINT(52.293169,4.823163)";4.823163;52.293169;
4316;"NAMBO145624";"Standaard";"18-24 m";"11-06-2020";"POINT(4.823058,52.29313)";"POINT(52.29313,4.823058)";4.823058;52.29313;
4317;"NAMBO145632_d64";"Standaard";"15-18 m";"11-06-2020";"POINT(4.823715,52.29336)";"POINT(52.29336,4.823715)";4.823715;52.29336;
4318;"NAMBO145633";"Standaard";"18-24 m";"11-06-2020";"POINT(4.823791,52.293386)";"POINT(52.293386,4.823791)";4.823791;52.293386;
4319;"366909";"Standaard";"9-12 m";"10-06-2020";"POINT(4.787795,52.377512)";"POINT(52.377512,4.787795)";4.787795;52.377512;
4320;"366900";"Standaard";"9-12 m";"10-06-2020";"POINT(4.787685,52.377704)";"POINT(52.377704,4.787685)";4.787685;52.377704;
4321;"366898";"Standaard";"9-12 m";"10-06-2020";"POINT(4.787739,52.377696)";"POINT(52.377696,4.787739)";4.787739;52.377696;
4322;"366897";"Standaard";"9-12 m";"10-06-2020";"POINT(4.787738,52.37773)";"POINT(52.37773,4.787738)";4.787738;52.37773;
4323;"366896";"Standaard";"9-12 m";"10-06-2020";"POINT(4.787775,52.377715)";"POINT(52.377715,4.787775)";4.787775;52.377715;
4324;"366891";"Standaard";"9-12 m";"10-06-2020";"POINT(4.78778,52.377778)";"POINT(52.377778,4.78778)";4.78778;52.377778;
4325;"366881";"Standaard";"9-12 m";"10-06-2020";"POINT(4.787625,52.379228)";"POINT(52.379228,4.787625)";4.787625;52.379228;
4326;"366874";"Standaard";"9-12 m";"10-06-2020";"POINT(4.787777,52.377868)";"POINT(52.377868,4.787777)";4.787777;52.377868;
4327;"366866";"Standaard";"9-12 m";"10-06-2020";"POINT(4.787699,52.377959)";"POINT(52.377959,4.787699)";4.787699;52.377959;
4328;"366864";"Standaard";"9-12 m";"10-06-2020";"POINT(4.787749,52.378002)";"POINT(52.378002,4.787749)";4.787749;52.378002;
4329;"366857";"Standaard";"9-12 m";"10-06-2020";"POINT(4.78767,52.378273)";"POINT(52.378273,4.78767)";4.78767;52.378273;
4330;"366746";"Standaard";"9-12 m";"10-06-2020";"POINT(4.788445,52.380892)";"POINT(52.380892,4.788445)";4.788445;52.380892;
4331;"366742";"Standaard";"9-12 m";"10-06-2020";"POINT(4.788205,52.380768)";"POINT(52.380768,4.788205)";4.788205;52.380768;
4332;"366738";"Standaard";"9-12 m";"10-06-2020";"POINT(4.788219,52.380667)";"POINT(52.380667,4.788219)";4.788219;52.380667;
4333;"366728";"Standaard";"9-12 m";"10-06-2020";"POINT(4.788229,52.380405)";"POINT(52.380405,4.788229)";4.788229;52.380405;
4334;"366727";"Standaard";"9-12 m";"10-06-2020";"POINT(4.78821,52.380444)";"POINT(52.380444,4.78821)";4.78821;52.380444;
4335;"366726";"Standaard";"9-12 m";"10-06-2020";"POINT(4.788269,52.380338)";"POINT(52.380338,4.788269)";4.788269;52.380338;
4336;"366660";"Standaard";"9-12 m";"10-06-2020";"POINT(4.787514,52.381263)";"POINT(52.381263,4.787514)";4.787514;52.381263;
4337;"366783";"Standaard";"9-12 m";"10-06-2020";"POINT(4.787662,52.379759)";"POINT(52.379759,4.787662)";4.787662;52.379759;
4338;"366779";"Standaard";"9-12 m";"10-06-2020";"POINT(4.787644,52.379848)";"POINT(52.379848,4.787644)";4.787644;52.379848;
4339;"366756";"Standaard";"9-12 m";"10-06-2020";"POINT(4.788279,52.381055)";"POINT(52.381055,4.788279)";4.788279;52.381055;
4340;"366755";"Standaard";"9-12 m";"10-06-2020";"POINT(4.788188,52.380987)";"POINT(52.380987,4.788188)";4.788188;52.380987;
4341;"366894";"Standaard";"9-12 m";"10-06-2020";"POINT(4.787792,52.377808)";"POINT(52.377808,4.787792)";4.787792;52.377808;
4342;"NF154653_d17";"Standaard";"15-18 m";"10-06-2020";"POINT(4.784881,52.376727)";"POINT(52.376727,4.784881)";4.784881;52.376727;
4343;"66826795";"Standaard";"15-18 m";"10-06-2020";"POINT(4.783006,52.376754)";"POINT(52.376754,4.783006)";4.783006;52.376754;
4344;"66826797";"Standaard";"15-18 m";"10-06-2020";"POINT(4.783039,52.376728)";"POINT(52.376728,4.783039)";4.783039;52.376728;
4345;"66826799";"Standaard";"15-18 m";"10-06-2020";"POINT(4.784002,52.376711)";"POINT(52.376711,4.784002)";4.784002;52.376711;
4346;"66826800";"Standaard";"15-18 m";"10-06-2020";"POINT(4.784036,52.376732)";"POINT(52.376732,4.784036)";4.784036;52.376732;
4347;"66826802";"Standaard";"15-18 m";"10-06-2020";"POINT(4.785111,52.376766)";"POINT(52.376766,4.785111)";4.785111;52.376766;
4348;"66826803";"Standaard";"15-18 m";"10-06-2020";"POINT(4.785565,52.376749)";"POINT(52.376749,4.785565)";4.785565;52.376749;
4349;"66826804";"Standaard";"15-18 m";"10-06-2020";"POINT(4.786517,52.376779)";"POINT(52.376779,4.786517)";4.786517;52.376779;
4350;"66826806";"Standaard";"15-18 m";"10-06-2020";"POINT(4.787087,52.37678)";"POINT(52.37678,4.787087)";4.787087;52.37678;
4351;"66826807";"Standaard";"15-18 m";"10-06-2020";"POINT(4.787135,52.37678)";"POINT(52.37678,4.787135)";4.787135;52.37678;
4352;"66826813";"Standaard";"15-18 m";"10-06-2020";"POINT(4.787323,52.376695)";"POINT(52.376695,4.787323)";4.787323;52.376695;
4353;"66826815";"Standaard";"15-18 m";"10-06-2020";"POINT(4.787005,52.376672)";"POINT(52.376672,4.787005)";4.787005;52.376672;
4354;"66826816";"Standaard";"15-18 m";"10-06-2020";"POINT(4.786818,52.376676)";"POINT(52.376676,4.786818)";4.786818;52.376676;
4355;"66826817";"Standaard";"15-18 m";"10-06-2020";"POINT(4.786713,52.376671)";"POINT(52.376671,4.786713)";4.786713;52.376671;
4356;"66826818";"Standaard";"15-18 m";"10-06-2020";"POINT(4.7866,52.376673)";"POINT(52.376673,4.7866)";4.7866;52.376673;
4357;"66826819";"Standaard";"15-18 m";"10-06-2020";"POINT(4.786478,52.376661)";"POINT(52.376661,4.786478)";4.786478;52.376661;
4358;"66826820";"Standaard";"15-18 m";"10-06-2020";"POINT(4.786395,52.376669)";"POINT(52.376669,4.786395)";4.786395;52.376669;
4359;"66826822";"Standaard";"15-18 m";"10-06-2020";"POINT(4.786256,52.376679)";"POINT(52.376679,4.786256)";4.786256;52.376679;
4360;"66826823";"Standaard";"15-18 m";"10-06-2020";"POINT(4.786221,52.376692)";"POINT(52.376692,4.786221)";4.786221;52.376692;
4361;"66826824";"Standaard";"15-18 m";"10-06-2020";"POINT(4.786147,52.376686)";"POINT(52.376686,4.786147)";4.786147;52.376686;
4362;"66826825";"Standaard";"15-18 m";"10-06-2020";"POINT(4.786085,52.376705)";"POINT(52.376705,4.786085)";4.786085;52.376705;
4363;"66826826";"Standaard";"15-18 m";"10-06-2020";"POINT(4.785981,52.376704)";"POINT(52.376704,4.785981)";4.785981;52.376704;
4364;"66826827";"Standaard";"15-18 m";"10-06-2020";"POINT(4.785798,52.37669)";"POINT(52.37669,4.785798)";4.785798;52.37669;
4365;"66826828";"Standaard";"15-18 m";"10-06-2020";"POINT(4.785572,52.376702)";"POINT(52.376702,4.785572)";4.785572;52.376702;
4366;"66826829";"Standaard";"15-18 m";"10-06-2020";"POINT(4.784912,52.376643)";"POINT(52.376643,4.784912)";4.784912;52.376643;
4367;"66826830";"Standaard";"15-18 m";"10-06-2020";"POINT(4.784812,52.376636)";"POINT(52.376636,4.784812)";4.784812;52.376636;
4368;"66826831";"Standaard";"15-18 m";"10-06-2020";"POINT(4.78368,52.376629)";"POINT(52.376629,4.78368)";4.78368;52.376629;
4369;"66826832";"Standaard";"15-18 m";"10-06-2020";"POINT(4.783244,52.37663)";"POINT(52.37663,4.783244)";4.783244;52.37663;
4370;"66826833";"Standaard";"15-18 m";"10-06-2020";"POINT(4.783067,52.376622)";"POINT(52.376622,4.783067)";4.783067;52.376622;
4371;"66826834";"Standaard";"15-18 m";"10-06-2020";"POINT(4.782811,52.37662)";"POINT(52.37662,4.782811)";4.782811;52.37662;
4372;"66826836";"Standaard";"9-12 m";"10-06-2020";"POINT(4.78779,52.377844)";"POINT(52.377844,4.78779)";4.78779;52.377844;
4373;"66826839";"Standaard";"9-12 m";"10-06-2020";"POINT(4.788481,52.377895)";"POINT(52.377895,4.788481)";4.788481;52.377895;
4374;"66826840";"Standaard";"9-12 m";"10-06-2020";"POINT(4.787419,52.381699)";"POINT(52.381699,4.787419)";4.787419;52.381699;
4375;"66826841";"Standaard";"9-12 m";"10-06-2020";"POINT(4.785986,52.381668)";"POINT(52.381668,4.785986)";4.785986;52.381668;
4376;"519261";"Standaard";"18-24 m";"10-06-2020";"POINT(4.874236,52.359838)";"POINT(52.359838,4.874236)";4.874236;52.359838;
4377;"529528";"Standaard";"12-15 m";"10-06-2020";"POINT(4.872109,52.35808)";"POINT(52.35808,4.872109)";4.872109;52.35808;
4378;"520329";"Standaard";"18-24 m";"10-06-2020";"POINT(4.869613,52.359798)";"POINT(52.359798,4.869613)";4.869613;52.359798;
4379;"520486";"Standaard";"18-24 m";"10-06-2020";"POINT(4.866718,52.356366)";"POINT(52.356366,4.866718)";4.866718;52.356366;
4380;"521314";"Standaard";"9-12 m";"10-06-2020";"POINT(4.867378,52.357548)";"POINT(52.357548,4.867378)";4.867378;52.357548;
4381;"519377";"Standaard";"9-12 m";"10-06-2020";"POINT(4.871251,52.357886)";"POINT(52.357886,4.871251)";4.871251;52.357886;
4382;"66826625";"Standaard";"18-24 m";"12-06-2020";"POINT(4.824091,52.317828)";"POINT(52.317828,4.824091)";4.824091;52.317828;
4383;"522044";"Standaard";"18-24 m";"12-06-2020";"POINT(4.864035,52.358174)";"POINT(52.358174,4.864035)";4.864035;52.358174;
4384;"GGD002";"Standaard";"12-15 m";"14-06-2020";"POINT(4.975139,52.305328)";"POINT(52.305328,4.975139)";4.975139;52.305328;
4385;"_N_123911071000";"Standaard";"12-15 m";"14-06-2020";"POINT(4.977289,52.303811)";"POINT(52.303811,4.977289)";4.977289;52.303811;
4386;"_N_123801186000";"Standaard";"12-15 m";"14-06-2020";"POINT(4.977036,52.303323)";"POINT(52.303323,4.977036)";4.977036;52.303323;
4387;"_N_123539952000";"Standaard";"12-15 m";"14-06-2020";"POINT(4.976439,52.30408)";"POINT(52.30408,4.976439)";4.976439;52.30408;
4388;"_N_123751359000";"Standaard";"12-15 m";"14-06-2020";"POINT(4.977197,52.303322)";"POINT(52.303322,4.977197)";4.977197;52.303322;
4389;"667375";"Standaard";"18-24 m";"12-06-2020";"POINT(4.824138,52.316469)";"POINT(52.316469,4.824138)";4.824138;52.316469;
4390;"519739";"Standaard";"15-18 m";"12-06-2020";"POINT(4.863014,52.358299)";"POINT(52.358299,4.863014)";4.863014;52.358299;
4391;"519645";"Standaard";"18-24 m";"12-06-2020";"POINT(4.856349,52.356235)";"POINT(52.356235,4.856349)";4.856349;52.356235;
4392;"521331";"Standaard";"12-15 m";"12-06-2020";"POINT(4.855794,52.355812)";"POINT(52.355812,4.855794)";4.855794;52.355812;
4393;"519904";"Standaard";"15-18 m";"12-06-2020";"POINT(4.861339,52.357893)";"POINT(52.357893,4.861339)";4.861339;52.357893;
4394;"526912";"Standaard";"";"12-06-2020";"POINT(4.863252,52.358456)";"POINT(52.358456,4.863252)";4.863252;52.358456;
4395;"_N_123417780000";"Standaard";"12-15 m";"14-06-2020";"POINT(4.975962,52.304413)";"POINT(52.304413,4.975962)";4.975962;52.304413;
4396;"_N_123918592000";"Standaard";"12-15 m";"14-06-2020";"POINT(4.977285,52.303632)";"POINT(52.303632,4.977285)";4.977285;52.303632;
4397;"_N_123928669000";"Standaard";"15-18 m";"14-06-2020";"POINT(4.977501,52.303647)";"POINT(52.303647,4.977501)";4.977501;52.303647;
4398;"_N_124851278000";"Standaard";"15-18 m";"14-06-2020";"POINT(4.975588,52.3055)";"POINT(52.3055,4.975588)";4.975588;52.3055;
4399;"_N_124812478000";"Standaard";"15-18 m";"14-06-2020";"POINT(4.975884,52.305165)";"POINT(52.305165,4.975884)";4.975884;52.305165;
4400;"_N_123941498000";"Standaard";"15-18 m";"14-06-2020";"POINT(4.977487,52.303424)";"POINT(52.303424,4.977487)";4.977487;52.303424;
4401;"_N_124756194000";"Standaard";"15-18 m";"14-06-2020";"POINT(4.975986,52.304968)";"POINT(52.304968,4.975986)";4.975986;52.304968;
4402;"@094301811000";"Standaard";"15-18 m";"14-06-2020";"POINT(4.975406,52.305645)";"POINT(52.305645,4.975406)";4.975406;52.305645;
4403;"_N_124829261000";"Standaard";"15-18 m";"14-06-2020";"POINT(4.975664,52.30529)";"POINT(52.30529,4.975664)";4.975664;52.30529;
4404;"668190";"Standaard";"15-18 m";"14-06-2020";"POINT(4.97546,52.305611)";"POINT(52.305611,4.97546)";4.97546;52.305611;
4405;"_N_133404946000";"Standaard";"12-15 m";"14-06-2020";"POINT(4.976783,52.303549)";"POINT(52.303549,4.976783)";4.976783;52.303549;
4406;"_N_123528615000";"Standaard";"9-12 m";"14-06-2020";"POINT(4.976152,52.304234)";"POINT(52.304234,4.976152)";4.976152;52.304234;
4407;"_N_123605079000";"Standaard";"9-12 m";"14-06-2020";"POINT(4.976393,52.303983)";"POINT(52.303983,4.976393)";4.976393;52.303983;
4408;"_N_123651988000";"Standaard";"9-12 m";"14-06-2020";"POINT(4.976811,52.303679)";"POINT(52.303679,4.976811)";4.976811;52.303679;
4409;"@122610185000";"Standaard";"9-12 m";"14-06-2020";"POINT(4.975136,52.305329)";"POINT(52.305329,4.975136)";4.975136;52.305329;
4410;"_N_132123120000";"Standaard";"9-12 m";"14-06-2020";"POINT(4.976985,52.303498)";"POINT(52.303498,4.976985)";4.976985;52.303498;
4411;"_N_141603878000";"Standaard";"12-15 m";"14-06-2020";"POINT(4.975725,52.304833)";"POINT(52.304833,4.975725)";4.975725;52.304833;
4412;"_N_141854005000";"Standaard";"12-15 m";"14-06-2020";"POINT(4.976019,52.304501)";"POINT(52.304501,4.976019)";4.976019;52.304501;
4413;"_N_123548151000";"Standaard";"12-15 m";"14-06-2020";"POINT(4.976278,52.304112)";"POINT(52.304112,4.976278)";4.976278;52.304112;
4414;"_N_123809846000";"Standaard";"12-15 m";"14-06-2020";"POINT(4.977181,52.303189)";"POINT(52.303189,4.977181)";4.977181;52.303189;
4415;"_N_141705042000";"Standaard";"12-15 m";"14-06-2020";"POINT(4.975834,52.304709)";"POINT(52.304709,4.975834)";4.975834;52.304709;
4416;"_N_123557729000";"Standaard";"12-15 m";"14-06-2020";"POINT(4.976556,52.303953)";"POINT(52.303953,4.976556)";4.976556;52.303953;
4417;"_N_125812723000";"Standaard";"12-15 m";"14-06-2020";"POINT(4.976113,52.304371)";"POINT(52.304371,4.976113)";4.976113;52.304371;
4418;"_N_125148630000";"Standaard";"12-15 m";"14-06-2020";"POINT(4.975959,52.304559)";"POINT(52.304559,4.975959)";4.975959;52.304559;
4419;"_N_130132677000";"Standaard";"12-15 m";"14-06-2020";"POINT(4.976347,52.30417)";"POINT(52.30417,4.976347)";4.976347;52.30417;
4420;"_N_130425619000";"Standaard";"12-15 m";"14-06-2020";"POINT(4.976478,52.304035)";"POINT(52.304035,4.976478)";4.976478;52.304035;
4421;"_N_123845328000";"Standaard";"12-15 m";"14-06-2020";"POINT(4.975531,52.305056)";"POINT(52.305056,4.975531)";4.975531;52.305056;
4422;"@094227056000";"Standaard";"12-15 m";"14-06-2020";"POINT(4.974925,52.305693)";"POINT(52.305693,4.974925)";4.974925;52.305693;
4423;"550419";"Standaard";"9-12 m";"14-06-2020";"POINT(4.972783,52.303031)";"POINT(52.303031,4.972783)";4.972783;52.303031;
4424;"_N_141105585000";"Standaard";"18-24 m";"14-06-2020";"POINT(4.975006,52.305294)";"POINT(52.305294,4.975006)";4.975006;52.305294;
4425;"_N_141759453000";"Standaard";"12-15 m";"14-06-2020";"POINT(4.975927,52.304604)";"POINT(52.304604,4.975927)";4.975927;52.304604;
4426;"_N_123033102000";"Standaard";"15-18 m";"14-06-2020";"POINT(4.977274,52.303733)";"POINT(52.303733,4.977274)";4.977274;52.303733;
4427;"_N_123229976000";"Standaard";"15-18 m";"14-06-2020";"POINT(4.977364,52.303684)";"POINT(52.303684,4.977364)";4.977364;52.303684;
4428;"_N_123410005000";"Standaard";"12-15 m";"14-06-2020";"POINT(4.976112,52.304411)";"POINT(52.304411,4.976112)";4.976112;52.304411;
4429;"_N_123426833000";"Standaard";"12-15 m";"14-06-2020";"POINT(4.976209,52.304314)";"POINT(52.304314,4.976209)";4.976209;52.304314;
4430;"_N_123437815000";"Standaard";"12-15 m";"14-06-2020";"POINT(4.976065,52.304307)";"POINT(52.304307,4.976065)";4.976065;52.304307;
4431;"_N_123519840000";"Standaard";"12-15 m";"14-06-2020";"POINT(4.976313,52.304207)";"POINT(52.304207,4.976313)";4.976313;52.304207;
4432;"_N_123616239000";"Standaard";"12-15 m";"14-06-2020";"POINT(4.976668,52.303826)";"POINT(52.303826,4.976668)";4.976668;52.303826;
4433;"_N_123711426000";"Standaard";"12-15 m";"14-06-2020";"POINT(4.976926,52.303544)";"POINT(52.303544,4.976926)";4.976926;52.303544;
4434;"_N_123719809000";"Standaard";"12-15 m";"14-06-2020";"POINT(4.976748,52.303587)";"POINT(52.303587,4.976748)";4.976748;52.303587;
4435;"_N_123729556000";"Standaard";"12-15 m";"14-06-2020";"POINT(4.97706,52.303423)";"POINT(52.303423,4.97706)";4.97706;52.303423;
4436;"_N_123855240000";"Standaard";"12-15 m";"14-06-2020";"POINT(4.977084,52.303875)";"POINT(52.303875,4.977084)";4.977084;52.303875;
4437;"_N_123903234000";"Standaard";"12-15 m";"14-06-2020";"POINT(4.977076,52.303783)";"POINT(52.303783,4.977076)";4.977076;52.303783;
4438;"_N_123949001000";"Standaard";"12-15 m";"14-06-2020";"POINT(4.977494,52.30354)";"POINT(52.30354,4.977494)";4.977494;52.30354;
4439;"_N_122123595000";"Standaard";"15-18 m";"14-06-2020";"POINT(4.976253,52.304283)";"POINT(52.304283,4.976253)";4.976253;52.304283;
4440;"_N_122132525000";"Standaard";"15-18 m";"14-06-2020";"POINT(4.976082,52.304453)";"POINT(52.304453,4.976082)";4.976082;52.304453;
4441;"_N_130623043000";"Standaard";"12-15 m";"14-06-2020";"POINT(4.976527,52.30397)";"POINT(52.30397,4.976527)";4.976527;52.30397;
4442;"_N_131524662000";"Standaard";"12-15 m";"14-06-2020";"POINT(4.976739,52.303776)";"POINT(52.303776,4.976739)";4.976739;52.303776;
4443;"_N_125523168000";"Standaard";"12-15 m";"14-06-2020";"POINT(4.97604,52.304481)";"POINT(52.304481,4.97604)";4.97604;52.304481;
4444;"NN0013";"Standaard";"12-15 m";"11-06-2020";"POINT(4.933005,52.408614)";"POINT(52.408614,4.933005)";4.933005;52.408614;
4445;"NAMBO145657_d25_d1";"Standaard";"18-24 m";"11-06-2020";"POINT(4.821335,52.293575)";"POINT(52.293575,4.821335)";4.821335;52.293575;
4446;"NAMBO145659_d29_d3";"Standaard";"18-24 m";"11-06-2020";"POINT(4.821422,52.293482)";"POINT(52.293482,4.821422)";4.821422;52.293482;
4447;"NAMBO145639_d3_d4";"Standaard";"18-24 m";"11-06-2020";"POINT(4.821572,52.293316)";"POINT(52.293316,4.821572)";4.821572;52.293316;
4448;"AMBO91674_d30_d6";"Standaard";"12-15 m";"11-06-2020";"POINT(4.82189,52.292981)";"POINT(52.292981,4.82189)";4.82189;52.292981;
4449;"NAMBO145655_d54_d10";"Standaard";"18-24 m";"11-06-2020";"POINT(4.821242,52.293676)";"POINT(52.293676,4.821242)";4.821242;52.293676;
4450;"GGD006_d72_d12";"Standaard";"18-24 m";"11-06-2020";"POINT(4.821546,52.293347)";"POINT(52.293347,4.821546)";4.821546;52.293347;
4451;"549245";"Standaard";"15-18 m";"11-06-2020";"POINT(4.961415,52.295163)";"POINT(52.295163,4.961415)";4.961415;52.295163;
4452;"549568";"Standaard";"15-18 m";"11-06-2020";"POINT(4.961606,52.295108)";"POINT(52.295108,4.961606)";4.961606;52.295108;
4453;"549251";"Standaard";"15-18 m";"11-06-2020";"POINT(4.961909,52.294704)";"POINT(52.294704,4.961909)";4.961909;52.294704;
4454;"549196";"Standaard";"12-15 m";"11-06-2020";"POINT(4.963624,52.292969)";"POINT(52.292969,4.963624)";4.963624;52.292969;
4455;"577576";"Standaard";"9-12 m";"11-06-2020";"POINT(4.867615,52.330317)";"POINT(52.330317,4.867615)";4.867615;52.330317;
4456;"567235";"Standaard";"9-12 m";"11-06-2020";"POINT(4.863109,52.329988)";"POINT(52.329988,4.863109)";4.863109;52.329988;
4457;"511045";"Standaard";"9-12 m";"11-06-2020";"POINT(4.888055,52.329073)";"POINT(52.329073,4.888055)";4.888055;52.329073;
4458;"591988";"Standaard";"12-15 m";"11-06-2020";"POINT(4.87152,52.326976)";"POINT(52.326976,4.87152)";4.87152;52.326976;
4459;"583091";"Standaard";"9-12 m";"11-06-2020";"POINT(4.86779,52.330319)";"POINT(52.330319,4.86779)";4.86779;52.330319;
4460;"583213";"Standaard";"9-12 m";"11-06-2020";"POINT(4.864562,52.330316)";"POINT(52.330316,4.864562)";4.864562;52.330316;
4461;"583827";"Standaard";"12-15 m";"11-06-2020";"POINT(4.865348,52.330257)";"POINT(52.330257,4.865348)";4.865348;52.330257;
4462;"578096";"Standaard";"9-12 m";"11-06-2020";"POINT(4.863868,52.330231)";"POINT(52.330231,4.863868)";4.863868;52.330231;
4463;"579418";"Standaard";"9-12 m";"11-06-2020";"POINT(4.863491,52.330198)";"POINT(52.330198,4.863491)";4.863491;52.330198;
4464;"511044";"Standaard";"9-12 m";"11-06-2020";"POINT(4.887979,52.329056)";"POINT(52.329056,4.887979)";4.887979;52.329056;
4465;"578778";"Standaard";"15-18 m";"11-06-2020";"POINT(4.866556,52.330238)";"POINT(52.330238,4.866556)";4.866556;52.330238;
4466;"566039";"Standaard";"12-15 m";"11-06-2020";"POINT(4.880661,52.324193)";"POINT(52.324193,4.880661)";4.880661;52.324193;
4467;"561871";"Standaard";"9-12 m";"11-06-2020";"POINT(4.866923,52.329943)";"POINT(52.329943,4.866923)";4.866923;52.329943;
4468;"517388_d1";"Standaard";"9-12 m";"11-06-2020";"POINT(4.887978,52.329056)";"POINT(52.329056,4.887978)";4.887978;52.329056;
4469;"NT66552";"Standaard";"15-18 m";"11-06-2020";"POINT(4.988375,52.325873)";"POINT(52.325873,4.988375)";4.988375;52.325873;
4470;"540300";"Standaard";"15-18 m";"11-06-2020";"POINT(4.988353,52.325889)";"POINT(52.325889,4.988353)";4.988353;52.325889;
4471;"540298";"Standaard";"15-18 m";"11-06-2020";"POINT(4.988301,52.32574)";"POINT(52.32574,4.988301)";4.988301;52.32574;
4472;"540297";"Standaard";"15-18 m";"11-06-2020";"POINT(4.988403,52.325571)";"POINT(52.325571,4.988403)";4.988403;52.325571;
4473;"540295";"Standaard";"12-15 m";"11-06-2020";"POINT(4.987449,52.326152)";"POINT(52.326152,4.987449)";4.987449;52.326152;
4474;"598272";"Standaard";"18-24 m";"11-06-2020";"POINT(4.987312,52.326986)";"POINT(52.326986,4.987312)";4.987312;52.326986;
4475;"T69068";"Standaard";"15-18 m";"11-06-2020";"POINT(4.984633,52.326851)";"POINT(52.326851,4.984633)";4.984633;52.326851;
4476;"540299";"Standaard";"15-18 m";"11-06-2020";"POINT(4.988454,52.325775)";"POINT(52.325775,4.988454)";4.988454;52.325775;
4477;"T69073";"Standaard";"18-24 m";"11-06-2020";"POINT(4.985596,52.326203)";"POINT(52.326203,4.985596)";4.985596;52.326203;
4478;"T92449";"Standaard";"18-24 m";"12-06-2020";"POINT(5.015546,52.312283)";"POINT(52.312283,5.015546)";5.015546;52.312283;
4479;"NAMBO145584";"Standaard";"18-24 m";"12-06-2020";"POINT(4.838549,52.308412)";"POINT(52.308412,4.838549)";4.838549;52.308412;
4480;"667556_d9";"Standaard";"18-24 m";"12-06-2020";"POINT(4.838959,52.307902)";"POINT(52.307902,4.838959)";4.838959;52.307902;
4481;"NAMBO145589_d10";"Standaard";"18-24 m";"12-06-2020";"POINT(4.839016,52.307944)";"POINT(52.307944,4.839016)";4.839016;52.307944;
4482;"337747";"Standaard";"18-24 m";"12-06-2020";"POINT(4.837725,52.307888)";"POINT(52.307888,4.837725)";4.837725;52.307888;
4483;"1546525";"Standaard";"0-6 m";"12-06-2020";"POINT(4.837194,52.307375)";"POINT(52.307375,4.837194)";4.837194;52.307375;
4484;"337754_d12";"Standaard";"18-24 m";"12-06-2020";"POINT(4.838608,52.308387)";"POINT(52.308387,4.838608)";4.838608;52.308387;
4485;"337752_d13";"Standaard";"18-24 m";"12-06-2020";"POINT(4.83872,52.308343)";"POINT(52.308343,4.83872)";4.83872;52.308343;
4486;"337748";"Standaard";"18-24 m";"12-06-2020";"POINT(4.837792,52.307913)";"POINT(52.307913,4.837792)";4.837792;52.307913;
4487;"337746";"Standaard";"18-24 m";"12-06-2020";"POINT(4.837569,52.307908)";"POINT(52.307908,4.837569)";4.837569;52.307908;
4488;"338212";"Standaard";"18-24 m";"12-06-2020";"POINT(4.837567,52.307981)";"POINT(52.307981,4.837567)";4.837567;52.307981;
4489;"337760_d15";"Standaard";"18-24 m";"12-06-2020";"POINT(4.83897,52.307852)";"POINT(52.307852,4.83897)";4.83897;52.307852;
4490;"337758_d17";"Standaard";"18-24 m";"12-06-2020";"POINT(4.839069,52.307791)";"POINT(52.307791,4.839069)";4.839069;52.307791;
4491;"337755_d19";"Standaard";"15-18 m";"12-06-2020";"POINT(4.839052,52.307976)";"POINT(52.307976,4.839052)";4.839052;52.307976;
4492;"337753";"Standaard";"18-24 m";"12-06-2020";"POINT(4.83857,52.308299)";"POINT(52.308299,4.83857)";4.83857;52.308299;
4493;"337750";"Standaard";"18-24 m";"12-06-2020";"POINT(4.83842,52.308431)";"POINT(52.308431,4.83842)";4.83842;52.308431;
4494;"337751_d20";"Standaard";"18-24 m";"12-06-2020";"POINT(4.838431,52.308374)";"POINT(52.308374,4.838431)";4.838431;52.308374;
4495;"667291";"Standaard";"15-18 m";"12-06-2020";"POINT(4.85493,52.327024)";"POINT(52.327024,4.85493)";4.85493;52.327024;
4496;"66826876";"Standaard";"18-24 m";"12-06-2020";"POINT(4.837331,52.307127)";"POINT(52.307127,4.837331)";4.837331;52.307127;
4497;"AMBO91678_d25";"Standaard";">24 m";"11-06-2020";"POINT(4.824935,52.294004)";"POINT(52.294004,4.824935)";4.824935;52.294004;
4498;"NAMBO147002";"Standaard";">24 m";"11-06-2020";"POINT(4.825281,52.294271)";"POINT(52.294271,4.825281)";4.825281;52.294271;
4499;"AMBO91676_d28";"Standaard";">24 m";"11-06-2020";"POINT(4.824975,52.293965)";"POINT(52.293965,4.824975)";4.824975;52.293965;
4500;"NAMBO145634";"Standaard";"18-24 m";"11-06-2020";"POINT(4.823876,52.293417)";"POINT(52.293417,4.823876)";4.823876;52.293417;
4501;"NAMBO145646";"Standaard";"18-24 m";"11-06-2020";"POINT(4.824893,52.29378)";"POINT(52.29378,4.824893)";4.824893;52.29378;
4502;"NAMBO145644";"Standaard";"18-24 m";"11-06-2020";"POINT(4.824688,52.293708)";"POINT(52.293708,4.824688)";4.824688;52.293708;
4503;"NAMBO145638";"Standaard";"18-24 m";"11-06-2020";"POINT(4.824197,52.293533)";"POINT(52.293533,4.824197)";4.824197;52.293533;
4504;"NAMBO145625";"Standaard";"18-24 m";"11-06-2020";"POINT(4.823163,52.293169)";"POINT(52.293169,4.823163)";4.823163;52.293169;
4505;"NAMBO145624";"Standaard";"18-24 m";"11-06-2020";"POINT(4.823058,52.29313)";"POINT(52.29313,4.823058)";4.823058;52.29313;
4506;"NAMBO145632_d64";"Standaard";"15-18 m";"11-06-2020";"POINT(4.823715,52.29336)";"POINT(52.29336,4.823715)";4.823715;52.29336;
4507;"NAMBO145633";"Standaard";"18-24 m";"11-06-2020";"POINT(4.823791,52.293386)";"POINT(52.293386,4.823791)";4.823791;52.293386;
4508;"547844";"Urgent";"12-15 m";"15-06-2020";"POINT(4.973176,52.310763)";"POINT(52.310763,4.973176)";4.973176;52.310763;
4509;"563821";"Urgent";"9-12 m";"16-06-2020";"POINT(4.892469,52.327953)";"POINT(52.327953,4.892469)";4.892469;52.327953;
4510;"502247";"Urgent";"9-12 m";"16-06-2020";"POINT(4.873928,52.38794)";"POINT(52.38794,4.873928)";4.873928;52.38794;
4511;"546626";"Urgent";"0-6 m";"17-06-2020";"POINT(4.976063,52.317393)";"POINT(52.317393,4.976063)";4.976063;52.317393;
4512;"543880";"Urgent";"9-12 m";"17-06-2020";"POINT(4.965047,52.317315)";"POINT(52.317315,4.965047)";4.965047;52.317315;
4513;"543873";"Urgent";"9-12 m";"17-06-2020";"POINT(4.964185,52.316974)";"POINT(52.316974,4.964185)";4.964185;52.316974;
4514;"543746";"Urgent";"9-12 m";"17-06-2020";"POINT(4.969755,52.319043)";"POINT(52.319043,4.969755)";4.969755;52.319043;
4515;"540266";"Urgent";"12-15 m";"17-06-2020";"POINT(4.987362,52.324203)";"POINT(52.324203,4.987362)";4.987362;52.324203;
4516;"540397";"Urgent";"15-18 m";"17-06-2020";"POINT(4.992537,52.319168)";"POINT(52.319168,4.992537)";4.992537;52.319168;
4517;"T69080";"Urgent";"6-9 m";"17-06-2020";"POINT(4.986903,52.32253)";"POINT(52.32253,4.986903)";4.986903;52.32253;
4518;"548077";"Urgent";"9-12 m";"17-06-2020";"POINT(4.985441,52.317311)";"POINT(52.317311,4.985441)";4.985441;52.317311;
4519;"597660";"Urgent";"15-18 m";"17-06-2020";"POINT(4.984777,52.322085)";"POINT(52.322085,4.984777)";4.984777;52.322085;
4520;"66826911_d0";"Urgent";"12-15 m";"17-06-2020";"POINT(4.970813,52.305448)";"POINT(52.305448,4.970813)";4.970813;52.305448;
4521;"NT23723";"Urgent";"15-18 m";"17-06-2020";"POINT(4.969135,52.302522)";"POINT(52.302522,4.969135)";4.969135;52.302522;
4522;"547910";"Urgent";"9-12 m";"17-06-2020";"POINT(4.975704,52.311057)";"POINT(52.311057,4.975704)";4.975704;52.311057;
4523;"357640";"Urgent";"9-12 m";"18-06-2020";"POINT(4.827376,52.365795)";"POINT(52.365795,4.827376)";4.827376;52.365795;
4524;"NAMBO145538";"Urgent";"18-24 m";"19-06-2020";"POINT(4.827027,52.320218)";"POINT(52.320218,4.827027)";4.827027;52.320218;
4525;"667056";"Urgent";"18-24 m";"19-06-2020";"POINT(4.843075,52.317964)";"POINT(52.317964,4.843075)";4.843075;52.317964;
4526;"012";"Urgent";"6-9 m";"19-06-2020";"POINT(4.793165,52.385311)";"POINT(52.385311,4.793165)";4.793165;52.385311;
4527;"B9091";"Urgent";"9-12 m";"19-06-2020";"POINT(4.762025,52.394068)";"POINT(52.394068,4.762025)";4.762025;52.394068;
4528;"546849";"Urgent";"12-15 m";"19-06-2020";"POINT(4.989055,52.32093)";"POINT(52.32093,4.989055)";4.989055;52.32093;
4529;"66826936";"Urgent";"9-12 m";"19-06-2020";"POINT(4.762235,52.394103)";"POINT(52.394103,4.762235)";4.762235;52.394103;
4530;"552053";"Urgent";"15-18 m";"22-06-2020";"POINT(4.970247,52.297945)";"POINT(52.297945,4.970247)";4.970247;52.297945;
4531;"561740";"Urgent";"6-9 m";"22-06-2020";"POINT(4.88382,52.340366)";"POINT(52.340366,4.88382)";4.88382;52.340366;
4532;"470606";"Urgent";"12-15 m";"22-06-2020";"POINT(4.933622,52.388419)";"POINT(52.388419,4.933622)";4.933622;52.388419;
4533;"435540";"Urgent";"12-15 m";"22-06-2020";"POINT(4.933728,52.388485)";"POINT(52.388485,4.933728)";4.933728;52.388485;
4534;"470605";"Urgent";"12-15 m";"22-06-2020";"POINT(4.933774,52.388556)";"POINT(52.388556,4.933774)";4.933774;52.388556;
4535;"480776";"Urgent";"18-24 m";"22-06-2020";"POINT(4.930274,52.349231)";"POINT(52.349231,4.930274)";4.930274;52.349231;
4536;"NM145245";"Urgent";"15-18 m";"22-06-2020";"POINT(4.9305,52.349216)";"POINT(52.349216,4.9305)";4.9305;52.349216;
4537;"E88839";"Urgent";"12-15 m";"22-06-2020";"POINT(4.860767,52.393109)";"POINT(52.393109,4.860767)";4.860767;52.393109;
4538;"667331";"Urgent";"12-15 m";"22-06-2020";"POINT(4.860513,52.392983)";"POINT(52.392983,4.860513)";4.860513;52.392983;
4539;"500130";"Urgent";"12-15 m";"22-06-2020";"POINT(4.860136,52.39458)";"POINT(52.39458,4.860136)";4.860136;52.39458;
4540;"500264";"Urgent";"9-12 m";"22-06-2020";"POINT(4.860483,52.393111)";"POINT(52.393111,4.860483)";4.860483;52.393111;
4541;"578380";"Urgent";"6-9 m";"22-06-2020";"POINT(4.883693,52.340164)";"POINT(52.340164,4.883693)";4.883693;52.340164;
4542;"518665_d9";"Urgent";"6-9 m";"22-06-2020";"POINT(4.883572,52.34025)";"POINT(52.34025,4.883572)";4.883572;52.34025;
4543;"518663";"Urgent";"6-9 m";"22-06-2020";"POINT(4.883631,52.340174)";"POINT(52.340174,4.883631)";4.883631;52.340174;
4544;"518665";"Urgent";"6-9 m";"22-06-2020";"POINT(4.883572,52.34025)";"POINT(52.34025,4.883572)";4.883572;52.34025;
4545;"66826585";"Urgent";"6-9 m";"22-06-2020";"POINT(4.88356,52.34025)";"POINT(52.34025,4.88356)";4.88356;52.34025;
4546;"AMBO49593_d7";"Urgent";"18-24 m";"22-06-2020";"POINT(4.817985,52.315974)";"POINT(52.315974,4.817985)";4.817985;52.315974;
4547;"552339";"Urgent";"15-18 m";"22-06-2020";"POINT(4.96626,52.299154)";"POINT(52.299154,4.96626)";4.96626;52.299154;
4548;"418912_d1";"Urgent";"6-9 m";"27-05-2020";"POINT(4.795801,52.342669)";"POINT(52.342669,4.795801)";4.795801;52.342669;
4549;"582105";"Urgent";"12-15 m";"27-05-2020";"POINT(4.84789,52.343204)";"POINT(52.343204,4.84789)";4.84789;52.343204;
4550;"582105_d0";"Urgent";"12-15 m";"27-05-2020";"POINT(4.84789,52.343204)";"POINT(52.343204,4.84789)";4.84789;52.343204;
4551;"1537040_d16";"Urgent";"9-12 m";"27-05-2020";"POINT(4.900156,52.339827)";"POINT(52.339827,4.900156)";4.900156;52.339827;
4552;"463424";"Urgent";"15-18 m";"23-06-2020";"POINT(4.892502,52.416606)";"POINT(52.416606,4.892502)";4.892502;52.416606;
4553;"667430";"Urgent";"12-15 m";"23-06-2020";"POINT(4.911517,52.383336)";"POINT(52.383336,4.911517)";4.911517;52.383336;
4554;"398280";"Urgent";"12-15 m";"23-06-2020";"POINT(4.914668,52.38405)";"POINT(52.38405,4.914668)";4.914668;52.38405;
4555;"392330";"Urgent";"6-9 m";"23-06-2020";"POINT(4.842906,52.36812)";"POINT(52.36812,4.842906)";4.842906;52.36812;
4556;"373797";"Urgent";"15-18 m";"23-06-2020";"POINT(4.826492,52.378751)";"POINT(52.378751,4.826492)";4.826492;52.378751;
4557;"373903";"Urgent";"15-18 m";"23-06-2020";"POINT(4.826481,52.378658)";"POINT(52.378658,4.826481)";4.826481;52.378658;
4558;"373901";"Urgent";"15-18 m";"23-06-2020";"POINT(4.826286,52.378704)";"POINT(52.378704,4.826286)";4.826286;52.378704;
4559;"666964";"Urgent";"15-18 m";"23-06-2020";"POINT(4.86378,52.392787)";"POINT(52.392787,4.86378)";4.86378;52.392787;
4560;"1541410";"Urgent";"12-15 m";"23-06-2020";"POINT(4.863996,52.39284)";"POINT(52.39284,4.863996)";4.863996;52.39284;
4561;"508749";"Urgent";"9-12 m";"23-06-2020";"POINT(4.856546,52.389438)";"POINT(52.389438,4.856546)";4.856546;52.389438;
4562;"508748";"Urgent";"9-12 m";"23-06-2020";"POINT(4.856363,52.389449)";"POINT(52.389449,4.856363)";4.856363;52.389449;
4563;"412795";"Urgent";"9-12 m";"24-06-2020";"POINT(4.804711,52.366699)";"POINT(52.366699,4.804711)";4.804711;52.366699;
4564;"412794";"Urgent";"9-12 m";"24-06-2020";"POINT(4.804488,52.366668)";"POINT(52.366668,4.804488)";4.804488;52.366668;
4565;"412793";"Urgent";"9-12 m";"24-06-2020";"POINT(4.804366,52.366631)";"POINT(52.366631,4.804366)";4.804366;52.366631;
4566;"667725";"Urgent";"15-18 m";"24-06-2020";"POINT(4.987661,52.378878)";"POINT(52.378878,4.987661)";4.987661;52.378878;
4567;"404837";"Urgent";"15-18 m";"24-06-2020";"POINT(4.946817,52.402944)";"POINT(52.402944,4.946817)";4.946817;52.402944;
4568;"400974";"Urgent";"18-24 m";"24-06-2020";"POINT(4.938103,52.404455)";"POINT(52.404455,4.938103)";4.938103;52.404455;
4569;"435042";"Urgent";"12-15 m";"24-06-2020";"POINT(4.94454,52.397242)";"POINT(52.397242,4.94454)";4.94454;52.397242;
4570;"436068";"Urgent";"18-24 m";"24-06-2020";"POINT(4.94454,52.39729)";"POINT(52.39729,4.94454)";4.94454;52.39729;
4571;"187710";"Urgent";"12-15 m";"24-06-2020";"POINT(4.944508,52.397243)";"POINT(52.397243,4.944508)";4.944508;52.397243;
4572;"547166";"Urgent";"12-15 m";"24-06-2020";"POINT(4.991012,52.318702)";"POINT(52.318702,4.991012)";4.991012;52.318702;
4573;"393401";"Urgent";"9-12 m";"24-06-2020";"POINT(4.837619,52.346921)";"POINT(52.346921,4.837619)";4.837619;52.346921;
4574;"351515";"Urgent";"6-9 m";"24-06-2020";"POINT(4.822436,52.344487)";"POINT(52.344487,4.822436)";4.822436;52.344487;
4575;"351514";"Urgent";"6-9 m";"24-06-2020";"POINT(4.822562,52.344482)";"POINT(52.344482,4.822562)";4.822562;52.344482;
4576;"351513";"Urgent";"6-9 m";"24-06-2020";"POINT(4.822632,52.344542)";"POINT(52.344542,4.822632)";4.822632;52.344542;
4577;"374061";"Urgent";"15-18 m";"24-06-2020";"POINT(4.826245,52.378614)";"POINT(52.378614,4.826245)";4.826245;52.378614;
4578;"375851";"Urgent";"12-15 m";"25-06-2020";"POINT(4.799333,52.35968)";"POINT(52.35968,4.799333)";4.799333;52.35968;
4579;"_N_161149061000";"Urgent";"9-12 m";"25-06-2020";"POINT(4.800081,52.3542)";"POINT(52.3542,4.800081)";4.800081;52.3542;
4580;"367281";"Urgent";"9-12 m";"25-06-2020";"POINT(4.791821,52.35887)";"POINT(52.35887,4.791821)";4.791821;52.35887;
4581;"367092";"Urgent";"12-15 m";"25-06-2020";"POINT(4.792136,52.358991)";"POINT(52.358991,4.792136)";4.792136;52.358991;
4582;"367091";"Urgent";"12-15 m";"25-06-2020";"POINT(4.792207,52.358953)";"POINT(52.358953,4.792207)";4.792207;52.358953;
4583;"367088";"Urgent";"12-15 m";"25-06-2020";"POINT(4.791906,52.358907)";"POINT(52.358907,4.791906)";4.791906;52.358907;
4584;"0017OOJBUurgr";"Urgent";"9-12 m";"25-06-2020";"POINT(4.937672,52.367469)";"POINT(52.367469,4.937672)";4.937672;52.367469;
4585;"667133";"Urgent";"6-9 m";"25-06-2020";"POINT(4.959929,52.399274)";"POINT(52.399274,4.959929)";4.959929;52.399274;
4586;"468123";"Urgent";"12-15 m";"25-06-2020";"POINT(4.967122,52.394998)";"POINT(52.394998,4.967122)";4.967122;52.394998;
4587;"473633";"Urgent";"6-9 m";"25-06-2020";"POINT(4.949412,52.404574)";"POINT(52.404574,4.949412)";4.949412;52.404574;
4588;"485126";"Urgent";"12-15 m";"25-06-2020";"POINT(4.930228,52.339671)";"POINT(52.339671,4.930228)";4.930228;52.339671;
4589;"446592";"Urgent";"12-15 m";"25-06-2020";"POINT(4.913879,52.353171)";"POINT(52.353171,4.913879)";4.913879;52.353171;
4590;"454766";"Urgent";"15-18 m";"25-06-2020";"POINT(4.914325,52.353087)";"POINT(52.353087,4.914325)";4.914325;52.353087;
4591;"1548839";"Urgent";"6-9 m";"25-06-2020";"POINT(4.95489,52.364962)";"POINT(52.364962,4.95489)";4.95489;52.364962;
4592;"444855";"Urgent";"9-12 m";"26-06-2020";"POINT(4.91141,52.402722)";"POINT(52.402722,4.91141)";4.91141;52.402722;
4593;"414055";"Urgent";"9-12 m";"26-06-2020";"POINT(4.812645,52.372098)";"POINT(52.372098,4.812645)";4.812645;52.372098;
4594;"573810";"Urgent";"12-15 m";"26-06-2020";"POINT(4.889225,52.330529)";"POINT(52.330529,4.889225)";4.889225;52.330529;
4595;"570107";"Urgent";"15-18 m";"26-06-2020";"POINT(4.887511,52.330896)";"POINT(52.330896,4.887511)";4.887511;52.330896;
4596;"576231";"Urgent";"15-18 m";"26-06-2020";"POINT(4.887348,52.330893)";"POINT(52.330893,4.887348)";4.887348;52.330893;
4597;"576468";"Urgent";"12-15 m";"26-06-2020";"POINT(4.889231,52.330415)";"POINT(52.330415,4.889231)";4.889231;52.330415;
4598;"580229";"Urgent";"15-18 m";"26-06-2020";"POINT(4.895757,52.338574)";"POINT(52.338574,4.895757)";4.895757;52.338574;
4599;"NAMBO145527";"Urgent";"9-12 m";"23-05-2020";"POINT(4.853192,52.319891)";"POINT(52.319891,4.853192)";4.853192;52.319891;
4600;"66827076";"Urgent";"15-18 m";"29-06-2020";"POINT(4.840908,52.379914)";"POINT(52.379914,4.840908)";4.840908;52.379914;
4601;"541041";"Urgent";"12-15 m";"29-06-2020";"POINT(4.969628,52.323242)";"POINT(52.323242,4.969628)";4.969628;52.323242;
4602;"541039";"Urgent";"12-15 m";"29-06-2020";"POINT(4.969761,52.323298)";"POINT(52.323298,4.969761)";4.969761;52.323298;
4603;"541040";"Urgent";"15-18 m";"29-06-2020";"POINT(4.969702,52.323276)";"POINT(52.323276,4.969702)";4.969702;52.323276;
4604;"544405";"Urgent";"15-18 m";"29-06-2020";"POINT(4.973941,52.323276)";"POINT(52.323276,4.973941)";4.973941;52.323276;
4605;"598944";"Urgent";"12-15 m";"29-06-2020";"POINT(4.977758,52.330384)";"POINT(52.330384,4.977758)";4.977758;52.330384;
4606;"492549";"Urgent";"9-12 m";"03-06-2020";"POINT(4.852179,52.375336)";"POINT(52.375336,4.852179)";4.852179;52.375336;
4607;"491127";"Urgent";"9-12 m";"03-06-2020";"POINT(4.852368,52.37494)";"POINT(52.37494,4.852368)";4.852368;52.37494;
4608;"491119";"Urgent";"15-18 m";"03-06-2020";"POINT(4.852486,52.374817)";"POINT(52.374817,4.852486)";4.852486;52.374817;
4609;"491094";"Urgent";"15-18 m";"03-06-2020";"POINT(4.853819,52.374537)";"POINT(52.374537,4.853819)";4.853819;52.374537;
4610;"491082";"Urgent";"9-12 m";"03-06-2020";"POINT(4.853583,52.374625)";"POINT(52.374625,4.853583)";4.853583;52.374625;
4611;"491074";"Urgent";"9-12 m";"03-06-2020";"POINT(4.852936,52.374467)";"POINT(52.374467,4.852936)";4.852936;52.374467;
4612;"491230";"Urgent";"9-12 m";"03-06-2020";"POINT(4.853592,52.374586)";"POINT(52.374586,4.853592)";4.853592;52.374586;
4613;"492612";"Urgent";"12-15 m";"03-06-2020";"POINT(4.853864,52.374607)";"POINT(52.374607,4.853864)";4.853864;52.374607;
4614;"F02548";"Urgent";"9-12 m";"03-06-2020";"POINT(4.8112,52.332862)";"POINT(52.332862,4.8112)";4.8112;52.332862;
4615;"667322";"Urgent";"12-15 m";"03-06-2020";"POINT(5.010455,52.313489)";"POINT(52.313489,5.010455)";5.010455;52.313489;
4616;"T92509";"Urgent";"15-18 m";"03-06-2020";"POINT(5.01231,52.31291)";"POINT(52.31291,5.01231)";5.01231;52.31291;
4617;"433150";"Urgent";"15-18 m";"05-06-2020";"POINT(4.946418,52.397526)";"POINT(52.397526,4.946418)";4.946418;52.397526;
4618;"389286";"Urgent";"12-15 m";"08-06-2020";"POINT(4.845022,52.36709)";"POINT(52.36709,4.845022)";4.845022;52.36709;
4619;"NAMBO145693_d14";"Urgent";"15-18 m";"08-06-2020";"POINT(4.830308,52.295685)";"POINT(52.295685,4.830308)";4.830308;52.295685;
4620;"AMBO91698_d21";"Urgent";"15-18 m";"08-06-2020";"POINT(4.830471,52.295741)";"POINT(52.295741,4.830471)";4.830471;52.295741;
4621;"NAMBO145691_d34";"Urgent";"18-24 m";"08-06-2020";"POINT(4.829941,52.295557)";"POINT(52.295557,4.829941)";4.829941;52.295557;
4622;"506966";"Urgent";"15-18 m";"08-06-2020";"POINT(4.860461,52.388475)";"POINT(52.388475,4.860461)";4.860461;52.388475;
4623;"500036";"Urgent";"9-12 m";"08-06-2020";"POINT(4.86354,52.387322)";"POINT(52.387322,4.86354)";4.86354;52.387322;
4624;"477081_d3";"Urgent";"0-6 m";"08-06-2020";"POINT(4.951052,52.365564)";"POINT(52.365564,4.951052)";4.951052;52.365564;
4625;"487667_d1";"Urgent";"15-18 m";"08-06-2020";"POINT(4.948709,52.362877)";"POINT(52.362877,4.948709)";4.948709;52.362877;
4626;"M212171_d2";"Urgent";"15-18 m";"08-06-2020";"POINT(4.949002,52.363002)";"POINT(52.363002,4.949002)";4.949002;52.363002;
4627;"541471";"Urgent";"6-9 m";"30-06-2020";"POINT(4.96247,52.325853)";"POINT(52.325853,4.96247)";4.96247;52.325853;
4628;"541038";"Urgent";"12-15 m";"30-06-2020";"POINT(4.969018,52.323315)";"POINT(52.323315,4.969018)";4.969018;52.323315;
4629;"541551";"Urgent";"0-6 m";"30-06-2020";"POINT(4.967414,52.321351)";"POINT(52.321351,4.967414)";4.967414;52.321351;
4630;"541486";"Urgent";"0-6 m";"30-06-2020";"POINT(4.963166,52.326221)";"POINT(52.326221,4.963166)";4.963166;52.326221;
4631;"541484";"Urgent";"0-6 m";"30-06-2020";"POINT(4.962928,52.326144)";"POINT(52.326144,4.962928)";4.962928;52.326144;
4632;"541554";"Urgent";"15-18 m";"30-06-2020";"POINT(4.966886,52.321718)";"POINT(52.321718,4.966886)";4.966886;52.321718;
4633;"_N_122857170000";"Urgent";"6-9 m";"09-06-2020";"POINT(4.952097,52.287006)";"POINT(52.287006,4.952097)";4.952097;52.287006;
4634;"T104874";"Urgent";"9-12 m";"09-06-2020";"POINT(4.952127,52.287078)";"POINT(52.287078,4.952127)";4.952127;52.287078;
4635;"666899";"Urgent";"12-15 m";"09-06-2020";"POINT(4.951777,52.28709)";"POINT(52.28709,4.951777)";4.951777;52.28709;
4636;"666894";"Urgent";"15-18 m";"09-06-2020";"POINT(4.947836,52.289757)";"POINT(52.289757,4.947836)";4.947836;52.289757;
4637;"T104870";"Urgent";"15-18 m";"09-06-2020";"POINT(4.951323,52.287227)";"POINT(52.287227,4.951323)";4.951323;52.287227;
4638;"_N_122801561000";"Urgent";"6-9 m";"09-06-2020";"POINT(4.951762,52.287154)";"POINT(52.287154,4.951762)";4.951762;52.287154;
4639;"T92556";"Urgent";"9-12 m";"09-06-2020";"POINT(4.951222,52.287296)";"POINT(52.287296,4.951222)";4.951222;52.287296;
4640;"T92557";"Urgent";"9-12 m";"09-06-2020";"POINT(4.95194,52.287071)";"POINT(52.287071,4.95194)";4.95194;52.287071;
4641;"T104871";"Urgent";"15-18 m";"09-06-2020";"POINT(4.951547,52.287216)";"POINT(52.287216,4.951547)";4.951547;52.287216;
4642;"T104872";"Urgent";"15-18 m";"09-06-2020";"POINT(4.951597,52.287079)";"POINT(52.287079,4.951597)";4.951597;52.287079;
4643;"_N_110131883000";"Urgent";"12-15 m";"09-06-2020";"POINT(4.951297,52.287265)";"POINT(52.287265,4.951297)";4.951297;52.287265;
4644;"_N_110246801000";"Urgent";"12-15 m";"09-06-2020";"POINT(4.951314,52.287257)";"POINT(52.287257,4.951314)";4.951314;52.287257;
4645;"66826793";"Urgent";"12-15 m";"09-06-2020";"POINT(4.947898,52.289477)";"POINT(52.289477,4.947898)";4.947898;52.289477;
4646;"66826799";"Urgent";"6-9 m";"09-06-2020";"POINT(4.953127,52.287644)";"POINT(52.287644,4.953127)";4.953127;52.287644;
4647;"AMBO4749";"Urgent";"18-24 m";"09-06-2020";"POINT(4.825332,52.31968)";"POINT(52.31968,4.825332)";4.825332;52.31968;
4648;"NAMBO146969_d2";"Urgent";"18-24 m";"09-06-2020";"POINT(4.828291,52.294962)";"POINT(52.294962,4.828291)";4.828291;52.294962;
4649;"AMBO91696_d3";"Urgent";"18-24 m";"09-06-2020";"POINT(4.829221,52.295283)";"POINT(52.295283,4.829221)";4.829221;52.295283;
4650;"NAMBO145677_d17";"Urgent";"18-24 m";"09-06-2020";"POINT(4.828472,52.29503)";"POINT(52.29503,4.828472)";4.828472;52.29503;
4651;"666866";"Urgent";"12-15 m";"09-06-2020";"POINT(4.951161,52.287252)";"POINT(52.287252,4.951161)";4.951161;52.287252;
4652;"T104876";"Urgent";"15-18 m";"09-06-2020";"POINT(4.952176,52.287016)";"POINT(52.287016,4.952176)";4.952176;52.287016;
4653;"T104880";"Urgent";"0-6 m";"09-06-2020";"POINT(4.958532,52.285493)";"POINT(52.285493,4.958532)";4.958532;52.285493;
4654;"_N_110623466000";"Urgent";"12-15 m";"09-06-2020";"POINT(4.951592,52.287207)";"POINT(52.287207,4.951592)";4.951592;52.287207;
4655;"_N_122840902000";"Urgent";"6-9 m";"09-06-2020";"POINT(4.952078,52.287089)";"POINT(52.287089,4.952078)";4.952078;52.287089;
4656;"_N_111829223000";"Urgent";"12-15 m";"09-06-2020";"POINT(4.95192,52.287137)";"POINT(52.287137,4.95192)";4.95192;52.287137;
4657;"T104873";"Urgent";"12-15 m";"09-06-2020";"POINT(4.951966,52.287114)";"POINT(52.287114,4.951966)";4.951966;52.287114;
4658;"T104875";"Urgent";"12-15 m";"09-06-2020";"POINT(4.952054,52.287038)";"POINT(52.287038,4.952054)";4.952054;52.287038;
4659;"_N_111941376000";"Urgent";"12-15 m";"09-06-2020";"POINT(4.951998,52.287021)";"POINT(52.287021,4.951998)";4.951998;52.287021;
4660;"66826781";"Urgent";"6-9 m";"09-06-2020";"POINT(4.961921,52.285447)";"POINT(52.285447,4.961921)";4.961921;52.285447;
4661;"66826782";"Urgent";"9-12 m";"09-06-2020";"POINT(4.958513,52.286048)";"POINT(52.286048,4.958513)";4.958513;52.286048;
4662;"66826783";"Urgent";"9-12 m";"09-06-2020";"POINT(4.958663,52.286051)";"POINT(52.286051,4.958663)";4.958663;52.286051;
4663;"AMBO91683";"Urgent";"18-24 m";"09-06-2020";"POINT(4.8274,52.294682)";"POINT(52.294682,4.8274)";4.8274;52.294682;
4664;"AMBO91682";"Urgent";"12-15 m";"09-06-2020";"POINT(4.826915,52.294511)";"POINT(52.294511,4.826915)";4.826915;52.294511;
4665;"T104770";"Urgent";"6-9 m";"09-06-2020";"POINT(4.950425,52.290314)";"POINT(52.290314,4.950425)";4.950425;52.290314;
4666;"T104793";"Urgent";"9-12 m";"09-06-2020";"POINT(4.950351,52.290019)";"POINT(52.290019,4.950351)";4.950351;52.290019;
4667;"T104860";"Urgent";"9-12 m";"09-06-2020";"POINT(4.948071,52.290305)";"POINT(52.290305,4.948071)";4.948071;52.290305;
4668;"T104815";"Urgent";"9-12 m";"09-06-2020";"POINT(4.948467,52.289951)";"POINT(52.289951,4.948467)";4.948467;52.289951;
4669;"T104783";"Urgent";"0-6 m";"09-06-2020";"POINT(4.949728,52.29096)";"POINT(52.29096,4.949728)";4.949728;52.29096;
4670;"T104867";"Urgent";"12-15 m";"09-06-2020";"POINT(4.948229,52.288971)";"POINT(52.288971,4.948229)";4.948229;52.288971;
4671;"T104796";"Urgent";"0-6 m";"09-06-2020";"POINT(4.950568,52.289609)";"POINT(52.289609,4.950568)";4.950568;52.289609;
4672;"T92564";"Urgent";"6-9 m";"09-06-2020";"POINT(4.951508,52.289041)";"POINT(52.289041,4.951508)";4.951508;52.289041;
4673;"T104803";"Urgent";"6-9 m";"09-06-2020";"POINT(4.948408,52.290239)";"POINT(52.290239,4.948408)";4.948408;52.290239;
4674;"T104849";"Urgent";"6-9 m";"09-06-2020";"POINT(4.948267,52.289971)";"POINT(52.289971,4.948267)";4.948267;52.289971;
4675;"_N_105452469000";"Urgent";"12-15 m";"09-06-2020";"POINT(4.948352,52.288815)";"POINT(52.288815,4.948352)";4.948352;52.288815;
4676;"T104784";"Urgent";"0-6 m";"09-06-2020";"POINT(4.949745,52.290853)";"POINT(52.290853,4.949745)";4.949745;52.290853;
4677;"_N_094319410000";"Urgent";"9-12 m";"09-06-2020";"POINT(4.947692,52.290181)";"POINT(52.290181,4.947692)";4.947692;52.290181;
4678;"T104782";"Urgent";"6-9 m";"09-06-2020";"POINT(4.949164,52.290497)";"POINT(52.290497,4.949164)";4.949164;52.290497;
4679;"T104779";"Urgent";"9-12 m";"09-06-2020";"POINT(4.949411,52.290653)";"POINT(52.290653,4.949411)";4.949411;52.290653;
4680;"T104851";"Urgent";"9-12 m";"09-06-2020";"POINT(4.948111,52.290067)";"POINT(52.290067,4.948111)";4.948111;52.290067;
4681;"T104772";"Urgent";"9-12 m";"09-06-2020";"POINT(4.949755,52.290569)";"POINT(52.290569,4.949755)";4.949755;52.290569;
4682;"_N_100803829000";"Urgent";"6-9 m";"09-06-2020";"POINT(4.95311,52.288589)";"POINT(52.288589,4.95311)";4.95311;52.288589;
4683;"_N_082941063000";"Urgent";"6-9 m";"09-06-2020";"POINT(4.954024,52.288167)";"POINT(52.288167,4.954024)";4.954024;52.288167;
4684;"T104865";"Urgent";"12-15 m";"09-06-2020";"POINT(4.947836,52.289156)";"POINT(52.289156,4.947836)";4.947836;52.289156;
4685;"_N_151347773000";"Urgent";"12-15 m";"09-06-2020";"POINT(4.950329,52.289868)";"POINT(52.289868,4.950329)";4.950329;52.289868;
4686;"_N_085049741000";"Urgent";"6-9 m";"09-06-2020";"POINT(4.95001,52.290604)";"POINT(52.290604,4.95001)";4.95001;52.290604;
4687;"T104795";"Urgent";"6-9 m";"09-06-2020";"POINT(4.95058,52.289847)";"POINT(52.289847,4.95058)";4.95058;52.289847;
4688;"T104862";"Urgent";"9-12 m";"09-06-2020";"POINT(4.946964,52.290483)";"POINT(52.290483,4.946964)";4.946964;52.290483;
4689;"666885";"Urgent";"15-18 m";"09-06-2020";"POINT(4.951278,52.287788)";"POINT(52.287788,4.951278)";4.951278;52.287788;
4690;"666869";"Urgent";"15-18 m";"09-06-2020";"POINT(4.951334,52.287995)";"POINT(52.287995,4.951334)";4.951334;52.287995;
4691;"T104826";"Urgent";"12-15 m";"09-06-2020";"POINT(4.950963,52.287876)";"POINT(52.287876,4.950963)";4.950963;52.287876;
4692;"666875";"Urgent";"15-18 m";"09-06-2020";"POINT(4.951807,52.288373)";"POINT(52.288373,4.951807)";4.951807;52.288373;
4693;"_N_143036201000";"Urgent";"9-12 m";"09-06-2020";"POINT(4.950171,52.288607)";"POINT(52.288607,4.950171)";4.950171;52.288607;
4694;"T104819";"Urgent";"6-9 m";"09-06-2020";"POINT(4.951739,52.288124)";"POINT(52.288124,4.951739)";4.951739;52.288124;
4695;"T104832";"Urgent";"9-12 m";"09-06-2020";"POINT(4.952776,52.287296)";"POINT(52.287296,4.952776)";4.952776;52.287296;
4696;"_N_141525961000";"Urgent";"9-12 m";"09-06-2020";"POINT(4.951038,52.288077)";"POINT(52.288077,4.951038)";4.951038;52.288077;
4697;"T104836";"Urgent";"9-12 m";"09-06-2020";"POINT(4.952465,52.287494)";"POINT(52.287494,4.952465)";4.952465;52.287494;
4698;"666884";"Urgent";"15-18 m";"09-06-2020";"POINT(4.951928,52.287572)";"POINT(52.287572,4.951928)";4.951928;52.287572;
4699;"666893";"Urgent";"15-18 m";"09-06-2020";"POINT(4.950823,52.288259)";"POINT(52.288259,4.950823)";4.950823;52.288259;
4700;"T104823";"Urgent";"12-15 m";"09-06-2020";"POINT(4.95029,52.288309)";"POINT(52.288309,4.95029)";4.95029;52.288309;
4701;"T104825";"Urgent";"9-12 m";"09-06-2020";"POINT(4.950561,52.288071)";"POINT(52.288071,4.950561)";4.950561;52.288071;
4702;"666872";"Urgent";"12-15 m";"09-06-2020";"POINT(4.952188,52.288187)";"POINT(52.288187,4.952188)";4.952188;52.288187;
4703;"666882";"Urgent";"15-18 m";"09-06-2020";"POINT(4.952115,52.287555)";"POINT(52.287555,4.952115)";4.952115;52.287555;
4704;"666883";"Urgent";"15-18 m";"09-06-2020";"POINT(4.95204,52.287569)";"POINT(52.287569,4.95204)";4.95204;52.287569;
4705;"T104845";"Urgent";"15-18 m";"09-06-2020";"POINT(4.95184,52.287712)";"POINT(52.287712,4.95184)";4.95184;52.287712;
4706;"_N_134716538000";"Urgent";"9-12 m";"09-06-2020";"POINT(4.953077,52.287099)";"POINT(52.287099,4.953077)";4.953077;52.287099;
4707;"_N_112853188000";"Urgent";"9-12 m";"09-06-2020";"POINT(4.952501,52.28661)";"POINT(52.28661,4.952501)";4.952501;52.28661;
4708;"_N_113013607000";"Urgent";"9-12 m";"09-06-2020";"POINT(4.952588,52.286606)";"POINT(52.286606,4.952588)";4.952588;52.286606;
4709;"_N_113317659000";"Urgent";"9-12 m";"09-06-2020";"POINT(4.952889,52.286188)";"POINT(52.286188,4.952889)";4.952889;52.286188;
4710;"_N_113855479000";"Urgent";"9-12 m";"09-06-2020";"POINT(4.953238,52.28612)";"POINT(52.28612,4.953238)";4.953238;52.28612;
4711;"T104841";"Urgent";"9-12 m";"09-06-2020";"POINT(4.952123,52.287616)";"POINT(52.287616,4.952123)";4.952123;52.287616;
4712;"666865";"Urgent";"9-12 m";"09-06-2020";"POINT(4.952238,52.286718)";"POINT(52.286718,4.952238)";4.952238;52.286718;
4713;"666868";"Urgent";"15-18 m";"09-06-2020";"POINT(4.951059,52.28798)";"POINT(52.28798,4.951059)";4.951059;52.28798;
4714;"T104864";"Urgent";"12-15 m";"09-06-2020";"POINT(4.948119,52.289603)";"POINT(52.289603,4.948119)";4.948119;52.289603;
4715;"666867";"Urgent";"15-18 m";"09-06-2020";"POINT(4.950878,52.287995)";"POINT(52.287995,4.950878)";4.950878;52.287995;
4716;"_N_145719478000";"Urgent";"0-6 m";"09-06-2020";"POINT(4.952197,52.288836)";"POINT(52.288836,4.952197)";4.952197;52.288836;
4717;"_N_081742887000";"Urgent";"6-9 m";"09-06-2020";"POINT(4.953425,52.288426)";"POINT(52.288426,4.953425)";4.953425;52.288426;
4718;"_N_083622095000";"Urgent";"6-9 m";"09-06-2020";"POINT(4.954568,52.288008)";"POINT(52.288008,4.954568)";4.954568;52.288008;
4719;"T104859";"Urgent";"12-15 m";"09-06-2020";"POINT(4.948133,52.2902)";"POINT(52.2902,4.948133)";4.948133;52.2902;
4720;"EPRM07";"Urgent";"9-12 m";"09-06-2020";"POINT(4.950873,52.289446)";"POINT(52.289446,4.950873)";4.950873;52.289446;
4721;"T104778";"Urgent";"9-12 m";"09-06-2020";"POINT(4.949502,52.290516)";"POINT(52.290516,4.949502)";4.949502;52.290516;
4722;"T104801";"Urgent";"9-12 m";"09-06-2020";"POINT(4.94848,52.290302)";"POINT(52.290302,4.94848)";4.94848;52.290302;
4723;"T104850";"Urgent";"9-12 m";"09-06-2020";"POINT(4.948217,52.289999)";"POINT(52.289999,4.948217)";4.948217;52.289999;
4724;"T92567";"Urgent";"6-9 m";"09-06-2020";"POINT(4.952832,52.287716)";"POINT(52.287716,4.952832)";4.952832;52.287716;
4725;"T104806";"Urgent";"9-12 m";"09-06-2020";"POINT(4.948072,52.290476)";"POINT(52.290476,4.948072)";4.948072;52.290476;
4726;"T104811";"Urgent";"6-9 m";"09-06-2020";"POINT(4.948699,52.289898)";"POINT(52.289898,4.948699)";4.948699;52.289898;
4727;"T104863";"Urgent";"12-15 m";"09-06-2020";"POINT(4.947946,52.289719)";"POINT(52.289719,4.947946)";4.947946;52.289719;
4728;"_N_101018511000";"Urgent";"6-9 m";"09-06-2020";"POINT(4.949639,52.290696)";"POINT(52.290696,4.949639)";4.949639;52.290696;
4729;"_N_150312757000";"Urgent";"6-9 m";"09-06-2020";"POINT(4.951418,52.289115)";"POINT(52.289115,4.951418)";4.951418;52.289115;
4730;"T104868";"Urgent";"9-12 m";"09-06-2020";"POINT(4.948296,52.288884)";"POINT(52.288884,4.948296)";4.948296;52.288884;
4731;"T104821";"Urgent";"9-12 m";"09-06-2020";"POINT(4.950059,52.288616)";"POINT(52.288616,4.950059)";4.950059;52.288616;
4732;"_N_140215339000";"Urgent";"9-12 m";"09-06-2020";"POINT(4.951793,52.287743)";"POINT(52.287743,4.951793)";4.951793;52.287743;
4733;"666873";"Urgent";"12-15 m";"09-06-2020";"POINT(4.952241,52.28817)";"POINT(52.28817,4.952241)";4.952241;52.28817;
4734;"T104829";"Urgent";"9-12 m";"09-06-2020";"POINT(4.953151,52.287026)";"POINT(52.287026,4.953151)";4.953151;52.287026;
4735;"T104833";"Urgent";"12-15 m";"09-06-2020";"POINT(4.952636,52.287345)";"POINT(52.287345,4.952636)";4.952636;52.287345;
4736;"T104797";"Urgent";"9-12 m";"09-06-2020";"POINT(4.950662,52.289736)";"POINT(52.289736,4.950662)";4.950662;52.289736;
4737;"T92552";"Urgent";"9-12 m";"09-06-2020";"POINT(4.953031,52.286063)";"POINT(52.286063,4.953031)";4.953031;52.286063;
4738;"666860";"Urgent";"12-15 m";"09-06-2020";"POINT(4.954875,52.285744)";"POINT(52.285744,4.954875)";4.954875;52.285744;
4739;"T92558";"Urgent";"12-15 m";"09-06-2020";"POINT(4.955063,52.28528)";"POINT(52.28528,4.955063)";4.955063;52.28528;
4740;"666858";"Urgent";"12-15 m";"09-06-2020";"POINT(4.955123,52.285411)";"POINT(52.285411,4.955123)";4.955123;52.285411;
4741;"666898";"Urgent";"6-9 m";"09-06-2020";"POINT(4.954776,52.285569)";"POINT(52.285569,4.954776)";4.954776;52.285569;
4742;"T104847";"Urgent";"9-12 m";"09-06-2020";"POINT(4.951841,52.28816)";"POINT(52.28816,4.951841)";4.951841;52.28816;
4743;"T104827";"Urgent";"15-18 m";"09-06-2020";"POINT(4.951382,52.287749)";"POINT(52.287749,4.951382)";4.951382;52.287749;
4744;"_N_140638205000";"Urgent";"15-18 m";"09-06-2020";"POINT(4.95154,52.28788)";"POINT(52.28788,4.95154)";4.95154;52.28788;
4745;"666871";"Urgent";"15-18 m";"09-06-2020";"POINT(4.952133,52.288141)";"POINT(52.288141,4.952133)";4.952133;52.288141;
4746;"666881";"Urgent";"15-18 m";"09-06-2020";"POINT(4.952182,52.287502)";"POINT(52.287502,4.952182)";4.952182;52.287502;
4747;"T92554";"Urgent";"6-9 m";"09-06-2020";"POINT(4.953073,52.286225)";"POINT(52.286225,4.953073)";4.953073;52.286225;
4748;"_N_145615589000";"Urgent";"0-6 m";"09-06-2020";"POINT(4.952438,52.288829)";"POINT(52.288829,4.952438)";4.952438;52.288829;
4749;"_N_142237925000";"Urgent";"9-12 m";"09-06-2020";"POINT(4.950655,52.288302)";"POINT(52.288302,4.950655)";4.950655;52.288302;
4750;"_N_144423012000";"Urgent";"9-12 m";"09-06-2020";"POINT(4.952183,52.288124)";"POINT(52.288124,4.952183)";4.952183;52.288124;
4751;"T104786";"Urgent";"6-9 m";"09-06-2020";"POINT(4.950188,52.290248)";"POINT(52.290248,4.950188)";4.950188;52.290248;
4752;"T104800";"Urgent";"0-6 m";"09-06-2020";"POINT(4.950722,52.289528)";"POINT(52.289528,4.950722)";4.950722;52.289528;
4753;"T69132";"Urgent";"6-9 m";"09-06-2020";"POINT(4.953652,52.288371)";"POINT(52.288371,4.953652)";4.953652;52.288371;
4754;"EPRM03";"Urgent";"12-15 m";"09-06-2020";"POINT(4.947875,52.290239)";"POINT(52.290239,4.947875)";4.947875;52.290239;
4755;"T104773";"Urgent";"9-12 m";"09-06-2020";"POINT(4.949601,52.290594)";"POINT(52.290594,4.949601)";4.949601;52.290594;
4756;"T104798";"Urgent";"9-12 m";"09-06-2020";"POINT(4.950691,52.289641)";"POINT(52.289641,4.950691)";4.950691;52.289641;
4757;"T104799";"Urgent";"6-9 m";"09-06-2020";"POINT(4.950709,52.289602)";"POINT(52.289602,4.950709)";4.950709;52.289602;
4758;"T104802";"Urgent";"9-12 m";"09-06-2020";"POINT(4.94845,52.290327)";"POINT(52.290327,4.94845)";4.94845;52.290327;
4759;"T104808";"Urgent";"9-12 m";"09-06-2020";"POINT(4.948191,52.290274)";"POINT(52.290274,4.948191)";4.948191;52.290274;
4760;"T104828";"Urgent";"12-15 m";"09-06-2020";"POINT(4.951421,52.287759)";"POINT(52.287759,4.951421)";4.951421;52.287759;
4761;"T104848";"Urgent";"9-12 m";"09-06-2020";"POINT(4.948407,52.289925)";"POINT(52.289925,4.948407)";4.948407;52.289925;
4762;"T104855";"Urgent";"9-12 m";"09-06-2020";"POINT(4.947741,52.290196)";"POINT(52.290196,4.947741)";4.947741;52.290196;
4763;"T104856";"Urgent";"12-15 m";"09-06-2020";"POINT(4.947857,52.290272)";"POINT(52.290272,4.947857)";4.947857;52.290272;
4764;"T104869";"Urgent";"9-12 m";"09-06-2020";"POINT(4.948322,52.288857)";"POINT(52.288857,4.948322)";4.948322;52.288857;
4765;"T104877";"Urgent";"6-9 m";"09-06-2020";"POINT(4.952357,52.286808)";"POINT(52.286808,4.952357)";4.952357;52.286808;
4766;"T104780";"Urgent";"9-12 m";"09-06-2020";"POINT(4.9494,52.290573)";"POINT(52.290573,4.9494)";4.9494;52.290573;
4767;"T104835";"Urgent";"9-12 m";"09-06-2020";"POINT(4.95244,52.287429)";"POINT(52.287429,4.95244)";4.95244;52.287429;
4768;"T92559";"Urgent";"9-12 m";"09-06-2020";"POINT(4.951653,52.28778)";"POINT(52.28778,4.951653)";4.951653;52.28778;
4769;"T104854";"Urgent";"9-12 m";"09-06-2020";"POINT(4.947901,52.290129)";"POINT(52.290129,4.947901)";4.947901;52.290129;
4770;"T104807";"Urgent";"9-12 m";"09-06-2020";"POINT(4.94812,52.290354)";"POINT(52.290354,4.94812)";4.94812;52.290354;
4771;"T104809";"Urgent";"9-12 m";"09-06-2020";"POINT(4.94819,52.290236)";"POINT(52.290236,4.94819)";4.94819;52.290236;
4772;"T92561";"Urgent";"12-15 m";"09-06-2020";"POINT(4.947927,52.289584)";"POINT(52.289584,4.947927)";4.947927;52.289584;
4773;"T104787";"Urgent";"6-9 m";"09-06-2020";"POINT(4.950191,52.290201)";"POINT(52.290201,4.950191)";4.950191;52.290201;
4774;"T104791";"Urgent";"6-9 m";"09-06-2020";"POINT(4.950221,52.290039)";"POINT(52.290039,4.950221)";4.950221;52.290039;
4775;"T92563";"Urgent";"9-12 m";"09-06-2020";"POINT(4.950373,52.289866)";"POINT(52.289866,4.950373)";4.950373;52.289866;
4776;"T92565";"Urgent";"6-9 m";"09-06-2020";"POINT(4.951563,52.288987)";"POINT(52.288987,4.951563)";4.951563;52.288987;
4777;"EPRM06";"Urgent";"9-12 m";"09-06-2020";"POINT(4.951006,52.28928)";"POINT(52.28928,4.951006)";4.951006;52.28928;
4778;"T104790";"Urgent";"6-9 m";"09-06-2020";"POINT(4.950314,52.290059)";"POINT(52.290059,4.950314)";4.950314;52.290059;
4779;"T104792";"Urgent";"6-9 m";"09-06-2020";"POINT(4.950262,52.290011)";"POINT(52.290011,4.950262)";4.950262;52.290011;
4780;"T104839";"Urgent";"9-12 m";"09-06-2020";"POINT(4.952182,52.28759)";"POINT(52.28759,4.952182)";4.952182;52.28759;
4781;"T104794";"Urgent";"6-9 m";"09-06-2020";"POINT(4.950378,52.28998)";"POINT(52.28998,4.950378)";4.950378;52.28998;
4782;"T104838";"Urgent";"9-12 m";"09-06-2020";"POINT(4.952275,52.287508)";"POINT(52.287508,4.952275)";4.952275;52.287508;
4783;"T92562";"Urgent";"6-9 m";"09-06-2020";"POINT(4.950279,52.289906)";"POINT(52.289906,4.950279)";4.950279;52.289906;
4784;"T104776";"Urgent";"6-9 m";"09-06-2020";"POINT(4.949493,52.290583)";"POINT(52.290583,4.949493)";4.949493;52.290583;
4785;"T104781";"Urgent";"6-9 m";"09-06-2020";"POINT(4.949263,52.290506)";"POINT(52.290506,4.949263)";4.949263;52.290506;
4786;"T104785";"Urgent";"6-9 m";"09-06-2020";"POINT(4.949724,52.290644)";"POINT(52.290644,4.949724)";4.949724;52.290644;
4787;"T104852";"Urgent";"6-9 m";"09-06-2020";"POINT(4.948092,52.290119)";"POINT(52.290119,4.948092)";4.948092;52.290119;
4788;"T104858";"Urgent";"6-9 m";"09-06-2020";"POINT(4.948026,52.290238)";"POINT(52.290238,4.948026)";4.948026;52.290238;
4789;"T104805";"Urgent";"6-9 m";"09-06-2020";"POINT(4.948114,52.290418)";"POINT(52.290418,4.948114)";4.948114;52.290418;
4790;"T104810";"Urgent";"6-9 m";"09-06-2020";"POINT(4.94853,52.290078)";"POINT(52.290078,4.94853)";4.94853;52.290078;
4791;"T104789";"Urgent";"12-15 m";"09-06-2020";"POINT(4.950291,52.290186)";"POINT(52.290186,4.950291)";4.950291;52.290186;
4792;"_N_150648145000";"Urgent";"9-12 m";"09-06-2020";"POINT(4.95072,52.28948)";"POINT(52.28948,4.95072)";4.95072;52.28948;
4793;"_N_150749923000";"Urgent";"9-12 m";"09-06-2020";"POINT(4.950809,52.289663)";"POINT(52.289663,4.950809)";4.950809;52.289663;
4794;"_N_151242649000";"Urgent";"12-15 m";"09-06-2020";"POINT(4.950459,52.289803)";"POINT(52.289803,4.950459)";4.950459;52.289803;
4795;"_N_151537804000";"Urgent";"12-15 m";"09-06-2020";"POINT(4.950242,52.289967)";"POINT(52.289967,4.950242)";4.950242;52.289967;
4796;"_N_151651913000";"Urgent";"12-15 m";"09-06-2020";"POINT(4.950374,52.290002)";"POINT(52.290002,4.950374)";4.950374;52.290002;
4797;"_N_151740036000";"Urgent";"12-15 m";"09-06-2020";"POINT(4.950238,52.290088)";"POINT(52.290088,4.950238)";4.950238;52.290088;
4798;"_N_152057585000";"Urgent";"12-15 m";"09-06-2020";"POINT(4.950248,52.290177)";"POINT(52.290177,4.950248)";4.950248;52.290177;
4799;"_N_152155590000";"Urgent";"12-15 m";"09-06-2020";"POINT(4.950229,52.290218)";"POINT(52.290218,4.950229)";4.950229;52.290218;
4800;"_N_085134678000";"Urgent";"6-9 m";"09-06-2020";"POINT(4.949791,52.290731)";"POINT(52.290731,4.949791)";4.949791;52.290731;
4801;"T104830";"Urgent";"9-12 m";"09-06-2020";"POINT(4.952907,52.287201)";"POINT(52.287201,4.952907)";4.952907;52.287201;
4802;"T104842";"Urgent";"9-12 m";"09-06-2020";"POINT(4.952047,52.287643)";"POINT(52.287643,4.952047)";4.952047;52.287643;
4803;"_N_140014702000";"Urgent";"9-12 m";"09-06-2020";"POINT(4.951946,52.28768)";"POINT(52.28768,4.951946)";4.951946;52.28768;
4804;"T104771";"Urgent";"9-12 m";"09-06-2020";"POINT(4.949844,52.290588)";"POINT(52.290588,4.949844)";4.949844;52.290588;
4805;"T104853";"Urgent";"9-12 m";"09-06-2020";"POINT(4.947958,52.290111)";"POINT(52.290111,4.947958)";4.947958;52.290111;
4806;"T104861";"Urgent";"9-12 m";"09-06-2020";"POINT(4.948207,52.290314)";"POINT(52.290314,4.948207)";4.948207;52.290314;
4807;"T104866";"Urgent";"12-15 m";"09-06-2020";"POINT(4.948216,52.288925)";"POINT(52.288925,4.948216)";4.948216;52.288925;
4808;"T104878";"Urgent";"9-12 m";"09-06-2020";"POINT(4.952401,52.286671)";"POINT(52.286671,4.952401)";4.952401;52.286671;
4809;"_N_084556593000";"Urgent";"9-12 m";"09-06-2020";"POINT(4.949846,52.290636)";"POINT(52.290636,4.949846)";4.949846;52.290636;
4810;"_N_085527655000";"Urgent";"12-15 m";"09-06-2020";"POINT(4.949529,52.290651)";"POINT(52.290651,4.949529)";4.949529;52.290651;
4811;"_N_085856019000";"Urgent";"12-15 m";"09-06-2020";"POINT(4.949435,52.290507)";"POINT(52.290507,4.949435)";4.949435;52.290507;
4812;"_N_105333839000";"Urgent";"12-15 m";"09-06-2020";"POINT(4.948266,52.288895)";"POINT(52.288895,4.948266)";4.948266;52.288895;
4813;"666870";"Urgent";"15-18 m";"09-06-2020";"POINT(4.951573,52.288021)";"POINT(52.288021,4.951573)";4.951573;52.288021;
4814;"666889";"Urgent";"15-18 m";"09-06-2020";"POINT(4.950663,52.288188)";"POINT(52.288188,4.950663)";4.950663;52.288188;
4815;"666892";"Urgent";"12-15 m";"09-06-2020";"POINT(4.950582,52.288192)";"POINT(52.288192,4.950582)";4.950582;52.288192;
4816;"666877";"Urgent";"12-15 m";"09-06-2020";"POINT(4.952339,52.287529)";"POINT(52.287529,4.952339)";4.952339;52.287529;
4817;"666890";"Urgent";"6-9 m";"09-06-2020";"POINT(4.950224,52.288441)";"POINT(52.288441,4.950224)";4.950224;52.288441;
4818;"T104857";"Urgent";"9-12 m";"09-06-2020";"POINT(4.947943,52.290335)";"POINT(52.290335,4.947943)";4.947943;52.290335;
4819;"T104804";"Urgent";"6-9 m";"09-06-2020";"POINT(4.94847,52.290437)";"POINT(52.290437,4.94847)";4.94847;52.290437;
4820;"666859";"Urgent";"12-15 m";"09-06-2020";"POINT(4.954865,52.285604)";"POINT(52.285604,4.954865)";4.954865;52.285604;
4821;"666864";"Urgent";"12-15 m";"09-06-2020";"POINT(4.953112,52.285994)";"POINT(52.285994,4.953112)";4.953112;52.285994;
4822;"666863";"Urgent";"12-15 m";"09-06-2020";"POINT(4.952993,52.286203)";"POINT(52.286203,4.952993)";4.952993;52.286203;
4823;"666874";"Urgent";"12-15 m";"09-06-2020";"POINT(4.951895,52.288193)";"POINT(52.288193,4.951895)";4.951895;52.288193;
4824;"666876";"Urgent";"15-18 m";"09-06-2020";"POINT(4.952221,52.287516)";"POINT(52.287516,4.952221)";4.952221;52.287516;
4825;"666878";"Urgent";"15-18 m";"09-06-2020";"POINT(4.952365,52.28753)";"POINT(52.28753,4.952365)";4.952365;52.28753;
4826;"666879";"Urgent";"15-18 m";"09-06-2020";"POINT(4.952871,52.28713)";"POINT(52.28713,4.952871)";4.952871;52.28713;
4827;"666880";"Urgent";"15-18 m";"09-06-2020";"POINT(4.952501,52.287362)";"POINT(52.287362,4.952501)";4.952501;52.287362;
4828;"666886";"Urgent";"15-18 m";"09-06-2020";"POINT(4.951,52.287827)";"POINT(52.287827,4.951)";4.951;52.287827;
4829;"666887";"Urgent";"15-18 m";"09-06-2020";"POINT(4.951072,52.287864)";"POINT(52.287864,4.951072)";4.951072;52.287864;
4830;"666888";"Urgent";"15-18 m";"09-06-2020";"POINT(4.950644,52.288136)";"POINT(52.288136,4.950644)";4.950644;52.288136;
4831;"666891";"Urgent";"9-12 m";"09-06-2020";"POINT(4.950541,52.288321)";"POINT(52.288321,4.950541)";4.950541;52.288321;
4832;"666895";"Urgent";"6-9 m";"09-06-2020";"POINT(4.954403,52.288053)";"POINT(52.288053,4.954403)";4.954403;52.288053;
4833;"_N_143824009000";"Urgent";"9-12 m";"09-06-2020";"POINT(4.951918,52.288268)";"POINT(52.288268,4.951918)";4.951918;52.288268;
4834;"_N_144502514000";"Urgent";"9-12 m";"09-06-2020";"POINT(4.952252,52.288111)";"POINT(52.288111,4.952252)";4.952252;52.288111;
4835;"_N_100738609000";"Urgent";"6-9 m";"09-06-2020";"POINT(4.953889,52.288293)";"POINT(52.288293,4.953889)";4.953889;52.288293;
4836;"T104814";"Urgent";"9-12 m";"09-06-2020";"POINT(4.948457,52.289877)";"POINT(52.289877,4.948457)";4.948457;52.289877;
4837;"T104843";"Urgent";"15-18 m";"09-06-2020";"POINT(4.951978,52.287661)";"POINT(52.287661,4.951978)";4.951978;52.287661;
4838;"T104844";"Urgent";"15-18 m";"09-06-2020";"POINT(4.951892,52.287692)";"POINT(52.287692,4.951892)";4.951892;52.287692;
4839;"T92555";"Urgent";"6-9 m";"09-06-2020";"POINT(4.952986,52.286312)";"POINT(52.286312,4.952986)";4.952986;52.286312;
4840;"T104837";"Urgent";"15-18 m";"09-06-2020";"POINT(4.952278,52.287554)";"POINT(52.287554,4.952278)";4.952278;52.287554;
4841;"T104824";"Urgent";"12-15 m";"09-06-2020";"POINT(4.950391,52.288211)";"POINT(52.288211,4.950391)";4.950391;52.288211;
4842;"EPRM05";"Urgent";"12-15 m";"09-06-2020";"POINT(4.951038,52.289371)";"POINT(52.289371,4.951038)";4.951038;52.289371;
4843;"EPRM04";"Urgent";"6-9 m";"09-06-2020";"POINT(4.952645,52.288722)";"POINT(52.288722,4.952645)";4.952645;52.288722;
4844;"T104846";"Urgent";"12-15 m";"09-06-2020";"POINT(4.951615,52.287876)";"POINT(52.287876,4.951615)";4.951615;52.287876;
4845;"T104820";"Urgent";"12-15 m";"09-06-2020";"POINT(4.951223,52.288006)";"POINT(52.288006,4.951223)";4.951223;52.288006;
4846;"T104774";"Urgent";"9-12 m";"09-06-2020";"POINT(4.949709,52.290691)";"POINT(52.290691,4.949709)";4.949709;52.290691;
4847;"T104788";"Urgent";"6-9 m";"09-06-2020";"POINT(4.95018,52.290191)";"POINT(52.290191,4.95018)";4.95018;52.290191;
4848;"T92560";"Urgent";"9-12 m";"09-06-2020";"POINT(4.950496,52.288419)";"POINT(52.288419,4.950496)";4.950496;52.288419;
4849;"_N_113118299000";"Urgent";"9-12 m";"09-06-2020";"POINT(4.952346,52.286681)";"POINT(52.286681,4.952346)";4.952346;52.286681;
4850;"T104834";"Urgent";"12-15 m";"09-06-2020";"POINT(4.952499,52.287428)";"POINT(52.287428,4.952499)";4.952499;52.287428;
4851;"T104818";"Urgent";"9-12 m";"09-06-2020";"POINT(4.951862,52.288376)";"POINT(52.288376,4.951862)";4.951862;52.288376;
4852;"T104822";"Urgent";"15-18 m";"09-06-2020";"POINT(4.950141,52.288344)";"POINT(52.288344,4.950141)";4.950141;52.288344;
4853;"T92566";"Urgent";"6-9 m";"09-06-2020";"POINT(4.951648,52.288972)";"POINT(52.288972,4.951648)";4.951648;52.288972;
4854;"_N_142353700000";"Urgent";"9-12 m";"09-06-2020";"POINT(4.950635,52.288338)";"POINT(52.288338,4.950635)";4.950635;52.288338;
4855;"_N_095803901000";"Urgent";"9-12 m";"09-06-2020";"POINT(4.947164,52.290559)";"POINT(52.290559,4.947164)";4.947164;52.290559;
4856;"_N_104128651000";"Urgent";"15-18 m";"09-06-2020";"POINT(4.947751,52.289702)";"POINT(52.289702,4.947751)";4.947751;52.289702;
4857;"_N_104451219000";"Urgent";"12-15 m";"09-06-2020";"POINT(4.948076,52.289556)";"POINT(52.289556,4.948076)";4.948076;52.289556;
4858;"_N_112212910000";"Urgent";"9-12 m";"09-06-2020";"POINT(4.952316,52.286879)";"POINT(52.286879,4.952316)";4.952316;52.286879;
4859;"_N_112444183000";"Urgent";"9-12 m";"09-06-2020";"POINT(4.952271,52.286774)";"POINT(52.286774,4.952271)";4.952271;52.286774;
4860;"_N_112514184000";"Urgent";"9-12 m";"09-06-2020";"POINT(4.952372,52.286737)";"POINT(52.286737,4.952372)";4.952372;52.286737;
4861;"_N_112759419000";"Urgent";"9-12 m";"09-06-2020";"POINT(4.952382,52.286573)";"POINT(52.286573,4.952382)";4.952382;52.286573;
4862;"T104840";"Urgent";"9-12 m";"09-06-2020";"POINT(4.952222,52.287578)";"POINT(52.287578,4.952222)";4.952222;52.287578;
4863;"T104831";"Urgent";"9-12 m";"09-06-2020";"POINT(4.952888,52.287246)";"POINT(52.287246,4.952888)";4.952888;52.287246;
4864;"66826790";"Urgent";"12-15 m";"09-06-2020";"POINT(4.947875,52.289151)";"POINT(52.289151,4.947875)";4.947875;52.289151;
4865;"66826791";"Urgent";"12-15 m";"09-06-2020";"POINT(4.947907,52.289397)";"POINT(52.289397,4.947907)";4.947907;52.289397;
4866;"66826792";"Urgent";"12-15 m";"09-06-2020";"POINT(4.947892,52.289441)";"POINT(52.289441,4.947892)";4.947892;52.289441;
4867;"66826794";"Urgent";"12-15 m";"09-06-2020";"POINT(4.947992,52.289524)";"POINT(52.289524,4.947992)";4.947992;52.289524;
4868;"66826795";"Urgent";"12-15 m";"09-06-2020";"POINT(4.947848,52.289392)";"POINT(52.289392,4.947848)";4.947848;52.289392;
4869;"66826796";"Urgent";"12-15 m";"09-06-2020";"POINT(4.947453,52.28976)";"POINT(52.28976,4.947453)";4.947453;52.28976;
4870;"66826798";"Urgent";"15-18 m";"09-06-2020";"POINT(4.955293,52.287528)";"POINT(52.287528,4.955293)";4.955293;52.287528;
4871;"66826800";"Urgent";"6-9 m";"09-06-2020";"POINT(4.952865,52.28781)";"POINT(52.28781,4.952865)";4.952865;52.28781;
4872;"AMBO4769";"Urgent";"18-24 m";"10-06-2020";"POINT(4.825082,52.31961)";"POINT(52.31961,4.825082)";4.825082;52.31961;
4873;"NAMBO145635";"Urgent";"18-24 m";"10-06-2020";"POINT(4.823958,52.293447)";"POINT(52.293447,4.823958)";4.823958;52.293447;
4874;"M3207";"Urgent";"15-18 m";"10-06-2020";"POINT(4.962653,52.37043)";"POINT(52.37043,4.962653)";4.962653;52.37043;
4875;"488213";"Urgent";"15-18 m";"10-06-2020";"POINT(4.962649,52.370402)";"POINT(52.370402,4.962649)";4.962649;52.370402;
4876;"T92661";"Urgent";"9-12 m";"10-06-2020";"POINT(4.986041,52.319317)";"POINT(52.319317,4.986041)";4.986041;52.319317;
4877;"_N_133459437000";"Urgent";"9-12 m";"14-06-2020";"POINT(4.977189,52.303385)";"POINT(52.303385,4.977189)";4.977189;52.303385;
4878;"NAMBO146236";"Urgent";"18-24 m";"01-07-2020";"POINT(4.823581,52.320958)";"POINT(52.320958,4.823581)";4.823581;52.320958;
4879;"593271";"Urgent";"9-12 m";"01-07-2020";"POINT(4.985952,52.297974)";"POINT(52.297974,4.985952)";4.985952;52.297974;
4880;"595193";"Urgent";"0-6 m";"01-07-2020";"POINT(4.960598,52.318702)";"POINT(52.318702,4.960598)";4.960598;52.318702;
4881;"533502";"Urgent";"9-12 m";"01-07-2020";"POINT(4.938498,52.303634)";"POINT(52.303634,4.938498)";4.938498;52.303634;
4882;"534105";"Urgent";"12-15 m";"01-07-2020";"POINT(4.937965,52.301902)";"POINT(52.301902,4.937965)";4.937965;52.301902;
4883;"536396";"Urgent";"0-6 m";"01-07-2020";"POINT(4.942853,52.320952)";"POINT(52.320952,4.942853)";4.942853;52.320952;
4884;"537173";"Urgent";">24 m";"02-07-2020";"POINT(4.953772,52.320611)";"POINT(52.320611,4.953772)";4.953772;52.320611;
4885;"667806";"Urgent";"15-18 m";"02-07-2020";"POINT(4.951199,52.319939)";"POINT(52.319939,4.951199)";4.951199;52.319939;
4886;"537046";"Urgent";"15-18 m";"02-07-2020";"POINT(4.949132,52.31946)";"POINT(52.31946,4.949132)";4.949132;52.31946;
4887;"536377";"Urgent";"9-12 m";"02-07-2020";"POINT(4.951624,52.323171)";"POINT(52.323171,4.951624)";4.951624;52.323171;
4888;"AMBO91673_d70_d11";"Urgent";"12-15 m";"11-06-2020";"POINT(4.821773,52.293106)";"POINT(52.293106,4.821773)";4.821773;52.293106;
4889;"NAMBO145656_d22_d0";"Urgent";"18-24 m";"11-06-2020";"POINT(4.821306,52.293606)";"POINT(52.293606,4.821306)";4.821306;52.293606;
4890;"NAMBO145631_d23_d5";"Urgent";"18-24 m";"11-06-2020";"POINT(4.821673,52.293213)";"POINT(52.293213,4.821673)";4.821673;52.293213;
4891;"NAMBO145630_d46_d7";"Urgent";"18-24 m";"11-06-2020";"POINT(4.821703,52.293182)";"POINT(52.293182,4.821703)";4.821703;52.293182;
4892;"NAMBO145640_d50_d9";"Urgent";"18-24 m";"11-06-2020";"POINT(4.821829,52.293045)";"POINT(52.293045,4.821829)";4.821829;52.293045;
4893;"NAMBO145636";"Urgent";"18-24 m";"11-06-2020";"POINT(4.824026,52.293471)";"POINT(52.293471,4.824026)";4.824026;52.293471;
4894;"_N_133459437000";"Urgent";"9-12 m";"14-06-2020";"POINT(4.977189,52.303385)";"POINT(52.303385,4.977189)";4.977189;52.303385;
4895;"AMBO91673_d70_d11";"Urgent";"12-15 m";"11-06-2020";"POINT(4.821773,52.293106)";"POINT(52.293106,4.821773)";4.821773;52.293106;
4896;"NAMBO145656_d22_d0";"Urgent";"18-24 m";"11-06-2020";"POINT(4.821306,52.293606)";"POINT(52.293606,4.821306)";4.821306;52.293606;
4897;"NAMBO145631_d23_d5";"Urgent";"18-24 m";"11-06-2020";"POINT(4.821673,52.293213)";"POINT(52.293213,4.821673)";4.821673;52.293213;
4898;"NAMBO145630_d46_d7";"Urgent";"18-24 m";"11-06-2020";"POINT(4.821703,52.293182)";"POINT(52.293182,4.821703)";4.821703;52.293182;
4899;"NAMBO145640_d50_d9";"Urgent";"18-24 m";"11-06-2020";"POINT(4.821829,52.293045)";"POINT(52.293045,4.821829)";4.821829;52.293045;
4900;"NAMBO145636";"Urgent";"18-24 m";"11-06-2020";"POINT(4.824026,52.293471)";"POINT(52.293471,4.824026)";4.824026;52.293471;
4901;"593271";"Urgent";"9-12 m";"12-06-2020";"POINT(4.985953,52.297975)";"POINT(52.297975,4.985953)";4.985953;52.297975;

