OBJECTNUMMER;Kans_code;Kans;Diepte_code;Diepte;WKT_LNG_LAT;WKT_LAT_LNG;LNG;LAT;
1;2;"Extreem kleine kans: <1/30.000 per jaar";1;"";"MULTIPOLYGON(((4.893814 52.372547,4.893824 52.371648,4.895292 52.371654,4.895302 52.370755,4.893834 52.370749,4.893844 52.369851,4.892583 52.369845,4.893042 52.372544,4.893814 52.372547)),((4.896692 52.368964,4.895322 52.368958,4.895312 52.369857,4.89744 52.369866,4.896692 52.368964)),((4.898209 52.373464,4.896741 52.373458,4.896731 52.374356,4.898199 52.374362,4.898209 52.373464)),((4.893864 52.368053,4.893407 52.368051,4.892569 52.368947,4.893854 52.368952,4.893864 52.368053)),((4.895492 52.367518,4.895338 52.367497,4.895332 52.368059,4.895943 52.368062,4.895492 52.367518)))";"MULTIPOLYGON(((52.372547 4.893814,52.371648 4.893824,52.371654 4.895292,52.370755 4.895302,52.370749 4.893834,52.369851 4.893844,52.369845 4.892583,52.372544 4.893042,52.372547 4.893814)),((52.368964 4.896692,52.368958 4.895322,52.369857 4.895312,52.369866 4.89744,52.368964 4.896692)),((52.373464 4.898209,52.373458 4.896741,52.374356 4.896731,52.374362 4.898199,52.373464 4.898209)),((52.368053 4.893864,52.368051 4.893407,52.368947 4.892569,52.368952 4.893854,52.368053 4.893864)),((52.367518 4.895492,52.367497 4.895338,52.368059 4.895332,52.368062 4.895943,52.367518 4.895492)))";4.895394;52.3709225;
2;3;"Zeer kleine kans: 1/3.000 tot 1/30.000 per jaar";2;"0 tot 50 cm";"MULTIPOLYGON(((4.892376 52.369845,4.892386 52.368946,4.892569 52.368947,4.893407 52.368051,4.892396 52.368047,4.892415 52.366347,4.889472 52.366885,4.889469 52.367136,4.890938 52.367142,4.890928 52.368041,4.889459 52.368035,4.889449 52.368934,4.887981 52.368927,4.887978 52.369168,4.888634 52.371626,4.889419 52.37163,4.889409 52.372528,4.893042 52.372544,4.892583 52.369845,4.892376 52.369845)),((4.901762 52.380958,4.90581 52.379866,4.904036 52.377785,4.904034 52.377981,4.902565 52.377975,4.902556 52.378874,4.899618 52.378862,4.899609 52.379761,4.89814 52.379755,4.89813 52.380653,4.896661 52.380647,4.896659 52.380909,4.898766 52.382542,4.901762 52.380958)),((4.892316 52.375237,4.892326 52.374338,4.890857 52.374332,4.890847 52.375231,4.890092 52.375227,4.891065 52.37613,4.892306 52.376136,4.892293 52.37727,4.893011 52.377936,4.895223 52.377945,4.895243 52.376148,4.893774 52.376142,4.893784 52.375243,4.892316 52.375237)),((4.895893 52.367439,4.895807 52.365725,4.892931 52.366252,4.893884 52.366256,4.893874 52.367154,4.895342 52.367161,4.895338 52.367497,4.895492 52.367518,4.895893 52.367439)))";"MULTIPOLYGON(((52.369845 4.892376,52.368946 4.892386,52.368947 4.892569,52.368051 4.893407,52.368047 4.892396,52.366347 4.892415,52.366885 4.889472,52.367136 4.889469,52.367142 4.890938,52.368041 4.890928,52.368035 4.889459,52.368934 4.889449,52.368927 4.887981,52.369168 4.887978,52.371626 4.888634,52.37163 4.889419,52.372528 4.889409,52.372544 4.893042,52.369845 4.892583,52.369845 4.892376)),((52.380958 4.901762,52.379866 4.90581,52.377785 4.904036,52.377981 4.904034,52.377975 4.902565,52.378874 4.902556,52.378862 4.899618,52.379761 4.899609,52.379755 4.89814,52.380653 4.89813,52.380647 4.896661,52.380909 4.896659,52.382542 4.898766,52.380958 4.901762)),((52.375237 4.892316,52.374338 4.892326,52.374332 4.890857,52.375231 4.890847,52.375227 4.890092,52.37613 4.891065,52.376136 4.892306,52.37727 4.892293,52.377936 4.893011,52.377945 4.895223,52.376148 4.895243,52.376142 4.893774,52.375243 4.893784,52.375237 4.892316)),((52.367439 4.895893,52.365725 4.895807,52.366252 4.892931,52.366256 4.893884,52.367154 4.893874,52.367161 4.895342,52.367497 4.895338,52.367518 4.895492,52.367439 4.895893)))";4.896899;52.3741265;
3;2;"Extreem kleine kans: <1/30.000 per jaar";1;"";"MULTIPOLYGON(((4.888634 52.371626,4.887978 52.369168,4.887961 52.370725,4.886493 52.370719,4.886523 52.368022,4.885055 52.368016,4.885024 52.370712,4.88297 52.370704,4.88302 52.371603,4.888634 52.371626)),((4.892286 52.377933,4.890817 52.377927,4.890827 52.377028,4.889359 52.377022,4.889349 52.377921,4.886412 52.377908,4.886407 52.378324,4.887858 52.379903,4.88786 52.379712,4.889328 52.379718,4.889339 52.378819,4.892276 52.378832,4.892286 52.377933)),((4.889359 52.377022,4.889369 52.376123,4.891065 52.37613,4.890092 52.375227,4.88791 52.375218,4.8879 52.376117,4.884963 52.376105,4.884956 52.376746,4.886022 52.377907,4.886412 52.377908,4.886422 52.37701,4.889359 52.377022)),((4.884974 52.375206,4.884994 52.373408,4.886462 52.373415,4.886472 52.372516,4.88307 52.372502,4.883119 52.373401,4.883525 52.373402,4.883505 52.375168,4.883534 52.3752,4.884974 52.375206)),((4.885085 52.36532,4.884056 52.365316,4.883614 52.365592,4.883607 52.366213,4.885075 52.366219,4.885085 52.36532)),((4.887144 52.366228,4.886543 52.366225,4.886533 52.367124,4.888001 52.36713,4.888007 52.366617,4.887144 52.366228)),((4.892286 52.377933,4.893011 52.377936,4.892293 52.37727,4.892286 52.377933)),((4.885085 52.36532,4.885132 52.36532,4.885086 52.365299,4.885085 52.36532)))";"MULTIPOLYGON(((52.371626 4.888634,52.369168 4.887978,52.370725 4.887961,52.370719 4.886493,52.368022 4.886523,52.368016 4.885055,52.370712 4.885024,52.370704 4.88297,52.371603 4.88302,52.371626 4.888634)),((52.377933 4.892286,52.377927 4.890817,52.377028 4.890827,52.377022 4.889359,52.377921 4.889349,52.377908 4.886412,52.378324 4.886407,52.379903 4.887858,52.379712 4.88786,52.379718 4.889328,52.378819 4.889339,52.378832 4.892276,52.377933 4.892286)),((52.377022 4.889359,52.376123 4.889369,52.37613 4.891065,52.375227 4.890092,52.375218 4.88791,52.376117 4.8879,52.376105 4.884963,52.376746 4.884956,52.377907 4.886022,52.377908 4.886412,52.37701 4.886422,52.377022 4.889359)),((52.375206 4.884974,52.373408 4.884994,52.373415 4.886462,52.372516 4.886472,52.372502 4.88307,52.373401 4.883119,52.373402 4.883525,52.375168 4.883505,52.3752 4.883534,52.375206 4.884974)),((52.36532 4.885085,52.365316 4.884056,52.365592 4.883614,52.366213 4.883607,52.366219 4.885075,52.36532 4.885085)),((52.366228 4.887144,52.366225 4.886543,52.367124 4.886533,52.36713 4.888001,52.366617 4.888007,52.366228 4.887144)),((52.377933 4.892286,52.377936 4.893011,52.37727 4.892293,52.377933 4.892286)),((52.36532 4.885085,52.36532 4.885132,52.365299 4.885086,52.36532 4.885085)))";4.8879955;52.372594;
4;3;"Zeer kleine kans: 1/3.000 tot 1/30.000 per jaar";2;"0 tot 50 cm";"MULTIPOLYGON(((4.888011 52.366231,4.88948 52.366237,4.889472 52.366885,4.892415 52.366347,4.892416 52.36625,4.892931 52.366252,4.895807 52.365725,4.895893 52.367439,4.89975 52.366904,4.899757 52.36628,4.900711 52.366284,4.901194 52.365757,4.902707 52.36285,4.901265 52.362582,4.901264 52.362691,4.898328 52.362679,4.898335 52.36204,4.89687 52.361768,4.89685 52.363572,4.901254 52.36359,4.901244 52.364489,4.898308 52.364477,4.898288 52.366274,4.89682 52.366268,4.89683 52.365369,4.895362 52.365363,4.895402 52.361722,4.892462 52.362114,4.892456 52.362655,4.890988 52.362649,4.890992 52.36231,4.88853 52.362638,4.88952 52.362642,4.88951 52.363541,4.893914 52.36356,4.893894 52.365357,4.892426 52.365351,4.892436 52.364452,4.888032 52.364434,4.888042 52.363535,4.886775 52.36353,4.885093 52.364645,4.885086 52.365299,4.885132 52.36532,4.888022 52.365332,4.888011 52.366231)),((4.888011 52.366231,4.887144 52.366228,4.888007 52.366617,4.888011 52.366231)))";"MULTIPOLYGON(((52.366231 4.888011,52.366237 4.88948,52.366885 4.889472,52.366347 4.892415,52.36625 4.892416,52.366252 4.892931,52.365725 4.895807,52.367439 4.895893,52.366904 4.89975,52.36628 4.899757,52.366284 4.900711,52.365757 4.901194,52.36285 4.902707,52.362582 4.901265,52.362691 4.901264,52.362679 4.898328,52.36204 4.898335,52.361768 4.89687,52.363572 4.89685,52.36359 4.901254,52.364489 4.901244,52.364477 4.898308,52.366274 4.898288,52.366268 4.89682,52.365369 4.89683,52.365363 4.895362,52.361722 4.895402,52.362114 4.892462,52.362655 4.892456,52.362649 4.890988,52.36231 4.890992,52.362638 4.88853,52.362642 4.88952,52.363541 4.88951,52.36356 4.893914,52.365357 4.893894,52.365351 4.892426,52.364452 4.892436,52.364434 4.888032,52.363535 4.888042,52.36353 4.886775,52.364645 4.885093,52.365299 4.885086,52.36532 4.885132,52.365332 4.888022,52.366231 4.888011)),((52.366231 4.888011,52.366228 4.887144,52.366617 4.888007,52.366231 4.888011)))";4.8939015;52.3645735;
5;2;"Extreem kleine kans: <1/30.000 per jaar";1;"";"MULTIPOLYGON(((4.905551 52.373494,4.905541 52.374393,4.904073 52.374387,4.904053 52.376184,4.905522 52.37619,4.905512 52.377089,4.904044 52.377083,4.904036 52.377785,4.90581 52.379866,4.910978 52.379982,4.911809 52.376541,4.913462 52.373627,4.913394 52.371427,4.912919 52.371128,4.912912 52.371726,4.911444 52.37172,4.911454 52.370821,4.909985 52.370815,4.909966 52.372613,4.908498 52.372607,4.908488 52.373506,4.905551 52.373494),(4.908459 52.376202,4.908449 52.377101,4.906981 52.377095,4.906971 52.377993,4.909908 52.378005,4.909927 52.376208,4.908459 52.376202)),((4.904112 52.370792,4.904083 52.373488,4.905551 52.373494,4.905561 52.372595,4.907029 52.372601,4.907049 52.370804,4.908517 52.37081,4.908527 52.369911,4.90559 52.369899,4.90558 52.370798,4.904112 52.370792)),((4.899737 52.368077,4.89975 52.366904,4.895893 52.367439,4.895492 52.367518,4.895943 52.368062,4.8968 52.368065,4.89679 52.368964,4.896692 52.368964,4.89744 52.369866,4.898249 52.369869,4.898269 52.368071,4.899737 52.368077)),((4.904112 52.370792,4.904122 52.369893,4.901185 52.369881,4.901175 52.37078,4.904112 52.370792)),((4.90416 52.366354,4.901194 52.365757,4.900711 52.366284,4.902693 52.366292,4.902683 52.367191,4.904151 52.367197,4.90416 52.366354)),((4.908167 52.368112,4.907078 52.368107,4.907068 52.369006,4.909558 52.369016,4.908167 52.368112)),((4.898249 52.369869,4.898239 52.370768,4.899707 52.370774,4.899717 52.369875,4.898249 52.369869)),((4.899737 52.368077,4.899727 52.368976,4.901195 52.368982,4.901205 52.368084,4.899737 52.368077)))";"MULTIPOLYGON(((52.373494 4.905551,52.374393 4.905541,52.374387 4.904073,52.376184 4.904053,52.37619 4.905522,52.377089 4.905512,52.377083 4.904044,52.377785 4.904036,52.379866 4.90581,52.379982 4.910978,52.376541 4.911809,52.373627 4.913462,52.371427 4.913394,52.371128 4.912919,52.371726 4.912912,52.37172 4.911444,52.370821 4.911454,52.370815 4.909985,52.372613 4.909966,52.372607 4.908498,52.373506 4.908488,52.373494 4.905551),(52.376202 4.908459,52.377101 4.908449,52.377095 4.906981,52.377993 4.906971,52.378005 4.909908,52.376208 4.909927,52.376202 4.908459)),((52.370792 4.904112,52.373488 4.904083,52.373494 4.905551,52.372595 4.905561,52.372601 4.907029,52.370804 4.907049,52.37081 4.908517,52.369911 4.908527,52.369899 4.90559,52.370798 4.90558,52.370792 4.904112)),((52.368077 4.899737,52.366904 4.89975,52.367439 4.895893,52.367518 4.895492,52.368062 4.895943,52.368065 4.8968,52.368964 4.89679,52.368964 4.896692,52.369866 4.89744,52.369869 4.898249,52.368071 4.898269,52.368077 4.899737)),((52.370792 4.904112,52.369893 4.904122,52.369881 4.901185,52.37078 4.901175,52.370792 4.904112)),((52.366354 4.90416,52.365757 4.901194,52.366284 4.900711,52.366292 4.902693,52.367191 4.902683,52.367197 4.904151,52.366354 4.90416)),((52.368112 4.908167,52.368107 4.907078,52.369006 4.907068,52.369016 4.909558,52.368112 4.908167)),((52.369869 4.898249,52.370768 4.898239,52.370774 4.899707,52.369875 4.899717,52.369869 4.898249)),((52.368077 4.899737,52.368976 4.899727,52.368982 4.901195,52.368084 4.901205,52.368077 4.899737)))";4.904482;52.3728625;
6;2;"Extreem kleine kans: <1/30.000 per jaar";1;"";"MULTIPOLYGON(((4.8863 52.387794,4.884831 52.387788,4.884841 52.386889,4.88631 52.386895,4.8863 52.387794,4.887769 52.3878,4.887762 52.388395,4.89118 52.38845,4.895666 52.388831,4.8971 52.383473,4.898766 52.382542,4.896659 52.380909,4.896652 52.381546,4.895183 52.38154,4.895173 52.382439,4.893704 52.382433,4.893644 52.387825,4.892175 52.387819,4.892226 52.383325,4.889288 52.383313,4.889278 52.384212,4.887809 52.384205,4.887799 52.385104,4.884862 52.385092,4.884852 52.38599,4.883383 52.385984,4.883378 52.386376,4.88465 52.388346,4.886294 52.388372,4.8863 52.387794)),((4.884882 52.383294,4.884891 52.382514,4.883547 52.383289,4.884882 52.383294)))";"MULTIPOLYGON(((52.387794 4.8863,52.387788 4.884831,52.386889 4.884841,52.386895 4.88631,52.387794 4.8863,52.3878 4.887769,52.388395 4.887762,52.38845 4.89118,52.388831 4.895666,52.383473 4.8971,52.382542 4.898766,52.380909 4.896659,52.381546 4.896652,52.38154 4.895183,52.382439 4.895173,52.382433 4.893704,52.387825 4.893644,52.387819 4.892175,52.383325 4.892226,52.383313 4.889288,52.384212 4.889278,52.384205 4.887809,52.385104 4.887799,52.385092 4.884862,52.38599 4.884852,52.385984 4.883383,52.386376 4.883378,52.388346 4.88465,52.388372 4.886294,52.387794 4.8863)),((52.383294 4.884882,52.382514 4.884891,52.383289 4.883547,52.383294 4.884882)))";4.891077;52.384863;
7;3;"Zeer kleine kans: 1/3.000 tot 1/30.000 per jaar";2;"0 tot 50 cm";"MULTIPOLYGON(((4.879069 52.377877,4.879079 52.376978,4.880548 52.376985,4.880537 52.377883,4.879069 52.377877,4.879059 52.378776,4.878063 52.378771,4.879036 52.380717,4.879038 52.380573,4.881975 52.380586,4.881965 52.381484,4.879416 52.381474,4.879634 52.381913,4.881883 52.38418,4.881934 52.384181,4.881945 52.383282,4.883547 52.383289,4.884891 52.382514,4.884902 52.381497,4.886371 52.381503,4.886381 52.380604,4.88785 52.380611,4.887858 52.379903,4.886407 52.378324,4.886401 52.378807,4.884933 52.378801,4.884943 52.377902,4.886022 52.377907,4.884956 52.376746,4.884953 52.377003,4.882016 52.376991,4.882026 52.376092,4.877621 52.376073,4.877631 52.375175,4.876261 52.375169,4.877612 52.377871,4.879069 52.377877)),((4.882047 52.374295,4.882057 52.373396,4.883119 52.373401,4.88307 52.372502,4.882067 52.372497,4.882078 52.371599,4.88302 52.371603,4.88297 52.370704,4.882088 52.3707,4.882108 52.368902,4.88064 52.368896,4.88065 52.367997,4.879182 52.367991,4.879161 52.369789,4.877693 52.369782,4.877642 52.374276,4.882047 52.374295),(4.880609 52.371592,4.880619 52.370694,4.879151 52.370687,4.879141 52.371586,4.880609 52.371592)),((4.876204 52.371573,4.876231 52.36922,4.874708 52.371567,4.876204 52.371573)),((4.879203 52.366194,4.879216 52.365014,4.878101 52.366189,4.879203 52.366194)),((4.877724 52.367086,4.877392 52.367085,4.876955 52.367982,4.877714 52.367985,4.877724 52.367086)),((4.876173 52.37427,4.875811 52.374268,4.876165 52.374977,4.876173 52.37427)),((4.883534 52.3752,4.883505 52.375168,4.883505 52.3752,4.883534 52.3752)))";"MULTIPOLYGON(((52.377877 4.879069,52.376978 4.879079,52.376985 4.880548,52.377883 4.880537,52.377877 4.879069,52.378776 4.879059,52.378771 4.878063,52.380717 4.879036,52.380573 4.879038,52.380586 4.881975,52.381484 4.881965,52.381474 4.879416,52.381913 4.879634,52.38418 4.881883,52.384181 4.881934,52.383282 4.881945,52.383289 4.883547,52.382514 4.884891,52.381497 4.884902,52.381503 4.886371,52.380604 4.886381,52.380611 4.88785,52.379903 4.887858,52.378324 4.886407,52.378807 4.886401,52.378801 4.884933,52.377902 4.884943,52.377907 4.886022,52.376746 4.884956,52.377003 4.884953,52.376991 4.882016,52.376092 4.882026,52.376073 4.877621,52.375175 4.877631,52.375169 4.876261,52.377871 4.877612,52.377877 4.879069)),((52.374295 4.882047,52.373396 4.882057,52.373401 4.883119,52.372502 4.88307,52.372497 4.882067,52.371599 4.882078,52.371603 4.88302,52.370704 4.88297,52.3707 4.882088,52.368902 4.882108,52.368896 4.88064,52.367997 4.88065,52.367991 4.879182,52.369789 4.879161,52.369782 4.877693,52.374276 4.877642,52.374295 4.882047),(52.371592 4.880609,52.370694 4.880619,52.370687 4.879151,52.371586 4.879141,52.371592 4.880609)),((52.371573 4.876204,52.36922 4.876231,52.371567 4.874708,52.371573 4.876204)),((52.366194 4.879203,52.365014 4.879216,52.366189 4.878101,52.366194 4.879203)),((52.367086 4.877724,52.367085 4.877392,52.367982 4.876955,52.367985 4.877714,52.367086 4.877724)),((52.37427 4.876173,52.374268 4.875811,52.374977 4.876165,52.37427 4.876173)),((52.3752 4.883534,52.375168 4.883505,52.3752 4.883505,52.3752 4.883534)))";4.881288;52.3745905;
8;2;"Extreem kleine kans: <1/30.000 per jaar";1;"";"MULTIPOLYGON(((4.890992 52.36231,4.890998 52.36175,4.892466 52.361756,4.892462 52.362114,4.895402 52.361722,4.895412 52.36087,4.89688 52.360876,4.89687 52.361768,4.898335 52.36204,4.898338 52.36178,4.899806 52.361786,4.899816 52.360888,4.898348 52.360882,4.898358 52.359983,4.895422 52.359971,4.895432 52.359072,4.898367 52.359084,4.898377 52.358186,4.894314 52.358169,4.893974 52.358183,4.893964 52.359066,4.88956 52.359048,4.88955 52.359946,4.892486 52.359959,4.892476 52.360857,4.88954 52.360845,4.88953 52.361744,4.888062 52.361738,4.888052 52.362636,4.88853 52.362638,4.890992 52.36231)),((4.903747 52.360904,4.901284 52.360894,4.901265 52.362582,4.902707 52.36285,4.903747 52.360904)),((4.886574 52.363529,4.886584 52.36263,4.885116 52.362624,4.885106 52.363523,4.883638 52.363516,4.883627 52.364415,4.885095 52.364421,4.885093 52.364645,4.886775 52.36353,4.886574 52.363529)),((4.884056 52.365316,4.883617 52.365314,4.883614 52.365592,4.884056 52.365316)))";"MULTIPOLYGON(((52.36231 4.890992,52.36175 4.890998,52.361756 4.892466,52.362114 4.892462,52.361722 4.895402,52.36087 4.895412,52.360876 4.89688,52.361768 4.89687,52.36204 4.898335,52.36178 4.898338,52.361786 4.899806,52.360888 4.899816,52.360882 4.898348,52.359983 4.898358,52.359971 4.895422,52.359072 4.895432,52.359084 4.898367,52.358186 4.898377,52.358169 4.894314,52.358183 4.893974,52.359066 4.893964,52.359048 4.88956,52.359946 4.88955,52.359959 4.892486,52.360857 4.892476,52.360845 4.88954,52.361744 4.88953,52.361738 4.888062,52.362636 4.888052,52.362638 4.88853,52.36231 4.890992)),((52.360904 4.903747,52.360894 4.901284,52.362582 4.901265,52.36285 4.902707,52.360904 4.903747)),((52.363529 4.886574,52.36263 4.886584,52.362624 4.885116,52.363523 4.885106,52.363516 4.883638,52.364415 4.883627,52.364421 4.885095,52.364645 4.885093,52.36353 4.886775,52.363529 4.886574)),((52.365316 4.884056,52.365314 4.883617,52.365592 4.883614,52.365316 4.884056)))";4.8936855;52.3618735;
9;2;"Extreem kleine kans: <1/30.000 per jaar";1;"";"MULTIPOLYGON(((4.91154 52.362733,4.911511 52.365429,4.910043 52.365423,4.910072 52.362727,4.91154 52.362733,4.91155 52.361834,4.910082 52.361828,4.910091 52.36093,4.908623 52.360924,4.908604 52.362721,4.907136 52.362715,4.907107 52.365411,4.905639 52.365405,4.905629 52.366304,4.907097 52.36631,4.907088 52.367209,4.910024 52.367221,4.910014 52.368119,4.908167 52.368112,4.909558 52.369016,4.910288 52.369019,4.911477 52.368611,4.911482 52.368125,4.91288 52.368131,4.914425 52.367601,4.914428 52.367238,4.915474 52.367242,4.917372 52.366592,4.917374 52.366351,4.918066 52.366354,4.918845 52.366086,4.918861 52.36456,4.917393 52.364554,4.917403 52.363655,4.915935 52.363649,4.915944 52.36275,4.914476 52.362745,4.914486 52.361846,4.913018 52.36184,4.913008 52.362739,4.91154 52.362733)),((4.90422 52.360906,4.903747 52.360904,4.902707 52.36285,4.901194 52.365757,4.90416 52.366354,4.90422 52.360906)))";"MULTIPOLYGON(((52.362733 4.91154,52.365429 4.911511,52.365423 4.910043,52.362727 4.910072,52.362733 4.91154,52.361834 4.91155,52.361828 4.910082,52.36093 4.910091,52.360924 4.908623,52.362721 4.908604,52.362715 4.907136,52.365411 4.907107,52.365405 4.905639,52.366304 4.905629,52.36631 4.907097,52.367209 4.907088,52.367221 4.910024,52.368119 4.910014,52.368112 4.908167,52.369016 4.909558,52.369019 4.910288,52.368611 4.911477,52.368125 4.911482,52.368131 4.91288,52.367601 4.914425,52.367238 4.914428,52.367242 4.915474,52.366592 4.917372,52.366351 4.917374,52.366354 4.918066,52.366086 4.918845,52.36456 4.918861,52.364554 4.917393,52.363655 4.917403,52.363649 4.915935,52.36275 4.915944,52.362745 4.914476,52.361846 4.914486,52.36184 4.913018,52.362739 4.913008,52.362733 4.91154)),((52.360906 4.90422,52.360904 4.903747,52.36285 4.902707,52.365757 4.901194,52.366354 4.90416,52.360906 4.90422)))";4.9100325;52.3649545;
10;2;"Extreem kleine kans: <1/30.000 per jaar";1;"";"MULTIPOLYGON(((4.929045 52.373587,4.929055 52.372688,4.930523 52.372694,4.930532 52.371795,4.932 52.371801,4.932019 52.370003,4.929082 52.369992,4.929092 52.369093,4.927623 52.369088,4.927633 52.368189,4.924696 52.368177,4.924687 52.369076,4.926155 52.369082,4.926137 52.370879,4.924668 52.370874,4.924678 52.369975,4.923209 52.369969,4.9232 52.370868,4.921732 52.370862,4.921722 52.371761,4.920254 52.371755,4.920235 52.373553,4.921703 52.373558,4.921694 52.374457,4.923162 52.374463,4.923155 52.375208,4.923562 52.37516,4.927572 52.374033,4.927577 52.373581,4.929045 52.373587)),((4.917289 52.37444,4.917279 52.375338,4.914342 52.375327,4.914352 52.374428,4.917289 52.37444,4.917308 52.372642,4.915839 52.372636,4.915858 52.370839,4.91439 52.370833,4.9144 52.369934,4.912931 52.369929,4.912919 52.371128,4.913394 52.371427,4.913462 52.373627,4.911809 52.376541,4.920214 52.375553,4.920226 52.374451,4.917289 52.37444)),((4.9144 52.369934,4.917336 52.369946,4.917317 52.371743,4.918786 52.371749,4.918823 52.368154,4.917355 52.368149,4.917346 52.369047,4.914409 52.369036,4.9144 52.369934)),((4.924728 52.365096,4.923269 52.36428,4.923256 52.365476,4.924724 52.365481,4.924728 52.365096)),((4.917365 52.36725,4.917372 52.366592,4.915474 52.367242,4.917365 52.36725)),((4.914419 52.368137,4.914425 52.367601,4.91288 52.368131,4.914419 52.368137)),((4.911473 52.369024,4.911477 52.368611,4.910288 52.369019,4.911473 52.369024)),((4.918842 52.366357,4.918845 52.366086,4.918066 52.366354,4.918842 52.366357)),((4.921889 52.375357,4.921685 52.375356,4.921684 52.375381,4.921889 52.375357)),((4.929045 52.373587,4.929045 52.373619,4.92916 52.373587,4.929045 52.373587)))";"MULTIPOLYGON(((52.373587 4.929045,52.372688 4.929055,52.372694 4.930523,52.371795 4.930532,52.371801 4.932,52.370003 4.932019,52.369992 4.929082,52.369093 4.929092,52.369088 4.927623,52.368189 4.927633,52.368177 4.924696,52.369076 4.924687,52.369082 4.926155,52.370879 4.926137,52.370874 4.924668,52.369975 4.924678,52.369969 4.923209,52.370868 4.9232,52.370862 4.921732,52.371761 4.921722,52.371755 4.920254,52.373553 4.920235,52.373558 4.921703,52.374457 4.921694,52.374463 4.923162,52.375208 4.923155,52.37516 4.923562,52.374033 4.927572,52.373581 4.927577,52.373587 4.929045)),((52.37444 4.917289,52.375338 4.917279,52.375327 4.914342,52.374428 4.914352,52.37444 4.917289,52.372642 4.917308,52.372636 4.915839,52.370839 4.915858,52.370833 4.91439,52.369934 4.9144,52.369929 4.912931,52.371128 4.912919,52.371427 4.913394,52.373627 4.913462,52.376541 4.911809,52.375553 4.920214,52.374451 4.920226,52.37444 4.917289)),((52.369934 4.9144,52.369946 4.917336,52.371743 4.917317,52.371749 4.918786,52.368154 4.918823,52.368149 4.917355,52.369047 4.917346,52.369036 4.914409,52.369934 4.9144)),((52.365096 4.924728,52.36428 4.923269,52.365476 4.923256,52.365481 4.924724,52.365096 4.924728)),((52.36725 4.917365,52.366592 4.917372,52.367242 4.915474,52.36725 4.917365)),((52.368137 4.914419,52.367601 4.914425,52.368131 4.91288,52.368137 4.914419)),((52.369024 4.911473,52.368611 4.911477,52.369019 4.910288,52.369024 4.911473)),((52.366357 4.918842,52.366086 4.918845,52.366354 4.918066,52.366357 4.918842)),((52.375357 4.921889,52.375356 4.921685,52.375381 4.921684,52.375357 4.921889)),((52.373587 4.929045,52.373619 4.929045,52.373587 4.92916,52.373587 4.929045)))";4.9211585;52.3704035;
11;3;"Zeer kleine kans: 1/3.000 tot 1/30.000 per jaar";2;"0 tot 50 cm";"POLYGON((4.750088 52.429455,4.750562 52.429385,4.76676 52.427673,4.77264 52.427704,4.782944 52.426858,4.783435 52.426797,4.810425 52.423463,4.810923 52.423402,4.826387 52.420903,4.827127 52.420783,4.841848 52.419054,4.84242 52.418953,4.856579 52.416425,4.856569 52.417324,4.856606 52.417359,4.864507 52.41488,4.886316 52.400606,4.884378 52.399241,4.876047 52.394437,4.871599 52.395379,4.866003 52.393099,4.864251 52.393091,4.860593 52.395038,4.857407 52.395363,4.850956 52.395203,4.85095 52.395728,4.846543 52.395708,4.846521 52.397506,4.84799 52.397512,4.847968 52.39931,4.849437 52.399316,4.849416 52.401114,4.852354 52.401127,4.852333 52.402925,4.853802 52.402931,4.853791 52.40383,4.85526 52.403836,4.85525 52.404735,4.856719 52.404742,4.856687 52.407438,4.858156 52.407444,4.858146 52.408343,4.859615 52.40835,4.859604 52.409248,4.856665 52.409235,4.856687 52.407438,4.855217 52.407431,4.855239 52.405634,4.853769 52.405627,4.85378 52.404729,4.852311 52.404722,4.852333 52.402925,4.850863 52.402918,4.850874 52.402019,4.849405 52.402013,4.849416 52.401114,4.847946 52.401107,4.847957 52.400209,4.846488 52.400202,4.846499 52.399303,4.84503 52.399296,4.845052 52.397499,4.843583 52.397492,4.843594 52.396594,4.842124 52.396587,4.842135 52.395688,4.841351 52.395685,4.837915 52.396505,4.836128 52.395691,4.836053 52.394733,4.805767 52.394662,4.804716 52.396409,4.805396 52.396412,4.805385 52.397311,4.804177 52.397305,4.80391 52.397749,4.803856 52.401797,4.802387 52.40179,4.802417 52.399527,4.799966 52.400311,4.796298 52.399669,4.795068 52.399669,4.795065 52.399956,4.793595 52.399949,4.793599 52.399669,4.769292 52.399657,4.758863 52.400964,4.758013 52.397113,4.728936 52.400507,4.738774 52.431118,4.750088 52.429455),(4.818342 52.418045,4.818353 52.417147,4.816884 52.417139,4.816872 52.418038,4.815402 52.418031,4.815391 52.41893,4.8198 52.418951,4.819812 52.418052,4.821282 52.418059,4.821316 52.415363,4.822786 52.41537,4.822797 52.414472,4.821327 52.414465,4.821339 52.413566,4.822809 52.413573,4.82282 52.412674,4.82429 52.412681,4.824324 52.409985,4.825793 52.409992,4.825805 52.409093,4.827274 52.4091,4.827286 52.408202,4.825816 52.408195,4.825828 52.407296,4.822889 52.407282,4.822877 52.408181,4.821408 52.408174,4.821373 52.41087,4.819904 52.410863,4.819869 52.413559,4.8184 52.413552,4.818365 52.416248,4.819835 52.416255,4.819812 52.418052,4.818342 52.418045),(4.786164 52.406203,4.786152 52.407101,4.784682 52.407094,4.784694 52.406195,4.780286 52.406173,4.780249 52.408869,4.787597 52.408906,4.787633 52.40621,4.786164 52.406203),(4.781841 52.39989,4.781829 52.400788,4.78036 52.400781,4.780348 52.401679,4.784755 52.401702,4.78478 52.399904,4.781841 52.39989),(4.796438 52.407153,4.796414 52.408951,4.799353 52.408965,4.799377 52.407168,4.796438 52.407153),(4.78178 52.404383,4.781768 52.405282,4.787646 52.405312,4.787658 52.404413,4.78178 52.404383),(4.799234 52.417952,4.799246 52.417053,4.797776 52.417046,4.797764 52.417945,4.796294 52.417937,4.796282 52.418836,4.797752 52.418843,4.797764 52.417945,4.799234 52.417952),(4.867005 52.404787,4.867026 52.40299,4.865557 52.402983,4.865536 52.404781,4.867005 52.404787),(4.792006 52.408929,4.792018 52.40803,4.790548 52.408022,4.790536 52.408921,4.792006 52.408929),(4.793523 52.405341,4.793535 52.404442,4.792066 52.404435,4.792054 52.405334,4.793523 52.405341),(4.861053 52.411052,4.861063 52.410154,4.859594 52.410147,4.859583 52.411046,4.861053 52.411052),(4.768556 52.404315,4.768568 52.403416,4.767099 52.403408,4.767086 52.404307,4.768556 52.404315),(4.799448 52.401776,4.79946 52.400877,4.797991 52.40087,4.797979 52.401768,4.799448 52.401776),(4.850711 52.4155,4.850722 52.414601,4.849252 52.414594,4.849241 52.415493,4.850711 52.4155),(4.790645 52.400833,4.790657 52.399934,4.789188 52.399927,4.789175 52.400825,4.790645 52.400833),(4.830168 52.412709,4.83018 52.41181,4.82871 52.411803,4.828699 52.412702,4.830168 52.412709),(4.850928 52.397526,4.850939 52.396627,4.84947 52.39662,4.849459 52.397519,4.850928 52.397526))";"POLYGON((52.429455 4.750088,52.429385 4.750562,52.427673 4.76676,52.427704 4.77264,52.426858 4.782944,52.426797 4.783435,52.423463 4.810425,52.423402 4.810923,52.420903 4.826387,52.420783 4.827127,52.419054 4.841848,52.418953 4.84242,52.416425 4.856579,52.417324 4.856569,52.417359 4.856606,52.41488 4.864507,52.400606 4.886316,52.399241 4.884378,52.394437 4.876047,52.395379 4.871599,52.393099 4.866003,52.393091 4.864251,52.395038 4.860593,52.395363 4.857407,52.395203 4.850956,52.395728 4.85095,52.395708 4.846543,52.397506 4.846521,52.397512 4.84799,52.39931 4.847968,52.399316 4.849437,52.401114 4.849416,52.401127 4.852354,52.402925 4.852333,52.402931 4.853802,52.40383 4.853791,52.403836 4.85526,52.404735 4.85525,52.404742 4.856719,52.407438 4.856687,52.407444 4.858156,52.408343 4.858146,52.40835 4.859615,52.409248 4.859604,52.409235 4.856665,52.407438 4.856687,52.407431 4.855217,52.405634 4.855239,52.405627 4.853769,52.404729 4.85378,52.404722 4.852311,52.402925 4.852333,52.402918 4.850863,52.402019 4.850874,52.402013 4.849405,52.401114 4.849416,52.401107 4.847946,52.400209 4.847957,52.400202 4.846488,52.399303 4.846499,52.399296 4.84503,52.397499 4.845052,52.397492 4.843583,52.396594 4.843594,52.396587 4.842124,52.395688 4.842135,52.395685 4.841351,52.396505 4.837915,52.395691 4.836128,52.394733 4.836053,52.394662 4.805767,52.396409 4.804716,52.396412 4.805396,52.397311 4.805385,52.397305 4.804177,52.397749 4.80391,52.401797 4.803856,52.40179 4.802387,52.399527 4.802417,52.400311 4.799966,52.399669 4.796298,52.399669 4.795068,52.399956 4.795065,52.399949 4.793595,52.399669 4.793599,52.399657 4.769292,52.400964 4.758863,52.397113 4.758013,52.400507 4.728936,52.431118 4.738774,52.429455 4.750088),(52.418045 4.818342,52.417147 4.818353,52.417139 4.816884,52.418038 4.816872,52.418031 4.815402,52.41893 4.815391,52.418951 4.8198,52.418052 4.819812,52.418059 4.821282,52.415363 4.821316,52.41537 4.822786,52.414472 4.822797,52.414465 4.821327,52.413566 4.821339,52.413573 4.822809,52.412674 4.82282,52.412681 4.82429,52.409985 4.824324,52.409992 4.825793,52.409093 4.825805,52.4091 4.827274,52.408202 4.827286,52.408195 4.825816,52.407296 4.825828,52.407282 4.822889,52.408181 4.822877,52.408174 4.821408,52.41087 4.821373,52.410863 4.819904,52.413559 4.819869,52.413552 4.8184,52.416248 4.818365,52.416255 4.819835,52.418052 4.819812,52.418045 4.818342),(52.406203 4.786164,52.407101 4.786152,52.407094 4.784682,52.406195 4.784694,52.406173 4.780286,52.408869 4.780249,52.408906 4.787597,52.40621 4.787633,52.406203 4.786164),(52.39989 4.781841,52.400788 4.781829,52.400781 4.78036,52.401679 4.780348,52.401702 4.784755,52.399904 4.78478,52.39989 4.781841),(52.407153 4.796438,52.408951 4.796414,52.408965 4.799353,52.407168 4.799377,52.407153 4.796438),(52.404383 4.78178,52.405282 4.781768,52.405312 4.787646,52.404413 4.787658,52.404383 4.78178),(52.417952 4.799234,52.417053 4.799246,52.417046 4.797776,52.417945 4.797764,52.417937 4.796294,52.418836 4.796282,52.418843 4.797752,52.417945 4.797764,52.417952 4.799234),(52.404787 4.867005,52.40299 4.867026,52.402983 4.865557,52.404781 4.865536,52.404787 4.867005),(52.408929 4.792006,52.40803 4.792018,52.408022 4.790548,52.408921 4.790536,52.408929 4.792006),(52.405341 4.793523,52.404442 4.793535,52.404435 4.792066,52.405334 4.792054,52.405341 4.793523),(52.411052 4.861053,52.410154 4.861063,52.410147 4.859594,52.411046 4.859583,52.411052 4.861053),(52.404315 4.768556,52.403416 4.768568,52.403408 4.767099,52.404307 4.767086,52.404315 4.768556),(52.401776 4.799448,52.400877 4.79946,52.40087 4.797991,52.401768 4.797979,52.401776 4.799448),(52.4155 4.850711,52.414601 4.850722,52.414594 4.849252,52.415493 4.849241,52.4155 4.850711),(52.400833 4.790645,52.399934 4.790657,52.399927 4.789188,52.400825 4.789175,52.400833 4.790645),(52.412709 4.830168,52.41181 4.83018,52.411803 4.82871,52.412702 4.828699,52.412709 4.830168),(52.397526 4.850928,52.396627 4.850939,52.39662 4.84947,52.397519 4.849459,52.397526 4.850928))";4.807631;52.4120975;
12;2;"Extreem kleine kans: <1/30.000 per jaar";1;"";"MULTIPOLYGON(((4.793599 52.399669,4.793607 52.39905,4.795076 52.399058,4.795068 52.399669,4.796298 52.399669,4.799966 52.400311,4.802417 52.399527,4.802458 52.396398,4.804716 52.396409,4.805767 52.394662,4.836053 52.394733,4.836128 52.395691,4.837915 52.396505,4.841351 52.395685,4.840666 52.395681,4.840677 52.394783,4.839208 52.394776,4.839219 52.393877,4.83775 52.39387,4.837773 52.392073,4.840711 52.392087,4.840722 52.391188,4.839253 52.391181,4.839264 52.390282,4.836326 52.390269,4.836315 52.391167,4.834846 52.391161,4.834857 52.390262,4.820168 52.390193,4.820179 52.389294,4.821648 52.389301,4.82166 52.388402,4.823129 52.388409,4.823117 52.389308,4.83193 52.38935,4.831942 52.388451,4.830473 52.388444,4.830484 52.387545,4.831953 52.387552,4.831964 52.386653,4.833433 52.38666,4.833444 52.385762,4.831975 52.385755,4.831987 52.384856,4.835181 52.384871,4.831619 52.384798,4.831595 52.387394,4.818847 52.387553,4.818829 52.38918,4.818712 52.38918,4.81871 52.389287,4.817242 52.38928,4.81723 52.390179,4.814292 52.390164,4.814304 52.389266,4.815773 52.389273,4.815774 52.389181,4.773173 52.389188,4.773126 52.392655,4.771657 52.392647,4.771644 52.393546,4.770175 52.393538,4.7702 52.391741,4.768731 52.391733,4.768744 52.390834,4.767275 52.390827,4.767287 52.389928,4.765818 52.38992,4.765831 52.389022,4.764362 52.389014,4.764375 52.388115,4.767367 52.388131,4.766088 52.387939,4.75997 52.387928,4.759968 52.388092,4.758499 52.388084,4.75843 52.392979,4.758372 52.397071,4.758013 52.397113,4.758863 52.400964,4.769292 52.399657,4.793599 52.399669),(4.777446 52.398968,4.777458 52.39807,4.775989 52.398062,4.775977 52.398961,4.777446 52.398968),(4.828959 52.392032,4.82897 52.391133,4.827501 52.391126,4.82749 52.392025,4.828959 52.392032),(4.823094 52.391105,4.823083 52.392004,4.824552 52.392011,4.824563 52.391112,4.823094 52.391105)),((4.857407 52.395363,4.857405 52.392075,4.859268 52.391225,4.859294 52.38879,4.846627 52.388776,4.846619 52.389417,4.84515 52.389411,4.84514 52.390309,4.846608 52.390316,4.846587 52.392113,4.845118 52.392107,4.845085 52.394803,4.850961 52.39483,4.850956 52.395203,4.857407 52.395363),(4.85836 52.390369,4.858371 52.38947,4.849557 52.389431,4.849546 52.390329,4.85836 52.390369)),((4.842224 52.388498,4.839286 52.388485,4.839275 52.389384,4.842213 52.389397,4.842224 52.388498)),((4.840798 52.384986,4.83933 52.384956,4.839319 52.385789,4.840788 52.385796,4.840798 52.384986)),((4.768831 52.388351,4.768778 52.388342,4.768769 52.389037,4.769455 52.389041,4.768831 52.388351)),((4.804177 52.397305,4.803915 52.397304,4.80391 52.397749,4.804177 52.397305)))";"MULTIPOLYGON(((52.399669 4.793599,52.39905 4.793607,52.399058 4.795076,52.399669 4.795068,52.399669 4.796298,52.400311 4.799966,52.399527 4.802417,52.396398 4.802458,52.396409 4.804716,52.394662 4.805767,52.394733 4.836053,52.395691 4.836128,52.396505 4.837915,52.395685 4.841351,52.395681 4.840666,52.394783 4.840677,52.394776 4.839208,52.393877 4.839219,52.39387 4.83775,52.392073 4.837773,52.392087 4.840711,52.391188 4.840722,52.391181 4.839253,52.390282 4.839264,52.390269 4.836326,52.391167 4.836315,52.391161 4.834846,52.390262 4.834857,52.390193 4.820168,52.389294 4.820179,52.389301 4.821648,52.388402 4.82166,52.388409 4.823129,52.389308 4.823117,52.38935 4.83193,52.388451 4.831942,52.388444 4.830473,52.387545 4.830484,52.387552 4.831953,52.386653 4.831964,52.38666 4.833433,52.385762 4.833444,52.385755 4.831975,52.384856 4.831987,52.384871 4.835181,52.384798 4.831619,52.387394 4.831595,52.387553 4.818847,52.38918 4.818829,52.38918 4.818712,52.389287 4.81871,52.38928 4.817242,52.390179 4.81723,52.390164 4.814292,52.389266 4.814304,52.389273 4.815773,52.389181 4.815774,52.389188 4.773173,52.392655 4.773126,52.392647 4.771657,52.393546 4.771644,52.393538 4.770175,52.391741 4.7702,52.391733 4.768731,52.390834 4.768744,52.390827 4.767275,52.389928 4.767287,52.38992 4.765818,52.389022 4.765831,52.389014 4.764362,52.388115 4.764375,52.388131 4.767367,52.387939 4.766088,52.387928 4.75997,52.388092 4.759968,52.388084 4.758499,52.392979 4.75843,52.397071 4.758372,52.397113 4.758013,52.400964 4.758863,52.399657 4.769292,52.399669 4.793599),(52.398968 4.777446,52.39807 4.777458,52.398062 4.775989,52.398961 4.775977,52.398968 4.777446),(52.392032 4.828959,52.391133 4.82897,52.391126 4.827501,52.392025 4.82749,52.392032 4.828959),(52.391105 4.823094,52.392004 4.823083,52.392011 4.824552,52.391112 4.824563,52.391105 4.823094)),((52.395363 4.857407,52.392075 4.857405,52.391225 4.859268,52.38879 4.859294,52.388776 4.846627,52.389417 4.846619,52.389411 4.84515,52.390309 4.84514,52.390316 4.846608,52.392113 4.846587,52.392107 4.845118,52.394803 4.845085,52.39483 4.850961,52.395203 4.850956,52.395363 4.857407),(52.390369 4.85836,52.38947 4.858371,52.389431 4.849557,52.390329 4.849546,52.390369 4.85836)),((52.388498 4.842224,52.388485 4.839286,52.389384 4.839275,52.389397 4.842213,52.388498 4.842224)),((52.384986 4.840798,52.384956 4.83933,52.385789 4.839319,52.385796 4.840788,52.384986 4.840798)),((52.388351 4.768831,52.388342 4.768778,52.389037 4.768769,52.389041 4.769455,52.388351 4.768831)),((52.397305 4.804177,52.397304 4.803915,52.397749 4.80391,52.397305 4.804177)))";4.8086585;52.392874;
13;3;"Zeer kleine kans: 1/3.000 tot 1/30.000 per jaar";2;"0 tot 50 cm";"MULTIPOLYGON(((4.877435 52.39225,4.877425 52.393149,4.875956 52.393142,4.875959 52.392842,4.873021 52.392891,4.873008 52.394028,4.871538 52.394022,4.871549 52.393123,4.866003 52.393099,4.871599 52.395379,4.876047 52.394437,4.884378 52.399241,4.892798 52.393345,4.895666 52.388831,4.89118 52.38845,4.891199 52.388713,4.892165 52.388717,4.892145 52.390515,4.887815 52.390497,4.883326 52.391006,4.883322 52.391376,4.880181 52.391363,4.878913 52.391507,4.878904 52.392256,4.877435 52.39225)),((4.877435 52.39225,4.877437 52.392079,4.877221 52.392249,4.877435 52.39225)))";"MULTIPOLYGON(((52.39225 4.877435,52.393149 4.877425,52.393142 4.875956,52.392842 4.875959,52.392891 4.873021,52.394028 4.873008,52.394022 4.871538,52.393123 4.871549,52.393099 4.866003,52.395379 4.871599,52.394437 4.876047,52.399241 4.884378,52.393345 4.892798,52.388831 4.895666,52.38845 4.89118,52.388713 4.891199,52.388717 4.892165,52.390515 4.892145,52.390497 4.887815,52.391006 4.883326,52.391376 4.883322,52.391363 4.880181,52.391507 4.878913,52.392256 4.878904,52.39225 4.877435)),((52.39225 4.877435,52.392079 4.877437,52.392249 4.877221,52.39225 4.877435)))";4.8808395;52.3938385;
14;3;"Zeer kleine kans: 1/3.000 tot 1/30.000 per jaar";2;"0 tot 50 cm";"MULTIPOLYGON(((4.868632 52.391313,4.868653 52.389516,4.871591 52.389529,4.871612 52.387731,4.870143 52.387725,4.870153 52.386826,4.868684 52.38682,4.8687 52.385518,4.867231 52.38549,4.867226 52.385914,4.865757 52.385908,4.865763 52.385463,4.864651 52.385442,4.863163 52.388023,4.865031 52.38806,4.865081 52.388809,4.859294 52.38879,4.859268 52.391225,4.857405 52.392075,4.857407 52.395363,4.860593 52.395038,4.864251 52.393091,4.864204 52.393091,4.864214 52.392193,4.867152 52.392205,4.867163 52.391307,4.868632 52.391313),(4.864225 52.391294,4.864236 52.390395,4.862767 52.390389,4.862756 52.391287,4.864225 52.391294)),((4.868632 52.391313,4.868621 52.392212,4.873028 52.392231,4.873021 52.392891,4.875959 52.392842,4.875966 52.392244,4.877221 52.392249,4.877437 52.392079,4.877456 52.390453,4.878925 52.390459,4.878946 52.388662,4.880414 52.388668,4.880404 52.389567,4.884811 52.389585,4.884801 52.390484,4.883332 52.390478,4.883326 52.391006,4.887815 52.390497,4.88627 52.39049,4.886294 52.388372,4.88465 52.388346,4.883378 52.386376,4.883362 52.387782,4.877487 52.387757,4.877477 52.388655,4.874539 52.388643,4.874529 52.389541,4.87306 52.389535,4.873049 52.390434,4.870111 52.390421,4.870101 52.39132,4.868632 52.391313)),((4.876018 52.38775,4.876028 52.386852,4.878966 52.386864,4.878982 52.385448,4.876044 52.385474,4.876039 52.385953,4.87457 52.385946,4.874549 52.387744,4.876018 52.38775)),((4.89118 52.38845,4.887762 52.388395,4.887759 52.388699,4.891199 52.388713,4.89118 52.38845)),((4.880181 52.391363,4.878915 52.391358,4.878913 52.391507,4.880181 52.391363)))";"MULTIPOLYGON(((52.391313 4.868632,52.389516 4.868653,52.389529 4.871591,52.387731 4.871612,52.387725 4.870143,52.386826 4.870153,52.38682 4.868684,52.385518 4.8687,52.38549 4.867231,52.385914 4.867226,52.385908 4.865757,52.385463 4.865763,52.385442 4.864651,52.388023 4.863163,52.38806 4.865031,52.388809 4.865081,52.38879 4.859294,52.391225 4.859268,52.392075 4.857405,52.395363 4.857407,52.395038 4.860593,52.393091 4.864251,52.393091 4.864204,52.392193 4.864214,52.392205 4.867152,52.391307 4.867163,52.391313 4.868632),(52.391294 4.864225,52.390395 4.864236,52.390389 4.862767,52.391287 4.862756,52.391294 4.864225)),((52.391313 4.868632,52.392212 4.868621,52.392231 4.873028,52.392891 4.873021,52.392842 4.875959,52.392244 4.875966,52.392249 4.877221,52.392079 4.877437,52.390453 4.877456,52.390459 4.878925,52.388662 4.878946,52.388668 4.880414,52.389567 4.880404,52.389585 4.884811,52.390484 4.884801,52.390478 4.883332,52.391006 4.883326,52.390497 4.887815,52.39049 4.88627,52.388372 4.886294,52.388346 4.88465,52.386376 4.883378,52.387782 4.883362,52.387757 4.877487,52.388655 4.877477,52.388643 4.874539,52.389541 4.874529,52.389535 4.87306,52.390434 4.873049,52.390421 4.870111,52.39132 4.870101,52.391313 4.868632)),((52.38775 4.876018,52.386852 4.876028,52.386864 4.878966,52.385448 4.878982,52.385474 4.876044,52.385953 4.876039,52.385946 4.87457,52.387744 4.874549,52.38775 4.876018)),((52.38845 4.89118,52.388395 4.887762,52.388699 4.887759,52.388713 4.891199,52.38845 4.89118)),((52.391363 4.880181,52.391358 4.878915,52.391507 4.878913,52.391363 4.880181)))";4.874307;52.3903955;
15;3;"Zeer kleine kans: 1/3.000 tot 1/30.000 per jaar";2;"0 tot 50 cm";"POLYGON((4.878982 52.385448,4.878987 52.385067,4.880455 52.385073,4.880466 52.384174,4.881883 52.38418,4.879634 52.381913,4.87463 52.380723,4.874622 52.381453,4.873153 52.381447,4.873164 52.380548,4.871695 52.380541,4.871705 52.379643,4.873174 52.379649,4.873164 52.380548,4.873949 52.380551,4.870359 52.375949,4.867925 52.382041,4.870641 52.382523,4.869672 52.385026,4.876049 52.385054,4.876044 52.385474,4.878982 52.385448),(4.877528 52.384162,4.877549 52.382364,4.87608 52.382358,4.876059 52.384155,4.877528 52.384162))";"POLYGON((52.385448 4.878982,52.385067 4.878987,52.385073 4.880455,52.384174 4.880466,52.38418 4.881883,52.381913 4.879634,52.380723 4.87463,52.381453 4.874622,52.381447 4.873153,52.380548 4.873164,52.380541 4.871695,52.379643 4.871705,52.379649 4.873174,52.380548 4.873164,52.380551 4.873949,52.375949 4.870359,52.382041 4.867925,52.382523 4.870641,52.385026 4.869672,52.385054 4.876049,52.385474 4.876044,52.385448 4.878982),(52.384162 4.877528,52.382364 4.877549,52.382358 4.87608,52.384155 4.876059,52.384162 4.877528))";4.874909;52.3807045;
16;3;"Zeer kleine kans: 1/3.000 tot 1/30.000 per jaar";2;"0 tot 50 cm";"POLYGON((4.869672 52.385026,4.870641 52.382523,4.867925 52.382041,4.870359 52.375949,4.867435 52.372554,4.864846 52.375119,4.865884 52.375124,4.865894 52.374225,4.867363 52.374231,4.867352 52.37513,4.868821 52.375136,4.86881 52.376035,4.864405 52.376016,4.864394 52.376914,4.863952 52.376913,4.860546 52.385392,4.864651 52.385442,4.865763 52.385463,4.865768 52.385009,4.867237 52.385016,4.867231 52.38549,4.8687 52.385518,4.868705 52.385022,4.869672 52.385026))";"POLYGON((52.385026 4.869672,52.382523 4.870641,52.382041 4.867925,52.375949 4.870359,52.372554 4.867435,52.375119 4.864846,52.375124 4.865884,52.374225 4.865894,52.374231 4.867363,52.37513 4.867352,52.375136 4.868821,52.376035 4.86881,52.376016 4.864405,52.376914 4.864394,52.376913 4.863952,52.385392 4.860546,52.385442 4.864651,52.385463 4.865763,52.385009 4.865768,52.385016 4.867237,52.38549 4.867231,52.385518 4.8687,52.385022 4.868705,52.385026 4.869672))";4.8655985;52.379029;
17;3;"Zeer kleine kans: 1/3.000 tot 1/30.000 per jaar";2;"0 tot 50 cm";"POLYGON((4.879416 52.381474,4.879028 52.381472,4.879036 52.380717,4.878063 52.378771,4.876122 52.378763,4.876132 52.377864,4.877612 52.377871,4.876261 52.375169,4.876163 52.375168,4.876165 52.374977,4.875811 52.374268,4.874705 52.374263,4.874715 52.373365,4.873247 52.373358,4.873251 52.372977,4.871786 52.372681,4.871778 52.373352,4.87031 52.373345,4.870321 52.372447,4.870632 52.372448,4.867359 52.371787,4.866353 52.371585,4.867435 52.372554,4.870359 52.375949,4.873949 52.380551,4.874632 52.380554,4.87463 52.380723,4.879634 52.381913,4.879416 52.381474),(4.871758 52.375149,4.871768 52.37425,4.8703 52.374244,4.870289 52.375143,4.871758 52.375149))";"POLYGON((52.381474 4.879416,52.381472 4.879028,52.380717 4.879036,52.378771 4.878063,52.378763 4.876122,52.377864 4.876132,52.377871 4.877612,52.375169 4.876261,52.375168 4.876163,52.374977 4.876165,52.374268 4.875811,52.374263 4.874705,52.373365 4.874715,52.373358 4.873247,52.372977 4.873251,52.372681 4.871786,52.373352 4.871778,52.373345 4.87031,52.372447 4.870321,52.372448 4.870632,52.371787 4.867359,52.371585 4.866353,52.372554 4.867435,52.375949 4.870359,52.380551 4.873949,52.380554 4.874632,52.380723 4.87463,52.381913 4.879634,52.381474 4.879416),(52.375149 4.871758,52.37425 4.871768,52.374244 4.8703,52.375143 4.870289,52.375149 4.871758))";4.8729985;52.376742;
18;2;"Extreem kleine kans: <1/30.000 per jaar";1;"";"MULTIPOLYGON(((4.870373 52.367953,4.870352 52.369751,4.868884 52.369744,4.868863 52.371542,4.867531 52.371536,4.867359 52.371787,4.870632 52.372448,4.871789 52.372453,4.87181 52.370656,4.873278 52.370662,4.873268 52.371561,4.874708 52.371567,4.876231 52.36922,4.876241 52.368352,4.874778 52.367949,4.874777 52.367972,4.873309 52.367966,4.873288 52.369763,4.87182 52.369757,4.871841 52.36796,4.870373 52.367953)),((4.871789 52.372453,4.871786 52.372681,4.873251 52.372977,4.873257 52.372459,4.871789 52.372453)),((4.870373 52.367953,4.87038 52.367382,4.869988 52.367951,4.870373 52.367953)),((4.868884 52.369744,4.868886 52.36956,4.86876 52.369744,4.868884 52.369744)))";"MULTIPOLYGON(((52.367953 4.870373,52.369751 4.870352,52.369744 4.868884,52.371542 4.868863,52.371536 4.867531,52.371787 4.867359,52.372448 4.870632,52.372453 4.871789,52.370656 4.87181,52.370662 4.873278,52.371561 4.873268,52.371567 4.874708,52.36922 4.876231,52.368352 4.876241,52.367949 4.874778,52.367972 4.874777,52.367966 4.873309,52.369763 4.873288,52.369757 4.87182,52.36796 4.871841,52.367953 4.870373)),((52.372453 4.871789,52.372681 4.871786,52.372977 4.873251,52.372459 4.873257,52.372453 4.871789)),((52.367953 4.870373,52.367382 4.87038,52.367951 4.869988,52.367953 4.870373)),((52.369744 4.868884,52.36956 4.868886,52.369744 4.86876,52.369744 4.868884)))";4.871805;52.3701725;
19;3;"Zeer kleine kans: 1/3.000 tot 1/30.000 per jaar";2;"0 tot 50 cm";"POLYGON((4.867531 52.371536,4.867394 52.371535,4.867415 52.369738,4.86876 52.369744,4.868886 52.36956,4.868905 52.367947,4.869988 52.367951,4.87038 52.367382,4.870387 52.366764,4.861599 52.364951,4.861596 52.365218,4.860618 52.365214,4.864679 52.369726,4.865947 52.369731,4.865937 52.37063,4.86549 52.370628,4.866353 52.371585,4.867359 52.371787,4.867531 52.371536))";"POLYGON((52.371536 4.867531,52.371535 4.867394,52.369738 4.867415,52.369744 4.86876,52.36956 4.868886,52.367947 4.868905,52.367951 4.869988,52.367382 4.87038,52.366764 4.870387,52.364951 4.861599,52.365218 4.861596,52.365214 4.860618,52.369726 4.864679,52.369731 4.865947,52.37063 4.865937,52.370628 4.86549,52.371585 4.866353,52.371787 4.867359,52.371536 4.867531))";4.8655075;52.368362;
20;2;"Extreem kleine kans: <1/30.000 per jaar";1;"";"MULTIPOLYGON(((4.870387 52.366764,4.870404 52.365257,4.871884 52.365263,4.868481 52.36435,4.86601 52.364339,4.866018 52.363688,4.864555 52.363295,4.864553 52.363434,4.863085 52.363427,4.863091 52.362928,4.861335 52.362521,4.86016 52.362516,4.860138 52.364313,4.861606 52.36432,4.861599 52.364951,4.870387 52.366764)),((4.876241 52.368352,4.876246 52.367979,4.876955 52.367982,4.877392 52.367085,4.876256 52.36708,4.876263 52.366439,4.8748 52.366046,4.874778 52.367949,4.876241 52.368352)),((4.858699 52.36191,4.857384 52.361604,4.858219 52.362507,4.858692 52.362509,4.858699 52.36191)))";"MULTIPOLYGON(((52.366764 4.870387,52.365257 4.870404,52.365263 4.871884,52.36435 4.868481,52.364339 4.86601,52.363688 4.866018,52.363295 4.864555,52.363434 4.864553,52.363427 4.863085,52.362928 4.863091,52.362521 4.861335,52.362516 4.86016,52.364313 4.860138,52.36432 4.861606,52.364951 4.861599,52.366764 4.870387)),((52.368352 4.876241,52.367979 4.876246,52.367982 4.876955,52.367085 4.877392,52.36708 4.876256,52.366439 4.876263,52.366046 4.8748,52.367949 4.874778,52.368352 4.876241)),((52.36191 4.858699,52.361604 4.857384,52.362507 4.858219,52.362509 4.858692,52.36191 4.858699)))";4.867393;52.364971;
21;3;"Zeer kleine kans: 1/3.000 tot 1/30.000 per jaar";2;"0 tot 50 cm";"POLYGON((4.878101 52.366189,4.879216 52.365014,4.879224 52.364284,4.865553 52.360311,4.864138 52.362533,4.864564 52.362535,4.864555 52.363295,4.866018 52.363688,4.866021 52.36344,4.868957 52.363453,4.868947 52.364352,4.868481 52.36435,4.871884 52.365263,4.874809 52.365276,4.8748 52.366046,4.876263 52.366439,4.876266 52.366181,4.878101 52.366189))";"POLYGON((52.366189 4.878101,52.365014 4.879216,52.364284 4.879224,52.360311 4.865553,52.362533 4.864138,52.362535 4.864564,52.363295 4.864555,52.363688 4.866018,52.36344 4.866021,52.363453 4.868957,52.364352 4.868947,52.36435 4.868481,52.365263 4.871884,52.365276 4.874809,52.366046 4.8748,52.366439 4.876263,52.366181 4.876266,52.366189 4.878101))";4.871686;52.363368;
22;3;"Zeer kleine kans: 1/3.000 tot 1/30.000 per jaar";2;"0 tot 50 cm";"MULTIPOLYGON(((4.863091 52.362928,4.863096 52.362529,4.864138 52.362533,4.865553 52.360311,4.865449 52.358989,4.855827 52.356538,4.85582 52.357104,4.857288 52.35711,4.857277 52.358009,4.855809 52.358002,4.855798 52.358901,4.855633 52.3589,4.857384 52.361604,4.858699 52.36191,4.858702 52.36161,4.861638 52.361623,4.861628 52.362522,4.861335 52.362521,4.863091 52.362928)),((4.854355 52.35685,4.854361 52.356354,4.854089 52.356403,4.854355 52.35685)))";"MULTIPOLYGON(((52.362928 4.863091,52.362529 4.863096,52.362533 4.864138,52.360311 4.865553,52.358989 4.865449,52.356538 4.855827,52.357104 4.85582,52.35711 4.857288,52.358009 4.857277,52.358002 4.855809,52.358901 4.855798,52.3589 4.855633,52.361604 4.857384,52.36191 4.858699,52.36161 4.858702,52.361623 4.861638,52.362522 4.861628,52.362521 4.861335,52.362928 4.863091)),((52.35685 4.854355,52.356354 4.854361,52.356403 4.854089,52.35685 4.854355)))";4.859826;52.359634;
23;3;"Zeer kleine kans: 1/3.000 tot 1/30.000 per jaar";2;"0 tot 50 cm";"POLYGON((4.880321 52.361705,4.865562 52.358777,4.865449 52.358989,4.865553 52.360311,4.879224 52.364284,4.879254 52.3617,4.880321 52.361705))";"POLYGON((52.361705 4.880321,52.358777 4.865562,52.358989 4.865449,52.360311 4.865553,52.364284 4.879224,52.3617 4.879254,52.361705 4.880321))";4.87289;52.3615235;
24;3;"Zeer kleine kans: 1/3.000 tot 1/30.000 per jaar";2;"0 tot 50 cm";"MULTIPOLYGON(((4.933524 52.366414,4.933533 52.365515,4.937937 52.365532,4.937947 52.364633,4.939415 52.364639,4.939406 52.365538,4.939667 52.365539,4.94091 52.358409,4.938015 52.357818,4.93801 52.358342,4.936542 52.358337,4.936544 52.358141,4.935069 52.358852,4.935065 52.35923,4.934293 52.359227,4.933594 52.359565,4.933579 52.361022,4.932246 52.361017,4.932109 52.361164,4.932056 52.366408,4.933524 52.366414)),((4.933524 52.366414,4.933522 52.366585,4.93499 52.3666,4.934992 52.36642,4.933524 52.366414)))";"MULTIPOLYGON(((52.366414 4.933524,52.365515 4.933533,52.365532 4.937937,52.364633 4.937947,52.364639 4.939415,52.365538 4.939406,52.365539 4.939667,52.358409 4.94091,52.357818 4.938015,52.358342 4.93801,52.358337 4.936542,52.358141 4.936544,52.358852 4.935069,52.35923 4.935065,52.359227 4.934293,52.359565 4.933594,52.361022 4.933579,52.361017 4.932246,52.361164 4.932109,52.366408 4.932056,52.366414 4.933524)),((52.366414 4.933524,52.366585 4.933522,52.3666 4.93499,52.36642 4.934992,52.366414 4.933524)))";4.936488;52.362202;
25;3;"Zeer kleine kans: 1/3.000 tot 1/30.000 per jaar";2;"0 tot 50 cm";"MULTIPOLYGON(((4.955546 52.366496,4.955581 52.362901,4.957049 52.362907,4.957084 52.359312,4.958552 52.359317,4.958568 52.3577,4.958553 52.357693,4.942173 52.358358,4.942414 52.358359,4.942405 52.359258,4.940937 52.359252,4.940945 52.358407,4.94091 52.358409,4.939667 52.365539,4.942342 52.365549,4.942351 52.36465,4.946755 52.364666,4.946746 52.365565,4.948214 52.365571,4.948205 52.366469,4.946737 52.366464,4.946735 52.36669,4.949849 52.366707,4.956563 52.368367,4.957006 52.367391,4.957014 52.366502,4.955546 52.366496)),((4.960011 52.360221,4.958543 52.360216,4.958526 52.362013,4.95944 52.362017,4.959787 52.361252,4.960003 52.36106,4.960011 52.360221)),((4.961947 52.359329,4.961488 52.359328,4.961484 52.359741,4.961947 52.359329)))";"MULTIPOLYGON(((52.366496 4.955546,52.362901 4.955581,52.362907 4.957049,52.359312 4.957084,52.359317 4.958552,52.3577 4.958568,52.357693 4.958553,52.358358 4.942173,52.358359 4.942414,52.359258 4.942405,52.359252 4.940937,52.358407 4.940945,52.358409 4.94091,52.365539 4.939667,52.365549 4.942342,52.36465 4.942351,52.364666 4.946755,52.365565 4.946746,52.365571 4.948214,52.366469 4.948205,52.366464 4.946737,52.36669 4.946735,52.366707 4.949849,52.368367 4.956563,52.367391 4.957006,52.366502 4.957014,52.366496 4.955546)),((52.360221 4.960011,52.360216 4.958543,52.362013 4.958526,52.362017 4.95944,52.361252 4.959787,52.36106 4.960003,52.360221 4.960011)),((52.359329 4.961947,52.359328 4.961488,52.359741 4.961484,52.359329 4.961947)))";4.950812;52.363023;
26;2;"Extreem kleine kans: <1/30.000 per jaar";1;"";"MULTIPOLYGON(((4.929036 52.374486,4.927568 52.37448,4.927572 52.374033,4.923562 52.37516,4.923155 52.375208,4.923153 52.375362,4.921889 52.375357,4.921684 52.375381,4.921675 52.376254,4.920207 52.376249,4.920214 52.375553,4.911809 52.376541,4.910978 52.379982,4.91983 52.38079,4.931467 52.381994,4.952411 52.38212,4.959728 52.381517,4.958481 52.380957,4.953787 52.376036,4.956563 52.368367,4.949849 52.366707,4.946735 52.36669,4.946719 52.368261,4.951124 52.368278,4.951115 52.369176,4.933496 52.36911,4.933487 52.370009,4.934955 52.370015,4.934937 52.371812,4.936405 52.371818,4.936396 52.372716,4.939333 52.372727,4.939324 52.373626,4.936387 52.373615,4.936378 52.374514,4.931973 52.374497,4.931964 52.375396,4.929027 52.375384,4.929036 52.374486),(4.948125 52.374558,4.948134 52.373659,4.945198 52.373648,4.945189 52.374547,4.948125 52.374558),(4.924621 52.375367,4.924612 52.376266,4.926081 52.376272,4.92609 52.375373,4.924621 52.375367),(4.954052 52.369187,4.954061 52.368288,4.952592 52.368283,4.952584 52.369182,4.954052 52.369187),(4.912855 52.377118,4.912845 52.378017,4.914314 52.378023,4.914323 52.377124,4.912855 52.377118)),((4.934928 52.372711,4.931991 52.3727,4.931982 52.373598,4.934919 52.373609,4.934928 52.372711)),((4.929036 52.374486,4.930504 52.374491,4.930514 52.373593,4.92916 52.373587,4.929045 52.373619,4.929036 52.374486)),((4.93499 52.3666,4.933522 52.366585,4.933515 52.367313,4.934983 52.367318,4.93499 52.3666)))";"MULTIPOLYGON(((52.374486 4.929036,52.37448 4.927568,52.374033 4.927572,52.37516 4.923562,52.375208 4.923155,52.375362 4.923153,52.375357 4.921889,52.375381 4.921684,52.376254 4.921675,52.376249 4.920207,52.375553 4.920214,52.376541 4.911809,52.379982 4.910978,52.38079 4.91983,52.381994 4.931467,52.38212 4.952411,52.381517 4.959728,52.380957 4.958481,52.376036 4.953787,52.368367 4.956563,52.366707 4.949849,52.36669 4.946735,52.368261 4.946719,52.368278 4.951124,52.369176 4.951115,52.36911 4.933496,52.370009 4.933487,52.370015 4.934955,52.371812 4.934937,52.371818 4.936405,52.372716 4.936396,52.372727 4.939333,52.373626 4.939324,52.373615 4.936387,52.374514 4.936378,52.374497 4.931973,52.375396 4.931964,52.375384 4.929027,52.374486 4.929036),(52.374558 4.948125,52.373659 4.948134,52.373648 4.945198,52.374547 4.945189,52.374558 4.948125),(52.375367 4.924621,52.376266 4.924612,52.376272 4.926081,52.375373 4.92609,52.375367 4.924621),(52.369187 4.954052,52.368288 4.954061,52.368283 4.952592,52.369182 4.952584,52.369187 4.954052),(52.377118 4.912855,52.378017 4.912845,52.378023 4.914314,52.377124 4.914323,52.377118 4.912855)),((52.372711 4.934928,52.3727 4.931991,52.373598 4.931982,52.373609 4.934919,52.372711 4.934928)),((52.374486 4.929036,52.374491 4.930504,52.373593 4.930514,52.373587 4.92916,52.373619 4.929045,52.374486 4.929036)),((52.3666 4.93499,52.366585 4.933522,52.367313 4.933515,52.367318 4.934983,52.3666 4.93499)))";4.935358;52.3743455;
27;2;"Extreem kleine kans: <1/30.000 per jaar";1;"";"MULTIPOLYGON(((4.985072 52.348625,4.988007 52.348635,4.987999 52.349534,4.990934 52.349544,4.990942 52.348645,4.99241 52.34865,4.992418 52.347751,4.993886 52.347756,4.993894 52.346857,4.996829 52.346867,4.996813 52.348664,4.995345 52.34866,4.995337 52.349558,4.992402 52.349548,4.992386 52.351346,4.990918 52.351341,4.99091 52.35224,4.987975 52.35223,4.987967 52.353129,4.986499 52.353124,4.986491 52.354022,4.985023 52.354017,4.985015 52.354916,4.983547 52.354911,4.983531 52.356709,4.974724 52.356678,4.974732 52.35578,4.9762 52.355785,4.976209 52.354886,4.977676 52.354891,4.977685 52.353992,4.98062 52.354002,4.980628 52.353104,4.979161 52.353099,4.979169 52.3522,4.976731 52.353676,4.976217 52.353987,4.97164 52.35509,4.970082 52.355763,4.970329 52.355764,4.970321 52.356663,4.971788 52.356668,4.97178 52.357567,4.967376 52.357551,4.967368 52.35845,4.963898 52.358438,4.96296 52.358843,4.962956 52.359333,4.961947 52.359329,4.961484 52.359741,4.961471 52.361125,4.960003 52.36112,4.960003 52.36106,4.959787 52.361252,4.95944 52.362017,4.96293 52.362029,4.962939 52.361131,4.967342 52.361146,4.967359 52.359349,4.970295 52.359359,4.970287 52.360258,4.973234 52.35907,4.97324 52.358471,4.974707 52.358476,4.979119 52.357592,4.984983 52.358511,4.986276 52.358515,4.985955 52.355729,4.987953 52.354665,4.987959 52.354027,4.989146 52.354031,4.992378 52.352312,4.992378 52.352245,4.992503 52.352245,4.993852 52.351527,4.993854 52.351351,4.994181 52.351352,4.996801 52.349958,4.996805 52.349563,4.997389 52.349565,4.998325 52.346724,4.999771 52.345994,4.999771 52.345978,4.999802 52.345978,5.001245 52.345249,5.001255 52.344185,5.004189 52.344195,5.004197 52.343296,5.008599 52.34331,5.008592 52.344179,5.008791 52.344209,5.011893 52.344219,5.008615 52.341513,4.999811 52.341484,4.998572 52.34148,4.998343 52.341479,4.988118 52.346788,4.988023 52.346838,4.985072 52.348625)),((4.956892 52.379084,4.956962 52.371894,4.95843 52.371899,4.958465 52.368304,4.956997 52.368299,4.957006 52.367391,4.956563 52.368367,4.953787 52.376036,4.958481 52.380957,4.959728 52.381517,4.959806 52.381501,4.959812 52.380892,4.959821 52.379993,4.958352 52.379988,4.958361 52.379089,4.956892 52.379084)),((4.974599 52.370159,4.974591 52.371058,4.973122 52.371053,4.973114 52.371952,4.971646 52.371946,4.971637 52.372845,4.970169 52.37284,4.97016 52.373739,4.968692 52.373734,4.968683 52.374632,4.967215 52.374627,4.967206 52.37559,4.98048 52.369281,4.980489 52.368382,4.97902 52.368377,4.979012 52.369276,4.976076 52.369266,4.976067 52.370164,4.974599 52.370159)),((4.970211 52.368346,4.968743 52.368341,4.968726 52.370139,4.970194 52.370144,4.970211 52.368346)),((4.974599 52.370159,4.974616 52.368362,4.973147 52.368357,4.973131 52.370154,4.974599 52.370159)),((4.98358 52.351316,4.982112 52.351311,4.982104 52.35221,4.983572 52.352215,4.98358 52.351316)),((4.982104 52.35221,4.980637 52.352205,4.980628 52.353104,4.982096 52.353109,4.982104 52.35221)),((4.983588 52.350418,4.98358 52.351316,4.985048 52.351321,4.985056 52.350423,4.983588 52.350418)),((4.987999 52.349534,4.986532 52.349529,4.986524 52.350428,4.987991 52.350432,4.987999 52.349534)),((4.959968 52.364715,4.961445 52.363821,4.959977 52.363816,4.959968 52.364715)),((4.959968 52.364715,4.9585 52.36471,4.958491 52.365608,4.959968 52.364715)),((4.982121 52.350413,4.980645 52.351306,4.982112 52.351311,4.982121 52.350413)),((4.980645 52.351306,4.979169 52.3522,4.980637 52.352205,4.980645 52.351306)),((4.985072 52.348625,4.983596 52.349519,4.985064 52.349524,4.985072 52.348625)),((4.983596 52.349519,4.983052 52.349849,4.982121 52.350413,4.983588 52.350418,4.983596 52.349519)),((4.965462 52.376418,4.964261 52.376414,4.964256 52.376992,4.965462 52.376418)),((4.963584 52.37731,4.962784 52.377308,4.96278 52.377693,4.963584 52.37731)),((4.961708 52.378202,4.961307 52.378201,4.961305 52.378393,4.961708 52.378202)))";"MULTIPOLYGON(((52.348625 4.985072,52.348635 4.988007,52.349534 4.987999,52.349544 4.990934,52.348645 4.990942,52.34865 4.99241,52.347751 4.992418,52.347756 4.993886,52.346857 4.993894,52.346867 4.996829,52.348664 4.996813,52.34866 4.995345,52.349558 4.995337,52.349548 4.992402,52.351346 4.992386,52.351341 4.990918,52.35224 4.99091,52.35223 4.987975,52.353129 4.987967,52.353124 4.986499,52.354022 4.986491,52.354017 4.985023,52.354916 4.985015,52.354911 4.983547,52.356709 4.983531,52.356678 4.974724,52.35578 4.974732,52.355785 4.9762,52.354886 4.976209,52.354891 4.977676,52.353992 4.977685,52.354002 4.98062,52.353104 4.980628,52.353099 4.979161,52.3522 4.979169,52.353676 4.976731,52.353987 4.976217,52.35509 4.97164,52.355763 4.970082,52.355764 4.970329,52.356663 4.970321,52.356668 4.971788,52.357567 4.97178,52.357551 4.967376,52.35845 4.967368,52.358438 4.963898,52.358843 4.96296,52.359333 4.962956,52.359329 4.961947,52.359741 4.961484,52.361125 4.961471,52.36112 4.960003,52.36106 4.960003,52.361252 4.959787,52.362017 4.95944,52.362029 4.96293,52.361131 4.962939,52.361146 4.967342,52.359349 4.967359,52.359359 4.970295,52.360258 4.970287,52.35907 4.973234,52.358471 4.97324,52.358476 4.974707,52.357592 4.979119,52.358511 4.984983,52.358515 4.986276,52.355729 4.985955,52.354665 4.987953,52.354027 4.987959,52.354031 4.989146,52.352312 4.992378,52.352245 4.992378,52.352245 4.992503,52.351527 4.993852,52.351351 4.993854,52.351352 4.994181,52.349958 4.996801,52.349563 4.996805,52.349565 4.997389,52.346724 4.998325,52.345994 4.999771,52.345978 4.999771,52.345978 4.999802,52.345249 5.001245,52.344185 5.001255,52.344195 5.004189,52.343296 5.004197,52.34331 5.008599,52.344179 5.008592,52.344209 5.008791,52.344219 5.011893,52.341513 5.008615,52.341484 4.999811,52.34148 4.998572,52.341479 4.998343,52.346788 4.988118,52.346838 4.988023,52.348625 4.985072)),((52.379084 4.956892,52.371894 4.956962,52.371899 4.95843,52.368304 4.958465,52.368299 4.956997,52.367391 4.957006,52.368367 4.956563,52.376036 4.953787,52.380957 4.958481,52.381517 4.959728,52.381501 4.959806,52.380892 4.959812,52.379993 4.959821,52.379988 4.958352,52.379089 4.958361,52.379084 4.956892)),((52.370159 4.974599,52.371058 4.974591,52.371053 4.973122,52.371952 4.973114,52.371946 4.971646,52.372845 4.971637,52.37284 4.970169,52.373739 4.97016,52.373734 4.968692,52.374632 4.968683,52.374627 4.967215,52.37559 4.967206,52.369281 4.98048,52.368382 4.980489,52.368377 4.97902,52.369276 4.979012,52.369266 4.976076,52.370164 4.976067,52.370159 4.974599)),((52.368346 4.970211,52.368341 4.968743,52.370139 4.968726,52.370144 4.970194,52.368346 4.970211)),((52.370159 4.974599,52.368362 4.974616,52.368357 4.973147,52.370154 4.973131,52.370159 4.974599)),((52.351316 4.98358,52.351311 4.982112,52.35221 4.982104,52.352215 4.983572,52.351316 4.98358)),((52.35221 4.982104,52.352205 4.980637,52.353104 4.980628,52.353109 4.982096,52.35221 4.982104)),((52.350418 4.983588,52.351316 4.98358,52.351321 4.985048,52.350423 4.985056,52.350418 4.983588)),((52.349534 4.987999,52.349529 4.986532,52.350428 4.986524,52.350432 4.987991,52.349534 4.987999)),((52.364715 4.959968,52.363821 4.961445,52.363816 4.959977,52.364715 4.959968)),((52.364715 4.959968,52.36471 4.9585,52.365608 4.958491,52.364715 4.959968)),((52.350413 4.982121,52.351306 4.980645,52.351311 4.982112,52.350413 4.982121)),((52.351306 4.980645,52.3522 4.979169,52.352205 4.980637,52.351306 4.980645)),((52.348625 4.985072,52.349519 4.983596,52.349524 4.985064,52.348625 4.985072)),((52.349519 4.983596,52.349849 4.983052,52.350413 4.982121,52.350418 4.983588,52.349519 4.983596)),((52.376418 4.965462,52.376414 4.964261,52.376992 4.964256,52.376418 4.965462)),((52.37731 4.963584,52.377308 4.962784,52.377693 4.96278,52.37731 4.963584)),((52.378202 4.961708,52.378201 4.961307,52.378393 4.961305,52.378202 4.961708)))";4.982845;52.361491;
28;2;"Extreem kleine kans: <1/30.000 per jaar";1;"";"MULTIPOLYGON(((4.992362 52.354042,4.992378 52.352312,4.989146 52.354031,4.992362 52.354042)),((4.986451 52.358516,4.986475 52.35582,4.987943 52.355825,4.987953 52.354665,4.985955 52.355729,4.986276 52.358515,4.986451 52.358516)),((4.996789 52.351361,4.996801 52.349958,4.994181 52.351352,4.996789 52.351361)),((4.993846 52.35225,4.993852 52.351527,4.992503 52.352245,4.993846 52.35225)),((4.982528 52.359401,4.982041 52.359175,4.982039 52.3594,4.982528 52.359401)))";"MULTIPOLYGON(((52.354042 4.992362,52.352312 4.992378,52.354031 4.989146,52.354042 4.992362)),((52.358516 4.986451,52.35582 4.986475,52.355825 4.987943,52.354665 4.987953,52.355729 4.985955,52.358515 4.986276,52.358516 4.986451)),((52.351361 4.996789,52.349958 4.996801,52.351352 4.994181,52.351361 4.996789)),((52.35225 4.993846,52.351527 4.993852,52.352245 4.992503,52.35225 4.993846)),((52.359401 4.982528,52.359175 4.982041,52.3594 4.982039,52.359401 4.982528)))";4.989425;52.3546725;
29;2;"Extreem kleine kans: <1/30.000 per jaar";1;"";"MULTIPOLYGON(((4.998273 52.349568,4.998296 52.346872,4.999764 52.346877,4.999771 52.345994,4.998325 52.346724,4.997389 52.349565,4.998273 52.349568)),((5.001239 52.345983,5.001245 52.345249,4.999802 52.345978,5.001239 52.345983)),((5.008791 52.344209,5.008592 52.344179,5.008592 52.344209,5.008791 52.344209)))";"MULTIPOLYGON(((52.349568 4.998273,52.346872 4.998296,52.346877 4.999764,52.345994 4.999771,52.346724 4.998325,52.349565 4.997389,52.349568 4.998273)),((52.345983 5.001239,52.345249 5.001245,52.345978 4.999802,52.345983 5.001239)),((52.344209 5.008791,52.344179 5.008592,52.344209 5.008592,52.344209 5.008791)))";5.003095;52.3468665;
30;4;"Kleine kans: 1/300 tot 1/3.000 per jaar";3;"50 tot 200 cm";"POLYGON((4.859294 52.38879,4.865081 52.388809,4.865031 52.38806,4.863163 52.388023,4.864651 52.385442,4.860546 52.385392,4.855483 52.385285,4.855476 52.385862,4.852538 52.385849,4.852546 52.385223,4.84814 52.38513,4.848132 52.385829,4.846663 52.385823,4.846627 52.388776,4.859294 52.38879))";"POLYGON((52.38879 4.859294,52.388809 4.865081,52.38806 4.865031,52.388023 4.863163,52.385442 4.864651,52.385392 4.860546,52.385285 4.855483,52.385862 4.855476,52.385849 4.852538,52.385223 4.852546,52.38513 4.84814,52.385829 4.848132,52.385823 4.846663,52.388776 4.846627,52.38879 4.859294))";4.855859;52.3869625;
31;3;"Zeer kleine kans: 1/3.000 tot 1/30.000 per jaar";2;"0 tot 50 cm";"POLYGON((4.863952 52.376913,4.862926 52.376908,4.862936 52.376009,4.861468 52.376003,4.861479 52.375047,4.85708 52.37454,4.857073 52.375084,4.855311 52.375077,4.854885 52.376571,4.856831 52.376847,4.854773 52.379838,4.848224 52.378209,4.848219 52.37864,4.846751 52.378633,4.84674 52.379532,4.845271 52.379525,4.845227 52.38312,4.846696 52.383126,4.846685 52.384025,4.848154 52.384032,4.84814 52.38513,4.852546 52.385223,4.852549 52.38495,4.855487 52.384964,4.855483 52.385285,4.860546 52.385392,4.863952 52.376913))";"POLYGON((52.376913 4.863952,52.376908 4.862926,52.376009 4.862936,52.376003 4.861468,52.375047 4.861479,52.37454 4.85708,52.375084 4.857073,52.375077 4.855311,52.376571 4.854885,52.376847 4.856831,52.379838 4.854773,52.378209 4.848224,52.37864 4.848219,52.378633 4.846751,52.379532 4.84674,52.379525 4.845271,52.38312 4.845227,52.383126 4.846696,52.384025 4.846685,52.384032 4.848154,52.38513 4.84814,52.385223 4.852546,52.38495 4.852549,52.384964 4.855487,52.385285 4.855483,52.385392 4.860546,52.376913 4.863952))";4.8545945;52.379959;
32;3;"Zeer kleine kans: 1/3.000 tot 1/30.000 per jaar";2;"0 tot 50 cm";"MULTIPOLYGON(((4.854147 52.374173,4.852679 52.374166,4.852685 52.373694,4.846828 52.372317,4.846816 52.373241,4.846357 52.373239,4.84546 52.375207,4.846789 52.375473,4.846805 52.374139,4.848274 52.374146,4.848224 52.378209,4.854773 52.379838,4.856831 52.376847,4.854885 52.376571,4.855311 52.375077,4.854137 52.375071,4.854147 52.374173)),((4.854147 52.374173,4.854733 52.374175,4.854149 52.374038,4.854147 52.374173)))";"MULTIPOLYGON(((52.374173 4.854147,52.374166 4.852679,52.373694 4.852685,52.372317 4.846828,52.373241 4.846816,52.373239 4.846357,52.375207 4.84546,52.375473 4.846789,52.374139 4.846805,52.374146 4.848274,52.378209 4.848224,52.379838 4.854773,52.376847 4.856831,52.376571 4.854885,52.375077 4.855311,52.375071 4.854137,52.374173 4.854147)),((52.374173 4.854147,52.374175 4.854733,52.374038 4.854149,52.374173 4.854147)))";4.8511505;52.3760705;
33;2;"Extreem kleine kans: <1/30.000 per jaar";1;"";"MULTIPOLYGON(((4.842279 52.384005,4.84081 52.383998,4.840821 52.3831,4.839353 52.383093,4.839375 52.381295,4.840843 52.381302,4.840832 52.382201,4.84377 52.382214,4.843814 52.378619,4.840877 52.378606,4.840899 52.376809,4.837962 52.376795,4.837951 52.377694,4.839419 52.3777,4.839386 52.380397,4.837917 52.38039,4.837951 52.377694,4.837102 52.37769,4.839232 52.38489,4.83933 52.38489,4.83933 52.384956,4.840798 52.384986,4.840799 52.384897,4.842268 52.384904,4.842279 52.384005)),((4.8424 52.374119,4.839463 52.374106,4.839441 52.375903,4.842378 52.375917,4.8424 52.374119)),((4.846357 52.373239,4.84388 52.373227,4.843858 52.375025,4.845326 52.375031,4.845315 52.37593,4.846783 52.375937,4.846789 52.375473,4.84546 52.375207,4.846357 52.373239)),((4.836504 52.375889,4.837973 52.375896,4.837995 52.374099,4.835657 52.374088,4.836073 52.374989,4.836515 52.374991,4.836504 52.375889)),((4.842279 52.384005,4.843748 52.384012,4.843759 52.383113,4.84229 52.383106,4.842279 52.384005)),((4.842425 52.372111,4.842203 52.372101,4.840788 52.372314,4.842422 52.372322,4.842425 52.372111)),((4.836504 52.375889,4.836491 52.375889,4.836504 52.375917,4.836504 52.375889)))";"MULTIPOLYGON(((52.384005 4.842279,52.383998 4.84081,52.3831 4.840821,52.383093 4.839353,52.381295 4.839375,52.381302 4.840843,52.382201 4.840832,52.382214 4.84377,52.378619 4.843814,52.378606 4.840877,52.376809 4.840899,52.376795 4.837962,52.377694 4.837951,52.3777 4.839419,52.380397 4.839386,52.38039 4.837917,52.377694 4.837951,52.37769 4.837102,52.38489 4.839232,52.38489 4.83933,52.384956 4.83933,52.384986 4.840798,52.384897 4.840799,52.384904 4.842268,52.384005 4.842279)),((52.374119 4.8424,52.374106 4.839463,52.375903 4.839441,52.375917 4.842378,52.374119 4.8424)),((52.373239 4.846357,52.373227 4.84388,52.375025 4.843858,52.375031 4.845326,52.37593 4.845315,52.375937 4.846783,52.375473 4.846789,52.375207 4.84546,52.373239 4.846357)),((52.375889 4.836504,52.375896 4.837973,52.374099 4.837995,52.374088 4.835657,52.374989 4.836073,52.374991 4.836515,52.375889 4.836504)),((52.384005 4.842279,52.384012 4.843748,52.383113 4.843759,52.383106 4.84229,52.384005 4.842279)),((52.372111 4.842425,52.372101 4.842203,52.372314 4.840788,52.372322 4.842422,52.372111 4.842425)),((52.375889 4.836504,52.375889 4.836491,52.375917 4.836504,52.375889 4.836504)))";4.841228;52.3785365;
34;3;"Zeer kleine kans: 1/3.000 tot 1/30.000 per jaar";1;"";"POLYGON((4.867435 52.372554,4.866353 52.371585,4.86549 52.370628,4.864468 52.370624,4.864479 52.369725,4.864679 52.369726,4.860618 52.365214,4.857933 52.365202,4.856695 52.370589,4.857127 52.370591,4.857116 52.37149,4.856454 52.371487,4.855575 52.374179,4.857084 52.374186,4.85708 52.37454,4.861479 52.375047,4.861489 52.374205,4.862958 52.374212,4.862947 52.375111,4.864846 52.375119,4.867435 52.372554))";"POLYGON((52.372554 4.867435,52.371585 4.866353,52.370628 4.86549,52.370624 4.864468,52.369725 4.864479,52.369726 4.864679,52.365214 4.860618,52.365202 4.857933,52.370589 4.856695,52.370591 4.857127,52.37149 4.857116,52.371487 4.856454,52.374179 4.855575,52.374186 4.857084,52.37454 4.85708,52.375047 4.861479,52.374205 4.861489,52.374212 4.862958,52.375111 4.862947,52.375119 4.864846,52.372554 4.867435))";4.86151;52.3701535;
35;3;"Zeer kleine kans: 1/3.000 tot 1/30.000 per jaar";2;"0 tot 50 cm";"POLYGON((4.856454 52.371487,4.855648 52.371483,4.855654 52.370965,4.849793 52.36995,4.849786 52.370558,4.848317 52.370551,4.848328 52.369709,4.84213 52.369309,4.842203 52.372101,4.842425 52.372111,4.842444 52.370524,4.843913 52.370531,4.843902 52.37143,4.846838 52.371443,4.846828 52.372317,4.852685 52.373694,4.85269 52.373267,4.854158 52.373274,4.854149 52.374038,4.854733 52.374175,4.855575 52.374179,4.856454 52.371487))";"POLYGON((52.371487 4.856454,52.371483 4.855648,52.370965 4.855654,52.36995 4.849793,52.370558 4.849786,52.370551 4.848317,52.369709 4.848328,52.369309 4.84213,52.372101 4.842203,52.372111 4.842425,52.370524 4.842444,52.370531 4.843913,52.37143 4.843902,52.371443 4.846838,52.372317 4.846828,52.373694 4.852685,52.373267 4.85269,52.373274 4.854158,52.374038 4.854149,52.374175 4.854733,52.374179 4.855575,52.371487 4.856454))";4.849297;52.371737;
36;3;"Zeer kleine kans: 1/3.000 tot 1/30.000 per jaar";2;"0 tot 50 cm";"POLYGON((4.856695 52.370589,4.857933 52.365202,4.857191 52.365199,4.857203 52.364215,4.854271 52.363861,4.854266 52.364287,4.850261 52.364269,4.850485 52.36533,4.848471 52.369653,4.849796 52.369659,4.849793 52.36995,4.855654 52.370965,4.855659 52.370584,4.856695 52.370589))";"POLYGON((52.370589 4.856695,52.365202 4.857933,52.365199 4.857191,52.364215 4.857203,52.363861 4.854271,52.364287 4.854266,52.364269 4.850261,52.36533 4.850485,52.369653 4.848471,52.369659 4.849796,52.36995 4.849793,52.370965 4.855654,52.370584 4.855659,52.370589 4.856695))";4.853207;52.367406;
37;3;"Zeer kleine kans: 1/3.000 tot 1/30.000 per jaar";2;"0 tot 50 cm";"POLYGON((4.858219 52.362507,4.857384 52.361604,4.855633 52.3589,4.849927 52.358875,4.849905 52.360672,4.849434 52.36067,4.849882 52.362569,4.849883 52.362469,4.854287 52.362489,4.854271 52.363861,4.857203 52.364215,4.857223 52.362503,4.858219 52.362507))";"POLYGON((52.362507 4.858219,52.361604 4.857384,52.3589 4.855633,52.358875 4.849927,52.360672 4.849905,52.36067 4.849434,52.362569 4.849882,52.362469 4.849883,52.362489 4.854287,52.363861 4.854271,52.364215 4.857203,52.362503 4.857223,52.362507 4.858219))";4.8538315;52.361538;
38;2;"Extreem kleine kans: <1/30.000 per jaar";1;"";"POLYGON((4.90966 52.401109,4.909666 52.400473,4.911136 52.400479,4.91113 52.40105,4.914766 52.400901,4.921292 52.39906,4.922332 52.39667,4.921476 52.395257,4.921468 52.396026,4.919999 52.39602,4.920008 52.395122,4.921398 52.395127,4.918129 52.389737,4.914012 52.386778,4.911296 52.385488,4.91129 52.3861,4.909821 52.386094,4.909831 52.385195,4.910687 52.385198,4.901762 52.380958,4.898766 52.382542,4.902103 52.383066,4.906108 52.384835,4.907318 52.386243,4.906004 52.390425,4.908577 52.393278,4.912501 52.391937,4.912694 52.392111,4.912701 52.391498,4.911232 52.391492,4.911242 52.390593,4.915648 52.390611,4.915658 52.389712,4.917127 52.389718,4.917108 52.391515,4.91417 52.391504,4.914151 52.393301,4.912802 52.393296,4.908309 52.401165,4.90966 52.401109),(4.920018 52.394223,4.920027 52.393324,4.918558 52.393318,4.918548 52.394217,4.920018 52.394223),(4.914208 52.387909,4.914218 52.38701,4.912749 52.387004,4.912739 52.387903,4.914208 52.387909),(4.908362 52.385189,4.908372 52.38429,4.906903 52.384284,4.906893 52.385183,4.908362 52.385189))";"POLYGON((52.401109 4.90966,52.400473 4.909666,52.400479 4.911136,52.40105 4.91113,52.400901 4.914766,52.39906 4.921292,52.39667 4.922332,52.395257 4.921476,52.396026 4.921468,52.39602 4.919999,52.395122 4.920008,52.395127 4.921398,52.389737 4.918129,52.386778 4.914012,52.385488 4.911296,52.3861 4.91129,52.386094 4.909821,52.385195 4.909831,52.385198 4.910687,52.380958 4.901762,52.382542 4.898766,52.383066 4.902103,52.384835 4.906108,52.386243 4.907318,52.390425 4.906004,52.393278 4.908577,52.391937 4.912501,52.392111 4.912694,52.391498 4.912701,52.391492 4.911232,52.390593 4.911242,52.390611 4.915648,52.389712 4.915658,52.389718 4.917127,52.391515 4.917108,52.391504 4.91417,52.393301 4.914151,52.393296 4.912802,52.401165 4.908309,52.401109 4.90966),(52.394223 4.920018,52.393324 4.920027,52.393318 4.918558,52.394217 4.918548,52.394223 4.920018),(52.387909 4.914208,52.38701 4.914218,52.387004 4.912749,52.387903 4.912739,52.387909 4.914208),(52.385189 4.908362,52.38429 4.908372,52.384284 4.906903,52.385183 4.906893,52.385189 4.908362))";4.910554;52.3910545;
39;2;"Extreem kleine kans: <1/30.000 per jaar";1;"";"POLYGON((4.923736 52.394238,4.922956 52.394235,4.922965 52.393336,4.921496 52.39333,4.921515 52.391533,4.924453 52.391544,4.92445 52.391835,4.924798 52.390665,4.933242 52.391416,4.939723 52.390581,4.938476 52.386669,4.932917 52.387586,4.929649 52.387392,4.928144 52.38593,4.923916 52.387561,4.918785 52.385545,4.91983 52.38079,4.910978 52.379982,4.90581 52.379866,4.901762 52.380958,4.910687 52.385198,4.911299 52.385201,4.911296 52.385488,4.914012 52.386778,4.918129 52.389737,4.921398 52.395127,4.921477 52.395127,4.921476 52.395257,4.922332 52.39667,4.921292 52.39906,4.922853 52.397209,4.923736 52.394238),(4.920065 52.389729,4.920055 52.390628,4.922993 52.39064,4.923003 52.389741,4.920065 52.389729),(4.923012 52.388842,4.923021 52.387944,4.920084 52.387932,4.920074 52.388831,4.923012 52.388842),(4.925931 52.390651,4.92594 52.389752,4.924472 52.389747,4.924462 52.390645,4.925931 52.390651),(4.911319 52.383403,4.911328 52.382505,4.90986 52.382499,4.90985 52.383397,4.911319 52.383403))";"POLYGON((52.394238 4.923736,52.394235 4.922956,52.393336 4.922965,52.39333 4.921496,52.391533 4.921515,52.391544 4.924453,52.391835 4.92445,52.390665 4.924798,52.391416 4.933242,52.390581 4.939723,52.386669 4.938476,52.387586 4.932917,52.387392 4.929649,52.38593 4.928144,52.387561 4.923916,52.385545 4.918785,52.38079 4.91983,52.379982 4.910978,52.379866 4.90581,52.380958 4.901762,52.385198 4.910687,52.385201 4.911299,52.385488 4.911296,52.386778 4.914012,52.389737 4.918129,52.395127 4.921398,52.395127 4.921477,52.395257 4.921476,52.39667 4.922332,52.39906 4.921292,52.397209 4.922853,52.394238 4.923736),(52.389729 4.920065,52.390628 4.920055,52.39064 4.922993,52.389741 4.923003,52.389729 4.920065),(52.388842 4.923012,52.387944 4.923021,52.387932 4.920084,52.388831 4.920074,52.388842 4.923012),(52.390651 4.925931,52.389752 4.92594,52.389747 4.924472,52.390645 4.924462,52.390651 4.925931),(52.383403 4.911319,52.382505 4.911328,52.382499 4.90986,52.383397 4.90985,52.383403 4.911319))";4.9207475;52.389456;
40;4;"Kleine kans: 1/300 tot 1/3.000 per jaar";3;"50 tot 200 cm";"POLYGON((4.952374 52.386713,4.948078 52.386817,4.941974 52.391,4.935047 52.393011,4.940987 52.394422,4.951721 52.391214,4.952374 52.386713))";"POLYGON((52.386713 4.952374,52.386817 4.948078,52.391 4.941974,52.393011 4.935047,52.394422 4.940987,52.391214 4.951721,52.386713 4.952374))";4.9437155;52.3905605;
41;4;"Kleine kans: 1/300 tot 1/3.000 per jaar";3;"50 tot 200 cm";"POLYGON((4.933558 52.393006,4.932201 52.391809,4.925082 52.391209,4.924506 52.395216,4.933558 52.393006))";"POLYGON((52.393006 4.933558,52.391809 4.932201,52.391209 4.925082,52.395216 4.924506,52.393006 4.933558))";4.929037;52.3932055;
42;4;"Kleine kans: 1/300 tot 1/3.000 per jaar";3;"50 tot 200 cm";"POLYGON((4.922263 52.399346,4.924506 52.395216,4.925082 52.391209,4.932201 52.391809,4.933558 52.393006,4.935047 52.393011,4.941974 52.391,4.948078 52.386817,4.952374 52.386713,4.952379 52.386298,4.944904 52.385617,4.938476 52.386669,4.939723 52.390581,4.933242 52.391416,4.924798 52.390665,4.92445 52.391835,4.924425 52.39424,4.923736 52.394238,4.922853 52.397209,4.921292 52.39906,4.914766 52.400901,4.91463 52.401457,4.917237 52.401078,4.922263 52.399346))";"POLYGON((52.399346 4.922263,52.395216 4.924506,52.391209 4.925082,52.391809 4.932201,52.393006 4.933558,52.393011 4.935047,52.391 4.941974,52.386817 4.948078,52.386713 4.952374,52.386298 4.952379,52.385617 4.944904,52.386669 4.938476,52.390581 4.939723,52.391416 4.933242,52.390665 4.924798,52.391835 4.92445,52.39424 4.924425,52.394238 4.923736,52.397209 4.922853,52.39906 4.921292,52.400901 4.914766,52.401457 4.91463,52.401078 4.917237,52.399346 4.922263))";4.9335095;52.39353;
43;3;"Zeer kleine kans: 1/3.000 tot 1/30.000 per jaar";3;"50 tot 200 cm";"MULTIPOLYGON(((4.879511 52.419102,4.885668 52.414781,4.896971 52.415508,4.899114 52.413911,4.897763 52.413906,4.897754 52.414804,4.896284 52.414798,4.896324 52.411204,4.894854 52.411197,4.894864 52.410299,4.893394 52.410293,4.893404 52.409394,4.891935 52.409388,4.891955 52.40759,4.891285 52.407588,4.875201 52.415177,4.874807 52.416086,4.878098 52.418906,4.879511 52.419102)),((4.9052 52.405847,4.90519 52.406746,4.903721 52.40674,4.903731 52.405841,4.9052 52.405847,4.905203 52.405587,4.902179 52.403767,4.899874 52.401626,4.898599 52.402225,4.899362 52.402229,4.899352 52.403127,4.900821 52.403133,4.900811 52.404032,4.899342 52.404026,4.899322 52.405823,4.897853 52.405817,4.897833 52.407615,4.896363 52.407609,4.896353 52.408507,4.897823 52.408513,4.897803 52.410311,4.899273 52.410317,4.899234 52.413821,4.907203 52.407883,4.906564 52.406406,4.905638 52.405849,4.9052 52.405847),(4.902222 52.40943,4.902212 52.410329,4.903682 52.410335,4.903691 52.409436,4.902222 52.40943)),((4.896403 52.404014,4.896412 52.403254,4.894934 52.403948,4.894934 52.404008,4.896403 52.404014)),((4.897882 52.403121,4.897889 52.40256,4.896704 52.403116,4.897882 52.403121)))";"MULTIPOLYGON(((52.419102 4.879511,52.414781 4.885668,52.415508 4.896971,52.413911 4.899114,52.413906 4.897763,52.414804 4.897754,52.414798 4.896284,52.411204 4.896324,52.411197 4.894854,52.410299 4.894864,52.410293 4.893394,52.409394 4.893404,52.409388 4.891935,52.40759 4.891955,52.407588 4.891285,52.415177 4.875201,52.416086 4.874807,52.418906 4.878098,52.419102 4.879511)),((52.405847 4.9052,52.406746 4.90519,52.40674 4.903721,52.405841 4.903731,52.405847 4.9052,52.405587 4.905203,52.403767 4.902179,52.401626 4.899874,52.402225 4.898599,52.402229 4.899362,52.403127 4.899352,52.403133 4.900821,52.404032 4.900811,52.404026 4.899342,52.405823 4.899322,52.405817 4.897853,52.407615 4.897833,52.407609 4.896363,52.408507 4.896353,52.408513 4.897823,52.410311 4.897803,52.410317 4.899273,52.413821 4.899234,52.407883 4.907203,52.406406 4.906564,52.405849 4.905638,52.405847 4.9052),(52.40943 4.902222,52.410329 4.902212,52.410335 4.903682,52.409436 4.903691,52.40943 4.902222)),((52.404014 4.896403,52.403254 4.896412,52.403948 4.894934,52.404008 4.894934,52.404014 4.896403)),((52.403121 4.897882,52.40256 4.897889,52.403116 4.896704,52.403121 4.897882)))";4.89101;52.410357;
44;4;"Kleine kans: 1/300 tot 1/3.000 per jaar";2;"0 tot 50 cm";"MULTIPOLYGON(((4.871131 52.429072,4.871141 52.428173,4.872612 52.428179,4.872643 52.425483,4.871173 52.425477,4.871183 52.424578,4.869713 52.424572,4.869724 52.423673,4.868254 52.423666,4.868275 52.421869,4.866805 52.421863,4.866826 52.420065,4.865356 52.420059,4.865366 52.41916,4.866836 52.419167,4.866826 52.420065,4.868296 52.420072,4.868285 52.42097,4.869755 52.420977,4.869745 52.421876,4.871215 52.421882,4.871225 52.420983,4.872695 52.42099,4.872685 52.421888,4.875625 52.421901,4.875593 52.424597,4.877064 52.424603,4.877084 52.422806,4.880024 52.422819,4.880014 52.423717,4.881484 52.423724,4.881463 52.425521,4.884404 52.425534,4.884414 52.424635,4.893234 52.424672,4.893244 52.423773,4.894714 52.423779,4.894724 52.422881,4.896194 52.422887,4.89617 52.425044,4.89871 52.424744,4.898352 52.416524,4.896971 52.415508,4.885668 52.414781,4.879511 52.419102,4.878098 52.418906,4.874807 52.416086,4.872909 52.416134,4.867832 52.418251,4.864507 52.41488,4.856606 52.417359,4.859476 52.420033,4.857953 52.42452,4.862299 52.429932,4.866699 52.43085,4.868172 52.430631,4.86818 52.429957,4.86965 52.429964,4.869661 52.429065,4.871131 52.429072),(4.884485 52.418344,4.884495 52.417445,4.883026 52.417439,4.883015 52.418338,4.884485 52.418344)),((4.872612 52.428179,4.872601 52.429078,4.871131 52.429072,4.871118 52.430195,4.871999 52.430065,4.872591 52.429977,4.875268 52.427292,4.874092 52.427287,4.874082 52.428186,4.872612 52.428179)),((4.876161 52.426397,4.875573 52.426395,4.875566 52.426994,4.876161 52.426397)))";"MULTIPOLYGON(((52.429072 4.871131,52.428173 4.871141,52.428179 4.872612,52.425483 4.872643,52.425477 4.871173,52.424578 4.871183,52.424572 4.869713,52.423673 4.869724,52.423666 4.868254,52.421869 4.868275,52.421863 4.866805,52.420065 4.866826,52.420059 4.865356,52.41916 4.865366,52.419167 4.866836,52.420065 4.866826,52.420072 4.868296,52.42097 4.868285,52.420977 4.869755,52.421876 4.869745,52.421882 4.871215,52.420983 4.871225,52.42099 4.872695,52.421888 4.872685,52.421901 4.875625,52.424597 4.875593,52.424603 4.877064,52.422806 4.877084,52.422819 4.880024,52.423717 4.880014,52.423724 4.881484,52.425521 4.881463,52.425534 4.884404,52.424635 4.884414,52.424672 4.893234,52.423773 4.893244,52.423779 4.894714,52.422881 4.894724,52.422887 4.896194,52.425044 4.89617,52.424744 4.89871,52.416524 4.898352,52.415508 4.896971,52.414781 4.885668,52.419102 4.879511,52.418906 4.878098,52.416086 4.874807,52.416134 4.872909,52.418251 4.867832,52.41488 4.864507,52.417359 4.856606,52.420033 4.859476,52.42452 4.857953,52.429932 4.862299,52.43085 4.866699,52.430631 4.868172,52.429957 4.86818,52.429964 4.86965,52.429065 4.869661,52.429072 4.871131),(52.418344 4.884485,52.417445 4.884495,52.417439 4.883026,52.418338 4.883015,52.418344 4.884485)),((52.428179 4.872612,52.429078 4.872601,52.429072 4.871131,52.430195 4.871118,52.430065 4.871999,52.429977 4.872591,52.427292 4.875268,52.427287 4.874092,52.428186 4.874082,52.428179 4.872612)),((52.426397 4.876161,52.426395 4.875573,52.426994 4.875566,52.426397 4.876161)))";4.877663;52.4228085;
45;4;"Kleine kans: 1/300 tot 1/3.000 per jaar";3;"50 tot 200 cm";"MULTIPOLYGON(((4.900594 52.423804,4.900604 52.422905,4.903544 52.422917,4.903554 52.422018,4.905024 52.422024,4.905034 52.421125,4.907974 52.421137,4.907993 52.41934,4.909463 52.419346,4.909473 52.418447,4.913882 52.418465,4.913878 52.418914,4.91742 52.41758,4.916832 52.417578,4.916841 52.416679,4.918311 52.416685,4.918321 52.415786,4.919546 52.415791,4.91262 52.410075,4.909036 52.408015,4.907203 52.407883,4.899234 52.413821,4.899233 52.413912,4.899114 52.413911,4.896971 52.415508,4.898352 52.416524,4.89871 52.424744,4.899115 52.424696,4.899124 52.423797,4.900594 52.423804)),((4.919781 52.416691,4.918311 52.416685,4.918305 52.417247,4.919781 52.416691)),((4.919781 52.416691,4.920335 52.41644,4.919788 52.41599,4.919781 52.416691)),((4.910335 52.420248,4.909453 52.420245,4.90945 52.420582,4.910335 52.420248)),((4.905024 52.422024,4.905021 52.422323,4.905759 52.422027,4.905024 52.422024)),((4.900594 52.423804,4.900591 52.424103,4.90133 52.423807,4.900594 52.423804)),((4.912697 52.419359,4.912403 52.419358,4.912402 52.41947,4.912697 52.419359)))";"MULTIPOLYGON(((52.423804 4.900594,52.422905 4.900604,52.422917 4.903544,52.422018 4.903554,52.422024 4.905024,52.421125 4.905034,52.421137 4.907974,52.41934 4.907993,52.419346 4.909463,52.418447 4.909473,52.418465 4.913882,52.418914 4.913878,52.41758 4.91742,52.417578 4.916832,52.416679 4.916841,52.416685 4.918311,52.415786 4.918321,52.415791 4.919546,52.410075 4.91262,52.408015 4.909036,52.407883 4.907203,52.413821 4.899234,52.413912 4.899233,52.413911 4.899114,52.415508 4.896971,52.416524 4.898352,52.424744 4.89871,52.424696 4.899115,52.423797 4.899124,52.423804 4.900594)),((52.416691 4.919781,52.416685 4.918311,52.417247 4.918305,52.416691 4.919781)),((52.416691 4.919781,52.41644 4.920335,52.41599 4.919788,52.416691 4.919781)),((52.420248 4.910335,52.420245 4.909453,52.420582 4.90945,52.420248 4.910335)),((52.422024 4.905024,52.422323 4.905021,52.422027 4.905759,52.422024 4.905024)),((52.423804 4.900594,52.424103 4.900591,52.423807 4.90133,52.423804 4.900594)),((52.419359 4.912697,52.419358 4.912403,52.41947 4.912402,52.419359 4.912697)))";4.908658;52.4163065;
46;4;"Kleine kans: 1/300 tot 1/3.000 per jaar";3;"50 tot 200 cm";"MULTIPOLYGON(((4.95817 52.398861,4.958179 52.397962,4.959648 52.397967,4.959657 52.397069,4.961126 52.397074,4.961143 52.395277,4.962612 52.395282,4.962629 52.393484,4.964098 52.39349,4.964115 52.391692,4.965584 52.391697,4.965602 52.3899,4.966653 52.389904,4.952379 52.386298,4.952374 52.386713,4.951721 52.391214,4.940987 52.394422,4.944704 52.397879,4.946598 52.397859,4.951797 52.402665,4.954819 52.40104,4.95521 52.401081,4.955223 52.399749,4.956692 52.399754,4.956701 52.398856,4.95817 52.398861)),((4.965584 52.391697,4.965567 52.393495,4.964098 52.39349,4.964081 52.395287,4.962612 52.395282,4.962595 52.397079,4.961126 52.397074,4.961117 52.397973,4.959648 52.397967,4.959639 52.398866,4.95817 52.398861,4.958153 52.400658,4.956683 52.400653,4.956678 52.401235,4.95767 52.40134,4.958816 52.402449,4.964021 52.39932,4.969912 52.392612,4.968514 52.392607,4.968522 52.391708,4.969991 52.391713,4.969984 52.39253,4.97082 52.391578,4.968635 52.390404,4.968535 52.390379,4.968531 52.390809,4.967062 52.390804,4.967053 52.391703,4.965584 52.391697)))";"MULTIPOLYGON(((52.398861 4.95817,52.397962 4.958179,52.397967 4.959648,52.397069 4.959657,52.397074 4.961126,52.395277 4.961143,52.395282 4.962612,52.393484 4.962629,52.39349 4.964098,52.391692 4.964115,52.391697 4.965584,52.3899 4.965602,52.389904 4.966653,52.386298 4.952379,52.386713 4.952374,52.391214 4.951721,52.394422 4.940987,52.397879 4.944704,52.397859 4.946598,52.402665 4.951797,52.40104 4.954819,52.401081 4.95521,52.399749 4.955223,52.399754 4.956692,52.398856 4.956701,52.398861 4.95817)),((52.391697 4.965584,52.393495 4.965567,52.39349 4.964098,52.395287 4.964081,52.395282 4.962612,52.397079 4.962595,52.397074 4.961126,52.397973 4.961117,52.397967 4.959648,52.398866 4.959639,52.398861 4.95817,52.400658 4.958153,52.400653 4.956683,52.401235 4.956678,52.40134 4.95767,52.402449 4.958816,52.39932 4.964021,52.392612 4.969912,52.392607 4.968514,52.391708 4.968522,52.391713 4.969991,52.39253 4.969984,52.391578 4.97082,52.390404 4.968635,52.390379 4.968535,52.390809 4.968531,52.390804 4.967062,52.391703 4.967053,52.391697 4.965584)))";4.9559085;52.3944745;
47;4;"Kleine kans: 1/300 tot 1/3.000 per jaar";1;"";"POLYGON((4.958816 52.402449,4.95767 52.40134,4.956678 52.401235,4.956675 52.401552,4.955205 52.401546,4.95521 52.401081,4.954819 52.40104,4.951797 52.402665,4.946598 52.397859,4.944704 52.397879,4.940987 52.394422,4.935047 52.393011,4.933558 52.393006,4.924506 52.395216,4.922263 52.399346,4.92521 52.404758,4.925232 52.407054,4.930557 52.41134,4.931595 52.411344,4.937473 52.411367,4.937482 52.410468,4.938952 52.410473,4.938943 52.411372,4.937473 52.411367,4.937464 52.412265,4.935505 52.412258,4.942608 52.413918,4.944471 52.411024,4.949686 52.407943,4.958391 52.405809,4.959485 52.403234,4.958816 52.402449),(4.9419 52.409586,4.940431 52.40958,4.940413 52.411378,4.941882 52.411383,4.941873 52.412282,4.943343 52.412287,4.943352 52.411389,4.941882 52.411383,4.9419 52.409586),(4.934617 52.403267,4.934598 52.405064,4.936068 52.40507,4.936086 52.403273,4.934617 52.403267))";"POLYGON((52.402449 4.958816,52.40134 4.95767,52.401235 4.956678,52.401552 4.956675,52.401546 4.955205,52.401081 4.95521,52.40104 4.954819,52.402665 4.951797,52.397859 4.946598,52.397879 4.944704,52.394422 4.940987,52.393011 4.935047,52.393006 4.933558,52.395216 4.924506,52.399346 4.922263,52.404758 4.92521,52.407054 4.925232,52.41134 4.930557,52.411344 4.931595,52.411367 4.937473,52.410468 4.937482,52.410473 4.938952,52.411372 4.938943,52.411367 4.937473,52.412265 4.937464,52.412258 4.935505,52.413918 4.942608,52.411024 4.944471,52.407943 4.949686,52.405809 4.958391,52.403234 4.959485,52.402449 4.958816),(52.409586 4.9419,52.40958 4.940431,52.411378 4.940413,52.411383 4.941882,52.412282 4.941873,52.412287 4.943343,52.411389 4.943352,52.411383 4.941882,52.409586 4.9419),(52.403267 4.934617,52.405064 4.934598,52.40507 4.936068,52.403273 4.936086,52.403267 4.934617))";4.940879;52.403455;
48;4;"Kleine kans: 1/300 tot 1/3.000 per jaar";3;"50 tot 200 cm";"MULTIPOLYGON(((4.922739 52.414905,4.922749 52.414006,4.924218 52.414012,4.924228 52.413113,4.925698 52.413119,4.925707 52.41222,4.927177 52.412226,4.927186 52.411327,4.930557 52.41134,4.925232 52.407054,4.92521 52.404758,4.922263 52.399346,4.917237 52.401078,4.91463 52.401457,4.914766 52.400901,4.91113 52.40105,4.911126 52.401378,4.909657 52.401372,4.90966 52.401109,4.908309 52.401165,4.902179 52.403767,4.905203 52.405587,4.90521 52.404949,4.906679 52.404955,4.906669 52.405853,4.905638 52.405849,4.906564 52.406406,4.907203 52.407883,4.909036 52.408015,4.91262 52.410075,4.919546 52.415791,4.91979 52.415792,4.9198 52.414893,4.922739 52.414905)),((4.925698 52.413119,4.925688 52.414018,4.927657 52.413127,4.925698 52.413119)),((4.91979 52.415792,4.919788 52.41599,4.920335 52.41644,4.92175 52.4158,4.91979 52.415792)),((4.925688 52.414018,4.924218 52.414012,4.924211 52.414686,4.925688 52.414018)),((4.929626 52.412235,4.928646 52.412232,4.928642 52.412681,4.929626 52.412235)),((4.922739 52.414905,4.922735 52.415354,4.92372 52.414909,4.922739 52.414905)))";"MULTIPOLYGON(((52.414905 4.922739,52.414006 4.922749,52.414012 4.924218,52.413113 4.924228,52.413119 4.925698,52.41222 4.925707,52.412226 4.927177,52.411327 4.927186,52.41134 4.930557,52.407054 4.925232,52.404758 4.92521,52.399346 4.922263,52.401078 4.917237,52.401457 4.91463,52.400901 4.914766,52.40105 4.91113,52.401378 4.911126,52.401372 4.909657,52.401109 4.90966,52.401165 4.908309,52.403767 4.902179,52.405587 4.905203,52.404949 4.90521,52.404955 4.906679,52.405853 4.906669,52.405849 4.905638,52.406406 4.906564,52.407883 4.907203,52.408015 4.909036,52.410075 4.91262,52.415791 4.919546,52.415792 4.91979,52.414893 4.9198,52.414905 4.922739)),((52.413119 4.925698,52.414018 4.925688,52.413127 4.927657,52.413119 4.925698)),((52.415792 4.91979,52.41599 4.919788,52.41644 4.920335,52.4158 4.92175,52.415792 4.91979)),((52.414018 4.925688,52.414012 4.924218,52.414686 4.924211,52.414018 4.925688)),((52.412235 4.929626,52.412232 4.928646,52.412681 4.928642,52.412235 4.929626)),((52.414905 4.922739,52.415354 4.922735,52.414909 4.92372,52.414905 4.922739)))";4.916373;52.407886;
49;2;"Extreem kleine kans: <1/30.000 per jaar";1;"";"POLYGON((4.874807 52.416086,4.875201 52.415177,4.891285 52.407588,4.889016 52.407578,4.889026 52.406679,4.890495 52.406686,4.890505 52.405787,4.891975 52.405793,4.892015 52.402198,4.893484 52.402204,4.893474 52.403103,4.894944 52.403109,4.894934 52.403948,4.896412 52.403254,4.896413 52.403115,4.896704 52.403116,4.897889 52.40256,4.897892 52.402223,4.898599 52.402225,4.899874 52.401626,4.902179 52.403767,4.908309 52.401165,4.912802 52.393296,4.912682 52.393295,4.912694 52.392111,4.912501 52.391937,4.908577 52.393278,4.906004 52.390425,4.907318 52.386243,4.906108 52.384835,4.902103 52.383066,4.898766 52.382542,4.8971 52.383473,4.895666 52.388831,4.892798 52.393345,4.884378 52.399241,4.886316 52.400606,4.864507 52.41488,4.867832 52.418251,4.872909 52.416134,4.874807 52.416086),(4.875707 52.414711,4.875728 52.412914,4.877198 52.41292,4.877208 52.412022,4.872799 52.412003,4.872778 52.4138,4.874248 52.413806,4.874238 52.414705,4.875707 52.414711),(4.869808 52.416483,4.871277 52.41649,4.871288 52.415591,4.869818 52.415585,4.869829 52.414686,4.868359 52.414679,4.868348 52.415578,4.869818 52.415585,4.869808 52.416483),(4.890516 52.404888,4.890536 52.403091,4.889066 52.403085,4.889046 52.404882,4.890516 52.404888),(4.902457 52.387861,4.902477 52.386064,4.901008 52.386058,4.900989 52.387855,4.902457 52.387861),(4.883107 52.410249,4.883117 52.409351,4.881648 52.409344,4.881638 52.410243,4.883107 52.410249))";"POLYGON((52.416086 4.874807,52.415177 4.875201,52.407588 4.891285,52.407578 4.889016,52.406679 4.889026,52.406686 4.890495,52.405787 4.890505,52.405793 4.891975,52.402198 4.892015,52.402204 4.893484,52.403103 4.893474,52.403109 4.894944,52.403948 4.894934,52.403254 4.896412,52.403115 4.896413,52.403116 4.896704,52.40256 4.897889,52.402223 4.897892,52.402225 4.898599,52.401626 4.899874,52.403767 4.902179,52.401165 4.908309,52.393296 4.912802,52.393295 4.912682,52.392111 4.912694,52.391937 4.912501,52.393278 4.908577,52.390425 4.906004,52.386243 4.907318,52.384835 4.906108,52.383066 4.902103,52.382542 4.898766,52.383473 4.8971,52.388831 4.895666,52.393345 4.892798,52.399241 4.884378,52.400606 4.886316,52.41488 4.864507,52.418251 4.867832,52.416134 4.872909,52.416086 4.874807),(52.414711 4.875707,52.412914 4.875728,52.41292 4.877198,52.412022 4.877208,52.412003 4.872799,52.4138 4.872778,52.413806 4.874248,52.414705 4.874238,52.414711 4.875707),(52.416483 4.869808,52.41649 4.871277,52.415591 4.871288,52.415585 4.869818,52.414686 4.869829,52.414679 4.868359,52.415578 4.868348,52.415585 4.869818,52.416483 4.869808),(52.404888 4.890516,52.403091 4.890536,52.403085 4.889066,52.404882 4.889046,52.404888 4.890516),(52.387861 4.902457,52.386064 4.902477,52.386058 4.901008,52.387855 4.900989,52.387861 4.902457),(52.410249 4.883107,52.409351 4.883117,52.409344 4.881648,52.410243 4.881638,52.410249 4.883107))";4.8886595;52.4003895;
50;2;"Extreem kleine kans: <1/30.000 per jaar";1;"";"POLYGON((4.938476 52.386669,4.944904 52.385617,4.952379 52.386298,4.952411 52.38212,4.931467 52.381994,4.91983 52.38079,4.918785 52.385545,4.923916 52.387561,4.928144 52.38593,4.929649 52.387392,4.932917 52.387586,4.938476 52.386669),(4.933331 52.385287,4.933322 52.386186,4.934791 52.386192,4.9348 52.385293,4.936269 52.385298,4.936278 52.3844,4.934809 52.384394,4.9348 52.385293,4.933331 52.385287))";"POLYGON((52.386669 4.938476,52.385617 4.944904,52.386298 4.952379,52.38212 4.952411,52.381994 4.931467,52.38079 4.91983,52.385545 4.918785,52.387561 4.923916,52.38593 4.928144,52.387392 4.929649,52.387586 4.932917,52.386669 4.938476),(52.385287 4.933331,52.386186 4.933322,52.386192 4.934791,52.385293 4.9348,52.385298 4.936269,52.3844 4.936278,52.384394 4.934809,52.385293 4.9348,52.385287 4.933331))";4.935603;52.384181;
51;4;"Kleine kans: 1/300 tot 1/3.000 per jaar";3;"50 tot 200 cm";"POLYGON((4.9932 52.425046,4.99761 52.42506,5.000551 52.42507,5.018244 52.418835,5.019707 52.419739,5.021169 52.420642,5.021306 52.420625,5.028526 52.419766,5.032965 52.416184,5.039715 52.41703,5.040307 52.417104,5.04914 52.415332,5.057952 52.416256,5.065294 52.417175,5.066767 52.416729,5.066784 52.414483,5.062374 52.414471,5.062368 52.415369,5.056489 52.415353,5.056495 52.414454,5.052086 52.414442,5.052093 52.413543,5.049153 52.413535,5.049167 52.411738,5.047697 52.411733,5.047711 52.409936,5.046241 52.409932,5.046255 52.408134,5.044786 52.40813,5.044793 52.407231,5.041854 52.407223,5.041861 52.406324,5.040391 52.40632,5.040398 52.405421,5.03599 52.405408,5.036008 52.403071,5.035276 52.40271,5.034542 52.402708,5.034545 52.402348,5.033447 52.401806,5.03308 52.401804,5.033081 52.401625,5.031617 52.400901,5.028679 52.400892,5.028693 52.399095,5.027224 52.399091,5.027253 52.395496,5.025784 52.395491,5.025806 52.392795,5.024337 52.392791,5.024371 52.388656,5.023394 52.388294,5.019967 52.388283,5.019975 52.387385,5.017037 52.387376,5.01705 52.385803,5.016563 52.385577,5.014114 52.385569,5.014124 52.384445,5.012661 52.383767,5.014167 52.379278,5.013929 52.378378,5.012706 52.378374,5.012744 52.373881,5.008346 52.372968,5.005404 52.373678,5.005402 52.373857,5.004668 52.373855,5.002461 52.374387,5.002457 52.374747,5.000989 52.374742,5.000966 52.377438,4.999497 52.377433,4.999489 52.378332,4.998608 52.378329,4.998013 52.379226,4.993615 52.378313,4.993607 52.379211,4.992138 52.379206,4.992149 52.378008,4.990683 52.377703,4.990678 52.378303,4.987741 52.378293,4.987749 52.377394,4.98628 52.377389,4.986288 52.376491,4.98482 52.376486,4.984828 52.375587,4.98336 52.375582,4.983368 52.374683,4.980431 52.374673,4.980423 52.375572,4.978954 52.375567,4.978938 52.377364,4.977469 52.377359,4.977461 52.378258,4.975992 52.378253,4.975984 52.379152,4.974515 52.379146,4.974499 52.380944,4.97303 52.380939,4.973038 52.38004,4.965671 52.382582,4.96567 52.38271,4.965303 52.382709,4.964197 52.383091,4.964193 52.383604,4.962724 52.383599,4.961753 52.382696,4.961264 52.382695,4.961268 52.382245,4.960783 52.381794,4.959804 52.381791,4.959806 52.381501,4.959728 52.381517,4.952411 52.38212,4.952379 52.386298,4.966653 52.389904,4.96707 52.389905,4.967087 52.388108,4.968556 52.388113,4.968535 52.390379,4.968635 52.390404,4.97082 52.391578,4.969984 52.39253,4.969983 52.392612,4.969912 52.392612,4.964021 52.39932,4.958816 52.402449,4.959485 52.403234,4.958391 52.405809,4.949686 52.407943,4.944471 52.411024,4.942608 52.413918,4.943325 52.414085,4.944786 52.414989,4.947663 52.421291,4.972636 52.423178,4.975567 52.424087,4.975983 52.424242,4.982893 52.426809,4.987336 52.423229,4.988806 52.423234,4.99026 52.425036,4.9932 52.425046),(4.961013 52.408757,4.961005 52.409656,4.959535 52.409651,4.959518 52.411448,4.962457 52.411459,4.962483 52.408763,4.966892 52.408778,4.9669 52.40788,4.96837 52.407885,4.968378 52.406986,4.966909 52.406981,4.966917 52.406082,4.963978 52.406072,4.963961 52.407869,4.962492 52.407864,4.962483 52.408763,4.961013 52.408757),(4.990308 52.419644,4.990292 52.421441,4.991762 52.421446,4.991778 52.419649,4.994718 52.419659,4.994726 52.41876,4.997666 52.41877,4.997674 52.417871,4.993264 52.417856,4.993256 52.418755,4.991786 52.41875,4.991778 52.419649,4.990308 52.419644),(4.971511 52.386326,4.971528 52.384528,4.972997 52.384534,4.973022 52.381837,4.971553 52.381832,4.971536 52.38363,4.970067 52.383625,4.970042 52.386321,4.971511 52.386326),(4.996227 52.41517,4.997697 52.415175,4.997705 52.414276,4.996235 52.414271,4.996243 52.413372,4.994774 52.413368,4.994782 52.412469,4.993312 52.412464,4.993304 52.413363,4.994774 52.413368,4.994766 52.414266,4.996235 52.414271,4.996227 52.41517),(4.987425 52.413343,4.988895 52.413348,4.988903 52.412449,4.987433 52.412444,4.987441 52.411546,4.985972 52.411541,4.985963 52.412439,4.987433 52.412444,4.987425 52.413343),(4.991738 52.424142,4.991754 52.422345,4.990284 52.42234,4.990268 52.424137,4.991738 52.424142),(4.980118 52.408824,4.98011 52.409723,4.981579 52.409728,4.981587 52.408829,4.983057 52.408834,4.983065 52.407936,4.981596 52.407931,4.981587 52.408829,4.980118 52.408824),(4.970008 52.389916,4.97 52.390814,4.971469 52.39082,4.971477 52.389921,4.972946 52.389926,4.972955 52.389027,4.971486 52.389022,4.971477 52.389921,4.970008 52.389916),(4.997642 52.421466,4.99765 52.420567,4.99471 52.420557,4.994702 52.421456,4.997642 52.421466),(5.022698 52.413457,5.022706 52.412558,5.021236 52.412553,5.021229 52.413452,5.022698 52.413457),(4.993487 52.392692,4.993495 52.391793,4.992026 52.391789,4.992018 52.392687,4.993487 52.392692),(5.000629 52.416083,5.000637 52.415184,4.999167 52.415179,4.999159 52.416078,5.000629 52.416083),(4.950612 52.420403,4.950603 52.421302,4.952073 52.421307,4.952082 52.420409,4.950612 52.420403))";"POLYGON((52.425046 4.9932,52.42506 4.99761,52.42507 5.000551,52.418835 5.018244,52.419739 5.019707,52.420642 5.021169,52.420625 5.021306,52.419766 5.028526,52.416184 5.032965,52.41703 5.039715,52.417104 5.040307,52.415332 5.04914,52.416256 5.057952,52.417175 5.065294,52.416729 5.066767,52.414483 5.066784,52.414471 5.062374,52.415369 5.062368,52.415353 5.056489,52.414454 5.056495,52.414442 5.052086,52.413543 5.052093,52.413535 5.049153,52.411738 5.049167,52.411733 5.047697,52.409936 5.047711,52.409932 5.046241,52.408134 5.046255,52.40813 5.044786,52.407231 5.044793,52.407223 5.041854,52.406324 5.041861,52.40632 5.040391,52.405421 5.040398,52.405408 5.03599,52.403071 5.036008,52.40271 5.035276,52.402708 5.034542,52.402348 5.034545,52.401806 5.033447,52.401804 5.03308,52.401625 5.033081,52.400901 5.031617,52.400892 5.028679,52.399095 5.028693,52.399091 5.027224,52.395496 5.027253,52.395491 5.025784,52.392795 5.025806,52.392791 5.024337,52.388656 5.024371,52.388294 5.023394,52.388283 5.019967,52.387385 5.019975,52.387376 5.017037,52.385803 5.01705,52.385577 5.016563,52.385569 5.014114,52.384445 5.014124,52.383767 5.012661,52.379278 5.014167,52.378378 5.013929,52.378374 5.012706,52.373881 5.012744,52.372968 5.008346,52.373678 5.005404,52.373857 5.005402,52.373855 5.004668,52.374387 5.002461,52.374747 5.002457,52.374742 5.000989,52.377438 5.000966,52.377433 4.999497,52.378332 4.999489,52.378329 4.998608,52.379226 4.998013,52.378313 4.993615,52.379211 4.993607,52.379206 4.992138,52.378008 4.992149,52.377703 4.990683,52.378303 4.990678,52.378293 4.987741,52.377394 4.987749,52.377389 4.98628,52.376491 4.986288,52.376486 4.98482,52.375587 4.984828,52.375582 4.98336,52.374683 4.983368,52.374673 4.980431,52.375572 4.980423,52.375567 4.978954,52.377364 4.978938,52.377359 4.977469,52.378258 4.977461,52.378253 4.975992,52.379152 4.975984,52.379146 4.974515,52.380944 4.974499,52.380939 4.97303,52.38004 4.973038,52.382582 4.965671,52.38271 4.96567,52.382709 4.965303,52.383091 4.964197,52.383604 4.964193,52.383599 4.962724,52.382696 4.961753,52.382695 4.961264,52.382245 4.961268,52.381794 4.960783,52.381791 4.959804,52.381501 4.959806,52.381517 4.959728,52.38212 4.952411,52.386298 4.952379,52.389904 4.966653,52.389905 4.96707,52.388108 4.967087,52.388113 4.968556,52.390379 4.968535,52.390404 4.968635,52.391578 4.97082,52.39253 4.969984,52.392612 4.969983,52.392612 4.969912,52.39932 4.964021,52.402449 4.958816,52.403234 4.959485,52.405809 4.958391,52.407943 4.949686,52.411024 4.944471,52.413918 4.942608,52.414085 4.943325,52.414989 4.944786,52.421291 4.947663,52.423178 4.972636,52.424087 4.975567,52.424242 4.975983,52.426809 4.982893,52.423229 4.987336,52.423234 4.988806,52.425036 4.99026,52.425046 4.9932),(52.408757 4.961013,52.409656 4.961005,52.409651 4.959535,52.411448 4.959518,52.411459 4.962457,52.408763 4.962483,52.408778 4.966892,52.40788 4.9669,52.407885 4.96837,52.406986 4.968378,52.406981 4.966909,52.406082 4.966917,52.406072 4.963978,52.407869 4.963961,52.407864 4.962492,52.408763 4.962483,52.408757 4.961013),(52.419644 4.990308,52.421441 4.990292,52.421446 4.991762,52.419649 4.991778,52.419659 4.994718,52.41876 4.994726,52.41877 4.997666,52.417871 4.997674,52.417856 4.993264,52.418755 4.993256,52.41875 4.991786,52.419649 4.991778,52.419644 4.990308),(52.386326 4.971511,52.384528 4.971528,52.384534 4.972997,52.381837 4.973022,52.381832 4.971553,52.38363 4.971536,52.383625 4.970067,52.386321 4.970042,52.386326 4.971511),(52.41517 4.996227,52.415175 4.997697,52.414276 4.997705,52.414271 4.996235,52.413372 4.996243,52.413368 4.994774,52.412469 4.994782,52.412464 4.993312,52.413363 4.993304,52.413368 4.994774,52.414266 4.994766,52.414271 4.996235,52.41517 4.996227),(52.413343 4.987425,52.413348 4.988895,52.412449 4.988903,52.412444 4.987433,52.411546 4.987441,52.411541 4.985972,52.412439 4.985963,52.412444 4.987433,52.413343 4.987425),(52.424142 4.991738,52.422345 4.991754,52.42234 4.990284,52.424137 4.990268,52.424142 4.991738),(52.408824 4.980118,52.409723 4.98011,52.409728 4.981579,52.408829 4.981587,52.408834 4.983057,52.407936 4.983065,52.407931 4.981596,52.408829 4.981587,52.408824 4.980118),(52.389916 4.970008,52.390814 4.97,52.39082 4.971469,52.389921 4.971477,52.389926 4.972946,52.389027 4.972955,52.389022 4.971486,52.389921 4.971477,52.389916 4.970008),(52.421466 4.997642,52.420567 4.99765,52.420557 4.99471,52.421456 4.994702,52.421466 4.997642),(52.413457 5.022698,52.412558 5.022706,52.412553 5.021236,52.413452 5.021229,52.413457 5.022698),(52.392692 4.993487,52.391793 4.993495,52.391789 4.992026,52.392687 4.992018,52.392692 4.993487),(52.416083 5.000629,52.415184 5.000637,52.415179 4.999167,52.416078 4.999159,52.416083 5.000629),(52.420403 4.950612,52.421302 4.950603,52.421307 4.952073,52.420409 4.952082,52.420403 4.950612))";5.004701;52.3998815;
52;3;"Zeer kleine kans: 1/3.000 tot 1/30.000 per jaar";2;"0 tot 50 cm";"POLYGON((4.815774 52.389181,4.815784 52.388374,4.817253 52.388381,4.817265 52.387482,4.818733 52.387489,4.818712 52.38918,4.818829 52.38918,4.818847 52.387553,4.831595 52.387394,4.831619 52.384798,4.818657 52.384779,4.811954 52.384768,4.794255 52.384426,4.758553 52.384266,4.75855 52.384489,4.758537 52.385388,4.760006 52.385396,4.75997 52.387928,4.766088 52.387939,4.767367 52.388131,4.768781 52.388138,4.768778 52.388342,4.768831 52.388351,4.769455 52.389041,4.773175 52.38906,4.773173 52.389188,4.815774 52.389181),(4.827558 52.386633,4.82758 52.384835,4.826112 52.384828,4.8261 52.385727,4.821694 52.385706,4.821683 52.386605,4.827558 52.386633),(4.777619 52.386387,4.777594 52.388184,4.780532 52.388199,4.780544 52.3873,4.779075 52.387293,4.779088 52.386394,4.777619 52.386387),(4.792283 52.388259,4.792295 52.38736,4.789357 52.387345,4.789345 52.388244,4.792283 52.388259),(4.79817 52.387389,4.798194 52.385592,4.796725 52.385584,4.796701 52.387382,4.79817 52.387389),(4.807006 52.385635,4.806995 52.386534,4.808463 52.386541,4.808475 52.385642,4.807006 52.385635),(4.783482 52.387315,4.783494 52.386417,4.782025 52.386409,4.782013 52.387308,4.783482 52.387315))";"POLYGON((52.389181 4.815774,52.388374 4.815784,52.388381 4.817253,52.387482 4.817265,52.387489 4.818733,52.38918 4.818712,52.38918 4.818829,52.387553 4.818847,52.387394 4.831595,52.384798 4.831619,52.384779 4.818657,52.384768 4.811954,52.384426 4.794255,52.384266 4.758553,52.384489 4.75855,52.385388 4.758537,52.385396 4.760006,52.387928 4.75997,52.387939 4.766088,52.388131 4.767367,52.388138 4.768781,52.388342 4.768778,52.388351 4.768831,52.389041 4.769455,52.38906 4.773175,52.389188 4.773173,52.389181 4.815774),(52.386633 4.827558,52.384835 4.82758,52.384828 4.826112,52.385727 4.8261,52.385706 4.821694,52.386605 4.821683,52.386633 4.827558),(52.386387 4.777619,52.388184 4.777594,52.388199 4.780532,52.3873 4.780544,52.387293 4.779075,52.386394 4.779088,52.386387 4.777619),(52.388259 4.792283,52.38736 4.792295,52.387345 4.789357,52.388244 4.789345,52.388259 4.792283),(52.387389 4.79817,52.385592 4.798194,52.385584 4.796725,52.387382 4.796701,52.387389 4.79817),(52.385635 4.807006,52.386534 4.806995,52.386541 4.808463,52.385642 4.808475,52.385635 4.807006),(52.387315 4.783482,52.386417 4.783494,52.386409 4.782025,52.387308 4.782013,52.387315 4.783482))";4.795083;52.38672;
53;3;"Zeer kleine kans: 1/3.000 tot 1/30.000 per jaar";2;"0 tot 50 cm";"POLYGON((4.837102 52.37769,4.836482 52.377687,4.836498 52.376393,4.832083 52.377109,4.832077 52.377666,4.830608 52.377659,4.830612 52.377349,4.826197 52.378066,4.826191 52.378537,4.824723 52.37853,4.824725 52.378304,4.822668 52.378638,4.818897 52.382254,4.818657 52.384779,4.831619 52.384798,4.835181 52.384871,4.839232 52.38489,4.837102 52.37769))";"POLYGON((52.37769 4.837102,52.377687 4.836482,52.376393 4.836498,52.377109 4.832083,52.377666 4.832077,52.377659 4.830608,52.377349 4.830612,52.378066 4.826197,52.378537 4.826191,52.37853 4.824723,52.378304 4.824725,52.378638 4.822668,52.382254 4.818897,52.384779 4.818657,52.384798 4.831619,52.384871 4.835181,52.38489 4.839232,52.37769 4.837102))";4.8289495;52.3806345;
54;3;"Zeer kleine kans: 1/3.000 tot 1/30.000 per jaar";2;"0 tot 50 cm";"POLYGON((4.818657 52.384779,4.818897 52.382254,4.822668 52.378638,4.824725 52.378304,4.824734 52.377632,4.826203 52.377639,4.826197 52.378066,4.830612 52.377349,4.830619 52.376761,4.832088 52.376768,4.832083 52.377109,4.836498 52.376393,4.836504 52.375917,4.836491 52.375889,4.835036 52.375883,4.835047 52.374984,4.836073 52.374989,4.835657 52.374088,4.835058 52.374085,4.835069 52.373187,4.833601 52.37318,4.833612 52.372281,4.834963 52.372287,4.834385 52.37037,4.829332 52.370535,4.827145 52.372071,4.826101 52.371599,4.812039 52.359447,4.807537 52.367012,4.805134 52.372731,4.807552 52.372433,4.809381 52.380365,4.812119 52.380555,4.811954 52.384768,4.818657 52.384779),(4.810142 52.370372,4.810166 52.368574,4.807229 52.36856,4.807206 52.370357,4.810142 52.370372),(4.827728 52.373152,4.827739 52.372253,4.826271 52.372246,4.826259 52.373145,4.827728 52.373152))";"POLYGON((52.384779 4.818657,52.382254 4.818897,52.378638 4.822668,52.378304 4.824725,52.377632 4.824734,52.377639 4.826203,52.378066 4.826197,52.377349 4.830612,52.376761 4.830619,52.376768 4.832088,52.377109 4.832083,52.376393 4.836498,52.375917 4.836504,52.375889 4.836491,52.375883 4.835036,52.374984 4.835047,52.374989 4.836073,52.374088 4.835657,52.374085 4.835058,52.373187 4.835069,52.37318 4.833601,52.372281 4.833612,52.372287 4.834963,52.37037 4.834385,52.370535 4.829332,52.372071 4.827145,52.371599 4.826101,52.359447 4.812039,52.367012 4.807537,52.372731 4.805134,52.372433 4.807552,52.380365 4.809381,52.380555 4.812119,52.384768 4.811954,52.384779 4.818657),(52.370372 4.810142,52.368574 4.810166,52.36856 4.807229,52.370357 4.807206,52.370372 4.810142),(52.373152 4.827728,52.372253 4.827739,52.372246 4.826271,52.373145 4.826259,52.373152 4.827728))";4.820824;52.372106;
55;3;"Zeer kleine kans: 1/3.000 tot 1/30.000 per jaar";2;"0 tot 50 cm";"POLYGON((4.805134 52.372731,4.792923 52.373803,4.790625 52.375614,4.793639 52.377234,4.794255 52.384426,4.811954 52.384768,4.812119 52.380555,4.809381 52.380365,4.807552 52.372433,4.805134 52.372731))";"POLYGON((52.372731 4.805134,52.373803 4.792923,52.375614 4.790625,52.377234 4.793639,52.384426 4.794255,52.384768 4.811954,52.380555 4.812119,52.380365 4.809381,52.372433 4.807552,52.372731 4.805134))";4.801377;52.3785935;
56;4;"Kleine kans: 1/300 tot 1/3.000 per jaar";4;"Meer dan 200 cm";"POLYGON((4.794255 52.384426,4.793639 52.377234,4.790625 52.375614,4.78929 52.376254,4.780803 52.369839,4.760094 52.381465,4.758142 52.380028,4.758601 52.380895,4.758588 52.381793,4.758553 52.384266,4.794255 52.384426))";"POLYGON((52.384426 4.794255,52.377234 4.793639,52.375614 4.790625,52.376254 4.78929,52.369839 4.780803,52.381465 4.760094,52.380028 4.758142,52.380895 4.758601,52.381793 4.758588,52.384266 4.758553,52.384426 4.794255))";4.7762035;52.3771255;
57;4;"Kleine kans: 1/300 tot 1/3.000 per jaar";4;"Meer dan 200 cm";"POLYGON((4.790625 52.375614,4.792923 52.373803,4.805134 52.372731,4.807537 52.367012,4.795228 52.364479,4.786679 52.362702,4.783519 52.361692,4.776662 52.356955,4.768038 52.35122,4.767826 52.351284,4.756009 52.356614,4.757212 52.363811,4.757375 52.363812,4.757362 52.36471,4.758565 52.371907,4.758728 52.371908,4.758716 52.372806,4.75869 52.374604,4.758201 52.374601,4.757171 52.378191,4.758142 52.380028,4.760094 52.381465,4.780803 52.369839,4.78929 52.376254,4.790625 52.375614))";"POLYGON((52.375614 4.790625,52.373803 4.792923,52.372731 4.805134,52.367012 4.807537,52.364479 4.795228,52.362702 4.786679,52.361692 4.783519,52.356955 4.776662,52.35122 4.768038,52.351284 4.767826,52.356614 4.756009,52.363811 4.757212,52.363812 4.757375,52.36471 4.757362,52.371907 4.758565,52.371908 4.758728,52.372806 4.758716,52.374604 4.75869,52.374601 4.758201,52.378191 4.757171,52.380028 4.758142,52.381465 4.760094,52.369839 4.780803,52.376254 4.78929,52.375614 4.790625))";4.781778;52.3663355;
58;3;"Zeer kleine kans: 1/3.000 tot 1/30.000 per jaar";2;"0 tot 50 cm";"POLYGON((4.812039 52.359447,4.813446 52.357958,4.817372 52.358841,4.818616 52.358247,4.818126 52.356263,4.820437 52.351718,4.812471 52.351742,4.803606 52.349958,4.795228 52.364479,4.807537 52.367012,4.812039 52.359447))";"POLYGON((52.359447 4.812039,52.357958 4.813446,52.358841 4.817372,52.358247 4.818616,52.356263 4.818126,52.351718 4.820437,52.351742 4.812471,52.349958 4.803606,52.364479 4.795228,52.367012 4.807537,52.359447 4.812039))";4.8078375;52.358478;
59;3;"Zeer kleine kans: 1/3.000 tot 1/30.000 per jaar";2;"0 tot 50 cm";"POLYGON((4.803606 52.349958,4.797747 52.34835,4.795536 52.346249,4.791817 52.353189,4.786679 52.362702,4.795228 52.364479,4.803606 52.349958))";"POLYGON((52.349958 4.803606,52.34835 4.797747,52.346249 4.795536,52.353189 4.791817,52.362702 4.786679,52.364479 4.795228,52.349958 4.803606))";4.7951475;52.355357;
60;3;"Zeer kleine kans: 1/3.000 tot 1/30.000 per jaar";4;"Meer dan 200 cm";"POLYGON((4.791817 52.353189,4.787823 52.352471,4.776662 52.356955,4.783519 52.361692,4.786679 52.362702,4.791817 52.353189))";"POLYGON((52.353189 4.791817,52.352471 4.787823,52.356955 4.776662,52.361692 4.783519,52.362702 4.786679,52.353189 4.791817))";4.7842445;52.3575795;
61;3;"Zeer kleine kans: 1/3.000 tot 1/30.000 per jaar";4;"Meer dan 200 cm";"POLYGON((4.791817 52.353189,4.795536 52.346249,4.797747 52.34835,4.798695 52.347772,4.798706 52.346947,4.797238 52.34694,4.797286 52.343345,4.798753 52.343353,4.798777 52.341555,4.801562 52.341569,4.801436 52.336426,4.799231 52.335096,4.798861 52.335264,4.797895 52.335259,4.797393 52.335257,4.795905 52.336822,4.795902 52.337047,4.795693 52.337046,4.794417 52.338388,4.794399 52.339736,4.793142 52.33973,4.792929 52.339953,4.79292 52.340627,4.792291 52.340624,4.791441 52.341519,4.789964 52.342185,4.789961 52.34241,4.789473 52.342407,4.785535 52.344185,4.779629 52.346851,4.773722 52.349517,4.773422 52.349607,4.770774 52.350401,4.768038 52.35122,4.776662 52.356955,4.787823 52.352471,4.791817 52.353189))";"POLYGON((52.353189 4.791817,52.346249 4.795536,52.34835 4.797747,52.347772 4.798695,52.346947 4.798706,52.34694 4.797238,52.343345 4.797286,52.343353 4.798753,52.341555 4.798777,52.341569 4.801562,52.336426 4.801436,52.335096 4.799231,52.335264 4.798861,52.335259 4.797895,52.335257 4.797393,52.336822 4.795905,52.337047 4.795902,52.337046 4.795693,52.338388 4.794417,52.339736 4.794399,52.33973 4.793142,52.339953 4.792929,52.340627 4.79292,52.340624 4.792291,52.341519 4.791441,52.342185 4.789964,52.34241 4.789961,52.342407 4.789473,52.344185 4.785535,52.346851 4.779629,52.349517 4.773722,52.349607 4.773422,52.350401 4.770774,52.35122 4.768038,52.356955 4.776662,52.352471 4.787823,52.353189 4.791817))";4.784805;52.3460185;
62;3;"Zeer kleine kans: 1/3.000 tot 1/30.000 per jaar";2;"0 tot 50 cm";"POLYGON((4.834385 52.37037,4.833875 52.357936,4.834406 52.345664,4.827593 52.34564,4.823671 52.344715,4.821937 52.346413,4.820437 52.351718,4.818126 52.356263,4.818616 52.358247,4.817372 52.358841,4.813446 52.357958,4.812039 52.359447,4.826101 52.371599,4.827145 52.372071,4.829332 52.370535,4.834385 52.37037))";"POLYGON((52.37037 4.834385,52.357936 4.833875,52.345664 4.834406,52.34564 4.827593,52.344715 4.823671,52.346413 4.821937,52.351718 4.820437,52.356263 4.818126,52.358247 4.818616,52.358841 4.817372,52.357958 4.813446,52.359447 4.812039,52.371599 4.826101,52.372071 4.827145,52.370535 4.829332,52.37037 4.834385))";4.8232275;52.358386;
63;3;"Zeer kleine kans: 1/3.000 tot 1/30.000 per jaar";2;"0 tot 50 cm";"POLYGON((4.842203 52.372101,4.84213 52.369309,4.848328 52.369709,4.848328 52.369652,4.848471 52.369653,4.850485 52.36533,4.850261 52.364269,4.848394 52.36426,4.848405 52.363362,4.849873 52.363368,4.849882 52.362569,4.849434 52.36067,4.848437 52.360665,4.848469 52.358051,4.833875 52.357936,4.834385 52.37037,4.834963 52.372287,4.840788 52.372314,4.842203 52.372101),(4.83656 52.371396,4.836571 52.370497,4.835103 52.37049,4.835092 52.371389,4.83656 52.371396))";"POLYGON((52.372101 4.842203,52.369309 4.84213,52.369709 4.848328,52.369652 4.848328,52.369653 4.848471,52.36533 4.850485,52.364269 4.850261,52.36426 4.848394,52.363362 4.848405,52.363368 4.849873,52.362569 4.849882,52.36067 4.849434,52.360665 4.848437,52.358051 4.848469,52.357936 4.833875,52.37037 4.834385,52.372287 4.834963,52.372314 4.840788,52.372101 4.842203),(52.371396 4.83656,52.370497 4.836571,52.37049 4.835103,52.371389 4.835092,52.371396 4.83656))";4.842185;52.365118;
64;3;"Zeer kleine kans: 1/3.000 tot 1/30.000 per jaar";2;"0 tot 50 cm";"MULTIPOLYGON(((4.844132 52.352557,4.844143 52.351658,4.845037 52.351662,4.84563 52.346362,4.841507 52.345976,4.841592 52.345355,4.839818 52.345347,4.83984 52.343549,4.841307 52.343556,4.841351 52.339961,4.842327 52.339966,4.84245 52.33907,4.842832 52.338852,4.842841 52.338171,4.839906 52.338157,4.839895 52.339056,4.837147 52.339043,4.835334 52.341171,4.834406 52.345664,4.833875 52.357936,4.848469 52.358051,4.848481 52.357071,4.84881 52.357072,4.848804 52.356173,4.848492 52.356172,4.8485 52.355488,4.844615 52.355427,4.844635 52.355255,4.842632 52.355246,4.842665 52.35255,4.844132 52.352557),(4.845545 52.357057,4.845534 52.357956,4.847002 52.357963,4.847013 52.357064,4.845545 52.357057)),((4.844132 52.352557,4.844121 52.353456,4.844836 52.353459,4.844937 52.352561,4.844132 52.352557)),((4.839906 52.338157,4.839907 52.338108,4.839764 52.338157,4.839906 52.338157)))";"MULTIPOLYGON(((52.352557 4.844132,52.351658 4.844143,52.351662 4.845037,52.346362 4.84563,52.345976 4.841507,52.345355 4.841592,52.345347 4.839818,52.343549 4.83984,52.343556 4.841307,52.339961 4.841351,52.339966 4.842327,52.33907 4.84245,52.338852 4.842832,52.338171 4.842841,52.338157 4.839906,52.339056 4.839895,52.339043 4.837147,52.341171 4.835334,52.345664 4.834406,52.357936 4.833875,52.358051 4.848469,52.357071 4.848481,52.357072 4.84881,52.356173 4.848804,52.356172 4.848492,52.355488 4.8485,52.355427 4.844615,52.355255 4.844635,52.355246 4.842632,52.35255 4.842665,52.352557 4.844132),(52.357057 4.845545,52.357956 4.845534,52.357963 4.847002,52.357064 4.847013,52.357057 4.845545)),((52.352557 4.844132,52.353456 4.844121,52.353459 4.844836,52.352561 4.844937,52.352557 4.844132)),((52.338157 4.839906,52.338108 4.839907,52.338157 4.839764,52.338157 4.839906)))";4.8413475;52.3480725;
65;2;"Extreem kleine kans: <1/30.000 per jaar";1;"";"POLYGON((4.820437 52.351718,4.821937 52.346413,4.823671 52.344715,4.827593 52.34564,4.834406 52.345664,4.835334 52.341171,4.837147 52.339043,4.829625 52.339008,4.829636 52.338109,4.836972 52.338144,4.836983 52.337245,4.83845 52.337252,4.838439 52.33815,4.839764 52.338157,4.839907 52.338108,4.839917 52.337258,4.844319 52.337279,4.844341 52.335481,4.846376 52.335491,4.845051 52.334022,4.841671 52.332458,4.837046 52.332142,4.837039 52.332751,4.839973 52.332765,4.839962 52.333664,4.842896 52.333677,4.842885 52.334576,4.839951 52.334562,4.839962 52.333664,4.837027 52.33365,4.837039 52.332751,4.834105 52.332738,4.834114 52.331941,4.822791 52.331166,4.819639 52.330465,4.816563 52.327747,4.816558 52.328161,4.814603 52.328151,4.813618 52.328596,4.813613 52.329045,4.812634 52.32904,4.812143 52.329263,4.812134 52.329937,4.810667 52.32993,4.809192 52.330596,4.809189 52.330821,4.8087 52.330819,4.803288 52.333264,4.803285 52.333489,4.802797 52.333486,4.799231 52.335096,4.801436 52.336426,4.801562 52.341569,4.811983 52.34162,4.811971 52.342519,4.819308 52.342554,4.819297 52.343453,4.820764 52.34346,4.820753 52.344359,4.82222 52.344366,4.822209 52.345264,4.820741 52.345257,4.820672 52.35065,4.810399 52.3506,4.810411 52.349701,4.806008 52.34968,4.80602 52.348781,4.80015 52.348752,4.800162 52.347853,4.798694 52.347846,4.798695 52.347772,4.797747 52.34835,4.803606 52.349958,4.812471 52.351742,4.820437 52.351718),(4.82669 52.338994,4.826701 52.338095,4.814964 52.338039,4.814952 52.338938,4.82669 52.338994),(4.820867 52.335371,4.820856 52.33627,4.822323 52.336277,4.822334 52.335378,4.828203 52.335406,4.828214 52.334508,4.822346 52.33448,4.822334 52.335378,4.820867 52.335371),(4.831137 52.33542,4.831171 52.332724,4.829703 52.332717,4.82967 52.335413,4.831137 52.33542),(4.815022 52.333546,4.813555 52.333539,4.813543 52.334437,4.81501 52.334445,4.814999 52.335343,4.816466 52.33535,4.816477 52.334452,4.81501 52.334445,4.815022 52.333546),(4.809072 52.339808,4.809083 52.33891,4.807616 52.338902,4.807605 52.339801,4.809072 52.339808),(4.817933 52.335357,4.817921 52.336256,4.819388 52.336263,4.8194 52.335364,4.817933 52.335357),(4.823699 52.343474,4.82371 52.342575,4.822243 52.342568,4.822231 52.343467,4.823699 52.343474),(4.81203 52.338025,4.812041 52.337126,4.810574 52.337119,4.810562 52.338018,4.81203 52.338025),(4.804741 52.334394,4.804729 52.335293,4.806196 52.3353,4.806208 52.334402,4.804741 52.334394),(4.812099 52.332633,4.812111 52.331734,4.810644 52.331727,4.810632 52.332626,4.812099 52.332633))";"POLYGON((52.351718 4.820437,52.346413 4.821937,52.344715 4.823671,52.34564 4.827593,52.345664 4.834406,52.341171 4.835334,52.339043 4.837147,52.339008 4.829625,52.338109 4.829636,52.338144 4.836972,52.337245 4.836983,52.337252 4.83845,52.33815 4.838439,52.338157 4.839764,52.338108 4.839907,52.337258 4.839917,52.337279 4.844319,52.335481 4.844341,52.335491 4.846376,52.334022 4.845051,52.332458 4.841671,52.332142 4.837046,52.332751 4.837039,52.332765 4.839973,52.333664 4.839962,52.333677 4.842896,52.334576 4.842885,52.334562 4.839951,52.333664 4.839962,52.33365 4.837027,52.332751 4.837039,52.332738 4.834105,52.331941 4.834114,52.331166 4.822791,52.330465 4.819639,52.327747 4.816563,52.328161 4.816558,52.328151 4.814603,52.328596 4.813618,52.329045 4.813613,52.32904 4.812634,52.329263 4.812143,52.329937 4.812134,52.32993 4.810667,52.330596 4.809192,52.330821 4.809189,52.330819 4.8087,52.333264 4.803288,52.333489 4.803285,52.333486 4.802797,52.335096 4.799231,52.336426 4.801436,52.341569 4.801562,52.34162 4.811983,52.342519 4.811971,52.342554 4.819308,52.343453 4.819297,52.34346 4.820764,52.344359 4.820753,52.344366 4.82222,52.345264 4.822209,52.345257 4.820741,52.35065 4.820672,52.3506 4.810399,52.349701 4.810411,52.34968 4.806008,52.348781 4.80602,52.348752 4.80015,52.347853 4.800162,52.347846 4.798694,52.347772 4.798695,52.34835 4.797747,52.349958 4.803606,52.351742 4.812471,52.351718 4.820437),(52.338994 4.82669,52.338095 4.826701,52.338039 4.814964,52.338938 4.814952,52.338994 4.82669),(52.335371 4.820867,52.33627 4.820856,52.336277 4.822323,52.335378 4.822334,52.335406 4.828203,52.334508 4.828214,52.33448 4.822346,52.335378 4.822334,52.335371 4.820867),(52.33542 4.831137,52.332724 4.831171,52.332717 4.829703,52.335413 4.82967,52.33542 4.831137),(52.333546 4.815022,52.333539 4.813555,52.334437 4.813543,52.334445 4.81501,52.335343 4.814999,52.33535 4.816466,52.334452 4.816477,52.334445 4.81501,52.333546 4.815022),(52.339808 4.809072,52.33891 4.809083,52.338902 4.807616,52.339801 4.807605,52.339808 4.809072),(52.335357 4.817933,52.336256 4.817921,52.336263 4.819388,52.335364 4.8194,52.335357 4.817933),(52.343474 4.823699,52.342575 4.82371,52.342568 4.822243,52.343467 4.822231,52.343474 4.823699),(52.338025 4.81203,52.337126 4.812041,52.337119 4.810574,52.338018 4.810562,52.338025 4.81203),(52.334394 4.804741,52.335293 4.804729,52.3353 4.806196,52.334402 4.806208,52.334394 4.804741),(52.332633 4.812099,52.331734 4.812111,52.331727 4.810644,52.332626 4.810632,52.332633 4.812099))";4.8220665;52.3397375;
66;3;"Zeer kleine kans: 1/3.000 tot 1/30.000 per jaar";3;"50 tot 200 cm";"POLYGON((4.955479 52.302522,4.971999 52.284341,4.969567 52.282075,4.969554 52.282063,4.968114 52.279361,4.967209 52.279247,4.960796 52.278436,4.954935 52.278415,4.954926 52.279314,4.954194 52.279311,4.953571 52.280065,4.953452 52.280207,4.92973 52.307081,4.929712 52.308824,4.929712 52.308879,4.934083 52.311592,4.938446 52.315203,4.940734 52.318773,4.955479 52.302522),(4.950319 52.300868,4.950328 52.299969,4.948862 52.299963,4.948853 52.300862,4.950319 52.300868),(4.96664 52.280255,4.966649 52.279356,4.965183 52.279351,4.965175 52.28025,4.96664 52.280255))";"POLYGON((52.302522 4.955479,52.284341 4.971999,52.282075 4.969567,52.282063 4.969554,52.279361 4.968114,52.279247 4.967209,52.278436 4.960796,52.278415 4.954935,52.279314 4.954926,52.279311 4.954194,52.280065 4.953571,52.280207 4.953452,52.307081 4.92973,52.308824 4.929712,52.308879 4.929712,52.311592 4.934083,52.315203 4.938446,52.318773 4.940734,52.302522 4.955479),(52.300868 4.950319,52.299969 4.950328,52.299963 4.948862,52.300862 4.948853,52.300868 4.950319),(52.280255 4.96664,52.279356 4.966649,52.279351 4.965183,52.28025 4.965175,52.280255 4.96664))";4.9508605;52.298587;
67;3;"Zeer kleine kans: 1/3.000 tot 1/30.000 per jaar";3;"50 tot 200 cm";"POLYGON((4.948107 52.326924,4.95304 52.322448,4.956785 52.323998,4.97077 52.3087,4.970779 52.307777,4.96201 52.304766,4.962004 52.305404,4.960538 52.305399,4.960546 52.3045,4.961244 52.304502,4.955479 52.302522,4.940734 52.318773,4.941334 52.319708,4.939849 52.3215,4.936897 52.323286,4.938355 52.324191,4.944195 52.326909,4.94589 52.327437,4.94712 52.327819,4.947129 52.32692,4.948107 52.326924))";"POLYGON((52.326924 4.948107,52.322448 4.95304,52.323998 4.956785,52.3087 4.97077,52.307777 4.970779,52.304766 4.96201,52.305404 4.962004,52.305399 4.960538,52.3045 4.960546,52.304502 4.961244,52.302522 4.955479,52.318773 4.940734,52.319708 4.941334,52.3215 4.939849,52.323286 4.936897,52.324191 4.938355,52.326909 4.944195,52.327437 4.94589,52.327819 4.94712,52.32692 4.947129,52.326924 4.948107))";4.953843;52.3151635;
68;3;"Zeer kleine kans: 1/3.000 tot 1/30.000 per jaar";3;"50 tot 200 cm";"POLYGON((4.980834 52.330635,4.985235 52.33065,4.98966 52.327969,4.997081 52.318107,4.997084 52.317724,4.995955 52.317205,4.995622 52.317204,4.995624 52.317053,4.989276 52.31414,4.973702 52.308782,4.9737 52.30904,4.970767 52.30903,4.97077 52.3087,4.956785 52.323998,4.957423 52.324261,4.967449 52.32782,4.967656 52.327893,4.976429 52.331006,4.976433 52.33062,4.979367 52.33063,4.980021 52.330633,4.980834 52.330635))";"POLYGON((52.330635 4.980834,52.33065 4.985235,52.327969 4.98966,52.318107 4.997081,52.317724 4.997084,52.317205 4.995955,52.317204 4.995622,52.317053 4.995624,52.31414 4.989276,52.308782 4.973702,52.30904 4.9737,52.30903 4.970767,52.3087 4.97077,52.323998 4.956785,52.324261 4.957423,52.32782 4.967449,52.327893 4.967656,52.331006 4.976429,52.33062 4.976433,52.33063 4.979367,52.330633 4.980021,52.330635 4.980834))";4.9769395;52.319846;
69;3;"Zeer kleine kans: 1/3.000 tot 1/30.000 per jaar";3;"50 tot 200 cm";"MULTIPOLYGON(((4.995624 52.317053,4.99563 52.316305,4.997097 52.31631,4.99712 52.313614,4.997735 52.313964,5.001622 52.310785,5.007598 52.309815,5.014113 52.303782,5.011868 52.303775,5.008142 52.301467,4.979893 52.30151,4.976342 52.302627,4.972111 52.307237,4.973716 52.307243,4.973702 52.308782,4.989276 52.31414,4.995624 52.317053),(5.003072 52.303747,5.003087 52.301949,5.001621 52.301945,5.001605 52.303742,5.003072 52.303747)),((4.997089 52.317209,4.995955 52.317205,4.997084 52.317724,4.997089 52.317209)))";"MULTIPOLYGON(((52.317053 4.995624,52.316305 4.99563,52.31631 4.997097,52.313614 4.99712,52.313964 4.997735,52.310785 5.001622,52.309815 5.007598,52.303782 5.014113,52.303775 5.011868,52.301467 5.008142,52.30151 4.979893,52.302627 4.976342,52.307237 4.972111,52.307243 4.973716,52.308782 4.973702,52.31414 4.989276,52.317053 4.995624),(52.303747 5.003072,52.301949 5.003087,52.301945 5.001621,52.303742 5.001605,52.303747 5.003072)),((52.317209 4.997089,52.317205 4.995955,52.317724 4.997084,52.317209 4.997089)))";4.993117;52.3095885;
70;3;"Zeer kleine kans: 1/3.000 tot 1/30.000 per jaar";3;"50 tot 200 cm";"POLYGON((4.972111 52.307237,4.976342 52.302627,4.979893 52.30151,4.981943 52.298719,4.982218 52.290589,4.986016 52.29008,4.984134 52.290202,4.972459 52.284769,4.971999 52.284341,4.955479 52.302522,4.961244 52.304502,4.962012 52.304505,4.96201 52.304766,4.970779 52.307777,4.970784 52.307233,4.972111 52.307237))";"POLYGON((52.307237 4.972111,52.302627 4.976342,52.30151 4.979893,52.298719 4.981943,52.290589 4.982218,52.29008 4.986016,52.290202 4.984134,52.284769 4.972459,52.284341 4.971999,52.302522 4.955479,52.304502 4.961244,52.304505 4.962012,52.304766 4.96201,52.307777 4.970779,52.307233 4.970784,52.307237 4.972111))";4.9707525;52.296052;
71;3;"Zeer kleine kans: 1/3.000 tot 1/30.000 per jaar";3;"50 tot 200 cm";"POLYGON((5.008142 52.301467,5.007493 52.301065,5.003118 52.298354,5.001675 52.295653,5.001699 52.292957,4.997333 52.289348,4.986016 52.29008,4.982218 52.290589,4.981943 52.298719,4.979893 52.30151,5.008142 52.301467))";"POLYGON((52.301467 5.008142,52.301065 5.007493,52.298354 5.003118,52.295653 5.001675,52.292957 5.001699,52.289348 4.997333,52.29008 4.986016,52.290589 4.982218,52.298719 4.981943,52.30151 4.979893,52.301467 5.008142))";4.9940225;52.295422;
72;4;"Kleine kans: 1/300 tot 1/3.000 per jaar";3;"50 tot 200 cm";"POLYGON((5.017568 52.323566,5.021818 52.304352,5.022138 52.302908,5.018628 52.303327,5.0148 52.303784,5.014113 52.303782,5.007598 52.309815,5.001622 52.310785,4.997735 52.313964,5.016094 52.32446,5.017568 52.323566))";"POLYGON((52.323566 5.017568,52.304352 5.021818,52.302908 5.022138,52.303327 5.018628,52.303784 5.0148,52.303782 5.014113,52.309815 5.007598,52.310785 5.001622,52.313964 4.997735,52.32446 5.016094,52.323566 5.017568))";5.0099415;52.313677;
73;2;"Extreem kleine kans: <1/30.000 per jaar";1;"";"MULTIPOLYGON(((4.91462 52.349264,4.911684 52.349252,4.911687 52.349011,4.910972 52.349977,4.908612 52.353408,4.906542 52.355523,4.907214 52.355525,4.907194 52.357323,4.905726 52.357317,4.905717 52.358216,4.907185 52.358222,4.907175 52.35912,4.908643 52.359126,4.908662 52.357329,4.91013 52.357335,4.910159 52.354639,4.911627 52.354644,4.911656 52.351948,4.913123 52.351954,4.913142 52.350157,4.91461 52.350163,4.91462 52.349264)),((4.912925 52.355548,4.911617 52.355543,4.911611 52.356071,4.912925 52.355548)),((4.914705 52.351062,4.9146 52.351061,4.914591 52.35196,4.915044 52.351962,4.914705 52.351062)),((4.905726 52.357317,4.905734 52.356623,4.905445 52.357316,4.905726 52.357317)),((4.91462 52.349264,4.914809 52.349265,4.914621 52.34918,4.91462 52.349264)),((4.916163 52.350169,4.916078 52.350168,4.916077 52.350221,4.916163 52.350169)))";"MULTIPOLYGON(((52.349264 4.91462,52.349252 4.911684,52.349011 4.911687,52.349977 4.910972,52.353408 4.908612,52.355523 4.906542,52.355525 4.907214,52.357323 4.907194,52.357317 4.905726,52.358216 4.905717,52.358222 4.907185,52.35912 4.907175,52.359126 4.908643,52.357329 4.908662,52.357335 4.91013,52.354639 4.910159,52.354644 4.911627,52.351948 4.911656,52.351954 4.913123,52.350157 4.913142,52.350163 4.91461,52.349264 4.91462)),((52.355548 4.912925,52.355543 4.911617,52.356071 4.911611,52.355548 4.912925)),((52.351062 4.914705,52.351061 4.9146,52.35196 4.914591,52.351962 4.915044,52.351062 4.914705)),((52.357317 4.905726,52.356623 4.905734,52.357316 4.905445,52.357317 4.905726)),((52.349264 4.91462,52.349265 4.914809,52.34918 4.914621,52.349264 4.91462)),((52.350169 4.916163,52.350168 4.916078,52.350221 4.916077,52.350169 4.916163)))";4.910809;52.3540615;
74;2;"Extreem kleine kans: <1/30.000 per jaar";1;"";"POLYGON((4.925004 52.36009,4.92478 52.360089,4.92479 52.35919,4.923322 52.359185,4.923313 52.360083,4.921845 52.360078,4.921882 52.356483,4.917479 52.356465,4.917488 52.355567,4.912925 52.355548,4.911611 52.356071,4.911608 52.356442,4.914543 52.356454,4.914534 52.357352,4.917469 52.357364,4.917431 52.360959,4.921835 52.360976,4.921816 52.362774,4.923033 52.362778,4.925004 52.36009))";"POLYGON((52.36009 4.925004,52.360089 4.92478,52.35919 4.92479,52.359185 4.923322,52.360083 4.923313,52.360078 4.921845,52.356483 4.921882,52.356465 4.917479,52.355567 4.917488,52.355548 4.912925,52.356071 4.911611,52.356442 4.911608,52.356454 4.914543,52.357352 4.914534,52.357364 4.917469,52.360959 4.917431,52.360976 4.921835,52.362774 4.921816,52.362778 4.923033,52.36009 4.925004))";4.918311;52.359156;
75;3;"Zeer kleine kans: 1/3.000 tot 1/30.000 per jaar";2;"0 tot 50 cm";"MULTIPOLYGON(((4.929129 52.365498,4.929147 52.363701,4.927679 52.363695,4.927688 52.362797,4.929157 52.362802,4.929194 52.359207,4.926258 52.359196,4.926248 52.360095,4.925004 52.36009,4.923033 52.362778,4.923284 52.362779,4.923269 52.36428,4.924728 52.365096,4.924734 52.364583,4.926202 52.364588,4.926192 52.365487,4.929129 52.365498)),((4.936551 52.35747,4.92823 52.355333,4.927491 52.356505,4.927754 52.356506,4.927744 52.357404,4.929212 52.35741,4.929203 52.358309,4.930671 52.358314,4.93068 52.357416,4.932148 52.357421,4.932139 52.35832,4.935074 52.358331,4.935069 52.358852,4.936544 52.358141,4.936551 52.35747)),((4.934293 52.359227,4.933597 52.359224,4.933594 52.359565,4.934293 52.359227)),((4.932246 52.361017,4.932111 52.361016,4.932109 52.361164,4.932246 52.361017)))";"MULTIPOLYGON(((52.365498 4.929129,52.363701 4.929147,52.363695 4.927679,52.362797 4.927688,52.362802 4.929157,52.359207 4.929194,52.359196 4.926258,52.360095 4.926248,52.36009 4.925004,52.362778 4.923033,52.362779 4.923284,52.36428 4.923269,52.365096 4.924728,52.364583 4.924734,52.364588 4.926202,52.365487 4.926192,52.365498 4.929129)),((52.35747 4.936551,52.355333 4.92823,52.356505 4.927491,52.356506 4.927754,52.357404 4.927744,52.35741 4.929212,52.358309 4.929203,52.358314 4.930671,52.357416 4.93068,52.357421 4.932148,52.35832 4.932139,52.358331 4.935074,52.358852 4.935069,52.358141 4.936544,52.35747 4.936551)),((52.359227 4.934293,52.359224 4.933597,52.359565 4.933594,52.359227 4.934293)),((52.361017 4.932246,52.361016 4.932111,52.361164 4.932109,52.361017 4.932246)))";4.929797;52.3604085;
76;3;"Zeer kleine kans: 1/3.000 tot 1/30.000 per jaar";2;"0 tot 50 cm";"POLYGON((4.92823 52.355333,4.916825 52.350171,4.916163 52.350169,4.916077 52.350221,4.916068 52.351067,4.914705 52.351062,4.915044 52.351962,4.916059 52.351966,4.91604 52.353763,4.917507 52.353769,4.917498 52.354668,4.918966 52.354674,4.918975 52.353775,4.920443 52.353781,4.920424 52.355578,4.923359 52.35559,4.92335 52.356488,4.927491 52.356505,4.92823 52.355333))";"POLYGON((52.355333 4.92823,52.350171 4.916825,52.350169 4.916163,52.350221 4.916077,52.351067 4.916068,52.351062 4.914705,52.351962 4.915044,52.351966 4.916059,52.353763 4.91604,52.353769 4.917507,52.354668 4.917498,52.354674 4.918966,52.353775 4.918975,52.353781 4.920443,52.355578 4.920424,52.35559 4.923359,52.356488 4.92335,52.356505 4.927491,52.355333 4.92823))";4.9214725;52.35333;
77;3;"Zeer kleine kans: 1/3.000 tot 1/30.000 per jaar";4;"Meer dan 200 cm";"MULTIPOLYGON(((4.92823 52.355333,4.940167 52.347763,4.927173 52.339799,4.920557 52.342878,4.920556 52.342996,4.920307 52.342995,4.919083 52.343565,4.919032 52.348383,4.917564 52.348377,4.917545 52.350174,4.916825 52.350171,4.92823 52.355333)),((4.917593 52.345681,4.916125 52.345675,4.916116 52.346574,4.917583 52.346579,4.917593 52.345681)),((4.916097 52.348371,4.914629 52.348365,4.914621 52.34918,4.914809 52.349265,4.916087 52.34927,4.916097 52.348371)))";"MULTIPOLYGON(((52.355333 4.92823,52.347763 4.940167,52.339799 4.927173,52.342878 4.920557,52.342996 4.920556,52.342995 4.920307,52.343565 4.919083,52.348383 4.919032,52.348377 4.917564,52.350174 4.917545,52.350171 4.916825,52.355333 4.92823)),((52.345681 4.917593,52.345675 4.916125,52.346574 4.916116,52.346579 4.917583,52.345681 4.917593)),((52.348371 4.916097,52.348365 4.914629,52.34918 4.914621,52.349265 4.914809,52.34927 4.916087,52.348371 4.916097)))";4.927399;52.347559;
78;3;"Zeer kleine kans: 1/3.000 tot 1/30.000 per jaar";4;"Meer dan 200 cm";"MULTIPOLYGON(((4.965943 52.353951,4.964483 52.353047,4.961652 52.348638,4.961591 52.348543,4.96079 52.347797,4.956147 52.343477,4.955773 52.343129,4.952865 52.340423,4.952541 52.340222,4.940167 52.347763,4.92823 52.355333,4.936551 52.35747,4.936551 52.357438,4.938019 52.357444,4.938015 52.357818,4.94091 52.358409,4.940945 52.358407,4.940946 52.358353,4.942173 52.358358,4.958553 52.357693,4.958568 52.3577,4.958569 52.35752,4.961505 52.35753,4.961514 52.356632,4.964449 52.356642,4.964475 52.353946,4.965943 52.353951),(4.948321 52.354786,4.94833 52.353887,4.949797 52.353893,4.949806 52.352994,4.948339 52.352989,4.94833 52.353887,4.946862 52.353882,4.946853 52.354781,4.943918 52.35477,4.943909 52.355668,4.942441 52.355663,4.942432 52.356562,4.9439 52.356567,4.943909 52.355668,4.946844 52.355679,4.946853 52.354781,4.948321 52.354786)),((4.968861 52.355759,4.965943 52.353951,4.965926 52.355749,4.968861 52.355759)),((4.968861 52.355759,4.970082 52.355763,4.97164 52.35509,4.968861 52.355759)),((4.963898 52.358438,4.962964 52.358434,4.96296 52.358843,4.963898 52.358438)))";"MULTIPOLYGON(((52.353951 4.965943,52.353047 4.964483,52.348638 4.961652,52.348543 4.961591,52.347797 4.96079,52.343477 4.956147,52.343129 4.955773,52.340423 4.952865,52.340222 4.952541,52.347763 4.940167,52.355333 4.92823,52.35747 4.936551,52.357438 4.936551,52.357444 4.938019,52.357818 4.938015,52.358409 4.94091,52.358407 4.940945,52.358353 4.940946,52.358358 4.942173,52.357693 4.958553,52.3577 4.958568,52.35752 4.958569,52.35753 4.961505,52.356632 4.961514,52.356642 4.964449,52.353946 4.964475,52.353951 4.965943),(52.354786 4.948321,52.353887 4.94833,52.353893 4.949797,52.352994 4.949806,52.352989 4.948339,52.353887 4.94833,52.353882 4.946862,52.354781 4.946853,52.35477 4.943918,52.355668 4.943909,52.355663 4.942441,52.356562 4.942432,52.356567 4.9439,52.355668 4.943909,52.355679 4.946844,52.354781 4.946853,52.354786 4.948321)),((52.355759 4.968861,52.353951 4.965943,52.355749 4.965926,52.355759 4.968861)),((52.355759 4.968861,52.355763 4.970082,52.35509 4.97164,52.355759 4.968861)),((52.358438 4.963898,52.358434 4.962964,52.358843 4.96296,52.358438 4.963898)))";4.94994;52.3495255;
79;3;"Zeer kleine kans: 1/3.000 tot 1/30.000 per jaar";4;"Meer dan 200 cm";"POLYGON((4.952541 52.340222,4.949948 52.338614,4.947013 52.338603,4.94702 52.337884,4.944093 52.337155,4.944088 52.337694,4.941153 52.337683,4.941161 52.336886,4.927173 52.339799,4.940167 52.347763,4.952541 52.340222))";"POLYGON((52.340222 4.952541,52.338614 4.949948,52.338603 4.947013,52.337884 4.94702,52.337155 4.944093,52.337694 4.944088,52.337683 4.941153,52.336886 4.941161,52.339799 4.927173,52.347763 4.940167,52.340222 4.952541))";4.939862;52.3423175;
80;3;"Zeer kleine kans: 1/3.000 tot 1/30.000 per jaar";1;"";"MULTIPOLYGON(((4.911809 52.337569,4.911829 52.335771,4.913296 52.335777,4.913344 52.331283,4.916278 52.331295,4.913353 52.330385,4.913396 52.326382,4.913401 52.325891,4.913459 52.320499,4.912011 52.318695,4.909078 52.318684,4.901716 52.32135,4.896393 52.322142,4.895107 52.323948,4.899322 52.330209,4.898247 52.332321,4.899344 52.333249,4.905166 52.333838,4.905811 52.334848,4.90597 52.334849,4.90598 52.33395,4.907447 52.333956,4.907437 52.334855,4.908904 52.334861,4.908875 52.337557,4.911809 52.337569),(4.901598 52.332135,4.901608 52.331236,4.900141 52.33123,4.900131 52.332129,4.901598 52.332135)),((4.939704 52.33588,4.939695 52.336779,4.938228 52.336773,4.938237 52.335874,4.939704 52.33588,4.936779 52.33497,4.927958 52.336734,4.92793 52.33943,4.926463 52.339424,4.926491 52.336728,4.927958 52.336734,4.925704 52.335335,4.925042 52.334925,4.925033 52.335823,4.923566 52.335818,4.923547 52.337615,4.92208 52.337609,4.922061 52.339407,4.920594 52.339401,4.920557 52.342878,4.927173 52.339799,4.941161 52.336886,4.941167 52.336335,4.939704 52.33588)),((4.914725 52.339378,4.913257 52.339372,4.91325 52.340042,4.914313 52.34043,4.914173 52.341173,4.914706 52.341175,4.914696 52.342074,4.916163 52.34208,4.916182 52.340282,4.914715 52.340277,4.914725 52.339378)),((4.917678 52.337592,4.914744 52.33758,4.914734 52.338479,4.917669 52.338491,4.917678 52.337592)),((4.910333 52.338462,4.908915 52.338456,4.910327 52.338972,4.910333 52.338462)),((4.920307 52.342995,4.919089 52.34299,4.919083 52.343565,4.920307 52.342995)))";"MULTIPOLYGON(((52.337569 4.911809,52.335771 4.911829,52.335777 4.913296,52.331283 4.913344,52.331295 4.916278,52.330385 4.913353,52.326382 4.913396,52.325891 4.913401,52.320499 4.913459,52.318695 4.912011,52.318684 4.909078,52.32135 4.901716,52.322142 4.896393,52.323948 4.895107,52.330209 4.899322,52.332321 4.898247,52.333249 4.899344,52.333838 4.905166,52.334848 4.905811,52.334849 4.90597,52.33395 4.90598,52.333956 4.907447,52.334855 4.907437,52.334861 4.908904,52.337557 4.908875,52.337569 4.911809),(52.332135 4.901598,52.331236 4.901608,52.33123 4.900141,52.332129 4.900131,52.332135 4.901598)),((52.33588 4.939704,52.336779 4.939695,52.336773 4.938228,52.335874 4.938237,52.33588 4.939704,52.33497 4.936779,52.336734 4.927958,52.33943 4.92793,52.339424 4.926463,52.336728 4.926491,52.336734 4.927958,52.335335 4.925704,52.334925 4.925042,52.335823 4.925033,52.335818 4.923566,52.337615 4.923547,52.337609 4.92208,52.339407 4.922061,52.339401 4.920594,52.342878 4.920557,52.339799 4.927173,52.336886 4.941161,52.336335 4.941167,52.33588 4.939704)),((52.339378 4.914725,52.339372 4.913257,52.340042 4.91325,52.34043 4.914313,52.341173 4.914173,52.341175 4.914706,52.342074 4.914696,52.34208 4.916163,52.340282 4.916182,52.340277 4.914715,52.339378 4.914725)),((52.337592 4.917678,52.33758 4.914744,52.338479 4.914734,52.338491 4.917669,52.337592 4.917678)),((52.338462 4.910333,52.338456 4.908915,52.338972 4.910327,52.338462 4.910333)),((52.342995 4.920307,52.34299 4.919089,52.343565 4.919083,52.342995 4.920307)))";4.918142;52.3311175;
81;3;"Zeer kleine kans: 1/3.000 tot 1/30.000 per jaar";2;"0 tot 50 cm";"MULTIPOLYGON(((4.888102 52.358143,4.88957 52.358149,4.88958 52.35725,4.892516 52.357262,4.892526 52.356364,4.893994 52.35637,4.894004 52.355471,4.895471 52.355477,4.895462 52.356376,4.898397 52.356388,4.898387 52.357287,4.905445 52.357316,4.905734 52.356623,4.905736 52.356418,4.904268 52.356412,4.904277 52.355651,4.899151 52.354135,4.890055 52.352758,4.888163 52.35275,4.888122 52.356345,4.886989 52.356341,4.887076 52.35724,4.888112 52.357244,4.888102 52.358143),(4.891058 52.356358,4.891068 52.355459,4.8896 52.355453,4.88959 52.356351,4.891058 52.356358),(4.891078 52.35456,4.891088 52.353661,4.88962 52.353655,4.88961 52.354554,4.891078 52.35456)),((4.888102 52.358143,4.887163 52.358139,4.887251 52.359038,4.888092 52.359041,4.888102 52.358143)),((4.894314 52.358169,4.893974 52.358167,4.893974 52.358183,4.894314 52.358169)))";"MULTIPOLYGON(((52.358143 4.888102,52.358149 4.88957,52.35725 4.88958,52.357262 4.892516,52.356364 4.892526,52.35637 4.893994,52.355471 4.894004,52.355477 4.895471,52.356376 4.895462,52.356388 4.898397,52.357287 4.898387,52.357316 4.905445,52.356623 4.905734,52.356418 4.905736,52.356412 4.904268,52.355651 4.904277,52.354135 4.899151,52.352758 4.890055,52.35275 4.888163,52.356345 4.888122,52.356341 4.886989,52.35724 4.887076,52.357244 4.888112,52.358143 4.888102),(52.356358 4.891058,52.355459 4.891068,52.355453 4.8896,52.356351 4.88959,52.356358 4.891058),(52.35456 4.891078,52.353661 4.891088,52.353655 4.88962,52.354554 4.88961,52.35456 4.891078)),((52.358143 4.888102,52.358139 4.887163,52.359038 4.887251,52.359041 4.888092,52.358143 4.888102)),((52.358169 4.894314,52.358167 4.893974,52.358183 4.893974,52.358169 4.894314)))";4.8963675;52.3558885;
82;2;"Extreem kleine kans: <1/30.000 per jaar";1;"";"MULTIPOLYGON(((4.904277 52.355651,4.904288 52.354615,4.905756 52.354621,4.905746 52.355519,4.906542 52.355523,4.908612 52.353408,4.896981 52.351661,4.896979 52.351888,4.895511 52.351882,4.895516 52.35144,4.894726 52.351322,4.895079 52.349184,4.894074 52.34918,4.894054 52.350978,4.889651 52.350959,4.889641 52.351858,4.891108 52.351864,4.891098 52.352763,4.890055 52.352758,4.899151 52.354135,4.904277 52.355651),(4.901362 52.353704,4.901372 52.352805,4.899904 52.352799,4.899895 52.353698,4.901362 52.353704)),((4.891148 52.348269,4.890457 52.348266,4.888212 52.348374,4.888203 52.349156,4.889671 52.349162,4.889661 52.35006,4.891128 52.350067,4.891148 52.348269)),((4.894083 52.348281,4.894086 52.348093,4.892617 52.348163,4.892616 52.348275,4.894083 52.348281)))";"MULTIPOLYGON(((52.355651 4.904277,52.354615 4.904288,52.354621 4.905756,52.355519 4.905746,52.355523 4.906542,52.353408 4.908612,52.351661 4.896981,52.351888 4.896979,52.351882 4.895511,52.35144 4.895516,52.351322 4.894726,52.349184 4.895079,52.34918 4.894074,52.350978 4.894054,52.350959 4.889651,52.351858 4.889641,52.351864 4.891108,52.352763 4.891098,52.352758 4.890055,52.354135 4.899151,52.355651 4.904277),(52.353704 4.901362,52.352805 4.901372,52.352799 4.899904,52.353698 4.899895,52.353704 4.901362)),((52.348269 4.891148,52.348266 4.890457,52.348374 4.888212,52.349156 4.888203,52.349162 4.889671,52.35006 4.889661,52.350067 4.891128,52.348269 4.891148)),((52.348281 4.894083,52.348093 4.894086,52.348163 4.892617,52.348275 4.892616,52.348281 4.894083)))";4.8984125;52.351865;
83;3;"Zeer kleine kans: 1/3.000 tot 1/30.000 per jaar";2;"0 tot 50 cm";"POLYGON((4.910972 52.349977,4.91021 52.349883,4.910207 52.350145,4.90874 52.350139,4.908744 52.349702,4.904879 52.349225,4.904347 52.349222,4.904337 52.350121,4.902869 52.350115,4.902882 52.348977,4.897019 52.348253,4.897019 52.348294,4.895551 52.348288,4.895541 52.349186,4.895079 52.349184,4.894726 52.351322,4.895516 52.35144,4.895531 52.350085,4.896999 52.350091,4.896981 52.351661,4.908612 52.353408,4.910972 52.349977),(4.898466 52.350097,4.898456 52.350996,4.899924 52.351002,4.899934 52.350103,4.898466 52.350097))";"POLYGON((52.349977 4.910972,52.349883 4.91021,52.350145 4.910207,52.350139 4.90874,52.349702 4.908744,52.349225 4.904879,52.349222 4.904347,52.350121 4.904337,52.350115 4.902869,52.348977 4.902882,52.348253 4.897019,52.348294 4.897019,52.348288 4.895551,52.349186 4.895541,52.349184 4.895079,52.351322 4.894726,52.35144 4.895516,52.350085 4.895531,52.350091 4.896999,52.351661 4.896981,52.353408 4.908612,52.349977 4.910972),(52.350097 4.898466,52.350996 4.898456,52.351002 4.899924,52.350103 4.899934,52.350097 4.898466))";4.902854;52.3508235;
84;3;"Zeer kleine kans: 1/3.000 tot 1/30.000 per jaar";2;"0 tot 50 cm";"MULTIPOLYGON(((4.854089 52.356403,4.853744 52.355297,4.852906 52.355293,4.852917 52.354394,4.853464 52.354397,4.852623 52.351697,4.851481 52.351692,4.851503 52.349894,4.852064 52.349897,4.851689 52.348694,4.848101 52.342612,4.847893 52.341789,4.847199 52.341786,4.847188 52.342684,4.84572 52.342678,4.845742 52.34088,4.842808 52.340867,4.842786 52.342664,4.844253 52.342671,4.844242 52.34357,4.842775 52.343563,4.842753 52.34536,4.841592 52.345355,4.841507 52.345976,4.84563 52.346362,4.845037 52.351662,4.845611 52.351665,4.8456 52.352564,4.844937 52.352561,4.844836 52.353459,4.845589 52.353462,4.845567 52.35526,4.844635 52.355255,4.844615 52.355427,4.8485 52.355488,4.848503 52.355273,4.84997 52.35528,4.84996 52.356178,4.848804 52.356173,4.84881 52.357072,4.854352 52.357097,4.854355 52.35685,4.854089 52.356403),(4.844231 52.344468,4.84422 52.345367,4.845688 52.345374,4.845666 52.347171,4.847133 52.347178,4.847166 52.344482,4.844231 52.344468),(4.850068 52.347191,4.850079 52.346293,4.848612 52.346286,4.848601 52.347185,4.850068 52.347191),(4.851449 52.354388,4.85146 52.353489,4.849992 52.353482,4.849981 52.354381,4.851449 52.354388)),((4.84283 52.339069,4.842832 52.338852,4.84245 52.33907,4.842327 52.339966,4.844286 52.339975,4.844297 52.339076,4.84283 52.339069)))";"MULTIPOLYGON(((52.356403 4.854089,52.355297 4.853744,52.355293 4.852906,52.354394 4.852917,52.354397 4.853464,52.351697 4.852623,52.351692 4.851481,52.349894 4.851503,52.349897 4.852064,52.348694 4.851689,52.342612 4.848101,52.341789 4.847893,52.341786 4.847199,52.342684 4.847188,52.342678 4.84572,52.34088 4.845742,52.340867 4.842808,52.342664 4.842786,52.342671 4.844253,52.34357 4.844242,52.343563 4.842775,52.34536 4.842753,52.345355 4.841592,52.345976 4.841507,52.346362 4.84563,52.351662 4.845037,52.351665 4.845611,52.352564 4.8456,52.352561 4.844937,52.353459 4.844836,52.353462 4.845589,52.35526 4.845567,52.355255 4.844635,52.355427 4.844615,52.355488 4.8485,52.355273 4.848503,52.35528 4.84997,52.356178 4.84996,52.356173 4.848804,52.357072 4.84881,52.357097 4.854352,52.35685 4.854355,52.356403 4.854089),(52.344468 4.844231,52.345367 4.84422,52.345374 4.845688,52.347171 4.845666,52.347178 4.847133,52.344482 4.847166,52.344468 4.844231),(52.347191 4.850068,52.346293 4.850079,52.346286 4.848612,52.347185 4.848601,52.347191 4.850068),(52.354388 4.851449,52.353489 4.85146,52.353482 4.849992,52.354381 4.849981,52.354388 4.851449)),((52.339069 4.84283,52.338852 4.842832,52.33907 4.84245,52.339966 4.842327,52.339975 4.844286,52.339076 4.844297,52.339069 4.84283)))";4.847936;52.3479675;
85;3;"Zeer kleine kans: 1/3.000 tot 1/30.000 per jaar";2;"0 tot 50 cm";"POLYGON((4.854361 52.356354,4.854363 52.356198,4.854827 52.3562,4.857362 52.34981,4.857434 52.349022,4.857384 52.349022,4.857395 52.348123,4.855927 52.348117,4.855938 52.347218,4.856475 52.34722,4.853055 52.3468,4.851563 52.344846,4.851817 52.343348,4.851583 52.343302,4.851579 52.343603,4.850112 52.343596,4.850119 52.343011,4.848101 52.342612,4.851689 52.348694,4.852064 52.349897,4.852971 52.349901,4.852949 52.351698,4.852623 52.351697,4.853464 52.354397,4.854384 52.354401,4.854374 52.3553,4.853744 52.355297,4.854089 52.356403,4.854361 52.356354))";"POLYGON((52.356354 4.854361,52.356198 4.854363,52.3562 4.854827,52.34981 4.857362,52.349022 4.857434,52.349022 4.857384,52.348123 4.857395,52.348117 4.855927,52.347218 4.855938,52.34722 4.856475,52.3468 4.853055,52.344846 4.851563,52.343348 4.851817,52.343302 4.851583,52.343603 4.851579,52.343596 4.850112,52.343011 4.850119,52.342612 4.848101,52.348694 4.851689,52.349897 4.852064,52.349901 4.852971,52.351698 4.852949,52.351697 4.852623,52.354397 4.853464,52.354401 4.854384,52.3553 4.854374,52.355297 4.853744,52.356403 4.854089,52.356354 4.854361))";4.8527725;52.3495005;
86;2;"Extreem kleine kans: <1/30.000 per jaar";1;"";"POLYGON((4.865562 52.358777,4.867575 52.3561,4.867626 52.351763,4.869506 52.351772,4.866168 52.350937,4.866137 52.353554,4.863202 52.353541,4.863191 52.35444,4.861723 52.354434,4.861744 52.352636,4.858809 52.352623,4.85883 52.350826,4.857363 52.350819,4.857374 52.349921,4.857784 52.349922,4.857362 52.34981,4.854827 52.3562,4.855831 52.356205,4.855827 52.356538,4.865449 52.358989,4.865562 52.358777))";"POLYGON((52.358777 4.865562,52.3561 4.867575,52.351763 4.867626,52.351772 4.869506,52.350937 4.866168,52.353554 4.866137,52.353541 4.863202,52.35444 4.863191,52.354434 4.861723,52.352636 4.861744,52.352623 4.858809,52.350826 4.85883,52.350819 4.857363,52.349921 4.857374,52.349922 4.857784,52.34981 4.857362,52.3562 4.854827,52.356205 4.855831,52.356538 4.855827,52.358989 4.865449,52.358777 4.865562))";4.8621715;52.3543925;
87;3;"Zeer kleine kans: 1/3.000 tot 1/30.000 per jaar";2;"0 tot 50 cm";"MULTIPOLYGON(((4.877899 52.351808,4.877889 52.352707,4.876421 52.3527,4.876432 52.351802,4.875802 52.351799,4.874962 52.351951,4.874954 52.352694,4.873486 52.352688,4.873476 52.353586,4.87054 52.353574,4.870519 52.355371,4.871987 52.355378,4.871977 52.356276,4.867573 52.356257,4.867575 52.3561,4.865562 52.358777,4.880321 52.361705,4.880722 52.361706,4.880742 52.359909,4.876339 52.35989,4.876349 52.358991,4.877817 52.358998,4.877848 52.356302,4.879316 52.356308,4.879295 52.358105,4.882231 52.358118,4.882241 52.357219,4.880773 52.357213,4.880783 52.356314,4.883719 52.356327,4.883688 52.359023,4.885156 52.359029,4.885177 52.357232,4.887076 52.35724,4.886989 52.356341,4.886655 52.356339,4.886665 52.35544,4.885197 52.355434,4.885209 52.35433,4.881731 52.353676,4.883095 52.352729,4.880824 52.352719,4.880835 52.351821,4.877899 52.351808),(4.876401 52.354498,4.87639 52.355397,4.880794 52.355415,4.880804 52.354517,4.876401 52.354498)),((4.887163 52.358139,4.886634 52.358137,4.886624 52.359035,4.887251 52.359038,4.887163 52.358139)),((4.876432 52.351802,4.877899 52.351808,4.877904 52.351418,4.876433 52.351685,4.876432 52.351802)))";"MULTIPOLYGON(((52.351808 4.877899,52.352707 4.877889,52.3527 4.876421,52.351802 4.876432,52.351799 4.875802,52.351951 4.874962,52.352694 4.874954,52.352688 4.873486,52.353586 4.873476,52.353574 4.87054,52.355371 4.870519,52.355378 4.871987,52.356276 4.871977,52.356257 4.867573,52.3561 4.867575,52.358777 4.865562,52.361705 4.880321,52.361706 4.880722,52.359909 4.880742,52.35989 4.876339,52.358991 4.876349,52.358998 4.877817,52.356302 4.877848,52.356308 4.879316,52.358105 4.879295,52.358118 4.882231,52.357219 4.882241,52.357213 4.880773,52.356314 4.880783,52.356327 4.883719,52.359023 4.883688,52.359029 4.885156,52.357232 4.885177,52.35724 4.887076,52.356341 4.886989,52.356339 4.886655,52.35544 4.886665,52.355434 4.885197,52.35433 4.885209,52.353676 4.881731,52.352729 4.883095,52.352719 4.880824,52.351821 4.880835,52.351808 4.877899),(52.354498 4.876401,52.355397 4.87639,52.355415 4.880794,52.354517 4.880804,52.354498 4.876401)),((52.358139 4.887163,52.358137 4.886634,52.359035 4.886624,52.359038 4.887251,52.358139 4.887163)),((52.351802 4.876432,52.351808 4.877899,52.351418 4.877904,52.351685 4.876433,52.351802 4.876432)))";4.8764115;52.356555;
88;3;"Zeer kleine kans: 1/3.000 tot 1/30.000 per jaar";2;"0 tot 50 cm";"MULTIPOLYGON(((4.867971 52.343977,4.866255 52.343516,4.866253 52.343669,4.864785 52.343662,4.864792 52.343122,4.862659 52.342549,4.860398 52.342436,4.860394 52.342744,4.858927 52.342737,4.858916 52.343636,4.857449 52.343629,4.857438 52.344528,4.858905 52.344535,4.858873 52.347231,4.860341 52.347237,4.86033 52.348136,4.861798 52.348143,4.861787 52.349041,4.863255 52.349048,4.863244 52.349947,4.866179 52.34996,4.866172 52.350598,4.866683 52.350537,4.867971 52.343977)),((4.856039 52.338778,4.848709 52.338214,4.848699 52.339096,4.850166 52.339103,4.850155 52.340002,4.856024 52.340028,4.856039 52.338778)),((4.85159 52.342704,4.851583 52.343302,4.851817 52.343348,4.851563 52.344846,4.853055 52.3468,4.856475 52.34722,4.857406 52.347224,4.857427 52.345427,4.85596 52.34542,4.855949 52.346319,4.853014 52.346306,4.853057 52.342711,4.85159 52.342704)),((4.85159 52.342704,4.851601 52.341806,4.850133 52.341799,4.850144 52.3409,4.848677 52.340894,4.848666 52.341792,4.847893 52.341789,4.848101 52.342612,4.850119 52.343011,4.850122 52.342698,4.85159 52.342704)),((4.858852 52.349028,4.857434 52.349022,4.857362 52.34981,4.857784 52.349922,4.858841 52.349927,4.858852 52.349028)),((4.848487 52.338196,4.847243 52.338101,4.847242 52.338191,4.848487 52.338196)))";"MULTIPOLYGON(((52.343977 4.867971,52.343516 4.866255,52.343669 4.866253,52.343662 4.864785,52.343122 4.864792,52.342549 4.862659,52.342436 4.860398,52.342744 4.860394,52.342737 4.858927,52.343636 4.858916,52.343629 4.857449,52.344528 4.857438,52.344535 4.858905,52.347231 4.858873,52.347237 4.860341,52.348136 4.86033,52.348143 4.861798,52.349041 4.861787,52.349048 4.863255,52.349947 4.863244,52.34996 4.866179,52.350598 4.866172,52.350537 4.866683,52.343977 4.867971)),((52.338778 4.856039,52.338214 4.848709,52.339096 4.848699,52.339103 4.850166,52.340002 4.850155,52.340028 4.856024,52.338778 4.856039)),((52.342704 4.85159,52.343302 4.851583,52.343348 4.851817,52.344846 4.851563,52.3468 4.853055,52.34722 4.856475,52.347224 4.857406,52.345427 4.857427,52.34542 4.85596,52.346319 4.855949,52.346306 4.853014,52.342711 4.853057,52.342704 4.85159)),((52.342704 4.85159,52.341806 4.851601,52.341799 4.850133,52.3409 4.850144,52.340894 4.848677,52.341792 4.848666,52.341789 4.847893,52.342612 4.848101,52.343011 4.850119,52.342698 4.850122,52.342704 4.85159)),((52.349028 4.858852,52.349022 4.857434,52.34981 4.857362,52.349922 4.857784,52.349927 4.858841,52.349028 4.858852)),((52.338196 4.848487,52.338101 4.847243,52.338191 4.847242,52.338196 4.848487)))";4.8576115;52.3443425;
89;3;"Zeer kleine kans: 1/3.000 tot 1/30.000 per jaar";2;"0 tot 50 cm";"MULTIPOLYGON(((4.869104 52.350871,4.869114 52.349972,4.872049 52.349985,4.87206 52.349086,4.873527 52.349093,4.873517 52.349992,4.879387 52.350017,4.879398 52.349118,4.880865 52.349124,4.880876 52.348226,4.879408 52.348219,4.879439 52.345523,4.880906 52.34553,4.880917 52.344631,4.883851 52.344643,4.883854 52.344371,4.877986 52.344226,4.877951 52.347314,4.876483 52.347308,4.876494 52.346409,4.875026 52.346403,4.875047 52.344606,4.876514 52.344612,4.876519 52.34419,4.867971 52.343977,4.866683 52.350537,4.866172 52.350598,4.866168 52.350937,4.869506 52.351772,4.870561 52.351776,4.870571 52.350878,4.869104 52.350871),(4.873569 52.345498,4.873579 52.344599,4.872112 52.344593,4.872102 52.345492,4.873569 52.345498)),((4.87791 52.350909,4.876442 52.350903,4.876433 52.351685,4.877904 52.351418,4.87791 52.350909)),((4.875802 52.351799,4.874964 52.351795,4.874962 52.351951,4.875802 52.351799)))";"MULTIPOLYGON(((52.350871 4.869104,52.349972 4.869114,52.349985 4.872049,52.349086 4.87206,52.349093 4.873527,52.349992 4.873517,52.350017 4.879387,52.349118 4.879398,52.349124 4.880865,52.348226 4.880876,52.348219 4.879408,52.345523 4.879439,52.34553 4.880906,52.344631 4.880917,52.344643 4.883851,52.344371 4.883854,52.344226 4.877986,52.347314 4.877951,52.347308 4.876483,52.346409 4.876494,52.346403 4.875026,52.344606 4.875047,52.344612 4.876514,52.34419 4.876519,52.343977 4.867971,52.350537 4.866683,52.350598 4.866172,52.350937 4.866168,52.351772 4.869506,52.351776 4.870561,52.350878 4.870571,52.350871 4.869104),(52.345498 4.873569,52.344599 4.873579,52.344593 4.872112,52.345492 4.872102,52.345498 4.873569)),((52.350909 4.87791,52.350903 4.876442,52.351685 4.876433,52.351418 4.877904,52.350909 4.87791)),((52.351799 4.875802,52.351795 4.874964,52.351951 4.874962,52.351799 4.875802)))";4.875016;52.347957;
90;2;"Extreem kleine kans: <1/30.000 per jaar";1;"";"POLYGON((4.883095 52.352729,4.881731 52.353676,4.885209 52.35433,4.885227 52.352738,4.883095 52.352729))";"POLYGON((52.352729 4.883095,52.353676 4.881731,52.35433 4.885209,52.352738 4.885227,52.352729 4.883095))";4.883484;52.3535225;
91;2;"Extreem kleine kans: <1/30.000 per jaar";1;"";"MULTIPOLYGON(((4.901451 52.345616,4.90146 52.344717,4.899993 52.344711,4.900003 52.343812,4.902938 52.343824,4.902948 52.342925,4.901668 52.34292,4.898988 52.342984,4.897184 52.342344,4.897341 52.341105,4.894163 52.341092,4.894153 52.34199,4.888284 52.341966,4.888294 52.341067,4.886827 52.341061,4.886837 52.340162,4.88537 52.340156,4.885347 52.342191,4.885595 52.343752,4.888264 52.343763,4.888274 52.342865,4.889741 52.342871,4.889731 52.343769,4.891199 52.343776,4.891188 52.344674,4.889721 52.344668,4.889701 52.346466,4.895571 52.34649,4.895567 52.346878,4.902909 52.346433,4.902918 52.345622,4.901451 52.345616),(4.897068 52.3438,4.897088 52.342003,4.895621 52.341996,4.895601 52.343794,4.897068 52.3438),(4.894113 52.345585,4.894123 52.344687,4.892656 52.34468,4.892646 52.345579,4.894113 52.345585)),((4.889691 52.347364,4.886756 52.347352,4.886746 52.348251,4.888213 52.348257,4.888212 52.348374,4.890457 52.348266,4.889681 52.348263,4.889691 52.347364)),((4.894093 52.347383,4.892626 52.347377,4.892617 52.348163,4.894086 52.348093,4.894093 52.347383)))";"MULTIPOLYGON(((52.345616 4.901451,52.344717 4.90146,52.344711 4.899993,52.343812 4.900003,52.343824 4.902938,52.342925 4.902948,52.34292 4.901668,52.342984 4.898988,52.342344 4.897184,52.341105 4.897341,52.341092 4.894163,52.34199 4.894153,52.341966 4.888284,52.341067 4.888294,52.341061 4.886827,52.340162 4.886837,52.340156 4.88537,52.342191 4.885347,52.343752 4.885595,52.343763 4.888264,52.342865 4.888274,52.342871 4.889741,52.343769 4.889731,52.343776 4.891199,52.344674 4.891188,52.344668 4.889721,52.346466 4.889701,52.34649 4.895571,52.346878 4.895567,52.346433 4.902909,52.345622 4.902918,52.345616 4.901451),(52.3438 4.897068,52.342003 4.897088,52.341996 4.895621,52.343794 4.895601,52.3438 4.897068),(52.345585 4.894113,52.344687 4.894123,52.34468 4.892656,52.345579 4.892646,52.345585 4.894113)),((52.347364 4.889691,52.347352 4.886756,52.348251 4.886746,52.348257 4.888213,52.348374 4.888212,52.348266 4.890457,52.348263 4.889681,52.347364 4.889691)),((52.347383 4.894093,52.347377 4.892626,52.348163 4.892617,52.348093 4.894086,52.347383 4.894093)))";4.8941525;52.344258;
92;2;"Extreem kleine kans: <1/30.000 per jaar";1;"";"MULTIPOLYGON(((4.910227 52.348347,4.910236 52.347449,4.905834 52.347431,4.905843 52.346532,4.902908 52.34652,4.902909 52.346433,4.895567 52.346878,4.895561 52.347389,4.897028 52.347395,4.897019 52.348253,4.902882 52.348977,4.902889 52.348318,4.905824 52.34833,4.905814 52.349228,4.904879 52.349225,4.908744 52.349702,4.908759 52.348342,4.910227 52.348347)),((4.910227 52.348347,4.91021 52.349883,4.910972 52.349977,4.911687 52.349011,4.911694 52.348353,4.910227 52.348347)))";"MULTIPOLYGON(((52.348347 4.910227,52.347449 4.910236,52.347431 4.905834,52.346532 4.905843,52.34652 4.902908,52.346433 4.902909,52.346878 4.895567,52.347389 4.895561,52.347395 4.897028,52.348253 4.897019,52.348977 4.902882,52.348318 4.902889,52.34833 4.905824,52.349228 4.905814,52.349225 4.904879,52.349702 4.908744,52.348342 4.908759,52.348347 4.910227)),((52.348347 4.910227,52.349883 4.91021,52.349977 4.910972,52.349011 4.911687,52.348353 4.911694,52.348347 4.910227)))";4.9036325;52.348198;
93;2;"Extreem kleine kans: <1/30.000 per jaar";1;"";"MULTIPOLYGON(((4.901559 52.33573,4.901569 52.334831,4.903036 52.334837,4.903026 52.335736,4.901559 52.33573,4.901549 52.336628,4.904483 52.33664,4.904503 52.334843,4.905811 52.334848,4.905166 52.333838,4.899344 52.333249,4.898247 52.332321,4.896741 52.333013,4.898654 52.333021,4.898624 52.335718,4.901559 52.33573)),((4.898565 52.34111,4.897341 52.341105,4.897184 52.342344,4.898988 52.342984,4.901668 52.34292,4.90148 52.342919,4.90149 52.342021,4.898555 52.342009,4.898565 52.34111)),((4.908915 52.338456,4.907398 52.33845,4.907388 52.339348,4.910323 52.33936,4.910327 52.338972,4.908915 52.338456)),((4.914313 52.34043,4.91325 52.340042,4.913238 52.341169,4.914173 52.341173,4.914313 52.34043)))";"MULTIPOLYGON(((52.33573 4.901559,52.334831 4.901569,52.334837 4.903036,52.335736 4.903026,52.33573 4.901559,52.336628 4.901549,52.33664 4.904483,52.334843 4.904503,52.334848 4.905811,52.333838 4.905166,52.333249 4.899344,52.332321 4.898247,52.333013 4.896741,52.333021 4.898654,52.335718 4.898624,52.33573 4.901559)),((52.34111 4.898565,52.341105 4.897341,52.342344 4.897184,52.342984 4.898988,52.34292 4.901668,52.342919 4.90148,52.342021 4.90149,52.342009 4.898555,52.34111 4.898565)),((52.338456 4.908915,52.33845 4.907398,52.339348 4.907388,52.33936 4.910323,52.338972 4.910327,52.338456 4.908915)),((52.34043 4.914313,52.340042 4.91325,52.341169 4.913238,52.341173 4.914173,52.34043 4.914313)))";4.905532;52.3376455;
94;2;"Extreem kleine kans: <1/30.000 per jaar";1;"";"MULTIPOLYGON(((4.883854 52.344371,4.883862 52.343745,4.885595 52.343752,4.885347 52.342191,4.885339 52.342852,4.883872 52.342846,4.883892 52.341048,4.880957 52.341036,4.880968 52.340137,4.878033 52.340125,4.878013 52.341922,4.876545 52.341916,4.876556 52.341017,4.869219 52.340985,4.869209 52.341884,4.867741 52.341878,4.867752 52.340979,4.866284 52.340972,4.866274 52.341871,4.860405 52.341845,4.860398 52.342436,4.862659 52.342549,4.864792 52.343122,4.864796 52.342763,4.866263 52.34277,4.866255 52.343516,4.867971 52.343977,4.876519 52.34419,4.876535 52.342815,4.878002 52.342821,4.877986 52.344226,4.883854 52.344371),(4.880927 52.343732,4.880937 52.342833,4.87947 52.342827,4.879459 52.343726,4.880927 52.343732),(4.867731 52.342776,4.86772 52.343675,4.869188 52.343681,4.869198 52.342783,4.867731 52.342776)),((4.876576 52.33922,4.875109 52.339213,4.875099 52.340112,4.876566 52.340118,4.876576 52.33922)))";"MULTIPOLYGON(((52.344371 4.883854,52.343745 4.883862,52.343752 4.885595,52.342191 4.885347,52.342852 4.885339,52.342846 4.883872,52.341048 4.883892,52.341036 4.880957,52.340137 4.880968,52.340125 4.878033,52.341922 4.878013,52.341916 4.876545,52.341017 4.876556,52.340985 4.869219,52.341884 4.869209,52.341878 4.867741,52.340979 4.867752,52.340972 4.866284,52.341871 4.866274,52.341845 4.860405,52.342436 4.860398,52.342549 4.862659,52.343122 4.864792,52.342763 4.864796,52.34277 4.866263,52.343516 4.866255,52.343977 4.867971,52.34419 4.876519,52.342815 4.876535,52.342821 4.878002,52.344226 4.877986,52.344371 4.883854),(52.343732 4.880927,52.342833 4.880937,52.342827 4.87947,52.343726 4.879459,52.343732 4.880927),(52.342776 4.867731,52.343675 4.86772,52.343681 4.869188,52.342783 4.869198,52.342776 4.867731)),((52.33922 4.876576,52.339213 4.875109,52.340112 4.875099,52.340118 4.876566,52.33922 4.876576)))";4.8730015;52.341785;
95;2;"Extreem kleine kans: <1/30.000 per jaar";1;"";"MULTIPOLYGON(((4.856039 52.338778,4.856131 52.331041,4.857598 52.331047,4.857631 52.328351,4.856164 52.328345,4.856142 52.330142,4.854675 52.330136,4.844407 52.330089,4.840017 52.32917,4.840039 52.327373,4.818059 52.325471,4.81657 52.327262,4.816563 52.327747,4.819639 52.330465,4.822791 52.331166,4.834114 52.331941,4.834116 52.331839,4.83705 52.331853,4.837046 52.332142,4.841671 52.332458,4.845051 52.334022,4.846376 52.335491,4.847275 52.335495,4.847243 52.338101,4.848487 52.338196,4.84871 52.338198,4.848709 52.338214,4.856039 52.338778)),((4.856685 52.322056,4.856239 52.322054,4.856174 52.327446,4.857641 52.327453,4.857705 52.32206,4.856685 52.322056)))";"MULTIPOLYGON(((52.338778 4.856039,52.331041 4.856131,52.331047 4.857598,52.328351 4.857631,52.328345 4.856164,52.330142 4.856142,52.330136 4.854675,52.330089 4.844407,52.32917 4.840017,52.327373 4.840039,52.325471 4.818059,52.327262 4.81657,52.327747 4.816563,52.330465 4.819639,52.331166 4.822791,52.331941 4.834114,52.331839 4.834116,52.331853 4.83705,52.332142 4.837046,52.332458 4.841671,52.334022 4.845051,52.335491 4.846376,52.335495 4.847275,52.338101 4.847243,52.338196 4.848487,52.338198 4.84871,52.338214 4.848709,52.338778 4.856039)),((52.322056 4.856685,52.322054 4.856239,52.327446 4.856174,52.327453 4.857641,52.32206 4.857705,52.322056 4.856685)))";4.837139;52.330409;
96;2;"Extreem kleine kans: <1/30.000 per jaar";1;"";"POLYGON((4.898247 52.332321,4.899322 52.330209,4.895107 52.323948,4.896393 52.322142,4.895839 52.322225,4.882639 52.322169,4.882178 52.322167,4.881172 52.322163,4.881152 52.32396,4.882619 52.323966,4.882608 52.324865,4.879675 52.324853,4.879665 52.325751,4.884065 52.32577,4.884055 52.326669,4.882588 52.326663,4.882578 52.327561,4.884045 52.327568,4.884034 52.328466,4.885501 52.328473,4.885522 52.326675,4.888455 52.326688,4.888435 52.328485,4.891369 52.328497,4.891359 52.329396,4.889892 52.32939,4.889882 52.330289,4.888415 52.330282,4.888385 52.332979,4.889852 52.332985,4.889862 52.332086,4.891329 52.332092,4.891319 52.332991,4.894253 52.333003,4.894263 52.332104,4.89573 52.332111,4.89572 52.333009,4.896741 52.333013,4.898247 52.332321),(4.892856 52.326706,4.892846 52.327605,4.894313 52.327611,4.894323 52.326712,4.895789 52.326718,4.895799 52.325819,4.891399 52.325801,4.891389 52.3267,4.889922 52.326694,4.889912 52.327592,4.891379 52.327599,4.891389 52.3267,4.892856 52.326706),(4.897227 52.32942,4.897237 52.328522,4.89577 52.328516,4.89576 52.329414,4.897227 52.32942),(4.892836 52.328503,4.892826 52.329402,4.894293 52.329408,4.894303 52.32851,4.892836 52.328503),(4.898674 52.331224,4.898684 52.330325,4.897217 52.330319,4.897207 52.331218,4.898674 52.331224))";"POLYGON((52.332321 4.898247,52.330209 4.899322,52.323948 4.895107,52.322142 4.896393,52.322225 4.895839,52.322169 4.882639,52.322167 4.882178,52.322163 4.881172,52.32396 4.881152,52.323966 4.882619,52.324865 4.882608,52.324853 4.879675,52.325751 4.879665,52.32577 4.884065,52.326669 4.884055,52.326663 4.882588,52.327561 4.882578,52.327568 4.884045,52.328466 4.884034,52.328473 4.885501,52.326675 4.885522,52.326688 4.888455,52.328485 4.888435,52.328497 4.891369,52.329396 4.891359,52.32939 4.889892,52.330289 4.889882,52.330282 4.888415,52.332979 4.888385,52.332985 4.889852,52.332086 4.889862,52.332092 4.891329,52.332991 4.891319,52.333003 4.894253,52.332104 4.894263,52.332111 4.89573,52.333009 4.89572,52.333013 4.896741,52.332321 4.898247),(52.326706 4.892856,52.327605 4.892846,52.327611 4.894313,52.326712 4.894323,52.326718 4.895789,52.325819 4.895799,52.325801 4.891399,52.3267 4.891389,52.326694 4.889922,52.327592 4.889912,52.327599 4.891379,52.3267 4.891389,52.326706 4.892856),(52.32942 4.897227,52.328522 4.897237,52.328516 4.89577,52.329414 4.89576,52.32942 4.897227),(52.328503 4.892836,52.329402 4.892826,52.329408 4.894293,52.32851 4.894303,52.328503 4.892836),(52.331224 4.898674,52.330325 4.898684,52.330319 4.897217,52.331218 4.897207,52.331224 4.898674))";4.8894985;52.3275705;
97;1;"Geen significante overstromingskans";1;"";"POLYGON((4.903157 52.376755,4.89744 52.369866,4.895312 52.369857,4.895322 52.368958,4.896692 52.368964,4.895943 52.368062,4.895332 52.368059,4.895338 52.367497,4.894092 52.367321,4.893407 52.368051,4.893864 52.368053,4.893854 52.368952,4.892569 52.368947,4.89245 52.369073,4.892583 52.369845,4.893844 52.369851,4.893834 52.370749,4.895302 52.370755,4.895292 52.371654,4.893824 52.371648,4.893814 52.372547,4.893042 52.372544,4.893153 52.3732,4.899349 52.377187,4.903157 52.376755),(4.898199 52.374362,4.898209 52.373464,4.896741 52.373458,4.896731 52.374356,4.898199 52.374362))";"POLYGON((52.376755 4.903157,52.369866 4.89744,52.369857 4.895312,52.368958 4.895322,52.368964 4.896692,52.368062 4.895943,52.368059 4.895332,52.367497 4.895338,52.367321 4.894092,52.368051 4.893407,52.368053 4.893864,52.368952 4.893854,52.368947 4.892569,52.369073 4.89245,52.369845 4.892583,52.369851 4.893844,52.370749 4.893834,52.370755 4.895302,52.371654 4.895292,52.371648 4.893824,52.372547 4.893814,52.372544 4.893042,52.3732 4.893153,52.377187 4.899349,52.376755 4.903157),(52.374362 4.898199,52.373464 4.898209,52.373458 4.896741,52.374356 4.896731,52.374362 4.898199))";4.8978085;52.372247;
98;1;"Geen significante overstromingskans";1;"";"MULTIPOLYGON(((4.896659 52.380909,4.896661 52.380647,4.89813 52.380653,4.89814 52.379755,4.899609 52.379761,4.899618 52.378862,4.902556 52.378874,4.902565 52.377975,4.904034 52.377981,4.904036 52.377785,4.903157 52.376755,4.899349 52.377187,4.893153 52.3732,4.893042 52.372544,4.889409 52.372528,4.889419 52.37163,4.888634 52.371626,4.889431 52.374614,4.890092 52.375227,4.890847 52.375231,4.890857 52.374332,4.892326 52.374338,4.892316 52.375237,4.893784 52.375243,4.893774 52.376142,4.895243 52.376148,4.895223 52.377945,4.893011 52.377936,4.893965 52.378821,4.896659 52.380909)),((4.887978 52.369168,4.887981 52.368927,4.889449 52.368934,4.889459 52.368035,4.890928 52.368041,4.890938 52.367142,4.889469 52.367136,4.889472 52.366885,4.888854 52.366999,4.887869 52.368756,4.887978 52.369168)),((4.893407 52.368051,4.894092 52.367321,4.895338 52.367497,4.895342 52.367161,4.893874 52.367154,4.893884 52.366256,4.892931 52.366252,4.892415 52.366347,4.892396 52.368047,4.893407 52.368051)),((4.892306 52.376136,4.891065 52.37613,4.892293 52.37727,4.892306 52.376136)),((4.892569 52.368947,4.892386 52.368946,4.892376 52.369845,4.892583 52.369845,4.89245 52.369073,4.892569 52.368947)))";"MULTIPOLYGON(((52.380909 4.896659,52.380647 4.896661,52.380653 4.89813,52.379755 4.89814,52.379761 4.899609,52.378862 4.899618,52.378874 4.902556,52.377975 4.902565,52.377981 4.904034,52.377785 4.904036,52.376755 4.903157,52.377187 4.899349,52.3732 4.893153,52.372544 4.893042,52.372528 4.889409,52.37163 4.889419,52.371626 4.888634,52.374614 4.889431,52.375227 4.890092,52.375231 4.890847,52.374332 4.890857,52.374338 4.892326,52.375237 4.892316,52.375243 4.893784,52.376142 4.893774,52.376148 4.895243,52.377945 4.895223,52.377936 4.893011,52.378821 4.893965,52.380909 4.896659)),((52.369168 4.887978,52.368927 4.887981,52.368934 4.889449,52.368035 4.889459,52.368041 4.890928,52.367142 4.890938,52.367136 4.889469,52.366885 4.889472,52.366999 4.888854,52.368756 4.887869,52.369168 4.887978)),((52.368051 4.893407,52.367321 4.894092,52.367497 4.895338,52.367161 4.895342,52.367154 4.893874,52.366256 4.893884,52.366252 4.892931,52.366347 4.892415,52.368047 4.892396,52.368051 4.893407)),((52.376136 4.892306,52.37613 4.891065,52.37727 4.892293,52.376136 4.892306)),((52.368947 4.892569,52.368946 4.892386,52.369845 4.892376,52.369845 4.892583,52.369073 4.89245,52.368947 4.892569)))";4.8959575;52.3735735;
99;1;"Geen significante overstromingskans";1;"";"MULTIPOLYGON(((4.885085 52.36532,4.885075 52.366219,4.883607 52.366213,4.883614 52.365592,4.882719 52.36615,4.88297 52.370704,4.885024 52.370712,4.885055 52.368016,4.886523 52.368022,4.886493 52.370719,4.887961 52.370725,4.887978 52.369168,4.887869 52.368756,4.888854 52.366999,4.888007 52.366617,4.888001 52.36713,4.886533 52.367124,4.886543 52.366225,4.887144 52.366228,4.885132 52.36532,4.885085 52.36532)),((4.884956 52.376746,4.884963 52.376105,4.8879 52.376117,4.88791 52.375218,4.890092 52.375227,4.889431 52.374614,4.888634 52.371626,4.88302 52.371603,4.88307 52.372502,4.886472 52.372516,4.886462 52.373415,4.884994 52.373408,4.884974 52.375206,4.883534 52.3752,4.884956 52.376746)),((4.892286 52.377933,4.892276 52.378832,4.889339 52.378819,4.889328 52.379718,4.88786 52.379712,4.887858 52.379903,4.8884 52.380492,4.893965 52.378821,4.893011 52.377936,4.892286 52.377933)),((4.889359 52.377022,4.890827 52.377028,4.890817 52.377927,4.892286 52.377933,4.892293 52.37727,4.891065 52.37613,4.889369 52.376123,4.889359 52.377022)),((4.889359 52.377022,4.886422 52.37701,4.886412 52.377908,4.889349 52.377921,4.889359 52.377022)),((4.883525 52.373402,4.883119 52.373401,4.883198 52.374833,4.883505 52.375168,4.883525 52.373402)),((4.885085 52.36532,4.885086 52.365299,4.884503 52.365036,4.884056 52.365316,4.885085 52.36532)),((4.886412 52.377908,4.886022 52.377907,4.886407 52.378324,4.886412 52.377908)))";"MULTIPOLYGON(((52.36532 4.885085,52.366219 4.885075,52.366213 4.883607,52.365592 4.883614,52.36615 4.882719,52.370704 4.88297,52.370712 4.885024,52.368016 4.885055,52.368022 4.886523,52.370719 4.886493,52.370725 4.887961,52.369168 4.887978,52.368756 4.887869,52.366999 4.888854,52.366617 4.888007,52.36713 4.888001,52.367124 4.886533,52.366225 4.886543,52.366228 4.887144,52.36532 4.885132,52.36532 4.885085)),((52.376746 4.884956,52.376105 4.884963,52.376117 4.8879,52.375218 4.88791,52.375227 4.890092,52.374614 4.889431,52.371626 4.888634,52.371603 4.88302,52.372502 4.88307,52.372516 4.886472,52.373415 4.886462,52.373408 4.884994,52.375206 4.884974,52.3752 4.883534,52.376746 4.884956)),((52.377933 4.892286,52.378832 4.892276,52.378819 4.889339,52.379718 4.889328,52.379712 4.88786,52.379903 4.887858,52.380492 4.8884,52.378821 4.893965,52.377936 4.893011,52.377933 4.892286)),((52.377022 4.889359,52.377028 4.890827,52.377927 4.890817,52.377933 4.892286,52.37727 4.892293,52.37613 4.891065,52.376123 4.889369,52.377022 4.889359)),((52.377022 4.889359,52.37701 4.886422,52.377908 4.886412,52.377921 4.889349,52.377022 4.889359)),((52.373402 4.883525,52.373401 4.883119,52.374833 4.883198,52.375168 4.883505,52.373402 4.883525)),((52.36532 4.885085,52.365299 4.885086,52.365036 4.884503,52.365316 4.884056,52.36532 4.885085)),((52.377908 4.886412,52.377907 4.886022,52.378324 4.886407,52.377908 4.886412)))";4.888347;52.372757;
100;1;"Geen significante overstromingskans";1;"";"MULTIPOLYGON(((4.898288 52.366274,4.898308 52.364477,4.901244 52.364489,4.901254 52.36359,4.89685 52.363572,4.89687 52.361768,4.89611 52.361627,4.895402 52.361722,4.895362 52.365363,4.89683 52.365369,4.89682 52.366268,4.898288 52.366274)),((4.88952 52.362642,4.88853 52.362638,4.888016 52.362707,4.886775 52.36353,4.888042 52.363535,4.888032 52.364434,4.892436 52.364452,4.892426 52.365351,4.893894 52.365357,4.893914 52.36356,4.88951 52.363541,4.88952 52.362642)),((4.888011 52.366231,4.888022 52.365332,4.885132 52.36532,4.887144 52.366228,4.888011 52.366231)),((4.901265 52.362582,4.898335 52.36204,4.898328 52.362679,4.901264 52.362691,4.901265 52.362582)),((4.888011 52.366231,4.888007 52.366617,4.888854 52.366999,4.889472 52.366885,4.88948 52.366237,4.888011 52.366231)),((4.892456 52.362655,4.892462 52.362114,4.890992 52.36231,4.890988 52.362649,4.892456 52.362655)),((4.900711 52.366284,4.899757 52.36628,4.89975 52.366904,4.900201 52.366842,4.900711 52.366284)),((4.885086 52.365299,4.885093 52.364645,4.884503 52.365036,4.885086 52.365299)),((4.892931 52.366252,4.892416 52.36625,4.892415 52.366347,4.892931 52.366252)))";"MULTIPOLYGON(((52.366274 4.898288,52.364477 4.898308,52.364489 4.901244,52.36359 4.901254,52.363572 4.89685,52.361768 4.89687,52.361627 4.89611,52.361722 4.895402,52.365363 4.895362,52.365369 4.89683,52.366268 4.89682,52.366274 4.898288)),((52.362642 4.88952,52.362638 4.88853,52.362707 4.888016,52.36353 4.886775,52.363535 4.888042,52.364434 4.888032,52.364452 4.892436,52.365351 4.892426,52.365357 4.893894,52.36356 4.893914,52.363541 4.88951,52.362642 4.88952)),((52.366231 4.888011,52.365332 4.888022,52.36532 4.885132,52.366228 4.887144,52.366231 4.888011)),((52.362582 4.901265,52.36204 4.898335,52.362679 4.898328,52.362691 4.901264,52.362582 4.901265)),((52.366231 4.888011,52.366617 4.888007,52.366999 4.888854,52.366885 4.889472,52.366237 4.88948,52.366231 4.888011)),((52.362655 4.892456,52.362114 4.892462,52.36231 4.890992,52.362649 4.890988,52.362655 4.892456)),((52.366284 4.900711,52.36628 4.899757,52.366904 4.89975,52.366842 4.900201,52.366284 4.900711)),((52.365299 4.885086,52.364645 4.885093,52.365036 4.884503,52.365299 4.885086)),((52.366252 4.892931,52.36625 4.892416,52.366347 4.892415,52.366252 4.892931)))";4.892889;52.364306;
101;1;"Geen significante overstromingskans";1;"";"MULTIPOLYGON(((4.905551 52.373494,4.904083 52.373488,4.904112 52.370792,4.901175 52.37078,4.901185 52.369881,4.904122 52.369893,4.904112 52.370792,4.90558 52.370798,4.90559 52.369899,4.908527 52.369911,4.908517 52.37081,4.907049 52.370804,4.907029 52.372601,4.905561 52.372595,4.905551 52.373494,4.908488 52.373506,4.908498 52.372607,4.909966 52.372613,4.909985 52.370815,4.911454 52.370821,4.911444 52.37172,4.912912 52.371726,4.912919 52.371128,4.909813 52.369182,4.909558 52.369016,4.907068 52.369006,4.907078 52.368107,4.908167 52.368112,4.906046 52.366733,4.90416 52.366354,4.904151 52.367197,4.902683 52.367191,4.902693 52.366292,4.900711 52.366284,4.900201 52.366842,4.89975 52.366904,4.899737 52.368077,4.901205 52.368084,4.901195 52.368982,4.899727 52.368976,4.899737 52.368077,4.898269 52.368071,4.898249 52.369869,4.899717 52.369875,4.899707 52.370774,4.898239 52.370768,4.898249 52.369869,4.89744 52.369866,4.903157 52.376755,4.904036 52.377785,4.904044 52.377083,4.905512 52.377089,4.905522 52.37619,4.904053 52.376184,4.904073 52.374387,4.905541 52.374393,4.905551 52.373494)),((4.909908 52.378005,4.909927 52.376208,4.908459 52.376202,4.908449 52.377101,4.906981 52.377095,4.906971 52.377993,4.909908 52.378005)),((4.8968 52.368065,4.895943 52.368062,4.896692 52.368964,4.89679 52.368964,4.8968 52.368065)))";"MULTIPOLYGON(((52.373494 4.905551,52.373488 4.904083,52.370792 4.904112,52.37078 4.901175,52.369881 4.901185,52.369893 4.904122,52.370792 4.904112,52.370798 4.90558,52.369899 4.90559,52.369911 4.908527,52.37081 4.908517,52.370804 4.907049,52.372601 4.907029,52.372595 4.905561,52.373494 4.905551,52.373506 4.908488,52.372607 4.908498,52.372613 4.909966,52.370815 4.909985,52.370821 4.911454,52.37172 4.911444,52.371726 4.912912,52.371128 4.912919,52.369182 4.909813,52.369016 4.909558,52.369006 4.907068,52.368107 4.907078,52.368112 4.908167,52.366733 4.906046,52.366354 4.90416,52.367197 4.904151,52.367191 4.902683,52.366292 4.902693,52.366284 4.900711,52.366842 4.900201,52.366904 4.89975,52.368077 4.899737,52.368084 4.901205,52.368982 4.901195,52.368976 4.899727,52.368077 4.899737,52.368071 4.898269,52.369869 4.898249,52.369875 4.899717,52.370774 4.899707,52.370768 4.898239,52.369869 4.898249,52.369866 4.89744,52.376755 4.903157,52.377785 4.904036,52.377083 4.904044,52.377089 4.905512,52.37619 4.905522,52.376184 4.904053,52.374387 4.904073,52.374393 4.905541,52.373494 4.905551)),((52.378005 4.909908,52.376208 4.909927,52.376202 4.908459,52.377101 4.908449,52.377095 4.906981,52.377993 4.906971,52.378005 4.909908)),((52.368065 4.8968,52.368062 4.895943,52.368964 4.896692,52.368964 4.89679,52.368065 4.8968)))";4.904436;52.3721375;
102;1;"Geen significante overstromingskans";1;"";"MULTIPOLYGON(((4.893644 52.387825,4.893704 52.382433,4.895173 52.382439,4.895183 52.38154,4.896652 52.381546,4.896659 52.380909,4.893965 52.378821,4.8884 52.380492,4.884891 52.382514,4.884882 52.383294,4.883547 52.383289,4.881925 52.384223,4.882756 52.385414,4.883378 52.386376,4.883383 52.385984,4.884852 52.38599,4.884862 52.385092,4.887799 52.385104,4.887809 52.384205,4.889278 52.384212,4.889288 52.383313,4.892226 52.383325,4.892175 52.387819,4.893644 52.387825)),((4.8863 52.387794,4.88631 52.386895,4.884841 52.386889,4.884831 52.387788,4.8863 52.387794)),((4.8863 52.387794,4.886294 52.388372,4.887762 52.388395,4.887769 52.3878,4.8863 52.387794)))";"MULTIPOLYGON(((52.387825 4.893644,52.382433 4.893704,52.382439 4.895173,52.38154 4.895183,52.381546 4.896652,52.380909 4.896659,52.378821 4.893965,52.380492 4.8884,52.382514 4.884891,52.383294 4.884882,52.383289 4.883547,52.384223 4.881925,52.385414 4.882756,52.386376 4.883378,52.385984 4.883383,52.38599 4.884852,52.385092 4.884862,52.385104 4.887799,52.384205 4.887809,52.384212 4.889278,52.383313 4.889288,52.383325 4.892226,52.387819 4.892175,52.387825 4.893644)),((52.387794 4.8863,52.386895 4.88631,52.386889 4.884841,52.387788 4.884831,52.387794 4.8863)),((52.387794 4.8863,52.388372 4.886294,52.388395 4.887762,52.3878 4.887769,52.387794 4.8863)))";4.889297;52.383601;
103;1;"Geen significante overstromingskans";1;"";"MULTIPOLYGON(((4.883198 52.374833,4.883119 52.373401,4.882057 52.373396,4.882047 52.374295,4.877642 52.374276,4.877693 52.369782,4.879161 52.369789,4.879182 52.367991,4.88065 52.367997,4.88064 52.368896,4.882108 52.368902,4.882088 52.3707,4.88297 52.370704,4.882719 52.36615,4.87927 52.364957,4.879216 52.365014,4.879203 52.366194,4.878101 52.366189,4.87754 52.366782,4.877392 52.367085,4.877724 52.367086,4.877714 52.367985,4.876955 52.367982,4.87671 52.368481,4.876231 52.36922,4.876204 52.371573,4.874708 52.371567,4.874506 52.371877,4.87538 52.373407,4.875811 52.374268,4.876173 52.37427,4.876165 52.374977,4.876261 52.375169,4.877631 52.375175,4.877621 52.376073,4.882026 52.376092,4.882016 52.376991,4.884953 52.377003,4.884956 52.376746,4.883534 52.3752,4.883505 52.3752,4.883505 52.375168,4.883198 52.374833)),((4.881975 52.380586,4.879038 52.380573,4.879036 52.380717,4.879416 52.381474,4.881965 52.381484,4.881975 52.380586)),((4.884891 52.382514,4.8884 52.380492,4.887858 52.379903,4.88785 52.380611,4.886381 52.380604,4.886371 52.381503,4.884902 52.381497,4.884891 52.382514)),((4.879069 52.377877,4.880537 52.377883,4.880548 52.376985,4.879079 52.376978,4.879069 52.377877)),((4.880619 52.370694,4.879151 52.370687,4.879141 52.371586,4.880609 52.371592,4.880619 52.370694)),((4.886022 52.377907,4.884943 52.377902,4.884933 52.378801,4.886401 52.378807,4.886407 52.378324,4.886022 52.377907)),((4.879069 52.377877,4.877612 52.377871,4.878063 52.378771,4.879059 52.378776,4.879069 52.377877)),((4.88302 52.371603,4.882078 52.371599,4.882067 52.372497,4.88307 52.372502,4.88302 52.371603)),((4.881925 52.384223,4.883547 52.383289,4.881945 52.383282,4.881934 52.384181,4.881883 52.38418,4.881925 52.384223)))";"MULTIPOLYGON(((52.374833 4.883198,52.373401 4.883119,52.373396 4.882057,52.374295 4.882047,52.374276 4.877642,52.369782 4.877693,52.369789 4.879161,52.367991 4.879182,52.367997 4.88065,52.368896 4.88064,52.368902 4.882108,52.3707 4.882088,52.370704 4.88297,52.36615 4.882719,52.364957 4.87927,52.365014 4.879216,52.366194 4.879203,52.366189 4.878101,52.366782 4.87754,52.367085 4.877392,52.367086 4.877724,52.367985 4.877714,52.367982 4.876955,52.368481 4.87671,52.36922 4.876231,52.371573 4.876204,52.371567 4.874708,52.371877 4.874506,52.373407 4.87538,52.374268 4.875811,52.37427 4.876173,52.374977 4.876165,52.375169 4.876261,52.375175 4.877631,52.376073 4.877621,52.376092 4.882026,52.376991 4.882016,52.377003 4.884953,52.376746 4.884956,52.3752 4.883534,52.3752 4.883505,52.375168 4.883505,52.374833 4.883198)),((52.380586 4.881975,52.380573 4.879038,52.380717 4.879036,52.381474 4.879416,52.381484 4.881965,52.380586 4.881975)),((52.382514 4.884891,52.380492 4.8884,52.379903 4.887858,52.380611 4.88785,52.380604 4.886381,52.381503 4.886371,52.381497 4.884902,52.382514 4.884891)),((52.377877 4.879069,52.377883 4.880537,52.376985 4.880548,52.376978 4.879079,52.377877 4.879069)),((52.370694 4.880619,52.370687 4.879151,52.371586 4.879141,52.371592 4.880609,52.370694 4.880619)),((52.377907 4.886022,52.377902 4.884943,52.378801 4.884933,52.378807 4.886401,52.378324 4.886407,52.377907 4.886022)),((52.377877 4.879069,52.377871 4.877612,52.378771 4.878063,52.378776 4.879059,52.377877 4.879069)),((52.371603 4.88302,52.371599 4.882078,52.372497 4.882067,52.372502 4.88307,52.371603 4.88302)),((52.384223 4.881925,52.383289 4.883547,52.383282 4.881945,52.384181 4.881934,52.38418 4.881883,52.384223 4.881925)))";4.881458;52.374583;
104;1;"Geen significante overstromingskans";1;"";"MULTIPOLYGON(((4.883614 52.365592,4.883617 52.365314,4.884056 52.365316,4.884503 52.365036,4.885093 52.364645,4.885095 52.364421,4.883627 52.364415,4.883638 52.363516,4.885106 52.363523,4.885116 52.362624,4.886584 52.36263,4.886574 52.363529,4.886775 52.36353,4.888016 52.362707,4.88853 52.362638,4.888052 52.362636,4.888062 52.361738,4.88953 52.361744,4.88954 52.360845,4.892476 52.360857,4.892486 52.359959,4.88955 52.359946,4.88956 52.359048,4.893964 52.359066,4.893974 52.358183,4.89087 52.35832,4.887365 52.360223,4.882063 52.36205,4.879371 52.364326,4.87927 52.364957,4.882719 52.36615,4.883614 52.365592)),((4.901265 52.362582,4.901284 52.360894,4.903747 52.360904,4.904656 52.359201,4.898744 52.357974,4.894314 52.358169,4.898377 52.358186,4.898367 52.359084,4.895432 52.359072,4.895422 52.359971,4.898358 52.359983,4.898348 52.360882,4.899816 52.360888,4.899806 52.361786,4.898338 52.36178,4.898335 52.36204,4.901265 52.362582)),((4.89687 52.361768,4.89688 52.360876,4.895412 52.36087,4.895402 52.361722,4.89611 52.361627,4.89687 52.361768)),((4.892466 52.361756,4.890998 52.36175,4.890992 52.36231,4.892462 52.362114,4.892466 52.361756)))";"MULTIPOLYGON(((52.365592 4.883614,52.365314 4.883617,52.365316 4.884056,52.365036 4.884503,52.364645 4.885093,52.364421 4.885095,52.364415 4.883627,52.363516 4.883638,52.363523 4.885106,52.362624 4.885116,52.36263 4.886584,52.363529 4.886574,52.36353 4.886775,52.362707 4.888016,52.362638 4.88853,52.362636 4.888052,52.361738 4.888062,52.361744 4.88953,52.360845 4.88954,52.360857 4.892476,52.359959 4.892486,52.359946 4.88955,52.359048 4.88956,52.359066 4.893964,52.358183 4.893974,52.35832 4.89087,52.360223 4.887365,52.36205 4.882063,52.364326 4.879371,52.364957 4.87927,52.36615 4.882719,52.365592 4.883614)),((52.362582 4.901265,52.360894 4.901284,52.360904 4.903747,52.359201 4.904656,52.357974 4.898744,52.358169 4.894314,52.358186 4.898377,52.359084 4.898367,52.359072 4.895432,52.359971 4.895422,52.359983 4.898358,52.360882 4.898348,52.360888 4.899816,52.361786 4.899806,52.36178 4.898338,52.36204 4.898335,52.362582 4.901265)),((52.361768 4.89687,52.360876 4.89688,52.36087 4.895412,52.361722 4.895402,52.361627 4.89611,52.361768 4.89687)),((52.361756 4.892466,52.36175 4.890998,52.36231 4.890992,52.362114 4.892462,52.361756 4.892466)))";4.891968;52.362055;
105;1;"Geen significante overstromingskans";1;"";"MULTIPOLYGON(((4.91154 52.362733,4.913008 52.362739,4.913018 52.36184,4.914486 52.361846,4.914476 52.362745,4.915944 52.36275,4.915935 52.363649,4.917403 52.363655,4.917393 52.364554,4.918861 52.36456,4.918845 52.366086,4.921729 52.365098,4.920919 52.364602,4.922321 52.36375,4.918357 52.362234,4.908295 52.360577,4.904656 52.359201,4.903747 52.360904,4.90422 52.360906,4.90416 52.366354,4.906046 52.366733,4.908167 52.368112,4.910014 52.368119,4.910024 52.367221,4.907088 52.367209,4.907097 52.36631,4.905629 52.366304,4.905639 52.365405,4.907107 52.365411,4.907136 52.362715,4.908604 52.362721,4.908623 52.360924,4.910091 52.36093,4.910082 52.361828,4.91155 52.361834,4.91154 52.362733)),((4.91154 52.362733,4.910072 52.362727,4.910043 52.365423,4.911511 52.365429,4.91154 52.362733)),((4.91288 52.368131,4.911482 52.368125,4.911477 52.368611,4.91288 52.368131)),((4.915474 52.367242,4.914428 52.367238,4.914425 52.367601,4.915474 52.367242)),((4.918066 52.366354,4.917374 52.366351,4.917372 52.366592,4.918066 52.366354)),((4.910288 52.369019,4.909558 52.369016,4.909813 52.369182,4.910288 52.369019)))";"MULTIPOLYGON(((52.362733 4.91154,52.362739 4.913008,52.36184 4.913018,52.361846 4.914486,52.362745 4.914476,52.36275 4.915944,52.363649 4.915935,52.363655 4.917403,52.364554 4.917393,52.36456 4.918861,52.366086 4.918845,52.365098 4.921729,52.364602 4.920919,52.36375 4.922321,52.362234 4.918357,52.360577 4.908295,52.359201 4.904656,52.360904 4.903747,52.360906 4.90422,52.366354 4.90416,52.366733 4.906046,52.368112 4.908167,52.368119 4.910014,52.367221 4.910024,52.367209 4.907088,52.36631 4.907097,52.366304 4.905629,52.365405 4.905639,52.365411 4.907107,52.362715 4.907136,52.362721 4.908604,52.360924 4.908623,52.36093 4.910091,52.361828 4.910082,52.361834 4.91155,52.362733 4.91154)),((52.362733 4.91154,52.362727 4.910072,52.365423 4.910043,52.365429 4.911511,52.362733 4.91154)),((52.368131 4.91288,52.368125 4.911482,52.368611 4.911477,52.368131 4.91288)),((52.367242 4.915474,52.367238 4.914428,52.367601 4.914425,52.367242 4.915474)),((52.366354 4.918066,52.366351 4.917374,52.366592 4.917372,52.366354 4.918066)),((52.369019 4.910288,52.369016 4.909558,52.369182 4.909813,52.369019 4.910288)))";4.913039;52.3641845;
106;1;"Geen significante overstromingskans";1;"";"MULTIPOLYGON(((4.929045 52.373587,4.92916 52.373587,4.930471 52.373219,4.932481 52.371757,4.933022 52.369993,4.931819 52.366567,4.927149 52.36645,4.924728 52.365096,4.924724 52.365481,4.923256 52.365476,4.923269 52.36428,4.922321 52.36375,4.920919 52.364602,4.921729 52.365098,4.918845 52.366086,4.918842 52.366357,4.918066 52.366354,4.917372 52.366592,4.917365 52.36725,4.915474 52.367242,4.914425 52.367601,4.914419 52.368137,4.91288 52.368131,4.911477 52.368611,4.911473 52.369024,4.910288 52.369019,4.909813 52.369182,4.912919 52.371128,4.912931 52.369929,4.9144 52.369934,4.914409 52.369036,4.917346 52.369047,4.917355 52.368149,4.918823 52.368154,4.918786 52.371749,4.917317 52.371743,4.917336 52.369946,4.9144 52.369934,4.91439 52.370833,4.915858 52.370839,4.915839 52.372636,4.917308 52.372642,4.917289 52.37444,4.920226 52.374451,4.920214 52.375553,4.921684 52.375381,4.921685 52.375356,4.921889 52.375357,4.923155 52.375208,4.923162 52.374463,4.921694 52.374457,4.921703 52.373558,4.920235 52.373553,4.920254 52.371755,4.921722 52.371761,4.921732 52.370862,4.9232 52.370868,4.923209 52.369969,4.924678 52.369975,4.924668 52.370874,4.926137 52.370879,4.926155 52.369082,4.924687 52.369076,4.924696 52.368177,4.927633 52.368189,4.927623 52.369088,4.929092 52.369093,4.929082 52.369992,4.932019 52.370003,4.932 52.371801,4.930532 52.371795,4.930523 52.372694,4.929055 52.372688,4.929045 52.373587)),((4.917289 52.37444,4.914352 52.374428,4.914342 52.375327,4.917279 52.375338,4.917289 52.37444)),((4.929045 52.373587,4.927577 52.373581,4.927572 52.374033,4.929045 52.373619,4.929045 52.373587)))";"MULTIPOLYGON(((52.373587 4.929045,52.373587 4.92916,52.373219 4.930471,52.371757 4.932481,52.369993 4.933022,52.366567 4.931819,52.36645 4.927149,52.365096 4.924728,52.365481 4.924724,52.365476 4.923256,52.36428 4.923269,52.36375 4.922321,52.364602 4.920919,52.365098 4.921729,52.366086 4.918845,52.366357 4.918842,52.366354 4.918066,52.366592 4.917372,52.36725 4.917365,52.367242 4.915474,52.367601 4.914425,52.368137 4.914419,52.368131 4.91288,52.368611 4.911477,52.369024 4.911473,52.369019 4.910288,52.369182 4.909813,52.371128 4.912919,52.369929 4.912931,52.369934 4.9144,52.369036 4.914409,52.369047 4.917346,52.368149 4.917355,52.368154 4.918823,52.371749 4.918786,52.371743 4.917317,52.369946 4.917336,52.369934 4.9144,52.370833 4.91439,52.370839 4.915858,52.372636 4.915839,52.372642 4.917308,52.37444 4.917289,52.374451 4.920226,52.375553 4.920214,52.375381 4.921684,52.375356 4.921685,52.375357 4.921889,52.375208 4.923155,52.374463 4.923162,52.374457 4.921694,52.373558 4.921703,52.373553 4.920235,52.371755 4.920254,52.371761 4.921722,52.370862 4.921732,52.370868 4.9232,52.369969 4.923209,52.369975 4.924678,52.370874 4.924668,52.370879 4.926137,52.369082 4.926155,52.369076 4.924687,52.368177 4.924696,52.368189 4.927633,52.369088 4.927623,52.369093 4.929092,52.369992 4.929082,52.370003 4.932019,52.371801 4.932,52.371795 4.930532,52.372694 4.930523,52.372688 4.929055,52.373587 4.929045)),((52.37444 4.917289,52.374428 4.914352,52.375327 4.914342,52.375338 4.917279,52.37444 4.917289)),((52.373587 4.929045,52.373581 4.927577,52.374033 4.927572,52.373619 4.929045,52.373587 4.929045)))";4.9214225;52.3696445;
107;1;"Geen significante overstromingskans";1;"";"MULTIPOLYGON(((4.819812 52.418052,4.821282 52.418059,4.821316 52.415363,4.822786 52.41537,4.822797 52.414472,4.821327 52.414465,4.821339 52.413566,4.822809 52.413573,4.82282 52.412674,4.82429 52.412681,4.824324 52.409985,4.825793 52.409992,4.825805 52.409093,4.827274 52.4091,4.827286 52.408202,4.825816 52.408195,4.825828 52.407296,4.822889 52.407282,4.822877 52.408181,4.821408 52.408174,4.821373 52.41087,4.819904 52.410863,4.819869 52.413559,4.8184 52.413552,4.818365 52.416248,4.819835 52.416255,4.819812 52.418052)),((4.849416 52.401114,4.849437 52.399316,4.847968 52.39931,4.84799 52.397512,4.846521 52.397506,4.846543 52.395708,4.85095 52.395728,4.850956 52.395203,4.844086 52.395032,4.841351 52.395685,4.842135 52.395688,4.842124 52.396587,4.843594 52.396594,4.843583 52.397492,4.845052 52.397499,4.84503 52.399296,4.846499 52.399303,4.846488 52.400202,4.847957 52.400209,4.847946 52.401107,4.849416 52.401114)),((4.787597 52.408906,4.787633 52.40621,4.786164 52.406203,4.786152 52.407101,4.784682 52.407094,4.784694 52.406195,4.780286 52.406173,4.780249 52.408869,4.787597 52.408906)),((4.852333 52.402925,4.852311 52.404722,4.85378 52.404729,4.853769 52.405627,4.855239 52.405634,4.855217 52.407431,4.856687 52.407438,4.856719 52.404742,4.85525 52.404735,4.85526 52.403836,4.853791 52.40383,4.853802 52.402931,4.852333 52.402925)),((4.784755 52.401702,4.78478 52.399904,4.781841 52.39989,4.781829 52.400788,4.78036 52.400781,4.780348 52.401679,4.784755 52.401702)),((4.787658 52.404413,4.78178 52.404383,4.781768 52.405282,4.787646 52.405312,4.787658 52.404413)),((4.799377 52.407168,4.796438 52.407153,4.796414 52.408951,4.799353 52.408965,4.799377 52.407168)),((4.819812 52.418052,4.818342 52.418045,4.818353 52.417147,4.816884 52.417139,4.816872 52.418038,4.815402 52.418031,4.815391 52.41893,4.8198 52.418951,4.819812 52.418052)),((4.803856 52.401797,4.80391 52.397749,4.802939 52.39936,4.802417 52.399527,4.802387 52.40179,4.803856 52.401797)),((4.849416 52.401114,4.849405 52.402013,4.850874 52.402019,4.850863 52.402918,4.852333 52.402925,4.852354 52.401127,4.849416 52.401114)),((4.856687 52.407438,4.856665 52.409235,4.859604 52.409248,4.859615 52.40835,4.858146 52.408343,4.858156 52.407444,4.856687 52.407438)),((4.867026 52.40299,4.865557 52.402983,4.865536 52.404781,4.867005 52.404787,4.867026 52.40299)),((4.793535 52.404442,4.792066 52.404435,4.792054 52.405334,4.793523 52.405341,4.793535 52.404442)),((4.850939 52.396627,4.84947 52.39662,4.849459 52.397519,4.850928 52.397526,4.850939 52.396627)),((4.792018 52.40803,4.790548 52.408022,4.790536 52.408921,4.792006 52.408929,4.792018 52.40803)),((4.790657 52.399934,4.789188 52.399927,4.789175 52.400825,4.790645 52.400833,4.790657 52.399934)),((4.768568 52.403416,4.767099 52.403408,4.767086 52.404307,4.768556 52.404315,4.768568 52.403416)),((4.861063 52.410154,4.859594 52.410147,4.859583 52.411046,4.861053 52.411052,4.861063 52.410154)),((4.83018 52.41181,4.82871 52.411803,4.828699 52.412702,4.830168 52.412709,4.83018 52.41181)),((4.850722 52.414601,4.849252 52.414594,4.849241 52.415493,4.850711 52.4155,4.850722 52.414601)),((4.797764 52.417945,4.799234 52.417952,4.799246 52.417053,4.797776 52.417046,4.797764 52.417945)),((4.797764 52.417945,4.796294 52.417937,4.796282 52.418836,4.797752 52.418843,4.797764 52.417945)),((4.79946 52.400877,4.797991 52.40087,4.797979 52.401768,4.799448 52.401776,4.79946 52.400877)),((4.805396 52.396412,4.804716 52.396409,4.804177 52.397305,4.805385 52.397311,4.805396 52.396412)),((4.795065 52.399956,4.795068 52.399669,4.793599 52.399669,4.793595 52.399949,4.795065 52.399956)),((4.865786 52.39301,4.86494 52.392725,4.864251 52.393091,4.866003 52.393099,4.865786 52.39301)))";"MULTIPOLYGON(((52.418052 4.819812,52.418059 4.821282,52.415363 4.821316,52.41537 4.822786,52.414472 4.822797,52.414465 4.821327,52.413566 4.821339,52.413573 4.822809,52.412674 4.82282,52.412681 4.82429,52.409985 4.824324,52.409992 4.825793,52.409093 4.825805,52.4091 4.827274,52.408202 4.827286,52.408195 4.825816,52.407296 4.825828,52.407282 4.822889,52.408181 4.822877,52.408174 4.821408,52.41087 4.821373,52.410863 4.819904,52.413559 4.819869,52.413552 4.8184,52.416248 4.818365,52.416255 4.819835,52.418052 4.819812)),((52.401114 4.849416,52.399316 4.849437,52.39931 4.847968,52.397512 4.84799,52.397506 4.846521,52.395708 4.846543,52.395728 4.85095,52.395203 4.850956,52.395032 4.844086,52.395685 4.841351,52.395688 4.842135,52.396587 4.842124,52.396594 4.843594,52.397492 4.843583,52.397499 4.845052,52.399296 4.84503,52.399303 4.846499,52.400202 4.846488,52.400209 4.847957,52.401107 4.847946,52.401114 4.849416)),((52.408906 4.787597,52.40621 4.787633,52.406203 4.786164,52.407101 4.786152,52.407094 4.784682,52.406195 4.784694,52.406173 4.780286,52.408869 4.780249,52.408906 4.787597)),((52.402925 4.852333,52.404722 4.852311,52.404729 4.85378,52.405627 4.853769,52.405634 4.855239,52.407431 4.855217,52.407438 4.856687,52.404742 4.856719,52.404735 4.85525,52.403836 4.85526,52.40383 4.853791,52.402931 4.853802,52.402925 4.852333)),((52.401702 4.784755,52.399904 4.78478,52.39989 4.781841,52.400788 4.781829,52.400781 4.78036,52.401679 4.780348,52.401702 4.784755)),((52.404413 4.787658,52.404383 4.78178,52.405282 4.781768,52.405312 4.787646,52.404413 4.787658)),((52.407168 4.799377,52.407153 4.796438,52.408951 4.796414,52.408965 4.799353,52.407168 4.799377)),((52.418052 4.819812,52.418045 4.818342,52.417147 4.818353,52.417139 4.816884,52.418038 4.816872,52.418031 4.815402,52.41893 4.815391,52.418951 4.8198,52.418052 4.819812)),((52.401797 4.803856,52.397749 4.80391,52.39936 4.802939,52.399527 4.802417,52.40179 4.802387,52.401797 4.803856)),((52.401114 4.849416,52.402013 4.849405,52.402019 4.850874,52.402918 4.850863,52.402925 4.852333,52.401127 4.852354,52.401114 4.849416)),((52.407438 4.856687,52.409235 4.856665,52.409248 4.859604,52.40835 4.859615,52.408343 4.858146,52.407444 4.858156,52.407438 4.856687)),((52.40299 4.867026,52.402983 4.865557,52.404781 4.865536,52.404787 4.867005,52.40299 4.867026)),((52.404442 4.793535,52.404435 4.792066,52.405334 4.792054,52.405341 4.793523,52.404442 4.793535)),((52.396627 4.850939,52.39662 4.84947,52.397519 4.849459,52.397526 4.850928,52.396627 4.850939)),((52.40803 4.792018,52.408022 4.790548,52.408921 4.790536,52.408929 4.792006,52.40803 4.792018)),((52.399934 4.790657,52.399927 4.789188,52.400825 4.789175,52.400833 4.790645,52.399934 4.790657)),((52.403416 4.768568,52.403408 4.767099,52.404307 4.767086,52.404315 4.768556,52.403416 4.768568)),((52.410154 4.861063,52.410147 4.859594,52.411046 4.859583,52.411052 4.861053,52.410154 4.861063)),((52.41181 4.83018,52.411803 4.82871,52.412702 4.828699,52.412709 4.830168,52.41181 4.83018)),((52.414601 4.850722,52.414594 4.849252,52.415493 4.849241,52.4155 4.850711,52.414601 4.850722)),((52.417945 4.797764,52.417952 4.799234,52.417053 4.799246,52.417046 4.797776,52.417945 4.797764)),((52.417945 4.797764,52.417937 4.796294,52.418836 4.796282,52.418843 4.797752,52.417945 4.797764)),((52.400877 4.79946,52.40087 4.797991,52.401768 4.797979,52.401776 4.799448,52.400877 4.79946)),((52.396412 4.805396,52.396409 4.804716,52.397305 4.804177,52.397311 4.805385,52.396412 4.805396)),((52.399956 4.795065,52.399669 4.795068,52.399669 4.793599,52.399949 4.793595,52.399956 4.795065)),((52.39301 4.865786,52.392725 4.86494,52.393091 4.864251,52.393099 4.866003,52.39301 4.865786)))";4.817061;52.405831;
108;1;"Geen significante overstromingskans";1;"";"MULTIPOLYGON(((4.841351 52.395685,4.844086 52.395032,4.850956 52.395203,4.850961 52.39483,4.845085 52.394803,4.845118 52.392107,4.846587 52.392113,4.846608 52.390316,4.84514 52.390309,4.84515 52.389411,4.846619 52.389417,4.846627 52.388776,4.844906 52.388773,4.845108 52.385066,4.844654 52.385064,4.840798 52.384986,4.840788 52.385796,4.839319 52.385789,4.83933 52.384956,4.83925 52.384954,4.835181 52.384871,4.831987 52.384856,4.831975 52.385755,4.833444 52.385762,4.833433 52.38666,4.831964 52.386653,4.831953 52.387552,4.830484 52.387545,4.830473 52.388444,4.831942 52.388451,4.83193 52.38935,4.823117 52.389308,4.823129 52.388409,4.82166 52.388402,4.821648 52.389301,4.820179 52.389294,4.820168 52.390193,4.834857 52.390262,4.834846 52.391161,4.836315 52.391167,4.836326 52.390269,4.839264 52.390282,4.839253 52.391181,4.840722 52.391188,4.840711 52.392087,4.837773 52.392073,4.83775 52.39387,4.839219 52.393877,4.839208 52.394776,4.840677 52.394783,4.840666 52.395681,4.841351 52.395685),(4.842213 52.389397,4.842224 52.388498,4.839286 52.388485,4.839275 52.389384,4.842213 52.389397)),((4.771644 52.393546,4.771657 52.392647,4.773126 52.392655,4.773173 52.389188,4.769588 52.389189,4.769455 52.389041,4.768769 52.389037,4.768778 52.388342,4.767367 52.388131,4.764375 52.388115,4.764362 52.389014,4.765831 52.389022,4.765818 52.38992,4.767287 52.389928,4.767275 52.390827,4.768744 52.390834,4.768731 52.391733,4.7702 52.391741,4.770175 52.393538,4.771644 52.393546)),((4.858371 52.38947,4.849557 52.389431,4.849546 52.390329,4.85836 52.390369,4.858371 52.38947)),((4.80391 52.397749,4.803915 52.397304,4.804177 52.397305,4.804716 52.396409,4.802458 52.396398,4.802417 52.399527,4.802939 52.39936,4.80391 52.397749)),((4.81723 52.390179,4.817242 52.38928,4.81871 52.389287,4.818712 52.38918,4.815774 52.389181,4.815773 52.389273,4.814304 52.389266,4.814292 52.390164,4.81723 52.390179)),((4.82897 52.391133,4.827501 52.391126,4.82749 52.392025,4.828959 52.392032,4.82897 52.391133)),((4.777458 52.39807,4.775989 52.398062,4.775977 52.398961,4.777446 52.398968,4.777458 52.39807)),((4.824563 52.391112,4.823094 52.391105,4.823083 52.392004,4.824552 52.392011,4.824563 52.391112)),((4.795076 52.399058,4.793607 52.39905,4.793599 52.399669,4.795068 52.399669,4.795076 52.399058)),((4.759968 52.388092,4.75997 52.387928,4.758502 52.387925,4.758499 52.388084,4.759968 52.388092)))";"MULTIPOLYGON(((52.395685 4.841351,52.395032 4.844086,52.395203 4.850956,52.39483 4.850961,52.394803 4.845085,52.392107 4.845118,52.392113 4.846587,52.390316 4.846608,52.390309 4.84514,52.389411 4.84515,52.389417 4.846619,52.388776 4.846627,52.388773 4.844906,52.385066 4.845108,52.385064 4.844654,52.384986 4.840798,52.385796 4.840788,52.385789 4.839319,52.384956 4.83933,52.384954 4.83925,52.384871 4.835181,52.384856 4.831987,52.385755 4.831975,52.385762 4.833444,52.38666 4.833433,52.386653 4.831964,52.387552 4.831953,52.387545 4.830484,52.388444 4.830473,52.388451 4.831942,52.38935 4.83193,52.389308 4.823117,52.388409 4.823129,52.388402 4.82166,52.389301 4.821648,52.389294 4.820179,52.390193 4.820168,52.390262 4.834857,52.391161 4.834846,52.391167 4.836315,52.390269 4.836326,52.390282 4.839264,52.391181 4.839253,52.391188 4.840722,52.392087 4.840711,52.392073 4.837773,52.39387 4.83775,52.393877 4.839219,52.394776 4.839208,52.394783 4.840677,52.395681 4.840666,52.395685 4.841351),(52.389397 4.842213,52.388498 4.842224,52.388485 4.839286,52.389384 4.839275,52.389397 4.842213)),((52.393546 4.771644,52.392647 4.771657,52.392655 4.773126,52.389188 4.773173,52.389189 4.769588,52.389041 4.769455,52.389037 4.768769,52.388342 4.768778,52.388131 4.767367,52.388115 4.764375,52.389014 4.764362,52.389022 4.765831,52.38992 4.765818,52.389928 4.767287,52.390827 4.767275,52.390834 4.768744,52.391733 4.768731,52.391741 4.7702,52.393538 4.770175,52.393546 4.771644)),((52.38947 4.858371,52.389431 4.849557,52.390329 4.849546,52.390369 4.85836,52.38947 4.858371)),((52.397749 4.80391,52.397304 4.803915,52.397305 4.804177,52.396409 4.804716,52.396398 4.802458,52.399527 4.802417,52.39936 4.802939,52.397749 4.80391)),((52.390179 4.81723,52.38928 4.817242,52.389287 4.81871,52.38918 4.818712,52.389181 4.815774,52.389273 4.815773,52.389266 4.814304,52.390164 4.814292,52.390179 4.81723)),((52.391133 4.82897,52.391126 4.827501,52.392025 4.82749,52.392032 4.828959,52.391133 4.82897)),((52.39807 4.777458,52.398062 4.775989,52.398961 4.775977,52.398968 4.777446,52.39807 4.777458)),((52.391112 4.824563,52.391105 4.823094,52.392004 4.823083,52.392011 4.824552,52.391112 4.824563)),((52.399058 4.795076,52.39905 4.793607,52.399669 4.793599,52.399669 4.795068,52.399058 4.795076)),((52.388092 4.759968,52.387928 4.75997,52.387925 4.758502,52.388084 4.758499,52.388092 4.759968)))";4.80844;52.3922555;
109;1;"Geen significante overstromingskans";1;"";"MULTIPOLYGON(((4.873008 52.394028,4.873021 52.392891,4.865786 52.39301,4.866003 52.393099,4.871549 52.393123,4.871538 52.394022,4.873008 52.394028)),((4.892165 52.388717,4.891199 52.388713,4.891301 52.390101,4.887815 52.390497,4.892145 52.390515,4.892165 52.388717)),((4.877435 52.39225,4.878904 52.392256,4.878913 52.391507,4.878042 52.391606,4.877437 52.392079,4.877435 52.39225)),((4.877435 52.39225,4.877221 52.392249,4.876474 52.392834,4.875959 52.392842,4.875956 52.393142,4.877425 52.393149,4.877435 52.39225)),((4.883322 52.391376,4.883326 52.391006,4.880181 52.391363,4.883322 52.391376)))";"MULTIPOLYGON(((52.394028 4.873008,52.392891 4.873021,52.39301 4.865786,52.393099 4.866003,52.393123 4.871549,52.394022 4.871538,52.394028 4.873008)),((52.388717 4.892165,52.388713 4.891199,52.390101 4.891301,52.390497 4.887815,52.390515 4.892145,52.388717 4.892165)),((52.39225 4.877435,52.392256 4.878904,52.391507 4.878913,52.391606 4.878042,52.392079 4.877437,52.39225 4.877435)),((52.39225 4.877435,52.392249 4.877221,52.392834 4.876474,52.392842 4.875959,52.393142 4.875956,52.393149 4.877425,52.39225 4.877435)),((52.391376 4.883322,52.391006 4.883326,52.391363 4.880181,52.391376 4.883322)))";4.8789805;52.3913635;
110;1;"Geen significante overstromingskans";1;"";"MULTIPOLYGON(((4.868632 52.391313,4.870101 52.39132,4.870111 52.390421,4.873049 52.390434,4.87306 52.389535,4.874529 52.389541,4.874539 52.388643,4.877477 52.388655,4.877487 52.387757,4.883362 52.387782,4.883378 52.386376,4.882756 52.385414,4.878982 52.385448,4.878966 52.386864,4.876028 52.386852,4.876018 52.38775,4.874549 52.387744,4.87457 52.385946,4.876039 52.385953,4.876044 52.385474,4.869475 52.385532,4.8687 52.385518,4.868684 52.38682,4.870153 52.386826,4.870143 52.387725,4.871612 52.387731,4.871591 52.389529,4.868653 52.389516,4.868632 52.391313)),((4.878913 52.391507,4.878915 52.391358,4.880181 52.391363,4.883326 52.391006,4.883332 52.390478,4.884801 52.390484,4.884811 52.389585,4.880404 52.389567,4.880414 52.388668,4.878946 52.388662,4.878925 52.390459,4.877456 52.390453,4.877437 52.392079,4.878042 52.391606,4.878913 52.391507)),((4.887762 52.388395,4.886294 52.388372,4.88627 52.39049,4.887815 52.390497,4.891301 52.390101,4.891199 52.388713,4.887759 52.388699,4.887762 52.388395)),((4.868632 52.391313,4.867163 52.391307,4.867152 52.392205,4.864214 52.392193,4.864204 52.393091,4.864251 52.393091,4.86494 52.392725,4.865786 52.39301,4.873021 52.392891,4.873028 52.392231,4.868621 52.392212,4.868632 52.391313)),((4.864236 52.390395,4.862767 52.390389,4.862756 52.391287,4.864225 52.391294,4.864236 52.390395)),((4.867231 52.38549,4.865763 52.385463,4.865757 52.385908,4.867226 52.385914,4.867231 52.38549)),((4.877221 52.392249,4.875966 52.392244,4.875959 52.392842,4.876474 52.392834,4.877221 52.392249)))";"MULTIPOLYGON(((52.391313 4.868632,52.39132 4.870101,52.390421 4.870111,52.390434 4.873049,52.389535 4.87306,52.389541 4.874529,52.388643 4.874539,52.388655 4.877477,52.387757 4.877487,52.387782 4.883362,52.386376 4.883378,52.385414 4.882756,52.385448 4.878982,52.386864 4.878966,52.386852 4.876028,52.38775 4.876018,52.387744 4.874549,52.385946 4.87457,52.385953 4.876039,52.385474 4.876044,52.385532 4.869475,52.385518 4.8687,52.38682 4.868684,52.386826 4.870153,52.387725 4.870143,52.387731 4.871612,52.389529 4.871591,52.389516 4.868653,52.391313 4.868632)),((52.391507 4.878913,52.391358 4.878915,52.391363 4.880181,52.391006 4.883326,52.390478 4.883332,52.390484 4.884801,52.389585 4.884811,52.389567 4.880404,52.388668 4.880414,52.388662 4.878946,52.390459 4.878925,52.390453 4.877456,52.392079 4.877437,52.391606 4.878042,52.391507 4.878913)),((52.388395 4.887762,52.388372 4.886294,52.39049 4.88627,52.390497 4.887815,52.390101 4.891301,52.388713 4.891199,52.388699 4.887759,52.388395 4.887762)),((52.391313 4.868632,52.391307 4.867163,52.392205 4.867152,52.392193 4.864214,52.393091 4.864204,52.393091 4.864251,52.392725 4.86494,52.39301 4.865786,52.392891 4.873021,52.392231 4.873028,52.392212 4.868621,52.391313 4.868632)),((52.390395 4.864236,52.390389 4.862767,52.391287 4.862756,52.391294 4.864225,52.390395 4.864236)),((52.38549 4.867231,52.385463 4.865763,52.385908 4.865757,52.385914 4.867226,52.38549 4.867231)),((52.392249 4.877221,52.392244 4.875966,52.392842 4.875959,52.392834 4.876474,52.392249 4.877221)))";4.8770335;52.3892455;
111;1;"Geen significante overstromingskans";1;"";"MULTIPOLYGON(((4.876049 52.385054,4.869672 52.385026,4.869475 52.385532,4.876044 52.385474,4.876049 52.385054)),((4.882756 52.385414,4.881925 52.384223,4.881883 52.38418,4.880466 52.384174,4.880455 52.385073,4.878987 52.385067,4.878982 52.385448,4.882756 52.385414)),((4.877549 52.382364,4.87608 52.382358,4.876059 52.384155,4.877528 52.384162,4.877549 52.382364)),((4.873164 52.380548,4.873174 52.379649,4.871705 52.379643,4.871695 52.380541,4.873164 52.380548)),((4.873164 52.380548,4.873153 52.381447,4.874622 52.381453,4.87463 52.380723,4.873958 52.380563,4.873949 52.380551,4.873164 52.380548)))";"MULTIPOLYGON(((52.385054 4.876049,52.385026 4.869672,52.385532 4.869475,52.385474 4.876044,52.385054 4.876049)),((52.385414 4.882756,52.384223 4.881925,52.38418 4.881883,52.384174 4.880466,52.385073 4.880455,52.385067 4.878987,52.385448 4.878982,52.385414 4.882756)),((52.382364 4.877549,52.382358 4.87608,52.384155 4.876059,52.384162 4.877528,52.382364 4.877549)),((52.380548 4.873164,52.379649 4.873174,52.379643 4.871705,52.380541 4.871695,52.380548 4.873164)),((52.380548 4.873164,52.381447 4.873153,52.381453 4.874622,52.380723 4.87463,52.380563 4.873958,52.380551 4.873949,52.380548 4.873164)))";4.8761205;52.3825805;
112;1;"Geen significante overstromingskans";1;"";"MULTIPOLYGON(((4.864394 52.376914,4.864405 52.376016,4.86881 52.376035,4.868821 52.375136,4.867352 52.37513,4.867363 52.374231,4.865894 52.374225,4.865884 52.375124,4.864846 52.375119,4.86456 52.375402,4.863952 52.376913,4.864394 52.376914)),((4.867237 52.385016,4.865768 52.385009,4.865763 52.385463,4.867231 52.38549,4.867237 52.385016)),((4.869672 52.385026,4.868705 52.385022,4.8687 52.385518,4.869475 52.385532,4.869672 52.385026)))";"MULTIPOLYGON(((52.376914 4.864394,52.376016 4.864405,52.376035 4.86881,52.375136 4.868821,52.37513 4.867352,52.374231 4.867363,52.374225 4.865894,52.375124 4.865884,52.375119 4.864846,52.375402 4.86456,52.376913 4.863952,52.376914 4.864394)),((52.385016 4.867237,52.385009 4.865768,52.385463 4.865763,52.38549 4.867231,52.385016 4.867237)),((52.385026 4.869672,52.385022 4.868705,52.385518 4.8687,52.385532 4.869475,52.385026 4.869672)))";4.866817;52.3798715;
113;1;"Geen significante overstromingskans";1;"";"MULTIPOLYGON(((4.877612 52.377871,4.876132 52.377864,4.876122 52.378763,4.878063 52.378771,4.877612 52.377871)),((4.871768 52.37425,4.8703 52.374244,4.870289 52.375143,4.871758 52.375149,4.871768 52.37425)),((4.870632 52.372448,4.870321 52.372447,4.87031 52.373345,4.871778 52.373352,4.871786 52.372681,4.870632 52.372448)),((4.87538 52.373407,4.873251 52.372977,4.873247 52.373358,4.874715 52.373365,4.874705 52.374263,4.875811 52.374268,4.87538 52.373407)),((4.879416 52.381474,4.879036 52.380717,4.879028 52.381472,4.879416 52.381474)),((4.874632 52.380554,4.873949 52.380551,4.873958 52.380563,4.87463 52.380723,4.874632 52.380554)),((4.876261 52.375169,4.876165 52.374977,4.876163 52.375168,4.876261 52.375169)))";"MULTIPOLYGON(((52.377871 4.877612,52.377864 4.876132,52.378763 4.876122,52.378771 4.878063,52.377871 4.877612)),((52.37425 4.871768,52.374244 4.8703,52.375143 4.870289,52.375149 4.871758,52.37425 4.871768)),((52.372448 4.870632,52.372447 4.870321,52.373345 4.87031,52.373352 4.871778,52.372681 4.871786,52.372448 4.870632)),((52.373407 4.87538,52.372977 4.873251,52.373358 4.873247,52.373365 4.874715,52.374263 4.874705,52.374268 4.875811,52.373407 4.87538)),((52.381474 4.879416,52.380717 4.879036,52.381472 4.879028,52.381474 4.879416)),((52.380554 4.874632,52.380551 4.873949,52.380563 4.873958,52.380723 4.87463,52.380554 4.874632)),((52.375169 4.876261,52.374977 4.876165,52.375168 4.876163,52.375169 4.876261)))";4.8748575;52.3769535;
114;1;"Geen significante overstromingskans";1;"";"MULTIPOLYGON(((4.870373 52.367953,4.871841 52.36796,4.87182 52.369757,4.873288 52.369763,4.873309 52.367966,4.874777 52.367972,4.874778 52.367949,4.870751 52.366839,4.87038 52.367382,4.870373 52.367953)),((4.871789 52.372453,4.873257 52.372459,4.873251 52.372977,4.87538 52.373407,4.874506 52.371877,4.874708 52.371567,4.873268 52.371561,4.873278 52.370662,4.87181 52.370656,4.871789 52.372453)),((4.870373 52.367953,4.869988 52.367951,4.868886 52.36956,4.868884 52.369744,4.870352 52.369751,4.870373 52.367953)),((4.868884 52.369744,4.86876 52.369744,4.867531 52.371536,4.868863 52.371542,4.868884 52.369744)),((4.87671 52.368481,4.876241 52.368352,4.876231 52.36922,4.87671 52.368481)),((4.871789 52.372453,4.870632 52.372448,4.871786 52.372681,4.871789 52.372453)))";"MULTIPOLYGON(((52.367953 4.870373,52.36796 4.871841,52.369757 4.87182,52.369763 4.873288,52.367966 4.873309,52.367972 4.874777,52.367949 4.874778,52.366839 4.870751,52.367382 4.87038,52.367953 4.870373)),((52.372453 4.871789,52.372459 4.873257,52.372977 4.873251,52.373407 4.87538,52.371877 4.874506,52.371567 4.874708,52.371561 4.873268,52.370662 4.873278,52.370656 4.87181,52.372453 4.871789)),((52.367953 4.870373,52.367951 4.869988,52.36956 4.868886,52.369744 4.868884,52.369751 4.870352,52.367953 4.870373)),((52.369744 4.868884,52.369744 4.86876,52.371536 4.867531,52.371542 4.868863,52.369744 4.868884)),((52.368481 4.87671,52.368352 4.876241,52.36922 4.876231,52.368481 4.87671)),((52.372453 4.871789,52.372448 4.870632,52.372681 4.871786,52.372453 4.871789)))";4.8721255;52.370116;
115;1;"Geen significante overstromingskans";1;"";"MULTIPOLYGON(((4.86876 52.369744,4.867415 52.369738,4.867394 52.371535,4.867531 52.371536,4.86876 52.369744)),((4.869988 52.367951,4.868905 52.367947,4.868886 52.36956,4.869988 52.367951)),((4.865947 52.369731,4.864679 52.369726,4.86549 52.370628,4.865937 52.37063,4.865947 52.369731)),((4.861599 52.364951,4.860103 52.364643,4.860618 52.365214,4.861596 52.365218,4.861599 52.364951)),((4.870751 52.366839,4.870387 52.366764,4.87038 52.367382,4.870751 52.366839)))";"MULTIPOLYGON(((52.369744 4.86876,52.369738 4.867415,52.371535 4.867394,52.371536 4.867531,52.369744 4.86876)),((52.367951 4.869988,52.367947 4.868905,52.36956 4.868886,52.367951 4.869988)),((52.369731 4.865947,52.369726 4.864679,52.370628 4.86549,52.37063 4.865937,52.369731 4.865947)),((52.364951 4.861599,52.364643 4.860103,52.365214 4.860618,52.365218 4.861596,52.364951 4.861599)),((52.366839 4.870751,52.366764 4.870387,52.367382 4.87038,52.366839 4.870751)))";4.865432;52.3680825;
116;1;"Geen significante overstromingskans";1;"";"MULTIPOLYGON(((4.871884 52.365263,4.870404 52.365257,4.870387 52.366764,4.870751 52.366839,4.874778 52.367949,4.8748 52.366046,4.871884 52.365263)),((4.860138 52.364313,4.86016 52.362516,4.861335 52.362521,4.858699 52.36191,4.858692 52.362509,4.858219 52.362507,4.859347 52.363725,4.860103 52.364643,4.861599 52.364951,4.861606 52.36432,4.860138 52.364313)),((4.868481 52.36435,4.866018 52.363688,4.86601 52.364339,4.868481 52.36435)),((4.87754 52.366782,4.876263 52.366439,4.876256 52.36708,4.877392 52.367085,4.87754 52.366782)),((4.863783 52.363088,4.863091 52.362928,4.863085 52.363427,4.864553 52.363434,4.864555 52.363295,4.863783 52.363088)),((4.876955 52.367982,4.876246 52.367979,4.876241 52.368352,4.87671 52.368481,4.876955 52.367982)))";"MULTIPOLYGON(((52.365263 4.871884,52.365257 4.870404,52.366764 4.870387,52.366839 4.870751,52.367949 4.874778,52.366046 4.8748,52.365263 4.871884)),((52.364313 4.860138,52.362516 4.86016,52.362521 4.861335,52.36191 4.858699,52.362509 4.858692,52.362507 4.858219,52.363725 4.859347,52.364643 4.860103,52.364951 4.861599,52.36432 4.861606,52.364313 4.860138)),((52.36435 4.868481,52.363688 4.866018,52.364339 4.86601,52.36435 4.868481)),((52.366782 4.87754,52.366439 4.876263,52.36708 4.876256,52.367085 4.877392,52.366782 4.87754)),((52.363088 4.863783,52.362928 4.863091,52.363427 4.863085,52.363434 4.864553,52.363295 4.864555,52.363088 4.863783)),((52.367982 4.876955,52.367979 4.876246,52.368352 4.876241,52.368481 4.87671,52.367982 4.876955)))";4.8678845;52.3651885;
117;1;"Geen significante overstromingskans";1;"";"MULTIPOLYGON(((4.868957 52.363453,4.866021 52.36344,4.866018 52.363688,4.868481 52.36435,4.868947 52.364352,4.868957 52.363453)),((4.874809 52.365276,4.871884 52.365263,4.8748 52.366046,4.874809 52.365276)),((4.878101 52.366189,4.876266 52.366181,4.876263 52.366439,4.87754 52.366782,4.878101 52.366189)),((4.864564 52.362535,4.864138 52.362533,4.863783 52.363088,4.864555 52.363295,4.864564 52.362535)),((4.879371 52.364326,4.879224 52.364284,4.879216 52.365014,4.87927 52.364957,4.879371 52.364326)))";"MULTIPOLYGON(((52.363453 4.868957,52.36344 4.866021,52.363688 4.866018,52.36435 4.868481,52.364352 4.868947,52.363453 4.868957)),((52.365276 4.874809,52.365263 4.871884,52.366046 4.8748,52.365276 4.874809)),((52.366189 4.878101,52.366181 4.876266,52.366439 4.876263,52.366782 4.87754,52.366189 4.878101)),((52.362535 4.864564,52.362533 4.864138,52.363088 4.863783,52.363295 4.864555,52.362535 4.864564)),((52.364326 4.879371,52.364284 4.879224,52.365014 4.879216,52.364957 4.87927,52.364326 4.879371)))";4.871582;52.3646505;
118;1;"Geen significante overstromingskans";1;"";"MULTIPOLYGON(((4.855798 52.358901,4.855809 52.358002,4.857277 52.358009,4.857288 52.35711,4.85582 52.357104,4.855827 52.356538,4.854798 52.356276,4.854361 52.356354,4.854355 52.35685,4.854942 52.357834,4.855633 52.3589,4.855798 52.358901)),((4.861638 52.361623,4.858702 52.36161,4.858699 52.36191,4.861335 52.362521,4.861628 52.362522,4.861638 52.361623)),((4.864138 52.362533,4.863096 52.362529,4.863091 52.362928,4.863783 52.363088,4.864138 52.362533)))";"MULTIPOLYGON(((52.358901 4.855798,52.358002 4.855809,52.358009 4.857277,52.35711 4.857288,52.357104 4.85582,52.356538 4.855827,52.356276 4.854798,52.356354 4.854361,52.35685 4.854355,52.357834 4.854942,52.3589 4.855633,52.358901 4.855798)),((52.361623 4.861638,52.36161 4.858702,52.36191 4.858699,52.362521 4.861335,52.362522 4.861628,52.361623 4.861638)),((52.362533 4.864138,52.362529 4.863096,52.362928 4.863091,52.363088 4.863783,52.362533 4.864138)))";4.8592515;52.359675;
119;1;"Geen significante overstromingskans";1;"";"POLYGON((4.882063 52.36205,4.880321 52.361705,4.879254 52.3617,4.879224 52.364284,4.879371 52.364326,4.882063 52.36205))";"POLYGON((52.36205 4.882063,52.361705 4.880321,52.3617 4.879254,52.364284 4.879224,52.364326 4.879371,52.36205 4.882063))";4.8806485;52.363006;
120;1;"Geen significante overstromingskans";1;"";"MULTIPOLYGON(((4.933524 52.366414,4.934992 52.36642,4.93499 52.3666,4.939474 52.366648,4.939667 52.365539,4.939406 52.365538,4.939415 52.364639,4.937947 52.364633,4.937937 52.365532,4.933533 52.365515,4.933524 52.366414)),((4.933524 52.366414,4.932056 52.366408,4.932109 52.361164,4.931844 52.361452,4.931819 52.366567,4.933522 52.366585,4.933524 52.366414)),((4.933579 52.361022,4.933594 52.359565,4.933585 52.359569,4.932246 52.361017,4.933579 52.361022)),((4.938015 52.357818,4.937453 52.357702,4.936544 52.358141,4.936542 52.358337,4.93801 52.358342,4.938015 52.357818)),((4.935065 52.35923,4.935069 52.358852,4.934293 52.359227,4.935065 52.35923)))";"MULTIPOLYGON(((52.366414 4.933524,52.36642 4.934992,52.3666 4.93499,52.366648 4.939474,52.365539 4.939667,52.365538 4.939406,52.364639 4.939415,52.364633 4.937947,52.365532 4.937937,52.365515 4.933533,52.366414 4.933524)),((52.366414 4.933524,52.366408 4.932056,52.361164 4.932109,52.361452 4.931844,52.366567 4.931819,52.366585 4.933522,52.366414 4.933524)),((52.361022 4.933579,52.359565 4.933594,52.359569 4.933585,52.361017 4.932246,52.361022 4.933579)),((52.357818 4.938015,52.357702 4.937453,52.358141 4.936544,52.358337 4.936542,52.358342 4.93801,52.357818 4.938015)),((52.35923 4.935065,52.358852 4.935069,52.359227 4.934293,52.35923 4.935065)))";4.935748;52.362168;
121;1;"Geen significante overstromingskans";1;"";"MULTIPOLYGON(((4.957006 52.367391,4.95944 52.362017,4.958526 52.362013,4.958543 52.360216,4.960011 52.360221,4.960003 52.36106,4.961484 52.359741,4.961488 52.359328,4.961947 52.359329,4.962051 52.359236,4.958568 52.3577,4.958552 52.359317,4.957084 52.359312,4.957049 52.362907,4.955581 52.362901,4.955546 52.366496,4.957014 52.366502,4.957006 52.367391)),((4.946735 52.36669,4.946737 52.366464,4.948205 52.366469,4.948214 52.365571,4.946746 52.365565,4.946755 52.364666,4.942351 52.36465,4.942342 52.365549,4.939667 52.365539,4.939474 52.366648,4.946735 52.36669)),((4.942414 52.358359,4.942173 52.358358,4.940945 52.358407,4.940937 52.359252,4.942405 52.359258,4.942414 52.358359)))";"MULTIPOLYGON(((52.367391 4.957006,52.362017 4.95944,52.362013 4.958526,52.360216 4.958543,52.360221 4.960011,52.36106 4.960003,52.359741 4.961484,52.359328 4.961488,52.359329 4.961947,52.359236 4.962051,52.3577 4.958568,52.359317 4.958552,52.359312 4.957084,52.362907 4.957049,52.362901 4.955581,52.366496 4.955546,52.366502 4.957014,52.367391 4.957006)),((52.36669 4.946735,52.366464 4.946737,52.366469 4.948205,52.365571 4.948214,52.365565 4.946746,52.364666 4.946755,52.36465 4.942351,52.365549 4.942342,52.365539 4.939667,52.366648 4.939474,52.36669 4.946735)),((52.358359 4.942414,52.358358 4.942173,52.358407 4.940945,52.359252 4.940937,52.359258 4.942405,52.358359 4.942414)))";4.9507675;52.3625385;
122;1;"Geen significante overstromingskans";1;"";"MULTIPOLYGON(((4.929036 52.374486,4.929027 52.375384,4.931964 52.375396,4.931973 52.374497,4.936378 52.374514,4.936387 52.373615,4.939324 52.373626,4.939333 52.372727,4.936396 52.372716,4.936405 52.371818,4.934937 52.371812,4.934955 52.370015,4.933487 52.370009,4.933496 52.36911,4.951115 52.369176,4.951124 52.368278,4.946719 52.368261,4.946735 52.36669,4.939474 52.366648,4.93499 52.3666,4.934983 52.367318,4.933515 52.367313,4.933522 52.366585,4.931819 52.366567,4.933022 52.369993,4.932481 52.371757,4.930471 52.373219,4.92916 52.373587,4.930514 52.373593,4.930504 52.374491,4.929036 52.374486),(4.934919 52.373609,4.934928 52.372711,4.931991 52.3727,4.931982 52.373598,4.934919 52.373609)),((4.948134 52.373659,4.945198 52.373648,4.945189 52.374547,4.948125 52.374558,4.948134 52.373659)),((4.954061 52.368288,4.952592 52.368283,4.952584 52.369182,4.954052 52.369187,4.954061 52.368288)),((4.92609 52.375373,4.924621 52.375367,4.924612 52.376266,4.926081 52.376272,4.92609 52.375373)),((4.914323 52.377124,4.912855 52.377118,4.912845 52.378017,4.914314 52.378023,4.914323 52.377124)),((4.921675 52.376254,4.921684 52.375381,4.920214 52.375553,4.920207 52.376249,4.921675 52.376254)),((4.929036 52.374486,4.929045 52.373619,4.927572 52.374033,4.927568 52.37448,4.929036 52.374486)),((4.923153 52.375362,4.923155 52.375208,4.921889 52.375357,4.923153 52.375362)))";"MULTIPOLYGON(((52.374486 4.929036,52.375384 4.929027,52.375396 4.931964,52.374497 4.931973,52.374514 4.936378,52.373615 4.936387,52.373626 4.939324,52.372727 4.939333,52.372716 4.936396,52.371818 4.936405,52.371812 4.934937,52.370015 4.934955,52.370009 4.933487,52.36911 4.933496,52.369176 4.951115,52.368278 4.951124,52.368261 4.946719,52.36669 4.946735,52.366648 4.939474,52.3666 4.93499,52.367318 4.934983,52.367313 4.933515,52.366585 4.933522,52.366567 4.931819,52.369993 4.933022,52.371757 4.932481,52.373219 4.930471,52.373587 4.92916,52.373593 4.930514,52.374491 4.930504,52.374486 4.929036),(52.373609 4.934919,52.372711 4.934928,52.3727 4.931991,52.373598 4.931982,52.373609 4.934919)),((52.373659 4.948134,52.373648 4.945198,52.374547 4.945189,52.374558 4.948125,52.373659 4.948134)),((52.368288 4.954061,52.368283 4.952592,52.369182 4.952584,52.369187 4.954052,52.368288 4.954061)),((52.375373 4.92609,52.375367 4.924621,52.376266 4.924612,52.376272 4.926081,52.375373 4.92609)),((52.377124 4.914323,52.377118 4.912855,52.378017 4.912845,52.378023 4.914314,52.377124 4.914323)),((52.376254 4.921675,52.375381 4.921684,52.375553 4.920214,52.376249 4.920207,52.376254 4.921675)),((52.374486 4.929036,52.373619 4.929045,52.374033 4.927572,52.37448 4.927568,52.374486 4.929036)),((52.375362 4.923153,52.375208 4.923155,52.375357 4.921889,52.375362 4.923153)))";4.933458;52.372288;
123;1;"Geen significante overstromingskans";1;"";"MULTIPOLYGON(((4.992298 52.361232,5.005564 52.354984,5.006217 52.354531,5.00535 52.353756,5.003898 52.354493,4.997357 52.349661,4.996801 52.349958,4.996789 52.351361,4.994181 52.351352,4.993852 52.351527,4.993846 52.35225,4.992503 52.352245,4.992378 52.352312,4.992362 52.354042,4.989146 52.354031,4.987953 52.354665,4.987943 52.355825,4.986475 52.35582,4.986451 52.358516,4.986276 52.358515,4.986374 52.359372,4.986443 52.359415,4.992298 52.361232)),((4.982041 52.359175,4.980579 52.358496,4.974691 52.360273,4.974674 52.362071,4.977585 52.364777,4.983458 52.364797,4.984909 52.3666,4.990798 52.364822,4.992274 52.363928,4.982528 52.359401,4.982039 52.3594,4.982041 52.359175)),((4.994744 52.36643,4.994751 52.36643,4.994783 52.366431,4.995025 52.366432,4.995294 52.366433,4.995613 52.366435,4.995883 52.366436,4.995906 52.366437,4.995934 52.366437,4.996091 52.366438,4.996313 52.366441,4.996314 52.366441,4.996624 52.366444,4.996626 52.366444,4.997087 52.366462,4.997721 52.366488,4.99777 52.36649,4.997776 52.36649,4.997881 52.366496,4.998415 52.366527,4.998564 52.366536,4.998576 52.366536,4.998801 52.366559,4.998997 52.366577,4.999227 52.366599,4.999477 52.366623,4.999653 52.36664,4.999797 52.366654,5.000075 52.366681,5.000276 52.3667,5.000496 52.366721,5.000753 52.366746,5.000932 52.366763,5.001073 52.366777,5.001355 52.366804,5.001551 52.366822,5.001776 52.366844,5.001975 52.366863,5.002031 52.366868,5.002194 52.366884,5.002255 52.36689,5.002315 52.366789,5.00207 52.366764,5.001331 52.366691,5.000013 52.366565,4.998543 52.366427,4.997632 52.366371,4.996424 52.366325,4.995283 52.366314,4.994633 52.366312,4.994046 52.366323,4.993853 52.366331,4.993849 52.366331,4.993464 52.366347,4.99312 52.366368,4.993114 52.366368,4.993039 52.366374,4.992915 52.366381,4.992872 52.366384,4.992872 52.366384,4.992771 52.36639,4.99274 52.366392,4.992521 52.366407,4.992299 52.36642,4.992273 52.366422,4.992082 52.366435,4.99202 52.366439,4.99186 52.36645,4.99176 52.366456,4.991319 52.366495,4.991296 52.366498,4.991296 52.366498,4.991077 52.366518,4.990827 52.36654,4.990593 52.366561,4.990562 52.366565,4.990477 52.366575,4.990367 52.366587,4.990263 52.366601,4.990108 52.366618,4.990055 52.366624,4.989857 52.366648,4.989631 52.366674,4.989606 52.366677,4.989425 52.366698,4.989376 52.366704,4.98935 52.366707,4.9891 52.366744,4.988869 52.366778,4.988691 52.366804,4.988687 52.366805,4.988549 52.366825,4.988265 52.366867,4.988244 52.36687,4.988222 52.366873,4.987865 52.366926,4.986925 52.367085,4.985703 52.36732,4.98529 52.367406,4.984572 52.367577,4.984024 52.367707,4.98367 52.367792,4.982922 52.367997,4.982154 52.368216,4.98165 52.368386,4.981929 52.368387,4.981957 52.368387,4.981943 52.368395,4.98202 52.368377,4.982021 52.368377,4.982337 52.368274,4.982515 52.368225,4.982516 52.368225,4.982551 52.368216,4.982872 52.368126,4.983098 52.368063,4.983399 52.367979,4.983458 52.367963,4.983491 52.367954,4.983778 52.367881,4.984151 52.367787,4.984593 52.367674,4.984744 52.367639,4.985246 52.36752,4.985554 52.367448,4.985745 52.367401,4.985749 52.367401,4.985907 52.367371,4.986033 52.367346,4.98611 52.367331,4.986295 52.367295,4.986516 52.367252,4.986539 52.367248,4.986707 52.367215,4.986798 52.367197,4.986964 52.367166,4.986967 52.367166,4.987088 52.367145,4.98738 52.367098,4.987586 52.367064,4.987822 52.367026,4.988086 52.366982,4.988261 52.366954,4.988373 52.366936,4.988432 52.366928,4.988474 52.366922,4.988758 52.366882,4.988882 52.366865,4.989077 52.366837,4.98929 52.366807,4.98955 52.366771,4.989578 52.366767,4.98965 52.366759,4.989747 52.366749,4.989937 52.366729,4.990134 52.366708,4.990228 52.366698,4.990332 52.366686,4.990507 52.366668,4.990714 52.366645,4.990776 52.36664,4.99096 52.366624,4.99101 52.366619,4.991192 52.366603,4.991242 52.366598,4.991418 52.366582,4.99148 52.366577,4.99165 52.366561,4.991715 52.366556,4.991825 52.366546,4.991915 52.366541,4.992087 52.36653,4.99227 52.36652,4.992436 52.36651,4.992627 52.366499,4.992787 52.36649,4.992967 52.366479,4.992986 52.366478,4.993025 52.366477,4.993144 52.366473,4.993633 52.366455,4.994075 52.36644,4.994149 52.366439,4.994353 52.366436,4.994397 52.366436,4.994576 52.366433,4.994645 52.366432,4.994744 52.36643)))";"MULTIPOLYGON(((52.361232 4.992298,52.354984 5.005564,52.354531 5.006217,52.353756 5.00535,52.354493 5.003898,52.349661 4.997357,52.349958 4.996801,52.351361 4.996789,52.351352 4.994181,52.351527 4.993852,52.35225 4.993846,52.352245 4.992503,52.352312 4.992378,52.354042 4.992362,52.354031 4.989146,52.354665 4.987953,52.355825 4.987943,52.35582 4.986475,52.358516 4.986451,52.358515 4.986276,52.359372 4.986374,52.359415 4.986443,52.361232 4.992298)),((52.359175 4.982041,52.358496 4.980579,52.360273 4.974691,52.362071 4.974674,52.364777 4.977585,52.364797 4.983458,52.3666 4.984909,52.364822 4.990798,52.363928 4.992274,52.359401 4.982528,52.3594 4.982039,52.359175 4.982041)),((52.36643 4.994744,52.36643 4.994751,52.366431 4.994783,52.366432 4.995025,52.366433 4.995294,52.366435 4.995613,52.366436 4.995883,52.366437 4.995906,52.366437 4.995934,52.366438 4.996091,52.366441 4.996313,52.366441 4.996314,52.366444 4.996624,52.366444 4.996626,52.366462 4.997087,52.366488 4.997721,52.36649 4.99777,52.36649 4.997776,52.366496 4.997881,52.366527 4.998415,52.366536 4.998564,52.366536 4.998576,52.366559 4.998801,52.366577 4.998997,52.366599 4.999227,52.366623 4.999477,52.36664 4.999653,52.366654 4.999797,52.366681 5.000075,52.3667 5.000276,52.366721 5.000496,52.366746 5.000753,52.366763 5.000932,52.366777 5.001073,52.366804 5.001355,52.366822 5.001551,52.366844 5.001776,52.366863 5.001975,52.366868 5.002031,52.366884 5.002194,52.36689 5.002255,52.366789 5.002315,52.366764 5.00207,52.366691 5.001331,52.366565 5.000013,52.366427 4.998543,52.366371 4.997632,52.366325 4.996424,52.366314 4.995283,52.366312 4.994633,52.366323 4.994046,52.366331 4.993853,52.366331 4.993849,52.366347 4.993464,52.366368 4.99312,52.366368 4.993114,52.366374 4.993039,52.366381 4.992915,52.366384 4.992872,52.366384 4.992872,52.36639 4.992771,52.366392 4.99274,52.366407 4.992521,52.36642 4.992299,52.366422 4.992273,52.366435 4.992082,52.366439 4.99202,52.36645 4.99186,52.366456 4.99176,52.366495 4.991319,52.366498 4.991296,52.366498 4.991296,52.366518 4.991077,52.36654 4.990827,52.366561 4.990593,52.366565 4.990562,52.366575 4.990477,52.366587 4.990367,52.366601 4.990263,52.366618 4.990108,52.366624 4.990055,52.366648 4.989857,52.366674 4.989631,52.366677 4.989606,52.366698 4.989425,52.366704 4.989376,52.366707 4.98935,52.366744 4.9891,52.366778 4.988869,52.366804 4.988691,52.366805 4.988687,52.366825 4.988549,52.366867 4.988265,52.36687 4.988244,52.366873 4.988222,52.366926 4.987865,52.367085 4.986925,52.36732 4.985703,52.367406 4.98529,52.367577 4.984572,52.367707 4.984024,52.367792 4.98367,52.367997 4.982922,52.368216 4.982154,52.368386 4.98165,52.368387 4.981929,52.368387 4.981957,52.368395 4.981943,52.368377 4.98202,52.368377 4.982021,52.368274 4.982337,52.368225 4.982515,52.368225 4.982516,52.368216 4.982551,52.368126 4.982872,52.368063 4.983098,52.367979 4.983399,52.367963 4.983458,52.367954 4.983491,52.367881 4.983778,52.367787 4.984151,52.367674 4.984593,52.367639 4.984744,52.36752 4.985246,52.367448 4.985554,52.367401 4.985745,52.367401 4.985749,52.367371 4.985907,52.367346 4.986033,52.367331 4.98611,52.367295 4.986295,52.367252 4.986516,52.367248 4.986539,52.367215 4.986707,52.367197 4.986798,52.367166 4.986964,52.367166 4.986967,52.367145 4.987088,52.367098 4.98738,52.367064 4.987586,52.367026 4.987822,52.366982 4.988086,52.366954 4.988261,52.366936 4.988373,52.366928 4.988432,52.366922 4.988474,52.366882 4.988758,52.366865 4.988882,52.366837 4.989077,52.366807 4.98929,52.366771 4.98955,52.366767 4.989578,52.366759 4.98965,52.366749 4.989747,52.366729 4.989937,52.366708 4.990134,52.366698 4.990228,52.366686 4.990332,52.366668 4.990507,52.366645 4.990714,52.36664 4.990776,52.366624 4.99096,52.366619 4.99101,52.366603 4.991192,52.366598 4.991242,52.366582 4.991418,52.366577 4.99148,52.366561 4.99165,52.366556 4.991715,52.366546 4.991825,52.366541 4.991915,52.36653 4.992087,52.36652 4.99227,52.36651 4.992436,52.366499 4.992627,52.36649 4.992787,52.366479 4.992967,52.366478 4.992986,52.366477 4.993025,52.366473 4.993144,52.366455 4.993633,52.36644 4.994075,52.366439 4.994149,52.366436 4.994353,52.366436 4.994397,52.366433 4.994576,52.366432 4.994645,52.36643 4.994744)))";4.9904505;52.359021;
124;1;"Geen significante overstromingskans";1;"";"POLYGON((5.015899 52.347827,5.012986 52.345122,5.012587 52.344792,5.008791 52.344209,5.008592 52.344209,5.008592 52.344179,5.006511 52.34386,5.002447 52.344642,5.001245 52.345249,5.001239 52.345983,4.999802 52.345978,4.999771 52.345994,4.999764 52.346877,4.998296 52.346872,4.998273 52.349568,4.997389 52.349565,4.997357 52.349661,5.003898 52.354493,5.00535 52.353756,5.006217 52.354531,5.015899 52.347827))";"POLYGON((52.347827 5.015899,52.345122 5.012986,52.344792 5.012587,52.344209 5.008791,52.344209 5.008592,52.344179 5.008592,52.34386 5.006511,52.344642 5.002447,52.345249 5.001245,52.345983 5.001239,52.345978 4.999802,52.345994 4.999771,52.346877 4.999764,52.346872 4.998296,52.349568 4.998273,52.349565 4.997389,52.349661 4.997357,52.354493 5.003898,52.353756 5.00535,52.354531 5.006217,52.347827 5.015899))";5.006633;52.3491885;
125;1;"Geen significante overstromingskans";1;"";"POLYGON((5.002315 52.366789,5.002255 52.36689,5.002351 52.366898,5.002622 52.366924,5.002662 52.366929,5.002666 52.366929,5.002949 52.366954,5.003131 52.36697,5.003288 52.366985,5.003499 52.367004,5.003628 52.367015,5.003868 52.367036,5.003967 52.367046,5.004236 52.36707,5.004476 52.367091,5.004604 52.367103,5.004817 52.367121,5.004972 52.367135,5.005137 52.36715,5.005148 52.367151,5.008816 52.3675,5.008847 52.367503,5.008901 52.367508,5.009087 52.367525,5.009454 52.367559,5.009777 52.367588,5.010153 52.367624,5.010465 52.367652,5.010851 52.367688,5.011155 52.367716,5.011549 52.367752,5.011865 52.367781,5.012245 52.367816,5.012449 52.367835,5.012512 52.367841,5.012576 52.367847,5.012694 52.367857,5.012859 52.367872,5.013088 52.367892,5.01314 52.367896,5.013292 52.36791,5.013414 52.367921,5.013719 52.367948,5.013781 52.367953,5.013891 52.367963,5.013927 52.367966,5.013939 52.367967,5.013939 52.368016,5.013943 52.368036,5.013985 52.368049,5.014025 52.36804,5.01404 52.368019,5.014052 52.367987,5.014068 52.367989,5.014164 52.367999,5.014169 52.367999,5.014293 52.368011,5.014445 52.368026,5.014513 52.368015,5.014529 52.367977,5.014493 52.367935,5.014359 52.367923,5.014296 52.367918,5.014185 52.367908,5.014078 52.367898,5.014072 52.367875,5.014065 52.367846,5.014031 52.367822,5.013984 52.367835,5.01398 52.367868,5.01398 52.367868,5.013978 52.367881,5.008788 52.367392,5.006301 52.367152,5.00506 52.367042,5.00257 52.366814,5.002315 52.366789))";"POLYGON((52.366789 5.002315,52.36689 5.002255,52.366898 5.002351,52.366924 5.002622,52.366929 5.002662,52.366929 5.002666,52.366954 5.002949,52.36697 5.003131,52.366985 5.003288,52.367004 5.003499,52.367015 5.003628,52.367036 5.003868,52.367046 5.003967,52.36707 5.004236,52.367091 5.004476,52.367103 5.004604,52.367121 5.004817,52.367135 5.004972,52.36715 5.005137,52.367151 5.005148,52.3675 5.008816,52.367503 5.008847,52.367508 5.008901,52.367525 5.009087,52.367559 5.009454,52.367588 5.009777,52.367624 5.010153,52.367652 5.010465,52.367688 5.010851,52.367716 5.011155,52.367752 5.011549,52.367781 5.011865,52.367816 5.012245,52.367835 5.012449,52.367841 5.012512,52.367847 5.012576,52.367857 5.012694,52.367872 5.012859,52.367892 5.013088,52.367896 5.01314,52.36791 5.013292,52.367921 5.013414,52.367948 5.013719,52.367953 5.013781,52.367963 5.013891,52.367966 5.013927,52.367967 5.013939,52.368016 5.013939,52.368036 5.013943,52.368049 5.013985,52.36804 5.014025,52.368019 5.01404,52.367987 5.014052,52.367989 5.014068,52.367999 5.014164,52.367999 5.014169,52.368011 5.014293,52.368026 5.014445,52.368015 5.014513,52.367977 5.014529,52.367935 5.014493,52.367923 5.014359,52.367918 5.014296,52.367908 5.014185,52.367898 5.014078,52.367875 5.014072,52.367846 5.014065,52.367822 5.014031,52.367835 5.013984,52.367868 5.01398,52.367868 5.01398,52.367881 5.013978,52.367392 5.008788,52.367152 5.006301,52.367042 5.00506,52.366814 5.00257,52.366789 5.002315))";5.008397;52.367412;
126;1;"Geen significante overstromingskans";1;"";"MULTIPOLYGON(((4.846627 52.388776,4.846663 52.385823,4.848132 52.385829,4.84814 52.38513,4.845108 52.385066,4.844906 52.388773,4.846627 52.388776)),((4.855483 52.385285,4.852546 52.385223,4.852538 52.385849,4.855476 52.385862,4.855483 52.385285)))";"MULTIPOLYGON(((52.388776 4.846627,52.385823 4.846663,52.385829 4.848132,52.38513 4.84814,52.385066 4.845108,52.388773 4.844906,52.388776 4.846627)),((52.385285 4.855483,52.385223 4.852546,52.385849 4.852538,52.385862 4.855476,52.385285 4.855483)))";4.8501995;52.386914;
127;1;"Geen significante overstromingskans";1;"";"MULTIPOLYGON(((4.845227 52.38312,4.845271 52.379525,4.84674 52.379532,4.846751 52.378633,4.848219 52.37864,4.848224 52.378209,4.846245 52.377717,4.844181 52.377963,4.844654 52.385064,4.845108 52.385066,4.84814 52.38513,4.848154 52.384032,4.846685 52.384025,4.846696 52.383126,4.845227 52.38312)),((4.86456 52.375402,4.861479 52.375047,4.861468 52.376003,4.862936 52.376009,4.862926 52.376908,4.863952 52.376913,4.86456 52.375402)),((4.85708 52.37454,4.855515 52.374359,4.855311 52.375077,4.857073 52.375084,4.85708 52.37454)),((4.855487 52.384964,4.852549 52.38495,4.852546 52.385223,4.855483 52.385285,4.855487 52.384964)))";"MULTIPOLYGON(((52.38312 4.845227,52.379525 4.845271,52.379532 4.84674,52.378633 4.846751,52.37864 4.848219,52.378209 4.848224,52.377717 4.846245,52.377963 4.844181,52.385064 4.844654,52.385066 4.845108,52.38513 4.84814,52.384032 4.848154,52.384025 4.846685,52.383126 4.846696,52.38312 4.845227)),((52.375402 4.86456,52.375047 4.861479,52.376003 4.861468,52.376009 4.862936,52.376908 4.862926,52.376913 4.863952,52.375402 4.86456)),((52.37454 4.85708,52.374359 4.855515,52.375077 4.855311,52.375084 4.857073,52.37454 4.85708)),((52.384964 4.855487,52.38495 4.852549,52.385223 4.852546,52.385285 4.855483,52.384964 4.855487)))";4.8543755;52.379815;
128;1;"Geen significante overstromingskans";1;"";"MULTIPOLYGON(((4.848274 52.374146,4.846805 52.374139,4.846789 52.375473,4.847331 52.375581,4.846245 52.377717,4.848224 52.378209,4.848274 52.374146)),((4.854147 52.374173,4.854137 52.375071,4.855311 52.375077,4.855515 52.374359,4.854733 52.374175,4.854147 52.374173)),((4.854147 52.374173,4.854149 52.374038,4.852685 52.373694,4.852679 52.374166,4.854147 52.374173)),((4.846828 52.372317,4.846781 52.372306,4.846357 52.373239,4.846816 52.373241,4.846828 52.372317)))";"MULTIPOLYGON(((52.374146 4.848274,52.374139 4.846805,52.375473 4.846789,52.375581 4.847331,52.377717 4.846245,52.378209 4.848224,52.374146 4.848274)),((52.374173 4.854147,52.375071 4.854137,52.375077 4.855311,52.374359 4.855515,52.374175 4.854733,52.374173 4.854147)),((52.374173 4.854147,52.374038 4.854149,52.373694 4.852685,52.374166 4.852679,52.374173 4.854147)),((52.372317 4.846828,52.372306 4.846781,52.373239 4.846357,52.373241 4.846816,52.372317 4.846828)))";4.850885;52.3752505;
129;1;"Geen significante overstromingskans";1;"";"MULTIPOLYGON(((4.836504 52.375889,4.836504 52.375917,4.836709 52.376359,4.837102 52.37769,4.837951 52.377694,4.837962 52.376795,4.840899 52.376809,4.840877 52.378606,4.843814 52.378619,4.84377 52.382214,4.840832 52.382201,4.840843 52.381302,4.839375 52.381295,4.839353 52.383093,4.840821 52.3831,4.84081 52.383998,4.842279 52.384005,4.84229 52.383106,4.843759 52.383113,4.843748 52.384012,4.842279 52.384005,4.842268 52.384904,4.840799 52.384897,4.840798 52.384986,4.844654 52.385064,4.844181 52.377963,4.846245 52.377717,4.847331 52.375581,4.846789 52.375473,4.846783 52.375937,4.845315 52.37593,4.845326 52.375031,4.843858 52.375025,4.84388 52.373227,4.846357 52.373239,4.846781 52.372306,4.842425 52.372111,4.842422 52.372322,4.840788 52.372314,4.835224 52.373155,4.835657 52.374088,4.837995 52.374099,4.837973 52.375896,4.836504 52.375889),(4.842378 52.375917,4.8424 52.374119,4.839463 52.374106,4.839441 52.375903,4.842378 52.375917)),((4.837951 52.377694,4.837917 52.38039,4.839386 52.380397,4.839419 52.3777,4.837951 52.377694)),((4.836504 52.375889,4.836515 52.374991,4.836073 52.374989,4.836491 52.375889,4.836504 52.375889)),((4.83933 52.38489,4.839232 52.38489,4.83925 52.384954,4.83933 52.384956,4.83933 52.38489)))";"MULTIPOLYGON(((52.375889 4.836504,52.375917 4.836504,52.376359 4.836709,52.37769 4.837102,52.377694 4.837951,52.376795 4.837962,52.376809 4.840899,52.378606 4.840877,52.378619 4.843814,52.382214 4.84377,52.382201 4.840832,52.381302 4.840843,52.381295 4.839375,52.383093 4.839353,52.3831 4.840821,52.383998 4.84081,52.384005 4.842279,52.383106 4.84229,52.383113 4.843759,52.384012 4.843748,52.384005 4.842279,52.384904 4.842268,52.384897 4.840799,52.384986 4.840798,52.385064 4.844654,52.377963 4.844181,52.377717 4.846245,52.375581 4.847331,52.375473 4.846789,52.375937 4.846783,52.37593 4.845315,52.375031 4.845326,52.375025 4.843858,52.373227 4.84388,52.373239 4.846357,52.372306 4.846781,52.372111 4.842425,52.372322 4.842422,52.372314 4.840788,52.373155 4.835224,52.374088 4.835657,52.374099 4.837995,52.375896 4.837973,52.375889 4.836504),(52.375917 4.842378,52.374119 4.8424,52.374106 4.839463,52.375903 4.839441,52.375917 4.842378)),((52.377694 4.837951,52.38039 4.837917,52.380397 4.839386,52.3777 4.839419,52.377694 4.837951)),((52.375889 4.836504,52.374991 4.836515,52.374989 4.836073,52.375889 4.836491,52.375889 4.836504)),((52.38489 4.83933,52.38489 4.839232,52.384954 4.83925,52.384956 4.83933,52.38489 4.83933)))";4.8412825;52.3785805;
130;1;"Geen significante overstromingskans";1;"";"MULTIPOLYGON(((4.860103 52.364643,4.859347 52.363725,4.858134 52.364327,4.857933 52.365202,4.860618 52.365214,4.860103 52.364643)),((4.862958 52.374212,4.861489 52.374205,4.861479 52.375047,4.86456 52.375402,4.864846 52.375119,4.862947 52.375111,4.862958 52.374212)),((4.864679 52.369726,4.864479 52.369725,4.864468 52.370624,4.86549 52.370628,4.864679 52.369726)),((4.857127 52.370591,4.856695 52.370589,4.856573 52.371124,4.856454 52.371487,4.857116 52.37149,4.857127 52.370591)),((4.857084 52.374186,4.855575 52.374179,4.855515 52.374359,4.85708 52.37454,4.857084 52.374186)))";"MULTIPOLYGON(((52.364643 4.860103,52.363725 4.859347,52.364327 4.858134,52.365202 4.857933,52.365214 4.860618,52.364643 4.860103)),((52.374212 4.862958,52.374205 4.861489,52.375047 4.861479,52.375402 4.86456,52.375119 4.864846,52.375111 4.862947,52.374212 4.862958)),((52.369726 4.864679,52.369725 4.864479,52.370624 4.864468,52.370628 4.86549,52.369726 4.864679)),((52.370591 4.857127,52.370589 4.856695,52.371124 4.856573,52.371487 4.856454,52.37149 4.857116,52.370591 4.857127)),((52.374186 4.857084,52.374179 4.855575,52.374359 4.855515,52.37454 4.85708,52.374186 4.857084)))";4.8605075;52.3695565;
131;1;"Geen significante overstromingskans";1;"";"MULTIPOLYGON(((4.843913 52.370531,4.842444 52.370524,4.842425 52.372111,4.846781 52.372306,4.846828 52.372317,4.846838 52.371443,4.843902 52.37143,4.843913 52.370531)),((4.848441 52.369716,4.848328 52.369709,4.848317 52.370551,4.849786 52.370558,4.849793 52.36995,4.848441 52.369716)),((4.854158 52.373274,4.85269 52.373267,4.852685 52.373694,4.854149 52.374038,4.854158 52.373274)),((4.856573 52.371124,4.855654 52.370965,4.855648 52.371483,4.856454 52.371487,4.856573 52.371124)),((4.855575 52.374179,4.854733 52.374175,4.855515 52.374359,4.855575 52.374179)))";"MULTIPOLYGON(((52.370531 4.843913,52.370524 4.842444,52.372111 4.842425,52.372306 4.846781,52.372317 4.846828,52.371443 4.846838,52.37143 4.843902,52.370531 4.843913)),((52.369716 4.848441,52.369709 4.848328,52.370551 4.848317,52.370558 4.849786,52.36995 4.849793,52.369716 4.848441)),((52.373274 4.854158,52.373267 4.85269,52.373694 4.852685,52.374038 4.854149,52.373274 4.854158)),((52.371124 4.856573,52.370965 4.855654,52.371483 4.855648,52.371487 4.856454,52.371124 4.856573)),((52.374179 4.855575,52.374175 4.854733,52.374359 4.855515,52.374179 4.855575)))";4.849504;52.372027;
132;1;"Geen significante overstromingskans";1;"";"MULTIPOLYGON(((4.854271 52.363861,4.850067 52.363353,4.850261 52.364269,4.854266 52.364287,4.854271 52.363861)),((4.858134 52.364327,4.857203 52.364215,4.857191 52.365199,4.857933 52.365202,4.858134 52.364327)),((4.856695 52.370589,4.855659 52.370584,4.855654 52.370965,4.856573 52.371124,4.856695 52.370589)),((4.849796 52.369659,4.848471 52.369653,4.848441 52.369716,4.849793 52.36995,4.849796 52.369659)))";"MULTIPOLYGON(((52.363861 4.854271,52.363353 4.850067,52.364269 4.850261,52.364287 4.854266,52.363861 4.854271)),((52.364327 4.858134,52.364215 4.857203,52.365199 4.857191,52.365202 4.857933,52.364327 4.858134)),((52.370589 4.856695,52.370584 4.855659,52.370965 4.855654,52.371124 4.856573,52.370589 4.856695)),((52.369659 4.849796,52.369653 4.848471,52.369716 4.848441,52.36995 4.849793,52.369659 4.849796)))";4.8532925;52.3672315;
133;1;"Geen significante overstromingskans";1;"";"MULTIPOLYGON(((4.849905 52.360672,4.849927 52.358875,4.855633 52.3589,4.854942 52.357834,4.848815 52.358053,4.849434 52.36067,4.849905 52.360672)),((4.854287 52.362489,4.849883 52.362469,4.849882 52.362569,4.850067 52.363353,4.854271 52.363861,4.854287 52.362489)),((4.858219 52.362507,4.857223 52.362503,4.857203 52.364215,4.858134 52.364327,4.859347 52.363725,4.858219 52.362507)))";"MULTIPOLYGON(((52.360672 4.849905,52.358875 4.849927,52.3589 4.855633,52.357834 4.854942,52.358053 4.848815,52.36067 4.849434,52.360672 4.849905)),((52.362489 4.854287,52.362469 4.849883,52.362569 4.849882,52.363353 4.850067,52.363861 4.854271,52.362489 4.854287)),((52.362507 4.858219,52.362503 4.857223,52.364215 4.857203,52.364327 4.858134,52.363725 4.859347,52.362507 4.858219)))";4.854086;52.3610735;
134;1;"Geen significante overstromingskans";1;"";"MULTIPOLYGON(((4.914151 52.393301,4.91417 52.391504,4.917108 52.391515,4.917127 52.389718,4.915658 52.389712,4.915648 52.390611,4.911242 52.390593,4.911232 52.391492,4.912701 52.391498,4.912694 52.392111,4.913212 52.392578,4.912802 52.393296,4.914151 52.393301)),((4.914218 52.38701,4.912749 52.387004,4.912739 52.387903,4.914208 52.387909,4.914218 52.38701)),((4.908372 52.38429,4.906903 52.384284,4.906893 52.385183,4.908362 52.385189,4.908372 52.38429)),((4.920027 52.393324,4.918558 52.393318,4.918548 52.394217,4.920018 52.394223,4.920027 52.393324)),((4.921398 52.395127,4.920008 52.395122,4.919999 52.39602,4.921468 52.396026,4.921476 52.395257,4.921398 52.395127)),((4.910687 52.385198,4.909831 52.385195,4.909821 52.386094,4.91129 52.3861,4.911296 52.385488,4.910687 52.385198)),((4.911136 52.400479,4.909666 52.400473,4.90966 52.401109,4.91113 52.40105,4.911136 52.400479)))";"MULTIPOLYGON(((52.393301 4.914151,52.391504 4.91417,52.391515 4.917108,52.389718 4.917127,52.389712 4.915658,52.390611 4.915648,52.390593 4.911242,52.391492 4.911232,52.391498 4.912701,52.392111 4.912694,52.392578 4.913212,52.393296 4.912802,52.393301 4.914151)),((52.38701 4.914218,52.387004 4.912749,52.387903 4.912739,52.387909 4.914208,52.38701 4.914218)),((52.38429 4.908372,52.384284 4.906903,52.385183 4.906893,52.385189 4.908362,52.38429 4.908372)),((52.393324 4.920027,52.393318 4.918558,52.394217 4.918548,52.394223 4.920018,52.393324 4.920027)),((52.395127 4.921398,52.395122 4.920008,52.39602 4.919999,52.396026 4.921468,52.395257 4.921476,52.395127 4.921398)),((52.385198 4.910687,52.385195 4.909831,52.386094 4.909821,52.3861 4.91129,52.385488 4.911296,52.385198 4.910687)),((52.400479 4.911136,52.400473 4.909666,52.401109 4.90966,52.40105 4.91113,52.400479 4.911136)))";4.9141895;52.3926895;
135;1;"Geen significante overstromingskans";1;"";"MULTIPOLYGON(((4.924453 52.391544,4.921515 52.391533,4.921496 52.39333,4.922965 52.393336,4.922956 52.394235,4.923736 52.394238,4.92445 52.391835,4.924453 52.391544)),((4.923021 52.387944,4.920084 52.387932,4.920074 52.388831,4.923012 52.388842,4.923021 52.387944)),((4.923003 52.389741,4.920065 52.389729,4.920055 52.390628,4.922993 52.39064,4.923003 52.389741)),((4.92594 52.389752,4.924472 52.389747,4.924462 52.390645,4.925931 52.390651,4.92594 52.389752)),((4.911328 52.382505,4.90986 52.382499,4.90985 52.383397,4.911319 52.383403,4.911328 52.382505)),((4.911299 52.385201,4.910687 52.385198,4.911296 52.385488,4.911299 52.385201)),((4.921477 52.395127,4.921398 52.395127,4.921476 52.395257,4.921477 52.395127)))";"MULTIPOLYGON(((52.391544 4.924453,52.391533 4.921515,52.39333 4.921496,52.393336 4.922965,52.394235 4.922956,52.394238 4.923736,52.391835 4.92445,52.391544 4.924453)),((52.387944 4.923021,52.387932 4.920084,52.388831 4.920074,52.388842 4.923012,52.387944 4.923021)),((52.389741 4.923003,52.389729 4.920065,52.390628 4.920055,52.39064 4.922993,52.389741 4.923003)),((52.389752 4.92594,52.389747 4.924472,52.390645 4.924462,52.390651 4.925931,52.389752 4.92594)),((52.382505 4.911328,52.382499 4.90986,52.383397 4.90985,52.383403 4.911319,52.382505 4.911328)),((52.385201 4.911299,52.385198 4.910687,52.385488 4.911296,52.385201 4.911299)),((52.395127 4.921477,52.395127 4.921398,52.395257 4.921476,52.395127 4.921477)))";4.9179;52.388871;
136;1;"Geen significante overstromingskans";1;"";"POLYGON((4.92445 52.391835,4.923736 52.394238,4.924425 52.39424,4.92445 52.391835))";"POLYGON((52.391835 4.92445,52.394238 4.923736,52.39424 4.924425,52.391835 4.92445))";4.924098;52.3930305;
137;1;"Geen significante overstromingskans";1;"";"MULTIPOLYGON(((4.897754 52.414804,4.897763 52.413906,4.899114 52.413911,4.899234 52.413821,4.899273 52.410317,4.897803 52.410311,4.897823 52.408513,4.896353 52.408507,4.896363 52.407609,4.897833 52.407615,4.897853 52.405817,4.899322 52.405823,4.899342 52.404026,4.900811 52.404032,4.900821 52.403133,4.899352 52.403127,4.899362 52.402229,4.898599 52.402225,4.897889 52.40256,4.897882 52.403121,4.896704 52.403116,4.896412 52.403254,4.896403 52.404014,4.894934 52.404008,4.894934 52.403948,4.893577 52.404586,4.892644 52.406946,4.891285 52.407588,4.891955 52.40759,4.891935 52.409388,4.893404 52.409394,4.893394 52.410293,4.894864 52.410299,4.894854 52.411197,4.896324 52.411204,4.896284 52.414798,4.897754 52.414804)),((4.9052 52.405847,4.903731 52.405841,4.903721 52.40674,4.90519 52.406746,4.9052 52.405847)),((4.903691 52.409436,4.902222 52.40943,4.902212 52.410329,4.903682 52.410335,4.903691 52.409436)),((4.9052 52.405847,4.905638 52.405849,4.905203 52.405587,4.9052 52.405847)))";"MULTIPOLYGON(((52.414804 4.897754,52.413906 4.897763,52.413911 4.899114,52.413821 4.899234,52.410317 4.899273,52.410311 4.897803,52.408513 4.897823,52.408507 4.896353,52.407609 4.896363,52.407615 4.897833,52.405817 4.897853,52.405823 4.899322,52.404026 4.899342,52.404032 4.900811,52.403133 4.900821,52.403127 4.899352,52.402229 4.899362,52.402225 4.898599,52.40256 4.897889,52.403121 4.897882,52.403116 4.896704,52.403254 4.896412,52.404014 4.896403,52.404008 4.894934,52.403948 4.894934,52.404586 4.893577,52.406946 4.892644,52.407588 4.891285,52.40759 4.891955,52.409388 4.891935,52.409394 4.893404,52.410293 4.893394,52.410299 4.894864,52.411197 4.894854,52.411204 4.896324,52.414798 4.896284,52.414804 4.897754)),((52.405847 4.9052,52.405841 4.903731,52.40674 4.903721,52.406746 4.90519,52.405847 4.9052)),((52.409436 4.903691,52.40943 4.902222,52.410329 4.902212,52.410335 4.903682,52.409436 4.903691)),((52.405847 4.9052,52.405849 4.905638,52.405587 4.905203,52.405847 4.9052)))";4.8984665;52.4085075;
138;1;"Geen significante overstromingskans";1;"";"MULTIPOLYGON(((4.866826 52.420065,4.866805 52.421863,4.868275 52.421869,4.868254 52.423666,4.869724 52.423673,4.869713 52.424572,4.871183 52.424578,4.871173 52.425477,4.872643 52.425483,4.872612 52.428179,4.874082 52.428186,4.874092 52.427287,4.875268 52.427292,4.875566 52.426994,4.875573 52.426395,4.876161 52.426397,4.877053 52.425502,4.881463 52.425521,4.881484 52.423724,4.880014 52.423717,4.880024 52.422819,4.877084 52.422806,4.877064 52.424603,4.875593 52.424597,4.875625 52.421901,4.872685 52.421888,4.872695 52.42099,4.871225 52.420983,4.871215 52.421882,4.869745 52.421876,4.869755 52.420977,4.868285 52.42097,4.868296 52.420072,4.866826 52.420065)),((4.89617 52.425044,4.896194 52.422887,4.894724 52.422881,4.894714 52.423779,4.893244 52.423773,4.893234 52.424672,4.884414 52.424635,4.884404 52.425534,4.891754 52.425564,4.89617 52.425044)),((4.871131 52.429072,4.869661 52.429065,4.86965 52.429964,4.86818 52.429957,4.868172 52.430631,4.871118 52.430195,4.871131 52.429072)),((4.884495 52.417445,4.883026 52.417439,4.883015 52.418338,4.884485 52.418344,4.884495 52.417445)),((4.872612 52.428179,4.871141 52.428173,4.871131 52.429072,4.872601 52.429078,4.872612 52.428179)),((4.866826 52.420065,4.866836 52.419167,4.865366 52.41916,4.865356 52.420059,4.866826 52.420065)))";"MULTIPOLYGON(((52.420065 4.866826,52.421863 4.866805,52.421869 4.868275,52.423666 4.868254,52.423673 4.869724,52.424572 4.869713,52.424578 4.871183,52.425477 4.871173,52.425483 4.872643,52.428179 4.872612,52.428186 4.874082,52.427287 4.874092,52.427292 4.875268,52.426994 4.875566,52.426395 4.875573,52.426397 4.876161,52.425502 4.877053,52.425521 4.881463,52.423724 4.881484,52.423717 4.880014,52.422819 4.880024,52.422806 4.877084,52.424603 4.877064,52.424597 4.875593,52.421901 4.875625,52.421888 4.872685,52.42099 4.872695,52.420983 4.871225,52.421882 4.871215,52.421876 4.869745,52.420977 4.869755,52.42097 4.868285,52.420072 4.868296,52.420065 4.866826)),((52.425044 4.89617,52.422887 4.896194,52.422881 4.894724,52.423779 4.894714,52.423773 4.893244,52.424672 4.893234,52.424635 4.884414,52.425534 4.884404,52.425564 4.891754,52.425044 4.89617)),((52.429072 4.871131,52.429065 4.869661,52.429964 4.86965,52.429957 4.86818,52.430631 4.868172,52.430195 4.871118,52.429072 4.871131)),((52.417445 4.884495,52.417439 4.883026,52.418338 4.883015,52.418344 4.884485,52.417445 4.884495)),((52.428179 4.872612,52.428173 4.871141,52.429072 4.871131,52.429078 4.872601,52.428179 4.872612)),((52.420065 4.866826,52.419167 4.866836,52.41916 4.865366,52.420059 4.865356,52.420065 4.866826)))";4.88078;52.424028;
139;1;"Geen significante overstromingskans";1;"";"MULTIPOLYGON(((4.907974 52.421137,4.90945 52.420582,4.909453 52.420245,4.910335 52.420248,4.912402 52.41947,4.912403 52.419358,4.912697 52.419359,4.913878 52.418914,4.913882 52.418465,4.909473 52.418447,4.909463 52.419346,4.907993 52.41934,4.907974 52.421137)),((4.903544 52.422917,4.900604 52.422905,4.900594 52.423804,4.90133 52.423807,4.903544 52.422917)),((4.907974 52.421137,4.905034 52.421125,4.905024 52.422024,4.905759 52.422027,4.907404 52.421366,4.907974 52.421137)),((4.918311 52.416685,4.919781 52.416691,4.919788 52.41599,4.919546 52.415791,4.918321 52.415786,4.918311 52.416685)),((4.918311 52.416685,4.916841 52.416679,4.916832 52.417578,4.91742 52.41758,4.918305 52.417247,4.918311 52.416685)),((4.905024 52.422024,4.903554 52.422018,4.903544 52.422917,4.905021 52.422323,4.905024 52.422024)),((4.900594 52.423804,4.899124 52.423797,4.899115 52.424696,4.900591 52.424103,4.900594 52.423804)),((4.899233 52.413912,4.899234 52.413821,4.899114 52.413911,4.899233 52.413912)))";"MULTIPOLYGON(((52.421137 4.907974,52.420582 4.90945,52.420245 4.909453,52.420248 4.910335,52.41947 4.912402,52.419358 4.912403,52.419359 4.912697,52.418914 4.913878,52.418465 4.913882,52.418447 4.909473,52.419346 4.909463,52.41934 4.907993,52.421137 4.907974)),((52.422917 4.903544,52.422905 4.900604,52.423804 4.900594,52.423807 4.90133,52.422917 4.903544)),((52.421137 4.907974,52.421125 4.905034,52.422024 4.905024,52.422027 4.905759,52.421366 4.907404,52.421137 4.907974)),((52.416685 4.918311,52.416691 4.919781,52.41599 4.919788,52.415791 4.919546,52.415786 4.918321,52.416685 4.918311)),((52.416685 4.918311,52.416679 4.916841,52.417578 4.916832,52.41758 4.91742,52.417247 4.918305,52.416685 4.918311)),((52.422024 4.905024,52.422018 4.903554,52.422917 4.903544,52.422323 4.905021,52.422024 4.905024)),((52.423804 4.900594,52.423797 4.899124,52.424696 4.899115,52.424103 4.900591,52.423804 4.900594)),((52.413912 4.899233,52.413821 4.899234,52.413911 4.899114,52.413912 4.899233)))";4.909456;52.4192515;
140;1;"Geen significante overstromingskans";1;"";"MULTIPOLYGON(((4.95817 52.398861,4.956701 52.398856,4.956692 52.399754,4.955223 52.399749,4.95521 52.401081,4.956678 52.401235,4.956683 52.400653,4.958153 52.400658,4.95817 52.398861)),((4.965584 52.391697,4.967053 52.391703,4.967062 52.390804,4.968531 52.390809,4.968535 52.390379,4.966653 52.389904,4.965602 52.3899,4.965584 52.391697)),((4.965584 52.391697,4.964115 52.391692,4.964098 52.39349,4.965567 52.393495,4.965584 52.391697)),((4.964098 52.39349,4.962629 52.393484,4.962612 52.395282,4.964081 52.395287,4.964098 52.39349)),((4.962612 52.395282,4.961143 52.395277,4.961126 52.397074,4.962595 52.397079,4.962612 52.395282)),((4.961126 52.397074,4.959657 52.397069,4.959648 52.397967,4.961117 52.397973,4.961126 52.397074)),((4.959648 52.397967,4.958179 52.397962,4.95817 52.398861,4.959639 52.398866,4.959648 52.397967)),((4.969991 52.391713,4.968522 52.391708,4.968514 52.392607,4.969912 52.392612,4.969984 52.39253,4.969991 52.391713)))";"MULTIPOLYGON(((52.398861 4.95817,52.398856 4.956701,52.399754 4.956692,52.399749 4.955223,52.401081 4.95521,52.401235 4.956678,52.400653 4.956683,52.400658 4.958153,52.398861 4.95817)),((52.391697 4.965584,52.391703 4.967053,52.390804 4.967062,52.390809 4.968531,52.390379 4.968535,52.389904 4.966653,52.3899 4.965602,52.391697 4.965584)),((52.391697 4.965584,52.391692 4.964115,52.39349 4.964098,52.393495 4.965567,52.391697 4.965584)),((52.39349 4.964098,52.393484 4.962629,52.395282 4.962612,52.395287 4.964081,52.39349 4.964098)),((52.395282 4.962612,52.395277 4.961143,52.397074 4.961126,52.397079 4.962595,52.395282 4.962612)),((52.397074 4.961126,52.397069 4.959657,52.397967 4.959648,52.397973 4.961117,52.397074 4.961126)),((52.397967 4.959648,52.397962 4.958179,52.398861 4.95817,52.398866 4.959639,52.397967 4.959648)),((52.391713 4.969991,52.391708 4.968522,52.392607 4.968514,52.392612 4.969912,52.39253 4.969984,52.391713 4.969991)))";4.9626055;52.3955605;
141;1;"Geen significante overstromingskans";1;"";"MULTIPOLYGON(((4.937473 52.411367,4.931595 52.411344,4.935505 52.412258,4.937464 52.412265,4.937473 52.411367)),((4.936086 52.403273,4.934617 52.403267,4.934598 52.405064,4.936068 52.40507,4.936086 52.403273)),((4.941882 52.411383,4.9419 52.409586,4.940431 52.40958,4.940413 52.411378,4.941882 52.411383)),((4.937473 52.411367,4.938943 52.411372,4.938952 52.410473,4.937482 52.410468,4.937473 52.411367)),((4.941882 52.411383,4.941873 52.412282,4.943343 52.412287,4.943352 52.411389,4.941882 52.411383)),((4.956678 52.401235,4.95521 52.401081,4.955205 52.401546,4.956675 52.401552,4.956678 52.401235)),((4.931595 52.411344,4.930557 52.41134,4.930933 52.411644,4.931595 52.411344)))";"MULTIPOLYGON(((52.411367 4.937473,52.411344 4.931595,52.412258 4.935505,52.412265 4.937464,52.411367 4.937473)),((52.403273 4.936086,52.403267 4.934617,52.405064 4.934598,52.40507 4.936068,52.403273 4.936086)),((52.411383 4.941882,52.409586 4.9419,52.40958 4.940431,52.411378 4.940413,52.411383 4.941882)),((52.411367 4.937473,52.411372 4.938943,52.410473 4.938952,52.410468 4.937482,52.411367 4.937473)),((52.411383 4.941882,52.412282 4.941873,52.412287 4.943343,52.411389 4.943352,52.411383 4.941882)),((52.401235 4.956678,52.401081 4.95521,52.401546 4.955205,52.401552 4.956675,52.401235 4.956678)),((52.411344 4.931595,52.41134 4.930557,52.411644 4.930933,52.411344 4.931595)))";4.9436225;52.406677;
142;1;"Geen significante overstromingskans";1;"";"MULTIPOLYGON(((4.925698 52.413119,4.927657 52.413127,4.928642 52.412681,4.928646 52.412232,4.929626 52.412235,4.930933 52.411644,4.930557 52.41134,4.927186 52.411327,4.927177 52.412226,4.925707 52.41222,4.925698 52.413119)),((4.922739 52.414905,4.9198 52.414893,4.91979 52.415792,4.92175 52.4158,4.922735 52.415354,4.922739 52.414905)),((4.925698 52.413119,4.924228 52.413113,4.924218 52.414012,4.925688 52.414018,4.925698 52.413119)),((4.924218 52.414012,4.922749 52.414006,4.922739 52.414905,4.92372 52.414909,4.924211 52.414686,4.924218 52.414012)),((4.906679 52.404955,4.90521 52.404949,4.905203 52.405587,4.905638 52.405849,4.906669 52.405853,4.906679 52.404955)),((4.911126 52.401378,4.91113 52.40105,4.90966 52.401109,4.909657 52.401372,4.911126 52.401378)),((4.91979 52.415792,4.919546 52.415791,4.919788 52.41599,4.91979 52.415792)))";"MULTIPOLYGON(((52.413119 4.925698,52.413127 4.927657,52.412681 4.928642,52.412232 4.928646,52.412235 4.929626,52.411644 4.930933,52.41134 4.930557,52.411327 4.927186,52.412226 4.927177,52.41222 4.925707,52.413119 4.925698)),((52.414905 4.922739,52.414893 4.9198,52.415792 4.91979,52.4158 4.92175,52.415354 4.922735,52.414905 4.922739)),((52.413119 4.925698,52.413113 4.924228,52.414012 4.924218,52.414018 4.925688,52.413119 4.925698)),((52.414012 4.924218,52.414006 4.922749,52.414905 4.922739,52.414909 4.92372,52.414686 4.924211,52.414012 4.924218)),((52.404955 4.906679,52.404949 4.90521,52.405587 4.905203,52.405849 4.905638,52.405853 4.906669,52.404955 4.906679)),((52.401378 4.911126,52.40105 4.91113,52.401109 4.90966,52.401372 4.909657,52.401378 4.911126)),((52.415792 4.91979,52.415791 4.919546,52.41599 4.919788,52.415792 4.91979)))";4.918073;52.408513;
143;1;"Geen significante overstromingskans";1;"";"MULTIPOLYGON(((4.892644 52.406946,4.893577 52.404586,4.894934 52.403948,4.894944 52.403109,4.893474 52.403103,4.893484 52.402204,4.892015 52.402198,4.891975 52.405793,4.890505 52.405787,4.890495 52.406686,4.889026 52.406679,4.889016 52.407578,4.891285 52.407588,4.892644 52.406946)),((4.875707 52.414711,4.875728 52.412914,4.877198 52.41292,4.877208 52.412022,4.872799 52.412003,4.872778 52.4138,4.874248 52.413806,4.874238 52.414705,4.875707 52.414711)),((4.890536 52.403091,4.889066 52.403085,4.889046 52.404882,4.890516 52.404888,4.890536 52.403091)),((4.902477 52.386064,4.901008 52.386058,4.900989 52.387855,4.902457 52.387861,4.902477 52.386064)),((4.883117 52.409351,4.881648 52.409344,4.881638 52.410243,4.883107 52.410249,4.883117 52.409351)),((4.869818 52.415585,4.869829 52.414686,4.868359 52.414679,4.868348 52.415578,4.869818 52.415585)),((4.869818 52.415585,4.869808 52.416483,4.871277 52.41649,4.871288 52.415591,4.869818 52.415585)),((4.913212 52.392578,4.912694 52.392111,4.912682 52.393295,4.912802 52.393296,4.913212 52.392578)),((4.898599 52.402225,4.897892 52.402223,4.897889 52.40256,4.898599 52.402225)),((4.896704 52.403116,4.896413 52.403115,4.896412 52.403254,4.896704 52.403116)))";"MULTIPOLYGON(((52.406946 4.892644,52.404586 4.893577,52.403948 4.894934,52.403109 4.894944,52.403103 4.893474,52.402204 4.893484,52.402198 4.892015,52.405793 4.891975,52.405787 4.890505,52.406686 4.890495,52.406679 4.889026,52.407578 4.889016,52.407588 4.891285,52.406946 4.892644)),((52.414711 4.875707,52.412914 4.875728,52.41292 4.877198,52.412022 4.877208,52.412003 4.872799,52.4138 4.872778,52.413806 4.874248,52.414705 4.874238,52.414711 4.875707)),((52.403091 4.890536,52.403085 4.889066,52.404882 4.889046,52.404888 4.890516,52.403091 4.890536)),((52.386064 4.902477,52.386058 4.901008,52.387855 4.900989,52.387861 4.902457,52.386064 4.902477)),((52.409351 4.883117,52.409344 4.881648,52.410243 4.881638,52.410249 4.883107,52.409351 4.883117)),((52.415585 4.869818,52.414686 4.869829,52.414679 4.868359,52.415578 4.868348,52.415585 4.869818)),((52.415585 4.869818,52.416483 4.869808,52.41649 4.871277,52.415591 4.871288,52.415585 4.869818)),((52.392578 4.913212,52.392111 4.912694,52.393295 4.912682,52.393296 4.912802,52.392578 4.913212)),((52.402225 4.898599,52.402223 4.897892,52.40256 4.897889,52.402225 4.898599)),((52.403116 4.896704,52.403115 4.896413,52.403254 4.896412,52.403116 4.896704)))";4.890785;52.401267;
144;1;"Geen significante overstromingskans";1;"";"MULTIPOLYGON(((4.9348 52.385293,4.936269 52.385298,4.936278 52.3844,4.934809 52.384394,4.9348 52.385293)),((4.9348 52.385293,4.933331 52.385287,4.933322 52.386186,4.934791 52.386192,4.9348 52.385293)))";"MULTIPOLYGON(((52.385293 4.9348,52.385298 4.936269,52.3844 4.936278,52.384394 4.934809,52.385293 4.9348)),((52.385293 4.9348,52.385287 4.933331,52.386186 4.933322,52.386192 4.934791,52.385293 4.9348)))";4.934805;52.385286;
145;1;"Geen significante overstromingskans";1;"";"MULTIPOLYGON(((5.052093 52.413543,5.046262 52.407236,5.038936 52.404518,5.036008 52.403071,5.03599 52.405408,5.040398 52.405421,5.040391 52.40632,5.041861 52.406324,5.041854 52.407223,5.044793 52.407231,5.044786 52.40813,5.046255 52.408134,5.046241 52.409932,5.047711 52.409936,5.047697 52.411733,5.049167 52.411738,5.049153 52.413535,5.052093 52.413543)),((4.974499 52.380944,4.974515 52.379146,4.975984 52.379152,4.975992 52.378253,4.977461 52.378258,4.977469 52.377359,4.978938 52.377364,4.978954 52.375567,4.980423 52.375572,4.980431 52.374673,4.983368 52.374683,4.98336 52.375582,4.984828 52.375587,4.98482 52.376486,4.986288 52.376491,4.98628 52.377389,4.987749 52.377394,4.987741 52.378293,4.990678 52.378303,4.990683 52.377703,4.989217 52.377399,4.983376 52.373784,4.980439 52.373774,4.973038 52.38004,4.97303 52.380939,4.974499 52.380944)),((5.025835 52.3892,5.024371 52.388656,5.024337 52.392791,5.025806 52.392795,5.025784 52.395491,5.027253 52.395496,5.027224 52.399091,5.028693 52.399095,5.028679 52.400892,5.031617 52.400901,5.028701 52.398196,5.025835 52.3892)),((5.052093 52.413543,5.052086 52.414442,5.056495 52.414454,5.056489 52.415353,5.062368 52.415369,5.062374 52.414471,5.066784 52.414483,5.066767 52.416729,5.06824 52.416284,5.06679 52.413584,5.057965 52.414459,5.052093 52.413543)),((4.962483 52.408763,4.966892 52.408778,4.9669 52.40788,4.96837 52.407885,4.968378 52.406986,4.966909 52.406981,4.966917 52.406082,4.963978 52.406072,4.963961 52.407869,4.962492 52.407864,4.962483 52.408763)),((4.971511 52.386326,4.971528 52.384528,4.972997 52.384534,4.973022 52.381837,4.971553 52.381832,4.971536 52.38363,4.970067 52.383625,4.970042 52.386321,4.971511 52.386326)),((4.962483 52.408763,4.961013 52.408757,4.961005 52.409656,4.959535 52.409651,4.959518 52.411448,4.962457 52.411459,4.962483 52.408763)),((4.991778 52.419649,4.994718 52.419659,4.994726 52.41876,4.997666 52.41877,4.997674 52.417871,4.993264 52.417856,4.993256 52.418755,4.991786 52.41875,4.991778 52.419649)),((5.018513 52.386481,5.01705 52.385803,5.017037 52.387376,5.019975 52.387385,5.019967 52.388283,5.023394 52.388294,5.018513 52.386481)),((4.968535 52.390379,4.968556 52.388113,4.967087 52.388108,4.96707 52.389905,4.966653 52.389904,4.968535 52.390379)),((5.000989 52.374742,4.998608 52.378329,4.999489 52.378332,4.999497 52.377433,5.000966 52.377438,5.000989 52.374742)),((5.013929 52.378378,5.012744 52.373881,5.012706 52.378374,5.013929 52.378378)),((4.991778 52.419649,4.990308 52.419644,4.990292 52.421441,4.991762 52.421446,4.991778 52.419649)),((4.99765 52.420567,4.99471 52.420557,4.994702 52.421456,4.997642 52.421466,4.99765 52.420567)),((4.991754 52.422345,4.990284 52.42234,4.990268 52.424137,4.991738 52.424142,4.991754 52.422345)),((4.993615 52.378313,4.992149 52.378008,4.992138 52.379206,4.993607 52.379211,4.993615 52.378313)),((5.016563 52.385577,5.014124 52.384445,5.014114 52.385569,5.016563 52.385577)),((4.993495 52.391793,4.992026 52.391789,4.992018 52.392687,4.993487 52.392692,4.993495 52.391793)),((4.971477 52.389921,4.970008 52.389916,4.97 52.390814,4.971469 52.39082,4.971477 52.389921)),((4.981587 52.408829,4.983057 52.408834,4.983065 52.407936,4.981596 52.407931,4.981587 52.408829)),((4.981587 52.408829,4.980118 52.408824,4.98011 52.409723,4.981579 52.409728,4.981587 52.408829)),((4.987433 52.412444,4.987441 52.411546,4.985972 52.411541,4.985963 52.412439,4.987433 52.412444)),((4.987433 52.412444,4.987425 52.413343,4.988895 52.413348,4.988903 52.412449,4.987433 52.412444)),((4.994774 52.413368,4.994782 52.412469,4.993312 52.412464,4.993304 52.413363,4.994774 52.413368)),((5.022706 52.412558,5.021236 52.412553,5.021229 52.413452,5.022698 52.413457,5.022706 52.412558)),((4.994774 52.413368,4.994766 52.414266,4.996235 52.414271,4.996243 52.413372,4.994774 52.413368)),((4.996235 52.414271,4.996227 52.41517,4.997697 52.415175,4.997705 52.414276,4.996235 52.414271)),((5.000637 52.415184,4.999167 52.415179,4.999159 52.416078,5.000629 52.416083,5.000637 52.415184)),((4.952082 52.420409,4.950612 52.420403,4.950603 52.421302,4.952073 52.421307,4.952082 52.420409)),((4.971477 52.389921,4.972946 52.389926,4.972955 52.389027,4.971486 52.389022,4.971477 52.389921)),((4.964193 52.383604,4.964197 52.383091,4.962724 52.383599,4.964193 52.383604)),((4.960783 52.381794,4.960352 52.381393,4.959806 52.381501,4.959804 52.381791,4.960783 52.381794)),((5.000989 52.374742,5.002457 52.374747,5.002461 52.374387,5.000989 52.374742)),((5.035276 52.40271,5.034545 52.402348,5.034542 52.402708,5.035276 52.40271)),((4.961753 52.382696,4.961268 52.382245,4.961264 52.382695,4.961753 52.382696)),((5.005402 52.373857,5.005404 52.373678,5.004668 52.373855,5.005402 52.373857)),((5.033447 52.401806,5.033081 52.401625,5.03308 52.401804,5.033447 52.401806)),((4.96567 52.38271,4.965671 52.382582,4.965303 52.382709,4.96567 52.38271)),((4.969983 52.392612,4.969984 52.39253,4.969912 52.392612,4.969983 52.392612)))";"MULTIPOLYGON(((52.413543 5.052093,52.407236 5.046262,52.404518 5.038936,52.403071 5.036008,52.405408 5.03599,52.405421 5.040398,52.40632 5.040391,52.406324 5.041861,52.407223 5.041854,52.407231 5.044793,52.40813 5.044786,52.408134 5.046255,52.409932 5.046241,52.409936 5.047711,52.411733 5.047697,52.411738 5.049167,52.413535 5.049153,52.413543 5.052093)),((52.380944 4.974499,52.379146 4.974515,52.379152 4.975984,52.378253 4.975992,52.378258 4.977461,52.377359 4.977469,52.377364 4.978938,52.375567 4.978954,52.375572 4.980423,52.374673 4.980431,52.374683 4.983368,52.375582 4.98336,52.375587 4.984828,52.376486 4.98482,52.376491 4.986288,52.377389 4.98628,52.377394 4.987749,52.378293 4.987741,52.378303 4.990678,52.377703 4.990683,52.377399 4.989217,52.373784 4.983376,52.373774 4.980439,52.38004 4.973038,52.380939 4.97303,52.380944 4.974499)),((52.3892 5.025835,52.388656 5.024371,52.392791 5.024337,52.392795 5.025806,52.395491 5.025784,52.395496 5.027253,52.399091 5.027224,52.399095 5.028693,52.400892 5.028679,52.400901 5.031617,52.398196 5.028701,52.3892 5.025835)),((52.413543 5.052093,52.414442 5.052086,52.414454 5.056495,52.415353 5.056489,52.415369 5.062368,52.414471 5.062374,52.414483 5.066784,52.416729 5.066767,52.416284 5.06824,52.413584 5.06679,52.414459 5.057965,52.413543 5.052093)),((52.408763 4.962483,52.408778 4.966892,52.40788 4.9669,52.407885 4.96837,52.406986 4.968378,52.406981 4.966909,52.406082 4.966917,52.406072 4.963978,52.407869 4.963961,52.407864 4.962492,52.408763 4.962483)),((52.386326 4.971511,52.384528 4.971528,52.384534 4.972997,52.381837 4.973022,52.381832 4.971553,52.38363 4.971536,52.383625 4.970067,52.386321 4.970042,52.386326 4.971511)),((52.408763 4.962483,52.408757 4.961013,52.409656 4.961005,52.409651 4.959535,52.411448 4.959518,52.411459 4.962457,52.408763 4.962483)),((52.419649 4.991778,52.419659 4.994718,52.41876 4.994726,52.41877 4.997666,52.417871 4.997674,52.417856 4.993264,52.418755 4.993256,52.41875 4.991786,52.419649 4.991778)),((52.386481 5.018513,52.385803 5.01705,52.387376 5.017037,52.387385 5.019975,52.388283 5.019967,52.388294 5.023394,52.386481 5.018513)),((52.390379 4.968535,52.388113 4.968556,52.388108 4.967087,52.389905 4.96707,52.389904 4.966653,52.390379 4.968535)),((52.374742 5.000989,52.378329 4.998608,52.378332 4.999489,52.377433 4.999497,52.377438 5.000966,52.374742 5.000989)),((52.378378 5.013929,52.373881 5.012744,52.378374 5.012706,52.378378 5.013929)),((52.419649 4.991778,52.419644 4.990308,52.421441 4.990292,52.421446 4.991762,52.419649 4.991778)),((52.420567 4.99765,52.420557 4.99471,52.421456 4.994702,52.421466 4.997642,52.420567 4.99765)),((52.422345 4.991754,52.42234 4.990284,52.424137 4.990268,52.424142 4.991738,52.422345 4.991754)),((52.378313 4.993615,52.378008 4.992149,52.379206 4.992138,52.379211 4.993607,52.378313 4.993615)),((52.385577 5.016563,52.384445 5.014124,52.385569 5.014114,52.385577 5.016563)),((52.391793 4.993495,52.391789 4.992026,52.392687 4.992018,52.392692 4.993487,52.391793 4.993495)),((52.389921 4.971477,52.389916 4.970008,52.390814 4.97,52.39082 4.971469,52.389921 4.971477)),((52.408829 4.981587,52.408834 4.983057,52.407936 4.983065,52.407931 4.981596,52.408829 4.981587)),((52.408829 4.981587,52.408824 4.980118,52.409723 4.98011,52.409728 4.981579,52.408829 4.981587)),((52.412444 4.987433,52.411546 4.987441,52.411541 4.985972,52.412439 4.985963,52.412444 4.987433)),((52.412444 4.987433,52.413343 4.987425,52.413348 4.988895,52.412449 4.988903,52.412444 4.987433)),((52.413368 4.994774,52.412469 4.994782,52.412464 4.993312,52.413363 4.993304,52.413368 4.994774)),((52.412558 5.022706,52.412553 5.021236,52.413452 5.021229,52.413457 5.022698,52.412558 5.022706)),((52.413368 4.994774,52.414266 4.994766,52.414271 4.996235,52.413372 4.996243,52.413368 4.994774)),((52.414271 4.996235,52.41517 4.996227,52.415175 4.997697,52.414276 4.997705,52.414271 4.996235)),((52.415184 5.000637,52.415179 4.999167,52.416078 4.999159,52.416083 5.000629,52.415184 5.000637)),((52.420409 4.952082,52.420403 4.950612,52.421302 4.950603,52.421307 4.952073,52.420409 4.952082)),((52.389921 4.971477,52.389926 4.972946,52.389027 4.972955,52.389022 4.971486,52.389921 4.971477)),((52.383604 4.964193,52.383091 4.964197,52.383599 4.962724,52.383604 4.964193)),((52.381794 4.960783,52.381393 4.960352,52.381501 4.959806,52.381791 4.959804,52.381794 4.960783)),((52.374742 5.000989,52.374747 5.002457,52.374387 5.002461,52.374742 5.000989)),((52.40271 5.035276,52.402348 5.034545,52.402708 5.034542,52.40271 5.035276)),((52.382696 4.961753,52.382245 4.961268,52.382695 4.961264,52.382696 4.961753)),((52.373857 5.005402,52.373678 5.005404,52.373855 5.004668,52.373857 5.005402)),((52.401806 5.033447,52.401625 5.033081,52.401804 5.03308,52.401806 5.033447)),((52.38271 4.96567,52.382582 4.965671,52.382709 4.965303,52.38271 4.96567)),((52.392612 4.969983,52.39253 4.969984,52.392612 4.969912,52.392612 4.969983)))";5.0094265;52.398903;
146;1;"Geen significante overstromingskans";1;"";"MULTIPOLYGON(((4.827558 52.386633,4.82758 52.384835,4.826112 52.384828,4.8261 52.385727,4.821694 52.385706,4.821683 52.386605,4.827558 52.386633)),((4.779088 52.386394,4.777619 52.386387,4.777594 52.388184,4.780532 52.388199,4.780544 52.3873,4.779075 52.387293,4.779088 52.386394)),((4.760006 52.385396,4.758537 52.385388,4.758502 52.387925,4.75997 52.387928,4.760006 52.385396)),((4.818712 52.38918,4.818733 52.387489,4.817265 52.387482,4.817253 52.388381,4.815784 52.388374,4.815774 52.389181,4.818712 52.38918)),((4.792295 52.38736,4.789357 52.387345,4.789345 52.388244,4.792283 52.388259,4.792295 52.38736)),((4.798194 52.385592,4.796725 52.385584,4.796701 52.387382,4.79817 52.387389,4.798194 52.385592)),((4.783494 52.386417,4.782025 52.386409,4.782013 52.387308,4.783482 52.387315,4.783494 52.386417)),((4.808475 52.385642,4.807006 52.385635,4.806995 52.386534,4.808463 52.386541,4.808475 52.385642)),((4.773175 52.38906,4.769455 52.389041,4.769588 52.389189,4.773173 52.389188,4.773175 52.38906)),((4.768781 52.388138,4.767367 52.388131,4.768778 52.388342,4.768781 52.388138)))";"MULTIPOLYGON(((52.386633 4.827558,52.384835 4.82758,52.384828 4.826112,52.385727 4.8261,52.385706 4.821694,52.386605 4.821683,52.386633 4.827558)),((52.386394 4.779088,52.386387 4.777619,52.388184 4.777594,52.388199 4.780532,52.3873 4.780544,52.387293 4.779075,52.386394 4.779088)),((52.385396 4.760006,52.385388 4.758537,52.387925 4.758502,52.387928 4.75997,52.385396 4.760006)),((52.38918 4.818712,52.387489 4.818733,52.387482 4.817265,52.388381 4.817253,52.388374 4.815784,52.389181 4.815774,52.38918 4.818712)),((52.38736 4.792295,52.387345 4.789357,52.388244 4.789345,52.388259 4.792283,52.38736 4.792295)),((52.385592 4.798194,52.385584 4.796725,52.387382 4.796701,52.387389 4.79817,52.385592 4.798194)),((52.386417 4.783494,52.386409 4.782025,52.387308 4.782013,52.387315 4.783482,52.386417 4.783494)),((52.385642 4.808475,52.385635 4.807006,52.386534 4.806995,52.386541 4.808463,52.385642 4.808475)),((52.38906 4.773175,52.389041 4.769455,52.389189 4.769588,52.389188 4.773173,52.38906 4.773175)),((52.388138 4.768781,52.388131 4.767367,52.388342 4.768778,52.388138 4.768781)))";4.793046;52.3870015;
147;1;"Geen significante overstromingskans";1;"";"MULTIPOLYGON(((4.832077 52.377666,4.832083 52.377109,4.830612 52.377349,4.830608 52.377659,4.832077 52.377666)),((4.837102 52.37769,4.836709 52.376359,4.836498 52.376393,4.836482 52.377687,4.837102 52.37769)),((4.826191 52.378537,4.826197 52.378066,4.824725 52.378304,4.824723 52.37853,4.826191 52.378537)),((4.839232 52.38489,4.835181 52.384871,4.83925 52.384954,4.839232 52.38489)))";"MULTIPOLYGON(((52.377666 4.832077,52.377109 4.832083,52.377349 4.830612,52.377659 4.830608,52.377666 4.832077)),((52.37769 4.837102,52.376359 4.836709,52.376393 4.836498,52.377687 4.836482,52.37769 4.837102)),((52.378537 4.826191,52.378066 4.826197,52.378304 4.824725,52.37853 4.824723,52.378537 4.826191)),((52.38489 4.839232,52.384871 4.835181,52.384954 4.83925,52.38489 4.839232)))";4.8319915;52.3806495;
148;1;"Geen significante overstromingskans";1;"";"MULTIPOLYGON(((4.810166 52.368574,4.807229 52.36856,4.807206 52.370357,4.810142 52.370372,4.810166 52.368574)),((4.834963 52.372287,4.833612 52.372281,4.833601 52.37318,4.835069 52.373187,4.835058 52.374085,4.835657 52.374088,4.835224 52.373155,4.834963 52.372287)),((4.827739 52.372253,4.826271 52.372246,4.826259 52.373145,4.827728 52.373152,4.827739 52.372253)),((4.836073 52.374989,4.835047 52.374984,4.835036 52.375883,4.836491 52.375889,4.836073 52.374989)),((4.826203 52.377639,4.824734 52.377632,4.824725 52.378304,4.826197 52.378066,4.826203 52.377639)),((4.832088 52.376768,4.830619 52.376761,4.830612 52.377349,4.832083 52.377109,4.832088 52.376768)),((4.836709 52.376359,4.836504 52.375917,4.836498 52.376393,4.836709 52.376359)))";"MULTIPOLYGON(((52.368574 4.810166,52.36856 4.807229,52.370357 4.807206,52.370372 4.810142,52.368574 4.810166)),((52.372287 4.834963,52.372281 4.833612,52.37318 4.833601,52.373187 4.835069,52.374085 4.835058,52.374088 4.835657,52.373155 4.835224,52.372287 4.834963)),((52.372253 4.827739,52.372246 4.826271,52.373145 4.826259,52.373152 4.827728,52.372253 4.827739)),((52.374989 4.836073,52.374984 4.835047,52.375883 4.835036,52.375889 4.836491,52.374989 4.836073)),((52.377639 4.826203,52.377632 4.824734,52.378304 4.824725,52.378066 4.826197,52.377639 4.826203)),((52.376768 4.832088,52.376761 4.830619,52.377349 4.830612,52.377109 4.832083,52.376768 4.832088)),((52.376359 4.836709,52.375917 4.836504,52.376393 4.836498,52.376359 4.836709)))";4.8219625;52.373425;
149;1;"Geen significante overstromingskans";1;"";"MULTIPOLYGON(((4.799132 52.343587,4.8016 52.343128,4.801562 52.341569,4.798777 52.341555,4.798753 52.343353,4.797286 52.343345,4.797238 52.34694,4.798706 52.346947,4.798695 52.347772,4.800087 52.346922,4.799132 52.343587)),((4.794399 52.339736,4.794417 52.338388,4.793142 52.33973,4.794399 52.339736)),((4.79292 52.340627,4.792929 52.339953,4.792291 52.340624,4.79292 52.340627)),((4.789961 52.34241,4.789964 52.342185,4.789473 52.342407,4.789961 52.34241)),((4.795902 52.337047,4.795905 52.336822,4.795693 52.337046,4.795902 52.337047)))";"MULTIPOLYGON(((52.343587 4.799132,52.343128 4.8016,52.341569 4.801562,52.341555 4.798777,52.343353 4.798753,52.343345 4.797286,52.34694 4.797238,52.346947 4.798706,52.347772 4.798695,52.346922 4.800087,52.343587 4.799132)),((52.339736 4.794399,52.338388 4.794417,52.33973 4.793142,52.339736 4.794399)),((52.340627 4.79292,52.339953 4.792929,52.340624 4.792291,52.340627 4.79292)),((52.34241 4.789961,52.342185 4.789964,52.342407 4.789473,52.34241 4.789961)),((52.337047 4.795902,52.336822 4.795905,52.337046 4.795693,52.337047 4.795902)))";4.7955415;52.34229;
150;1;"Geen significante overstromingskans";1;"";"MULTIPOLYGON(((4.840788 52.372314,4.834963 52.372287,4.835224 52.373155,4.840788 52.372314)),((4.848815 52.358053,4.848469 52.358051,4.848437 52.360665,4.849434 52.36067,4.848815 52.358053)),((4.850261 52.364269,4.850067 52.363353,4.849882 52.362569,4.849873 52.363368,4.848405 52.363362,4.848394 52.36426,4.850261 52.364269)),((4.836571 52.370497,4.835103 52.37049,4.835092 52.371389,4.83656 52.371396,4.836571 52.370497)),((4.848471 52.369653,4.848328 52.369652,4.848328 52.369709,4.848441 52.369716,4.848471 52.369653)))";"MULTIPOLYGON(((52.372314 4.840788,52.372287 4.834963,52.373155 4.835224,52.372314 4.840788)),((52.358053 4.848815,52.358051 4.848469,52.360665 4.848437,52.36067 4.849434,52.358053 4.848815)),((52.364269 4.850261,52.363353 4.850067,52.362569 4.849882,52.363368 4.849873,52.363362 4.848405,52.36426 4.848394,52.364269 4.850261)),((52.370497 4.836571,52.37049 4.835103,52.371389 4.835092,52.371396 4.83656,52.370497 4.836571)),((52.369653 4.848471,52.369652 4.848328,52.369709 4.848328,52.369716 4.848441,52.369653 4.848471)))";4.842617;52.365596;
151;1;"Geen significante overstromingskans";1;"";"MULTIPOLYGON(((4.841592 52.345355,4.842327 52.339966,4.841351 52.339961,4.841307 52.343556,4.83984 52.343549,4.839818 52.345347,4.841592 52.345355)),((4.844132 52.352557,4.842665 52.35255,4.842632 52.355246,4.844635 52.355255,4.844836 52.353459,4.844121 52.353456,4.844132 52.352557)),((4.839906 52.338157,4.842841 52.338171,4.842832 52.338852,4.843813 52.338292,4.846952 52.338078,4.847034 52.337697,4.841395 52.337604,4.839907 52.338108,4.839906 52.338157)),((4.847013 52.357064,4.845545 52.357057,4.845534 52.357956,4.847002 52.357963,4.847013 52.357064)),((4.839906 52.338157,4.839764 52.338157,4.837147 52.339043,4.837147 52.339043,4.839895 52.339056,4.839906 52.338157)),((4.844132 52.352557,4.844937 52.352561,4.845037 52.351662,4.844143 52.351658,4.844132 52.352557)),((4.84881 52.357072,4.848481 52.357071,4.848469 52.358051,4.848815 52.358053,4.84881 52.357072)),((4.848801 52.355492,4.8485 52.355488,4.848492 52.356172,4.848804 52.356173,4.848801 52.355492)))";"MULTIPOLYGON(((52.345355 4.841592,52.339966 4.842327,52.339961 4.841351,52.343556 4.841307,52.343549 4.83984,52.345347 4.839818,52.345355 4.841592)),((52.352557 4.844132,52.35255 4.842665,52.355246 4.842632,52.355255 4.844635,52.353459 4.844836,52.353456 4.844121,52.352557 4.844132)),((52.338157 4.839906,52.338171 4.842841,52.338852 4.842832,52.338292 4.843813,52.338078 4.846952,52.337697 4.847034,52.337604 4.841395,52.338108 4.839907,52.338157 4.839906)),((52.357064 4.847013,52.357057 4.845545,52.357956 4.845534,52.357963 4.847002,52.357064 4.847013)),((52.338157 4.839906,52.338157 4.839764,52.339043 4.837147,52.339043 4.837147,52.339056 4.839895,52.338157 4.839906)),((52.352557 4.844132,52.352561 4.844937,52.351662 4.845037,52.351658 4.844143,52.352557 4.844132)),((52.357072 4.84881,52.357071 4.848481,52.358051 4.848469,52.358053 4.848815,52.357072 4.84881)),((52.355492 4.848801,52.355488 4.8485,52.356172 4.848492,52.356173 4.848804,52.355492 4.848801)))";4.842986;52.3478215;
152;1;"Geen significante overstromingskans";1;"";"MULTIPOLYGON(((4.820672 52.35065,4.820741 52.345257,4.822209 52.345264,4.82222 52.344366,4.820753 52.344359,4.820764 52.34346,4.819297 52.343453,4.819308 52.342554,4.811971 52.342519,4.811983 52.34162,4.801562 52.341569,4.8016 52.343128,4.799132 52.343587,4.800087 52.346922,4.798695 52.347772,4.798694 52.347846,4.800162 52.347853,4.80015 52.348752,4.80602 52.348781,4.806008 52.34968,4.810411 52.349701,4.810399 52.3506,4.820672 52.35065)),((4.826701 52.338095,4.814964 52.338039,4.814952 52.338938,4.82669 52.338994,4.826701 52.338095)),((4.838439 52.33815,4.83845 52.337252,4.836983 52.337245,4.836972 52.338144,4.829636 52.338109,4.829625 52.339008,4.837147 52.339043,4.837147 52.339043,4.839764 52.338157,4.838439 52.33815)),((4.839907 52.338108,4.841395 52.337604,4.847034 52.337697,4.847089 52.336283,4.846376 52.335491,4.844341 52.335481,4.844319 52.337279,4.839917 52.337258,4.839907 52.338108)),((4.822334 52.335378,4.828203 52.335406,4.828214 52.334508,4.822346 52.33448,4.822334 52.335378)),((4.831171 52.332724,4.829703 52.332717,4.82967 52.335413,4.831137 52.33542,4.831171 52.332724)),((4.837039 52.332751,4.837027 52.33365,4.839962 52.333664,4.839973 52.332765,4.837039 52.332751)),((4.839962 52.333664,4.839951 52.334562,4.842885 52.334576,4.842896 52.333677,4.839962 52.333664)),((4.837039 52.332751,4.837046 52.332142,4.834114 52.331941,4.834105 52.332738,4.837039 52.332751)),((4.806208 52.334402,4.804741 52.334394,4.804729 52.335293,4.806196 52.3353,4.806208 52.334402)),((4.81501 52.334445,4.814999 52.335343,4.816466 52.33535,4.816477 52.334452,4.81501 52.334445)),((4.812111 52.331734,4.810644 52.331727,4.810632 52.332626,4.812099 52.332633,4.812111 52.331734)),((4.81501 52.334445,4.815022 52.333546,4.813555 52.333539,4.813543 52.334437,4.81501 52.334445)),((4.8194 52.335364,4.817933 52.335357,4.817921 52.336256,4.819388 52.336263,4.8194 52.335364)),((4.822334 52.335378,4.820867 52.335371,4.820856 52.33627,4.822323 52.336277,4.822334 52.335378)),((4.812041 52.337126,4.810574 52.337119,4.810562 52.338018,4.81203 52.338025,4.812041 52.337126)),((4.809083 52.33891,4.807616 52.338902,4.807605 52.339801,4.809072 52.339808,4.809083 52.33891)),((4.82371 52.342575,4.822243 52.342568,4.822231 52.343467,4.823699 52.343474,4.82371 52.342575)),((4.816563 52.327747,4.816202 52.327428,4.814603 52.328151,4.816558 52.328161,4.816563 52.327747)),((4.812134 52.329937,4.812143 52.329263,4.810667 52.32993,4.812134 52.329937)),((4.813613 52.329045,4.813618 52.328596,4.812634 52.32904,4.813613 52.329045)),((4.803285 52.333489,4.803288 52.333264,4.802797 52.333486,4.803285 52.333489)),((4.809189 52.330821,4.809192 52.330596,4.8087 52.330819,4.809189 52.330821)))";"MULTIPOLYGON(((52.35065 4.820672,52.345257 4.820741,52.345264 4.822209,52.344366 4.82222,52.344359 4.820753,52.34346 4.820764,52.343453 4.819297,52.342554 4.819308,52.342519 4.811971,52.34162 4.811983,52.341569 4.801562,52.343128 4.8016,52.343587 4.799132,52.346922 4.800087,52.347772 4.798695,52.347846 4.798694,52.347853 4.800162,52.348752 4.80015,52.348781 4.80602,52.34968 4.806008,52.349701 4.810411,52.3506 4.810399,52.35065 4.820672)),((52.338095 4.826701,52.338039 4.814964,52.338938 4.814952,52.338994 4.82669,52.338095 4.826701)),((52.33815 4.838439,52.337252 4.83845,52.337245 4.836983,52.338144 4.836972,52.338109 4.829636,52.339008 4.829625,52.339043 4.837147,52.339043 4.837147,52.338157 4.839764,52.33815 4.838439)),((52.338108 4.839907,52.337604 4.841395,52.337697 4.847034,52.336283 4.847089,52.335491 4.846376,52.335481 4.844341,52.337279 4.844319,52.337258 4.839917,52.338108 4.839907)),((52.335378 4.822334,52.335406 4.828203,52.334508 4.828214,52.33448 4.822346,52.335378 4.822334)),((52.332724 4.831171,52.332717 4.829703,52.335413 4.82967,52.33542 4.831137,52.332724 4.831171)),((52.332751 4.837039,52.33365 4.837027,52.333664 4.839962,52.332765 4.839973,52.332751 4.837039)),((52.333664 4.839962,52.334562 4.839951,52.334576 4.842885,52.333677 4.842896,52.333664 4.839962)),((52.332751 4.837039,52.332142 4.837046,52.331941 4.834114,52.332738 4.834105,52.332751 4.837039)),((52.334402 4.806208,52.334394 4.804741,52.335293 4.804729,52.3353 4.806196,52.334402 4.806208)),((52.334445 4.81501,52.335343 4.814999,52.33535 4.816466,52.334452 4.816477,52.334445 4.81501)),((52.331734 4.812111,52.331727 4.810644,52.332626 4.810632,52.332633 4.812099,52.331734 4.812111)),((52.334445 4.81501,52.333546 4.815022,52.333539 4.813555,52.334437 4.813543,52.334445 4.81501)),((52.335364 4.8194,52.335357 4.817933,52.336256 4.817921,52.336263 4.819388,52.335364 4.8194)),((52.335378 4.822334,52.335371 4.820867,52.33627 4.820856,52.336277 4.822323,52.335378 4.822334)),((52.337126 4.812041,52.337119 4.810574,52.338018 4.810562,52.338025 4.81203,52.337126 4.812041)),((52.33891 4.809083,52.338902 4.807616,52.339801 4.807605,52.339808 4.809072,52.33891 4.809083)),((52.342575 4.82371,52.342568 4.822243,52.343467 4.822231,52.343474 4.823699,52.342575 4.82371)),((52.327747 4.816563,52.327428 4.816202,52.328151 4.814603,52.328161 4.816558,52.327747 4.816563)),((52.329937 4.812134,52.329263 4.812143,52.32993 4.810667,52.329937 4.812134)),((52.329045 4.813613,52.328596 4.813618,52.32904 4.812634,52.329045 4.813613)),((52.333489 4.803285,52.333264 4.803288,52.333486 4.802797,52.333489 4.803285)),((52.330821 4.809189,52.330596 4.809192,52.330819 4.8087,52.330821 4.809189)))";4.8228965;52.339032;
153;1;"Geen significante overstromingskans";1;"";"MULTIPOLYGON(((4.966649 52.279356,4.965183 52.279351,4.965175 52.28025,4.96664 52.280255,4.966649 52.279356)),((4.950328 52.299969,4.948862 52.299963,4.948853 52.300862,4.950319 52.300868,4.950328 52.299969)),((4.954926 52.279314,4.954935 52.278415,4.954194 52.279311,4.954926 52.279314)))";"MULTIPOLYGON(((52.279356 4.966649,52.279351 4.965183,52.28025 4.965175,52.280255 4.96664,52.279356 4.966649)),((52.299969 4.950328,52.299963 4.948862,52.300862 4.948853,52.300868 4.950319,52.299969 4.950328)),((52.279314 4.954926,52.278415 4.954935,52.279311 4.954194,52.279314 4.954926)))";4.957756;52.2896345;
154;1;"Geen significante overstromingskans";1;"";"MULTIPOLYGON(((4.961244 52.304502,4.960546 52.3045,4.960538 52.305399,4.962004 52.305404,4.96201 52.304766,4.961244 52.304502)),((4.948107 52.326924,4.947129 52.32692,4.94712 52.327819,4.948107 52.326924)),((4.971415 52.307995,4.970779 52.307777,4.97077 52.3087,4.971415 52.307995)))";"MULTIPOLYGON(((52.304502 4.961244,52.3045 4.960546,52.305399 4.960538,52.305404 4.962004,52.304766 4.96201,52.304502 4.961244)),((52.326924 4.948107,52.32692 4.947129,52.327819 4.94712,52.326924 4.948107)),((52.307995 4.971415,52.307777 4.970779,52.3087 4.97077,52.307995 4.971415)))";4.9592725;52.3161525;
155;1;"Geen significante overstromingskans";1;"";"MULTIPOLYGON(((4.973702 52.308782,4.971415 52.307995,4.97077 52.3087,4.970767 52.30903,4.9737 52.30904,4.973702 52.308782)),((4.977892 52.331524,4.979367 52.33063,4.976433 52.33062,4.976429 52.331006,4.977394 52.331348,4.977892 52.331524)),((4.995955 52.317205,4.995624 52.317053,4.995622 52.317204,4.995955 52.317205)))";"MULTIPOLYGON(((52.308782 4.973702,52.307995 4.971415,52.3087 4.97077,52.30903 4.970767,52.30904 4.9737,52.308782 4.973702)),((52.331524 4.977892,52.33063 4.979367,52.33062 4.976433,52.331006 4.976429,52.331348 4.977394,52.331524 4.977892)),((52.317205 4.995955,52.317053 4.995624,52.317204 4.995622,52.317205 4.995955)))";4.983366;52.3197525;
156;1;"Geen significante overstromingskans";1;"";"MULTIPOLYGON(((5.003087 52.301949,5.001621 52.301945,5.001605 52.303742,5.003072 52.303747,5.003087 52.301949)),((4.973716 52.307243,4.972111 52.307237,4.971415 52.307995,4.973702 52.308782,4.973716 52.307243)),((4.997097 52.31631,4.99563 52.316305,4.995624 52.317053,4.995955 52.317205,4.997089 52.317209,4.997097 52.31631)))";"MULTIPOLYGON(((52.301949 5.003087,52.301945 5.001621,52.303742 5.001605,52.303747 5.003072,52.301949 5.003087)),((52.307243 4.973716,52.307237 4.972111,52.307995 4.971415,52.308782 4.973702,52.307243 4.973716)),((52.31631 4.997097,52.316305 4.99563,52.317053 4.995624,52.317205 4.995955,52.317209 4.997089,52.31631 4.997097)))";4.987256;52.30957;
157;1;"Geen significante overstromingskans";1;"";"MULTIPOLYGON(((4.972111 52.307237,4.970784 52.307233,4.970779 52.307777,4.971415 52.307995,4.972111 52.307237)),((4.962012 52.304505,4.961244 52.304502,4.96201 52.304766,4.962012 52.304505)))";"MULTIPOLYGON(((52.307237 4.972111,52.307233 4.970784,52.307777 4.970779,52.307995 4.971415,52.307237 4.972111)),((52.304505 4.962012,52.304502 4.961244,52.304766 4.96201,52.304505 4.962012)))";4.9666825;52.3062415;
158;1;"Geen significante overstromingskans";1;"";"MULTIPOLYGON(((4.91462 52.349264,4.91461 52.350163,4.913142 52.350157,4.913123 52.351954,4.911656 52.351948,4.911627 52.354644,4.910159 52.354639,4.91013 52.357335,4.908662 52.357329,4.908643 52.359126,4.907175 52.35912,4.907185 52.358222,4.905717 52.358216,4.905726 52.357317,4.905445 52.357316,4.904656 52.359201,4.908295 52.360577,4.910867 52.356367,4.911611 52.356071,4.911617 52.355543,4.912925 52.355548,4.915944 52.354347,4.915044 52.351962,4.914591 52.35196,4.9146 52.351061,4.914705 52.351062,4.914702 52.351055,4.916077 52.350221,4.916078 52.350168,4.916163 52.350169,4.916443 52.349999,4.914809 52.349265,4.91462 52.349264)),((4.905726 52.357317,4.907194 52.357323,4.907214 52.355525,4.906542 52.355523,4.905936 52.356141,4.905734 52.356623,4.905726 52.357317)),((4.91462 52.349264,4.914621 52.34918,4.912324 52.348149,4.911687 52.349011,4.911684 52.349252,4.91462 52.349264)))";"MULTIPOLYGON(((52.349264 4.91462,52.350163 4.91461,52.350157 4.913142,52.351954 4.913123,52.351948 4.911656,52.354644 4.911627,52.354639 4.910159,52.357335 4.91013,52.357329 4.908662,52.359126 4.908643,52.35912 4.907175,52.358222 4.907185,52.358216 4.905717,52.357317 4.905726,52.357316 4.905445,52.359201 4.904656,52.360577 4.908295,52.356367 4.910867,52.356071 4.911611,52.355543 4.911617,52.355548 4.912925,52.354347 4.915944,52.351962 4.915044,52.35196 4.914591,52.351061 4.9146,52.351062 4.914705,52.351055 4.914702,52.350221 4.916077,52.350168 4.916078,52.350169 4.916163,52.349999 4.916443,52.349265 4.914809,52.349264 4.91462)),((52.357317 4.905726,52.357323 4.907194,52.355525 4.907214,52.355523 4.906542,52.356141 4.905936,52.356623 4.905734,52.357317 4.905726)),((52.349264 4.91462,52.34918 4.914621,52.348149 4.912324,52.349011 4.911687,52.349252 4.911684,52.349264 4.91462)))";4.9105545;52.354356;
159;1;"Geen significante overstromingskans";1;"";"MULTIPOLYGON(((4.911608 52.356442,4.911611 52.356071,4.910867 52.356367,4.908295 52.360577,4.918357 52.362234,4.922321 52.36375,4.923033 52.362778,4.921816 52.362774,4.921835 52.360976,4.917431 52.360959,4.917469 52.357364,4.914534 52.357352,4.914543 52.356454,4.911608 52.356442)),((4.925004 52.36009,4.926622 52.357882,4.915944 52.354347,4.912925 52.355548,4.917488 52.355567,4.917479 52.356465,4.921882 52.356483,4.921845 52.360078,4.923313 52.360083,4.923322 52.359185,4.92479 52.35919,4.92478 52.360089,4.925004 52.36009)))";"MULTIPOLYGON(((52.356442 4.911608,52.356071 4.911611,52.356367 4.910867,52.360577 4.908295,52.362234 4.918357,52.36375 4.922321,52.362778 4.923033,52.362774 4.921816,52.360976 4.921835,52.360959 4.917431,52.357364 4.917469,52.357352 4.914534,52.356454 4.914543,52.356442 4.911608)),((52.36009 4.925004,52.357882 4.926622,52.354347 4.915944,52.355548 4.912925,52.355567 4.917488,52.356465 4.917479,52.356483 4.921882,52.360078 4.921845,52.360083 4.923313,52.359185 4.923322,52.35919 4.92479,52.360089 4.92478,52.36009 4.925004)))";4.9174635;52.3590415;
160;1;"Geen significante overstromingskans";1;"";"MULTIPOLYGON(((4.931819 52.366567,4.931844 52.361452,4.932109 52.361164,4.932111 52.361016,4.932246 52.361017,4.933585 52.359569,4.933594 52.359565,4.933597 52.359224,4.934293 52.359227,4.935069 52.358852,4.935074 52.358331,4.932139 52.35832,4.932148 52.357421,4.93068 52.357416,4.930671 52.358314,4.929203 52.358309,4.929212 52.35741,4.927744 52.357404,4.927754 52.356506,4.927491 52.356505,4.926622 52.357882,4.925004 52.36009,4.926248 52.360095,4.926258 52.359196,4.929194 52.359207,4.929157 52.362802,4.927688 52.362797,4.927679 52.363695,4.929147 52.363701,4.929129 52.365498,4.926192 52.365487,4.926202 52.364588,4.924734 52.364583,4.924728 52.365096,4.927149 52.36645,4.931819 52.366567)),((4.923284 52.362779,4.923033 52.362778,4.922321 52.36375,4.923269 52.36428,4.923284 52.362779)),((4.937453 52.357702,4.936551 52.35747,4.936544 52.358141,4.937453 52.357702)))";"MULTIPOLYGON(((52.366567 4.931819,52.361452 4.931844,52.361164 4.932109,52.361016 4.932111,52.361017 4.932246,52.359569 4.933585,52.359565 4.933594,52.359224 4.933597,52.359227 4.934293,52.358852 4.935069,52.358331 4.935074,52.35832 4.932139,52.357421 4.932148,52.357416 4.93068,52.358314 4.930671,52.358309 4.929203,52.35741 4.929212,52.357404 4.927744,52.356506 4.927754,52.356505 4.927491,52.357882 4.926622,52.36009 4.925004,52.360095 4.926248,52.359196 4.926258,52.359207 4.929194,52.362802 4.929157,52.362797 4.927688,52.363695 4.927679,52.363701 4.929147,52.365498 4.929129,52.365487 4.926192,52.364588 4.926202,52.364583 4.924734,52.365096 4.924728,52.36645 4.927149,52.366567 4.931819)),((52.362779 4.923284,52.362778 4.923033,52.36375 4.922321,52.36428 4.923269,52.362779 4.923284)),((52.357702 4.937453,52.35747 4.936551,52.358141 4.936544,52.357702 4.937453)))";4.929892;52.361529;
161;1;"Geen significante overstromingskans";1;"";"MULTIPOLYGON(((4.920424 52.355578,4.920443 52.353781,4.918975 52.353775,4.918966 52.354674,4.917498 52.354668,4.917507 52.353769,4.91604 52.353763,4.916059 52.351966,4.915044 52.351962,4.915944 52.354347,4.926622 52.357882,4.927491 52.356505,4.92335 52.356488,4.923359 52.35559,4.920424 52.355578)),((4.916068 52.351067,4.916077 52.350221,4.914702 52.351055,4.914705 52.351062,4.916068 52.351067)),((4.916825 52.350171,4.916443 52.349999,4.916163 52.350169,4.916825 52.350171)))";"MULTIPOLYGON(((52.355578 4.920424,52.353781 4.920443,52.353775 4.918975,52.354674 4.918966,52.354668 4.917498,52.353769 4.917507,52.353763 4.91604,52.351966 4.916059,52.351962 4.915044,52.354347 4.915944,52.357882 4.926622,52.356505 4.927491,52.356488 4.92335,52.35559 4.923359,52.355578 4.920424)),((52.351067 4.916068,52.350221 4.916077,52.351055 4.914702,52.351062 4.914705,52.351067 4.916068)),((52.350171 4.916825,52.349999 4.916443,52.350169 4.916163,52.350171 4.916825)))";4.9211015;52.3539335;
162;1;"Geen significante overstromingskans";1;"";"MULTIPOLYGON(((4.917545 52.350174,4.917564 52.348377,4.919032 52.348383,4.919083 52.343565,4.913207 52.346298,4.912778 52.347349,4.912324 52.348149,4.914621 52.34918,4.914629 52.348365,4.916097 52.348371,4.916087 52.34927,4.914809 52.349265,4.916443 52.349999,4.916825 52.350171,4.917545 52.350174),(4.917583 52.346579,4.917593 52.345681,4.916125 52.345675,4.916116 52.346574,4.917583 52.346579)),((4.920556 52.342996,4.920557 52.342878,4.920307 52.342995,4.920556 52.342996)))";"MULTIPOLYGON(((52.350174 4.917545,52.348377 4.917564,52.348383 4.919032,52.343565 4.919083,52.346298 4.913207,52.347349 4.912778,52.348149 4.912324,52.34918 4.914621,52.348365 4.914629,52.348371 4.916097,52.34927 4.916087,52.349265 4.914809,52.349999 4.916443,52.350171 4.916825,52.350174 4.917545),(52.346579 4.917583,52.345681 4.917593,52.345675 4.916125,52.346574 4.916116,52.346579 4.917583)),((52.342996 4.920556,52.342878 4.920557,52.342995 4.920307,52.342996 4.920556)))";4.9164455;52.346519;
163;1;"Geen significante overstromingskans";1;"";"MULTIPOLYGON(((4.96296 52.358843,4.962964 52.358434,4.963898 52.358438,4.970082 52.355763,4.968861 52.355759,4.965926 52.355749,4.965943 52.353951,4.964475 52.353946,4.964449 52.356642,4.961514 52.356632,4.961505 52.35753,4.958569 52.35752,4.958568 52.3577,4.962051 52.359236,4.96296 52.358843)),((4.946853 52.354781,4.943918 52.35477,4.943909 52.355668,4.946844 52.355679,4.946853 52.354781)),((4.94833 52.353887,4.946862 52.353882,4.946853 52.354781,4.948321 52.354786,4.94833 52.353887)),((4.943909 52.355668,4.942441 52.355663,4.942432 52.356562,4.9439 52.356567,4.943909 52.355668)),((4.94833 52.353887,4.949797 52.353893,4.949806 52.352994,4.948339 52.352989,4.94833 52.353887)),((4.938019 52.357444,4.936551 52.357438,4.936551 52.35747,4.937453 52.357702,4.938015 52.357818,4.938019 52.357444)),((4.942173 52.358358,4.940946 52.358353,4.940945 52.358407,4.942173 52.358358)))";"MULTIPOLYGON(((52.358843 4.96296,52.358434 4.962964,52.358438 4.963898,52.355763 4.970082,52.355759 4.968861,52.355749 4.965926,52.353951 4.965943,52.353946 4.964475,52.356642 4.964449,52.356632 4.961514,52.35753 4.961505,52.35752 4.958569,52.3577 4.958568,52.359236 4.962051,52.358843 4.96296)),((52.354781 4.946853,52.35477 4.943918,52.355668 4.943909,52.355679 4.946844,52.354781 4.946853)),((52.353887 4.94833,52.353882 4.946862,52.354781 4.946853,52.354786 4.948321,52.353887 4.94833)),((52.355668 4.943909,52.355663 4.942441,52.356562 4.942432,52.356567 4.9439,52.355668 4.943909)),((52.353887 4.94833,52.353893 4.949797,52.352994 4.949806,52.352989 4.948339,52.353887 4.94833)),((52.357444 4.938019,52.357438 4.936551,52.35747 4.936551,52.357702 4.937453,52.357818 4.938015,52.357444 4.938019)),((52.358358 4.942173,52.358353 4.940946,52.358407 4.940945,52.358358 4.942173)))";4.9533215;52.3561055;
164;1;"Geen significante overstromingskans";1;"";"MULTIPOLYGON(((4.94263 52.33679,4.942224 52.336664,4.941161 52.336886,4.941153 52.337683,4.944088 52.337694,4.944093 52.337155,4.94263 52.33679)),((4.949948 52.338614,4.94702 52.337884,4.947013 52.338603,4.949948 52.338614)))";"MULTIPOLYGON(((52.33679 4.94263,52.336664 4.942224,52.336886 4.941161,52.337683 4.941153,52.337694 4.944088,52.337155 4.944093,52.33679 4.94263)),((52.338614 4.949948,52.337884 4.94702,52.338603 4.947013,52.338614 4.949948)))";4.9455555;52.337632;
165;1;"Geen significante overstromingskans";1;"";"MULTIPOLYGON(((4.919083 52.343565,4.919089 52.34299,4.920307 52.342995,4.920557 52.342878,4.920594 52.339401,4.922061 52.339407,4.92208 52.337609,4.923547 52.337615,4.923566 52.335818,4.925033 52.335823,4.925042 52.334925,4.922127 52.333116,4.916278 52.331295,4.913344 52.331283,4.913296 52.335777,4.911829 52.335771,4.911809 52.337569,4.908875 52.337557,4.908904 52.334861,4.907437 52.334855,4.907447 52.333956,4.90598 52.33395,4.90597 52.334849,4.905811 52.334848,4.907867 52.338072,4.908915 52.338456,4.910333 52.338462,4.910327 52.338972,4.91325 52.340042,4.913257 52.339372,4.914725 52.339378,4.914715 52.340277,4.916182 52.340282,4.916163 52.34208,4.914696 52.342074,4.914706 52.341175,4.914173 52.341173,4.913207 52.346298,4.919083 52.343565),(4.917669 52.338491,4.917678 52.337592,4.914744 52.33758,4.914734 52.338479,4.917669 52.338491)),((4.92793 52.33943,4.927958 52.336734,4.926491 52.336728,4.926463 52.339424,4.92793 52.33943)),((4.939695 52.336779,4.939704 52.33588,4.938237 52.335874,4.938228 52.336773,4.939695 52.336779)),((4.901608 52.331236,4.900141 52.33123,4.900131 52.332129,4.901598 52.332135,4.901608 52.331236)),((4.942224 52.336664,4.941167 52.336335,4.941161 52.336886,4.942224 52.336664)))";"MULTIPOLYGON(((52.343565 4.919083,52.34299 4.919089,52.342995 4.920307,52.342878 4.920557,52.339401 4.920594,52.339407 4.922061,52.337609 4.92208,52.337615 4.923547,52.335818 4.923566,52.335823 4.925033,52.334925 4.925042,52.333116 4.922127,52.331295 4.916278,52.331283 4.913344,52.335777 4.913296,52.335771 4.911829,52.337569 4.911809,52.337557 4.908875,52.334861 4.908904,52.334855 4.907437,52.333956 4.907447,52.33395 4.90598,52.334849 4.90597,52.334848 4.905811,52.338072 4.907867,52.338456 4.908915,52.338462 4.910333,52.338972 4.910327,52.340042 4.91325,52.339372 4.913257,52.339378 4.914725,52.340277 4.914715,52.340282 4.916182,52.34208 4.916163,52.342074 4.914696,52.341175 4.914706,52.341173 4.914173,52.346298 4.913207,52.343565 4.919083),(52.338491 4.917669,52.337592 4.917678,52.33758 4.914744,52.338479 4.914734,52.338491 4.917669)),((52.33943 4.92793,52.336734 4.927958,52.336728 4.926491,52.339424 4.926463,52.33943 4.92793)),((52.336779 4.939695,52.33588 4.939704,52.335874 4.938237,52.336773 4.938228,52.336779 4.939695)),((52.331236 4.901608,52.33123 4.900141,52.332129 4.900131,52.332135 4.901598,52.331236 4.901608)),((52.336664 4.942224,52.336335 4.941167,52.336886 4.941161,52.336664 4.942224)))";4.9211825;52.338757;
166;1;"Geen significante overstromingskans";1;"";"MULTIPOLYGON(((4.888102 52.358143,4.888092 52.359041,4.887251 52.359038,4.887365 52.360223,4.89087 52.35832,4.893974 52.358183,4.893974 52.358167,4.894314 52.358169,4.898744 52.357974,4.904656 52.359201,4.905445 52.357316,4.898387 52.357287,4.898397 52.356388,4.895462 52.356376,4.895471 52.355477,4.894004 52.355471,4.893994 52.35637,4.892526 52.356364,4.892516 52.357262,4.88958 52.35725,4.88957 52.358149,4.888102 52.358143)),((4.888122 52.356345,4.888163 52.35275,4.890055 52.352758,4.886497 52.352219,4.886824 52.354633,4.886989 52.356341,4.888122 52.356345)),((4.891068 52.355459,4.8896 52.355453,4.88959 52.356351,4.891058 52.356358,4.891068 52.355459)),((4.891088 52.353661,4.88962 52.353655,4.88961 52.354554,4.891078 52.35456,4.891088 52.353661)),((4.888102 52.358143,4.888112 52.357244,4.887076 52.35724,4.887163 52.358139,4.888102 52.358143)),((4.905936 52.356141,4.904277 52.355651,4.904268 52.356412,4.905736 52.356418,4.905734 52.356623,4.905936 52.356141)))";"MULTIPOLYGON(((52.358143 4.888102,52.359041 4.888092,52.359038 4.887251,52.360223 4.887365,52.35832 4.89087,52.358183 4.893974,52.358167 4.893974,52.358169 4.894314,52.357974 4.898744,52.359201 4.904656,52.357316 4.905445,52.357287 4.898387,52.356388 4.898397,52.356376 4.895462,52.355477 4.895471,52.355471 4.894004,52.35637 4.893994,52.356364 4.892526,52.357262 4.892516,52.35725 4.88958,52.358149 4.88957,52.358143 4.888102)),((52.356345 4.888122,52.35275 4.888163,52.352758 4.890055,52.352219 4.886497,52.354633 4.886824,52.356341 4.886989,52.356345 4.888122)),((52.355459 4.891068,52.355453 4.8896,52.356351 4.88959,52.356358 4.891058,52.355459 4.891068)),((52.353661 4.891088,52.353655 4.88962,52.354554 4.88961,52.35456 4.891078,52.353661 4.891088)),((52.358143 4.888102,52.357244 4.888112,52.35724 4.887076,52.358139 4.887163,52.358143 4.888102)),((52.356141 4.905936,52.355651 4.904277,52.356412 4.904268,52.356418 4.905736,52.356623 4.905734,52.356141 4.905936)))";4.8962215;52.356214;
167;1;"Geen significante overstromingskans";1;"";"MULTIPOLYGON(((4.889641 52.351858,4.889651 52.350959,4.894054 52.350978,4.894074 52.34918,4.895079 52.349184,4.895268 52.348036,4.894086 52.348093,4.894083 52.348281,4.892616 52.348275,4.892617 52.348163,4.890457 52.348266,4.891148 52.348269,4.891128 52.350067,4.889661 52.35006,4.889671 52.349162,4.888203 52.349156,4.888212 52.348374,4.886312 52.348465,4.886497 52.352219,4.890055 52.352758,4.891098 52.352763,4.891108 52.351864,4.889641 52.351858)),((4.905756 52.354621,4.904288 52.354615,4.904277 52.355651,4.905936 52.356141,4.906542 52.355523,4.905746 52.355519,4.905756 52.354621)),((4.901372 52.352805,4.899904 52.352799,4.899895 52.353698,4.901362 52.353704,4.901372 52.352805)),((4.896981 52.351661,4.895516 52.35144,4.895511 52.351882,4.896979 52.351888,4.896981 52.351661)))";"MULTIPOLYGON(((52.351858 4.889641,52.350959 4.889651,52.350978 4.894054,52.34918 4.894074,52.349184 4.895079,52.348036 4.895268,52.348093 4.894086,52.348281 4.894083,52.348275 4.892616,52.348163 4.892617,52.348266 4.890457,52.348269 4.891148,52.350067 4.891128,52.35006 4.889661,52.349162 4.889671,52.349156 4.888203,52.348374 4.888212,52.348465 4.886312,52.352219 4.886497,52.352758 4.890055,52.352763 4.891098,52.351864 4.891108,52.351858 4.889641)),((52.354621 4.905756,52.354615 4.904288,52.355651 4.904277,52.356141 4.905936,52.355523 4.906542,52.355519 4.905746,52.354621 4.905756)),((52.352805 4.901372,52.352799 4.899904,52.353698 4.899895,52.353704 4.901362,52.352805 4.901372)),((52.351661 4.896981,52.35144 4.895516,52.351882 4.895511,52.351888 4.896979,52.351661 4.896981)))";4.896432;52.3520815;
168;1;"Geen significante overstromingskans";1;"";"MULTIPOLYGON(((4.896999 52.350091,4.895531 52.350085,4.895516 52.35144,4.896981 52.351661,4.896999 52.350091)),((4.904337 52.350121,4.904347 52.349222,4.904879 52.349225,4.902882 52.348977,4.902869 52.350115,4.904337 52.350121)),((4.899934 52.350103,4.898466 52.350097,4.898456 52.350996,4.899924 52.351002,4.899934 52.350103)),((4.895541 52.349186,4.895551 52.348288,4.897019 52.348294,4.897019 52.348253,4.895268 52.348036,4.895079 52.349184,4.895541 52.349186)),((4.91021 52.349883,4.908744 52.349702,4.90874 52.350139,4.910207 52.350145,4.91021 52.349883)))";"MULTIPOLYGON(((52.350091 4.896999,52.350085 4.895531,52.35144 4.895516,52.351661 4.896981,52.350091 4.896999)),((52.350121 4.904337,52.349222 4.904347,52.349225 4.904879,52.348977 4.902882,52.350115 4.902869,52.350121 4.904337)),((52.350103 4.899934,52.350097 4.898466,52.350996 4.898456,52.351002 4.899924,52.350103 4.899934)),((52.349186 4.895541,52.348288 4.895551,52.348294 4.897019,52.348253 4.897019,52.348036 4.895268,52.349184 4.895079,52.349186 4.895541)),((52.349883 4.91021,52.349702 4.908744,52.350139 4.90874,52.350145 4.910207,52.349883 4.91021)))";4.9026495;52.3498415;
169;1;"Geen significante overstromingskans";1;"";"MULTIPOLYGON(((4.842753 52.34536,4.842775 52.343563,4.844242 52.34357,4.844253 52.342671,4.842786 52.342664,4.842808 52.340867,4.845742 52.34088,4.84572 52.342678,4.847188 52.342684,4.847199 52.341786,4.847893 52.341789,4.846952 52.338078,4.843813 52.338292,4.842832 52.338852,4.84283 52.339069,4.844297 52.339076,4.844286 52.339975,4.842327 52.339966,4.841592 52.345355,4.842753 52.34536)),((4.847166 52.344482,4.844231 52.344468,4.84422 52.345367,4.845688 52.345374,4.845666 52.347171,4.847133 52.347178,4.847166 52.344482)),((4.854942 52.357834,4.854355 52.35685,4.854352 52.357097,4.84881 52.357072,4.848815 52.358053,4.854942 52.357834)),((4.852064 52.349897,4.851503 52.349894,4.851481 52.351692,4.852623 52.351697,4.852064 52.349897)),((4.845589 52.353462,4.844836 52.353459,4.844635 52.355255,4.845567 52.35526,4.845589 52.353462)),((4.85146 52.353489,4.849992 52.353482,4.849981 52.354381,4.851449 52.354388,4.85146 52.353489)),((4.850079 52.346293,4.848612 52.346286,4.848601 52.347185,4.850068 52.347191,4.850079 52.346293)),((4.84997 52.35528,4.848503 52.355273,4.8485 52.355488,4.848801 52.355492,4.848804 52.356173,4.84996 52.356178,4.84997 52.35528)),((4.853464 52.354397,4.852917 52.354394,4.852906 52.355293,4.853744 52.355297,4.853464 52.354397)),((4.845611 52.351665,4.845037 52.351662,4.844937 52.352561,4.8456 52.352564,4.845611 52.351665)))";"MULTIPOLYGON(((52.34536 4.842753,52.343563 4.842775,52.34357 4.844242,52.342671 4.844253,52.342664 4.842786,52.340867 4.842808,52.34088 4.845742,52.342678 4.84572,52.342684 4.847188,52.341786 4.847199,52.341789 4.847893,52.338078 4.846952,52.338292 4.843813,52.338852 4.842832,52.339069 4.84283,52.339076 4.844297,52.339975 4.844286,52.339966 4.842327,52.345355 4.841592,52.34536 4.842753)),((52.344482 4.847166,52.344468 4.844231,52.345367 4.84422,52.345374 4.845688,52.347171 4.845666,52.347178 4.847133,52.344482 4.847166)),((52.357834 4.854942,52.35685 4.854355,52.357097 4.854352,52.357072 4.84881,52.358053 4.848815,52.357834 4.854942)),((52.349897 4.852064,52.349894 4.851503,52.351692 4.851481,52.351697 4.852623,52.349897 4.852064)),((52.353462 4.845589,52.353459 4.844836,52.355255 4.844635,52.35526 4.845567,52.353462 4.845589)),((52.353489 4.85146,52.353482 4.849992,52.354381 4.849981,52.354388 4.851449,52.353489 4.85146)),((52.346293 4.850079,52.346286 4.848612,52.347185 4.848601,52.347191 4.850068,52.346293 4.850079)),((52.35528 4.84997,52.355273 4.848503,52.355488 4.8485,52.355492 4.848801,52.356173 4.848804,52.356178 4.84996,52.35528 4.84997)),((52.354397 4.853464,52.354394 4.852917,52.355293 4.852906,52.355297 4.853744,52.354397 4.853464)),((52.351665 4.845611,52.351662 4.845037,52.352561 4.844937,52.352564 4.8456,52.351665 4.845611)))";4.848272;52.3480585;
170;1;"Geen significante overstromingskans";1;"";"MULTIPOLYGON(((4.856475 52.34722,4.855938 52.347218,4.855927 52.348117,4.857395 52.348123,4.857384 52.349022,4.857434 52.349022,4.857585 52.347356,4.856475 52.34722)),((4.852971 52.349901,4.852064 52.349897,4.852623 52.351697,4.852949 52.351698,4.852971 52.349901)),((4.854384 52.354401,4.853464 52.354397,4.853744 52.355297,4.854374 52.3553,4.854384 52.354401)),((4.851583 52.343302,4.850119 52.343011,4.850112 52.343596,4.851579 52.343603,4.851583 52.343302)),((4.854827 52.3562,4.854363 52.356198,4.854361 52.356354,4.854798 52.356276,4.854827 52.3562)))";"MULTIPOLYGON(((52.34722 4.856475,52.347218 4.855938,52.348117 4.855927,52.348123 4.857395,52.349022 4.857384,52.349022 4.857434,52.347356 4.857585,52.34722 4.856475)),((52.349901 4.852971,52.349897 4.852064,52.351697 4.852623,52.351698 4.852949,52.349901 4.852971)),((52.354401 4.854384,52.354397 4.853464,52.355297 4.853744,52.3553 4.854374,52.354401 4.854384)),((52.343302 4.851583,52.343011 4.850119,52.343596 4.850112,52.343603 4.851579,52.343302 4.851583)),((52.3562 4.854827,52.356198 4.854363,52.356354 4.854361,52.356276 4.854798,52.3562 4.854827)))";4.8538535;52.3496755;
171;1;"Geen significante overstromingskans";1;"";"MULTIPOLYGON(((4.863191 52.35444,4.863202 52.353541,4.866137 52.353554,4.866168 52.350937,4.865246 52.350707,4.861535 52.349783,4.86093 52.350763,4.857784 52.349922,4.857374 52.349921,4.857363 52.350819,4.85883 52.350826,4.858809 52.352623,4.861744 52.352636,4.861723 52.354434,4.863191 52.35444)),((4.869506 52.351772,4.867626 52.351763,4.867575 52.3561,4.870621 52.35205,4.869506 52.351772)),((4.855831 52.356205,4.854827 52.3562,4.854798 52.356276,4.855827 52.356538,4.855831 52.356205)))";"MULTIPOLYGON(((52.35444 4.863191,52.353541 4.863202,52.353554 4.866137,52.350937 4.866168,52.350707 4.865246,52.349783 4.861535,52.350763 4.86093,52.349922 4.857784,52.349921 4.857374,52.350819 4.857363,52.350826 4.85883,52.352623 4.858809,52.352636 4.861744,52.354434 4.861723,52.35444 4.863191)),((52.351772 4.869506,52.351763 4.867626,52.3561 4.867575,52.35205 4.870621,52.351772 4.869506)),((52.356205 4.855831,52.3562 4.854827,52.356276 4.854798,52.356538 4.855827,52.356205 4.855831)))";4.8627145;52.3531535;
172;1;"Geen significante overstromingskans";1;"";"MULTIPOLYGON(((4.882063 52.36205,4.887365 52.360223,4.887251 52.359038,4.886624 52.359035,4.886634 52.358137,4.887163 52.358139,4.887076 52.35724,4.885177 52.357232,4.885156 52.359029,4.883688 52.359023,4.883719 52.356327,4.880783 52.356314,4.880773 52.357213,4.882241 52.357219,4.882231 52.358118,4.879295 52.358105,4.879316 52.356308,4.877848 52.356302,4.877817 52.358998,4.876349 52.358991,4.876339 52.35989,4.880742 52.359909,4.880722 52.361706,4.880321 52.361705,4.882063 52.36205)),((4.877899 52.351808,4.880835 52.351821,4.880824 52.352719,4.883095 52.352729,4.883352 52.35255,4.886497 52.352219,4.886312 52.348465,4.883743 52.35036,4.877904 52.351418,4.877899 52.351808)),((4.870519 52.355371,4.87054 52.353574,4.873476 52.353586,4.873486 52.352688,4.874954 52.352694,4.874962 52.351951,4.873796 52.352162,4.870621 52.35205,4.867575 52.3561,4.867573 52.356257,4.871977 52.356276,4.871987 52.355378,4.870519 52.355371)),((4.880804 52.354517,4.876401 52.354498,4.87639 52.355397,4.880794 52.355415,4.880804 52.354517)),((4.886824 52.354633,4.885209 52.35433,4.885197 52.355434,4.886665 52.35544,4.886655 52.356339,4.886989 52.356341,4.886824 52.354633)),((4.877899 52.351808,4.876432 52.351802,4.876421 52.3527,4.877889 52.352707,4.877899 52.351808)),((4.876432 52.351802,4.876433 52.351685,4.875802 52.351799,4.876432 52.351802)))";"MULTIPOLYGON(((52.36205 4.882063,52.360223 4.887365,52.359038 4.887251,52.359035 4.886624,52.358137 4.886634,52.358139 4.887163,52.35724 4.887076,52.357232 4.885177,52.359029 4.885156,52.359023 4.883688,52.356327 4.883719,52.356314 4.880783,52.357213 4.880773,52.357219 4.882241,52.358118 4.882231,52.358105 4.879295,52.356308 4.879316,52.356302 4.877848,52.358998 4.877817,52.358991 4.876349,52.35989 4.876339,52.359909 4.880742,52.361706 4.880722,52.361705 4.880321,52.36205 4.882063)),((52.351808 4.877899,52.351821 4.880835,52.352719 4.880824,52.352729 4.883095,52.35255 4.883352,52.352219 4.886497,52.348465 4.886312,52.35036 4.883743,52.351418 4.877904,52.351808 4.877899)),((52.355371 4.870519,52.353574 4.87054,52.353586 4.873476,52.352688 4.873486,52.352694 4.874954,52.351951 4.874962,52.352162 4.873796,52.35205 4.870621,52.3561 4.867575,52.356257 4.867573,52.356276 4.871977,52.355378 4.871987,52.355371 4.870519)),((52.354517 4.880804,52.354498 4.876401,52.355397 4.87639,52.355415 4.880794,52.354517 4.880804)),((52.354633 4.886824,52.35433 4.885209,52.355434 4.885197,52.35544 4.886665,52.356339 4.886655,52.356341 4.886989,52.354633 4.886824)),((52.351808 4.877899,52.351802 4.876432,52.3527 4.876421,52.352707 4.877889,52.351808 4.877899)),((52.351802 4.876432,52.351685 4.876433,52.351799 4.875802,52.351802 4.876432)))";4.877474;52.3552505;
173;1;"Geen significante overstromingskans";1;"";"MULTIPOLYGON(((4.85159 52.342704,4.853057 52.342711,4.853014 52.346306,4.855949 52.346319,4.85596 52.34542,4.857427 52.345427,4.857406 52.347224,4.856475 52.34722,4.857585 52.347356,4.857434 52.349022,4.858852 52.349028,4.858841 52.349927,4.857784 52.349922,4.86093 52.350763,4.861535 52.349783,4.865246 52.350707,4.866172 52.350598,4.866179 52.34996,4.863244 52.349947,4.863255 52.349048,4.861787 52.349041,4.861798 52.348143,4.86033 52.348136,4.860341 52.347237,4.858873 52.347231,4.858905 52.344535,4.857438 52.344528,4.857449 52.343629,4.858916 52.343636,4.858927 52.342737,4.860394 52.342744,4.860398 52.342436,4.857536 52.342293,4.857423 52.338885,4.856039 52.338778,4.856024 52.340028,4.850155 52.340002,4.850166 52.339103,4.848699 52.339096,4.848709 52.338214,4.848487 52.338196,4.847242 52.338191,4.847243 52.338101,4.846952 52.338078,4.847893 52.341789,4.848666 52.341792,4.848677 52.340894,4.850144 52.3409,4.850133 52.341799,4.851601 52.341806,4.85159 52.342704)),((4.85159 52.342704,4.850122 52.342698,4.850119 52.343011,4.851583 52.343302,4.85159 52.342704)),((4.866255 52.343516,4.864792 52.343122,4.864785 52.343662,4.866253 52.343669,4.866255 52.343516)))";"MULTIPOLYGON(((52.342704 4.85159,52.342711 4.853057,52.346306 4.853014,52.346319 4.855949,52.34542 4.85596,52.345427 4.857427,52.347224 4.857406,52.34722 4.856475,52.347356 4.857585,52.349022 4.857434,52.349028 4.858852,52.349927 4.858841,52.349922 4.857784,52.350763 4.86093,52.349783 4.861535,52.350707 4.865246,52.350598 4.866172,52.34996 4.866179,52.349947 4.863244,52.349048 4.863255,52.349041 4.861787,52.348143 4.861798,52.348136 4.86033,52.347237 4.860341,52.347231 4.858873,52.344535 4.858905,52.344528 4.857438,52.343629 4.857449,52.343636 4.858916,52.342737 4.858927,52.342744 4.860394,52.342436 4.860398,52.342293 4.857536,52.338885 4.857423,52.338778 4.856039,52.340028 4.856024,52.340002 4.850155,52.339103 4.850166,52.339096 4.848699,52.338214 4.848709,52.338196 4.848487,52.338191 4.847242,52.338101 4.847243,52.338078 4.846952,52.341789 4.847893,52.341792 4.848666,52.340894 4.848677,52.3409 4.850144,52.341799 4.850133,52.341806 4.851601,52.342704 4.85159)),((52.342704 4.85159,52.342698 4.850122,52.343011 4.850119,52.343302 4.851583,52.342704 4.85159)),((52.343516 4.866255,52.343122 4.864792,52.343662 4.864785,52.343669 4.866253,52.343516 4.866255)))";4.8566085;52.3444135;
174;1;"Geen significante overstromingskans";1;"";"MULTIPOLYGON(((4.874962 52.351951,4.874964 52.351795,4.875802 52.351799,4.876433 52.351685,4.876442 52.350903,4.87791 52.350909,4.877904 52.351418,4.883743 52.35036,4.886312 52.348465,4.8857 52.344417,4.883854 52.344371,4.883851 52.344643,4.880917 52.344631,4.880906 52.34553,4.879439 52.345523,4.879408 52.348219,4.880876 52.348226,4.880865 52.349124,4.879398 52.349118,4.879387 52.350017,4.873517 52.349992,4.873527 52.349093,4.87206 52.349086,4.872049 52.349985,4.869114 52.349972,4.869104 52.350871,4.870571 52.350878,4.870561 52.351776,4.869506 52.351772,4.870621 52.35205,4.873796 52.352162,4.874962 52.351951)),((4.877951 52.347314,4.877986 52.344226,4.876519 52.34419,4.876514 52.344612,4.875047 52.344606,4.875026 52.346403,4.876494 52.346409,4.876483 52.347308,4.877951 52.347314)),((4.873579 52.344599,4.872112 52.344593,4.872102 52.345492,4.873569 52.345498,4.873579 52.344599)),((4.866168 52.350937,4.866172 52.350598,4.865246 52.350707,4.866168 52.350937)))";"MULTIPOLYGON(((52.351951 4.874962,52.351795 4.874964,52.351799 4.875802,52.351685 4.876433,52.350903 4.876442,52.350909 4.87791,52.351418 4.877904,52.35036 4.883743,52.348465 4.886312,52.344417 4.8857,52.344371 4.883854,52.344643 4.883851,52.344631 4.880917,52.34553 4.880906,52.345523 4.879439,52.348219 4.879408,52.348226 4.880876,52.349124 4.880865,52.349118 4.879398,52.350017 4.879387,52.349992 4.873517,52.349093 4.873527,52.349086 4.87206,52.349985 4.872049,52.349972 4.869114,52.350871 4.869104,52.350878 4.870571,52.351776 4.870561,52.351772 4.869506,52.35205 4.870621,52.352162 4.873796,52.351951 4.874962)),((52.347314 4.877951,52.344226 4.877986,52.34419 4.876519,52.344612 4.876514,52.344606 4.875047,52.346403 4.875026,52.346409 4.876494,52.347308 4.876483,52.347314 4.877951)),((52.344599 4.873579,52.344593 4.872112,52.345492 4.872102,52.345498 4.873569,52.344599 4.873579)),((52.350937 4.866168,52.350598 4.866172,52.350707 4.865246,52.350937 4.866168)))";4.875784;52.348169;
175;1;"Geen significante overstromingskans";1;"";"POLYGON((4.886497 52.352219,4.883352 52.35255,4.883095 52.352729,4.885227 52.352738,4.885209 52.35433,4.886824 52.354633,4.886497 52.352219))";"POLYGON((52.352219 4.886497,52.35255 4.883352,52.352729 4.883095,52.352738 4.885227,52.35433 4.885209,52.354633 4.886824,52.352219 4.886497))";4.8849645;52.353419;
176;1;"Geen significante overstromingskans";1;"";"MULTIPOLYGON(((4.885347 52.342191,4.88537 52.340156,4.886837 52.340162,4.886827 52.341061,4.888294 52.341067,4.888284 52.341966,4.894153 52.34199,4.894163 52.341092,4.897341 52.341105,4.897407 52.340584,4.901736 52.340413,4.901546 52.33812,4.899171 52.338171,4.893032 52.334718,4.884703 52.338142,4.885347 52.342191)),((4.886746 52.348251,4.886756 52.347352,4.889691 52.347364,4.889681 52.348263,4.890457 52.348266,4.892617 52.348163,4.892626 52.347377,4.894093 52.347383,4.894086 52.348093,4.895268 52.348036,4.895092 52.346908,4.895567 52.346878,4.895571 52.34649,4.889701 52.346466,4.889721 52.344668,4.891188 52.344674,4.891199 52.343776,4.889731 52.343769,4.889741 52.342871,4.888274 52.342865,4.888264 52.343763,4.885595 52.343752,4.8857 52.344417,4.886312 52.348465,4.888212 52.348374,4.888213 52.348257,4.886746 52.348251)),((4.905234 52.346292,4.906538 52.342805,4.901668 52.34292,4.902948 52.342925,4.902938 52.343824,4.900003 52.343812,4.899993 52.344711,4.90146 52.344717,4.901451 52.345616,4.902918 52.345622,4.902909 52.346433,4.905234 52.346292)),((4.897088 52.342003,4.895621 52.341996,4.895601 52.343794,4.897068 52.3438,4.897088 52.342003)),((4.894123 52.344687,4.892656 52.34468,4.892646 52.345579,4.894113 52.345585,4.894123 52.344687)))";"MULTIPOLYGON(((52.342191 4.885347,52.340156 4.88537,52.340162 4.886837,52.341061 4.886827,52.341067 4.888294,52.341966 4.888284,52.34199 4.894153,52.341092 4.894163,52.341105 4.897341,52.340584 4.897407,52.340413 4.901736,52.33812 4.901546,52.338171 4.899171,52.334718 4.893032,52.338142 4.884703,52.342191 4.885347)),((52.348251 4.886746,52.347352 4.886756,52.347364 4.889691,52.348263 4.889681,52.348266 4.890457,52.348163 4.892617,52.347377 4.892626,52.347383 4.894093,52.348093 4.894086,52.348036 4.895268,52.346908 4.895092,52.346878 4.895567,52.34649 4.895571,52.346466 4.889701,52.344668 4.889721,52.344674 4.891188,52.343776 4.891199,52.343769 4.889731,52.342871 4.889741,52.342865 4.888274,52.343763 4.888264,52.343752 4.885595,52.344417 4.8857,52.348465 4.886312,52.348374 4.888212,52.348257 4.888213,52.348251 4.886746)),((52.346292 4.905234,52.342805 4.906538,52.34292 4.901668,52.342925 4.902948,52.343824 4.902938,52.343812 4.900003,52.344711 4.899993,52.344717 4.90146,52.345616 4.901451,52.345622 4.902918,52.346433 4.902909,52.346292 4.905234)),((52.342003 4.897088,52.341996 4.895621,52.343794 4.895601,52.3438 4.897068,52.342003 4.897088)),((52.344687 4.894123,52.34468 4.892656,52.345579 4.892646,52.345585 4.894113,52.344687 4.894123)))";4.8956255;52.3415845;
177;1;"Geen significante overstromingskans";1;"";"MULTIPOLYGON(((4.910227 52.348347,4.911694 52.348353,4.911687 52.349011,4.912324 52.348149,4.912778 52.347349,4.905234 52.346292,4.902909 52.346433,4.902908 52.34652,4.905843 52.346532,4.905834 52.347431,4.910236 52.347449,4.910227 52.348347)),((4.905824 52.34833,4.902889 52.348318,4.902882 52.348977,4.904879 52.349225,4.905814 52.349228,4.905824 52.34833)),((4.910227 52.348347,4.908759 52.348342,4.908744 52.349702,4.91021 52.349883,4.910227 52.348347)),((4.895561 52.347389,4.895567 52.346878,4.895092 52.346908,4.895268 52.348036,4.897019 52.348253,4.897028 52.347395,4.895561 52.347389)))";"MULTIPOLYGON(((52.348347 4.910227,52.348353 4.911694,52.349011 4.911687,52.348149 4.912324,52.347349 4.912778,52.346292 4.905234,52.346433 4.902909,52.34652 4.902908,52.346532 4.905843,52.347431 4.905834,52.347449 4.910236,52.348347 4.910227)),((52.34833 4.905824,52.348318 4.902889,52.348977 4.902882,52.349225 4.904879,52.349228 4.905814,52.34833 4.905824)),((52.348347 4.910227,52.348342 4.908759,52.349702 4.908744,52.349883 4.91021,52.348347 4.910227)),((52.347389 4.895561,52.346878 4.895567,52.346908 4.895092,52.348036 4.895268,52.348253 4.897019,52.347395 4.897028,52.347389 4.895561)))";4.90394;52.3480805;
178;1;"Geen significante overstromingskans";1;"";"MULTIPOLYGON(((4.901559 52.33573,4.898624 52.335718,4.898654 52.333021,4.896741 52.333013,4.893032 52.334718,4.899171 52.338171,4.901546 52.33812,4.901736 52.340413,4.897407 52.340584,4.897341 52.341105,4.898565 52.34111,4.898555 52.342009,4.90149 52.342021,4.90148 52.342919,4.901668 52.34292,4.906538 52.342805,4.905234 52.346292,4.912778 52.347349,4.913207 52.346298,4.914173 52.341173,4.913238 52.341169,4.91325 52.340042,4.910327 52.338972,4.910323 52.33936,4.907388 52.339348,4.907398 52.33845,4.908915 52.338456,4.907867 52.338072,4.905811 52.334848,4.904503 52.334843,4.904483 52.33664,4.901549 52.336628,4.901559 52.33573)),((4.901559 52.33573,4.903026 52.335736,4.903036 52.334837,4.901569 52.334831,4.901559 52.33573)))";"MULTIPOLYGON(((52.33573 4.901559,52.335718 4.898624,52.333021 4.898654,52.333013 4.896741,52.334718 4.893032,52.338171 4.899171,52.33812 4.901546,52.340413 4.901736,52.340584 4.897407,52.341105 4.897341,52.34111 4.898565,52.342009 4.898555,52.342021 4.90149,52.342919 4.90148,52.34292 4.901668,52.342805 4.906538,52.346292 4.905234,52.347349 4.912778,52.346298 4.913207,52.341173 4.914173,52.341169 4.913238,52.340042 4.91325,52.338972 4.910327,52.33936 4.910323,52.339348 4.907388,52.33845 4.907398,52.338456 4.908915,52.338072 4.907867,52.334848 4.905811,52.334843 4.904503,52.33664 4.904483,52.336628 4.901549,52.33573 4.901559)),((52.33573 4.901559,52.335736 4.903026,52.334837 4.903036,52.334831 4.901569,52.33573 4.901559)))";4.9036075;52.340174;
179;1;"Geen significante overstromingskans";1;"";"MULTIPOLYGON(((4.885347 52.342191,4.884703 52.338142,4.876655 52.338347,4.857436 52.337579,4.857423 52.338885,4.857536 52.342293,4.860398 52.342436,4.860405 52.341845,4.866274 52.341871,4.866284 52.340972,4.867752 52.340979,4.867741 52.341878,4.869209 52.341884,4.869219 52.340985,4.876556 52.341017,4.876545 52.341916,4.878013 52.341922,4.878033 52.340125,4.880968 52.340137,4.880957 52.341036,4.883892 52.341048,4.883872 52.342846,4.885339 52.342852,4.885347 52.342191),(4.876566 52.340118,4.876576 52.33922,4.875109 52.339213,4.875099 52.340112,4.876566 52.340118)),((4.878002 52.342821,4.876535 52.342815,4.876519 52.34419,4.877986 52.344226,4.878002 52.342821)),((4.869198 52.342783,4.867731 52.342776,4.86772 52.343675,4.869188 52.343681,4.869198 52.342783)),((4.880937 52.342833,4.87947 52.342827,4.879459 52.343726,4.880927 52.343732,4.880937 52.342833)),((4.885595 52.343752,4.883862 52.343745,4.883854 52.344371,4.8857 52.344417,4.885595 52.343752)),((4.866263 52.34277,4.864796 52.342763,4.864792 52.343122,4.866255 52.343516,4.866263 52.34277)))";"MULTIPOLYGON(((52.342191 4.885347,52.338142 4.884703,52.338347 4.876655,52.337579 4.857436,52.338885 4.857423,52.342293 4.857536,52.342436 4.860398,52.341845 4.860405,52.341871 4.866274,52.340972 4.866284,52.340979 4.867752,52.341878 4.867741,52.341884 4.869209,52.340985 4.869219,52.341017 4.876556,52.341916 4.876545,52.341922 4.878013,52.340125 4.878033,52.340137 4.880968,52.341036 4.880957,52.341048 4.883892,52.342846 4.883872,52.342852 4.885339,52.342191 4.885347),(52.340118 4.876566,52.33922 4.876576,52.339213 4.875109,52.340112 4.875099,52.340118 4.876566)),((52.342821 4.878002,52.342815 4.876535,52.34419 4.876519,52.344226 4.877986,52.342821 4.878002)),((52.342783 4.869198,52.342776 4.867731,52.343675 4.86772,52.343681 4.869188,52.342783 4.869198)),((52.342833 4.880937,52.342827 4.87947,52.343726 4.879459,52.343732 4.880927,52.342833 4.880937)),((52.343752 4.885595,52.343745 4.883862,52.344371 4.883854,52.344417 4.8857,52.343752 4.885595)),((52.34277 4.866263,52.342763 4.864796,52.343122 4.864792,52.343516 4.866255,52.34277 4.866263)))";4.8715665;52.340991;
180;1;"Geen significante overstromingskans";1;"";"MULTIPOLYGON(((4.857423 52.338885,4.857436 52.337579,4.876655 52.338347,4.879395 52.333929,4.879587 52.324816,4.877986 52.324792,4.878089 52.32215,4.869439 52.322112,4.869313 52.322112,4.860639 52.322073,4.857705 52.32206,4.857641 52.327453,4.856174 52.327446,4.856164 52.328345,4.857631 52.328351,4.857598 52.331047,4.856131 52.331041,4.856039 52.338778,4.857423 52.338885)),((4.847275 52.335495,4.846376 52.335491,4.847089 52.336283,4.847034 52.337697,4.846952 52.338078,4.847243 52.338101,4.847275 52.335495)),((4.83705 52.331853,4.834116 52.331839,4.834114 52.331941,4.837046 52.332142,4.83705 52.331853)),((4.816563 52.327747,4.81657 52.327262,4.816202 52.327428,4.816563 52.327747)),((4.84871 52.338198,4.848487 52.338196,4.848709 52.338214,4.84871 52.338198)))";"MULTIPOLYGON(((52.338885 4.857423,52.337579 4.857436,52.338347 4.876655,52.333929 4.879395,52.324816 4.879587,52.324792 4.877986,52.32215 4.878089,52.322112 4.869439,52.322112 4.869313,52.322073 4.860639,52.32206 4.857705,52.327453 4.857641,52.327446 4.856174,52.328345 4.856164,52.328351 4.857631,52.331047 4.857598,52.331041 4.856131,52.338778 4.856039,52.338885 4.857423)),((52.335495 4.847275,52.335491 4.846376,52.336283 4.847089,52.337697 4.847034,52.338078 4.846952,52.338101 4.847243,52.335495 4.847275)),((52.331853 4.83705,52.331839 4.834116,52.331941 4.834114,52.332142 4.837046,52.331853 4.83705)),((52.327747 4.816563,52.327262 4.81657,52.327428 4.816202,52.327747 4.816563)),((52.338198 4.84871,52.338196 4.848487,52.338214 4.848709,52.338198 4.84871)))";4.8478995;52.3304655;
181;1;"Geen significante overstromingskans";1;"";"MULTIPOLYGON(((4.89572 52.333009,4.89573 52.332111,4.894263 52.332104,4.894253 52.333003,4.891319 52.332991,4.891329 52.332092,4.889862 52.332086,4.889852 52.332985,4.888385 52.332979,4.888415 52.330282,4.889882 52.330289,4.889892 52.32939,4.891359 52.329396,4.891369 52.328497,4.888435 52.328485,4.888455 52.326688,4.885522 52.326675,4.885501 52.328473,4.884034 52.328466,4.884045 52.327568,4.882578 52.327561,4.882588 52.326663,4.884055 52.326669,4.884065 52.32577,4.879665 52.325751,4.879675 52.324853,4.882608 52.324865,4.882619 52.323966,4.881152 52.32396,4.881172 52.322163,4.878239 52.32215,4.878089 52.32215,4.877986 52.324792,4.879587 52.324816,4.879395 52.333929,4.876655 52.338347,4.884703 52.338142,4.893032 52.334718,4.896741 52.333013,4.89572 52.333009)),((4.891389 52.3267,4.892856 52.326706,4.892846 52.327605,4.894313 52.327611,4.894323 52.326712,4.895789 52.326718,4.895799 52.325819,4.891399 52.325801,4.891389 52.3267)),((4.894303 52.32851,4.892836 52.328503,4.892826 52.329402,4.894293 52.329408,4.894303 52.32851)),((4.897237 52.328522,4.89577 52.328516,4.89576 52.329414,4.897227 52.32942,4.897237 52.328522)),((4.898684 52.330325,4.897217 52.330319,4.897207 52.331218,4.898674 52.331224,4.898684 52.330325)),((4.891389 52.3267,4.889922 52.326694,4.889912 52.327592,4.891379 52.327599,4.891389 52.3267)))";"MULTIPOLYGON(((52.333009 4.89572,52.332111 4.89573,52.332104 4.894263,52.333003 4.894253,52.332991 4.891319,52.332092 4.891329,52.332086 4.889862,52.332985 4.889852,52.332979 4.888385,52.330282 4.888415,52.330289 4.889882,52.32939 4.889892,52.329396 4.891359,52.328497 4.891369,52.328485 4.888435,52.326688 4.888455,52.326675 4.885522,52.328473 4.885501,52.328466 4.884034,52.327568 4.884045,52.327561 4.882578,52.326663 4.882588,52.326669 4.884055,52.32577 4.884065,52.325751 4.879665,52.324853 4.879675,52.324865 4.882608,52.323966 4.882619,52.32396 4.881152,52.322163 4.881172,52.32215 4.878239,52.32215 4.878089,52.324792 4.877986,52.324816 4.879587,52.333929 4.879395,52.338347 4.876655,52.338142 4.884703,52.334718 4.893032,52.333013 4.896741,52.333009 4.89572)),((52.3267 4.891389,52.326706 4.892856,52.327605 4.892846,52.327611 4.894313,52.326712 4.894323,52.326718 4.895789,52.325819 4.895799,52.325801 4.891399,52.3267 4.891389)),((52.32851 4.894303,52.328503 4.892836,52.329402 4.892826,52.329408 4.894293,52.32851 4.894303)),((52.328522 4.897237,52.328516 4.89577,52.329414 4.89576,52.32942 4.897227,52.328522 4.897237)),((52.330325 4.898684,52.330319 4.897217,52.331218 4.897207,52.331224 4.898674,52.330325 4.898684)),((52.3267 4.891389,52.326694 4.889922,52.327592 4.889912,52.327599 4.891379,52.3267 4.891389)))";4.8876745;52.3302415;
182;1;"Geen significante overstromingskans";1;"";"MULTIPOLYGON(((4.770786 52.349502,4.769319 52.349494,4.769306 52.350393,4.770774 52.350401,4.770786 52.349502)),((4.767839 52.350385,4.766371 52.350378,4.766359 52.351276,4.767826 52.351284,4.767839 52.350385)),((4.763411 52.35216,4.761943 52.352152,4.76193 52.353051,4.763398 52.353058,4.763411 52.35216)),((4.757212 52.363811,4.755907 52.363804,4.755894 52.364659,4.75729 52.364279,4.757212 52.363811)))";"MULTIPOLYGON(((52.349502 4.770786,52.349494 4.769319,52.350393 4.769306,52.350401 4.770774,52.349502 4.770786)),((52.350385 4.767839,52.350378 4.766371,52.351276 4.766359,52.351284 4.767826,52.350385 4.767839)),((52.35216 4.763411,52.352152 4.761943,52.353051 4.76193,52.353058 4.763398,52.35216 4.763411)),((52.363811 4.757212,52.363804 4.755907,52.364659 4.755894,52.364279 4.75729,52.363811 4.757212)))";4.763345;52.3570695;
183;1;"Geen significante overstromingskans";1;"";"MULTIPOLYGON(((4.896164 52.425583,4.89617 52.425044,4.891754 52.425564,4.896164 52.425583)),((4.877043 52.426401,4.877053 52.425502,4.876161 52.426397,4.877043 52.426401)),((4.875562 52.427293,4.875566 52.426994,4.875268 52.427292,4.875562 52.427293)))";"MULTIPOLYGON(((52.425583 4.896164,52.425044 4.89617,52.425564 4.891754,52.425583 4.896164)),((52.426401 4.877043,52.425502 4.877053,52.426397 4.876161,52.426401 4.877043)),((52.427293 4.875562,52.426994 4.875566,52.427292 4.875268,52.427293 4.875562)))";4.885724;52.4261615;

