OBJECTNUMMER;SELECTIE;Nederlandse_naam;Wetenschappelijke_naam;Kademuur;Beschermd;Rode_lijst;Water;Straat;Brugnummer;Aantal_in_2009;Aantal_in_2010;Aantal_in_2011;Aantal_in_2012;Aantal_in_2013;WKT_LNG_LAT;WKT_LAT_LNG;LNG;LAT;
1;"BE_288";"Tongvaren";"Asplenium scolopendrium";"Ja";"F2";"";"Singel";"Singel";"";"";"";"1";"";"0 exemplaren";"POINT(4.888036,52.3688628)";"POINT(52.3688628,4.888036)";4.888036;52.3688628;
2;"BE_290";"Steenbreekvaren";"Asplenium trichomanes";"Ja";"F2";"";"Lijnbaansgracht";"Weteringsschans";"";"2";"";"5";"";"0 exemplaren";"POINT(4.8882439,52.3608176)";"POINT(52.3608176,4.8882439)";4.8882439;52.3608176;
3;"BE_288";"Tongvaren";"Asplenium scolopendrium";"Ja";"F2";"";"Singel";"Singel";"";"";"";"1";"";"1";"POINT(4.8882,52.3685843)";"POINT(52.3685843,4.8882)";4.8882;52.3685843;
4;"BE_290";"Steenbreekvaren";"Asplenium trichomanes";"Ja";"F2";"";"Lijnbaansgracht";"Weteringsluisje";"SLU";"66";"";"90";"";"123";"POINT(4.888334,52.3606459)";"POINT(52.3606459,4.888334)";4.888334;52.3606459;
5;"BE_288";"Tongvaren";"Asplenium scolopendrium";"Ja";"F2";"";"Herengracht";"Brug Leidsestraat-Koningsplein";"29";"";"1";"1";"";"0 exemplaren";"POINT(4.8882639,52.366883)";"POINT(52.366883,4.8882639)";4.8882639;52.366883;
6;"BE_290";"Steenbreekvaren";"Asplenium trichomanes";"Ja";"F2";"";"Lijnbaansgracht";"Brug Weteringstraat";"89";"1";"";"1";"";"0 exemplaren";"POINT(4.888406,52.3607184)";"POINT(52.3607184,4.888406)";4.888406;52.3607184;
7;"BE_290";"Steenbreekvaren";"Asplenium trichomanes";"Ja";"F2";"";"Lijnbaansgracht";"Nieuwe Weteringstraat";"89";"1";"";"";"";"0 exemplaren";"POINT(4.888406,52.3607375)";"POINT(52.3607375,4.888406)";4.888406;52.3607375;
8;"BE_290";"Steenbreekvaren";"Asplenium trichomanes";"Ja";"F2";"";"Lijnbaansgracht";"Weteringsluisje";"SLU";"7";"";"8";"";"6";"POINT(4.8884218,52.3606192)";"POINT(52.3606192,4.8884218)";4.8884218;52.3606192;
9;"BE_290";"Steenbreekvaren";"Asplenium trichomanes";"Ja";"F2";"";"Lijnbaansgracht";"Weteringsluisje";"SLU";"1";"";"1";"";"1";"POINT(4.8884661,52.3606574)";"POINT(52.3606574,4.8884661)";4.8884661;52.3606574;
10;"NB_990";"Muurfijnstraal";"Erigeron karvinskianus";"Ja";"";"";"Brouwersgracht";"Brouwersgracht";"";"3";"";"5";"";"0 exemplaren";"POINT(4.8883722,52.3807341)";"POINT(52.3807341,4.8883722)";4.8883722;52.3807341;
11;"BE_290";"Steenbreekvaren";"Asplenium trichomanes";"Ja";"F2";"";"Lijnbaansgracht";"Nieuwe Weteringstraat";"89";"2";"";"";"";"0 exemplaren";"POINT(4.8886249,52.3608824)";"POINT(52.3608824,4.8886249)";4.8886249;52.3608824;
12;"BE_288";"Tongvaren";"Asplenium scolopendrium";"Ja";"F2";"";"Herengracht";"Brug Leidsegracht";"29";"";"";"1";"";"0 exemplaren";"POINT(4.8885739,52.3667227)";"POINT(52.3667227,4.8885739)";4.8885739;52.3667227;
13;"BE_290";"Steenbreekvaren";"Asplenium trichomanes";"Ja";"F2";"";"Herengracht";"Herengracht";"";"";"";"";"";"1";"POINT(4.8886359,52.3664023)";"POINT(52.3664023,4.8886359)";4.8886359;52.3664023;
14;"NB_990";"Muurfijnstraal";"Erigeron karvinskianus";"Ja";"";"";"Zoutkeetsgracht";"Zoutkeetsgracht";"";"12";"";"";"";"0 exemplaren";"POINT(4.8884332,52.3884017)";"POINT(52.3884017,4.8884332)";4.8884332;52.3884017;
15;"BE_290";"Steenbreekvaren";"Asplenium trichomanes";"Ja";"F2";"";"Lijnbaansgracht";"Lijnbaansgracht";"";"0 exemplaren";"";"1";"";"0 exemplaren";"POINT(4.888787,52.3608023)";"POINT(52.3608023,4.888787)";4.888787;52.3608023;
16;"BE_284";"Zwartsteel";"Asplenium adiantum-nigrum";"Ja";"F2";"";"Realengracht";"Realengracht";"";"2";"";"2";"1";"4";"POINT(4.8885052,52.3871886)";"POINT(52.3871886,4.8885052)";4.8885052;52.3871886;
17;"BE_290";"Steenbreekvaren";"Asplenium trichomanes";"Ja";"F2";"";"Lijnbaansgracht";"Lijnbaansgracht";"";"";"";"";"";"1";"POINT(4.8888609,52.3607756)";"POINT(52.3607756,4.8888609)";4.8888609;52.3607756;
18;"BE_290";"Steenbreekvaren";"Asplenium trichomanes";"Ja";"F2";"";"Lijnbaansgracht";"Lijnbaansgracht";"";"33";"";"23";"";"19";"POINT(4.8889201,52.3607489)";"POINT(52.3607489,4.8889201)";4.8889201;52.3607489;
19;"BE_288";"Tongvaren";"Asplenium scolopendrium";"Ja";"F2";"";"Korte Prinsengracht";"Korte Prinsengracht";"";"1";"";"";"";"0 exemplaren";"POINT(4.8887498,52.3810698)";"POINT(52.3810698,4.8887498)";4.8887498;52.3810698;
20;"BE_288";"Tongvaren";"Asplenium scolopendrium";"Ja";"F2";"";"Zoutkeetsgracht";"Zoutkeetsgracht";"";"1";"";"";"";"0 exemplaren";"POINT(4.888715,52.3881766)";"POINT(52.3881766,4.888715)";4.888715;52.3881766;
21;"BE_288";"Tongvaren";"Asplenium scolopendrium";"Ja";"F2";"";"Keizersgracht";"Keizersgracht";"";"1";"";"";"";"0 exemplaren";"POINT(4.8891299,52.3642546)";"POINT(52.3642546,4.8891299)";4.8891299;52.3642546;
22;"BE_284";"Zwartsteel";"Asplenium adiantum-nigrum";"Ja";"F2";"";"Korte Prinsengracht";"Sluis Haarlemmerdijk";"SLU";"1";"";"0 exemplaren";"";"0 exemplaren";"POINT(4.8889549,52.3811499)";"POINT(52.3811499,4.8889549)";4.8889549;52.3811499;
23;"BE_2100";"Gele helmbloem";"Pseudofumaria lutea";"Ja";"F2";"";"Herengracht";"Herengracht";"";"";"";"2";"";"0 exemplaren";"POINT(4.8891418,52.3762709)";"POINT(52.3762709,4.8891418)";4.8891418;52.3762709;
24;"BE_2100";"Gele helmbloem";"Pseudofumaria lutea";"Ja";"F2";"";"Brouwersgracht";"Brouwersgracht";"";"";"";"2";"";"1";"POINT(4.8891151,52.379975)";"POINT(52.379975,4.8891151)";4.8891151;52.379975;
25;"BE_288";"Tongvaren";"Asplenium scolopendrium";"Ja";"F2";"";"Singel";"Heiligewegsluis";"2";"";"";"";"";"1";"POINT(4.8892548,52.3674742)";"POINT(52.3674742,4.8892548)";4.8892548;52.3674742;
26;"BE_290";"Steenbreekvaren";"Asplenium trichomanes";"Ja";"F2";"";"Herengracht";"Herengracht";"";"";"";"";"";"1";"POINT(4.8893011,52.366017)";"POINT(52.366017,4.8893011)";4.8893011;52.366017;
27;"BE_288";"Tongvaren";"Asplenium scolopendrium";"Ja";"F2";"";"Herengracht";"Herengracht";"";"";"";"1";"";"1";"POINT(4.8894188,52.3659522)";"POINT(52.3659522,4.8894188)";4.8894188;52.3659522;
28;"BE_288";"Tongvaren";"Asplenium scolopendrium";"Ja";"F2";"";"Korte Prinsengracht";"Korte Prinsengracht";"";"1";"";"1";"";"1";"POINT(4.8892629,52.3811614)";"POINT(52.3811614,4.8892629)";4.8892629;52.3811614;
29;"BE_2100";"Gele helmbloem";"Pseudofumaria lutea";"Ja";"F2";"";"Prinsengracht";"Prinsengracht";"";"6";"";"6";"";"6";"POINT(4.8895328,52.3623511)";"POINT(52.3623511,4.8895328)";4.8895328;52.3623511;
30;"BE_288";"Tongvaren";"Asplenium scolopendrium";"Ja";"F2";"";"Zoutkeetsgracht";"Zoutkeetsgracht";"";"3";"";"3";"";"1";"POINT(4.8892581,52.3882071)";"POINT(52.3882071,4.8892581)";4.8892581;52.3882071;
31;"BE_288";"Tongvaren";"Asplenium scolopendrium";"Ja";"F2";"";"Korte Prinsengracht";"Sluis Haarlemmerdijk";"313";"1";"";"1";"";"3";"POINT(4.889364,52.3813407)";"POINT(52.3813407,4.889364)";4.889364;52.3813407;
32;"BE_288";"Tongvaren";"Asplenium scolopendrium";"Ja";"F2";"";"Herengracht";"Herengracht";"";"1";"";"";"";"0 exemplaren";"POINT(4.889437,52.3761717)";"POINT(52.3761717,4.889437)";4.889437;52.3761717;
33;"BE_288";"Tongvaren";"Asplenium scolopendrium";"Ja";"F2";"";"Singel";"Singel";"";"";"";"1";"";"0 exemplaren";"POINT(4.8895242,52.3749167)";"POINT(52.3749167,4.8895242)";4.8895242;52.3749167;
34;"BE_288";"Tongvaren";"Asplenium scolopendrium";"Ja";"F2";"";"Herengracht";"Herengracht";"";"";"";"1";"";"1";"POINT(4.889641,52.3658301)";"POINT(52.3658301,4.889641)";4.889641;52.3658301;
35;"BE_288";"Tongvaren";"Asplenium scolopendrium";"Ja";"F2";"";"Korte Prinsengracht";"Brug Haarlemmerdijk";"313";"1";"";"";"";"1";"POINT(4.8895242,52.3814589)";"POINT(52.3814589,4.8895242)";4.8895242;52.3814589;
36;"BE_2100";"Gele helmbloem";"Pseudofumaria lutea";"Ja";"F2";"";"Prinsengracht";"Prinsengracht";"";"3";"";"3";"";"2";"POINT(4.8898122,52.3623168)";"POINT(52.3623168,4.8898122)";4.8898122;52.3623168;
37;"NB_9001";"Smalle ijzervaren";"Cyrtomium fortunei";"Ja";"";"";"Korte Prinsengracht";"Tussen de Bogen";"";"29";"";"15";"";"7";"POINT(4.8896468,52.382321)";"POINT(52.382321,4.8896468)";4.8896468;52.382321;
38;"BE_288";"Tongvaren";"Asplenium scolopendrium";"Ja";"F2";"";"Herengracht";"Brug Herenstraat";"18";"";"";"";"";"1";"POINT(4.8897092,52.3768126)";"POINT(52.3768126,4.8897092)";4.8897092;52.3768126;
39;"NB_2421";"Tripmadam";"Sedum reflexum";"Ja";"";"BE";"Zoutkeetsgracht";"Zoutkeetsgracht";"";"1";"";"";"";"0 exemplaren";"POINT(4.889621,52.3885848)";"POINT(52.3885848,4.889621)";4.889621;52.3885848;
40;"BE_288";"Tongvaren";"Asplenium scolopendrium";"Ja";"F2";"";"Korte Prinsengracht";"Tussen de Bogen";"";"15";"";"20";"";"30";"POINT(4.8897211,52.3822753)";"POINT(52.3822753,4.8897211)";4.8897211;52.3822753;
41;"NB_2021";"Stijve naaldvaren";"Polystichum aculeatum";"Ja";"";"GE";"Herengracht";"Brug Herenstraat";"18";"";"";"";"";"1";"POINT(4.8897812,52.3768851)";"POINT(52.3768851,4.8897812)";4.8897812;52.3768851;
42;"BE_290";"Steenbreekvaren";"Asplenium trichomanes";"Ja";"F2";"";"Korte Prinsengracht";"Tussen de Bogen";"";"";"";"1";"";"0 exemplaren";"POINT(4.8897798,52.3822409)";"POINT(52.3822409,4.8897798)";4.8897798;52.3822409;
43;"BE_288";"Tongvaren";"Asplenium scolopendrium";"Ja";"F2";"";"Korte Prinsengracht";"Korte Prinsengracht";"";"1";"";"";"";"0 exemplaren";"POINT(4.8899882,52.3819892)";"POINT(52.3819892,4.8899882)";4.8899882;52.3819892;
44;"NB_990";"Muurfijnstraal";"Erigeron karvinskianus";"Ja";"";"";"Herengracht";"Herengracht";"";"";"";"";"";"1";"POINT(4.890085,52.3773009)";"POINT(52.3773009,4.890085)";4.890085;52.3773009;
45;"BE_2100";"Gele helmbloem";"Pseudofumaria lutea";"Ja";"F2";"";"Herengracht";"Herengracht";"";"4";"";"2";"";"3";"POINT(4.8901141,52.3773352)";"POINT(52.3773352,4.8901141)";4.8901141;52.3773352;
46;"BE_2100";"Gele helmbloem";"Pseudofumaria lutea";"Ja";"F2";"";"Herengracht";"Herengracht";"";"5";"";"3";"";"2";"POINT(4.890157,52.3773886)";"POINT(52.3773886,4.890157)";4.890157;52.3773886;
47;"NB_990";"Muurfijnstraal";"Erigeron karvinskianus";"Ja";"";"";"Herengracht";"Herengracht";"";"13";"";"2";"";"0 exemplaren";"POINT(4.8901579,52.377381)";"POINT(52.377381,4.8901579)";4.8901579;52.377381;
48;"NB_990";"Muurfijnstraal";"Erigeron karvinskianus";"Ja";"";"";"Singel";"Singel";"";"1";"";"";"";"0 exemplaren";"POINT(4.8901789,52.3754927)";"POINT(52.3754927,4.8901789)";4.8901789;52.3754927;
49;"NB_990";"Muurfijnstraal";"Erigeron karvinskianus";"Ja";"";"";"Brouwersgracht";"Brouwersgracht";"";"0 exemplaren";"";"1";"";"3";"POINT(4.8901608,52.3797194)";"POINT(52.3797194,4.8901608)";4.8901608;52.3797194;
50;"NB_600";"Spoorbloem";"Centranthus ruber";"Ja";"";"";"Westerdok";"Hollandse tuin";"";"5";"";"";"";"1";"POINT(4.8902399,52.3831336)";"POINT(52.3831336,4.8902399)";4.8902399;52.3831336;
51;"BE_288";"Tongvaren";"Asplenium scolopendrium";"Ja";"F2";"";"Westerdok";"Hollandsetuin";"";"";"";"1";"";"1";"POINT(4.8902461,52.3839156)";"POINT(52.3839156,4.8902461)";4.8902461;52.3839156;
52;"NB_2638";"Moerasvaren";"Thelypteris palustris";"Ja";"";"";"Westerdok";"Zandhoek";"";"1";"";"1";"";"0 exemplaren";"POINT(4.8905761,52.3609511)";"POINT(52.3609511,4.8905761)";4.8905761;52.3609511;
53;"BE_288";"Tongvaren";"Asplenium scolopendrium";"Ja";"F2";"";"Westerdok";"Touwslagerstraat";"";"";"";"2";"";"2";"POINT(4.890322,52.3850104)";"POINT(52.3850104,4.890322)";4.890322;52.3850104;
54;"NB_990";"Muurfijnstraal";"Erigeron karvinskianus";"Ja";"";"";"Brouwersgracht";"Brouwersgracht";"";"1";"";"";"";"0 exemplaren";"POINT(4.890382,52.3796736)";"POINT(52.3796736,4.890382)";4.890382;52.3796736;
55;"BE_2100";"Gele helmbloem";"Pseudofumaria lutea";"Ja";"F2";"";"Herengracht";"Herengracht";"";"";"";"";"";"1";"POINT(4.8906119,52.3774459)";"POINT(52.3774459,4.8906119)";4.8906119;52.3774459;
56;"BE_284";"Zwartsteel";"Asplenium adiantum-nigrum";"Ja";"F2";"";"Brouwersgracht";"Brouwersgracht";"";"0 exemplaren";"";"0 exemplaren";"";"0 exemplaren";"POINT(4.8907082,52.3793685)";"POINT(52.3793685,4.8907082)";4.8907082;52.3793685;
57;"NB_990";"Muurfijnstraal";"Erigeron karvinskianus";"Ja";"";"";"Brouwersgracht";"Brouwersgracht";"";"1";"";"";"";"0 exemplaren";"POINT(4.8907349,52.3795935)";"POINT(52.3795935,4.8907349)";4.8907349;52.3795935;
58;"NB_2421";"Tripmadam";"Sedum reflexum";"Ja";"";"BE";"Herengracht";"Herengracht";"";"";"";"1";"";"0 exemplaren";"POINT(4.89097,52.378266)";"POINT(52.378266,4.89097)";4.89097;52.378266;
59;"BE_288";"Tongvaren";"Asplenium scolopendrium";"Ja";"F2";"";"Brouwersgracht";"Brouwersgracht";"";"1";"";"0 exemplaren";"";"0 exemplaren";"POINT(4.8911641,52.3792731)";"POINT(52.3792731,4.8911641)";4.8911641;52.3792731;
60;"NB_600";"Spoorbloem";"Centranthus ruber";"Ja";"";"";"Herengracht";"Herengracht";"";"1";"";"";"";"0 exemplaren";"POINT(4.891217,52.3785445)";"POINT(52.3785445,4.891217)";4.891217;52.3785445;
61;"BE_284";"Zwartsteel";"Asplenium adiantum-nigrum";"Ja";"F2";"";"Westerdok";"Westerdok";"";"1";"";"";"";"0 exemplaren";"POINT(4.8913162,52.3840911)";"POINT(52.3840911,4.8913162)";4.8913162;52.3840911;
62;"BE_288";"Tongvaren";"Asplenium scolopendrium";"Ja";"F2";"";"Het IJ";"Westerdoksluis";"314";"";"";"2";"";"8";"POINT(4.8913882,52.3829657)";"POINT(52.3829657,4.8913882)";4.8913882;52.3829657;
63;"BE_284";"Zwartsteel";"Asplenium adiantum-nigrum";"Ja";"F2";"";"Westerdok";"Westerdok";"";"14";"";"10";"";"21";"POINT(4.8913829,52.384648)";"POINT(52.384648,4.8913829)";4.8913829;52.384648;
64;"BE_288";"Tongvaren";"Asplenium scolopendrium";"Ja";"F2";"";"Westerdok";"Westerdoksdijk";"";"";"";"1";"";"0 exemplaren";"POINT(4.8914502,52.3852507)";"POINT(52.3852507,4.8914502)";4.8914502;52.3852507;
65;"BE_2100";"Gele helmbloem";"Pseudofumaria lutea";"Ja";"F2";"";"Herengracht";"Herengracht";"";"";"";"";"";"1";"POINT(4.8915842,52.3785102)";"POINT(52.3785102,4.8915842)";4.8915842;52.3785102;
66;"NB_990";"Muurfijnstraal";"Erigeron karvinskianus";"Ja";"";"";"Singel";"Singel";"";"2";"";"3";"";"0 exemplaren";"POINT(4.8916318,52.3768393)";"POINT(52.3768393,4.8916318)";4.8916318;52.3768393;
67;"BE_290";"Steenbreekvaren";"Asplenium trichomanes";"Ja";"F2";"";"Westerdok";"Westerdok";"";"1";"";"1";"";"3";"POINT(4.891557,52.3861777)";"POINT(52.3861777,4.891557)";4.891557;52.3861777;
68;"BE_290";"Steenbreekvaren";"Asplenium trichomanes";"Ja";"F2";"";"Westerdok";"Westerdok";"";"1";"";"1";"";"1";"POINT(4.8916519,52.3869216)";"POINT(52.3869216,4.8916519)";4.8916519;52.3869216;
69;"BE_288";"Tongvaren";"Asplenium scolopendrium";"Ja";"F2";"";"Westerdok";"Westerdok";"";"";"";"1";"";"0 exemplaren";"POINT(4.8916519,52.3869216)";"POINT(52.3869216,4.8916519)";4.8916519;52.3869216;
70;"BE_288";"Tongvaren";"Asplenium scolopendrium";"Ja";"F2";"";"Het IJ";"Westerdoksdijk";"";"";"";"";"";"1";"POINT(4.8916228,52.3895117)";"POINT(52.3895117,4.8916228)";4.8916228;52.3895117;
71;"NB_990";"Muurfijnstraal";"Erigeron karvinskianus";"Ja";"";"";"Singel";"Singel";"";"2";"";"2";"";"0 exemplaren";"POINT(4.8917968,52.3765151)";"POINT(52.3765151,4.8917968)";4.8917968;52.3765151;
72;"BE_288";"Tongvaren";"Asplenium scolopendrium";"Ja";"F2";"";"Prinsengracht";"Brug Vijzelstraat";"70";"";"";"1";"";"0 exemplaren";"POINT(4.8920009,52.3622252)";"POINT(52.3622252,4.8920009)";4.8920009;52.3622252;
73;"BE_288";"Tongvaren";"Asplenium scolopendrium";"Ja";"F2";"";"Herengracht";"Herengracht";"";"";"";"1";"";"0 exemplaren";"POINT(4.8918159,52.3787619)";"POINT(52.3787619,4.8918159)";4.8918159;52.3787619;
74;"BE_290";"Steenbreekvaren";"Asplenium trichomanes";"Ja";"F2";"";"Het IJ";"Westerdoksdijk";"";"";"";"";"";"3";"POINT(4.8916972,52.3894927)";"POINT(52.3894927,4.8916972)";4.8916972;52.3894927;
75;"BE_290";"Steenbreekvaren";"Asplenium trichomanes";"Ja";"F2";"";"Westerdok";"Westerdok";"";"";"";"1";"";"0 exemplaren";"POINT(4.8917329,52.3875624)";"POINT(52.3875624,4.8917329)";4.8917329;52.3875624;
76;"BE_826";"Blaasvaren";"Cystopteris fragilis";"Ja";"F2";"BE";"Het IJ";"Westerdoksdijk";"";"";"";"3";"";"0 exemplaren";"POINT(4.8917258,52.3894927)";"POINT(52.3894927,4.8917258)";4.8917258;52.3894927;
77;"BE_826";"Blaasvaren";"Cystopteris fragilis";"Ja";"F2";"BE";"Het IJ";"Westerdoksdijk";"";"";"";"4";"";"0 exemplaren";"POINT(4.8917258,52.3894927)";"POINT(52.3894927,4.8917258)";4.8917258;52.3894927;
78;"BE_826";"Blaasvaren";"Cystopteris fragilis";"Ja";"F2";"BE";"Het IJ";"Westerdoksdijk";"";"";"";"2";"";"0 exemplaren";"POINT(4.891741,52.389466)";"POINT(52.389466,4.891741)";4.891741;52.389466;
79;"NB_2014";"Brede eikvaren";"Polypodium interjectum";"Ja";"";"";"Het IJ";"Westerdoksdijk";"";"";"";"1";"";"1";"POINT(4.8917859,52.3894126)";"POINT(52.3894126,4.8917859)";4.8917859;52.3894126;
80;"BE_826";"Blaasvaren";"Cystopteris fragilis";"Ja";"F2";"BE";"Het IJ";"Westerdoksdijk";"";"";"";"1";"";"0 exemplaren";"POINT(4.8918159,52.3893324)";"POINT(52.3893324,4.8918159)";4.8918159;52.3893324;
81;"BE_290";"Steenbreekvaren";"Asplenium trichomanes";"Ja";"F2";"";"Het IJ";"Westerdoksdijk";"";"1";"";"8";"";"30";"POINT(4.8918459,52.389279)";"POINT(52.389279,4.8918459)";4.8918459;52.389279;
82;"BE_826";"Blaasvaren";"Cystopteris fragilis";"Ja";"F2";"BE";"Het IJ";"Westerdoksdijk";"";"";"";"2";"";"1";"POINT(4.8918459,52.38926)";"POINT(52.38926,4.8918459)";4.8918459;52.38926;
83;"BE_2100";"Gele helmbloem";"Pseudofumaria lutea";"Ja";"F2";"";"Herengracht";"Herengracht";"";"";"";"1";"";"4";"POINT(4.8919899,52.3789603)";"POINT(52.3789603,4.8919899)";4.8919899;52.3789603;
84;"BE_290";"Steenbreekvaren";"Asplenium trichomanes";"Ja";"F2";"";"Het IJ";"Westerdoksdijk";"";"1";"";"2";"";"13";"POINT(4.891876,52.3892256)";"POINT(52.3892256,4.891876)";4.891876;52.3892256;
85;"BE_826";"Blaasvaren";"Cystopteris fragilis";"Ja";"F2";"BE";"Het IJ";"Westerdoksdijk";"";"";"";"1";"";"0 exemplaren";"POINT(4.8918912,52.3891799)";"POINT(52.3891799,4.8918912)";4.8918912;52.3891799;
86;"BE_826";"Blaasvaren";"Cystopteris fragilis";"Ja";"F2";"BE";"Het IJ";"Westerdoksdijk";"";"";"";"2";"";"0 exemplaren";"POINT(4.8918912,52.3891875)";"POINT(52.3891875,4.8918912)";4.8918912;52.3891875;
87;"BE_290";"Steenbreekvaren";"Asplenium trichomanes";"Ja";"F2";"";"Het IJ";"Westerdoksdijk";"";"";"";"7";"";"10";"POINT(4.8918912,52.3891875)";"POINT(52.3891875,4.8918912)";4.8918912;52.3891875;
88;"BE_290";"Steenbreekvaren";"Asplenium trichomanes";"Ja";"F2";"";"Het IJ";"Westerdoksdijk";"";"2";"";"2";"";"3";"POINT(4.8919208,52.3891341)";"POINT(52.3891341,4.8919208)";4.8919208;52.3891341;
89;"BE_290";"Steenbreekvaren";"Asplenium trichomanes";"Ja";"F2";"";"Rokin";"Rokin";"";"";"";"1";"";"0 exemplaren";"POINT(4.8922179,52.3690955)";"POINT(52.3690955,4.8922179)";4.8922179;52.3690955;
90;"BE_1863";"Klein glaskruid";"Parietaria judaica";"Ja";"F2";"";"Singel";"Brug Korsjespoortsteeg";"12";"";"";"1";"";"10";"POINT(4.8922188,52.3769232)";"POINT(52.3769232,4.8922188)";4.8922188;52.3769232;
91;"BE_288";"Tongvaren";"Asplenium scolopendrium";"Ja";"F2";"";"Herengracht";"Herengracht";"";"";"";"1";"";"0 exemplaren";"POINT(4.89238,52.3651129)";"POINT(52.3651129,4.89238)";4.89238;52.3651129;
92;"BE_288";"Tongvaren";"Asplenium scolopendrium";"Ja";"F2";"";"Rokin";"Rokin";"";"3";"";"4";"";"0 exemplaren";"POINT(4.892349,52.3691374)";"POINT(52.3691374,4.892349)";4.892349;52.3691374;
93;"BE_288";"Tongvaren";"Asplenium scolopendrium";"Ja";"F2";"";"Rokin";"Rokin";"";"8";"";"5";"";"0 exemplaren";"POINT(4.8924668,52.3691413)";"POINT(52.3691413,4.8924668)";4.8924668;52.3691413;
94;"NB_600";"Spoorbloem";"Centranthus ruber";"Ja";"";"";"Lijnbaansgracht";"Lijnbaansgracht";"";"";"";"1";"";"0 exemplaren";"POINT(4.8925979,52.3600089)";"POINT(52.3600089,4.8925979)";4.8925979;52.3600089;
95;"BE_290";"Steenbreekvaren";"Asplenium trichomanes";"Ja";"F2";"";"Het IJ";"Stenen Hoofd";"";"23";"";"57";"";"76";"POINT(4.8923428,52.3894583)";"POINT(52.3894583,4.8923428)";4.8923428;52.3894583;
96;"BE_1863";"Klein glaskruid";"Parietaria judaica";"Ja";"F2";"";"Brouwersgracht";"Brouwersgracht";"";"";"";"";"";"3";"POINT(4.8925159,52.3792159)";"POINT(52.3792159,4.8925159)";4.8925159;52.3792159;
97;"BE_1863";"Klein glaskruid";"Parietaria judaica";"Ja";"F2";"";"Brouwersgracht";"Brouwersgracht";"";"1";"";"3";"";"4";"POINT(4.892575,52.3791968)";"POINT(52.3791968,4.892575)";4.892575;52.3791968;
98;"BE_288";"Tongvaren";"Asplenium scolopendrium";"Ja";"F2";"";"Singelgracht";"Stadhouderskade";"";"2";"";"8";"";"11";"POINT(4.892854,52.3580977)";"POINT(52.3580977,4.892854)";4.892854;52.3580977;
99;"BE_290";"Steenbreekvaren";"Asplenium trichomanes";"Ja";"F2";"";"Singelgracht";"Stadhouderskade";"";"";"";"";"";"1";"POINT(4.892854,52.3580977)";"POINT(52.3580977,4.892854)";4.892854;52.3580977;
100;"BE_288";"Tongvaren";"Asplenium scolopendrium";"Ja";"F2";"";"Lijnbaansgracht";"achter Weteringschans";"";"";"";"1";"";"0 exemplaren";"POINT(4.8928502,52.3597838)";"POINT(52.3597838,4.8928502)";4.8928502;52.3597838;
101;"NB_990";"Muurfijnstraal";"Erigeron karvinskianus";"Ja";"";"";"Lijnbaansgracht";"Weteringschans";"";"";"";"1";"";"17";"POINT(4.89307,52.3597762)";"POINT(52.3597762,4.89307)";4.89307;52.3597762;
102;"BE_290";"Steenbreekvaren";"Asplenium trichomanes";"Ja";"F2";"";"Het IJ";"Westerdoksdijk";"";"7";"";"16";"";"32";"POINT(4.8927581,52.387818)";"POINT(52.387818,4.8927581)";4.8927581;52.387818;
103;"BE_625";"Schubvaren";"Ceterach officinarum";"Ja";"F2";"GE";"Het IJ";"Stenen Hoofd";"";"";"";"1";"";"1";"POINT(4.8928029,52.3890578)";"POINT(52.3890578,4.8928029)";4.8928029;52.3890578;
104;"BE_625";"Schubvaren";"Ceterach officinarum";"Ja";"F2";"GE";"Het IJ";"Stenen Hoofd";"";"";"1";"1";"";"1";"POINT(4.8928029,52.3890578)";"POINT(52.3890578,4.8928029)";4.8928029;52.3890578;
105;"BE_288";"Tongvaren";"Asplenium scolopendrium";"Ja";"F2";"";"Singel";"Brug Muntplein";"1";"";"";"1";"";"0 exemplaren";"POINT(4.8930929,52.3669669)";"POINT(52.3669669,4.8930929)";4.8930929;52.3669669;
106;"BE_625";"Schubvaren";"Ceterach officinarum";"Ja";"F2";"GE";"Het IJ";"Stenen Hoofd";"";"";"";"1";"";"1";"POINT(4.8929479,52.3892027)";"POINT(52.3892027,4.8929479)";4.8929479;52.3892027;
107;"BE_625";"Schubvaren";"Ceterach officinarum";"Ja";"F2";"GE";"Het IJ";"Stenen Hoofd";"";"1";"1";"1";"1";"1";"POINT(4.892977,52.3892371)";"POINT(52.3892371,4.892977)";4.892977;52.3892371;
108;"BE_625";"Schubvaren";"Ceterach officinarum";"Ja";"F2";"GE";"Het IJ";"Stenen Hoofd";"";"278";"274";"379";"376";"539";"POINT(4.8931229,52.389382)";"POINT(52.389382,4.8931229)";4.8931229;52.389382;
109;"NB_2014";"Brede eikvaren";"Polypodium interjectum";"Ja";"";"";"Het IJ";"Stenen Hoofd";"";"1";"1";"1";"1";"1";"POINT(4.8932679,52.3895346)";"POINT(52.3895346,4.8932679)";4.8932679;52.3895346;
110;"BE_290";"Steenbreekvaren";"Asplenium trichomanes";"Ja";"F2";"";"Keizersgracht";"Keizersgracht";"";"";"";"2";"";"3";"POINT(4.8936298,52.3635451)";"POINT(52.3635451,4.8936298)";4.8936298;52.3635451;
111;"BE_1863";"Klein glaskruid";"Parietaria judaica";"Ja";"F2";"";"Singel";"Singel";"";"";"";"";"";"1";"POINT(4.8936388,52.3786551)";"POINT(52.3786551,4.8936388)";4.8936388;52.3786551;
112;"BE_290";"Steenbreekvaren";"Asplenium trichomanes";"Ja";"F2";"";"Herengracht";"Herengracht";"";"";"";"1";"";"0 exemplaren";"POINT(4.8939531,52.3648955)";"POINT(52.3648955,4.8939531)";4.8939531;52.3648955;
113;"BE_288";"Tongvaren";"Asplenium scolopendrium";"Ja";"F2";"";"Grimburgwal";"Grimburgwal";"";"";"";"1";"";"0 exemplaren";"POINT(4.8945658,52.3691565)";"POINT(52.3691565,4.8945658)";4.8945658;52.3691565;
114;"BE_290";"Steenbreekvaren";"Asplenium trichomanes";"Ja";"F2";"";"Het IJ";"Westerdoksdijk";"";"";"";"1";"";"0 exemplaren";"POINT(4.891741,52.3894583)";"POINT(52.3894583,4.891741)";4.891741;52.3894583;
115;"BE_826";"Blaasvaren";"Cystopteris fragilis";"Ja";"F2";"BE";"Het IJ";"Westerdoksdijk";"";"";"";"1";"";"0 exemplaren";"POINT(4.8917859,52.3893935)";"POINT(52.3893935,4.8917859)";4.8917859;52.3893935;
116;"NB_990";"Muurfijnstraal";"Erigeron karvinskianus";"Ja";"";"";"Oudezijds Voorburgwal";"Oudezijds Voorburgwal";"";"";"";"1";"";"0 exemplaren";"POINT(4.8953621,52.3715788)";"POINT(52.3715788,4.8953621)";4.8953621;52.3715788;
117;"BE_2100";"Gele helmbloem";"Pseudofumaria lutea";"Ja";"F2";"";"Keizersgracht";"Brug Keizersgracht, over reguliersgracht\";"39";"1";"";"1";"";"0 exemplaren";"POINT(4.8958771,52.3635108)";"POINT(52.3635108,4.8958771)";4.8958771;52.3635108;
118;"BE_288";"Tongvaren";"Asplenium scolopendrium";"Ja";"F2";"";"Reguliersgracht";"Reguliersgracht";"";"";"";"";"";"2";"POINT(4.895931,52.3625647)";"POINT(52.3625647,4.895931)";4.895931;52.3625647;
119;"NB_600";"Spoorbloem";"Centranthus ruber";"Ja";"";"";"Amstel";"brug Kloveniersburgwal";"221";"";"";"1";"";"";"POINT(4.89589,52.3676612)";"POINT(52.3676612,4.89589)";4.89589;52.3676612;
120;"BE_288";"Tongvaren";"Asplenium scolopendrium";"Ja";"F2";"";"Reguliersgracht";"Reguliersgracht";"";"1";"";"2";"";"0 exemplaren";"POINT(4.896013,52.3645178)";"POINT(52.3645178,4.896013)";4.896013;52.3645178;
121;"NB_990";"Muurfijnstraal";"Erigeron karvinskianus";"Ja";"";"";"Oudezijds Achterburgwal";"Oudezijds Achterburgwal";"";"";"";"1";"";"0 exemplaren";"POINT(4.8959768,52.3703963)";"POINT(52.3703963,4.8959768)";4.8959768;52.3703963;
122;"BE_288";"Tongvaren";"Asplenium scolopendrium";"Ja";"F2";"";"Keizersgracht";"Brug Reguliersgracht";"39";"2";"";"3";"";"3";"POINT(4.8960679,52.3634841)";"POINT(52.3634841,4.8960679)";4.8960679;52.3634841;
123;"BE_288";"Tongvaren";"Asplenium scolopendrium";"Ja";"F2";"";"Reguliersgracht";"Reguliersgracht";"";"";"";"";"";"1";"POINT(4.896065,52.3637625)";"POINT(52.3637625,4.896065)";4.896065;52.3637625;
124;"BE_288";"Tongvaren";"Asplenium scolopendrium";"Ja";"F2";"";"Herengracht";"Brug Thorbeckeplein";"32";"1";"";"";"";"0 exemplaren";"POINT(4.8961551,52.3649222)";"POINT(52.3649222,4.8961551)";4.8961551;52.3649222;
125;"BE_288";"Tongvaren";"Asplenium scolopendrium";"Ja";"F2";"";"Herengracht";"Herengracht";"";"1";"";"";"";"0 exemplaren";"POINT(4.8962872,52.3649489)";"POINT(52.3649489,4.8962872)";4.8962872;52.3649489;
126;"BE_2100";"Gele helmbloem";"Pseudofumaria lutea";"Ja";"F2";"";"Keizersgracht";"Keizersgracht";"";"8";"";"4";"";"9";"POINT(4.8965099,52.3633162)";"POINT(52.3633162,4.8965099)";4.8965099;52.3633162;
127;"BE_288";"Tongvaren";"Asplenium scolopendrium";"Ja";"F2";"";"Reguliersgracht";"Reguliersgracht";"";"";"";"";"";"1";"POINT(4.8967192,52.3603484)";"POINT(52.3603484,4.8967192)";4.8967192;52.3603484;
128;"BE_284";"Zwartsteel";"Asplenium adiantum-nigrum";"Ja";"F2";"";"Oudezijds Achterburgwal";"Oudezijds Achterburgwal";"";"";"";"1";"";"0 exemplaren";"POINT(4.89663,52.3711173)";"POINT(52.3711173,4.89663)";4.89663;52.3711173;
129;"BE_288";"Tongvaren";"Asplenium scolopendrium";"Ja";"F2";"";"Open Haven";"Prins Hendrikskade";"";"";"";"";"";"1";"POINT(4.8968532,52.3788649)";"POINT(52.3788649,4.8968532)";4.8968532;52.3788649;
130;"BE_288";"Tongvaren";"Asplenium scolopendrium";"Ja";"F2";"";"Prinsengracht";"Prinsengracht";"";"";"";"";"";"2";"POINT(4.8971751,52.3616568)";"POINT(52.3616568,4.8971751)";4.8971751;52.3616568;
131;"NB_2021";"Stijve naaldvaren";"Polystichum aculeatum";"Ja";"";"GE";"Prinsengracht";"Prinsengracht";"";"";"";"";"";"1";"POINT(4.8972771,52.3616721)";"POINT(52.3616721,4.8972771)";4.8972771;52.3616721;
132;"NB_600";"Spoorbloem";"Centranthus ruber";"Ja";"";"";"Groenburgwal";"Groenburgwal";"";"";"";"2";"";"0 exemplaren";"POINT(4.8972681,52.3678557)";"POINT(52.3678557,4.8972681)";4.8972681;52.3678557;
133;"NB_990";"Muurfijnstraal";"Erigeron karvinskianus";"Ja";"";"";"Groenburgwal";"Groenburgwal";"";"";"";"1";"";"0 exemplaren";"POINT(4.8973839,52.3680007)";"POINT(52.3680007,4.8973839)";4.8973839;52.3680007;
134;"BE_290";"Steenbreekvaren";"Asplenium trichomanes";"Ja";"F2";"";"Prinsengracht";"Prinsengracht";"";"0 exemplaren";"";"0 exemplaren";"";"1";"POINT(4.8977311,52.3617636)";"POINT(52.3617636,4.8977311)";4.8977311;52.3617636;
135;"NB_990";"Muurfijnstraal";"Erigeron karvinskianus";"Ja";"";"";"Prinsengracht";"Prinsengracht";"";"1";"";"1";"";"0 exemplaren";"POINT(4.897804,52.3617827)";"POINT(52.3617827,4.897804)";4.897804;52.3617827;
136;"BE_290";"Steenbreekvaren";"Asplenium trichomanes";"Ja";"F2";"";"Prinsengracht";"Prinsengracht";"";"";"";"";"";"1";"POINT(4.897805,52.3617751)";"POINT(52.3617751,4.897805)";4.897805;52.3617751;
137;"NB_990";"Muurfijnstraal";"Erigeron karvinskianus";"Ja";"";"";"Prinsengracht";"Prinsengracht";"";"2";"";"2";"";"2";"POINT(4.8978779,52.3617903)";"POINT(52.3617903,4.8978779)";4.8978779;52.3617903;
138;"BE_288";"Tongvaren";"Asplenium scolopendrium";"Ja";"F2";"";"Open Haven";"Prins Hendrikskade";"13";"";"";"6";"";"5";"POINT(4.8977091,52.3784262)";"POINT(52.3784262,4.8977091)";4.8977091;52.3784262;
139;"BE_290";"Steenbreekvaren";"Asplenium trichomanes";"Ja";"F2";"";"Nieuwe Prinsengracht";"Nieuwe Prinsengracht";"";"1";"";"";"";"1";"POINT(4.9079869,52.3636405)";"POINT(52.3636405,4.9079869)";4.9079869;52.3636405;
140;"BE_826";"Blaasvaren";"Cystopteris fragilis";"Ja";"F2";"BE";"Noord-Hollandsch kanaal";"Willem-I-sluis";"";"0 exemplaren";"";"";"";"0 exemplaren";"POINT(4.90783,52.3836638)";"POINT(52.3836638,4.90783)";4.90783;52.3836638;
141;"BE_288";"Tongvaren";"Asplenium scolopendrium";"Ja";"F2";"";"Noord-Hollandsch kanaal";"Willem-I-sluis";"SLU";"15";"";"2";"0 exemplaren";"0 exemplaren";"POINT(4.9078591,52.3836714)";"POINT(52.3836714,4.9078591)";4.9078591;52.3836714;
142;"BE_290";"Steenbreekvaren";"Asplenium trichomanes";"Ja";"F2";"";"Oosterdok";"Prins Hendrikskade";"";"3";"";"2";"";"3";"POINT(4.9080002,52.3734099)";"POINT(52.3734099,4.9080002)";4.9080002;52.3734099;
143;"NB_600";"Spoorbloem";"Centranthus ruber";"Ja";"";"";"Noord-Hollandsch kanaal";"Sixhavenweg (Willem-III-sluis)";"SLU";"";"";"1";"0 exemplaren";"0 exemplaren";"POINT(4.9079311,52.3825041)";"POINT(52.3825041,4.9079311)";4.9079311;52.3825041;
144;"NB_2638";"Moerasvaren";"Thelypteris palustris";"Ja";"";"";"Noord-Hollandsch kanaal";"Willem-I-sluis";"SLU";"1";"1";"1";"";"0 exemplaren";"POINT(4.9079759,52.3837172)";"POINT(52.3837172,4.9079759)";4.9079759;52.3837172;
145;"BE_288";"Tongvaren";"Asplenium scolopendrium";"Ja";"F2";"";"Oosterdok";"Prins Hendrikskade";"";"1";"";"1";"";"1";"POINT(4.9082048,52.3733832)";"POINT(52.3733832,4.9082048)";4.9082048;52.3733832;
146;"NB_600";"Spoorbloem";"Centranthus ruber";"Ja";"";"";"Noord-Hollandsch kanaal";"Sixhavenweg (Willem-III-sluis)";"SLU";"";"";"3";"0 exemplaren";"0 exemplaren";"POINT(4.908107,52.3825041)";"POINT(52.3825041,4.908107)";4.908107;52.3825041;
147;"BE_2100";"Gele helmbloem";"Pseudofumaria lutea";"Ja";"F2";"";"Nieuwe Prinsengracht";"Nieuwe Prinsengracht";"";"";"";"";"2";"2";"POINT(4.9083068,52.3639189)";"POINT(52.3639189,4.9083068)";4.9083068;52.3639189;
148;"BE_288";"Tongvaren";"Asplenium scolopendrium";"Ja";"F2";"";"Noord-Hollandsch kanaal";"Meeuwenlaan";"SLU";"";"";"1";"0 exemplaren";"0 exemplaren";"POINT(4.9083288,52.3823897)";"POINT(52.3823897,4.9083288)";4.9083288;52.3823897;
149;"NB_600";"Spoorbloem";"Centranthus ruber";"Ja";"";"";"Noord-Hollandsch kanaal";"Meeuwenlaan (Willem-III-sluis)";"SLU";"";"";"3";"0 exemplaren";"0 exemplaren";"POINT(4.9083431,52.3823973)";"POINT(52.3823973,4.9083431)";4.9083431;52.3823973;
150;"BE_288";"Tongvaren";"Asplenium scolopendrium";"Ja";"F2";"";"Singelgracht";"Mauritskade";"263";"";"";"";"6";"0 exemplaren";"POINT(4.9086502,52.360768)";"POINT(52.360768,4.9086502)";4.9086502;52.360768;
151;"NB_600";"Spoorbloem";"Centranthus ruber";"Ja";"";"";"Noord-Hollandsch kanaal";"Sixhavenweg (Willem-III-sluis)";"SLU";"";"";"1";"0 exemplaren";"0 exemplaren";"POINT(4.9084418,52.3827407)";"POINT(52.3827407,4.9084418)";4.9084418;52.3827407;
152;"BE_288";"Tongvaren";"Asplenium scolopendrium";"Ja";"F2";"";"Singelgracht";"Mauritskade";"263";"38";"";"32";"24";"26";"POINT(4.9088581,52.3605086)";"POINT(52.3605086,4.9088581)";4.9088581;52.3605086;
153;"BE_284";"Zwartsteel";"Asplenium adiantum-nigrum";"Ja";"F2";"";"Nieuwe Prinsengracht";"Nieuwe Prinsengracht";"";"";"";"";"";"5";"POINT(4.9089692,52.3638159)";"POINT(52.3638159,4.9089692)";4.9089692;52.3638159;
154;"BE_290";"Steenbreekvaren";"Asplenium trichomanes";"Ja";"F2";"";"Nieuwe Prinsengracht";"Nieuwe Prinsengracht";"";"75";"";"";"4";"10";"POINT(4.9089839,52.3638236)";"POINT(52.3638236,4.9089839)";4.9089839;52.3638236;
155;"BE_288";"Tongvaren";"Asplenium scolopendrium";"Ja";"F2";"";"Noord-Hollandsch kanaal";"Meeuwenlaan";"SLU";"3";"";"4";"0 exemplaren";"0 exemplaren";"POINT(4.9089549,52.3828513)";"POINT(52.3828513,4.9089549)";4.9089549;52.3828513;
156;"NB_2638";"Moerasvaren";"Thelypteris palustris";"Ja";"";"";"Singelgracht";"Mauritskade";"";"";"";"";"1";"1";"POINT(4.90924,52.3604895)";"POINT(52.3604895,4.90924)";4.90924;52.3604895;
157;"BE_826";"Blaasvaren";"Cystopteris fragilis";"Ja";"F2";"BE";"Kadoelerbreek";"Landsmeerderdijk";"";"40";"48";"50";"";"24";"POINT(4.9088199,52.4090125)";"POINT(52.4090125,4.9088199)";4.9088199;52.4090125;
158;"BE_288";"Tongvaren";"Asplenium scolopendrium";"Ja";"F2";"";"Kadoelerbreek";"Landsmeerderdijk";"";"33";"40";"45";"";"56";"POINT(4.9088199,52.4090125)";"POINT(52.4090125,4.9088199)";4.9088199;52.4090125;
159;"BE_826";"Blaasvaren";"Cystopteris fragilis";"Ja";"F2";"BE";"Kadoelerbreek";"Landsmeerderdijk";"";"5";"4";"3";"";"4";"POINT(4.9088499,52.4089858)";"POINT(52.4089858,4.9088499)";4.9088499;52.4089858;
160;"BE_288";"Tongvaren";"Asplenium scolopendrium";"Ja";"F2";"";"Kadoelerbreek";"Landsmeerderdijk";"";"18";"12";"14";"";"36";"POINT(4.9088499,52.4089858)";"POINT(52.4089858,4.9088499)";4.9088499;52.4089858;
161;"BE_826";"Blaasvaren";"Cystopteris fragilis";"Ja";"F2";"BE";"Kadoelerbreek";"Landsmeerderdijk";"";"2";"2";"4";"";"0 exemplaren";"POINT(4.908879,52.4090201)";"POINT(52.4090201,4.908879)";4.908879;52.4090201;
162;"BE_288";"Tongvaren";"Asplenium scolopendrium";"Ja";"F2";"";"Kadoelerbreek";"Landsmeerderdijk";"";"4";"2";"3";"";"1";"POINT(4.9088781,52.4090506)";"POINT(52.4090506,4.9088781)";4.9088781;52.4090506;
163;"NB_600";"Spoorbloem";"Centranthus ruber";"Ja";"";"";"Noord-Hollandsch kanaal";"Meeuwenlaan (Willem-III-sluis)";"SLU";"";"";"2";"0 exemplaren";"0 exemplaren";"POINT(4.9091742,52.3829962)";"POINT(52.3829962,4.9091742)";4.9091742;52.3829962;
164;"BE_826";"Blaasvaren";"Cystopteris fragilis";"Ja";"F2";"BE";"Kadoelerbreek";"Landsmeerderdijk";"";"";"";"";"";"1";"POINT(4.9089072,52.4090926)";"POINT(52.4090926,4.9089072)";4.9089072;52.4090926;
165;"BE_288";"Tongvaren";"Asplenium scolopendrium";"Ja";"F2";"";"Noord-Hollandsch kanaal";"Meeuwenlaan";"SLU";"";"";"40";"0 exemplaren";"0 exemplaren";"POINT(4.9092028,52.3830115)";"POINT(52.3830115,4.9092028)";4.9092028;52.3830115;
166;"BE_288";"Tongvaren";"Asplenium scolopendrium";"Ja";"F2";"";"Noord-Hollandsch kanaal";"Sixhavenweg (Willem-III-sluis)";"SLU";"";"";"1";"0 exemplaren";"0 exemplaren";"POINT(4.9092152,52.3832823)";"POINT(52.3832823,4.9092152)";4.9092152;52.3832823;
167;"NB_600";"Spoorbloem";"Centranthus ruber";"Ja";"";"";"Nieuwe Achtergracht";"Nieuwe Achtergracht";"";"0 exemplaren";"";"";"";"0 exemplaren";"POINT(4.9094508,52.3627211)";"POINT(52.3627211,4.9094508)";4.9094508;52.3627211;
168;"BE_288";"Tongvaren";"Asplenium scolopendrium";"Ja";"F2";"";"Nieuwe Prinsengracht";"Nieuwe Prinsengracht";"";"1";"";"";"";"0 exemplaren";"POINT(4.9094531,52.3639075)";"POINT(52.3639075,4.9094531)";4.9094531;52.3639075;
169;"BE_288";"Tongvaren";"Asplenium scolopendrium";"Ja";"F2";"";"Nieuwe Achtergracht";"Nieuwe Achtergracht";"";"0 exemplaren";"";"";"";"0 exemplaren";"POINT(4.9094779,52.3629271)";"POINT(52.3629271,4.9094779)";4.9094779;52.3629271;
170;"NB_990";"Muurfijnstraal";"Erigeron karvinskianus";"Ja";"";"";"Noord-Hollandsch kanaal";"Meeuwenlaan (Willem-III-sluis)";"SLU";"";"";"1";"0 exemplaren";"0 exemplaren";"POINT(4.909261,52.3830573)";"POINT(52.3830573,4.909261)";4.909261;52.3830573;
171;"BE_826";"Blaasvaren";"Cystopteris fragilis";"Ja";"F2";"BE";"Kadoelerbreek";"Landsmeerderdijk";"";"10";"16";"16";"";"36";"POINT(4.908982,52.4090048)";"POINT(52.4090048,4.908982)";4.908982;52.4090048;
172;"BE_826";"Blaasvaren";"Cystopteris fragilis";"Ja";"F2";"BE";"Kadoelerbreek";"Landsmeerderdijk";"";"";"7";"5";"";"10";"POINT(4.9089959,52.4090315)";"POINT(52.4090315,4.9089959)";4.9089959;52.4090315;
173;"BE_288";"Tongvaren";"Asplenium scolopendrium";"Ja";"F2";"";"Kadoelerbreek";"Landsmeerderdijk";"";"1";"1";"9";"";"27";"POINT(4.9090259,52.4089858)";"POINT(52.4089858,4.9090259)";4.9090259;52.4089858;
174;"BE_288";"Tongvaren";"Asplenium scolopendrium";"Ja";"F2";"";"Oosterdok";"Oosterdok";"";"";"";"1";"";"1";"POINT(4.9097559,52.3725287)";"POINT(52.3725287,4.9097559)";4.9097559;52.3725287;
175;"NB_2421";"Tripmadam";"Sedum reflexum";"Ja";"";"BE";"Oosterdok";"Oosterdok";"";"";"";"";"";"1";"POINT(4.9097569,52.3725173)";"POINT(52.3725173,4.9097569)";4.9097569;52.3725173;
176;"BE_826";"Blaasvaren";"Cystopteris fragilis";"Ja";"F2";"BE";"Kadoelerbreek";"Landsmeerderdijk";"";"";"";"";"";"1";"POINT(4.908839,52.4090544)";"POINT(52.4090544,4.908839)";4.908839;52.4090544;
177;"BE_284";"Zwartsteel";"Asplenium adiantum-nigrum";"Ja";"F2";"";"Oosterdok";"Prins Hendrikskade= Oosterddok";"";"1";"";"0 exemplaren";"";"1";"POINT(4.9102871,52.3723418)";"POINT(52.3723418,4.9102871)";4.9102871;52.3723418;
178;"BE_2100";"Gele helmbloem";"Pseudofumaria lutea";"Ja";"F2";"";"Singelgracht";"Mauritskade";"";"";"";"";"";"1";"POINT(4.9106629,52.3605696)";"POINT(52.3605696,4.9106629)";4.9106629;52.3605696;
179;"NB_2638";"Moerasvaren";"Thelypteris palustris";"Ja";"";"";"Singelgracht";"Mauritskade";"";"0 exemplaren";"";"2";"3";"2";"POINT(4.9109261,52.3606688)";"POINT(52.3606688,4.9109261)";4.9109261;52.3606688;
180;"BE_2100";"Gele helmbloem";"Pseudofumaria lutea";"Ja";"F2";"";"Nieuwe Achtergracht";"Nieuwe Achtergracht";"";"";"";"";"1";"0 exemplaren";"POINT(4.9110482,52.3630416)";"POINT(52.3630416,4.9110482)";4.9110482;52.3630416;
181;"BE_2100";"Gele helmbloem";"Pseudofumaria lutea";"Ja";"F2";"";"Nieuwe Herengracht";"Schipperssluis";"SLU";"0 exemplaren";"";"";"";"14";"POINT(4.9111788,52.3699271)";"POINT(52.3699271,4.9111788)";4.9111788;52.3699271;
182;"BE_288";"Tongvaren";"Asplenium scolopendrium";"Ja";"F2";"";"Singelgracht";"Mauritskade";"187";"3";"";"";"";"0 exemplaren";"POINT(4.9114368,52.3609473)";"POINT(52.3609473,4.9114368)";4.9114368;52.3609473;
183;"BE_284";"Zwartsteel";"Asplenium adiantum-nigrum";"Ja";"F2";"";"Entrepotdok";"Plantagekade";"";"";"";"";"";"1";"POINT(4.9114511,52.3691985)";"POINT(52.3691985,4.9114511)";4.9114511;52.3691985;
184;"BE_290";"Steenbreekvaren";"Asplenium trichomanes";"Ja";"F2";"";"Nieuwe Herengracht";"Schipperssluis";"SLU";"";"";"";"";"1";"POINT(4.9115288,52.3701521)";"POINT(52.3701521,4.9115288)";4.9115288;52.3701521;
185;"BE_288";"Tongvaren";"Asplenium scolopendrium";"Ja";"F2";"";"Singelgracht";"Brug Mauritskade Spinozastraat";"187";"1";"";"";"";"0 exemplaren";"POINT(4.9117138,52.361138)";"POINT(52.361138,4.9117138)";4.9117138;52.361138;
186;"NB_990";"Muurfijnstraal";"Erigeron karvinskianus";"Ja";"";"";"Entrepotdok";"Plantagekade";"";"4";"";"4";"";"6";"POINT(4.9117458,52.3690917)";"POINT(52.3690917,4.9117458)";4.9117458;52.3690917;
187;"BE_288";"Tongvaren";"Asplenium scolopendrium";"Ja";"F2";"";"Singelgracht";"Mauritskade";"";"1";"";"";"";"0 exemplaren";"POINT(4.9119489,52.3611418)";"POINT(52.3611418,4.9119489)";4.9119489;52.3611418;
188;"NB_2638";"Moerasvaren";"Thelypteris palustris";"Ja";"";"";"Entrepotdok";"Plantagekade";"";"1";"";"1";"";"2";"POINT(4.9119079,52.3690383)";"POINT(52.3690383,4.9119079)";4.9119079;52.3690383;
189;"NB_9017";"Rotsnavelkruid";"Umbilicus rupestris";"Ja";"";"";"Entrepotdok";"Entrepotdok";"";"";"";"";"";"3";"POINT(4.9119632,52.3694274)";"POINT(52.3694274,4.9119632)";4.9119632;52.3694274;
190;"BE_288";"Tongvaren";"Asplenium scolopendrium";"Ja";"F2";"";"Entrepotdok";"Plantagekade";"";"";"";"1";"";"1";"POINT(4.9121592,52.3689505)";"POINT(52.3689505,4.9121592)";4.9121592;52.3689505;
191;"NB_990";"Muurfijnstraal";"Erigeron karvinskianus";"Ja";"";"";"Entrepotdok";"Entrepotdok";"";"";"";"";"";"3";"POINT(4.9121692,52.3693549)";"POINT(52.3693549,4.9121692)";4.9121692;52.3693549;
192;"BE_288";"Tongvaren";"Asplenium scolopendrium";"Ja";"F2";"";"Nieuwe Achtergracht";"Nieuwe Achtergracht";"";"3";"";"";"0 exemplaren";"0 exemplaren";"POINT(4.9122488,52.3632704)";"POINT(52.3632704,4.9122488)";4.9122488;52.3632704;
193;"BE_290";"Steenbreekvaren";"Asplenium trichomanes";"Ja";"F2";"";"Oosterdok";"Prins Hendrikskade";"";"";"";"";"";"1";"POINT(4.9122331,52.3716742)";"POINT(52.3716742,4.9122331)";4.9122331;52.3716742;
194;"NB_2421";"Tripmadam";"Sedum reflexum";"Ja";"";"BE";"Entrepotdok";"Entrepotdok";"";"5";"";"8";"1";"0 exemplaren";"POINT(4.9123309,52.3693015)";"POINT(52.3693015,4.9123309)";4.9123309;52.3693015;
195;"NB_990";"Muurfijnstraal";"Erigeron karvinskianus";"Ja";"";"";"Amstel";"Weesperzijde";"";"";"";"";"1";"";"POINT(4.9125779,52.3489729)";"POINT(52.3489729,4.9125779)";4.9125779;52.3489729;
196;"NB_9017";"Rotsnavelkruid";"Umbilicus rupestris";"Ja";"";"";"Entrepotdok";"Entrepotdok";"";"2";"";"1";"";"3";"POINT(4.9123609,52.3692938)";"POINT(52.3692938,4.9123609)";4.9123609;52.3692938;
197;"BE_288";"Tongvaren";"Asplenium scolopendrium";"Ja";"F2";"";"Plantage Muidergracht";"Nieuwe Prinsengracht";"";"1";"";"";"";"0 exemplaren";"POINT(4.9127219,52.36435)";"POINT(52.36435,4.9127219)";4.9127219;52.36435;
198;"NB_600";"Spoorbloem";"Centranthus ruber";"Ja";"";"";"Nieuwe Achtergracht";"Nieuwe Achtergracht";"";"";"";"";"";"5";"POINT(4.9127309,52.3635336)";"POINT(52.3635336,4.9127309)";4.9127309;52.3635336;
199;"BE_290";"Steenbreekvaren";"Asplenium trichomanes";"Ja";"F2";"";"Oosterdok";"Prins Hendrikskade";"";"3";"";"4";"";"7";"POINT(4.912689,52.3715216)";"POINT(52.3715216,4.912689)";4.912689;52.3715216;
200;"NB_2021";"Stijve naaldvaren";"Polystichum aculeatum";"Ja";"";"GE";"IJhaven";"Veemkade";"";"";"";"";"1";"1";"POINT(4.9128029,52.3787314)";"POINT(52.3787314,4.9128029)";4.9128029;52.3787314;
201;"BE_284";"Zwartsteel";"Asplenium adiantum-nigrum";"Ja";"F2";"";"Entrepotdok";"Plantagekade";"";"1";"";"12";"7";"12";"POINT(4.9130428,52.3686492)";"POINT(52.3686492,4.9130428)";4.9130428;52.3686492;
202;"BE_288";"Tongvaren";"Asplenium scolopendrium";"Ja";"F2";"";"Entrepotdok";"Plantagekade";"";"1";"";"2";"";"1";"POINT(4.9130728,52.3686415)";"POINT(52.3686415,4.9130728)";4.9130728;52.3686415;
203;"BE_290";"Steenbreekvaren";"Asplenium trichomanes";"Ja";"F2";"";"Entrepotdok";"Plantagekade";"";"";"";"";"9";"1";"POINT(4.9130871,52.3686301)";"POINT(52.3686301,4.9130871)";4.9130871;52.3686301;
204;"NB_2638";"Moerasvaren";"Thelypteris palustris";"Ja";"";"";"Entrepotdok";"Plantagekade";"";"";"";"";"";"1";"POINT(4.9132202,52.3685843)";"POINT(52.3685843,4.9132202)";4.9132202;52.3685843;
205;"BE_288";"Tongvaren";"Asplenium scolopendrium";"Ja";"F2";"";"IJhaven";"Veemkade";"";"";"";"";"1";"1";"POINT(4.9131272,52.3786704)";"POINT(52.3786704,4.9131272)";4.9131272;52.3786704;
206;"BE_290";"Steenbreekvaren";"Asplenium trichomanes";"Ja";"F2";"";"Singelgracht";"Korte Marnixkade";"";"3";"";"9";"";"10";"POINT(4.8822458,52.3847357)";"POINT(52.3847357,4.8822458)";4.8822458;52.3847357;
207;"BE_290";"Steenbreekvaren";"Asplenium trichomanes";"Ja";"F2";"";"Singelgracht";"Willemsbrug";"151";"";"";"";"";"1";"POINT(4.8822472,52.3846976)";"POINT(52.3846976,4.8822472)";4.8822472;52.3846976;
208;"BE_288";"Tongvaren";"Asplenium scolopendrium";"Ja";"F2";"";"Singelgracht";"Korte Marnixkade";"";"13";"";"15";"14";"15";"POINT(4.882261,52.3847357)";"POINT(52.3847357,4.882261)";4.882261;52.3847357;
209;"BE_288";"Tongvaren";"Asplenium scolopendrium";"Ja";"F2";"";"Lijnbaansgracht";"Lijnbaansgracht";"";"1";"";"1";"";"0 exemplaren";"POINT(4.8823602,52.3825232)";"POINT(52.3825232,4.8823602)";4.8823602;52.3825232;
210;"BE_290";"Steenbreekvaren";"Asplenium trichomanes";"Ja";"F2";"";"Lijnbaansgracht";"Lijnbaansgracht";"";"1";"";"";"";"0 exemplaren";"POINT(4.8823602,52.3825347)";"POINT(52.3825347,4.8823602)";4.8823602;52.3825347;
211;"BE_288";"Tongvaren";"Asplenium scolopendrium";"Ja";"F2";"";"Singelgracht";"Willemsbrug";"151";"179";"200";"184";"159";"254";"POINT(4.882406,52.3849417)";"POINT(52.3849417,4.882406)";4.882406;52.3849417;
212;"BE_288";"Tongvaren";"Asplenium scolopendrium";"Ja";"F2";"";"Egelantiersgracht";"Egelantiersgracht";"";"1";"";"1";"";"0 exemplaren";"POINT(4.8825481,52.3762709)";"POINT(52.3762709,4.8825481)";4.8825481;52.3762709;
213;"NB_990";"Muurfijnstraal";"Erigeron karvinskianus";"Ja";"";"";"Egelantiersgracht";"Egelantiersgracht";"";"";"";"1";"";"0 exemplaren";"POINT(4.8825629,52.3762786)";"POINT(52.3762786,4.8825629)";4.8825629;52.3762786;
214;"NB_990";"Muurfijnstraal";"Erigeron karvinskianus";"Ja";"";"";"Lijnbaansgracht";"Lijnbaansgracht";"";"1";"";"1";"";"0 exemplaren";"POINT(4.88259,52.3828932)";"POINT(52.3828932,4.88259)";4.88259;52.3828932;
215;"BE_288";"Tongvaren";"Asplenium scolopendrium";"Ja";"F2";"";"Prinsengracht";"Prinsengracht";"";"0 exemplaren";"";"1";"";"0 exemplaren";"POINT(4.8827269,52.3721358)";"POINT(52.3721358,4.8827269)";4.8827269;52.3721358;
216;"BE_288";"Tongvaren";"Asplenium scolopendrium";"Ja";"F2";"";"Prinsengracht";"Brug Leidsegracht";"67";"5";"";"2";"";"5";"POINT(4.882807,52.3664137)";"POINT(52.3664137,4.882807)";4.882807;52.3664137;
217;"BE_2100";"Gele helmbloem";"Pseudofumaria lutea";"Ja";"F2";"";"Prinsengracht";"Brug Reestraat";"64";"";"";"";"";"15";"POINT(4.8827531,52.3724677)";"POINT(52.3724677,4.8827531)";4.8827531;52.3724677;
218;"BE_1863";"Klein glaskruid";"Parietaria judaica";"Ja";"F2";"";"Brouwersgracht";"brug Marnixstraat";"149";"";"";"1";"";"0 exemplaren";"POINT(4.8826392,52.3837935)";"POINT(52.3837935,4.8826392)";4.8826392;52.3837935;
219;"BE_2100";"Gele helmbloem";"Pseudofumaria lutea";"Ja";"F2";"";"Prinsengracht";"Prinsengracht";"";"";"";"";"";"1";"POINT(4.8828342,52.3692519)";"POINT(52.3692519,4.8828342)";4.8828342;52.3692519;
220;"BE_288";"Tongvaren";"Asplenium scolopendrium";"Ja";"F2";"";"Lijnbaansgracht";"Lijnbaansgracht";"";"2";"";"1";"";"0 exemplaren";"POINT(4.882807,52.3832289)";"POINT(52.3832289,4.882807)";4.882807;52.3832289;
221;"BE_585";"Stijf hardgras";"Catapodium rigidum";"Ja";"F2";"GE";"Prinsengracht";"Brug Rozengracht";"63";"";"";"1";"";"";"POINT(4.8829248,52.3740965)";"POINT(52.3740965,4.8829248)";4.8829248;52.3740965;
222;"BE_288";"Tongvaren";"Asplenium scolopendrium";"Ja";"F2";"";"Brouwersgracht";"Brouwersgracht";"";"1";"";"8";"";"23";"POINT(4.8828442,52.3838851)";"POINT(52.3838851,4.8828442)";4.8828442;52.3838851;
223;"BE_585";"Stijf hardgras";"Catapodium rigidum";"Ja";"F2";"GE";"Prinsengracht";"Prinsengracht";"";"";"";"25";"";"";"POINT(4.8829768,52.3746993)";"POINT(52.3746993,4.8829768)";4.8829768;52.3746993;
224;"NB_2638";"Moerasvaren";"Thelypteris palustris";"Ja";"";"";"Singelgracht";"Haarlemmerpoort";"";"";"";"";"";"1";"POINT(4.8829029,52.3851248)";"POINT(52.3851248,4.8829029)";4.8829029;52.3851248;
225;"BE_288";"Tongvaren";"Asplenium scolopendrium";"Ja";"F2";"";"Zuider Amstelkanaal";"Gorterstraat";"";"15";"";"15";"";"37";"POINT(4.8833949,52.3468939)";"POINT(52.3468939,4.8833949)";4.8833949;52.3468939;
226;"BE_288";"Tongvaren";"Asplenium scolopendrium";"Ja";"F2";"";"Prinsengracht";"Prinsengracht";"";"3";"";"2";"";"0 exemplaren";"POINT(4.8833148,52.3656775)";"POINT(52.3656775,4.8833148)";4.8833148;52.3656775;
227;"BE_288";"Tongvaren";"Asplenium scolopendrium";"Ja";"F2";"";"Zuider Amstelkanaal";"Gorterstraat";"";"2";"";"3";"";"5";"POINT(4.8836138,52.3470122)";"POINT(52.3470122,4.8836138)";4.8836138;52.3470122;
228;"BE_284";"Zwartsteel";"Asplenium adiantum-nigrum";"Ja";"F2";"";"Westerkanaal";"Houtmankade";"";"";"";"1";"";"1";"POINT(4.8831661,52.386563)";"POINT(52.386563,4.8831661)";4.8831661;52.386563;
229;"BE_288";"Tongvaren";"Asplenium scolopendrium";"Ja";"F2";"";"Prinsengracht";"Brug Bloemgracht";"123";"1";"";"";"";"0 exemplaren";"POINT(4.8833392,52.3751494)";"POINT(52.3751494,4.8833392)";4.8833392;52.3751494;
230;"BE_290";"Steenbreekvaren";"Asplenium trichomanes";"Ja";"F2";"";"Zuider Amstelkanaal";"Apollolaan";"";"";"";"1";"";"0 exemplaren";"POINT(4.8836691,52.3473784)";"POINT(52.3473784,4.8836691)";4.8836691;52.3473784;
231;"BE_288";"Tongvaren";"Asplenium scolopendrium";"Ja";"F2";"";"Prinsengracht";"Brug Bloemgracht";"123";"1";"";"1";"";"1";"POINT(4.8834259,52.3752562)";"POINT(52.3752562,4.8834259)";4.8834259;52.3752562;
232;"BE_288";"Tongvaren";"Asplenium scolopendrium";"Ja";"F2";"";"Westerkanaal";"Voormalige schutsluis willem III";"SLU";"";"";"2";"";"4";"POINT(4.8833611,52.3861853)";"POINT(52.3861853,4.8833611)";4.8833611;52.3861853;
233;"BE_288";"Tongvaren";"Asplenium scolopendrium";"Ja";"F2";"";"Westerkanaal";"Voormalige schutsluis willem III";"SLU";"";"";"3";"";"10";"POINT(4.8833759,52.3861777)";"POINT(52.3861777,4.8833759)";4.8833759;52.3861777;
234;"BE_290";"Steenbreekvaren";"Asplenium trichomanes";"Ja";"F2";"";"Egelantiersgracht";"Egelantiersgracht";"";"1";"";"";"";"8";"POINT(4.8835461,52.3763625)";"POINT(52.3763625,4.8835461)";4.8835461;52.3763625;
235;"BE_585";"Stijf hardgras";"Catapodium rigidum";"Ja";"F2";"GE";"Prinsengracht";"Prinsengracht";"";"";"";"";"";"5";"POINT(4.8835571,52.3753859)";"POINT(52.3753859,4.8835571)";4.8835571;52.3753859;
236;"BE_290";"Steenbreekvaren";"Asplenium trichomanes";"Ja";"F2";"";"Prinsengracht";"Prinsengracht";"";"";"";"";"";"1";"POINT(4.8836839,52.3654257)";"POINT(52.3654257,4.8836839)";4.8836839;52.3654257;
237;"BE_288";"Tongvaren";"Asplenium scolopendrium";"Ja";"F2";"";"Westerkanaal";"Houtmankade";"";"";"";"2";"";"2";"POINT(4.8835218,52.3862502)";"POINT(52.3862502,4.8835218)";4.8835218;52.3862502;
238;"BE_1863";"Klein glaskruid";"Parietaria judaica";"Ja";"F2";"";"Brouwersgracht";"Brouwersgracht";"";"0 exemplaren";"";"0 exemplaren";"";"0 exemplaren";"POINT(4.883868,52.3829161)";"POINT(52.3829161,4.883868)";4.883868;52.3829161;
239;"NB_2638";"Moerasvaren";"Thelypteris palustris";"Ja";"";"";"Westerkanaal";"Houtmankade";"SLU";"";"";"1";"";"1";"POINT(4.8839171,52.3877074)";"POINT(52.3877074,4.8839171)";4.8839171;52.3877074;
240;"NB_2421";"Tripmadam";"Sedum reflexum";"Ja";"";"BE";"Leidsegracht";"Leidsegracht";"";"1";"";"";"";"0 exemplaren";"POINT(4.8841851,52.3665625)";"POINT(52.3665625,4.8841851)";4.8841851;52.3665625;
241;"BE_288";"Tongvaren";"Asplenium scolopendrium";"Ja";"F2";"";"Westerkanaal";"Houtmankade";"";"";"";"1";"";"0 exemplaren";"POINT(4.8840139,52.3868643)";"POINT(52.3868643,4.8840139)";4.8840139;52.3868643;
242;"BE_288";"Tongvaren";"Asplenium scolopendrium";"Ja";"F2";"";"Keizersgracht";"Brug Runstraat";"47";"";"";"";"";"1";"POINT(4.8843791,52.3688971)";"POINT(52.3688971,4.8843791)";4.8843791;52.3688971;
243;"BE_288";"Tongvaren";"Asplenium scolopendrium";"Ja";"F2";"";"Keizersgracht";"Keizersgracht";"";"1";"";"";"";"0 exemplaren";"POINT(4.884414,52.3671195)";"POINT(52.3671195,4.884414)";4.884414;52.3671195;
244;"BE_288";"Tongvaren";"Asplenium scolopendrium";"Ja";"F2";"";"Leidsegracht";"Leidsegracht";"";"1";"";"";"";"0 exemplaren";"POINT(4.8844192,52.3666426)";"POINT(52.3666426,4.8844192)";4.8844192;52.3666426;
245;"BE_288";"Tongvaren";"Asplenium scolopendrium";"Ja";"F2";"";"Keizersgracht";"Brug Keizersgracht";"46";"1";"";"";"";"0 exemplaren";"POINT(4.8845479,52.3669669)";"POINT(52.3669669,4.8845479)";4.8845479;52.3669669;
246;"BE_288";"Tongvaren";"Asplenium scolopendrium";"Ja";"F2";"";"Keizersgracht";"Brug Berenstraat-Wolvenstraat";"48";"";"";"3";"";"0 exemplaren";"POINT(4.8845251,52.3703009)";"POINT(52.3703009,4.8845251)";4.8845251;52.3703009;
247;"BE_1863";"Klein glaskruid";"Parietaria judaica";"Ja";"F2";"";"Brouwersgracht";"Brouwersgracht";"";"1";"";"0 exemplaren";"";"0 exemplaren";"POINT(4.8843849,52.3826224)";"POINT(52.3826224,4.8843849)";4.8843849;52.3826224;
248;"BE_288";"Tongvaren";"Asplenium scolopendrium";"Ja";"F2";"";"Noorder Amstelkanaal";"Brug Stadionweg";"405";"0 exemplaren";"";"";"";"0 exemplaren";"POINT(4.8848159,52.3497588)";"POINT(52.3497588,4.8848159)";4.8848159;52.3497588;
249;"BE_288";"Tongvaren";"Asplenium scolopendrium";"Ja";"F2";"";"Keizersgracht";"Keizersgracht";"";"2";"";"3";"";"0 exemplaren";"POINT(4.8846562,52.3678328)";"POINT(52.3678328,4.8846562)";4.8846562;52.3678328;
250;"BE_290";"Steenbreekvaren";"Asplenium trichomanes";"Ja";"F2";"";"Westerkanaal";"Houtmankade";"SLU";"";"";"";"";"1";"POINT(4.8844321,52.3876196)";"POINT(52.3876196,4.8844321)";4.8844321;52.3876196;
251;"NB_2421";"Tripmadam";"Sedum reflexum";"Ja";"";"BE";"Keizersgracht";"Keizersgracht";"";"2";"";"3";"";"0 exemplaren";"POINT(4.8846948,52.3682334)";"POINT(52.3682334,4.8846948)";4.8846948;52.3682334;
252;"BE_288";"Tongvaren";"Asplenium scolopendrium";"Ja";"F2";"";"Keizersgracht";"Brug Reestraat-Hartenstraat";"49";"1";"";"1";"";"1";"POINT(4.8847082,52.3722998)";"POINT(52.3722998,4.8847082)";4.8847082;52.3722998;
253;"BE_288";"Tongvaren";"Asplenium scolopendrium";"Ja";"F2";"";"Egelantiersgracht";"Brug Prinsengracht";"124";"1";"";"";"";"0 exemplaren";"POINT(4.884659,52.3766219)";"POINT(52.3766219,4.884659)";4.884659;52.3766219;
254;"BE_288";"Tongvaren";"Asplenium scolopendrium";"Ja";"F2";"";"Keizersgracht";"Keizersgracht";"";"";"";"2";"";"1";"POINT(4.8848102,52.3736197)";"POINT(52.3736197,4.8848102)";4.8848102;52.3736197;
255;"BE_290";"Steenbreekvaren";"Asplenium trichomanes";"Ja";"F2";"";"Westerkanaal";"Houtmankade";"";"";"";"";"";"1";"POINT(4.8846471,52.3880354)";"POINT(52.3880354,4.8846471)";4.8846471;52.3880354;
256;"BE_2100";"Gele helmbloem";"Pseudofumaria lutea";"Ja";"F2";"";"Keizersgracht";"Keizersgracht";"";"110";"";"72";"";"85";"POINT(4.884824,52.3737189)";"POINT(52.3737189,4.884824)";4.884824;52.3737189;
257;"BE_284";"Zwartsteel";"Asplenium adiantum-nigrum";"Ja";"F2";"";"Keizersgracht";"Brug Berenstraat-Wolvenstraat";"48";"";"";"1";"";"0 exemplaren";"POINT(4.8848631,52.3702857)";"POINT(52.3702857,4.8848631)";4.8848631;52.3702857;
258;"BE_290";"Steenbreekvaren";"Asplenium trichomanes";"Ja";"F2";"";"Brouwersgracht";"Brouwersgracht";"";"1";"";"1";"";"5";"POINT(4.884752,52.3827139)";"POINT(52.3827139,4.884752)";4.884752;52.3827139;
259;"BE_288";"Tongvaren";"Asplenium scolopendrium";"Ja";"F2";"";"Brouwersgracht";"Brouwersgracht";"";"1";"";"1";"";"1";"POINT(4.884752,52.3827139)";"POINT(52.3827139,4.884752)";4.884752;52.3827139;
260;"BE_2100";"Gele helmbloem";"Pseudofumaria lutea";"Ja";"F2";"";"Keizersgracht";"Keizersgracht";"45";"2";"";"2";"";"2";"POINT(4.8849728,52.3670127)";"POINT(52.3670127,4.8849728)";4.8849728;52.3670127;
261;"BE_288";"Tongvaren";"Asplenium scolopendrium";"Ja";"F2";"";"Keizersgracht";"Brug Raadhuisstraat";"106";"1";"";"1";"";"4";"POINT(4.8848932,52.3741156)";"POINT(52.3741156,4.8848932)";4.8848932;52.3741156;
262;"BE_2100";"Gele helmbloem";"Pseudofumaria lutea";"Ja";"F2";"";"Leidsegracht";"Brug Keizersgracht";"45";"6";"";"7";"";"7";"POINT(4.885134,52.3670432)";"POINT(52.3670432,4.885134)";4.885134;52.3670432;
263;"BE_1863";"Klein glaskruid";"Parietaria judaica";"Ja";"F2";"";"Brouwersgracht";"Brouwersgracht";"";"";"";"1";"";"0 exemplaren";"POINT(4.8850319,52.3825614)";"POINT(52.3825614,4.8850319)";4.8850319;52.3825614;
264;"BE_288";"Tongvaren";"Asplenium scolopendrium";"Ja";"F2";"";"Keizersgracht";"Keizersgracht";"";"151";"129";"186";"118";"122";"POINT(4.885206,52.3736922)";"POINT(52.3736922,4.885206)";4.885206;52.3736922;
265;"BE_288";"Tongvaren";"Asplenium scolopendrium";"Ja";"F2";"";"Keizersgracht";"Brug Raadhuisstraat";"106";"";"";"";"";"2";"POINT(4.8852189,52.3738448)";"POINT(52.3738448,4.8852189)";4.8852189;52.3738448;
266;"BE_288";"Tongvaren";"Asplenium scolopendrium";"Ja";"F2";"";"Boerenwetering";"Wielingenstraat";"422";"";"";"7";"";"0 exemplaren";"POINT(4.8855669,52.3443495)";"POINT(52.3443495,4.8855669)";4.8855669;52.3443495;
267;"BE_288";"Tongvaren";"Asplenium scolopendrium";"Ja";"F2";"";"Leidsegracht";"Leidsegracht";"";"";"";"";"";"1";"POINT(4.8853109,52.3669707)";"POINT(52.3669707,4.8853109)";4.8853109;52.3669707;
268;"BE_288";"Tongvaren";"Asplenium scolopendrium";"Ja";"F2";"";"Boerenwetering";"tussen brug 497-422";"";"";"";"1";"";"0 exemplaren";"POINT(4.8857148,52.3429495)";"POINT(52.3429495,4.8857148)";4.8857148;52.3429495;
269;"BE_2100";"Gele helmbloem";"Pseudofumaria lutea";"Ja";"F2";"";"Keizersgracht";"Keizersgracht";"";"1";"";"1";"";"2";"POINT(4.8854611,52.3666846)";"POINT(52.3666846,4.8854611)";4.8854611;52.3666846;
270;"BE_288";"Tongvaren";"Asplenium scolopendrium";"Ja";"F2";"";"Zoutkeetsgracht";"Zoutkeetsplein";"";"";"";"1";"";"1";"POINT(4.8852899,52.3883597)";"POINT(52.3883597,4.8852899)";4.8852899;52.3883597;
271;"BE_2100";"Gele helmbloem";"Pseudofumaria lutea";"Ja";"F2";"";"Boerenwetering";"Haringvlietstraat";"";"";"3";"";"";"8";"POINT(4.8859308,52.3446013)";"POINT(52.3446013,4.8859308)";4.8859308;52.3446013;
272;"BE_2100";"Gele helmbloem";"Pseudofumaria lutea";"Ja";"F2";"";"Keizersgracht";"Keizersgracht";"";"2";"";"2";"";"1";"POINT(4.885606,52.3747298)";"POINT(52.3747298,4.885606)";4.885606;52.3747298;
273;"BE_288";"Tongvaren";"Asplenium scolopendrium";"Ja";"F2";"";"Boerenwetering";"Muzenplein";"420";"1";"";"";"";"1";"POINT(4.885926,52.3475958)";"POINT(52.3475958,4.885926)";4.885926;52.3475958;
274;"BE_288";"Tongvaren";"Asplenium scolopendrium";"Ja";"F2";"";"Boerenwetering";"Muzenplein";"420";"1";"";"";"";"9";"POINT(4.885927,52.3475882)";"POINT(52.3475882,4.885927)";4.885927;52.3475882;
275;"BE_288";"Tongvaren";"Asplenium scolopendrium";"Ja";"F2";"";"Boerenwetering";"Haringvlietstraat";"";"";"4";"6";"";"6";"POINT(4.8859732,52.3447463)";"POINT(52.3447463,4.8859732)";4.8859732;52.3447463;
276;"BE_2100";"Gele helmbloem";"Pseudofumaria lutea";"Ja";"F2";"";"Keizersgracht";"Keizersgracht";"";"1";"";"1";"";"1";"POINT(4.885678,52.3748099)";"POINT(52.3748099,4.885678)";4.885678;52.3748099;
277;"BE_2100";"Gele helmbloem";"Pseudofumaria lutea";"Ja";"F2";"";"Leidsegracht";"Leidsegracht";"";"2";"";"";"";"0 exemplaren";"POINT(4.8857782,52.3672873)";"POINT(52.3672873,4.8857782)";4.8857782;52.3672873;
278;"BE_2100";"Gele helmbloem";"Pseudofumaria lutea";"Ja";"F2";"";"Lijnbaansgracht";"Lijnbaansgracht";"";"";"";"";"";"1";"POINT(4.8859088,52.3621909)";"POINT(52.3621909,4.8859088)";4.8859088;52.3621909;
279;"BE_288";"Tongvaren";"Asplenium scolopendrium";"Ja";"F2";"";"Prinseneilandgracht";"Nieuwe Teertuinen";"";"";"";"3";"";"0 exemplaren";"POINT(4.8856518,52.3862311)";"POINT(52.3862311,4.8856518)";4.8856518;52.3862311;
280;"BE_1863";"Klein glaskruid";"Parietaria judaica";"Ja";"F2";"";"Prinseneilandgracht";"Nieuwe Teertuinen";"";"";"";"1";"";"0 exemplaren";"POINT(4.8856928,52.3864752)";"POINT(52.3864752,4.8856928)";4.8856928;52.3864752;
281;"BE_1863";"Klein glaskruid";"Parietaria judaica";"Ja";"F2";"";"Prinseneilandgracht";"Nieuwe Teertuinen";"";"";"";"1";"";"1";"POINT(4.8857071,52.3865821)";"POINT(52.3865821,4.8857071)";4.8857071;52.3865821;
282;"BE_2100";"Gele helmbloem";"Pseudofumaria lutea";"Ja";"F2";"";"Keizersgracht";"Keizersgracht";"51";"6";"";"14";"";"8";"POINT(4.8859632,52.375611)";"POINT(52.375611,4.8859632)";4.8859632;52.375611;
283;"BE_288";"Tongvaren";"Asplenium scolopendrium";"Ja";"F2";"";"Keizersgracht";"Keizersgracht";"";"1";"";"1";"";"10";"POINT(4.8859971,52.3751532)";"POINT(52.3751532,4.8859971)";4.8859971;52.3751532;
284;"BE_288";"Tongvaren";"Asplenium scolopendrium";"Ja";"F2";"";"Boerenwetering";"Hobbemakade";"";"";"";"1";"";"0 exemplaren";"POINT(4.8862951,52.3500678)";"POINT(52.3500678,4.8862951)";4.8862951;52.3500678;
285;"NB_2421";"Tripmadam";"Sedum reflexum";"Ja";"";"BE";"Leidsegracht";"Leidsegracht";"";"1";"";"";"";"0 exemplaren";"POINT(4.8860991,52.3674056)";"POINT(52.3674056,4.8860991)";4.8860991;52.3674056;
286;"BE_2100";"Gele helmbloem";"Pseudofumaria lutea";"Ja";"F2";"";"Keizersgracht";"Keizersgracht";"";"9";"";"7";"";"6";"POINT(4.8861949,52.3758704)";"POINT(52.3758704,4.8861949)";4.8861949;52.3758704;
287;"NB_600";"Spoorbloem";"Centranthus ruber";"Ja";"";"";"Boerenwetering";"Ruysdaelkade";"";"";"";"";"";"3";"POINT(4.8865821,52.3492896)";"POINT(52.3492896,4.8865821)";4.8865821;52.3492896;
288;"BE_288";"Tongvaren";"Asplenium scolopendrium";"Ja";"F2";"";"Boerenwetering";"Brug Hillegaertstraat";"406";"0 exemplaren";"";"5";"";"8";"POINT(4.8866341,52.3498808)";"POINT(52.3498808,4.8866341)";4.8866341;52.3498808;
289;"BE_288";"Tongvaren";"Asplenium scolopendrium";"Ja";"F2";"";"Boerenwetering";"Brug Hillegaertstraat";"406";"";"";"1";"";"0 exemplaren";"POINT(4.8866522,52.3496138)";"POINT(52.3496138,4.8866522)";4.8866522;52.3496138;
290;"BE_288";"Tongvaren";"Asplenium scolopendrium";"Ja";"F2";"";"Boerenwetering";"Ruysdaelkade";"116";"6";"";"2";"";"2";"POINT(4.886636,52.3523451)";"POINT(52.3523451,4.886636)";4.886636;52.3523451;
291;"BE_2100";"Gele helmbloem";"Pseudofumaria lutea";"Ja";"F2";"";"Boerenwetering";"Ruysdaelkade";"";"7";"";"4";"4";"3";"POINT(4.8866599,52.3515097)";"POINT(52.3515097,4.8866599)";4.8866599;52.3515097;
292;"BE_288";"Tongvaren";"Asplenium scolopendrium";"Ja";"F2";"";"Boerenwetering";"Ruysdaelkade";"";"";"";"1";"";"1";"POINT(4.886657,52.3517958)";"POINT(52.3517958,4.886657)";4.886657;52.3517958;
293;"BE_288";"Tongvaren";"Asplenium scolopendrium";"Ja";"F2";"";"Boerenwetering";"Ruysdaelkade";"116";"1";"";"";"";"0 exemplaren";"POINT(4.8866541,52.3520857)";"POINT(52.3520857,4.8866541)";4.8866541;52.3520857;
294;"BE_2100";"Gele helmbloem";"Pseudofumaria lutea";"Ja";"F2";"";"Boerenwetering";"Ruysdaelkade";"";"";"";"";"";"1";"POINT(4.886667,52.3508879)";"POINT(52.3508879,4.886667)";4.886667;52.3508879;
295;"BE_288";"Tongvaren";"Asplenium scolopendrium";"Ja";"F2";"";"Boerenwetering";"Ruysdaelkade";"";"";"";"2";"";"0 exemplaren";"POINT(4.8866799,52.3523795)";"POINT(52.3523795,4.8866799)";4.8866799;52.3523795;
296;"BE_1863";"Klein glaskruid";"Parietaria judaica";"Ja";"F2";"";"Herengracht";"Herengracht";"";"1";"";"1";"";"1";"POINT(4.8865049,52.3678671)";"POINT(52.3678671,4.8865049)";4.8865049;52.3678671;
297;"BE_288";"Tongvaren";"Asplenium scolopendrium";"Ja";"F2";"";"Leidsegracht";"Leidsegracht";"";"2";"";"16";"";"39";"POINT(4.8865111,52.3673903)";"POINT(52.3673903,4.8865111)";4.8865111;52.3673903;
298;"BE_288";"Tongvaren";"Asplenium scolopendrium";"Ja";"F2";"";"Brouwersgracht";"Brouwersgracht";"";"1";"";"1";"";"1";"POINT(4.8864548,52.3814551)";"POINT(52.3814551,4.8864548)";4.8864548;52.3814551;
299;"BE_2100";"Gele helmbloem";"Pseudofumaria lutea";"Ja";"F2";"";"Keizersgracht";"Keizersgracht";"";"8";"";"13";"";"9";"POINT(4.8865869,52.3762862)";"POINT(52.3762862,4.8865869)";4.8865869;52.3762862;
300;"BE_2100";"Gele helmbloem";"Pseudofumaria lutea";"Ja";"F2";"";"Boerenwetering";"Brug Jacob van Campenstraat";"79";"";"";"";"";"8";"POINT(4.886811,52.3576857)";"POINT(52.3576857,4.886811)";4.886811;52.3576857;
301;"BE_2100";"Gele helmbloem";"Pseudofumaria lutea";"Ja";"F2";"";"Boerenwetering";"Ruysdaelkade";"";"";"";"8";"";"7";"POINT(4.8868239,52.3578536)";"POINT(52.3578536,4.8868239)";4.8868239;52.3578536;
302;"BE_288";"Tongvaren";"Asplenium scolopendrium";"Ja";"F2";"";"Herengracht";"Herengracht";"28";"";"";"1";"";"0 exemplaren";"POINT(4.8867452,52.3674704)";"POINT(52.3674704,4.8867452)";4.8867452;52.3674704;
303;"BE_290";"Steenbreekvaren";"Asplenium trichomanes";"Ja";"F2";"";"Spiegelgracht";"Spiegelgracht";"";"";"";"";"";"1";"POINT(4.8869402,52.3618552)";"POINT(52.3618552,4.8869402)";4.8869402;52.3618552;
304;"NB_2638";"Moerasvaren";"Thelypteris palustris";"Ja";"";"";"Herengracht";"Beulingsluis";"27";"";"";"";"";"2";"POINT(4.8868978,52.3681838)";"POINT(52.3681838,4.8868978)";4.8868978;52.3681838;
305;"NB_2638";"Moerasvaren";"Thelypteris palustris";"Ja";"";"";"Keizersgracht";"Keizersgracht";"";"";"";"1";"";"0 exemplaren";"POINT(4.886924,52.365853)";"POINT(52.365853,4.886924)";4.886924;52.365853;
306;"BE_288";"Tongvaren";"Asplenium scolopendrium";"Ja";"F2";"";"Lijnbaansgracht";"Brug Spiegelstraat";"97";"";"";"";"";"3";"POINT(4.8869722,52.3616034)";"POINT(52.3616034,4.8869722)";4.8869722;52.3616034;
307;"BE_288";"Tongvaren";"Asplenium scolopendrium";"Ja";"F2";"";"Spiegelgracht";"Spiegelgracht";"";"";"";"";"";"1";"POINT(4.8869688,52.3618819)";"POINT(52.3618819,4.8869688)";4.8869688;52.3618819;
308;"BE_288";"Tongvaren";"Asplenium scolopendrium";"Ja";"F2";"";"Lijnbaansgracht";"Brug Spiegelstraat";"";"12";"";"15";"";"17";"POINT(4.886986,52.3616492)";"POINT(52.3616492,4.886986)";4.886986;52.3616492;
309;"NB_2421";"Tripmadam";"Sedum reflexum";"Ja";"";"BE";"Herengracht";"Herengracht";"";"1";"";"2";"";"0 exemplaren";"POINT(4.8869102,52.3684165)";"POINT(52.3684165,4.8869102)";4.8869102;52.3684165;
310;"NB_2421";"Tripmadam";"Sedum reflexum";"Ja";"";"BE";"Herengracht";"Herengracht";"";"";"";"1";"";"0 exemplaren";"POINT(4.886924,52.3684966)";"POINT(52.3684966,4.886924)";4.886924;52.3684966;
311;"BE_826";"Blaasvaren";"Cystopteris fragilis";"Ja";"F2";"BE";"Lijnbaansgracht";"Brug Spiegelstraat";"97";"";"";"1";"";"2";"POINT(4.887018,52.3614318)";"POINT(52.3614318,4.887018)";4.887018;52.3614318;
312;"BE_1863";"Klein glaskruid";"Parietaria judaica";"Ja";"F2";"";"Herengracht";"Herengracht";"";"3";"";"2";"";"1";"POINT(4.8869879,52.3693244)";"POINT(52.3693244,4.8869879)";4.8869879;52.3693244;
313;"NB_990";"Muurfijnstraal";"Erigeron karvinskianus";"Ja";"";"";"Prinsengracht";"Prinsengracht";"";"4";"";"";"";"0 exemplaren";"POINT(4.8869998,52.3787238)";"POINT(52.3787238,4.8869998)";4.8869998;52.3787238;
314;"BE_288";"Tongvaren";"Asplenium scolopendrium";"Ja";"F2";"";"Herengracht";"Herengracht";"";"";"";"";"";"1";"POINT(4.8870571,52.3736731)";"POINT(52.3736731,4.8870571)";4.8870571;52.3736731;
315;"BE_2100";"Gele helmbloem";"Pseudofumaria lutea";"Ja";"F2";"";"Spiegelgracht";"Spiegelgracht";"";"1";"";"0 exemplaren";"";"0 exemplaren";"POINT(4.887233,52.3618933)";"POINT(52.3618933,4.887233)";4.887233;52.3618933;
316;"BE_1863";"Klein glaskruid";"Parietaria judaica";"Ja";"F2";"";"Oude Houthaven";"Van Diemenkade";"";"";"";"";"";"1";"POINT(4.8869541,52.3905799)";"POINT(52.3905799,4.8869541)";4.8869541;52.3905799;
317;"BE_1863";"Klein glaskruid";"Parietaria judaica";"Ja";"F2";"";"Herengracht";"Herengracht";"";"";"";"1";"";"0 exemplaren";"POINT(4.8871992,52.3714644)";"POINT(52.3714644,4.8871992)";4.8871992;52.3714644;
318;"BE_2100";"Gele helmbloem";"Pseudofumaria lutea";"Ja";"F2";"";"Spiegelgracht";"Spiegelgracht";"";"1";"";"0 exemplaren";"";"0 exemplaren";"POINT(4.8873932,52.3620612)";"POINT(52.3620612,4.8873932)";4.8873932;52.3620612;
319;"BE_2100";"Gele helmbloem";"Pseudofumaria lutea";"Ja";"F2";"";"Keizersgracht";"Keizersgracht";"";"5";"";"1";"";"0 exemplaren";"POINT(4.8874161,52.365235)";"POINT(52.365235,4.8874161)";4.8874161;52.365235;
320;"BE_288";"Tongvaren";"Asplenium scolopendrium";"Ja";"F2";"";"Herengracht";"Brug Raadhuisstraat";"22";"1";"";"";"";"0 exemplaren";"POINT(4.887326,52.3732459)";"POINT(52.3732459,4.887326)";4.887326;52.3732459;
321;"BE_288";"Tongvaren";"Asplenium scolopendrium";"Ja";"F2";"";"Spiegelgracht";"Spiegelgracht";"";"1";"";"";"";"0 exemplaren";"POINT(4.8875382,52.3622252)";"POINT(52.3622252,4.8875382)";4.8875382;52.3622252;
322;"BE_1863";"Klein glaskruid";"Parietaria judaica";"Ja";"F2";"";"Herengracht";"Herengracht";"";"";"";"1";"";"0 exemplaren";"POINT(4.8874009,52.3743865)";"POINT(52.3743865,4.8874009)";4.8874009;52.3743865;
323;"BE_288";"Tongvaren";"Asplenium scolopendrium";"Ja";"F2";"";"Realengracht";"Drieharingenbrug";"320";"";"";"";"";"2";"POINT(4.8872621,52.3867346)";"POINT(52.3867346,4.8872621)";4.8872621;52.3867346;
324;"NB_1074";"Vijgenboom";"Ficus carica";"Ja";"";"";"Realengracht";"Drieharingenbrug";"320";"";"";"";"";"1";"POINT(4.8872631,52.3866545)";"POINT(52.3866545,4.8872631)";4.8872631;52.3866545;
325;"NB_1074";"Vijgenboom";"Ficus carica";"Ja";"";"";"Realengracht";"Burg Vierwindendwarsstraat";"320";"";"";"";"";"0 exemplaren";"POINT(4.8872721,52.3871008)";"POINT(52.3871008,4.8872721)";4.8872721;52.3871008;
326;"BE_1863";"Klein glaskruid";"Parietaria judaica";"Ja";"F2";"";"Herengracht";"Herengracht";"";"2";"";"1";"";"0 exemplaren";"POINT(4.8875511,52.3741156)";"POINT(52.3741156,4.8875511)";4.8875511;52.3741156;
327;"BE_1863";"Klein glaskruid";"Parietaria judaica";"Ja";"F2";"";"Herengracht";"Herengracht";"";"16";"";"37";"";"60";"POINT(4.8875749,52.3745658)";"POINT(52.3745658,4.8875749)";4.8875749;52.3745658;
328;"BE_1863";"Klein glaskruid";"Parietaria judaica";"Ja";"F2";"";"Leliegracht";"Brug Herengracht";"21";"";"";"";"";"2";"POINT(4.887573,52.3747641)";"POINT(52.3747641,4.887573)";4.887573;52.3747641;
329;"BE_2100";"Gele helmbloem";"Pseudofumaria lutea";"Ja";"F2";"";"Prinsengracht";"Brug Spiegelgracht";"87";"1";"";"1";"";"0 exemplaren";"POINT(4.8877528,52.3626753)";"POINT(52.3626753,4.8877528)";4.8877528;52.3626753;
330;"NB_1074";"Vijgenboom";"Ficus carica";"Ja";"";"";"Brouwersgracht";"Brouwersgracht";"";"1";"";"";"";"0 exemplaren";"POINT(4.8875778,52.3808371)";"POINT(52.3808371,4.8875778)";4.8875778;52.3808371;
331;"BE_2100";"Gele helmbloem";"Pseudofumaria lutea";"Ja";"F2";"";"Keizersgracht";"Keizersgracht";"";"";"";"";"";"2";"POINT(4.8877561,52.3650328)";"POINT(52.3650328,4.8877561)";4.8877561;52.3650328;
332;"BE_288";"Tongvaren";"Asplenium scolopendrium";"Ja";"F2";"";"Oude Houthaven";"Van Diemenkade";"";"";"";"1";"";"2";"POINT(4.8874838,52.3905074)";"POINT(52.3905074,4.8874838)";4.8874838;52.3905074;
333;"BE_288";"Tongvaren";"Asplenium scolopendrium";"Ja";"F2";"";"Herengracht";"Brug Leliegracht";"21";"1";"";"1";"";"1";"POINT(4.887676,52.3747107)";"POINT(52.3747107,4.887676)";4.887676;52.3747107;
334;"BE_288";"Tongvaren";"Asplenium scolopendrium";"Ja";"F2";"";"Keizersgracht";"Keizersgracht";"";"1";"";"1";"";"1";"POINT(4.8878,52.3650023)";"POINT(52.3650023,4.8878)";4.8878;52.3650023;
335;"BE_2100";"Gele helmbloem";"Pseudofumaria lutea";"Ja";"F2";"";"Keizersgracht";"Keizersgracht";"";"";"";"1";"";"8";"POINT(4.8878152,52.3650023)";"POINT(52.3650023,4.8878152)";4.8878152;52.3650023;
336;"BE_290";"Steenbreekvaren";"Asplenium trichomanes";"Ja";"F2";"";"Lijnbaansgracht";"Weteringsschans";"";"15";"";"";"";"72";"POINT(4.887934,52.3609587)";"POINT(52.3609587,4.887934)";4.887934;52.3609587;
337;"BE_290";"Steenbreekvaren";"Asplenium trichomanes";"Ja";"F2";"";"Zoutkeetsgracht";"Zoutkeetsgracht";"";"";"";"";"";"1";"POINT(4.8880198,52.3611495)";"POINT(52.3611495,4.8880198)";4.8880198;52.3611495;
338;"BE_2100";"Gele helmbloem";"Pseudofumaria lutea";"Ja";"F2";"";"Singel";"Singel";"";"1";"";"";"";"0 exemplaren";"POINT(4.8879678,52.3683669)";"POINT(52.3683669,4.8879678)";4.8879678;52.3683669;
339;"BE_1863";"Klein glaskruid";"Parietaria judaica";"Ja";"F2";"";"Herengracht";"Herengracht";"";"4";"";"5";"";"3";"POINT(4.8879569,52.3745505)";"POINT(52.3745505,4.8879569)";4.8879569;52.3745505;
340;"BE_288";"Tongvaren";"Asplenium scolopendrium";"Ja";"F2";"";"Da Costagracht";"Brug Potgieterstraat";"138";"1";"";"";"";"0 exemplaren";"POINT(4.872277,52.3691985)";"POINT(52.3691985,4.872277)";4.872277;52.3691985;
341;"BE_290";"Steenbreekvaren";"Asplenium trichomanes";"Ja";"F2";"";"Da Costagracht";"Da Costakade";"";"5";"";"10";"";"2";"POINT(4.8723228,52.3690268)";"POINT(52.3690268,4.8723228)";4.8723228;52.3690268;
342;"BE_284";"Zwartsteel";"Asplenium adiantum-nigrum";"Ja";"F2";"";"Haarlemmervaart";"Polonceaukade";"";"2";"";"1";"";"1";"POINT(4.8721301,52.3856627)";"POINT(52.3856627,4.8721301)";4.8721301;52.3856627;
343;"BE_1863";"Klein glaskruid";"Parietaria judaica";"Ja";"F2";"";"Jacob van Lennepkanaal";"Bilderdijkkade";"";"";"";"8";"";"5";"POINT(4.8724091,52.3653761)";"POINT(52.3653761,4.8724091)";4.8724091;52.3653761;
344;"NB_600";"Spoorbloem";"Centranthus ruber";"Ja";"";"";"Da Costagracht";"Da Costakade";"";"0 exemplaren";"";"1";"";"0 exemplaren";"POINT(4.8723342,52.371884)";"POINT(52.371884,4.8723342)";4.8723342;52.371884;
345;"BE_290";"Steenbreekvaren";"Asplenium trichomanes";"Ja";"F2";"";"Da Costagracht";"Da Costakade";"";"1";"";"";"";"0 exemplaren";"POINT(4.8723628,52.3719298)";"POINT(52.3719298,4.8723628)";4.8723628;52.3719298;
346;"BE_290";"Steenbreekvaren";"Asplenium trichomanes";"Ja";"F2";"";"Da Costagracht";"Da Costakade";"";"";"";"1";"";"5";"POINT(4.8724201,52.3695685)";"POINT(52.3695685,4.8724201)";4.8724201;52.3695685;
347;"BE_284";"Zwartsteel";"Asplenium adiantum-nigrum";"Ja";"F2";"";"Da Costagracht";"Brug De Clercqstraat";"108";"";"";"4";"";"1";"POINT(4.8724558,52.3715369)";"POINT(52.3715369,4.8724558)";4.8724558;52.3715369;
348;"BE_284";"Zwartsteel";"Asplenium adiantum-nigrum";"Ja";"F2";"";"Haarlemmervaart";"Polonceaukade";"";"1";"";"1";"";"1";"POINT(4.8722918,52.3856627)";"POINT(52.3856627,4.8722918)";4.8722918;52.3856627;
349;"BE_290";"Steenbreekvaren";"Asplenium trichomanes";"Ja";"F2";"";"Da Costagracht";"Brug Potgieterstraat";"138";"220";"";"235";"";"214";"POINT(4.8724949,52.3693778)";"POINT(52.3693778,4.8724949)";4.8724949;52.3693778;
350;"BE_284";"Zwartsteel";"Asplenium adiantum-nigrum";"Ja";"F2";"";"Da Costagracht";"Brug Potgieterstraat";"138";"1";"";"1";"";"0 exemplaren";"POINT(4.8724949,52.3693778)";"POINT(52.3693778,4.8724949)";4.8724949;52.3693778;
351;"BE_290";"Steenbreekvaren";"Asplenium trichomanes";"Ja";"F2";"";"Da Costagracht";"Da Costakade";"";"11";"";"35";"";"56";"POINT(4.8725622,52.3686949)";"POINT(52.3686949,4.8725622)";4.8725622;52.3686949;
352;"BE_284";"Zwartsteel";"Asplenium adiantum-nigrum";"Ja";"F2";"";"Da Costagracht";"Da Costakade";"";"1";"";"1";"";"0 exemplaren";"POINT(4.8725769,52.3686682)";"POINT(52.3686682,4.8725769)";4.8725769;52.3686682;
353;"BE_1863";"Klein glaskruid";"Parietaria judaica";"Ja";"F2";"";"Jacob van Lennepkanaal";"Jacob van Lennepkade";"";"4";"";"6";"";"22";"POINT(4.8726289,52.365441)";"POINT(52.365441,4.8726289)";4.8726289;52.365441;
354;"BE_290";"Steenbreekvaren";"Asplenium trichomanes";"Ja";"F2";"";"Da Costagracht";"Da Costakade";"";"12";"";"12";"";"8";"POINT(4.872607,52.3686225)";"POINT(52.3686225,4.872607)";4.872607;52.3686225;
355;"BE_290";"Steenbreekvaren";"Asplenium trichomanes";"Ja";"F2";"";"Da Costagracht";"Da Costakade";"";"30";"";"36";"";"40";"POINT(4.872607,52.3686148)";"POINT(52.3686148,4.872607)";4.872607;52.3686148;
356;"BE_288";"Tongvaren";"Asplenium scolopendrium";"Ja";"F2";"";"Da Costagracht";"Da Costakade";"";"1";"";"1";"";"0 exemplaren";"POINT(4.872607,52.3686225)";"POINT(52.3686225,4.872607)";4.872607;52.3686225;
357;"BE_288";"Tongvaren";"Asplenium scolopendrium";"Ja";"F2";"";"Da Costagracht";"Da Costakade";"";"2";"";"3";"";"1";"POINT(4.872565,52.3722464)";"POINT(52.3722464,4.872565)";4.872565;52.3722464;
358;"BE_290";"Steenbreekvaren";"Asplenium trichomanes";"Ja";"F2";"";"Da Costagracht";"Da Costakade";"";"";"";"1";"";"2";"POINT(4.872565,52.3722464)";"POINT(52.3722464,4.872565)";4.872565;52.3722464;
359;"BE_290";"Steenbreekvaren";"Asplenium trichomanes";"Ja";"F2";"";"Da Costagracht";"Da Costakade";"";"4";"";"6";"";"19";"POINT(4.8726661,52.3685347)";"POINT(52.3685347,4.8726661)";4.8726661;52.3685347;
360;"BE_290";"Steenbreekvaren";"Asplenium trichomanes";"Ja";"F2";"";"Da Costagracht";"Da Costakade";"";"0 exemplaren";"";"2";"";"2";"POINT(4.8726962,52.3684813)";"POINT(52.3684813,4.8726962)";4.8726962;52.3684813;
361;"BE_288";"Tongvaren";"Asplenium scolopendrium";"Ja";"F2";"";"Da Costagracht";"Da Costakade";"";"1";"";"";"";"0 exemplaren";"POINT(4.8727028,52.3691718)";"POINT(52.3691718,4.8727028)";4.8727028;52.3691718;
362;"BE_290";"Steenbreekvaren";"Asplenium trichomanes";"Ja";"F2";"";"Da Costagracht";"Da Costakade";"";"";"";"";"";"2";"POINT(4.8728158,52.3683287)";"POINT(52.3683287,4.8728158)";4.8728158;52.3683287;
363;"BE_288";"Tongvaren";"Asplenium scolopendrium";"Ja";"F2";"";"Da Costagracht";"Da Costakade";"";"2";"";"2";"";"0 exemplaren";"POINT(4.8729269,52.3688323)";"POINT(52.3688323,4.8729269)";4.8729269;52.3688323;
364;"BE_290";"Steenbreekvaren";"Asplenium trichomanes";"Ja";"F2";"";"Da Costagracht";"Da Costakade";"";"1";"";"3";"";"2";"POINT(4.8729422,52.3688399)";"POINT(52.3688399,4.8729422)";4.8729422;52.3688399;
365;"NB_990";"Muurfijnstraal";"Erigeron karvinskianus";"Ja";"";"";"Da Costagracht";"Da Costakade";"";"0 exemplaren";"";"1";"";"2";"POINT(4.872957,52.3688056)";"POINT(52.3688056,4.872957)";4.872957;52.3688056;
366;"BE_290";"Steenbreekvaren";"Asplenium trichomanes";"Ja";"F2";"";"Da Costagracht";"Da Costakade";"";"1";"";"3";"";"1";"POINT(4.8729899,52.3722998)";"POINT(52.3722998,4.8729899)";4.8729899;52.3722998;
367;"BE_288";"Tongvaren";"Asplenium scolopendrium";"Ja";"F2";"";"Da Costagracht";"Da Costakade";"";"";"";"1";"";"1";"POINT(4.8729899,52.3722998)";"POINT(52.3722998,4.8729899)";4.8729899;52.3722998;
368;"BE_288";"Tongvaren";"Asplenium scolopendrium";"Ja";"F2";"";"Jacob van Lennepkanaal";"Brug Eerste Constantijn Huygensstraat";"181";"";"";"1";"";"0 exemplaren";"POINT(4.8730972,52.3655516)";"POINT(52.3655516,4.8730972)";4.8730972;52.3655516;
369;"BE_288";"Tongvaren";"Asplenium scolopendrium";"Ja";"F2";"";"Da Costagracht";"Da Costakade";"";"1";"";"";"";"0 exemplaren";"POINT(4.8730328,52.3723647)";"POINT(52.3723647,4.8730328)";4.8730328;52.3723647;
370;"BE_290";"Steenbreekvaren";"Asplenium trichomanes";"Ja";"F2";"";"Da Costagracht";"Da Costakade";"";"";"";"";"";"2";"POINT(4.8730328,52.372357)";"POINT(52.372357,4.8730328)";4.8730328;52.372357;
371;"BE_288";"Tongvaren";"Asplenium scolopendrium";"Ja";"F2";"";"Da Costagracht";"Da Costakade";"";"1";"";"1";"";"0 exemplaren";"POINT(4.8731062,52.3685881)";"POINT(52.3685881,4.8731062)";4.8731062;52.3685881;
372;"BE_288";"Tongvaren";"Asplenium scolopendrium";"Ja";"F2";"";"Kosterlorenvaart";"Kostverlorenkade";"171";"2";"";"1";"";"3";"POINT(4.8730171,52.3788535)";"POINT(52.3788535,4.8730171)";4.8730171;52.3788535;
373;"BE_288";"Tongvaren";"Asplenium scolopendrium";"Ja";"F2";"";"Da Costagracht";"Da Costakade";"";"1";"";"";"";"0 exemplaren";"POINT(4.873091,52.3724715)";"POINT(52.3724715,4.873091)";4.873091;52.3724715;
374;"BE_284";"Zwartsteel";"Asplenium adiantum-nigrum";"Ja";"F2";"";"Da Costagracht";"Da Costakade";"";"3";"";"7";"";"7";"POINT(4.8731491,52.372544)";"POINT(52.372544,4.8731491)";4.8731491;52.372544;
375;"BE_290";"Steenbreekvaren";"Asplenium trichomanes";"Ja";"F2";"";"Da Costagracht";"Da Costakade";"";"";"";"";"";"3";"POINT(4.8732111,52.3684546)";"POINT(52.3684546,4.8732111)";4.8732111;52.3684546;
376;"BE_284";"Zwartsteel";"Asplenium adiantum-nigrum";"Ja";"F2";"";"Haarlemmervaart";"Polonceaukade";"";"2";"";"3";"";"3";"POINT(4.8730552,52.3856742)";"POINT(52.3856742,4.8730552)";4.8730552;52.3856742;
377;"BE_288";"Tongvaren";"Asplenium scolopendrium";"Ja";"F2";"";"Da Costagracht";"Da Costakade";"";"13";"";"";"";"2";"POINT(4.8733151,52.3682944)";"POINT(52.3682944,4.8733151)";4.8733151;52.3682944;
378;"NB_6001";"Halsbloem";"Thachelium caeruleum";"Ja";"";"";"Da Costagracht";"Da Costakade";"";"12";"";"9";"";"1";"POINT(4.8733752,52.3682067)";"POINT(52.3682067,4.8733752)";4.8733752;52.3682067;
379;"BE_290";"Steenbreekvaren";"Asplenium trichomanes";"Ja";"F2";"";"Da Costagracht";"Da Costakade";"";"";"";"";"";"2";"POINT(4.8734128,52.3674513)";"POINT(52.3674513,4.8734128)";4.8734128;52.3674513;
380;"BE_284";"Zwartsteel";"Asplenium adiantum-nigrum";"Ja";"F2";"";"Da Costagracht";"Da Costakade";"";"5";"";"5";"";"3";"POINT(4.8734429,52.3674132)";"POINT(52.3674132,4.8734429)";4.8734429;52.3674132;
381;"BE_288";"Tongvaren";"Asplenium scolopendrium";"Ja";"F2";"";"Da Costagracht";"Da Costakade";"";"2";"";"4";"";"4";"POINT(4.8734648,52.3680693)";"POINT(52.3680693,4.8734648)";4.8734648;52.3680693;
382;"BE_284";"Zwartsteel";"Asplenium adiantum-nigrum";"Ja";"F2";"";"Da Costagracht";"Brug Kinkerstraat";"183";"20";"";"16";"";"9";"POINT(4.873471,52.3674933)";"POINT(52.3674933,4.873471)";4.873471;52.3674933;
383;"BE_2100";"Gele helmbloem";"Pseudofumaria lutea";"Ja";"F2";"";"Jacob van Lennepkanaal";"Jacob van Lennepkade";"";"5";"";"9";"";"0 exemplaren";"POINT(4.8735511,52.3657157)";"POINT(52.3657157,4.8735511)";4.8735511;52.3657157;
384;"BE_290";"Steenbreekvaren";"Asplenium trichomanes";"Ja";"F2";"";"Da Costagracht";"Da Costakade";"";"5";"";"";"";"0 exemplaren";"POINT(4.8735468,52.3672606)";"POINT(52.3672606,4.8735468)";4.8735468;52.3672606;
385;"BE_288";"Tongvaren";"Asplenium scolopendrium";"Ja";"F2";"";"Da Costagracht";"Da Costakade";"";"1";"";"";"";"0 exemplaren";"POINT(4.8735468,52.3672606)";"POINT(52.3672606,4.8735468)";4.8735468;52.3672606;
386;"BE_290";"Steenbreekvaren";"Asplenium trichomanes";"Ja";"F2";"";"Da Costagracht";"Da Costakade";"";"";"";"3";"";"1";"POINT(4.8735921,52.3672072)";"POINT(52.3672072,4.8735921)";4.8735921;52.3672072;
387;"BE_284";"Zwartsteel";"Asplenium adiantum-nigrum";"Ja";"F2";"";"Haarlemmervaart";"Polonceaukade";"";"67";"";"61";"46";"51";"POINT(4.873378,52.3856856)";"POINT(52.3856856,4.873378)";4.873378;52.3856856;
388;"BE_288";"Tongvaren";"Asplenium scolopendrium";"Ja";"F2";"";"Da Costagracht";"Da Costakade";"";"";"";"1";"";"2";"POINT(4.8735411,52.3728987)";"POINT(52.3728987,4.8735411)";4.8735411;52.3728987;
389;"BE_290";"Steenbreekvaren";"Asplenium trichomanes";"Ja";"F2";"";"Da Costagracht";"Da Costakade";"";"";"";"";"";"1";"POINT(4.8735988,52.36789)";"POINT(52.36789,4.8735988)";4.8735988;52.36789;
390;"BE_288";"Tongvaren";"Asplenium scolopendrium";"Ja";"F2";"";"Da Costagracht";"Da Costakade";"";"20";"";"3";"";"3";"POINT(4.8736522,52.3671195)";"POINT(52.3671195,4.8736522)";4.8736522;52.3671195;
391;"NB_9001";"Smalle ijzervaren";"Cyrtomium fortunei";"Ja";"";"";"Da Costagracht";"Da Costakade";"";"1";"";"1";"";"1";"POINT(4.8736522,52.3671004)";"POINT(52.3671004,4.8736522)";4.8736522;52.3671004;
392;"BE_290";"Steenbreekvaren";"Asplenium trichomanes";"Ja";"F2";"";"Da Costagracht";"Da Costakade";"";"1";"";"1";"";"0 exemplaren";"POINT(4.8736818,52.3670813)";"POINT(52.3670813,4.8736818)";4.8736818;52.3670813;
393;"BE_288";"Tongvaren";"Asplenium scolopendrium";"Ja";"F2";"";"Jacob van Lennepkanaal";"Jacob van Lennepkade";"";"";"";"";"";"5";"POINT(4.8736999,52.3655097)";"POINT(52.3655097,4.8736999)";4.8736999;52.3655097;
394;"BE_288";"Tongvaren";"Asplenium scolopendrium";"Ja";"F2";"";"Da Costagracht";"Da Costakade";"";"0 exemplaren";"";"8";"";"0 exemplaren";"POINT(4.873697,52.3670546)";"POINT(52.3670546,4.873697)";4.873697;52.3670546;
395;"BE_284";"Zwartsteel";"Asplenium adiantum-nigrum";"Ja";"F2";"";"Da Costagracht";"Da Costakade";"";"8";"";"12";"";"1";"POINT(4.873697,52.3670546)";"POINT(52.3670546,4.873697)";4.873697;52.3670546;
396;"BE_290";"Steenbreekvaren";"Asplenium trichomanes";"Ja";"F2";"";"Da Costagracht";"Da Costakade";"";"";"";"";"";"1";"POINT(4.8737419,52.3669821)";"POINT(52.3669821,4.8737419)";4.8737419;52.3669821;
397;"BE_2100";"Gele helmbloem";"Pseudofumaria lutea";"Ja";"F2";"";"Jacob van Lennepkanaal";"Jacob van Lennepkade";"";"1";"";"12";"";"13";"POINT(4.8737729,52.3655364)";"POINT(52.3655364,4.8737729)";4.8737729;52.3655364;
398;"BE_288";"Tongvaren";"Asplenium scolopendrium";"Ja";"F2";"";"Da Costagracht";"Brug Kinkerstraat";"183";"";"";"";"";"1";"POINT(4.873749,52.3675849)";"POINT(52.3675849,4.873749)";4.873749;52.3675849;
399;"BE_290";"Steenbreekvaren";"Asplenium trichomanes";"Ja";"F2";"";"Kosterlorenvaart";"De Wittenkade";"132";"";"";"1";"";"8";"POINT(4.8736379,52.3810393)";"POINT(52.3810393,4.8736379)";4.8736379;52.3810393;
400;"BE_288";"Tongvaren";"Asplenium scolopendrium";"Ja";"F2";"";"Da Costagracht";"Da Costakade";"";"";"";"1";"";"0 exemplaren";"POINT(4.873853,52.3675162)";"POINT(52.3675162,4.873853)";4.873853;52.3675162;
401;"BE_290";"Steenbreekvaren";"Asplenium trichomanes";"Ja";"F2";"";"Da Costagracht";"Da Costakade";"";"1";"";"1";"";"6";"POINT(4.8739059,52.3667609)";"POINT(52.3667609,4.8739059)";4.8739059;52.3667609;
402;"BE_1863";"Klein glaskruid";"Parietaria judaica";"Ja";"F2";"";"Jacob van Lennepkanaal";"Jacob van Lennepkade";"";"4";"";"";"";"0 exemplaren";"POINT(4.873934,52.3655821)";"POINT(52.3655821,4.873934)";4.873934;52.3655821;
403;"NB_2014";"Brede eikvaren";"Polypodium interjectum";"Ja";"";"";"Da Costagracht";"Da Costakade";"";"";"";"1";"";"0 exemplaren";"POINT(4.8739359,52.3667151)";"POINT(52.3667151,4.8739359)";4.8739359;52.3667151;
404;"BE_290";"Steenbreekvaren";"Asplenium trichomanes";"Ja";"F2";"";"Da Costagracht";"Da Costakade";"";"20";"";"32";"";"9";"POINT(4.8739421,52.3673903)";"POINT(52.3673903,4.8739421)";4.8739421;52.3673903;
405;"BE_288";"Tongvaren";"Asplenium scolopendrium";"Ja";"F2";"";"Jacob van Lennepkanaal";"Jacob van Lennepkade";"";"76";"";"98";"";"32";"POINT(4.8739631,52.3655936)";"POINT(52.3655936,4.8739631)";4.8739631;52.3655936;
406;"BE_288";"Tongvaren";"Asplenium scolopendrium";"Ja";"F2";"";"Da Costagracht";"Da Costakade";"";"";"";"1";"";"0 exemplaren";"POINT(4.8739722,52.3673369)";"POINT(52.3673369,4.8739722)";4.8739722;52.3673369;
407;"BE_290";"Steenbreekvaren";"Asplenium trichomanes";"Ja";"F2";"";"Jacob van Lennepkanaal";"Jacob van Lennepkade";"";"32";"";"31";"";"33";"POINT(4.8740218,52.3656088)";"POINT(52.3656088,4.8740218)";4.8740218;52.3656088;
408;"BE_288";"Tongvaren";"Asplenium scolopendrium";"Ja";"F2";"";"Da Costagracht";"Da Costakade";"";"2";"";"";"";"22";"POINT(4.8739369,52.3729788)";"POINT(52.3729788,4.8739369)";4.8739369;52.3729788;
409;"NB_2014";"Brede eikvaren";"Polypodium interjectum";"Ja";"";"";"Da Costagracht";"Brug Jacob van Lennepstraat";"";"";"";"";"";"10";"POINT(4.8740251,52.3665816)";"POINT(52.3665816,4.8740251)";4.8740251;52.3665816;
410;"BE_288";"Tongvaren";"Asplenium scolopendrium";"Ja";"F2";"";"Da Costagracht";"Da Costakade";"";"2";"";"1";"";"1";"POINT(4.874047,52.3672377)";"POINT(52.3672377,4.874047)";4.874047;52.3672377;
411;"BE_284";"Zwartsteel";"Asplenium adiantum-nigrum";"Ja";"F2";"";"Haarlemmervaart";"Polonceaukade";"";"3";"";"5";"4";"1";"POINT(4.8738339,52.3856894)";"POINT(52.3856894,4.8738339)";4.8738339;52.3856894;
412;"BE_288";"Tongvaren";"Asplenium scolopendrium";"Ja";"F2";"";"Kosterlorenvaart";"Jacob Catskade";"132";"";"";"1";"";"1";"POINT(4.873903,52.3809516)";"POINT(52.3809516,4.873903)";4.873903;52.3809516;
413;"BE_288";"Tongvaren";"Asplenium scolopendrium";"Ja";"F2";"";"Da Costagracht";"Da Costakade";"";"1";"";"";"";"0 exemplaren";"POINT(4.8741448,52.3664099)";"POINT(52.3664099,4.8741448)";4.8741448;52.3664099;
414;"BE_288";"Tongvaren";"Asplenium scolopendrium";"Ja";"F2";"";"Jacob van Lennepkanaal";"Jacob van Lennepkade";"";"";"";"";"";"3";"POINT(4.8741682,52.3656546)";"POINT(52.3656546,4.8741682)";4.8741682;52.3656546;
415;"BE_585";"Stijf hardgras";"Catapodium rigidum";"Ja";"F2";"GE";"Da Costagracht";"Da Costakade";"";"";"";"";"";"1";"POINT(4.874181,52.3670508)";"POINT(52.3670508,4.874181)";4.874181;52.3670508;
416;"BE_290";"Steenbreekvaren";"Asplenium trichomanes";"Ja";"F2";"";"Da Costagracht";"Da Costakade";"";"6";"";"6";"";"3";"POINT(4.8742258,52.3669783)";"POINT(52.3669783,4.8742258)";4.8742258;52.3669783;
417;"BE_288";"Tongvaren";"Asplenium scolopendrium";"Ja";"F2";"";"Jacob van Lennepkanaal";"Jacob van Lennepkade";"";"";"";"1";"";"0 exemplaren";"POINT(4.8742559,52.3656737)";"POINT(52.3656737,4.8742559)";4.8742559;52.3656737;
418;"BE_290";"Steenbreekvaren";"Asplenium trichomanes";"Ja";"F2";"";"Jacob van Lennepkanaal";"Jacob van Lennepkade";"";"0 exemplaren";"";"1";"";"0 exemplaren";"POINT(4.8742702,52.3656813)";"POINT(52.3656813,4.8742702)";4.8742702;52.3656813;
419;"BE_288";"Tongvaren";"Asplenium scolopendrium";"Ja";"F2";"";"Hugo de Grootgracht";"Da Costakade";"";"";"";"";"";"1";"POINT(4.8742001,52.3730361)";"POINT(52.3730361,4.8742001)";4.8742001;52.3730361;
420;"BE_288";"Tongvaren";"Asplenium scolopendrium";"Ja";"F2";"";"Jacob van Lennepkanaal";"Jacob van Lennepkade";"";"";"";"1";"";"0 exemplaren";"POINT(4.8743579,52.3657118)";"POINT(52.3657118,4.8743579)";4.8743579;52.3657118;
421;"BE_290";"Steenbreekvaren";"Asplenium trichomanes";"Ja";"F2";"";"Haarlemmervaart";"Haarlemmerweg";"";"17";"";"13";"";"15";"POINT(4.8741438,52.3855177)";"POINT(52.3855177,4.8741438)";4.8741438;52.3855177;
422;"BE_288";"Tongvaren";"Asplenium scolopendrium";"Ja";"F2";"";"Haarlemmervaart";"Haarlemmerweg";"";"";"";"";"";"1";"POINT(4.8741882,52.3855177)";"POINT(52.3855177,4.8741882)";4.8741882;52.3855177;
423;"BE_288";"Tongvaren";"Asplenium scolopendrium";"Ja";"F2";"";"Kosterlorenvaart";"1e Kostverlorenkade";"";"1";"";"";"";"0 exemplaren";"POINT(4.8742788,52.3802344)";"POINT(52.3802344,4.8742788)";4.8742788;52.3802344;
424;"BE_288";"Tongvaren";"Asplenium scolopendrium";"Ja";"F2";"";"Haarlemmervaart";"Haarlemmerweg";"";"1";"";"";"";"0 exemplaren";"POINT(4.8742621,52.3855177)";"POINT(52.3855177,4.8742621)";4.8742621;52.3855177;
425;"BE_290";"Steenbreekvaren";"Asplenium trichomanes";"Ja";"F2";"";"Jacob van Lennepkanaal";"Jacob van Lennepkade";"";"4";"";"";"";"0 exemplaren";"POINT(4.8745048,52.3657576)";"POINT(52.3657576,4.8745048)";4.8745048;52.3657576;
426;"BE_284";"Zwartsteel";"Asplenium adiantum-nigrum";"Ja";"F2";"";"Haarlemmervaart";"Polonceaukade";"";"1";"";"1";"";"0 exemplaren";"POINT(4.8742888,52.3857009)";"POINT(52.3857009,4.8742888)";4.8742888;52.3857009;
427;"BE_288";"Tongvaren";"Asplenium scolopendrium";"Ja";"F2";"";"Jacob van Lennepkanaal";"Jacob van Lennepkade";"";"2";"";"";"";"0 exemplaren";"POINT(4.8745782,52.3657729)";"POINT(52.3657729,4.8745782)";4.8745782;52.3657729;
428;"BE_288";"Tongvaren";"Asplenium scolopendrium";"Ja";"F2";"";"Hugo de Grootgracht";"Nassaukade";"";"";"";"9";"";"22";"POINT(4.8744929,52.3730971)";"POINT(52.3730971,4.8744929)";4.8744929;52.3730971;
429;"BE_290";"Steenbreekvaren";"Asplenium trichomanes";"Ja";"F2";"";"Jacob van Lennepkanaal";"Jacob van Lennepkade";"";"1";"";"";"";"0 exemplaren";"POINT(4.8745921,52.3657843)";"POINT(52.3657843,4.8745921)";4.8745921;52.3657843;
430;"BE_284";"Zwartsteel";"Asplenium adiantum-nigrum";"Ja";"F2";"";"Haarlemmervaart";"Polonceaukade";"";"2";"";"2";"";"4";"POINT(4.874377,52.3857009)";"POINT(52.3857009,4.874377)";4.874377;52.3857009;
431;"BE_288";"Tongvaren";"Asplenium scolopendrium";"Ja";"F2";"";"Da Costagracht";"Da Costakade";"";"";"";"";"";"1";"POINT(4.8747342,52.3662612)";"POINT(52.3662612,4.8747342)";4.8747342;52.3662612;
432;"BE_288";"Tongvaren";"Asplenium scolopendrium";"Ja";"F2";"";"Hugo de Grootgracht";"Brug Nassaukade";"166";"";"";"1";"";"0 exemplaren";"POINT(4.8747418,52.3731886)";"POINT(52.3731886,4.8747418)";4.8747418;52.3731886;
433;"BE_290";"Steenbreekvaren";"Asplenium trichomanes";"Ja";"F2";"";"Haarlemmervaart";"Haarlemmerweg";"";"1";"";"1";"";"2";"POINT(4.8746879,52.3855216)";"POINT(52.3855216,4.8746879)";4.8746879;52.3855216;
434;"BE_288";"Tongvaren";"Asplenium scolopendrium";"Ja";"F2";"";"Jacob van Lennepkanaal";"Jacob van Lennepkade";"";"";"";"1";"";"0 exemplaren";"POINT(4.8749292,52.3658759)";"POINT(52.3658759,4.8749292)";4.8749292;52.3658759;
435;"BE_288";"Tongvaren";"Asplenium scolopendrium";"Ja";"F2";"";"Singelgracht";"Groenmarktkade";"";"2";"";"3";"";"1";"POINT(4.8749678,52.3714301)";"POINT(52.3714301,4.8749678)";4.8749678;52.3714301;
436;"BE_288";"Tongvaren";"Asplenium scolopendrium";"Ja";"F2";"";"Jacob van Lennepkanaal";"Jacob van Lennepkade";"";"1";"";"1";"";"0 exemplaren";"POINT(4.8753388,52.3659941)";"POINT(52.3659941,4.8753388)";4.8753388;52.3659941;
437;"NB_990";"Muurfijnstraal";"Erigeron karvinskianus";"Ja";"";"";"Jacob van Lennepkanaal";"Jacob van Lennepkade";"";"";"";"";"";"0 exemplaren";"POINT(4.8754532,52.3662726)";"POINT(52.3662726,4.8754532)";4.8754532;52.3662726;
438;"BE_288";"Tongvaren";"Asplenium scolopendrium";"Ja";"F2";"";"Jacob van Lennepkanaal";"Jacob van Lennepkade";"";"";"";"1";"";"0 exemplaren";"POINT(4.8754818,52.3662802)";"POINT(52.3662802,4.8754818)";4.8754818;52.3662802;
439;"BE_288";"Tongvaren";"Asplenium scolopendrium";"Ja";"F2";"";"Singelgracht";"Brug Raampoort";"165";"20";"";"15";"";"35";"POINT(4.8753912,52.3742262)";"POINT(52.3742262,4.8753912)";4.8753912;52.3742262;
440;"BE_290";"Steenbreekvaren";"Asplenium trichomanes";"Ja";"F2";"";"Jacob van Lennepkanaal";"Jacob van Lennepkade";"";"1";"";"1";"";"2";"POINT(4.8755,52.3660399)";"POINT(52.3660399,4.8755)";4.8755;52.3660399;
441;"BE_288";"Tongvaren";"Asplenium scolopendrium";"Ja";"F2";"";"Kattensloot";"Jacob Catskade";"";"";"";"";"";"1";"POINT(4.8753312,52.3806883)";"POINT(52.3806883,4.8753312)";4.8753312;52.3806883;
442;"BE_288";"Tongvaren";"Asplenium scolopendrium";"Ja";"F2";"";"Kattensloot";"Jacob Catskade";"";"1";"";"2";"";"14";"POINT(4.8753598,52.380696)";"POINT(52.380696,4.8753598)";4.8753598;52.380696;
443;"NB_824";"Gewone ijzervaren";"Cyrtomium falcatum";"Ja";"";"";"Singelgracht";"(Verlengde) Groenmarktkade";"";"1";"";"1";"";"0 exemplaren";"POINT(4.8755228,52.370381)";"POINT(52.370381,4.8755228)";4.8755228;52.370381;
444;"BE_290";"Steenbreekvaren";"Asplenium trichomanes";"Ja";"F2";"";"Singelgracht";"(Verlengde) Groenmarktkade";"";"";"";"";"";"1";"POINT(4.8755529,52.3703543)";"POINT(52.3703543,4.8755529)";4.8755529;52.3703543;
445;"BE_288";"Tongvaren";"Asplenium scolopendrium";"Ja";"F2";"";"Singelgracht";"Marnixkade";"";"1";"";"";"";"0 exemplaren";"POINT(4.8756311,52.3737952)";"POINT(52.3737952,4.8756311)";4.8756311;52.3737952;
446;"BE_288";"Tongvaren";"Asplenium scolopendrium";"Ja";"F2";"";"Singelgracht";"Brug Raampoort";"165";"1";"";"";"";"1";"POINT(4.8756602,52.3738333)";"POINT(52.3738333,4.8756602)";4.8756602;52.3738333;
447;"BE_290";"Steenbreekvaren";"Asplenium trichomanes";"Ja";"F2";"";"Jacob van Lennepkanaal";"Jacob van Lennepkade";"";"1";"";"";"";"0 exemplaren";"POINT(4.8759091,52.3661582)";"POINT(52.3661582,4.8759091)";4.8759091;52.3661582;
448;"BE_284";"Zwartsteel";"Asplenium adiantum-nigrum";"Ja";"F2";"";"Haarlemmervaart";"Haarlemmerweg";"";"2";"";"";"";"0 exemplaren";"POINT(4.8757012,52.3855445)";"POINT(52.3855445,4.8757012)";4.8757012;52.3855445;
449;"BE_288";"Tongvaren";"Asplenium scolopendrium";"Ja";"F2";"";"Haarlemmervaart";"Haarlemmerweg";"";"1";"";"2";"";"0 exemplaren";"POINT(4.875716,52.3855445)";"POINT(52.3855445,4.875716)";4.875716;52.3855445;
450;"BE_284";"Zwartsteel";"Asplenium adiantum-nigrum";"Ja";"F2";"";"Jacob van Lennepkanaal";"Jacob van Lennepkade";"";"1";"";"1";"";"0 exemplaren";"POINT(4.8759682,52.3661772)";"POINT(52.3661772,4.8759682)";4.8759682;52.3661772;
451;"BE_288";"Tongvaren";"Asplenium scolopendrium";"Ja";"F2";"";"Doorvaart";"Doorvaart";"";"";"";"";"";"3";"POINT(4.8760531,52.3702933)";"POINT(52.3702933,4.8760531)";4.8760531;52.3702933;
452;"BE_288";"Tongvaren";"Asplenium scolopendrium";"Ja";"F2";"";"Kattensloot";"Jacob Catskade";"";"";"";"1";"";"0 exemplaren";"POINT(4.8760631,52.3808638)";"POINT(52.3808638,4.8760631)";4.8760631;52.3808638;
453;"NB_990";"Muurfijnstraal";"Erigeron karvinskianus";"Ja";"";"";"Jacob van Lennepkanaal";"Jacob van Lennepkade";"";"0 exemplaren";"";"11";"";"2";"POINT(4.8763311,52.3665282)";"POINT(52.3665282,4.8763311)";4.8763311;52.3665282;
454;"BE_288";"Tongvaren";"Asplenium scolopendrium";"Ja";"F2";"";"Jacob van Lennepkanaal";"Jacob van Lennepkade";"";"55";"";"13";"";"7";"POINT(4.8763602,52.3665358)";"POINT(52.3665358,4.8763602)";4.8763602;52.3665358;
455;"NB_990";"Muurfijnstraal";"Erigeron karvinskianus";"Ja";"";"";"Jacob van Lennepkanaal";"Jacob van Lennepkade";"";"1";"";"";"";"0 exemplaren";"POINT(4.876375,52.3665473)";"POINT(52.3665473,4.876375)";4.876375;52.3665473;
456;"BE_288";"Tongvaren";"Asplenium scolopendrium";"Ja";"F2";"";"Doorvaart";"Doorvaart";"";"14";"";"8";"";"6";"POINT(4.8763311,52.3703581)";"POINT(52.3703581,4.8763311)";4.8763311;52.3703581;
457;"BE_288";"Tongvaren";"Asplenium scolopendrium";"Ja";"F2";"";"Lijnbaansgracht";"Lijnbaansgracht";"";"";"";"1";"";"0 exemplaren";"POINT(4.8763282,52.3718764)";"POINT(52.3718764,4.8763282)";4.8763282;52.3718764;
458;"BE_288";"Tongvaren";"Asplenium scolopendrium";"Ja";"F2";"";"Jacob van Lennepkanaal";"Jacob van Lennepkade";"";"9";"";"14";"";"2";"POINT(4.8765361,52.366593)";"POINT(52.366593,4.8765361)";4.8765361;52.366593;
459;"NB_990";"Muurfijnstraal";"Erigeron karvinskianus";"Ja";"";"";"Jacob van Lennepkanaal";"Jacob van Lennepkade";"";"";"";"";"";"0 exemplaren";"POINT(4.8765652,52.3666007)";"POINT(52.3666007,4.8765652)";4.8765652;52.3666007;
460;"BE_288";"Tongvaren";"Asplenium scolopendrium";"Ja";"F2";"";"Lijnbaansgracht";"Marnixstraat";"";"1";"";"1";"";"4";"POINT(4.876528,52.3736731)";"POINT(52.3736731,4.876528)";4.876528;52.3736731;
461;"BE_288";"Tongvaren";"Asplenium scolopendrium";"Ja";"F2";"";"Kattensloot";"Jacob Catskade";"";"";"";"1";"";"0 exemplaren";"POINT(4.8764441,52.380963)";"POINT(52.380963,4.8764441)";4.8764441;52.380963;
462;"BE_1863";"Klein glaskruid";"Parietaria judaica";"Ja";"F2";"";"Doorvaart";"Doorvaart";"";"1";"";"1";"";"0 exemplaren";"POINT(4.8765981,52.3701407)";"POINT(52.3701407,4.8765981)";4.8765981;52.3701407;
463;"BE_288";"Tongvaren";"Asplenium scolopendrium";"Ja";"F2";"";"Jacob van Lennepkanaal";"Nassaukade";"";"0 exemplaren";"";"1";"";"0 exemplaren";"POINT(4.8767989,52.3666655)";"POINT(52.3666655,4.8767989)";4.8767989;52.3666655;
464;"BE_290";"Steenbreekvaren";"Asplenium trichomanes";"Ja";"F2";"";"Lijnbaansgracht";"Marnixstraat";"";"";"";"";"";"1";"POINT(4.8769009,52.3706214)";"POINT(52.3706214,4.8769009)";4.8769009;52.3706214;
465;"BE_288";"Tongvaren";"Asplenium scolopendrium";"Ja";"F2";"";"Kostverlorenvaart";"Wittenkade";"";"";"";"6";"";"5";"POINT(4.8767888,52.3828436)";"POINT(52.3828436,4.8767888)";4.8767888;52.3828436;
466;"BE_290";"Steenbreekvaren";"Asplenium trichomanes";"Ja";"F2";"";"Lijnbaansgracht";"Marnixstraat";"";"";"";"";"";"9";"POINT(4.8769309,52.3705641)";"POINT(52.3705641,4.8769309)";4.8769309;52.3705641;
467;"BE_290";"Steenbreekvaren";"Asplenium trichomanes";"Ja";"F2";"";"Lijnbaansgracht";"Brug Doorvaart";"156";"2";"";"2";"";"1";"POINT(4.8770201,52.3704573)";"POINT(52.3704573,4.8770201)";4.8770201;52.3704573;
468;"BE_288";"Tongvaren";"Asplenium scolopendrium";"Ja";"F2";"";"Lijnbaansgracht";"Brug Doorvaart";"156";"1";"";"";"";"0 exemplaren";"POINT(4.8771088,52.3703429)";"POINT(52.3703429,4.8771088)";4.8771088;52.3703429;
469;"BE_290";"Steenbreekvaren";"Asplenium trichomanes";"Ja";"F2";"";"Lijnbaansgracht";"Westerkade";"";"";"";"1";"";"0 exemplaren";"POINT(4.877105,52.3745314)";"POINT(52.3745314,4.877105)";4.877105;52.3745314;
470;"NB_990";"Muurfijnstraal";"Erigeron karvinskianus";"Ja";"";"";"Kostverlorenvaart";"Brug Tweede Nassaukade";"139";"1";"";"";"";"0 exemplaren";"POINT(4.8770368,52.3830229)";"POINT(52.3830229,4.8770368)";4.8770368;52.3830229;
471;"BE_290";"Steenbreekvaren";"Asplenium trichomanes";"Ja";"F2";"";"Singelgracht";"Nassaukade";"";"";"";"1";"";"1";"POINT(4.877104,52.3772093)";"POINT(52.3772093,4.877104)";4.877104;52.3772093;
472;"NB_2638";"Moerasvaren";"Thelypteris palustris";"Ja";"";"";"Singelgracht";"Nassaukade";"";"";"";"";"";"2";"POINT(4.877147,52.3772818)";"POINT(52.3772818,4.877147)";4.877147;52.3772818;
473;"BE_288";"Tongvaren";"Asplenium scolopendrium";"Ja";"F2";"";"Singelgracht";"Nassaukade";"";"";"";"";"";"2";"POINT(4.8771622,52.3773009)";"POINT(52.3773009,4.8771622)";4.8771622;52.3773009;
474;"BE_288";"Tongvaren";"Asplenium scolopendrium";"Ja";"F2";"";"Lijnbaansgracht";"Brug Lauriergracht";"110";"1";"";"2";"";"3";"POINT(4.877269,52.3705412)";"POINT(52.3705412,4.877269)";4.877269;52.3705412;
475;"BE_290";"Steenbreekvaren";"Asplenium trichomanes";"Ja";"F2";"";"Singelgracht";"Nassaukade";"";"";"";"1";"";"1";"POINT(4.8772051,52.377381)";"POINT(52.377381,4.8772051)";4.8772051;52.377381;
476;"BE_290";"Steenbreekvaren";"Asplenium trichomanes";"Ja";"F2";"";"Lijnbaansgracht";"Westerkade";"";"";"";"1";"";"1";"POINT(4.877322,52.3748747)";"POINT(52.3748747,4.877322)";4.877322;52.3748747;
477;"BE_290";"Steenbreekvaren";"Asplenium trichomanes";"Ja";"F2";"";"Lijnbaansgracht";"Marnixstraat";"";"1";"";"1";"";"0 exemplaren";"POINT(4.877423,52.3698775)";"POINT(52.3698775,4.877423)";4.877423;52.3698775;
478;"NB_2638";"Moerasvaren";"Thelypteris palustris";"Ja";"";"";"Lauriergracht";"Lauriergracht";"";"";"";"1";"";"0 exemplaren";"POINT(4.8774302,52.3705756)";"POINT(52.3705756,4.8774302)";4.8774302;52.3705756;
479;"NB_990";"Muurfijnstraal";"Erigeron karvinskianus";"Ja";"";"";"Lijnbaansgracht";"Lijnbaansgracht";"";"1";"";"1";"";"0 exemplaren";"POINT(4.8775122,52.3749014)";"POINT(52.3749014,4.8775122)";4.8775122;52.3749014;
480;"BE_284";"Zwartsteel";"Asplenium adiantum-nigrum";"Ja";"F2";"";"Lijnbaansgracht";"Lijnbaansgracht";"";"";"";"1";"";"0 exemplaren";"POINT(4.8775122,52.3749014)";"POINT(52.3749014,4.8775122)";4.8775122;52.3749014;
481;"BE_288";"Tongvaren";"Asplenium scolopendrium";"Ja";"F2";"";"Kostverlorenvaart";"Wittenkade";"";"";"";"3";"";"0 exemplaren";"POINT(4.8774459,52.3832518)";"POINT(52.3832518,4.8774459)";4.8774459;52.3832518;
482;"BE_290";"Steenbreekvaren";"Asplenium trichomanes";"Ja";"F2";"";"Lijnbaansgracht";"Marnixstraat";"";"1";"";"1";"";"1";"POINT(4.8777058,52.3694998)";"POINT(52.3694998,4.8777058)";4.8777058;52.3694998;
483;"BE_288";"Tongvaren";"Asplenium scolopendrium";"Ja";"F2";"";"Lijnbaansgracht";"Marnixstraat";"";"1";"";"1";"";"0 exemplaren";"POINT(4.8777058,52.3694922)";"POINT(52.3694922,4.8777058)";4.8777058;52.3694922;
484;"BE_288";"Tongvaren";"Asplenium scolopendrium";"Ja";"F2";"";"Lijnbaansgracht";"Brug Egelantiersgracht";"127";"3";"";"4";"";"2";"POINT(4.8776419,52.3751074)";"POINT(52.3751074,4.8776419)";4.8776419;52.3751074;
485;"BE_290";"Steenbreekvaren";"Asplenium trichomanes";"Ja";"F2";"";"Lijnbaansgracht";"Marnixstraat";"";"3";"";"4";"";"3";"POINT(4.8777511,52.3694274)";"POINT(52.3694274,4.8777511)";4.8777511;52.3694274;
486;"BE_290";"Steenbreekvaren";"Asplenium trichomanes";"Ja";"F2";"";"Lijnbaansgracht";"Marnixstraat";"";"";"";"";"";"1";"POINT(4.8778412,52.3692862)";"POINT(52.3692862,4.8778412)";4.8778412;52.3692862;
487;"BE_290";"Steenbreekvaren";"Asplenium trichomanes";"Ja";"F2";"";"Lijnbaansgracht";"Marnixstraat";"";"";"";"";"";"1";"POINT(4.8778412,52.3692938)";"POINT(52.3692938,4.8778412)";4.8778412;52.3692938;
488;"BE_288";"Tongvaren";"Asplenium scolopendrium";"Ja";"F2";"";"Lijnbaansgracht";"Brug Egelantiersgracht";"127";"4";"";"1";"";"0 exemplaren";"POINT(4.8777869,52.3752791)";"POINT(52.3752791,4.8777869)";4.8777869;52.3752791;
489;"BE_288";"Tongvaren";"Asplenium scolopendrium";"Ja";"F2";"";"Egelantiersgracht";"Brug Lijnbaansgracht";"127";"";"";"1";"";"0 exemplaren";"POINT(4.8777888,52.3751189)";"POINT(52.3751189,4.8777888)";4.8777888;52.3751189;
490;"BE_284";"Zwartsteel";"Asplenium adiantum-nigrum";"Ja";"F2";"";"Kostverlorenvaart";"De Wittenkade";"";"";"";"";"";"1";"POINT(4.8777082,52.383412)";"POINT(52.383412,4.8777082)";4.8777082;52.383412;
491;"BE_290";"Steenbreekvaren";"Asplenium trichomanes";"Ja";"F2";"";"Lijnbaansgracht";"Marnixstraat";"";"1";"";"3";"";"0 exemplaren";"POINT(4.8778999,52.3692137)";"POINT(52.3692137,4.8778999)";4.8778999;52.3692137;
492;"BE_290";"Steenbreekvaren";"Asplenium trichomanes";"Ja";"F2";"";"Lijnbaansgracht";"Marnixstraat";"";"";"";"";"";"1";"POINT(4.8779299,52.369168)";"POINT(52.369168,4.8779299)";4.8779299;52.369168;
493;"BE_288";"Tongvaren";"Asplenium scolopendrium";"Ja";"F2";"";"Lijnbaansgracht";"Lijnbaansgracht";"";"";"";"1";"";"0 exemplaren";"POINT(4.8778732,52.3754851)";"POINT(52.3754851,4.8778732)";4.8778732;52.3754851;
494;"BE_288";"Tongvaren";"Asplenium scolopendrium";"Ja";"F2";"";"Egelantiersgracht";"Brug Lijnbaansgracht";"127";"1";"";"1";"";"6";"POINT(4.8778899,52.3752638)";"POINT(52.3752638,4.8778899)";4.8778899;52.3752638;
495;"BE_288";"Tongvaren";"Asplenium scolopendrium";"Ja";"F2";"";"Lijnbaansgracht";"Lijnbaansgracht";"";"1";"";"1";"";"1";"POINT(4.8779738,52.3756224)";"POINT(52.3756224,4.8779738)";4.8779738;52.3756224;
496;"BE_290";"Steenbreekvaren";"Asplenium trichomanes";"Ja";"F2";"";"Lijnbaansgracht";"Marnixstraat";"";"113";"";"110";"";"158";"POINT(4.8780792,52.3689696)";"POINT(52.3689696,4.8780792)";4.8780792;52.3689696;
497;"BE_288";"Tongvaren";"Asplenium scolopendrium";"Ja";"F2";"";"Lijnbaansgracht";"Marnixstraat";"";"1";"";"2";"";"0 exemplaren";"POINT(4.8780801,52.3689543)";"POINT(52.3689543,4.8780801)";4.8780801;52.3689543;
498;"BE_1863";"Klein glaskruid";"Parietaria judaica";"Ja";"F2";"";"Egelantiersgracht";"Egelantiersgracht";"";"1";"";"";"";"0 exemplaren";"POINT(4.8780668,52.3751799)";"POINT(52.3751799,4.8780668)";4.8780668;52.3751799;
499;"NB_600";"Spoorbloem";"Centranthus ruber";"Ja";"";"";"Singelgracht";"Brug NieuwePasserderstraat";"170";"1";"";"";"1";"1";"POINT(4.8782699,52.366429)";"POINT(52.366429,4.8782699)";4.8782699;52.366429;
500;"BE_290";"Steenbreekvaren";"Asplenium trichomanes";"Ja";"F2";"";"Lijnbaansgracht";"Marnixstraat";"";"";"";"";"";"1";"POINT(4.8782742,52.3686759)";"POINT(52.3686759,4.8782742)";4.8782742;52.3686759;
501;"BE_290";"Steenbreekvaren";"Asplenium trichomanes";"Ja";"F2";"";"Lijnbaansgracht";"Marnixstraat";"";"";"";"1";"";"0 exemplaren";"POINT(4.8783328,52.3686148)";"POINT(52.3686148,4.8783328)";4.8783328;52.3686148;
502;"BE_290";"Steenbreekvaren";"Asplenium trichomanes";"Ja";"F2";"";"Lijnbaansgracht";"Marnixstraat";"";"";"";"1";"";"1";"POINT(4.8783781,52.3685423)";"POINT(52.3685423,4.8783781)";4.8783781;52.3685423;
503;"BE_288";"Tongvaren";"Asplenium scolopendrium";"Ja";"F2";"";"Lauriergracht";"Lauriergracht";"";"5";"";"10";"";"10";"POINT(4.878381,52.3708235)";"POINT(52.3708235,4.878381)";4.878381;52.3708235;
504;"BE_2100";"Gele helmbloem";"Pseudofumaria lutea";"Ja";"F2";"";"Egelantiersgracht";"Egelantiersgracht";"";"1";"";"1";"";"1";"POINT(4.8783438,52.3753516)";"POINT(52.3753516,4.8783438)";4.8783438;52.3753516;
505;"BE_625";"Schubvaren";"Ceterach officinarum";"Ja";"F2";"GE";"Kostverlorenvaart";"Wittenkade";"";"";"";"1";"1";"1";"POINT(4.8783061,52.3837935)";"POINT(52.3837935,4.8783061)";4.8783061;52.3837935;
506;"BE_288";"Tongvaren";"Asplenium scolopendrium";"Ja";"F2";"";"Egelantiersgracht";"Egelantiersgracht";"";"1";"";"2";"";"8";"POINT(4.8784192,52.3752562)";"POINT(52.3752562,4.8784192)";4.8784192;52.3752562;
507;"BE_288";"Tongvaren";"Asplenium scolopendrium";"Ja";"F2";"";"Singelgracht";"Zaagpoort brug";"161";"";"";"";"";"2";"POINT(4.8784401,52.3785521)";"POINT(52.3785521,4.8784401)";4.8784401;52.3785521;
508;"BE_288";"Tongvaren";"Asplenium scolopendrium";"Ja";"F2";"";"Singelgracht";"Marnixkade";"";"40";"34";"36";"";"42";"POINT(4.8785551,52.3787352)";"POINT(52.3787352,4.8785551)";4.8785551;52.3787352;
509;"BE_288";"Tongvaren";"Asplenium scolopendrium";"Ja";"F2";"";"Lijnbaansgracht";"Lijnbaansgracht";"";"1";"";"";"";"0 exemplaren";"POINT(4.8786519,52.3766867)";"POINT(52.3766867,4.8786519)";4.8786519;52.3766867;
510;"BE_585";"Stijf hardgras";"Catapodium rigidum";"Ja";"F2";"GE";"Singelgracht";"Leidsekade";"";"0 exemplaren";"";"";"";"";"POINT(4.8787882,52.3661086)";"POINT(52.3661086,4.8787882)";4.8787882;52.3661086;
511;"BE_284";"Zwartsteel";"Asplenium adiantum-nigrum";"Ja";"F2";"";"Lijnbaansgracht";"Westerkade";"";"";"";"1";"";"0 exemplaren";"POINT(4.878721,52.3770911)";"POINT(52.3770911,4.878721)";4.878721;52.3770911;
512;"NB_990";"Muurfijnstraal";"Erigeron karvinskianus";"Ja";"";"";"IJhaven";"Javakade";"";"16";"30";"36";"37";"44";"POINT(4.9247148,52.3786513)";"POINT(52.3786513,4.9247148)";4.9247148;52.3786513;
513;"NB_990";"Muurfijnstraal";"Erigeron karvinskianus";"Ja";"";"";"IJhaven";"Javakade";"";"";"1";"3";"2";"14";"POINT(4.9247291,52.3786513)";"POINT(52.3786513,4.9247291)";4.9247291;52.3786513;
514;"NB_2421";"Tripmadam";"Sedum reflexum";"Ja";"";"BE";"Nieuwe Vaart";"Oude spoorbrug";"50";"30";"";"30";"";"0 exemplaren";"POINT(4.924876,52.3673293)";"POINT(52.3673293,4.924876)";4.924876;52.3673293;
515;"BE_288";"Tongvaren";"Asplenium scolopendrium";"Ja";"F2";"";"Het IJ";"Sumatrakade";"";"3";"4";"5";"7";"7";"POINT(4.9248631,52.3798758)";"POINT(52.3798758,4.9248631)";4.9248631;52.3798758;
516;"BE_290";"Steenbreekvaren";"Asplenium trichomanes";"Ja";"F2";"";"Het IJ";"Sumatrakade";"";"0 exemplaren";"";"1";"3";"1";"POINT(4.9249222,52.3798682)";"POINT(52.3798682,4.9249222)";4.9249222;52.3798682;
517;"BE_290";"Steenbreekvaren";"Asplenium trichomanes";"Ja";"F2";"";"Het IJ";"Sumatrakade";"";"";"";"";"";"1";"POINT(4.924937,52.3798567)";"POINT(52.3798567,4.924937)";4.924937;52.3798567;
518;"NB_990";"Muurfijnstraal";"Erigeron karvinskianus";"Ja";"";"";"IJhaven";"Javakade";"";"";"";"1";"1";"4";"POINT(4.9251411,52.3785903)";"POINT(52.3785903,4.9251411)";4.9251411;52.3785903;
519;"BE_290";"Steenbreekvaren";"Asplenium trichomanes";"Ja";"F2";"";"Nieuwe Vaart";"Funenkade";"353";"";"";"";"1";"4";"POINT(4.9253929,52.3670432)";"POINT(52.3670432,4.9253929)";4.9253929;52.3670432;
520;"NB_990";"Muurfijnstraal";"Erigeron karvinskianus";"Ja";"";"";"Brantasgracht";"Brantasgracht";"";"";"";"";"1";"0 exemplaren";"POINT(4.9253228,52.3794371)";"POINT(52.3794371,4.9253228)";4.9253228;52.3794371;
521;"NB_600";"Spoorbloem";"Centranthus ruber";"Ja";"";"";"Wittenburgervaart";"Windrooskade";"";"0 exemplaren";"";"1";"1";"0 exemplaren";"POINT(4.9254091,52.3725707)";"POINT(52.3725707,4.9254091)";4.9254091;52.3725707;
522;"NB_2421";"Tripmadam";"Sedum reflexum";"Ja";"";"BE";"Wittenburgervaart";"Windrooskade";"";"1";"";"1";"0 exemplaren";"0 exemplaren";"POINT(4.9254091,52.3725783)";"POINT(52.3725783,4.9254091)";4.9254091;52.3725783;
523;"BE_288";"Tongvaren";"Asplenium scolopendrium";"Ja";"F2";"";"Dijksgracht";"Windrooskade";"";"6";"";"3";"3";"2";"POINT(4.9255602,52.3736235)";"POINT(52.3736235,4.9255602)";4.9255602;52.3736235;
524;"BE_288";"Tongvaren";"Asplenium scolopendrium";"Ja";"F2";"";"IJhaven";"Javakade";"";"1";"1";"0 exemplaren";"1";"0 exemplaren";"POINT(4.9255969,52.3785025)";"POINT(52.3785025,4.9255969)";4.9255969;52.3785025;
525;"BE_288";"Tongvaren";"Asplenium scolopendrium";"Ja";"F2";"";"Nieuwe Vaart";"Funenkade";"353";"";"";"1";"0 exemplaren";"1";"POINT(4.9258792,52.3669554)";"POINT(52.3669554,4.9258792)";4.9258792;52.3669554;
526;"BE_288";"Tongvaren";"Asplenium scolopendrium";"Ja";"F2";"";"Het IJ";"Sumatrakade";"";"0 exemplaren";"";"1";"";"4";"POINT(4.9257762,52.3797194)";"POINT(52.3797194,4.9257762)";4.9257762;52.3797194;
527;"BE_288";"Tongvaren";"Asplenium scolopendrium";"Ja";"F2";"";"Het IJ";"Sumatrakade";"";"";"";"";"";"1";"POINT(4.92607,52.379666)";"POINT(52.379666,4.92607)";4.92607;52.379666;
528;"BE_2100";"Gele helmbloem";"Pseudofumaria lutea";"Ja";"F2";"";"Dijksgracht=Wittenburgervaart";"Windrooskade";"";"1";"";"";"";"0 exemplaren";"POINT(4.9262688,52.3732039)";"POINT(52.3732039,4.9262688)";4.9262688;52.3732039;
529;"BE_290";"Steenbreekvaren";"Asplenium trichomanes";"Ja";"F2";"";"IJhaven";"Veemkade";"";"0 exemplaren";"";"0 exemplaren";"1";"4";"POINT(4.926398,52.3763663)";"POINT(52.3763663,4.926398)";4.926398;52.3763663;
530;"BE_290";"Steenbreekvaren";"Asplenium trichomanes";"Ja";"F2";"";"IJhaven";"Javakade";"";"1";"2";"2";"2";"2";"POINT(4.926451,52.3783537)";"POINT(52.3783537,4.926451)";4.926451;52.3783537;
531;"BE_290";"Steenbreekvaren";"Asplenium trichomanes";"Ja";"F2";"";"IJhaven";"Veemkade";"";"0 exemplaren";"";"0 exemplaren";"1";"0 exemplaren";"POINT(4.926604,52.3763434)";"POINT(52.3763434,4.926604)";4.926604;52.3763434;
532;"BE_288";"Tongvaren";"Asplenium scolopendrium";"Ja";"F2";"";"Nieuwe Vaart";"Brug Funenkade-Zeeburgerpad";"78";"";"";"1";"1";"1";"POINT(4.9267909,52.3667533)";"POINT(52.3667533,4.9267909)";4.9267909;52.3667533;
533;"BE_290";"Steenbreekvaren";"Asplenium trichomanes";"Ja";"F2";"";"IJhaven";"Veemkade";"";"0 exemplaren";"";"0 exemplaren";"1";"1";"POINT(4.9267361,52.3763167)";"POINT(52.3763167,4.9267361)";4.9267361;52.3763167;
534;"NB_990";"Muurfijnstraal";"Erigeron karvinskianus";"Ja";"";"";"IJhaven";"Javakade";"";"";"";"";"";"2";"POINT(4.92676,52.3783003)";"POINT(52.3783003,4.92676)";4.92676;52.3783003;
535;"BE_290";"Steenbreekvaren";"Asplenium trichomanes";"Ja";"F2";"";"IJhaven";"Javakade";"";"4";"8";"5";"1";"7";"POINT(4.9269512,52.378266)";"POINT(52.378266,4.9269512)";4.9269512;52.378266;
536;"NB_990";"Muurfijnstraal";"Erigeron karvinskianus";"Ja";"";"";"IJhaven";"Javakade";"";"6";"14";"25";"23";"45";"POINT(4.9269798,52.378266)";"POINT(52.378266,4.9269798)";4.9269798;52.378266;
537;"BE_290";"Steenbreekvaren";"Asplenium trichomanes";"Ja";"F2";"";"IJhaven";"Javakade";"";"";"";"";"";"1";"POINT(4.9275391,52.3781706)";"POINT(52.3781706,4.9275391)";4.9275391;52.3781706;
538;"BE_284";"Zwartsteel";"Asplenium adiantum-nigrum";"Ja";"F2";"";"IJhaven";"Javakade";"";"1";"1";"1";"";"1";"POINT(4.9276278,52.3781516)";"POINT(52.3781516,4.9276278)";4.9276278;52.3781516;
539;"BE_288";"Tongvaren";"Asplenium scolopendrium";"Ja";"F2";"";"Ringvaart (van de Watergraafsmeer)";"Brug Middenweg";"189";"1";"";"1";"";"1";"POINT(4.9281151,52.3551909)";"POINT(52.3551909,4.9281151)";4.9281151;52.3551909;
540;"BE_288";"Tongvaren";"Asplenium scolopendrium";"Ja";"F2";"";"Prinsengracht";"Prinsengracht";"";"2";"";"1";"";"1";"POINT(4.8980539,52.3618209)";"POINT(52.3618209,4.8980539)";4.8980539;52.3618209;
541;"NB_990";"Muurfijnstraal";"Erigeron karvinskianus";"Ja";"";"";"Prinsengracht";"Prinsengracht";"";"";"";"1";"";"0 exemplaren";"POINT(4.8980539,52.3618209)";"POINT(52.3618209,4.8980539)";4.8980539;52.3618209;
542;"BE_290";"Steenbreekvaren";"Asplenium trichomanes";"Ja";"F2";"";"Herengracht";"Sluis Utrechtsestraat";"34";"";"";"4";"";"9";"POINT(4.8980319,52.3651358)";"POINT(52.3651358,4.8980319)";4.8980319;52.3651358;
543;"BE_288";"Tongvaren";"Asplenium scolopendrium";"Ja";"F2";"";"Herengracht";"Sluis Utrechtsestraat";"34";"";"";"";"";"1";"POINT(4.8980901,52.3652083)";"POINT(52.3652083,4.8980901)";4.8980901;52.3652083;
544;"BE_288";"Tongvaren";"Asplenium scolopendrium";"Ja";"F2";"";"Amstel";"Amstel";"";"";"";"1";"";"0 exemplaren";"POINT(4.8981578,52.3670317)";"POINT(52.3670317,4.8981578)";4.8981578;52.3670317;
545;"BE_288";"Tongvaren";"Asplenium scolopendrium";"Ja";"F2";"";"Groenburgwal";"Groenburgwal";"";"";"";"1";"";"0 exemplaren";"POINT(4.898196,52.3688857)";"POINT(52.3688857,4.898196)";4.898196;52.3688857;
546;"BE_1863";"Klein glaskruid";"Parietaria judaica";"Ja";"F2";"";"Amstelkanaal";"Jozef Israelskade";"";"";"";"";"";"1";"POINT(4.8985102,52.3484046)";"POINT(52.3484046,4.8985102)";4.8985102;52.3484046;
547;"BE_290";"Steenbreekvaren";"Asplenium trichomanes";"Ja";"F2";"";"Prinsengracht";"Prinsengracht";"";"1";"";"0 exemplaren";"";"5";"POINT(4.898361,52.3618743)";"POINT(52.3618743,4.898361)";4.898361;52.3618743;
548;"BE_288";"Tongvaren";"Asplenium scolopendrium";"Ja";"F2";"";"Kloveniersburgwal";"Kloveniersburgwal";"";"";"";"1";"";"0 exemplaren";"POINT(4.8983419,52.3703238)";"POINT(52.3703238,4.8983419)";4.8983419;52.3703238;
549;"BE_288";"Tongvaren";"Asplenium scolopendrium";"Ja";"F2";"";"Kloveniersburgwal";"Kloveniersburgwal";"";"";"";"";"";"5";"POINT(4.8983562,52.3703314)";"POINT(52.3703314,4.8983562)";4.8983562;52.3703314;
550;"BE_284";"Zwartsteel";"Asplenium adiantum-nigrum";"Ja";"F2";"";"Kloveniersburgwal";"Kloveniersburgwal";"";"";"";"2";"";"0 exemplaren";"POINT(4.898371,52.3703238)";"POINT(52.3703238,4.898371)";4.898371;52.3703238;
551;"BE_288";"Tongvaren";"Asplenium scolopendrium";"Ja";"F2";"";"Oudezijds Voorburgwal";"Oudezijds Voorburgwal";"206";"1";"";"";"";"0 exemplaren";"POINT(4.8984039,52.373963)";"POINT(52.373963,4.8984039)";4.8984039;52.373963;
552;"BE_288";"Tongvaren";"Asplenium scolopendrium";"Ja";"F2";"";"Amstel";"Amstel";"";"";"";"";"1";"1";"POINT(4.8988039,52.3669898)";"POINT(52.3669898,4.8988039)";4.8988039;52.3669898;
553;"BE_288";"Tongvaren";"Asplenium scolopendrium";"Ja";"F2";"";"Kloveniersburgwal";"Brug Nieuwe Hoogstraat";"224";"3";"";"1";"";"0 exemplaren";"POINT(4.8988488,52.3709113)";"POINT(52.3709113,4.8988488)";4.8988488;52.3709113;
554;"BE_288";"Tongvaren";"Asplenium scolopendrium";"Ja";"F2";"";"Prinsengracht";"Brug Utrechtsestraat";"75";"2";"0 exemplaren";"0 exemplaren";"";"0 exemplaren";"POINT(4.899225,52.3621146)";"POINT(52.3621146,4.899225)";4.899225;52.3621146;
555;"NB_1074";"Vijgenboom";"Ficus carica";"Ja";"";"";"Oudezijds Voorburgwal";"Oudezijds Voorburgwal";"";"";"";"";"";"1";"POINT(4.8991458,52.374642)";"POINT(52.374642,4.8991458)";4.8991458;52.374642;
556;"BE_1863";"Klein glaskruid";"Parietaria judaica";"Ja";"F2";"";"Zwanenburgwal";"Brug Staalstraat";"229";"";"";"";"";"2";"POINT(4.8993652,52.3680731)";"POINT(52.3680731,4.8993652)";4.8993652;52.3680731;
557;"BE_2100";"Gele helmbloem";"Pseudofumaria lutea";"Ja";"F2";"";"Zwanenburgwal";"Raamgracht";"";"1";"";"";"";"";"POINT(4.9001291,52.3693587)";"POINT(52.3693587,4.9001291)";4.9001291;52.3693587;
558;"NB_2638";"Moerasvaren";"Thelypteris palustris";"Ja";"";"";"Herengracht";"Brug Amstel-Herengracht";"35";"";"";"1";"";"0 exemplaren";"POINT(4.9003599,52.3657195)";"POINT(52.3657195,4.9003599)";4.9003599;52.3657195;
559;"BE_290";"Steenbreekvaren";"Asplenium trichomanes";"Ja";"F2";"";"Open Haven";"Prins Hendrikskade";"";"2";"";"8";"";"12";"POINT(4.9003389,52.3769919)";"POINT(52.3769919,4.9003389)";4.9003389;52.3769919;
560;"BE_288";"Tongvaren";"Asplenium scolopendrium";"Ja";"F2";"";"Oudezijds Achterburgwal";"Oudezijds Achterburgwal";"";"";"";"3";"";"7";"POINT(4.9006369,52.3752867)";"POINT(52.3752867,4.9006369)";4.9006369;52.3752867;
561;"BE_1863";"Klein glaskruid";"Parietaria judaica";"Ja";"F2";"";"Tolhuiskanaal";"Tolhuiskanaal";"";"2";"";"";"";"";"POINT(4.9004872,52.3929373)";"POINT(52.3929373,4.9004872)";4.9004872;52.3929373;
562;"NB_2421";"Tripmadam";"Sedum reflexum";"Ja";"";"BE";"Keizersgracht";"Brug Amstel-Keizersgracht";"36";"";"";"";"";"1";"POINT(4.9010351,52.3644377)";"POINT(52.3644377,4.9010351)";4.9010351;52.3644377;
563;"NB_2421";"Tripmadam";"Sedum reflexum";"Ja";"";"BE";"Amstel";"Amstel";"";"";"";"";"1";"1";"POINT(4.9010889,52.3648001)";"POINT(52.3648001,4.9010889)";4.9010889;52.3648001;
564;"BE_290";"Steenbreekvaren";"Asplenium trichomanes";"Ja";"F2";"";"Amstelkanaal";"Amstelkade";"";"";"";"";"";"1";"POINT(4.9012682,52.3485037)";"POINT(52.3485037,4.9012682)";4.9012682;52.3485037;
565;"BE_290";"Steenbreekvaren";"Asplenium trichomanes";"Ja";"F2";"";"Amstelkanaal";"Amstelkade";"";"";"";"";"";"1";"POINT(4.901355,52.3485228)";"POINT(52.3485228,4.901355)";4.901355;52.3485228;
566;"NB_6001";"Halsbloem";"Thachelium caeruleum";"Ja";"";"";"Kromboomsloot";"to Siebbeleshof";"";"22";"";"";"";"0 exemplaren";"POINT(4.9011409,52.3708464)";"POINT(52.3708464,4.9011409)";4.9011409;52.3708464;
567;"BE_290";"Steenbreekvaren";"Asplenium trichomanes";"Ja";"F2";"";"Amstelkanaal";"Amstelkade";"";"";"";"";"";"1";"POINT(4.9014728,52.3485419)";"POINT(52.3485419,4.9014728)";4.9014728;52.3485419;
568;"BE_288";"Tongvaren";"Asplenium scolopendrium";"Ja";"F2";"";"Snoekjesgracht";"Snoekjesgracht";"";"";"";"2";"";"";"POINT(4.9013369,52.370381)";"POINT(52.370381,4.9013369)";4.9013369;52.370381;
569;"BE_288";"Tongvaren";"Asplenium scolopendrium";"Ja";"F2";"";"Kromboomsloot";"Kromboomsloot";"";"";"";"1";"";"0 exemplaren";"POINT(4.9013598,52.3708922)";"POINT(52.3708922,4.9013598)";4.9013598;52.3708922;
570;"BE_288";"Tongvaren";"Asplenium scolopendrium";"Ja";"F2";"";"Achtergracht";"Achtergracht";"";"";"";"1";"";"1";"POINT(4.90154,52.3611762)";"POINT(52.3611762,4.90154)";4.90154;52.3611762;
571;"BE_288";"Tongvaren";"Asplenium scolopendrium";"Ja";"F2";"";"Snoekjesgracht";"Snoekjesgracht";"";"19";"";"46";"";"";"POINT(4.9014561,52.3702284)";"POINT(52.3702284,4.9014561)";4.9014561;52.3702284;
572;"BE_288";"Tongvaren";"Asplenium scolopendrium";"Ja";"F2";"";"Uilenburgergracht";"Uilenburgergracht";"";"";"";"5";"";"0 exemplaren";"POINT(4.9015748,52.3700682)";"POINT(52.3700682,4.9015748)";4.9015748;52.3700682;
573;"BE_288";"Tongvaren";"Asplenium scolopendrium";"Ja";"F2";"";"Recht Boomsloot";"Recht Boomsloot";"";"";"";"";"";"1";"POINT(4.9015691,52.3733031)";"POINT(52.3733031,4.9015691)";4.9015691;52.3733031;
574;"BE_288";"Tongvaren";"Asplenium scolopendrium";"Ja";"F2";"";"Achtergracht";"Achtergracht";"";"5";"";"6";"";"1";"POINT(4.9017599,52.3612258)";"POINT(52.3612258,4.9017599)";4.9017599;52.3612258;
575;"BE_288";"Tongvaren";"Asplenium scolopendrium";"Ja";"F2";"";"Achtergracht";"Achtergracht";"";"";"";"1";"";"0 exemplaren";"POINT(4.901891,52.3612525)";"POINT(52.3612525,4.901891)";4.901891;52.3612525;
576;"BE_2100";"Gele helmbloem";"Pseudofumaria lutea";"Ja";"F2";"";"Amstel";"Brug Nieuwe Herengracht";"237";"0 exemplaren";"";"";"13";"15";"POINT(4.901901,52.3657996)";"POINT(52.3657996,4.901901)";4.901901;52.3657996;
577;"BE_2100";"Gele helmbloem";"Pseudofumaria lutea";"Ja";"F2";"";"Amstel";"Walter Suskindbrug";"237";"";"";"";"6";"9";"POINT(4.901901,52.3657996)";"POINT(52.3657996,4.901901)";4.901901;52.3657996;
578;"BE_288";"Tongvaren";"Asplenium scolopendrium";"Ja";"F2";"";"Geldersekade";"Geldersekade";"";"";"";"";"";"1";"POINT(4.9017932,52.3756034)";"POINT(52.3756034,4.9017932)";4.9017932;52.3756034;
579;"NB_600";"Spoorbloem";"Centranthus ruber";"Ja";"";"";"Oude Schans";"Oude Schans";"";"";"";"3";"";"3";"POINT(4.9019968,52.3704459)";"POINT(52.3704459,4.9019968)";4.9019968;52.3704459;
580;"BE_288";"Tongvaren";"Asplenium scolopendrium";"Ja";"F2";"";"Nieuwe Herengracht";"Amstel";"";"";"";"";"";"2";"POINT(4.9021499,52.3658377)";"POINT(52.3658377,4.9021499)";4.9021499;52.3658377;
581;"BE_288";"Tongvaren";"Asplenium scolopendrium";"Ja";"F2";"";"Nieuwe Herengracht";"Nieuwe Herengracht";"";"";"";"";"";"3";"POINT(4.902384,52.3658721)";"POINT(52.3658721,4.902384)";4.902384;52.3658721;
582;"NB_990";"Muurfijnstraal";"Erigeron karvinskianus";"Ja";"";"";"Nieuwe Herengracht";"Nieuwe Herengracht";"";"";"";"";"";"27";"POINT(4.9025009,52.3658911)";"POINT(52.3658911,4.9025009)";4.9025009;52.3658911;
583;"BE_288";"Tongvaren";"Asplenium scolopendrium";"Ja";"F2";"";"Kromboomsloot";"Kromboomsloot";"";"";"";"";"";"1";"POINT(4.9025099,52.371823)";"POINT(52.371823,4.9025099)";4.9025099;52.371823;
584;"BE_288";"Tongvaren";"Asplenium scolopendrium";"Ja";"F2";"";"Amstel";"Brug Nieuwe Keizersgracht";"241";"9";"";"";"3";"1";"POINT(4.9026048,52.3644988)";"POINT(52.3644988,4.9026048)";4.9026048;52.3644988;
585;"BE_288";"Tongvaren";"Asplenium scolopendrium";"Ja";"F2";"";"Geldersekade";"Brug Prins Hendrikkade";"299";"2";"";"0 exemplaren";"";"1";"POINT(4.9025071,52.3761908)";"POINT(52.3761908,4.9025071)";4.9025071;52.3761908;
586;"NB_600";"Spoorbloem";"Centranthus ruber";"Ja";"";"";"Kromboomsloot";"Kromboomsloot";"";"";"";"";"";"1";"POINT(4.9026229,52.3722922)";"POINT(52.3722922,4.9026229)";4.9026229;52.3722922;
587;"BE_290";"Steenbreekvaren";"Asplenium trichomanes";"Ja";"F2";"";"Kromboomsloot";"Kromboomsloot";"";"";"";"1";"";"1";"POINT(4.9026802,52.3723914)";"POINT(52.3723914,4.9026802)";4.9026802;52.3723914;
588;"BE_288";"Tongvaren";"Asplenium scolopendrium";"Ja";"F2";"";"Kromboomsloot";"Kromboomsloot";"";"";"";"1";"";"1";"POINT(4.9026802,52.3723914)";"POINT(52.3723914,4.9026802)";4.9026802;52.3723914;
589;"BE_288";"Tongvaren";"Asplenium scolopendrium";"Ja";"F2";"";"Houtkopersburgwal";"Houtkopersburgwal";"";"";"";"1";"";"3";"POINT(4.9027231,52.3698126)";"POINT(52.3698126,4.9027231)";4.9027231;52.3698126;
590;"BE_288";"Tongvaren";"Asplenium scolopendrium";"Ja";"F2";"";"Amstel";"Amstelsluizen";"";"1";"";"0 exemplaren";"";"0 exemplaren";"POINT(4.9028342,52.3623435)";"POINT(52.3623435,4.9028342)";4.9028342;52.3623435;
591;"BE_291";"Groensteel";"Asplenium viride";"Ja";"F2";"GE";"Amstel";"Amstelsluizen";"SLU";"3";"";"3";"";"3";"POINT(4.90295,52.3624312)";"POINT(52.3624312,4.90295)";4.90295;52.3624312;
592;"BE_290";"Steenbreekvaren";"Asplenium trichomanes";"Ja";"F2";"";"Amstel";"Amstelsluizen";"";"";"";"";"";"1";"POINT(4.9029939,52.3624884)";"POINT(52.3624884,4.9029939)";4.9029939;52.3624884;
593;"NB_990";"Muurfijnstraal";"Erigeron karvinskianus";"Ja";"";"";"Oude Schans";"Oude Schans";"";"0 exemplaren";"";"6";"";"8";"POINT(4.9029319,52.3708541)";"POINT(52.3708541,4.9029319)";4.9029319;52.3708541;
594;"NB_990";"Muurfijnstraal";"Erigeron karvinskianus";"Ja";"";"";"Nieuwe Keizersgracht";"Nieuwe Keizersgracht";"";"0 exemplaren";"";"";"2";"6";"POINT(4.9031761,52.3645903)";"POINT(52.3645903,4.9031761)";4.9031761;52.3645903;
595;"BE_288";"Tongvaren";"Asplenium scolopendrium";"Ja";"F2";"";"Amstel";"Amstelsluizen";"";"";"";"";"";"1";"POINT(4.9032009,52.3622901)";"POINT(52.3622901,4.9032009)";4.9032009;52.3622901;
596;"NB_990";"Muurfijnstraal";"Erigeron karvinskianus";"Ja";"";"";"Nieuwe Herengracht";"Nieuwe Herengracht";"";"0 exemplaren";"";"";"";"81";"POINT(4.9032628,52.3660399)";"POINT(52.3660399,4.9032628)";4.9032628;52.3660399;
597;"BE_288";"Tongvaren";"Asplenium scolopendrium";"Ja";"F2";"";"Waalseilandgracht";"brug Buiten Bantammerstraat";"283";"";"";"1";"";"0 exemplaren";"POINT(4.9031808,52.3735968)";"POINT(52.3735968,4.9031808)";4.9031808;52.3735968;
598;"NB_2638";"Moerasvaren";"Thelypteris palustris";"Ja";"";"";"Oude Schans";"Oude Schans";"";"";"";"1";"";"0 exemplaren";"POINT(4.903209,52.3709838)";"POINT(52.3709838,4.903209)";4.903209;52.3709838;
599;"BE_288";"Tongvaren";"Asplenium scolopendrium";"Ja";"F2";"";"Nieuwe Keizersgracht";"Nieuwe Keizersgracht";"";"1";"";"";"";"0 exemplaren";"POINT(4.9033382,52.3646208)";"POINT(52.3646208,4.9033382)";4.9033382;52.3646208;
600;"BE_290";"Steenbreekvaren";"Asplenium trichomanes";"Ja";"F2";"";"Recht Boomsloot";"Recht Boomsloot";"";"";"";"";"";"1";"POINT(4.9032552,52.3722388)";"POINT(52.3722388,4.9032552)";4.9032552;52.3722388;
601;"BE_290";"Steenbreekvaren";"Asplenium trichomanes";"Ja";"F2";"";"Amstel";"Brug Sarphatistraat";"246";"";"";"";"";"0 exemplaren";"POINT(4.903548,52.3601615)";"POINT(52.3601615,4.903548)";4.903548;52.3601615;
602;"BE_288";"Tongvaren";"Asplenium scolopendrium";"Ja";"F2";"";"Waalseilandgracht";"brug Buiten Bantammerstraat";"283";"";"";"1";"";"0 exemplaren";"POINT(4.903445,52.3736693)";"POINT(52.3736693,4.903445)";4.903445;52.3736693;
603;"BE_288";"Tongvaren";"Asplenium scolopendrium";"Ja";"F2";"";"Amstel";"Sarphatikade";"";"";"";"";"1";"1";"POINT(4.9036548,52.3597304)";"POINT(52.3597304,4.9036548)";4.9036548;52.3597304;
604;"BE_288";"Tongvaren";"Asplenium scolopendrium";"Ja";"F2";"";"Nieuwe Keizersgracht";"Nieuwe Keizersgracht";"";"1";"";"";"2";"1";"POINT(4.903631,52.3646742)";"POINT(52.3646742,4.903631)";4.903631;52.3646742;
605;"NB_600";"Spoorbloem";"Centranthus ruber";"Ja";"";"";"Waalseilandgracht";"Brug Prins Hendrikkade";"300";"";"";"1";"";"0 exemplaren";"POINT(4.903763,52.3754775)";"POINT(52.3754775,4.903763)";4.903763;52.3754775;
606;"BE_288";"Tongvaren";"Asplenium scolopendrium";"Ja";"F2";"";"Nieuwe Keizersgracht";"Nieuwe Keizersgracht";"";"3";"";"";"";"0 exemplaren";"POINT(4.9038942,52.3647276)";"POINT(52.3647276,4.9038942)";4.9038942;52.3647276;
607;"BE_290";"Steenbreekvaren";"Asplenium trichomanes";"Ja";"F2";"";"Recht Boomsloot";"Recht Boomsloot";"";"";"";"1";"";"0 exemplaren";"POINT(4.903816,52.3719374)";"POINT(52.3719374,4.903816)";4.903816;52.3719374;
608;"NB_600";"Spoorbloem";"Centranthus ruber";"Ja";"";"";"Amstel";"Amstel";"";"0 exemplaren";"";"";"3";"2";"POINT(4.904001,52.3616644)";"POINT(52.3616644,4.904001)";4.904001;52.3616644;
609;"BE_290";"Steenbreekvaren";"Asplenium trichomanes";"Ja";"F2";"";"Oude Schans";"Brug Oude Schans";"286";"1";"";"1";"";"1";"POINT(4.9038961,52.3712737)";"POINT(52.3712737,4.9038961)";4.9038961;52.3712737;
610;"NB_2421";"Tripmadam";"Sedum reflexum";"Ja";"";"BE";"Amstel";"Amstel";"";"";"";"";"1";"0 exemplaren";"POINT(4.9040458,52.3615653)";"POINT(52.3615653,4.9040458)";4.9040458;52.3615653;
611;"NB_990";"Muurfijnstraal";"Erigeron karvinskianus";"Ja";"";"";"Amstel";"Amstel";"";"0 exemplaren";"";"";"41";"37";"POINT(4.9041059,52.3614394)";"POINT(52.3614394,4.9041059)";4.9041059;52.3614394;
612;"BE_288";"Tongvaren";"Asplenium scolopendrium";"Ja";"F2";"";"Oude Schans";"Oude Schans";"";"19";"";"33";"";"25";"POINT(4.9040129,52.3713347)";"POINT(52.3713347,4.9040129)";4.9040129;52.3713347;
613;"NB_990";"Muurfijnstraal";"Erigeron karvinskianus";"Ja";"";"";"Amstel";"Amstel";"";"0 exemplaren";"";"";"";"0 exemplaren";"POINT(4.9042408,52.36118)";"POINT(52.36118,4.9042408)";4.9042408;52.36118;
614;"NB_990";"Muurfijnstraal";"Erigeron karvinskianus";"Ja";"";"";"Nieuwe Herengracht";"Nieuwe Herengracht";"";"";"";"";"";"1";"POINT(4.904228,52.3664481)";"POINT(52.3664481,4.904228)";4.904228;52.3664481;
615;"NB_2021";"Stijve naaldvaren";"Polystichum aculeatum";"Ja";"";"GE";"Oosteronderdoorgang";"Oostertoegang";"NS/28";"";"";"";"";"1";"POINT(4.9041369,52.3775183)";"POINT(52.3775183,4.9041369)";4.9041369;52.3775183;
616;"BE_288";"Tongvaren";"Asplenium scolopendrium";"Ja";"F2";"";"Oosteronderdoorgang";"Oostertoegang";"NS/28";"25";"";"2";"";"9";"POINT(4.9041512,52.3775298)";"POINT(52.3775298,4.9041512)";4.9041512;52.3775298;
617;"NB_2421";"Tripmadam";"Sedum reflexum";"Ja";"";"BE";"Amstel";"Amstel";"";"";"";"";"1";"0 exemplaren";"POINT(4.9043462,52.3609664)";"POINT(52.3609664,4.9043462)";4.9043462;52.3609664;
618;"BE_2100";"Gele helmbloem";"Pseudofumaria lutea";"Ja";"F2";"";"Amstel";"Amstel";"";"0 exemplaren";"";"";"0 exemplaren";"";"POINT(4.9043758,52.3609015)";"POINT(52.3609015,4.9043758)";4.9043758;52.3609015;
619;"NB_2421";"Tripmadam";"Sedum reflexum";"Ja";"";"BE";"Amstel";"Amstel";"";"";"";"";"1";"1";"POINT(4.9043758,52.3609015)";"POINT(52.3609015,4.9043758)";4.9043758;52.3609015;
620;"BE_284";"Zwartsteel";"Asplenium adiantum-nigrum";"Ja";"F2";"";"Oude Schans";"Brug OudeSchans";"286";"2";"";"3";"";"4";"POINT(4.9042818,52.3709303)";"POINT(52.3709303,4.9042818)";4.9042818;52.3709303;
621;"BE_2100";"Gele helmbloem";"Pseudofumaria lutea";"Ja";"F2";"";"Oude Schans";"Oude Schans";"";"10";"";"26";"";"40";"POINT(4.9042909,52.371453)";"POINT(52.371453,4.9042909)";4.9042909;52.371453;
622;"BE_288";"Tongvaren";"Asplenium scolopendrium";"Ja";"F2";"";"Amstel";"Brug Sarphatistraat";"246";"7";"";"";"";"0 exemplaren";"POINT(4.9044688,52.3605162)";"POINT(52.3605162,4.9044688)";4.9044688;52.3605162;
623;"NB_990";"Muurfijnstraal";"Erigeron karvinskianus";"Ja";"";"";"Amstel";"Amsteldijk";"";"";"";"2";"1";"";"POINT(4.904515,52.3576132)";"POINT(52.3576132,4.904515)";4.904515;52.3576132;
624;"BE_288";"Tongvaren";"Asplenium scolopendrium";"Ja";"F2";"";"Oude Schans";"Oude Schans";"";"";"";"";"";"1";"POINT(4.904516,52.3710143)";"POINT(52.3710143,4.904516)";4.904516;52.3710143;
625;"BE_288";"Tongvaren";"Asplenium scolopendrium";"Ja";"F2";"";"Nieuwe Prinsengracht";"Brug Onbekende gracht";"253";"12";"";"";"1";"0 exemplaren";"POINT(4.904618,52.3630072)";"POINT(52.3630072,4.904618)";4.904618;52.3630072;
626;"BE_2100";"Gele helmbloem";"Pseudofumaria lutea";"Ja";"F2";"";"Nieuwe Prinsengracht";"Nieuwe Prinsengracht";"";"0 exemplaren";"";"";"";"0 exemplaren";"POINT(4.904659,52.3632475)";"POINT(52.3632475,4.904659)";4.904659;52.3632475;
627;"NB_600";"Spoorbloem";"Centranthus ruber";"Ja";"";"";"Nieuwe Prinsengracht";"Nieuwe Prinsengracht";"";"";"";"";"";"1";"POINT(4.9047029,52.3632666)";"POINT(52.3632666,4.9047029)";4.9047029;52.3632666;
628;"BE_2100";"Gele helmbloem";"Pseudofumaria lutea";"Ja";"F2";"";"Nieuwe Prinsengracht";"Nieuwe Prinsengracht";"";"0 exemplaren";"";"";"9";"12";"POINT(4.904732,52.3632666)";"POINT(52.3632666,4.904732)";4.904732;52.3632666;
629;"BE_288";"Tongvaren";"Asplenium scolopendrium";"Ja";"F2";"";"Oude Schans";"Oude Schans";"";"";"";"1";"";"0 exemplaren";"POINT(4.9047348,52.3711135)";"POINT(52.3711135,4.9047348)";4.9047348;52.3711135;
630;"NB_600";"Spoorbloem";"Centranthus ruber";"Ja";"";"";"Nieuwe Prinsengracht";"Nieuwe Prinsengracht";"";"0 exemplaren";"";"";"9";"20";"POINT(4.904937,52.3633048)";"POINT(52.3633048,4.904937)";4.904937;52.3633048;
631;"NB_600";"Spoorbloem";"Centranthus ruber";"Ja";"";"";"Amstel";"Amsteldijk";"";"";"";"13";"";"";"POINT(4.9050262,52.3565375)";"POINT(52.3565375,4.9050262)";4.9050262;52.3565375;
632;"BE_290";"Steenbreekvaren";"Asplenium trichomanes";"Ja";"F2";"";"Oude Schans";"Oude Schans";"";"0 exemplaren";"";"7";"";"38";"POINT(4.9048898,52.3716971)";"POINT(52.3716971,4.9048898)";4.9048898;52.3716971;
633;"NB_990";"Muurfijnstraal";"Erigeron karvinskianus";"Ja";"";"";"Nieuwe Achtergracht";"Nieuwe Achtergracht";"";"0 exemplaren";"";"";"";"0 exemplaren";"POINT(4.9050562,52.3618743)";"POINT(52.3618743,4.9050562)";4.9050562;52.3618743;
634;"NB_600";"Spoorbloem";"Centranthus ruber";"Ja";"";"";"Amstel";"Amsteldijk";"";"";"";"14";"4";"";"POINT(4.9051311,52.3563315)";"POINT(52.3563315,4.9051311)";4.9051311;52.3563315;
635;"BE_2100";"Gele helmbloem";"Pseudofumaria lutea";"Ja";"F2";"";"Onbekende gracht";"Onbekende gracht";"";"0 exemplaren";"";"";"5";"12";"POINT(4.905082,52.3621985)";"POINT(52.3621985,4.905082)";4.905082;52.3621985;
636;"BE_2100";"Gele helmbloem";"Pseudofumaria lutea";"Ja";"F2";"";"Nieuwe Prinsengracht";"Nieuwe Prinsengracht";"";"";"";"";"1";"1";"POINT(4.9052298,52.3633582)";"POINT(52.3633582,4.9052298)";4.9052298;52.3633582;
637;"BE_2100";"Gele helmbloem";"Pseudofumaria lutea";"Ja";"F2";"";"Nieuwe Prinsengracht";"Nieuwe Prinsengracht";"";"0 exemplaren";"";"";"3";"0 exemplaren";"POINT(4.9053481,52.3633772)";"POINT(52.3633772,4.9053481)";4.9053481;52.3633772;
638;"BE_290";"Steenbreekvaren";"Asplenium trichomanes";"Ja";"F2";"";"Oude Schans";"Oude Schans";"";"";"";"1";"";"0 exemplaren";"POINT(4.9054902,52.3719451)";"POINT(52.3719451,4.9054902)";4.9054902;52.3719451;
639;"BE_288";"Tongvaren";"Asplenium scolopendrium";"Ja";"F2";"";"Oosterdok";"Prins Hendrikskade";"";"0 exemplaren";"";"3";"";"6";"POINT(4.905843,52.3745963)";"POINT(52.3745963,4.905843)";4.905843;52.3745963;
640;"BE_290";"Steenbreekvaren";"Asplenium trichomanes";"Ja";"F2";"";"Rapenburgwal";"Oostersekade";"";"";"";"1";"";"0 exemplaren";"POINT(4.9066079,52.3717047)";"POINT(52.3717047,4.9066079)";4.9066079;52.3717047;
641;"NB_990";"Muurfijnstraal";"Erigeron karvinskianus";"Ja";"";"";"Rapenburgwal";"Oostersekade";"";"";"";"1";"";"0 exemplaren";"POINT(4.9066231,52.3716895)";"POINT(52.3716895,4.9066231)";4.9066231;52.3716895;
642;"BE_288";"Tongvaren";"Asplenium scolopendrium";"Ja";"F2";"";"Oosterdok";"Prins Hendrikskade";"";"51";"";"30";"";"31";"POINT(4.906616,52.3737265)";"POINT(52.3737265,4.906616)";4.906616;52.3737265;
643;"BE_290";"Steenbreekvaren";"Asplenium trichomanes";"Ja";"F2";"";"Amstelkanaal";"Amstelkade";"";"";"";"1";"";"0 exemplaren";"POINT(4.9068949,52.3492934)";"POINT(52.3492934,4.9068949)";4.9068949;52.3492934;
644;"BE_288";"Tongvaren";"Asplenium scolopendrium";"Ja";"F2";"";"Rapenburgwal";"Oostersekade";"";"";"";"";"";"1";"POINT(4.9067709,52.3716246)";"POINT(52.3716246,4.9067709)";4.9067709;52.3716246;
645;"BE_2100";"Gele helmbloem";"Pseudofumaria lutea";"Ja";"F2";"";"Singelgracht";"Mauritskade";"";"1";"";"";"";"2";"POINT(4.907119,52.3598067)";"POINT(52.3598067,4.907119)";4.907119;52.3598067;
646;"BE_290";"Steenbreekvaren";"Asplenium trichomanes";"Ja";"F2";"";"Oude Schans";"s Gravenhekje";"";"";"";"";"";"1";"POINT(4.9071028,52.3721129)";"POINT(52.3721129,4.9071028)";4.9071028;52.3721129;
647;"NB_990";"Muurfijnstraal";"Erigeron karvinskianus";"Ja";"";"";"Amstel";"Amsteldijk";"";"";"";"2";"1";"";"POINT(4.9074352,52.3536078)";"POINT(52.3536078,4.9074352)";4.9074352;52.3536078;
648;"NB_990";"Muurfijnstraal";"Erigeron karvinskianus";"Ja";"";"";"Rapenburgwal";"Brug Peperstraat";"281";"11";"";"16";"";"1";"POINT(4.9072559,52.3715102)";"POINT(52.3715102,4.9072559)";4.9072559;52.3715102;
649;"BE_288";"Tongvaren";"Asplenium scolopendrium";"Ja";"F2";"";"Nieuwe Herengracht";"Nieuwe Herengracht";"";"";"";"";"";"0 exemplaren";"POINT(4.9073131,52.3676726)";"POINT(52.3676726,4.9073131)";4.9073131;52.3676726;
650;"NB_990";"Muurfijnstraal";"Erigeron karvinskianus";"Ja";"";"";"Nieuwe Herengracht";"Nieuwe Herengracht";"";"0 exemplaren";"";"";"";"0 exemplaren";"POINT(4.9074151,52.3677451)";"POINT(52.3677451,4.9074151)";4.9074151;52.3677451;
651;"BE_290";"Steenbreekvaren";"Asplenium trichomanes";"Ja";"F2";"";"Amstelkanaal";"Amstelkade";"";"";"";"";"";"4";"POINT(4.9076569,52.349404)";"POINT(52.349404,4.9076569)";4.9076569;52.349404;
652;"BE_290";"Steenbreekvaren";"Asplenium trichomanes";"Ja";"F2";"";"Oosterdok";"Prins Hendrikskade";"";"1";"";"1";"";"4";"POINT(4.9074428,52.3732726)";"POINT(52.3732726,4.9074428)";4.9074428;52.3732726;
653;"NB_2021";"Stijve naaldvaren";"Polystichum aculeatum";"Ja";"";"GE";"Rapenburgwal";"brug Peperstraat";"281";"0 exemplaren";"";"1";"";"1";"POINT(4.9074919,52.3714911)";"POINT(52.3714911,4.9074919)";4.9074919;52.3714911;
654;"NB_600";"Spoorbloem";"Centranthus ruber";"Ja";"";"";"Nieuwe Keizersgracht";"Nieuwe Keizersgracht";"";"";"";"";"";"1";"POINT(4.9075978,52.365689)";"POINT(52.365689,4.9075978)";4.9075978;52.365689;
655;"BE_288";"Tongvaren";"Asplenium scolopendrium";"Ja";"F2";"";"Rapenburgwal";"Brug Peperstraat";"281";"2";"";"2";"";"2";"POINT(4.9075649,52.3715293)";"POINT(52.3715293,4.9075649)";4.9075649;52.3715293;
656;"NB_600";"Spoorbloem";"Centranthus ruber";"Ja";"";"";"Nieuwe Prinsengracht";"Nieuwe Prinsengracht";"";"";"";"";"1";"0 exemplaren";"POINT(4.9076631,52.363793)";"POINT(52.363793,4.9076631)";4.9076631;52.363793;
657;"NB_1074";"Vijgenboom";"Ficus carica";"Ja";"";"";"Rapenburgwal";"Brug Peperstraat";"281";"1";"";"";"";"1";"POINT(4.907594,52.3715407)";"POINT(52.3715407,4.907594)";4.907594;52.3715407;
658;"NB_990";"Muurfijnstraal";"Erigeron karvinskianus";"Ja";"";"";"Lauriergracht";"Lauriergracht";"";"";"";"1";"";"0 exemplaren";"POINT(4.8788221,52.3708083)";"POINT(52.3708083,4.8788221)";4.8788221;52.3708083;
659;"BE_288";"Tongvaren";"Asplenium scolopendrium";"Ja";"F2";"";"Lijnbaansgracht";"Marnixstraat";"";"1";"";"1";"";"1";"POINT(4.8790791,52.3675543)";"POINT(52.3675543,4.8790791)";4.8790791;52.3675543;
660;"BE_288";"Tongvaren";"Asplenium scolopendrium";"Ja";"F2";"";"Singelgracht";"Marnixkade";"";"2";"";"";"";"0 exemplaren";"POINT(4.8789589,52.3793837)";"POINT(52.3793837,4.8789589)";4.8789589;52.3793837;
661;"BE_288";"Tongvaren";"Asplenium scolopendrium";"Ja";"F2";"";"Lijnbaansgracht";"Westerkade";"";"";"";"";"";"1";"POINT(4.8789799,52.3775031)";"POINT(52.3775031,4.8789799)";4.8789799;52.3775031;
662;"BE_284";"Zwartsteel";"Asplenium adiantum-nigrum";"Ja";"F2";"";"Lijnbaansgracht";"Marnixplein";"128";"2";"";"2";"";"0 exemplaren";"POINT(4.8790958,52.377629)";"POINT(52.377629,4.8790958)";4.8790958;52.377629;
663;"BE_284";"Zwartsteel";"Asplenium adiantum-nigrum";"Ja";"F2";"";"Lijnbaansgracht";"Lijnbaansgracht";"";"2";"";"3";"";"2";"POINT(4.8791568,52.3774764)";"POINT(52.3774764,4.8791568)";4.8791568;52.3774764;
664;"BE_284";"Zwartsteel";"Asplenium adiantum-nigrum";"Ja";"F2";"";"Lijnbaansgracht";"Brug Westerstraat";"128";"56";"";"54";"6";"23";"POINT(4.8791821,52.3778197)";"POINT(52.3778197,4.8791821)";4.8791821;52.3778197;
665;"BE_290";"Steenbreekvaren";"Asplenium trichomanes";"Ja";"F2";"";"Looiersgracht";"Brug Lijnbaansgracht";"100";"";"";"1";"";"0 exemplaren";"POINT(4.8793271,52.3677527)";"POINT(52.3677527,4.8793271)";4.8793271;52.3677527;
666;"BE_284";"Zwartsteel";"Asplenium adiantum-nigrum";"Ja";"F2";"";"Lijnbaansgracht";"Westerstraat";"128";"";"";"3";"2";"2";"POINT(4.8792288,52.3775946)";"POINT(52.3775946,4.8792288)";4.8792288;52.3775946;
667;"BE_284";"Zwartsteel";"Asplenium adiantum-nigrum";"Ja";"F2";"";"Lijnbaansgracht";"Marnixstraat";"";"19";"";"22";"";"14";"POINT(4.8792398,52.3779379)";"POINT(52.3779379,4.8792398)";4.8792398;52.3779379;
668;"BE_284";"Zwartsteel";"Asplenium adiantum-nigrum";"Ja";"F2";"";"Lijnbaansgracht";"Westerstraat";"128";"3";"";"1";"";"0 exemplaren";"POINT(4.8793151,52.3777396)";"POINT(52.3777396,4.8793151)";4.8793151;52.3777396;
669;"BE_284";"Zwartsteel";"Asplenium adiantum-nigrum";"Ja";"F2";"";"Lijnbaansgracht";"Lijnbaansgracht";"";"";"";"";"";"1";"POINT(4.879359,52.377793)";"POINT(52.377793,4.879359)";4.879359;52.377793;
670;"BE_290";"Steenbreekvaren";"Asplenium trichomanes";"Ja";"F2";"";"Lijnbaansgracht";"Marnixstraat";"";"1";"";"1";"";"2";"POINT(4.8795869,52.3668372)";"POINT(52.3668372,4.8795869)";4.8795869;52.3668372;
671;"BE_290";"Steenbreekvaren";"Asplenium trichomanes";"Ja";"F2";"";"Looiersgracht";"Looiersgracht";"";"";"";"";"";"1";"POINT(4.8796189,52.3678366)";"POINT(52.3678366,4.8796189)";4.8796189;52.3678366;
672;"NB_1074";"Vijgenboom";"Ficus carica";"Ja";"";"";"Noorder Amstelkanaal";"Rejnier Vinkeleskade";"";"";"";"2";"0 exemplaren";"0 exemplaren";"POINT(4.8800299,52.3511473)";"POINT(52.3511473,4.8800299)";4.8800299;52.3511473;
673;"BE_2100";"Gele helmbloem";"Pseudofumaria lutea";"Ja";"F2";"";"Lauriergracht";"Lauriergracht";"";"";"";"1";"";"1";"POINT(4.8798912,52.3710906)";"POINT(52.3710906,4.8798912)";4.8798912;52.3710906;
674;"BE_288";"Tongvaren";"Asplenium scolopendrium";"Ja";"F2";"";"Kosterlorenvaart";"Wittenkade";"";"0 exemplaren";"";"1";"";"1";"POINT(4.8799832,52.3848425)";"POINT(52.3848425,4.8799832)";4.8799832;52.3848425;
675;"BE_288";"Tongvaren";"Asplenium scolopendrium";"Ja";"F2";"";"Lijnbaansgracht";"Lindegracht";"";"4";"";"1";"";"0 exemplaren";"POINT(4.8804409,52.3795058)";"POINT(52.3795058,4.8804409)";4.8804409;52.3795058;
676;"BE_284";"Zwartsteel";"Asplenium adiantum-nigrum";"Ja";"F2";"";"Lijnbaansgracht";"Lijnbaansgracht";"";"2";"";"";"";"0 exemplaren";"POINT(4.8804409,52.3795134)";"POINT(52.3795134,4.8804409)";4.8804409;52.3795134;
677;"BE_288";"Tongvaren";"Asplenium scolopendrium";"Ja";"F2";"";"Lijnbaansgracht";"Lijnbaansgracht";"";"2";"";"";"";"2";"POINT(4.880542,52.3796698)";"POINT(52.3796698,4.880542)";4.880542;52.3796698;
678;"BE_284";"Zwartsteel";"Asplenium adiantum-nigrum";"Ja";"F2";"";"Lijnbaansgracht";"Lijnbaansgracht";"";"3";"";"";"";"1";"POINT(4.8805559,52.3796774)";"POINT(52.3796774,4.8805559)";4.8805559;52.3796774;
679;"NB_2421";"Tripmadam";"Sedum reflexum";"Ja";"";"BE";"Bloemgracht";"Bloemgracht";"";"1";"";"2";"";"0 exemplaren";"POINT(4.8806422,52.3747145)";"POINT(52.3747145,4.8806422)";4.8806422;52.3747145;
680;"BE_288";"Tongvaren";"Asplenium scolopendrium";"Ja";"F2";"";"Lijnbaansgracht";"Lijnbaansgracht";"";"1";"";"1";"";"0 exemplaren";"POINT(4.8806431,52.3798224)";"POINT(52.3798224,4.8806431)";4.8806431;52.3798224;
681;"BE_288";"Tongvaren";"Asplenium scolopendrium";"Ja";"F2";"";"Lauriergracht";"Lauriergracht";"";"";"";"";"";"1";"POINT(4.8807542,52.3713194)";"POINT(52.3713194,4.8807542)";4.8807542;52.3713194;
682;"BE_288";"Tongvaren";"Asplenium scolopendrium";"Ja";"F2";"";"Lijnbaansgracht";"Brug Leidsegracht";"94";"1";"";"3";"";"4";"POINT(4.8809102,52.3653952)";"POINT(52.3653952,4.8809102)";4.8809102;52.3653952;
683;"BE_288";"Tongvaren";"Asplenium scolopendrium";"Ja";"F2";"";"Egelantiersgracht";"Egelantiersgracht";"";"3";"";"6";"";"8";"POINT(4.8808649,52.3757865)";"POINT(52.3757865,4.8808649)";4.8808649;52.3757865;
684;"BE_290";"Steenbreekvaren";"Asplenium trichomanes";"Ja";"F2";"";"Singelgracht";"Marnixkade";"";"";"";"1";"";"0 exemplaren";"POINT(4.8807909,52.3823096)";"POINT(52.3823096,4.8807909)";4.8807909;52.3823096;
685;"BE_288";"Tongvaren";"Asplenium scolopendrium";"Ja";"F2";"";"Singelgracht";"Marnixkade";"";"1";"";"";"";"0 exemplaren";"POINT(4.88079,52.382321)";"POINT(52.382321,4.88079)";4.88079;52.382321;
686;"BE_288";"Tongvaren";"Asplenium scolopendrium";"Ja";"F2";"";"Lijnbaansgracht";"Lijnbaansgracht";"";"";"";"2";"";"0 exemplaren";"POINT(4.8809988,52.3652808)";"POINT(52.3652808,4.8809988)";4.8809988;52.3652808;
687;"BE_288";"Tongvaren";"Asplenium scolopendrium";"Ja";"F2";"";"Lijnbaansgracht";"Lijnbaansgracht";"";"19";"";"18";"";"14";"POINT(4.8810308,52.3650481)";"POINT(52.3650481,4.8810308)";4.8810308;52.3650481;
688;"BE_2100";"Gele helmbloem";"Pseudofumaria lutea";"Ja";"F2";"";"Bloemgracht";"Bloemgracht";"";"2";"";"3";"";"0 exemplaren";"POINT(4.880964,52.3747908)";"POINT(52.3747908,4.880964)";4.880964;52.3747908;
689;"BE_288";"Tongvaren";"Asplenium scolopendrium";"Ja";"F2";"";"Egelantiersgracht";"Egelantiersgracht";"";"1";"";"2";"";"2";"POINT(4.8810408,52.3758246)";"POINT(52.3758246,4.8810408)";4.8810408;52.3758246;
690;"BE_2100";"Gele helmbloem";"Pseudofumaria lutea";"Ja";"F2";"";"Bloemgracht";"Bloemgracht";"";"";"";"1";"";"0 exemplaren";"POINT(4.8811271,52.3747183)";"POINT(52.3747183,4.8811271)";4.8811271;52.3747183;
691;"BE_2100";"Gele helmbloem";"Pseudofumaria lutea";"Ja";"F2";"";"Bloemgracht";"Brug Tweede Bloemdwarsstraat";"121";"";"";"";"";"3";"POINT(4.8811419,52.3747107)";"POINT(52.3747107,4.8811419)";4.8811419;52.3747107;
692;"BE_288";"Tongvaren";"Asplenium scolopendrium";"Ja";"F2";"";"Singelgracht";"Brug Leidsebosjes";"174";"3";"";"1";"";"0 exemplaren";"POINT(4.8812892,52.3630454)";"POINT(52.3630454,4.8812892)";4.8812892;52.3630454;
693;"BE_288";"Tongvaren";"Asplenium scolopendrium";"Ja";"F2";"";"Singelgracht";"Marnixkade";"";"1";"";"1";"";"2";"POINT(4.8810651,52.3827521)";"POINT(52.3827521,4.8810651)";4.8810651;52.3827521;
694;"BE_288";"Tongvaren";"Asplenium scolopendrium";"Ja";"F2";"";"Haarlemmervaart";"Nassauplein";"";"1";"";"1";"";"3";"POINT(4.8810618,52.3855216)";"POINT(52.3855216,4.8810618)";4.8810618;52.3855216;
695;"BE_288";"Tongvaren";"Asplenium scolopendrium";"Ja";"F2";"";"Singelgracht";"Marnixkade";"";"";"";"1";"";"1";"POINT(4.881108,52.3828055)";"POINT(52.3828055,4.881108)";4.881108;52.3828055;
696;"BE_288";"Tongvaren";"Asplenium scolopendrium";"Ja";"F2";"";"Egelantiersgracht";"Egelantiersgracht";"";"2";"";"13";"";"17";"POINT(4.8812458,52.3758704)";"POINT(52.3758704,4.8812458)";4.8812458;52.3758704;
697;"BE_288";"Tongvaren";"Asplenium scolopendrium";"Ja";"F2";"";"Passeerdersgracht";"Passeerdersgracht";"";"";"";"1";"";"0 exemplaren";"POINT(4.8813898,52.3670966)";"POINT(52.3670966,4.8813898)";4.8813898;52.3670966;
698;"NB_990";"Muurfijnstraal";"Erigeron karvinskianus";"Ja";"";"";"Egelantiersgracht";"Egelantiersgracht";"";"5";"";"12";"";"1";"POINT(4.8813188,52.375878)";"POINT(52.375878,4.8813188)";4.8813188;52.375878;
699;"BE_288";"Tongvaren";"Asplenium scolopendrium";"Ja";"F2";"";"Looiersgracht";"Looiersgracht";"";"1";"";"1";"";"1";"POINT(4.8814919,52.3684546)";"POINT(52.3684546,4.8814919)";4.8814919;52.3684546;
700;"BE_290";"Steenbreekvaren";"Asplenium trichomanes";"Ja";"F2";"";"Looiersgracht";"Looiersgracht";"";"";"";"";"";"1";"POINT(4.8815801,52.3684737)";"POINT(52.3684737,4.8815801)";4.8815801;52.3684737;
701;"BE_288";"Tongvaren";"Asplenium scolopendrium";"Ja";"F2";"";"Looiersgracht";"Looiersgracht";"";"";"";"1";"";"0 exemplaren";"POINT(4.881624,52.3684928)";"POINT(52.3684928,4.881624)";4.881624;52.3684928;
702;"BE_290";"Steenbreekvaren";"Asplenium trichomanes";"Ja";"F2";"";"Looiersgracht";"Looiersgracht";"";"";"";"1";"";"1";"POINT(4.8816531,52.3685004)";"POINT(52.3685004,4.8816531)";4.8816531;52.3685004;
703;"BE_288";"Tongvaren";"Asplenium scolopendrium";"Ja";"F2";"";"Egelantiersgracht";"Egelantiersgracht";"";"";"";"";"";"1";"POINT(4.8815968,52.3759429)";"POINT(52.3759429,4.8815968)";4.8815968;52.3759429;
704;"BE_288";"Tongvaren";"Asplenium scolopendrium";"Ja";"F2";"";"Looiersgracht";"Looiersgracht";"";"";"";"1";"";"1";"POINT(4.8817842,52.3685462)";"POINT(52.3685462,4.8817842)";4.8817842;52.3685462;
705;"BE_288";"Tongvaren";"Asplenium scolopendrium";"Ja";"F2";"";"Egelantiersgracht";"Egelantiersgracht";"";"1";"";"1";"";"0 exemplaren";"POINT(4.8817441,52.3759696)";"POINT(52.3759696,4.8817441)";4.8817441;52.3759696;
706;"NB_9001";"Smalle ijzervaren";"Cyrtomium fortunei";"Ja";"";"";"Egelantiersgracht";"Egelantiersgracht";"";"1";"";"1";"";"0 exemplaren";"POINT(4.8817589,52.3759696)";"POINT(52.3759696,4.8817589)";4.8817589;52.3759696;
707;"BE_290";"Steenbreekvaren";"Asplenium trichomanes";"Ja";"F2";"";"Looiersgracht";"Looiersgracht";"";"";"";"1";"";"0 exemplaren";"POINT(4.8819311,52.3685919)";"POINT(52.3685919,4.8819311)";4.8819311;52.3685919;
708;"NB_990";"Muurfijnstraal";"Erigeron karvinskianus";"Ja";"";"";"Egelantiersgracht";"Egelantiersgracht";"";"";"";"4";"";"0 exemplaren";"POINT(4.8818462,52.3759963)";"POINT(52.3759963,4.8818462)";4.8818462;52.3759963;
709;"BE_288";"Tongvaren";"Asplenium scolopendrium";"Ja";"F2";"";"Egelantiersgracht";"Egelantiersgracht";"";"";"";"";"";"1";"POINT(4.8818462,52.3759963)";"POINT(52.3759963,4.8818462)";4.8818462;52.3759963;
710;"BE_288";"Tongvaren";"Asplenium scolopendrium";"Ja";"F2";"";"Egelantiersgracht";"Egelantiersgracht";"";"";"";"1";"";"1";"POINT(4.8819048,52.3760077)";"POINT(52.3760077,4.8819048)";4.8819048;52.3760077;
711;"BE_288";"Tongvaren";"Asplenium scolopendrium";"Ja";"F2";"";"Egelantiersgracht";"Egelantiersgracht";"";"";"";"";"";"1";"POINT(4.8819492,52.3760153)";"POINT(52.3760153,4.8819492)";4.8819492;52.3760153;
712;"BE_2100";"Gele helmbloem";"Pseudofumaria lutea";"Ja";"F2";"";"Looiersgracht";"Looiersgracht";"";"";"";"5";"";"2";"POINT(4.882046,52.3687636)";"POINT(52.3687636,4.882046)";4.882046;52.3687636;
713;"BE_2100";"Gele helmbloem";"Pseudofumaria lutea";"Ja";"F2";"";"Singelgracht";"Marnixkade";"";"7";"";"10";"";"13";"POINT(4.8819039,52.3838622)";"POINT(52.3838622,4.8819039)";4.8819039;52.3838622;
714;"BE_2100";"Gele helmbloem";"Pseudofumaria lutea";"Ja";"F2";"";"Lijnbaansgracht";"Lijnbaansgracht";"";"";"";"1";"";"1";"POINT(4.8819702,52.3819129)";"POINT(52.3819129,4.8819702)";4.8819702;52.3819129;
715;"BE_288";"Tongvaren";"Asplenium scolopendrium";"Ja";"F2";"";"Egelantiersgracht";"Egelantiersgracht";"";"1";"";"2";"";"1";"POINT(4.8821251,52.3760535)";"POINT(52.3760535,4.8821251)";4.8821251;52.3760535;
716;"BE_290";"Steenbreekvaren";"Asplenium trichomanes";"Ja";"F2";"";"Egelantiersgracht";"Egelantiersgracht";"";"1";"";"1";"";"0 exemplaren";"POINT(4.8821251,52.3760611)";"POINT(52.3760611,4.8821251)";4.8821251;52.3760611;
717;"BE_290";"Steenbreekvaren";"Asplenium trichomanes";"Ja";"F2";"";"Singelgracht";"Korte Marnixkade";"";"1";"";"3";"";"9";"POINT(4.8821161,52.3845564)";"POINT(52.3845564,4.8821161)";4.8821161;52.3845564;
718;"BE_290";"Steenbreekvaren";"Asplenium trichomanes";"Ja";"F2";"";"Lijnbaansgracht";"Lijnbaansgracht";"";"1";"";"";"";"0 exemplaren";"POINT(4.8821428,52.382199)";"POINT(52.382199,4.8821428)";4.8821428;52.382199;
719;"BE_2100";"Gele helmbloem";"Pseudofumaria lutea";"Ja";"F2";"";"Prinsengracht";"Prinsengracht";"";"1";"";"1";"";"0 exemplaren";"POINT(4.882324,52.3675315)";"POINT(52.3675315,4.882324)";4.882324;52.3675315;
720;"NB_2638";"Moerasvaren";"Thelypteris palustris";"Ja";"";"";"Prinsengracht";"Brug Passeerdersgracht";"96";"";"";"1";"";"1";"POINT(4.8823249,52.3674971)";"POINT(52.3674971,4.8823249)";4.8823249;52.3674971;
721;"BE_290";"Steenbreekvaren";"Asplenium trichomanes";"Ja";"F2";"";"Singelgracht";"Korte Marnixkade";"";"9";"";"13";"";"20";"POINT(4.8821599,52.3845984)";"POINT(52.3845984,4.8821599)";4.8821599;52.3845984;
722;"BE_290";"Steenbreekvaren";"Asplenium trichomanes";"Ja";"F2";"";"Singelgracht";"Korte Marnixkade";"";"4";"";"4";"";"10";"POINT(4.882189,52.3846442)";"POINT(52.3846442,4.882189)";4.882189;52.3846442;
723;"NB_2638";"Moerasvaren";"Thelypteris palustris";"Ja";"";"";"Singelgracht";"Korte Marnixkade";"";"0 exemplaren";"";"0 exemplaren";"";"0 exemplaren";"POINT(4.8822029,52.3846556)";"POINT(52.3846556,4.8822029)";4.8822029;52.3846556;
724;"BE_288";"Tongvaren";"Asplenium scolopendrium";"Ja";"F2";"";"Sloterplas";"Cornelis Lelylaan";"";"";"";"";"";"2";"POINT(4.8118002,52.3576323)";"POINT(52.3576323,4.8118002)";4.8118002;52.3576323;
725;"BE_288";"Tongvaren";"Asplenium scolopendrium";"Ja";"F2";"";"Sloterplas";"Cornelis Lelylaan";"";"";"";"";"";"1";"POINT(4.8120201,52.3576666)";"POINT(52.3576666,4.8120201)";4.8120201;52.3576666;
726;"BE_288";"Tongvaren";"Asplenium scolopendrium";"Ja";"F2";"";"Sloterplas";"Cornelis Lelylaan";"";"";"";"";"";"1";"POINT(4.8125908,52.3577887)";"POINT(52.3577887,4.8125908)";4.8125908;52.3577887;
727;"BE_284";"Zwartsteel";"Asplenium adiantum-nigrum";"Ja";"F2";"";"Sloterplas";"Noordzijde";"";"43";"";"16";"";"0 exemplaren";"POINT(4.8258169,52.3717276)";"POINT(52.3717276,4.8258169)";4.8258169;52.3717276;
728;"BE_284";"Zwartsteel";"Asplenium adiantum-nigrum";"Ja";"F2";"";"Sloterplas";"Noordzijde";"";"";"";"";"";"5";"POINT(4.8258321,52.3716933)";"POINT(52.3716933,4.8258321)";4.8258321;52.3716933;
729;"BE_288";"Tongvaren";"Asplenium scolopendrium";"Ja";"F2";"";"Sloterplas";"Noordzijde";"";"";"";"1";"";"1";"POINT(4.8260362,52.3730246)";"POINT(52.3730246,4.8260362)";4.8260362;52.3730246;
730;"BE_288";"Tongvaren";"Asplenium scolopendrium";"Ja";"F2";"";"Sloterplas";"Noordzijde";"";"1";"";"1";"";"0 exemplaren";"POINT(4.8268988,52.3721396)";"POINT(52.3721396,4.8268988)";4.8268988;52.3721396;
731;"BE_288";"Tongvaren";"Asplenium scolopendrium";"Ja";"F2";"";"Sloterplas";"Noordzijde";"";"1";"";"";"";"0 exemplaren";"POINT(4.8269989,52.3722922)";"POINT(52.3722922,4.8269989)";4.8269989;52.3722922;
732;"BE_288";"Tongvaren";"Asplenium scolopendrium";"Ja";"F2";"";"Slotervaart";"Jacques Veltmanstraat";"";"";"";"106";"";"127";"POINT(4.8333452,52.3521163)";"POINT(52.3521163,4.8333452)";4.8333452;52.3521163;
733;"BE_288";"Tongvaren";"Asplenium scolopendrium";"Ja";"F2";"";"Burg. Cramergracht";"`Cramersluis`";"SLU";"48";"54";"55";"";"58";"POINT(4.8343141,52.3756606)";"POINT(52.3756606,4.8343141)";4.8343141;52.3756606;
734;"BE_288";"Tongvaren";"Asplenium scolopendrium";"Ja";"F2";"";"Westlandgracht";"Heemstedestraat";"";"";"";"";"";"0 exemplaren";"POINT(4.8439152,52.3519408)";"POINT(52.3519408,4.8439152)";4.8439152;52.3519408;
735;"NB_2021";"Stijve naaldvaren";"Polystichum aculeatum";"Ja";"";"GE";"Erasmusgracht";"Erasmusgracht";"";"2";"2";"3";"";"3";"POINT(4.8441169,52.3750655)";"POINT(52.3750655,4.8441169)";4.8441169;52.3750655;
736;"NB_2021";"Stijve naaldvaren";"Polystichum aculeatum";"Ja";"";"GE";"Erasmusgracht";"Erasmusgracht";"";"0 exemplaren";"1";"1";"";"0 exemplaren";"POINT(4.844425,52.3750426)";"POINT(52.3750426,4.844425)";4.844425;52.3750426;
737;"BE_290";"Steenbreekvaren";"Asplenium trichomanes";"Ja";"F2";"";"Erasmusgracht";"Erasmusgracht";"";"19";"18";"21";"0 exemplaren";"54";"POINT(4.8445871,52.3750311)";"POINT(52.3750311,4.8445871)";4.8445871;52.3750311;
738;"BE_288";"Tongvaren";"Asplenium scolopendrium";"Ja";"F2";"";"Erasmusgracht";"Erasmusgracht";"";"35";"26";"17";"";"16";"POINT(4.8446162,52.3750311)";"POINT(52.3750311,4.8446162)";4.8446162;52.3750311;
739;"BE_1838";"Koningsvaren";"Osmunda regalis";"Ja";"F1";"";"Westlandgracht";"Windtunnelkade";"";"";"";"";"";"1";"POINT(4.8453939,52.3438155)";"POINT(52.3438155,4.8453939)";4.8453939;52.3438155;
740;"BE_288";"Tongvaren";"Asplenium scolopendrium";"Ja";"F2";"";"Westlandgracht";"Windtunnelkade";"";"";"";"1";"";"1";"POINT(4.8454082,52.3438155)";"POINT(52.3438155,4.8454082)";4.8454082;52.3438155;
741;"BE_288";"Tongvaren";"Asplenium scolopendrium";"Ja";"F2";"";"Westlandgracht";"Windtunnelkade";"";"";"";"1";"";"0 exemplaren";"POINT(4.8454101,52.3436514)";"POINT(52.3436514,4.8454101)";4.8454101;52.3436514;
742;"NB_1074";"Vijgenboom";"Ficus carica";"Ja";"";"";"Erasmusgracht";"Erasmusgracht";"";"1";"";"";"";"0 exemplaren";"POINT(4.8460109,52.3750922)";"POINT(52.3750922,4.8460109)";4.8460109;52.3750922;
743;"BE_290";"Steenbreekvaren";"Asplenium trichomanes";"Ja";"F2";"";"Westlandgracht";"De Bockstraat";"";"237";"";"422";"";"488";"POINT(4.8463681,52.3553588)";"POINT(52.3553588,4.8463681)";4.8463681;52.3553588;
744;"BE_284";"Zwartsteel";"Asplenium adiantum-nigrum";"Ja";"F2";"";"Erasmusgracht";"Erasmusgracht";"";"";"1";"1";"";"1";"POINT(4.8461282,52.3751036)";"POINT(52.3751036,4.8461282)";4.8461282;52.3751036;
745;"BE_288";"Tongvaren";"Asplenium scolopendrium";"Ja";"F2";"";"Erasmusgracht";"Erasmusgracht";"";"9";"9";"7";"";"38";"POINT(4.8462312,52.3751227)";"POINT(52.3751227,4.8462312)";4.8462312;52.3751227;
746;"BE_290";"Steenbreekvaren";"Asplenium trichomanes";"Ja";"F2";"";"Westlandgracht";"De Bockstraat";"";"";"";"1";"";"1";"POINT(4.8466179,52.3553511)";"POINT(52.3553511,4.8466179)";4.8466179;52.3553511;
747;"NB_2638";"Moerasvaren";"Thelypteris palustris";"Ja";"";"";"Westlandgracht";"De Bockstraat";"";"0 exemplaren";"";"1";"";"1";"POINT(4.8467648,52.3553511)";"POINT(52.3553511,4.8467648)";4.8467648;52.3553511;
748;"BE_290";"Steenbreekvaren";"Asplenium trichomanes";"Ja";"F2";"";"Westlandgracht";"De Bockstraat";"";"";"";"";"";"1";"POINT(4.8469999,52.3553511)";"POINT(52.3553511,4.8469999)";4.8469999;52.3553511;
749;"BE_288";"Tongvaren";"Asplenium scolopendrium";"Ja";"F2";"";"Erasmusgracht";"Erasmusgracht";"";"1";"1";"1";"";"0 exemplaren";"POINT(4.8469932,52.3752524)";"POINT(52.3752524,4.8469932)";4.8469932;52.3752524;
750;"BE_290";"Steenbreekvaren";"Asplenium trichomanes";"Ja";"F2";"";"Westlandgracht";"De Bockstraat";"";"7";"";"14";"";"18";"POINT(4.8472779,52.3553511)";"POINT(52.3553511,4.8472779)";4.8472779;52.3553511;
751;"BE_290";"Steenbreekvaren";"Asplenium trichomanes";"Ja";"F2";"";"Westlandgracht";"De Bockstraat";"";"1";"";"1";"";"2";"POINT(4.8474548,52.3553626)";"POINT(52.3553626,4.8474548)";4.8474548;52.3553626;
752;"BE_288";"Tongvaren";"Asplenium scolopendrium";"Ja";"F2";"";"Westlandgracht";"Brug Woestduinstraat";"695";"6";"";"1";"";"13";"POINT(4.8479679,52.3553664)";"POINT(52.3553664,4.8479679)";4.8479679;52.3553664;
753;"BE_290";"Steenbreekvaren";"Asplenium trichomanes";"Ja";"F2";"";"Erasmusgracht";"Erasmusgracht";"";"2";"5";"12";"0 exemplaren";"9";"POINT(4.8477251,52.3753974)";"POINT(52.3753974,4.8477251)";4.8477251;52.3753974;
754;"BE_288";"Tongvaren";"Asplenium scolopendrium";"Ja";"F2";"";"Erasmusgracht";"Erasmusgracht";"";"7";"15";"17";"";"28";"POINT(4.8477251,52.3753974)";"POINT(52.3753974,4.8477251)";4.8477251;52.3753974;
755;"BE_288";"Tongvaren";"Asplenium scolopendrium";"Ja";"F2";"";"Erasmusgracht";"Erasmusgracht";"";"4";"1";"2";"";"1";"POINT(4.8479011,52.3754355)";"POINT(52.3754355,4.8479011)";4.8479011;52.3754355;
756;"BE_288";"Tongvaren";"Asplenium scolopendrium";"Ja";"F2";"";"Westlandgracht";"De Bockstraat";"";"";"";"";"";"2";"POINT(4.8481591,52.3553588)";"POINT(52.3553588,4.8481591)";4.8481591;52.3553588;
757;"BE_290";"Steenbreekvaren";"Asplenium trichomanes";"Ja";"F2";"";"Erasmusgracht";"Erasmusgracht";"";"173";"144";"186";"0 exemplaren";"218";"POINT(4.8479588,52.3754431)";"POINT(52.3754431,4.8479588)";4.8479588;52.3754431;
758;"BE_288";"Tongvaren";"Asplenium scolopendrium";"Ja";"F2";"";"Erasmusgracht";"Erasmusgracht";"";"0 exemplaren";"8";"8";"";"1";"POINT(4.8480031,52.3754546)";"POINT(52.3754546,4.8480031)";4.8480031;52.3754546;
759;"BE_288";"Tongvaren";"Asplenium scolopendrium";"Ja";"F2";"";"Westlandgracht";"De Bockstraat";"";"";"";"";"";"1";"POINT(4.8482621,52.3553588)";"POINT(52.3553588,4.8482621)";4.8482621;52.3553588;
760;"BE_290";"Steenbreekvaren";"Asplenium trichomanes";"Ja";"F2";"";"Erasmusgracht";"Erasmusgracht";"";"7";"24";"2";"0 exemplaren";"12";"POINT(4.848047,52.3754622)";"POINT(52.3754622,4.848047)";4.848047;52.3754622;
761;"BE_288";"Tongvaren";"Asplenium scolopendrium";"Ja";"F2";"";"Westlandgracht";"De Bockstraat";"";"";"";"";"";"2";"POINT(4.8483059,52.3553588)";"POINT(52.3553588,4.8483059)";4.8483059;52.3553588;
762;"BE_288";"Tongvaren";"Asplenium scolopendrium";"Ja";"F2";"";"Erasmusgracht";"Erasmusgracht";"";"";"";"3";"";"0 exemplaren";"POINT(4.8480771,52.3754698)";"POINT(52.3754698,4.8480771)";4.8480771;52.3754698;
763;"BE_288";"Tongvaren";"Asplenium scolopendrium";"Ja";"F2";"";"Erasmusgracht";"Erasmusgracht";"";"1";"2";"1";"";"3";"POINT(4.8481648,52.3754813)";"POINT(52.3754813,4.8481648)";4.8481648;52.3754813;
764;"BE_290";"Steenbreekvaren";"Asplenium trichomanes";"Ja";"F2";"";"Erasmusgracht";"Erasmusgracht";"";"";"2";"3";"0 exemplaren";"12";"POINT(4.8481939,52.3754889)";"POINT(52.3754889,4.8481939)";4.8481939;52.3754889;
765;"BE_288";"Tongvaren";"Asplenium scolopendrium";"Ja";"F2";"";"Westlandgracht";"De Bockstraat";"";"";"";"";"";"1";"POINT(4.8486292,52.3553664)";"POINT(52.3553664,4.8486292)";4.8486292;52.3553664;
766;"BE_288";"Tongvaren";"Asplenium scolopendrium";"Ja";"F2";"";"Westlandgracht";"De Bockstraat";"";"1";"";"";"";"0 exemplaren";"POINT(4.8487761,52.3553702)";"POINT(52.3553702,4.8487761)";4.8487761;52.3553702;
767;"BE_290";"Steenbreekvaren";"Asplenium trichomanes";"Ja";"F2";"";"Westlandgracht";"De Bockstraat";"";"";"";"";"";"3";"POINT(4.8490541,52.3553626)";"POINT(52.3553626,4.8490541)";4.8490541;52.3553626;
768;"BE_290";"Steenbreekvaren";"Asplenium trichomanes";"Ja";"F2";"";"Westlandgracht";"De Bockstraat";"";"45";"";"78";"";"97";"POINT(4.8491418,52.3553702)";"POINT(52.3553702,4.8491418)";4.8491418;52.3553702;
769;"BE_288";"Tongvaren";"Asplenium scolopendrium";"Ja";"F2";"";"Postjeswetering";"Postjeskade";"";"1";"";"1";"";"0 exemplaren";"POINT(4.8492372,52.3632895)";"POINT(52.3632895,4.8492372)";4.8492372;52.3632895;
770;"BE_288";"Tongvaren";"Asplenium scolopendrium";"Ja";"F2";"";"Postjeswetering";"Postjeskade";"";"1";"";"1";"";"0 exemplaren";"POINT(4.8500378,52.3638426)";"POINT(52.3638426,4.8500378)";4.8500378;52.3638426;
771;"BE_288";"Tongvaren";"Asplenium scolopendrium";"Ja";"F2";"";"Postjeswetering";"Postjeskade";"";"0 exemplaren";"";"1";"";"0 exemplaren";"POINT(4.8502948,52.3632132)";"POINT(52.3632132,4.8502948)";4.8502948;52.3632132;
772;"BE_288";"Tongvaren";"Asplenium scolopendrium";"Ja";"F2";"";"Postjeswetering";"Postjeskade";"";"0 exemplaren";"";"1";"";"0 exemplaren";"POINT(4.8504569,52.3632132)";"POINT(52.3632132,4.8504569)";4.8504569;52.3632132;
773;"BE_288";"Tongvaren";"Asplenium scolopendrium";"Ja";"F2";"";"Postjeswetering";"Postjeskade";"";"";"";"";"";"1";"POINT(4.8507798,52.3632132)";"POINT(52.3632132,4.8507798)";4.8507798;52.3632132;
774;"BE_288";"Tongvaren";"Asplenium scolopendrium";"Ja";"F2";"";"Postjeswetering";"Postjeskade";"";"0 exemplaren";"";"1";"";"0 exemplaren";"POINT(4.850971,52.3632247)";"POINT(52.3632247,4.850971)";4.850971;52.3632247;
775;"BE_288";"Tongvaren";"Asplenium scolopendrium";"Ja";"F2";"";"Postjeswetering";"Postjeskade";"";"0 exemplaren";"";"1";"";"0 exemplaren";"POINT(4.8513672,52.3632285)";"POINT(52.3632285,4.8513672)";4.8513672;52.3632285;
776;"BE_288";"Tongvaren";"Asplenium scolopendrium";"Ja";"F2";"";"Postjeswetering";"Postjeskade";"";"";"";"1";"";"0 exemplaren";"POINT(4.8519099,52.3632666)";"POINT(52.3632666,4.8519099)";4.8519099;52.3632666;
777;"BE_288";"Tongvaren";"Asplenium scolopendrium";"Ja";"F2";"";"Postjeswetering";"Postjeskade";"";"";"";"";"";"1";"POINT(4.8523028,52.3635565)";"POINT(52.3635565,4.8523028)";4.8523028;52.3635565;
778;"BE_288";"Tongvaren";"Asplenium scolopendrium";"Ja";"F2";"";"Postjeswetering";"Postjeskade";"";"0 exemplaren";"";"1";"";"0 exemplaren";"POINT(4.8526428,52.3633505)";"POINT(52.3633505,4.8526428)";4.8526428;52.3633505;
779;"BE_288";"Tongvaren";"Asplenium scolopendrium";"Ja";"F2";"";"Schinkel";"Brug Th.deBockstraat";"360";"";"";"1";"";"0 exemplaren";"POINT(4.8533618,52.3548247)";"POINT(52.3548247,4.8533618)";4.8533618;52.3548247;
780;"BE_288";"Tongvaren";"Asplenium scolopendrium";"Ja";"F2";"";"Schinkel";"Schinkelhavenkade";"";"";"";"1";"";"";"POINT(4.8535058,52.3538176)";"POINT(52.3538176,4.8535058)";4.8535058;52.3538176;
781;"BE_290";"Steenbreekvaren";"Asplenium trichomanes";"Ja";"F2";"";"Schinkel";"Brug Th.deBockstraat";"360";"";"";"";"";"1";"POINT(4.853802,52.3548361)";"POINT(52.3548361,4.853802)";4.853802;52.3548361;
782;"NB_990";"Muurfijnstraal";"Erigeron karvinskianus";"Ja";"";"";"Schinkel";"Schinkelhavenkade";"";"";"";"5";"";"0 exemplaren";"POINT(4.8539011,52.3551032)";"POINT(52.3551032,4.8539011)";4.8539011;52.3551032;
783;"BE_288";"Tongvaren";"Asplenium scolopendrium";"Ja";"F2";"";"Schinkel";"Amstelveenseweg";"";"";"";"1";"";"0 exemplaren";"POINT(4.85448,52.357041)";"POINT(52.357041,4.85448)";4.85448;52.357041;
784;"BE_288";"Tongvaren";"Asplenium scolopendrium";"Ja";"F2";"";"Kostverlorenvaart";"3e Kostverlorenkade";"";"0 exemplaren";"";"1";"";"0 exemplaren";"POINT(4.8553908,52.3581931)";"POINT(52.3581931,4.8553908)";4.8553908;52.3581931;
785;"BE_288";"Tongvaren";"Asplenium scolopendrium";"Ja";"F2";"";"Postjeswetering";"Postjeskade";"";"0 exemplaren";"";"1";"";"0 exemplaren";"POINT(4.8554432,52.3636862)";"POINT(52.3636862,4.8554432)";4.8554432;52.3636862;
786;"BE_290";"Steenbreekvaren";"Asplenium trichomanes";"Ja";"F2";"";"Stadiongracht";"Karperweg";"";"64";"";"94";"";"58";"POINT(4.8558152,52.3472945)";"POINT(52.3472945,4.8558152)";4.8558152;52.3472945;
787;"BE_290";"Steenbreekvaren";"Asplenium trichomanes";"Ja";"F2";"";"Stadiongracht";"Karperweg";"";"11";"";"10";"";"3";"POINT(4.8560049,52.3473212)";"POINT(52.3473212,4.8560049)";4.8560049;52.3473212;
788;"BE_288";"Tongvaren";"Asplenium scolopendrium";"Ja";"F2";"";"Kostverlorenvaart";"3e Kostverlorenkade";"";"";"";"1";"";"3";"POINT(4.8559258,52.358853)";"POINT(52.358853,4.8559258)";4.8559258;52.358853;
789;"BE_288";"Tongvaren";"Asplenium scolopendrium";"Ja";"F2";"";"Admiralengracht";"Brug Evertsenstraat";"359";"1";"1";"1";"1";"10";"POINT(4.8563802,52.3712203)";"POINT(52.3712203,4.8563802)";4.8563802;52.3712203;
790;"BE_288";"Tongvaren";"Asplenium scolopendrium";"Ja";"F2";"";"Admiralengracht";"Brug Evertsenstraat";"359";"15";"17";"20";"18";"26";"POINT(4.8566592,52.3712699)";"POINT(52.3712699,4.8566592)";4.8566592;52.3712699;
791;"BE_288";"Tongvaren";"Asplenium scolopendrium";"Ja";"F2";"";"Kostverlorenvaart";"3e Kostverlorenkade";"";"";"";"";"";"1";"POINT(4.8568518,52.3599898)";"POINT(52.3599898,4.8568518)";4.8568518;52.3599898;
792;"BE_288";"Tongvaren";"Asplenium scolopendrium";"Ja";"F2";"";"Kostverlorenvaart";"3e Kostverlorenkade";"";"";"";"1";"";"1";"POINT(4.8572848,52.3606001)";"POINT(52.3606001,4.8572848)";4.8572848;52.3606001;
793;"BE_288";"Tongvaren";"Asplenium scolopendrium";"Ja";"F2";"";"Postjeswetering";"Brug Baarsjesweg";"186";"2";"";"1";"";"0 exemplaren";"POINT(4.8580339,52.3643004)";"POINT(52.3643004,4.8580339)";4.8580339;52.3643004;
794;"BE_288";"Tongvaren";"Asplenium scolopendrium";"Ja";"F2";"";"Kostverlorenvaart";"Baarsjesweg";"";"";"";"1";"";"0 exemplaren";"POINT(4.8580549,52.3625571)";"POINT(52.3625571,4.8580549)";4.8580549;52.3625571;
795;"BE_288";"Tongvaren";"Asplenium scolopendrium";"Ja";"F2";"";"Kostverlorenvaart";"Baarsjesweg";"";"";"";"";"";"1";"POINT(4.8581421,52.3626715)";"POINT(52.3626715,4.8581421)";4.8581421;52.3626715;
796;"BE_288";"Tongvaren";"Asplenium scolopendrium";"Ja";"F2";"";"Kostverlorenvaart";"Baarsjesweg";"";"1";"";"1";"";"0 exemplaren";"POINT(4.8585241,52.3638503)";"POINT(52.3638503,4.8585241)";4.8585241;52.3638503;
797;"BE_288";"Tongvaren";"Asplenium scolopendrium";"Ja";"F2";"";"Jacob van Lennepkanaal";"Jacob van Lennepkade";"";"";"";"";"";"2";"POINT(4.8585498,52.3616683)";"POINT(52.3616683,4.8585498)";4.8585498;52.3616683;
798;"BE_288";"Tongvaren";"Asplenium scolopendrium";"Ja";"F2";"";"Jacob van Lennepkanaal";"Jacob van Lennepkade";"";"2";"";"1";"";"0 exemplaren";"POINT(4.858608,52.3616873)";"POINT(52.3616873,4.858608)";4.858608;52.3616873;
799;"BE_288";"Tongvaren";"Asplenium scolopendrium";"Ja";"F2";"";"Jacob van Lennepkanaal";"Jacob van Lennepkade";"";"1";"";"0 exemplaren";"";"0 exemplaren";"POINT(4.8586199,52.3619277)";"POINT(52.3619277,4.8586199)";4.8586199;52.3619277;
800;"BE_288";"Tongvaren";"Asplenium scolopendrium";"Ja";"F2";"";"Jacob van Lennepkanaal";"Jacob van Lennepkade";"";"10";"";"23";"";"11";"POINT(4.8587248,52.361714)";"POINT(52.361714,4.8587248)";4.8587248;52.361714;
801;"BE_288";"Tongvaren";"Asplenium scolopendrium";"Ja";"F2";"";"Jacob van Lennepkanaal";"Jacob van Lennepkade";"";"60";"";"3";"";"3";"POINT(4.858825,52.3619734)";"POINT(52.3619734,4.858825)";4.858825;52.3619734;
802;"BE_290";"Steenbreekvaren";"Asplenium trichomanes";"Ja";"F2";"";"Jacob van Lennepkanaal";"Jacob van Lennepkade";"";"1";"";"";"";"0 exemplaren";"POINT(4.8588431,52.3617407)";"POINT(52.3617407,4.8588431)";4.8588431;52.3617407;
803;"BE_2100";"Gele helmbloem";"Pseudofumaria lutea";"Ja";"F2";"";"Jacob van Lennepkanaal";"Jacob van Lennepkade";"";"0 exemplaren";"";"4";"";"2";"POINT(4.8589599,52.3617789)";"POINT(52.3617789,4.8589599)";4.8589599;52.3617789;
804;"BE_288";"Tongvaren";"Asplenium scolopendrium";"Ja";"F2";"";"Noorder Amstelkanaal";"Brug Marathonweg";"411";"";"";"";"";"4";"POINT(4.8598339,52.3486792)";"POINT(52.3486792,4.8598339)";4.8598339;52.3486792;
805;"BE_288";"Tongvaren";"Asplenium scolopendrium";"Ja";"F2";"";"Kosterlorenvaart";"Brug Kinkerstraat";"266";"1";"";"1";"";"0 exemplaren";"POINT(4.8597782,52.3645407)";"POINT(52.3645407,4.8597782)";4.8597782;52.3645407;
806;"BE_284";"Zwartsteel";"Asplenium adiantum-nigrum";"Ja";"F2";"";"Westelijk Marktkanaal";"Den Brielstraat";"";"4";"";"3";"";"1";"POINT(4.8596432,52.3833319)";"POINT(52.3833319,4.8596432)";4.8596432;52.3833319;
807;"BE_288";"Tongvaren";"Asplenium scolopendrium";"Ja";"F2";"";"Coenhaven";"Coenhaven";"";"1";"";"";"";"";"POINT(4.8593781,52.4056288)";"POINT(52.4056288,4.8593781)";4.8593781;52.4056288;
808;"BE_288";"Tongvaren";"Asplenium scolopendrium";"Ja";"F2";"";"Jacob van Lennepkanaal";"Brug Langendijkstraat";"145";"2";"";"";"";"0 exemplaren";"POINT(4.8599532,52.3622328)";"POINT(52.3622328,4.8599532)";4.8599532;52.3622328;
809;"BE_288";"Tongvaren";"Asplenium scolopendrium";"Ja";"F2";"";"Stadiongracht=Noorderamstelkanaal";"Brug Kochstraat";"411";"";"";"4";"";"0 exemplaren";"POINT(4.8601878,52.3485724)";"POINT(52.3485724,4.8601878)";4.8601878;52.3485724;
810;"BE_2100";"Gele helmbloem";"Pseudofumaria lutea";"Ja";"F2";"";"Jacob van Lennepkanaal";"Brug Langendijkstraat";"145";"";"";"2";"";"0 exemplaren";"POINT(4.860172,52.3622595)";"POINT(52.3622595,4.860172)";4.860172;52.3622595;
811;"BE_290";"Steenbreekvaren";"Asplenium trichomanes";"Ja";"F2";"";"De Rijpgracht";"De Rijpgracht";"";"3";"";"3";"";"4";"POINT(4.8600399,52.3771178)";"POINT(52.3771178,4.8600399)";4.8600399;52.3771178;
812;"BE_288";"Tongvaren";"Asplenium scolopendrium";"Ja";"F2";"";"Westelijk Marktkanaal";"Den Brielstraat";"";"1";"";"4";"";"1";"POINT(4.8599989,52.3830382)";"POINT(52.3830382,4.8599989)";4.8599989;52.3830382;
813;"BE_288";"Tongvaren";"Asplenium scolopendrium";"Ja";"F2";"";"De Rijpgracht";"De Rijpgracht";"";"";"";"";"";"1";"POINT(4.86007,52.3771178)";"POINT(52.3771178,4.86007)";4.86007;52.3771178;
814;"BE_2100";"Gele helmbloem";"Pseudofumaria lutea";"Ja";"F2";"";"Jacob van Lennepkanaal";"Jacob van Lennepkade";"";"10";"";"69";"";"43";"POINT(4.8604209,52.3623587)";"POINT(52.3623587,4.8604209)";4.8604209;52.3623587;
815;"BE_284";"Zwartsteel";"Asplenium adiantum-nigrum";"Ja";"F2";"";"De Rijpgracht";"De Rijpgracht";"";"";"";"";"";"1";"POINT(4.8604071,52.3771636)";"POINT(52.3771636,4.8604071)";4.8604071;52.3771636;
816;"BE_288";"Tongvaren";"Asplenium scolopendrium";"Ja";"F2";"";"Jacob van Lennepkanaal";"Jacob van Lennepkade";"";"1";"";"1";"";"1";"POINT(4.8606722,52.3621909)";"POINT(52.3621909,4.8606722)";4.8606722;52.3621909;
817;"BE_290";"Steenbreekvaren";"Asplenium trichomanes";"Ja";"F2";"";"Jacob van Lennepkanaal";"Jacob van Lennepkade";"";"6";"";"17";"";"12";"POINT(4.8607161,52.3621985)";"POINT(52.3621985,4.8607161)";4.8607161;52.3621985;
818;"BE_288";"Tongvaren";"Asplenium scolopendrium";"Ja";"F2";"";"Westelijk Marktkanaal";"Den Brielstraat";"";"13";"";"19";"";"7";"POINT(4.8606641,52.3827445)";"POINT(52.3827445,4.8606641)";4.8606641;52.3827445;
819;"BE_288";"Tongvaren";"Asplenium scolopendrium";"Ja";"F2";"";"Jacob van Lennepkanaal";"Jacob van Lennepkade";"";"";"";"1";"";"0 exemplaren";"POINT(4.8609359,52.3622557)";"POINT(52.3622557,4.8609359)";4.8609359;52.3622557;
820;"BE_290";"Steenbreekvaren";"Asplenium trichomanes";"Ja";"F2";"";"De Rijpgracht";"De Rijpgracht";"";"";"";"";"";"1";"POINT(4.8608882,52.3774611)";"POINT(52.3774611,4.8608882)";4.8608882;52.3774611;
821;"BE_290";"Steenbreekvaren";"Asplenium trichomanes";"Ja";"F2";"";"Jacob van Lennepkanaal";"Jacob van Lennepkade";"";"2";"";"4";"";"1";"POINT(4.8611991,52.3623091)";"POINT(52.3623091,4.8611991)";4.8611991;52.3623091;
822;"BE_288";"Tongvaren";"Asplenium scolopendrium";"Ja";"F2";"";"Jacob van Lennepkanaal";"Jacob van Lennepkade";"";"2";"";"12";"";"4";"POINT(4.8611991,52.3623091)";"POINT(52.3623091,4.8611991)";4.8611991;52.3623091;
823;"BE_288";"Tongvaren";"Asplenium scolopendrium";"Ja";"F2";"";"Westelijk Marktkanaal";"Den Brielstraat";"";"1";"";"1";"";"0 exemplaren";"POINT(4.8609741,52.3825652)";"POINT(52.3825652,4.8609741)";4.8609741;52.3825652;
824;"BE_288";"Tongvaren";"Asplenium scolopendrium";"Ja";"F2";"";"De Rijpgracht";"De Rijpgracht";"";"0 exemplaren";"";"1";"";"0 exemplaren";"POINT(4.8612692,52.3775069)";"POINT(52.3775069,4.8612692)";4.8612692;52.3775069;
825;"BE_288";"Tongvaren";"Asplenium scolopendrium";"Ja";"F2";"";"Jacob van Lennepkanaal";"Jacob van Lennepkade";"";"5";"";"28";"";"12";"POINT(4.8614919,52.3623816)";"POINT(52.3623816,4.8614919)";4.8614919;52.3623816;
826;"NB_2638";"Moerasvaren";"Thelypteris palustris";"Ja";"";"";"De Rijpgracht";"De Rijpgracht";"";"";"";"";"";"1";"POINT(4.861357,52.377526)";"POINT(52.377526,4.861357)";4.861357;52.377526;
827;"BE_290";"Steenbreekvaren";"Asplenium trichomanes";"Ja";"F2";"";"Jacob van Lennepkanaal";"Jacob van Lennepkade";"";"";"";"2";"";"0 exemplaren";"POINT(4.8617852,52.3624579)";"POINT(52.3624579,4.8617852)";4.8617852;52.3624579;
828;"BE_290";"Steenbreekvaren";"Asplenium trichomanes";"Ja";"F2";"";"Jacob van Lennepkanaal";"Straringstraat";"";"1";"";"1";"";"0 exemplaren";"POINT(4.8618138,52.3624655)";"POINT(52.3624655,4.8618138)";4.8618138;52.3624655;
829;"BE_288";"Tongvaren";"Asplenium scolopendrium";"Ja";"F2";"";"Jacob van Lennepkanaal";"Staringstraat";"";"1";"";"3";"";"0 exemplaren";"POINT(4.8621218,52.362538)";"POINT(52.362538,4.8621218)";4.8621218;52.362538;
830;"BE_288";"Tongvaren";"Asplenium scolopendrium";"Ja";"F2";"";"Jacob van Lennepkanaal";"Jacob van Lennepkade";"";"3";"";"4";"";"1";"POINT(4.8625462,52.3626372)";"POINT(52.3626372,4.8625462)";4.8625462;52.3626372;
831;"BE_288";"Tongvaren";"Asplenium scolopendrium";"Ja";"F2";"";"Jacob van Lennepkanaal";"Jacob van Lennepkade";"";"2";"";"1";"";"3";"POINT(4.8626931,52.3626753)";"POINT(52.3626753,4.8626931)";4.8626931;52.3626753;
832;"BE_290";"Steenbreekvaren";"Asplenium trichomanes";"Ja";"F2";"";"Jacob van Lennepkanaal";"Jacob van Lennepkade";"";"";"";"1";"";"1";"POINT(4.8633492,52.3630568)";"POINT(52.3630568,4.8633492)";4.8633492;52.3630568;
833;"BE_288";"Tongvaren";"Asplenium scolopendrium";"Ja";"F2";"";"Jacob van Lennepkanaal";"Brug Jan Pieter Heijestraat";"140";"3";"";"";"";"0 exemplaren";"POINT(4.8635681,52.3631026)";"POINT(52.3631026,4.8635681)";4.8635681;52.3631026;
834;"BE_2100";"Gele helmbloem";"Pseudofumaria lutea";"Ja";"F2";"";"Jacob van Lennepkanaal";"Brug Jan Pieter Heijestraat";"140";"";"";"";"";"0 exemplaren";"POINT(4.8639052,52.3631751)";"POINT(52.3631751,4.8639052)";4.8639052;52.3631751;
835;"BE_2100";"Gele helmbloem";"Pseudofumaria lutea";"Ja";"F2";"";"Jacob van Lennepkanaal";"Jacob van Lennepkade";"";"";"";"";"";"0 exemplaren";"POINT(4.8641832,52.3632552)";"POINT(52.3632552,4.8641832)";4.8641832;52.3632552;
836;"BE_288";"Tongvaren";"Asplenium scolopendrium";"Ja";"F2";"";"Coenhaven";"Coenhavenweg";"";"1";"";"";"";"0 exemplaren";"POINT(4.8638742,52.4081847)";"POINT(52.4081847,4.8638742)";4.8638742;52.4081847;
837;"BE_288";"Tongvaren";"Asplenium scolopendrium";"Ja";"F2";"";"Jacob van Lennepkanaal";"Jacob van Lennepkade";"";"";"";"";"";"1";"POINT(4.8647282,52.3631598)";"POINT(52.3631598,4.8647282)";4.8647282;52.3631598;
838;"BE_284";"Zwartsteel";"Asplenium adiantum-nigrum";"Ja";"F2";"";"Jacob van Lennepkanaal";"Jacob van Lennepkade";"";"1";"";"1";"";"0 exemplaren";"POINT(4.864886,52.3634307)";"POINT(52.3634307,4.864886)";4.864886;52.3634307;
839;"BE_288";"Tongvaren";"Asplenium scolopendrium";"Ja";"F2";"";"Kosterlorenvaart";"2e Kostverlorenkade";"";"";"";"1";"";"0 exemplaren";"POINT(4.864857,52.3696601)";"POINT(52.3696601,4.864857)";4.864857;52.3696601;
840;"BE_288";"Tongvaren";"Asplenium scolopendrium";"Ja";"F2";"";"Kosterlorenvaart";"2e Kostverlorenkade";"";"1";"";"1";"";"2";"POINT(4.8649151,52.3697058)";"POINT(52.3697058,4.8649151)";4.8649151;52.3697058;
841;"BE_288";"Tongvaren";"Asplenium scolopendrium";"Ja";"F2";"";"Kosterlorenvaart";"2e Kostverlorenkade";"";"";"";"1";"";"1";"POINT(4.8650739,52.3698927)";"POINT(52.3698927,4.8650739)";4.8650739;52.3698927;
842;"BE_288";"Tongvaren";"Asplenium scolopendrium";"Ja";"F2";"";"Kosterlorenvaart";"Brug De Clerqstraat";"173";"1";"";"";"";"0 exemplaren";"POINT(4.8653061,52.3701636)";"POINT(52.3701636,4.8653061)";4.8653061;52.3701636;
843;"BE_290";"Steenbreekvaren";"Asplenium trichomanes";"Ja";"F2";"";"Kosterlorenvaart";"2e Kostverlorenkade";"";"";"";"";"";"5";"POINT(4.8655531,52.370381)";"POINT(52.370381,4.8655531)";4.8655531;52.370381;
844;"BE_290";"Steenbreekvaren";"Asplenium trichomanes";"Ja";"F2";"";"Kosterlorenvaart";"2e Kostverlorenkade";"";"";"";"1";"";"0 exemplaren";"POINT(4.865596,52.3704344)";"POINT(52.3704344,4.865596)";4.865596;52.3704344;
845;"BE_290";"Steenbreekvaren";"Asplenium trichomanes";"Ja";"F2";"";"Kosterlorenvaart";"2e Kostverlorenkade";"";"";"";"";"";"4";"POINT(4.8656981,52.3705451)";"POINT(52.3705451,4.8656981)";4.8656981;52.3705451;
846;"BE_288";"Tongvaren";"Asplenium scolopendrium";"Ja";"F2";"";"Jacob van Lennepkanaal";"Jacob van Lennepkade";"";"3";"";"3";"";"1";"POINT(4.865998,52.3637053)";"POINT(52.3637053,4.865998)";4.865998;52.3637053;
847;"BE_290";"Steenbreekvaren";"Asplenium trichomanes";"Ja";"F2";"";"Noorder Amstelkanaal";"Olympiaplein";"";"";"";"5";"0 exemplaren";"5";"POINT(4.8664429,52.3508193)";"POINT(52.3508193,4.8664429)";4.8664429;52.3508193;
848;"BE_288";"Tongvaren";"Asplenium scolopendrium";"Ja";"F2";"";"Jacob van Lennepkanaal";"Jacob van Lennepkade";"";"2";"";"3";"";"15";"POINT(4.8663962,52.3635718)";"POINT(52.3635718,4.8663962)";4.8663962;52.3635718;
849;"NB_1074";"Vijgenboom";"Ficus carica";"Ja";"";"";"Jacob van Lennepkanaal";"Hennetjesbrug";"179";"";"";"";"";"1";"POINT(4.866894,52.3636824)";"POINT(52.3636824,4.866894)";4.866894;52.3636824;
850;"BE_288";"Tongvaren";"Asplenium scolopendrium";"Ja";"F2";"";"Kosterlorenvaart";"2e Kostverlorenkade";"";"";"";"";"";"1";"POINT(4.8670661,52.3715827)";"POINT(52.3715827,4.8670661)";4.8670661;52.3715827;
851;"BE_288";"Tongvaren";"Asplenium scolopendrium";"Ja";"F2";"";"Hugo de Grootgracht";"Bilderdijkpark";"";"";"";"3";"";"4";"POINT(4.867974,52.3717658)";"POINT(52.3717658,4.867974)";4.867974;52.3717658;
852;"BE_284";"Zwartsteel";"Asplenium adiantum-nigrum";"Ja";"F2";"";"Westelijke Gashouder";"Gosschalklaan";"";"11";"8";"9";"";"0 exemplaren";"POINT(4.8680589,52.385842)";"POINT(52.385842,4.8680589)";4.8680589;52.385842;
853;"NB_2421";"Tripmadam";"Sedum reflexum";"Ja";"";"BE";"Bilderdijkgracht";"Bilderdijkkade";"135";"1";"";"";"";"0 exemplaren";"POINT(4.8683989,52.370629)";"POINT(52.370629,4.8683989)";4.8683989;52.370629;
854;"BE_284";"Zwartsteel";"Asplenium adiantum-nigrum";"Ja";"F2";"";"Westelijke Gashouder";"Polonceaukade";"";"";"";"";"";"1";"POINT(4.8682802,52.3858534)";"POINT(52.3858534,4.8682802)";4.8682802;52.3858534;
855;"BE_288";"Tongvaren";"Asplenium scolopendrium";"Ja";"F2";"";"Bilderdijkgracht";"Bilderdijkkade";"";"2";"";"4";"";"5";"POINT(4.8684809,52.3698546)";"POINT(52.3698546,4.8684809)";4.8684809;52.3698546;
856;"BE_288";"Tongvaren";"Asplenium scolopendrium";"Ja";"F2";"";"Bilderdijkgracht";"Brug De Clercqstraat";"135";"1";"";"";"";"0 exemplaren";"POINT(4.8685481,52.3703848)";"POINT(52.3703848,4.8685481)";4.8685481;52.3703848;
857;"NB_2421";"Tripmadam";"Sedum reflexum";"Ja";"";"BE";"Jacob van Lennepkanaal";"Gerard Borstkade";"";"";"";"";"";"1";"POINT(4.869251,52.3642508)";"POINT(52.3642508,4.869251)";4.869251;52.3642508;
858;"BE_288";"Tongvaren";"Asplenium scolopendrium";"Ja";"F2";"";"Hugo de Grootgracht";"Hugo de Grootkade";"";"";"";"";"";"1";"POINT(4.869231,52.3722579)";"POINT(52.3722579,4.869231)";4.869231;52.3722579;
859;"BE_288";"Tongvaren";"Asplenium scolopendrium";"Ja";"F2";"";"Jacob van Lennepkanaal";"Gerard Borstkade";"";"1";"";"1";"";"1";"POINT(4.8698661,52.3644225)";"POINT(52.3644225,4.8698661)";4.8698661;52.3644225;
860;"NB_600";"Spoorbloem";"Centranthus ruber";"Ja";"";"";"Hugo de Grootgracht";"Hugo de Grootkade";"";"2";"";"";"";"2";"POINT(4.8699639,52.3724066)";"POINT(52.3724066,4.8699639)";4.8699639;52.3724066;
861;"BE_288";"Tongvaren";"Asplenium scolopendrium";"Ja";"F2";"";"Bilderdijkgracht";"Bilderdijkkade";"";"2";"";"1";"";"1";"POINT(4.8701088,52.3675162)";"POINT(52.3675162,4.8701088)";4.8701088;52.3675162;
862;"NB_2638";"Moerasvaren";"Thelypteris palustris";"Ja";"";"";"Bilderdijkgracht";"Bilderdijkkade";"";"1";"";"1";"";"1";"POINT(4.8706682,52.3674018)";"POINT(52.3674018,4.8706682)";4.8706682;52.3674018;
863;"BE_288";"Tongvaren";"Asplenium scolopendrium";"Ja";"F2";"";"Bilderdijkgracht";"Bilderdijkkade";"";"";"";"";"";"1";"POINT(4.8708408,52.3664519)";"POINT(52.3664519,4.8708408)";4.8708408;52.3664519;
864;"BE_288";"Tongvaren";"Asplenium scolopendrium";"Ja";"F2";"";"Bilderdijkgracht";"Bilderdijkkade";"";"";"";"2";"";"0 exemplaren";"POINT(4.8708551,52.3664519)";"POINT(52.3664519,4.8708551)";4.8708551;52.3664519;
865;"BE_288";"Tongvaren";"Asplenium scolopendrium";"Ja";"F2";"";"Bilderdijkgracht";"Bilderdijkkade";"";"6";"";"1";"";"0 exemplaren";"POINT(4.8718779,52.3656279)";"POINT(52.3656279,4.8718779)";4.8718779;52.3656279;
866;"BE_290";"Steenbreekvaren";"Asplenium trichomanes";"Ja";"F2";"";"Bilderdijkgracht";"Bilderdijkkade";"";"2";"";"1";"";"0 exemplaren";"POINT(4.8718779,52.3656279)";"POINT(52.3656279,4.8718779)";4.8718779;52.3656279;
867;"BE_290";"Steenbreekvaren";"Asplenium trichomanes";"Ja";"F2";"";"Da Costagracht";"Brug De Clercqstraat";"108";"0 exemplaren";"";"5";"";"0 exemplaren";"POINT(4.871887,52.3711363)";"POINT(52.3711363,4.871887)";4.871887;52.3711363;
868;"BE_290";"Steenbreekvaren";"Asplenium trichomanes";"Ja";"F2";"";"Da Costagracht";"Da Costakade";"";"";"";"";"";"1";"POINT(4.8719051,52.3696257)";"POINT(52.3696257,4.8719051)";4.8719051;52.3696257;
869;"BE_288";"Tongvaren";"Asplenium scolopendrium";"Ja";"F2";"";"Bilderdijkgracht";"Bilderdijkkade";"";"11";"";"12";"";"13";"POINT(4.8720119,52.3654486)";"POINT(52.3654486,4.8720119)";4.8720119;52.3654486;
870;"NB_2421";"Tripmadam";"Sedum reflexum";"Ja";"";"BE";"Bilderdijkgracht";"Bilderdijkkade";"";"";"";"1";"";"0 exemplaren";"POINT(4.8720119,52.3654486)";"POINT(52.3654486,4.8720119)";4.8720119;52.3654486;
871;"BE_288";"Tongvaren";"Asplenium scolopendrium";"Ja";"F2";"";"Bilderdijkgracht";"Bilderdijkkade";"";"";"";"";"";"1";"POINT(4.872072,52.3653609)";"POINT(52.3653609,4.872072)";4.872072;52.3653609;
872;"NB_600";"Spoorbloem";"Centranthus ruber";"Ja";"";"";"Da Costagracht";"Da Costakade";"";"";"";"1";"";"1";"POINT(4.872164,52.3700682)";"POINT(52.3700682,4.872164)";4.872164;52.3700682;
873;"BE_290";"Steenbreekvaren";"Asplenium trichomanes";"Ja";"F2";"";"Da Costagracht";"Brug Potgieterstraat";"138";"280";"";"30";"";"209";"POINT(4.8721878,52.3693053)";"POINT(52.3693053,4.8721878)";4.8721878;52.3693053;
874;"BE_1013";"Muurbloem";"Erysimum cheiri";"Ja";"F2";"BE";"Da Costagracht";"Da Costakade";"";"";"";"";"";"2";"POINT(4.8722398,52.3699004)";"POINT(52.3699004,4.8722398)";4.8722398;52.3699004;
875;"NB_600";"Spoorbloem";"Centranthus ruber";"Ja";"";"";"Het IJ";"Surinamekade";"";"";"";"";"";"3";"POINT(4.9374268,52.3777396)";"POINT(52.3777396,4.9374268)";4.9374268;52.3777396;
876;"BE_290";"Steenbreekvaren";"Asplenium trichomanes";"Ja";"F2";"";"IJhaven";"Veemkade";"";"2";"";"1";"";"0 exemplaren";"POINT(4.9375489,52.3744322)";"POINT(52.3744322,4.9375489)";4.9375489;52.3744322;
877;"BE_290";"Steenbreekvaren";"Asplenium trichomanes";"Ja";"F2";"";"Het IJ";"Surinamekade";"";"";"";"1";"2";"1";"POINT(4.9375598,52.3777243)";"POINT(52.3777243,4.9375598)";4.9375598;52.3777243;
878;"BE_290";"Steenbreekvaren";"Asplenium trichomanes";"Ja";"F2";"";"IJhaven";"Veemkade";"";"0 exemplaren";"";"0 exemplaren";"2";"1";"POINT(4.9376371,52.374417)";"POINT(52.374417,4.9376371)";4.9376371;52.374417;
879;"BE_290";"Steenbreekvaren";"Asplenium trichomanes";"Ja";"F2";"";"IJhaven";"Veemkade";"";"1";"";"0 exemplaren";"1";"1";"POINT(4.9378431,52.3743788)";"POINT(52.3743788,4.9378431)";4.9378431;52.3743788;
880;"BE_290";"Steenbreekvaren";"Asplenium trichomanes";"Ja";"F2";"";"Het IJ";"Surinamekade";"";"";"";"";"1";"1";"POINT(4.9378831,52.3777167)";"POINT(52.3777167,4.9378831)";4.9378831;52.3777167;
881;"BE_290";"Steenbreekvaren";"Asplenium trichomanes";"Ja";"F2";"";"IJhaven";"Veemkade";"";"1";"";"0 exemplaren";"3";"5";"POINT(4.9379752,52.3743636)";"POINT(52.3743636,4.9379752)";4.9379752;52.3743636;
882;"BE_290";"Steenbreekvaren";"Asplenium trichomanes";"Ja";"F2";"";"IJhaven";"Veemkade";"";"2";"";"0 exemplaren";"2";"3";"POINT(4.9380929,52.3743254)";"POINT(52.3743254,4.9380929)";4.9380929;52.3743254;
883;"BE_290";"Steenbreekvaren";"Asplenium trichomanes";"Ja";"F2";"";"Het IJ";"Surinamekade";"";"";"2";"";"7";"4";"POINT(4.9382212,52.37769)";"POINT(52.37769,4.9382212)";4.9382212;52.37769;
884;"BE_290";"Steenbreekvaren";"Asplenium trichomanes";"Ja";"F2";"";"IJhaven";"Veemkade";"";"4";"";"0 exemplaren";"0 exemplaren";"1";"POINT(4.9382551,52.3743025)";"POINT(52.3743025,4.9382551)";4.9382551;52.3743025;
885;"BE_290";"Steenbreekvaren";"Asplenium trichomanes";"Ja";"F2";"";"IJhaven";"Veemkade";"";"1";"1";"5";"7";"6";"POINT(4.9384019,52.3742835)";"POINT(52.3742835,4.9384019)";4.9384019;52.3742835;
886;"BE_290";"Steenbreekvaren";"Asplenium trichomanes";"Ja";"F2";"";"IJhaven";"Veemkade";"";"4";"1";"6";"2";"4";"POINT(4.9385931,52.3742491)";"POINT(52.3742491,4.9385931)";4.9385931;52.3742491;
887;"BE_290";"Steenbreekvaren";"Asplenium trichomanes";"Ja";"F2";"";"Het IJ";"Surinamekade";"";"";"";"";"";"1";"POINT(4.9385588,52.3776747)";"POINT(52.3776747,4.9385588)";4.9385588;52.3776747;
888;"BE_290";"Steenbreekvaren";"Asplenium trichomanes";"Ja";"F2";"";"Het IJ";"Surinamekade";"";"5";"9";"12";"36";"31";"POINT(4.9386179,52.3776747)";"POINT(52.3776747,4.9386179)";4.9386179;52.3776747;
889;"BE_290";"Steenbreekvaren";"Asplenium trichomanes";"Ja";"F2";"";"IJhaven";"Veemkade";"";"5";"3";"7";"13";"22";"POINT(4.9386961,52.3742301)";"POINT(52.3742301,4.9386961)";4.9386961;52.3742301;
890;"BE_290";"Steenbreekvaren";"Asplenium trichomanes";"Ja";"F2";"";"Het IJ";"Surinamekade";"";"";"";"";"1";"0 exemplaren";"POINT(4.9387348,52.3776633)";"POINT(52.3776633,4.9387348)";4.9387348;52.3776633;
891;"BE_290";"Steenbreekvaren";"Asplenium trichomanes";"Ja";"F2";"";"Entropothaven";"Borneokade";"";"17";"11";"15";"13";"22";"POINT(4.9388392,52.3702857)";"POINT(52.3702857,4.9388392)";4.9388392;52.3702857;
892;"NB_990";"Muurfijnstraal";"Erigeron karvinskianus";"Ja";"";"";"Het IJ";"Surinamekade";"";"1";"2";"2";"";"1";"POINT(4.9388969,52.3776557)";"POINT(52.3776557,4.9388969)";4.9388969;52.3776557;
893;"BE_290";"Steenbreekvaren";"Asplenium trichomanes";"Ja";"F2";"";"Het IJ";"Surinamekade";"";"";"";"";"1";"8";"POINT(4.9389412,52.3776557)";"POINT(52.3776557,4.9389412)";4.9389412;52.3776557;
894;"BE_290";"Steenbreekvaren";"Asplenium trichomanes";"Ja";"F2";"";"IJhaven";"Veemkade";"";"48";"43";"20";"15";"10";"POINT(4.9389908,52.3741767)";"POINT(52.3741767,4.9389908)";4.9389908;52.3741767;
895;"BE_290";"Steenbreekvaren";"Asplenium trichomanes";"Ja";"F2";"";"IJhaven";"Veemkade";"";"103";"74";"60";"53";"60";"POINT(4.9390938,52.3741614)";"POINT(52.3741614,4.9390938)";4.9390938;52.3741614;
896;"BE_290";"Steenbreekvaren";"Asplenium trichomanes";"Ja";"F2";"";"Het IJ";"Surinamekade";"";"";"1";"";"11";"7";"POINT(4.9390881,52.377648)";"POINT(52.377648,4.9390881)";4.9390881;52.377648;
897;"BE_290";"Steenbreekvaren";"Asplenium trichomanes";"Ja";"F2";"";"Entropothaven";"Borneokade";"";"1";"1";"";"2";"3";"POINT(4.9391911,52.3702971)";"POINT(52.3702971,4.9391911)";4.9391911;52.3702971;
898;"BE_290";"Steenbreekvaren";"Asplenium trichomanes";"Ja";"F2";"";"IJhaven";"Veemkade";"";"46";"48";"45";"55";"70";"POINT(4.9392412,52.3741423)";"POINT(52.3741423,4.9392412)";4.9392412;52.3741423;
899;"BE_290";"Steenbreekvaren";"Asplenium trichomanes";"Ja";"F2";"";"Het IJ";"Surinamekade";"";"1";"6";"";"32";"25";"POINT(4.9392049,52.3776404)";"POINT(52.3776404,4.9392049)";4.9392049;52.3776404;
900;"NB_990";"Muurfijnstraal";"Erigeron karvinskianus";"Ja";"";"";"Het IJ";"Surinamekade";"";"4";"6";"7";"6";"1";"POINT(4.939235,52.3776404)";"POINT(52.3776404,4.939235)";4.939235;52.3776404;
901;"BE_290";"Steenbreekvaren";"Asplenium trichomanes";"Ja";"F2";"";"IJhaven";"Veemkade";"";"2";"6";"8";"8";"11";"POINT(4.9393442,52.3741156)";"POINT(52.3741156,4.9393442)";4.9393442;52.3741156;
902;"BE_288";"Tongvaren";"Asplenium scolopendrium";"Ja";"F2";"";"Het IJ";"Surinamekade";"";"0 exemplaren";"";"";"1";"1";"POINT(4.939338,52.3776328)";"POINT(52.3776328,4.939338)";4.939338;52.3776328;
903;"BE_290";"Steenbreekvaren";"Asplenium trichomanes";"Ja";"F2";"";"Het IJ";"Surinamekade";"";"7";"29";"18";"91";"61";"POINT(4.9393518,52.3776328)";"POINT(52.3776328,4.9393518)";4.9393518;52.3776328;
904;"NB_990";"Muurfijnstraal";"Erigeron karvinskianus";"Ja";"";"";"Het IJ";"Surinamekade";"";"";"";"";"1";"0 exemplaren";"POINT(4.9393518,52.3776328)";"POINT(52.3776328,4.9393518)";4.9393518;52.3776328;
905;"NB_990";"Muurfijnstraal";"Erigeron karvinskianus";"Ja";"";"";"Het IJ";"Surinamekade";"";"40";"40";"20";"";"9";"POINT(4.939543,52.3776213)";"POINT(52.3776213,4.939543)";4.939543;52.3776213;
906;"BE_290";"Steenbreekvaren";"Asplenium trichomanes";"Ja";"F2";"";"Het IJ";"Surinamekade";"";"8";"9";"14";"34";"22";"POINT(4.939543,52.3776213)";"POINT(52.3776213,4.939543)";4.939543;52.3776213;
907;"BE_290";"Steenbreekvaren";"Asplenium trichomanes";"Ja";"F2";"";"Het IJ";"Surinamekade";"";"16";"24";"22";"89";"51";"POINT(4.9396899,52.3776137)";"POINT(52.3776137,4.9396899)";4.9396899;52.3776137;
908;"BE_284";"Zwartsteel";"Asplenium adiantum-nigrum";"Ja";"F2";"";"Entrepothaven";"Borneokade";"";"1";"";"2";"0 exemplaren";"1";"POINT(4.939822,52.3703353)";"POINT(52.3703353,4.939822)";4.939822;52.3703353;
909;"BE_290";"Steenbreekvaren";"Asplenium trichomanes";"Ja";"F2";"";"Het IJ";"Surinamekade";"";"50";"50";"31";"120";"94";"POINT(4.9397929,52.3776061)";"POINT(52.3776061,4.9397929)";4.9397929;52.3776061;
910;"BE_290";"Steenbreekvaren";"Asplenium trichomanes";"Ja";"F2";"";"Het IJ";"Surinamekade";"";"69";"73";"65";"100";"95";"POINT(4.9399402,52.3776061)";"POINT(52.3776061,4.9399402)";4.9399402;52.3776061;
911;"NB_600";"Spoorbloem";"Centranthus ruber";"Ja";"";"";"Ertshaven";"Levantkade";"";"";"";"";"1";"1";"POINT(4.940027,52.3762137)";"POINT(52.3762137,4.940027)";4.940027;52.3762137;
912;"BE_290";"Steenbreekvaren";"Asplenium trichomanes";"Ja";"F2";"";"Het IJ";"Surinamekade";"";"15";"17";"17";"104";"38";"POINT(4.9400871,52.3775984)";"POINT(52.3775984,4.9400871)";4.9400871;52.3775984;
913;"BE_290";"Steenbreekvaren";"Asplenium trichomanes";"Ja";"F2";"";"Het IJ";"Surinamekade";"";"19";"20";"40";"110";"71";"POINT(4.9402192,52.3775984)";"POINT(52.3775984,4.9402192)";4.9402192;52.3775984;
914;"NB_600";"Spoorbloem";"Centranthus ruber";"Ja";"";"";"Ertshaven";"Levantkade";"";"1";"";"2";"5";"3";"POINT(4.940336,52.3762213)";"POINT(52.3762213,4.940336)";4.940336;52.3762213;
915;"BE_290";"Steenbreekvaren";"Asplenium trichomanes";"Ja";"F2";"";"Entropothaven";"Borneokade";"";"";"";"1";"0 exemplaren";"2";"POINT(4.9404089,52.3704001)";"POINT(52.3704001,4.9404089)";4.9404089;52.3704001;
916;"BE_290";"Steenbreekvaren";"Asplenium trichomanes";"Ja";"F2";"";"Het IJ";"Surinamekade";"";"38";"50";"60";"160";"64";"POINT(4.9403951,52.3775984)";"POINT(52.3775984,4.9403951)";4.9403951;52.3775984;
917;"NB_600";"Spoorbloem";"Centranthus ruber";"Ja";"";"";"Ertshaven";"Levantkade";"";"3";"6";"5";"5";"7";"POINT(4.940438,52.3762328)";"POINT(52.3762328,4.940438)";4.940438;52.3762328;
918;"BE_290";"Steenbreekvaren";"Asplenium trichomanes";"Ja";"F2";"";"Ertshaven";"Levantkade";"";"";"";"";"";"1";"POINT(4.9404972,52.3762251)";"POINT(52.3762251,4.9404972)";4.9404972;52.3762251;
919;"BE_288";"Tongvaren";"Asplenium scolopendrium";"Ja";"F2";"";"Entrepothaven";"Zeeburgerkade-West";"";"";"";"";"";"1";"POINT(4.9405959,52.3693396)";"POINT(52.3693396,4.9405959)";4.9405959;52.3693396;
920;"BE_290";"Steenbreekvaren";"Asplenium trichomanes";"Ja";"F2";"";"Het IJ";"Surinamekade";"";"8";"11";"20";"90";"19";"POINT(4.9405272,52.3775984)";"POINT(52.3775984,4.9405272)";4.9405272;52.3775984;
921;"BE_290";"Steenbreekvaren";"Asplenium trichomanes";"Ja";"F2";"";"Het IJ";"Surinamekade";"";"42";"52";"50";"105";"37";"POINT(4.9406888,52.3776099)";"POINT(52.3776099,4.9406888)";4.9406888;52.3776099;
922;"BE_290";"Steenbreekvaren";"Asplenium trichomanes";"Ja";"F2";"";"Het IJ";"Surinamekade";"";"5";"13";"4";"57";"16";"POINT(4.9408209,52.3776099)";"POINT(52.3776099,4.9408209)";4.9408209;52.3776099;
923;"BE_290";"Steenbreekvaren";"Asplenium trichomanes";"Ja";"F2";"";"Het IJ";"Surinamekade";"";"2";"5";"5";"27";"5";"POINT(4.9409678,52.3776175)";"POINT(52.3776175,4.9409678)";4.9409678;52.3776175;
924;"BE_290";"Steenbreekvaren";"Asplenium trichomanes";"Ja";"F2";"";"Entropothaven";"Borneokade";"";"";"";"2";"0 exemplaren";"2";"POINT(4.9410541,52.3704726)";"POINT(52.3704726,4.9410541)";4.9410541;52.3704726;
925;"BE_284";"Zwartsteel";"Asplenium adiantum-nigrum";"Ja";"F2";"";"Entrepothaven";"Zeeburgerkade-West";"";"0 exemplaren";"";"0 exemplaren";"1";"0 exemplaren";"POINT(4.9411681,52.3693434)";"POINT(52.3693434,4.9411681)";4.9411681;52.3693434;
926;"BE_290";"Steenbreekvaren";"Asplenium trichomanes";"Ja";"F2";"";"Het IJ";"Surinamekade";"";"7";"13";"3";"28";"7";"POINT(4.9411151,52.3776175)";"POINT(52.3776175,4.9411151)";4.9411151;52.3776175;
927;"NB_600";"Spoorbloem";"Centranthus ruber";"Ja";"";"";"Ertshaven";"Levantkade";"";"";"";"1";"5";"5";"POINT(4.9411728,52.3762442)";"POINT(52.3762442,4.9411728)";4.9411728;52.3762442;
928;"NB_990";"Muurfijnstraal";"Erigeron karvinskianus";"Ja";"";"";"Spoorwegbassin";"Panamakade";"";"";"";"";"";"1";"POINT(4.9412391,52.3725516)";"POINT(52.3725516,4.9412391)";4.9412391;52.3725516;
929;"BE_290";"Steenbreekvaren";"Asplenium trichomanes";"Ja";"F2";"";"Het IJ";"Surinamekade";"";"1";"9";"2";"3";"1";"POINT(4.9413049,52.377629)";"POINT(52.377629,4.9413049)";4.9413049;52.377629;
930;"BE_290";"Steenbreekvaren";"Asplenium trichomanes";"Ja";"F2";"";"Entropothaven";"Borneokade";"";"8";"9";"10";"8";"10";"POINT(4.9414799,52.3705298)";"POINT(52.3705298,4.9414799)";4.9414799;52.3705298;
931;"BE_290";"Steenbreekvaren";"Asplenium trichomanes";"Ja";"F2";"";"Het IJ";"Surinamekade";"";"2";"4";"";"6";"0 exemplaren";"POINT(4.941438,52.377629)";"POINT(52.377629,4.941438)";4.941438;52.377629;
932;"BE_290";"Steenbreekvaren";"Asplenium trichomanes";"Ja";"F2";"";"Het IJ";"Surinamekade";"";"28";"28";"12";"33";"22";"POINT(4.9415548,52.3776404)";"POINT(52.3776404,4.9415548)";4.9415548;52.3776404;
933;"BE_290";"Steenbreekvaren";"Asplenium trichomanes";"Ja";"F2";"";"Entropothaven";"Borneokade";"";"1";"3";"3";"2";"5";"POINT(4.9417579,52.3705565)";"POINT(52.3705565,4.9417579)";4.9417579;52.3705565;
934;"BE_288";"Tongvaren";"Asplenium scolopendrium";"Ja";"F2";"";"Ertshaven";"Levantkade";"";"";"3";"4";"2";"3";"POINT(4.9417298,52.3762747)";"POINT(52.3762747,4.9417298)";4.9417298;52.3762747;
935;"BE_290";"Steenbreekvaren";"Asplenium trichomanes";"Ja";"F2";"";"Het IJ";"Surinamekade";"";"8";"9";"6";"13";"1";"POINT(4.941849,52.377648)";"POINT(52.377648,4.941849)";4.941849;52.377648;
936;"BE_290";"Steenbreekvaren";"Asplenium trichomanes";"Ja";"F2";"";"Entropothaven";"Borneokade";"";"2";"1";"6";"2";"4";"POINT(4.9419491,52.3705756)";"POINT(52.3705756,4.9419491)";4.9419491;52.3705756;
937;"NB_990";"Muurfijnstraal";"Erigeron karvinskianus";"Ja";"";"";"Het IJ";"Surinamekade";"";"9";"10";"10";"10";"0 exemplaren";"POINT(4.9419072,52.377648)";"POINT(52.377648,4.9419072)";4.9419072;52.377648;
938;"BE_290";"Steenbreekvaren";"Asplenium trichomanes";"Ja";"F2";"";"Het IJ";"Surinamekade";"";"";"";"";"9";"4";"POINT(4.9420102,52.3776518)";"POINT(52.3776518,4.9420102)";4.9420102;52.3776518;
939;"BE_290";"Steenbreekvaren";"Asplenium trichomanes";"Ja";"F2";"";"Entropothaven";"Borneokade";"";"16";"14";"24";"4";"13";"POINT(4.9421098,52.3706023)";"POINT(52.3706023,4.9421098)";4.9421098;52.3706023;
940;"BE_290";"Steenbreekvaren";"Asplenium trichomanes";"Ja";"F2";"";"Het IJ";"Surinamekade";"";"";"2";"1";"2";"0 exemplaren";"POINT(4.9421132,52.3776595)";"POINT(52.3776595,4.9421132)";4.9421132;52.3776595;
941;"BE_290";"Steenbreekvaren";"Asplenium trichomanes";"Ja";"F2";"";"Het IJ";"Surinamekade";"";"7";"12";"4";"22";"6";"POINT(4.9422738,52.3776595)";"POINT(52.3776595,4.9422738)";4.9422738;52.3776595;
942;"BE_290";"Steenbreekvaren";"Asplenium trichomanes";"Ja";"F2";"";"Nieuwe Vaart";"Zeeburgerpad 72_73";"";"";"";"";"1";"0 exemplaren";"POINT(4.9424822,52.3671805)";"POINT(52.3671805,4.9424822)";4.9424822;52.3671805;
943;"BE_290";"Steenbreekvaren";"Asplenium trichomanes";"Ja";"F2";"";"Het IJ";"Surinamekade";"";"3";"8";"";"19";"11";"POINT(4.9424059,52.3776671)";"POINT(52.3776671,4.9424059)";4.9424059;52.3776671;
944;"BE_290";"Steenbreekvaren";"Asplenium trichomanes";"Ja";"F2";"";"Entropothaven";"Borneokade";"";"";"";"";"";"3";"POINT(4.9426382,52.3706519)";"POINT(52.3706519,4.9426382)";4.9426382;52.3706519;
945;"BE_290";"Steenbreekvaren";"Asplenium trichomanes";"Ja";"F2";"";"Ertshaven";"Levantkade";"";"2";"2";"6";"10";"8";"POINT(4.9426262,52.3762938)";"POINT(52.3762938,4.9426262)";4.9426262;52.3762938;
946;"NB_2638";"Moerasvaren";"Thelypteris palustris";"Ja";"";"";"Amsterdam-Rijnkanaal";"Westelijk Merwedekanaaldijk";"SLU";"";"";"";"";"1";"POINT(4.9579232,52.363095)";"POINT(52.363095,4.9579232)";4.9579232;52.363095;
947;"BE_290";"Steenbreekvaren";"Asplenium trichomanes";"Ja";"F2";"";"Amsterdam-Rijnkanaal";"Westelijk Merwedekanaaldijk";"SLU";"1";"";"2";"";"12";"POINT(4.9580319,52.3624732)";"POINT(52.3624732,4.9580319)";4.9580319;52.3624732;
948;"NB_2638";"Moerasvaren";"Thelypteris palustris";"Ja";"";"";"Amsterdam-Rijnkanaal";"Westelijk Merwedekanaaldijk";"SLU";"";"";"1";"";"1";"POINT(4.9580309,52.3625914)";"POINT(52.3625914,4.9580309)";4.9580309;52.3625914;
949;"BE_288";"Tongvaren";"Asplenium scolopendrium";"Ja";"F2";"";"Oostelijke Gashouder";"Gosschalklaan";"";"";"13";"11";"";"12";"POINT(6.043894,52.3856246)";"POINT(52.3856246,6.043894)";6.043894;52.3856246;
950;"BE_290";"Steenbreekvaren";"Asplenium trichomanes";"Ja";"F2";"";"Nieuwe Achtergracht";"Nieuwe Achtergracht";"";"";"";"";"";"1";"POINT(4.9050562,52.3618743)";"POINT(52.3618743,4.9050562)";4.9050562;52.3618743;
951;"BE_284";"Zwartsteel";"Asplenium adiantum-nigrum";"Ja";"F2";"";"Haarlemmervaart";"Haarlemmerweg";"193";"";"";"";"";"1";"POINT(4.8749521,52.3855292)";"POINT(52.3855292,4.8749521)";4.8749521;52.3855292;
952;"BE_290";"Steenbreekvaren";"Asplenium trichomanes";"Nee";"F2";"";"";"Burg. Van der Pollstraat";"";"";"";"";"";"1";"POINT(4.8322499,52.3739325)";"POINT(52.3739325,4.8322499)";4.8322499;52.3739325;
953;"BE_288";"Zwartsteel";"Asplenium adiantum-nigrum";"Nee";"F2";"";"";"s Gravesandestraat";"";"28";"";"39";"";"10";"POINT(4.9154842,52.3613516)";"POINT(52.3613516,4.9154842)";4.9154842;52.3613516;
954;"BE_288";"Tongvaren";"Asplenium scolopendrium";"Nee";"F2";"";"";"Den Brielstraat";"";"";"";"";"";"10";"POINT(4.861335,52.3818328)";"POINT(52.3818328,4.861335)";4.861335;52.3818328;
955;"BE_290";"Steenbreekvaren";"Asplenium trichomanes";"Nee";"F2";"";"";"Ringdijk";"";"";"";"10";"";"9";"POINT(4.9141219,52.3487097)";"POINT(52.3487097,4.9141219)";4.9141219;52.3487097;
956;"BE_288";"Tongvaren";"Asplenium scolopendrium";"Nee";"F2";"";"";"Nassauplein";"";"";"";"1";"";"3";"POINT(4.8811281,52.3848921)";"POINT(52.3848921,4.8811281)";4.8811281;52.3848921;
957;"BE_288";"Tongvaren";"Asplenium scolopendrium";"Nee";"F2";"";"";"Nassauplein";"";"";"";"";"";"1";"POINT(4.8811881,52.384793)";"POINT(52.384793,4.8811881)";4.8811881;52.384793;
958;"BE_1863";"Klein glaskruid";"Parietaria judaica";"Nee";"F2";"";"";"Doorvaart";"";"";"";"";"";"1";"POINT(4.8765252,52.3700873)";"POINT(52.3700873,4.8765252)";4.8765252;52.3700873;
959;"BE_288";"Tongvaren";"Asplenium scolopendrium";"Nee";"F2";"";"";"Lijnbaansgracht";"";"";"";"";"";"1";"POINT(4.87767,52.3701102)";"POINT(52.3701102,4.87767)";4.87767;52.3701102;
960;"BE_288";"Tongvaren";"Asplenium scolopendrium";"Nee";"F2";"";"";"Weteringstraat";"";"";"";"1";"";"";"POINT(4.8884771,52.3609435)";"POINT(52.3609435,4.8884771)";4.8884771;52.3609435;
961;"BE_288";"Tongvaren";"Asplenium scolopendrium";"Nee";"F2";"";"";"Westermarkt";"";"";"";"";"";"1";"POINT(4.8843591,52.3745505)";"POINT(52.3745505,4.8843591)";4.8843591;52.3745505;
962;"BE_288";"Tongvaren";"Asplenium scolopendrium";"Nee";"F2";"";"";"Prins Hendrikskade";"";"";"";"2";"";"";"POINT(4.9122908,52.3716551)";"POINT(52.3716551,4.9122908)";4.9122908;52.3716551;
963;"BE_288";"Tongvaren";"Asplenium scolopendrium";"Nee";"F2";"";"";"Amstel";"236";"";"";"";"";"1";"POINT(4.9004848,52.3663336)";"POINT(52.3663336,4.9004848)";4.9004848;52.3663336;
964;"NB_2638";"Moerasvaren";"Thelypteris palustris";"Ja";"";"";"Singelgracht";"Korte Marnixkade";"";"";"";"2";"2";"2";"POINT(4.8822319,52.3846976)";"POINT(52.3846976,4.8822319)";4.8822319;52.3846976;
965;"BE_288";"Tongvaren";"Asplenium scolopendrium";"Ja";"F2";"";"Entrepotdok";"Plantagekade";"";"8";"";"5";"2";"2";"POINT(4.9133232,52.3685958)";"POINT(52.3685958,4.9133232)";4.9133232;52.3685958;
966;"NB_9017";"Rotsnavelkruid";"Umbilicus rupestris";"Ja";"";"";"Entrepotdok";"Entrepotdok";"";"";"";"";"";"1";"POINT(4.9133189,52.3689543)";"POINT(52.3689543,4.9133189)";4.9133189;52.3689543;
967;"BE_2100";"Gele helmbloem";"Pseudofumaria lutea";"Ja";"F2";"";"Amstel";"Korte Oudekerkerdijk";"911";"";"119";"125";"";"";"POINT(4.9136641,52.3392989)";"POINT(52.3392989,4.9136641)";4.9136641;52.3392989;
968;"NB_9017";"Rotsnavelkruid";"Umbilicus rupestris";"Ja";"";"";"Entrepotdok";"Entrepotdok";"";"1";"";"4";"";"10";"POINT(4.9133632,52.3689467)";"POINT(52.3689467,4.9133632)";4.9133632;52.3689467;
969;"BE_290";"Steenbreekvaren";"Asplenium trichomanes";"Ja";"F2";"";"IJhaven";"Veemkade";"";"0 exemplaren";"";"0 exemplaren";"2";"2";"POINT(4.9133031,52.3786437)";"POINT(52.3786437,4.9133031)";4.9133031;52.3786437;
970;"NB_9017";"Rotsnavelkruid";"Umbilicus rupestris";"Ja";"";"";"Entrepotdok";"Entrepotdok";"";"3";"";"1";"";"1";"POINT(4.9136722,52.3688399)";"POINT(52.3688399,4.9136722)";4.9136722;52.3688399;
971;"BE_290";"Steenbreekvaren";"Asplenium trichomanes";"Ja";"F2";"";"Ringvaart (van de Watergraafsmeer)";"Ringdijk";"";"";"";"";"";"3";"POINT(4.913902,52.3486907)";"POINT(52.3486907,4.913902)";4.913902;52.3486907;
972;"NB_2421";"Tripmadam";"Sedum reflexum";"Ja";"";"BE";"Entrepotdok";"Entrepotdok";"";"1";"";"1";"";"0 exemplaren";"POINT(4.91379,52.3687941)";"POINT(52.3687941,4.91379)";4.91379;52.3687941;
973;"NB_9017";"Rotsnavelkruid";"Umbilicus rupestris";"Ja";"";"";"Entrepotdok";"Entrepotdok";"";"1";"";"0 exemplaren";"";"2";"POINT(4.9138048,52.3687941)";"POINT(52.3687941,4.9138048)";4.9138048;52.3687941;
974;"BE_290";"Steenbreekvaren";"Asplenium trichomanes";"Ja";"F2";"";"Ringvaart (van de Watergraafsmeer)";"Ringdijk";"";"";"";"";"";"5";"POINT(4.9141362,52.3487898)";"POINT(52.3487898,4.9141362)";4.9141362;52.3487898;
975;"BE_288";"Tongvaren";"Asplenium scolopendrium";"Ja";"F2";"";"Ringvaart (van de Watergraafsmeer)";"Ringdijk";"";"";"";"";"";"1";"POINT(4.9141362,52.3487898)";"POINT(52.3487898,4.9141362)";4.9141362;52.3487898;
976;"BE_290";"Steenbreekvaren";"Asplenium trichomanes";"Ja";"F2";"";"Ringvaart (van de Watergraafsmeer)";"Schollenburgstraat";"";"1";"";"1";"";"0 exemplaren";"POINT(4.9141471,52.3491065)";"POINT(52.3491065,4.9141471)";4.9141471;52.3491065;
977;"BE_288";"Tongvaren";"Asplenium scolopendrium";"Ja";"F2";"";"Ringvaart (van de Watergraafsmeer)";"Ringdijk";"";"";"";"1";"";"1";"POINT(4.9142082,52.3488356)";"POINT(52.3488356,4.9142082)";4.9142082;52.3488356;
978;"BE_288";"Tongvaren";"Asplenium scolopendrium";"Ja";"F2";"";"Amstel";"Korte Oudekerkerdijk";"";"";"71";"97";"";"";"POINT(4.9143512,52.3395888)";"POINT(52.3395888,4.9143512)";4.9143512;52.3395888;
979;"BE_290";"Steenbreekvaren";"Asplenium trichomanes";"Ja";"F2";"";"Oosterdok";"Brug Kattenburgerplein";"274";"99";"";"109";"111";"108";"POINT(4.9143541,52.3710448)";"POINT(52.3710448,4.9143541)";4.9143541;52.3710448;
980;"BE_288";"Tongvaren";"Asplenium scolopendrium";"Ja";"F2";"";"Nieuwe Achtergracht";"Nieuwe Achtergracht";"";"";"";"4";"";"9";"POINT(4.9144761,52.3637396)";"POINT(52.3637396,4.9144761)";4.9144761;52.3637396;
981;"BE_290";"Steenbreekvaren";"Asplenium trichomanes";"Ja";"F2";"";"Nieuwe Vaart";"Nieuwe Vaart";"";"";"";"";"1";"0 exemplaren";"POINT(4.9144318,52.3706328)";"POINT(52.3706328,4.9144318)";4.9144318;52.3706328;
982;"BE_288";"Tongvaren";"Asplenium scolopendrium";"Ja";"F2";"";"RWZI-haventje";"RWZI-haven";"";"";"";"1";"";"";"POINT(4.9150908,52.3389975)";"POINT(52.3389975,4.9150908)";4.9150908;52.3389975;
983;"BE_288";"Tongvaren";"Asplenium scolopendrium";"Ja";"F2";"";"Duivendrechtsecaart";"Joan Muyskensweg";"";"";"";"1";"";"";"POINT(4.9151881,52.3340117)";"POINT(52.3340117,4.9151881)";4.9151881;52.3340117;
984;"BE_288";"Tongvaren";"Asplenium scolopendrium";"Ja";"F2";"";"Nieuwe Vaart";"Nieuwe Vaart";"";"0 exemplaren";"";"";"";"0 exemplaren";"POINT(4.9149778,52.3703353)";"POINT(52.3703353,4.9149778)";4.9149778;52.3703353;
985;"BE_290";"Steenbreekvaren";"Asplenium trichomanes";"Ja";"F2";"";"Nieuwe Vaart";"Brug Kattenburgerplein";"274";"";"";"";"";"3";"POINT(4.915046,52.3708693)";"POINT(52.3708693,4.915046)";4.915046;52.3708693;
986;"BE_2100";"Gele helmbloem";"Pseudofumaria lutea";"Ja";"F2";"";"Plantage Muidergracht";"Plantage Muidergracht";"";"";"";"";"7";"0 exemplaren";"POINT(4.9158719,52.3635375)";"POINT(52.3635375,4.9158719)";4.9158719;52.3635375;
987;"BE_288";"Tongvaren";"Asplenium scolopendrium";"Ja";"F2";"";"Entrepotdok";"Plantage Kerklaan";"";"";"";"";"4";"";"POINT(4.916712,52.367459)";"POINT(52.367459,4.916712)";4.916712;52.367459;
988;"BE_288";"Tongvaren";"Asplenium scolopendrium";"Ja";"F2";"";"Nieuwe Vaart";"Nieuwe Vaart";"";"1";"";"";"";"0 exemplaren";"POINT(4.916805,52.3697058)";"POINT(52.3697058,4.916805)";4.916805;52.3697058;
989;"BE_288";"Tongvaren";"Asplenium scolopendrium";"Ja";"F2";"";"Nieuwe vaart";"brug over Kattenburgervaart";"91";"";"";"";"1";"0 exemplaren";"POINT(4.9175031,52.3704115)";"POINT(52.3704115,4.9175031)";4.9175031;52.3704115;
990;"BE_288";"Tongvaren";"Asplenium scolopendrium";"Ja";"F2";"";"Kattenburgervaart";"Kattenburgergracht";"";"";"";"1";"";"";"POINT(4.917649,52.3704459)";"POINT(52.3704459,4.917649)";4.917649;52.3704459;
991;"NB_2421";"Tripmadam";"Sedum reflexum";"Ja";"";"BE";"Entrepotdok";"Entrepotdok";"";"2";"";"";"2";"0 exemplaren";"POINT(4.9177401,52.3674361)";"POINT(52.3674361,4.9177401)";4.9177401;52.3674361;
992;"BE_290";"Steenbreekvaren";"Asplenium trichomanes";"Ja";"F2";"";"Kattenburgervaart";"Bijltjespad";"";"1";"";"";"";"0 exemplaren";"POINT(4.9178512,52.3707701)";"POINT(52.3707701,4.9178512)";4.9178512;52.3707701;
993;"BE_290";"Steenbreekvaren";"Asplenium trichomanes";"Ja";"F2";"";"Kattenburgervaart";"Bijltjespad";"";"0 exemplaren";"";"";"6";"5";"POINT(4.9179389,52.3708159)";"POINT(52.3708159,4.9179389)";4.9179389;52.3708159;
994;"BE_288";"Tongvaren";"Asplenium scolopendrium";"Ja";"F2";"";"Het IJ";"Sumatrakade";"";"";"";"";"";"1";"POINT(4.917918,52.3797232)";"POINT(52.3797232,4.917918)";4.917918;52.3797232;
995;"NB_990";"Muurfijnstraal";"Erigeron karvinskianus";"Ja";"";"";"Entrepotdok";"Artiszijde";"";"0 exemplaren";"";"";"";"4";"POINT(4.9183328,52.3668906)";"POINT(52.3668906,4.9183328)";4.9183328;52.3668906;
996;"BE_290";"Steenbreekvaren";"Asplenium trichomanes";"Ja";"F2";"";"Kattenburgervaart";"Kattenburgerkade";"";"4";"";"32";"37";"0 exemplaren";"POINT(4.9183028,52.37106)";"POINT(52.37106,4.9183028)";4.9183028;52.37106;
997;"BE_288";"Tongvaren";"Asplenium scolopendrium";"Ja";"F2";"";"Kattenburgervaart";"Kattenburgerkade";"";"11";"";"36";"15";"7";"POINT(4.9183762,52.3711058)";"POINT(52.3711058,4.9183762)";4.9183762;52.3711058;
998;"NB_990";"Muurfijnstraal";"Erigeron karvinskianus";"Ja";"";"";"Kattenburgervaart";"Kattenburgerkade";"";"200";"";"265";"0 exemplaren";"323";"POINT(4.918391,52.3711058)";"POINT(52.3711058,4.918391)";4.918391;52.3711058;
999;"BE_290";"Steenbreekvaren";"Asplenium trichomanes";"Ja";"F2";"";"Entrepotdoksluis";"Entrepotdoksluis";"SLU";"";"";"";"1";"1";"POINT(4.918988,52.3674399)";"POINT(52.3674399,4.918988)";4.918988;52.3674399;
1000;"BE_290";"Steenbreekvaren";"Asplenium trichomanes";"Ja";"F2";"";"Motorkanaal";"Motorkade";"";"";"";"1";"";"0 exemplaren";"POINT(4.9191182,52.3843123)";"POINT(52.3843123,4.9191182)";4.9191182;52.3843123;
1001;"BE_290";"Steenbreekvaren";"Asplenium trichomanes";"Ja";"F2";"";"Motorkanaal";"Motorkade";"";"74";"";"74";"";"40";"POINT(4.919194,52.3840872)";"POINT(52.3840872,4.919194)";4.919194;52.3840872;
1002;"BE_288";"Tongvaren";"Asplenium scolopendrium";"Ja";"F2";"";"Motorkanaal";"Motorkade";"";"1";"";"1";"";"0 exemplaren";"POINT(4.919194,52.3840872)";"POINT(52.3840872,4.919194)";4.919194;52.3840872;
1003;"NB_990";"Muurfijnstraal";"Erigeron karvinskianus";"Ja";"";"";"Entrepotdok";"Artiszijde";"";"";"";"";"";"3";"POINT(4.9193919,52.3666426)";"POINT(52.3666426,4.9193919)";4.9193919;52.3666426;
1004;"BE_288";"Tongvaren";"Asplenium scolopendrium";"Ja";"F2";"";"IJhaven";"Veemkade";"";"1";"1";"1";"1";"1";"POINT(4.919409,52.3775794)";"POINT(52.3775794,4.919409)";4.919409;52.3775794;
1005;"NB_990";"Muurfijnstraal";"Erigeron karvinskianus";"Ja";"";"";"Kattenburgervaart";"Kattenburgerkade";"270";"210";"";"278";"0 exemplaren";"200";"POINT(4.919544,52.3718115)";"POINT(52.3718115,4.919544)";4.919544;52.3718115;
1006;"BE_290";"Steenbreekvaren";"Asplenium trichomanes";"Ja";"F2";"";"Kattenburgervaart";"Kattenburgerkade";"270";"0 exemplaren";"";"0 exemplaren";"11";"0 exemplaren";"POINT(4.919544,52.3718115)";"POINT(52.3718115,4.919544)";4.919544;52.3718115;
1007;"NB_990";"Muurfijnstraal";"Erigeron karvinskianus";"Ja";"";"";"Kattenburgervaart";"Wittenburgerkade";"270";"12";"";"1";"";"1";"POINT(4.9197061,52.3716857)";"POINT(52.3716857,4.9197061)";4.9197061;52.3716857;
1008;"BE_288";"Tongvaren";"Asplenium scolopendrium";"Ja";"F2";"";"Kattenburgervaart";"Wittenburgerkade";"270";"1";"";"1";"1";"7";"POINT(4.9197061,52.3716857)";"POINT(52.3716857,4.9197061)";4.9197061;52.3716857;
1009;"NB_990";"Muurfijnstraal";"Erigeron karvinskianus";"Ja";"";"";"Entrepotdok";"Entrepotdok";"";"1";"";"";"0 exemplaren";"0 exemplaren";"POINT(4.9198468,52.3667151)";"POINT(52.3667151,4.9198468)";4.9198468;52.3667151;
1010;"BE_288";"Tongvaren";"Asplenium scolopendrium";"Ja";"F2";"";"Entrepotdok";"Entrepotdok";"";"1";"";"";"";"0 exemplaren";"POINT(4.9198468,52.3667151)";"POINT(52.3667151,4.9198468)";4.9198468;52.3667151;
1011;"BE_288";"Tongvaren";"Asplenium scolopendrium";"Ja";"F2";"";"IJhaven";"Veemkade";"";"2";"2";"";"2";"4";"POINT(4.9198801,52.3775107)";"POINT(52.3775107,4.9198801)";4.9198801;52.3775107;
1012;"BE_288";"Tongvaren";"Asplenium scolopendrium";"Ja";"F2";"";"IJhaven";"Veemkade";"";"20";"5";"7";"10";"37";"POINT(4.919924,52.3775031)";"POINT(52.3775031,4.919924)";4.919924;52.3775031;
1013;"BE_288";"Tongvaren";"Asplenium scolopendrium";"Ja";"F2";"";"IJhaven";"Veemkade";"";"14";"";"10";"7";"13";"POINT(4.9200861,52.3774764)";"POINT(52.3774764,4.9200861)";4.9200861;52.3774764;
1014;"BE_288";"Tongvaren";"Asplenium scolopendrium";"Ja";"F2";"";"IJhaven";"Veemkade";"";"";"";"";"1";"3";"POINT(4.9202921,52.3774382)";"POINT(52.3774382,4.9202921)";4.9202921;52.3774382;
1015;"BE_288";"Tongvaren";"Asplenium scolopendrium";"Ja";"F2";"";"IJhaven";"Veemkade";"";"3";"";"";"1";"4";"POINT(4.920439,52.3774039)";"POINT(52.3774039,4.920439)";4.920439;52.3774039;
1016;"BE_288";"Tongvaren";"Asplenium scolopendrium";"Ja";"F2";"";"Het IJ";"Sumatrakade";"";"";"";"";"1";"0 exemplaren";"POINT(4.9204271,52.3800017)";"POINT(52.3800017,4.9204271)";4.9204271;52.3800017;
1017;"BE_288";"Tongvaren";"Asplenium scolopendrium";"Ja";"F2";"";"Kattenburgervaart";"Wittenburgerkade";"";"";"";"3";"5";"1";"POINT(4.920541,52.3718764)";"POINT(52.3718764,4.920541)";4.920541;52.3718764;
1018;"BE_288";"Tongvaren";"Asplenium scolopendrium";"Ja";"F2";"";"Kattenburgervaart";"Kattenburgerkade";"270";"1";"";"1";"";"";"POINT(4.920614,52.3719412)";"POINT(52.3719412,4.920614)";4.920614;52.3719412;
1019;"BE_290";"Steenbreekvaren";"Asplenium trichomanes";"Ja";"F2";"";"IJhaven";"Veemkade";"";"2";"4";"6";"7";"13";"POINT(4.9209688,52.3773162)";"POINT(52.3773162,4.9209688)";4.9209688;52.3773162;
1020;"BE_288";"Tongvaren";"Asplenium scolopendrium";"Ja";"F2";"";"IJhaven";"Veemkade";"";"";"";"";"1";"1";"POINT(4.921366,52.3772475)";"POINT(52.3772475,4.921366)";4.921366;52.3772475;
1021;"BE_284";"Zwartsteel";"Asplenium adiantum-nigrum";"Ja";"F2";"";"IJhaven";"Javakade";"";"";"";"";"1";"0 exemplaren";"POINT(4.9213598,52.3792426)";"POINT(52.3792426,4.9213598)";4.9213598;52.3792426;
1022;"BE_290";"Steenbreekvaren";"Asplenium trichomanes";"Ja";"F2";"";"IJhaven";"Veemkade";"";"0 exemplaren";"";"0 exemplaren";"2";"3";"POINT(4.9214399,52.3772284)";"POINT(52.3772284,4.9214399)";4.9214399;52.3772284;
1023;"BE_288";"Tongvaren";"Asplenium scolopendrium";"Ja";"F2";"";"Kattenburgervaart";"brug 3e Wittenburgerdwarsstraat";"389";"";"";"1";"";"";"POINT(4.9233129,52.3736235)";"POINT(52.3736235,4.9233129)";4.9233129;52.3736235;
1024;"BE_290";"Steenbreekvaren";"Asplenium trichomanes";"Ja";"F2";"";"IJhaven";"Javakade";"";"";"";"";"";"1";"POINT(4.923331,52.3788993)";"POINT(52.3788993,4.923331)";4.923331;52.3788993;
1025;"NB_2638";"Moerasvaren";"Thelypteris palustris";"Ja";"";"";"IJhaven";"Javakade";"";"1";"1";"1";"2";"1";"POINT(4.92364,52.3788458)";"POINT(52.3788458,4.92364)";4.92364;52.3788458;
1026;"BE_625";"Schubvaren";"Ceterach officinarum";"Ja";"F2";"GE";"IJhaven";"Javakade";"";"";"";"1";"1";"1";"POINT(4.9241259,52.3787581)";"POINT(52.3787581,4.9241259)";4.9241259;52.3787581;
1027;"BE_288";"Tongvaren";"Asplenium scolopendrium";"Ja";"F2";"";"IJhaven";"Javakade";"";"";"";"1";"";"1";"POINT(4.924258,52.3787428)";"POINT(52.3787428,4.924258)";4.924258;52.3787428;
1028;"BE_290";"Steenbreekvaren";"Asplenium trichomanes";"Ja";"F2";"";"Het IJ";"Sumatrakade";"";"1";"2";"2";"1";"1";"POINT(4.9242599,52.3799826)";"POINT(52.3799826,4.9242599)";4.9242599;52.3799826;
1029;"NB_990";"Muurfijnstraal";"Erigeron karvinskianus";"Ja";"";"";"Singel";"Singel";"";"";"";"1";"";"0 exemplaren";"POINT(4.8896258,52.3749968)";"POINT(52.3749968,4.8896258)";4.8896258;52.3749968;
1030;"BE_288";"Tongvaren";"Asplenium scolopendrium";"Ja";"F2";"";"Korte Prinsengracht";"Tussen de Bogen";"";"";"";"";"";"4";"POINT(4.889673,52.3826186)";"POINT(52.3826186,4.889673)";4.889673;52.3826186;
1031;"NB_990";"Muurfijnstraal";"Erigeron karvinskianus";"Ja";"";"";"Singel";"Singel";"";"1";"";"1";"";"0 exemplaren";"POINT(4.889961,52.3753058)";"POINT(52.3753058,4.889961)";4.889961;52.3753058;
1032;"NB_990";"Muurfijnstraal";"Erigeron karvinskianus";"Ja";"";"";"Herengracht";"Herengracht";"";"41";"";"14";"";"12";"POINT(4.8901141,52.3773352)";"POINT(52.3773352,4.8901141)";4.8901141;52.3773352;
1033;"NB_990";"Muurfijnstraal";"Erigeron karvinskianus";"Ja";"";"";"Herengracht";"Herengracht";"";"1";"";"";"";"2";"POINT(4.8902452,52.3774802)";"POINT(52.3774802,4.8902452)";4.8902452;52.3774802;
1034;"BE_290";"Steenbreekvaren";"Asplenium trichomanes";"Ja";"F2";"";"Westerdok";"Touwslagerstraat";"";"";"";"";"";"2";"POINT(4.8902481,52.3850295)";"POINT(52.3850295,4.8902481)";4.8902481;52.3850295;
1035;"NB_990";"Muurfijnstraal";"Erigeron karvinskianus";"Ja";"";"";"Blauwburgwal";"Blauwburgwal";"";"";"";"6";"";"6";"POINT(4.8905189,52.3765914)";"POINT(52.3765914,4.8905189)";4.8905189;52.3765914;
1036;"BE_288";"Tongvaren";"Asplenium scolopendrium";"Ja";"F2";"";"Herengracht";"Herengracht";"";"1";"";"";"";"0 exemplaren";"POINT(4.89097,52.3782546)";"POINT(52.3782546,4.89097)";4.89097;52.3782546;
1037;"NB_600";"Spoorbloem";"Centranthus ruber";"Ja";"";"";"Westerdok";"Westerdok";"";"";"";"";"";"1";"POINT(4.8913429,52.3843237)";"POINT(52.3843237,4.8913429)";4.8913429;52.3843237;
1038;"BE_290";"Steenbreekvaren";"Asplenium trichomanes";"Ja";"F2";"";"Westerdok";"Westerdok";"";"";"";"";"";"2";"POINT(4.8914511,52.3851401)";"POINT(52.3851401,4.8914511)";4.8914511;52.3851401;
1039;"BE_288";"Tongvaren";"Asplenium scolopendrium";"Ja";"F2";"";"Westerdok";"Westerdok";"";"";"";"";"";"1";"POINT(4.8915579,52.3860785)";"POINT(52.3860785,4.8915579)";4.8915579;52.3860785;
1040;"NB_9017";"Rotsnavelkruid";"Umbilicus rupestris";"Ja";"";"";"Het IJ";"Stenen Hoofd";"";"";"1";"1";"";"0 exemplaren";"POINT(4.8930361,52.3892829)";"POINT(52.3892829,4.8930361)";4.8930361;52.3892829;
1041;"BE_1863";"Klein glaskruid";"Parietaria judaica";"Ja";"F2";"";"Singel";"Singel";"";"";"";"";"";"1";"POINT(4.8935802,52.3785979)";"POINT(52.3785979,4.8935802)";4.8935802;52.3785979;
1042;"NB_600";"Spoorbloem";"Centranthus ruber";"Ja";"";"";"Lijnbaansgracht";"Lijnbaansgracht";"";"";"";"1";"";"0 exemplaren";"POINT(4.8947132,52.3598754)";"POINT(52.3598754,4.8947132)";4.8947132;52.3598754;
1043;"BE_288";"Tongvaren";"Asplenium scolopendrium";"Ja";"F2";"";"Amstel";"Amstel";"";"2";"";"0 exemplaren";"0 exemplaren";"0 exemplaren";"POINT(4.8955138,52.3671042)";"POINT(52.3671042,4.8955138)";4.8955138;52.3671042;
1044;"BE_288";"Tongvaren";"Asplenium scolopendrium";"Ja";"F2";"";"Lijnbaansgracht";"Weteringschans";"";"1";"";"1";"";"4";"POINT(4.8960521,52.3595931)";"POINT(52.3595931,4.8960521)";4.8960521;52.3595931;
1045;"NB_9001";"Smalle ijzervaren";"Cyrtomium fortunei";"Ja";"";"";"Reguliersgracht";"Reguliersgracht";"";"";"";"1";"";"1";"POINT(4.896065,52.3637625)";"POINT(52.3637625,4.896065)";4.896065;52.3637625;
1046;"BE_2100";"Gele helmbloem";"Pseudofumaria lutea";"Ja";"F2";"";"Prinsengracht";"Prinsengracht";"";"1";"";"1";"";"4";"POINT(4.8964269,52.3615347)";"POINT(52.3615347,4.8964269)";4.8964269;52.3615347;
1047;"BE_288";"Tongvaren";"Asplenium scolopendrium";"Ja";"F2";"";"Oudezijds Achterburgwal";"Oudezijds Achterburgwal";"";"";"";"1";"";"0 exemplaren";"POINT(4.8966572,52.3713423)";"POINT(52.3713423,4.8966572)";4.8966572;52.3713423;
1048;"BE_288";"Tongvaren";"Asplenium scolopendrium";"Ja";"F2";"";"Groenburgwal";"Groenburgwal";"";"";"";"";"";"1";"POINT(4.8974302,52.3678214)";"POINT(52.3678214,4.8974302)";4.8974302;52.3678214;
1049;"BE_288";"Tongvaren";"Asplenium scolopendrium";"Ja";"F2";"";"Prinsengracht";"Prinsengracht";"";"3";"";"";"";"1";"POINT(4.8978188,52.3617827)";"POINT(52.3617827,4.8978188)";4.8978188;52.3617827;
1050;"NB_1074";"Vijgenboom";"Ficus carica";"Ja";"";"";"Oudezijds Voorburgwal";"Oudezijds Voorburgwal";"";"0 exemplaren";"";"2";"";"1";"POINT(4.8978798,52.373593)";"POINT(52.373593,4.8978798)";4.8978798;52.373593;
1051;"BE_284";"Zwartsteel";"Asplenium adiantum-nigrum";"Ja";"F2";"";"Nieuwe Prinsengracht";"Nieuwe Prinsengracht";"";"";"";"";"";"1";"POINT(4.9099219,52.363999)";"POINT(52.363999,4.9099219)";4.9099219;52.363999;
1052;"BE_2100";"Gele helmbloem";"Pseudofumaria lutea";"Ja";"F2";"";"Nieuwe Herengracht";"Schipperssluis";"SLU";"";"";"";"";"1";"POINT(4.9111202,52.3700148)";"POINT(52.3700148,4.9111202)";4.9111202;52.3700148;
1053;"BE_288";"Tongvaren";"Asplenium scolopendrium";"Ja";"F2";"";"Nieuwe Herengracht";"Schipperssluis";"SLU";"20";"";"";"";"12";"POINT(4.9115722,52.3702971)";"POINT(52.3702971,4.9115722)";4.9115722;52.3702971;
1054;"BE_288";"Tongvaren";"Asplenium scolopendrium";"Ja";"F2";"";"Entrepotdok";"Plantagekade";"";"2";"";"2";"";"4";"POINT(4.9118202,52.3690764)";"POINT(52.3690764,4.9118202)";4.9118202;52.3690764;
1055;"BE_284";"Zwartsteel";"Asplenium adiantum-nigrum";"Ja";"F2";"";"Entrepotdok";"Entrepotdok";"";"";"";"";"1";"0 exemplaren";"POINT(4.9119918,52.3694159)";"POINT(52.3694159,4.9119918)";4.9119918;52.3694159;
1056;"NB_2021";"Stijve naaldvaren";"Polystichum aculeatum";"Ja";"";"GE";"Entrepotdok";"Plantagekade";"";"1";"";"1";"";"0 exemplaren";"POINT(4.9122178,52.3689314)";"POINT(52.3689314,4.9122178)";4.9122178;52.3689314;
1057;"NB_2638";"Moerasvaren";"Thelypteris palustris";"Ja";"";"";"Entrepotdok";"Plantagekade";"";"1";"";"1";"";"0 exemplaren";"POINT(4.9125268,52.3688246)";"POINT(52.3688246,4.9125268)";4.9125268;52.3688246;
1058;"BE_290";"Steenbreekvaren";"Asplenium trichomanes";"Ja";"F2";"";"Entrepotdok";"Plantagekade";"";"";"2";"2";"";"20";"POINT(4.9127781,52.3687445)";"POINT(52.3687445,4.9127781)";4.9127781;52.3687445;
1059;"NB_9017";"Rotsnavelkruid";"Umbilicus rupestris";"Ja";"";"";"Entrepotdok";"Entrepotdok";"";"75";"";"134";"";"152";"POINT(4.913142,52.3690192)";"POINT(52.3690192,4.913142)";4.913142;52.3690192;
1060;"BE_288";"Tongvaren";"Asplenium scolopendrium";"Ja";"F2";"";"Hugo de Grootgracht";"Hugo de Grootkade";"";"";"";"1";"";"0 exemplaren";"POINT(4.8840139,52.386872)";"POINT(52.386872,4.8840139)";4.8840139;52.386872;
1061;"BE_1863";"Klein glaskruid";"Parietaria judaica";"Ja";"F2";"";"Brouwersgracht";"Brouwersgracht";"";"0 exemplaren";"";"0 exemplaren";"";"0 exemplaren";"POINT(4.8842518,52.3827025)";"POINT(52.3827025,4.8842518)";4.8842518;52.3827025;
1062;"BE_2100";"Gele helmbloem";"Pseudofumaria lutea";"Ja";"F2";"";"Keizersgracht";"Keizersgracht";"";"";"";"";"";"1";"POINT(4.8845742,52.3711096)";"POINT(52.3711096,4.8845742)";4.8845742;52.3711096;
1063;"NB_2021";"Stijve naaldvaren";"Polystichum aculeatum";"Ja";"";"GE";"Keizersgracht";"Brug Berenstraat-Wolvenstraat";"48";"0 exemplaren";"";"1";"";"1";"POINT(4.8846719,52.3703009)";"POINT(52.3703009,4.8846719)";4.8846719;52.3703009;
1064;"BE_288";"Tongvaren";"Asplenium scolopendrium";"Ja";"F2";"";"Keizersgracht";"Keizersgracht";"";"1";"";"1";"";"1";"POINT(4.884824,52.3737265)";"POINT(52.3737265,4.884824)";4.884824;52.3737265;
1065;"BE_2100";"Gele helmbloem";"Pseudofumaria lutea";"Ja";"F2";"";"Keizersgracht";"Brug Raadhuisstraat";"106";"";"";"6";"";"11";"POINT(4.884866,52.3738715)";"POINT(52.3738715,4.884866)";4.884866;52.3738715;
1066;"NB_2421";"Tripmadam";"Sedum reflexum";"Ja";"";"BE";"Keizersgracht";"Leidse gracht";"45";"1";"";"";"";"0 exemplaren";"POINT(4.8852251,52.3668105)";"POINT(52.3668105,4.8852251)";4.8852251;52.3668105;
1067;"BE_1863";"Klein glaskruid";"Parietaria judaica";"Ja";"F2";"";"Leidsegracht";"Leidsegracht";"";"";"";"2";"";"0 exemplaren";"POINT(4.8853109,52.3669707)";"POINT(52.3669707,4.8853109)";4.8853109;52.3669707;
1068;"BE_2100";"Gele helmbloem";"Pseudofumaria lutea";"Ja";"F2";"";"Leidsegracht";"Leidsegracht";"";"4";"";"";"";"0 exemplaren";"POINT(4.8854711,52.3671767)";"POINT(52.3671767,4.8854711)";4.8854711;52.3671767;
1069;"NB_2638";"Moerasvaren";"Thelypteris palustris";"Ja";"";"";"Spiegelgracht";"Spiegelgracht";"";"";"";"";"";"1";"POINT(4.8869688,52.3618819)";"POINT(52.3618819,4.8869688)";4.8869688;52.3618819;
1070;"BE_288";"Tongvaren";"Asplenium scolopendrium";"Ja";"F2";"";"Herengracht";"Herengracht";"";"";"";"1";"";"0 exemplaren";"POINT(4.886872,52.3718039)";"POINT(52.3718039,4.886872)";4.886872;52.3718039;
1071;"BE_290";"Steenbreekvaren";"Asplenium trichomanes";"Ja";"F2";"";"Spiegelgracht";"Spiegelgracht";"";"31";"";"10";"4";"0 exemplaren";"POINT(4.8871319,52.3617827)";"POINT(52.3617827,4.8871319)";4.8871319;52.3617827;
1072;"BE_288";"Tongvaren";"Asplenium scolopendrium";"Ja";"F2";"";"Keizersgracht";"Keizersgracht";"";"1";"";"";"";"0 exemplaren";"POINT(4.8873422,52.3652617)";"POINT(52.3652617,4.8873422)";4.8873422;52.3652617;
1073;"BE_2100";"Gele helmbloem";"Pseudofumaria lutea";"Ja";"F2";"";"Spiegelgracht";"Spiegelgracht";"";"3";"";"0 exemplaren";"";"0 exemplaren";"POINT(4.88748,52.3621718)";"POINT(52.3621718,4.88748)";4.88748;52.3621718;
1074;"BE_2100";"Gele helmbloem";"Pseudofumaria lutea";"Ja";"F2";"";"Prinsengracht";"Prinsengracht";"";"0 exemplaren";"";"1";"";"0 exemplaren";"POINT(4.8876202,52.3627745)";"POINT(52.3627745,4.8876202)";4.8876202;52.3627745;
1075;"BE_288";"Tongvaren";"Asplenium scolopendrium";"Ja";"F2";"";"Oude Houthaven";"Van Diemenkade";"";"2";"3";"3";"";"7";"POINT(4.88744,52.3905188)";"POINT(52.3905188,4.88744)";4.88744;52.3905188;
1076;"BE_1863";"Klein glaskruid";"Parietaria judaica";"Ja";"F2";"";"Herengracht";"Brug Leliegracht";"21";"";"";"2";"";"7";"POINT(4.887676,52.3747107)";"POINT(52.3747107,4.887676)";4.887676;52.3747107;
1077;"BE_290";"Steenbreekvaren";"Asplenium trichomanes";"Ja";"F2";"";"Singelgracht";"Brug Weteringschans";"90";"";"";"";"";"1";"POINT(4.8879688,52.3604132)";"POINT(52.3604132,4.8879688)";4.8879688;52.3604132;
1078;"BE_288";"Tongvaren";"Asplenium scolopendrium";"Ja";"F2";"";"Da Costagracht";"Da Costakade";"";"25";"";"13";"";"31";"POINT(4.8731782,52.3725897)";"POINT(52.3725897,4.8731782)";4.8731782;52.3725897;
1079;"BE_288";"Tongvaren";"Asplenium scolopendrium";"Ja";"F2";"";"Da Costagracht";"Da Costakade";"";"";"";"2";"";"2";"POINT(4.8732788,52.3727423)";"POINT(52.3727423,4.8732788)";4.8732788;52.3727423;
1080;"BE_288";"Tongvaren";"Asplenium scolopendrium";"Ja";"F2";"";"Da Costagracht";"Da Costakade";"";"1";"";"1";"";"6";"POINT(4.8734429,52.3674246)";"POINT(52.3674246,4.8734429)";4.8734429;52.3674246;
1081;"BE_284";"Zwartsteel";"Asplenium adiantum-nigrum";"Ja";"F2";"";"Da Costagracht";"Da Costakade";"";"1";"";"1";"";"0 exemplaren";"POINT(4.8734882,52.3673522)";"POINT(52.3673522,4.8734882)";4.8734882;52.3673522;
1082;"BE_284";"Zwartsteel";"Asplenium adiantum-nigrum";"Ja";"F2";"";"Da Costagracht";"Da Costakade";"";"1";"";"1";"";"0 exemplaren";"POINT(4.8735621,52.3672453)";"POINT(52.3672453,4.8735621)";4.8735621;52.3672453;
1083;"BE_288";"Tongvaren";"Asplenium scolopendrium";"Ja";"F2";"";"Da Costagracht";"Da Costakade";"";"3";"";"";"";"1";"POINT(4.8736222,52.3671614)";"POINT(52.3671614,4.8736222)";4.8736222;52.3671614;
1084;"BE_290";"Steenbreekvaren";"Asplenium trichomanes";"Ja";"F2";"";"Jacob van Lennepkanaal";"Jacob van Lennepkade";"";"";"";"";"";"3";"POINT(4.8736999,52.3655097)";"POINT(52.3655097,4.8736999)";4.8736999;52.3655097;
1085;"BE_288";"Tongvaren";"Asplenium scolopendrium";"Ja";"F2";"";"Jacob van Lennepkanaal";"Jacob van Lennepkade";"";"1";"";"";"";"0 exemplaren";"POINT(4.8737438,52.3655364)";"POINT(52.3655364,4.8737438)";4.8737438;52.3655364;
1086;"BE_288";"Tongvaren";"Asplenium scolopendrium";"Ja";"F2";"";"Da Costagracht";"Da Costakade";"";"2";"";"2";"";"1";"POINT(4.8738229,52.3675505)";"POINT(52.3675505,4.8738229)";4.8738229;52.3675505;
1087;"BE_284";"Zwartsteel";"Asplenium adiantum-nigrum";"Ja";"F2";"";"Haarlemmervaart";"Polonceaukade";"";"";"";"3";"";"1";"POINT(4.8737018,52.3856856)";"POINT(52.3856856,4.8737018)";4.8737018;52.3856856;
1088;"BE_290";"Steenbreekvaren";"Asplenium trichomanes";"Ja";"F2";"";"Da Costagracht";"Da Costakade";"";"";"";"1";"";"0 exemplaren";"POINT(4.8739722,52.3673445)";"POINT(52.3673445,4.8739722)";4.8739722;52.3673445;
1089;"NB_990";"Muurfijnstraal";"Erigeron karvinskianus";"Ja";"";"";"Kattenburgervaart";"Wittenburgerkade";"";"";"";"1";"";"0 exemplaren";"POINT(4.8753312,52.3806883)";"POINT(52.3806883,4.8753312)";4.8753312;52.3806883;
1090;"BE_288";"Tongvaren";"Asplenium scolopendrium";"Ja";"F2";"";"Jacob van Lennepkanaal";"Jacob van Lennepkade";"";"";"";"1";"";"1";"POINT(4.8755729,52.3660666)";"POINT(52.3660666,4.8755729)";4.8755729;52.3660666;
1091;"BE_288";"Tongvaren";"Asplenium scolopendrium";"Ja";"F2";"";"Kattensloot";"Jacob Catskade";"";"";"";"1";"";"1";"POINT(4.8755939,52.3807532)";"POINT(52.3807532,4.8755939)";4.8755939;52.3807532;
1092;"BE_288";"Tongvaren";"Asplenium scolopendrium";"Ja";"F2";"";"Jacob van Lennepkanaal";"Jacob van Lennepkade";"";"1";"";"2";"";"0 exemplaren";"POINT(4.875953,52.3661772)";"POINT(52.3661772,4.875953)";4.875953;52.3661772;
1093;"BE_288";"Tongvaren";"Asplenium scolopendrium";"Ja";"F2";"";"Singelgracht";"Marnixkade";"";"3";"";"4";"";"2";"POINT(4.8762472,52.3750846)";"POINT(52.3750846,4.8762472)";4.8762472;52.3750846;
1094;"BE_1863";"Klein glaskruid";"Parietaria judaica";"Ja";"F2";"";"Doorvaart";"Doorvaart";"";"";"";"";"";"1";"POINT(4.8763339,52.3700682)";"POINT(52.3700682,4.8763339)";4.8763339;52.3700682;
1095;"BE_288";"Tongvaren";"Asplenium scolopendrium";"Ja";"F2";"";"Lijnbaansgracht";"Doorgang Singelgracht";"";"9";"";"1";"";"2";"POINT(4.8765271,52.3737647)";"POINT(52.3737647,4.8765271)";4.8765271;52.3737647;
1096;"BE_288";"Tongvaren";"Asplenium scolopendrium";"Ja";"F2";"";"Jacob van Lennepkanaal";"Jacob van Lennepkade";"";"2";"";"2";"";"0 exemplaren";"POINT(4.8766968,52.3666388)";"POINT(52.3666388,4.8766968)";4.8766968;52.3666388;
1097;"BE_288";"Tongvaren";"Asplenium scolopendrium";"Ja";"F2";"";"Lijnbaansgracht";"Brug Bloemgracht";"119";"";"";"1";"";"0 exemplaren";"POINT(4.8769519,52.3737761)";"POINT(52.3737761,4.8769519)";4.8769519;52.3737761;
1098;"BE_288";"Tongvaren";"Asplenium scolopendrium";"Ja";"F2";"";"Singelgracht";"Nassaukade";"";"";"";"";"";"1";"POINT(4.8770888,52.3771903)";"POINT(52.3771903,4.8770888)";4.8770888;52.3771903;
1099;"BE_288";"Tongvaren";"Asplenium scolopendrium";"Ja";"F2";"";"Kostverlorenvaart";"Wittenkade";"";"1";"";"1";"";"4";"POINT(4.8785689,52.3839537)";"POINT(52.3839537,4.8785689)";4.8785689;52.3839537;
1100;"NB_990";"Muurfijnstraal";"Erigeron karvinskianus";"Ja";"";"";"IJhaven";"Javakade";"";"";"";"";"";"2";"POINT(4.9246108,52.3786818)";"POINT(52.3786818,4.9246108)";4.9246108;52.3786818;
1101;"NB_990";"Muurfijnstraal";"Erigeron karvinskianus";"Ja";"";"";"IJhaven";"Javakade";"";"5";"1";"4";"5";"8";"POINT(4.924876,52.378636)";"POINT(52.378636,4.924876)";4.924876;52.378636;
1102;"NB_990";"Muurfijnstraal";"Erigeron karvinskianus";"Ja";"";"";"Brantasgracht";"Brantasgracht";"";"";"";"";"1";"0 exemplaren";"POINT(4.9249928,52.3787543)";"POINT(52.3787543,4.9249928)";4.9249928;52.3787543;
1103;"BE_290";"Steenbreekvaren";"Asplenium trichomanes";"Ja";"F2";"";"Dijksgracht";"Windrooskade";"";"1";"";"1";"5";"3";"POINT(4.9255011,52.3736312)";"POINT(52.3736312,4.9255011)";4.9255011;52.3736312;
1104;"BE_290";"Steenbreekvaren";"Asplenium trichomanes";"Ja";"F2";"";"Nieuwe Vaart";"Funenkade";"";"";"";"1";"0 exemplaren";"0 exemplaren";"POINT(4.9258492,52.3669554)";"POINT(52.3669554,4.9258492)";4.9258492;52.3669554;
1105;"BE_288";"Tongvaren";"Asplenium scolopendrium";"Ja";"F2";"";"Het IJ";"Sumatrakade";"";"";"";"";"";"1";"POINT(4.9262168,52.3796393)";"POINT(52.3796393,4.9262168)";4.9262168;52.3796393;
1106;"BE_290";"Steenbreekvaren";"Asplenium trichomanes";"Ja";"F2";"";"IJhaven";"Veemkade";"";"1";"1";"1";"3";"0 exemplaren";"POINT(4.926574,52.3763396)";"POINT(52.3763396,4.926574)";4.926574;52.3763396;
1107;"NB_990";"Muurfijnstraal";"Erigeron karvinskianus";"Ja";"";"";"IJhaven";"Javakade";"";"";"";"";"";"22";"POINT(4.9269068,52.3782736)";"POINT(52.3782736,4.9269068)";4.9269068;52.3782736;
1108;"BE_290";"Steenbreekvaren";"Asplenium trichomanes";"Ja";"F2";"";"IJhaven";"Javakade";"";"";"";"";"";"1";"POINT(4.9273188,52.378205)";"POINT(52.378205,4.9273188)";4.9273188;52.378205;
1109;"BE_290";"Steenbreekvaren";"Asplenium trichomanes";"Ja";"F2";"";"IJhaven";"Javakade";"";"";"3";"3";"1";"3";"POINT(4.9277599,52.3781249)";"POINT(52.3781249,4.9277599)";4.9277599;52.3781249;
1110;"BE_2100";"Gele helmbloem";"Pseudofumaria lutea";"Ja";"F2";"";"Geldersekade";"Geldersekade";"";"";"";"";"";"3";"POINT(4.9017742,52.3746688)";"POINT(52.3746688,4.9017742)";4.9017742;52.3746688;
1111;"BE_288";"Tongvaren";"Asplenium scolopendrium";"Ja";"F2";"";"Recht Boomsloot";"Recht Boomsloot";"";"";"";"";"";"3";"POINT(4.9020431,52.3729178)";"POINT(52.3729178,4.9020431)";4.9020431;52.3729178;
1112;"BE_290";"Steenbreekvaren";"Asplenium trichomanes";"Ja";"F2";"";"Kromboomsloot";"Kromboomsloot";"";"";"";"1";"";"0 exemplaren";"POINT(4.9024532,52.3717238)";"POINT(52.3717238,4.9024532)";4.9024532;52.3717238;
1113;"NB_600";"Spoorbloem";"Centranthus ruber";"Ja";"";"";"Kromboomsloot";"Kromboomsloot";"";"";"";"";"";"1";"POINT(4.9025528,52.3718955)";"POINT(52.3718955,4.9025528)";4.9025528;52.3718955;
1114;"NB_2638";"Moerasvaren";"Thelypteris palustris";"Ja";"";"";"Amstel";"Amstelsluizen";"";"";"";"1";"";"0 exemplaren";"POINT(4.9028232,52.3619925)";"POINT(52.3619925,4.9028232)";4.9028232;52.3619925;
1115;"BE_288";"Tongvaren";"Asplenium scolopendrium";"Ja";"F2";"";"Houtkopersburgwal";"brug Uilenburgersteeg";"291";"";"";"2";"";"6";"POINT(4.9029162,52.3696486)";"POINT(52.3696486,4.9029162)";4.9029162;52.3696486;
1116;"NB_6001";"Halsbloem";"Thachelium caeruleum";"Ja";"";"";"Oude Schans";"Oude Schans";"";"9";"";"1";"";"0 exemplaren";"POINT(4.903166,52.3709647)";"POINT(52.3709647,4.903166)";4.903166;52.3709647;
1117;"BE_290";"Steenbreekvaren";"Asplenium trichomanes";"Ja";"F2";"";"Waalseilandgracht";"brug. Prinshendrikkade";"300";"";"";"";"";"1";"POINT(4.9031942,52.3751074)";"POINT(52.3751074,4.9031942)";4.9031942;52.3751074;
1118;"BE_288";"Tongvaren";"Asplenium scolopendrium";"Ja";"F2";"";"Recht Boomsloot";"Recht Boomsloot";"";"";"";"";"";"2";"POINT(4.9034321,52.3721434)";"POINT(52.3721434,4.9034321)";4.9034321;52.3721434;
1119;"NB_990";"Muurfijnstraal";"Erigeron karvinskianus";"Ja";"";"";"Amstel";"Amstel";"";"0 exemplaren";"";"";"45";"49";"POINT(4.9038508,52.3619353)";"POINT(52.3619353,4.9038508)";4.9038508;52.3619353;
1120;"BE_288";"Tongvaren";"Asplenium scolopendrium";"Ja";"F2";"";"Oosteronderdoorgang";"Oostertoegang";"NS/28";"0 exemplaren";"";"9";"";"21";"POINT(4.9037979,52.3776251)";"POINT(52.3776251,4.9037979)";4.9037979;52.3776251;
1121;"NB_990";"Muurfijnstraal";"Erigeron karvinskianus";"Ja";"";"";"Singelgracht";"Mauritskade";"";"3";"";"";"1";"";"POINT(4.907294,52.3598982)";"POINT(52.3598982,4.907294)";4.907294;52.3598982;
1122;"NB_990";"Muurfijnstraal";"Erigeron karvinskianus";"Ja";"";"";"Amstel";"Amsteldijk";"";"";"";"";"1";"";"POINT(4.9075539,52.353501)";"POINT(52.353501,4.9075539)";4.9075539;52.353501;
1123;"NB_990";"Muurfijnstraal";"Erigeron karvinskianus";"Ja";"";"";"Rapenburgwal";"Brug Peperstraat";"281";"1";"";"4";"";"2";"POINT(4.9074609,52.3716017)";"POINT(52.3716017,4.9074609)";4.9074609;52.3716017;
1124;"NB_990";"Muurfijnstraal";"Erigeron karvinskianus";"Ja";"";"";"Amstel";"Amsteldijk";"";"";"";"";"1";"";"POINT(4.9077609,52.3533217)";"POINT(52.3533217,4.9077609)";4.9077609;52.3533217;
1125;"BE_284";"Zwartsteel";"Asplenium adiantum-nigrum";"Ja";"F2";"";"Lijnbaansgracht";"Westerkade";"";"1";"";"2";"";"0 exemplaren";"POINT(4.8787782,52.3771979)";"POINT(52.3771979,4.8787782)";4.8787782;52.3771979;
1126;"BE_290";"Steenbreekvaren";"Asplenium trichomanes";"Ja";"F2";"";"Het IJ";"Surinamekade";"";"0 exemplaren";"2";"";"6";"1";"POINT(4.942641,52.3776709)";"POINT(52.3776709,4.942641)";4.942641;52.3776709;
1127;"BE_290";"Steenbreekvaren";"Asplenium trichomanes";"Ja";"F2";"";"Het IJ";"Surinamekade";"";"2";"3";"5";"15";"5";"POINT(4.942744,52.3776785)";"POINT(52.3776785,4.942744)";4.942744;52.3776785;
1128;"BE_290";"Steenbreekvaren";"Asplenium trichomanes";"Ja";"F2";"";"Entropothaven";"Borneokade";"";"2";"2";"2";"3";"2";"POINT(4.9428289,52.3706786)";"POINT(52.3706786,4.9428289)";4.9428289;52.3706786;
1129;"BE_290";"Steenbreekvaren";"Asplenium trichomanes";"Ja";"F2";"";"Het IJ";"Surinamekade";"";"5";"10";"5";"13";"8";"POINT(4.942847,52.3776785)";"POINT(52.3776785,4.942847)";4.942847;52.3776785;
1130;"BE_288";"Tongvaren";"Asplenium scolopendrium";"Ja";"F2";"";"Entrepothaven";"Zeeburgerkade-West";"";"9";"6";"6";"9";"4";"POINT(4.9429738,52.3693587)";"POINT(52.3693587,4.9429738)";4.9429738;52.3693587;
1131;"BE_290";"Steenbreekvaren";"Asplenium trichomanes";"Ja";"F2";"";"Het IJ";"Surinamekade";"";"4";"1";"";"11";"3";"POINT(4.9430668,52.37769)";"POINT(52.37769,4.9430668)";4.9430668;52.37769;
1132;"BE_288";"Tongvaren";"Asplenium scolopendrium";"Ja";"F2";"";"Entrepothaven";"Zeeburgerkade-West";"";"3";"2";"2";"1";"2";"POINT(4.9431951,52.3693587)";"POINT(52.3693587,4.9431951)";4.9431951;52.3693587;
1133;"BE_290";"Steenbreekvaren";"Asplenium trichomanes";"Ja";"F2";"";"Entropothaven";"Borneokade";"";"2";"1";"1";"1";"1";"POINT(4.9431808,52.3707167)";"POINT(52.3707167,4.9431808)";4.9431808;52.3707167;
1134;"BE_288";"Tongvaren";"Asplenium scolopendrium";"Ja";"F2";"";"Spoorwegbassin";"Stuurmankade";"";"0 exemplaren";"";"";"0 exemplaren";"0 exemplaren";"POINT(4.9432561,52.3720633)";"POINT(52.3720633,4.9432561)";4.9432561;52.3720633;
1135;"BE_290";"Steenbreekvaren";"Asplenium trichomanes";"Ja";"F2";"";"Het IJ";"Surinamekade";"";"";"";"";"4";"5";"POINT(4.9432142,52.37769)";"POINT(52.37769,4.9432142)";4.9432142;52.37769;
1136;"BE_284";"Zwartsteel";"Asplenium adiantum-nigrum";"Ja";"F2";"";"Het IJ";"Surinamekade";"";"0 exemplaren";"";"0 exemplaren";"1";"0 exemplaren";"POINT(4.9432142,52.37769)";"POINT(52.37769,4.9432142)";4.9432142;52.37769;
1137;"BE_288";"Tongvaren";"Asplenium scolopendrium";"Ja";"F2";"";"Entropothaven";"Zeeburgerkade-West";"";"";"";"";"2";"3";"POINT(4.9433272,52.3693587)";"POINT(52.3693587,4.9433272)";4.9433272;52.3693587;
1138;"NB_600";"Spoorbloem";"Centranthus ruber";"Ja";"";"";"Ertshaven";"Levantkade";"";"";"";"";"1";"1";"POINT(4.9432719,52.3763243)";"POINT(52.3763243,4.9432719)";4.9432719;52.3763243;
1139;"BE_284";"Zwartsteel";"Asplenium adiantum-nigrum";"Ja";"F2";"";"Entrepothaven";"Borneokade";"";"";"";"";"";"2";"POINT(4.9433572,52.3707244)";"POINT(52.3707244,4.9433572)";4.9433572;52.3707244;
1140;"BE_288";"Tongvaren";"Asplenium scolopendrium";"Ja";"F2";"";"Entrepothaven";"Zeeburgerkade-West";"";"5";"3";"3";"7";"7";"POINT(4.943444,52.3693587)";"POINT(52.3693587,4.943444)";4.943444;52.3693587;
1141;"BE_290";"Steenbreekvaren";"Asplenium trichomanes";"Ja";"F2";"";"Het IJ";"Surinamekade";"";"1";"1";"1";"1";"1";"POINT(4.9433749,52.3777014)";"POINT(52.3777014,4.9433749)";4.9433749;52.3777014;
1142;"BE_290";"Steenbreekvaren";"Asplenium trichomanes";"Ja";"F2";"";"Het IJ";"Surinamekade";"";"1";"1";"";"2";"0 exemplaren";"POINT(4.943537,52.3777014)";"POINT(52.3777014,4.943537)";4.943537;52.3777014;
1143;"BE_288";"Tongvaren";"Asplenium scolopendrium";"Ja";"F2";"";"Het IJ";"Surinamekade";"";"1";"1";"";"0 exemplaren";"1";"POINT(4.9434049,52.37769)";"POINT(52.37769,4.9434049)";4.9434049;52.37769;
1144;"BE_290";"Steenbreekvaren";"Asplenium trichomanes";"Ja";"F2";"";"Entropothaven";"Borneokade";"";"3";"3";"3";"5";"5";"POINT(4.9435179,52.3707549)";"POINT(52.3707549,4.9435179)";4.9435179;52.3707549;
1145;"BE_290";"Steenbreekvaren";"Asplenium trichomanes";"Ja";"F2";"";"Entropothaven";"Borneokade";"";"50";"38";"40";"23";"39";"POINT(4.94365,52.3707701)";"POINT(52.3707701,4.94365)";4.94365;52.3707701;
1146;"BE_288";"Tongvaren";"Asplenium scolopendrium";"Ja";"F2";"";"Het IJ";"Surinamekade";"";"0 exemplaren";"";"1";"5";"3";"POINT(4.9436099,52.3777014)";"POINT(52.3777014,4.9436099)";4.9436099;52.3777014;
1147;"BE_288";"Tongvaren";"Asplenium scolopendrium";"Ja";"F2";"";"Entrepothaven";"Zeeburgerkade-West";"";"1";"1";"1";"1";"1";"POINT(4.9438112,52.3693625)";"POINT(52.3693625,4.9438112)";4.9438112;52.3693625;
1148;"BE_288";"Tongvaren";"Asplenium scolopendrium";"Ja";"F2";"";"Het IJ";"Surinamekade";"";"1";"1";"";"1";"5";"POINT(4.9437568,52.3777091)";"POINT(52.3777091,4.9437568)";4.9437568;52.3777091;
1149;"BE_290";"Steenbreekvaren";"Asplenium trichomanes";"Ja";"F2";"";"Het IJ";"Surinamekade";"";"";"";"";"2";"2";"POINT(4.9438012,52.3777091)";"POINT(52.3777091,4.9438012)";4.9438012;52.3777091;
1150;"BE_290";"Steenbreekvaren";"Asplenium trichomanes";"Ja";"F2";"";"Entropothaven";"Borneokade";"";"220";"217";"113";"83";"168";"POINT(4.9438999,52.3708006)";"POINT(52.3708006,4.9438999)";4.9438999;52.3708006;
1151;"BE_290";"Steenbreekvaren";"Asplenium trichomanes";"Ja";"F2";"";"Het IJ";"Surinamekade";"";"4";"5";"2";"19";"4";"POINT(4.9439189,52.3777129)";"POINT(52.3777129,4.9439189)";4.9439189;52.3777129;
1152;"BE_290";"Steenbreekvaren";"Asplenium trichomanes";"Ja";"F2";"";"Entropothaven";"Borneokade";"";"31";"27";"18";"15";"10";"POINT(4.9440019,52.3708083)";"POINT(52.3708083,4.9440019)";4.9440019;52.3708083;
1153;"BE_288";"Tongvaren";"Asplenium scolopendrium";"Ja";"F2";"";"Ertshaven";"Ertskade";"";"2";"2";"1";"1";"1";"POINT(4.9440391,52.3744475)";"POINT(52.3744475,4.9440391)";4.9440391;52.3744475;
1154;"BE_290";"Steenbreekvaren";"Asplenium trichomanes";"Ja";"F2";"";"Entrepothaven";"Zeeburgerkade-West";"";"";"";"";"";"1";"POINT(4.9441049,52.3693701)";"POINT(52.3693701,4.9441049)";4.9441049;52.3693701;
1155;"BE_288";"Tongvaren";"Asplenium scolopendrium";"Ja";"F2";"";"Entrepothaven";"Zeeburgerkade-West";"";"1";"1";"3";"";"2";"POINT(4.9441779,52.3693701)";"POINT(52.3693701,4.9441779)";4.9441779;52.3693701;
1156;"BE_290";"Steenbreekvaren";"Asplenium trichomanes";"Ja";"F2";"";"Entropothaven";"Borneokade";"";"68";"75";"74";"64";"113";"POINT(4.9442079,52.3708274)";"POINT(52.3708274,4.9442079)";4.9442079;52.3708274;
1157;"BE_288";"Tongvaren";"Asplenium scolopendrium";"Ja";"F2";"";"Het IJ";"Surinamekade";"";"5";"3";"1";"2";"1";"POINT(4.9441392,52.3777205)";"POINT(52.3777205,4.9441392)";4.9441392;52.3777205;
1158;"BE_288";"Tongvaren";"Asplenium scolopendrium";"Ja";"F2";"";"Entrepothaven";"Zeeburgerkade-West";"";"1";"";"2";"2";"1";"POINT(4.944237,52.3693701)";"POINT(52.3693701,4.944237)";4.944237;52.3693701;
1159;"BE_290";"Steenbreekvaren";"Asplenium trichomanes";"Ja";"F2";"";"Het IJ";"Surinamekade";"";"4";"5";"4";"15";"5";"POINT(4.9441979,52.3777205)";"POINT(52.3777205,4.9441979)";4.9441979;52.3777205;
1160;"NB_600";"Spoorbloem";"Centranthus ruber";"Ja";"";"";"Ertshaven";"Levantkade";"";"";"";"3";"0 exemplaren";"0 exemplaren";"POINT(4.9443142,52.3763548)";"POINT(52.3763548,4.9443142)";4.9443142;52.3763548;
1161;"BE_290";"Steenbreekvaren";"Asplenium trichomanes";"Ja";"F2";"";"Het IJ";"Surinamekade";"";"";"";"";"4";"1";"POINT(4.9443152,52.3777281)";"POINT(52.3777281,4.9443152)";4.9443152;52.3777281;
1162;"BE_290";"Steenbreekvaren";"Asplenium trichomanes";"Ja";"F2";"";"Entropothaven";"Borneokade";"";"62";"51";"35";"44";"24";"POINT(4.9444129,52.3708541)";"POINT(52.3708541,4.9444129)";4.9444129;52.3708541;
1163;"BE_288";"Tongvaren";"Asplenium scolopendrium";"Ja";"F2";"";"Het IJ";"Surinamekade";"";"0 exemplaren";"1";"2";"1";"1";"POINT(4.9444768,52.377732)";"POINT(52.377732,4.9444768)";4.9444768;52.377732;
1164;"BE_290";"Steenbreekvaren";"Asplenium trichomanes";"Ja";"F2";"";"Het IJ";"Surinamekade";"";"";"1";"";"1";"1";"POINT(4.9444911,52.377732)";"POINT(52.377732,4.9444911)";4.9444911;52.377732;
1165;"BE_290";"Steenbreekvaren";"Asplenium trichomanes";"Ja";"F2";"";"Entropothaven";"Borneokade";"";"48";"22";"25";"17";"30";"POINT(4.9445889,52.3708731)";"POINT(52.3708731,4.9445889)";4.9445889;52.3708731;
1166;"BE_288";"Tongvaren";"Asplenium scolopendrium";"Ja";"F2";"";"Entrepothaven";"Zeeburgerkade-West";"";"1";"1";"";"0 exemplaren";"1";"POINT(4.9446042,52.369374)";"POINT(52.369374,4.9446042)";4.9446042;52.369374;
1167;"BE_290";"Steenbreekvaren";"Asplenium trichomanes";"Ja";"F2";"";"Entropothaven";"Borneokade";"";"13";"14";"16";"16";"24";"POINT(4.9446771,52.3708846)";"POINT(52.3708846,4.9446771)";4.9446771;52.3708846;
1168;"BE_290";"Steenbreekvaren";"Asplenium trichomanes";"Ja";"F2";"";"Het IJ";"Surinamekade";"";"28";"35";"26";"30";"31";"POINT(4.944638,52.3777396)";"POINT(52.3777396,4.944638)";4.944638;52.3777396;
1169;"BE_288";"Tongvaren";"Asplenium scolopendrium";"Ja";"F2";"";"Ertshaven";"Ertskade";"";"6";"7";"12";"6";"5";"POINT(4.9446828,52.3747222)";"POINT(52.3747222,4.9446828)";4.9446828;52.3747222;
1170;"NB_600";"Spoorbloem";"Centranthus ruber";"Ja";"";"";"Ertshaven";"Levantkade";"";"";"";"";"";"1";"POINT(4.9447539,52.3763739)";"POINT(52.3763739,4.9447539)";4.9447539;52.3763739;
1171;"BE_290";"Steenbreekvaren";"Asplenium trichomanes";"Ja";"F2";"";"Het IJ";"Surinamekade";"";"3";"3";"3";"12";"5";"POINT(4.9447558,52.3777396)";"POINT(52.3777396,4.9447558)";4.9447558;52.3777396;
1172;"NB_600";"Spoorbloem";"Centranthus ruber";"Ja";"";"";"Ertshaven";"Levantkade";"";"";"";"";"";"1";"POINT(4.9448569,52.3763739)";"POINT(52.3763739,4.9448569)";4.9448569;52.3763739;
1173;"BE_290";"Steenbreekvaren";"Asplenium trichomanes";"Ja";"F2";"";"Ertshaven";"Ertskade";"";"";"2";"2";"2";"3";"POINT(4.944947,52.3747489)";"POINT(52.3747489,4.944947)";4.944947;52.3747489;
1174;"BE_290";"Steenbreekvaren";"Asplenium trichomanes";"Ja";"F2";"";"Het IJ";"Surinamekade";"";"1";"2";"1";"13";"8";"POINT(4.944917,52.377751)";"POINT(52.377751,4.944917)";4.944917;52.377751;
1175;"NB_600";"Spoorbloem";"Centranthus ruber";"Ja";"";"";"Ertshaven";"Levantkade";"";"";"";"1";"2";"3";"POINT(4.9449751,52.3763777)";"POINT(52.3763777,4.9449751)";4.9449751;52.3763777;
1176;"BE_290";"Steenbreekvaren";"Asplenium trichomanes";"Ja";"F2";"";"Entrepothaven";"Zeeburgerkade-West";"";"2";"2";"1";"1";"2";"POINT(4.9450591,52.3693854)";"POINT(52.3693854,4.9450591)";4.9450591;52.3693854;
1177;"BE_290";"Steenbreekvaren";"Asplenium trichomanes";"Ja";"F2";"";"Ertshaven";"Ertskade";"";"0 exemplaren";"";"2";"1";"1";"POINT(4.9451082,52.3747679)";"POINT(52.3747679,4.9451082)";4.9451082;52.3747679;
1178;"BE_284";"Zwartsteel";"Asplenium adiantum-nigrum";"Ja";"F2";"";"Het IJ";"Surinamekade";"";"0 exemplaren";"";"0 exemplaren";"1";"0 exemplaren";"POINT(4.9450781,52.3777587)";"POINT(52.3777587,4.9450781)";4.9450781;52.3777587;
1179;"BE_290";"Steenbreekvaren";"Asplenium trichomanes";"Ja";"F2";"";"Entropothaven";"Borneokade";"";"1";"1";"1";"0 exemplaren";"3";"POINT(4.9452641,52.3709494)";"POINT(52.3709494,4.9452641)";4.9452641;52.3709494;
1180;"NB_600";"Spoorbloem";"Centranthus ruber";"Ja";"";"";"Ertshaven";"Levantkade";"";"3";"3";"";"1";"0 exemplaren";"POINT(4.9453418,52.3763854)";"POINT(52.3763854,4.9453418)";4.9453418;52.3763854;
1181;"BE_290";"Steenbreekvaren";"Asplenium trichomanes";"Ja";"F2";"";"Entropothaven";"Borneokade";"";"";"";"1";"1";"1";"POINT(4.9453962,52.3709571)";"POINT(52.3709571,4.9453962)";4.9453962;52.3709571;
1182;"BE_290";"Steenbreekvaren";"Asplenium trichomanes";"Ja";"F2";"";"Entrepothaven";"Zeeburgerkade-West";"";"5";"11";"7";"7";"9";"POINT(4.9454262,52.3693854)";"POINT(52.3693854,4.9454262)";4.9454262;52.3693854;
1183;"BE_290";"Steenbreekvaren";"Asplenium trichomanes";"Ja";"F2";"";"Het IJ";"Surinamekade";"";"";"2";"1";"2";"7";"POINT(4.9453571,52.3777625)";"POINT(52.3777625,4.9453571)";4.9453571;52.3777625;
1184;"BE_290";"Steenbreekvaren";"Asplenium trichomanes";"Ja";"F2";"";"Entrepothaven";"Zeeburgerkade-West";"";"11";"52";"12";"20";"26";"POINT(4.9455578,52.3693854)";"POINT(52.3693854,4.9455578)";4.9455578;52.3693854;
1185;"BE_290";"Steenbreekvaren";"Asplenium trichomanes";"Ja";"F2";"";"Het IJ";"Surinamekade";"";"3";"7";"2";"6";"3";"POINT(4.9454749,52.3777625)";"POINT(52.3777625,4.9454749)";4.9454749;52.3777625;
1186;"NB_600";"Spoorbloem";"Centranthus ruber";"Ja";"";"";"Ertshaven";"Levantkade";"";"7";"8";"";"5";"5";"POINT(4.9455769,52.3763968)";"POINT(52.3763968,4.9455769)";4.9455769;52.3763968;
1187;"BE_290";"Steenbreekvaren";"Asplenium trichomanes";"Ja";"F2";"";"Het IJ";"Surinamekade";"";"11";"14";"11";"14";"13";"POINT(4.9456661,52.3777701)";"POINT(52.3777701,4.9456661)";4.9456661;52.3777701;
1188;"NB_600";"Spoorbloem";"Centranthus ruber";"Ja";"";"";"Ertshaven";"Levantkade";"";"20";"16";"57";"10";"10";"POINT(4.9456942,52.3764044)";"POINT(52.3764044,4.9456942)";4.9456942;52.3764044;
1189;"BE_290";"Steenbreekvaren";"Asplenium trichomanes";"Ja";"F2";"";"Het IJ";"Surinamekade";"";"1";"2";"2";"5";"3";"POINT(4.9457538,52.3777701)";"POINT(52.3777701,4.9457538)";4.9457538;52.3777701;
1190;"NB_600";"Spoorbloem";"Centranthus ruber";"Ja";"";"";"Ertshaven";"Levantkade";"";"6";"3";"";"2";"1";"POINT(4.945811,52.3764044)";"POINT(52.3764044,4.945811)";4.945811;52.3764044;
1191;"BE_290";"Steenbreekvaren";"Asplenium trichomanes";"Ja";"F2";"";"Entropothaven";"Borneokade";"";"4";"4";"10";"3";"10";"POINT(4.9459379,52.3710219)";"POINT(52.3710219,4.9459379)";4.9459379;52.3710219;
1192;"NB_600";"Spoorbloem";"Centranthus ruber";"Ja";"";"";"Ertshaven";"Levantkade";"";"9";"9";"";"14";"10";"POINT(4.9459288,52.3764159)";"POINT(52.3764159,4.9459288)";4.9459288;52.3764159;
1193;"BE_290";"Steenbreekvaren";"Asplenium trichomanes";"Ja";"F2";"";"Entropothaven";"Borneokade";"";"";"";"";"";"3";"POINT(4.9460852,52.3710333)";"POINT(52.3710333,4.9460852)";4.9460852;52.3710333;
1194;"NB_600";"Spoorbloem";"Centranthus ruber";"Ja";"";"";"Ertshaven";"Levantkade";"";"3";"10";"";"5";"5";"POINT(4.9460461,52.3764159)";"POINT(52.3764159,4.9460461)";4.9460461;52.3764159;
1195;"BE_290";"Steenbreekvaren";"Asplenium trichomanes";"Ja";"F2";"";"Het IJ";"Surinamekade";"";"0 exemplaren";"1";"2";"6";"5";"POINT(4.9460618,52.3777892)";"POINT(52.3777892,4.9460618)";4.9460618;52.3777892;
1196;"NB_600";"Spoorbloem";"Centranthus ruber";"Ja";"";"";"Ertshaven";"Levantkade";"";"3";"7";"10";"19";"6";"POINT(4.9461791,52.3764159)";"POINT(52.3764159,4.9461791)";4.9461791;52.3764159;
1197;"BE_290";"Steenbreekvaren";"Asplenium trichomanes";"Ja";"F2";"";"Ertshaven";"Ertskade";"";"0 exemplaren";"1";"1";"1";"1";"POINT(4.9462378,52.3748976)";"POINT(52.3748976,4.9462378)";4.9462378;52.3748976;
1198;"BE_290";"Steenbreekvaren";"Asplenium trichomanes";"Ja";"F2";"";"Het IJ";"Surinamekade";"";"1";"1";"6";"13";"11";"POINT(4.9462092,52.3777892)";"POINT(52.3777892,4.9462092)";4.9462092;52.3777892;
1199;"NB_600";"Spoorbloem";"Centranthus ruber";"Ja";"";"";"Ertshaven";"Levantkade";"";"1";"2";"0 exemplaren";"1";"0 exemplaren";"POINT(4.9462812,52.3764235)";"POINT(52.3764235,4.9462812)";4.9462812;52.3764235;
1200;"BE_290";"Steenbreekvaren";"Asplenium trichomanes";"Ja";"F2";"";"Ertshaven";"Ertskade";"";"3";"3";"3";"1";"6";"POINT(4.9463551,52.3748976)";"POINT(52.3748976,4.9463551)";4.9463551;52.3748976;
1201;"BE_290";"Steenbreekvaren";"Asplenium trichomanes";"Ja";"F2";"";"Het IJ";"Surinamekade";"";"1";"2";"1";"10";"8";"POINT(4.9463408,52.377793)";"POINT(52.377793,4.9463408)";4.9463408;52.377793;
1202;"NB_600";"Spoorbloem";"Centranthus ruber";"Ja";"";"";"Ertshaven";"Levantkade";"";"";"";"";"2";"0 exemplaren";"POINT(4.9463842,52.3764273)";"POINT(52.3764273,4.9463842)";4.9463842;52.3764273;
1203;"NB_600";"Spoorbloem";"Centranthus ruber";"Ja";"";"";"Ertshaven";"Levantkade";"";"";"1";"1";"2";"2";"POINT(4.9465449,52.376435)";"POINT(52.376435,4.9465449)";4.9465449;52.376435;
1204;"BE_290";"Steenbreekvaren";"Asplenium trichomanes";"Ja";"F2";"";"Het IJ";"Surinamekade";"";"3";"6";"2";"9";"5";"POINT(4.946532,52.3778006)";"POINT(52.3778006,4.946532)";4.946532;52.3778006;
1205;"BE_290";"Steenbreekvaren";"Asplenium trichomanes";"Ja";"F2";"";"Ertshaven";"Ertskade";"";"";"1";"1";"1";"1";"POINT(4.946604,52.3749358)";"POINT(52.3749358,4.946604)";4.946604;52.3749358;
1206;"NB_600";"Spoorbloem";"Centranthus ruber";"Ja";"";"";"Het IJ";"Surinamekade";"";"";"";"1";"1";"0 exemplaren";"POINT(4.9465759,52.3778121)";"POINT(52.3778121,4.9465759)";4.9465759;52.3778121;
1207;"BE_290";"Steenbreekvaren";"Asplenium trichomanes";"Ja";"F2";"";"Entropothaven";"Borneokade";"";"";"";"1";"3";"3";"POINT(4.9466569,52.3710982)";"POINT(52.3710982,4.9466569)";4.9466569;52.3710982;
1208;"BE_290";"Steenbreekvaren";"Asplenium trichomanes";"Ja";"F2";"";"Ertshaven";"Levantkade";"";"1";"1";"3";"3";"6";"POINT(4.9466779,52.376435)";"POINT(52.376435,4.9466779)";4.9466779;52.376435;
1209;"BE_290";"Steenbreekvaren";"Asplenium trichomanes";"Ja";"F2";"";"Het IJ";"Surinamekade";"";"1";"1";"3";"4";"1";"POINT(4.9466789,52.3778006)";"POINT(52.3778006,4.9466789)";4.9466789;52.3778006;
1210;"BE_290";"Steenbreekvaren";"Asplenium trichomanes";"Ja";"F2";"";"Entropothaven";"Borneokade";"";"1";"2";"5";"5";"7";"POINT(4.9468329,52.3711249)";"POINT(52.3711249,4.9468329)";4.9468329;52.3711249;
1211;"NB_2638";"Moerasvaren";"Thelypteris palustris";"Ja";"";"";"Spoorwegbassin";"Stuurmankade";"";"";"";"";"";"1";"POINT(4.9468648,52.3723456)";"POINT(52.3723456,4.9468648)";4.9468648;52.3723456;
1212;"BE_290";"Steenbreekvaren";"Asplenium trichomanes";"Ja";"F2";"";"Het IJ";"Surinamekade";"";"1";"1";"";"2";"2";"POINT(4.94684,52.3778121)";"POINT(52.3778121,4.94684)";4.94684;52.3778121;
1213;"BE_290";"Steenbreekvaren";"Asplenium trichomanes";"Ja";"F2";"";"Entropothaven";"Borneokade";"";"1";"2";"4";"2";"5";"POINT(4.9469502,52.3711325)";"POINT(52.3711325,4.9469502)";4.9469502;52.3711325;
1214;"NB_600";"Spoorbloem";"Centranthus ruber";"Ja";"";"";"Ertshaven";"Levantkade";"";"";"";"";"";"1";"POINT(4.946986,52.376454)";"POINT(52.376454,4.946986)";4.946986;52.376454;
1215;"BE_290";"Steenbreekvaren";"Asplenium trichomanes";"Ja";"F2";"";"Het IJ";"Surinamekade";"";"";"";"";"";"2";"POINT(4.9469869,52.3778197)";"POINT(52.3778197,4.9469869)";4.9469869;52.3778197;
1216;"BE_290";"Steenbreekvaren";"Asplenium trichomanes";"Ja";"F2";"";"Het IJ";"Surinamekade";"";"1";"1";"1";"6";"1";"POINT(4.947016,52.3778121)";"POINT(52.3778121,4.947016)";4.947016;52.3778121;
1217;"BE_290";"Steenbreekvaren";"Asplenium trichomanes";"Ja";"F2";"";"Het IJ";"Surinamekade";"";"1";"1";"1";"9";"4";"POINT(4.947119,52.3778235)";"POINT(52.3778235,4.947119)";4.947119;52.3778235;
1218;"BE_290";"Steenbreekvaren";"Asplenium trichomanes";"Ja";"F2";"";"Entropothaven";"Borneokade";"";"";"";"";"";"1";"POINT(4.9472439,52.371163)";"POINT(52.371163,4.9472439)";4.9472439;52.371163;
1219;"BE_288";"Tongvaren";"Asplenium scolopendrium";"Ja";"F2";"";"Ertshaven";"Ertskade";"";"1";"1";"3";"2";"5";"POINT(4.9473522,52.3750197)";"POINT(52.3750197,4.9473522)";4.9473522;52.3750197;
1220;"BE_290";"Steenbreekvaren";"Asplenium trichomanes";"Ja";"F2";"";"Entropothaven";"Borneokade";"";"7";"11";"11";"4";"9";"POINT(4.9475081,52.3711897)";"POINT(52.3711897,4.9475081)";4.9475081;52.3711897;
1221;"BE_290";"Steenbreekvaren";"Asplenium trichomanes";"Ja";"F2";"";"Het IJ";"Surinamekade";"";"";"";"";"1";"0 exemplaren";"POINT(4.9475601,52.3778311)";"POINT(52.3778311,4.9475601)";4.9475601;52.3778311;
1222;"BE_290";"Steenbreekvaren";"Asplenium trichomanes";"Ja";"F2";"";"Entropothaven";"Borneokade";"";"2";"2";"2";"2";"4";"POINT(4.9476402,52.3712012)";"POINT(52.3712012,4.9476402)";4.9476402;52.3712012;
1223;"NB_600";"Spoorbloem";"Centranthus ruber";"Ja";"";"";"Entropothaven";"Borneokade";"";"3";"6";"7";"2";"6";"POINT(4.9476688,52.3712012)";"POINT(52.3712012,4.9476688)";4.9476688;52.3712012;
1224;"BE_290";"Steenbreekvaren";"Asplenium trichomanes";"Ja";"F2";"";"Het IJ";"Surinamekade";"";"3";"5";"5";"8";"9";"POINT(4.947736,52.3778426)";"POINT(52.3778426,4.947736)";4.947736;52.3778426;
1225;"BE_288";"Tongvaren";"Asplenium scolopendrium";"Ja";"F2";"";"Ertshaven";"Ertskade";"";"";"";"1";"1";"1";"POINT(4.9477632,52.3750655)";"POINT(52.3750655,4.9477632)";4.9477632;52.3750655;
1226;"NB_600";"Spoorbloem";"Centranthus ruber";"Ja";"";"";"Entropothaven";"Borneokade";"";"";"";"";"";"5";"POINT(4.9478161,52.3712164)";"POINT(52.3712164,4.9478161)";4.9478161;52.3712164;
1227;"BE_290";"Steenbreekvaren";"Asplenium trichomanes";"Ja";"F2";"";"Het IJ";"Surinamekade";"";"1";"1";"1";"2";"1";"POINT(4.9478972,52.3778502)";"POINT(52.3778502,4.9478972)";4.9478972;52.3778502;
1228;"BE_826";"Blaasvaren";"Cystopteris fragilis";"Ja";"F2";"BE";"Entrepothaven";"Zeeburgerkade-Oost";"";"1";"";"1";"";"";"POINT(4.9480388,52.3694045)";"POINT(52.3694045,4.9480388)";4.9480388;52.3694045;
1229;"BE_290";"Steenbreekvaren";"Asplenium trichomanes";"Ja";"F2";"";"Het IJ";"Surinamekade";"";"2";"3";"4";"8";"10";"POINT(4.9479711,52.3778502)";"POINT(52.3778502,4.9479711)";4.9479711;52.3778502;
1230;"BE_290";"Steenbreekvaren";"Asplenium trichomanes";"Ja";"F2";"";"Entrepothaven";"Zeeburgerkade-Oost";"";"";"1";"";"";"";"POINT(4.9481418,52.3694045)";"POINT(52.3694045,4.9481418)";4.9481418;52.3694045;
1231;"BE_288";"Tongvaren";"Asplenium scolopendrium";"Ja";"F2";"";"Spoorwegbassin";"Stuurmankade";"";"";"";"";"";"1";"POINT(4.9481699,52.3724944)";"POINT(52.3724944,4.9481699)";4.9481699;52.3724944;
1232;"BE_290";"Steenbreekvaren";"Asplenium trichomanes";"Ja";"F2";"";"Entropothaven";"Borneokade";"";"17";"9";"6";"6";"8";"POINT(4.9481971,52.371266)";"POINT(52.371266,4.9481971)";4.9481971;52.371266;
1233;"NB_990";"Muurfijnstraal";"Erigeron karvinskianus";"Ja";"";"";"Het IJ";"Surinamekade";"";"8";"";"0 exemplaren";"5";"0 exemplaren";"POINT(4.9481471,52.3778502)";"POINT(52.3778502,4.9481471)";4.9481471;52.3778502;
1234;"BE_290";"Steenbreekvaren";"Asplenium trichomanes";"Ja";"F2";"";"Het IJ";"Surinamekade";"";"";"";"";"4";"2";"POINT(4.9481471,52.3778502)";"POINT(52.3778502,4.9481471)";4.9481471;52.3778502;
1235;"BE_288";"Tongvaren";"Asplenium scolopendrium";"Ja";"F2";"";"Het IJ";"Surinamekade";"";"1";"";"";"2";"1";"POINT(4.9481909,52.3778617)";"POINT(52.3778617,4.9481909)";4.9481909;52.3778617;
1236;"BE_826";"Blaasvaren";"Cystopteris fragilis";"Ja";"F2";"BE";"Entrepothaven";"Zeeburgerkade-Oost";"";"0 exemplaren";"6";"6";"";"";"POINT(4.948333,52.3694045)";"POINT(52.3694045,4.948333)";4.948333;52.3694045;
1237;"BE_826";"Blaasvaren";"Cystopteris fragilis";"Ja";"F2";"BE";"Entrepothaven";"Zeeburgerkade-Oost";"";"4";"8";"3";"";"";"POINT(4.9484508,52.3694045)";"POINT(52.3694045,4.9484508)";4.9484508;52.3694045;
1238;"BE_290";"Steenbreekvaren";"Asplenium trichomanes";"Ja";"F2";"";"Het IJ";"Surinamekade";"";"4";"3";"14";"17";"17";"POINT(4.948396,52.3778617)";"POINT(52.3778617,4.948396)";4.948396;52.3778617;
1239;"NB_990";"Muurfijnstraal";"Erigeron karvinskianus";"Ja";"";"";"Het IJ";"Surinamekade";"";"28";"35";"65";"50";"112";"POINT(4.948499,52.3778617)";"POINT(52.3778617,4.948499)";4.948499;52.3778617;
1240;"BE_290";"Steenbreekvaren";"Asplenium trichomanes";"Ja";"F2";"";"Entropothaven";"Borneokade";"";"2";"2";"2";"2";"5";"POINT(4.9486811,52.3713194)";"POINT(52.3713194,4.9486811)";4.9486811;52.3713194;
1241;"BE_290";"Steenbreekvaren";"Asplenium trichomanes";"Ja";"F2";"";"Het IJ";"Surinamekade";"";"40";"45";"30";"52";"68";"POINT(4.948663,52.377629)";"POINT(52.377629,4.948663)";4.948663;52.377629;
1242;"NB_600";"Spoorbloem";"Centranthus ruber";"Ja";"";"";"Entropothaven";"Borneokade";"";"20";"30";"50";"15";"21";"POINT(4.9489162,52.3713461)";"POINT(52.3713461,4.9489162)";4.9489162;52.3713461;
1243;"BE_290";"Steenbreekvaren";"Asplenium trichomanes";"Ja";"F2";"";"Entrepothaven";"Zeeburgerkade-Oost";"";"1";"1";"1";"";"";"POINT(4.9490378,52.3694083)";"POINT(52.3694083,4.9490378)";4.9490378;52.3694083;
1244;"NB_600";"Spoorbloem";"Centranthus ruber";"Ja";"";"";"Entropothaven";"Borneokade";"";"8";"12";"20";"3";"9";"POINT(4.949136,52.3713652)";"POINT(52.3713652,4.949136)";4.949136;52.3713652;
1245;"BE_288";"Tongvaren";"Asplenium scolopendrium";"Ja";"F2";"";"Spoorwegbassin";"Stuurmankade";"";"3";"";"3";"1";"1";"POINT(4.9493291,52.3726279)";"POINT(52.3726279,4.9493291)";4.9493291;52.3726279;
1246;"BE_290";"Steenbreekvaren";"Asplenium trichomanes";"Ja";"F2";"";"Spoorwegbassin";"Stuurmankade";"";"2";"";"";"0 exemplaren";"0 exemplaren";"POINT(4.949373,52.3726279)";"POINT(52.3726279,4.949373)";4.949373;52.3726279;
1247;"BE_290";"Steenbreekvaren";"Asplenium trichomanes";"Ja";"F2";"";"Spoorwegbassin";"Stuurmankade";"";"";"";"1";"1";"1";"POINT(4.9494908,52.3726431)";"POINT(52.3726431,4.9494908)";4.9494908;52.3726431;
1248;"NB_600";"Spoorbloem";"Centranthus ruber";"Ja";"";"";"Entropothaven";"Borneokade";"";"7";"9";"20";"25";"35";"POINT(4.949928,52.3714491)";"POINT(52.3714491,4.949928)";4.949928;52.3714491;
1249;"BE_290";"Steenbreekvaren";"Asplenium trichomanes";"Ja";"F2";"";"Entropothaven";"Borneokade";"";"";"";"";"";"2";"POINT(4.950515,52.3715254)";"POINT(52.3715254,4.950515)";4.950515;52.3715254;
1250;"BE_290";"Steenbreekvaren";"Asplenium trichomanes";"Ja";"F2";"";"Spoorwegbassin";"Stuurmankade";"";"";"";"";"1";"1";"POINT(4.9505608,52.3727652)";"POINT(52.3727652,4.9505608)";4.9505608;52.3727652;
1251;"BE_290";"Steenbreekvaren";"Asplenium trichomanes";"Ja";"F2";"";"Entropothaven";"Borneokade";"";"3";"3";"6";"8";"30";"POINT(4.9506171,52.3715331)";"POINT(52.3715331,4.9506171)";4.9506171;52.3715331;
1252;"BE_290";"Steenbreekvaren";"Asplenium trichomanes";"Ja";"F2";"";"Spoorwegbassin";"Stuurmankade";"";"";"";"";"";"1";"POINT(4.9506352,52.3727652)";"POINT(52.3727652,4.9506352)";4.9506352;52.3727652;
1253;"BE_288";"Tongvaren";"Asplenium scolopendrium";"Ja";"F2";"";"Spoorwegbassin";"Stuurmankade";"";"1";"";"1";"1";"1";"POINT(4.9506929,52.3727767)";"POINT(52.3727767,4.9506929)";4.9506929;52.3727767;
1254;"BE_288";"Tongvaren";"Asplenium scolopendrium";"Ja";"F2";"";"Entrepothaven";"Zeeburgerkade-Oost";"";"";"1";"1";"";"";"POINT(4.9509022,52.3694235)";"POINT(52.3694235,4.9509022)";4.9509022;52.3694235;
1255;"BE_290";"Steenbreekvaren";"Asplenium trichomanes";"Ja";"F2";"";"Entropothaven";"Borneokade";"";"3";"3";"5";"11";"30";"POINT(4.9510138,52.3715712)";"POINT(52.3715712,4.9510138)";4.9510138;52.3715712;
1256;"BE_290";"Steenbreekvaren";"Asplenium trichomanes";"Ja";"F2";"";"Entropothaven";"Borneokade";"";"5";"10";"10";"9";"9";"POINT(4.951102,52.3715827)";"POINT(52.3715827,4.951102)";4.951102;52.3715827;
1257;"BE_290";"Steenbreekvaren";"Asplenium trichomanes";"Ja";"F2";"";"Binnenhaven";"Stokerkade";"";"4";"";"2";"";"14";"POINT(4.9512579,52.3720671)";"POINT(52.3720671,4.9512579)";4.9512579;52.3720671;
1258;"BE_290";"Steenbreekvaren";"Asplenium trichomanes";"Ja";"F2";"";"Binnenhaven";"Stokerkade";"";"";"";"";"1";"1";"POINT(4.951288,52.3720671)";"POINT(52.3720671,4.951288)";4.951288;52.3720671;
1259;"BE_288";"Tongvaren";"Asplenium scolopendrium";"Ja";"F2";"";"Spoorwegbassin";"Stuurmankade";"";"";"";"1";"";"0 exemplaren";"POINT(4.9512951,52.3728415)";"POINT(52.3728415,4.9512951)";4.9512951;52.3728415;
1260;"NB_990";"Muurfijnstraal";"Erigeron karvinskianus";"Ja";"";"";"Entropothaven";"Borneokade";"";"10";"16";"50";"23";"30";"POINT(4.9513218,52.3716094)";"POINT(52.3716094,4.9513218)";4.9513218;52.3716094;
1261;"NB_990";"Muurfijnstraal";"Erigeron karvinskianus";"Ja";"";"";"Entropothaven";"Borneokade";"";"1";"1";"15";"12";"30";"POINT(4.951453,52.3716284)";"POINT(52.3716284,4.951453)";4.951453;52.3716284;
1262;"BE_290";"Steenbreekvaren";"Asplenium trichomanes";"Ja";"F2";"";"Entropothaven";"Borneokade";"";"26";"34";"40";"46";"45";"POINT(4.9515421,52.3716361)";"POINT(52.3716361,4.9515421)";4.9515421;52.3716361;
1263;"BE_288";"Tongvaren";"Asplenium scolopendrium";"Ja";"F2";"";"Entrepothaven";"Zeeburgerkade-Oost";"";"";"1";"";"";"";"POINT(4.9516952,52.369435)";"POINT(52.369435,4.9516952)";4.9516952;52.369435;
1264;"BE_290";"Steenbreekvaren";"Asplenium trichomanes";"Ja";"F2";"";"Spoorwegbassin";"P. Dijkstraplein";"";"";"";"";"1";"1";"POINT(4.951781,52.3726622)";"POINT(52.3726622,4.951781)";4.951781;52.3726622;
1265;"BE_290";"Steenbreekvaren";"Asplenium trichomanes";"Ja";"F2";"";"Spoorwegbassin";"Scheepstimmermanstraat";"";"";"";"";"1";"0 exemplaren";"POINT(4.9519732,52.3725173)";"POINT(52.3725173,4.9519732)";4.9519732;52.3725173;
1266;"NB_2638";"Moerasvaren";"Thelypteris palustris";"Ja";"";"";"Entrepothaven";"Zeeburgerkade-Oost";"";"";"1";"0 exemplaren";"";"";"POINT(4.9527962,52.3694388)";"POINT(52.3694388,4.9527962)";4.9527962;52.3694388;
1267;"BE_288";"Tongvaren";"Asplenium scolopendrium";"Ja";"F2";"";"Entrepothaven";"Zeeburgerkade-Oost";"";"";"1";"1";"";"";"POINT(4.9530761,52.3694045)";"POINT(52.3694045,4.9530761)";4.9530761;52.3694045;
1268;"BE_288";"Tongvaren";"Asplenium scolopendrium";"Ja";"F2";"";"Ringvaart (van de Watergraafsmeer)";"Brug Middenweg";"189";"1";"";"1";"";"1";"POINT(4.9284508,52.3553435)";"POINT(52.3553435,4.9284508)";4.9284508;52.3553435;
1269;"BE_290";"Steenbreekvaren";"Asplenium trichomanes";"Ja";"F2";"";"IJhaven";"Javakade";"";"1";"2";"1";"1";"1";"POINT(4.9284508,52.3780104)";"POINT(52.3780104,4.9284508)";4.9284508;52.3780104;
1270;"BE_290";"Steenbreekvaren";"Asplenium trichomanes";"Ja";"F2";"";"IJhaven";"Javakade";"";"1";"1";"1";"1";"1";"POINT(4.9285839,52.3779837)";"POINT(52.3779837,4.9285839)";4.9285839;52.3779837;
1271;"BE_288";"Tongvaren";"Asplenium scolopendrium";"Ja";"F2";"";"Het IJ";"Sumatrakade";"";"";"";"";"";"4";"POINT(4.9285862,52.3792235)";"POINT(52.3792235,4.9285862)";4.9285862;52.3792235;
1272;"BE_288";"Tongvaren";"Asplenium scolopendrium";"Ja";"F2";"";"Het IJ";"Sumatrakade";"";"4";"4";"4";"";"1";"POINT(4.9286449,52.3792159)";"POINT(52.3792159,4.9286449)";4.9286449;52.3792159;
1273;"BE_288";"Tongvaren";"Asplenium scolopendrium";"Ja";"F2";"";"IJhaven";"Veemkade";"";"3";"";"1";"1";"2";"POINT(4.928766,52.3759619)";"POINT(52.3759619,4.928766)";4.928766;52.3759619;
1274;"NB_1074";"Vijgenboom";"Ficus carica";"Ja";"";"";"Nieuwe Vaart";"Nieuwe Vaart";"";"1";"";"1";"0 exemplaren";"1";"POINT(4.9288881,52.3670584)";"POINT(52.3670584,4.9288881)";4.9288881;52.3670584;
1275;"BE_288";"Tongvaren";"Asplenium scolopendrium";"Ja";"F2";"";"Het IJ";"Sumatrakade";"";"2";"3";"3";"5";"3";"POINT(4.9288509,52.3791815)";"POINT(52.3791815,4.9288509)";4.9288509;52.3791815;
1276;"BE_288";"Tongvaren";"Asplenium scolopendrium";"Ja";"F2";"";"Het IJ";"Sumatrakade";"";"";"";"";"";"1";"POINT(4.9288652,52.3791701)";"POINT(52.3791701,4.9288652)";4.9288652;52.3791701;
1277;"BE_288";"Tongvaren";"Asplenium scolopendrium";"Ja";"F2";"";"Het IJ";"Sumatrakade";"";"5";"6";"6";"8";"1";"POINT(4.9294832,52.3790747)";"POINT(52.3790747,4.9294832)";4.9294832;52.3790747;
1278;"BE_288";"Tongvaren";"Asplenium scolopendrium";"Ja";"F2";"";"Het IJ";"Sumatrakade";"";"1";"1";"1";"2";"0 exemplaren";"POINT(4.9295571,52.3790671)";"POINT(52.3790671,4.9295571)";4.9295571;52.3790671;
1279;"BE_290";"Steenbreekvaren";"Asplenium trichomanes";"Ja";"F2";"";"Het IJ";"Sumatrakade";"";"1";"1";"1";"1";"1";"POINT(4.9296162,52.3790595)";"POINT(52.3790595,4.9296162)";4.9296162;52.3790595;
1280;"BE_284";"Zwartsteel";"Asplenium adiantum-nigrum";"Ja";"F2";"";"Het IJ";"Sumatrakade";"";"0 exemplaren";"";"0 exemplaren";"0 exemplaren";"1";"POINT(4.92963,52.3790404)";"POINT(52.3790404,4.92963)";4.92963;52.3790404;
1281;"BE_290";"Steenbreekvaren";"Asplenium trichomanes";"Ja";"F2";"";"Het IJ";"Sumatrakade";"";"6";"11";"12";"14";"15";"POINT(4.9297039,52.3790404)";"POINT(52.3790404,4.9297039)";4.9297039;52.3790404;
1282;"NB_990";"Muurfijnstraal";"Erigeron karvinskianus";"Ja";"";"";"Het IJ";"Sumatrakade";"";"3";"4";"3";"3";"0 exemplaren";"POINT(4.9297631,52.3790213)";"POINT(52.3790213,4.9297631)";4.9297631;52.3790213;
1283;"NB_990";"Muurfijnstraal";"Erigeron karvinskianus";"Ja";"";"";"IJhaven";"Javakade";"";"1";"2";"2";"1";"1";"POINT(4.9298198,52.3777663)";"POINT(52.3777663,4.9298198)";4.9298198;52.3777663;
1284;"BE_290";"Steenbreekvaren";"Asplenium trichomanes";"Ja";"F2";"";"Het IJ";"Sumatrakade";"";"2";"3";"3";"1";"11";"POINT(4.9298222,52.3790137)";"POINT(52.3790137,4.9298222)";4.9298222;52.3790137;
1285;"NB_990";"Muurfijnstraal";"Erigeron karvinskianus";"Ja";"";"";"IJhaven";"Javakade";"";"1";"3";"12";"10";"22";"POINT(4.929908,52.3777472)";"POINT(52.3777472,4.929908)";4.929908;52.3777472;
1286;"BE_290";"Steenbreekvaren";"Asplenium trichomanes";"Ja";"F2";"";"Het IJ";"Sumatrakade";"";"";"";"";"";"1";"POINT(4.9299099,52.3789984)";"POINT(52.3789984,4.9299099)";4.9299099;52.3789984;
1287;"BE_290";"Steenbreekvaren";"Asplenium trichomanes";"Ja";"F2";"";"Het IJ";"Sumatrakade";"";"";"";"";"8";"6";"POINT(4.9299829,52.3789794)";"POINT(52.3789794,4.9299829)";4.9299829;52.3789794;
1288;"NB_990";"Muurfijnstraal";"Erigeron karvinskianus";"Ja";"";"";"IJhaven";"Javakade";"";"8";"15";"20";"23";"29";"POINT(4.9300549,52.3777205)";"POINT(52.3777205,4.9300549)";4.9300549;52.3777205;
1289;"BE_290";"Steenbreekvaren";"Asplenium trichomanes";"Ja";"F2";"";"Het IJ";"Sumatrakade";"";"";"";"";"2";"1";"POINT(4.930042,52.3789717)";"POINT(52.3789717,4.930042)";4.930042;52.3789717;
1290;"NB_990";"Muurfijnstraal";"Erigeron karvinskianus";"Ja";"";"";"IJhaven";"Javakade";"";"25";"35";"30";"27";"50";"POINT(4.9301288,52.3777129)";"POINT(52.3777129,4.9301288)";4.9301288;52.3777129;
1291;"NB_990";"Muurfijnstraal";"Erigeron karvinskianus";"Ja";"";"";"IJhaven";"Javakade";"";"2";"6";"7";"4";"14";"POINT(4.9302461,52.3776938)";"POINT(52.3776938,4.9302461)";4.9302461;52.3776938;
1292;"NB_990";"Muurfijnstraal";"Erigeron karvinskianus";"Ja";"";"";"IJhaven";"Javakade";"";"0 exemplaren";"";"1";"";"0 exemplaren";"POINT(4.9303639,52.3776785)";"POINT(52.3776785,4.9303639)";4.9303639;52.3776785;
1293;"NB_990";"Muurfijnstraal";"Erigeron karvinskianus";"Ja";"";"";"IJhaven";"Javakade";"";"2";"3";"9";"12";"25";"POINT(4.9304669,52.3776518)";"POINT(52.3776518,4.9304669)";4.9304669;52.3776518;
1294;"BE_290";"Steenbreekvaren";"Asplenium trichomanes";"Ja";"F2";"";"IJhaven";"Javakade";"";"3";"3";"3";"4";"4";"POINT(4.9304821,52.3776518)";"POINT(52.3776518,4.9304821)";4.9304821;52.3776518;
1295;"BE_290";"Steenbreekvaren";"Asplenium trichomanes";"Ja";"F2";"";"IJhaven";"Javakade";"";"2";"2";"3";"2";"5";"POINT(4.9305999,52.3776251)";"POINT(52.3776251,4.9305999)";4.9305999;52.3776251;
1296;"BE_288";"Tongvaren";"Asplenium scolopendrium";"Ja";"F2";"";"Afwateringstocht";"Fizeaustraat";"267";"7";"";"";"";"";"POINT(4.9310348,52.3423773)";"POINT(52.3423773,4.9310348)";4.9310348;52.3423773;
1297;"NB_600";"Spoorbloem";"Centranthus ruber";"Ja";"";"";"IJhaven";"Javakade";"";"";"";"";"";"1";"POINT(4.9308498,52.3775908)";"POINT(52.3775908,4.9308498)";4.9308498;52.3775908;
1298;"NB_600";"Spoorbloem";"Centranthus ruber";"Ja";"";"";"IJhaven";"Javakade";"";"2";"1";"4";"5";"6";"POINT(4.9309089,52.3775717)";"POINT(52.3775717,4.9309089)";4.9309089;52.3775717;
1299;"BE_290";"Steenbreekvaren";"Asplenium trichomanes";"Ja";"F2";"";"Het IJ";"Sumatrakade";"";"1";"1";"1";"1";"1";"POINT(4.9309838,52.3788115)";"POINT(52.3788115,4.9309838)";4.9309838;52.3788115;
1300;"BE_290";"Steenbreekvaren";"Asplenium trichomanes";"Ja";"F2";"";"IJhaven";"Veemkade";"";"0 exemplaren";"";"0 exemplaren";"1";"0 exemplaren";"POINT(4.9310319,52.375569)";"POINT(52.375569,4.9310319)";4.9310319;52.375569;
1301;"NB_600";"Spoorbloem";"Centranthus ruber";"Ja";"";"";"IJhaven";"Javakade";"";"";"";"";"1";"2";"POINT(4.9310558,52.377545)";"POINT(52.377545,4.9310558)";4.9310558;52.377545;
1302;"BE_290";"Steenbreekvaren";"Asplenium trichomanes";"Ja";"F2";"";"Het IJ";"Sumatrakade";"";"";"";"";"";"1";"POINT(4.9310572,52.3787924)";"POINT(52.3787924,4.9310572)";4.9310572;52.3787924;
1303;"NB_600";"Spoorbloem";"Centranthus ruber";"Ja";"";"";"IJhaven";"Javakade";"";"";"";"";"";"1";"POINT(4.9312618,52.3775107)";"POINT(52.3775107,4.9312618)";4.9312618;52.3775107;
1304;"BE_288";"Tongvaren";"Asplenium scolopendrium";"Ja";"F2";"";"Lozingskanaal";"Zeeburgerdijk";"NS/39";"";"";"1";"";"0 exemplaren";"POINT(4.9314778,52.3664023)";"POINT(52.3664023,4.9314778)";4.9314778;52.3664023;
1305;"BE_288";"Tongvaren";"Asplenium scolopendrium";"Ja";"F2";"";"IJhaven";"Veemkade";"";"";"";"1";"1";"0 exemplaren";"POINT(4.9315031,52.3754813)";"POINT(52.3754813,4.9315031)";4.9315031;52.3754813;
1306;"BE_288";"Tongvaren";"Asplenium scolopendrium";"Ja";"F2";"";"Lozingskanaal";"Zeeburgerpad";"NS/39";"1";"";"1";"";"1";"POINT(4.932018,52.3667266)";"POINT(52.3667266,4.932018)";4.932018;52.3667266;
1307;"BE_290";"Steenbreekvaren";"Asplenium trichomanes";"Ja";"F2";"";"Nieuwe Vaart";"Cruquiuskade";"37";"7";"";"5";"7";"3";"POINT(4.932071,52.367356)";"POINT(52.367356,4.932071)";4.932071;52.367356;
1308;"NB_990";"Muurfijnstraal";"Erigeron karvinskianus";"Ja";"";"";"IJhaven";"Javakade";"";"6";"10";"8";"";"2";"POINT(4.932071,52.3773696)";"POINT(52.3773696,4.932071)";4.932071;52.3773696;
1309;"BE_288";"Tongvaren";"Asplenium scolopendrium";"Ja";"F2";"";"Lozingskanaal";"Zeeburgerpad";"328";"7";"";"3";"";"0 exemplaren";"POINT(4.9323561,52.3667304)";"POINT(52.3667304,4.9323561)";4.9323561;52.3667304;
1310;"BE_288";"Tongvaren";"Asplenium scolopendrium";"Ja";"F2";"";"Het IJ";"Sumatrakade";"";"";"";"";"1";"1";"POINT(4.9324109,52.3785674)";"POINT(52.3785674,4.9324109)";4.9324109;52.3785674;
1311;"BE_290";"Steenbreekvaren";"Asplenium trichomanes";"Ja";"F2";"";"IJhaven";"Veemkade";"";"6";"8";"13";"12";"13";"POINT(4.9326942,52.3752677)";"POINT(52.3752677,4.9326942)";4.9326942;52.3752677;
1312;"BE_288";"Tongvaren";"Asplenium scolopendrium";"Ja";"F2";"";"Het IJ";"Sumatrakade";"";"";"";"";"1";"1";"POINT(4.9326909,52.3785025)";"POINT(52.3785025,4.9326909)";4.9326909;52.3785025;
1313;"BE_290";"Steenbreekvaren";"Asplenium trichomanes";"Ja";"F2";"";"IJhaven";"Veemkade";"";"0 exemplaren";"";"1";"2";"0 exemplaren";"POINT(4.9329002,52.375241)";"POINT(52.375241,4.9329002)";4.9329002;52.375241;
1314;"BE_290";"Steenbreekvaren";"Asplenium trichomanes";"Ja";"F2";"";"IJhaven";"Veemkade";"";"0 exemplaren";"";"0 exemplaren";"1";"0 exemplaren";"POINT(4.9335768,52.3751265)";"POINT(52.3751265,4.9335768)";4.9335768;52.3751265;
1315;"BE_290";"Steenbreekvaren";"Asplenium trichomanes";"Ja";"F2";"";"IJhaven";"Javakade";"";"2";"1";"1";"2";"2";"POINT(4.9343359,52.3769843)";"POINT(52.3769843,4.9343359)";4.9343359;52.3769843;
1316;"BE_290";"Steenbreekvaren";"Asplenium trichomanes";"Ja";"F2";"";"IJhaven";"Veemkade";"";"0 exemplaren";"";"0 exemplaren";"1";"0 exemplaren";"POINT(4.9346211,52.3749434)";"POINT(52.3749434,4.9346211)";4.9346211;52.3749434;
1317;"BE_290";"Steenbreekvaren";"Asplenium trichomanes";"Ja";"F2";"";"IJhaven";"Veemkade";"";"";"";"";"";"2";"POINT(4.934901,52.3749014)";"POINT(52.3749014,4.934901)";4.934901;52.3749014;
1318;"BE_290";"Steenbreekvaren";"Asplenium trichomanes";"Ja";"F2";"";"IJhaven";"Veemkade";"";"1";"1";"1";"6";"0 exemplaren";"POINT(4.9349739,52.3748824)";"POINT(52.3748824,4.9349739)";4.9349739;52.3748824;
1319;"BE_290";"Steenbreekvaren";"Asplenium trichomanes";"Ja";"F2";"";"Het IJ";"Sumatrakade";"";"1";"1";"1";"1";"1";"POINT(4.9350302,52.3781096)";"POINT(52.3781096,4.9350302)";4.9350302;52.3781096;
1320;"BE_290";"Steenbreekvaren";"Asplenium trichomanes";"Ja";"F2";"";"IJhaven";"Veemkade";"";"0 exemplaren";"";"6";"12";"6";"POINT(4.9354012,52.3748023)";"POINT(52.3748023,4.9354012)";4.9354012;52.3748023;
1321;"BE_290";"Steenbreekvaren";"Asplenium trichomanes";"Ja";"F2";"";"IJhaven";"Veemkade";"";"6";"3";"1";"5";"10";"POINT(4.9354451,52.3748023)";"POINT(52.3748023,4.9354451)";4.9354451;52.3748023;
1322;"BE_290";"Steenbreekvaren";"Asplenium trichomanes";"Ja";"F2";"";"IJhaven";"Veemkade";"";"16";"12";"6";"30";"39";"POINT(4.9355328,52.3747832)";"POINT(52.3747832,4.9355328)";4.9355328;52.3747832;
1323;"BE_290";"Steenbreekvaren";"Asplenium trichomanes";"Ja";"F2";"";"IJhaven";"Veemkade";"";"7";"7";"11";"18";"14";"POINT(4.9358571,52.3747336)";"POINT(52.3747336,4.9358571)";4.9358571;52.3747336;
1324;"BE_290";"Steenbreekvaren";"Asplenium trichomanes";"Ja";"F2";"";"IJhaven";"Veemkade";"";"11";"8";"0 exemplaren";"10";"6";"POINT(4.9359748,52.3747069)";"POINT(52.3747069,4.9359748)";4.9359748;52.3747069;
1325;"NB_990";"Muurfijnstraal";"Erigeron karvinskianus";"Ja";"";"";"Het IJ";"Sumatrakade";"";"";"";"";"";"1";"POINT(4.9360301,52.3779341)";"POINT(52.3779341,4.9360301)";4.9360301;52.3779341;
1326;"BE_290";"Steenbreekvaren";"Asplenium trichomanes";"Ja";"F2";"";"IJhaven";"Veemkade";"";"10";"7";"0 exemplaren";"14";"12";"POINT(4.936269,52.3746611)";"POINT(52.3746611,4.936269)";4.936269;52.3746611;
1327;"BE_290";"Steenbreekvaren";"Asplenium trichomanes";"Ja";"F2";"";"IJhaven";"Veemkade";"";"1";"2";"1";"14";"9";"POINT(4.9363868,52.3746344)";"POINT(52.3746344,4.9363868)";4.9363868;52.3746344;
1328;"NB_990";"Muurfijnstraal";"Erigeron karvinskianus";"Ja";"";"";"Het IJ";"Sumatrakade";"";"7";"13";"7";"1";"5";"POINT(4.9364269,52.3778617)";"POINT(52.3778617,4.9364269)";4.9364269;52.3778617;
1329;"NB_990";"Muurfijnstraal";"Erigeron karvinskianus";"Ja";"";"";"Het IJ";"Sumatrakade";"";"20";"27";"7";"1";"3";"POINT(4.9365008,52.377854)";"POINT(52.377854,4.9365008)";4.9365008;52.377854;
1330;"BE_290";"Steenbreekvaren";"Asplenium trichomanes";"Ja";"F2";"";"Het IJ";"Sumatrakade";"";"";"";"";"";"2";"POINT(4.9365299,52.3778464)";"POINT(52.3778464,4.9365299)";4.9365299;52.3778464;
1331;"NB_990";"Muurfijnstraal";"Erigeron karvinskianus";"Ja";"";"";"Het IJ";"Sumatrakade";"";"5";"7";"11";"1";"3";"POINT(4.9366329,52.3778197)";"POINT(52.3778197,4.9366329)";4.9366329;52.3778197;
1332;"BE_290";"Steenbreekvaren";"Asplenium trichomanes";"Ja";"F2";"";"IJhaven";"Veemkade";"";"33";"24";"43";"130";"101";"POINT(4.936681,52.3745848)";"POINT(52.3745848,4.936681)";4.936681;52.3745848;
1333;"BE_290";"Steenbreekvaren";"Asplenium trichomanes";"Ja";"F2";"";"IJhaven";"Veemkade";"";"18";"7";"16";"27";"41";"POINT(4.9368279,52.3745658)";"POINT(52.3745658,4.9368279)";4.9368279;52.3745658;
1334;"NB_990";"Muurfijnstraal";"Erigeron karvinskianus";"Ja";"";"";"Het IJ";"Sumatrakade";"";"4";"6";"6";"5";"5";"POINT(4.936928,52.3777739)";"POINT(52.3777739,4.936928)";4.936928;52.3777739;
1335;"BE_290";"Steenbreekvaren";"Asplenium trichomanes";"Ja";"F2";"";"IJhaven";"Veemkade";"";"1";"";"2";"5";"5";"POINT(4.93696,52.3745391)";"POINT(52.3745391,4.93696)";4.93696;52.3745391;
1336;"BE_290";"Steenbreekvaren";"Asplenium trichomanes";"Ja";"F2";"";"IJhaven";"Veemkade";"";"0 exemplaren";"1";"0 exemplaren";"2";"3";"POINT(4.9371521,52.3745123)";"POINT(52.3745123,4.9371521)";4.9371521;52.3745123;
1337;"NB_600";"Spoorbloem";"Centranthus ruber";"Ja";"";"";"Het IJ";"Surinamekade";"";"";"10";"10";"20";"23";"POINT(4.9371631,52.3777472)";"POINT(52.3777472,4.9371631)";4.9371631;52.3777472;
1338;"BE_290";"Steenbreekvaren";"Asplenium trichomanes";"Ja";"F2";"";"Het IJ";"Surinamekade";"";"";"";"";"";"2";"POINT(4.937207,52.3777472)";"POINT(52.3777472,4.937207)";4.937207;52.3777472;
1339;"BE_290";"Steenbreekvaren";"Asplenium trichomanes";"Ja";"F2";"";"IJhaven";"Veemkade";"";"3";"3";"1";"7";"10";"POINT(4.9372551,52.3744856)";"POINT(52.3744856,4.9372551)";4.9372551;52.3744856;
1340;"NB_600";"Spoorbloem";"Centranthus ruber";"Ja";"";"";"Het IJ";"Surinamekade";"";"";"";"";"";"1";"POINT(4.9373691,52.3777396)";"POINT(52.3777396,4.9373691)";4.9373691;52.3777396;
1341;"BE_284";"Zwartsteel";"Asplenium adiantum-nigrum";"Ja";"F2";"";"Lijnbaansgracht";"Lijnbaansgracht";"";"";"";"1";"";"0 exemplaren";"POINT(4.8790409,52.3773162)";"POINT(52.3773162,4.8790409)";4.8790409;52.3773162;
1342;"BE_284";"Zwartsteel";"Asplenium adiantum-nigrum";"Ja";"F2";"";"Lijnbaansgracht";"Marnixplein";"128";"3";"";"2";"";"0 exemplaren";"POINT(4.8791969,52.3777739)";"POINT(52.3777739,4.8791969)";4.8791969;52.3777739;
1343;"BE_288";"Tongvaren";"Asplenium scolopendrium";"Ja";"F2";"";"Lijnbaansgracht";"Brug Passeerderstraat";"99";"";"";"";"";"1";"POINT(4.8794081,52.3670813)";"POINT(52.3670813,4.8794081)";4.8794081;52.3670813;
1344;"BE_288";"Tongvaren";"Asplenium scolopendrium";"Ja";"F2";"";"Kosterlorenvaart";"Wittenkade";"";"11";"";"8";"";"68";"POINT(4.879473,52.3845183)";"POINT(52.3845183,4.879473)";4.879473;52.3845183;
1345;"BE_288";"Tongvaren";"Asplenium scolopendrium";"Ja";"F2";"";"Lauriergracht";"Lauriergracht";"";"";"";"1";"";"2";"POINT(4.880491,52.371247)";"POINT(52.371247,4.880491)";4.880491;52.371247;
1346;"NB_990";"Muurfijnstraal";"Erigeron karvinskianus";"Ja";"";"";"Egelantiersgracht";"Egelantiersgracht";"";"2";"";"1";"";"2";"POINT(4.8819048,52.3760077)";"POINT(52.3760077,4.8819048)";4.8819048;52.3760077;
1347;"BE_288";"Tongvaren";"Asplenium scolopendrium";"Ja";"F2";"";"Looiersgracht";"Looiersgracht";"";"";"";"";"";"1";"POINT(4.8821061,52.3686568)";"POINT(52.3686568,4.8821061)";4.8821061;52.3686568;
1348;"NB_990";"Muurfijnstraal";"Erigeron karvinskianus";"Ja";"";"";"Lijnbaansgracht";"Lijnbaansgracht";"";"1";"";"0 exemplaren";"";"0 exemplaren";"POINT(4.8820569,52.3820464)";"POINT(52.3820464,4.8820569)";4.8820569;52.3820464;
1349;"BE_288";"Tongvaren";"Asplenium scolopendrium";"Ja";"F2";"";"Lijnbaansgracht";"Lijnbaansgracht";"";"5";"";"";"";"0 exemplaren";"POINT(4.882158,52.382199)";"POINT(52.382199,4.882158)";4.882158;52.382199;
1350;"BE_288";"Tongvaren";"Asplenium scolopendrium";"Ja";"F2";"";"Singelgracht";"Willemsbrug";"151";"4";"";"1";"3";"2";"POINT(4.882231,52.3847701)";"POINT(52.3847701,4.882231)";4.882231;52.3847701;
1351;"BE_290";"Steenbreekvaren";"Asplenium trichomanes";"Ja";"F2";"";"Sloterplas";"Sloterparkbadlaan";"";"27";"";"35";"";"47";"POINT(4.8248308,52.3718764)";"POINT(52.3718764,4.8248308)";4.8248308;52.3718764;
1352;"BE_288";"Tongvaren";"Asplenium scolopendrium";"Ja";"F2";"";"Sloterplas";"Noordzijde";"";"1";"";"";"";"0 exemplaren";"POINT(4.8264458,52.3719031)";"POINT(52.3719031,4.8264458)";4.8264458;52.3719031;
1353;"BE_290";"Steenbreekvaren";"Asplenium trichomanes";"Ja";"F2";"";"Burg. Cramergracht";"`Cramersluis`";"";"1";"1";"";"1";"1";"POINT(4.8342712,52.3755766)";"POINT(52.3755766,4.8342712)";4.8342712;52.3755766;
1354;"NB_1074";"Vijgenboom";"Ficus carica";"Ja";"";"";"Erasmusgracht";"Erasmusgracht";"";"1";"1";"1";"";"1";"POINT(4.8443959,52.3750426)";"POINT(52.3750426,4.8443959)";4.8443959;52.3750426;
1355;"BE_288";"Tongvaren";"Asplenium scolopendrium";"Ja";"F2";"";"Erasmusgracht";"Erasmusgracht";"";"";"1";"1";"";"2";"POINT(4.8449829,52.375035)";"POINT(52.375035,4.8449829)";4.8449829;52.375035;
1356;"BE_288";"Tongvaren";"Asplenium scolopendrium";"Ja";"F2";"";"Erasmusgracht";"Erasmusgracht";"";"17";"22";"27";"";"30";"POINT(4.8451888,52.375035)";"POINT(52.375035,4.8451888)";4.8451888;52.375035;
1357;"BE_290";"Steenbreekvaren";"Asplenium trichomanes";"Ja";"F2";"";"Postjeswetering";"Postjeskade";"";"";"";"";"";"1";"POINT(4.8525078,52.3635832)";"POINT(52.3635832,4.8525078)";4.8525078;52.3635832;
1358;"BE_288";"Tongvaren";"Asplenium scolopendrium";"Ja";"F2";"";"Schinkel";"Brug Th.deBockstraat";"360";"";"";"";"";"1";"POINT(4.85376,52.3546645)";"POINT(52.3546645,4.85376)";4.85376;52.3546645;
1359;"NB_990";"Muurfijnstraal";"Erigeron karvinskianus";"Ja";"";"";"Schinkel";"Sloterkade";"";"";"";"2";"";"0 exemplaren";"POINT(4.85414,52.3572165)";"POINT(52.3572165,4.85414)";4.85414;52.3572165;
1360;"BE_288";"Tongvaren";"Asplenium scolopendrium";"Ja";"F2";"";"Kostverlorenvaart";"3e Kostverlorenkade";"";"";"";"";"";"1";"POINT(4.8555071,52.3583113)";"POINT(52.3583113,4.8555071)";4.8555071;52.3583113;
1361;"BE_288";"Tongvaren";"Asplenium scolopendrium";"Ja";"F2";"";"Admiralengracht";"Brug Evertsenstraat";"359";"122";"114";"60";"62";"104";"POINT(4.8563659,52.3712317)";"POINT(52.3712317,4.8563659)";4.8563659;52.3712317;
1362;"BE_288";"Tongvaren";"Asplenium scolopendrium";"Ja";"F2";"";"Admiralengracht";"Brug Postjesweg";"358";"";"";"1";"";"0 exemplaren";"POINT(4.858001,52.3645674)";"POINT(52.3645674,4.858001)";4.858001;52.3645674;
1363;"BE_288";"Tongvaren";"Asplenium scolopendrium";"Ja";"F2";"";"Admiralengracht";"Brug Postjesweg";"358";"";"";"";"";"1";"POINT(4.8582952,52.3645979)";"POINT(52.3645979,4.8582952)";4.8582952;52.3645979;
1364;"BE_288";"Tongvaren";"Asplenium scolopendrium";"Ja";"F2";"";"Jacob van Lennepkanaal";"Jacob van Lennepkade";"";"";"";"";"";"2";"POINT(4.8586519,52.361695)";"POINT(52.361695,4.8586519)";4.8586519;52.361695;
1365;"BE_288";"Tongvaren";"Asplenium scolopendrium";"Ja";"F2";"";"Jacob van Lennepkanaal";"Jacob van Lennepkade";"";"3";"";"5";"";"2";"POINT(4.8588722,52.3617522)";"POINT(52.3617522,4.8588722)";4.8588722;52.3617522;
1366;"BE_290";"Steenbreekvaren";"Asplenium trichomanes";"Ja";"F2";"";"Westelijk Marktkanaal";"Den Brielstraat";"";"6";"";"9";"";"29";"POINT(4.8596141,52.3833586)";"POINT(52.3833586,4.8596141)";4.8596141;52.3833586;
1367;"NB_1074";"Vijgenboom";"Ficus carica";"Ja";"";"";"De Rijpgracht";"De Rijpgracht";"";"";"";"1";"";"0 exemplaren";"POINT(4.8599789,52.3773314)";"POINT(52.3773314,4.8599789)";4.8599789;52.3773314;
1368;"BE_290";"Steenbreekvaren";"Asplenium trichomanes";"Ja";"F2";"";"Kosterlorenvaart";"2e Kostverlorenkade";"";"23";"";"34";"";"24";"POINT(4.8656251,52.3704726)";"POINT(52.3704726,4.8656251)";4.8656251;52.3704726;
1369;"BE_288";"Tongvaren";"Asplenium scolopendrium";"Ja";"F2";"";"Jacob van Lennepkanaal";"Brug Nic. Beetsstraat";"179";"1";"";"";"";"0 exemplaren";"POINT(4.866894,52.3636939)";"POINT(52.3636939,4.866894)";4.866894;52.3636939;
1370;"BE_288";"Tongvaren";"Asplenium scolopendrium";"Ja";"F2";"";"Bilderdijkgracht";"Bilderdijkkade";"";"0 exemplaren";"";"1";"";"1";"POINT(4.8683622,52.3700263)";"POINT(52.3700263,4.8683622)";4.8683622;52.3700263;
1371;"NB_2023";"Zachte naaldvaren";"Polystichum setiferum";"Ja";"";"GE";"Oostelijke Gashouder";"Gosschalklaan";"";"0 exemplaren";"1";"1";"";"0 exemplaren";"POINT(4.8689291,52.3830878)";"POINT(52.3830878,4.8689291)";4.8689291;52.3830878;
1372;"BE_288";"Tongvaren";"Asplenium scolopendrium";"Ja";"F2";"";"Bilderdijkgracht";"Bilderdijkkade";"";"1";"";"2";"";"0 exemplaren";"POINT(4.870198,52.3673903)";"POINT(52.3673903,4.870198)";4.870198;52.3673903;
1373;"BE_288";"Tongvaren";"Asplenium scolopendrium";"Ja";"F2";"";"Bilderdijkgracht";"Bilderdijkkade";"";"1";"";"1";"";"0 exemplaren";"POINT(4.8710048,52.3662078)";"POINT(52.3662078,4.8710048)";4.8710048;52.3662078;
1374;"BE_290";"Steenbreekvaren";"Asplenium trichomanes";"Ja";"F2";"";"Bilderdijkgracht";"Bilderdijkkade";"";"";"";"1";"";"0 exemplaren";"POINT(4.8719232,52.3655745)";"POINT(52.3655745,4.8719232)";4.8719232;52.3655745;
1375;"BE_288";"Tongvaren";"Asplenium scolopendrium";"Ja";"F2";"";"Noordzeekanaal";"Fosfaatweg";"";"1";"";"";"0 exemplaren";"";"POINT(4.8715222,52.4076888)";"POINT(52.4076888,4.8715222)";4.8715222;52.4076888;
1376;"BE_290";"Steenbreekvaren";"Asplenium trichomanes";"Ja";"F2";"";"Da Costagracht";"Brug Potgieterstraat";"138";"4";"";"18";"";"39";"POINT(4.8722622,52.3691908)";"POINT(52.3691908,4.8722622)";4.8722622;52.3691908;
1377;"NB_990";"Muurfijnstraal";"Erigeron karvinskianus";"Ja";"";"";"Entropothaven";"Borneokade";"";"1";"1";"2";"3";"25";"POINT(4.94016,52.3703734)";"POINT(52.3703734,4.94016)";4.94016;52.3703734;
1378;"NB_600";"Spoorbloem";"Centranthus ruber";"Ja";"";"";"Ertshaven";"Levantkade";"";"3";"5";"0 exemplaren";"3";"3";"POINT(4.940233,52.3762213)";"POINT(52.3762213,4.940233)";4.940233;52.3762213;
1379;"NB_600";"Spoorbloem";"Centranthus ruber";"Ja";"";"";"Nieuwe Vaart";"HAJ Baanderskade";"";"";"";"";"51";"0 exemplaren";"POINT(4.9405711,52.367417)";"POINT(52.367417,4.9405711)";4.9405711;52.367417;
1380;"BE_290";"Steenbreekvaren";"Asplenium trichomanes";"Ja";"F2";"";"Entrepothaven";"Zeeburgerkade-West";"";"2";"10";"2";"";"5";"POINT(4.9406402,52.3693472)";"POINT(52.3693472,4.9406402)";4.9406402;52.3693472;
1381;"BE_290";"Steenbreekvaren";"Asplenium trichomanes";"Ja";"F2";"";"Lozingskanaal";"Zeeburgerpad";"";"15";"";"13";"28";"12";"POINT(4.9411352,52.3668524)";"POINT(52.3668524,4.9411352)";4.9411352;52.3668524;
1382;"NB_600";"Spoorbloem";"Centranthus ruber";"Ja";"";"";"Ertshaven";"Levantkade";"";"";"1";"3";"1";"1";"POINT(4.9412458,52.3762557)";"POINT(52.3762557,4.9412458)";4.9412458;52.3762557;
1383;"BE_290";"Steenbreekvaren";"Asplenium trichomanes";"Ja";"F2";"";"Entropothaven";"Borneokade";"";"18";"25";"16";"18";"35";"POINT(4.9415972,52.3705374)";"POINT(52.3705374,4.9415972)";4.9415972;52.3705374;
1384;"BE_290";"Steenbreekvaren";"Asplenium trichomanes";"Ja";"F2";"";"Het IJ";"Surinamekade";"";"43";"50";"33";"53";"34";"POINT(4.9417021,52.3776404)";"POINT(52.3776404,4.9417021)";4.9417021;52.3776404;
1385;"NB_990";"Muurfijnstraal";"Erigeron karvinskianus";"Ja";"";"";"Het IJ";"Surinamekade";"";"";"";"";"1";"2";"POINT(4.941951,52.377648)";"POINT(52.377648,4.941951)";4.941951;52.377648;
1386;"BE_290";"Steenbreekvaren";"Asplenium trichomanes";"Ja";"F2";"";"Entropothaven";"Borneokade";"";"1";"";"";"2";"0 exemplaren";"POINT(4.9423158,52.3706137)";"POINT(52.3706137,4.9423158)";4.9423158;52.3706137;
1387;"BE_288";"Tongvaren";"Asplenium scolopendrium";"Ja";"F2";"";"Entrepothaven";"Zeeburgerkade-West";"";"2";"2";"2";"4";"1";"POINT(4.9426219,52.3693472)";"POINT(52.3693472,4.9426219)";4.9426219;52.3693472;
1388;"BE_290";"Steenbreekvaren";"Asplenium trichomanes";"Ja";"F2";"";"Nieuwe Vaart";"Brug Kattenburgerplein";"274";"5";"";"9";"15";"15";"POINT(4.914767,52.3708235)";"POINT(52.3708235,4.914767)";4.914767;52.3708235;
1389;"BE_284";"Zwartsteel";"Asplenium adiantum-nigrum";"Ja";"F2";"";"Oosterdok";"Kattenburgerplein";"";"3";"";"0 exemplaren";"";"1";"POINT(4.9156258,52.3715712)";"POINT(52.3715712,4.9156258)";4.9156258;52.3715712;
1390;"BE_288";"Tongvaren";"Asplenium scolopendrium";"Ja";"F2";"";"Nieuwe Vaart";"Nieuwe Vaart";"";"8";"";"";"";"3";"POINT(4.917012,52.3696334)";"POINT(52.3696334,4.917012)";4.917012;52.3696334;
1391;"BE_288";"Tongvaren";"Asplenium scolopendrium";"Ja";"F2";"";"Kattenburgervaart";"Bijltjespad";"";"7";"";"2";"";"";"POINT(4.9178512,52.3707701)";"POINT(52.3707701,4.9178512)";4.9178512;52.3707701;
1392;"NB_990";"Muurfijnstraal";"Erigeron karvinskianus";"Ja";"";"";"Entrepotdok";"Entrepotdok";"";"25";"1";"";"15";"100";"POINT(4.9183271,52.3674399)";"POINT(52.3674399,4.9183271)";4.9183271;52.3674399;
1393;"BE_2100";"Gele helmbloem";"Pseudofumaria lutea";"Ja";"F2";"";"Nieuwe Vaart";"Overhaalsgang";"";"";"";"";"";"1";"POINT(4.9189742,52.3687789)";"POINT(52.3687789,4.9189742)";4.9189742;52.3687789;
1394;"BE_290";"Steenbreekvaren";"Asplenium trichomanes";"Ja";"F2";"";"Motorkanaal";"Motorkade";"";"10";"";"10";"";"8";"POINT(4.9191482,52.3842589)";"POINT(52.3842589,4.9191482)";4.9191482;52.3842589;
1395;"BE_290";"Steenbreekvaren";"Asplenium trichomanes";"Ja";"F2";"";"IJhaven";"Veemkade";"";"";"";"1";"1";"1";"POINT(4.9193361,52.3775984)";"POINT(52.3775984,4.9193361)";4.9193361;52.3775984;
1396;"BE_290";"Steenbreekvaren";"Asplenium trichomanes";"Ja";"F2";"";"Motorkanaal";"t/o Motorwal";"";"1";"";"1";"";"3";"POINT(4.919503,52.3826148)";"POINT(52.3826148,4.919503)";4.919503;52.3826148;
1397;"NB_2638";"Moerasvaren";"Thelypteris palustris";"Ja";"";"";"Kattenburgervaart";"Wittenburgerkade";"270";"";"";"";"";"1";"POINT(4.9197361,52.3716857)";"POINT(52.3716857,4.9197361)";4.9197361;52.3716857;
1398;"BE_288";"Tongvaren";"Asplenium scolopendrium";"Ja";"F2";"";"IJhaven";"Veemkade";"";"43";"65";"12";"4";"4";"POINT(4.9199679,52.3774916)";"POINT(52.3774916,4.9199679)";4.9199679;52.3774916;
1399;"BE_284";"Zwartsteel";"Asplenium adiantum-nigrum";"Ja";"F2";"";"Entrepothaven";"Zeeburgerkade-West";"";"0 exemplaren";"1";"1";"0 exemplaren";"2";"POINT(4.944237,52.3693701)";"POINT(52.3693701,4.944237)";4.944237;52.3693701;
1400;"BE_290";"Steenbreekvaren";"Asplenium trichomanes";"Ja";"F2";"";"Ertshaven";"Ertskade";"";"";"1";"";"0 exemplaren";"0 exemplaren";"POINT(4.9444191,52.374684)";"POINT(52.374684,4.9444191)";4.9444191;52.374684;
1401;"NB_600";"Spoorbloem";"Centranthus ruber";"Ja";"";"";"Ertshaven";"Levantkade";"";"1";"1";"0 exemplaren";"5";"4";"POINT(4.9445341,52.3763663)";"POINT(52.3763663,4.9445341)";4.9445341;52.3763663;
1402;"NB_600";"Spoorbloem";"Centranthus ruber";"Ja";"";"";"Ertshaven";"Levantkade";"";"1";"1";"0 exemplaren";"3";"2";"POINT(4.9446661,52.3763663)";"POINT(52.3763663,4.9446661)";4.9446661;52.3763663;
1403;"BE_288";"Tongvaren";"Asplenium scolopendrium";"Ja";"F2";"";"Het IJ";"Surinamekade";"";"0 exemplaren";"";"";"1";"0 exemplaren";"POINT(4.9449022,52.377751)";"POINT(52.377751,4.9449022)";4.9449022;52.377751;
1404;"BE_290";"Steenbreekvaren";"Asplenium trichomanes";"Ja";"F2";"";"Het IJ";"Surinamekade";"";"";"";"";"1";"3";"POINT(4.9450638,52.377751)";"POINT(52.377751,4.9450638)";4.9450638;52.377751;
1405;"BE_290";"Steenbreekvaren";"Asplenium trichomanes";"Ja";"F2";"";"Het IJ";"Surinamekade";"";"1";"5";"1";"15";"10";"POINT(4.945225,52.3777625)";"POINT(52.3777625,4.945225)";4.945225;52.3777625;
1406;"BE_290";"Steenbreekvaren";"Asplenium trichomanes";"Ja";"F2";"";"Het IJ";"Surinamekade";"";"";"2";"1";"2";"7";"POINT(4.9453428,52.3777701)";"POINT(52.3777701,4.9453428)";4.9453428;52.3777701;
1407;"NB_600";"Spoorbloem";"Centranthus ruber";"Ja";"";"";"Ertshaven";"Levantkade";"";"19";"19";"";"9";"6";"POINT(4.9454882,52.3763968)";"POINT(52.3763968,4.9454882)";4.9454882;52.3763968;
1408;"NB_2638";"Moerasvaren";"Thelypteris palustris";"Ja";"";"";"Nieuwe Vaart";"Brug Th.K van Lohuizenlaan";"1915";"";"";"";"";"1";"POINT(4.9457829,52.3674704)";"POINT(52.3674704,4.9457829)";4.9457829;52.3674704;
1409;"BE_290";"Steenbreekvaren";"Asplenium trichomanes";"Ja";"F2";"";"Het IJ";"Surinamekade";"";"";"";"";"2";"0 exemplaren";"POINT(4.9459302,52.3777815)";"POINT(52.3777815,4.9459302)";4.9459302;52.3777815;
1410;"NB_2638";"Moerasvaren";"Thelypteris palustris";"Ja";"";"";"Het IJ";"Surinamekade";"";"";"";"";"";"1";"POINT(4.9482348,52.3778617)";"POINT(52.3778617,4.9482348)";4.9482348;52.3778617;
1411;"BE_826";"Blaasvaren";"Cystopteris fragilis";"Ja";"F2";"BE";"Entrepothaven";"Zeeburgerkade-Oost";"";"0 exemplaren";"1";"1";"";"";"POINT(4.9485528,52.3694045)";"POINT(52.3694045,4.9485528)";4.9485528;52.3694045;
1412;"NB_600";"Spoorbloem";"Centranthus ruber";"Ja";"";"";"Entropothaven";"Borneokade";"";"";"1";"3";"4";"3";"POINT(4.9486959,52.3713118)";"POINT(52.3713118,4.9486959)";4.9486959;52.3713118;
1413;"NB_600";"Spoorbloem";"Centranthus ruber";"Ja";"";"";"Entropothaven";"Borneokade";"";"13";"28";"30";"20";"35";"POINT(4.9492528,52.3713843)";"POINT(52.3713843,4.9492528)";4.9492528;52.3713843;
1414;"NB_2421";"Tripmadam";"Sedum reflexum";"Ja";"";"BE";"Entropothaven";"Borneokade";"";"2";"1";"1";"";"3";"POINT(4.949547,52.3714148)";"POINT(52.3714148,4.949547)";4.949547;52.3714148;
1415;"BE_288";"Tongvaren";"Asplenium scolopendrium";"Ja";"F2";"";"Spoorwegbassin";"Stuurmankade";"";"";"";"";"";"1";"POINT(4.9505608,52.3727576)";"POINT(52.3727576,4.9505608)";4.9505608;52.3727576;
1416;"BE_290";"Steenbreekvaren";"Asplenium trichomanes";"Ja";"F2";"";"Entropothaven";"Borneokade";"";"";"";"";"";"5";"POINT(4.9507792,52.3715445)";"POINT(52.3715445,4.9507792)";4.9507792;52.3715445;
1417;"BE_288";"Tongvaren";"Asplenium scolopendrium";"Ja";"F2";"";"Entrepothaven";"Zeeburgerkade-Oost";"";"";"9";"5";"";"";"POINT(4.9512989,52.3694235)";"POINT(52.3694235,4.9512989)";4.9512989;52.3694235;
1418;"BE_290";"Steenbreekvaren";"Asplenium trichomanes";"Ja";"F2";"";"Entropothaven";"Borneokade";"";"5";"5";"5";"14";"24";"POINT(4.9513218,52.3716094)";"POINT(52.3716094,4.9513218)";4.9513218;52.3716094;
1419;"BE_290";"Steenbreekvaren";"Asplenium trichomanes";"Ja";"F2";"";"Entropothaven";"Borneokade";"";"3";"3";"4";"6";"4";"POINT(4.9516151,52.3716475)";"POINT(52.3716475,4.9516151)";4.9516151;52.3716475;
1420;"BE_288";"Tongvaren";"Asplenium scolopendrium";"Ja";"F2";"";"Entrepothaven";"Zeeburgerkade-Oost";"";"";"3";"2";"";"";"POINT(4.9530022,52.3694388)";"POINT(52.3694388,4.9530022)";4.9530022;52.3694388;
1421;"BE_290";"Steenbreekvaren";"Asplenium trichomanes";"Ja";"F2";"";"IJhaven";"Javakade";"";"1";"1";"1";"1";"4";"POINT(4.9311588,52.3775298)";"POINT(52.3775298,4.9311588)";4.9311588;52.3775298;
1422;"BE_290";"Steenbreekvaren";"Asplenium trichomanes";"Ja";"F2";"";"Het IJ";"Sumatrakade";"";"";"4";"1";"4";"5";"POINT(4.9318669,52.3786551)";"POINT(52.3786551,4.9318669)";4.9318669;52.3786551;
1423;"NB_990";"Muurfijnstraal";"Erigeron karvinskianus";"Ja";"";"";"IJhaven";"Javakade";"";"7";"8";"2";"1";"3";"POINT(4.9321301,52.3773619)";"POINT(52.3773619,4.9321301)";4.9321301;52.3773619;
1424;"BE_290";"Steenbreekvaren";"Asplenium trichomanes";"Ja";"F2";"";"IJhaven";"Veemkade";"";"0 exemplaren";"";"0 exemplaren";"1";"2";"POINT(4.932503,52.3753134)";"POINT(52.3753134,4.932503)";4.932503;52.3753134;
1425;"BE_290";"Steenbreekvaren";"Asplenium trichomanes";"Ja";"F2";"";"Het IJ";"Sumatrakade";"";"";"";"1";"1";"1";"POINT(4.9329698,52.3784682)";"POINT(52.3784682,4.9329698)";4.9329698;52.3784682;
1426;"BE_288";"Tongvaren";"Asplenium scolopendrium";"Ja";"F2";"";"Molenwetering";"Brug Middenweg";"217";"0 exemplaren";"";"";"";"";"POINT(4.9349811,52.3512007)";"POINT(52.3512007,4.9349811)";4.9349811;52.3512007;
1427;"BE_290";"Steenbreekvaren";"Asplenium trichomanes";"Ja";"F2";"";"Het IJ";"Sumatrakade";"";"";"1";"1";"";"1";"POINT(4.9351771,52.3780715)";"POINT(52.3780715,4.9351771)";4.9351771;52.3780715;
1428;"BE_290";"Steenbreekvaren";"Asplenium trichomanes";"Ja";"F2";"";"IJhaven";"Veemkade";"";"1";"2";"6";"8";"5";"POINT(4.9357102,52.3747489)";"POINT(52.3747489,4.9357102)";4.9357102;52.3747489;
1429;"BE_290";"Steenbreekvaren";"Asplenium trichomanes";"Ja";"F2";"";"IJhaven";"Veemkade";"";"0 exemplaren";"";"0 exemplaren";"";"0 exemplaren";"POINT(4.936137,52.3746802)";"POINT(52.3746802,4.936137)";4.936137;52.3746802;
1430;"BE_290";"Steenbreekvaren";"Asplenium trichomanes";"Ja";"F2";"";"IJhaven";"Veemkade";"";"27";"42";"40";"83";"95";"POINT(4.9365342,52.3746192)";"POINT(52.3746192,4.9365342)";4.9365342;52.3746192;
1431;"NB_990";"Muurfijnstraal";"Erigeron karvinskianus";"Ja";"";"";"Het IJ";"Sumatrakade";"";"";"1";"2";"";"1";"POINT(4.936722,52.3778082)";"POINT(52.3778082,4.936722)";4.936722;52.3778082;
1432;"NB_990";"Muurfijnstraal";"Erigeron karvinskianus";"Ja";"";"";"Het IJ";"Surinamekade";"";"0 exemplaren";"10";"14";"10";"0 exemplaren";"POINT(4.9370449,52.3777587)";"POINT(52.3777587,4.9370449)";4.9370449;52.3777587;
1433;"BE_290";"Steenbreekvaren";"Asplenium trichomanes";"Ja";"F2";"";"IJhaven";"Veemkade";"";"10";"11";"9";"18";"18";"POINT(4.9373872,52.3744589)";"POINT(52.3744589,4.9373872)";4.9373872;52.3744589;
1434;"BE_288";"Tongvaren";"Asplenium scolopendrium";"Ja";"F2";"";"Herengracht";"Herengracht";"";"3";"";"2";"";"1";"POINT(4.8884208,52.3750655)";"POINT(52.3750655,4.8884208)";4.8884208;52.3750655;
1435;"BE_625";"Schubvaren";"Ceterach officinarum";"Ja";"F2";"GE";"Westerdok";"Westerdok";"";"";"";"";"";"1";"POINT(4.8915989,52.3863722)";"POINT(52.3863722,4.8915989)";4.8915989;52.3863722;
1436;"BE_2100";"Gele helmbloem";"Pseudofumaria lutea";"Ja";"F2";"";"Reguliersgracht";"Reguliersgracht = brug Keizersgracht";"39";"3";"";"2";"";"0 exemplaren";"POINT(4.8960659,52.3636366)";"POINT(52.3636366,4.8960659)";4.8960659;52.3636366;
1437;"BE_288";"Tongvaren";"Asplenium scolopendrium";"Ja";"F2";"";"Amstel";"Weesperzijde";"";"";"";"";"1";"";"POINT(4.9118149,52.3503615)";"POINT(52.3503615,4.9118149)";4.9118149;52.3503615;
1438;"BE_2100";"Gele helmbloem";"Pseudofumaria lutea";"Ja";"F2";"";"Prinsengracht";"Prinsengracht";"";"1";"";"";"";"0 exemplaren";"POINT(4.88362,52.375035)";"POINT(52.375035,4.88362)";4.88362;52.375035;
1439;"BE_288";"Tongvaren";"Asplenium scolopendrium";"Ja";"F2";"";"Keizersgracht";"brug Leidsestraat";"43";"";"";"1";"";"0 exemplaren";"POINT(4.8864548,52.3657996)";"POINT(52.3657996,4.8864548)";4.8864548;52.3657996;
1440;"BE_288";"Tongvaren";"Asplenium scolopendrium";"Ja";"F2";"";"Da Costagracht";"Da Costakade";"";"5";"";"3";"";"25";"POINT(4.873235,52.3726889)";"POINT(52.3726889,4.873235)";4.873235;52.3726889;
1441;"BE_290";"Steenbreekvaren";"Asplenium trichomanes";"Ja";"F2";"";"Jacob van Lennepkanaal";"Jacob van Lennepkade";"";"1";"";"";"";"3";"POINT(4.8741682,52.365647)";"POINT(52.365647,4.8741682)";4.8741682;52.365647;
1442;"BE_288";"Tongvaren";"Asplenium scolopendrium";"Ja";"F2";"";"Singelgracht";"Nassaukade";"";"";"";"1";"";"2";"POINT(4.8771331,52.377236)";"POINT(52.377236,4.8771331)";4.8771331;52.377236;
1443;"BE_1863";"Klein glaskruid";"Parietaria judaica";"Ja";"F2";"";"Egelantiersgracht";"Egelantiersgracht";"";"1";"";"";"";"0 exemplaren";"POINT(4.8780668,52.3751799)";"POINT(52.3751799,4.8780668)";4.8780668;52.3751799;
1444;"BE_288";"Tongvaren";"Asplenium scolopendrium";"Ja";"F2";"";"Oude Schans";"Oude Schans";"";"";"";"1";"";"1";"POINT(4.9033468,52.3705222)";"POINT(52.3705222,4.9033468)";4.9033468;52.3705222;
1445;"BE_290";"Steenbreekvaren";"Asplenium trichomanes";"Ja";"F2";"";"Nieuwe Achtergracht";"Nieuwe Achtergracht";"";"";"";"";"";"1";"POINT(4.9067838,52.3622061)";"POINT(52.3622061,4.9067838)";4.9067838;52.3622061;
1446;"BE_1863";"Klein glaskruid";"Parietaria judaica";"Ja";"F2";"";"Lijnbaansgracht";"Lijnbaansgracht";"";"";"";"1";"";"0 exemplaren";"POINT(4.8815372,52.3812453)";"POINT(52.3812453,4.8815372)";4.8815372;52.3812453;
1447;"BE_288";"Tongvaren";"Asplenium scolopendrium";"Ja";"F2";"";"Postjeswetering";"Postjeskade";"";"0 exemplaren";"";"1";"";"0 exemplaren";"POINT(4.853728,52.3634802)";"POINT(52.3634802,4.853728)";4.853728;52.3634802;
1448;"BE_2100";"Gele helmbloem";"Pseudofumaria lutea";"Ja";"F2";"";"Hugo de Grootgracht";"Hugo de Grootkade";"";"2";"";"";"";"8";"POINT(4.8705208,52.3725134)";"POINT(52.3725134,4.8705208)";4.8705208;52.3725134;
1449;"BE_290";"Steenbreekvaren";"Asplenium trichomanes";"Ja";"F2";"";"IJhaven";"Veemkade";"";"8";"7";"0 exemplaren";"16";"13";"POINT(4.938843,52.3742034)";"POINT(52.3742034,4.938843)";4.938843;52.3742034;
1450;"BE_288";"Tongvaren";"Asplenium scolopendrium";"Ja";"F2";"";"Entrepothaven";"Zeeburgerkade-West";"";"";"";"";"1";"1";"POINT(4.9427249,52.3693472)";"POINT(52.3693472,4.9427249)";4.9427249;52.3693472;
1451;"BE_288";"Tongvaren";"Asplenium scolopendrium";"Ja";"F2";"";"Amstel";"Korte Oudekerkerdijk";"";"";"2";"1";"";"";"POINT(4.9141171,52.3394782)";"POINT(52.3394782,4.9141171)";4.9141171;52.3394782;
1452;"BE_288";"Tongvaren";"Asplenium scolopendrium";"Ja";"F2";"";"Entrepothaven";"Zeeburgerkade-West";"";"2";"2";"2";"1";"0 exemplaren";"POINT(4.9428422,52.3693587)";"POINT(52.3693587,4.9428422)";4.9428422;52.3693587;
1453;"BE_288";"Tongvaren";"Asplenium scolopendrium";"Ja";"F2";"";"Ertshaven";"Ertskade";"";"1";"1";"";"1";"2";"POINT(4.9454162,52.3748023)";"POINT(52.3748023,4.9454162)";4.9454162;52.3748023;
1454;"BE_288";"Tongvaren";"Asplenium scolopendrium";"Ja";"F2";"";"Entrepothaven";"Zeeburgerkade-Oost";"";"1";"";"1";"";"";"POINT(4.9479811,52.3694045)";"POINT(52.3694045,4.9479811)";4.9479811;52.3694045;
1455;"BE_290";"Steenbreekvaren";"Asplenium trichomanes";"Ja";"F2";"";"IJhaven";"Veemkade";"";"0 exemplaren";"";"0 exemplaren";"1";"2";"POINT(4.9326212,52.3752944)";"POINT(52.3752944,4.9326212)";4.9326212;52.3752944;
1456;"BE_288";"Tongvaren";"Asplenium scolopendrium";"Ja";"F2";"";"Singel";"Singel";"";"";"";"1";"";"1";"POINT(4.8885348,52.3714339)";"POINT(52.3714339,4.8885348)";4.8885348;52.3714339;
1457;"BE_2100";"Gele helmbloem";"Pseudofumaria lutea";"Ja";"F2";"";"Brouwersgracht";"Brouwersgracht";"";"8";"";"11";"";"13";"POINT(4.889159,52.3799559)";"POINT(52.3799559,4.889159)";4.889159;52.3799559;
1458;"BE_288";"Tongvaren";"Asplenium scolopendrium";"Ja";"F2";"";"Westerdok";"Hollandsetuin";"";"";"";"1";"";"1";"POINT(4.8902128,52.385533)";"POINT(52.385533,4.8902128)";4.8902128;52.385533;
1459;"BE_290";"Steenbreekvaren";"Asplenium trichomanes";"Ja";"F2";"";"Het IJ";"Westerdoksdijk";"";"";"";"";"";"4";"POINT(4.8918612,52.3892333)";"POINT(52.3892333,4.8918612)";4.8918612;52.3892333;
1460;"BE_290";"Steenbreekvaren";"Asplenium trichomanes";"Ja";"F2";"";"Het IJ";"Stenen Hoofd";"";"1797";"";"2185";"";"2291";"POINT(4.8924839,52.3887221)";"POINT(52.3887221,4.8924839)";4.8924839;52.3887221;
1461;"BE_288";"Tongvaren";"Asplenium scolopendrium";"Ja";"F2";"";"Singel";"Prins Hendrikkade";"";"3";"";"5";"";"8";"POINT(4.8949091,52.3792883)";"POINT(52.3792883,4.8949091)";4.8949091;52.3792883;
1462;"BE_288";"Tongvaren";"Asplenium scolopendrium";"Ja";"F2";"";"Amstelkanaal";"Jozef Israelskade";"";"";"";"1";"";"1";"POINT(4.8980849,52.3483397)";"POINT(52.3483397,4.8980849)";4.8980849;52.3483397;
1463;"BE_288";"Tongvaren";"Asplenium scolopendrium";"Ja";"F2";"";"Nieuwe Prinsengracht";"Nieuwe Prinsengracht";"";"0 exemplaren";"";"";"";"0 exemplaren";"POINT(4.9084561,52.3637244)";"POINT(52.3637244,4.9084561)";4.9084561;52.3637244;
1464;"BE_288";"Tongvaren";"Asplenium scolopendrium";"Ja";"F2";"";"Noord-Hollandsch kanaal";"Meeuwenlaan";"SLU";"";"";"19";"0 exemplaren";"0 exemplaren";"POINT(4.909363,52.3831297)";"POINT(52.3831297,4.909363)";4.909363;52.3831297;
1465;"BE_284";"Zwartsteel";"Asplenium adiantum-nigrum";"Ja";"F2";"";"Singelgracht";"Haarlemmerplein";"";"";"";"";"";"1";"POINT(4.8822472,52.384709)";"POINT(52.384709,4.8822472)";4.8822472;52.384709;
1466;"BE_284";"Zwartsteel";"Asplenium adiantum-nigrum";"Ja";"F2";"";"Westerkanaal";"Voormalige schutsluis Willem III";"SLU";"";"";"1";"";"1";"POINT(4.8831098,52.3862578)";"POINT(52.3862578,4.8831098)";4.8831098;52.3862578;
1467;"BE_290";"Steenbreekvaren";"Asplenium trichomanes";"Ja";"F2";"";"Keizersgracht";"Brug Berenstraat-Wolvenstraat";"48";"";"";"1";"";"0 exemplaren";"POINT(4.8845398,52.3703009)";"POINT(52.3703009,4.8845398)";4.8845398;52.3703009;
1468;"BE_288";"Tongvaren";"Asplenium scolopendrium";"Ja";"F2";"";"Keizersgracht";"Brug Raadhuisstraat";"106";"2";"";"";"";"6";"POINT(4.8852451,52.3741232)";"POINT(52.3741232,4.8852451)";4.8852451;52.3741232;
1469;"BE_288";"Tongvaren";"Asplenium scolopendrium";"Ja";"F2";"";"Zoutkeetsgracht";"Korte Zoutkeesgracht";"";"";"";"1";"";"1";"POINT(4.8854101,52.3880927)";"POINT(52.3880927,4.8854101)";4.8854101;52.3880927;
1470;"BE_625";"Schubvaren";"Ceterach officinarum";"Ja";"F2";"GE";"Oude Houthaven";"Van Diemenkade";"";"";"";"";"1";"1";"POINT(4.8875282,52.3905036)";"POINT(52.3905036,4.8875282)";4.8875282;52.3905036;
1471;"BE_826";"Blaasvaren";"Cystopteris fragilis";"Ja";"F2";"BE";"Lijnbaansgracht";"Brug Spiegelstraat";"97";"12";"21";"14";"";"18";"POINT(4.8868849,52.3615119)";"POINT(52.3615119,4.8868849)";4.8868849;52.3615119;
1472;"BE_826";"Blaasvaren";"Cystopteris fragilis";"Ja";"F2";"BE";"Lijnbaansgracht";"Lijnbaansgracht";"";"";"";"";"";"1";"POINT(4.8876798,52.3613288)";"POINT(52.3613288,4.8876798)";4.8876798;52.3613288;
1473;"BE_290";"Steenbreekvaren";"Asplenium trichomanes";"Ja";"F2";"";"Da Costagracht";"Da Costakade";"";"";"";"1";"";"2";"POINT(4.8724039,52.3696028)";"POINT(52.3696028,4.8724039)";4.8724039;52.3696028;
1474;"BE_290";"Steenbreekvaren";"Asplenium trichomanes";"Ja";"F2";"";"Da Costagracht";"Da Costakade";"";"1";"";"1";"";"1";"POINT(4.8727181,52.3691451)";"POINT(52.3691451,4.8727181)";4.8727181;52.3691451;
1475;"BE_288";"Tongvaren";"Asplenium scolopendrium";"Ja";"F2";"";"Da Costagracht";"Da Costakade";"";"2";"";"4";"";"7";"POINT(4.8733661,52.3728072)";"POINT(52.3728072,4.8733661)";4.8733661;52.3728072;
1476;"BE_288";"Tongvaren";"Asplenium scolopendrium";"Ja";"F2";"";"Da Costagracht";"Da Costakade";"";"8";"";"14";"";"6";"POINT(4.8737271,52.3670012)";"POINT(52.3670012,4.8737271)";4.8737271;52.3670012;
1477;"BE_290";"Steenbreekvaren";"Asplenium trichomanes";"Ja";"F2";"";"Jacob van Lennepkanaal";"Jacob van Lennepkade";"";"1";"";"1";"";"2";"POINT(4.8744171,52.3657271)";"POINT(52.3657271,4.8744171)";4.8744171;52.3657271;
1478;"BE_288";"Tongvaren";"Asplenium scolopendrium";"Ja";"F2";"";"Singelgracht";"(Verlengde) Groenmarktkade";"";"1";"";"";"";"1";"POINT(4.875478,52.3704535)";"POINT(52.3704535,4.875478)";4.875478;52.3704535;
1479;"BE_288";"Tongvaren";"Asplenium scolopendrium";"Ja";"F2";"";"Jacob van Lennepkanaal";"Jacob van Lennepkade";"";"1";"";"";"";"0 exemplaren";"POINT(4.8767869,52.3664137)";"POINT(52.3664137,4.8767869)";4.8767869;52.3664137;
1480;"BE_2100";"Gele helmbloem";"Pseudofumaria lutea";"Ja";"F2";"";"Singelgracht";"Marnixkade";"";"1";"";"1";"";"1";"POINT(4.8774011,52.3769118)";"POINT(52.3769118,4.8774011)";4.8774011;52.3769118;
1481;"BE_290";"Steenbreekvaren";"Asplenium trichomanes";"Ja";"F2";"";"Lijnbaansgracht";"Marnixstraat";"";"";"";"";"";"2";"POINT(4.87799,52.3690688)";"POINT(52.3690688,4.87799)";4.87799;52.3690688;
1482;"BE_288";"Tongvaren";"Asplenium scolopendrium";"Ja";"F2";"";"Lijnbaansgracht";"Westerkade";"";"";"";"1";"";"0 exemplaren";"POINT(4.8787062,52.3770796)";"POINT(52.3770796,4.8787062)";4.8787062;52.3770796;
1483;"BE_284";"Zwartsteel";"Asplenium adiantum-nigrum";"Ja";"F2";"";"IJhaven";"Javakade";"";"0 exemplaren";"1";"1";"";"1";"POINT(4.92751,52.3781706)";"POINT(52.3781706,4.92751)";4.92751;52.3781706;
1484;"BE_288";"Tongvaren";"Asplenium scolopendrium";"Ja";"F2";"";"Groenburgwal";"Groenburgwal";"";"";"";"";"";"1";"POINT(4.8985612,52.3690573)";"POINT(52.3690573,4.8985612)";4.8985612;52.3690573;
1485;"BE_288";"Tongvaren";"Asplenium scolopendrium";"Ja";"F2";"";"Kromboomsloot";"Kromboomsloot";"";"";"";"1";"";"0 exemplaren";"POINT(4.9014342,52.3708312)";"POINT(52.3708312,4.9014342)";4.9014342;52.3708312;
1486;"BE_290";"Steenbreekvaren";"Asplenium trichomanes";"Ja";"F2";"";"Amstel";"Amstelsluizen";"";"94";"";"167";"";"257";"POINT(4.9029362,52.3624159)";"POINT(52.3624159,4.9029362)";4.9029362;52.3624159;
1487;"BE_585";"Stijf hardgras";"Catapodium rigidum";"Ja";"F2";"GE";"Nieuwe Prinsengracht";"Nieuwe Prinsengracht bij Onbekende gracht";"";"";"";"";"";"0 exemplaren";"POINT(4.9044712,52.3629805)";"POINT(52.3629805,4.9044712)";4.9044712;52.3629805;
1488;"BE_288";"Tongvaren";"Asplenium scolopendrium";"Ja";"F2";"";"Amstelkanaal";"Amstelkade";"";"";"";"";"";"1";"POINT(4.9079201,52.3494383)";"POINT(52.3494383,4.9079201)";4.9079201;52.3494383;
1489;"BE_288";"Tongvaren";"Asplenium scolopendrium";"Ja";"F2";"";"Egelantiersgracht";"Egelantiersgracht";"";"";"";"";"";"1";"POINT(4.8801029,52.3756148)";"POINT(52.3756148,4.8801029)";4.8801029;52.3756148;
1490;"BE_288";"Tongvaren";"Asplenium scolopendrium";"Ja";"F2";"";"Lijnbaansgracht";"Leidsekade 111";"";"0 exemplaren";"";"1";"";"0 exemplaren";"POINT(4.8808238,52.3652083)";"POINT(52.3652083,4.8808238)";4.8808238;52.3652083;
1491;"BE_288";"Tongvaren";"Asplenium scolopendrium";"Ja";"F2";"";"Egelantiersgracht";"Egelantiersgracht";"";"";"";"";"";"1";"POINT(4.881304,52.375878)";"POINT(52.375878,4.881304)";4.881304;52.375878;
1492;"BE_288";"Tongvaren";"Asplenium scolopendrium";"Ja";"F2";"";"Singelgracht";"Korte Marnixkade";"";"1";"";"1";"";"5";"POINT(4.8821051,52.3842932)";"POINT(52.3842932,4.8821051)";4.8821051;52.3842932;
1493;"BE_288";"Tongvaren";"Asplenium scolopendrium";"Ja";"F2";"";"Erasmusgracht";"Erasmusgracht";"";"";"1";"1";"";"0 exemplaren";"POINT(4.8439701,52.3750731)";"POINT(52.3750731,4.8439701)";4.8439701;52.3750731;
1494;"BE_288";"Tongvaren";"Asplenium scolopendrium";"Ja";"F2";"";"Westlandgracht";"Brug Woestduinstraat";"695";"1";"";"";"";"0 exemplaren";"POINT(4.847645,52.3553549)";"POINT(52.3553549,4.847645)";4.847645;52.3553549;
1495;"BE_288";"Tongvaren";"Asplenium scolopendrium";"Ja";"F2";"";"Postjeswetering";"Postjeskade";"";"48";"";"62";"";"75";"POINT(4.8494661,52.3638312)";"POINT(52.3638312,4.8494661)";4.8494661;52.3638312;
1496;"BE_290";"Steenbreekvaren";"Asplenium trichomanes";"Ja";"F2";"";"Stadiongracht";"Karperweg";"";"2";"";"2";"";"0 exemplaren";"POINT(4.8559182,52.3473021)";"POINT(52.3473021,4.8559182)";4.8559182;52.3473021;
1497;"BE_288";"Tongvaren";"Asplenium scolopendrium";"Ja";"F2";"";"Kostverlorenvaart";"Baarsjesweg";"";"7";"";"1";"";"";"POINT(4.8590801,52.363999)";"POINT(52.363999,4.8590801)";4.8590801;52.363999;
1498;"BE_288";"Tongvaren";"Asplenium scolopendrium";"Ja";"F2";"";"Jacob van Lennepkanaal";"Jacob van Lennepkade";"";"1";"";"2";"";"0 exemplaren";"POINT(4.8611262,52.3623015)";"POINT(52.3623015,4.8611262)";4.8611262;52.3623015;
1499;"BE_288";"Tongvaren";"Asplenium scolopendrium";"Ja";"F2";"";"Jacob van Lennepkanaal";"Jacob van Lennepkade";"";"10";"";"22";"";"10";"POINT(4.8650911,52.3634879)";"POINT(52.3634879,4.8650911)";4.8650911;52.3634879;
1500;"BE_288";"Tongvaren";"Asplenium scolopendrium";"Ja";"F2";"";"Bilderdijkgracht";"Bilderdijkkade";"";"";"";"2";"";"0 exemplaren";"POINT(4.871146,52.366677)";"POINT(52.366677,4.871146)";4.871146;52.366677;
1501;"BE_290";"Steenbreekvaren";"Asplenium trichomanes";"Ja";"F2";"";"Entropothaven";"Borneokade";"";"12";"8";"19";"29";"28";"POINT(4.9389861,52.3702933)";"POINT(52.3702933,4.9389861)";4.9389861;52.3702933;
1502;"BE_290";"Steenbreekvaren";"Asplenium trichomanes";"Ja";"F2";"";"Entropothaven";"Borneokade";"";"6";"5";"4";"5";"7";"POINT(4.9402921,52.3703887)";"POINT(52.3703887,4.9402921)";4.9402921;52.3703887;
1503;"BE_288";"Tongvaren";"Asplenium scolopendrium";"Ja";"F2";"";"Ertshaven";"Levantkade";"";"2";"";"3";"2";"2";"POINT(4.941642,52.3762633)";"POINT(52.3762633,4.941642)";4.941642;52.3762633;
1504;"BE_288";"Tongvaren";"Asplenium scolopendrium";"Ja";"F2";"";"Nieuwe Achtergracht";"Nieuwe Achtergracht";"";"";"";"";"";"1";"POINT(4.9050562,52.3618743)";"POINT(52.3618743,4.9050562)";4.9050562;52.3618743;
1505;"BE_288";"Tongvaren";"Asplenium scolopendrium";"Ja";"F2";"";"IJhaven";"Veemkade";"";"";"";"";"1";"2";"POINT(4.91348,52.3786093)";"POINT(52.3786093,4.91348)";4.91348;52.3786093;
1506;"BE_288";"Tongvaren";"Asplenium scolopendrium";"Ja";"F2";"";"Duivendrechtsecaart";"Joan Muyskensweg";"";"";"";"1";"";"";"POINT(4.9159028,52.3329779)";"POINT(52.3329779,4.9159028)";4.9159028;52.3329779;
1507;"BE_288";"Tongvaren";"Asplenium scolopendrium";"Ja";"F2";"";"Entrepotdok";"Entrepotdok";"";"0 exemplaren";"";"";"";"0 exemplaren";"POINT(4.9197881,52.3667418)";"POINT(52.3667418,4.9197881)";4.9197881;52.3667418;
1508;"BE_290";"Steenbreekvaren";"Asplenium trichomanes";"Ja";"F2";"";"Spoorwegbassin";"Stuurmankade";"";"";"1";"2";"8";"10";"POINT(4.943301,52.3719489)";"POINT(52.3719489,4.943301)";4.943301;52.3719489;
1509;"BE_290";"Steenbreekvaren";"Asplenium trichomanes";"Ja";"F2";"";"Het IJ";"Surinamekade";"";"";"12";"";"14";"1";"POINT(4.944051,52.3777205)";"POINT(52.3777205,4.944051)";4.944051;52.3777205;
1510;"BE_290";"Steenbreekvaren";"Asplenium trichomanes";"Ja";"F2";"";"Entropothaven";"Borneokade";"";"11";"8";"5";"3";"21";"POINT(4.9448821,52.3709036)";"POINT(52.3709036,4.9448821)";4.9448821;52.3709036;
1511;"BE_290";"Steenbreekvaren";"Asplenium trichomanes";"Ja";"F2";"";"Entropothaven";"Borneokade";"";"";"1";"1";"1";"2";"POINT(4.946305,52.37106)";"POINT(52.37106,4.946305)";4.946305;52.37106;
1512;"BE_288";"Tongvaren";"Asplenium scolopendrium";"Ja";"F2";"";"Ertshaven";"Ertskade";"";"15";"5";"6";"3";"4";"POINT(4.9474838,52.3750388)";"POINT(52.3750388,4.9474838)";4.9474838;52.3750388;
1513;"BE_290";"Steenbreekvaren";"Asplenium trichomanes";"Ja";"F2";"";"Entropothaven";"Borneokade";"";"4";"4";"6";"0 exemplaren";"1";"POINT(4.9485791,52.3713004)";"POINT(52.3713004,4.9485791)";4.9485791;52.3713004;
1514;"BE_288";"Tongvaren";"Asplenium scolopendrium";"Ja";"F2";"";"Entrepothaven";"Zeeburgerkade-Oost";"";"";"1";"1";"";"";"POINT(4.9513719,52.369435)";"POINT(52.369435,4.9513719)";4.9513719;52.369435;
1515;"BE_290";"Steenbreekvaren";"Asplenium trichomanes";"Ja";"F2";"";"Het IJ";"Sumatrakade";"";"2";"1";"";"5";"5";"POINT(4.9291599,52.3791205)";"POINT(52.3791205,4.9291599)";4.9291599;52.3791205;
1516;"BE_284";"Zwartsteel";"Asplenium adiantum-nigrum";"Ja";"F2";"";"Het IJ";"Sumatrakade";"";"1";"1";"1";"1";"1";"POINT(4.931102,52.3787963)";"POINT(52.3787963,4.931102)";4.931102;52.3787963;
1517;"BE_290";"Steenbreekvaren";"Asplenium trichomanes";"Ja";"F2";"";"IJhaven";"Veemkade";"";"7";"4";"7";"19";"11";"POINT(4.9351361,52.3748557)";"POINT(52.3748557,4.9351361)";4.9351361;52.3748557;
1518;"NB_990";"Muurfijnstraal";"Erigeron karvinskianus";"Ja";"";"";"Singel";"Singel";"";"";"";"1";"";"0 exemplaren";"POINT(4.889539,52.3749167)";"POINT(52.3749167,4.889539)";4.889539;52.3749167;
1519;"NB_990";"Muurfijnstraal";"Erigeron karvinskianus";"Ja";"";"";"Amstel";"Amsteldijk";"";"";"";"";"1";"";"POINT(4.9079101,52.3531424)";"POINT(52.3531424,4.9079101)";4.9079101;52.3531424;
1520;"NB_2638";"Moerasvaren";"Thelypteris palustris";"Ja";"";"";"Entrepotdok";"Entrepotdok";"";"";"";"1";"";"1";"POINT(4.911948,52.369435)";"POINT(52.369435,4.911948)";4.911948;52.369435;
1521;"NB_600";"Spoorbloem";"Centranthus ruber";"Ja";"";"";"Boerenwetering";"Ruysdaelkade";"";"12";"";"";"";"8";"POINT(4.886831,52.3558661)";"POINT(52.3558661,4.886831)";4.886831;52.3558661;
1522;"NB_2638";"Moerasvaren";"Thelypteris palustris";"Ja";"";"";"Nieuwe Vaart";"Funenkade";"353";"";"";"";"";"2";"POINT(4.925585,52.3669745)";"POINT(52.3669745,4.925585)";4.925585;52.3669745;
1523;"NB_600";"Spoorbloem";"Centranthus ruber";"Ja";"";"";"Amstel";"Amstelstraat";"";"0 exemplaren";"";"";"";"";"POINT(4.9005172,52.3660971)";"POINT(52.3660971,4.9005172)";4.9005172;52.3660971;
1524;"NB_990";"Muurfijnstraal";"Erigeron karvinskianus";"Ja";"";"";"Nieuwe Achtergracht";"Nieuwe Achtergracht";"";"0 exemplaren";"";"";"";"0 exemplaren";"POINT(4.9055831,52.3619773)";"POINT(52.3619773,4.9055831)";4.9055831;52.3619773;
1525;"NB_990";"Muurfijnstraal";"Erigeron karvinskianus";"Ja";"";"";"Het IJ";"Surinamekade";"";"14";"11";"0 exemplaren";"0 exemplaren";"49";"POINT(4.9393232,52.3776328)";"POINT(52.3776328,4.9393232)";4.9393232;52.3776328;
1526;"NB_990";"Muurfijnstraal";"Erigeron karvinskianus";"Ja";"";"";"Entrepotdoksluis";"Brug Hoogte Kadijken";"80";"1";"";"";"";"0 exemplaren";"POINT(4.9192312,52.3680159)";"POINT(52.3680159,4.9192312)";4.9192312;52.3680159;
1527;"NB_2638";"Moerasvaren";"Thelypteris palustris";"Ja";"";"";"Ertshaven";"Levantkade";"";"11";"17";"16";"14";"24";"POINT(4.942714,52.3762862)";"POINT(52.3762862,4.942714)";4.942714;52.3762862;
1528;"NB_600";"Spoorbloem";"Centranthus ruber";"Ja";"";"";"Entropothaven";"Borneokade";"";"5";"8";"10";"17";"14";"POINT(4.9485791,52.3713004)";"POINT(52.3713004,4.9485791)";4.9485791;52.3713004;
1529;"NB_2638";"Moerasvaren";"Thelypteris palustris";"Ja";"";"";"IJhaven";"Javakade";"";"";"";"";"";"1";"POINT(4.9297311,52.3777815)";"POINT(52.3777815,4.9297311)";4.9297311;52.3777815;
1530;"NB_2638";"Moerasvaren";"Thelypteris palustris";"Ja";"";"";"Het IJ";"Sumatrakade";"";"";"";"1";"";"1";"POINT(4.9321458,52.3786093)";"POINT(52.3786093,4.9321458)";4.9321458;52.3786093;

