OBJECTNUMMER;CodeW;Jaar;Lopend_gemiddelde;Vierweekse_1;Vierweekse_2;Vierweekse_3;Vierweekse_4;Vierweekse_5;Vierweekse_6;Vierweekse_7;Vierweekse_8;Vierweekse_9;Vierweekse_10;Vierweekse_11;Vierweekse_12;Vierweekse_13;WKT_LNG_LAT;WKT_LAT_LNG;LNG;LAT;
1;"2";"2020";"32.8";"39.3";"35.6";"32.1";"24.1";"0";"0";"0";"0";"0";"0";"0";"0";"0";"";"";5.0E-6;-7.0E-6;
2;"2";"2019";"37.3";"41.5";"47.6";"43.2";"36.2";"32.2";"27.6";"30.8";"34.4";"36.3";"34.5";"36.2";"42.5";"43.5";"";"";5.0E-6;-7.0E-6;
3;"2";"2018";"40.3";"43.1";"48.3";"37.2";"48.2";"50.1";"31.5";"22.8";"35.5";"36.5";"43.4";"45.3";"39.6";"38.7";"";"";5.0E-6;-7.0E-6;
4;"2";"2017";"48.4";"0";"0";"0";"0";"0";"0";"0";"0";"0";"0";"0";"0";"0";"";"";5.0E-6;-7.0E-6;
5;"2";"2016";"48.6";"0";"0";"0";"0";"0";"0";"0";"0";"0";"0";"0";"0";"0";"";"";5.0E-6;-7.0E-6;
6;"2";"2015";"49";"0";"0";"0";"0";"0";"0";"0";"0";"0";"0";"0";"0";"0";"";"";5.0E-6;-7.0E-6;
7;"2";"2014";"55.8";"0";"0";"0";"0";"0";"0";"0";"0";"0";"0";"0";"0";"0";"";"";5.0E-6;-7.0E-6;
8;"2";"2013";"52.5";"0";"0";"0";"0";"0";"0";"0";"0";"0";"0";"0";"0";"0";"";"";5.0E-6;-7.0E-6;
9;"2";"2012";"59.1";"0";"0";"0";"0";"0";"0";"0";"0";"0";"0";"0";"0";"0";"";"";5.0E-6;-7.0E-6;
10;"2";"2011";"62.5";"0";"0";"0";"0";"0";"0";"0";"0";"0";"0";"0";"0";"0";"";"";5.0E-6;-7.0E-6;
11;"2";"2010";"58.6";"0";"0";"0";"0";"0";"0";"0";"0";"0";"0";"0";"0";"0";"";"";5.0E-6;-7.0E-6;
12;"3";"2020";"20";"23.9";"24";"18";"13.9";"0";"0";"0";"0";"0";"0";"0";"0";"0";"";"";5.0E-6;-7.0E-6;
13;"3";"2019";"19.6";"25";"34.1";"25.9";"19.3";"13.3";"12";"11.1";"13.6";"16.5";"17.2";"17.9";"26.2";"25.7";"";"";5.0E-6;-7.0E-6;
14;"3";"2018";"21.5";"24.5";"30.2";"21.3";"26.1";"21.1";"12.3";"10.2";"14.5";"16";"22.3";"26.1";"27.7";"24.3";"";"";5.0E-6;-7.0E-6;
15;"3";"2017";"24";"0";"0";"0";"0";"0";"0";"0";"0";"0";"0";"0";"0";"0";"";"";5.0E-6;-7.0E-6;
16;"3";"2016";"23.9";"0";"0";"0";"0";"0";"0";"0";"0";"0";"0";"0";"0";"0";"";"";5.0E-6;-7.0E-6;
17;"3";"2015";"22";"0";"0";"0";"0";"0";"0";"0";"0";"0";"0";"0";"0";"0";"";"";5.0E-6;-7.0E-6;
18;"3";"2014";"22";"0";"0";"0";"0";"0";"0";"0";"0";"0";"0";"0";"0";"0";"";"";5.0E-6;-7.0E-6;
19;"3";"2013";"21.2";"0";"0";"0";"0";"0";"0";"0";"0";"0";"0";"0";"0";"0";"";"";5.0E-6;-7.0E-6;
20;"3";"2012";"25.3";"0";"0";"0";"0";"0";"0";"0";"0";"0";"0";"0";"0";"0";"";"";5.0E-6;-7.0E-6;
21;"3";"2011";"26.3";"0";"0";"0";"0";"0";"0";"0";"0";"0";"0";"0";"0";"0";"";"";5.0E-6;-7.0E-6;
22;"3";"2010";"26.6";"0";"0";"0";"0";"0";"0";"0";"0";"0";"0";"0";"0";"0";"";"";5.0E-6;-7.0E-6;
23;"7";"2020";"33.8";"38.7";"32.4";"29.4";"34.6";"0";"0";"0";"0";"0";"0";"0";"0";"0";"";"";5.0E-6;-7.0E-6;
24;"7";"2019";"41";"43.2";"48.9";"38.5";"49.4";"40";"34";"36.1";"38.1";"33.7";"40.7";"37";"49.6";"45.5";"";"";5.0E-6;-7.0E-6;
25;"7";"2018";"45.1";"37.2";"46.7";"44";"51";"49.1";"52.7";"36.9";"47.4";"38.6";"43.3";"52.4";"47.8";"40.4";"";"";5.0E-6;-7.0E-6;
26;"7";"2017";"43.9";"0";"0";"0";"0";"0";"0";"0";"0";"0";"0";"0";"0";"0";"";"";5.0E-6;-7.0E-6;
27;"7";"2016";"48.2";"0";"0";"0";"0";"0";"0";"0";"0";"0";"0";"0";"0";"0";"";"";5.0E-6;-7.0E-6;
28;"7";"2015";"45.7";"0";"0";"0";"0";"0";"0";"0";"0";"0";"0";"0";"0";"0";"";"";5.0E-6;-7.0E-6;
29;"7";"2014";"51.5";"0";"0";"0";"0";"0";"0";"0";"0";"0";"0";"0";"0";"0";"";"";5.0E-6;-7.0E-6;
30;"7";"2013";"53";"0";"0";"0";"0";"0";"0";"0";"0";"0";"0";"0";"0";"0";"";"";5.0E-6;-7.0E-6;
31;"7";"2012";"55";"0";"0";"0";"0";"0";"0";"0";"0";"0";"0";"0";"0";"0";"";"";5.0E-6;-7.0E-6;
32;"7";"2011";"55.4";"0";"0";"0";"0";"0";"0";"0";"0";"0";"0";"0";"0";"0";"";"";5.0E-6;-7.0E-6;
33;"7";"2010";"58.1";"0";"0";"0";"0";"0";"0";"0";"0";"0";"0";"0";"0";"0";"";"";5.0E-6;-7.0E-6;
34;"12";"2020";"30.3";"36.8";"32.1";"28.6";"23.7";"0";"0";"0";"0";"0";"0";"0";"0";"0";"";"";5.0E-6;-7.0E-6;
35;"12";"2019";"36.5";"39.7";"46.5";"39.6";"38.7";"34.7";"30";"30.9";"34.6";"31.6";"34.9";"33.8";"42.7";"39.1";"";"";5.0E-6;-7.0E-6;
36;"12";"2018";"35.6";"30.6";"39.8";"33.3";"43.5";"39.9";"27.8";"20.5";"32.5";"31.1";"36.9";"44";"41.8";"38";"";"";5.0E-6;-7.0E-6;
37;"12";"2017";"35.4";"0";"0";"0";"0";"0";"0";"0";"0";"0";"0";"0";"0";"0";"";"";5.0E-6;-7.0E-6;
38;"12";"2016";"36.7";"0";"0";"0";"0";"0";"0";"0";"0";"0";"0";"0";"0";"0";"";"";5.0E-6;-7.0E-6;
39;"12";"2015";"36.5";"0";"0";"0";"0";"0";"0";"0";"0";"0";"0";"0";"0";"0";"";"";5.0E-6;-7.0E-6;
40;"12";"2014";"38.1";"0";"0";"0";"0";"0";"0";"0";"0";"0";"0";"0";"0";"0";"";"";5.0E-6;-7.0E-6;
41;"12";"2013";"37";"0";"0";"0";"0";"0";"0";"0";"0";"0";"0";"0";"0";"0";"";"";5.0E-6;-7.0E-6;
42;"12";"2012";"41.5";"0";"0";"0";"0";"0";"0";"0";"0";"0";"0";"0";"0";"0";"";"";5.0E-6;-7.0E-6;
43;"12";"2011";"43.2";"0";"0";"0";"0";"0";"0";"0";"0";"0";"0";"0";"0";"0";"";"";5.0E-6;-7.0E-6;
44;"12";"2010";"44.8";"0";"0";"0";"0";"0";"0";"0";"0";"0";"0";"0";"0";"0";"";"";5.0E-6;-7.0E-6;
45;"14";"2020";"20.3";"26.2";"22.8";"17.1";"15.2";"0";"0";"0";"0";"0";"0";"0";"0";"0";"";"";5.0E-6;-7.0E-6;
46;"14";"2019";"21.9";"30.9";"35";"26.3";"24.8";"17.7";"15.1";"15.5";"15";"15.3";"17.2";"19.8";"27.4";"27.1";"";"";5.0E-6;-7.0E-6;
47;"14";"2018";"23.2";"23.8";"29.2";"22.8";"27";"20.4";"18.6";"14.3";"18.8";"17.9";"22.7";"26.3";"28.3";"26.1";"";"";5.0E-6;-7.0E-6;
48;"14";"2017";"25.2";"0";"0";"0";"0";"0";"0";"0";"0";"0";"0";"0";"0";"0";"";"";5.0E-6;-7.0E-6;
49;"14";"2016";"25.1";"0";"0";"0";"0";"0";"0";"0";"0";"0";"0";"0";"0";"0";"";"";5.0E-6;-7.0E-6;
50;"14";"2015";"24.5";"0";"0";"0";"0";"0";"0";"0";"0";"0";"0";"0";"0";"0";"";"";5.0E-6;-7.0E-6;
51;"14";"2014";"23.4";"0";"0";"0";"0";"0";"0";"0";"0";"0";"0";"0";"0";"0";"";"";5.0E-6;-7.0E-6;
52;"14";"2013";"26.2";"0";"0";"0";"0";"0";"0";"0";"0";"0";"0";"0";"0";"0";"";"";5.0E-6;-7.0E-6;
53;"14";"2012";"27.5";"0";"0";"0";"0";"0";"0";"0";"0";"0";"0";"0";"0";"0";"";"";5.0E-6;-7.0E-6;
54;"14";"2011";"28.1";"0";"0";"0";"0";"0";"0";"0";"0";"0";"0";"0";"0";"0";"";"";5.0E-6;-7.0E-6;
55;"14";"2010";"31.3";"0";"0";"0";"0";"0";"0";"0";"0";"0";"0";"0";"0";"0";"";"";5.0E-6;-7.0E-6;
56;"17";"2020";"27.9";"35.5";"30.5";"26.1";"19.6";"0";"0";"0";"0";"0";"0";"0";"0";"0";"";"";5.0E-6;-7.0E-6;
57;"17";"2019";"31.6";"35.5";"41.7";"35.1";"32";"27";"25.6";"25.3";"25.6";"28.7";"29.6";"30.9";"36.9";"37.1";"";"";5.0E-6;-7.0E-6;
58;"17";"2018";"33.8";"31.2";"43";"30.7";"41.1";"36.2";"30.4";"23.2";"28.1";"29.2";"34.5";"39";"33.6";"34.7";"";"";5.0E-6;-7.0E-6;
59;"17";"2017";"35.2";"0";"0";"0";"0";"0";"0";"0";"0";"0";"0";"0";"0";"0";"";"";5.0E-6;-7.0E-6;
60;"17";"2016";"36.2";"0";"0";"0";"0";"0";"0";"0";"0";"0";"0";"0";"0";"0";"";"";5.0E-6;-7.0E-6;
61;"17";"2015";"37.2";"0";"0";"0";"0";"0";"0";"0";"0";"0";"0";"0";"0";"0";"";"";5.0E-6;-7.0E-6;
62;"17";"2014";"37.5";"0";"0";"0";"0";"0";"0";"0";"0";"0";"0";"0";"0";"0";"";"";5.0E-6;-7.0E-6;
63;"17";"2013";"39.7";"0";"0";"0";"0";"0";"0";"0";"0";"0";"0";"0";"0";"0";"";"";5.0E-6;-7.0E-6;
64;"17";"2012";"41";"0";"0";"0";"0";"0";"0";"0";"0";"0";"0";"0";"0";"0";"";"";5.0E-6;-7.0E-6;
65;"17";"2011";"43";"0";"0";"0";"0";"0";"0";"0";"0";"0";"0";"0";"0";"0";"";"";5.0E-6;-7.0E-6;
66;"17";"2010";"45";"0";"0";"0";"0";"0";"0";"0";"0";"0";"0";"0";"0";"0";"";"";5.0E-6;-7.0E-6;
67;"19";"2020";"22.9";"28.1";"24.6";"21.5";"17.3";"0";"0";"0";"0";"0";"0";"0";"0";"0";"";"";5.0E-6;-7.0E-6;
68;"19";"2019";"25.3";"33.1";"38.4";"32.2";"27.5";"22.9";"17.4";"16.5";"17.7";"19.2";"22.1";"22.6";"32.1";"30.4";"";"";5.0E-6;-7.0E-6;
69;"19";"2018";"28.1";"28.2";"36.6";"29.5";"33.9";"29.2";"23.4";"18.4";"24.1";"21.6";"26.4";"30.4";"31.9";"29.3";"";"";5.0E-6;-7.0E-6;
70;"19";"2017";"29.5";"0";"0";"0";"0";"0";"0";"0";"0";"0";"0";"0";"0";"0";"";"";5.0E-6;-7.0E-6;
71;"19";"2016";"30";"0";"0";"0";"0";"0";"0";"0";"0";"0";"0";"0";"0";"0";"";"";5.0E-6;-7.0E-6;
72;"19";"2015";"29.2";"0";"0";"0";"0";"0";"0";"0";"0";"0";"0";"0";"0";"0";"";"";5.0E-6;-7.0E-6;
73;"19";"2014";"30";"0";"0";"0";"0";"0";"0";"0";"0";"0";"0";"0";"0";"0";"";"";5.0E-6;-7.0E-6;
74;"19";"2013";"29.5";"0";"0";"0";"0";"0";"0";"0";"0";"0";"0";"0";"0";"0";"";"";5.0E-6;-7.0E-6;
75;"19";"2012";"31";"0";"0";"0";"0";"0";"0";"0";"0";"0";"0";"0";"0";"0";"";"";5.0E-6;-7.0E-6;
76;"19";"2011";"32";"0";"0";"0";"0";"0";"0";"0";"0";"0";"0";"0";"0";"0";"";"";5.0E-6;-7.0E-6;
77;"19";"2010";"34";"0";"0";"0";"0";"0";"0";"0";"0";"0";"0";"0";"0";"0";"";"";5.0E-6;-7.0E-6;
78;"20";"2020";"30.4";"36.5";"31.9";"28.8";"24.3";"0";"0";"0";"0";"0";"0";"0";"0";"0";"";"";5.0E-6;-7.0E-6;
79;"20";"2019";"36.9";"40.5";"47.1";"39.8";"36.8";"32.8";"29.9";"32";"34.7";"37.1";"36.1";"36";"40";"39.1";"";"";5.0E-6;-7.0E-6;
80;"20";"2018";"40.6";"37.1";"46.9";"37.7";"45.5";"48.1";"34.7";"25.8";"36.6";"37.3";"45";"47.9";"41.2";"39.6";"";"";5.0E-6;-7.0E-6;
81;"20";"2017";"43.5";"0";"0";"0";"0";"0";"0";"0";"0";"0";"0";"0";"0";"0";"";"";5.0E-6;-7.0E-6;
82;"20";"2016";"41.4";"0";"0";"0";"0";"0";"0";"0";"0";"0";"0";"0";"0";"0";"";"";5.0E-6;-7.0E-6;
83;"20";"2015";"42.9";"0";"0";"0";"0";"0";"0";"0";"0";"0";"0";"0";"0";"0";"";"";5.0E-6;-7.0E-6;
84;"20";"2014";"45.5";"0";"0";"0";"0";"0";"0";"0";"0";"0";"0";"0";"0";"0";"";"";5.0E-6;-7.0E-6;
85;"20";"2013";"44.3";"0";"0";"0";"0";"0";"0";"0";"0";"0";"0";"0";"0";"0";"";"";5.0E-6;-7.0E-6;
86;"20";"2012";"48";"0";"0";"0";"0";"0";"0";"0";"0";"0";"0";"0";"0";"0";"";"";5.0E-6;-7.0E-6;
87;"20";"2011";"48";"0";"0";"0";"0";"0";"0";"0";"0";"0";"0";"0";"0";"0";"";"";5.0E-6;-7.0E-6;
88;"20";"2010";"50";"0";"0";"0";"0";"0";"0";"0";"0";"0";"0";"0";"0";"0";"";"";5.0E-6;-7.0E-6;
89;"21";"2020";"18";"22";"22.3";"14.2";"13.5";"0";"0";"0";"0";"0";"0";"0";"0";"0";"";"";5.0E-6;-7.0E-6;
90;"21";"2019";"18.7";"20.9";"30.7";"21";"21.1";"16.3";"13.4";"12.7";"14.8";"14.5";"16.3";"16.3";"24.5";"23.4";"";"";5.0E-6;-7.0E-6;
91;"21";"2018";"20";"20.9";"27.6";"20.6";"22.1";"19.3";"13";"9.9";"12.1";"15.6";"19.9";"23.3";"27";"21.9";"";"";5.0E-6;-7.0E-6;
92;"21";"2017";"22.5";"0";"0";"0";"0";"0";"0";"0";"0";"0";"0";"0";"0";"0";"";"";5.0E-6;-7.0E-6;
93;"21";"2016";"22";"0";"0";"0";"0";"0";"0";"0";"0";"0";"0";"0";"0";"0";"";"";5.0E-6;-7.0E-6;
94;"21";"2015";"21.2";"0";"0";"0";"0";"0";"0";"0";"0";"0";"0";"0";"0";"0";"";"";5.0E-6;-7.0E-6;
95;"21";"2014";"22";"0";"0";"0";"0";"0";"0";"0";"0";"0";"0";"0";"0";"0";"";"";5.0E-6;-7.0E-6;
96;"21";"2013";"20.4";"0";"0";"0";"0";"0";"0";"0";"0";"0";"0";"0";"0";"0";"";"";5.0E-6;-7.0E-6;
97;"21";"2012";"23";"0";"0";"0";"0";"0";"0";"0";"0";"0";"0";"0";"0";"0";"";"";5.0E-6;-7.0E-6;
98;"21";"2011";"24";"0";"0";"0";"0";"0";"0";"0";"0";"0";"0";"0";"0";"0";"";"";5.0E-6;-7.0E-6;
99;"21";"2010";"25";"0";"0";"0";"0";"0";"0";"0";"0";"0";"0";"0";"0";"0";"";"";5.0E-6;-7.0E-6;
100;"22";"2020";"16";"22.1";"18";"11.2";"12.6";"0";"0";"0";"0";"0";"0";"0";"0";"0";"";"";5.0E-6;-7.0E-6;
101;"22";"2019";"18.8";"24.7";"29.9";"22.4";"19";"12.6";"11.4";"12.4";"13.9";"12.8";"17.5";"17.5";"28";"23.7";"";"";5.0E-6;-7.0E-6;
102;"22";"2018";"20.9";"20.9";"27";"21.7";"25";"19.4";"16.3";"11.5";"15.7";"16.9";"21.4";"23.8";"27.4";"23.1";"";"";5.0E-6;-7.0E-6;
103;"22";"2017";"21.6";"0";"0";"0";"0";"0";"0";"0";"0";"0";"0";"0";"0";"0";"";"";5.0E-6;-7.0E-6;
104;"22";"2016";"21.9";"0";"0";"0";"0";"0";"0";"0";"0";"0";"0";"0";"0";"0";"";"";5.0E-6;-7.0E-6;
105;"22";"2015";"21.2";"0";"0";"0";"0";"0";"0";"0";"0";"0";"0";"0";"0";"0";"";"";5.0E-6;-7.0E-6;
106;"22";"2014";"23";"0";"0";"0";"0";"0";"0";"0";"0";"0";"0";"0";"0";"0";"";"";5.0E-6;-7.0E-6;
107;"22";"2013";"21.9";"0";"0";"0";"0";"0";"0";"0";"0";"0";"0";"0";"0";"0";"";"";5.0E-6;-7.0E-6;
108;"22";"2012";"24";"0";"0";"0";"0";"0";"0";"0";"0";"0";"0";"0";"0";"0";"";"";5.0E-6;-7.0E-6;
109;"22";"2011";"24";"0";"0";"0";"0";"0";"0";"0";"0";"0";"0";"0";"0";"0";"";"";5.0E-6;-7.0E-6;
110;"22";"2010";"25";"0";"0";"0";"0";"0";"0";"0";"0";"0";"0";"0";"0";"0";"";"";5.0E-6;-7.0E-6;
111;"701";"2020";"21.2";"26.7";"24.2";"17.2";"16.7";"0";"0";"0";"0";"0";"0";"0";"0";"0";"";"";5.0E-6;-7.0E-6;
112;"701";"2019";"21.3";"23";"30.3";"20.9";"18.3";"13.7";"13.7";"13.7";"15.2";"18.6";"17";"20.4";"31.3";"27.8";"";"";5.0E-6;-7.0E-6;
113;"701";"2018";"21.5";"21.3";"30.5";"22.1";"25.8";"19.5";"11.5";"9.3";"14.8";"16.2";"21.7";"27.1";"30.2";"26.6";"";"";5.0E-6;-7.0E-6;
114;"701";"2017";"22.3";"0";"0";"0";"0";"0";"0";"0";"0";"0";"0";"0";"0";"0";"";"";5.0E-6;-7.0E-6;
115;"701";"2016";"23.5";"0";"0";"0";"0";"0";"0";"0";"0";"0";"0";"0";"0";"0";"";"";5.0E-6;-7.0E-6;
116;"701";"2015";"21.7";"0";"0";"0";"0";"0";"0";"0";"0";"0";"0";"0";"0";"0";"";"";5.0E-6;-7.0E-6;
117;"701";"2014";"24.1";"0";"0";"0";"0";"0";"0";"0";"0";"0";"0";"0";"0";"0";"";"";5.0E-6;-7.0E-6;
118;"701";"2013";"22.9";"0";"0";"0";"0";"0";"0";"0";"0";"0";"0";"0";"0";"0";"";"";5.0E-6;-7.0E-6;
119;"701";"2012";"26";"0";"0";"0";"0";"0";"0";"0";"0";"0";"0";"0";"0";"0";"";"";5.0E-6;-7.0E-6;
120;"701";"2011";"25";"0";"0";"0";"0";"0";"0";"0";"0";"0";"0";"0";"0";"0";"";"";5.0E-6;-7.0E-6;
121;"701";"2010";"25";"0";"0";"0";"0";"0";"0";"0";"0";"0";"0";"0";"0";"0";"";"";5.0E-6;-7.0E-6;
122;"703";"2020";"16.6";"19.9";"19";"11.4";"16";"0";"0";"0";"0";"0";"0";"0";"0";"0";"";"";5.0E-6;-7.0E-6;
123;"703";"2019";"18.8";"20.3";"35";"27.1";"20.4";"13.7";"12.6";"13.1";"15.2";"14.3";"14.3";"17.2";"26.1";"22.1";"";"";5.0E-6;-7.0E-6;
124;"703";"2018";"20.3";"19.2";"26.2";"25.3";"22.4";"19.3";"16.4";"10.6";"15.4";"15.3";"16.6";"23.6";"29.2";"24.5";"";"";5.0E-6;-7.0E-6;
125;"703";"2017";"19.8";"0";"0";"0";"0";"0";"0";"0";"0";"0";"0";"0";"0";"0";"";"";5.0E-6;-7.0E-6;
126;"703";"2016";"20.4";"0";"0";"0";"0";"0";"0";"0";"0";"0";"0";"0";"0";"0";"";"";5.0E-6;-7.0E-6;
127;"703";"2015";"19.3";"0";"0";"0";"0";"0";"0";"0";"0";"0";"0";"0";"0";"0";"";"";5.0E-6;-7.0E-6;
128;"703";"2014";"20.8";"0";"0";"0";"0";"0";"0";"0";"0";"0";"0";"0";"0";"0";"";"";5.0E-6;-7.0E-6;
129;"703";"2013";"20.5";"0";"0";"0";"0";"0";"0";"0";"0";"0";"0";"0";"0";"0";"";"";5.0E-6;-7.0E-6;
130;"703";"2012";"21.4";"0";"0";"0";"0";"0";"0";"0";"0";"0";"0";"0";"0";"0";"";"";5.0E-6;-7.0E-6;
131;"703";"2011";"22";"0";"0";"0";"0";"0";"0";"0";"0";"0";"0";"0";"0";"0";"";"";5.0E-6;-7.0E-6;
132;"703";"2010";"24";"0";"0";"0";"0";"0";"0";"0";"0";"0";"0";"0";"0";"0";"";"";5.0E-6;-7.0E-6;
133;"1HDG17";"2020";"21.2";"25.5";"23";"17.6";"18.6";"0";"0";"0";"0";"0";"0";"0";"0";"0";"";"";5.0E-6;-7.0E-6;
134;"1HDG17";"2019";"24.7";"28.4";"33.8";"27.6";"27.1";"19.8";"18.2";"17.5";"0";"19.5";"21.5";"0";"30.9";"27.1";"";"";5.0E-6;-7.0E-6;
135;"1HDG17";"2018";"26.4";"0";"33.1";"25.6";"33.7";"27.8";"22.5";"16";"21.7";"21.1";"26";"33.6";"29.7";"25.7";"";"";5.0E-6;-7.0E-6;
136;"1HDG17";"2017";"28.1";"0";"0";"0";"0";"0";"0";"0";"0";"0";"0";"0";"0";"0";"";"";5.0E-6;-7.0E-6;
137;"1HDG17";"2016";"28";"0";"0";"0";"0";"0";"0";"0";"0";"0";"0";"0";"0";"0";"";"";5.0E-6;-7.0E-6;
138;"1HDG17";"2015";"26.1";"0";"0";"0";"0";"0";"0";"0";"0";"0";"0";"0";"0";"0";"";"";5.0E-6;-7.0E-6;
139;"1HDG17";"2014";"26.2";"0";"0";"0";"0";"0";"0";"0";"0";"0";"0";"0";"0";"0";"";"";5.0E-6;-7.0E-6;
140;"1HDG17";"2013";"27.4";"0";"0";"0";"0";"0";"0";"0";"0";"0";"0";"0";"0";"0";"";"";5.0E-6;-7.0E-6;
141;"1HDG17";"2012";"30.6";"0";"0";"0";"0";"0";"0";"0";"0";"0";"0";"0";"0";"0";"";"";5.0E-6;-7.0E-6;
142;"1HDG17";"2011";"28.3";"0";"0";"0";"0";"0";"0";"0";"0";"0";"0";"0";"0";"0";"";"";5.0E-6;-7.0E-6;
143;"1HDG17";"2010";"30.3";"0";"0";"0";"0";"0";"0";"0";"0";"0";"0";"0";"0";"0";"";"";5.0E-6;-7.0E-6;
144;"546HKD";"2020";"0";"0";"0";"0";"0";"0";"0";"0";"0";"0";"0";"0";"0";"0";"";"";5.0E-6;-7.0E-6;
145;"546HKD";"2019";"28.4";"0";"0";"0";"0";"0";"0";"0";"0";"0";"0";"0";"0";"0";"";"";5.0E-6;-7.0E-6;
146;"546HKD";"2018";"28.6";"0";"0";"0";"0";"0";"0";"0";"0";"0";"0";"0";"0";"0";"";"";5.0E-6;-7.0E-6;
147;"546HKD";"2017";"30.4";"0";"0";"0";"0";"0";"0";"0";"0";"0";"0";"0";"0";"0";"";"";5.0E-6;-7.0E-6;
148;"546HKD";"2016";"29.8";"0";"0";"0";"0";"0";"0";"0";"0";"0";"0";"0";"0";"0";"";"";5.0E-6;-7.0E-6;
149;"546HKD";"2015";"29.8";"0";"0";"0";"0";"0";"0";"0";"0";"0";"0";"0";"0";"0";"";"";5.0E-6;-7.0E-6;
150;"546HKD";"2014";"29.3";"0";"0";"0";"0";"0";"0";"0";"0";"0";"0";"0";"0";"0";"";"";5.0E-6;-7.0E-6;
151;"546HKD";"2013";"28.5";"0";"0";"0";"0";"0";"0";"0";"0";"0";"0";"0";"0";"0";"";"";5.0E-6;-7.0E-6;
152;"546HKD";"2012";"32.8";"0";"0";"0";"0";"0";"0";"0";"0";"0";"0";"0";"0";"0";"";"";5.0E-6;-7.0E-6;
153;"546HKD";"2011";"0";"0";"0";"0";"0";"0";"0";"0";"0";"0";"0";"0";"0";"0";"";"";5.0E-6;-7.0E-6;
154;"546HKD";"2010";"0";"0";"0";"0";"0";"0";"0";"0";"0";"0";"0";"0";"0";"0";"";"";5.0E-6;-7.0E-6;
155;"551IJM";"2020";"0";"0";"0";"0";"0";"0";"0";"0";"0";"0";"0";"0";"0";"0";"";"";5.0E-6;-7.0E-6;
156;"551IJM";"2019";"24.3";"0";"0";"0";"0";"0";"0";"0";"0";"0";"0";"0";"0";"0";"";"";5.0E-6;-7.0E-6;
157;"551IJM";"2018";"27.3";"0";"0";"0";"0";"0";"0";"0";"0";"0";"0";"0";"0";"0";"";"";5.0E-6;-7.0E-6;
158;"551IJM";"2017";"26.6";"0";"0";"0";"0";"0";"0";"0";"0";"0";"0";"0";"0";"0";"";"";5.0E-6;-7.0E-6;
159;"551IJM";"2016";"27.5";"0";"0";"0";"0";"0";"0";"0";"0";"0";"0";"0";"0";"0";"";"";5.0E-6;-7.0E-6;
160;"551IJM";"2015";"24.6";"0";"0";"0";"0";"0";"0";"0";"0";"0";"0";"0";"0";"0";"";"";5.0E-6;-7.0E-6;
161;"551IJM";"2014";"26.7";"0";"0";"0";"0";"0";"0";"0";"0";"0";"0";"0";"0";"0";"";"";5.0E-6;-7.0E-6;
162;"551IJM";"2013";"27";"0";"0";"0";"0";"0";"0";"0";"0";"0";"0";"0";"0";"0";"";"";5.0E-6;-7.0E-6;
163;"551IJM";"2012";"28.8";"0";"0";"0";"0";"0";"0";"0";"0";"0";"0";"0";"0";"0";"";"";5.0E-6;-7.0E-6;
164;"551IJM";"2011";"30";"0";"0";"0";"0";"0";"0";"0";"0";"0";"0";"0";"0";"0";"";"";5.0E-6;-7.0E-6;
165;"551IJM";"2010";"32";"0";"0";"0";"0";"0";"0";"0";"0";"0";"0";"0";"0";"0";"";"";5.0E-6;-7.0E-6;
166;"553WAZ";"2020";"0";"0";"0";"0";"0";"0";"0";"0";"0";"0";"0";"0";"0";"0";"";"";5.0E-6;-7.0E-6;
167;"553WAZ";"2019";"19.5";"0";"0";"0";"0";"0";"0";"0";"0";"0";"0";"0";"0";"0";"";"";5.0E-6;-7.0E-6;
168;"553WAZ";"2018";"20.7";"0";"0";"0";"0";"0";"0";"0";"0";"0";"0";"0";"0";"0";"";"";5.0E-6;-7.0E-6;
169;"553WAZ";"2017";"19.2";"0";"0";"0";"0";"0";"0";"0";"0";"0";"0";"0";"0";"0";"";"";5.0E-6;-7.0E-6;
170;"553WAZ";"2016";"20.3";"0";"0";"0";"0";"0";"0";"0";"0";"0";"0";"0";"0";"0";"";"";5.0E-6;-7.0E-6;
171;"553WAZ";"2015";"19.5";"0";"0";"0";"0";"0";"0";"0";"0";"0";"0";"0";"0";"0";"";"";5.0E-6;-7.0E-6;
172;"553WAZ";"2014";"21.5";"0";"0";"0";"0";"0";"0";"0";"0";"0";"0";"0";"0";"0";"";"";5.0E-6;-7.0E-6;
173;"553WAZ";"2013";"19.5";"0";"0";"0";"0";"0";"0";"0";"0";"0";"0";"0";"0";"0";"";"";5.0E-6;-7.0E-6;
174;"553WAZ";"2012";"22.2";"0";"0";"0";"0";"0";"0";"0";"0";"0";"0";"0";"0";"0";"";"";5.0E-6;-7.0E-6;
175;"553WAZ";"2011";"23";"0";"0";"0";"0";"0";"0";"0";"0";"0";"0";"0";"0";"0";"";"";5.0E-6;-7.0E-6;
176;"553WAZ";"2010";"22";"0";"0";"0";"0";"0";"0";"0";"0";"0";"0";"0";"0";"0";"";"";5.0E-6;-7.0E-6;
177;"561BHD";"2020";"0";"0";"0";"0";"0";"0";"0";"0";"0";"0";"0";"0";"0";"0";"";"";5.0E-6;-7.0E-6;
178;"561BHD";"2019";"25.8";"0";"0";"0";"0";"0";"0";"0";"0";"0";"0";"0";"0";"0";"";"";5.0E-6;-7.0E-6;
179;"561BHD";"2018";"26.9";"0";"0";"0";"0";"0";"0";"0";"0";"0";"0";"0";"0";"0";"";"";5.0E-6;-7.0E-6;
180;"561BHD";"2017";"30.5";"0";"0";"0";"0";"0";"0";"0";"0";"0";"0";"0";"0";"0";"";"";5.0E-6;-7.0E-6;
181;"561BHD";"2016";"29.5";"0";"0";"0";"0";"0";"0";"0";"0";"0";"0";"0";"0";"0";"";"";5.0E-6;-7.0E-6;
182;"561BHD";"2015";"29";"0";"0";"0";"0";"0";"0";"0";"0";"0";"0";"0";"0";"0";"";"";5.0E-6;-7.0E-6;
183;"561BHD";"2014";"30.8";"0";"0";"0";"0";"0";"0";"0";"0";"0";"0";"0";"0";"0";"";"";5.0E-6;-7.0E-6;
184;"561BHD";"2013";"30";"0";"0";"0";"0";"0";"0";"0";"0";"0";"0";"0";"0";"0";"";"";5.0E-6;-7.0E-6;
185;"561BHD";"2012";"31.8";"0";"0";"0";"0";"0";"0";"0";"0";"0";"0";"0";"0";"0";"";"";5.0E-6;-7.0E-6;
186;"561BHD";"2011";"33";"0";"0";"0";"0";"0";"0";"0";"0";"0";"0";"0";"0";"0";"";"";5.0E-6;-7.0E-6;
187;"561BHD";"2010";"34";"0";"0";"0";"0";"0";"0";"0";"0";"0";"0";"0";"0";"0";"";"";5.0E-6;-7.0E-6;
188;"564HDD";"2020";"0";"0";"0";"0";"0";"0";"0";"0";"0";"0";"0";"0";"0";"0";"";"";5.0E-6;-7.0E-6;
189;"564HDD";"2019";"21.2";"0";"0";"0";"0";"0";"0";"0";"0";"0";"0";"0";"0";"0";"";"";5.0E-6;-7.0E-6;
190;"564HDD";"2018";"22.7";"0";"0";"0";"0";"0";"0";"0";"0";"0";"0";"0";"0";"0";"";"";5.0E-6;-7.0E-6;
191;"564HDD";"2017";"23.1";"0";"0";"0";"0";"0";"0";"0";"0";"0";"0";"0";"0";"0";"";"";5.0E-6;-7.0E-6;
192;"564HDD";"2016";"23.4";"0";"0";"0";"0";"0";"0";"0";"0";"0";"0";"0";"0";"0";"";"";5.0E-6;-7.0E-6;
193;"564HDD";"2015";"22.2";"0";"0";"0";"0";"0";"0";"0";"0";"0";"0";"0";"0";"0";"";"";5.0E-6;-7.0E-6;
194;"564HDD";"2014";"23.6";"0";"0";"0";"0";"0";"0";"0";"0";"0";"0";"0";"0";"0";"";"";5.0E-6;-7.0E-6;
195;"564HDD";"2013";"23.6";"0";"0";"0";"0";"0";"0";"0";"0";"0";"0";"0";"0";"0";"";"";5.0E-6;-7.0E-6;
196;"564HDD";"2012";"23.7";"0";"0";"0";"0";"0";"0";"0";"0";"0";"0";"0";"0";"0";"";"";5.0E-6;-7.0E-6;
197;"564HDD";"2011";"25";"0";"0";"0";"0";"0";"0";"0";"0";"0";"0";"0";"0";"0";"";"";5.0E-6;-7.0E-6;
198;"564HDD";"2010";"27";"0";"0";"0";"0";"0";"0";"0";"0";"0";"0";"0";"0";"0";"";"";5.0E-6;-7.0E-6;
199;"565ODM";"2020";"0";"0";"0";"0";"0";"0";"0";"0";"0";"0";"0";"0";"0";"0";"";"";5.0E-6;-7.0E-6;
200;"565ODM";"2019";"22.2";"0";"0";"0";"0";"0";"0";"0";"0";"0";"0";"0";"0";"0";"";"";5.0E-6;-7.0E-6;
201;"565ODM";"2018";"23.4";"0";"0";"0";"0";"0";"0";"0";"0";"0";"0";"0";"0";"0";"";"";5.0E-6;-7.0E-6;
202;"565ODM";"2017";"23.5";"0";"0";"0";"0";"0";"0";"0";"0";"0";"0";"0";"0";"0";"";"";5.0E-6;-7.0E-6;
203;"565ODM";"2016";"24.7";"0";"0";"0";"0";"0";"0";"0";"0";"0";"0";"0";"0";"0";"";"";5.0E-6;-7.0E-6;
204;"565ODM";"2015";"23.6";"0";"0";"0";"0";"0";"0";"0";"0";"0";"0";"0";"0";"0";"";"";5.0E-6;-7.0E-6;
205;"565ODM";"2014";"24.7";"0";"0";"0";"0";"0";"0";"0";"0";"0";"0";"0";"0";"0";"";"";5.0E-6;-7.0E-6;
206;"565ODM";"2013";"25";"0";"0";"0";"0";"0";"0";"0";"0";"0";"0";"0";"0";"0";"";"";5.0E-6;-7.0E-6;
207;"565ODM";"2012";"26.6";"0";"0";"0";"0";"0";"0";"0";"0";"0";"0";"0";"0";"0";"";"";5.0E-6;-7.0E-6;
208;"565ODM";"2011";"28";"0";"0";"0";"0";"0";"0";"0";"0";"0";"0";"0";"0";"0";"";"";5.0E-6;-7.0E-6;
209;"565ODM";"2010";"0";"0";"0";"0";"0";"0";"0";"0";"0";"0";"0";"0";"0";"0";"";"";5.0E-6;-7.0E-6;
210;"704HTY";"2020";"0";"0";"0";"0";"0";"0";"0";"0";"0";"0";"0";"0";"0";"0";"";"";5.0E-6;-7.0E-6;
211;"704HTY";"2019";"25.4";"0";"0";"0";"0";"0";"0";"0";"0";"0";"0";"0";"0";"0";"";"";5.0E-6;-7.0E-6;
212;"704HTY";"2018";"25.5";"0";"0";"0";"0";"0";"0";"0";"0";"0";"0";"0";"0";"0";"";"";5.0E-6;-7.0E-6;
213;"704HTY";"2017";"26.4";"0";"0";"0";"0";"0";"0";"0";"0";"0";"0";"0";"0";"0";"";"";5.0E-6;-7.0E-6;
214;"704HTY";"2016";"27.4";"0";"0";"0";"0";"0";"0";"0";"0";"0";"0";"0";"0";"0";"";"";5.0E-6;-7.0E-6;
215;"704HTY";"2015";"24.5";"0";"0";"0";"0";"0";"0";"0";"0";"0";"0";"0";"0";"0";"";"";5.0E-6;-7.0E-6;
216;"704HTY";"2014";"26.3";"0";"0";"0";"0";"0";"0";"0";"0";"0";"0";"0";"0";"0";"";"";5.0E-6;-7.0E-6;
217;"704HTY";"2013";"22.9";"0";"0";"0";"0";"0";"0";"0";"0";"0";"0";"0";"0";"0";"";"";5.0E-6;-7.0E-6;
218;"704HTY";"2012";"25.6";"0";"0";"0";"0";"0";"0";"0";"0";"0";"0";"0";"0";"0";"";"";5.0E-6;-7.0E-6;
219;"704HTY";"2011";"27";"0";"0";"0";"0";"0";"0";"0";"0";"0";"0";"0";"0";"0";"";"";5.0E-6;-7.0E-6;
220;"704HTY";"2010";"28";"0";"0";"0";"0";"0";"0";"0";"0";"0";"0";"0";"0";"0";"";"";5.0E-6;-7.0E-6;
221;"A10 ZUID ";"2020";"40.5";"45.5";"48.3";"39.3";"28.7";"0";"0";"0";"0";"0";"0";"0";"0";"0";"";"";5.0E-6;-7.0E-6;
222;"A10 ZUID ";"2019";"45.9";"56.8";"59.9";"55.6";"41.2";"36.7";"40.7";"40.8";"44";"41.3";"43";"41.9";"48.7";"45.8";"";"";5.0E-6;-7.0E-6;
223;"A10 ZUID ";"2018";"45.3";"47.6";"54.4";"41";"58.7";"0";"35.4";"18.7";"35.7";"45.6";"53.5";"57.2";"48.4";"47.3";"";"";5.0E-6;-7.0E-6;
224;"A10 ZUID ";"2017";"56.2";"0";"0";"0";"0";"0";"0";"0";"0";"0";"0";"0";"0";"0";"";"";5.0E-6;-7.0E-6;
225;"A10 ZUID ";"2016";"0";"0";"0";"0";"0";"0";"0";"0";"0";"0";"0";"0";"0";"0";"";"";5.0E-6;-7.0E-6;
226;"A10 ZUID ";"2015";"0";"0";"0";"0";"0";"0";"0";"0";"0";"0";"0";"0";"0";"0";"";"";5.0E-6;-7.0E-6;
227;"A10 ZUID ";"2014";"0";"0";"0";"0";"0";"0";"0";"0";"0";"0";"0";"0";"0";"0";"";"";5.0E-6;-7.0E-6;
228;"A10 ZUID ";"2013";"0";"0";"0";"0";"0";"0";"0";"0";"0";"0";"0";"0";"0";"0";"";"";5.0E-6;-7.0E-6;
229;"A10 ZUID ";"2012";"0";"0";"0";"0";"0";"0";"0";"0";"0";"0";"0";"0";"0";"0";"";"";5.0E-6;-7.0E-6;
230;"A10 ZUID ";"2011";"0";"0";"0";"0";"0";"0";"0";"0";"0";"0";"0";"0";"0";"0";"";"";5.0E-6;-7.0E-6;
231;"A10 ZUID ";"2010";"0";"0";"0";"0";"0";"0";"0";"0";"0";"0";"0";"0";"0";"0";"";"";5.0E-6;-7.0E-6;
232;"AD14";"2020";"26.9";"33.9";"30.2";"27.7";"15.7";"0";"0";"0";"0";"0";"0";"0";"0";"0";"";"";5.0E-6;-7.0E-6;
233;"AD14";"2019";"29.7";"34.3";"24.2";"38.2";"29.6";"24.6";"25.4";"28";"27.2";"29.4";"26.1";"28.6";"35.7";"35.5";"";"";5.0E-6;-7.0E-6;
234;"AD14";"2018";"34";"32.9";"40.7";"28.7";"0";"40";"40.8";"26.7";"0";"29.1";"37.4";"0";"31.6";"31.9";"";"";5.0E-6;-7.0E-6;
235;"AD14";"2017";"39.1";"0";"0";"0";"0";"0";"0";"0";"0";"0";"0";"0";"0";"0";"";"";5.0E-6;-7.0E-6;
236;"AD14";"2016";"0";"0";"0";"0";"0";"0";"0";"0";"0";"0";"0";"0";"0";"0";"";"";5.0E-6;-7.0E-6;
237;"AD14";"2015";"0";"0";"0";"0";"0";"0";"0";"0";"0";"0";"0";"0";"0";"0";"";"";5.0E-6;-7.0E-6;
238;"AD14";"2014";"0";"0";"0";"0";"0";"0";"0";"0";"0";"0";"0";"0";"0";"0";"";"";5.0E-6;-7.0E-6;
239;"AD14";"2013";"0";"0";"0";"0";"0";"0";"0";"0";"0";"0";"0";"0";"0";"0";"";"";5.0E-6;-7.0E-6;
240;"AD14";"2012";"0";"0";"0";"0";"0";"0";"0";"0";"0";"0";"0";"0";"0";"0";"";"";5.0E-6;-7.0E-6;
241;"AD14";"2011";"0";"0";"0";"0";"0";"0";"0";"0";"0";"0";"0";"0";"0";"0";"";"";5.0E-6;-7.0E-6;
242;"AD14";"2010";"0";"0";"0";"0";"0";"0";"0";"0";"0";"0";"0";"0";"0";"0";"";"";5.0E-6;-7.0E-6;
243;"AD7";"2020";"28.9";"33.7";"32.9";"29.4";"19.6";"0";"0";"0";"0";"0";"0";"0";"0";"0";"";"";5.0E-6;-7.0E-6;
244;"AD7";"2019";"33";"39.2";"37.7";"40.3";"31";"29.3";"26.1";"32.9";"33.5";"32.6";"28.8";"28.6";"32.7";"36";"";"";5.0E-6;-7.0E-6;
245;"AD7";"2018";"39";"35.6";"42.5";"28.7";"42.9";"52.3";"38.7";"44";"45.5";"34.1";"39.4";"39.5";"29.7";"34.5";"";"";5.0E-6;-7.0E-6;
246;"AD7";"2017";"42.9";"0";"0";"0";"0";"0";"0";"0";"0";"0";"0";"0";"0";"0";"";"";5.0E-6;-7.0E-6;
247;"AD7";"2016";"0";"0";"0";"0";"0";"0";"0";"0";"0";"0";"0";"0";"0";"0";"";"";5.0E-6;-7.0E-6;
248;"AD7";"2015";"0";"0";"0";"0";"0";"0";"0";"0";"0";"0";"0";"0";"0";"0";"";"";5.0E-6;-7.0E-6;
249;"AD7";"2014";"0";"0";"0";"0";"0";"0";"0";"0";"0";"0";"0";"0";"0";"0";"";"";5.0E-6;-7.0E-6;
250;"AD7";"2013";"0";"0";"0";"0";"0";"0";"0";"0";"0";"0";"0";"0";"0";"0";"";"";5.0E-6;-7.0E-6;
251;"AD7";"2012";"0";"0";"0";"0";"0";"0";"0";"0";"0";"0";"0";"0";"0";"0";"";"";5.0E-6;-7.0E-6;
252;"AD7";"2011";"0";"0";"0";"0";"0";"0";"0";"0";"0";"0";"0";"0";"0";"0";"";"";5.0E-6;-7.0E-6;
253;"AD7";"2010";"0";"0";"0";"0";"0";"0";"0";"0";"0";"0";"0";"0";"0";"0";"";"";5.0E-6;-7.0E-6;
254;"ADM58";"2020";"21.8";"25";"26.3";"18.6";"17.2";"0";"0";"0";"0";"0";"0";"0";"0";"0";"";"";5.0E-6;-7.0E-6;
255;"ADM58";"2019";"23.1";"31.3";"35.8";"26";"24.3";"16.4";"15.1";"15.2";"18.2";"17.3";"20.7";"22";"28.9";"29.3";"";"";5.0E-6;-7.0E-6;
256;"ADM58";"2018";"23.2";"23.1";"30.3";"22.5";"26.5";"23.3";"16.1";"12";"19.7";"19";"23.9";"29.6";"27.8";"27.4";"";"";5.0E-6;-7.0E-6;
257;"ADM58";"2017";"27";"0";"0";"0";"0";"0";"0";"0";"0";"0";"0";"0";"0";"0";"";"";5.0E-6;-7.0E-6;
258;"ADM58";"2016";"27";"0";"0";"0";"0";"0";"0";"0";"0";"0";"0";"0";"0";"0";"";"";5.0E-6;-7.0E-6;
259;"ADM58";"2015";"25.1";"0";"0";"0";"0";"0";"0";"0";"0";"0";"0";"0";"0";"0";"";"";5.0E-6;-7.0E-6;
260;"ADM58";"2014";"28";"0";"0";"0";"0";"0";"0";"0";"0";"0";"0";"0";"0";"0";"";"";5.0E-6;-7.0E-6;
261;"ADM58";"2013";"26";"0";"0";"0";"0";"0";"0";"0";"0";"0";"0";"0";"0";"0";"";"";5.0E-6;-7.0E-6;
262;"ADM58";"2012";"29.6";"0";"0";"0";"0";"0";"0";"0";"0";"0";"0";"0";"0";"0";"";"";5.0E-6;-7.0E-6;
263;"ADM58";"2011";"29.5";"0";"0";"0";"0";"0";"0";"0";"0";"0";"0";"0";"0";"0";"";"";5.0E-6;-7.0E-6;
264;"ADM58";"2010";"28.9";"0";"0";"0";"0";"0";"0";"0";"0";"0";"0";"0";"0";"0";"";"";5.0E-6;-7.0E-6;
265;"AFR212";"2020";"25.5";"31.2";"28.3";"22.5";"20.2";"0";"0";"0";"0";"0";"0";"0";"0";"0";"";"";5.0E-6;-7.0E-6;
266;"AFR212";"2019";"29";"34.3";"41.6";"36.3";"27.5";"25.9";"22.5";"23.9";"24.2";"0";"23.3";"23.9";"30.8";"33.5";"";"";5.0E-6;-7.0E-6;
267;"AFR212";"2018";"32.5";"17.8";"37.8";"27.6";"40.8";"33.4";"36.5";"34.7";"34.1";"28.1";"33.2";"35.5";"31.6";"31.9";"";"";5.0E-6;-7.0E-6;
268;"AFR212";"2017";"34.3";"0";"0";"0";"0";"0";"0";"0";"0";"0";"0";"0";"0";"0";"";"";5.0E-6;-7.0E-6;
269;"AFR212";"2016";"34";"0";"0";"0";"0";"0";"0";"0";"0";"0";"0";"0";"0";"0";"";"";5.0E-6;-7.0E-6;
270;"AFR212";"2015";"0";"0";"0";"0";"0";"0";"0";"0";"0";"0";"0";"0";"0";"0";"";"";5.0E-6;-7.0E-6;
271;"AFR212";"2014";"0";"0";"0";"0";"0";"0";"0";"0";"0";"0";"0";"0";"0";"0";"";"";5.0E-6;-7.0E-6;
272;"AFR212";"2013";"0";"0";"0";"0";"0";"0";"0";"0";"0";"0";"0";"0";"0";"0";"";"";5.0E-6;-7.0E-6;
273;"AFR212";"2012";"0";"0";"0";"0";"0";"0";"0";"0";"0";"0";"0";"0";"0";"0";"";"";5.0E-6;-7.0E-6;
274;"AFR212";"2011";"0";"0";"0";"0";"0";"0";"0";"0";"0";"0";"0";"0";"0";"0";"";"";5.0E-6;-7.0E-6;
275;"AFR212";"2010";"0";"0";"0";"0";"0";"0";"0";"0";"0";"0";"0";"0";"0";"0";"";"";5.0E-6;-7.0E-6;
276;"AL29";"2020";"20.6";"26";"23.2";"15";"18.2";"0";"0";"0";"0";"0";"0";"0";"0";"0";"";"";5.0E-6;-7.0E-6;
277;"AL29";"2019";"23.1";"30.3";"33.8";"23.5";"23.5";"15.5";"0";"15.7";"17.9";"16.4";"19.8";"21.6";"31.4";"27.4";"";"";5.0E-6;-7.0E-6;
278;"AL29";"2018";"22.6";"19.6";"27.4";"24.6";"26.5";"20";"19.3";"12";"18.6";"19";"24.9";"27.6";"29.7";"23.9";"";"";5.0E-6;-7.0E-6;
279;"AL29";"2017";"24.3";"0";"0";"0";"0";"0";"0";"0";"0";"0";"0";"0";"0";"0";"";"";5.0E-6;-7.0E-6;
280;"AL29";"2016";"25.5";"0";"0";"0";"0";"0";"0";"0";"0";"0";"0";"0";"0";"0";"";"";5.0E-6;-7.0E-6;
281;"AL29";"2015";"22.6";"0";"0";"0";"0";"0";"0";"0";"0";"0";"0";"0";"0";"0";"";"";5.0E-6;-7.0E-6;
282;"AL29";"2014";"25";"0";"0";"0";"0";"0";"0";"0";"0";"0";"0";"0";"0";"0";"";"";5.0E-6;-7.0E-6;
283;"AL29";"2013";"25";"0";"0";"0";"0";"0";"0";"0";"0";"0";"0";"0";"0";"0";"";"";5.0E-6;-7.0E-6;
284;"AL29";"2012";"27.6";"0";"0";"0";"0";"0";"0";"0";"0";"0";"0";"0";"0";"0";"";"";5.0E-6;-7.0E-6;
285;"AL29";"2011";"28.3";"0";"0";"0";"0";"0";"0";"0";"0";"0";"0";"0";"0";"0";"";"";5.0E-6;-7.0E-6;
286;"AL29";"2010";"28";"0";"0";"0";"0";"0";"0";"0";"0";"0";"0";"0";"0";"0";"";"";5.0E-6;-7.0E-6;
287;"ALP17";"2020";"21.1";"26.9";"22.7";"16.6";"18.1";"0";"0";"0";"0";"0";"0";"0";"0";"0";"";"";5.0E-6;-7.0E-6;
288;"ALP17";"2019";"24.1";"30.3";"33.8";"27.9";"27.4";"20.3";"17.4";"16.5";"19.2";"18.2";"20.5";"21.8";"29.8";"29.6";"";"";5.0E-6;-7.0E-6;
289;"ALP17";"2018";"25.3";"22.3";"33.1";"26.6";"29.6";"28.9";"24.7";"16";"20.7";"21.1";"22.8";"28.6";"29.7";"24.8";"";"";5.0E-6;-7.0E-6;
290;"ALP17";"2017";"28.1";"0";"0";"0";"0";"0";"0";"0";"0";"0";"0";"0";"0";"0";"";"";5.0E-6;-7.0E-6;
291;"ALP17";"2016";"27";"0";"0";"0";"0";"0";"0";"0";"0";"0";"0";"0";"0";"0";"";"";5.0E-6;-7.0E-6;
292;"ALP17";"2015";"31.1";"0";"0";"0";"0";"0";"0";"0";"0";"0";"0";"0";"0";"0";"";"";5.0E-6;-7.0E-6;
293;"ALP17";"2014";"27.2";"0";"0";"0";"0";"0";"0";"0";"0";"0";"0";"0";"0";"0";"";"";5.0E-6;-7.0E-6;
294;"ALP17";"2013";"28.8";"0";"0";"0";"0";"0";"0";"0";"0";"0";"0";"0";"0";"0";"";"";5.0E-6;-7.0E-6;
295;"ALP17";"2012";"30.4";"0";"0";"0";"0";"0";"0";"0";"0";"0";"0";"0";"0";"0";"";"";5.0E-6;-7.0E-6;
296;"ALP17";"2011";"0";"0";"0";"0";"0";"0";"0";"0";"0";"0";"0";"0";"0";"0";"";"";5.0E-6;-7.0E-6;
297;"ALP17";"2010";"0";"0";"0";"0";"0";"0";"0";"0";"0";"0";"0";"0";"0";"0";"";"";5.0E-6;-7.0E-6;
298;"AMS13";"2020";"26.3";"32.6";"29.1";"26.1";"17.5";"0";"0";"0";"0";"0";"0";"0";"0";"0";"";"";5.0E-6;-7.0E-6;
299;"AMS13";"2019";"33.5";"38.2";"40.6";"34.6";"32.9";"0";"0";"29";"29.6";"31";"31.3";"31.1";"34.7";"35.4";"";"";5.0E-6;-7.0E-6;
300;"AMS13";"2018";"34.8";"30.3";"39.7";"26.6";"36.8";"33.4";"35.4";"24";"36.2";"40.1";"39.4";"44.4";"33.5";"32.7";"";"";5.0E-6;-7.0E-6;
301;"AMS13";"2017";"37.4";"0";"0";"0";"0";"0";"0";"0";"0";"0";"0";"0";"0";"0";"";"";5.0E-6;-7.0E-6;
302;"AMS13";"2016";"0";"0";"0";"0";"0";"0";"0";"0";"0";"0";"0";"0";"0";"0";"";"";5.0E-6;-7.0E-6;
303;"AMS13";"2015";"0";"0";"0";"0";"0";"0";"0";"0";"0";"0";"0";"0";"0";"0";"";"";5.0E-6;-7.0E-6;
304;"AMS13";"2014";"0";"0";"0";"0";"0";"0";"0";"0";"0";"0";"0";"0";"0";"0";"";"";5.0E-6;-7.0E-6;
305;"AMS13";"2013";"0";"0";"0";"0";"0";"0";"0";"0";"0";"0";"0";"0";"0";"0";"";"";5.0E-6;-7.0E-6;
306;"AMS13";"2012";"0";"0";"0";"0";"0";"0";"0";"0";"0";"0";"0";"0";"0";"0";"";"";5.0E-6;-7.0E-6;
307;"AMS13";"2011";"0";"0";"0";"0";"0";"0";"0";"0";"0";"0";"0";"0";"0";"0";"";"";5.0E-6;-7.0E-6;
308;"AMS13";"2010";"0";"0";"0";"0";"0";"0";"0";"0";"0";"0";"0";"0";"0";"0";"";"";5.0E-6;-7.0E-6;
309;"AMS45";"2020";"24.5";"29.7";"27";"22.6";"18.6";"0";"0";"0";"0";"0";"0";"0";"0";"0";"";"";5.0E-6;-7.0E-6;
310;"AMS45";"2019";"29.2";"37.2";"39.6";"35.7";"33.3";"23";"23.3";"23.4";"25.4";"22.6";"26.1";"25.6";"31.9";"32.2";"";"";5.0E-6;-7.0E-6;
311;"AMS45";"2018";"32.1";"27.6";"36.9";"28.7";"33.7";"32.2";"0";"24";"0";"31.1";"36.3";"40.5";"31.6";"30.1";"";"";5.0E-6;-7.0E-6;
312;"AMS45";"2017";"32.6";"0";"0";"0";"0";"0";"0";"0";"0";"0";"0";"0";"0";"0";"";"";5.0E-6;-7.0E-6;
313;"AMS45";"2016";"0";"0";"0";"0";"0";"0";"0";"0";"0";"0";"0";"0";"0";"0";"";"";5.0E-6;-7.0E-6;
314;"AMS45";"2015";"0";"0";"0";"0";"0";"0";"0";"0";"0";"0";"0";"0";"0";"0";"";"";5.0E-6;-7.0E-6;
315;"AMS45";"2014";"0";"0";"0";"0";"0";"0";"0";"0";"0";"0";"0";"0";"0";"0";"";"";5.0E-6;-7.0E-6;
316;"AMS45";"2013";"0";"0";"0";"0";"0";"0";"0";"0";"0";"0";"0";"0";"0";"0";"";"";5.0E-6;-7.0E-6;
317;"AMS45";"2012";"0";"0";"0";"0";"0";"0";"0";"0";"0";"0";"0";"0";"0";"0";"";"";5.0E-6;-7.0E-6;
318;"AMS45";"2011";"0";"0";"0";"0";"0";"0";"0";"0";"0";"0";"0";"0";"0";"0";"";"";5.0E-6;-7.0E-6;
319;"AMS45";"2010";"0";"0";"0";"0";"0";"0";"0";"0";"0";"0";"0";"0";"0";"0";"";"";5.0E-6;-7.0E-6;
320;"AMS46";"2020";"25.7";"30.5";"28.5";"24.6";"19.3";"0";"0";"0";"0";"0";"0";"0";"0";"0";"";"";5.0E-6;-7.0E-6;
321;"AMS46";"2019";"31.9";"39.2";"42.5";"39.5";"34.1";"27.3";"26.1";"25.6";"25.5";"24.2";"27.1";"27.7";"40.8";"35.2";"";"";5.0E-6;-7.0E-6;
322;"AMS46";"2018";"34.8";"31.2";"38.8";"26.6";"34.7";"42.3";"35.4";"26.7";"36.2";"35.1";"38.4";"38.5";"34.5";"33.6";"";"";5.0E-6;-7.0E-6;
323;"AMS46";"2017";"34.7";"0";"0";"0";"0";"0";"0";"0";"0";"0";"0";"0";"0";"0";"";"";5.0E-6;-7.0E-6;
324;"AMS46";"2016";"35.9";"0";"0";"0";"0";"0";"0";"0";"0";"0";"0";"0";"0";"0";"";"";5.0E-6;-7.0E-6;
325;"AMS46";"2015";"34.5";"0";"0";"0";"0";"0";"0";"0";"0";"0";"0";"0";"0";"0";"";"";5.0E-6;-7.0E-6;
326;"AMS46";"2014";"35.8";"0";"0";"0";"0";"0";"0";"0";"0";"0";"0";"0";"0";"0";"";"";5.0E-6;-7.0E-6;
327;"AMS46";"2013";"0";"0";"0";"0";"0";"0";"0";"0";"0";"0";"0";"0";"0";"0";"";"";5.0E-6;-7.0E-6;
328;"AMS46";"2012";"0";"0";"0";"0";"0";"0";"0";"0";"0";"0";"0";"0";"0";"0";"";"";5.0E-6;-7.0E-6;
329;"AMS46";"2011";"39.5";"0";"0";"0";"0";"0";"0";"0";"0";"0";"0";"0";"0";"0";"";"";5.0E-6;-7.0E-6;
330;"AMS46";"2010";"39.8";"0";"0";"0";"0";"0";"0";"0";"0";"0";"0";"0";"0";"0";"";"";5.0E-6;-7.0E-6;
331;"AV9";"2020";"20.1";"25.1";"21.5";"17.1";"16.6";"0";"0";"0";"0";"0";"0";"0";"0";"0";"";"";5.0E-6;-7.0E-6;
332;"AV9";"2019";"23.2";"29.4";"32.9";"26.4";"24.5";"19.1";"15.8";"15.5";"16.9";"18.7";"0";"21.5";"29.5";"28.1";"";"";5.0E-6;-7.0E-6;
333;"AV9";"2018";"26";"24";"31.2";"23.5";"26.5";"26.7";"0";"18.7";"22.8";"21.1";"23.9";"26.6";"40.3";"26.5";"";"";5.0E-6;-7.0E-6;
334;"AV9";"2017";"27";"0";"0";"0";"0";"0";"0";"0";"0";"0";"0";"0";"0";"0";"";"";5.0E-6;-7.0E-6;
335;"AV9";"2016";"27.2";"0";"0";"0";"0";"0";"0";"0";"0";"0";"0";"0";"0";"0";"";"";5.0E-6;-7.0E-6;
336;"AV9";"2015";"26.8";"0";"0";"0";"0";"0";"0";"0";"0";"0";"0";"0";"0";"0";"";"";5.0E-6;-7.0E-6;
337;"AV9";"2014";"26.1";"0";"0";"0";"0";"0";"0";"0";"0";"0";"0";"0";"0";"0";"";"";5.0E-6;-7.0E-6;
338;"AV9";"2013";"26.3";"0";"0";"0";"0";"0";"0";"0";"0";"0";"0";"0";"0";"0";"";"";5.0E-6;-7.0E-6;
339;"AV9";"2012";"0";"0";"0";"0";"0";"0";"0";"0";"0";"0";"0";"0";"0";"0";"";"";5.0E-6;-7.0E-6;
340;"AV9";"2011";"0";"0";"0";"0";"0";"0";"0";"0";"0";"0";"0";"0";"0";"0";"";"";5.0E-6;-7.0E-6;
341;"AV9";"2010";"34.4";"0";"0";"0";"0";"0";"0";"0";"0";"0";"0";"0";"0";"0";"";"";5.0E-6;-7.0E-6;
342;"AVW211";"2020";"22.8";"28.5";"26.2";"17.7";"19";"0";"0";"0";"0";"0";"0";"0";"0";"0";"";"";5.0E-6;-7.0E-6;
343;"AVW211";"2019";"27.6";"33.8";"35.8";"29.2";"26.6";"20.5";"18";"21";"0";"22.7";"0";"0";"35.2";"33.7";"";"";5.0E-6;-7.0E-6;
344;"AVW211";"2018";"28.9";"24";"35.5";"26.6";"31.6";"28.4";"25.2";"28.7";"0";"0";"0";"0";"30.7";"29.6";"";"";5.0E-6;-7.0E-6;
345;"AVW211";"2017";"32.5";"0";"0";"0";"0";"0";"0";"0";"0";"0";"0";"0";"0";"0";"";"";5.0E-6;-7.0E-6;
346;"AVW211";"2016";"37.5";"0";"0";"0";"0";"0";"0";"0";"0";"0";"0";"0";"0";"0";"";"";5.0E-6;-7.0E-6;
347;"AVW211";"2015";"35.6";"0";"0";"0";"0";"0";"0";"0";"0";"0";"0";"0";"0";"0";"";"";5.0E-6;-7.0E-6;
348;"AVW211";"2014";"38.2";"0";"0";"0";"0";"0";"0";"0";"0";"0";"0";"0";"0";"0";"";"";5.0E-6;-7.0E-6;
349;"AVW211";"2013";"38.3";"0";"0";"0";"0";"0";"0";"0";"0";"0";"0";"0";"0";"0";"";"";5.0E-6;-7.0E-6;
350;"AVW211";"2012";"39.8";"0";"0";"0";"0";"0";"0";"0";"0";"0";"0";"0";"0";"0";"";"";5.0E-6;-7.0E-6;
351;"AVW211";"2011";"38.7";"0";"0";"0";"0";"0";"0";"0";"0";"0";"0";"0";"0";"0";"";"";5.0E-6;-7.0E-6;
352;"AVW211";"2010";"42.4";"0";"0";"0";"0";"0";"0";"0";"0";"0";"0";"0";"0";"0";"";"";5.0E-6;-7.0E-6;
353;"AVW390";"2020";"31.3";"34.5";"37.2";"29.5";"23.8";"0";"0";"0";"0";"0";"0";"0";"0";"0";"";"";5.0E-6;-7.0E-6;
354;"AVW390";"2019";"38.2";"43.1";"48.3";"42.4";"41.6";"33.3";"33.2";"32.1";"35.1";"36.1";"35.2";"35.8";"40.4";"40.6";"";"";5.0E-6;-7.0E-6;
355;"AVW390";"2018";"40.2";"0";"50.1";"37.9";"48";"0";"38.7";"32";"36.2";"36.1";"45.7";"0";"39.3";"38.1";"";"";5.0E-6;-7.0E-6;
356;"AVW390";"2017";"50.4";"0";"0";"0";"0";"0";"0";"0";"0";"0";"0";"0";"0";"0";"";"";5.0E-6;-7.0E-6;
357;"AVW390";"2016";"49.6";"0";"0";"0";"0";"0";"0";"0";"0";"0";"0";"0";"0";"0";"";"";5.0E-6;-7.0E-6;
358;"AVW390";"2015";"46.8";"0";"0";"0";"0";"0";"0";"0";"0";"0";"0";"0";"0";"0";"";"";5.0E-6;-7.0E-6;
359;"AVW390";"2014";"47.5";"0";"0";"0";"0";"0";"0";"0";"0";"0";"0";"0";"0";"0";"";"";5.0E-6;-7.0E-6;
360;"AVW390";"2013";"47.1";"0";"0";"0";"0";"0";"0";"0";"0";"0";"0";"0";"0";"0";"";"";5.0E-6;-7.0E-6;
361;"AVW390";"2012";"50.7";"0";"0";"0";"0";"0";"0";"0";"0";"0";"0";"0";"0";"0";"";"";5.0E-6;-7.0E-6;
362;"AVW390";"2011";"50.6";"0";"0";"0";"0";"0";"0";"0";"0";"0";"0";"0";"0";"0";"";"";5.0E-6;-7.0E-6;
363;"AVW390";"2010";"50";"0";"0";"0";"0";"0";"0";"0";"0";"0";"0";"0";"0";"0";"";"";5.0E-6;-7.0E-6;
364;"AVW761";"2020";"27.1";"30.6";"28.9";"22.4";"26.7";"0";"0";"0";"0";"0";"0";"0";"0";"0";"";"";5.0E-6;-7.0E-6;
365;"AVW761";"2019";"35.8";"34.8";"39.1";"32.8";"40.7";"36.4";"33.7";"35.4";"41.3";"36.9";"31.5";"30.1";"39.1";"34.2";"";"";5.0E-6;-7.0E-6;
366;"AVW761";"2018";"37.8";"32.1";"39.2";"41.5";"37.3";"46.7";"37.6";"36";"35.7";"36.1";"40.5";"42.4";"35.5";"31";"";"";5.0E-6;-7.0E-6;
367;"AVW761";"2017";"46.3";"0";"0";"0";"0";"0";"0";"0";"0";"0";"0";"0";"0";"0";"";"";5.0E-6;-7.0E-6;
368;"AVW761";"2016";"46.6";"0";"0";"0";"0";"0";"0";"0";"0";"0";"0";"0";"0";"0";"";"";5.0E-6;-7.0E-6;
369;"AVW761";"2015";"39.7";"0";"0";"0";"0";"0";"0";"0";"0";"0";"0";"0";"0";"0";"";"";5.0E-6;-7.0E-6;
370;"AVW761";"2014";"41.4";"0";"0";"0";"0";"0";"0";"0";"0";"0";"0";"0";"0";"0";"";"";5.0E-6;-7.0E-6;
371;"AVW761";"2013";"45";"0";"0";"0";"0";"0";"0";"0";"0";"0";"0";"0";"0";"0";"";"";5.0E-6;-7.0E-6;
372;"AVW761";"2012";"43.4";"0";"0";"0";"0";"0";"0";"0";"0";"0";"0";"0";"0";"0";"";"";5.0E-6;-7.0E-6;
373;"AVW761";"2011";"46.5";"0";"0";"0";"0";"0";"0";"0";"0";"0";"0";"0";"0";"0";"";"";5.0E-6;-7.0E-6;
374;"AVW761";"2010";"49.6";"0";"0";"0";"0";"0";"0";"0";"0";"0";"0";"0";"0";"0";"";"";5.0E-6;-7.0E-6;
375;"BAN8";"2020";"20";"26";"21.6";"17";"15.5";"0";"0";"0";"0";"0";"0";"0";"0";"0";"";"";5.0E-6;-7.0E-6;
376;"BAN8";"2019";"21.9";"27.4";"32.9";"24.8";"23.8";"15.9";"15.3";"14.9";"16.5";"17";"19";"20.8";"28.4";"27.6";"";"";5.0E-6;-7.0E-6;
377;"BAN8";"2018";"23.3";"21.4";"32.1";"0";"27.6";"21.1";"18.3";"0";"16.6";"18";"21.8";"26.6";"27.8";"24.8";"";"";5.0E-6;-7.0E-6;
378;"BAN8";"2017";"25.4";"0";"0";"0";"0";"0";"0";"0";"0";"0";"0";"0";"0";"0";"";"";5.0E-6;-7.0E-6;
379;"BAN8";"2016";"25.9";"0";"0";"0";"0";"0";"0";"0";"0";"0";"0";"0";"0";"0";"";"";5.0E-6;-7.0E-6;
380;"BAN8";"2015";"24.9";"0";"0";"0";"0";"0";"0";"0";"0";"0";"0";"0";"0";"0";"";"";5.0E-6;-7.0E-6;
381;"BAN8";"2014";"26.6";"0";"0";"0";"0";"0";"0";"0";"0";"0";"0";"0";"0";"0";"";"";5.0E-6;-7.0E-6;
382;"BAN8";"2013";"26.4";"0";"0";"0";"0";"0";"0";"0";"0";"0";"0";"0";"0";"0";"";"";5.0E-6;-7.0E-6;
383;"BAN8";"2012";"29.3";"0";"0";"0";"0";"0";"0";"0";"0";"0";"0";"0";"0";"0";"";"";5.0E-6;-7.0E-6;
384;"BAN8";"2011";"28.2";"0";"0";"0";"0";"0";"0";"0";"0";"0";"0";"0";"0";"0";"";"";5.0E-6;-7.0E-6;
385;"BAN8";"2010";"29.8";"0";"0";"0";"0";"0";"0";"0";"0";"0";"0";"0";"0";"0";"";"";5.0E-6;-7.0E-6;
386;"BIJL738";"2020";"26.7";"31";"30.3";"21.1";"24.6";"0";"0";"0";"0";"0";"0";"0";"0";"0";"";"";5.0E-6;-7.0E-6;
387;"BIJL738";"2019";"33.8";"35.2";"41.6";"32.4";"33.7";"0";"28";"30.3";"38.3";"35.4";"33.9";"27.5";"35.7";"33";"";"";5.0E-6;-7.0E-6;
388;"BIJL738";"2018";"35.6";"27.6";"39.7";"28.7";"34.7";"42.3";"41.9";"34.7";"33.1";"35.1";"38.4";"39.5";"32.6";"34.5";"";"";5.0E-6;-7.0E-6;
389;"BIJL738";"2017";"37.9";"0";"0";"0";"0";"0";"0";"0";"0";"0";"0";"0";"0";"0";"";"";5.0E-6;-7.0E-6;
390;"BIJL738";"2016";"39.2";"0";"0";"0";"0";"0";"0";"0";"0";"0";"0";"0";"0";"0";"";"";5.0E-6;-7.0E-6;
391;"BIJL738";"2015";"35.8";"0";"0";"0";"0";"0";"0";"0";"0";"0";"0";"0";"0";"0";"";"";5.0E-6;-7.0E-6;
392;"BIJL738";"2014";"37.4";"0";"0";"0";"0";"0";"0";"0";"0";"0";"0";"0";"0";"0";"";"";5.0E-6;-7.0E-6;
393;"BIJL738";"2013";"37.6";"0";"0";"0";"0";"0";"0";"0";"0";"0";"0";"0";"0";"0";"";"";5.0E-6;-7.0E-6;
394;"BIJL738";"2012";"40.7";"0";"0";"0";"0";"0";"0";"0";"0";"0";"0";"0";"0";"0";"";"";5.0E-6;-7.0E-6;
395;"BIJL738";"2011";"41.9";"0";"0";"0";"0";"0";"0";"0";"0";"0";"0";"0";"0";"0";"";"";5.0E-6;-7.0E-6;
396;"BIJL738";"2010";"42.3";"0";"0";"0";"0";"0";"0";"0";"0";"0";"0";"0";"0";"0";"";"";5.0E-6;-7.0E-6;
397;"BIN37";"2020";"21.9";"28.7";"25.1";"16.5";"17.3";"0";"0";"0";"0";"0";"0";"0";"0";"0";"";"";5.0E-6;-7.0E-6;
398;"BIN37";"2019";"26.4";"34.3";"36.7";"27.5";"29.9";"23.7";"17.4";"20";"21.5";"21.4";"0";"25.2";"29.4";"29.7";"";"";5.0E-6;-7.0E-6;
399;"BIN37";"2018";"30.4";"26.7";"33.1";"28.7";"37.8";"35.6";"31.1";"28";"30";"25.1";"29.1";"31.6";"29.7";"28.3";"";"";5.0E-6;-7.0E-6;
400;"BIN37";"2017";"30.7";"0";"0";"0";"0";"0";"0";"0";"0";"0";"0";"0";"0";"0";"";"";5.0E-6;-7.0E-6;
401;"BIN37";"2016";"31.5";"0";"0";"0";"0";"0";"0";"0";"0";"0";"0";"0";"0";"0";"";"";5.0E-6;-7.0E-6;
402;"BIN37";"2015";"30.5";"0";"0";"0";"0";"0";"0";"0";"0";"0";"0";"0";"0";"0";"";"";5.0E-6;-7.0E-6;
403;"BIN37";"2014";"32.2";"0";"0";"0";"0";"0";"0";"0";"0";"0";"0";"0";"0";"0";"";"";5.0E-6;-7.0E-6;
404;"BIN37";"2013";"32.4";"0";"0";"0";"0";"0";"0";"0";"0";"0";"0";"0";"0";"0";"";"";5.0E-6;-7.0E-6;
405;"BIN37";"2012";"32.8";"0";"0";"0";"0";"0";"0";"0";"0";"0";"0";"0";"0";"0";"";"";5.0E-6;-7.0E-6;
406;"BIN37";"2011";"33.4";"0";"0";"0";"0";"0";"0";"0";"0";"0";"0";"0";"0";"0";"";"";5.0E-6;-7.0E-6;
407;"BIN37";"2010";"34.8";"0";"0";"0";"0";"0";"0";"0";"0";"0";"0";"0";"0";"0";"";"";5.0E-6;-7.0E-6;
408;"BL1";"2020";"14.8";"0";"0";"0";"14.8";"0";"0";"0";"0";"0";"0";"0";"0";"0";"";"";5.0E-6;-7.0E-6;
409;"BL1";"2019";"0";"0";"0";"0";"0";"0";"0";"0";"0";"0";"0";"0";"0";"0";"";"";5.0E-6;-7.0E-6;
410;"BL1";"2018";"0";"0";"0";"0";"0";"0";"0";"0";"0";"0";"0";"0";"0";"0";"";"";5.0E-6;-7.0E-6;
411;"BL1";"2017";"0";"0";"0";"0";"0";"0";"0";"0";"0";"0";"0";"0";"0";"0";"";"";5.0E-6;-7.0E-6;
412;"BL1";"2016";"0";"0";"0";"0";"0";"0";"0";"0";"0";"0";"0";"0";"0";"0";"";"";5.0E-6;-7.0E-6;
413;"BL1";"2015";"0";"0";"0";"0";"0";"0";"0";"0";"0";"0";"0";"0";"0";"0";"";"";5.0E-6;-7.0E-6;
414;"BL1";"2014";"0";"0";"0";"0";"0";"0";"0";"0";"0";"0";"0";"0";"0";"0";"";"";5.0E-6;-7.0E-6;
415;"BL1";"2013";"0";"0";"0";"0";"0";"0";"0";"0";"0";"0";"0";"0";"0";"0";"";"";5.0E-6;-7.0E-6;
416;"BL1";"2012";"0";"0";"0";"0";"0";"0";"0";"0";"0";"0";"0";"0";"0";"0";"";"";5.0E-6;-7.0E-6;
417;"BL1";"2011";"0";"0";"0";"0";"0";"0";"0";"0";"0";"0";"0";"0";"0";"0";"";"";5.0E-6;-7.0E-6;
418;"BL1";"2010";"0";"0";"0";"0";"0";"0";"0";"0";"0";"0";"0";"0";"0";"0";"";"";5.0E-6;-7.0E-6;
419;"BL2";"2020";"17.6";"0";"0";"0";"17.6";"0";"0";"0";"0";"0";"0";"0";"0";"0";"";"";5.0E-6;-7.0E-6;
420;"BL2";"2019";"0";"0";"0";"0";"0";"0";"0";"0";"0";"0";"0";"0";"0";"0";"";"";5.0E-6;-7.0E-6;
421;"BL2";"2018";"0";"0";"0";"0";"0";"0";"0";"0";"0";"0";"0";"0";"0";"0";"";"";5.0E-6;-7.0E-6;
422;"BL2";"2017";"0";"0";"0";"0";"0";"0";"0";"0";"0";"0";"0";"0";"0";"0";"";"";5.0E-6;-7.0E-6;
423;"BL2";"2016";"0";"0";"0";"0";"0";"0";"0";"0";"0";"0";"0";"0";"0";"0";"";"";5.0E-6;-7.0E-6;
424;"BL2";"2015";"0";"0";"0";"0";"0";"0";"0";"0";"0";"0";"0";"0";"0";"0";"";"";5.0E-6;-7.0E-6;
425;"BL2";"2014";"0";"0";"0";"0";"0";"0";"0";"0";"0";"0";"0";"0";"0";"0";"";"";5.0E-6;-7.0E-6;
426;"BL2";"2013";"0";"0";"0";"0";"0";"0";"0";"0";"0";"0";"0";"0";"0";"0";"";"";5.0E-6;-7.0E-6;
427;"BL2";"2012";"0";"0";"0";"0";"0";"0";"0";"0";"0";"0";"0";"0";"0";"0";"";"";5.0E-6;-7.0E-6;
428;"BL2";"2011";"0";"0";"0";"0";"0";"0";"0";"0";"0";"0";"0";"0";"0";"0";"";"";5.0E-6;-7.0E-6;
429;"BL2";"2010";"0";"0";"0";"0";"0";"0";"0";"0";"0";"0";"0";"0";"0";"0";"";"";5.0E-6;-7.0E-6;
430;"BL3";"2020";"12.9";"0";"0";"0";"12.9";"0";"0";"0";"0";"0";"0";"0";"0";"0";"";"";5.0E-6;-7.0E-6;
431;"BL3";"2019";"0";"0";"0";"0";"0";"0";"0";"0";"0";"0";"0";"0";"0";"0";"";"";5.0E-6;-7.0E-6;
432;"BL3";"2018";"0";"0";"0";"0";"0";"0";"0";"0";"0";"0";"0";"0";"0";"0";"";"";5.0E-6;-7.0E-6;
433;"BL3";"2017";"0";"0";"0";"0";"0";"0";"0";"0";"0";"0";"0";"0";"0";"0";"";"";5.0E-6;-7.0E-6;
434;"BL3";"2016";"0";"0";"0";"0";"0";"0";"0";"0";"0";"0";"0";"0";"0";"0";"";"";5.0E-6;-7.0E-6;
435;"BL3";"2015";"0";"0";"0";"0";"0";"0";"0";"0";"0";"0";"0";"0";"0";"0";"";"";5.0E-6;-7.0E-6;
436;"BL3";"2014";"0";"0";"0";"0";"0";"0";"0";"0";"0";"0";"0";"0";"0";"0";"";"";5.0E-6;-7.0E-6;
437;"BL3";"2013";"0";"0";"0";"0";"0";"0";"0";"0";"0";"0";"0";"0";"0";"0";"";"";5.0E-6;-7.0E-6;
438;"BL3";"2012";"0";"0";"0";"0";"0";"0";"0";"0";"0";"0";"0";"0";"0";"0";"";"";5.0E-6;-7.0E-6;
439;"BL3";"2011";"0";"0";"0";"0";"0";"0";"0";"0";"0";"0";"0";"0";"0";"0";"";"";5.0E-6;-7.0E-6;
440;"BL3";"2010";"0";"0";"0";"0";"0";"0";"0";"0";"0";"0";"0";"0";"0";"0";"";"";5.0E-6;-7.0E-6;
441;"BL4";"2020";"21.5";"0";"0";"0";"21.5";"0";"0";"0";"0";"0";"0";"0";"0";"0";"";"";5.0E-6;-7.0E-6;
442;"BL4";"2019";"0";"0";"0";"0";"0";"0";"0";"0";"0";"0";"0";"0";"0";"0";"";"";5.0E-6;-7.0E-6;
443;"BL4";"2018";"0";"0";"0";"0";"0";"0";"0";"0";"0";"0";"0";"0";"0";"0";"";"";5.0E-6;-7.0E-6;
444;"BL4";"2017";"0";"0";"0";"0";"0";"0";"0";"0";"0";"0";"0";"0";"0";"0";"";"";5.0E-6;-7.0E-6;
445;"BL4";"2016";"0";"0";"0";"0";"0";"0";"0";"0";"0";"0";"0";"0";"0";"0";"";"";5.0E-6;-7.0E-6;
446;"BL4";"2015";"0";"0";"0";"0";"0";"0";"0";"0";"0";"0";"0";"0";"0";"0";"";"";5.0E-6;-7.0E-6;
447;"BL4";"2014";"0";"0";"0";"0";"0";"0";"0";"0";"0";"0";"0";"0";"0";"0";"";"";5.0E-6;-7.0E-6;
448;"BL4";"2013";"0";"0";"0";"0";"0";"0";"0";"0";"0";"0";"0";"0";"0";"0";"";"";5.0E-6;-7.0E-6;
449;"BL4";"2012";"0";"0";"0";"0";"0";"0";"0";"0";"0";"0";"0";"0";"0";"0";"";"";5.0E-6;-7.0E-6;
450;"BL4";"2011";"0";"0";"0";"0";"0";"0";"0";"0";"0";"0";"0";"0";"0";"0";"";"";5.0E-6;-7.0E-6;
451;"BL4";"2010";"0";"0";"0";"0";"0";"0";"0";"0";"0";"0";"0";"0";"0";"0";"";"";5.0E-6;-7.0E-6;
452;"BL5";"2020";"13.4";"0";"0";"0";"13.4";"0";"0";"0";"0";"0";"0";"0";"0";"0";"";"";5.0E-6;-7.0E-6;
453;"BL5";"2019";"0";"0";"0";"0";"0";"0";"0";"0";"0";"0";"0";"0";"0";"0";"";"";5.0E-6;-7.0E-6;
454;"BL5";"2018";"0";"0";"0";"0";"0";"0";"0";"0";"0";"0";"0";"0";"0";"0";"";"";5.0E-6;-7.0E-6;
455;"BL5";"2017";"0";"0";"0";"0";"0";"0";"0";"0";"0";"0";"0";"0";"0";"0";"";"";5.0E-6;-7.0E-6;
456;"BL5";"2016";"0";"0";"0";"0";"0";"0";"0";"0";"0";"0";"0";"0";"0";"0";"";"";5.0E-6;-7.0E-6;
457;"BL5";"2015";"0";"0";"0";"0";"0";"0";"0";"0";"0";"0";"0";"0";"0";"0";"";"";5.0E-6;-7.0E-6;
458;"BL5";"2014";"0";"0";"0";"0";"0";"0";"0";"0";"0";"0";"0";"0";"0";"0";"";"";5.0E-6;-7.0E-6;
459;"BL5";"2013";"0";"0";"0";"0";"0";"0";"0";"0";"0";"0";"0";"0";"0";"0";"";"";5.0E-6;-7.0E-6;
460;"BL5";"2012";"0";"0";"0";"0";"0";"0";"0";"0";"0";"0";"0";"0";"0";"0";"";"";5.0E-6;-7.0E-6;
461;"BL5";"2011";"0";"0";"0";"0";"0";"0";"0";"0";"0";"0";"0";"0";"0";"0";"";"";5.0E-6;-7.0E-6;
462;"BL5";"2010";"0";"0";"0";"0";"0";"0";"0";"0";"0";"0";"0";"0";"0";"0";"";"";5.0E-6;-7.0E-6;
463;"BL6";"2020";"19.6";"0";"0";"0";"19.6";"0";"0";"0";"0";"0";"0";"0";"0";"0";"";"";5.0E-6;-7.0E-6;
464;"BL6";"2019";"0";"0";"0";"0";"0";"0";"0";"0";"0";"0";"0";"0";"0";"0";"";"";5.0E-6;-7.0E-6;
465;"BL6";"2018";"0";"0";"0";"0";"0";"0";"0";"0";"0";"0";"0";"0";"0";"0";"";"";5.0E-6;-7.0E-6;
466;"BL6";"2017";"0";"0";"0";"0";"0";"0";"0";"0";"0";"0";"0";"0";"0";"0";"";"";5.0E-6;-7.0E-6;
467;"BL6";"2016";"0";"0";"0";"0";"0";"0";"0";"0";"0";"0";"0";"0";"0";"0";"";"";5.0E-6;-7.0E-6;
468;"BL6";"2015";"0";"0";"0";"0";"0";"0";"0";"0";"0";"0";"0";"0";"0";"0";"";"";5.0E-6;-7.0E-6;
469;"BL6";"2014";"0";"0";"0";"0";"0";"0";"0";"0";"0";"0";"0";"0";"0";"0";"";"";5.0E-6;-7.0E-6;
470;"BL6";"2013";"0";"0";"0";"0";"0";"0";"0";"0";"0";"0";"0";"0";"0";"0";"";"";5.0E-6;-7.0E-6;
471;"BL6";"2012";"0";"0";"0";"0";"0";"0";"0";"0";"0";"0";"0";"0";"0";"0";"";"";5.0E-6;-7.0E-6;
472;"BL6";"2011";"0";"0";"0";"0";"0";"0";"0";"0";"0";"0";"0";"0";"0";"0";"";"";5.0E-6;-7.0E-6;
473;"BL6";"2010";"0";"0";"0";"0";"0";"0";"0";"0";"0";"0";"0";"0";"0";"0";"";"";5.0E-6;-7.0E-6;
474;"BL7";"2020";"15.3";"0";"0";"0";"15.3";"0";"0";"0";"0";"0";"0";"0";"0";"0";"";"";5.0E-6;-7.0E-6;
475;"BL7";"2019";"0";"0";"0";"0";"0";"0";"0";"0";"0";"0";"0";"0";"0";"0";"";"";5.0E-6;-7.0E-6;
476;"BL7";"2018";"0";"0";"0";"0";"0";"0";"0";"0";"0";"0";"0";"0";"0";"0";"";"";5.0E-6;-7.0E-6;
477;"BL7";"2017";"0";"0";"0";"0";"0";"0";"0";"0";"0";"0";"0";"0";"0";"0";"";"";5.0E-6;-7.0E-6;
478;"BL7";"2016";"0";"0";"0";"0";"0";"0";"0";"0";"0";"0";"0";"0";"0";"0";"";"";5.0E-6;-7.0E-6;
479;"BL7";"2015";"0";"0";"0";"0";"0";"0";"0";"0";"0";"0";"0";"0";"0";"0";"";"";5.0E-6;-7.0E-6;
480;"BL7";"2014";"0";"0";"0";"0";"0";"0";"0";"0";"0";"0";"0";"0";"0";"0";"";"";5.0E-6;-7.0E-6;
481;"BL7";"2013";"0";"0";"0";"0";"0";"0";"0";"0";"0";"0";"0";"0";"0";"0";"";"";5.0E-6;-7.0E-6;
482;"BL7";"2012";"0";"0";"0";"0";"0";"0";"0";"0";"0";"0";"0";"0";"0";"0";"";"";5.0E-6;-7.0E-6;
483;"BL7";"2011";"0";"0";"0";"0";"0";"0";"0";"0";"0";"0";"0";"0";"0";"0";"";"";5.0E-6;-7.0E-6;
484;"BL7";"2010";"0";"0";"0";"0";"0";"0";"0";"0";"0";"0";"0";"0";"0";"0";"";"";5.0E-6;-7.0E-6;
485;"BLM93";"2020";"22.9";"28.6";"24.4";"19.6";"19.1";"0";"0";"0";"0";"0";"0";"0";"0";"0";"";"";5.0E-6;-7.0E-6;
486;"BLM93";"2019";"26.7";"33.3";"37.7";"29.8";"30.3";"22.5";"19.9";"19";"21.6";"21.5";"21.9";"25.2";"34.2";"29.6";"";"";5.0E-6;-7.0E-6;
487;"BLM93";"2018";"30.8";"27.6";"35.9";"30.7";"40.8";"42.3";"26.8";"20";"24.8";"25.1";"30.1";"33.6";"33.5";"29.2";"";"";5.0E-6;-7.0E-6;
488;"BLM93";"2017";"31.1";"0";"0";"0";"0";"0";"0";"0";"0";"0";"0";"0";"0";"0";"";"";5.0E-6;-7.0E-6;
489;"BLM93";"2016";"30.2";"0";"0";"0";"0";"0";"0";"0";"0";"0";"0";"0";"0";"0";"";"";5.0E-6;-7.0E-6;
490;"BLM93";"2015";"29.2";"0";"0";"0";"0";"0";"0";"0";"0";"0";"0";"0";"0";"0";"";"";5.0E-6;-7.0E-6;
491;"BLM93";"2014";"31.8";"0";"0";"0";"0";"0";"0";"0";"0";"0";"0";"0";"0";"0";"";"";5.0E-6;-7.0E-6;
492;"BLM93";"2013";"31.1";"0";"0";"0";"0";"0";"0";"0";"0";"0";"0";"0";"0";"0";"";"";5.0E-6;-7.0E-6;
493;"BLM93";"2012";"33";"0";"0";"0";"0";"0";"0";"0";"0";"0";"0";"0";"0";"0";"";"";5.0E-6;-7.0E-6;
494;"BLM93";"2011";"32.4";"0";"0";"0";"0";"0";"0";"0";"0";"0";"0";"0";"0";"0";"";"";5.0E-6;-7.0E-6;
495;"BLM93";"2010";"33.8";"0";"0";"0";"0";"0";"0";"0";"0";"0";"0";"0";"0";"0";"";"";5.0E-6;-7.0E-6;
496;"BOR143";"2020";"21";"27.4";"23.2";"17.4";"16";"0";"0";"0";"0";"0";"0";"0";"0";"0";"";"";5.0E-6;-7.0E-6;
497;"BOR143";"2019";"22.9";"30.3";"34.8";"29";"23.1";"16.5";"14.8";"12.4";"17.2";"15.9";"20";"0";"32.1";"28.5";"";"";5.0E-6;-7.0E-6;
498;"BOR143";"2018";"23.5";"24";"30.3";"24.6";"27.6";"25.6";"15";"8";"0";"18";"22.8";"27.6";"31.6";"26.5";"";"";5.0E-6;-7.0E-6;
499;"BOR143";"2017";"25.7";"0";"0";"0";"0";"0";"0";"0";"0";"0";"0";"0";"0";"0";"";"";5.0E-6;-7.0E-6;
500;"BOR143";"2016";"26.9";"0";"0";"0";"0";"0";"0";"0";"0";"0";"0";"0";"0";"0";"";"";5.0E-6;-7.0E-6;
501;"BOR143";"2015";"25.9";"0";"0";"0";"0";"0";"0";"0";"0";"0";"0";"0";"0";"0";"";"";5.0E-6;-7.0E-6;
502;"BOR143";"2014";"29";"0";"0";"0";"0";"0";"0";"0";"0";"0";"0";"0";"0";"0";"";"";5.0E-6;-7.0E-6;
503;"BOR143";"2013";"28.6";"0";"0";"0";"0";"0";"0";"0";"0";"0";"0";"0";"0";"0";"";"";5.0E-6;-7.0E-6;
504;"BOR143";"2012";"29.5";"0";"0";"0";"0";"0";"0";"0";"0";"0";"0";"0";"0";"0";"";"";5.0E-6;-7.0E-6;
505;"BOR143";"2011";"0";"0";"0";"0";"0";"0";"0";"0";"0";"0";"0";"0";"0";"0";"";"";5.0E-6;-7.0E-6;
506;"BOR143";"2010";"29";"0";"0";"0";"0";"0";"0";"0";"0";"0";"0";"0";"0";"0";"";"";5.0E-6;-7.0E-6;
507;"BOR79";"2020";"25.3";"31.7";"27.8";"20.2";"21.6";"0";"0";"0";"0";"0";"0";"0";"0";"0";"";"";5.0E-6;-7.0E-6;
508;"BOR79";"2019";"29.2";"37.2";"41.6";"33.2";"30.1";"25.6";"22.3";"22.7";"26.8";"23.3";"25.4";"24.8";"33.5";"33.4";"";"";5.0E-6;-7.0E-6;
509;"BOR79";"2018";"31.4";"28.5";"36.9";"28.7";"32.7";"32.2";"33.3";"22.7";"33.1";"25.1";"33.2";"35.5";"34.5";"31.9";"";"";5.0E-6;-7.0E-6;
510;"BOR79";"2017";"34.5";"0";"0";"0";"0";"0";"0";"0";"0";"0";"0";"0";"0";"0";"";"";5.0E-6;-7.0E-6;
511;"BOR79";"2016";"37.4";"0";"0";"0";"0";"0";"0";"0";"0";"0";"0";"0";"0";"0";"";"";5.0E-6;-7.0E-6;
512;"BOR79";"2015";"34.2";"0";"0";"0";"0";"0";"0";"0";"0";"0";"0";"0";"0";"0";"";"";5.0E-6;-7.0E-6;
513;"BOR79";"2014";"36.8";"0";"0";"0";"0";"0";"0";"0";"0";"0";"0";"0";"0";"0";"";"";5.0E-6;-7.0E-6;
514;"BOR79";"2013";"35.3";"0";"0";"0";"0";"0";"0";"0";"0";"0";"0";"0";"0";"0";"";"";5.0E-6;-7.0E-6;
515;"BOR79";"2012";"37.4";"0";"0";"0";"0";"0";"0";"0";"0";"0";"0";"0";"0";"0";"";"";5.0E-6;-7.0E-6;
516;"BOR79";"2011";"37.4";"0";"0";"0";"0";"0";"0";"0";"0";"0";"0";"0";"0";"0";"";"";5.0E-6;-7.0E-6;
517;"BOR79";"2010";"38.9";"0";"0";"0";"0";"0";"0";"0";"0";"0";"0";"0";"0";"0";"";"";5.0E-6;-7.0E-6;
518;"BRAN4";"2020";"23.5";"28.2";"28.1";"18.2";"19.7";"0";"0";"0";"0";"0";"0";"0";"0";"0";"";"";5.0E-6;-7.0E-6;
519;"BRAN4";"2019";"27.6";"33.3";"36.7";"32.1";"26.7";"21.6";"18.8";"20.9";"24.4";"26.4";"25";"0";"33.6";"32";"";"";5.0E-6;-7.0E-6;
520;"BRAN4";"2018";"27.5";"25.8";"33.1";"26.6";"28.6";"31.1";"21.5";"17.3";"25.9";"24.1";"28";"32.6";"32.6";"30.1";"";"";5.0E-6;-7.0E-6;
521;"BRAN4";"2017";"32.3";"0";"0";"0";"0";"0";"0";"0";"0";"0";"0";"0";"0";"0";"";"";5.0E-6;-7.0E-6;
522;"BRAN4";"2016";"30.7";"0";"0";"0";"0";"0";"0";"0";"0";"0";"0";"0";"0";"0";"";"";5.0E-6;-7.0E-6;
523;"BRAN4";"2015";"31.2";"0";"0";"0";"0";"0";"0";"0";"0";"0";"0";"0";"0";"0";"";"";5.0E-6;-7.0E-6;
524;"BRAN4";"2014";"31.4";"0";"0";"0";"0";"0";"0";"0";"0";"0";"0";"0";"0";"0";"";"";5.0E-6;-7.0E-6;
525;"BRAN4";"2013";"30.9";"0";"0";"0";"0";"0";"0";"0";"0";"0";"0";"0";"0";"0";"";"";5.0E-6;-7.0E-6;
526;"BRAN4";"2012";"34.8";"0";"0";"0";"0";"0";"0";"0";"0";"0";"0";"0";"0";"0";"";"";5.0E-6;-7.0E-6;
527;"BRAN4";"2011";"35.7";"0";"0";"0";"0";"0";"0";"0";"0";"0";"0";"0";"0";"0";"";"";5.0E-6;-7.0E-6;
528;"BRAN4";"2010";"36.3";"0";"0";"0";"0";"0";"0";"0";"0";"0";"0";"0";"0";"0";"";"";5.0E-6;-7.0E-6;
529;"BS19";"2020";"27.3";"34.2";"28.4";"26";"20.7";"0";"0";"0";"0";"0";"0";"0";"0";"0";"";"";5.0E-6;-7.0E-6;
530;"BS19";"2019";"34.3";"43.1";"40.6";"39.2";"41.6";"33.1";"28.5";"30.6";"31.7";"31";"28.6";"27.7";"35.6";"0";"";"";5.0E-6;-7.0E-6;
531;"BS19";"2018";"38.4";"31.2";"38.8";"31.7";"42.9";"50";"46.2";"34.7";"42.4";"32.1";"36.3";"41.5";"36.4";"34.5";"";"";5.0E-6;-7.0E-6;
532;"BS19";"2017";"0";"0";"0";"0";"0";"0";"0";"0";"0";"0";"0";"0";"0";"0";"";"";5.0E-6;-7.0E-6;
533;"BS19";"2016";"42.7";"0";"0";"0";"0";"0";"0";"0";"0";"0";"0";"0";"0";"0";"";"";5.0E-6;-7.0E-6;
534;"BS19";"2015";"42.6";"0";"0";"0";"0";"0";"0";"0";"0";"0";"0";"0";"0";"0";"";"";5.0E-6;-7.0E-6;
535;"BS19";"2014";"43.7";"0";"0";"0";"0";"0";"0";"0";"0";"0";"0";"0";"0";"0";"";"";5.0E-6;-7.0E-6;
536;"BS19";"2013";"42.1";"0";"0";"0";"0";"0";"0";"0";"0";"0";"0";"0";"0";"0";"";"";5.0E-6;-7.0E-6;
537;"BS19";"2012";"43.4";"0";"0";"0";"0";"0";"0";"0";"0";"0";"0";"0";"0";"0";"";"";5.0E-6;-7.0E-6;
538;"BS19";"2011";"43.2";"0";"0";"0";"0";"0";"0";"0";"0";"0";"0";"0";"0";"0";"";"";5.0E-6;-7.0E-6;
539;"BS19";"2010";"44.6";"0";"0";"0";"0";"0";"0";"0";"0";"0";"0";"0";"0";"0";"";"";5.0E-6;-7.0E-6;
540;"CCL137";"2020";"25.3";"31.7";"27.8";"23.2";"18.2";"0";"0";"0";"0";"0";"0";"0";"0";"0";"";"";5.0E-6;-7.0E-6;
541;"CCL137";"2019";"29.7";"32.3";"38.7";"34";"0";"23.4";"25.1";"24.1";"26.4";"28";"27.7";"0";"32.9";"33.9";"";"";5.0E-6;-7.0E-6;
542;"CCL137";"2018";"29.5";"28.5";"39.7";"28.7";"33.7";"33.4";"21.5";"18.7";"24.8";"26.1";"34.3";"38.5";"29.7";"26.5";"";"";5.0E-6;-7.0E-6;
543;"CCL137";"2017";"34.2";"0";"0";"0";"0";"0";"0";"0";"0";"0";"0";"0";"0";"0";"";"";5.0E-6;-7.0E-6;
544;"CCL137";"2016";"32.9";"0";"0";"0";"0";"0";"0";"0";"0";"0";"0";"0";"0";"0";"";"";5.0E-6;-7.0E-6;
545;"CCL137";"2015";"31.4";"0";"0";"0";"0";"0";"0";"0";"0";"0";"0";"0";"0";"0";"";"";5.0E-6;-7.0E-6;
546;"CCL137";"2014";"32.1";"0";"0";"0";"0";"0";"0";"0";"0";"0";"0";"0";"0";"0";"";"";5.0E-6;-7.0E-6;
547;"CCL137";"2013";"30.5";"0";"0";"0";"0";"0";"0";"0";"0";"0";"0";"0";"0";"0";"";"";5.0E-6;-7.0E-6;
548;"CCL137";"2012";"36";"0";"0";"0";"0";"0";"0";"0";"0";"0";"0";"0";"0";"0";"";"";5.0E-6;-7.0E-6;
549;"CCL137";"2011";"35.5";"0";"0";"0";"0";"0";"0";"0";"0";"0";"0";"0";"0";"0";"";"";5.0E-6;-7.0E-6;
550;"CCL137";"2010";"36";"0";"0";"0";"0";"0";"0";"0";"0";"0";"0";"0";"0";"0";"";"";5.0E-6;-7.0E-6;
551;"CHL10";"2020";"22.6";"27.4";"26.1";"17";"20";"0";"0";"0";"0";"0";"0";"0";"0";"0";"";"";5.0E-6;-7.0E-6;
552;"CHL10";"2019";"24.9";"30.3";"35.8";"25.4";"24.5";"19.1";"17.2";"18.7";"20.4";"19.7";"25.3";"24.5";"32.8";"30.4";"";"";5.0E-6;-7.0E-6;
553;"CHL10";"2018";"28.1";"24";"34";"22.5";"29.6";"31.1";"25.8";"13.3";"40.3";"23.1";"27";"32.6";"33.5";"28.3";"";"";5.0E-6;-7.0E-6;
554;"CHL10";"2017";"28.4";"0";"0";"0";"0";"0";"0";"0";"0";"0";"0";"0";"0";"0";"";"";5.0E-6;-7.0E-6;
555;"CHL10";"2016";"28.9";"0";"0";"0";"0";"0";"0";"0";"0";"0";"0";"0";"0";"0";"";"";5.0E-6;-7.0E-6;
556;"CHL10";"2015";"28.4";"0";"0";"0";"0";"0";"0";"0";"0";"0";"0";"0";"0";"0";"";"";5.0E-6;-7.0E-6;
557;"CHL10";"2014";"29.6";"0";"0";"0";"0";"0";"0";"0";"0";"0";"0";"0";"0";"0";"";"";5.0E-6;-7.0E-6;
558;"CHL10";"2013";"0";"0";"0";"0";"0";"0";"0";"0";"0";"0";"0";"0";"0";"0";"";"";5.0E-6;-7.0E-6;
559;"CHL10";"2012";"0";"0";"0";"0";"0";"0";"0";"0";"0";"0";"0";"0";"0";"0";"";"";5.0E-6;-7.0E-6;
560;"CHL10";"2011";"0";"0";"0";"0";"0";"0";"0";"0";"0";"0";"0";"0";"0";"0";"";"";5.0E-6;-7.0E-6;
561;"CHL10";"2010";"0";"0";"0";"0";"0";"0";"0";"0";"0";"0";"0";"0";"0";"0";"";"";5.0E-6;-7.0E-6;
562;"COBA10";"2020";"17.6";"21.2";"20.9";"14.1";"14.4";"0";"0";"0";"0";"0";"0";"0";"0";"0";"";"";5.0E-6;-7.0E-6;
563;"COBA10";"2019";"19.3";"24.5";"30";"22.8";"21.8";"14.7";"8";"12.6";"12.2";"14.7";"17.8";"18.3";"28.4";"25.7";"";"";5.0E-6;-7.0E-6;
564;"COBA10";"2018";"20.5";"19.6";"26.5";"23.5";"21.4";"20";"17.2";"10.7";"15.5";"17";"0";"25.7";"27.8";"21.2";"";"";5.0E-6;-7.0E-6;
565;"COBA10";"2017";"22.1";"0";"0";"0";"0";"0";"0";"0";"0";"0";"0";"0";"0";"0";"";"";5.0E-6;-7.0E-6;
566;"COBA10";"2016";"23.1";"0";"0";"0";"0";"0";"0";"0";"0";"0";"0";"0";"0";"0";"";"";5.0E-6;-7.0E-6;
567;"COBA10";"2015";"22.1";"0";"0";"0";"0";"0";"0";"0";"0";"0";"0";"0";"0";"0";"";"";5.0E-6;-7.0E-6;
568;"COBA10";"2014";"23.1";"0";"0";"0";"0";"0";"0";"0";"0";"0";"0";"0";"0";"0";"";"";5.0E-6;-7.0E-6;
569;"COBA10";"2013";"23.7";"0";"0";"0";"0";"0";"0";"0";"0";"0";"0";"0";"0";"0";"";"";5.0E-6;-7.0E-6;
570;"COBA10";"2012";"24.4";"0";"0";"0";"0";"0";"0";"0";"0";"0";"0";"0";"0";"0";"";"";5.0E-6;-7.0E-6;
571;"COBA10";"2011";"24.6";"0";"0";"0";"0";"0";"0";"0";"0";"0";"0";"0";"0";"0";"";"";5.0E-6;-7.0E-6;
572;"COBA10";"2010";"26.8";"0";"0";"0";"0";"0";"0";"0";"0";"0";"0";"0";"0";"0";"";"";5.0E-6;-7.0E-6;
573;"CON";"2020";"24.5";"30";"26.7";"20.5";"20.9";"0";"0";"0";"0";"0";"0";"0";"0";"0";"";"";5.0E-6;-7.0E-6;
574;"CON";"2019";"32.3";"40.1";"40.6";"29.6";"42.4";"34.4";"27";"0";"21";"23.5";"28.5";"27.8";"39.6";"33.6";"";"";5.0E-6;-7.0E-6;
575;"CON";"2018";"33.7";"29.4";"36.9";"35.8";"36.8";"32.2";"36.5";"14.7";"36.2";"29.1";"38.4";"41.5";"37.4";"32.7";"";"";5.0E-6;-7.0E-6;
576;"CON";"2017";"37.2";"0";"0";"0";"0";"0";"0";"0";"0";"0";"0";"0";"0";"0";"";"";5.0E-6;-7.0E-6;
577;"CON";"2016";"36.3";"0";"0";"0";"0";"0";"0";"0";"0";"0";"0";"0";"0";"0";"";"";5.0E-6;-7.0E-6;
578;"CON";"2015";"0";"0";"0";"0";"0";"0";"0";"0";"0";"0";"0";"0";"0";"0";"";"";5.0E-6;-7.0E-6;
579;"CON";"2014";"0";"0";"0";"0";"0";"0";"0";"0";"0";"0";"0";"0";"0";"0";"";"";5.0E-6;-7.0E-6;
580;"CON";"2013";"0";"0";"0";"0";"0";"0";"0";"0";"0";"0";"0";"0";"0";"0";"";"";5.0E-6;-7.0E-6;
581;"CON";"2012";"0";"0";"0";"0";"0";"0";"0";"0";"0";"0";"0";"0";"0";"0";"";"";5.0E-6;-7.0E-6;
582;"CON";"2011";"0";"0";"0";"0";"0";"0";"0";"0";"0";"0";"0";"0";"0";"0";"";"";5.0E-6;-7.0E-6;
583;"CON";"2010";"0";"0";"0";"0";"0";"0";"0";"0";"0";"0";"0";"0";"0";"0";"";"";5.0E-6;-7.0E-6;
584;"CVT9";"2020";"19.2";"22.6";"22.7";"16.3";"15.4";"0";"0";"0";"0";"0";"0";"0";"0";"0";"";"";5.0E-6;-7.0E-6;
585;"CVT9";"2019";"20.6";"26.4";"31.9";"24.4";"20.8";"15.7";"6.5";"14.2";"18";"17.4";"20";"18";"27.3";"26.9";"";"";5.0E-6;-7.0E-6;
586;"CVT9";"2018";"21.3";"20.5";"28.4";"20.5";"25.5";"18.9";"15";"10.7";"16.6";"19";"24.9";"25.7";"26.8";"23.9";"";"";5.0E-6;-7.0E-6;
587;"CVT9";"2017";"25.2";"0";"0";"0";"0";"0";"0";"0";"0";"0";"0";"0";"0";"0";"";"";5.0E-6;-7.0E-6;
588;"CVT9";"2016";"25.1";"0";"0";"0";"0";"0";"0";"0";"0";"0";"0";"0";"0";"0";"";"";5.0E-6;-7.0E-6;
589;"CVT9";"2015";"23.2";"0";"0";"0";"0";"0";"0";"0";"0";"0";"0";"0";"0";"0";"";"";5.0E-6;-7.0E-6;
590;"CVT9";"2014";"26.9";"0";"0";"0";"0";"0";"0";"0";"0";"0";"0";"0";"0";"0";"";"";5.0E-6;-7.0E-6;
591;"CVT9";"2013";"25.4";"0";"0";"0";"0";"0";"0";"0";"0";"0";"0";"0";"0";"0";"";"";5.0E-6;-7.0E-6;
592;"CVT9";"2012";"26.5";"0";"0";"0";"0";"0";"0";"0";"0";"0";"0";"0";"0";"0";"";"";5.0E-6;-7.0E-6;
593;"CVT9";"2011";"0";"0";"0";"0";"0";"0";"0";"0";"0";"0";"0";"0";"0";"0";"";"";5.0E-6;-7.0E-6;
594;"CVT9";"2010";"26.1";"0";"0";"0";"0";"0";"0";"0";"0";"0";"0";"0";"0";"0";"";"";5.0E-6;-7.0E-6;
595;"DAM 243";"2020";"23.4";"28";"25.8";"21.1";"18.7";"0";"0";"0";"0";"0";"0";"0";"0";"0";"";"";5.0E-6;-7.0E-6;
596;"DAM 243";"2019";"31.5";"32.8";"35.8";"29.8";"38.4";"33.8";"25.6";"28.1";"29.9";"29.9";"29.6";"28.3";"35.9";"31.2";"";"";5.0E-6;-7.0E-6;
597;"DAM 243";"2018";"35.6";"31.2";"37.8";"36.3";"47.5";"45";"0";"26.7";"33.6";"32.1";"32.7";"39";"36.4";"29.2";"";"";5.0E-6;-7.0E-6;
598;"DAM 243";"2017";"39.3";"0";"0";"0";"0";"0";"0";"0";"0";"0";"0";"0";"0";"0";"";"";5.0E-6;-7.0E-6;
599;"DAM 243";"2016";"39.7";"0";"0";"0";"0";"0";"0";"0";"0";"0";"0";"0";"0";"0";"";"";5.0E-6;-7.0E-6;
600;"DAM 243";"2015";"39.7";"0";"0";"0";"0";"0";"0";"0";"0";"0";"0";"0";"0";"0";"";"";5.0E-6;-7.0E-6;
601;"DAM 243";"2014";"0";"0";"0";"0";"0";"0";"0";"0";"0";"0";"0";"0";"0";"0";"";"";5.0E-6;-7.0E-6;
602;"DAM 243";"2013";"49.8";"0";"0";"0";"0";"0";"0";"0";"0";"0";"0";"0";"0";"0";"";"";5.0E-6;-7.0E-6;
603;"DAM 243";"2012";"50.3";"0";"0";"0";"0";"0";"0";"0";"0";"0";"0";"0";"0";"0";"";"";5.0E-6;-7.0E-6;
604;"DAM 243";"2011";"50.7";"0";"0";"0";"0";"0";"0";"0";"0";"0";"0";"0";"0";"0";"";"";5.0E-6;-7.0E-6;
605;"DAM 243";"2010";"49.9";"0";"0";"0";"0";"0";"0";"0";"0";"0";"0";"0";"0";"0";"";"";5.0E-6;-7.0E-6;
606;"DAM23";"2020";"30.9";"37.1";"32.3";"33.7";"20.6";"0";"0";"0";"0";"0";"0";"0";"0";"0";"";"";5.0E-6;-7.0E-6;
607;"DAM23";"2019";"38.7";"47";"48.3";"44";"43.1";"36.8";"32.4";"32.6";"33.6";"36.7";"0";"29.2";"41.2";"39.2";"";"";5.0E-6;-7.0E-6;
608;"DAM23";"2018";"43.7";"48.1";"41.6";"39.9";"54.1";"51.1";"46.2";"33.3";"48.6";"37.1";"38.4";"46.4";"41.2";"41.6";"";"";5.0E-6;-7.0E-6;
609;"DAM23";"2017";"50.1";"0";"0";"0";"0";"0";"0";"0";"0";"0";"0";"0";"0";"0";"";"";5.0E-6;-7.0E-6;
610;"DAM23";"2016";"47.2";"0";"0";"0";"0";"0";"0";"0";"0";"0";"0";"0";"0";"0";"";"";5.0E-6;-7.0E-6;
611;"DAM23";"2015";"45.3";"0";"0";"0";"0";"0";"0";"0";"0";"0";"0";"0";"0";"0";"";"";5.0E-6;-7.0E-6;
612;"DAM23";"2014";"46.7";"0";"0";"0";"0";"0";"0";"0";"0";"0";"0";"0";"0";"0";"";"";5.0E-6;-7.0E-6;
613;"DAM23";"2013";"46.4";"0";"0";"0";"0";"0";"0";"0";"0";"0";"0";"0";"0";"0";"";"";5.0E-6;-7.0E-6;
614;"DAM23";"2012";"48.8";"0";"0";"0";"0";"0";"0";"0";"0";"0";"0";"0";"0";"0";"";"";5.0E-6;-7.0E-6;
615;"DAM23";"2011";"0";"0";"0";"0";"0";"0";"0";"0";"0";"0";"0";"0";"0";"0";"";"";5.0E-6;-7.0E-6;
616;"DAM23";"2010";"0";"0";"0";"0";"0";"0";"0";"0";"0";"0";"0";"0";"0";"0";"";"";5.0E-6;-7.0E-6;
617;"DD12";"2020";"18.9";"21.9";"21.9";"15.6";"16.2";"0";"0";"0";"0";"0";"0";"0";"0";"0";"";"";5.0E-6;-7.0E-6;
618;"DD12";"2019";"21.4";"25.9";"30.4";"0";"22.2";"16.6";"14.4";"16.4";"18.4";"17.6";"20.5";"0";"26.5";"26.1";"";"";5.0E-6;-7.0E-6;
619;"DD12";"2018";"22.6";"21.8";"30.3";"22.5";"28.1";"20";"19.3";"16.7";"17.6";"19.6";"22.8";"26.6";"25.9";"22.6";"";"";5.0E-6;-7.0E-6;
620;"DD12";"2017";"0";"0";"0";"0";"0";"0";"0";"0";"0";"0";"0";"0";"0";"0";"";"";5.0E-6;-7.0E-6;
621;"DD12";"2016";"0";"0";"0";"0";"0";"0";"0";"0";"0";"0";"0";"0";"0";"0";"";"";5.0E-6;-7.0E-6;
622;"DD12";"2015";"0";"0";"0";"0";"0";"0";"0";"0";"0";"0";"0";"0";"0";"0";"";"";5.0E-6;-7.0E-6;
623;"DD12";"2014";"0";"0";"0";"0";"0";"0";"0";"0";"0";"0";"0";"0";"0";"0";"";"";5.0E-6;-7.0E-6;
624;"DD12";"2013";"0";"0";"0";"0";"0";"0";"0";"0";"0";"0";"0";"0";"0";"0";"";"";5.0E-6;-7.0E-6;
625;"DD12";"2012";"0";"0";"0";"0";"0";"0";"0";"0";"0";"0";"0";"0";"0";"0";"";"";5.0E-6;-7.0E-6;
626;"DD12";"2011";"0";"0";"0";"0";"0";"0";"0";"0";"0";"0";"0";"0";"0";"0";"";"";5.0E-6;-7.0E-6;
627;"DD12";"2010";"0";"0";"0";"0";"0";"0";"0";"0";"0";"0";"0";"0";"0";"0";"";"";5.0E-6;-7.0E-6;
628;"DD13";"2020";"25";"28.6";"27.3";"22.7";"21.5";"0";"0";"0";"0";"0";"0";"0";"0";"0";"";"";5.0E-6;-7.0E-6;
629;"DD13";"2019";"29";"35.7";"36.7";"33.5";"30.5";"26.1";"23.8";"24.7";"27.6";"24.1";"28";"25";"29.8";"30.9";"";"";5.0E-6;-7.0E-6;
630;"DD13";"2018";"29.5";"26.7";"34";"24.1";"36.2";"35.6";"29";"18.7";"25.3";"28.1";"33.2";"33.6";"29.2";"29.2";"";"";5.0E-6;-7.0E-6;
631;"DD13";"2017";"32.7";"0";"0";"0";"0";"0";"0";"0";"0";"0";"0";"0";"0";"0";"";"";5.0E-6;-7.0E-6;
632;"DD13";"2016";"33";"0";"0";"0";"0";"0";"0";"0";"0";"0";"0";"0";"0";"0";"";"";5.0E-6;-7.0E-6;
633;"DD13";"2015";"32.5";"0";"0";"0";"0";"0";"0";"0";"0";"0";"0";"0";"0";"0";"";"";5.0E-6;-7.0E-6;
634;"DD13";"2014";"32.3";"0";"0";"0";"0";"0";"0";"0";"0";"0";"0";"0";"0";"0";"";"";5.0E-6;-7.0E-6;
635;"DD13";"2013";"33.5";"0";"0";"0";"0";"0";"0";"0";"0";"0";"0";"0";"0";"0";"";"";5.0E-6;-7.0E-6;
636;"DD13";"2012";"36.9";"0";"0";"0";"0";"0";"0";"0";"0";"0";"0";"0";"0";"0";"";"";5.0E-6;-7.0E-6;
637;"DD13";"2011";"35.5";"0";"0";"0";"0";"0";"0";"0";"0";"0";"0";"0";"0";"0";"";"";5.0E-6;-7.0E-6;
638;"DD13";"2010";"0";"0";"0";"0";"0";"0";"0";"0";"0";"0";"0";"0";"0";"0";"";"";5.0E-6;-7.0E-6;
639;"DD14";"2020";"20.1";"23.3";"22.5";"16";"18.5";"0";"0";"0";"0";"0";"0";"0";"0";"0";"";"";5.0E-6;-7.0E-6;
640;"DD14";"2019";"21.6";"29.4";"30.9";"24.6";"25.6";"18.7";"15.3";"18.1";"14";"16.8";"18.1";"17.6";"26.2";"25.5";"";"";5.0E-6;-7.0E-6;
641;"DD14";"2018";"23.2";"21.4";"28.4";"21.5";"25.5";"20";"24.7";"17.3";"22.8";"20.1";"22.8";"26.6";"26.8";"23.9";"";"";5.0E-6;-7.0E-6;
642;"DD14";"2017";"25.6";"0";"0";"0";"0";"0";"0";"0";"0";"0";"0";"0";"0";"0";"";"";5.0E-6;-7.0E-6;
643;"DD14";"2016";"26";"0";"0";"0";"0";"0";"0";"0";"0";"0";"0";"0";"0";"0";"";"";5.0E-6;-7.0E-6;
644;"DD14";"2015";"24.2";"0";"0";"0";"0";"0";"0";"0";"0";"0";"0";"0";"0";"0";"";"";5.0E-6;-7.0E-6;
645;"DD14";"2014";"25.9";"0";"0";"0";"0";"0";"0";"0";"0";"0";"0";"0";"0";"0";"";"";5.0E-6;-7.0E-6;
646;"DD14";"2013";"26.8";"0";"0";"0";"0";"0";"0";"0";"0";"0";"0";"0";"0";"0";"";"";5.0E-6;-7.0E-6;
647;"DD14";"2012";"27.8";"0";"0";"0";"0";"0";"0";"0";"0";"0";"0";"0";"0";"0";"";"";5.0E-6;-7.0E-6;
648;"DD14";"2011";"30.1";"0";"0";"0";"0";"0";"0";"0";"0";"0";"0";"0";"0";"0";"";"";5.0E-6;-7.0E-6;
649;"DD14";"2010";"0";"0";"0";"0";"0";"0";"0";"0";"0";"0";"0";"0";"0";"0";"";"";5.0E-6;-7.0E-6;
650;"DD15";"2020";"18.7";"21.9";"21.1";"15.4";"16.5";"0";"0";"0";"0";"0";"0";"0";"0";"0";"";"";5.0E-6;-7.0E-6;
651;"DD15";"2019";"20.3";"28.4";"30.9";"24.1";"20.4";"13.4";"14.6";"13.6";"16.6";"15.3";"19.1";"18.5";"24.3";"25.2";"";"";5.0E-6;-7.0E-6;
652;"DD15";"2018";"19.2";"20.5";"25.5";"19.5";"23.5";"0";"15";"9.3";"16.6";"17";"21.8";"12.8";"25.9";"23";"";"";5.0E-6;-7.0E-6;
653;"DD15";"2017";"22.1";"0";"0";"0";"0";"0";"0";"0";"0";"0";"0";"0";"0";"0";"";"";5.0E-6;-7.0E-6;
654;"DD15";"2016";"22.5";"0";"0";"0";"0";"0";"0";"0";"0";"0";"0";"0";"0";"0";"";"";5.0E-6;-7.0E-6;
655;"DD15";"2015";"22.7";"0";"0";"0";"0";"0";"0";"0";"0";"0";"0";"0";"0";"0";"";"";5.0E-6;-7.0E-6;
656;"DD15";"2014";"24.8";"0";"0";"0";"0";"0";"0";"0";"0";"0";"0";"0";"0";"0";"";"";5.0E-6;-7.0E-6;
657;"DD15";"2013";"23.9";"0";"0";"0";"0";"0";"0";"0";"0";"0";"0";"0";"0";"0";"";"";5.0E-6;-7.0E-6;
658;"DD15";"2012";"26.4";"0";"0";"0";"0";"0";"0";"0";"0";"0";"0";"0";"0";"0";"";"";5.0E-6;-7.0E-6;
659;"DD15";"2011";"26.5";"0";"0";"0";"0";"0";"0";"0";"0";"0";"0";"0";"0";"0";"";"";5.0E-6;-7.0E-6;
660;"DD15";"2010";"0";"0";"0";"0";"0";"0";"0";"0";"0";"0";"0";"0";"0";"0";"";"";5.0E-6;-7.0E-6;
661;"DD16";"2020";"21.6";"24.3";"24.6";"16.5";"21.1";"0";"0";"0";"0";"0";"0";"0";"0";"0";"";"";5.0E-6;-7.0E-6;
662;"DD16";"2019";"25";"32.3";"34.8";"30.3";"28.1";"23.3";"19";"18.9";"21.4";"17.8";"24.8";"20.4";"28.9";"25.5";"";"";5.0E-6;-7.0E-6;
663;"DD16";"2018";"26";"24";"31.2";"24.6";"28.6";"31.1";"24.7";"16";"23.8";"23.1";"26";"27.6";"28.8";"28.3";"";"";5.0E-6;-7.0E-6;
664;"DD16";"2017";"29.8";"0";"0";"0";"0";"0";"0";"0";"0";"0";"0";"0";"0";"0";"";"";5.0E-6;-7.0E-6;
665;"DD16";"2016";"29.3";"0";"0";"0";"0";"0";"0";"0";"0";"0";"0";"0";"0";"0";"";"";5.0E-6;-7.0E-6;
666;"DD16";"2015";"26.4";"0";"0";"0";"0";"0";"0";"0";"0";"0";"0";"0";"0";"0";"";"";5.0E-6;-7.0E-6;
667;"DD16";"2014";"27.9";"0";"0";"0";"0";"0";"0";"0";"0";"0";"0";"0";"0";"0";"";"";5.0E-6;-7.0E-6;
668;"DD16";"2013";"27.6";"0";"0";"0";"0";"0";"0";"0";"0";"0";"0";"0";"0";"0";"";"";5.0E-6;-7.0E-6;
669;"DD16";"2012";"30.7";"0";"0";"0";"0";"0";"0";"0";"0";"0";"0";"0";"0";"0";"";"";5.0E-6;-7.0E-6;
670;"DD16";"2011";"28.8";"0";"0";"0";"0";"0";"0";"0";"0";"0";"0";"0";"0";"0";"";"";5.0E-6;-7.0E-6;
671;"DD16";"2010";"0";"0";"0";"0";"0";"0";"0";"0";"0";"0";"0";"0";"0";"0";"";"";5.0E-6;-7.0E-6;
672;"DD17";"2020";"23.1";"24.9";"26.3";"18";"0";"0";"0";"0";"0";"0";"0";"0";"0";"0";"";"";5.0E-6;-7.0E-6;
673;"DD17";"2019";"22.7";"33.3";"0";"0";"0";"21.4";"19.2";"14.2";"0";"0";"21.1";"19.8";"25.7";"26.9";"";"";5.0E-6;-7.0E-6;
674;"DD17";"2018";"26.2";"24.9";"28.4";"23.5";"29.6";"25.6";"26.8";"22.7";"22.8";"24.1";"29.1";"30.6";"26.8";"25.7";"";"";5.0E-6;-7.0E-6;
675;"DD17";"2017";"29.6";"0";"0";"0";"0";"0";"0";"0";"0";"0";"0";"0";"0";"0";"";"";5.0E-6;-7.0E-6;
676;"DD17";"2016";"28.8";"0";"0";"0";"0";"0";"0";"0";"0";"0";"0";"0";"0";"0";"";"";5.0E-6;-7.0E-6;
677;"DD17";"2015";"28.3";"0";"0";"0";"0";"0";"0";"0";"0";"0";"0";"0";"0";"0";"";"";5.0E-6;-7.0E-6;
678;"DD17";"2014";"29.9";"0";"0";"0";"0";"0";"0";"0";"0";"0";"0";"0";"0";"0";"";"";5.0E-6;-7.0E-6;
679;"DD17";"2013";"33.5";"0";"0";"0";"0";"0";"0";"0";"0";"0";"0";"0";"0";"0";"";"";5.0E-6;-7.0E-6;
680;"DD17";"2012";"33.8";"0";"0";"0";"0";"0";"0";"0";"0";"0";"0";"0";"0";"0";"";"";5.0E-6;-7.0E-6;
681;"DD17";"2011";"33.7";"0";"0";"0";"0";"0";"0";"0";"0";"0";"0";"0";"0";"0";"";"";5.0E-6;-7.0E-6;
682;"DD17";"2010";"0";"0";"0";"0";"0";"0";"0";"0";"0";"0";"0";"0";"0";"0";"";"";5.0E-6;-7.0E-6;
683;"DD20";"2020";"23.4";"29.4";"28";"18.6";"17.4";"0";"0";"0";"0";"0";"0";"0";"0";"0";"";"";5.0E-6;-7.0E-6;
684;"DD20";"2019";"26.7";"34.3";"40.6";"29.9";"24.5";"21.1";"19.8";"19.8";"19.6";"20.4";"24.2";"24.6";"34.9";"33.2";"";"";5.0E-6;-7.0E-6;
685;"DD20";"2018";"27.3";"24";"30.3";"27.6";"33.7";"22.2";"21.5";"17.3";"23.8";"23.1";"27";"34.5";"37.4";"31.9";"";"";5.0E-6;-7.0E-6;
686;"DD20";"2017";"31.1";"0";"0";"0";"0";"0";"0";"0";"0";"0";"0";"0";"0";"0";"";"";5.0E-6;-7.0E-6;
687;"DD20";"2016";"31.9";"0";"0";"0";"0";"0";"0";"0";"0";"0";"0";"0";"0";"0";"";"";5.0E-6;-7.0E-6;
688;"DD20";"2015";"28.4";"0";"0";"0";"0";"0";"0";"0";"0";"0";"0";"0";"0";"0";"";"";5.0E-6;-7.0E-6;
689;"DD20";"2014";"34";"0";"0";"0";"0";"0";"0";"0";"0";"0";"0";"0";"0";"0";"";"";5.0E-6;-7.0E-6;
690;"DD20";"2013";"31.5";"0";"0";"0";"0";"0";"0";"0";"0";"0";"0";"0";"0";"0";"";"";5.0E-6;-7.0E-6;
691;"DD20";"2012";"35.4";"0";"0";"0";"0";"0";"0";"0";"0";"0";"0";"0";"0";"0";"";"";5.0E-6;-7.0E-6;
692;"DD20";"2011";"34.6";"0";"0";"0";"0";"0";"0";"0";"0";"0";"0";"0";"0";"0";"";"";5.0E-6;-7.0E-6;
693;"DD20";"2010";"0";"0";"0";"0";"0";"0";"0";"0";"0";"0";"0";"0";"0";"0";"";"";5.0E-6;-7.0E-6;
694;"DD21";"2020";"24.6";"29.6";"29.3";"23.2";"16.2";"0";"0";"0";"0";"0";"0";"0";"0";"0";"";"";5.0E-6;-7.0E-6;
695;"DD21";"2019";"29";"40.1";"40.6";"34.3";"26.6";"22.9";"23.6";"24.7";"25.6";"24.3";"25.1";"23.3";"27.6";"38.8";"";"";5.0E-6;-7.0E-6;
696;"DD21";"2018";"30.4";"32.1";"37.8";"25.6";"0";"32.2";"19.3";"26.7";"27.9";"31.1";"36.3";"34.5";"28.8";"31.9";"";"";5.0E-6;-7.0E-6;
697;"DD21";"2017";"40.7";"0";"0";"0";"0";"0";"0";"0";"0";"0";"0";"0";"0";"0";"";"";5.0E-6;-7.0E-6;
698;"DD21";"2016";"33.9";"0";"0";"0";"0";"0";"0";"0";"0";"0";"0";"0";"0";"0";"";"";5.0E-6;-7.0E-6;
699;"DD21";"2015";"34.6";"0";"0";"0";"0";"0";"0";"0";"0";"0";"0";"0";"0";"0";"";"";5.0E-6;-7.0E-6;
700;"DD21";"2014";"33.7";"0";"0";"0";"0";"0";"0";"0";"0";"0";"0";"0";"0";"0";"";"";5.0E-6;-7.0E-6;
701;"DD21";"2013";"34.4";"0";"0";"0";"0";"0";"0";"0";"0";"0";"0";"0";"0";"0";"";"";5.0E-6;-7.0E-6;
702;"DD21";"2012";"39.4";"0";"0";"0";"0";"0";"0";"0";"0";"0";"0";"0";"0";"0";"";"";5.0E-6;-7.0E-6;
703;"DD21";"2011";"35.6";"0";"0";"0";"0";"0";"0";"0";"0";"0";"0";"0";"0";"0";"";"";5.0E-6;-7.0E-6;
704;"DD21";"2010";"0";"0";"0";"0";"0";"0";"0";"0";"0";"0";"0";"0";"0";"0";"";"";5.0E-6;-7.0E-6;
705;"DD25";"2020";"21.8";"26";"27.9";"17.1";"16.1";"0";"0";"0";"0";"0";"0";"0";"0";"0";"";"";5.0E-6;-7.0E-6;
706;"DD25";"2019";"23";"29.4";"34.8";"29.9";"20.9";"17.5";"17.4";"16.1";"20.8";"16.2";"20.4";"16.9";"30.1";"29.1";"";"";5.0E-6;-7.0E-6;
707;"DD25";"2018";"24.1";"22.3";"28.4";"21.5";"25.5";"23.3";"18.3";"13.3";"24.8";"0";"0";"29.6";"30.7";"27.4";"";"";5.0E-6;-7.0E-6;
708;"DD25";"2017";"25.4";"0";"0";"0";"0";"0";"0";"0";"0";"0";"0";"0";"0";"0";"";"";5.0E-6;-7.0E-6;
709;"DD25";"2016";"24.8";"0";"0";"0";"0";"0";"0";"0";"0";"0";"0";"0";"0";"0";"";"";5.0E-6;-7.0E-6;
710;"DD25";"2015";"26.3";"0";"0";"0";"0";"0";"0";"0";"0";"0";"0";"0";"0";"0";"";"";5.0E-6;-7.0E-6;
711;"DD25";"2014";"25.3";"0";"0";"0";"0";"0";"0";"0";"0";"0";"0";"0";"0";"0";"";"";5.0E-6;-7.0E-6;
712;"DD25";"2013";"26.8";"0";"0";"0";"0";"0";"0";"0";"0";"0";"0";"0";"0";"0";"";"";5.0E-6;-7.0E-6;
713;"DD25";"2012";"29.1";"0";"0";"0";"0";"0";"0";"0";"0";"0";"0";"0";"0";"0";"";"";5.0E-6;-7.0E-6;
714;"DD25";"2011";"29.1";"0";"0";"0";"0";"0";"0";"0";"0";"0";"0";"0";"0";"0";"";"";5.0E-6;-7.0E-6;
715;"DD25";"2010";"0";"0";"0";"0";"0";"0";"0";"0";"0";"0";"0";"0";"0";"0";"";"";5.0E-6;-7.0E-6;
716;"DD27";"2020";"17.1";"22.2";"18.8";"13.4";"14.2";"0";"0";"0";"0";"0";"0";"0";"0";"0";"";"";5.0E-6;-7.0E-6;
717;"DD27";"2019";"19.5";"25.5";"28";"20";"19.3";"13.4";"0";"11.4";"18.7";"13.8";"16.1";"17.2";"25.8";"24.7";"";"";5.0E-6;-7.0E-6;
718;"DD27";"2018";"18.3";"18.7";"19.9";"16.4";"19.4";"18.9";"15";"8";"15.5";"16";"18.7";"22.7";"26.8";"21.2";"";"";5.0E-6;-7.0E-6;
719;"DD27";"2017";"20.8";"0";"0";"0";"0";"0";"0";"0";"0";"0";"0";"0";"0";"0";"";"";5.0E-6;-7.0E-6;
720;"DD27";"2016";"19.4";"0";"0";"0";"0";"0";"0";"0";"0";"0";"0";"0";"0";"0";"";"";5.0E-6;-7.0E-6;
721;"DD27";"2015";"20.2";"0";"0";"0";"0";"0";"0";"0";"0";"0";"0";"0";"0";"0";"";"";5.0E-6;-7.0E-6;
722;"DD27";"2014";"21.3";"0";"0";"0";"0";"0";"0";"0";"0";"0";"0";"0";"0";"0";"";"";5.0E-6;-7.0E-6;
723;"DD27";"2013";"22.2";"0";"0";"0";"0";"0";"0";"0";"0";"0";"0";"0";"0";"0";"";"";5.0E-6;-7.0E-6;
724;"DD27";"2012";"21.7";"0";"0";"0";"0";"0";"0";"0";"0";"0";"0";"0";"0";"0";"";"";5.0E-6;-7.0E-6;
725;"DD27";"2011";"22.7";"0";"0";"0";"0";"0";"0";"0";"0";"0";"0";"0";"0";"0";"";"";5.0E-6;-7.0E-6;
726;"DD27";"2010";"0";"0";"0";"0";"0";"0";"0";"0";"0";"0";"0";"0";"0";"0";"";"";5.0E-6;-7.0E-6;
727;"DD28";"2020";"21.2";"25.4";"23";"17.4";"19";"0";"0";"0";"0";"0";"0";"0";"0";"0";"";"";5.0E-6;-7.0E-6;
728;"DD28";"2019";"26.4";"33.3";"34.8";"0";"27.1";"0";"0";"0";"23.5";"20.4";"23.9";"19.1";"26.6";"29.3";"";"";5.0E-6;-7.0E-6;
729;"DD28";"2018";"25.5";"24";"34";"23.5";"29.6";"28.9";"23.6";"21.3";"20.7";"22.1";"24.9";"27.6";"24.9";"26.5";"";"";5.0E-6;-7.0E-6;
730;"DD28";"2017";"31";"0";"0";"0";"0";"0";"0";"0";"0";"0";"0";"0";"0";"0";"";"";5.0E-6;-7.0E-6;
731;"DD28";"2016";"28.8";"0";"0";"0";"0";"0";"0";"0";"0";"0";"0";"0";"0";"0";"";"";5.0E-6;-7.0E-6;
732;"DD28";"2015";"28.1";"0";"0";"0";"0";"0";"0";"0";"0";"0";"0";"0";"0";"0";"";"";5.0E-6;-7.0E-6;
733;"DD28";"2014";"28.4";"0";"0";"0";"0";"0";"0";"0";"0";"0";"0";"0";"0";"0";"";"";5.0E-6;-7.0E-6;
734;"DD28";"2013";"28.4";"0";"0";"0";"0";"0";"0";"0";"0";"0";"0";"0";"0";"0";"";"";5.0E-6;-7.0E-6;
735;"DD28";"2012";"30.5";"0";"0";"0";"0";"0";"0";"0";"0";"0";"0";"0";"0";"0";"";"";5.0E-6;-7.0E-6;
736;"DD28";"2011";"30.7";"0";"0";"0";"0";"0";"0";"0";"0";"0";"0";"0";"0";"0";"";"";5.0E-6;-7.0E-6;
737;"DD28";"2010";"0";"0";"0";"0";"0";"0";"0";"0";"0";"0";"0";"0";"0";"0";"";"";5.0E-6;-7.0E-6;
738;"DD3A";"2020";"22.4";"24.8";"26.4";"18.1";"20.2";"0";"0";"0";"0";"0";"0";"0";"0";"0";"";"";5.0E-6;-7.0E-6;
739;"DD3A";"2019";"25.3";"31.3";"35.8";"30.5";"25.1";"20.2";"19.9";"19.3";"20.2";"21.1";"23.6";"20.9";"30.7";"30.5";"";"";5.0E-6;-7.0E-6;
740;"DD3A";"2018";"24.5";"24";"30.3";"23.5";"27.6";"18.9";"23.6";"13.3";"22.8";"22.1";"22.8";"31.6";"30.7";"27.4";"";"";5.0E-6;-7.0E-6;
741;"DD3A";"2017";"0";"0";"0";"0";"0";"0";"0";"0";"0";"0";"0";"0";"0";"0";"";"";5.0E-6;-7.0E-6;
742;"DD3A";"2016";"0";"0";"0";"0";"0";"0";"0";"0";"0";"0";"0";"0";"0";"0";"";"";5.0E-6;-7.0E-6;
743;"DD3A";"2015";"0";"0";"0";"0";"0";"0";"0";"0";"0";"0";"0";"0";"0";"0";"";"";5.0E-6;-7.0E-6;
744;"DD3A";"2014";"0";"0";"0";"0";"0";"0";"0";"0";"0";"0";"0";"0";"0";"0";"";"";5.0E-6;-7.0E-6;
745;"DD3A";"2013";"0";"0";"0";"0";"0";"0";"0";"0";"0";"0";"0";"0";"0";"0";"";"";5.0E-6;-7.0E-6;
746;"DD3A";"2012";"0";"0";"0";"0";"0";"0";"0";"0";"0";"0";"0";"0";"0";"0";"";"";5.0E-6;-7.0E-6;
747;"DD3A";"2011";"0";"0";"0";"0";"0";"0";"0";"0";"0";"0";"0";"0";"0";"0";"";"";5.0E-6;-7.0E-6;
748;"DD3A";"2010";"0";"0";"0";"0";"0";"0";"0";"0";"0";"0";"0";"0";"0";"0";"";"";5.0E-6;-7.0E-6;
749;"DECL110";"2020";"25.3";"30.3";"25.3";"21.5";"23.9";"0";"0";"0";"0";"0";"0";"0";"0";"0";"";"";5.0E-6;-7.0E-6;
750;"DECL110";"2019";"33.3";"38.2";"38.2";"31.4";"41.3";"32.5";"0";"28.5";"29";"27.1";"29.8";"29.3";"38.7";"35.6";"";"";5.0E-6;-7.0E-6;
751;"DECL110";"2018";"30.3";"27.6";"31.7";"30.7";"32.2";"28.4";"32.8";"22.7";"25.9";"28.6";"33.2";"38";"32.6";"29.6";"";"";5.0E-6;-7.0E-6;
752;"DECL110";"2017";"38.1";"0";"0";"0";"0";"0";"0";"0";"0";"0";"0";"0";"0";"0";"";"";5.0E-6;-7.0E-6;
753;"DECL110";"2016";"40.7";"0";"0";"0";"0";"0";"0";"0";"0";"0";"0";"0";"0";"0";"";"";5.0E-6;-7.0E-6;
754;"DECL110";"2015";"36.9";"0";"0";"0";"0";"0";"0";"0";"0";"0";"0";"0";"0";"0";"";"";5.0E-6;-7.0E-6;
755;"DECL110";"2014";"38.7";"0";"0";"0";"0";"0";"0";"0";"0";"0";"0";"0";"0";"0";"";"";5.0E-6;-7.0E-6;
756;"DECL110";"2013";"39";"0";"0";"0";"0";"0";"0";"0";"0";"0";"0";"0";"0";"0";"";"";5.0E-6;-7.0E-6;
757;"DECL110";"2012";"40.3";"0";"0";"0";"0";"0";"0";"0";"0";"0";"0";"0";"0";"0";"";"";5.0E-6;-7.0E-6;
758;"DECL110";"2011";"40.7";"0";"0";"0";"0";"0";"0";"0";"0";"0";"0";"0";"0";"0";"";"";5.0E-6;-7.0E-6;
759;"DECL110";"2010";"43.2";"0";"0";"0";"0";"0";"0";"0";"0";"0";"0";"0";"0";"0";"";"";5.0E-6;-7.0E-6;
760;"DECL40";"2020";"24";"29.1";"26";"21.5";"19.6";"0";"0";"0";"0";"0";"0";"0";"0";"0";"";"";5.0E-6;-7.0E-6;
761;"DECL40";"2019";"31.6";"38.2";"36.7";"33.7";"34.5";"28.3";"26.7";"28.3";"30.5";"27.8";"28.9";"28.2";"35";"34";"";"";5.0E-6;-7.0E-6;
762;"DECL40";"2018";"29.6";"29.4";"37.8";"24.6";"32.7";"32.2";"31.1";"20";"31";"22.1";"29.1";"34.5";"29.7";"30.1";"";"";5.0E-6;-7.0E-6;
763;"DECL40";"2017";"38.4";"0";"0";"0";"0";"0";"0";"0";"0";"0";"0";"0";"0";"0";"";"";5.0E-6;-7.0E-6;
764;"DECL40";"2016";"42.1";"0";"0";"0";"0";"0";"0";"0";"0";"0";"0";"0";"0";"0";"";"";5.0E-6;-7.0E-6;
765;"DECL40";"2015";"38.5";"0";"0";"0";"0";"0";"0";"0";"0";"0";"0";"0";"0";"0";"";"";5.0E-6;-7.0E-6;
766;"DECL40";"2014";"39.5";"0";"0";"0";"0";"0";"0";"0";"0";"0";"0";"0";"0";"0";"";"";5.0E-6;-7.0E-6;
767;"DECL40";"2013";"38";"0";"0";"0";"0";"0";"0";"0";"0";"0";"0";"0";"0";"0";"";"";5.0E-6;-7.0E-6;
768;"DECL40";"2012";"39.7";"0";"0";"0";"0";"0";"0";"0";"0";"0";"0";"0";"0";"0";"";"";5.0E-6;-7.0E-6;
769;"DECL40";"2011";"40.6";"0";"0";"0";"0";"0";"0";"0";"0";"0";"0";"0";"0";"0";"";"";5.0E-6;-7.0E-6;
770;"DECL40";"2010";"43.4";"0";"0";"0";"0";"0";"0";"0";"0";"0";"0";"0";"0";"0";"";"";5.0E-6;-7.0E-6;
771;"DIN94";"2020";"21.1";"26.6";"22.8";"19.3";"15.6";"0";"0";"0";"0";"0";"0";"0";"0";"0";"";"";5.0E-6;-7.0E-6;
772;"DIN94";"2019";"23.7";"28.4";"34.8";"27.4";"24.5";"14";"16.2";"0";"16.5";"18.2";"21.4";"22.5";"30.6";"30.1";"";"";5.0E-6;-7.0E-6;
773;"DIN94";"2018";"24.1";"24";"33.1";"24.6";"27.6";"21.1";"0";"13.3";"18.6";"20.1";"23.9";"29.6";"27.8";"25.7";"";"";5.0E-6;-7.0E-6;
774;"DIN94";"2017";"26.6";"0";"0";"0";"0";"0";"0";"0";"0";"0";"0";"0";"0";"0";"";"";5.0E-6;-7.0E-6;
775;"DIN94";"2016";"26.1";"0";"0";"0";"0";"0";"0";"0";"0";"0";"0";"0";"0";"0";"";"";5.0E-6;-7.0E-6;
776;"DIN94";"2015";"25.8";"0";"0";"0";"0";"0";"0";"0";"0";"0";"0";"0";"0";"0";"";"";5.0E-6;-7.0E-6;
777;"DIN94";"2014";"27.1";"0";"0";"0";"0";"0";"0";"0";"0";"0";"0";"0";"0";"0";"";"";5.0E-6;-7.0E-6;
778;"DIN94";"2013";"27";"0";"0";"0";"0";"0";"0";"0";"0";"0";"0";"0";"0";"0";"";"";5.0E-6;-7.0E-6;
779;"DIN94";"2012";"29.9";"0";"0";"0";"0";"0";"0";"0";"0";"0";"0";"0";"0";"0";"";"";5.0E-6;-7.0E-6;
780;"DIN94";"2011";"29.9";"0";"0";"0";"0";"0";"0";"0";"0";"0";"0";"0";"0";"0";"";"";5.0E-6;-7.0E-6;
781;"DIN94";"2010";"30.8";"0";"0";"0";"0";"0";"0";"0";"0";"0";"0";"0";"0";"0";"";"";5.0E-6;-7.0E-6;
782;"DORA1";"2020";"19.6";"25.5";"21.4";"15.6";"15.9";"0";"0";"0";"0";"0";"0";"0";"0";"0";"";"";5.0E-6;-7.0E-6;
783;"DORA1";"2019";"22.9";"30.3";"32.9";"25.6";"23.9";"15.9";"16";"0";"16.5";"16.1";"18.8";"19.9";"33.5";"25.8";"";"";5.0E-6;-7.0E-6;
784;"DORA1";"2018";"23";"21.4";"30.3";"22.5";"25.5";"21.1";"0";"12";"18.6";"20.1";"23.9";"28.6";"27.8";"24.8";"";"";5.0E-6;-7.0E-6;
785;"DORA1";"2017";"26.6";"0";"0";"0";"0";"0";"0";"0";"0";"0";"0";"0";"0";"0";"";"";5.0E-6;-7.0E-6;
786;"DORA1";"2016";"25.6";"0";"0";"0";"0";"0";"0";"0";"0";"0";"0";"0";"0";"0";"";"";5.0E-6;-7.0E-6;
787;"DORA1";"2015";"23.6";"0";"0";"0";"0";"0";"0";"0";"0";"0";"0";"0";"0";"0";"";"";5.0E-6;-7.0E-6;
788;"DORA1";"2014";"24.3";"0";"0";"0";"0";"0";"0";"0";"0";"0";"0";"0";"0";"0";"";"";5.0E-6;-7.0E-6;
789;"DORA1";"2013";"23.9";"0";"0";"0";"0";"0";"0";"0";"0";"0";"0";"0";"0";"0";"";"";5.0E-6;-7.0E-6;
790;"DORA1";"2012";"27.3";"0";"0";"0";"0";"0";"0";"0";"0";"0";"0";"0";"0";"0";"";"";5.0E-6;-7.0E-6;
791;"DORA1";"2011";"26.6";"0";"0";"0";"0";"0";"0";"0";"0";"0";"0";"0";"0";"0";"";"";5.0E-6;-7.0E-6;
792;"DORA1";"2010";"28.8";"0";"0";"0";"0";"0";"0";"0";"0";"0";"0";"0";"0";"0";"";"";5.0E-6;-7.0E-6;
793;"ESW/G";"2020";"29.5";"35.5";"30.4";"27";"24.9";"0";"0";"0";"0";"0";"0";"0";"0";"0";"";"";5.0E-6;-7.0E-6;
794;"ESW/G";"2019";"34.6";"39.2";"44.5";"34.1";"36";"29.2";"27.1";"29.8";"31";"29.8";"35.6";"34.5";"39.8";"38.8";"";"";5.0E-6;-7.0E-6;
795;"ESW/G";"2018";"38.7";"29.4";"43";"34.8";"45.4";"42.3";"41.9";"34";"36.7";"34.6";"44.6";"44.4";"35.5";"36.7";"";"";5.0E-6;-7.0E-6;
796;"ESW/G";"2017";"40.5";"0";"0";"0";"0";"0";"0";"0";"0";"0";"0";"0";"0";"0";"";"";5.0E-6;-7.0E-6;
797;"ESW/G";"2016";"41.2";"0";"0";"0";"0";"0";"0";"0";"0";"0";"0";"0";"0";"0";"";"";5.0E-6;-7.0E-6;
798;"ESW/G";"2015";"0";"0";"0";"0";"0";"0";"0";"0";"0";"0";"0";"0";"0";"0";"";"";5.0E-6;-7.0E-6;
799;"ESW/G";"2014";"0";"0";"0";"0";"0";"0";"0";"0";"0";"0";"0";"0";"0";"0";"";"";5.0E-6;-7.0E-6;
800;"ESW/G";"2013";"0";"0";"0";"0";"0";"0";"0";"0";"0";"0";"0";"0";"0";"0";"";"";5.0E-6;-7.0E-6;
801;"ESW/G";"2012";"0";"0";"0";"0";"0";"0";"0";"0";"0";"0";"0";"0";"0";"0";"";"";5.0E-6;-7.0E-6;
802;"ESW/G";"2011";"0";"0";"0";"0";"0";"0";"0";"0";"0";"0";"0";"0";"0";"0";"";"";5.0E-6;-7.0E-6;
803;"ESW/G";"2010";"0";"0";"0";"0";"0";"0";"0";"0";"0";"0";"0";"0";"0";"0";"";"";5.0E-6;-7.0E-6;
804;"EUP61";"2020";"29";"34.2";"32.9";"25.5";"23.4";"0";"0";"0";"0";"0";"0";"0";"0";"0";"";"";5.0E-6;-7.0E-6;
805;"EUP61";"2019";"36.5";"42.6";"48.3";"39.2";"0";"28.2";"30.6";"30.3";"35.7";"32.9";"36.9";"33.4";"38";"42.1";"";"";5.0E-6;-7.0E-6;
806;"EUP61";"2018";"41";"36.5";"45.9";"33.8";"45.9";"45.6";"40.8";"30.7";"39.8";"37.6";"49.8";"49.3";"40.3";"37.6";"";"";5.0E-6;-7.0E-6;
807;"EUP61";"2017";"44.2";"0";"0";"0";"0";"0";"0";"0";"0";"0";"0";"0";"0";"0";"";"";5.0E-6;-7.0E-6;
808;"EUP61";"2016";"42.2";"0";"0";"0";"0";"0";"0";"0";"0";"0";"0";"0";"0";"0";"";"";5.0E-6;-7.0E-6;
809;"EUP61";"2015";"40.6";"0";"0";"0";"0";"0";"0";"0";"0";"0";"0";"0";"0";"0";"";"";5.0E-6;-7.0E-6;
810;"EUP61";"2014";"41.7";"0";"0";"0";"0";"0";"0";"0";"0";"0";"0";"0";"0";"0";"";"";5.0E-6;-7.0E-6;
811;"EUP61";"2013";"44.7";"0";"0";"0";"0";"0";"0";"0";"0";"0";"0";"0";"0";"0";"";"";5.0E-6;-7.0E-6;
812;"EUP61";"2012";"50";"0";"0";"0";"0";"0";"0";"0";"0";"0";"0";"0";"0";"0";"";"";5.0E-6;-7.0E-6;
813;"EUP61";"2011";"51.3";"0";"0";"0";"0";"0";"0";"0";"0";"0";"0";"0";"0";"0";"";"";5.0E-6;-7.0E-6;
814;"EUP61";"2010";"45.7";"0";"0";"0";"0";"0";"0";"0";"0";"0";"0";"0";"0";"0";"";"";5.0E-6;-7.0E-6;
815;"FOEL6";"2020";"36.3";"40.7";"42.8";"34.8";"26.8";"0";"0";"0";"0";"0";"0";"0";"0";"0";"";"";5.0E-6;-7.0E-6;
816;"FOEL6";"2019";"44.8";"47";"51.2";"54.5";"49";"43.2";"38.8";"37.1";"41";"40.7";"41.9";"41.5";"48";"48.7";"";"";5.0E-6;-7.0E-6;
817;"FOEL6";"2018";"50.2";"48.1";"51.1";"43";"53.1";"74.5";"59.1";"44";"52.8";"43.1";"46.7";"48.4";"44.1";"44.2";"";"";5.0E-6;-7.0E-6;
818;"FOEL6";"2017";"53.4";"0";"0";"0";"0";"0";"0";"0";"0";"0";"0";"0";"0";"0";"";"";5.0E-6;-7.0E-6;
819;"FOEL6";"2016";"46.4";"0";"0";"0";"0";"0";"0";"0";"0";"0";"0";"0";"0";"0";"";"";5.0E-6;-7.0E-6;
820;"FOEL6";"2015";"47";"0";"0";"0";"0";"0";"0";"0";"0";"0";"0";"0";"0";"0";"";"";5.0E-6;-7.0E-6;
821;"FOEL6";"2014";"47.8";"0";"0";"0";"0";"0";"0";"0";"0";"0";"0";"0";"0";"0";"";"";5.0E-6;-7.0E-6;
822;"FOEL6";"2013";"48.3";"0";"0";"0";"0";"0";"0";"0";"0";"0";"0";"0";"0";"0";"";"";5.0E-6;-7.0E-6;
823;"FOEL6";"2012";"50.8";"0";"0";"0";"0";"0";"0";"0";"0";"0";"0";"0";"0";"0";"";"";5.0E-6;-7.0E-6;
824;"FOEL6";"2011";"49.7";"0";"0";"0";"0";"0";"0";"0";"0";"0";"0";"0";"0";"0";"";"";5.0E-6;-7.0E-6;
825;"FOEL6";"2010";"52.1";"0";"0";"0";"0";"0";"0";"0";"0";"0";"0";"0";"0";"0";"";"";5.0E-6;-7.0E-6;
826;"GIBR67";"2020";"22.4";"29";"23.7";"17.6";"19.3";"0";"0";"0";"0";"0";"0";"0";"0";"0";"";"";5.0E-6;-7.0E-6;
827;"GIBR67";"2019";"25";"30.3";"36.7";"26.7";"26.8";"18.2";"16.3";"18.5";"0";"17.7";"0";"21.8";"31.2";"30.7";"";"";5.0E-6;-7.0E-6;
828;"GIBR67";"2018";"25";"24.9";"31.2";"25.6";"31.6";"26.7";"21.5";"16";"18.6";"20.1";"27";"27.6";"29.7";"24.8";"";"";5.0E-6;-7.0E-6;
829;"GIBR67";"2017";"27.5";"0";"0";"0";"0";"0";"0";"0";"0";"0";"0";"0";"0";"0";"";"";5.0E-6;-7.0E-6;
830;"GIBR67";"2016";"28.2";"0";"0";"0";"0";"0";"0";"0";"0";"0";"0";"0";"0";"0";"";"";5.0E-6;-7.0E-6;
831;"GIBR67";"2015";"27.1";"0";"0";"0";"0";"0";"0";"0";"0";"0";"0";"0";"0";"0";"";"";5.0E-6;-7.0E-6;
832;"GIBR67";"2014";"27.3";"0";"0";"0";"0";"0";"0";"0";"0";"0";"0";"0";"0";"0";"";"";5.0E-6;-7.0E-6;
833;"GIBR67";"2013";"28.5";"0";"0";"0";"0";"0";"0";"0";"0";"0";"0";"0";"0";"0";"";"";5.0E-6;-7.0E-6;
834;"GIBR67";"2012";"30.3";"0";"0";"0";"0";"0";"0";"0";"0";"0";"0";"0";"0";"0";"";"";5.0E-6;-7.0E-6;
835;"GIBR67";"2011";"31.6";"0";"0";"0";"0";"0";"0";"0";"0";"0";"0";"0";"0";"0";"";"";5.0E-6;-7.0E-6;
836;"GIBR67";"2010";"34.2";"0";"0";"0";"0";"0";"0";"0";"0";"0";"0";"0";"0";"0";"";"";5.0E-6;-7.0E-6;
837;"H1";"2020";"16.4";"18";"19.3";"12.2";"16.2";"0";"0";"0";"0";"0";"0";"0";"0";"0";"";"";5.0E-6;-7.0E-6;
838;"H1";"2019";"18.7";"20.6";"27.1";"20.1";"25.4";"15";"13.6";"12.5";"12.5";"13.8";"14.9";"17";"29.3";"21.7";"";"";5.0E-6;-7.0E-6;
839;"H1";"2018";"20.9";"0";"0";"0";"0";"0";"0";"0";"19.7";"15";"15.6";"22.7";"29.7";"23";"";"";5.0E-6;-7.0E-6;
840;"H1";"2017";"0";"0";"0";"0";"0";"0";"0";"0";"0";"0";"0";"0";"0";"0";"";"";5.0E-6;-7.0E-6;
841;"H1";"2016";"0";"0";"0";"0";"0";"0";"0";"0";"0";"0";"0";"0";"0";"0";"";"";5.0E-6;-7.0E-6;
842;"H1";"2015";"19.7";"0";"0";"0";"0";"0";"0";"0";"0";"0";"0";"0";"0";"0";"";"";5.0E-6;-7.0E-6;
843;"H1";"2014";"0";"0";"0";"0";"0";"0";"0";"0";"0";"0";"0";"0";"0";"0";"";"";5.0E-6;-7.0E-6;
844;"H1";"2013";"0";"0";"0";"0";"0";"0";"0";"0";"0";"0";"0";"0";"0";"0";"";"";5.0E-6;-7.0E-6;
845;"H1";"2012";"0";"0";"0";"0";"0";"0";"0";"0";"0";"0";"0";"0";"0";"0";"";"";5.0E-6;-7.0E-6;
846;"H1";"2011";"0";"0";"0";"0";"0";"0";"0";"0";"0";"0";"0";"0";"0";"0";"";"";5.0E-6;-7.0E-6;
847;"H1";"2010";"0";"0";"0";"0";"0";"0";"0";"0";"0";"0";"0";"0";"0";"0";"";"";5.0E-6;-7.0E-6;
848;"H10";"2020";"23.1";"25.9";"26.2";"19.2";"21.2";"0";"0";"0";"0";"0";"0";"0";"0";"0";"";"";5.0E-6;-7.0E-6;
849;"H10";"2019";"26.7";"25.5";"33.8";"30.3";"31.8";"22.4";"22.2";"21.9";"26.7";"23.8";"22";"23.2";"35.2";"28.7";"";"";5.0E-6;-7.0E-6;
850;"H10";"2018";"28.1";"25.8";"33.1";"30.2";"33.7";"32.8";"25.2";"19.3";"25.3";"23.1";"24.9";"31.1";"32.1";"28.8";"";"";5.0E-6;-7.0E-6;
851;"H10";"2017";"41.4";"0";"0";"0";"0";"0";"0";"0";"0";"0";"0";"0";"0";"0";"";"";5.0E-6;-7.0E-6;
852;"H10";"2016";"0";"0";"0";"0";"0";"0";"0";"0";"0";"0";"0";"0";"0";"0";"";"";5.0E-6;-7.0E-6;
853;"H10";"2015";"0";"0";"0";"0";"0";"0";"0";"0";"0";"0";"0";"0";"0";"0";"";"";5.0E-6;-7.0E-6;
854;"H10";"2014";"0";"0";"0";"0";"0";"0";"0";"0";"0";"0";"0";"0";"0";"0";"";"";5.0E-6;-7.0E-6;
855;"H10";"2013";"0";"0";"0";"0";"0";"0";"0";"0";"0";"0";"0";"0";"0";"0";"";"";5.0E-6;-7.0E-6;
856;"H10";"2012";"0";"0";"0";"0";"0";"0";"0";"0";"0";"0";"0";"0";"0";"0";"";"";5.0E-6;-7.0E-6;
857;"H10";"2011";"0";"0";"0";"0";"0";"0";"0";"0";"0";"0";"0";"0";"0";"0";"";"";5.0E-6;-7.0E-6;
858;"H10";"2010";"0";"0";"0";"0";"0";"0";"0";"0";"0";"0";"0";"0";"0";"0";"";"";5.0E-6;-7.0E-6;
859;"H11";"2020";"24";"25.9";"26";"17.8";"26.3";"0";"0";"0";"0";"0";"0";"0";"0";"0";"";"";5.0E-6;-7.0E-6;
860;"H11";"2019";"28.6";"28.4";"34.8";"29.3";"37.5";"28.7";"23.2";"25";"31.2";"17.5";"24.8";"25.6";"37.6";"27.8";"";"";5.0E-6;-7.0E-6;
861;"H11";"2018";"32";"26.7";"34.5";"33.3";"33.2";"35";"38.1";"24.7";"33.6";"26.1";"29.1";"34.5";"37.4";"30.1";"";"";5.0E-6;-7.0E-6;
862;"H11";"2017";"28.4";"0";"0";"0";"0";"0";"0";"0";"0";"0";"0";"0";"0";"0";"";"";5.0E-6;-7.0E-6;
863;"H11";"2016";"0";"0";"0";"0";"0";"0";"0";"0";"0";"0";"0";"0";"0";"0";"";"";5.0E-6;-7.0E-6;
864;"H11";"2015";"0";"0";"0";"0";"0";"0";"0";"0";"0";"0";"0";"0";"0";"0";"";"";5.0E-6;-7.0E-6;
865;"H11";"2014";"0";"0";"0";"0";"0";"0";"0";"0";"0";"0";"0";"0";"0";"0";"";"";5.0E-6;-7.0E-6;
866;"H11";"2013";"0";"0";"0";"0";"0";"0";"0";"0";"0";"0";"0";"0";"0";"0";"";"";5.0E-6;-7.0E-6;
867;"H11";"2012";"0";"0";"0";"0";"0";"0";"0";"0";"0";"0";"0";"0";"0";"0";"";"";5.0E-6;-7.0E-6;
868;"H11";"2011";"0";"0";"0";"0";"0";"0";"0";"0";"0";"0";"0";"0";"0";"0";"";"";5.0E-6;-7.0E-6;
869;"H11";"2010";"0";"0";"0";"0";"0";"0";"0";"0";"0";"0";"0";"0";"0";"0";"";"";5.0E-6;-7.0E-6;
870;"H12";"2020";"21.7";"22";"25.5";"18";"21.2";"0";"0";"0";"0";"0";"0";"0";"0";"0";"";"";5.0E-6;-7.0E-6;
871;"H12";"2019";"25.4";"25";"33.8";"28.7";"29.3";"20.7";"20.3";"21.2";"24.1";"22.2";"22.3";"22.8";"33.7";"26.3";"";"";5.0E-6;-7.0E-6;
872;"H12";"2018";"27.7";"28";"31.2";"27.6";"29.1";"35";"25.8";"16";"25.9";"23.1";"26";"31.6";"34.5";"27";"";"";5.0E-6;-7.0E-6;
873;"H12";"2017";"0";"0";"0";"0";"0";"0";"0";"0";"0";"0";"0";"0";"0";"0";"";"";5.0E-6;-7.0E-6;
874;"H12";"2016";"0";"0";"0";"0";"0";"0";"0";"0";"0";"0";"0";"0";"0";"0";"";"";5.0E-6;-7.0E-6;
875;"H12";"2015";"0";"0";"0";"0";"0";"0";"0";"0";"0";"0";"0";"0";"0";"0";"";"";5.0E-6;-7.0E-6;
876;"H12";"2014";"0";"0";"0";"0";"0";"0";"0";"0";"0";"0";"0";"0";"0";"0";"";"";5.0E-6;-7.0E-6;
877;"H12";"2013";"0";"0";"0";"0";"0";"0";"0";"0";"0";"0";"0";"0";"0";"0";"";"";5.0E-6;-7.0E-6;
878;"H12";"2012";"0";"0";"0";"0";"0";"0";"0";"0";"0";"0";"0";"0";"0";"0";"";"";5.0E-6;-7.0E-6;
879;"H12";"2011";"0";"0";"0";"0";"0";"0";"0";"0";"0";"0";"0";"0";"0";"0";"";"";5.0E-6;-7.0E-6;
880;"H12";"2010";"0";"0";"0";"0";"0";"0";"0";"0";"0";"0";"0";"0";"0";"0";"";"";5.0E-6;-7.0E-6;
881;"H13";"2020";"21.7";"23.6";"23.1";"17.8";"22.1";"0";"0";"0";"0";"0";"0";"0";"0";"0";"";"";5.0E-6;-7.0E-6;
882;"H13";"2019";"24.4";"24.5";"31.9";"27.2";"26.8";"20.4";"20.3";"19.3";"23.7";"21.4";"20.7";"22.7";"32.8";"25.7";"";"";5.0E-6;-7.0E-6;
883;"H13";"2018";"26.6";"25.8";"35";"31.7";"31.6";"31.1";"20.4";"18.7";"22.8";"20.1";"22.8";"27.6";"31.6";"26.5";"";"";5.0E-6;-7.0E-6;
884;"H13";"2017";"0";"0";"0";"0";"0";"0";"0";"0";"0";"0";"0";"0";"0";"0";"";"";5.0E-6;-7.0E-6;
885;"H13";"2016";"0";"0";"0";"0";"0";"0";"0";"0";"0";"0";"0";"0";"0";"0";"";"";5.0E-6;-7.0E-6;
886;"H13";"2015";"0";"0";"0";"0";"0";"0";"0";"0";"0";"0";"0";"0";"0";"0";"";"";5.0E-6;-7.0E-6;
887;"H13";"2014";"0";"0";"0";"0";"0";"0";"0";"0";"0";"0";"0";"0";"0";"0";"";"";5.0E-6;-7.0E-6;
888;"H13";"2013";"0";"0";"0";"0";"0";"0";"0";"0";"0";"0";"0";"0";"0";"0";"";"";5.0E-6;-7.0E-6;
889;"H13";"2012";"0";"0";"0";"0";"0";"0";"0";"0";"0";"0";"0";"0";"0";"0";"";"";5.0E-6;-7.0E-6;
890;"H13";"2011";"0";"0";"0";"0";"0";"0";"0";"0";"0";"0";"0";"0";"0";"0";"";"";5.0E-6;-7.0E-6;
891;"H13";"2010";"0";"0";"0";"0";"0";"0";"0";"0";"0";"0";"0";"0";"0";"0";"";"";5.0E-6;-7.0E-6;
892;"H2";"2020";"21.4";"22.5";"23.7";"16.5";"23";"0";"0";"0";"0";"0";"0";"0";"0";"0";"";"";5.0E-6;-7.0E-6;
893;"H2";"2019";"27.4";"23.5";"30.9";"25.7";"0";"0";"24.6";"25.5";"32";"28.7";"22.3";"25.1";"35.3";"28.1";"";"";5.0E-6;-7.0E-6;
894;"H2";"2018";"28.3";"0";"0";"0";"0";"0";"0";"0";"29";"23.1";"26";"31.6";"33.5";"26.5";"";"";5.0E-6;-7.0E-6;
895;"H2";"2017";"0";"0";"0";"0";"0";"0";"0";"0";"0";"0";"0";"0";"0";"0";"";"";5.0E-6;-7.0E-6;
896;"H2";"2016";"0";"0";"0";"0";"0";"0";"0";"0";"0";"0";"0";"0";"0";"0";"";"";5.0E-6;-7.0E-6;
897;"H2";"2015";"27.7";"0";"0";"0";"0";"0";"0";"0";"0";"0";"0";"0";"0";"0";"";"";5.0E-6;-7.0E-6;
898;"H2";"2014";"0";"0";"0";"0";"0";"0";"0";"0";"0";"0";"0";"0";"0";"0";"";"";5.0E-6;-7.0E-6;
899;"H2";"2013";"0";"0";"0";"0";"0";"0";"0";"0";"0";"0";"0";"0";"0";"0";"";"";5.0E-6;-7.0E-6;
900;"H2";"2012";"0";"0";"0";"0";"0";"0";"0";"0";"0";"0";"0";"0";"0";"0";"";"";5.0E-6;-7.0E-6;
901;"H2";"2011";"0";"0";"0";"0";"0";"0";"0";"0";"0";"0";"0";"0";"0";"0";"";"";5.0E-6;-7.0E-6;
902;"H2";"2010";"0";"0";"0";"0";"0";"0";"0";"0";"0";"0";"0";"0";"0";"0";"";"";5.0E-6;-7.0E-6;
903;"H3";"2020";"25.1";"26.6";"27.4";"20";"26.4";"0";"0";"0";"0";"0";"0";"0";"0";"0";"";"";5.0E-6;-7.0E-6;
904;"H3";"2019";"29.9";"30.3";"35.8";"31.7";"38.8";"27.8";"26.4";"24.5";"28.4";"23.6";"24.8";"26.7";"39.5";"30.3";"";"";5.0E-6;-7.0E-6;
905;"H3";"2018";"32.9";"0";"0";"0";"0";"0";"0";"0";"0";"26.1";"27";"37.5";"40.3";"33.6";"";"";5.0E-6;-7.0E-6;
906;"H3";"2017";"0";"0";"0";"0";"0";"0";"0";"0";"0";"0";"0";"0";"0";"0";"";"";5.0E-6;-7.0E-6;
907;"H3";"2016";"0";"0";"0";"0";"0";"0";"0";"0";"0";"0";"0";"0";"0";"0";"";"";5.0E-6;-7.0E-6;
908;"H3";"2015";"34.7";"0";"0";"0";"0";"0";"0";"0";"0";"0";"0";"0";"0";"0";"";"";5.0E-6;-7.0E-6;
909;"H3";"2014";"0";"0";"0";"0";"0";"0";"0";"0";"0";"0";"0";"0";"0";"0";"";"";5.0E-6;-7.0E-6;
910;"H3";"2013";"0";"0";"0";"0";"0";"0";"0";"0";"0";"0";"0";"0";"0";"0";"";"";5.0E-6;-7.0E-6;
911;"H3";"2012";"0";"0";"0";"0";"0";"0";"0";"0";"0";"0";"0";"0";"0";"0";"";"";5.0E-6;-7.0E-6;
912;"H3";"2011";"0";"0";"0";"0";"0";"0";"0";"0";"0";"0";"0";"0";"0";"0";"";"";5.0E-6;-7.0E-6;
913;"H3";"2010";"0";"0";"0";"0";"0";"0";"0";"0";"0";"0";"0";"0";"0";"0";"";"";5.0E-6;-7.0E-6;
914;"H4";"2020";"17.3";"20.4";"20.1";"11.8";"16.8";"0";"0";"0";"0";"0";"0";"0";"0";"0";"";"";5.0E-6;-7.0E-6;
915;"H4";"2019";"19.6";"21.5";"28";"23.1";"28.5";"15.5";"13.6";"12.7";"17.3";"14.3";"15.6";"17.2";"27.1";"20.5";"";"";5.0E-6;-7.0E-6;
916;"H4";"2018";"21.4";"0";"0";"0";"0";"0";"0";"0";"17.6";"17";"17.6";"22.7";"28.8";"24.8";"";"";5.0E-6;-7.0E-6;
917;"H4";"2017";"0";"0";"0";"0";"0";"0";"0";"0";"0";"0";"0";"0";"0";"0";"";"";5.0E-6;-7.0E-6;
918;"H4";"2016";"0";"0";"0";"0";"0";"0";"0";"0";"0";"0";"0";"0";"0";"0";"";"";5.0E-6;-7.0E-6;
919;"H4";"2015";"21.1";"0";"0";"0";"0";"0";"0";"0";"0";"0";"0";"0";"0";"0";"";"";5.0E-6;-7.0E-6;
920;"H4";"2014";"0";"0";"0";"0";"0";"0";"0";"0";"0";"0";"0";"0";"0";"0";"";"";5.0E-6;-7.0E-6;
921;"H4";"2013";"0";"0";"0";"0";"0";"0";"0";"0";"0";"0";"0";"0";"0";"0";"";"";5.0E-6;-7.0E-6;
922;"H4";"2012";"0";"0";"0";"0";"0";"0";"0";"0";"0";"0";"0";"0";"0";"0";"";"";5.0E-6;-7.0E-6;
923;"H4";"2011";"0";"0";"0";"0";"0";"0";"0";"0";"0";"0";"0";"0";"0";"0";"";"";5.0E-6;-7.0E-6;
924;"H4";"2010";"0";"0";"0";"0";"0";"0";"0";"0";"0";"0";"0";"0";"0";"0";"";"";5.0E-6;-7.0E-6;
925;"H6";"2020";"19.6";"22.1";"22.3";"15.2";"18.7";"0";"0";"0";"0";"0";"0";"0";"0";"0";"";"";5.0E-6;-7.0E-6;
926;"H6";"2019";"22.5";"21.5";"30.9";"24.1";"30.4";"19";"16.8";"15.2";"21.1";"16.4";"18.9";"20.8";"32.8";"24.4";"";"";5.0E-6;-7.0E-6;
927;"H6";"2018";"24.7";"0";"0";"0";"0";"0";"0";"0";"22.8";"18";"17.6";"28.6";"34.5";"26.5";"";"";5.0E-6;-7.0E-6;
928;"H6";"2017";"0";"0";"0";"0";"0";"0";"0";"0";"0";"0";"0";"0";"0";"0";"";"";5.0E-6;-7.0E-6;
929;"H6";"2016";"0";"0";"0";"0";"0";"0";"0";"0";"0";"0";"0";"0";"0";"0";"";"";5.0E-6;-7.0E-6;
930;"H6";"2015";"21.3";"0";"0";"0";"0";"0";"0";"0";"0";"0";"0";"0";"0";"0";"";"";5.0E-6;-7.0E-6;
931;"H6";"2014";"0";"0";"0";"0";"0";"0";"0";"0";"0";"0";"0";"0";"0";"0";"";"";5.0E-6;-7.0E-6;
932;"H6";"2013";"0";"0";"0";"0";"0";"0";"0";"0";"0";"0";"0";"0";"0";"0";"";"";5.0E-6;-7.0E-6;
933;"H6";"2012";"0";"0";"0";"0";"0";"0";"0";"0";"0";"0";"0";"0";"0";"0";"";"";5.0E-6;-7.0E-6;
934;"H6";"2011";"0";"0";"0";"0";"0";"0";"0";"0";"0";"0";"0";"0";"0";"0";"";"";5.0E-6;-7.0E-6;
935;"H6";"2010";"0";"0";"0";"0";"0";"0";"0";"0";"0";"0";"0";"0";"0";"0";"";"";5.0E-6;-7.0E-6;
936;"H7";"2020";"19.9";"22.5";"21.7";"13.4";"21.9";"0";"0";"0";"0";"0";"0";"0";"0";"0";"";"";5.0E-6;-7.0E-6;
937;"H7";"2019";"22.2";"23.5";"30";"23.6";"32.4";"19.4";"16.4";"15.6";"19.9";"16.3";"17.6";"20";"31.4";"23.2";"";"";5.0E-6;-7.0E-6;
938;"H7";"2018";"24.1";"0";"0";"0";"0";"0";"0";"0";"21.7";"19";"19.7";"27.6";"31.6";"24.8";"";"";5.0E-6;-7.0E-6;
939;"H7";"2017";"0";"0";"0";"0";"0";"0";"0";"0";"0";"0";"0";"0";"0";"0";"";"";5.0E-6;-7.0E-6;
940;"H7";"2016";"0";"0";"0";"0";"0";"0";"0";"0";"0";"0";"0";"0";"0";"0";"";"";5.0E-6;-7.0E-6;
941;"H7";"2015";"24.3";"0";"0";"0";"0";"0";"0";"0";"0";"0";"0";"0";"0";"0";"";"";5.0E-6;-7.0E-6;
942;"H7";"2014";"0";"0";"0";"0";"0";"0";"0";"0";"0";"0";"0";"0";"0";"0";"";"";5.0E-6;-7.0E-6;
943;"H7";"2013";"0";"0";"0";"0";"0";"0";"0";"0";"0";"0";"0";"0";"0";"0";"";"";5.0E-6;-7.0E-6;
944;"H7";"2012";"0";"0";"0";"0";"0";"0";"0";"0";"0";"0";"0";"0";"0";"0";"";"";5.0E-6;-7.0E-6;
945;"H7";"2011";"0";"0";"0";"0";"0";"0";"0";"0";"0";"0";"0";"0";"0";"0";"";"";5.0E-6;-7.0E-6;
946;"H7";"2010";"0";"0";"0";"0";"0";"0";"0";"0";"0";"0";"0";"0";"0";"0";"";"";5.0E-6;-7.0E-6;
947;"H8";"2020";"16.7";"18.4";"19.4";"12.2";"16.6";"0";"0";"0";"0";"0";"0";"0";"0";"0";"";"";5.0E-6;-7.0E-6;
948;"H8";"2019";"19";"17.6";"27.1";"21.7";"21.6";"14.1";"12.6";"11.7";"15.4";"0";"0";"16.4";"28.7";"22.4";"";"";5.0E-6;-7.0E-6;
949;"H8";"2018";"22.6";"0";"0";"0";"0";"0";"0";"0";"21.7";"0";"17.6";"22.7";"27.8";"23";"";"";5.0E-6;-7.0E-6;
950;"H8";"2017";"0";"0";"0";"0";"0";"0";"0";"0";"0";"0";"0";"0";"0";"0";"";"";5.0E-6;-7.0E-6;
951;"H8";"2016";"0";"0";"0";"0";"0";"0";"0";"0";"0";"0";"0";"0";"0";"0";"";"";5.0E-6;-7.0E-6;
952;"H8";"2015";"0";"0";"0";"0";"0";"0";"0";"0";"0";"0";"0";"0";"0";"0";"";"";5.0E-6;-7.0E-6;
953;"H8";"2014";"0";"0";"0";"0";"0";"0";"0";"0";"0";"0";"0";"0";"0";"0";"";"";5.0E-6;-7.0E-6;
954;"H8";"2013";"0";"0";"0";"0";"0";"0";"0";"0";"0";"0";"0";"0";"0";"0";"";"";5.0E-6;-7.0E-6;
955;"H8";"2012";"0";"0";"0";"0";"0";"0";"0";"0";"0";"0";"0";"0";"0";"0";"";"";5.0E-6;-7.0E-6;
956;"H8";"2011";"0";"0";"0";"0";"0";"0";"0";"0";"0";"0";"0";"0";"0";"0";"";"";5.0E-6;-7.0E-6;
957;"H8";"2010";"0";"0";"0";"0";"0";"0";"0";"0";"0";"0";"0";"0";"0";"0";"";"";5.0E-6;-7.0E-6;
958;"HA1";"2020";"21.2";"24.4";"24";"17.2";"19.3";"0";"0";"0";"0";"0";"0";"0";"0";"0";"";"";5.0E-6;-7.0E-6;
959;"HA1";"2019";"25.5";"26.4";"32.9";"26.2";"26.6";"21.3";"20.6";"0";"25";"22.3";"22.4";"23.5";"30.3";"28";"";"";5.0E-6;-7.0E-6;
960;"HA1";"2018";"27.1";"22.3";"31.2";"26.6";"32.7";"33.4";"20.4";"17.3";"27.9";"24.1";"27";"32.6";"30.7";"25.7";"";"";5.0E-6;-7.0E-6;
961;"HA1";"2017";"0";"0";"0";"0";"0";"0";"0";"0";"0";"0";"0";"0";"0";"0";"";"";5.0E-6;-7.0E-6;
962;"HA1";"2016";"0";"0";"0";"0";"0";"0";"0";"0";"0";"0";"0";"0";"0";"0";"";"";5.0E-6;-7.0E-6;
963;"HA1";"2015";"0";"0";"0";"0";"0";"0";"0";"0";"0";"0";"0";"0";"0";"0";"";"";5.0E-6;-7.0E-6;
964;"HA1";"2014";"0";"0";"0";"0";"0";"0";"0";"0";"0";"0";"0";"0";"0";"0";"";"";5.0E-6;-7.0E-6;
965;"HA1";"2013";"0";"0";"0";"0";"0";"0";"0";"0";"0";"0";"0";"0";"0";"0";"";"";5.0E-6;-7.0E-6;
966;"HA1";"2012";"0";"0";"0";"0";"0";"0";"0";"0";"0";"0";"0";"0";"0";"0";"";"";5.0E-6;-7.0E-6;
967;"HA1";"2011";"0";"0";"0";"0";"0";"0";"0";"0";"0";"0";"0";"0";"0";"0";"";"";5.0E-6;-7.0E-6;
968;"HA1";"2010";"0";"0";"0";"0";"0";"0";"0";"0";"0";"0";"0";"0";"0";"0";"";"";5.0E-6;-7.0E-6;
969;"HA10";"2020";"19.4";"21.4";"20.2";"14.3";"21.8";"0";"0";"0";"0";"0";"0";"0";"0";"0";"";"";5.0E-6;-7.0E-6;
970;"HA10";"2019";"24.2";"24";"29.5";"24.8";"31.5";"24.6";"20.5";"21.6";"24.2";"19.9";"19.5";"20.2";"31.4";"23.1";"";"";5.0E-6;-7.0E-6;
971;"HA10";"2018";"27.1";"20.9";"27.9";"28.2";"29.1";"31.1";"33.3";"25.3";"28.4";"21.1";"24.4";"30.1";"29.2";"23.5";"";"";5.0E-6;-7.0E-6;
972;"HA10";"2017";"0";"0";"0";"0";"0";"0";"0";"0";"0";"0";"0";"0";"0";"0";"";"";5.0E-6;-7.0E-6;
973;"HA10";"2016";"0";"0";"0";"0";"0";"0";"0";"0";"0";"0";"0";"0";"0";"0";"";"";5.0E-6;-7.0E-6;
974;"HA10";"2015";"0";"0";"0";"0";"0";"0";"0";"0";"0";"0";"0";"0";"0";"0";"";"";5.0E-6;-7.0E-6;
975;"HA10";"2014";"0";"0";"0";"0";"0";"0";"0";"0";"0";"0";"0";"0";"0";"0";"";"";5.0E-6;-7.0E-6;
976;"HA10";"2013";"0";"0";"0";"0";"0";"0";"0";"0";"0";"0";"0";"0";"0";"0";"";"";5.0E-6;-7.0E-6;
977;"HA10";"2012";"0";"0";"0";"0";"0";"0";"0";"0";"0";"0";"0";"0";"0";"0";"";"";5.0E-6;-7.0E-6;
978;"HA10";"2011";"0";"0";"0";"0";"0";"0";"0";"0";"0";"0";"0";"0";"0";"0";"";"";5.0E-6;-7.0E-6;
979;"HA10";"2010";"0";"0";"0";"0";"0";"0";"0";"0";"0";"0";"0";"0";"0";"0";"";"";5.0E-6;-7.0E-6;
980;"HA11";"2020";"20.9";"23.8";"23.5";"16.4";"19.9";"0";"0";"0";"0";"0";"0";"0";"0";"0";"";"";5.0E-6;-7.0E-6;
981;"HA11";"2019";"24.8";"23.5";"30";"26.3";"29.8";"21.2";"21.2";"20.9";"24.9";"23.7";"21.4";"21.3";"31.8";"27";"";"";5.0E-6;-7.0E-6;
982;"HA11";"2018";"25.9";"24";"30.3";"27.6";"30.6";"28.9";"21.5";"20";"23.8";"22.1";"23.9";"29.6";"29.7";"24.8";"";"";5.0E-6;-7.0E-6;
983;"HA11";"2017";"0";"0";"0";"0";"0";"0";"0";"0";"0";"0";"0";"0";"0";"0";"";"";5.0E-6;-7.0E-6;
984;"HA11";"2016";"0";"0";"0";"0";"0";"0";"0";"0";"0";"0";"0";"0";"0";"0";"";"";5.0E-6;-7.0E-6;
985;"HA11";"2015";"0";"0";"0";"0";"0";"0";"0";"0";"0";"0";"0";"0";"0";"0";"";"";5.0E-6;-7.0E-6;
986;"HA11";"2014";"0";"0";"0";"0";"0";"0";"0";"0";"0";"0";"0";"0";"0";"0";"";"";5.0E-6;-7.0E-6;
987;"HA11";"2013";"0";"0";"0";"0";"0";"0";"0";"0";"0";"0";"0";"0";"0";"0";"";"";5.0E-6;-7.0E-6;
988;"HA11";"2012";"0";"0";"0";"0";"0";"0";"0";"0";"0";"0";"0";"0";"0";"0";"";"";5.0E-6;-7.0E-6;
989;"HA11";"2011";"0";"0";"0";"0";"0";"0";"0";"0";"0";"0";"0";"0";"0";"0";"";"";5.0E-6;-7.0E-6;
990;"HA11";"2010";"0";"0";"0";"0";"0";"0";"0";"0";"0";"0";"0";"0";"0";"0";"";"";5.0E-6;-7.0E-6;
991;"HA12";"2020";"21.3";"22.7";"22.1";"15";"25.3";"0";"0";"0";"0";"0";"0";"0";"0";"0";"";"";5.0E-6;-7.0E-6;
992;"HA12";"2019";"25";"27.4";"30.9";"25.2";"31.4";"23.9";"20.3";"22";"23.8";"17.2";"0";"19.8";"32.7";"25.7";"";"";5.0E-6;-7.0E-6;
993;"HA12";"2018";"25.7";"20.5";"29.3";"22.5";"29.6";"31.1";"26.8";"17.3";"26.9";"21.1";"22.8";"29.6";"31.6";"24.8";"";"";5.0E-6;-7.0E-6;
994;"HA12";"2017";"0";"0";"0";"0";"0";"0";"0";"0";"0";"0";"0";"0";"0";"0";"";"";5.0E-6;-7.0E-6;
995;"HA12";"2016";"0";"0";"0";"0";"0";"0";"0";"0";"0";"0";"0";"0";"0";"0";"";"";5.0E-6;-7.0E-6;
996;"HA12";"2015";"0";"0";"0";"0";"0";"0";"0";"0";"0";"0";"0";"0";"0";"0";"";"";5.0E-6;-7.0E-6;
997;"HA12";"2014";"0";"0";"0";"0";"0";"0";"0";"0";"0";"0";"0";"0";"0";"0";"";"";5.0E-6;-7.0E-6;
998;"HA12";"2013";"0";"0";"0";"0";"0";"0";"0";"0";"0";"0";"0";"0";"0";"0";"";"";5.0E-6;-7.0E-6;
999;"HA12";"2012";"0";"0";"0";"0";"0";"0";"0";"0";"0";"0";"0";"0";"0";"0";"";"";5.0E-6;-7.0E-6;
1000;"HA12";"2011";"0";"0";"0";"0";"0";"0";"0";"0";"0";"0";"0";"0";"0";"0";"";"";5.0E-6;-7.0E-6;
1001;"HA12";"2010";"0";"0";"0";"0";"0";"0";"0";"0";"0";"0";"0";"0";"0";"0";"";"";5.0E-6;-7.0E-6;
1002;"HA13";"2020";"21.5";"25";"23";"16.4";"21.7";"0";"0";"0";"0";"0";"0";"0";"0";"0";"";"";5.0E-6;-7.0E-6;
1003;"HA13";"2019";"23.9";"26.4";"32.9";"26.2";"30";"23.4";"17.8";"18.2";"19.7";"18.1";"20.3";"20.1";"31.2";"26.3";"";"";5.0E-6;-7.0E-6;
1004;"HA13";"2018";"25";"20.5";"28.4";"27.6";"30.6";"18.9";"24.7";"16";"24.8";"21.1";"23.9";"30.6";"31.6";"25.7";"";"";5.0E-6;-7.0E-6;
1005;"HA13";"2017";"0";"0";"0";"0";"0";"0";"0";"0";"0";"0";"0";"0";"0";"0";"";"";5.0E-6;-7.0E-6;
1006;"HA13";"2016";"0";"0";"0";"0";"0";"0";"0";"0";"0";"0";"0";"0";"0";"0";"";"";5.0E-6;-7.0E-6;
1007;"HA13";"2015";"0";"0";"0";"0";"0";"0";"0";"0";"0";"0";"0";"0";"0";"0";"";"";5.0E-6;-7.0E-6;
1008;"HA13";"2014";"0";"0";"0";"0";"0";"0";"0";"0";"0";"0";"0";"0";"0";"0";"";"";5.0E-6;-7.0E-6;
1009;"HA13";"2013";"0";"0";"0";"0";"0";"0";"0";"0";"0";"0";"0";"0";"0";"0";"";"";5.0E-6;-7.0E-6;
1010;"HA13";"2012";"0";"0";"0";"0";"0";"0";"0";"0";"0";"0";"0";"0";"0";"0";"";"";5.0E-6;-7.0E-6;
1011;"HA13";"2011";"0";"0";"0";"0";"0";"0";"0";"0";"0";"0";"0";"0";"0";"0";"";"";5.0E-6;-7.0E-6;
1012;"HA13";"2010";"0";"0";"0";"0";"0";"0";"0";"0";"0";"0";"0";"0";"0";"0";"";"";5.0E-6;-7.0E-6;
1013;"HA14";"2020";"23";"25.3";"25.1";"18.2";"23.5";"0";"0";"0";"0";"0";"0";"0";"0";"0";"";"";5.0E-6;-7.0E-6;
1014;"HA14";"2019";"26.4";"25.9";"33.8";"28.7";"30.2";"21.9";"22.3";"21.5";"26.2";"20.9";"22.5";"24.1";"37.5";"28";"";"";5.0E-6;-7.0E-6;
1015;"HA14";"2018";"28.6";"24.9";"33.6";"28.7";"32.7";"34.5";"25.2";"19.3";"27.4";"25.1";"28";"32.1";"32.6";"27.9";"";"";5.0E-6;-7.0E-6;
1016;"HA14";"2017";"0";"0";"0";"0";"0";"0";"0";"0";"0";"0";"0";"0";"0";"0";"";"";5.0E-6;-7.0E-6;
1017;"HA14";"2016";"0";"0";"0";"0";"0";"0";"0";"0";"0";"0";"0";"0";"0";"0";"";"";5.0E-6;-7.0E-6;
1018;"HA14";"2015";"0";"0";"0";"0";"0";"0";"0";"0";"0";"0";"0";"0";"0";"0";"";"";5.0E-6;-7.0E-6;
1019;"HA14";"2014";"0";"0";"0";"0";"0";"0";"0";"0";"0";"0";"0";"0";"0";"0";"";"";5.0E-6;-7.0E-6;
1020;"HA14";"2013";"0";"0";"0";"0";"0";"0";"0";"0";"0";"0";"0";"0";"0";"0";"";"";5.0E-6;-7.0E-6;
1021;"HA14";"2012";"0";"0";"0";"0";"0";"0";"0";"0";"0";"0";"0";"0";"0";"0";"";"";5.0E-6;-7.0E-6;
1022;"HA14";"2011";"0";"0";"0";"0";"0";"0";"0";"0";"0";"0";"0";"0";"0";"0";"";"";5.0E-6;-7.0E-6;
1023;"HA14";"2010";"0";"0";"0";"0";"0";"0";"0";"0";"0";"0";"0";"0";"0";"0";"";"";5.0E-6;-7.0E-6;
1024;"HA15";"2020";"21.9";"24.7";"23.4";"15.6";"23.7";"0";"0";"0";"0";"0";"0";"0";"0";"0";"";"";5.0E-6;-7.0E-6;
1025;"HA15";"2019";"24.6";"24.5";"30.9";"26.2";"32.2";"23.5";"20.1";"20.4";"22.6";"16.3";"19.8";"22.2";"35";"26.9";"";"";5.0E-6;-7.0E-6;
1026;"HA15";"2018";"28.2";"22.3";"32.1";"32.8";"35.7";"33.4";"29";"12";"26.9";"23.1";"26";"31.6";"35.5";"26.5";"";"";5.0E-6;-7.0E-6;
1027;"HA15";"2017";"0";"0";"0";"0";"0";"0";"0";"0";"0";"0";"0";"0";"0";"0";"";"";5.0E-6;-7.0E-6;
1028;"HA15";"2016";"0";"0";"0";"0";"0";"0";"0";"0";"0";"0";"0";"0";"0";"0";"";"";5.0E-6;-7.0E-6;
1029;"HA15";"2015";"0";"0";"0";"0";"0";"0";"0";"0";"0";"0";"0";"0";"0";"0";"";"";5.0E-6;-7.0E-6;
1030;"HA15";"2014";"0";"0";"0";"0";"0";"0";"0";"0";"0";"0";"0";"0";"0";"0";"";"";5.0E-6;-7.0E-6;
1031;"HA15";"2013";"0";"0";"0";"0";"0";"0";"0";"0";"0";"0";"0";"0";"0";"0";"";"";5.0E-6;-7.0E-6;
1032;"HA15";"2012";"0";"0";"0";"0";"0";"0";"0";"0";"0";"0";"0";"0";"0";"0";"";"";5.0E-6;-7.0E-6;
1033;"HA15";"2011";"0";"0";"0";"0";"0";"0";"0";"0";"0";"0";"0";"0";"0";"0";"";"";5.0E-6;-7.0E-6;
1034;"HA15";"2010";"0";"0";"0";"0";"0";"0";"0";"0";"0";"0";"0";"0";"0";"0";"";"";5.0E-6;-7.0E-6;
1035;"HA16";"2020";"0";"0";"0";"0";"0";"0";"0";"0";"0";"0";"0";"0";"0";"0";"";"";5.0E-6;-7.0E-6;
1036;"HA16";"2019";"0";"0";"0";"0";"0";"0";"0";"0";"0";"0";"0";"0";"0";"0";"";"";5.0E-6;-7.0E-6;
1037;"HA16";"2018";"26.8";"21.4";"30.3";"30.7";"29.6";"26.7";"31.1";"20";"25.9";"23.1";"24.9";"30.6";"29.7";"23.9";"";"";5.0E-6;-7.0E-6;
1038;"HA16";"2017";"0";"0";"0";"0";"0";"0";"0";"0";"0";"0";"0";"0";"0";"0";"";"";5.0E-6;-7.0E-6;
1039;"HA16";"2016";"0";"0";"0";"0";"0";"0";"0";"0";"0";"0";"0";"0";"0";"0";"";"";5.0E-6;-7.0E-6;
1040;"HA16";"2015";"0";"0";"0";"0";"0";"0";"0";"0";"0";"0";"0";"0";"0";"0";"";"";5.0E-6;-7.0E-6;
1041;"HA16";"2014";"0";"0";"0";"0";"0";"0";"0";"0";"0";"0";"0";"0";"0";"0";"";"";5.0E-6;-7.0E-6;
1042;"HA16";"2013";"0";"0";"0";"0";"0";"0";"0";"0";"0";"0";"0";"0";"0";"0";"";"";5.0E-6;-7.0E-6;
1043;"HA16";"2012";"0";"0";"0";"0";"0";"0";"0";"0";"0";"0";"0";"0";"0";"0";"";"";5.0E-6;-7.0E-6;
1044;"HA16";"2011";"0";"0";"0";"0";"0";"0";"0";"0";"0";"0";"0";"0";"0";"0";"";"";5.0E-6;-7.0E-6;
1045;"HA16";"2010";"0";"0";"0";"0";"0";"0";"0";"0";"0";"0";"0";"0";"0";"0";"";"";5.0E-6;-7.0E-6;
1046;"HA17";"2020";"15.5";"17.4";"16.8";"11.5";"16.2";"0";"0";"0";"0";"0";"0";"0";"0";"0";"";"";5.0E-6;-7.0E-6;
1047;"HA17";"2019";"17.4";"17.6";"25.6";"20.2";"22.1";"14.6";"13.3";"11.9";"14.5";"12.7";"13.4";"14.8";"26.1";"18.7";"";"";5.0E-6;-7.0E-6;
1048;"HA17";"2018";"19.9";"16.5";"25.1";"22.5";"21.9";"22.2";"17.7";"14.7";"0";"14";"15.1";"20.7";"27.8";"20.4";"";"";5.0E-6;-7.0E-6;
1049;"HA17";"2017";"0";"0";"0";"0";"0";"0";"0";"0";"0";"0";"0";"0";"0";"0";"";"";5.0E-6;-7.0E-6;
1050;"HA17";"2016";"0";"0";"0";"0";"0";"0";"0";"0";"0";"0";"0";"0";"0";"0";"";"";5.0E-6;-7.0E-6;
1051;"HA17";"2015";"0";"0";"0";"0";"0";"0";"0";"0";"0";"0";"0";"0";"0";"0";"";"";5.0E-6;-7.0E-6;
1052;"HA17";"2014";"0";"0";"0";"0";"0";"0";"0";"0";"0";"0";"0";"0";"0";"0";"";"";5.0E-6;-7.0E-6;
1053;"HA17";"2013";"0";"0";"0";"0";"0";"0";"0";"0";"0";"0";"0";"0";"0";"0";"";"";5.0E-6;-7.0E-6;
1054;"HA17";"2012";"0";"0";"0";"0";"0";"0";"0";"0";"0";"0";"0";"0";"0";"0";"";"";5.0E-6;-7.0E-6;
1055;"HA17";"2011";"0";"0";"0";"0";"0";"0";"0";"0";"0";"0";"0";"0";"0";"0";"";"";5.0E-6;-7.0E-6;
1056;"HA17";"2010";"0";"0";"0";"0";"0";"0";"0";"0";"0";"0";"0";"0";"0";"0";"";"";5.0E-6;-7.0E-6;
1057;"HA18";"2020";"26.3";"28.9";"27.6";"20.9";"27.7";"0";"0";"0";"0";"0";"0";"0";"0";"0";"";"";5.0E-6;-7.0E-6;
1058;"HA18";"2019";"32.3";"32.3";"42.5";"34.7";"44.3";"32.6";"27.5";"24.9";"33.2";"24.6";"27.3";"28";"38.4";"29.6";"";"";5.0E-6;-7.0E-6;
1059;"HA18";"2018";"36.9";"0";"0";"0";"0";"0";"0";"0";"39.3";"31.1";"33.2";"38.5";"44.1";"35.4";"";"";5.0E-6;-7.0E-6;
1060;"HA18";"2017";"0";"0";"0";"0";"0";"0";"0";"0";"0";"0";"0";"0";"0";"0";"";"";5.0E-6;-7.0E-6;
1061;"HA18";"2016";"0";"0";"0";"0";"0";"0";"0";"0";"0";"0";"0";"0";"0";"0";"";"";5.0E-6;-7.0E-6;
1062;"HA18";"2015";"0";"0";"0";"0";"0";"0";"0";"0";"0";"0";"0";"0";"0";"0";"";"";5.0E-6;-7.0E-6;
1063;"HA18";"2014";"0";"0";"0";"0";"0";"0";"0";"0";"0";"0";"0";"0";"0";"0";"";"";5.0E-6;-7.0E-6;
1064;"HA18";"2013";"0";"0";"0";"0";"0";"0";"0";"0";"0";"0";"0";"0";"0";"0";"";"";5.0E-6;-7.0E-6;
1065;"HA18";"2012";"0";"0";"0";"0";"0";"0";"0";"0";"0";"0";"0";"0";"0";"0";"";"";5.0E-6;-7.0E-6;
1066;"HA18";"2011";"0";"0";"0";"0";"0";"0";"0";"0";"0";"0";"0";"0";"0";"0";"";"";5.0E-6;-7.0E-6;
1067;"HA18";"2010";"0";"0";"0";"0";"0";"0";"0";"0";"0";"0";"0";"0";"0";"0";"";"";5.0E-6;-7.0E-6;
1068;"HA19";"2020";"23.8";"26.4";"27.8";"18.6";"22.5";"0";"0";"0";"0";"0";"0";"0";"0";"0";"";"";5.0E-6;-7.0E-6;
1069;"HA19";"2019";"28.6";"32.3";"35.8";"32.1";"34.1";"25.8";"19.4";"0";"28.6";"23.1";"23.2";"24.6";"35.2";"29";"";"";5.0E-6;-7.0E-6;
1070;"HA19";"2018";"31.5";"0";"0";"0";"0";"0";"0";"0";"0";"27.1";"29.1";"35.5";"34.5";"0";"";"";5.0E-6;-7.0E-6;
1071;"HA19";"2017";"0";"0";"0";"0";"0";"0";"0";"0";"0";"0";"0";"0";"0";"0";"";"";5.0E-6;-7.0E-6;
1072;"HA19";"2016";"0";"0";"0";"0";"0";"0";"0";"0";"0";"0";"0";"0";"0";"0";"";"";5.0E-6;-7.0E-6;
1073;"HA19";"2015";"0";"0";"0";"0";"0";"0";"0";"0";"0";"0";"0";"0";"0";"0";"";"";5.0E-6;-7.0E-6;
1074;"HA19";"2014";"0";"0";"0";"0";"0";"0";"0";"0";"0";"0";"0";"0";"0";"0";"";"";5.0E-6;-7.0E-6;
1075;"HA19";"2013";"0";"0";"0";"0";"0";"0";"0";"0";"0";"0";"0";"0";"0";"0";"";"";5.0E-6;-7.0E-6;
1076;"HA19";"2012";"0";"0";"0";"0";"0";"0";"0";"0";"0";"0";"0";"0";"0";"0";"";"";5.0E-6;-7.0E-6;
1077;"HA19";"2011";"0";"0";"0";"0";"0";"0";"0";"0";"0";"0";"0";"0";"0";"0";"";"";5.0E-6;-7.0E-6;
1078;"HA19";"2010";"0";"0";"0";"0";"0";"0";"0";"0";"0";"0";"0";"0";"0";"0";"";"";5.0E-6;-7.0E-6;
1079;"HA2";"2020";"18.6";"20.8";"20.1";"13.3";"20.2";"0";"0";"0";"0";"0";"0";"0";"0";"0";"";"";5.0E-6;-7.0E-6;
1080;"HA2";"2019";"23.2";"24.5";"30";"22.4";"29.8";"22.6";"20.2";"0";"20.3";"17.7";"17.8";"19.8";"31";"22.4";"";"";5.0E-6;-7.0E-6;
1081;"HA2";"2018";"26.3";"19.6";"29.3";"28.7";"28.6";"34.5";"27.9";"18.7";"31";"22.1";"19.7";"29.6";"28.8";"23";"";"";5.0E-6;-7.0E-6;
1082;"HA2";"2017";"0";"0";"0";"0";"0";"0";"0";"0";"0";"0";"0";"0";"0";"0";"";"";5.0E-6;-7.0E-6;
1083;"HA2";"2016";"0";"0";"0";"0";"0";"0";"0";"0";"0";"0";"0";"0";"0";"0";"";"";5.0E-6;-7.0E-6;
1084;"HA2";"2015";"0";"0";"0";"0";"0";"0";"0";"0";"0";"0";"0";"0";"0";"0";"";"";5.0E-6;-7.0E-6;
1085;"HA2";"2014";"0";"0";"0";"0";"0";"0";"0";"0";"0";"0";"0";"0";"0";"0";"";"";5.0E-6;-7.0E-6;
1086;"HA2";"2013";"0";"0";"0";"0";"0";"0";"0";"0";"0";"0";"0";"0";"0";"0";"";"";5.0E-6;-7.0E-6;
1087;"HA2";"2012";"0";"0";"0";"0";"0";"0";"0";"0";"0";"0";"0";"0";"0";"0";"";"";5.0E-6;-7.0E-6;
1088;"HA2";"2011";"0";"0";"0";"0";"0";"0";"0";"0";"0";"0";"0";"0";"0";"0";"";"";5.0E-6;-7.0E-6;
1089;"HA2";"2010";"0";"0";"0";"0";"0";"0";"0";"0";"0";"0";"0";"0";"0";"0";"";"";5.0E-6;-7.0E-6;
1090;"HA20";"2020";"19.8";"23.4";"23.5";"13.1";"19.1";"0";"0";"0";"0";"0";"0";"0";"0";"0";"";"";5.0E-6;-7.0E-6;
1091;"HA20";"2019";"20.1";"20.6";"29";"23.9";"23.2";"15.5";"13.9";"14";"16.5";"14.2";"16.8";"19.3";"30.7";"23.3";"";"";5.0E-6;-7.0E-6;
1092;"HA20";"2018";"0";"0";"0";"0";"0";"0";"0";"0";"0";"0";"0";"0";"0";"0";"";"";5.0E-6;-7.0E-6;
1093;"HA20";"2017";"0";"0";"0";"0";"0";"0";"0";"0";"0";"0";"0";"0";"0";"0";"";"";5.0E-6;-7.0E-6;
1094;"HA20";"2016";"0";"0";"0";"0";"0";"0";"0";"0";"0";"0";"0";"0";"0";"0";"";"";5.0E-6;-7.0E-6;
1095;"HA20";"2015";"0";"0";"0";"0";"0";"0";"0";"0";"0";"0";"0";"0";"0";"0";"";"";5.0E-6;-7.0E-6;
1096;"HA20";"2014";"0";"0";"0";"0";"0";"0";"0";"0";"0";"0";"0";"0";"0";"0";"";"";5.0E-6;-7.0E-6;
1097;"HA20";"2013";"0";"0";"0";"0";"0";"0";"0";"0";"0";"0";"0";"0";"0";"0";"";"";5.0E-6;-7.0E-6;
1098;"HA20";"2012";"0";"0";"0";"0";"0";"0";"0";"0";"0";"0";"0";"0";"0";"0";"";"";5.0E-6;-7.0E-6;
1099;"HA20";"2011";"0";"0";"0";"0";"0";"0";"0";"0";"0";"0";"0";"0";"0";"0";"";"";5.0E-6;-7.0E-6;
1100;"HA20";"2010";"0";"0";"0";"0";"0";"0";"0";"0";"0";"0";"0";"0";"0";"0";"";"";5.0E-6;-7.0E-6;
1101;"HA21";"2020";"17.4";"20.5";"20.2";"12.7";"16.5";"0";"0";"0";"0";"0";"0";"0";"0";"0";"";"";5.0E-6;-7.0E-6;
1102;"HA21";"2019";"19.1";"18.6";"29";"21.5";"21.4";"13.7";"13.1";"12.2";"17.5";"14.2";"15.7";"18.3";"29.4";"24.2";"";"";5.0E-6;-7.0E-6;
1103;"HA21";"2018";"0";"0";"0";"0";"0";"0";"0";"0";"0";"0";"0";"0";"0";"0";"";"";5.0E-6;-7.0E-6;
1104;"HA21";"2017";"0";"0";"0";"0";"0";"0";"0";"0";"0";"0";"0";"0";"0";"0";"";"";5.0E-6;-7.0E-6;
1105;"HA21";"2016";"0";"0";"0";"0";"0";"0";"0";"0";"0";"0";"0";"0";"0";"0";"";"";5.0E-6;-7.0E-6;
1106;"HA21";"2015";"0";"0";"0";"0";"0";"0";"0";"0";"0";"0";"0";"0";"0";"0";"";"";5.0E-6;-7.0E-6;
1107;"HA21";"2014";"0";"0";"0";"0";"0";"0";"0";"0";"0";"0";"0";"0";"0";"0";"";"";5.0E-6;-7.0E-6;
1108;"HA21";"2013";"0";"0";"0";"0";"0";"0";"0";"0";"0";"0";"0";"0";"0";"0";"";"";5.0E-6;-7.0E-6;
1109;"HA21";"2012";"0";"0";"0";"0";"0";"0";"0";"0";"0";"0";"0";"0";"0";"0";"";"";5.0E-6;-7.0E-6;
1110;"HA21";"2011";"0";"0";"0";"0";"0";"0";"0";"0";"0";"0";"0";"0";"0";"0";"";"";5.0E-6;-7.0E-6;
1111;"HA21";"2010";"0";"0";"0";"0";"0";"0";"0";"0";"0";"0";"0";"0";"0";"0";"";"";5.0E-6;-7.0E-6;
1112;"HA22";"2020";"22";"25.6";"23.3";"19.1";"20";"0";"0";"0";"0";"0";"0";"0";"0";"0";"";"";5.0E-6;-7.0E-6;
1113;"HA22";"2019";"25.8";"30.3";"33.8";"31.6";"28.9";"22";"17.5";"19.5";"24.5";"20.9";"22.9";"23.2";"31.8";"28.7";"";"";5.0E-6;-7.0E-6;
1114;"HA22";"2018";"0";"0";"0";"0";"0";"0";"0";"0";"0";"0";"0";"0";"0";"0";"";"";5.0E-6;-7.0E-6;
1115;"HA22";"2017";"0";"0";"0";"0";"0";"0";"0";"0";"0";"0";"0";"0";"0";"0";"";"";5.0E-6;-7.0E-6;
1116;"HA22";"2016";"0";"0";"0";"0";"0";"0";"0";"0";"0";"0";"0";"0";"0";"0";"";"";5.0E-6;-7.0E-6;
1117;"HA22";"2015";"0";"0";"0";"0";"0";"0";"0";"0";"0";"0";"0";"0";"0";"0";"";"";5.0E-6;-7.0E-6;
1118;"HA22";"2014";"0";"0";"0";"0";"0";"0";"0";"0";"0";"0";"0";"0";"0";"0";"";"";5.0E-6;-7.0E-6;
1119;"HA22";"2013";"0";"0";"0";"0";"0";"0";"0";"0";"0";"0";"0";"0";"0";"0";"";"";5.0E-6;-7.0E-6;
1120;"HA22";"2012";"0";"0";"0";"0";"0";"0";"0";"0";"0";"0";"0";"0";"0";"0";"";"";5.0E-6;-7.0E-6;
1121;"HA22";"2011";"0";"0";"0";"0";"0";"0";"0";"0";"0";"0";"0";"0";"0";"0";"";"";5.0E-6;-7.0E-6;
1122;"HA22";"2010";"0";"0";"0";"0";"0";"0";"0";"0";"0";"0";"0";"0";"0";"0";"";"";5.0E-6;-7.0E-6;
1123;"HA23";"2020";"18.7";"22.3";"20";"13.9";"18.7";"0";"0";"0";"0";"0";"0";"0";"0";"0";"";"";5.0E-6;-7.0E-6;
1124;"HA23";"2019";"22.7";"20.6";"33.8";"23.9";"27.2";"17.6";"16.3";"15.3";"21.2";"22";"19.4";"20.4";"31.5";"26.1";"";"";5.0E-6;-7.0E-6;
1125;"HA23";"2018";"0";"0";"0";"0";"0";"0";"0";"0";"0";"0";"0";"0";"0";"0";"";"";5.0E-6;-7.0E-6;
1126;"HA23";"2017";"0";"0";"0";"0";"0";"0";"0";"0";"0";"0";"0";"0";"0";"0";"";"";5.0E-6;-7.0E-6;
1127;"HA23";"2016";"0";"0";"0";"0";"0";"0";"0";"0";"0";"0";"0";"0";"0";"0";"";"";5.0E-6;-7.0E-6;
1128;"HA23";"2015";"0";"0";"0";"0";"0";"0";"0";"0";"0";"0";"0";"0";"0";"0";"";"";5.0E-6;-7.0E-6;
1129;"HA23";"2014";"0";"0";"0";"0";"0";"0";"0";"0";"0";"0";"0";"0";"0";"0";"";"";5.0E-6;-7.0E-6;
1130;"HA23";"2013";"0";"0";"0";"0";"0";"0";"0";"0";"0";"0";"0";"0";"0";"0";"";"";5.0E-6;-7.0E-6;
1131;"HA23";"2012";"0";"0";"0";"0";"0";"0";"0";"0";"0";"0";"0";"0";"0";"0";"";"";5.0E-6;-7.0E-6;
1132;"HA23";"2011";"0";"0";"0";"0";"0";"0";"0";"0";"0";"0";"0";"0";"0";"0";"";"";5.0E-6;-7.0E-6;
1133;"HA23";"2010";"0";"0";"0";"0";"0";"0";"0";"0";"0";"0";"0";"0";"0";"0";"";"";5.0E-6;-7.0E-6;
1134;"HA24";"2020";"27.9";"31.9";"32.5";"24.1";"23.1";"0";"0";"0";"0";"0";"0";"0";"0";"0";"";"";5.0E-6;-7.0E-6;
1135;"HA24";"2019";"29.7";"28.4";"42";"35.1";"31";"20.6";"23.6";"23.2";"26.9";"24.9";"27.7";"29.4";"38";"35.6";"";"";5.0E-6;-7.0E-6;
1136;"HA24";"2018";"0";"0";"0";"0";"0";"0";"0";"0";"0";"0";"0";"0";"0";"0";"";"";5.0E-6;-7.0E-6;
1137;"HA24";"2017";"0";"0";"0";"0";"0";"0";"0";"0";"0";"0";"0";"0";"0";"0";"";"";5.0E-6;-7.0E-6;
1138;"HA24";"2016";"0";"0";"0";"0";"0";"0";"0";"0";"0";"0";"0";"0";"0";"0";"";"";5.0E-6;-7.0E-6;
1139;"HA24";"2015";"0";"0";"0";"0";"0";"0";"0";"0";"0";"0";"0";"0";"0";"0";"";"";5.0E-6;-7.0E-6;
1140;"HA24";"2014";"0";"0";"0";"0";"0";"0";"0";"0";"0";"0";"0";"0";"0";"0";"";"";5.0E-6;-7.0E-6;
1141;"HA24";"2013";"0";"0";"0";"0";"0";"0";"0";"0";"0";"0";"0";"0";"0";"0";"";"";5.0E-6;-7.0E-6;
1142;"HA24";"2012";"0";"0";"0";"0";"0";"0";"0";"0";"0";"0";"0";"0";"0";"0";"";"";5.0E-6;-7.0E-6;
1143;"HA24";"2011";"0";"0";"0";"0";"0";"0";"0";"0";"0";"0";"0";"0";"0";"0";"";"";5.0E-6;-7.0E-6;
1144;"HA24";"2010";"0";"0";"0";"0";"0";"0";"0";"0";"0";"0";"0";"0";"0";"0";"";"";5.0E-6;-7.0E-6;
1145;"HA25";"2020";"23";"24.2";"26.3";"18.8";"22.8";"0";"0";"0";"0";"0";"0";"0";"0";"0";"";"";5.0E-6;-7.0E-6;
1146;"HA25";"2019";"28";"31.3";"32.9";"31.8";"30.8";"27.3";"26.1";"23.9";"28.2";"22.4";"23.8";"24.2";"33.5";"27.9";"";"";5.0E-6;-7.0E-6;
1147;"HA25";"2018";"0";"0";"0";"0";"0";"0";"0";"0";"0";"0";"0";"0";"0";"0";"";"";5.0E-6;-7.0E-6;
1148;"HA25";"2017";"0";"0";"0";"0";"0";"0";"0";"0";"0";"0";"0";"0";"0";"0";"";"";5.0E-6;-7.0E-6;
1149;"HA25";"2016";"0";"0";"0";"0";"0";"0";"0";"0";"0";"0";"0";"0";"0";"0";"";"";5.0E-6;-7.0E-6;
1150;"HA25";"2015";"0";"0";"0";"0";"0";"0";"0";"0";"0";"0";"0";"0";"0";"0";"";"";5.0E-6;-7.0E-6;
1151;"HA25";"2014";"0";"0";"0";"0";"0";"0";"0";"0";"0";"0";"0";"0";"0";"0";"";"";5.0E-6;-7.0E-6;
1152;"HA25";"2013";"0";"0";"0";"0";"0";"0";"0";"0";"0";"0";"0";"0";"0";"0";"";"";5.0E-6;-7.0E-6;
1153;"HA25";"2012";"0";"0";"0";"0";"0";"0";"0";"0";"0";"0";"0";"0";"0";"0";"";"";5.0E-6;-7.0E-6;
1154;"HA25";"2011";"0";"0";"0";"0";"0";"0";"0";"0";"0";"0";"0";"0";"0";"0";"";"";5.0E-6;-7.0E-6;
1155;"HA25";"2010";"0";"0";"0";"0";"0";"0";"0";"0";"0";"0";"0";"0";"0";"0";"";"";5.0E-6;-7.0E-6;
1156;"HA26";"2020";"18.3";"21";"20";"14";"18.4";"0";"0";"0";"0";"0";"0";"0";"0";"0";"";"";5.0E-6;-7.0E-6;
1157;"HA26";"2019";"21.3";"21.5";"30";"23.8";"21.4";"17.6";"16.7";"15.3";"19.8";"17.8";"18.1";"19.3";"31.4";"24.5";"";"";5.0E-6;-7.0E-6;
1158;"HA26";"2018";"0";"0";"0";"0";"0";"0";"0";"0";"0";"0";"0";"0";"0";"0";"";"";5.0E-6;-7.0E-6;
1159;"HA26";"2017";"0";"0";"0";"0";"0";"0";"0";"0";"0";"0";"0";"0";"0";"0";"";"";5.0E-6;-7.0E-6;
1160;"HA26";"2016";"0";"0";"0";"0";"0";"0";"0";"0";"0";"0";"0";"0";"0";"0";"";"";5.0E-6;-7.0E-6;
1161;"HA26";"2015";"0";"0";"0";"0";"0";"0";"0";"0";"0";"0";"0";"0";"0";"0";"";"";5.0E-6;-7.0E-6;
1162;"HA26";"2014";"0";"0";"0";"0";"0";"0";"0";"0";"0";"0";"0";"0";"0";"0";"";"";5.0E-6;-7.0E-6;
1163;"HA26";"2013";"0";"0";"0";"0";"0";"0";"0";"0";"0";"0";"0";"0";"0";"0";"";"";5.0E-6;-7.0E-6;
1164;"HA26";"2012";"0";"0";"0";"0";"0";"0";"0";"0";"0";"0";"0";"0";"0";"0";"";"";5.0E-6;-7.0E-6;
1165;"HA26";"2011";"0";"0";"0";"0";"0";"0";"0";"0";"0";"0";"0";"0";"0";"0";"";"";5.0E-6;-7.0E-6;
1166;"HA26";"2010";"0";"0";"0";"0";"0";"0";"0";"0";"0";"0";"0";"0";"0";"0";"";"";5.0E-6;-7.0E-6;
1167;"HA27";"2020";"19.7";"21.7";"22.5";"16";"18.6";"0";"0";"0";"0";"0";"0";"0";"0";"0";"";"";5.0E-6;-7.0E-6;
1168;"HA27";"2019";"22.2";"22.5";"30.9";"24.9";"26.4";"18.2";"18.5";"18.8";"19.4";"18";"18";"19.7";"29.9";"23.4";"";"";5.0E-6;-7.0E-6;
1169;"HA27";"2018";"0";"0";"0";"0";"0";"0";"0";"0";"0";"0";"0";"0";"0";"0";"";"";5.0E-6;-7.0E-6;
1170;"HA27";"2017";"0";"0";"0";"0";"0";"0";"0";"0";"0";"0";"0";"0";"0";"0";"";"";5.0E-6;-7.0E-6;
1171;"HA27";"2016";"0";"0";"0";"0";"0";"0";"0";"0";"0";"0";"0";"0";"0";"0";"";"";5.0E-6;-7.0E-6;
1172;"HA27";"2015";"0";"0";"0";"0";"0";"0";"0";"0";"0";"0";"0";"0";"0";"0";"";"";5.0E-6;-7.0E-6;
1173;"HA27";"2014";"0";"0";"0";"0";"0";"0";"0";"0";"0";"0";"0";"0";"0";"0";"";"";5.0E-6;-7.0E-6;
1174;"HA27";"2013";"0";"0";"0";"0";"0";"0";"0";"0";"0";"0";"0";"0";"0";"0";"";"";5.0E-6;-7.0E-6;
1175;"HA27";"2012";"0";"0";"0";"0";"0";"0";"0";"0";"0";"0";"0";"0";"0";"0";"";"";5.0E-6;-7.0E-6;
1176;"HA27";"2011";"0";"0";"0";"0";"0";"0";"0";"0";"0";"0";"0";"0";"0";"0";"";"";5.0E-6;-7.0E-6;
1177;"HA27";"2010";"0";"0";"0";"0";"0";"0";"0";"0";"0";"0";"0";"0";"0";"0";"";"";5.0E-6;-7.0E-6;
1178;"HA28";"2020";"17.3";"20.2";"20.6";"11.2";"17.3";"0";"0";"0";"0";"0";"0";"0";"0";"0";"";"";5.0E-6;-7.0E-6;
1179;"HA28";"2019";"19.4";"17.6";"26.1";"21.7";"23";"15";"13.8";"13.2";"17.3";"14";"16.5";"16.8";"35.4";"22";"";"";5.0E-6;-7.0E-6;
1180;"HA28";"2018";"0";"0";"0";"0";"0";"0";"0";"0";"0";"0";"0";"0";"0";"0";"";"";5.0E-6;-7.0E-6;
1181;"HA28";"2017";"0";"0";"0";"0";"0";"0";"0";"0";"0";"0";"0";"0";"0";"0";"";"";5.0E-6;-7.0E-6;
1182;"HA28";"2016";"0";"0";"0";"0";"0";"0";"0";"0";"0";"0";"0";"0";"0";"0";"";"";5.0E-6;-7.0E-6;
1183;"HA28";"2015";"0";"0";"0";"0";"0";"0";"0";"0";"0";"0";"0";"0";"0";"0";"";"";5.0E-6;-7.0E-6;
1184;"HA28";"2014";"0";"0";"0";"0";"0";"0";"0";"0";"0";"0";"0";"0";"0";"0";"";"";5.0E-6;-7.0E-6;
1185;"HA28";"2013";"0";"0";"0";"0";"0";"0";"0";"0";"0";"0";"0";"0";"0";"0";"";"";5.0E-6;-7.0E-6;
1186;"HA28";"2012";"0";"0";"0";"0";"0";"0";"0";"0";"0";"0";"0";"0";"0";"0";"";"";5.0E-6;-7.0E-6;
1187;"HA28";"2011";"0";"0";"0";"0";"0";"0";"0";"0";"0";"0";"0";"0";"0";"0";"";"";5.0E-6;-7.0E-6;
1188;"HA28";"2010";"0";"0";"0";"0";"0";"0";"0";"0";"0";"0";"0";"0";"0";"0";"";"";5.0E-6;-7.0E-6;
1189;"HA29";"2020";"15.2";"18.6";"16.3";"10.8";"15.1";"0";"0";"0";"0";"0";"0";"0";"0";"0";"";"";5.0E-6;-7.0E-6;
1190;"HA29";"2019";"21.5";"24";"30.4";"22.5";"24.9";"16.9";"16";"15.7";"19.5";"20.3";"17";"17.8";"28.9";"25.7";"";"";5.0E-6;-7.0E-6;
1191;"HA29";"2018";"0";"0";"0";"0";"0";"0";"0";"0";"0";"0";"0";"0";"0";"0";"";"";5.0E-6;-7.0E-6;
1192;"HA29";"2017";"0";"0";"0";"0";"0";"0";"0";"0";"0";"0";"0";"0";"0";"0";"";"";5.0E-6;-7.0E-6;
1193;"HA29";"2016";"0";"0";"0";"0";"0";"0";"0";"0";"0";"0";"0";"0";"0";"0";"";"";5.0E-6;-7.0E-6;
1194;"HA29";"2015";"0";"0";"0";"0";"0";"0";"0";"0";"0";"0";"0";"0";"0";"0";"";"";5.0E-6;-7.0E-6;
1195;"HA29";"2014";"0";"0";"0";"0";"0";"0";"0";"0";"0";"0";"0";"0";"0";"0";"";"";5.0E-6;-7.0E-6;
1196;"HA29";"2013";"0";"0";"0";"0";"0";"0";"0";"0";"0";"0";"0";"0";"0";"0";"";"";5.0E-6;-7.0E-6;
1197;"HA29";"2012";"0";"0";"0";"0";"0";"0";"0";"0";"0";"0";"0";"0";"0";"0";"";"";5.0E-6;-7.0E-6;
1198;"HA29";"2011";"0";"0";"0";"0";"0";"0";"0";"0";"0";"0";"0";"0";"0";"0";"";"";5.0E-6;-7.0E-6;
1199;"HA29";"2010";"0";"0";"0";"0";"0";"0";"0";"0";"0";"0";"0";"0";"0";"0";"";"";5.0E-6;-7.0E-6;
1200;"HA3";"2020";"0";"0";"0";"0";"0";"0";"0";"0";"0";"0";"0";"0";"0";"0";"";"";5.0E-6;-7.0E-6;
1201;"HA3";"2019";"0";"0";"0";"0";"0";"0";"0";"0";"0";"0";"0";"0";"0";"0";"";"";5.0E-6;-7.0E-6;
1202;"HA3";"2018";"22.5";"17.8";"26.9";"24.1";"26.5";"25";"22";"14";"21.7";"17.5";"18.7";"25.7";"29.7";"23";"";"";5.0E-6;-7.0E-6;
1203;"HA3";"2017";"0";"0";"0";"0";"0";"0";"0";"0";"0";"0";"0";"0";"0";"0";"";"";5.0E-6;-7.0E-6;
1204;"HA3";"2016";"0";"0";"0";"0";"0";"0";"0";"0";"0";"0";"0";"0";"0";"0";"";"";5.0E-6;-7.0E-6;
1205;"HA3";"2015";"0";"0";"0";"0";"0";"0";"0";"0";"0";"0";"0";"0";"0";"0";"";"";5.0E-6;-7.0E-6;
1206;"HA3";"2014";"0";"0";"0";"0";"0";"0";"0";"0";"0";"0";"0";"0";"0";"0";"";"";5.0E-6;-7.0E-6;
1207;"HA3";"2013";"0";"0";"0";"0";"0";"0";"0";"0";"0";"0";"0";"0";"0";"0";"";"";5.0E-6;-7.0E-6;
1208;"HA3";"2012";"0";"0";"0";"0";"0";"0";"0";"0";"0";"0";"0";"0";"0";"0";"";"";5.0E-6;-7.0E-6;
1209;"HA3";"2011";"0";"0";"0";"0";"0";"0";"0";"0";"0";"0";"0";"0";"0";"0";"";"";5.0E-6;-7.0E-6;
1210;"HA3";"2010";"0";"0";"0";"0";"0";"0";"0";"0";"0";"0";"0";"0";"0";"0";"";"";5.0E-6;-7.0E-6;
1211;"HA30";"2020";"17.1";"20.2";"19.9";"12.1";"16";"0";"0";"0";"0";"0";"0";"0";"0";"0";"";"";5.0E-6;-7.0E-6;
1212;"HA30";"2019";"19.6";"17.6";"23.2";"20.1";"19.1";"0";"13.1";"0";"14.8";"0";"0";"17.1";"29.5";"22.3";"";"";5.0E-6;-7.0E-6;
1213;"HA30";"2018";"0";"0";"0";"0";"0";"0";"0";"0";"0";"0";"0";"0";"0";"0";"";"";5.0E-6;-7.0E-6;
1214;"HA30";"2017";"0";"0";"0";"0";"0";"0";"0";"0";"0";"0";"0";"0";"0";"0";"";"";5.0E-6;-7.0E-6;
1215;"HA30";"2016";"0";"0";"0";"0";"0";"0";"0";"0";"0";"0";"0";"0";"0";"0";"";"";5.0E-6;-7.0E-6;
1216;"HA30";"2015";"0";"0";"0";"0";"0";"0";"0";"0";"0";"0";"0";"0";"0";"0";"";"";5.0E-6;-7.0E-6;
1217;"HA30";"2014";"0";"0";"0";"0";"0";"0";"0";"0";"0";"0";"0";"0";"0";"0";"";"";5.0E-6;-7.0E-6;
1218;"HA30";"2013";"0";"0";"0";"0";"0";"0";"0";"0";"0";"0";"0";"0";"0";"0";"";"";5.0E-6;-7.0E-6;
1219;"HA30";"2012";"0";"0";"0";"0";"0";"0";"0";"0";"0";"0";"0";"0";"0";"0";"";"";5.0E-6;-7.0E-6;
1220;"HA30";"2011";"0";"0";"0";"0";"0";"0";"0";"0";"0";"0";"0";"0";"0";"0";"";"";5.0E-6;-7.0E-6;
1221;"HA30";"2010";"0";"0";"0";"0";"0";"0";"0";"0";"0";"0";"0";"0";"0";"0";"";"";5.0E-6;-7.0E-6;
1222;"HA35";"2020";"17.4";"22.2";"21";"12.2";"14.2";"0";"0";"0";"0";"0";"0";"0";"0";"0";"";"";5.0E-6;-7.0E-6;
1223;"HA35";"2019";"0";"0";"0";"0";"0";"0";"0";"0";"0";"0";"0";"0";"0";"0";"";"";5.0E-6;-7.0E-6;
1224;"HA35";"2018";"0";"0";"0";"0";"0";"0";"0";"0";"0";"0";"0";"0";"0";"0";"";"";5.0E-6;-7.0E-6;
1225;"HA35";"2017";"0";"0";"0";"0";"0";"0";"0";"0";"0";"0";"0";"0";"0";"0";"";"";5.0E-6;-7.0E-6;
1226;"HA35";"2016";"0";"0";"0";"0";"0";"0";"0";"0";"0";"0";"0";"0";"0";"0";"";"";5.0E-6;-7.0E-6;
1227;"HA35";"2015";"0";"0";"0";"0";"0";"0";"0";"0";"0";"0";"0";"0";"0";"0";"";"";5.0E-6;-7.0E-6;
1228;"HA35";"2014";"0";"0";"0";"0";"0";"0";"0";"0";"0";"0";"0";"0";"0";"0";"";"";5.0E-6;-7.0E-6;
1229;"HA35";"2013";"0";"0";"0";"0";"0";"0";"0";"0";"0";"0";"0";"0";"0";"0";"";"";5.0E-6;-7.0E-6;
1230;"HA35";"2012";"0";"0";"0";"0";"0";"0";"0";"0";"0";"0";"0";"0";"0";"0";"";"";5.0E-6;-7.0E-6;
1231;"HA35";"2011";"0";"0";"0";"0";"0";"0";"0";"0";"0";"0";"0";"0";"0";"0";"";"";5.0E-6;-7.0E-6;
1232;"HA35";"2010";"0";"0";"0";"0";"0";"0";"0";"0";"0";"0";"0";"0";"0";"0";"";"";5.0E-6;-7.0E-6;
1233;"HA36";"2020";"29.2";"30.5";"32.7";"27.7";"25.9";"0";"0";"0";"0";"0";"0";"0";"0";"0";"";"";5.0E-6;-7.0E-6;
1234;"HA36";"2019";"0";"0";"0";"0";"0";"0";"0";"0";"0";"0";"0";"0";"0";"0";"";"";5.0E-6;-7.0E-6;
1235;"HA36";"2018";"0";"0";"0";"0";"0";"0";"0";"0";"0";"0";"0";"0";"0";"0";"";"";5.0E-6;-7.0E-6;
1236;"HA36";"2017";"0";"0";"0";"0";"0";"0";"0";"0";"0";"0";"0";"0";"0";"0";"";"";5.0E-6;-7.0E-6;
1237;"HA36";"2016";"0";"0";"0";"0";"0";"0";"0";"0";"0";"0";"0";"0";"0";"0";"";"";5.0E-6;-7.0E-6;
1238;"HA36";"2015";"0";"0";"0";"0";"0";"0";"0";"0";"0";"0";"0";"0";"0";"0";"";"";5.0E-6;-7.0E-6;
1239;"HA36";"2014";"0";"0";"0";"0";"0";"0";"0";"0";"0";"0";"0";"0";"0";"0";"";"";5.0E-6;-7.0E-6;
1240;"HA36";"2013";"0";"0";"0";"0";"0";"0";"0";"0";"0";"0";"0";"0";"0";"0";"";"";5.0E-6;-7.0E-6;
1241;"HA36";"2012";"0";"0";"0";"0";"0";"0";"0";"0";"0";"0";"0";"0";"0";"0";"";"";5.0E-6;-7.0E-6;
1242;"HA36";"2011";"0";"0";"0";"0";"0";"0";"0";"0";"0";"0";"0";"0";"0";"0";"";"";5.0E-6;-7.0E-6;
1243;"HA36";"2010";"0";"0";"0";"0";"0";"0";"0";"0";"0";"0";"0";"0";"0";"0";"";"";5.0E-6;-7.0E-6;
1244;"HA4";"2020";"21.4";"25";"22.9";"17.1";"20.4";"0";"0";"0";"0";"0";"0";"0";"0";"0";"";"";5.0E-6;-7.0E-6;
1245;"HA4";"2019";"26.7";"26.4";"33.8";"26.4";"33.3";"0";"21";"22.8";"25.8";"21.1";"23.2";"24.3";"35.1";"27.7";"";"";5.0E-6;-7.0E-6;
1246;"HA4";"2018";"28.9";"22.3";"33.1";"30.7";"36.8";"31.1";"31.1";"20";"29";"24.1";"24.9";"30.6";"33.5";"28.3";"";"";5.0E-6;-7.0E-6;
1247;"HA4";"2017";"0";"0";"0";"0";"0";"0";"0";"0";"0";"0";"0";"0";"0";"0";"";"";5.0E-6;-7.0E-6;
1248;"HA4";"2016";"0";"0";"0";"0";"0";"0";"0";"0";"0";"0";"0";"0";"0";"0";"";"";5.0E-6;-7.0E-6;
1249;"HA4";"2015";"0";"0";"0";"0";"0";"0";"0";"0";"0";"0";"0";"0";"0";"0";"";"";5.0E-6;-7.0E-6;
1250;"HA4";"2014";"0";"0";"0";"0";"0";"0";"0";"0";"0";"0";"0";"0";"0";"0";"";"";5.0E-6;-7.0E-6;
1251;"HA4";"2013";"0";"0";"0";"0";"0";"0";"0";"0";"0";"0";"0";"0";"0";"0";"";"";5.0E-6;-7.0E-6;
1252;"HA4";"2012";"0";"0";"0";"0";"0";"0";"0";"0";"0";"0";"0";"0";"0";"0";"";"";5.0E-6;-7.0E-6;
1253;"HA4";"2011";"0";"0";"0";"0";"0";"0";"0";"0";"0";"0";"0";"0";"0";"0";"";"";5.0E-6;-7.0E-6;
1254;"HA4";"2010";"0";"0";"0";"0";"0";"0";"0";"0";"0";"0";"0";"0";"0";"0";"";"";5.0E-6;-7.0E-6;
1255;"HA5";"2020";"25.3";"26.6";"28.6";"21.2";"25";"0";"0";"0";"0";"0";"0";"0";"0";"0";"";"";5.0E-6;-7.0E-6;
1256;"HA5";"2019";"32.3";"27.4";"35.8";"31.3";"35.2";"30.6";"28.1";"32.2";"41.7";"30.3";"29";"29.1";"37.5";"31.2";"";"";5.0E-6;-7.0E-6;
1257;"HA5";"2018";"36.9";"26.7";"36.9";"32.8";"43.9";"46.7";"39.7";"29.3";"49.7";"35.1";"32.2";"39.5";"36.4";"31";"";"";5.0E-6;-7.0E-6;
1258;"HA5";"2017";"0";"0";"0";"0";"0";"0";"0";"0";"0";"0";"0";"0";"0";"0";"";"";5.0E-6;-7.0E-6;
1259;"HA5";"2016";"0";"0";"0";"0";"0";"0";"0";"0";"0";"0";"0";"0";"0";"0";"";"";5.0E-6;-7.0E-6;
1260;"HA5";"2015";"0";"0";"0";"0";"0";"0";"0";"0";"0";"0";"0";"0";"0";"0";"";"";5.0E-6;-7.0E-6;
1261;"HA5";"2014";"0";"0";"0";"0";"0";"0";"0";"0";"0";"0";"0";"0";"0";"0";"";"";5.0E-6;-7.0E-6;
1262;"HA5";"2013";"0";"0";"0";"0";"0";"0";"0";"0";"0";"0";"0";"0";"0";"0";"";"";5.0E-6;-7.0E-6;
1263;"HA5";"2012";"0";"0";"0";"0";"0";"0";"0";"0";"0";"0";"0";"0";"0";"0";"";"";5.0E-6;-7.0E-6;
1264;"HA5";"2011";"0";"0";"0";"0";"0";"0";"0";"0";"0";"0";"0";"0";"0";"0";"";"";5.0E-6;-7.0E-6;
1265;"HA5";"2010";"0";"0";"0";"0";"0";"0";"0";"0";"0";"0";"0";"0";"0";"0";"";"";5.0E-6;-7.0E-6;
1266;"HA6";"2020";"22.1";"22.8";"21.7";"0";"21.8";"0";"0";"0";"0";"0";"0";"0";"0";"0";"";"";5.0E-6;-7.0E-6;
1267;"HA6";"2019";"23.3";"21.5";"30.9";"25.4";"30.2";"19.6";"18.1";"18.2";"23.8";"17.3";"18.5";"20.8";"34.8";"24.3";"";"";5.0E-6;-7.0E-6;
1268;"HA6";"2018";"26.1";"22.3";"34";"27.6";"32.7";"25.6";"24.7";"16";"25.9";"19";"20.8";"28.6";"36.4";"25.7";"";"";5.0E-6;-7.0E-6;
1269;"HA6";"2017";"0";"0";"0";"0";"0";"0";"0";"0";"0";"0";"0";"0";"0";"0";"";"";5.0E-6;-7.0E-6;
1270;"HA6";"2016";"0";"0";"0";"0";"0";"0";"0";"0";"0";"0";"0";"0";"0";"0";"";"";5.0E-6;-7.0E-6;
1271;"HA6";"2015";"0";"0";"0";"0";"0";"0";"0";"0";"0";"0";"0";"0";"0";"0";"";"";5.0E-6;-7.0E-6;
1272;"HA6";"2014";"0";"0";"0";"0";"0";"0";"0";"0";"0";"0";"0";"0";"0";"0";"";"";5.0E-6;-7.0E-6;
1273;"HA6";"2013";"0";"0";"0";"0";"0";"0";"0";"0";"0";"0";"0";"0";"0";"0";"";"";5.0E-6;-7.0E-6;
1274;"HA6";"2012";"0";"0";"0";"0";"0";"0";"0";"0";"0";"0";"0";"0";"0";"0";"";"";5.0E-6;-7.0E-6;
1275;"HA6";"2011";"0";"0";"0";"0";"0";"0";"0";"0";"0";"0";"0";"0";"0";"0";"";"";5.0E-6;-7.0E-6;
1276;"HA6";"2010";"0";"0";"0";"0";"0";"0";"0";"0";"0";"0";"0";"0";"0";"0";"";"";5.0E-6;-7.0E-6;
1277;"HA7";"2020";"0";"0";"0";"0";"0";"0";"0";"0";"0";"0";"0";"0";"0";"0";"";"";5.0E-6;-7.0E-6;
1278;"HA7";"2019";"0";"0";"0";"0";"0";"0";"0";"0";"0";"0";"0";"0";"0";"0";"";"";5.0E-6;-7.0E-6;
1279;"HA7";"2018";"26.8";"21.4";"30.3";"32.8";"30.6";"33.4";"0";"16";"26.9";"21.1";"21.8";"29.6";"32.6";"25.7";"";"";5.0E-6;-7.0E-6;
1280;"HA7";"2017";"0";"0";"0";"0";"0";"0";"0";"0";"0";"0";"0";"0";"0";"0";"";"";5.0E-6;-7.0E-6;
1281;"HA7";"2016";"0";"0";"0";"0";"0";"0";"0";"0";"0";"0";"0";"0";"0";"0";"";"";5.0E-6;-7.0E-6;
1282;"HA7";"2015";"0";"0";"0";"0";"0";"0";"0";"0";"0";"0";"0";"0";"0";"0";"";"";5.0E-6;-7.0E-6;
1283;"HA7";"2014";"0";"0";"0";"0";"0";"0";"0";"0";"0";"0";"0";"0";"0";"0";"";"";5.0E-6;-7.0E-6;
1284;"HA7";"2013";"0";"0";"0";"0";"0";"0";"0";"0";"0";"0";"0";"0";"0";"0";"";"";5.0E-6;-7.0E-6;
1285;"HA7";"2012";"0";"0";"0";"0";"0";"0";"0";"0";"0";"0";"0";"0";"0";"0";"";"";5.0E-6;-7.0E-6;
1286;"HA7";"2011";"0";"0";"0";"0";"0";"0";"0";"0";"0";"0";"0";"0";"0";"0";"";"";5.0E-6;-7.0E-6;
1287;"HA7";"2010";"0";"0";"0";"0";"0";"0";"0";"0";"0";"0";"0";"0";"0";"0";"";"";5.0E-6;-7.0E-6;
1288;"HA8";"2020";"18.7";"20.7";"20.9";"15.4";"18";"0";"0";"0";"0";"0";"0";"0";"0";"0";"";"";5.0E-6;-7.0E-6;
1289;"HA8";"2019";"23.4";"26.4";"30.9";"24.5";"26.9";"17.3";"18.9";"17.9";"21.9";"17.4";"19.2";"20.4";"38.4";"24.1";"";"";5.0E-6;-7.0E-6;
1290;"HA8";"2018";"24.9";"20.5";"29.3";"23.5";"27.6";"23.3";"25.8";"20";"24.8";"20.1";"23.9";"27.6";"30.7";"26.5";"";"";5.0E-6;-7.0E-6;
1291;"HA8";"2017";"0";"0";"0";"0";"0";"0";"0";"0";"0";"0";"0";"0";"0";"0";"";"";5.0E-6;-7.0E-6;
1292;"HA8";"2016";"0";"0";"0";"0";"0";"0";"0";"0";"0";"0";"0";"0";"0";"0";"";"";5.0E-6;-7.0E-6;
1293;"HA8";"2015";"0";"0";"0";"0";"0";"0";"0";"0";"0";"0";"0";"0";"0";"0";"";"";5.0E-6;-7.0E-6;
1294;"HA8";"2014";"0";"0";"0";"0";"0";"0";"0";"0";"0";"0";"0";"0";"0";"0";"";"";5.0E-6;-7.0E-6;
1295;"HA8";"2013";"0";"0";"0";"0";"0";"0";"0";"0";"0";"0";"0";"0";"0";"0";"";"";5.0E-6;-7.0E-6;
1296;"HA8";"2012";"0";"0";"0";"0";"0";"0";"0";"0";"0";"0";"0";"0";"0";"0";"";"";5.0E-6;-7.0E-6;
1297;"HA8";"2011";"0";"0";"0";"0";"0";"0";"0";"0";"0";"0";"0";"0";"0";"0";"";"";5.0E-6;-7.0E-6;
1298;"HA8";"2010";"0";"0";"0";"0";"0";"0";"0";"0";"0";"0";"0";"0";"0";"0";"";"";5.0E-6;-7.0E-6;
1299;"HA9";"2020";"21.2";"23";"24.5";"16.4";"21";"0";"0";"0";"0";"0";"0";"0";"0";"0";"";"";5.0E-6;-7.0E-6;
1300;"HA9";"2019";"26";"25.5";"32.9";"28.9";"27";"0";"20.7";"21.7";"25.6";"25.8";"22.4";"23";"32.3";"26.1";"";"";5.0E-6;-7.0E-6;
1301;"HA9";"2018";"26.7";"24.9";"33.1";"24.6";"31.6";"27.8";"21.5";"17.3";"26.9";"23.1";"27";"32.6";"29.7";"26.5";"";"";5.0E-6;-7.0E-6;
1302;"HA9";"2017";"0";"0";"0";"0";"0";"0";"0";"0";"0";"0";"0";"0";"0";"0";"";"";5.0E-6;-7.0E-6;
1303;"HA9";"2016";"0";"0";"0";"0";"0";"0";"0";"0";"0";"0";"0";"0";"0";"0";"";"";5.0E-6;-7.0E-6;
1304;"HA9";"2015";"0";"0";"0";"0";"0";"0";"0";"0";"0";"0";"0";"0";"0";"0";"";"";5.0E-6;-7.0E-6;
1305;"HA9";"2014";"0";"0";"0";"0";"0";"0";"0";"0";"0";"0";"0";"0";"0";"0";"";"";5.0E-6;-7.0E-6;
1306;"HA9";"2013";"0";"0";"0";"0";"0";"0";"0";"0";"0";"0";"0";"0";"0";"0";"";"";5.0E-6;-7.0E-6;
1307;"HA9";"2012";"0";"0";"0";"0";"0";"0";"0";"0";"0";"0";"0";"0";"0";"0";"";"";5.0E-6;-7.0E-6;
1308;"HA9";"2011";"0";"0";"0";"0";"0";"0";"0";"0";"0";"0";"0";"0";"0";"0";"";"";5.0E-6;-7.0E-6;
1309;"HA9";"2010";"0";"0";"0";"0";"0";"0";"0";"0";"0";"0";"0";"0";"0";"0";"";"";5.0E-6;-7.0E-6;
1310;"HDG7";"2020";"33.4";"42.1";"36.5";"29.9";"25.3";"0";"0";"0";"0";"0";"0";"0";"0";"0";"";"";5.0E-6;-7.0E-6;
1311;"HDG7";"2019";"40.2";"40.1";"49.3";"40.7";"44.5";"34.6";"32";"33.3";"42.1";"38.8";"37.4";"37.8";"47.6";"44.3";"";"";5.0E-6;-7.0E-6;
1312;"HDG7";"2018";"45.5";"38.3";"46.3";"46.1";"58.2";"57.8";"36.5";"30.7";"46.6";"46.1";"44.6";"53.3";"45";"42.5";"";"";5.0E-6;-7.0E-6;
1313;"HDG7";"2017";"47.1";"0";"0";"0";"0";"0";"0";"0";"0";"0";"0";"0";"0";"0";"";"";5.0E-6;-7.0E-6;
1314;"HDG7";"2016";"47.3";"0";"0";"0";"0";"0";"0";"0";"0";"0";"0";"0";"0";"0";"";"";5.0E-6;-7.0E-6;
1315;"HDG7";"2015";"44.3";"0";"0";"0";"0";"0";"0";"0";"0";"0";"0";"0";"0";"0";"";"";5.0E-6;-7.0E-6;
1316;"HDG7";"2014";"45";"0";"0";"0";"0";"0";"0";"0";"0";"0";"0";"0";"0";"0";"";"";5.0E-6;-7.0E-6;
1317;"HDG7";"2013";"44.3";"0";"0";"0";"0";"0";"0";"0";"0";"0";"0";"0";"0";"0";"";"";5.0E-6;-7.0E-6;
1318;"HDG7";"2012";"47.7";"0";"0";"0";"0";"0";"0";"0";"0";"0";"0";"0";"0";"0";"";"";5.0E-6;-7.0E-6;
1319;"HDG7";"2011";"43.7";"0";"0";"0";"0";"0";"0";"0";"0";"0";"0";"0";"0";"0";"";"";5.0E-6;-7.0E-6;
1320;"HDG7";"2010";"40.8";"0";"0";"0";"0";"0";"0";"0";"0";"0";"0";"0";"0";"0";"";"";5.0E-6;-7.0E-6;
1321;"HDP104";"2020";"20.7";"28.3";"21.9";"16.3";"16.2";"0";"0";"0";"0";"0";"0";"0";"0";"0";"";"";5.0E-6;-7.0E-6;
1322;"HDP104";"2019";"23.4";"29.4";"35.8";"28";"24.7";"17.2";"14.2";"16.3";"17.8";"18.3";"20.8";"21.4";"31.2";"29.2";"";"";5.0E-6;-7.0E-6;
1323;"HDP104";"2018";"23.9";"23.1";"31.2";"25.6";"27.6";"24.5";"19.3";"13.3";"18.6";"20.1";"23.9";"29.6";"28.8";"25.7";"";"";5.0E-6;-7.0E-6;
1324;"HDP104";"2017";"26";"0";"0";"0";"0";"0";"0";"0";"0";"0";"0";"0";"0";"0";"";"";5.0E-6;-7.0E-6;
1325;"HDP104";"2016";"27.2";"0";"0";"0";"0";"0";"0";"0";"0";"0";"0";"0";"0";"0";"";"";5.0E-6;-7.0E-6;
1326;"HDP104";"2015";"25.1";"0";"0";"0";"0";"0";"0";"0";"0";"0";"0";"0";"0";"0";"";"";5.0E-6;-7.0E-6;
1327;"HDP104";"2014";"27.5";"0";"0";"0";"0";"0";"0";"0";"0";"0";"0";"0";"0";"0";"";"";5.0E-6;-7.0E-6;
1328;"HDP104";"2013";"26.3";"0";"0";"0";"0";"0";"0";"0";"0";"0";"0";"0";"0";"0";"";"";5.0E-6;-7.0E-6;
1329;"HDP104";"2012";"31.5";"0";"0";"0";"0";"0";"0";"0";"0";"0";"0";"0";"0";"0";"";"";5.0E-6;-7.0E-6;
1330;"HDP104";"2011";"28.9";"0";"0";"0";"0";"0";"0";"0";"0";"0";"0";"0";"0";"0";"";"";5.0E-6;-7.0E-6;
1331;"HDP104";"2010";"31.2";"0";"0";"0";"0";"0";"0";"0";"0";"0";"0";"0";"0";"0";"";"";5.0E-6;-7.0E-6;
1332;"HEM187";"2020";"19.6";"24.4";"20";"15.3";"18.6";"0";"0";"0";"0";"0";"0";"0";"0";"0";"";"";5.0E-6;-7.0E-6;
1333;"HEM187";"2019";"23";"29.4";"31.9";"24.7";"25.5";"18.6";"15.6";"17.8";"0";"16.2";"19.5";"19.4";"30.9";"26.8";"";"";5.0E-6;-7.0E-6;
1334;"HEM187";"2018";"24.2";"20.5";"28.4";"23.5";"29.6";"27.8";"22.5";"16";"20.7";"21.1";"21.8";"28.6";"29.7";"24.8";"";"";5.0E-6;-7.0E-6;
1335;"HEM187";"2017";"26.7";"0";"0";"0";"0";"0";"0";"0";"0";"0";"0";"0";"0";"0";"";"";5.0E-6;-7.0E-6;
1336;"HEM187";"2016";"25.6";"0";"0";"0";"0";"0";"0";"0";"0";"0";"0";"0";"0";"0";"";"";5.0E-6;-7.0E-6;
1337;"HEM187";"2015";"25.4";"0";"0";"0";"0";"0";"0";"0";"0";"0";"0";"0";"0";"0";"";"";5.0E-6;-7.0E-6;
1338;"HEM187";"2014";"25.8";"0";"0";"0";"0";"0";"0";"0";"0";"0";"0";"0";"0";"0";"";"";5.0E-6;-7.0E-6;
1339;"HEM187";"2013";"26";"0";"0";"0";"0";"0";"0";"0";"0";"0";"0";"0";"0";"0";"";"";5.0E-6;-7.0E-6;
1340;"HEM187";"2012";"28";"0";"0";"0";"0";"0";"0";"0";"0";"0";"0";"0";"0";"0";"";"";5.0E-6;-7.0E-6;
1341;"HEM187";"2011";"28.9";"0";"0";"0";"0";"0";"0";"0";"0";"0";"0";"0";"0";"0";"";"";5.0E-6;-7.0E-6;
1342;"HEM187";"2010";"0";"0";"0";"0";"0";"0";"0";"0";"0";"0";"0";"0";"0";"0";"";"";5.0E-6;-7.0E-6;
1343;"HEMO18";"2020";"22.9";"27.3";"25.5";"21.2";"17.7";"0";"0";"0";"0";"0";"0";"0";"0";"0";"";"";5.0E-6;-7.0E-6;
1344;"HEMO18";"2019";"25.8";"32.3";"34.8";"30.3";"29.4";"20.6";"17.7";"18.3";"22.6";"22.1";"22.8";"23";"30.8";"30.7";"";"";5.0E-6;-7.0E-6;
1345;"HEMO18";"2018";"26.6";"24.9";"35";"27.6";"28.6";"28.4";"23.6";"18";"22.2";"22.1";"26.5";"31.6";"29.2";"27.9";"";"";5.0E-6;-7.0E-6;
1346;"HEMO18";"2017";"30.2";"0";"0";"0";"0";"0";"0";"0";"0";"0";"0";"0";"0";"0";"";"";5.0E-6;-7.0E-6;
1347;"HEMO18";"2016";"31";"0";"0";"0";"0";"0";"0";"0";"0";"0";"0";"0";"0";"0";"";"";5.0E-6;-7.0E-6;
1348;"HEMO18";"2015";"31.7";"0";"0";"0";"0";"0";"0";"0";"0";"0";"0";"0";"0";"0";"";"";5.0E-6;-7.0E-6;
1349;"HEMO18";"2014";"32.3";"0";"0";"0";"0";"0";"0";"0";"0";"0";"0";"0";"0";"0";"";"";5.0E-6;-7.0E-6;
1350;"HEMO18";"2013";"31.2";"0";"0";"0";"0";"0";"0";"0";"0";"0";"0";"0";"0";"0";"";"";5.0E-6;-7.0E-6;
1351;"HEMO18";"2012";"35.1";"0";"0";"0";"0";"0";"0";"0";"0";"0";"0";"0";"0";"0";"";"";5.0E-6;-7.0E-6;
1352;"HEMO18";"2011";"35.2";"0";"0";"0";"0";"0";"0";"0";"0";"0";"0";"0";"0";"0";"";"";5.0E-6;-7.0E-6;
1353;"HEMO18";"2010";"34";"0";"0";"0";"0";"0";"0";"0";"0";"0";"0";"0";"0";"0";"";"";5.0E-6;-7.0E-6;
1354;"HEN124";"2020";"34";"37.7";"0";"35.4";"28.9";"0";"0";"0";"0";"0";"0";"0";"0";"0";"";"";5.0E-6;-7.0E-6;
1355;"HEN124";"2019";"40.8";"41.1";"46.4";"42.5";"43.5";"41.4";"35.3";"38.2";"39.3";"39.9";"0";"37.3";"42.8";"41.8";"";"";5.0E-6;-7.0E-6;
1356;"HEN124";"2018";"48";"42.3";"49.6";"41";"61.3";"65";"55.3";"36";"51.7";"44.1";"52.9";"48.4";"38.3";"37.6";"";"";5.0E-6;-7.0E-6;
1357;"HEN124";"2017";"54.7";"0";"0";"0";"0";"0";"0";"0";"0";"0";"0";"0";"0";"0";"";"";5.0E-6;-7.0E-6;
1358;"HEN124";"2016";"55";"0";"0";"0";"0";"0";"0";"0";"0";"0";"0";"0";"0";"0";"";"";5.0E-6;-7.0E-6;
1359;"HEN124";"2015";"52.4";"0";"0";"0";"0";"0";"0";"0";"0";"0";"0";"0";"0";"0";"";"";5.0E-6;-7.0E-6;
1360;"HEN124";"2014";"55.8";"0";"0";"0";"0";"0";"0";"0";"0";"0";"0";"0";"0";"0";"";"";5.0E-6;-7.0E-6;
1361;"HEN124";"2013";"51.1";"0";"0";"0";"0";"0";"0";"0";"0";"0";"0";"0";"0";"0";"";"";5.0E-6;-7.0E-6;
1362;"HEN124";"2012";"56.3";"0";"0";"0";"0";"0";"0";"0";"0";"0";"0";"0";"0";"0";"";"";5.0E-6;-7.0E-6;
1363;"HEN124";"2011";"56.9";"0";"0";"0";"0";"0";"0";"0";"0";"0";"0";"0";"0";"0";"";"";5.0E-6;-7.0E-6;
1364;"HEN124";"2010";"59.3";"0";"0";"0";"0";"0";"0";"0";"0";"0";"0";"0";"0";"0";"";"";5.0E-6;-7.0E-6;
1365;"HEN150";"2020";"41.3";"49.2";"46.5";"43.4";"26.3";"0";"0";"0";"0";"0";"0";"0";"0";"0";"";"";5.0E-6;-7.0E-6;
1366;"HEN150";"2019";"40.1";"44.1";"46.9";"45.9";"40.4";"36.5";"35.1";"38.7";"38";"39.4";"38.4";"37.5";"0";"0";"";"";5.0E-6;-7.0E-6;
1367;"HEN150";"2018";"49.6";"49";"54.8";"39.9";"63.8";"75.6";"52.1";"44";"49.1";"45.1";"50.9";"49.3";"34.5";"36.7";"";"";5.0E-6;-7.0E-6;
1368;"HEN150";"2017";"58.5";"0";"0";"0";"0";"0";"0";"0";"0";"0";"0";"0";"0";"0";"";"";5.0E-6;-7.0E-6;
1369;"HEN150";"2016";"56";"0";"0";"0";"0";"0";"0";"0";"0";"0";"0";"0";"0";"0";"";"";5.0E-6;-7.0E-6;
1370;"HEN150";"2015";"56.8";"0";"0";"0";"0";"0";"0";"0";"0";"0";"0";"0";"0";"0";"";"";5.0E-6;-7.0E-6;
1371;"HEN150";"2014";"55";"0";"0";"0";"0";"0";"0";"0";"0";"0";"0";"0";"0";"0";"";"";5.0E-6;-7.0E-6;
1372;"HEN150";"2013";"53";"0";"0";"0";"0";"0";"0";"0";"0";"0";"0";"0";"0";"0";"";"";5.0E-6;-7.0E-6;
1373;"HEN150";"2012";"58.5";"0";"0";"0";"0";"0";"0";"0";"0";"0";"0";"0";"0";"0";"";"";5.0E-6;-7.0E-6;
1374;"HEN150";"2011";"59.5";"0";"0";"0";"0";"0";"0";"0";"0";"0";"0";"0";"0";"0";"";"";5.0E-6;-7.0E-6;
1375;"HEN150";"2010";"58.3";"0";"0";"0";"0";"0";"0";"0";"0";"0";"0";"0";"0";"0";"";"";5.0E-6;-7.0E-6;
1376;"HEN167";"2020";"28.5";"33.3";"30.7";"26.6";"23.5";"0";"0";"0";"0";"0";"0";"0";"0";"0";"";"";5.0E-6;-7.0E-6;
1377;"HEN167";"2019";"36.5";"36.2";"42.5";"36.3";"38.4";"35.9";"32.5";"0";"36.6";"34.9";"33.8";"34.7";"38.9";"37.1";"";"";5.0E-6;-7.0E-6;
1378;"HEN167";"2018";"44.5";"35.6";"49.2";"39.9";"55.1";"68.9";"50.5";"46.7";"44.5";"38.1";"40.5";"0";"30.7";"34.5";"";"";5.0E-6;-7.0E-6;
1379;"HEN167";"2017";"49.5";"0";"0";"0";"0";"0";"0";"0";"0";"0";"0";"0";"0";"0";"";"";5.0E-6;-7.0E-6;
1380;"HEN167";"2016";"46";"0";"0";"0";"0";"0";"0";"0";"0";"0";"0";"0";"0";"0";"";"";5.0E-6;-7.0E-6;
1381;"HEN167";"2015";"0";"0";"0";"0";"0";"0";"0";"0";"0";"0";"0";"0";"0";"0";"";"";5.0E-6;-7.0E-6;
1382;"HEN167";"2014";"0";"0";"0";"0";"0";"0";"0";"0";"0";"0";"0";"0";"0";"0";"";"";5.0E-6;-7.0E-6;
1383;"HEN167";"2013";"0";"0";"0";"0";"0";"0";"0";"0";"0";"0";"0";"0";"0";"0";"";"";5.0E-6;-7.0E-6;
1384;"HEN167";"2012";"0";"0";"0";"0";"0";"0";"0";"0";"0";"0";"0";"0";"0";"0";"";"";5.0E-6;-7.0E-6;
1385;"HEN167";"2011";"0";"0";"0";"0";"0";"0";"0";"0";"0";"0";"0";"0";"0";"0";"";"";5.0E-6;-7.0E-6;
1386;"HEN167";"2010";"0";"0";"0";"0";"0";"0";"0";"0";"0";"0";"0";"0";"0";"0";"";"";5.0E-6;-7.0E-6;
1387;"HEN68";"2020";"32.3";"42.3";"33.4";"29.5";"24.1";"0";"0";"0";"0";"0";"0";"0";"0";"0";"";"";5.0E-6;-7.0E-6;
1388;"HEN68";"2019";"42";"45";"49.3";"40.4";"49.6";"45.1";"34.3";"36.5";"42.3";"38.9";"36.1";"0";"43.5";"43";"";"";5.0E-6;-7.0E-6;
1389;"HEN68";"2018";"47.4";"40.1";"48.2";"51.2";"68.4";"65.6";"50.5";"34.7";"51.7";"39.1";"36.3";"49.3";"41.2";"39.8";"";"";5.0E-6;-7.0E-6;
1390;"HEN68";"2017";"53";"0";"0";"0";"0";"0";"0";"0";"0";"0";"0";"0";"0";"0";"";"";5.0E-6;-7.0E-6;
1391;"HEN68";"2016";"50.6";"0";"0";"0";"0";"0";"0";"0";"0";"0";"0";"0";"0";"0";"";"";5.0E-6;-7.0E-6;
1392;"HEN68";"2015";"50.7";"0";"0";"0";"0";"0";"0";"0";"0";"0";"0";"0";"0";"0";"";"";5.0E-6;-7.0E-6;
1393;"HEN68";"2014";"55.6";"0";"0";"0";"0";"0";"0";"0";"0";"0";"0";"0";"0";"0";"";"";5.0E-6;-7.0E-6;
1394;"HEN68";"2013";"51.3";"0";"0";"0";"0";"0";"0";"0";"0";"0";"0";"0";"0";"0";"";"";5.0E-6;-7.0E-6;
1395;"HEN68";"2012";"55.1";"0";"0";"0";"0";"0";"0";"0";"0";"0";"0";"0";"0";"0";"";"";5.0E-6;-7.0E-6;
1396;"HEN68";"2011";"55.9";"0";"0";"0";"0";"0";"0";"0";"0";"0";"0";"0";"0";"0";"";"";5.0E-6;-7.0E-6;
1397;"HEN68";"2010";"53.9";"0";"0";"0";"0";"0";"0";"0";"0";"0";"0";"0";"0";"0";"";"";5.0E-6;-7.0E-6;
1398;"HLW119";"2020";"25.2";"31.5";"26.8";"23.2";"19.3";"0";"0";"0";"0";"0";"0";"0";"0";"0";"";"";5.0E-6;-7.0E-6;
1399;"HLW119";"2019";"30.5";"34.3";"36.7";"34.7";"33.5";"24.5";"23.7";"25.2";"0";"29.8";"26.3";"28.1";"35.3";"34.5";"";"";5.0E-6;-7.0E-6;
1400;"HLW119";"2018";"34.2";"30.3";"37.8";"35.8";"39.8";"53.4";"31.1";"21.3";"32.1";"31.1";"34.3";"35.5";"31.6";"30.1";"";"";5.0E-6;-7.0E-6;
1401;"HLW119";"2017";"38.2";"0";"0";"0";"0";"0";"0";"0";"0";"0";"0";"0";"0";"0";"";"";5.0E-6;-7.0E-6;
1402;"HLW119";"2016";"38.9";"0";"0";"0";"0";"0";"0";"0";"0";"0";"0";"0";"0";"0";"";"";5.0E-6;-7.0E-6;
1403;"HLW119";"2015";"0";"0";"0";"0";"0";"0";"0";"0";"0";"0";"0";"0";"0";"0";"";"";5.0E-6;-7.0E-6;
1404;"HLW119";"2014";"0";"0";"0";"0";"0";"0";"0";"0";"0";"0";"0";"0";"0";"0";"";"";5.0E-6;-7.0E-6;
1405;"HLW119";"2013";"0";"0";"0";"0";"0";"0";"0";"0";"0";"0";"0";"0";"0";"0";"";"";5.0E-6;-7.0E-6;
1406;"HLW119";"2012";"0";"0";"0";"0";"0";"0";"0";"0";"0";"0";"0";"0";"0";"0";"";"";5.0E-6;-7.0E-6;
1407;"HLW119";"2011";"0";"0";"0";"0";"0";"0";"0";"0";"0";"0";"0";"0";"0";"0";"";"";5.0E-6;-7.0E-6;
1408;"HLW119";"2010";"0";"0";"0";"0";"0";"0";"0";"0";"0";"0";"0";"0";"0";"0";"";"";5.0E-6;-7.0E-6;
1409;"HLW645";"2020";"23.8";"29.2";"24.2";"21.8";"20.2";"0";"0";"0";"0";"0";"0";"0";"0";"0";"";"";5.0E-6;-7.0E-6;
1410;"HLW645";"2019";"28.6";"34.3";"36.7";"30.3";"30.1";"24.1";"0";"23.2";"25.7";"23.3";"25.8";"27.1";"31.9";"30.6";"";"";5.0E-6;-7.0E-6;
1411;"HLW645";"2018";"29.5";"26.7";"35.9";"28.7";"36.8";"33.4";"27.9";"24";"26.9";"26.1";"24.9";"33.6";"30.7";"28.3";"";"";5.0E-6;-7.0E-6;
1412;"HLW645";"2017";"33.4";"0";"0";"0";"0";"0";"0";"0";"0";"0";"0";"0";"0";"0";"";"";5.0E-6;-7.0E-6;
1413;"HLW645";"2016";"34.5";"0";"0";"0";"0";"0";"0";"0";"0";"0";"0";"0";"0";"0";"";"";5.0E-6;-7.0E-6;
1414;"HLW645";"2015";"33.3";"0";"0";"0";"0";"0";"0";"0";"0";"0";"0";"0";"0";"0";"";"";5.0E-6;-7.0E-6;
1415;"HLW645";"2014";"33.5";"0";"0";"0";"0";"0";"0";"0";"0";"0";"0";"0";"0";"0";"";"";5.0E-6;-7.0E-6;
1416;"HLW645";"2013";"31.8";"0";"0";"0";"0";"0";"0";"0";"0";"0";"0";"0";"0";"0";"";"";5.0E-6;-7.0E-6;
1417;"HLW645";"2012";"35.5";"0";"0";"0";"0";"0";"0";"0";"0";"0";"0";"0";"0";"0";"";"";5.0E-6;-7.0E-6;
1418;"HLW645";"2011";"37.9";"0";"0";"0";"0";"0";"0";"0";"0";"0";"0";"0";"0";"0";"";"";5.0E-6;-7.0E-6;
1419;"HLW645";"2010";"38.1";"0";"0";"0";"0";"0";"0";"0";"0";"0";"0";"0";"0";"0";"";"";5.0E-6;-7.0E-6;
1420;"HLW77";"2020";"28.8";"32.9";"30.6";"28.1";"23.8";"0";"0";"0";"0";"0";"0";"0";"0";"0";"";"";5.0E-6;-7.0E-6;
1421;"HLW77";"2019";"35.4";"40.6";"41.1";"42.4";"35.2";"30.6";"28.8";"31.2";"35.5";"35.3";"32.7";"33.3";"36.8";"36.6";"";"";5.0E-6;-7.0E-6;
1422;"HLW77";"2018";"40.2";"41";"46.8";"36.3";"49";"58.4";"35.4";"27.3";"38.8";"38.1";"40.5";"42.4";"34.5";"34.5";"";"";5.0E-6;-7.0E-6;
1423;"HLW77";"2017";"46.2";"0";"0";"0";"0";"0";"0";"0";"0";"0";"0";"0";"0";"0";"";"";5.0E-6;-7.0E-6;
1424;"HLW77";"2016";"0";"0";"0";"0";"0";"0";"0";"0";"0";"0";"0";"0";"0";"0";"";"";5.0E-6;-7.0E-6;
1425;"HLW77";"2015";"43.3";"0";"0";"0";"0";"0";"0";"0";"0";"0";"0";"0";"0";"0";"";"";5.0E-6;-7.0E-6;
1426;"HLW77";"2014";"46.4";"0";"0";"0";"0";"0";"0";"0";"0";"0";"0";"0";"0";"0";"";"";5.0E-6;-7.0E-6;
1427;"HLW77";"2013";"43.6";"0";"0";"0";"0";"0";"0";"0";"0";"0";"0";"0";"0";"0";"";"";5.0E-6;-7.0E-6;
1428;"HLW77";"2012";"49.1";"0";"0";"0";"0";"0";"0";"0";"0";"0";"0";"0";"0";"0";"";"";5.0E-6;-7.0E-6;
1429;"HLW77";"2011";"0";"0";"0";"0";"0";"0";"0";"0";"0";"0";"0";"0";"0";"0";"";"";5.0E-6;-7.0E-6;
1430;"HLW77";"2010";"0";"0";"0";"0";"0";"0";"0";"0";"0";"0";"0";"0";"0";"0";"";"";5.0E-6;-7.0E-6;
1431;"HOUT43";"2020";"25.8";"32.1";"26.9";"24.6";"19.6";"0";"0";"0";"0";"0";"0";"0";"0";"0";"";"";5.0E-6;-7.0E-6;
1432;"HOUT43";"2019";"30.8";"37.2";"40.6";"34.3";"33.4";"27.4";"23";"25.1";"27";"27";"27.9";"31.1";"32.3";"34.5";"";"";5.0E-6;-7.0E-6;
1433;"HOUT43";"2018";"35.3";"32.1";"39.7";"32.8";"43.9";"43.4";"39.7";"33.3";"33.1";"29.1";"33.2";"36.5";"31.6";"31";"";"";5.0E-6;-7.0E-6;
1434;"HOUT43";"2017";"0";"0";"0";"0";"0";"0";"0";"0";"0";"0";"0";"0";"0";"0";"";"";5.0E-6;-7.0E-6;
1435;"HOUT43";"2016";"0";"0";"0";"0";"0";"0";"0";"0";"0";"0";"0";"0";"0";"0";"";"";5.0E-6;-7.0E-6;
1436;"HOUT43";"2015";"0";"0";"0";"0";"0";"0";"0";"0";"0";"0";"0";"0";"0";"0";"";"";5.0E-6;-7.0E-6;
1437;"HOUT43";"2014";"0";"0";"0";"0";"0";"0";"0";"0";"0";"0";"0";"0";"0";"0";"";"";5.0E-6;-7.0E-6;
1438;"HOUT43";"2013";"0";"0";"0";"0";"0";"0";"0";"0";"0";"0";"0";"0";"0";"0";"";"";5.0E-6;-7.0E-6;
1439;"HOUT43";"2012";"0";"0";"0";"0";"0";"0";"0";"0";"0";"0";"0";"0";"0";"0";"";"";5.0E-6;-7.0E-6;
1440;"HOUT43";"2011";"0";"0";"0";"0";"0";"0";"0";"0";"0";"0";"0";"0";"0";"0";"";"";5.0E-6;-7.0E-6;
1441;"HOUT43";"2010";"0";"0";"0";"0";"0";"0";"0";"0";"0";"0";"0";"0";"0";"0";"";"";5.0E-6;-7.0E-6;
1442;"HP11C";"2020";"21.3";"26.3";"23.6";"17.7";"17.8";"0";"0";"0";"0";"0";"0";"0";"0";"0";"";"";5.0E-6;-7.0E-6;
1443;"HP11C";"2019";"22.8";"28.4";"36.7";"27.3";"22.5";"17.5";"15.8";"16.9";"18.5";"16.1";"19.7";"19.2";"28.3";"29.2";"";"";5.0E-6;-7.0E-6;
1444;"HP11C";"2018";"24.3";"24";"31.2";"22.5";"28.6";"26.7";"20.4";"17.3";"20.7";"20.1";"26";"0";"26.8";"27.4";"";"";5.0E-6;-7.0E-6;
1445;"HP11C";"2017";"27.7";"0";"0";"0";"0";"0";"0";"0";"0";"0";"0";"0";"0";"0";"";"";5.0E-6;-7.0E-6;
1446;"HP11C";"2016";"26.6";"0";"0";"0";"0";"0";"0";"0";"0";"0";"0";"0";"0";"0";"";"";5.0E-6;-7.0E-6;
1447;"HP11C";"2015";"26.8";"0";"0";"0";"0";"0";"0";"0";"0";"0";"0";"0";"0";"0";"";"";5.0E-6;-7.0E-6;
1448;"HP11C";"2014";"26.9";"0";"0";"0";"0";"0";"0";"0";"0";"0";"0";"0";"0";"0";"";"";5.0E-6;-7.0E-6;
1449;"HP11C";"2013";"27.2";"0";"0";"0";"0";"0";"0";"0";"0";"0";"0";"0";"0";"0";"";"";5.0E-6;-7.0E-6;
1450;"HP11C";"2012";"28.9";"0";"0";"0";"0";"0";"0";"0";"0";"0";"0";"0";"0";"0";"";"";5.0E-6;-7.0E-6;
1451;"HP11C";"2011";"27.9";"0";"0";"0";"0";"0";"0";"0";"0";"0";"0";"0";"0";"0";"";"";5.0E-6;-7.0E-6;
1452;"HP11C";"2010";"30.5";"0";"0";"0";"0";"0";"0";"0";"0";"0";"0";"0";"0";"0";"";"";5.0E-6;-7.0E-6;
1453;"HS6";"2020";"20.7";"24.9";"23.5";"15.8";"18.6";"0";"0";"0";"0";"0";"0";"0";"0";"0";"";"";5.0E-6;-7.0E-6;
1454;"HS6";"2019";"23.9";"30.3";"43.5";"25.5";"26.7";"19.4";"17.2";"16.1";"17.4";"14.3";"22.2";"21.8";"28.6";"27";"";"";5.0E-6;-7.0E-6;
1455;"HS6";"2018";"24.5";"24";"28.4";"27.6";"26.5";"26.7";"22.5";"12";"20.7";"22.1";"0";"28.6";"28.8";"26.5";"";"";5.0E-6;-7.0E-6;
1456;"HS6";"2017";"27.8";"0";"0";"0";"0";"0";"0";"0";"0";"0";"0";"0";"0";"0";"";"";5.0E-6;-7.0E-6;
1457;"HS6";"2016";"26.6";"0";"0";"0";"0";"0";"0";"0";"0";"0";"0";"0";"0";"0";"";"";5.0E-6;-7.0E-6;
1458;"HS6";"2015";"25.7";"0";"0";"0";"0";"0";"0";"0";"0";"0";"0";"0";"0";"0";"";"";5.0E-6;-7.0E-6;
1459;"HS6";"2014";"27.1";"0";"0";"0";"0";"0";"0";"0";"0";"0";"0";"0";"0";"0";"";"";5.0E-6;-7.0E-6;
1460;"HS6";"2013";"28.4";"0";"0";"0";"0";"0";"0";"0";"0";"0";"0";"0";"0";"0";"";"";5.0E-6;-7.0E-6;
1461;"HS6";"2012";"29.1";"0";"0";"0";"0";"0";"0";"0";"0";"0";"0";"0";"0";"0";"";"";5.0E-6;-7.0E-6;
1462;"HS6";"2011";"28.3";"0";"0";"0";"0";"0";"0";"0";"0";"0";"0";"0";"0";"0";"";"";5.0E-6;-7.0E-6;
1463;"HS6";"2010";"31.7";"0";"0";"0";"0";"0";"0";"0";"0";"0";"0";"0";"0";"0";"";"";5.0E-6;-7.0E-6;
1464;"HST1";"2020";"18.8";"21.1";"20.4";"13";"20.7";"0";"0";"0";"0";"0";"0";"0";"0";"0";"";"";5.0E-6;-7.0E-6;
1465;"HST1";"2019";"0";"0";"0";"0";"0";"0";"0";"0";"0";"0";"0";"0";"0";"0";"";"";5.0E-6;-7.0E-6;
1466;"HST1";"2018";"0";"0";"0";"0";"0";"0";"0";"0";"0";"0";"0";"0";"0";"0";"";"";5.0E-6;-7.0E-6;
1467;"HST1";"2017";"0";"0";"0";"0";"0";"0";"0";"0";"0";"0";"0";"0";"0";"0";"";"";5.0E-6;-7.0E-6;
1468;"HST1";"2016";"0";"0";"0";"0";"0";"0";"0";"0";"0";"0";"0";"0";"0";"0";"";"";5.0E-6;-7.0E-6;
1469;"HST1";"2015";"0";"0";"0";"0";"0";"0";"0";"0";"0";"0";"0";"0";"0";"0";"";"";5.0E-6;-7.0E-6;
1470;"HST1";"2014";"0";"0";"0";"0";"0";"0";"0";"0";"0";"0";"0";"0";"0";"0";"";"";5.0E-6;-7.0E-6;
1471;"HST1";"2013";"0";"0";"0";"0";"0";"0";"0";"0";"0";"0";"0";"0";"0";"0";"";"";5.0E-6;-7.0E-6;
1472;"HST1";"2012";"0";"0";"0";"0";"0";"0";"0";"0";"0";"0";"0";"0";"0";"0";"";"";5.0E-6;-7.0E-6;
1473;"HST1";"2011";"0";"0";"0";"0";"0";"0";"0";"0";"0";"0";"0";"0";"0";"0";"";"";5.0E-6;-7.0E-6;
1474;"HST1";"2010";"0";"0";"0";"0";"0";"0";"0";"0";"0";"0";"0";"0";"0";"0";"";"";5.0E-6;-7.0E-6;
1475;"HST2";"2020";"21.3";"25.1";"25.3";"16.7";"18";"0";"0";"0";"0";"0";"0";"0";"0";"0";"";"";5.0E-6;-7.0E-6;
1476;"HST2";"2019";"0";"0";"0";"0";"0";"0";"0";"0";"0";"0";"0";"0";"0";"0";"";"";5.0E-6;-7.0E-6;
1477;"HST2";"2018";"0";"0";"0";"0";"0";"0";"0";"0";"0";"0";"0";"0";"0";"0";"";"";5.0E-6;-7.0E-6;
1478;"HST2";"2017";"0";"0";"0";"0";"0";"0";"0";"0";"0";"0";"0";"0";"0";"0";"";"";5.0E-6;-7.0E-6;
1479;"HST2";"2016";"0";"0";"0";"0";"0";"0";"0";"0";"0";"0";"0";"0";"0";"0";"";"";5.0E-6;-7.0E-6;
1480;"HST2";"2015";"0";"0";"0";"0";"0";"0";"0";"0";"0";"0";"0";"0";"0";"0";"";"";5.0E-6;-7.0E-6;
1481;"HST2";"2014";"0";"0";"0";"0";"0";"0";"0";"0";"0";"0";"0";"0";"0";"0";"";"";5.0E-6;-7.0E-6;
1482;"HST2";"2013";"0";"0";"0";"0";"0";"0";"0";"0";"0";"0";"0";"0";"0";"0";"";"";5.0E-6;-7.0E-6;
1483;"HST2";"2012";"0";"0";"0";"0";"0";"0";"0";"0";"0";"0";"0";"0";"0";"0";"";"";5.0E-6;-7.0E-6;
1484;"HST2";"2011";"0";"0";"0";"0";"0";"0";"0";"0";"0";"0";"0";"0";"0";"0";"";"";5.0E-6;-7.0E-6;
1485;"HST2";"2010";"0";"0";"0";"0";"0";"0";"0";"0";"0";"0";"0";"0";"0";"0";"";"";5.0E-6;-7.0E-6;
1486;"HST3";"2020";"19.6";"23";"22.4";"15.3";"17.6";"0";"0";"0";"0";"0";"0";"0";"0";"0";"";"";5.0E-6;-7.0E-6;
1487;"HST3";"2019";"0";"0";"0";"0";"0";"0";"0";"0";"0";"0";"0";"0";"0";"0";"";"";5.0E-6;-7.0E-6;
1488;"HST3";"2018";"0";"0";"0";"0";"0";"0";"0";"0";"0";"0";"0";"0";"0";"0";"";"";5.0E-6;-7.0E-6;
1489;"HST3";"2017";"0";"0";"0";"0";"0";"0";"0";"0";"0";"0";"0";"0";"0";"0";"";"";5.0E-6;-7.0E-6;
1490;"HST3";"2016";"0";"0";"0";"0";"0";"0";"0";"0";"0";"0";"0";"0";"0";"0";"";"";5.0E-6;-7.0E-6;
1491;"HST3";"2015";"0";"0";"0";"0";"0";"0";"0";"0";"0";"0";"0";"0";"0";"0";"";"";5.0E-6;-7.0E-6;
1492;"HST3";"2014";"0";"0";"0";"0";"0";"0";"0";"0";"0";"0";"0";"0";"0";"0";"";"";5.0E-6;-7.0E-6;
1493;"HST3";"2013";"0";"0";"0";"0";"0";"0";"0";"0";"0";"0";"0";"0";"0";"0";"";"";5.0E-6;-7.0E-6;
1494;"HST3";"2012";"0";"0";"0";"0";"0";"0";"0";"0";"0";"0";"0";"0";"0";"0";"";"";5.0E-6;-7.0E-6;
1495;"HST3";"2011";"0";"0";"0";"0";"0";"0";"0";"0";"0";"0";"0";"0";"0";"0";"";"";5.0E-6;-7.0E-6;
1496;"HST3";"2010";"0";"0";"0";"0";"0";"0";"0";"0";"0";"0";"0";"0";"0";"0";"";"";5.0E-6;-7.0E-6;
1497;"HST4";"2020";"17.3";"20.5";"18.5";"12.6";"17.5";"0";"0";"0";"0";"0";"0";"0";"0";"0";"";"";5.0E-6;-7.0E-6;
1498;"HST4";"2019";"0";"0";"0";"0";"0";"0";"0";"0";"0";"0";"0";"0";"0";"0";"";"";5.0E-6;-7.0E-6;
1499;"HST4";"2018";"0";"0";"0";"0";"0";"0";"0";"0";"0";"0";"0";"0";"0";"0";"";"";5.0E-6;-7.0E-6;
1500;"HST4";"2017";"0";"0";"0";"0";"0";"0";"0";"0";"0";"0";"0";"0";"0";"0";"";"";5.0E-6;-7.0E-6;
1501;"HST4";"2016";"0";"0";"0";"0";"0";"0";"0";"0";"0";"0";"0";"0";"0";"0";"";"";5.0E-6;-7.0E-6;
1502;"HST4";"2015";"0";"0";"0";"0";"0";"0";"0";"0";"0";"0";"0";"0";"0";"0";"";"";5.0E-6;-7.0E-6;
1503;"HST4";"2014";"0";"0";"0";"0";"0";"0";"0";"0";"0";"0";"0";"0";"0";"0";"";"";5.0E-6;-7.0E-6;
1504;"HST4";"2013";"0";"0";"0";"0";"0";"0";"0";"0";"0";"0";"0";"0";"0";"0";"";"";5.0E-6;-7.0E-6;
1505;"HST4";"2012";"0";"0";"0";"0";"0";"0";"0";"0";"0";"0";"0";"0";"0";"0";"";"";5.0E-6;-7.0E-6;
1506;"HST4";"2011";"0";"0";"0";"0";"0";"0";"0";"0";"0";"0";"0";"0";"0";"0";"";"";5.0E-6;-7.0E-6;
1507;"HST4";"2010";"0";"0";"0";"0";"0";"0";"0";"0";"0";"0";"0";"0";"0";"0";"";"";5.0E-6;-7.0E-6;
1508;"HST5";"2020";"22.4";"24.8";"24.3";"18";"0";"0";"0";"0";"0";"0";"0";"0";"0";"0";"";"";5.0E-6;-7.0E-6;
1509;"HST5";"2019";"0";"0";"0";"0";"0";"0";"0";"0";"0";"0";"0";"0";"0";"0";"";"";5.0E-6;-7.0E-6;
1510;"HST5";"2018";"0";"0";"0";"0";"0";"0";"0";"0";"0";"0";"0";"0";"0";"0";"";"";5.0E-6;-7.0E-6;
1511;"HST5";"2017";"0";"0";"0";"0";"0";"0";"0";"0";"0";"0";"0";"0";"0";"0";"";"";5.0E-6;-7.0E-6;
1512;"HST5";"2016";"0";"0";"0";"0";"0";"0";"0";"0";"0";"0";"0";"0";"0";"0";"";"";5.0E-6;-7.0E-6;
1513;"HST5";"2015";"0";"0";"0";"0";"0";"0";"0";"0";"0";"0";"0";"0";"0";"0";"";"";5.0E-6;-7.0E-6;
1514;"HST5";"2014";"0";"0";"0";"0";"0";"0";"0";"0";"0";"0";"0";"0";"0";"0";"";"";5.0E-6;-7.0E-6;
1515;"HST5";"2013";"0";"0";"0";"0";"0";"0";"0";"0";"0";"0";"0";"0";"0";"0";"";"";5.0E-6;-7.0E-6;
1516;"HST5";"2012";"0";"0";"0";"0";"0";"0";"0";"0";"0";"0";"0";"0";"0";"0";"";"";5.0E-6;-7.0E-6;
1517;"HST5";"2011";"0";"0";"0";"0";"0";"0";"0";"0";"0";"0";"0";"0";"0";"0";"";"";5.0E-6;-7.0E-6;
1518;"HST5";"2010";"0";"0";"0";"0";"0";"0";"0";"0";"0";"0";"0";"0";"0";"0";"";"";5.0E-6;-7.0E-6;
1519;"IJB19";"2020";"22.5";"27.3";"26";"18.5";"18.2";"0";"0";"0";"0";"0";"0";"0";"0";"0";"";"";5.0E-6;-7.0E-6;
1520;"IJB19";"2019";"25.9";"30.3";"36.7";"28.2";"26.6";"20.2";"19.2";"18";"19.9";"20.6";"23.1";"24.8";"38.8";"30.2";"";"";5.0E-6;-7.0E-6;
1521;"IJB19";"2018";"26.8";"24.9";"32.1";"22.5";"35.7";"31.1";"21.5";"16";"18.6";"22.1";"28";"32.6";"32.6";"30.1";"";"";5.0E-6;-7.0E-6;
1522;"IJB19";"2017";"29.2";"0";"0";"0";"0";"0";"0";"0";"0";"0";"0";"0";"0";"0";"";"";5.0E-6;-7.0E-6;
1523;"IJB19";"2016";"28.4";"0";"0";"0";"0";"0";"0";"0";"0";"0";"0";"0";"0";"0";"";"";5.0E-6;-7.0E-6;
1524;"IJB19";"2015";"26.6";"0";"0";"0";"0";"0";"0";"0";"0";"0";"0";"0";"0";"0";"";"";5.0E-6;-7.0E-6;
1525;"IJB19";"2014";"27.3";"0";"0";"0";"0";"0";"0";"0";"0";"0";"0";"0";"0";"0";"";"";5.0E-6;-7.0E-6;
1526;"IJB19";"2013";"31.1";"0";"0";"0";"0";"0";"0";"0";"0";"0";"0";"0";"0";"0";"";"";5.0E-6;-7.0E-6;
1527;"IJB19";"2012";"31.8";"0";"0";"0";"0";"0";"0";"0";"0";"0";"0";"0";"0";"0";"";"";5.0E-6;-7.0E-6;
1528;"IJB19";"2011";"31.3";"0";"0";"0";"0";"0";"0";"0";"0";"0";"0";"0";"0";"0";"";"";5.0E-6;-7.0E-6;
1529;"IJB19";"2010";"31";"0";"0";"0";"0";"0";"0";"0";"0";"0";"0";"0";"0";"0";"";"";5.0E-6;-7.0E-6;
1530;"IJS27";"2020";"18.7";"23";"20.7";"16.3";"14.7";"0";"0";"0";"0";"0";"0";"0";"0";"0";"";"";5.0E-6;-7.0E-6;
1531;"IJS27";"2019";"21.4";"26.4";"30";"24.8";"22.6";"14.5";"0";"13.5";"0";"16.2";"17.9";"18.7";"25.5";"25.8";"";"";5.0E-6;-7.0E-6;
1532;"IJS27";"2018";"21.9";"21.4";"28.4";"21.5";"30.6";"22.2";"16.1";"13.3";"15.5";"18";"22.8";"26.6";"24.9";"23";"";"";5.0E-6;-7.0E-6;
1533;"IJS27";"2017";"24";"0";"0";"0";"0";"0";"0";"0";"0";"0";"0";"0";"0";"0";"";"";5.0E-6;-7.0E-6;
1534;"IJS27";"2016";"24.4";"0";"0";"0";"0";"0";"0";"0";"0";"0";"0";"0";"0";"0";"";"";5.0E-6;-7.0E-6;
1535;"IJS27";"2015";"24.6";"0";"0";"0";"0";"0";"0";"0";"0";"0";"0";"0";"0";"0";"";"";5.0E-6;-7.0E-6;
1536;"IJS27";"2014";"23.5";"0";"0";"0";"0";"0";"0";"0";"0";"0";"0";"0";"0";"0";"";"";5.0E-6;-7.0E-6;
1537;"IJS27";"2013";"24.6";"0";"0";"0";"0";"0";"0";"0";"0";"0";"0";"0";"0";"0";"";"";5.0E-6;-7.0E-6;
1538;"IJS27";"2012";"27.3";"0";"0";"0";"0";"0";"0";"0";"0";"0";"0";"0";"0";"0";"";"";5.0E-6;-7.0E-6;
1539;"IJS27";"2011";"26.4";"0";"0";"0";"0";"0";"0";"0";"0";"0";"0";"0";"0";"0";"";"";5.0E-6;-7.0E-6;
1540;"IJS27";"2010";"28.8";"0";"0";"0";"0";"0";"0";"0";"0";"0";"0";"0";"0";"0";"";"";5.0E-6;-7.0E-6;
1541;"ING10";"2020";"20";"25.1";"22.4";"17";"15.6";"0";"0";"0";"0";"0";"0";"0";"0";"0";"";"";5.0E-6;-7.0E-6;
1542;"ING10";"2019";"22";"29.4";"32.9";"26.3";"24";"15.6";"15.1";"14.9";"17.2";"16.3";"19.3";"20";"27.7";"27.4";"";"";5.0E-6;-7.0E-6;
1543;"ING10";"2018";"22.9";"21.4";"31.2";"22.5";"31.6";"22.2";"15";"14.7";"18.6";"18";"0";"26.6";"26.8";"25.7";"";"";5.0E-6;-7.0E-6;
1544;"ING10";"2017";"27.3";"0";"0";"0";"0";"0";"0";"0";"0";"0";"0";"0";"0";"0";"";"";5.0E-6;-7.0E-6;
1545;"ING10";"2016";"25.6";"0";"0";"0";"0";"0";"0";"0";"0";"0";"0";"0";"0";"0";"";"";5.0E-6;-7.0E-6;
1546;"ING10";"2015";"25.1";"0";"0";"0";"0";"0";"0";"0";"0";"0";"0";"0";"0";"0";"";"";5.0E-6;-7.0E-6;
1547;"ING10";"2014";"25.2";"0";"0";"0";"0";"0";"0";"0";"0";"0";"0";"0";"0";"0";"";"";5.0E-6;-7.0E-6;
1548;"ING10";"2013";"26";"0";"0";"0";"0";"0";"0";"0";"0";"0";"0";"0";"0";"0";"";"";5.0E-6;-7.0E-6;
1549;"ING10";"2012";"27.6";"0";"0";"0";"0";"0";"0";"0";"0";"0";"0";"0";"0";"0";"";"";5.0E-6;-7.0E-6;
1550;"ING10";"2011";"28.5";"0";"0";"0";"0";"0";"0";"0";"0";"0";"0";"0";"0";"0";"";"";5.0E-6;-7.0E-6;
1551;"ING10";"2010";"28.3";"0";"0";"0";"0";"0";"0";"0";"0";"0";"0";"0";"0";"0";"";"";5.0E-6;-7.0E-6;
1552;"JAVA700";"2020";"22";"26.8";"24.3";"18.2";"18.6";"0";"0";"0";"0";"0";"0";"0";"0";"0";"";"";5.0E-6;-7.0E-6;
1553;"JAVA700";"2019";"25";"33.3";"34.8";"28";"24.6";"18.9";"19.1";"18.8";"23.2";"23.1";"22.7";"23.3";"28.7";"26.2";"";"";5.0E-6;-7.0E-6;
1554;"JAVA700";"2018";"26";"28.5";"27.4";"21.5";"32.7";"26.7";"19.3";"14.7";"26.9";"0";"28";"29.6";"29.7";"26.5";"";"";5.0E-6;-7.0E-6;
1555;"JAVA700";"2017";"31.4";"0";"0";"0";"0";"0";"0";"0";"0";"0";"0";"0";"0";"0";"";"";5.0E-6;-7.0E-6;
1556;"JAVA700";"2016";"30.7";"0";"0";"0";"0";"0";"0";"0";"0";"0";"0";"0";"0";"0";"";"";5.0E-6;-7.0E-6;
1557;"JAVA700";"2015";"30.9";"0";"0";"0";"0";"0";"0";"0";"0";"0";"0";"0";"0";"0";"";"";5.0E-6;-7.0E-6;
1558;"JAVA700";"2014";"29.5";"0";"0";"0";"0";"0";"0";"0";"0";"0";"0";"0";"0";"0";"";"";5.0E-6;-7.0E-6;
1559;"JAVA700";"2013";"30";"0";"0";"0";"0";"0";"0";"0";"0";"0";"0";"0";"0";"0";"";"";5.0E-6;-7.0E-6;
1560;"JAVA700";"2012";"32.6";"0";"0";"0";"0";"0";"0";"0";"0";"0";"0";"0";"0";"0";"";"";5.0E-6;-7.0E-6;
1561;"JAVA700";"2011";"34.3";"0";"0";"0";"0";"0";"0";"0";"0";"0";"0";"0";"0";"0";"";"";5.0E-6;-7.0E-6;
1562;"JAVA700";"2010";"0";"0";"0";"0";"0";"0";"0";"0";"0";"0";"0";"0";"0";"0";"";"";5.0E-6;-7.0E-6;
1563;"JVG151";"2020";"26.8";"30.2";"28.5";"25.3";"23.3";"0";"0";"0";"0";"0";"0";"0";"0";"0";"";"";5.0E-6;-7.0E-6;
1564;"JVG151";"2019";"35.2";"35.2";"44.5";"36.8";"36.1";"31.8";"28.3";"29.5";"36.3";"35.9";"34.1";"35.5";"38.5";"35.6";"";"";5.0E-6;-7.0E-6;
1565;"JVG151";"2018";"39.4";"32.9";"44.4";"43";"47";"51.1";"35.4";"30.7";"34.1";"0";"40.5";"40.5";"0";"33.6";"";"";5.0E-6;-7.0E-6;
1566;"JVG151";"2017";"41.3";"0";"0";"0";"0";"0";"0";"0";"0";"0";"0";"0";"0";"0";"";"";5.0E-6;-7.0E-6;
1567;"JVG151";"2016";"41.3";"0";"0";"0";"0";"0";"0";"0";"0";"0";"0";"0";"0";"0";"";"";5.0E-6;-7.0E-6;
1568;"JVG151";"2015";"37.3";"0";"0";"0";"0";"0";"0";"0";"0";"0";"0";"0";"0";"0";"";"";5.0E-6;-7.0E-6;
1569;"JVG151";"2014";"41.4";"0";"0";"0";"0";"0";"0";"0";"0";"0";"0";"0";"0";"0";"";"";5.0E-6;-7.0E-6;
1570;"JVG151";"2013";"40.1";"0";"0";"0";"0";"0";"0";"0";"0";"0";"0";"0";"0";"0";"";"";5.0E-6;-7.0E-6;
1571;"JVG151";"2012";"43.3";"0";"0";"0";"0";"0";"0";"0";"0";"0";"0";"0";"0";"0";"";"";5.0E-6;-7.0E-6;
1572;"JVG151";"2011";"41.8";"0";"0";"0";"0";"0";"0";"0";"0";"0";"0";"0";"0";"0";"";"";5.0E-6;-7.0E-6;
1573;"JVG151";"2010";"0";"0";"0";"0";"0";"0";"0";"0";"0";"0";"0";"0";"0";"0";"";"";5.0E-6;-7.0E-6;
1574;"JVG255";"2020";"33.2";"38.4";"0";"31.1";"29.9";"0";"0";"0";"0";"0";"0";"0";"0";"0";"";"";5.0E-6;-7.0E-6;
1575;"JVG255";"2019";"44.1";"44.1";"48.3";"44.9";"47.6";"44.1";"38.7";"45.5";"45.5";"45.5";"42.9";"0";"41.5";"40.8";"";"";5.0E-6;-7.0E-6;
1576;"JVG255";"2018";"45.6";"39.2";"49.2";"46.1";"49";"60";"47.2";"36";"42.4";"44.1";"44.6";"52.3";"43.1";"39.8";"";"";5.0E-6;-7.0E-6;
1577;"JVG255";"2017";"52.1";"0";"0";"0";"0";"0";"0";"0";"0";"0";"0";"0";"0";"0";"";"";5.0E-6;-7.0E-6;
1578;"JVG255";"2016";"48.1";"0";"0";"0";"0";"0";"0";"0";"0";"0";"0";"0";"0";"0";"";"";5.0E-6;-7.0E-6;
1579;"JVG255";"2015";"46.7";"0";"0";"0";"0";"0";"0";"0";"0";"0";"0";"0";"0";"0";"";"";5.0E-6;-7.0E-6;
1580;"JVG255";"2014";"48.4";"0";"0";"0";"0";"0";"0";"0";"0";"0";"0";"0";"0";"0";"";"";5.0E-6;-7.0E-6;
1581;"JVG255";"2013";"49.4";"0";"0";"0";"0";"0";"0";"0";"0";"0";"0";"0";"0";"0";"";"";5.0E-6;-7.0E-6;
1582;"JVG255";"2012";"51.6";"0";"0";"0";"0";"0";"0";"0";"0";"0";"0";"0";"0";"0";"";"";5.0E-6;-7.0E-6;
1583;"JVG255";"2011";"49.9";"0";"0";"0";"0";"0";"0";"0";"0";"0";"0";"0";"0";"0";"";"";5.0E-6;-7.0E-6;
1584;"JVG255";"2010";"52";"0";"0";"0";"0";"0";"0";"0";"0";"0";"0";"0";"0";"0";"";"";5.0E-6;-7.0E-6;
1585;"KAT306G";"2020";"21.8";"25";"23.9";"20.9";"17.3";"0";"0";"0";"0";"0";"0";"0";"0";"0";"";"";5.0E-6;-7.0E-6;
1586;"KAT306G";"2019";"0";"0";"0";"0";"0";"0";"0";"0";"0";"0";"0";"0";"0";"0";"";"";5.0E-6;-7.0E-6;
1587;"KAT306G";"2018";"0";"0";"0";"0";"0";"0";"0";"0";"0";"0";"0";"0";"0";"0";"";"";5.0E-6;-7.0E-6;
1588;"KAT306G";"2017";"0";"0";"0";"0";"0";"0";"0";"0";"0";"0";"0";"0";"0";"0";"";"";5.0E-6;-7.0E-6;
1589;"KAT306G";"2016";"0";"0";"0";"0";"0";"0";"0";"0";"0";"0";"0";"0";"0";"0";"";"";5.0E-6;-7.0E-6;
1590;"KAT306G";"2015";"0";"0";"0";"0";"0";"0";"0";"0";"0";"0";"0";"0";"0";"0";"";"";5.0E-6;-7.0E-6;
1591;"KAT306G";"2014";"0";"0";"0";"0";"0";"0";"0";"0";"0";"0";"0";"0";"0";"0";"";"";5.0E-6;-7.0E-6;
1592;"KAT306G";"2013";"0";"0";"0";"0";"0";"0";"0";"0";"0";"0";"0";"0";"0";"0";"";"";5.0E-6;-7.0E-6;
1593;"KAT306G";"2012";"0";"0";"0";"0";"0";"0";"0";"0";"0";"0";"0";"0";"0";"0";"";"";5.0E-6;-7.0E-6;
1594;"KAT306G";"2011";"0";"0";"0";"0";"0";"0";"0";"0";"0";"0";"0";"0";"0";"0";"";"";5.0E-6;-7.0E-6;
1595;"KAT306G";"2010";"0";"0";"0";"0";"0";"0";"0";"0";"0";"0";"0";"0";"0";"0";"";"";5.0E-6;-7.0E-6;
1596;"KAT306P";"2020";"23";"28.4";"26.1";"19.2";"18.2";"0";"0";"0";"0";"0";"0";"0";"0";"0";"";"";5.0E-6;-7.0E-6;
1597;"KAT306P";"2019";"0";"0";"0";"0";"0";"0";"0";"0";"0";"0";"0";"0";"0";"0";"";"";5.0E-6;-7.0E-6;
1598;"KAT306P";"2018";"0";"0";"0";"0";"0";"0";"0";"0";"0";"0";"0";"0";"0";"0";"";"";5.0E-6;-7.0E-6;
1599;"KAT306P";"2017";"0";"0";"0";"0";"0";"0";"0";"0";"0";"0";"0";"0";"0";"0";"";"";5.0E-6;-7.0E-6;
1600;"KAT306P";"2016";"0";"0";"0";"0";"0";"0";"0";"0";"0";"0";"0";"0";"0";"0";"";"";5.0E-6;-7.0E-6;
1601;"KAT306P";"2015";"0";"0";"0";"0";"0";"0";"0";"0";"0";"0";"0";"0";"0";"0";"";"";5.0E-6;-7.0E-6;
1602;"KAT306P";"2014";"0";"0";"0";"0";"0";"0";"0";"0";"0";"0";"0";"0";"0";"0";"";"";5.0E-6;-7.0E-6;
1603;"KAT306P";"2013";"0";"0";"0";"0";"0";"0";"0";"0";"0";"0";"0";"0";"0";"0";"";"";5.0E-6;-7.0E-6;
1604;"KAT306P";"2012";"0";"0";"0";"0";"0";"0";"0";"0";"0";"0";"0";"0";"0";"0";"";"";5.0E-6;-7.0E-6;
1605;"KAT306P";"2011";"0";"0";"0";"0";"0";"0";"0";"0";"0";"0";"0";"0";"0";"0";"";"";5.0E-6;-7.0E-6;
1606;"KAT306P";"2010";"0";"0";"0";"0";"0";"0";"0";"0";"0";"0";"0";"0";"0";"0";"";"";5.0E-6;-7.0E-6;
1607;"KAT6";"2020";"22.7";"28.1";"24.1";"19.3";"19.3";"0";"0";"0";"0";"0";"0";"0";"0";"0";"";"";5.0E-6;-7.0E-6;
1608;"KAT6";"2019";"29.6";"0";"36.7";"32.8";"45.2";"29.9";"25.5";"22.5";"26.5";"25.3";"25.9";"24.5";"31.1";"29.6";"";"";5.0E-6;-7.0E-6;
1609;"KAT6";"2018";"32.5";"25.8";"34";"29.7";"48";"55.6";"32.2";"22.7";"29";"27.1";"28";"32.6";"29.7";"28.3";"";"";5.0E-6;-7.0E-6;
1610;"KAT6";"2017";"32.1";"0";"0";"0";"0";"0";"0";"0";"0";"0";"0";"0";"0";"0";"";"";5.0E-6;-7.0E-6;
1611;"KAT6";"2016";"32.3";"0";"0";"0";"0";"0";"0";"0";"0";"0";"0";"0";"0";"0";"";"";5.0E-6;-7.0E-6;
1612;"KAT6";"2015";"30.9";"0";"0";"0";"0";"0";"0";"0";"0";"0";"0";"0";"0";"0";"";"";5.0E-6;-7.0E-6;
1613;"KAT6";"2014";"0";"0";"0";"0";"0";"0";"0";"0";"0";"0";"0";"0";"0";"0";"";"";5.0E-6;-7.0E-6;
1614;"KAT6";"2013";"0";"0";"0";"0";"0";"0";"0";"0";"0";"0";"0";"0";"0";"0";"";"";5.0E-6;-7.0E-6;
1615;"KAT6";"2012";"0";"0";"0";"0";"0";"0";"0";"0";"0";"0";"0";"0";"0";"0";"";"";5.0E-6;-7.0E-6;
1616;"KAT6";"2011";"0";"0";"0";"0";"0";"0";"0";"0";"0";"0";"0";"0";"0";"0";"";"";5.0E-6;-7.0E-6;
1617;"KAT6";"2010";"0";"0";"0";"0";"0";"0";"0";"0";"0";"0";"0";"0";"0";"0";"";"";5.0E-6;-7.0E-6;
1618;"KH32";"2020";"20.8";"25";"22.8";"18.3";"17.3";"0";"0";"0";"0";"0";"0";"0";"0";"0";"";"";5.0E-6;-7.0E-6;
1619;"KH32";"2019";"22.7";"31.3";"33.8";"27.6";"24.8";"17.8";"17.1";"15.5";"18.1";"16";"18.5";"20.3";"26.2";"28.7";"";"";5.0E-6;-7.0E-6;
1620;"KH32";"2018";"23.4";"24.9";"27.4";"22.5";"27.6";"23.3";"18.3";"14.7";"20.7";"0";"23.9";"27.6";"24.9";"24.8";"";"";5.0E-6;-7.0E-6;
1621;"KH32";"2017";"27.7";"0";"0";"0";"0";"0";"0";"0";"0";"0";"0";"0";"0";"0";"";"";5.0E-6;-7.0E-6;
1622;"KH32";"2016";"26.7";"0";"0";"0";"0";"0";"0";"0";"0";"0";"0";"0";"0";"0";"";"";5.0E-6;-7.0E-6;
1623;"KH32";"2015";"26.6";"0";"0";"0";"0";"0";"0";"0";"0";"0";"0";"0";"0";"0";"";"";5.0E-6;-7.0E-6;
1624;"KH32";"2014";"0";"0";"0";"0";"0";"0";"0";"0";"0";"0";"0";"0";"0";"0";"";"";5.0E-6;-7.0E-6;
1625;"KH32";"2013";"0";"0";"0";"0";"0";"0";"0";"0";"0";"0";"0";"0";"0";"0";"";"";5.0E-6;-7.0E-6;
1626;"KH32";"2012";"0";"0";"0";"0";"0";"0";"0";"0";"0";"0";"0";"0";"0";"0";"";"";5.0E-6;-7.0E-6;
1627;"KH32";"2011";"0";"0";"0";"0";"0";"0";"0";"0";"0";"0";"0";"0";"0";"0";"";"";5.0E-6;-7.0E-6;
1628;"KH32";"2010";"0";"0";"0";"0";"0";"0";"0";"0";"0";"0";"0";"0";"0";"0";"";"";5.0E-6;-7.0E-6;
1629;"KORT100";"2020";"17.7";"21.3";"21.5";"14.2";"13.8";"0";"0";"0";"0";"0";"0";"0";"0";"0";"";"";5.0E-6;-7.0E-6;
1630;"KORT100";"2019";"20.3";"26.4";"31.9";"22.3";"19.1";"0";"0";"12.3";"16.1";"14.2";"17";"16.2";"24.9";"22.7";"";"";5.0E-6;-7.0E-6;
1631;"KORT100";"2018";"21.2";"21.4";"30.3";"21.5";"23.5";"21.1";"12.9";"12";"0";"0";"19.7";"0";"26.8";"23";"";"";5.0E-6;-7.0E-6;
1632;"KORT100";"2017";"24.9";"0";"0";"0";"0";"0";"0";"0";"0";"0";"0";"0";"0";"0";"";"";5.0E-6;-7.0E-6;
1633;"KORT100";"2016";"23";"0";"0";"0";"0";"0";"0";"0";"0";"0";"0";"0";"0";"0";"";"";5.0E-6;-7.0E-6;
1634;"KORT100";"2015";"20.3";"0";"0";"0";"0";"0";"0";"0";"0";"0";"0";"0";"0";"0";"";"";5.0E-6;-7.0E-6;
1635;"KORT100";"2014";"20.6";"0";"0";"0";"0";"0";"0";"0";"0";"0";"0";"0";"0";"0";"";"";5.0E-6;-7.0E-6;
1636;"KORT100";"2013";"20.6";"0";"0";"0";"0";"0";"0";"0";"0";"0";"0";"0";"0";"0";"";"";5.0E-6;-7.0E-6;
1637;"KORT100";"2012";"23.3";"0";"0";"0";"0";"0";"0";"0";"0";"0";"0";"0";"0";"0";"";"";5.0E-6;-7.0E-6;
1638;"KORT100";"2011";"22.3";"0";"0";"0";"0";"0";"0";"0";"0";"0";"0";"0";"0";"0";"";"";5.0E-6;-7.0E-6;
1639;"KORT100";"2010";"25.7";"0";"0";"0";"0";"0";"0";"0";"0";"0";"0";"0";"0";"0";"";"";5.0E-6;-7.0E-6;
1640;"L1";"2020";"26.4";"32.5";"30.7";"25.7";"16.8";"0";"0";"0";"0";"0";"0";"0";"0";"0";"";"";5.0E-6;-7.0E-6;
1641;"L1";"2019";"27.3";"32.3";"38.7";"34.8";"21.8";"17.9";"19.6";"20.1";"22.7";"0";"23.2";"27.9";"33";"35.4";"";"";5.0E-6;-7.0E-6;
1642;"L1";"2018";"0";"0";"0";"0";"0";"0";"0";"0";"0";"0";"0";"0";"0";"0";"";"";5.0E-6;-7.0E-6;
1643;"L1";"2017";"0";"0";"0";"0";"0";"0";"0";"0";"0";"0";"0";"0";"0";"0";"";"";5.0E-6;-7.0E-6;
1644;"L1";"2016";"0";"0";"0";"0";"0";"0";"0";"0";"0";"0";"0";"0";"0";"0";"";"";5.0E-6;-7.0E-6;
1645;"L1";"2015";"0";"0";"0";"0";"0";"0";"0";"0";"0";"0";"0";"0";"0";"0";"";"";5.0E-6;-7.0E-6;
1646;"L1";"2014";"0";"0";"0";"0";"0";"0";"0";"0";"0";"0";"0";"0";"0";"0";"";"";5.0E-6;-7.0E-6;
1647;"L1";"2013";"0";"0";"0";"0";"0";"0";"0";"0";"0";"0";"0";"0";"0";"0";"";"";5.0E-6;-7.0E-6;
1648;"L1";"2012";"0";"0";"0";"0";"0";"0";"0";"0";"0";"0";"0";"0";"0";"0";"";"";5.0E-6;-7.0E-6;
1649;"L1";"2011";"0";"0";"0";"0";"0";"0";"0";"0";"0";"0";"0";"0";"0";"0";"";"";5.0E-6;-7.0E-6;
1650;"L1";"2010";"0";"0";"0";"0";"0";"0";"0";"0";"0";"0";"0";"0";"0";"0";"";"";5.0E-6;-7.0E-6;
1651;"L2";"2020";"18.7";"23.1";"23";"17";"11.8";"0";"0";"0";"0";"0";"0";"0";"0";"0";"";"";5.0E-6;-7.0E-6;
1652;"L2";"2019";"19";"21.5";"30.9";"23.8";"14.2";"0";"10.7";"8.6";"14";"0";"14.8";"0";"25.9";"25.7";"";"";5.0E-6;-7.0E-6;
1653;"L2";"2018";"0";"0";"0";"0";"0";"0";"0";"0";"0";"0";"0";"0";"0";"0";"";"";5.0E-6;-7.0E-6;
1654;"L2";"2017";"0";"0";"0";"0";"0";"0";"0";"0";"0";"0";"0";"0";"0";"0";"";"";5.0E-6;-7.0E-6;
1655;"L2";"2016";"0";"0";"0";"0";"0";"0";"0";"0";"0";"0";"0";"0";"0";"0";"";"";5.0E-6;-7.0E-6;
1656;"L2";"2015";"0";"0";"0";"0";"0";"0";"0";"0";"0";"0";"0";"0";"0";"0";"";"";5.0E-6;-7.0E-6;
1657;"L2";"2014";"0";"0";"0";"0";"0";"0";"0";"0";"0";"0";"0";"0";"0";"0";"";"";5.0E-6;-7.0E-6;
1658;"L2";"2013";"0";"0";"0";"0";"0";"0";"0";"0";"0";"0";"0";"0";"0";"0";"";"";5.0E-6;-7.0E-6;
1659;"L2";"2012";"0";"0";"0";"0";"0";"0";"0";"0";"0";"0";"0";"0";"0";"0";"";"";5.0E-6;-7.0E-6;
1660;"L2";"2011";"0";"0";"0";"0";"0";"0";"0";"0";"0";"0";"0";"0";"0";"0";"";"";5.0E-6;-7.0E-6;
1661;"L2";"2010";"0";"0";"0";"0";"0";"0";"0";"0";"0";"0";"0";"0";"0";"0";"";"";5.0E-6;-7.0E-6;
1662;"L3";"2020";"0";"0";"0";"0";"0";"0";"0";"0";"0";"0";"0";"0";"0";"0";"";"";5.0E-6;-7.0E-6;
1663;"L3";"2019";"18.2";"27.4";"30";"24.1";"14";"8.6";"10";"10";"12.4";"25";"12.5";"17.1";"21.4";"24.7";"";"";5.0E-6;-7.0E-6;
1664;"L3";"2018";"0";"0";"0";"0";"0";"0";"0";"0";"0";"0";"0";"0";"0";"0";"";"";5.0E-6;-7.0E-6;
1665;"L3";"2017";"0";"0";"0";"0";"0";"0";"0";"0";"0";"0";"0";"0";"0";"0";"";"";5.0E-6;-7.0E-6;
1666;"L3";"2016";"0";"0";"0";"0";"0";"0";"0";"0";"0";"0";"0";"0";"0";"0";"";"";5.0E-6;-7.0E-6;
1667;"L3";"2015";"0";"0";"0";"0";"0";"0";"0";"0";"0";"0";"0";"0";"0";"0";"";"";5.0E-6;-7.0E-6;
1668;"L3";"2014";"0";"0";"0";"0";"0";"0";"0";"0";"0";"0";"0";"0";"0";"0";"";"";5.0E-6;-7.0E-6;
1669;"L3";"2013";"0";"0";"0";"0";"0";"0";"0";"0";"0";"0";"0";"0";"0";"0";"";"";5.0E-6;-7.0E-6;
1670;"L3";"2012";"0";"0";"0";"0";"0";"0";"0";"0";"0";"0";"0";"0";"0";"0";"";"";5.0E-6;-7.0E-6;
1671;"L3";"2011";"0";"0";"0";"0";"0";"0";"0";"0";"0";"0";"0";"0";"0";"0";"";"";5.0E-6;-7.0E-6;
1672;"L3";"2010";"0";"0";"0";"0";"0";"0";"0";"0";"0";"0";"0";"0";"0";"0";"";"";5.0E-6;-7.0E-6;
1673;"L4";"2020";"0";"0";"0";"0";"0";"0";"0";"0";"0";"0";"0";"0";"0";"0";"";"";5.0E-6;-7.0E-6;
1674;"L4";"2019";"16.8";"0";"30";"20.2";"12.9";"8.8";"0";"9.1";"11.5";"12.4";"13.6";"17.8";"23.5";"24.6";"";"";5.0E-6;-7.0E-6;
1675;"L4";"2018";"0";"0";"0";"0";"0";"0";"0";"0";"0";"0";"0";"0";"0";"0";"";"";5.0E-6;-7.0E-6;
1676;"L4";"2017";"0";"0";"0";"0";"0";"0";"0";"0";"0";"0";"0";"0";"0";"0";"";"";5.0E-6;-7.0E-6;
1677;"L4";"2016";"0";"0";"0";"0";"0";"0";"0";"0";"0";"0";"0";"0";"0";"0";"";"";5.0E-6;-7.0E-6;
1678;"L4";"2015";"0";"0";"0";"0";"0";"0";"0";"0";"0";"0";"0";"0";"0";"0";"";"";5.0E-6;-7.0E-6;
1679;"L4";"2014";"0";"0";"0";"0";"0";"0";"0";"0";"0";"0";"0";"0";"0";"0";"";"";5.0E-6;-7.0E-6;
1680;"L4";"2013";"0";"0";"0";"0";"0";"0";"0";"0";"0";"0";"0";"0";"0";"0";"";"";5.0E-6;-7.0E-6;
1681;"L4";"2012";"0";"0";"0";"0";"0";"0";"0";"0";"0";"0";"0";"0";"0";"0";"";"";5.0E-6;-7.0E-6;
1682;"L4";"2011";"0";"0";"0";"0";"0";"0";"0";"0";"0";"0";"0";"0";"0";"0";"";"";5.0E-6;-7.0E-6;
1683;"L4";"2010";"0";"0";"0";"0";"0";"0";"0";"0";"0";"0";"0";"0";"0";"0";"";"";5.0E-6;-7.0E-6;
1684;"L5";"2020";"0";"0";"0";"0";"0";"0";"0";"0";"0";"0";"0";"0";"0";"0";"";"";5.0E-6;-7.0E-6;
1685;"L5";"2019";"16.1";"18.6";"28";"20";"13.3";"9.2";"9.3";"8.7";"0";"12.5";"13";"15.1";"22.6";"22.9";"";"";5.0E-6;-7.0E-6;
1686;"L5";"2018";"0";"0";"0";"0";"0";"0";"0";"0";"0";"0";"0";"0";"0";"0";"";"";5.0E-6;-7.0E-6;
1687;"L5";"2017";"0";"0";"0";"0";"0";"0";"0";"0";"0";"0";"0";"0";"0";"0";"";"";5.0E-6;-7.0E-6;
1688;"L5";"2016";"0";"0";"0";"0";"0";"0";"0";"0";"0";"0";"0";"0";"0";"0";"";"";5.0E-6;-7.0E-6;
1689;"L5";"2015";"0";"0";"0";"0";"0";"0";"0";"0";"0";"0";"0";"0";"0";"0";"";"";5.0E-6;-7.0E-6;
1690;"L5";"2014";"0";"0";"0";"0";"0";"0";"0";"0";"0";"0";"0";"0";"0";"0";"";"";5.0E-6;-7.0E-6;
1691;"L5";"2013";"0";"0";"0";"0";"0";"0";"0";"0";"0";"0";"0";"0";"0";"0";"";"";5.0E-6;-7.0E-6;
1692;"L5";"2012";"0";"0";"0";"0";"0";"0";"0";"0";"0";"0";"0";"0";"0";"0";"";"";5.0E-6;-7.0E-6;
1693;"L5";"2011";"0";"0";"0";"0";"0";"0";"0";"0";"0";"0";"0";"0";"0";"0";"";"";5.0E-6;-7.0E-6;
1694;"L5";"2010";"0";"0";"0";"0";"0";"0";"0";"0";"0";"0";"0";"0";"0";"0";"";"";5.0E-6;-7.0E-6;
1695;"L6";"2020";"24.1";"28.5";"27.1";"22.2";"18.5";"0";"0";"0";"0";"0";"0";"0";"0";"0";"";"";5.0E-6;-7.0E-6;
1696;"L6";"2019";"0";"0";"0";"0";"0";"0";"0";"0";"0";"0";"0";"0";"0";"0";"";"";5.0E-6;-7.0E-6;
1697;"L6";"2018";"0";"0";"0";"0";"0";"0";"0";"0";"0";"0";"0";"0";"0";"0";"";"";5.0E-6;-7.0E-6;
1698;"L6";"2017";"0";"0";"0";"0";"0";"0";"0";"0";"0";"0";"0";"0";"0";"0";"";"";5.0E-6;-7.0E-6;
1699;"L6";"2016";"0";"0";"0";"0";"0";"0";"0";"0";"0";"0";"0";"0";"0";"0";"";"";5.0E-6;-7.0E-6;
1700;"L6";"2015";"0";"0";"0";"0";"0";"0";"0";"0";"0";"0";"0";"0";"0";"0";"";"";5.0E-6;-7.0E-6;
1701;"L6";"2014";"0";"0";"0";"0";"0";"0";"0";"0";"0";"0";"0";"0";"0";"0";"";"";5.0E-6;-7.0E-6;
1702;"L6";"2013";"0";"0";"0";"0";"0";"0";"0";"0";"0";"0";"0";"0";"0";"0";"";"";5.0E-6;-7.0E-6;
1703;"L6";"2012";"0";"0";"0";"0";"0";"0";"0";"0";"0";"0";"0";"0";"0";"0";"";"";5.0E-6;-7.0E-6;
1704;"L6";"2011";"0";"0";"0";"0";"0";"0";"0";"0";"0";"0";"0";"0";"0";"0";"";"";5.0E-6;-7.0E-6;
1705;"L6";"2010";"0";"0";"0";"0";"0";"0";"0";"0";"0";"0";"0";"0";"0";"0";"";"";5.0E-6;-7.0E-6;
1706;"L7";"2020";"17.2";"0";"19.8";"14.5";"0";"0";"0";"0";"0";"0";"0";"0";"0";"0";"";"";5.0E-6;-7.0E-6;
1707;"L7";"2019";"0";"0";"0";"0";"0";"0";"0";"0";"0";"0";"0";"0";"0";"0";"";"";5.0E-6;-7.0E-6;
1708;"L7";"2018";"0";"0";"0";"0";"0";"0";"0";"0";"0";"0";"0";"0";"0";"0";"";"";5.0E-6;-7.0E-6;
1709;"L7";"2017";"0";"0";"0";"0";"0";"0";"0";"0";"0";"0";"0";"0";"0";"0";"";"";5.0E-6;-7.0E-6;
1710;"L7";"2016";"0";"0";"0";"0";"0";"0";"0";"0";"0";"0";"0";"0";"0";"0";"";"";5.0E-6;-7.0E-6;
1711;"L7";"2015";"0";"0";"0";"0";"0";"0";"0";"0";"0";"0";"0";"0";"0";"0";"";"";5.0E-6;-7.0E-6;
1712;"L7";"2014";"0";"0";"0";"0";"0";"0";"0";"0";"0";"0";"0";"0";"0";"0";"";"";5.0E-6;-7.0E-6;
1713;"L7";"2013";"0";"0";"0";"0";"0";"0";"0";"0";"0";"0";"0";"0";"0";"0";"";"";5.0E-6;-7.0E-6;
1714;"L7";"2012";"0";"0";"0";"0";"0";"0";"0";"0";"0";"0";"0";"0";"0";"0";"";"";5.0E-6;-7.0E-6;
1715;"L7";"2011";"0";"0";"0";"0";"0";"0";"0";"0";"0";"0";"0";"0";"0";"0";"";"";5.0E-6;-7.0E-6;
1716;"L7";"2010";"0";"0";"0";"0";"0";"0";"0";"0";"0";"0";"0";"0";"0";"0";"";"";5.0E-6;-7.0E-6;
1717;"L8";"2020";"16.8";"22.3";"19.6";"13.5";"11.7";"0";"0";"0";"0";"0";"0";"0";"0";"0";"";"";5.0E-6;-7.0E-6;
1718;"L8";"2019";"0";"0";"0";"0";"0";"0";"0";"0";"0";"0";"0";"0";"0";"0";"";"";5.0E-6;-7.0E-6;
1719;"L8";"2018";"0";"0";"0";"0";"0";"0";"0";"0";"0";"0";"0";"0";"0";"0";"";"";5.0E-6;-7.0E-6;
1720;"L8";"2017";"0";"0";"0";"0";"0";"0";"0";"0";"0";"0";"0";"0";"0";"0";"";"";5.0E-6;-7.0E-6;
1721;"L8";"2016";"0";"0";"0";"0";"0";"0";"0";"0";"0";"0";"0";"0";"0";"0";"";"";5.0E-6;-7.0E-6;
1722;"L8";"2015";"0";"0";"0";"0";"0";"0";"0";"0";"0";"0";"0";"0";"0";"0";"";"";5.0E-6;-7.0E-6;
1723;"L8";"2014";"0";"0";"0";"0";"0";"0";"0";"0";"0";"0";"0";"0";"0";"0";"";"";5.0E-6;-7.0E-6;
1724;"L8";"2013";"0";"0";"0";"0";"0";"0";"0";"0";"0";"0";"0";"0";"0";"0";"";"";5.0E-6;-7.0E-6;
1725;"L8";"2012";"0";"0";"0";"0";"0";"0";"0";"0";"0";"0";"0";"0";"0";"0";"";"";5.0E-6;-7.0E-6;
1726;"L8";"2011";"0";"0";"0";"0";"0";"0";"0";"0";"0";"0";"0";"0";"0";"0";"";"";5.0E-6;-7.0E-6;
1727;"L8";"2010";"0";"0";"0";"0";"0";"0";"0";"0";"0";"0";"0";"0";"0";"0";"";"";5.0E-6;-7.0E-6;
1728;"LAR1";"2020";"0";"0";"0";"0";"0";"0";"0";"0";"0";"0";"0";"0";"0";"0";"";"";5.0E-6;-7.0E-6;
1729;"LAR2";"2020";"0";"0";"0";"0";"0";"0";"0";"0";"0";"0";"0";"0";"0";"0";"";"";5.0E-6;-7.0E-6;
1730;"LAR3";"2020";"0";"0";"0";"0";"0";"0";"0";"0";"0";"0";"0";"0";"0";"0";"";"";5.0E-6;-7.0E-6;
1731;"LEP4";"2020";"19.3";"24";"21.4";"15.6";"16.2";"0";"0";"0";"0";"0";"0";"0";"0";"0";"";"";5.0E-6;-7.0E-6;
1732;"LEP4";"2019";"22.2";"28.4";"31.9";"26.5";"23.5";"15.4";"15.5";"16";"18.3";"17.5";"19.5";"20.7";"29.7";"26.3";"";"";5.0E-6;-7.0E-6;
1733;"LEP4";"2018";"23.7";"22.3";"31.2";"23.5";"27.6";"25.6";"18.3";"14.7";"19.7";"19";"24.9";"27.6";"27.8";"26.5";"";"";5.0E-6;-7.0E-6;
1734;"LEP4";"2017";"25.5";"0";"0";"0";"0";"0";"0";"0";"0";"0";"0";"0";"0";"0";"";"";5.0E-6;-7.0E-6;
1735;"LEP4";"2016";"26.3";"0";"0";"0";"0";"0";"0";"0";"0";"0";"0";"0";"0";"0";"";"";5.0E-6;-7.0E-6;
1736;"LEP4";"2015";"25.1";"0";"0";"0";"0";"0";"0";"0";"0";"0";"0";"0";"0";"0";"";"";5.0E-6;-7.0E-6;
1737;"LEP4";"2014";"25.7";"0";"0";"0";"0";"0";"0";"0";"0";"0";"0";"0";"0";"0";"";"";5.0E-6;-7.0E-6;
1738;"LEP4";"2013";"25.8";"0";"0";"0";"0";"0";"0";"0";"0";"0";"0";"0";"0";"0";"";"";5.0E-6;-7.0E-6;
1739;"LEP4";"2012";"29.4";"0";"0";"0";"0";"0";"0";"0";"0";"0";"0";"0";"0";"0";"";"";5.0E-6;-7.0E-6;
1740;"LEP4";"2011";"28";"0";"0";"0";"0";"0";"0";"0";"0";"0";"0";"0";"0";"0";"";"";5.0E-6;-7.0E-6;
1741;"LEP4";"2010";"29.3";"0";"0";"0";"0";"0";"0";"0";"0";"0";"0";"0";"0";"0";"";"";5.0E-6;-7.0E-6;
1742;"LIN98";"2020";"28.7";"32.5";"32.8";"25.9";"23.7";"0";"0";"0";"0";"0";"0";"0";"0";"0";"";"";5.0E-6;-7.0E-6;
1743;"LIN98";"2019";"34";"43.1";"42.5";"38";"35";"28.4";"28.7";"28.2";"30.6";"27.4";"32.3";"30.7";"36.2";"40.8";"";"";5.0E-6;-7.0E-6;
1744;"LIN98";"2018";"34.6";"32.1";"41.6";"29.7";"38.8";"36.7";"25.8";"25.3";"35.2";"34.1";"40.5";"38.5";"36.4";"35.4";"";"";5.0E-6;-7.0E-6;
1745;"LIN98";"2017";"40.6";"0";"0";"0";"0";"0";"0";"0";"0";"0";"0";"0";"0";"0";"";"";5.0E-6;-7.0E-6;
1746;"LIN98";"2016";"39";"0";"0";"0";"0";"0";"0";"0";"0";"0";"0";"0";"0";"0";"";"";5.0E-6;-7.0E-6;
1747;"LIN98";"2015";"35.8";"0";"0";"0";"0";"0";"0";"0";"0";"0";"0";"0";"0";"0";"";"";5.0E-6;-7.0E-6;
1748;"LIN98";"2014";"38.6";"0";"0";"0";"0";"0";"0";"0";"0";"0";"0";"0";"0";"0";"";"";5.0E-6;-7.0E-6;
1749;"LIN98";"2013";"37.7";"0";"0";"0";"0";"0";"0";"0";"0";"0";"0";"0";"0";"0";"";"";5.0E-6;-7.0E-6;
1750;"LIN98";"2012";"42.9";"0";"0";"0";"0";"0";"0";"0";"0";"0";"0";"0";"0";"0";"";"";5.0E-6;-7.0E-6;
1751;"LIN98";"2011";"44";"0";"0";"0";"0";"0";"0";"0";"0";"0";"0";"0";"0";"0";"";"";5.0E-6;-7.0E-6;
1752;"LIN98";"2010";"42.8";"0";"0";"0";"0";"0";"0";"0";"0";"0";"0";"0";"0";"0";"";"";5.0E-6;-7.0E-6;
1753;"LOK10";"2020";"23.2";"32.6";"23.2";"21.2";"15.9";"0";"0";"0";"0";"0";"0";"0";"0";"0";"";"";5.0E-6;-7.0E-6;
1754;"LOK10";"2019";"23.9";"26.4";"40.6";"31.7";"23.1";"12.5";"14.4";"14.9";"17.3";"20.1";"0";"0";"30.7";"31.1";"";"";5.0E-6;-7.0E-6;
1755;"LOK10";"2018";"0";"0";"0";"0";"0";"0";"0";"0";"0";"0";"0";"0";"0";"0";"";"";5.0E-6;-7.0E-6;
1756;"LOK10";"2017";"0";"0";"0";"0";"0";"0";"0";"0";"0";"0";"0";"0";"0";"0";"";"";5.0E-6;-7.0E-6;
1757;"LOK10";"2016";"0";"0";"0";"0";"0";"0";"0";"0";"0";"0";"0";"0";"0";"0";"";"";5.0E-6;-7.0E-6;
1758;"LOK10";"2015";"0";"0";"0";"0";"0";"0";"0";"0";"0";"0";"0";"0";"0";"0";"";"";5.0E-6;-7.0E-6;
1759;"LOK10";"2014";"0";"0";"0";"0";"0";"0";"0";"0";"0";"0";"0";"0";"0";"0";"";"";5.0E-6;-7.0E-6;
1760;"LOK10";"2013";"0";"0";"0";"0";"0";"0";"0";"0";"0";"0";"0";"0";"0";"0";"";"";5.0E-6;-7.0E-6;
1761;"LOK10";"2012";"0";"0";"0";"0";"0";"0";"0";"0";"0";"0";"0";"0";"0";"0";"";"";5.0E-6;-7.0E-6;
1762;"LOK10";"2011";"0";"0";"0";"0";"0";"0";"0";"0";"0";"0";"0";"0";"0";"0";"";"";5.0E-6;-7.0E-6;
1763;"LOK10";"2010";"0";"0";"0";"0";"0";"0";"0";"0";"0";"0";"0";"0";"0";"0";"";"";5.0E-6;-7.0E-6;
1764;"LOK11";"2020";"28.7";"36.9";"25.7";"23.7";"0";"0";"0";"0";"0";"0";"0";"0";"0";"0";"";"";5.0E-6;-7.0E-6;
1765;"LOK11";"2019";"26.3";"27.4";"39.6";"34";"23.7";"16.2";"16.8";"15.1";"20.8";"24.7";"24.3";"0";"37.6";"35.6";"";"";5.0E-6;-7.0E-6;
1766;"LOK11";"2018";"0";"0";"0";"0";"0";"0";"0";"0";"0";"0";"0";"0";"0";"0";"";"";5.0E-6;-7.0E-6;
1767;"LOK11";"2017";"0";"0";"0";"0";"0";"0";"0";"0";"0";"0";"0";"0";"0";"0";"";"";5.0E-6;-7.0E-6;
1768;"LOK11";"2016";"0";"0";"0";"0";"0";"0";"0";"0";"0";"0";"0";"0";"0";"0";"";"";5.0E-6;-7.0E-6;
1769;"LOK11";"2015";"0";"0";"0";"0";"0";"0";"0";"0";"0";"0";"0";"0";"0";"0";"";"";5.0E-6;-7.0E-6;
1770;"LOK11";"2014";"0";"0";"0";"0";"0";"0";"0";"0";"0";"0";"0";"0";"0";"0";"";"";5.0E-6;-7.0E-6;
1771;"LOK11";"2013";"0";"0";"0";"0";"0";"0";"0";"0";"0";"0";"0";"0";"0";"0";"";"";5.0E-6;-7.0E-6;
1772;"LOK11";"2012";"0";"0";"0";"0";"0";"0";"0";"0";"0";"0";"0";"0";"0";"0";"";"";5.0E-6;-7.0E-6;
1773;"LOK11";"2011";"0";"0";"0";"0";"0";"0";"0";"0";"0";"0";"0";"0";"0";"0";"";"";5.0E-6;-7.0E-6;
1774;"LOK11";"2010";"0";"0";"0";"0";"0";"0";"0";"0";"0";"0";"0";"0";"0";"0";"";"";5.0E-6;-7.0E-6;
1775;"LOK12";"2020";"31.4";"35.9";"33.5";"29.4";"26.7";"0";"0";"0";"0";"0";"0";"0";"0";"0";"";"";5.0E-6;-7.0E-6;
1776;"LOK12";"2019";"33.7";"33.3";"49.3";"44.1";"31.4";"24";"22.6";"23.4";"28.3";"30.2";"29.9";"34";"45.9";"41.4";"";"";5.0E-6;-7.0E-6;
1777;"LOK12";"2018";"0";"0";"0";"0";"0";"0";"0";"0";"0";"0";"0";"0";"0";"0";"";"";5.0E-6;-7.0E-6;
1778;"LOK12";"2017";"0";"0";"0";"0";"0";"0";"0";"0";"0";"0";"0";"0";"0";"0";"";"";5.0E-6;-7.0E-6;
1779;"LOK12";"2016";"0";"0";"0";"0";"0";"0";"0";"0";"0";"0";"0";"0";"0";"0";"";"";5.0E-6;-7.0E-6;
1780;"LOK12";"2015";"0";"0";"0";"0";"0";"0";"0";"0";"0";"0";"0";"0";"0";"0";"";"";5.0E-6;-7.0E-6;
1781;"LOK12";"2014";"0";"0";"0";"0";"0";"0";"0";"0";"0";"0";"0";"0";"0";"0";"";"";5.0E-6;-7.0E-6;
1782;"LOK12";"2013";"0";"0";"0";"0";"0";"0";"0";"0";"0";"0";"0";"0";"0";"0";"";"";5.0E-6;-7.0E-6;
1783;"LOK12";"2012";"0";"0";"0";"0";"0";"0";"0";"0";"0";"0";"0";"0";"0";"0";"";"";5.0E-6;-7.0E-6;
1784;"LOK12";"2011";"0";"0";"0";"0";"0";"0";"0";"0";"0";"0";"0";"0";"0";"0";"";"";5.0E-6;-7.0E-6;
1785;"LOK12";"2010";"0";"0";"0";"0";"0";"0";"0";"0";"0";"0";"0";"0";"0";"0";"";"";5.0E-6;-7.0E-6;
1786;"LOK13";"2020";"20.6";"26.1";"22.6";"18.7";"15.3";"0";"0";"0";"0";"0";"0";"0";"0";"0";"";"";5.0E-6;-7.0E-6;
1787;"LOK13";"2019";"21.2";"23.5";"33.8";"26.5";"20.4";"13.5";"13.9";"12.1";"0";"15.9";"17.1";"0";"29.2";"26.8";"";"";5.0E-6;-7.0E-6;
1788;"LOK13";"2018";"0";"0";"0";"0";"0";"0";"0";"0";"0";"0";"0";"0";"0";"0";"";"";5.0E-6;-7.0E-6;
1789;"LOK13";"2017";"0";"0";"0";"0";"0";"0";"0";"0";"0";"0";"0";"0";"0";"0";"";"";5.0E-6;-7.0E-6;
1790;"LOK13";"2016";"0";"0";"0";"0";"0";"0";"0";"0";"0";"0";"0";"0";"0";"0";"";"";5.0E-6;-7.0E-6;
1791;"LOK13";"2015";"0";"0";"0";"0";"0";"0";"0";"0";"0";"0";"0";"0";"0";"0";"";"";5.0E-6;-7.0E-6;
1792;"LOK13";"2014";"0";"0";"0";"0";"0";"0";"0";"0";"0";"0";"0";"0";"0";"0";"";"";5.0E-6;-7.0E-6;
1793;"LOK13";"2013";"0";"0";"0";"0";"0";"0";"0";"0";"0";"0";"0";"0";"0";"0";"";"";5.0E-6;-7.0E-6;
1794;"LOK13";"2012";"0";"0";"0";"0";"0";"0";"0";"0";"0";"0";"0";"0";"0";"0";"";"";5.0E-6;-7.0E-6;
1795;"LOK13";"2011";"0";"0";"0";"0";"0";"0";"0";"0";"0";"0";"0";"0";"0";"0";"";"";5.0E-6;-7.0E-6;
1796;"LOK13";"2010";"0";"0";"0";"0";"0";"0";"0";"0";"0";"0";"0";"0";"0";"0";"";"";5.0E-6;-7.0E-6;
1797;"LOK14";"2020";"24.3";"28.1";"26.7";"21.6";"20.6";"0";"0";"0";"0";"0";"0";"0";"0";"0";"";"";5.0E-6;-7.0E-6;
1798;"LOK14";"2019";"26";"0";"0";"0";"27.6";"22.8";"21.7";"13.1";"25";"25.9";"27.3";"27.3";"38.5";"30.3";"";"";5.0E-6;-7.0E-6;
1799;"LOK14";"2018";"0";"0";"0";"0";"0";"0";"0";"0";"0";"0";"0";"0";"0";"0";"";"";5.0E-6;-7.0E-6;
1800;"LOK14";"2017";"0";"0";"0";"0";"0";"0";"0";"0";"0";"0";"0";"0";"0";"0";"";"";5.0E-6;-7.0E-6;
1801;"LOK14";"2016";"0";"0";"0";"0";"0";"0";"0";"0";"0";"0";"0";"0";"0";"0";"";"";5.0E-6;-7.0E-6;
1802;"LOK14";"2015";"0";"0";"0";"0";"0";"0";"0";"0";"0";"0";"0";"0";"0";"0";"";"";5.0E-6;-7.0E-6;
1803;"LOK14";"2014";"0";"0";"0";"0";"0";"0";"0";"0";"0";"0";"0";"0";"0";"0";"";"";5.0E-6;-7.0E-6;
1804;"LOK14";"2013";"0";"0";"0";"0";"0";"0";"0";"0";"0";"0";"0";"0";"0";"0";"";"";5.0E-6;-7.0E-6;
1805;"LOK14";"2012";"0";"0";"0";"0";"0";"0";"0";"0";"0";"0";"0";"0";"0";"0";"";"";5.0E-6;-7.0E-6;
1806;"LOK14";"2011";"0";"0";"0";"0";"0";"0";"0";"0";"0";"0";"0";"0";"0";"0";"";"";5.0E-6;-7.0E-6;
1807;"LOK14";"2010";"0";"0";"0";"0";"0";"0";"0";"0";"0";"0";"0";"0";"0";"0";"";"";5.0E-6;-7.0E-6;
1808;"LOK15";"2020";"30.1";"33.9";"32.7";"26.6";"27.3";"0";"0";"0";"0";"0";"0";"0";"0";"0";"";"";5.0E-6;-7.0E-6;
1809;"LOK15";"2019";"32.1";"34.3";"41.6";"39.2";"32.6";"25.8";"23.6";"26.6";"27.2";"32.8";"0";"28.8";"35.9";"36.5";"";"";5.0E-6;-7.0E-6;
1810;"LOK15";"2018";"0";"0";"0";"0";"0";"0";"0";"0";"0";"0";"0";"0";"0";"0";"";"";5.0E-6;-7.0E-6;
1811;"LOK15";"2017";"0";"0";"0";"0";"0";"0";"0";"0";"0";"0";"0";"0";"0";"0";"";"";5.0E-6;-7.0E-6;
1812;"LOK15";"2016";"0";"0";"0";"0";"0";"0";"0";"0";"0";"0";"0";"0";"0";"0";"";"";5.0E-6;-7.0E-6;
1813;"LOK15";"2015";"0";"0";"0";"0";"0";"0";"0";"0";"0";"0";"0";"0";"0";"0";"";"";5.0E-6;-7.0E-6;
1814;"LOK15";"2014";"0";"0";"0";"0";"0";"0";"0";"0";"0";"0";"0";"0";"0";"0";"";"";5.0E-6;-7.0E-6;
1815;"LOK15";"2013";"0";"0";"0";"0";"0";"0";"0";"0";"0";"0";"0";"0";"0";"0";"";"";5.0E-6;-7.0E-6;
1816;"LOK15";"2012";"0";"0";"0";"0";"0";"0";"0";"0";"0";"0";"0";"0";"0";"0";"";"";5.0E-6;-7.0E-6;
1817;"LOK15";"2011";"0";"0";"0";"0";"0";"0";"0";"0";"0";"0";"0";"0";"0";"0";"";"";5.0E-6;-7.0E-6;
1818;"LOK15";"2010";"0";"0";"0";"0";"0";"0";"0";"0";"0";"0";"0";"0";"0";"0";"";"";5.0E-6;-7.0E-6;
1819;"LOK2";"2020";"27.6";"34.8";"28.9";"23.9";"22.9";"0";"0";"0";"0";"0";"0";"0";"0";"0";"";"";5.0E-6;-7.0E-6;
1820;"LOK2";"2019";"29";"28.4";"39.6";"37.5";"26";"19.5";"20";"19.9";"19.3";"25.9";"27.3";"30.9";"43.1";"39.2";"";"";5.0E-6;-7.0E-6;
1821;"LOK2";"2018";"0";"0";"0";"0";"0";"0";"0";"0";"0";"0";"0";"0";"0";"0";"";"";5.0E-6;-7.0E-6;
1822;"LOK2";"2017";"0";"0";"0";"0";"0";"0";"0";"0";"0";"0";"0";"0";"0";"0";"";"";5.0E-6;-7.0E-6;
1823;"LOK2";"2016";"0";"0";"0";"0";"0";"0";"0";"0";"0";"0";"0";"0";"0";"0";"";"";5.0E-6;-7.0E-6;
1824;"LOK2";"2015";"0";"0";"0";"0";"0";"0";"0";"0";"0";"0";"0";"0";"0";"0";"";"";5.0E-6;-7.0E-6;
1825;"LOK2";"2014";"0";"0";"0";"0";"0";"0";"0";"0";"0";"0";"0";"0";"0";"0";"";"";5.0E-6;-7.0E-6;
1826;"LOK2";"2013";"0";"0";"0";"0";"0";"0";"0";"0";"0";"0";"0";"0";"0";"0";"";"";5.0E-6;-7.0E-6;
1827;"LOK2";"2012";"0";"0";"0";"0";"0";"0";"0";"0";"0";"0";"0";"0";"0";"0";"";"";5.0E-6;-7.0E-6;
1828;"LOK2";"2011";"0";"0";"0";"0";"0";"0";"0";"0";"0";"0";"0";"0";"0";"0";"";"";5.0E-6;-7.0E-6;
1829;"LOK2";"2010";"0";"0";"0";"0";"0";"0";"0";"0";"0";"0";"0";"0";"0";"0";"";"";5.0E-6;-7.0E-6;
1830;"LOK3";"2020";"30.6";"38.7";"30.2";"23.1";"0";"0";"0";"0";"0";"0";"0";"0";"0";"0";"";"";5.0E-6;-7.0E-6;
1831;"LOK3";"2019";"28.4";"25.5";"45.4";"36.2";"22.7";"0";"18.6";"16.9";"21.9";"24.7";"24.7";"28.2";"37.4";"38.4";"";"";5.0E-6;-7.0E-6;
1832;"LOK3";"2018";"0";"0";"0";"0";"0";"0";"0";"0";"0";"0";"0";"0";"0";"0";"";"";5.0E-6;-7.0E-6;
1833;"LOK3";"2017";"0";"0";"0";"0";"0";"0";"0";"0";"0";"0";"0";"0";"0";"0";"";"";5.0E-6;-7.0E-6;
1834;"LOK3";"2016";"0";"0";"0";"0";"0";"0";"0";"0";"0";"0";"0";"0";"0";"0";"";"";5.0E-6;-7.0E-6;
1835;"LOK3";"2015";"0";"0";"0";"0";"0";"0";"0";"0";"0";"0";"0";"0";"0";"0";"";"";5.0E-6;-7.0E-6;
1836;"LOK3";"2014";"0";"0";"0";"0";"0";"0";"0";"0";"0";"0";"0";"0";"0";"0";"";"";5.0E-6;-7.0E-6;
1837;"LOK3";"2013";"0";"0";"0";"0";"0";"0";"0";"0";"0";"0";"0";"0";"0";"0";"";"";5.0E-6;-7.0E-6;
1838;"LOK3";"2012";"0";"0";"0";"0";"0";"0";"0";"0";"0";"0";"0";"0";"0";"0";"";"";5.0E-6;-7.0E-6;
1839;"LOK3";"2011";"0";"0";"0";"0";"0";"0";"0";"0";"0";"0";"0";"0";"0";"0";"";"";5.0E-6;-7.0E-6;
1840;"LOK3";"2010";"0";"0";"0";"0";"0";"0";"0";"0";"0";"0";"0";"0";"0";"0";"";"";5.0E-6;-7.0E-6;
1841;"LOK4";"2020";"19.2";"26.1";"19";"16.7";"14.8";"0";"0";"0";"0";"0";"0";"0";"0";"0";"";"";5.0E-6;-7.0E-6;
1842;"LOK4";"2019";"22.8";"21.5";"35.8";"26.7";"19.6";"0";"15.7";"0";"16.4";"18";"17.7";"21.1";"30.2";"27.7";"";"";5.0E-6;-7.0E-6;
1843;"LOK4";"2018";"0";"0";"0";"0";"0";"0";"0";"0";"0";"0";"0";"0";"0";"0";"";"";5.0E-6;-7.0E-6;
1844;"LOK4";"2017";"0";"0";"0";"0";"0";"0";"0";"0";"0";"0";"0";"0";"0";"0";"";"";5.0E-6;-7.0E-6;
1845;"LOK4";"2016";"0";"0";"0";"0";"0";"0";"0";"0";"0";"0";"0";"0";"0";"0";"";"";5.0E-6;-7.0E-6;
1846;"LOK4";"2015";"0";"0";"0";"0";"0";"0";"0";"0";"0";"0";"0";"0";"0";"0";"";"";5.0E-6;-7.0E-6;
1847;"LOK4";"2014";"0";"0";"0";"0";"0";"0";"0";"0";"0";"0";"0";"0";"0";"0";"";"";5.0E-6;-7.0E-6;
1848;"LOK4";"2013";"0";"0";"0";"0";"0";"0";"0";"0";"0";"0";"0";"0";"0";"0";"";"";5.0E-6;-7.0E-6;
1849;"LOK4";"2012";"0";"0";"0";"0";"0";"0";"0";"0";"0";"0";"0";"0";"0";"0";"";"";5.0E-6;-7.0E-6;
1850;"LOK4";"2011";"0";"0";"0";"0";"0";"0";"0";"0";"0";"0";"0";"0";"0";"0";"";"";5.0E-6;-7.0E-6;
1851;"LOK4";"2010";"0";"0";"0";"0";"0";"0";"0";"0";"0";"0";"0";"0";"0";"0";"";"";5.0E-6;-7.0E-6;
1852;"LOK5";"2020";"18.9";"27.1";"18.7";"14.9";"14.8";"0";"0";"0";"0";"0";"0";"0";"0";"0";"";"";5.0E-6;-7.0E-6;
1853;"LOK5";"2019";"19.3";"17.6";"30";"23.4";"17.6";"0";"11.4";"11.6";"14.9";"15.6";"16.1";"17.1";"30.2";"26.5";"";"";5.0E-6;-7.0E-6;
1854;"LOK5";"2018";"0";"0";"0";"0";"0";"0";"0";"0";"0";"0";"0";"0";"0";"0";"";"";5.0E-6;-7.0E-6;
1855;"LOK5";"2017";"0";"0";"0";"0";"0";"0";"0";"0";"0";"0";"0";"0";"0";"0";"";"";5.0E-6;-7.0E-6;
1856;"LOK5";"2016";"0";"0";"0";"0";"0";"0";"0";"0";"0";"0";"0";"0";"0";"0";"";"";5.0E-6;-7.0E-6;
1857;"LOK5";"2015";"0";"0";"0";"0";"0";"0";"0";"0";"0";"0";"0";"0";"0";"0";"";"";5.0E-6;-7.0E-6;
1858;"LOK5";"2014";"0";"0";"0";"0";"0";"0";"0";"0";"0";"0";"0";"0";"0";"0";"";"";5.0E-6;-7.0E-6;
1859;"LOK5";"2013";"0";"0";"0";"0";"0";"0";"0";"0";"0";"0";"0";"0";"0";"0";"";"";5.0E-6;-7.0E-6;
1860;"LOK5";"2012";"0";"0";"0";"0";"0";"0";"0";"0";"0";"0";"0";"0";"0";"0";"";"";5.0E-6;-7.0E-6;
1861;"LOK5";"2011";"0";"0";"0";"0";"0";"0";"0";"0";"0";"0";"0";"0";"0";"0";"";"";5.0E-6;-7.0E-6;
1862;"LOK5";"2010";"0";"0";"0";"0";"0";"0";"0";"0";"0";"0";"0";"0";"0";"0";"";"";5.0E-6;-7.0E-6;
1863;"LOK7";"2020";"27.9";"35.7";"31.3";"25.5";"19.1";"0";"0";"0";"0";"0";"0";"0";"0";"0";"";"";5.0E-6;-7.0E-6;
1864;"LOK7";"2019";"27.5";"29.4";"39.6";"38.3";"25.3";"15.8";"20.7";"17.8";"21";"0";"24.6";"26.6";"35.4";"35.3";"";"";5.0E-6;-7.0E-6;
1865;"LOK7";"2018";"0";"0";"0";"0";"0";"0";"0";"0";"0";"0";"0";"0";"0";"0";"";"";5.0E-6;-7.0E-6;
1866;"LOK7";"2017";"0";"0";"0";"0";"0";"0";"0";"0";"0";"0";"0";"0";"0";"0";"";"";5.0E-6;-7.0E-6;
1867;"LOK7";"2016";"0";"0";"0";"0";"0";"0";"0";"0";"0";"0";"0";"0";"0";"0";"";"";5.0E-6;-7.0E-6;
1868;"LOK7";"2015";"0";"0";"0";"0";"0";"0";"0";"0";"0";"0";"0";"0";"0";"0";"";"";5.0E-6;-7.0E-6;
1869;"LOK7";"2014";"0";"0";"0";"0";"0";"0";"0";"0";"0";"0";"0";"0";"0";"0";"";"";5.0E-6;-7.0E-6;
1870;"LOK7";"2013";"0";"0";"0";"0";"0";"0";"0";"0";"0";"0";"0";"0";"0";"0";"";"";5.0E-6;-7.0E-6;
1871;"LOK7";"2012";"0";"0";"0";"0";"0";"0";"0";"0";"0";"0";"0";"0";"0";"0";"";"";5.0E-6;-7.0E-6;
1872;"LOK7";"2011";"0";"0";"0";"0";"0";"0";"0";"0";"0";"0";"0";"0";"0";"0";"";"";5.0E-6;-7.0E-6;
1873;"LOK7";"2010";"0";"0";"0";"0";"0";"0";"0";"0";"0";"0";"0";"0";"0";"0";"";"";5.0E-6;-7.0E-6;
1874;"LOK8";"2020";"25.9";"30.6";"25.8";"0";"21.5";"0";"0";"0";"0";"0";"0";"0";"0";"0";"";"";5.0E-6;-7.0E-6;
1875;"LOK8";"2019";"26.3";"26.4";"36.7";"34.4";"25.9";"18.7";"0";"16";"21";"0";"23.9";"25.2";"34.6";"0";"";"";5.0E-6;-7.0E-6;
1876;"LOK8";"2018";"0";"0";"0";"0";"0";"0";"0";"0";"0";"0";"0";"0";"0";"0";"";"";5.0E-6;-7.0E-6;
1877;"LOK8";"2017";"0";"0";"0";"0";"0";"0";"0";"0";"0";"0";"0";"0";"0";"0";"";"";5.0E-6;-7.0E-6;
1878;"LOK8";"2016";"0";"0";"0";"0";"0";"0";"0";"0";"0";"0";"0";"0";"0";"0";"";"";5.0E-6;-7.0E-6;
1879;"LOK8";"2015";"0";"0";"0";"0";"0";"0";"0";"0";"0";"0";"0";"0";"0";"0";"";"";5.0E-6;-7.0E-6;
1880;"LOK8";"2014";"0";"0";"0";"0";"0";"0";"0";"0";"0";"0";"0";"0";"0";"0";"";"";5.0E-6;-7.0E-6;
1881;"LOK8";"2013";"0";"0";"0";"0";"0";"0";"0";"0";"0";"0";"0";"0";"0";"0";"";"";5.0E-6;-7.0E-6;
1882;"LOK8";"2012";"0";"0";"0";"0";"0";"0";"0";"0";"0";"0";"0";"0";"0";"0";"";"";5.0E-6;-7.0E-6;
1883;"LOK8";"2011";"0";"0";"0";"0";"0";"0";"0";"0";"0";"0";"0";"0";"0";"0";"";"";5.0E-6;-7.0E-6;
1884;"LOK8";"2010";"0";"0";"0";"0";"0";"0";"0";"0";"0";"0";"0";"0";"0";"0";"";"";5.0E-6;-7.0E-6;
1885;"LOK9";"2020";"24.4";"32.9";"25.6";"21.2";"18.1";"0";"0";"0";"0";"0";"0";"0";"0";"0";"";"";5.0E-6;-7.0E-6;
1886;"LOK9";"2019";"26.8";"23.5";"38.7";"30.2";"24.2";"14.7";"0";"0";"0";"22.3";"21.9";"24.1";"35.2";"33.8";"";"";5.0E-6;-7.0E-6;
1887;"LOK9";"2018";"0";"0";"0";"0";"0";"0";"0";"0";"0";"0";"0";"0";"0";"0";"";"";5.0E-6;-7.0E-6;
1888;"LOK9";"2017";"0";"0";"0";"0";"0";"0";"0";"0";"0";"0";"0";"0";"0";"0";"";"";5.0E-6;-7.0E-6;
1889;"LOK9";"2016";"0";"0";"0";"0";"0";"0";"0";"0";"0";"0";"0";"0";"0";"0";"";"";5.0E-6;-7.0E-6;
1890;"LOK9";"2015";"0";"0";"0";"0";"0";"0";"0";"0";"0";"0";"0";"0";"0";"0";"";"";5.0E-6;-7.0E-6;
1891;"LOK9";"2014";"0";"0";"0";"0";"0";"0";"0";"0";"0";"0";"0";"0";"0";"0";"";"";5.0E-6;-7.0E-6;
1892;"LOK9";"2013";"0";"0";"0";"0";"0";"0";"0";"0";"0";"0";"0";"0";"0";"0";"";"";5.0E-6;-7.0E-6;
1893;"LOK9";"2012";"0";"0";"0";"0";"0";"0";"0";"0";"0";"0";"0";"0";"0";"0";"";"";5.0E-6;-7.0E-6;
1894;"LOK9";"2011";"0";"0";"0";"0";"0";"0";"0";"0";"0";"0";"0";"0";"0";"0";"";"";5.0E-6;-7.0E-6;
1895;"LOK9";"2010";"0";"0";"0";"0";"0";"0";"0";"0";"0";"0";"0";"0";"0";"0";"";"";5.0E-6;-7.0E-6;
1896;"LUYK38";"2020";"19.6";"25.4";"21.3";"16.4";"15.1";"0";"0";"0";"0";"0";"0";"0";"0";"0";"";"";5.0E-6;-7.0E-6;
1897;"LUYK38";"2019";"22.9";"31.3";"35.3";"25.1";"23.1";"18.8";"17";"18.2";"15.9";"17.2";"20.4";"20.5";"27.9";"27.5";"";"";5.0E-6;-7.0E-6;
1898;"LUYK38";"2018";"23.9";"21.8";"29.3";"24.1";"28.6";"23.3";"22";"16";"20.2";"21.1";"24.9";"27.1";"26.8";"25.2";"";"";5.0E-6;-7.0E-6;
1899;"LUYK38";"2017";"28.2";"0";"0";"0";"0";"0";"0";"0";"0";"0";"0";"0";"0";"0";"";"";5.0E-6;-7.0E-6;
1900;"LUYK38";"2016";"28";"0";"0";"0";"0";"0";"0";"0";"0";"0";"0";"0";"0";"0";"";"";5.0E-6;-7.0E-6;
1901;"LUYK38";"2015";"28.2";"0";"0";"0";"0";"0";"0";"0";"0";"0";"0";"0";"0";"0";"";"";5.0E-6;-7.0E-6;
1902;"LUYK38";"2014";"28.4";"0";"0";"0";"0";"0";"0";"0";"0";"0";"0";"0";"0";"0";"";"";5.0E-6;-7.0E-6;
1903;"LUYK38";"2013";"29";"0";"0";"0";"0";"0";"0";"0";"0";"0";"0";"0";"0";"0";"";"";5.0E-6;-7.0E-6;
1904;"LUYK38";"2012";"30.7";"0";"0";"0";"0";"0";"0";"0";"0";"0";"0";"0";"0";"0";"";"";5.0E-6;-7.0E-6;
1905;"LUYK38";"2011";"31.1";"0";"0";"0";"0";"0";"0";"0";"0";"0";"0";"0";"0";"0";"";"";5.0E-6;-7.0E-6;
1906;"LUYK38";"2010";"32.1";"0";"0";"0";"0";"0";"0";"0";"0";"0";"0";"0";"0";"0";"";"";5.0E-6;-7.0E-6;
1907;"MAR";"2020";"21.2";"29.6";"25.3";"14.9";"15";"0";"0";"0";"0";"0";"0";"0";"0";"0";"";"";5.0E-6;-7.0E-6;
1908;"MAR";"2019";"0";"0";"0";"0";"0";"0";"0";"0";"0";"0";"0";"0";"0";"0";"";"";5.0E-6;-7.0E-6;
1909;"MAR";"2018";"0";"0";"0";"0";"0";"0";"0";"0";"0";"0";"0";"0";"0";"0";"";"";5.0E-6;-7.0E-6;
1910;"MAR";"2017";"0";"0";"0";"0";"0";"0";"0";"0";"0";"0";"0";"0";"0";"0";"";"";5.0E-6;-7.0E-6;
1911;"MAR";"2016";"0";"0";"0";"0";"0";"0";"0";"0";"0";"0";"0";"0";"0";"0";"";"";5.0E-6;-7.0E-6;
1912;"MAR";"2015";"0";"0";"0";"0";"0";"0";"0";"0";"0";"0";"0";"0";"0";"0";"";"";5.0E-6;-7.0E-6;
1913;"MAR";"2014";"0";"0";"0";"0";"0";"0";"0";"0";"0";"0";"0";"0";"0";"0";"";"";5.0E-6;-7.0E-6;
1914;"MAR";"2013";"0";"0";"0";"0";"0";"0";"0";"0";"0";"0";"0";"0";"0";"0";"";"";5.0E-6;-7.0E-6;
1915;"MAR";"2012";"0";"0";"0";"0";"0";"0";"0";"0";"0";"0";"0";"0";"0";"0";"";"";5.0E-6;-7.0E-6;
1916;"MAR";"2011";"0";"0";"0";"0";"0";"0";"0";"0";"0";"0";"0";"0";"0";"0";"";"";5.0E-6;-7.0E-6;
1917;"MAR";"2010";"0";"0";"0";"0";"0";"0";"0";"0";"0";"0";"0";"0";"0";"0";"";"";5.0E-6;-7.0E-6;
1918;"MAUK109";"2020";"23.3";"27.4";"24.8";"17.7";"0";"0";"0";"0";"0";"0";"0";"0";"0";"0";"";"";5.0E-6;-7.0E-6;
1919;"MAUK109";"2019";"26.5";"29.4";"32.9";"28.6";"32.9";"23.8";"20.5";"22.8";"23.6";"20.1";"24.3";"24";"32.4";"29";"";"";5.0E-6;-7.0E-6;
1920;"MAUK109";"2018";"28.7";"23.1";"30.3";"26.6";"33.7";"35.6";"30.1";"18.7";"26.9";"26.1";"29.1";"33.6";"31.6";"27.4";"";"";5.0E-6;-7.0E-6;
1921;"MAUK109";"2017";"29.5";"0";"0";"0";"0";"0";"0";"0";"0";"0";"0";"0";"0";"0";"";"";5.0E-6;-7.0E-6;
1922;"MAUK109";"2016";"31.7";"0";"0";"0";"0";"0";"0";"0";"0";"0";"0";"0";"0";"0";"";"";5.0E-6;-7.0E-6;
1923;"MAUK109";"2015";"29.2";"0";"0";"0";"0";"0";"0";"0";"0";"0";"0";"0";"0";"0";"";"";5.0E-6;-7.0E-6;
1924;"MAUK109";"2014";"32.1";"0";"0";"0";"0";"0";"0";"0";"0";"0";"0";"0";"0";"0";"";"";5.0E-6;-7.0E-6;
1925;"MAUK109";"2013";"31.5";"0";"0";"0";"0";"0";"0";"0";"0";"0";"0";"0";"0";"0";"";"";5.0E-6;-7.0E-6;
1926;"MAUK109";"2012";"35.5";"0";"0";"0";"0";"0";"0";"0";"0";"0";"0";"0";"0";"0";"";"";5.0E-6;-7.0E-6;
1927;"MAUK109";"2011";"36.3";"0";"0";"0";"0";"0";"0";"0";"0";"0";"0";"0";"0";"0";"";"";5.0E-6;-7.0E-6;
1928;"MAUK109";"2010";"42.3";"0";"0";"0";"0";"0";"0";"0";"0";"0";"0";"0";"0";"0";"";"";5.0E-6;-7.0E-6;
1929;"MID145";"2020";"19.5";"21.9";"0";"16.3";"20.3";"0";"0";"0";"0";"0";"0";"0";"0";"0";"";"";5.0E-6;-7.0E-6;
1930;"MID145";"2019";"24.8";"29.4";"30.9";"24.7";"30.7";"24.3";"21.1";"20.2";"22.9";"18";"21.4";"22.2";"29.7";"27.1";"";"";5.0E-6;-7.0E-6;
1931;"MID145";"2018";"27.3";"23.1";"31.2";"27.6";"34.7";"32.2";"25.8";"17.3";"25.9";"23.1";"28";"33.6";"27.8";"24.8";"";"";5.0E-6;-7.0E-6;
1932;"MID145";"2017";"29.5";"0";"0";"0";"0";"0";"0";"0";"0";"0";"0";"0";"0";"0";"";"";5.0E-6;-7.0E-6;
1933;"MID145";"2016";"28.7";"0";"0";"0";"0";"0";"0";"0";"0";"0";"0";"0";"0";"0";"";"";5.0E-6;-7.0E-6;
1934;"MID145";"2015";"29.8";"0";"0";"0";"0";"0";"0";"0";"0";"0";"0";"0";"0";"0";"";"";5.0E-6;-7.0E-6;
1935;"MID145";"2014";"30.5";"0";"0";"0";"0";"0";"0";"0";"0";"0";"0";"0";"0";"0";"";"";5.0E-6;-7.0E-6;
1936;"MID145";"2013";"31.4";"0";"0";"0";"0";"0";"0";"0";"0";"0";"0";"0";"0";"0";"";"";5.0E-6;-7.0E-6;
1937;"MID145";"2012";"33.4";"0";"0";"0";"0";"0";"0";"0";"0";"0";"0";"0";"0";"0";"";"";5.0E-6;-7.0E-6;
1938;"MID145";"2011";"34.2";"0";"0";"0";"0";"0";"0";"0";"0";"0";"0";"0";"0";"0";"";"";5.0E-6;-7.0E-6;
1939;"MID145";"2010";"35";"0";"0";"0";"0";"0";"0";"0";"0";"0";"0";"0";"0";"0";"";"";5.0E-6;-7.0E-6;
1940;"MID3A (OK)";"2020";"0";"0";"0";"0";"0";"0";"0";"0";"0";"0";"0";"0";"0";"0";"";"";5.0E-6;-7.0E-6;
1941;"MID3A (OK)";"2019";"0";"0";"0";"0";"0";"0";"0";"0";"0";"0";"0";"0";"0";"0";"";"";5.0E-6;-7.0E-6;
1942;"MID3A (OK)";"2018";"0";"0";"0";"0";"0";"0";"0";"0";"0";"0";"0";"0";"0";"0";"";"";5.0E-6;-7.0E-6;
1943;"MID3A (OK)";"2017";"0";"0";"0";"0";"0";"0";"0";"0";"0";"0";"0";"0";"0";"0";"";"";5.0E-6;-7.0E-6;
1944;"MID3A (OK)";"2016";"28.2";"0";"0";"0";"0";"0";"0";"0";"0";"0";"0";"0";"0";"0";"";"";5.0E-6;-7.0E-6;
1945;"MID3A (OK)";"2015";"22.3";"0";"0";"0";"0";"0";"0";"0";"0";"0";"0";"0";"0";"0";"";"";5.0E-6;-7.0E-6;
1946;"MID3A (OK)";"2014";"21.4";"0";"0";"0";"0";"0";"0";"0";"0";"0";"0";"0";"0";"0";"";"";5.0E-6;-7.0E-6;
1947;"MID3A (OK)";"2013";"21.6";"0";"0";"0";"0";"0";"0";"0";"0";"0";"0";"0";"0";"0";"";"";5.0E-6;-7.0E-6;
1948;"MID3A (OK)";"2012";"23.9";"0";"0";"0";"0";"0";"0";"0";"0";"0";"0";"0";"0";"0";"";"";5.0E-6;-7.0E-6;
1949;"MID3A (OK)";"2011";"23.6";"0";"0";"0";"0";"0";"0";"0";"0";"0";"0";"0";"0";"0";"";"";5.0E-6;-7.0E-6;
1950;"MID3A (OK)";"2010";"0";"0";"0";"0";"0";"0";"0";"0";"0";"0";"0";"0";"0";"0";"";"";5.0E-6;-7.0E-6;
1951;"MID560";"2020";"22.7";"25.6";"24.6";"19.9";"20.6";"0";"0";"0";"0";"0";"0";"0";"0";"0";"";"";5.0E-6;-7.0E-6;
1952;"MID560";"2019";"26.8";"32.3";"34.8";"29.4";"30.7";"24.7";"21.4";"20.4";"24.3";"21.8";"24.4";"23.1";"31.2";"29.2";"";"";5.0E-6;-7.0E-6;
1953;"MID560";"2018";"27.9";"26.7";"35";"28.7";"29.6";"32.2";"23.6";"20";"24.8";"25.1";"27";"31.6";"30.7";"27.4";"";"";5.0E-6;-7.0E-6;
1954;"MID560";"2017";"29.3";"0";"0";"0";"0";"0";"0";"0";"0";"0";"0";"0";"0";"0";"";"";5.0E-6;-7.0E-6;
1955;"MID560";"2016";"30.1";"0";"0";"0";"0";"0";"0";"0";"0";"0";"0";"0";"0";"0";"";"";5.0E-6;-7.0E-6;
1956;"MID560";"2015";"29.3";"0";"0";"0";"0";"0";"0";"0";"0";"0";"0";"0";"0";"0";"";"";5.0E-6;-7.0E-6;
1957;"MID560";"2014";"30.5";"0";"0";"0";"0";"0";"0";"0";"0";"0";"0";"0";"0";"0";"";"";5.0E-6;-7.0E-6;
1958;"MID560";"2013";"32.9";"0";"0";"0";"0";"0";"0";"0";"0";"0";"0";"0";"0";"0";"";"";5.0E-6;-7.0E-6;
1959;"MID560";"2012";"33.4";"0";"0";"0";"0";"0";"0";"0";"0";"0";"0";"0";"0";"0";"";"";5.0E-6;-7.0E-6;
1960;"MID560";"2011";"32.3";"0";"0";"0";"0";"0";"0";"0";"0";"0";"0";"0";"0";"0";"";"";5.0E-6;-7.0E-6;
1961;"MID560";"2010";"34.5";"0";"0";"0";"0";"0";"0";"0";"0";"0";"0";"0";"0";"0";"";"";5.0E-6;-7.0E-6;
1962;"MOL101";"2020";"28.6";"31.2";"30.2";"23.5";"29.6";"0";"0";"0";"0";"0";"0";"0";"0";"0";"";"";5.0E-6;-7.0E-6;
1963;"MOL101";"2019";"33.9";"37.2";"41.6";"33.7";"39.9";"35.3";"28.9";"28.9";"26.1";"29.4";"31.6";"29.4";"41.8";"36.5";"";"";5.0E-6;-7.0E-6;
1964;"MOL101";"2018";"36.4";"30.3";"39.7";"37.9";"41.9";"36.7";"43";"29.3";"36.2";"32.1";"34.3";"41.5";"38.3";"32.7";"";"";5.0E-6;-7.0E-6;
1965;"MOL101";"2017";"36.9";"0";"0";"0";"0";"0";"0";"0";"0";"0";"0";"0";"0";"0";"";"";5.0E-6;-7.0E-6;
1966;"MOL101";"2016";"37.8";"0";"0";"0";"0";"0";"0";"0";"0";"0";"0";"0";"0";"0";"";"";5.0E-6;-7.0E-6;
1967;"MOL101";"2015";"34.7";"0";"0";"0";"0";"0";"0";"0";"0";"0";"0";"0";"0";"0";"";"";5.0E-6;-7.0E-6;
1968;"MOL101";"2014";"39.7";"0";"0";"0";"0";"0";"0";"0";"0";"0";"0";"0";"0";"0";"";"";5.0E-6;-7.0E-6;
1969;"MOL101";"2013";"41.1";"0";"0";"0";"0";"0";"0";"0";"0";"0";"0";"0";"0";"0";"";"";5.0E-6;-7.0E-6;
1970;"MOL101";"2012";"40.7";"0";"0";"0";"0";"0";"0";"0";"0";"0";"0";"0";"0";"0";"";"";5.0E-6;-7.0E-6;
1971;"MOL101";"2011";"43.1";"0";"0";"0";"0";"0";"0";"0";"0";"0";"0";"0";"0";"0";"";"";5.0E-6;-7.0E-6;
1972;"MOL101";"2010";"45.9";"0";"0";"0";"0";"0";"0";"0";"0";"0";"0";"0";"0";"0";"";"";5.0E-6;-7.0E-6;
1973;"MW269";"2020";"26.4";"35";"28.9";"22.9";"18.8";"0";"0";"0";"0";"0";"0";"0";"0";"0";"";"";5.0E-6;-7.0E-6;
1974;"MW269";"2019";"29.1";"32.3";"41.6";"34.7";"26.2";"22.4";"22.1";"20.1";"25.1";"25.7";"28";"30.9";"34.2";"34.4";"";"";5.0E-6;-7.0E-6;
1975;"MW269";"2018";"29.5";"31.2";"37.8";"29.7";"32.7";"26.7";"21.5";"14.7";"27.9";"22.1";"34.3";"36.5";"35.5";"33.6";"";"";5.0E-6;-7.0E-6;
1976;"MW269";"2017";"32.1";"0";"0";"0";"0";"0";"0";"0";"0";"0";"0";"0";"0";"0";"";"";5.0E-6;-7.0E-6;
1977;"MW269";"2016";"34.6";"0";"0";"0";"0";"0";"0";"0";"0";"0";"0";"0";"0";"0";"";"";5.0E-6;-7.0E-6;
1978;"MW269";"2015";"34.7";"0";"0";"0";"0";"0";"0";"0";"0";"0";"0";"0";"0";"0";"";"";5.0E-6;-7.0E-6;
1979;"MW269";"2014";"32.4";"0";"0";"0";"0";"0";"0";"0";"0";"0";"0";"0";"0";"0";"";"";5.0E-6;-7.0E-6;
1980;"MW269";"2013";"31.3";"0";"0";"0";"0";"0";"0";"0";"0";"0";"0";"0";"0";"0";"";"";5.0E-6;-7.0E-6;
1981;"MW269";"2012";"37.5";"0";"0";"0";"0";"0";"0";"0";"0";"0";"0";"0";"0";"0";"";"";5.0E-6;-7.0E-6;
1982;"MW269";"2011";"35.5";"0";"0";"0";"0";"0";"0";"0";"0";"0";"0";"0";"0";"0";"";"";5.0E-6;-7.0E-6;
1983;"MW269";"2010";"37.1";"0";"0";"0";"0";"0";"0";"0";"0";"0";"0";"0";"0";"0";"";"";5.0E-6;-7.0E-6;
1984;"NGS97";"2020";"25.3";"34";"26.9";"22";"18.4";"0";"0";"0";"0";"0";"0";"0";"0";"0";"";"";5.0E-6;-7.0E-6;
1985;"NGS97";"2019";"27";"36.2";"37.7";"34";"25.6";"19.7";"14.3";"18";"21";"23.9";"0";"27.1";"32.7";"33.4";"";"";5.0E-6;-7.0E-6;
1986;"NGS97";"2018";"27.3";"31.2";"40.7";"23.5";"30.6";"30";"21.5";"10.7";"19.7";"23.1";"28";"35.5";"32.6";"28.3";"";"";5.0E-6;-7.0E-6;
1987;"NGS97";"2017";"33.3";"0";"0";"0";"0";"0";"0";"0";"0";"0";"0";"0";"0";"0";"";"";5.0E-6;-7.0E-6;
1988;"NGS97";"2016";"31.1";"0";"0";"0";"0";"0";"0";"0";"0";"0";"0";"0";"0";"0";"";"";5.0E-6;-7.0E-6;
1989;"NGS97";"2015";"29.8";"0";"0";"0";"0";"0";"0";"0";"0";"0";"0";"0";"0";"0";"";"";5.0E-6;-7.0E-6;
1990;"NGS97";"2014";"31.4";"0";"0";"0";"0";"0";"0";"0";"0";"0";"0";"0";"0";"0";"";"";5.0E-6;-7.0E-6;
1991;"NGS97";"2013";"29.8";"0";"0";"0";"0";"0";"0";"0";"0";"0";"0";"0";"0";"0";"";"";5.0E-6;-7.0E-6;
1992;"NGS97";"2012";"34.8";"0";"0";"0";"0";"0";"0";"0";"0";"0";"0";"0";"0";"0";"";"";5.0E-6;-7.0E-6;
1993;"NGS97";"2011";"35.2";"0";"0";"0";"0";"0";"0";"0";"0";"0";"0";"0";"0";"0";"";"";5.0E-6;-7.0E-6;
1994;"NGS97";"2010";"35";"0";"0";"0";"0";"0";"0";"0";"0";"0";"0";"0";"0";"0";"";"";5.0E-6;-7.0E-6;
1995;"NK168";"2020";"27.5";"32.9";"30.1";"26.8";"20.3";"0";"0";"0";"0";"0";"0";"0";"0";"0";"";"";5.0E-6;-7.0E-6;
1996;"NK168";"2019";"35.6";"39.6";"40.6";"36";"35.1";"34.3";"30.4";"34.1";"34.4";"36.8";"34.7";"33.2";"38.1";"35.8";"";"";5.0E-6;-7.0E-6;
1997;"NK168";"2018";"36.5";"29.8";"39.2";"30.2";"42.4";"42.3";"34.9";"28.7";"38.8";"35.1";"41.5";"44.9";"34.5";"32.7";"";"";5.0E-6;-7.0E-6;
1998;"NK168";"2017";"41.3";"0";"0";"0";"0";"0";"0";"0";"0";"0";"0";"0";"0";"0";"";"";5.0E-6;-7.0E-6;
1999;"NK168";"2016";"39.5";"0";"0";"0";"0";"0";"0";"0";"0";"0";"0";"0";"0";"0";"";"";5.0E-6;-7.0E-6;
2000;"NK168";"2015";"37.4";"0";"0";"0";"0";"0";"0";"0";"0";"0";"0";"0";"0";"0";"";"";5.0E-6;-7.0E-6;
2001;"NK168";"2014";"37.8";"0";"0";"0";"0";"0";"0";"0";"0";"0";"0";"0";"0";"0";"";"";5.0E-6;-7.0E-6;
2002;"NK168";"2013";"37.1";"0";"0";"0";"0";"0";"0";"0";"0";"0";"0";"0";"0";"0";"";"";5.0E-6;-7.0E-6;
2003;"NK168";"2012";"40.7";"0";"0";"0";"0";"0";"0";"0";"0";"0";"0";"0";"0";"0";"";"";5.0E-6;-7.0E-6;
2004;"NK168";"2011";"43.5";"0";"0";"0";"0";"0";"0";"0";"0";"0";"0";"0";"0";"0";"";"";5.0E-6;-7.0E-6;
2005;"NK168";"2010";"43.5";"0";"0";"0";"0";"0";"0";"0";"0";"0";"0";"0";"0";"0";"";"";5.0E-6;-7.0E-6;
2006;"NK370";"2020";"28.6";"33.8";"29.2";"29.4";"21.8";"0";"0";"0";"0";"0";"0";"0";"0";"0";"";"";5.0E-6;-7.0E-6;
2007;"NK370";"2019";"32.4";"37.2";"39.6";"38.4";"33.4";"27.4";"22.6";"28.9";"28";"31.4";"31.5";"31.5";"35.4";"36.3";"";"";5.0E-6;-7.0E-6;
2008;"NK370";"2018";"35";"34.7";"40.7";"30.7";"43.9";"0";"31.1";"24";"32.1";"33.1";"41.5";"39.5";"35.5";"33.6";"";"";5.0E-6;-7.0E-6;
2009;"NK370";"2017";"45.1";"0";"0";"0";"0";"0";"0";"0";"0";"0";"0";"0";"0";"0";"";"";5.0E-6;-7.0E-6;
2010;"NK370";"2016";"42.5";"0";"0";"0";"0";"0";"0";"0";"0";"0";"0";"0";"0";"0";"";"";5.0E-6;-7.0E-6;
2011;"NK370";"2015";"0";"0";"0";"0";"0";"0";"0";"0";"0";"0";"0";"0";"0";"0";"";"";5.0E-6;-7.0E-6;
2012;"NK370";"2014";"0";"0";"0";"0";"0";"0";"0";"0";"0";"0";"0";"0";"0";"0";"";"";5.0E-6;-7.0E-6;
2013;"NK370";"2013";"0";"0";"0";"0";"0";"0";"0";"0";"0";"0";"0";"0";"0";"0";"";"";5.0E-6;-7.0E-6;
2014;"NK370";"2012";"0";"0";"0";"0";"0";"0";"0";"0";"0";"0";"0";"0";"0";"0";"";"";5.0E-6;-7.0E-6;
2015;"NK370";"2011";"0";"0";"0";"0";"0";"0";"0";"0";"0";"0";"0";"0";"0";"0";"";"";5.0E-6;-7.0E-6;
2016;"NK370";"2010";"0";"0";"0";"0";"0";"0";"0";"0";"0";"0";"0";"0";"0";"0";"";"";5.0E-6;-7.0E-6;
2017;"NOVA116";"2020";"21.6";"27.3";"22.3";"17.9";"19";"0";"0";"0";"0";"0";"0";"0";"0";"0";"";"";5.0E-6;-7.0E-6;
2018;"NOVA116";"2019";"23.4";"31.3";"36.7";"27.5";"26.9";"20.5";"11";"17.6";"12.4";"15.5";"21.5";"21";"32.2";"30.1";"";"";5.0E-6;-7.0E-6;
2019;"NOVA116";"2018";"25.2";"23.1";"30.3";"24.6";"31.6";"0";"22.5";"0";"16.6";"20.1";"20.8";"31.6";"29.7";"26.5";"";"";5.0E-6;-7.0E-6;
2020;"NOVA116";"2017";"26.6";"0";"0";"0";"0";"0";"0";"0";"0";"0";"0";"0";"0";"0";"";"";5.0E-6;-7.0E-6;
2021;"NOVA116";"2016";"26.4";"0";"0";"0";"0";"0";"0";"0";"0";"0";"0";"0";"0";"0";"";"";5.0E-6;-7.0E-6;
2022;"NOVA116";"2015";"26.3";"0";"0";"0";"0";"0";"0";"0";"0";"0";"0";"0";"0";"0";"";"";5.0E-6;-7.0E-6;
2023;"NOVA116";"2014";"28.3";"0";"0";"0";"0";"0";"0";"0";"0";"0";"0";"0";"0";"0";"";"";5.0E-6;-7.0E-6;
2024;"NOVA116";"2013";"26.8";"0";"0";"0";"0";"0";"0";"0";"0";"0";"0";"0";"0";"0";"";"";5.0E-6;-7.0E-6;
2025;"NOVA116";"2012";"29";"0";"0";"0";"0";"0";"0";"0";"0";"0";"0";"0";"0";"0";"";"";5.0E-6;-7.0E-6;
2026;"NOVA116";"2011";"29.3";"0";"0";"0";"0";"0";"0";"0";"0";"0";"0";"0";"0";"0";"";"";5.0E-6;-7.0E-6;
2027;"NOVA116";"2010";"31.8";"0";"0";"0";"0";"0";"0";"0";"0";"0";"0";"0";"0";"0";"";"";5.0E-6;-7.0E-6;
2028;"OBG75";"2020";"27";"29.3";"29.3";"24.6";"24.8";"0";"0";"0";"0";"0";"0";"0";"0";"0";"";"";5.0E-6;-7.0E-6;
2029;"OBG75";"2019";"28.4";"0";"0";"0";"31.6";"27.2";"14.2";"27.4";"31.4";"0";"0";"26.4";"35.8";"33";"";"";5.0E-6;-7.0E-6;
2030;"OBG75";"2018";"31.2";"27.6";"34";"33.8";"39.8";"40";"34.4";"24";"24.8";"24.1";"27";"33.6";"0";"0";"";"";5.0E-6;-7.0E-6;
2031;"OBG75";"2017";"37.3";"0";"0";"0";"0";"0";"0";"0";"0";"0";"0";"0";"0";"0";"";"";5.0E-6;-7.0E-6;
2032;"OBG75";"2016";"38.8";"0";"0";"0";"0";"0";"0";"0";"0";"0";"0";"0";"0";"0";"";"";5.0E-6;-7.0E-6;
2033;"OBG75";"2015";"36.2";"0";"0";"0";"0";"0";"0";"0";"0";"0";"0";"0";"0";"0";"";"";5.0E-6;-7.0E-6;
2034;"OBG75";"2014";"39.2";"0";"0";"0";"0";"0";"0";"0";"0";"0";"0";"0";"0";"0";"";"";5.0E-6;-7.0E-6;
2035;"OBG75";"2013";"37.8";"0";"0";"0";"0";"0";"0";"0";"0";"0";"0";"0";"0";"0";"";"";5.0E-6;-7.0E-6;
2036;"OBG75";"2012";"40.9";"0";"0";"0";"0";"0";"0";"0";"0";"0";"0";"0";"0";"0";"";"";5.0E-6;-7.0E-6;
2037;"OBG75";"2011";"41.9";"0";"0";"0";"0";"0";"0";"0";"0";"0";"0";"0";"0";"0";"";"";5.0E-6;-7.0E-6;
2038;"OBG75";"2010";"45.1";"0";"0";"0";"0";"0";"0";"0";"0";"0";"0";"0";"0";"0";"";"";5.0E-6;-7.0E-6;
2039;"OK1";"2020";"27.2";"28.3";"28.7";"24.5";"0";"0";"0";"0";"0";"0";"0";"0";"0";"0";"";"";5.0E-6;-7.0E-6;
2040;"OK1";"2019";"26.2";"29.4";"36.7";"34.1";"22.9";"16.9";"15.8";"21.5";"22.9";"27.3";"24.5";"0";"31";"31.2";"";"";5.0E-6;-7.0E-6;
2041;"OK1";"2018";"30.3";"32.1";"40.7";"27.6";"38.8";"34.5";"22.5";"20";"23.8";"0";"30.1";"0";"33.5";"30.1";"";"";5.0E-6;-7.0E-6;
2042;"OK1";"2017";"0";"0";"0";"0";"0";"0";"0";"0";"0";"0";"0";"0";"0";"0";"";"";5.0E-6;-7.0E-6;
2043;"OK1";"2016";"0";"0";"0";"0";"0";"0";"0";"0";"0";"0";"0";"0";"0";"0";"";"";5.0E-6;-7.0E-6;
2044;"OK1";"2015";"0";"0";"0";"0";"0";"0";"0";"0";"0";"0";"0";"0";"0";"0";"";"";5.0E-6;-7.0E-6;
2045;"OK1";"2014";"0";"0";"0";"0";"0";"0";"0";"0";"0";"0";"0";"0";"0";"0";"";"";5.0E-6;-7.0E-6;
2046;"OK1";"2013";"0";"0";"0";"0";"0";"0";"0";"0";"0";"0";"0";"0";"0";"0";"";"";5.0E-6;-7.0E-6;
2047;"OK1";"2012";"0";"0";"0";"0";"0";"0";"0";"0";"0";"0";"0";"0";"0";"0";"";"";5.0E-6;-7.0E-6;
2048;"OK1";"2011";"0";"0";"0";"0";"0";"0";"0";"0";"0";"0";"0";"0";"0";"0";"";"";5.0E-6;-7.0E-6;
2049;"OK1";"2010";"0";"0";"0";"0";"0";"0";"0";"0";"0";"0";"0";"0";"0";"0";"";"";5.0E-6;-7.0E-6;
2050;"OK10";"2020";"16.1";"19.4";"20.2";"10.9";"13.8";"0";"0";"0";"0";"0";"0";"0";"0";"0";"";"";5.0E-6;-7.0E-6;
2051;"OK10";"2019";"18.5";"22.5";"30";"21.7";"18.5";"13.7";"0";"9.2";"14.5";"12.7";"15.7";"14.9";"24.8";"23.6";"";"";5.0E-6;-7.0E-6;
2052;"OK10";"2018";"18.6";"17.8";"0";"21.5";"0";"20";"14";"9.3";"15.5";"13";"18.7";"22.7";"26.8";"25.7";"";"";5.0E-6;-7.0E-6;
2053;"OK10";"2017";"0";"0";"0";"0";"0";"0";"0";"0";"0";"0";"0";"0";"0";"0";"";"";5.0E-6;-7.0E-6;
2054;"OK10";"2016";"0";"0";"0";"0";"0";"0";"0";"0";"0";"0";"0";"0";"0";"0";"";"";5.0E-6;-7.0E-6;
2055;"OK10";"2015";"0";"0";"0";"0";"0";"0";"0";"0";"0";"0";"0";"0";"0";"0";"";"";5.0E-6;-7.0E-6;
2056;"OK10";"2014";"0";"0";"0";"0";"0";"0";"0";"0";"0";"0";"0";"0";"0";"0";"";"";5.0E-6;-7.0E-6;
2057;"OK10";"2013";"0";"0";"0";"0";"0";"0";"0";"0";"0";"0";"0";"0";"0";"0";"";"";5.0E-6;-7.0E-6;
2058;"OK10";"2012";"0";"0";"0";"0";"0";"0";"0";"0";"0";"0";"0";"0";"0";"0";"";"";5.0E-6;-7.0E-6;
2059;"OK10";"2011";"0";"0";"0";"0";"0";"0";"0";"0";"0";"0";"0";"0";"0";"0";"";"";5.0E-6;-7.0E-6;
2060;"OK10";"2010";"0";"0";"0";"0";"0";"0";"0";"0";"0";"0";"0";"0";"0";"0";"";"";5.0E-6;-7.0E-6;
2061;"OK11";"2020";"17.9";"21.1";"22.2";"14.3";"14.1";"0";"0";"0";"0";"0";"0";"0";"0";"0";"";"";5.0E-6;-7.0E-6;
2062;"OK11";"2019";"19.8";"22.5";"31.9";"24.2";"18";"0";"14.2";"12.7";"15.2";"15.2";"17.1";"16.8";"25.4";"24.1";"";"";5.0E-6;-7.0E-6;
2063;"OK11";"2018";"19.6";"20.5";"27.4";"20.5";"21.4";"16.7";"12.9";"10.7";"13.4";"16";"20.8";"24.7";"27.8";"22.1";"";"";5.0E-6;-7.0E-6;
2064;"OK11";"2017";"21.3";"0";"0";"0";"0";"0";"0";"0";"0";"0";"0";"0";"0";"0";"";"";5.0E-6;-7.0E-6;
2065;"OK11";"2016";"21.8";"0";"0";"0";"0";"0";"0";"0";"0";"0";"0";"0";"0";"0";"";"";5.0E-6;-7.0E-6;
2066;"OK11";"2015";"20";"0";"0";"0";"0";"0";"0";"0";"0";"0";"0";"0";"0";"0";"";"";5.0E-6;-7.0E-6;
2067;"OK11";"2014";"20.7";"0";"0";"0";"0";"0";"0";"0";"0";"0";"0";"0";"0";"0";"";"";5.0E-6;-7.0E-6;
2068;"OK11";"2013";"20.9";"0";"0";"0";"0";"0";"0";"0";"0";"0";"0";"0";"0";"0";"";"";5.0E-6;-7.0E-6;
2069;"OK11";"2012";"22.7";"0";"0";"0";"0";"0";"0";"0";"0";"0";"0";"0";"0";"0";"";"";5.0E-6;-7.0E-6;
2070;"OK11";"2011";"22.7";"0";"0";"0";"0";"0";"0";"0";"0";"0";"0";"0";"0";"0";"";"";5.0E-6;-7.0E-6;
2071;"OK11";"2010";"0";"0";"0";"0";"0";"0";"0";"0";"0";"0";"0";"0";"0";"0";"";"";5.0E-6;-7.0E-6;
2072;"OK18";"2020";"19.1";"22.7";"22.2";"15.6";"16.1";"0";"0";"0";"0";"0";"0";"0";"0";"0";"";"";5.0E-6;-7.0E-6;
2073;"OK18";"2019";"21.2";"25.5";"32.9";"24.7";"21.9";"17";"12.1";"14.7";"18.6";"15.5";"18.9";"19.5";"28.3";"26";"";"";5.0E-6;-7.0E-6;
2074;"OK18";"2018";"22.8";"22.3";"26.5";"22.5";"25.5";"22.2";"19.3";"10.7";"21.7";"19";"21.8";"28.6";"32.6";"23";"";"";5.0E-6;-7.0E-6;
2075;"OK18";"2017";"23.2";"0";"0";"0";"0";"0";"0";"0";"0";"0";"0";"0";"0";"0";"";"";5.0E-6;-7.0E-6;
2076;"OK18";"2016";"24.8";"0";"0";"0";"0";"0";"0";"0";"0";"0";"0";"0";"0";"0";"";"";5.0E-6;-7.0E-6;
2077;"OK18";"2015";"22.6";"0";"0";"0";"0";"0";"0";"0";"0";"0";"0";"0";"0";"0";"";"";5.0E-6;-7.0E-6;
2078;"OK18";"2014";"25.4";"0";"0";"0";"0";"0";"0";"0";"0";"0";"0";"0";"0";"0";"";"";5.0E-6;-7.0E-6;
2079;"OK18";"2013";"25.8";"0";"0";"0";"0";"0";"0";"0";"0";"0";"0";"0";"0";"0";"";"";5.0E-6;-7.0E-6;
2080;"OK18";"2012";"29.7";"0";"0";"0";"0";"0";"0";"0";"0";"0";"0";"0";"0";"0";"";"";5.0E-6;-7.0E-6;
2081;"OK18";"2011";"28.8";"0";"0";"0";"0";"0";"0";"0";"0";"0";"0";"0";"0";"0";"";"";5.0E-6;-7.0E-6;
2082;"OK18";"2010";"0";"0";"0";"0";"0";"0";"0";"0";"0";"0";"0";"0";"0";"0";"";"";5.0E-6;-7.0E-6;
2083;"OK19";"2020";"19.9";"23.2";"24.2";"16.7";"15.6";"0";"0";"0";"0";"0";"0";"0";"0";"0";"";"";5.0E-6;-7.0E-6;
2084;"OK19";"2019";"21.7";"26.9";"31.9";"25.6";"19.2";"16.2";"15.9";"0";"16.7";"16.8";"19.6";"18.1";"25.9";"27.5";"";"";5.0E-6;-7.0E-6;
2085;"OK19";"2018";"22.9";"24.9";"29.8";"21.5";"27.6";"21.1";"19.3";"14.7";"16";"19";"0";"27.6";"28.3";"25.2";"";"";5.0E-6;-7.0E-6;
2086;"OK19";"2017";"25.5";"0";"0";"0";"0";"0";"0";"0";"0";"0";"0";"0";"0";"0";"";"";5.0E-6;-7.0E-6;
2087;"OK19";"2016";"25.8";"0";"0";"0";"0";"0";"0";"0";"0";"0";"0";"0";"0";"0";"";"";5.0E-6;-7.0E-6;
2088;"OK19";"2015";"24.2";"0";"0";"0";"0";"0";"0";"0";"0";"0";"0";"0";"0";"0";"";"";5.0E-6;-7.0E-6;
2089;"OK19";"2014";"25";"0";"0";"0";"0";"0";"0";"0";"0";"0";"0";"0";"0";"0";"";"";5.0E-6;-7.0E-6;
2090;"OK19";"2013";"25.5";"0";"0";"0";"0";"0";"0";"0";"0";"0";"0";"0";"0";"0";"";"";5.0E-6;-7.0E-6;
2091;"OK19";"2012";"27.8";"0";"0";"0";"0";"0";"0";"0";"0";"0";"0";"0";"0";"0";"";"";5.0E-6;-7.0E-6;
2092;"OK19";"2011";"24.7";"0";"0";"0";"0";"0";"0";"0";"0";"0";"0";"0";"0";"0";"";"";5.0E-6;-7.0E-6;
2093;"OK19";"2010";"0";"0";"0";"0";"0";"0";"0";"0";"0";"0";"0";"0";"0";"0";"";"";5.0E-6;-7.0E-6;
2094;"OK22";"2020";"18.2";"22.1";"21.8";"13.6";"15.1";"0";"0";"0";"0";"0";"0";"0";"0";"0";"";"";5.0E-6;-7.0E-6;
2095;"OK22";"2019";"21.2";"26.4";"30";"22.2";"22.1";"0";"15.6";"14";"0";"0";"16.3";"15";"26";"24.4";"";"";5.0E-6;-7.0E-6;
2096;"OK22";"2018";"22.7";"19.6";"26.5";"25.6";"26.5";"18.9";"20.4";"14.7";"0";"0";"18.7";"25.7";"28.8";"23.9";"";"";5.0E-6;-7.0E-6;
2097;"OK22";"2017";"21.3";"0";"0";"0";"0";"0";"0";"0";"0";"0";"0";"0";"0";"0";"";"";5.0E-6;-7.0E-6;
2098;"OK22";"2016";"23.4";"0";"0";"0";"0";"0";"0";"0";"0";"0";"0";"0";"0";"0";"";"";5.0E-6;-7.0E-6;
2099;"OK22";"2015";"22.2";"0";"0";"0";"0";"0";"0";"0";"0";"0";"0";"0";"0";"0";"";"";5.0E-6;-7.0E-6;
2100;"OK22";"2014";"22.8";"0";"0";"0";"0";"0";"0";"0";"0";"0";"0";"0";"0";"0";"";"";5.0E-6;-7.0E-6;
2101;"OK22";"2013";"23.9";"0";"0";"0";"0";"0";"0";"0";"0";"0";"0";"0";"0";"0";"";"";5.0E-6;-7.0E-6;
2102;"OK22";"2012";"24.9";"0";"0";"0";"0";"0";"0";"0";"0";"0";"0";"0";"0";"0";"";"";5.0E-6;-7.0E-6;
2103;"OK22";"2011";"24.8";"0";"0";"0";"0";"0";"0";"0";"0";"0";"0";"0";"0";"0";"";"";5.0E-6;-7.0E-6;
2104;"OK22";"2010";"0";"0";"0";"0";"0";"0";"0";"0";"0";"0";"0";"0";"0";"0";"";"";5.0E-6;-7.0E-6;
2105;"OK23";"2020";"17.6";"19.7";"20.2";"0";"12.9";"0";"0";"0";"0";"0";"0";"0";"0";"0";"";"";5.0E-6;-7.0E-6;
2106;"OK23";"2019";"20.1";"26.4";"30";"25";"20.4";"14";"13.6";"14.9";"0";"14.7";"17.5";"16.7";"24.2";"23.5";"";"";5.0E-6;-7.0E-6;
2107;"OK23";"2018";"20.5";"23.1";"27.4";"19.5";"26.5";"16.7";"14";"8";"16.6";"0";"20.8";"25.7";"25.9";"22.1";"";"";5.0E-6;-7.0E-6;
2108;"OK23";"2017";"23.1";"0";"0";"0";"0";"0";"0";"0";"0";"0";"0";"0";"0";"0";"";"";5.0E-6;-7.0E-6;
2109;"OK23";"2016";"22.8";"0";"0";"0";"0";"0";"0";"0";"0";"0";"0";"0";"0";"0";"";"";5.0E-6;-7.0E-6;
2110;"OK23";"2015";"21.5";"0";"0";"0";"0";"0";"0";"0";"0";"0";"0";"0";"0";"0";"";"";5.0E-6;-7.0E-6;
2111;"OK23";"2014";"23.3";"0";"0";"0";"0";"0";"0";"0";"0";"0";"0";"0";"0";"0";"";"";5.0E-6;-7.0E-6;
2112;"OK23";"2013";"23.7";"0";"0";"0";"0";"0";"0";"0";"0";"0";"0";"0";"0";"0";"";"";5.0E-6;-7.0E-6;
2113;"OK23";"2012";"26.5";"0";"0";"0";"0";"0";"0";"0";"0";"0";"0";"0";"0";"0";"";"";5.0E-6;-7.0E-6;
2114;"OK23";"2011";"27.1";"0";"0";"0";"0";"0";"0";"0";"0";"0";"0";"0";"0";"0";"";"";5.0E-6;-7.0E-6;
2115;"OK23";"2010";"0";"0";"0";"0";"0";"0";"0";"0";"0";"0";"0";"0";"0";"0";"";"";5.0E-6;-7.0E-6;
2116;"OK24";"2020";"15";"18.2";"17.6";"11.7";"12.6";"0";"0";"0";"0";"0";"0";"0";"0";"0";"";"";5.0E-6;-7.0E-6;
2117;"OK24";"2019";"17.3";"22.5";"26.1";"21.1";"16.7";"13.1";"12.8";"12.6";"13.9";"13";"14.8";"14.8";"21.3";"22.4";"";"";5.0E-6;-7.0E-6;
2118;"OK24";"2018";"18.4";"17.8";"23.6";"20.5";"20.4";"16.7";"15";"12";"16.6";"15";"18.7";"20.7";"23";"19.5";"";"";5.0E-6;-7.0E-6;
2119;"OK24";"2017";"21.3";"0";"0";"0";"0";"0";"0";"0";"0";"0";"0";"0";"0";"0";"";"";5.0E-6;-7.0E-6;
2120;"OK24";"2016";"20.1";"0";"0";"0";"0";"0";"0";"0";"0";"0";"0";"0";"0";"0";"";"";5.0E-6;-7.0E-6;
2121;"OK24";"2015";"19";"0";"0";"0";"0";"0";"0";"0";"0";"0";"0";"0";"0";"0";"";"";5.0E-6;-7.0E-6;
2122;"OK24";"2014";"21.7";"0";"0";"0";"0";"0";"0";"0";"0";"0";"0";"0";"0";"0";"";"";5.0E-6;-7.0E-6;
2123;"OK24";"2013";"20.5";"0";"0";"0";"0";"0";"0";"0";"0";"0";"0";"0";"0";"0";"";"";5.0E-6;-7.0E-6;
2124;"OK24";"2012";"20.7";"0";"0";"0";"0";"0";"0";"0";"0";"0";"0";"0";"0";"0";"";"";5.0E-6;-7.0E-6;
2125;"OK24";"2011";"21.5";"0";"0";"0";"0";"0";"0";"0";"0";"0";"0";"0";"0";"0";"";"";5.0E-6;-7.0E-6;
2126;"OK24";"2010";"0";"0";"0";"0";"0";"0";"0";"0";"0";"0";"0";"0";"0";"0";"";"";5.0E-6;-7.0E-6;
2127;"OK25";"2020";"19.7";"25.6";"25.5";"19.3";"8.5";"0";"0";"0";"0";"0";"0";"0";"0";"0";"";"";5.0E-6;-7.0E-6;
2128;"OK25";"2019";"21.8";"26.4";"33.8";"28";"20.6";"17";"14.8";"14.9";"15.5";"16.2";"19.9";"0";"27.5";"27.4";"";"";5.0E-6;-7.0E-6;
2129;"OK25";"2018";"0";"0";"0";"0";"0";"0";"0";"0";"0";"0";"0";"0";"0";"0";"";"";5.0E-6;-7.0E-6;
2130;"OK25";"2017";"0";"0";"0";"0";"0";"0";"0";"0";"0";"0";"0";"0";"0";"0";"";"";5.0E-6;-7.0E-6;
2131;"OK25";"2016";"0";"0";"0";"0";"0";"0";"0";"0";"0";"0";"0";"0";"0";"0";"";"";5.0E-6;-7.0E-6;
2132;"OK25";"2015";"0";"0";"0";"0";"0";"0";"0";"0";"0";"0";"0";"0";"0";"0";"";"";5.0E-6;-7.0E-6;
2133;"OK25";"2014";"0";"0";"0";"0";"0";"0";"0";"0";"0";"0";"0";"0";"0";"0";"";"";5.0E-6;-7.0E-6;
2134;"OK25";"2013";"0";"0";"0";"0";"0";"0";"0";"0";"0";"0";"0";"0";"0";"0";"";"";5.0E-6;-7.0E-6;
2135;"OK25";"2012";"0";"0";"0";"0";"0";"0";"0";"0";"0";"0";"0";"0";"0";"0";"";"";5.0E-6;-7.0E-6;
2136;"OK25";"2011";"0";"0";"0";"0";"0";"0";"0";"0";"0";"0";"0";"0";"0";"0";"";"";5.0E-6;-7.0E-6;
2137;"OK25";"2010";"0";"0";"0";"0";"0";"0";"0";"0";"0";"0";"0";"0";"0";"0";"";"";5.0E-6;-7.0E-6;
2138;"OK2A";"2020";"18.8";"23.6";"22.5";"14.2";"15.1";"0";"0";"0";"0";"0";"0";"0";"0";"0";"";"";5.0E-6;-7.0E-6;
2139;"OK2A";"2019";"19.9";"26.4";"30.9";"25.9";"20.3";"15.2";"14.4";"13.9";"14.2";"12.8";"18.7";"16.7";"24.4";"25.5";"";"";5.0E-6;-7.0E-6;
2140;"OK2A";"2018";"20.9";"21.4";"29.3";"22.5";"31.6";"13.3";"14";"8";"15.5";"18";"20.8";"25.7";"27.8";"23.9";"";"";5.0E-6;-7.0E-6;
2141;"OK2A";"2017";"0";"0";"0";"0";"0";"0";"0";"0";"0";"0";"0";"0";"0";"0";"";"";5.0E-6;-7.0E-6;
2142;"OK2A";"2016";"0";"0";"0";"0";"0";"0";"0";"0";"0";"0";"0";"0";"0";"0";"";"";5.0E-6;-7.0E-6;
2143;"OK2A";"2015";"0";"0";"0";"0";"0";"0";"0";"0";"0";"0";"0";"0";"0";"0";"";"";5.0E-6;-7.0E-6;
2144;"OK2A";"2014";"0";"0";"0";"0";"0";"0";"0";"0";"0";"0";"0";"0";"0";"0";"";"";5.0E-6;-7.0E-6;
2145;"OK2A";"2013";"0";"0";"0";"0";"0";"0";"0";"0";"0";"0";"0";"0";"0";"0";"";"";5.0E-6;-7.0E-6;
2146;"OK2A";"2012";"0";"0";"0";"0";"0";"0";"0";"0";"0";"0";"0";"0";"0";"0";"";"";5.0E-6;-7.0E-6;
2147;"OK2A";"2011";"0";"0";"0";"0";"0";"0";"0";"0";"0";"0";"0";"0";"0";"0";"";"";5.0E-6;-7.0E-6;
2148;"OK2A";"2010";"0";"0";"0";"0";"0";"0";"0";"0";"0";"0";"0";"0";"0";"0";"";"";5.0E-6;-7.0E-6;
2149;"OK4";"2020";"17";"20";"20.2";"12.5";"15.3";"0";"0";"0";"0";"0";"0";"0";"0";"0";"";"";5.0E-6;-7.0E-6;
2150;"OK4";"2019";"20.2";"27.9";"28.5";"23";"21.9";"0";"14.4";"14.7";"17.7";"14.8";"18.1";"15.9";"23.5";"22.3";"";"";5.0E-6;-7.0E-6;
2151;"OK4";"2018";"22.8";"18.7";"28.4";"25.6";"26";"23.3";"22.5";"17.3";"20.2";"20.1";"19.7";"24.2";"26.8";"23";"";"";5.0E-6;-7.0E-6;
2152;"OK4";"2017";"23.5";"0";"0";"0";"0";"0";"0";"0";"0";"0";"0";"0";"0";"0";"";"";5.0E-6;-7.0E-6;
2153;"OK4";"2016";"23.2";"0";"0";"0";"0";"0";"0";"0";"0";"0";"0";"0";"0";"0";"";"";5.0E-6;-7.0E-6;
2154;"OK4";"2015";"21.2";"0";"0";"0";"0";"0";"0";"0";"0";"0";"0";"0";"0";"0";"";"";5.0E-6;-7.0E-6;
2155;"OK4";"2014";"22.1";"0";"0";"0";"0";"0";"0";"0";"0";"0";"0";"0";"0";"0";"";"";5.0E-6;-7.0E-6;
2156;"OK4";"2013";"23.9";"0";"0";"0";"0";"0";"0";"0";"0";"0";"0";"0";"0";"0";"";"";5.0E-6;-7.0E-6;
2157;"OK4";"2012";"24.6";"0";"0";"0";"0";"0";"0";"0";"0";"0";"0";"0";"0";"0";"";"";5.0E-6;-7.0E-6;
2158;"OK4";"2011";"24.7";"0";"0";"0";"0";"0";"0";"0";"0";"0";"0";"0";"0";"0";"";"";5.0E-6;-7.0E-6;
2159;"OK4";"2010";"0";"0";"0";"0";"0";"0";"0";"0";"0";"0";"0";"0";"0";"0";"";"";5.0E-6;-7.0E-6;
2160;"OK5";"2020";"23.7";"51.1";"18.6";"13.1";"11.8";"0";"0";"0";"0";"0";"0";"0";"0";"0";"";"";5.0E-6;-7.0E-6;
2161;"OK5";"2019";"18.7";"24.5";"30";"21.8";"0";"11.2";"11.8";"11.6";"0";"12.5";"0";"0";"24.6";"20.3";"";"";5.0E-6;-7.0E-6;
2162;"OK5";"2018";"17.4";"19.6";"26.5";"19.5";"21.4";"14.5";"7.5";"8";"12.4";"0";"0";"20.7";"0";"23.9";"";"";5.0E-6;-7.0E-6;
2163;"OK5";"2017";"21.7";"0";"0";"0";"0";"0";"0";"0";"0";"0";"0";"0";"0";"0";"";"";5.0E-6;-7.0E-6;
2164;"OK5";"2016";"21.8";"0";"0";"0";"0";"0";"0";"0";"0";"0";"0";"0";"0";"0";"";"";5.0E-6;-7.0E-6;
2165;"OK5";"2015";"19.9";"0";"0";"0";"0";"0";"0";"0";"0";"0";"0";"0";"0";"0";"";"";5.0E-6;-7.0E-6;
2166;"OK5";"2014";"20.1";"0";"0";"0";"0";"0";"0";"0";"0";"0";"0";"0";"0";"0";"";"";5.0E-6;-7.0E-6;
2167;"OK5";"2013";"18.8";"0";"0";"0";"0";"0";"0";"0";"0";"0";"0";"0";"0";"0";"";"";5.0E-6;-7.0E-6;
2168;"OK5";"2012";"22.6";"0";"0";"0";"0";"0";"0";"0";"0";"0";"0";"0";"0";"0";"";"";5.0E-6;-7.0E-6;
2169;"OK5";"2011";"22.2";"0";"0";"0";"0";"0";"0";"0";"0";"0";"0";"0";"0";"0";"";"";5.0E-6;-7.0E-6;
2170;"OK5";"2010";"0";"0";"0";"0";"0";"0";"0";"0";"0";"0";"0";"0";"0";"0";"";"";5.0E-6;-7.0E-6;
2171;"OK6";"2020";"16.8";"21.4";"21.8";"10.8";"13.1";"0";"0";"0";"0";"0";"0";"0";"0";"0";"";"";5.0E-6;-7.0E-6;
2172;"OK6";"2019";"19.3";"25";"0";"23.4";"18.3";"14.9";"0";"12.2";"0";"13.7";"18.1";"16.6";"26.7";"24.3";"";"";5.0E-6;-7.0E-6;
2173;"OK6";"2018";"20.4";"21.8";"25.5";"22.5";"21.9";"23.3";"18.3";"8.7";"15";"15";"19.2";"23.2";"26.8";"23.9";"";"";5.0E-6;-7.0E-6;
2174;"OK6";"2017";"23";"0";"0";"0";"0";"0";"0";"0";"0";"0";"0";"0";"0";"0";"";"";5.0E-6;-7.0E-6;
2175;"OK6";"2016";"22.5";"0";"0";"0";"0";"0";"0";"0";"0";"0";"0";"0";"0";"0";"";"";5.0E-6;-7.0E-6;
2176;"OK6";"2015";"22.4";"0";"0";"0";"0";"0";"0";"0";"0";"0";"0";"0";"0";"0";"";"";5.0E-6;-7.0E-6;
2177;"OK6";"2014";"23.3";"0";"0";"0";"0";"0";"0";"0";"0";"0";"0";"0";"0";"0";"";"";5.0E-6;-7.0E-6;
2178;"OK6";"2013";"22.8";"0";"0";"0";"0";"0";"0";"0";"0";"0";"0";"0";"0";"0";"";"";5.0E-6;-7.0E-6;
2179;"OK6";"2012";"26.6";"0";"0";"0";"0";"0";"0";"0";"0";"0";"0";"0";"0";"0";"";"";5.0E-6;-7.0E-6;
2180;"OK6";"2011";"25.3";"0";"0";"0";"0";"0";"0";"0";"0";"0";"0";"0";"0";"0";"";"";5.0E-6;-7.0E-6;
2181;"OK6";"2010";"0";"0";"0";"0";"0";"0";"0";"0";"0";"0";"0";"0";"0";"0";"";"";5.0E-6;-7.0E-6;
2182;"OK7";"2020";"18.9";"23.4";"23.3";"15";"13.7";"0";"0";"0";"0";"0";"0";"0";"0";"0";"";"";5.0E-6;-7.0E-6;
2183;"OK7";"2019";"19.1";"24.5";"30.9";"24.5";"17.7";"13.7";"14.7";"14.3";"15.7";"8.9";"16.6";"17.7";"24.7";"25";"";"";5.0E-6;-7.0E-6;
2184;"OK7";"2018";"20.6";"21.4";"29.3";"22.5";"22.5";"24.5";"12.9";"6.7";"13.4";"18";"26";"25.7";"0";"23.9";"";"";5.0E-6;-7.0E-6;
2185;"OK7";"2017";"23";"0";"0";"0";"0";"0";"0";"0";"0";"0";"0";"0";"0";"0";"";"";5.0E-6;-7.0E-6;
2186;"OK7";"2016";"23.2";"0";"0";"0";"0";"0";"0";"0";"0";"0";"0";"0";"0";"0";"";"";5.0E-6;-7.0E-6;
2187;"OK7";"2015";"22";"0";"0";"0";"0";"0";"0";"0";"0";"0";"0";"0";"0";"0";"";"";5.0E-6;-7.0E-6;
2188;"OK7";"2014";"24.2";"0";"0";"0";"0";"0";"0";"0";"0";"0";"0";"0";"0";"0";"";"";5.0E-6;-7.0E-6;
2189;"OK7";"2013";"26";"0";"0";"0";"0";"0";"0";"0";"0";"0";"0";"0";"0";"0";"";"";5.0E-6;-7.0E-6;
2190;"OK7";"2012";"25.6";"0";"0";"0";"0";"0";"0";"0";"0";"0";"0";"0";"0";"0";"";"";5.0E-6;-7.0E-6;
2191;"OK7";"2011";"26.6";"0";"0";"0";"0";"0";"0";"0";"0";"0";"0";"0";"0";"0";"";"";5.0E-6;-7.0E-6;
2192;"OK7";"2010";"0";"0";"0";"0";"0";"0";"0";"0";"0";"0";"0";"0";"0";"0";"";"";5.0E-6;-7.0E-6;
2193;"OK8";"2020";"17.8";"22";"20.9";"13.5";"14.7";"0";"0";"0";"0";"0";"0";"0";"0";"0";"";"";5.0E-6;-7.0E-6;
2194;"OK8";"2019";"21.4";"27.4";"30.9";"25";"20.3";"17.8";"15.2";"17.3";"18";"17.6";"19.4";"17.6";"26.3";"25";"";"";5.0E-6;-7.0E-6;
2195;"OK8";"2018";"22.7";"21.8";"30.3";"21.5";"26";"22.8";"18.8";"15.3";"19.1";"21.1";"22.8";"26.2";"26.8";"22.6";"";"";5.0E-6;-7.0E-6;
2196;"OK8";"2017";"24.6";"0";"0";"0";"0";"0";"0";"0";"0";"0";"0";"0";"0";"0";"";"";5.0E-6;-7.0E-6;
2197;"OK8";"2016";"24.5";"0";"0";"0";"0";"0";"0";"0";"0";"0";"0";"0";"0";"0";"";"";5.0E-6;-7.0E-6;
2198;"OK8";"2015";"24.2";"0";"0";"0";"0";"0";"0";"0";"0";"0";"0";"0";"0";"0";"";"";5.0E-6;-7.0E-6;
2199;"OK8";"2014";"25.5";"0";"0";"0";"0";"0";"0";"0";"0";"0";"0";"0";"0";"0";"";"";5.0E-6;-7.0E-6;
2200;"OK8";"2013";"25.6";"0";"0";"0";"0";"0";"0";"0";"0";"0";"0";"0";"0";"0";"";"";5.0E-6;-7.0E-6;
2201;"OK8";"2012";"27.5";"0";"0";"0";"0";"0";"0";"0";"0";"0";"0";"0";"0";"0";"";"";5.0E-6;-7.0E-6;
2202;"OK8";"2011";"29.6";"0";"0";"0";"0";"0";"0";"0";"0";"0";"0";"0";"0";"0";"";"";5.0E-6;-7.0E-6;
2203;"OK8";"2010";"0";"0";"0";"0";"0";"0";"0";"0";"0";"0";"0";"0";"0";"0";"";"";5.0E-6;-7.0E-6;
2204;"OK9";"2020";"18.2";"23";"21.9";"14.9";"13";"0";"0";"0";"0";"0";"0";"0";"0";"0";"";"";5.0E-6;-7.0E-6;
2205;"OK9";"2019";"22";"25.5";"30";"24.5";"20.1";"0";"17.1";"18.8";"18.4";"17";"20.6";"18.6";"27.4";"26";"";"";5.0E-6;-7.0E-6;
2206;"OK9";"2018";"20.2";"20.5";"26.5";"21.5";"23.5";"17.8";"21.5";"13.3";"19.7";"0";"21.8";"26.6";"26.8";"23";"";"";5.0E-6;-7.0E-6;
2207;"OK9";"2017";"25.7";"0";"0";"0";"0";"0";"0";"0";"0";"0";"0";"0";"0";"0";"";"";5.0E-6;-7.0E-6;
2208;"OK9";"2016";"24.9";"0";"0";"0";"0";"0";"0";"0";"0";"0";"0";"0";"0";"0";"";"";5.0E-6;-7.0E-6;
2209;"OK9";"2015";"23.8";"0";"0";"0";"0";"0";"0";"0";"0";"0";"0";"0";"0";"0";"";"";5.0E-6;-7.0E-6;
2210;"OK9";"2014";"24.7";"0";"0";"0";"0";"0";"0";"0";"0";"0";"0";"0";"0";"0";"";"";5.0E-6;-7.0E-6;
2211;"OK9";"2013";"24.6";"0";"0";"0";"0";"0";"0";"0";"0";"0";"0";"0";"0";"0";"";"";5.0E-6;-7.0E-6;
2212;"OK9";"2012";"27.3";"0";"0";"0";"0";"0";"0";"0";"0";"0";"0";"0";"0";"0";"";"";5.0E-6;-7.0E-6;
2213;"OK9";"2011";"26.9";"0";"0";"0";"0";"0";"0";"0";"0";"0";"0";"0";"0";"0";"";"";5.0E-6;-7.0E-6;
2214;"OK9";"2010";"0";"0";"0";"0";"0";"0";"0";"0";"0";"0";"0";"0";"0";"0";"";"";5.0E-6;-7.0E-6;
2215;"OVT167";"2020";"28.1";"33.7";"31.1";"24.3";"23.3";"0";"0";"0";"0";"0";"0";"0";"0";"0";"";"";5.0E-6;-7.0E-6;
2216;"OVT167";"2019";"32.7";"36.2";"43";"37.2";"40.6";"31";"25.8";"24.3";"25.7";"23.5";"27.6";"32";"40.2";"38.7";"";"";5.0E-6;-7.0E-6;
2217;"OVT167";"2018";"35.2";"32.9";"35.9";"41.5";"40.3";"41.1";"32.8";"26";"0";"28.6";"32.2";"0";"40.3";"35.8";"";"";5.0E-6;-7.0E-6;
2218;"OVT167";"2017";"39.2";"0";"0";"0";"0";"0";"0";"0";"0";"0";"0";"0";"0";"0";"";"";5.0E-6;-7.0E-6;
2219;"OVT167";"2016";"41.5";"0";"0";"0";"0";"0";"0";"0";"0";"0";"0";"0";"0";"0";"";"";5.0E-6;-7.0E-6;
2220;"OVT167";"2015";"39.7";"0";"0";"0";"0";"0";"0";"0";"0";"0";"0";"0";"0";"0";"";"";5.0E-6;-7.0E-6;
2221;"OVT167";"2014";"41.6";"0";"0";"0";"0";"0";"0";"0";"0";"0";"0";"0";"0";"0";"";"";5.0E-6;-7.0E-6;
2222;"OVT167";"2013";"42.4";"0";"0";"0";"0";"0";"0";"0";"0";"0";"0";"0";"0";"0";"";"";5.0E-6;-7.0E-6;
2223;"OVT167";"2012";"44.7";"0";"0";"0";"0";"0";"0";"0";"0";"0";"0";"0";"0";"0";"";"";5.0E-6;-7.0E-6;
2224;"OVT167";"2011";"46.6";"0";"0";"0";"0";"0";"0";"0";"0";"0";"0";"0";"0";"0";"";"";5.0E-6;-7.0E-6;
2225;"OVT167";"2010";"46.6";"0";"0";"0";"0";"0";"0";"0";"0";"0";"0";"0";"0";"0";"";"";5.0E-6;-7.0E-6;
2226;"OVT557";"2020";"25.4";"30.8";"26.4";"21";"23.3";"0";"0";"0";"0";"0";"0";"0";"0";"0";"";"";5.0E-6;-7.0E-6;
2227;"OVT557";"2019";"32.9";"35.2";"40.6";"31.8";"41";"32.3";"27.7";"28.6";"28.8";"26.8";"28.6";"32";"38.1";"35.6";"";"";5.0E-6;-7.0E-6;
2228;"OVT557";"2018";"37.1";"30.3";"39.7";"43";"45.9";"41.1";"36.5";"26.7";"32.1";"31.1";"35.3";"42.4";"44.1";"34.5";"";"";5.0E-6;-7.0E-6;
2229;"OVT557";"2017";"40.4";"0";"0";"0";"0";"0";"0";"0";"0";"0";"0";"0";"0";"0";"";"";5.0E-6;-7.0E-6;
2230;"OVT557";"2016";"41";"0";"0";"0";"0";"0";"0";"0";"0";"0";"0";"0";"0";"0";"";"";5.0E-6;-7.0E-6;
2231;"OVT557";"2015";"40.5";"0";"0";"0";"0";"0";"0";"0";"0";"0";"0";"0";"0";"0";"";"";5.0E-6;-7.0E-6;
2232;"OVT557";"2014";"43.8";"0";"0";"0";"0";"0";"0";"0";"0";"0";"0";"0";"0";"0";"";"";5.0E-6;-7.0E-6;
2233;"OVT557";"2013";"46.1";"0";"0";"0";"0";"0";"0";"0";"0";"0";"0";"0";"0";"0";"";"";5.0E-6;-7.0E-6;
2234;"OVT557";"2012";"46.2";"0";"0";"0";"0";"0";"0";"0";"0";"0";"0";"0";"0";"0";"";"";5.0E-6;-7.0E-6;
2235;"OVT557";"2011";"46.8";"0";"0";"0";"0";"0";"0";"0";"0";"0";"0";"0";"0";"0";"";"";5.0E-6;-7.0E-6;
2236;"OVT557";"2010";"48.6";"0";"0";"0";"0";"0";"0";"0";"0";"0";"0";"0";"0";"0";"";"";5.0E-6;-7.0E-6;
2237;"OVT64";"2020";"29.2";"33.3";"33.3";"27.4";"22.7";"0";"0";"0";"0";"0";"0";"0";"0";"0";"";"";5.0E-6;-7.0E-6;
2238;"OVT64";"2019";"35";"44.1";"39.6";"40.7";"39.6";"35.8";"30.8";"31.7";"29.4";"28.6";"29.6";"30.9";"36.7";"37.4";"";"";5.0E-6;-7.0E-6;
2239;"OVT64";"2018";"38.1";"36.5";"41.6";"31.7";"38.8";"54.5";"39.7";"24";"42.4";"35.1";"42.6";"41.5";"33.5";"32.7";"";"";5.0E-6;-7.0E-6;
2240;"OVT64";"2017";"42.8";"0";"0";"0";"0";"0";"0";"0";"0";"0";"0";"0";"0";"0";"";"";5.0E-6;-7.0E-6;
2241;"OVT64";"2016";"43.9";"0";"0";"0";"0";"0";"0";"0";"0";"0";"0";"0";"0";"0";"";"";5.0E-6;-7.0E-6;
2242;"OVT64";"2015";"0";"0";"0";"0";"0";"0";"0";"0";"0";"0";"0";"0";"0";"0";"";"";5.0E-6;-7.0E-6;
2243;"OVT64";"2014";"0";"0";"0";"0";"0";"0";"0";"0";"0";"0";"0";"0";"0";"0";"";"";5.0E-6;-7.0E-6;
2244;"OVT64";"2013";"0";"0";"0";"0";"0";"0";"0";"0";"0";"0";"0";"0";"0";"0";"";"";5.0E-6;-7.0E-6;
2245;"OVT64";"2012";"0";"0";"0";"0";"0";"0";"0";"0";"0";"0";"0";"0";"0";"0";"";"";5.0E-6;-7.0E-6;
2246;"OVT64";"2011";"0";"0";"0";"0";"0";"0";"0";"0";"0";"0";"0";"0";"0";"0";"";"";5.0E-6;-7.0E-6;
2247;"OVT64";"2010";"0";"0";"0";"0";"0";"0";"0";"0";"0";"0";"0";"0";"0";"0";"";"";5.0E-6;-7.0E-6;
2248;"OVT89";"2020";"32.3";"38.4";"33.3";"29.5";"27.9";"0";"0";"0";"0";"0";"0";"0";"0";"0";"";"";5.0E-6;-7.0E-6;
2249;"OVT89";"2019";"40.4";"42.1";"47.3";"42.9";"46.3";"42.4";"34.7";"34.4";"38.3";"34";"36.8";"39.5";"47.4";"39.4";"";"";5.0E-6;-7.0E-6;
2250;"OVT89";"2018";"47.1";"40.1";"46.3";"49.1";"54.1";"53.4";"51.5";"0";"44.5";"40.1";"44.6";"54.3";"46";"40.7";"";"";5.0E-6;-7.0E-6;
2251;"OVT89";"2017";"51.9";"0";"0";"0";"0";"0";"0";"0";"0";"0";"0";"0";"0";"0";"";"";5.0E-6;-7.0E-6;
2252;"OVT89";"2016";"53.5";"0";"0";"0";"0";"0";"0";"0";"0";"0";"0";"0";"0";"0";"";"";5.0E-6;-7.0E-6;
2253;"OVT89";"2015";"50";"0";"0";"0";"0";"0";"0";"0";"0";"0";"0";"0";"0";"0";"";"";5.0E-6;-7.0E-6;
2254;"OVT89";"2014";"54.3";"0";"0";"0";"0";"0";"0";"0";"0";"0";"0";"0";"0";"0";"";"";5.0E-6;-7.0E-6;
2255;"OVT89";"2013";"56";"0";"0";"0";"0";"0";"0";"0";"0";"0";"0";"0";"0";"0";"";"";5.0E-6;-7.0E-6;
2256;"OVT89";"2012";"55";"0";"0";"0";"0";"0";"0";"0";"0";"0";"0";"0";"0";"0";"";"";5.0E-6;-7.0E-6;
2257;"OVT89";"2011";"55.7";"0";"0";"0";"0";"0";"0";"0";"0";"0";"0";"0";"0";"0";"";"";5.0E-6;-7.0E-6;
2258;"OVT89";"2010";"54.5";"0";"0";"0";"0";"0";"0";"0";"0";"0";"0";"0";"0";"0";"";"";5.0E-6;-7.0E-6;
2259;"OZ1";"2020";"28.4";"34.7";"27.3";"27.4";"24.3";"0";"0";"0";"0";"0";"0";"0";"0";"0";"";"";5.0E-6;-7.0E-6;
2260;"OZ1";"2019";"28.4";"39.2";"44.9";"37.6";"31.5";"19.3";"18.8";"20";"22.2";"23";"20.6";"23.8";"31.5";"36.7";"";"";5.0E-6;-7.0E-6;
2261;"OZ1";"2018";"34.3";"0";"0";"0";"0";"42.3";"34.4";"18.7";"31.6";"30.6";"38.4";"39";"37.4";"36.7";"";"";5.0E-6;-7.0E-6;
2262;"OZ1";"2017";"0";"0";"0";"0";"0";"0";"0";"0";"0";"0";"0";"0";"0";"0";"";"";5.0E-6;-7.0E-6;
2263;"OZ1";"2016";"0";"0";"0";"0";"0";"0";"0";"0";"0";"0";"0";"0";"0";"0";"";"";5.0E-6;-7.0E-6;
2264;"OZ1";"2015";"0";"0";"0";"0";"0";"0";"0";"0";"0";"0";"0";"0";"0";"0";"";"";5.0E-6;-7.0E-6;
2265;"OZ1";"2014";"0";"0";"0";"0";"0";"0";"0";"0";"0";"0";"0";"0";"0";"0";"";"";5.0E-6;-7.0E-6;
2266;"OZ1";"2013";"0";"0";"0";"0";"0";"0";"0";"0";"0";"0";"0";"0";"0";"0";"";"";5.0E-6;-7.0E-6;
2267;"OZ1";"2012";"0";"0";"0";"0";"0";"0";"0";"0";"0";"0";"0";"0";"0";"0";"";"";5.0E-6;-7.0E-6;
2268;"OZ1";"2011";"0";"0";"0";"0";"0";"0";"0";"0";"0";"0";"0";"0";"0";"0";"";"";5.0E-6;-7.0E-6;
2269;"OZ1";"2010";"0";"0";"0";"0";"0";"0";"0";"0";"0";"0";"0";"0";"0";"0";"";"";5.0E-6;-7.0E-6;
2270;"OZ2";"2020";"31.6";"36.5";"31.5";"26.8";"0";"0";"0";"0";"0";"0";"0";"0";"0";"0";"";"";5.0E-6;-7.0E-6;
2271;"OZ2";"2019";"28.4";"34.3";"44";"35.7";"25";"18.4";"19.4";"19.3";"18.2";"25.1";"27.3";"28.5";"36.7";"37.6";"";"";5.0E-6;-7.0E-6;
2272;"OZ2";"2018";"25.2";"0";"0";"0";"0";"21.1";"15";"9.3";"16.6";"23.6";"32.7";"33.1";"38.8";"36.7";"";"";5.0E-6;-7.0E-6;
2273;"OZ2";"2017";"0";"0";"0";"0";"0";"0";"0";"0";"0";"0";"0";"0";"0";"0";"";"";5.0E-6;-7.0E-6;
2274;"OZ2";"2016";"0";"0";"0";"0";"0";"0";"0";"0";"0";"0";"0";"0";"0";"0";"";"";5.0E-6;-7.0E-6;
2275;"OZ2";"2015";"0";"0";"0";"0";"0";"0";"0";"0";"0";"0";"0";"0";"0";"0";"";"";5.0E-6;-7.0E-6;
2276;"OZ2";"2014";"0";"0";"0";"0";"0";"0";"0";"0";"0";"0";"0";"0";"0";"0";"";"";5.0E-6;-7.0E-6;
2277;"OZ2";"2013";"0";"0";"0";"0";"0";"0";"0";"0";"0";"0";"0";"0";"0";"0";"";"";5.0E-6;-7.0E-6;
2278;"OZ2";"2012";"0";"0";"0";"0";"0";"0";"0";"0";"0";"0";"0";"0";"0";"0";"";"";5.0E-6;-7.0E-6;
2279;"OZ2";"2011";"0";"0";"0";"0";"0";"0";"0";"0";"0";"0";"0";"0";"0";"0";"";"";5.0E-6;-7.0E-6;
2280;"OZ2";"2010";"0";"0";"0";"0";"0";"0";"0";"0";"0";"0";"0";"0";"0";"0";"";"";5.0E-6;-7.0E-6;
2281;"OZ3";"2020";"22.5";"31.6";"22.4";"20.1";"16.1";"0";"0";"0";"0";"0";"0";"0";"0";"0";"";"";5.0E-6;-7.0E-6;
2282;"OZ3";"2019";"24.7";"25.5";"36.2";"28.5";"25.1";"20.2";"18.4";"18.4";"17.2";"22.7";"22.8";"24.4";"31.5";"29.9";"";"";5.0E-6;-7.0E-6;
2283;"OZ3";"2018";"23.8";"0";"0";"0";"0";"30";"5.4";"17.3";"20.2";"22.1";"27.5";"32.1";"31.6";"27.9";"";"";5.0E-6;-7.0E-6;
2284;"OZ3";"2017";"0";"0";"0";"0";"0";"0";"0";"0";"0";"0";"0";"0";"0";"0";"";"";5.0E-6;-7.0E-6;
2285;"OZ3";"2016";"0";"0";"0";"0";"0";"0";"0";"0";"0";"0";"0";"0";"0";"0";"";"";5.0E-6;-7.0E-6;
2286;"OZ3";"2015";"0";"0";"0";"0";"0";"0";"0";"0";"0";"0";"0";"0";"0";"0";"";"";5.0E-6;-7.0E-6;
2287;"OZ3";"2014";"0";"0";"0";"0";"0";"0";"0";"0";"0";"0";"0";"0";"0";"0";"";"";5.0E-6;-7.0E-6;
2288;"OZ3";"2013";"0";"0";"0";"0";"0";"0";"0";"0";"0";"0";"0";"0";"0";"0";"";"";5.0E-6;-7.0E-6;
2289;"OZ3";"2012";"0";"0";"0";"0";"0";"0";"0";"0";"0";"0";"0";"0";"0";"0";"";"";5.0E-6;-7.0E-6;
2290;"OZ3";"2011";"0";"0";"0";"0";"0";"0";"0";"0";"0";"0";"0";"0";"0";"0";"";"";5.0E-6;-7.0E-6;
2291;"OZ3";"2010";"0";"0";"0";"0";"0";"0";"0";"0";"0";"0";"0";"0";"0";"0";"";"";5.0E-6;-7.0E-6;
2292;"P1";"2020";"19.8";"24.6";"21.6";"16.7";"16.5";"0";"0";"0";"0";"0";"0";"0";"0";"0";"";"";5.0E-6;-7.0E-6;
2293;"P1";"2019";"25.2";"0";"0";"0";"0";"0";"0";"0";"0";"0";"18.7";"21.6";"33.2";"27.2";"";"";5.0E-6;-7.0E-6;
2294;"P1";"2018";"0";"0";"0";"0";"0";"0";"0";"0";"0";"0";"0";"0";"0";"0";"";"";5.0E-6;-7.0E-6;
2295;"P1";"2017";"0";"0";"0";"0";"0";"0";"0";"0";"0";"0";"0";"0";"0";"0";"";"";5.0E-6;-7.0E-6;
2296;"P1";"2016";"0";"0";"0";"0";"0";"0";"0";"0";"0";"0";"0";"0";"0";"0";"";"";5.0E-6;-7.0E-6;
2297;"P1";"2015";"0";"0";"0";"0";"0";"0";"0";"0";"0";"0";"0";"0";"0";"0";"";"";5.0E-6;-7.0E-6;
2298;"P1";"2014";"0";"0";"0";"0";"0";"0";"0";"0";"0";"0";"0";"0";"0";"0";"";"";5.0E-6;-7.0E-6;
2299;"P1";"2013";"0";"0";"0";"0";"0";"0";"0";"0";"0";"0";"0";"0";"0";"0";"";"";5.0E-6;-7.0E-6;
2300;"P1";"2012";"0";"0";"0";"0";"0";"0";"0";"0";"0";"0";"0";"0";"0";"0";"";"";5.0E-6;-7.0E-6;
2301;"P1";"2011";"0";"0";"0";"0";"0";"0";"0";"0";"0";"0";"0";"0";"0";"0";"";"";5.0E-6;-7.0E-6;
2302;"P1";"2010";"0";"0";"0";"0";"0";"0";"0";"0";"0";"0";"0";"0";"0";"0";"";"";5.0E-6;-7.0E-6;
2303;"P10";"2020";"24.3";"29.5";"28.1";"20.1";"19.6";"0";"0";"0";"0";"0";"0";"0";"0";"0";"";"";5.0E-6;-7.0E-6;
2304;"P10";"2019";"25.4";"0";"0";"0";"0";"0";"0";"0";"0";"0";"25.4";"25.4";"0";"0";"";"";5.0E-6;-7.0E-6;
2305;"P10";"2018";"0";"0";"0";"0";"0";"0";"0";"0";"0";"0";"0";"0";"0";"0";"";"";5.0E-6;-7.0E-6;
2306;"P10";"2017";"0";"0";"0";"0";"0";"0";"0";"0";"0";"0";"0";"0";"0";"0";"";"";5.0E-6;-7.0E-6;
2307;"P10";"2016";"0";"0";"0";"0";"0";"0";"0";"0";"0";"0";"0";"0";"0";"0";"";"";5.0E-6;-7.0E-6;
2308;"P10";"2015";"0";"0";"0";"0";"0";"0";"0";"0";"0";"0";"0";"0";"0";"0";"";"";5.0E-6;-7.0E-6;
2309;"P10";"2014";"0";"0";"0";"0";"0";"0";"0";"0";"0";"0";"0";"0";"0";"0";"";"";5.0E-6;-7.0E-6;
2310;"P10";"2013";"0";"0";"0";"0";"0";"0";"0";"0";"0";"0";"0";"0";"0";"0";"";"";5.0E-6;-7.0E-6;
2311;"P10";"2012";"0";"0";"0";"0";"0";"0";"0";"0";"0";"0";"0";"0";"0";"0";"";"";5.0E-6;-7.0E-6;
2312;"P10";"2011";"0";"0";"0";"0";"0";"0";"0";"0";"0";"0";"0";"0";"0";"0";"";"";5.0E-6;-7.0E-6;
2313;"P10";"2010";"0";"0";"0";"0";"0";"0";"0";"0";"0";"0";"0";"0";"0";"0";"";"";5.0E-6;-7.0E-6;
2314;"P2";"2020";"25.6";"27.8";"28.8";"23.1";"22.8";"0";"0";"0";"0";"0";"0";"0";"0";"0";"";"";5.0E-6;-7.0E-6;
2315;"P2";"2019";"29.6";"0";"0";"0";"0";"0";"0";"0";"0";"0";"29.3";"26.2";"29.3";"33.5";"";"";5.0E-6;-7.0E-6;
2316;"P2";"2018";"0";"0";"0";"0";"0";"0";"0";"0";"0";"0";"0";"0";"0";"0";"";"";5.0E-6;-7.0E-6;
2317;"P2";"2017";"0";"0";"0";"0";"0";"0";"0";"0";"0";"0";"0";"0";"0";"0";"";"";5.0E-6;-7.0E-6;
2318;"P2";"2016";"0";"0";"0";"0";"0";"0";"0";"0";"0";"0";"0";"0";"0";"0";"";"";5.0E-6;-7.0E-6;
2319;"P2";"2015";"0";"0";"0";"0";"0";"0";"0";"0";"0";"0";"0";"0";"0";"0";"";"";5.0E-6;-7.0E-6;
2320;"P2";"2014";"0";"0";"0";"0";"0";"0";"0";"0";"0";"0";"0";"0";"0";"0";"";"";5.0E-6;-7.0E-6;
2321;"P2";"2013";"0";"0";"0";"0";"0";"0";"0";"0";"0";"0";"0";"0";"0";"0";"";"";5.0E-6;-7.0E-6;
2322;"P2";"2012";"0";"0";"0";"0";"0";"0";"0";"0";"0";"0";"0";"0";"0";"0";"";"";5.0E-6;-7.0E-6;
2323;"P2";"2011";"0";"0";"0";"0";"0";"0";"0";"0";"0";"0";"0";"0";"0";"0";"";"";5.0E-6;-7.0E-6;
2324;"P2";"2010";"0";"0";"0";"0";"0";"0";"0";"0";"0";"0";"0";"0";"0";"0";"";"";5.0E-6;-7.0E-6;
2325;"P3";"2020";"20.5";"24.7";"23.6";"16.9";"16.8";"0";"0";"0";"0";"0";"0";"0";"0";"0";"";"";5.0E-6;-7.0E-6;
2326;"P3";"2019";"26.2";"0";"0";"0";"0";"0";"0";"0";"0";"0";"21.9";"22.1";"33.4";"27.5";"";"";5.0E-6;-7.0E-6;
2327;"P3";"2018";"0";"0";"0";"0";"0";"0";"0";"0";"0";"0";"0";"0";"0";"0";"";"";5.0E-6;-7.0E-6;
2328;"P3";"2017";"0";"0";"0";"0";"0";"0";"0";"0";"0";"0";"0";"0";"0";"0";"";"";5.0E-6;-7.0E-6;
2329;"P3";"2016";"0";"0";"0";"0";"0";"0";"0";"0";"0";"0";"0";"0";"0";"0";"";"";5.0E-6;-7.0E-6;
2330;"P3";"2015";"0";"0";"0";"0";"0";"0";"0";"0";"0";"0";"0";"0";"0";"0";"";"";5.0E-6;-7.0E-6;
2331;"P3";"2014";"0";"0";"0";"0";"0";"0";"0";"0";"0";"0";"0";"0";"0";"0";"";"";5.0E-6;-7.0E-6;
2332;"P3";"2013";"0";"0";"0";"0";"0";"0";"0";"0";"0";"0";"0";"0";"0";"0";"";"";5.0E-6;-7.0E-6;
2333;"P3";"2012";"0";"0";"0";"0";"0";"0";"0";"0";"0";"0";"0";"0";"0";"0";"";"";5.0E-6;-7.0E-6;
2334;"P3";"2011";"0";"0";"0";"0";"0";"0";"0";"0";"0";"0";"0";"0";"0";"0";"";"";5.0E-6;-7.0E-6;
2335;"P3";"2010";"0";"0";"0";"0";"0";"0";"0";"0";"0";"0";"0";"0";"0";"0";"";"";5.0E-6;-7.0E-6;
2336;"P4";"2020";"20.7";"25.2";"23.9";"20";"13.7";"0";"0";"0";"0";"0";"0";"0";"0";"0";"";"";5.0E-6;-7.0E-6;
2337;"P4";"2019";"25.1";"0";"0";"0";"0";"0";"0";"0";"0";"0";"19.5";"22.6";"29";"29.5";"";"";5.0E-6;-7.0E-6;
2338;"P4";"2018";"0";"0";"0";"0";"0";"0";"0";"0";"0";"0";"0";"0";"0";"0";"";"";5.0E-6;-7.0E-6;
2339;"P4";"2017";"0";"0";"0";"0";"0";"0";"0";"0";"0";"0";"0";"0";"0";"0";"";"";5.0E-6;-7.0E-6;
2340;"P4";"2016";"0";"0";"0";"0";"0";"0";"0";"0";"0";"0";"0";"0";"0";"0";"";"";5.0E-6;-7.0E-6;
2341;"P4";"2015";"0";"0";"0";"0";"0";"0";"0";"0";"0";"0";"0";"0";"0";"0";"";"";5.0E-6;-7.0E-6;
2342;"P4";"2014";"0";"0";"0";"0";"0";"0";"0";"0";"0";"0";"0";"0";"0";"0";"";"";5.0E-6;-7.0E-6;
2343;"P4";"2013";"0";"0";"0";"0";"0";"0";"0";"0";"0";"0";"0";"0";"0";"0";"";"";5.0E-6;-7.0E-6;
2344;"P4";"2012";"0";"0";"0";"0";"0";"0";"0";"0";"0";"0";"0";"0";"0";"0";"";"";5.0E-6;-7.0E-6;
2345;"P4";"2011";"0";"0";"0";"0";"0";"0";"0";"0";"0";"0";"0";"0";"0";"0";"";"";5.0E-6;-7.0E-6;
2346;"P4";"2010";"0";"0";"0";"0";"0";"0";"0";"0";"0";"0";"0";"0";"0";"0";"";"";5.0E-6;-7.0E-6;
2347;"P5";"2020";"18.9";"24.8";"20";"16.2";"14.8";"0";"0";"0";"0";"0";"0";"0";"0";"0";"";"";5.0E-6;-7.0E-6;
2348;"P5";"2019";"20.9";"0";"0";"0";"0";"0";"0";"0";"0";"0";"16.8";"17.9";"25";"24";"";"";5.0E-6;-7.0E-6;
2349;"P5";"2018";"0";"0";"0";"0";"0";"0";"0";"0";"0";"0";"0";"0";"0";"0";"";"";5.0E-6;-7.0E-6;
2350;"P5";"2017";"0";"0";"0";"0";"0";"0";"0";"0";"0";"0";"0";"0";"0";"0";"";"";5.0E-6;-7.0E-6;
2351;"P5";"2016";"0";"0";"0";"0";"0";"0";"0";"0";"0";"0";"0";"0";"0";"0";"";"";5.0E-6;-7.0E-6;
2352;"P5";"2015";"0";"0";"0";"0";"0";"0";"0";"0";"0";"0";"0";"0";"0";"0";"";"";5.0E-6;-7.0E-6;
2353;"P5";"2014";"0";"0";"0";"0";"0";"0";"0";"0";"0";"0";"0";"0";"0";"0";"";"";5.0E-6;-7.0E-6;
2354;"P5";"2013";"0";"0";"0";"0";"0";"0";"0";"0";"0";"0";"0";"0";"0";"0";"";"";5.0E-6;-7.0E-6;
2355;"P5";"2012";"0";"0";"0";"0";"0";"0";"0";"0";"0";"0";"0";"0";"0";"0";"";"";5.0E-6;-7.0E-6;
2356;"P5";"2011";"0";"0";"0";"0";"0";"0";"0";"0";"0";"0";"0";"0";"0";"0";"";"";5.0E-6;-7.0E-6;
2357;"P5";"2010";"0";"0";"0";"0";"0";"0";"0";"0";"0";"0";"0";"0";"0";"0";"";"";5.0E-6;-7.0E-6;
2358;"P6";"2020";"19.8";"23.7";"21.7";"17.3";"16.6";"0";"0";"0";"0";"0";"0";"0";"0";"0";"";"";5.0E-6;-7.0E-6;
2359;"P6";"2019";"23.4";"0";"0";"0";"0";"0";"0";"0";"0";"0";"18.9";"21.5";"26.1";"26.9";"";"";5.0E-6;-7.0E-6;
2360;"P6";"2018";"0";"0";"0";"0";"0";"0";"0";"0";"0";"0";"0";"0";"0";"0";"";"";5.0E-6;-7.0E-6;
2361;"P6";"2017";"0";"0";"0";"0";"0";"0";"0";"0";"0";"0";"0";"0";"0";"0";"";"";5.0E-6;-7.0E-6;
2362;"P6";"2016";"0";"0";"0";"0";"0";"0";"0";"0";"0";"0";"0";"0";"0";"0";"";"";5.0E-6;-7.0E-6;
2363;"P6";"2015";"0";"0";"0";"0";"0";"0";"0";"0";"0";"0";"0";"0";"0";"0";"";"";5.0E-6;-7.0E-6;
2364;"P6";"2014";"0";"0";"0";"0";"0";"0";"0";"0";"0";"0";"0";"0";"0";"0";"";"";5.0E-6;-7.0E-6;
2365;"P6";"2013";"0";"0";"0";"0";"0";"0";"0";"0";"0";"0";"0";"0";"0";"0";"";"";5.0E-6;-7.0E-6;
2366;"P6";"2012";"0";"0";"0";"0";"0";"0";"0";"0";"0";"0";"0";"0";"0";"0";"";"";5.0E-6;-7.0E-6;
2367;"P6";"2011";"0";"0";"0";"0";"0";"0";"0";"0";"0";"0";"0";"0";"0";"0";"";"";5.0E-6;-7.0E-6;
2368;"P6";"2010";"0";"0";"0";"0";"0";"0";"0";"0";"0";"0";"0";"0";"0";"0";"";"";5.0E-6;-7.0E-6;
2369;"P7";"2020";"21.9";"26.2";"25.8";"19.3";"16.2";"0";"0";"0";"0";"0";"0";"0";"0";"0";"";"";5.0E-6;-7.0E-6;
2370;"P7";"2019";"26.1";"0";"0";"0";"0";"0";"0";"0";"0";"0";"22.2";"23.6";"29.2";"29.4";"";"";5.0E-6;-7.0E-6;
2371;"P7";"2018";"0";"0";"0";"0";"0";"0";"0";"0";"0";"0";"0";"0";"0";"0";"";"";5.0E-6;-7.0E-6;
2372;"P7";"2017";"0";"0";"0";"0";"0";"0";"0";"0";"0";"0";"0";"0";"0";"0";"";"";5.0E-6;-7.0E-6;
2373;"P7";"2016";"0";"0";"0";"0";"0";"0";"0";"0";"0";"0";"0";"0";"0";"0";"";"";5.0E-6;-7.0E-6;
2374;"P7";"2015";"0";"0";"0";"0";"0";"0";"0";"0";"0";"0";"0";"0";"0";"0";"";"";5.0E-6;-7.0E-6;
2375;"P7";"2014";"0";"0";"0";"0";"0";"0";"0";"0";"0";"0";"0";"0";"0";"0";"";"";5.0E-6;-7.0E-6;
2376;"P7";"2013";"0";"0";"0";"0";"0";"0";"0";"0";"0";"0";"0";"0";"0";"0";"";"";5.0E-6;-7.0E-6;
2377;"P7";"2012";"0";"0";"0";"0";"0";"0";"0";"0";"0";"0";"0";"0";"0";"0";"";"";5.0E-6;-7.0E-6;
2378;"P7";"2011";"0";"0";"0";"0";"0";"0";"0";"0";"0";"0";"0";"0";"0";"0";"";"";5.0E-6;-7.0E-6;
2379;"P7";"2010";"0";"0";"0";"0";"0";"0";"0";"0";"0";"0";"0";"0";"0";"0";"";"";5.0E-6;-7.0E-6;
2380;"P8";"2020";"20.3";"28";"21.1";"15.6";"16.5";"0";"0";"0";"0";"0";"0";"0";"0";"0";"";"";5.0E-6;-7.0E-6;
2381;"P8";"2019";"18.2";"0";"0";"0";"0";"0";"0";"0";"0";"0";"18.1";"18.2";"0";"0";"";"";5.0E-6;-7.0E-6;
2382;"P8";"2018";"0";"0";"0";"0";"0";"0";"0";"0";"0";"0";"0";"0";"0";"0";"";"";5.0E-6;-7.0E-6;
2383;"P8";"2017";"0";"0";"0";"0";"0";"0";"0";"0";"0";"0";"0";"0";"0";"0";"";"";5.0E-6;-7.0E-6;
2384;"P8";"2016";"0";"0";"0";"0";"0";"0";"0";"0";"0";"0";"0";"0";"0";"0";"";"";5.0E-6;-7.0E-6;
2385;"P8";"2015";"0";"0";"0";"0";"0";"0";"0";"0";"0";"0";"0";"0";"0";"0";"";"";5.0E-6;-7.0E-6;
2386;"P8";"2014";"0";"0";"0";"0";"0";"0";"0";"0";"0";"0";"0";"0";"0";"0";"";"";5.0E-6;-7.0E-6;
2387;"P8";"2013";"0";"0";"0";"0";"0";"0";"0";"0";"0";"0";"0";"0";"0";"0";"";"";5.0E-6;-7.0E-6;
2388;"P8";"2012";"0";"0";"0";"0";"0";"0";"0";"0";"0";"0";"0";"0";"0";"0";"";"";5.0E-6;-7.0E-6;
2389;"P8";"2011";"0";"0";"0";"0";"0";"0";"0";"0";"0";"0";"0";"0";"0";"0";"";"";5.0E-6;-7.0E-6;
2390;"P8";"2010";"0";"0";"0";"0";"0";"0";"0";"0";"0";"0";"0";"0";"0";"0";"";"";5.0E-6;-7.0E-6;
2391;"P9";"2020";"20.5";"24.9";"23.2";"18";"15.9";"0";"0";"0";"0";"0";"0";"0";"0";"0";"";"";5.0E-6;-7.0E-6;
2392;"P9";"2019";"21.2";"0";"0";"0";"0";"0";"0";"0";"0";"0";"21";"21.5";"0";"0";"";"";5.0E-6;-7.0E-6;
2393;"P9";"2018";"0";"0";"0";"0";"0";"0";"0";"0";"0";"0";"0";"0";"0";"0";"";"";5.0E-6;-7.0E-6;
2394;"P9";"2017";"0";"0";"0";"0";"0";"0";"0";"0";"0";"0";"0";"0";"0";"0";"";"";5.0E-6;-7.0E-6;
2395;"P9";"2016";"0";"0";"0";"0";"0";"0";"0";"0";"0";"0";"0";"0";"0";"0";"";"";5.0E-6;-7.0E-6;
2396;"P9";"2015";"0";"0";"0";"0";"0";"0";"0";"0";"0";"0";"0";"0";"0";"0";"";"";5.0E-6;-7.0E-6;
2397;"P9";"2014";"0";"0";"0";"0";"0";"0";"0";"0";"0";"0";"0";"0";"0";"0";"";"";5.0E-6;-7.0E-6;
2398;"P9";"2013";"0";"0";"0";"0";"0";"0";"0";"0";"0";"0";"0";"0";"0";"0";"";"";5.0E-6;-7.0E-6;
2399;"P9";"2012";"0";"0";"0";"0";"0";"0";"0";"0";"0";"0";"0";"0";"0";"0";"";"";5.0E-6;-7.0E-6;
2400;"P9";"2011";"0";"0";"0";"0";"0";"0";"0";"0";"0";"0";"0";"0";"0";"0";"";"";5.0E-6;-7.0E-6;
2401;"P9";"2010";"0";"0";"0";"0";"0";"0";"0";"0";"0";"0";"0";"0";"0";"0";"";"";5.0E-6;-7.0E-6;
2402;"PBP";"2020";"26.5";"33.7";"28.2";"23.5";"20.6";"0";"0";"0";"0";"0";"0";"0";"0";"0";"";"";5.0E-6;-7.0E-6;
2403;"PBP";"2019";"32";"37.2";"40.1";"34.3";"30.9";"25.1";"28.3";"25";"32.3";"30";"30.1";"30.3";"36.9";"35";"";"";5.0E-6;-7.0E-6;
2404;"PBP";"2018";"35.8";"32.1";"39.7";"31.7";"40.3";"42.3";"32.8";"28";"35.7";"35.1";"36.3";"40.5";"37.4";"33.6";"";"";5.0E-6;-7.0E-6;
2405;"PBP";"2017";"39.4";"0";"0";"0";"0";"0";"0";"0";"0";"0";"0";"0";"0";"0";"";"";5.0E-6;-7.0E-6;
2406;"PBP";"2016";"37.2";"0";"0";"0";"0";"0";"0";"0";"0";"0";"0";"0";"0";"0";"";"";5.0E-6;-7.0E-6;
2407;"PBP";"2015";"37.4";"0";"0";"0";"0";"0";"0";"0";"0";"0";"0";"0";"0";"0";"";"";5.0E-6;-7.0E-6;
2408;"PBP";"2014";"39";"0";"0";"0";"0";"0";"0";"0";"0";"0";"0";"0";"0";"0";"";"";5.0E-6;-7.0E-6;
2409;"PBP";"2013";"38.3";"0";"0";"0";"0";"0";"0";"0";"0";"0";"0";"0";"0";"0";"";"";5.0E-6;-7.0E-6;
2410;"PBP";"2012";"41.7";"0";"0";"0";"0";"0";"0";"0";"0";"0";"0";"0";"0";"0";"";"";5.0E-6;-7.0E-6;
2411;"PBP";"2011";"40.6";"0";"0";"0";"0";"0";"0";"0";"0";"0";"0";"0";"0";"0";"";"";5.0E-6;-7.0E-6;
2412;"PBP";"2010";"42.9";"0";"0";"0";"0";"0";"0";"0";"0";"0";"0";"0";"0";"0";"";"";5.0E-6;-7.0E-6;
2413;"PKL45";"2020";"21.5";"26.1";"24.7";"18.7";"16.3";"0";"0";"0";"0";"0";"0";"0";"0";"0";"";"";5.0E-6;-7.0E-6;
2414;"PKL45";"2019";"23.7";"29.9";"34.3";"27.6";"23.7";"18.8";"15";"17.6";"19.2";"18.1";"27.3";"22.1";"28.7";"26.3";"";"";5.0E-6;-7.0E-6;
2415;"PKL45";"2018";"24.2";"24.5";"30.3";"24.6";"29.6";"21.7";"19.9";"13.3";"22.2";"20.6";"23.9";"29.6";"28.8";"25.7";"";"";5.0E-6;-7.0E-6;
2416;"PKL45";"2017";"28.1";"0";"0";"0";"0";"0";"0";"0";"0";"0";"0";"0";"0";"0";"";"";5.0E-6;-7.0E-6;
2417;"PKL45";"2016";"26.8";"0";"0";"0";"0";"0";"0";"0";"0";"0";"0";"0";"0";"0";"";"";5.0E-6;-7.0E-6;
2418;"PKL45";"2015";"27.2";"0";"0";"0";"0";"0";"0";"0";"0";"0";"0";"0";"0";"0";"";"";5.0E-6;-7.0E-6;
2419;"PKL45";"2014";"29.2";"0";"0";"0";"0";"0";"0";"0";"0";"0";"0";"0";"0";"0";"";"";5.0E-6;-7.0E-6;
2420;"PKL45";"2013";"29.7";"0";"0";"0";"0";"0";"0";"0";"0";"0";"0";"0";"0";"0";"";"";5.0E-6;-7.0E-6;
2421;"PKL45";"2012";"31.7";"0";"0";"0";"0";"0";"0";"0";"0";"0";"0";"0";"0";"0";"";"";5.0E-6;-7.0E-6;
2422;"PKL45";"2011";"32.2";"0";"0";"0";"0";"0";"0";"0";"0";"0";"0";"0";"0";"0";"";"";5.0E-6;-7.0E-6;
2423;"PKL45";"2010";"34";"0";"0";"0";"0";"0";"0";"0";"0";"0";"0";"0";"0";"0";"";"";5.0E-6;-7.0E-6;
2424;"PVDD67";"2020";"22.6";"28.6";"24.6";"18.9";"18.5";"0";"0";"0";"0";"0";"0";"0";"0";"0";"";"";5.0E-6;-7.0E-6;
2425;"PVDD67";"2019";"25.2";"31.3";"34.8";"24.8";"28.3";"19.5";"18.3";"18.2";"20.6";"20.5";"21.7";"24.2";"34.5";"30.8";"";"";5.0E-6;-7.0E-6;
2426;"PVDD67";"2018";"26.4";"24";"29.3";"29.7";"31.6";"26.7";"23.6";"17.3";"22.8";"21.1";"26";"31.6";"31.6";"28.3";"";"";5.0E-6;-7.0E-6;
2427;"PVDD67";"2017";"30.1";"0";"0";"0";"0";"0";"0";"0";"0";"0";"0";"0";"0";"0";"";"";5.0E-6;-7.0E-6;
2428;"PVDD67";"2016";"29.2";"0";"0";"0";"0";"0";"0";"0";"0";"0";"0";"0";"0";"0";"";"";5.0E-6;-7.0E-6;
2429;"PVDD67";"2015";"27.7";"0";"0";"0";"0";"0";"0";"0";"0";"0";"0";"0";"0";"0";"";"";5.0E-6;-7.0E-6;
2430;"PVDD67";"2014";"27.9";"0";"0";"0";"0";"0";"0";"0";"0";"0";"0";"0";"0";"0";"";"";5.0E-6;-7.0E-6;
2431;"PVDD67";"2013";"27.8";"0";"0";"0";"0";"0";"0";"0";"0";"0";"0";"0";"0";"0";"";"";5.0E-6;-7.0E-6;
2432;"PVDD67";"2012";"30.8";"0";"0";"0";"0";"0";"0";"0";"0";"0";"0";"0";"0";"0";"";"";5.0E-6;-7.0E-6;
2433;"PVDD67";"2011";"30.4";"0";"0";"0";"0";"0";"0";"0";"0";"0";"0";"0";"0";"0";"";"";5.0E-6;-7.0E-6;
2434;"PVDD67";"2010";"31";"0";"0";"0";"0";"0";"0";"0";"0";"0";"0";"0";"0";"0";"";"";5.0E-6;-7.0E-6;
2435;"PYTH120";"2020";"19.7";"23.3";"23.4";"16.4";"15.5";"0";"0";"0";"0";"0";"0";"0";"0";"0";"";"";5.0E-6;-7.0E-6;
2436;"PYTH120";"2019";"20.9";"28.4";"31.9";"25.7";"23.6";"13.9";"14.3";"12.9";"16.3";"14.9";"17.9";"18.7";"26.7";"26.5";"";"";5.0E-6;-7.0E-6;
2437;"PYTH120";"2018";"21";"22.3";"30.3";"22.5";"22.5";"0";"12.9";"10.7";"15.5";"17";"20.8";"25.7";"26.8";"24.8";"";"";5.0E-6;-7.0E-6;
2438;"PYTH120";"2017";"24.6";"0";"0";"0";"0";"0";"0";"0";"0";"0";"0";"0";"0";"0";"";"";5.0E-6;-7.0E-6;
2439;"PYTH120";"2016";"23.2";"0";"0";"0";"0";"0";"0";"0";"0";"0";"0";"0";"0";"0";"";"";5.0E-6;-7.0E-6;
2440;"PYTH120";"2015";"23.8";"0";"0";"0";"0";"0";"0";"0";"0";"0";"0";"0";"0";"0";"";"";5.0E-6;-7.0E-6;
2441;"PYTH120";"2014";"24.4";"0";"0";"0";"0";"0";"0";"0";"0";"0";"0";"0";"0";"0";"";"";5.0E-6;-7.0E-6;
2442;"PYTH120";"2013";"24.7";"0";"0";"0";"0";"0";"0";"0";"0";"0";"0";"0";"0";"0";"";"";5.0E-6;-7.0E-6;
2443;"PYTH120";"2012";"27.9";"0";"0";"0";"0";"0";"0";"0";"0";"0";"0";"0";"0";"0";"";"";5.0E-6;-7.0E-6;
2444;"PYTH120";"2011";"25.9";"0";"0";"0";"0";"0";"0";"0";"0";"0";"0";"0";"0";"0";"";"";5.0E-6;-7.0E-6;
2445;"PYTH120";"2010";"26.7";"0";"0";"0";"0";"0";"0";"0";"0";"0";"0";"0";"0";"0";"";"";5.0E-6;-7.0E-6;
2446;"RBS28";"2020";"23.9";"28.9";"27.4";"20.7";"18.6";"0";"0";"0";"0";"0";"0";"0";"0";"0";"";"";5.0E-6;-7.0E-6;
2447;"RBS28";"2019";"26.7";"34.3";"40.6";"31.4";"29.5";"21.6";"19.4";"19.9";"21.4";"21.4";"22";"23.8";"30.3";"31";"";"";5.0E-6;-7.0E-6;
2448;"RBS28";"2018";"30.1";"29.4";"35";"26.6";"36.8";"33.4";"27.9";"25.3";"0";"24.1";"31.1";"32.6";"29.7";"29.2";"";"";5.0E-6;-7.0E-6;
2449;"RBS28";"2017";"33.6";"0";"0";"0";"0";"0";"0";"0";"0";"0";"0";"0";"0";"0";"";"";5.0E-6;-7.0E-6;
2450;"RBS28";"2016";"31.9";"0";"0";"0";"0";"0";"0";"0";"0";"0";"0";"0";"0";"0";"";"";5.0E-6;-7.0E-6;
2451;"RBS28";"2015";"32.8";"0";"0";"0";"0";"0";"0";"0";"0";"0";"0";"0";"0";"0";"";"";5.0E-6;-7.0E-6;
2452;"RBS28";"2014";"31.3";"0";"0";"0";"0";"0";"0";"0";"0";"0";"0";"0";"0";"0";"";"";5.0E-6;-7.0E-6;
2453;"RBS28";"2013";"31.6";"0";"0";"0";"0";"0";"0";"0";"0";"0";"0";"0";"0";"0";"";"";5.0E-6;-7.0E-6;
2454;"RBS28";"2012";"33.2";"0";"0";"0";"0";"0";"0";"0";"0";"0";"0";"0";"0";"0";"";"";5.0E-6;-7.0E-6;
2455;"RBS28";"2011";"33.9";"0";"0";"0";"0";"0";"0";"0";"0";"0";"0";"0";"0";"0";"";"";5.0E-6;-7.0E-6;
2456;"RBS28";"2010";"35.2";"0";"0";"0";"0";"0";"0";"0";"0";"0";"0";"0";"0";"0";"";"";5.0E-6;-7.0E-6;
2457;"RIJN31";"2020";"23.8";"26.9";"0";"20.5";"24";"0";"0";"0";"0";"0";"0";"0";"0";"0";"";"";5.0E-6;-7.0E-6;
2458;"RIJN31";"2019";"30";"32.3";"35.8";"31.6";"34.3";"27.5";"23.7";"24.2";"29.9";"28.7";"0";"26.5";"34.4";"31.2";"";"";5.0E-6;-7.0E-6;
2459;"RIJN31";"2018";"32.1";"29.4";"35";"36.9";"42.9";"36.7";"32.2";"22.7";"29";"26.1";"31.1";"33.6";"31.6";"30.1";"";"";5.0E-6;-7.0E-6;
2460;"RIJN31";"2017";"34.9";"0";"0";"0";"0";"0";"0";"0";"0";"0";"0";"0";"0";"0";"";"";5.0E-6;-7.0E-6;
2461;"RIJN31";"2016";"36.7";"0";"0";"0";"0";"0";"0";"0";"0";"0";"0";"0";"0";"0";"";"";5.0E-6;-7.0E-6;
2462;"RIJN31";"2015";"34.9";"0";"0";"0";"0";"0";"0";"0";"0";"0";"0";"0";"0";"0";"";"";5.0E-6;-7.0E-6;
2463;"RIJN31";"2014";"38.3";"0";"0";"0";"0";"0";"0";"0";"0";"0";"0";"0";"0";"0";"";"";5.0E-6;-7.0E-6;
2464;"RIJN31";"2013";"42.8";"0";"0";"0";"0";"0";"0";"0";"0";"0";"0";"0";"0";"0";"";"";5.0E-6;-7.0E-6;
2465;"RIJN31";"2012";"47.6";"0";"0";"0";"0";"0";"0";"0";"0";"0";"0";"0";"0";"0";"";"";5.0E-6;-7.0E-6;
2466;"RIJN31";"2011";"41.1";"0";"0";"0";"0";"0";"0";"0";"0";"0";"0";"0";"0";"0";"";"";5.0E-6;-7.0E-6;
2467;"RIJN31";"2010";"41.7";"0";"0";"0";"0";"0";"0";"0";"0";"0";"0";"0";"0";"0";"";"";5.0E-6;-7.0E-6;
2468;"RS91";"2020";"20.4";"23.3";"23";"17.3";"18.1";"0";"0";"0";"0";"0";"0";"0";"0";"0";"";"";5.0E-6;-7.0E-6;
2469;"RS91";"2019";"22.3";"29.4";"31.9";"26.9";"24.4";"18.6";"15.1";"15.6";"17.2";"16.2";"20.5";"19.7";"28.3";"26";"";"";5.0E-6;-7.0E-6;
2470;"RS91";"2018";"23";"24";"29.3";"23.5";"28.6";"21.1";"16.1";"12";"19.7";"18";"23.9";"30.6";"27.8";"23.9";"";"";5.0E-6;-7.0E-6;
2471;"RS91";"2017";"23";"0";"0";"0";"0";"0";"0";"0";"0";"0";"0";"0";"0";"0";"";"";5.0E-6;-7.0E-6;
2472;"RS91";"2016";"25.8";"0";"0";"0";"0";"0";"0";"0";"0";"0";"0";"0";"0";"0";"";"";5.0E-6;-7.0E-6;
2473;"RS91";"2015";"25.3";"0";"0";"0";"0";"0";"0";"0";"0";"0";"0";"0";"0";"0";"";"";5.0E-6;-7.0E-6;
2474;"RS91";"2014";"26.3";"0";"0";"0";"0";"0";"0";"0";"0";"0";"0";"0";"0";"0";"";"";5.0E-6;-7.0E-6;
2475;"RS91";"2013";"26";"0";"0";"0";"0";"0";"0";"0";"0";"0";"0";"0";"0";"0";"";"";5.0E-6;-7.0E-6;
2476;"RS91";"2012";"28.6";"0";"0";"0";"0";"0";"0";"0";"0";"0";"0";"0";"0";"0";"";"";5.0E-6;-7.0E-6;
2477;"RS91";"2011";"29.9";"0";"0";"0";"0";"0";"0";"0";"0";"0";"0";"0";"0";"0";"";"";5.0E-6;-7.0E-6;
2478;"RS91";"2010";"26.7";"0";"0";"0";"0";"0";"0";"0";"0";"0";"0";"0";"0";"0";"";"";5.0E-6;-7.0E-6;
2479;"RTK5";"2020";"28.4";"33.5";"29.5";"25.7";"24.9";"0";"0";"0";"0";"0";"0";"0";"0";"0";"";"";5.0E-6;-7.0E-6;
2480;"RTK5";"2019";"36";"35.2";"42.5";"37.5";"47.4";"41.4";"25.2";"32.7";"38.5";"36.4";"19.2";"34.4";"40.3";"37.2";"";"";5.0E-6;-7.0E-6;
2481;"RTK5";"2018";"43.3";"0";"0";"0";"47";"51.1";"78.4";"25.3";"38.3";"37.1";"38.4";"42.4";"41.2";"33.6";"";"";5.0E-6;-7.0E-6;
2482;"RTK5";"2017";"0";"0";"0";"0";"0";"0";"0";"0";"0";"0";"0";"0";"0";"0";"";"";5.0E-6;-7.0E-6;
2483;"RTK5";"2016";"40.7";"0";"0";"0";"0";"0";"0";"0";"0";"0";"0";"0";"0";"0";"";"";5.0E-6;-7.0E-6;
2484;"RTK5";"2015";"40.7";"0";"0";"0";"0";"0";"0";"0";"0";"0";"0";"0";"0";"0";"";"";5.0E-6;-7.0E-6;
2485;"RTK5";"2014";"43.4";"0";"0";"0";"0";"0";"0";"0";"0";"0";"0";"0";"0";"0";"";"";5.0E-6;-7.0E-6;
2486;"RTK5";"2013";"42.5";"0";"0";"0";"0";"0";"0";"0";"0";"0";"0";"0";"0";"0";"";"";5.0E-6;-7.0E-6;
2487;"RTK5";"2012";"45";"0";"0";"0";"0";"0";"0";"0";"0";"0";"0";"0";"0";"0";"";"";5.0E-6;-7.0E-6;
2488;"RTK5";"2011";"46.5";"0";"0";"0";"0";"0";"0";"0";"0";"0";"0";"0";"0";"0";"";"";5.0E-6;-7.0E-6;
2489;"RTK5";"2010";"45.4";"0";"0";"0";"0";"0";"0";"0";"0";"0";"0";"0";"0";"0";"";"";5.0E-6;-7.0E-6;
2490;"SATB/GB";"2020";"0";"0";"0";"0";"0";"0";"0";"0";"0";"0";"0";"0";"0";"0";"";"";5.0E-6;-7.0E-6;
2491;"SATB/GB";"2019";"0";"0";"0";"0";"0";"0";"0";"0";"0";"0";"0";"0";"0";"0";"";"";5.0E-6;-7.0E-6;
2492;"SATB/GB";"2018";"0";"0";"0";"0";"0";"0";"0";"0";"0";"0";"0";"0";"0";"0";"";"";5.0E-6;-7.0E-6;
2493;"SATB/GB";"2017";"26.3";"0";"0";"0";"0";"0";"0";"0";"0";"0";"0";"0";"0";"0";"";"";5.0E-6;-7.0E-6;
2494;"SATB/GB";"2016";"26.4";"0";"0";"0";"0";"0";"0";"0";"0";"0";"0";"0";"0";"0";"";"";5.0E-6;-7.0E-6;
2495;"SATB/GB";"2015";"26.5";"0";"0";"0";"0";"0";"0";"0";"0";"0";"0";"0";"0";"0";"";"";5.0E-6;-7.0E-6;
2496;"SATB/GB";"2014";"27.9";"0";"0";"0";"0";"0";"0";"0";"0";"0";"0";"0";"0";"0";"";"";5.0E-6;-7.0E-6;
2497;"SATB/GB";"2013";"27.4";"0";"0";"0";"0";"0";"0";"0";"0";"0";"0";"0";"0";"0";"";"";5.0E-6;-7.0E-6;
2498;"SATB/GB";"2012";"29.1";"0";"0";"0";"0";"0";"0";"0";"0";"0";"0";"0";"0";"0";"";"";5.0E-6;-7.0E-6;
2499;"SATB/GB";"2011";"32.7";"0";"0";"0";"0";"0";"0";"0";"0";"0";"0";"0";"0";"0";"";"";5.0E-6;-7.0E-6;
2500;"SATB/GB";"2010";"0";"0";"0";"0";"0";"0";"0";"0";"0";"0";"0";"0";"0";"0";"";"";5.0E-6;-7.0E-6;
2501;"SB28674";"2020";"23.7";"28.2";"0";"0";"19.2";"0";"0";"0";"0";"0";"0";"0";"0";"0";"";"";5.0E-6;-7.0E-6;
2502;"SB28674";"2019";"27";"33.3";"35.8";"28.6";"24.2";"20.1";"0";"0";"0";"15.5";"25.3";"23.3";"33.3";"30.5";"";"";5.0E-6;-7.0E-6;
2503;"SB28674";"2018";"28.5";"27.6";"29.3";"29.7";"36.8";"30";"23.6";"16";"0";"23.1";"30.1";"34.5";"31.6";"29.2";"";"";5.0E-6;-7.0E-6;
2504;"SB28674";"2017";"29.2";"0";"0";"0";"0";"0";"0";"0";"0";"0";"0";"0";"0";"0";"";"";5.0E-6;-7.0E-6;
2505;"SB28674";"2016";"29.4";"0";"0";"0";"0";"0";"0";"0";"0";"0";"0";"0";"0";"0";"";"";5.0E-6;-7.0E-6;
2506;"SB28674";"2015";"29.9";"0";"0";"0";"0";"0";"0";"0";"0";"0";"0";"0";"0";"0";"";"";5.0E-6;-7.0E-6;
2507;"SB28674";"2014";"29.4";"0";"0";"0";"0";"0";"0";"0";"0";"0";"0";"0";"0";"0";"";"";5.0E-6;-7.0E-6;
2508;"SB28674";"2013";"29.5";"0";"0";"0";"0";"0";"0";"0";"0";"0";"0";"0";"0";"0";"";"";5.0E-6;-7.0E-6;
2509;"SB28674";"2012";"0";"0";"0";"0";"0";"0";"0";"0";"0";"0";"0";"0";"0";"0";"";"";5.0E-6;-7.0E-6;
2510;"SB28674";"2011";"0";"0";"0";"0";"0";"0";"0";"0";"0";"0";"0";"0";"0";"0";"";"";5.0E-6;-7.0E-6;
2511;"SB28674";"2010";"0";"0";"0";"0";"0";"0";"0";"0";"0";"0";"0";"0";"0";"0";"";"";5.0E-6;-7.0E-6;
2512;"SPD165";"2020";"0";"0";"0";"0";"0";"0";"0";"0";"0";"0";"0";"0";"0";"0";"";"";5.0E-6;-7.0E-6;
2513;"SPD165";"2019";"32.4";"37.7";"40.6";"34.8";"34";"28";"26";"29.3";"32.2";"30.1";"32.4";"28.6";"35.9";"32";"";"";5.0E-6;-7.0E-6;
2514;"SPD165";"2018";"33.3";"35.6";"41.6";"30.2";"34.7";"38.9";"31.7";"24.7";"31";"28.6";"35.3";"37";"32.6";"31.4";"";"";5.0E-6;-7.0E-6;
2515;"SPD165";"2017";"51.2";"0";"0";"0";"0";"0";"0";"0";"0";"0";"0";"0";"0";"0";"";"";5.0E-6;-7.0E-6;
2516;"SPD165";"2016";"49.2";"0";"0";"0";"0";"0";"0";"0";"0";"0";"0";"0";"0";"0";"";"";5.0E-6;-7.0E-6;
2517;"SPD165";"2015";"0";"0";"0";"0";"0";"0";"0";"0";"0";"0";"0";"0";"0";"0";"";"";5.0E-6;-7.0E-6;
2518;"SPD165";"2014";"0";"0";"0";"0";"0";"0";"0";"0";"0";"0";"0";"0";"0";"0";"";"";5.0E-6;-7.0E-6;
2519;"SPD165";"2013";"0";"0";"0";"0";"0";"0";"0";"0";"0";"0";"0";"0";"0";"0";"";"";5.0E-6;-7.0E-6;
2520;"SPD165";"2012";"0";"0";"0";"0";"0";"0";"0";"0";"0";"0";"0";"0";"0";"0";"";"";5.0E-6;-7.0E-6;
2521;"SPD165";"2011";"0";"0";"0";"0";"0";"0";"0";"0";"0";"0";"0";"0";"0";"0";"";"";5.0E-6;-7.0E-6;
2522;"SPD165";"2010";"0";"0";"0";"0";"0";"0";"0";"0";"0";"0";"0";"0";"0";"0";"";"";5.0E-6;-7.0E-6;
2523;"SPD29";"2020";"30.6";"32.3";"31.5";"27.9";"0";"0";"0";"0";"0";"0";"0";"0";"0";"0";"";"";5.0E-6;-7.0E-6;
2524;"SPD29";"2019";"31.5";"37.2";"40.6";"37.3";"32.7";"26.3";"0";"24.6";"29.8";"27.7";"27.4";"26.6";"33.8";"33.7";"";"";5.0E-6;-7.0E-6;
2525;"SPD29";"2018";"29.8";"34.7";"40.7";"28.7";"31.6";"0";"0";"13.3";"25.9";"24.1";"31.1";"35.5";"31.6";"31";"";"";5.0E-6;-7.0E-6;
2526;"SPD29";"2017";"44.4";"0";"0";"0";"0";"0";"0";"0";"0";"0";"0";"0";"0";"0";"";"";5.0E-6;-7.0E-6;
2527;"SPD29";"2016";"0";"0";"0";"0";"0";"0";"0";"0";"0";"0";"0";"0";"0";"0";"";"";5.0E-6;-7.0E-6;
2528;"SPD29";"2015";"0";"0";"0";"0";"0";"0";"0";"0";"0";"0";"0";"0";"0";"0";"";"";5.0E-6;-7.0E-6;
2529;"SPD29";"2014";"38.8";"0";"0";"0";"0";"0";"0";"0";"0";"0";"0";"0";"0";"0";"";"";5.0E-6;-7.0E-6;
2530;"SPD29";"2013";"38";"0";"0";"0";"0";"0";"0";"0";"0";"0";"0";"0";"0";"0";"";"";5.0E-6;-7.0E-6;
2531;"SPD29";"2012";"41.5";"0";"0";"0";"0";"0";"0";"0";"0";"0";"0";"0";"0";"0";"";"";5.0E-6;-7.0E-6;
2532;"SPD29";"2011";"43.3";"0";"0";"0";"0";"0";"0";"0";"0";"0";"0";"0";"0";"0";"";"";5.0E-6;-7.0E-6;
2533;"SPD29";"2010";"0";"0";"0";"0";"0";"0";"0";"0";"0";"0";"0";"0";"0";"0";"";"";5.0E-6;-7.0E-6;
2534;"SPD53";"2020";"25.9";"30.6";"27.1";"23.6";"22.4";"0";"0";"0";"0";"0";"0";"0";"0";"0";"";"";5.0E-6;-7.0E-6;
2535;"SPD53";"2019";"30.7";"37.2";"39.6";"33.5";"33.4";"26.5";"22.6";"25.9";"29.3";"26.1";"28";"25.9";"35.8";"34.9";"";"";5.0E-6;-7.0E-6;
2536;"SPD53";"2018";"31.4";"32.5";"40.2";"29.7";"40.3";"32.8";"27.9";"18.7";"31";"26.1";"30.1";"35";"32.6";"31.4";"";"";5.0E-6;-7.0E-6;
2537;"SPD53";"2017";"43.1";"0";"0";"0";"0";"0";"0";"0";"0";"0";"0";"0";"0";"0";"";"";5.0E-6;-7.0E-6;
2538;"SPD53";"2016";"0";"0";"0";"0";"0";"0";"0";"0";"0";"0";"0";"0";"0";"0";"";"";5.0E-6;-7.0E-6;
2539;"SPD53";"2015";"0";"0";"0";"0";"0";"0";"0";"0";"0";"0";"0";"0";"0";"0";"";"";5.0E-6;-7.0E-6;
2540;"SPD53";"2014";"40.5";"0";"0";"0";"0";"0";"0";"0";"0";"0";"0";"0";"0";"0";"";"";5.0E-6;-7.0E-6;
2541;"SPD53";"2013";"38.4";"0";"0";"0";"0";"0";"0";"0";"0";"0";"0";"0";"0";"0";"";"";5.0E-6;-7.0E-6;
2542;"SPD53";"2012";"43.5";"0";"0";"0";"0";"0";"0";"0";"0";"0";"0";"0";"0";"0";"";"";5.0E-6;-7.0E-6;
2543;"SPD53";"2011";"44.1";"0";"0";"0";"0";"0";"0";"0";"0";"0";"0";"0";"0";"0";"";"";5.0E-6;-7.0E-6;
2544;"SPD53";"2010";"0";"0";"0";"0";"0";"0";"0";"0";"0";"0";"0";"0";"0";"0";"";"";5.0E-6;-7.0E-6;
2545;"SPUI250";"2020";"20";"25.6";"21.3";"18.2";"15";"0";"0";"0";"0";"0";"0";"0";"0";"0";"";"";5.0E-6;-7.0E-6;
2546;"SPUI250";"2019";"24.4";"31.3";"31.9";"26.7";"26.7";"22.3";"19";"18.4";"20.3";"22.1";"21.1";"22.8";"29.8";"25.3";"";"";5.0E-6;-7.0E-6;
2547;"SPUI250";"2018";"27.3";"24.9";"32.1";"22.5";"30.6";"31.1";"25.8";"21.3";"27.9";"25.1";"28";"30.6";"28.8";"26.5";"";"";5.0E-6;-7.0E-6;
2548;"SPUI250";"2017";"31.3";"0";"0";"0";"0";"0";"0";"0";"0";"0";"0";"0";"0";"0";"";"";5.0E-6;-7.0E-6;
2549;"SPUI250";"2016";"31.5";"0";"0";"0";"0";"0";"0";"0";"0";"0";"0";"0";"0";"0";"";"";5.0E-6;-7.0E-6;
2550;"SPUI250";"2015";"32.2";"0";"0";"0";"0";"0";"0";"0";"0";"0";"0";"0";"0";"0";"";"";5.0E-6;-7.0E-6;
2551;"SPUI250";"2014";"34.4";"0";"0";"0";"0";"0";"0";"0";"0";"0";"0";"0";"0";"0";"";"";5.0E-6;-7.0E-6;
2552;"SPUI250";"2013";"34.8";"0";"0";"0";"0";"0";"0";"0";"0";"0";"0";"0";"0";"0";"";"";5.0E-6;-7.0E-6;
2553;"SPUI250";"2012";"0";"0";"0";"0";"0";"0";"0";"0";"0";"0";"0";"0";"0";"0";"";"";5.0E-6;-7.0E-6;
2554;"SPUI250";"2011";"0";"0";"0";"0";"0";"0";"0";"0";"0";"0";"0";"0";"0";"0";"";"";5.0E-6;-7.0E-6;
2555;"SPUI250";"2010";"0";"0";"0";"0";"0";"0";"0";"0";"0";"0";"0";"0";"0";"0";"";"";5.0E-6;-7.0E-6;
2556;"SPUI29";"2020";"28.6";"36";"29.3";"24.6";"24.3";"0";"0";"0";"0";"0";"0";"0";"0";"0";"";"";5.0E-6;-7.0E-6;
2557;"SPUI29";"2019";"32.9";"38.2";"44.5";"34";"40.2";"32.6";"26.1";"26.7";"26.9";"28.9";"28";"29";"36.2";"36.1";"";"";5.0E-6;-7.0E-6;
2558;"SPUI29";"2018";"37.2";"30.3";"44.4";"42";"40.8";"43.4";"36.5";"33.3";"36.2";"30.1";"32.2";"38.5";"40.3";"35.4";"";"";5.0E-6;-7.0E-6;
2559;"SPUI29";"2017";"39.6";"0";"0";"0";"0";"0";"0";"0";"0";"0";"0";"0";"0";"0";"";"";5.0E-6;-7.0E-6;
2560;"SPUI29";"2016";"41.1";"0";"0";"0";"0";"0";"0";"0";"0";"0";"0";"0";"0";"0";"";"";5.0E-6;-7.0E-6;
2561;"SPUI29";"2015";"38.1";"0";"0";"0";"0";"0";"0";"0";"0";"0";"0";"0";"0";"0";"";"";5.0E-6;-7.0E-6;
2562;"SPUI29";"2014";"41.3";"0";"0";"0";"0";"0";"0";"0";"0";"0";"0";"0";"0";"0";"";"";5.0E-6;-7.0E-6;
2563;"SPUI29";"2013";"42.5";"0";"0";"0";"0";"0";"0";"0";"0";"0";"0";"0";"0";"0";"";"";5.0E-6;-7.0E-6;
2564;"SPUI29";"2012";"42.8";"0";"0";"0";"0";"0";"0";"0";"0";"0";"0";"0";"0";"0";"";"";5.0E-6;-7.0E-6;
2565;"SPUI29";"2011";"43.4";"0";"0";"0";"0";"0";"0";"0";"0";"0";"0";"0";"0";"0";"";"";5.0E-6;-7.0E-6;
2566;"SPUI29";"2010";"48.2";"0";"0";"0";"0";"0";"0";"0";"0";"0";"0";"0";"0";"0";"";"";5.0E-6;-7.0E-6;
2567;"STDK115";"2020";"32.9";"38";"36.1";"32.4";"25";"0";"0";"0";"0";"0";"0";"0";"0";"0";"";"";5.0E-6;-7.0E-6;
2568;"STDK115";"2019";"42.3";"43.1";"48.3";"45.3";"48.3";"38.6";"0";"37.7";"41.3";"42.2";"38.7";"35.8";"46.4";"41.6";"";"";5.0E-6;-7.0E-6;
2569;"STDK115";"2018";"45.3";"39.6";"49.2";"46.6";"51";"58.9";"45.1";"33.3";"39.3";"42.6";"47.2";"54.8";"42.2";"39.4";"";"";5.0E-6;-7.0E-6;
2570;"STDK115";"2017";"48.8";"0";"0";"0";"0";"0";"0";"0";"0";"0";"0";"0";"0";"0";"";"";5.0E-6;-7.0E-6;
2571;"STDK115";"2016";"47.7";"0";"0";"0";"0";"0";"0";"0";"0";"0";"0";"0";"0";"0";"";"";5.0E-6;-7.0E-6;
2572;"STDK115";"2015";"45.1";"0";"0";"0";"0";"0";"0";"0";"0";"0";"0";"0";"0";"0";"";"";5.0E-6;-7.0E-6;
2573;"STDK115";"2014";"47";"0";"0";"0";"0";"0";"0";"0";"0";"0";"0";"0";"0";"0";"";"";5.0E-6;-7.0E-6;
2574;"STDK115";"2013";"45.3";"0";"0";"0";"0";"0";"0";"0";"0";"0";"0";"0";"0";"0";"";"";5.0E-6;-7.0E-6;
2575;"STDK115";"2012";"47";"0";"0";"0";"0";"0";"0";"0";"0";"0";"0";"0";"0";"0";"";"";5.0E-6;-7.0E-6;
2576;"STDK115";"2011";"47.5";"0";"0";"0";"0";"0";"0";"0";"0";"0";"0";"0";"0";"0";"";"";5.0E-6;-7.0E-6;
2577;"STDK115";"2010";"48.1";"0";"0";"0";"0";"0";"0";"0";"0";"0";"0";"0";"0";"0";"";"";5.0E-6;-7.0E-6;
2578;"STDK137";"2020";"31.2";"35.8";"33.1";"31.6";"24.6";"0";"0";"0";"0";"0";"0";"0";"0";"0";"";"";5.0E-6;-7.0E-6;
2579;"STDK137";"2019";"40";"43.1";"46.4";"43.8";"44.1";"37.1";"34.4";"35.2";"44.8";"42";"38.8";"36";"37.7";"36.9";"";"";5.0E-6;-7.0E-6;
2580;"STDK137";"2018";"41.9";"35.6";"43.5";"33.8";"43.9";"55.6";"45.1";"36";"45.5";"44.1";"43.6";"45.4";"38.3";"34.5";"";"";5.0E-6;-7.0E-6;
2581;"STDK137";"2017";"46.3";"0";"0";"0";"0";"0";"0";"0";"0";"0";"0";"0";"0";"0";"";"";5.0E-6;-7.0E-6;
2582;"STDK137";"2016";"45.8";"0";"0";"0";"0";"0";"0";"0";"0";"0";"0";"0";"0";"0";"";"";5.0E-6;-7.0E-6;
2583;"STDK137";"2015";"43";"0";"0";"0";"0";"0";"0";"0";"0";"0";"0";"0";"0";"0";"";"";5.0E-6;-7.0E-6;
2584;"STDK137";"2014";"41";"0";"0";"0";"0";"0";"0";"0";"0";"0";"0";"0";"0";"0";"";"";5.0E-6;-7.0E-6;
2585;"STDK137";"2013";"38.9";"0";"0";"0";"0";"0";"0";"0";"0";"0";"0";"0";"0";"0";"";"";5.0E-6;-7.0E-6;
2586;"STDK137";"2012";"42.8";"0";"0";"0";"0";"0";"0";"0";"0";"0";"0";"0";"0";"0";"";"";5.0E-6;-7.0E-6;
2587;"STDK137";"2011";"45.4";"0";"0";"0";"0";"0";"0";"0";"0";"0";"0";"0";"0";"0";"";"";5.0E-6;-7.0E-6;
2588;"STDK137";"2010";"42.3";"0";"0";"0";"0";"0";"0";"0";"0";"0";"0";"0";"0";"0";"";"";5.0E-6;-7.0E-6;
2589;"STDK156";"2020";"32.2";"37.7";"35.3";"30.8";"24.8";"0";"0";"0";"0";"0";"0";"0";"0";"0";"";"";5.0E-6;-7.0E-6;
2590;"STDK156";"2019";"38.9";"36.2";"45.4";"40.8";"42";"36";"33.7";"33.7";"43.4";"38.7";"35.5";"35.9";"43.5";"41.3";"";"";5.0E-6;-7.0E-6;
2591;"STDK156";"2018";"39.7";"32.9";"44.4";"37.9";"44.9";"52.3";"37.6";"26.7";"38.3";"35.1";"40.5";"47.4";"43.1";"34.5";"";"";5.0E-6;-7.0E-6;
2592;"STDK156";"2017";"43.6";"0";"0";"0";"0";"0";"0";"0";"0";"0";"0";"0";"0";"0";"";"";5.0E-6;-7.0E-6;
2593;"STDK156";"2016";"44.5";"0";"0";"0";"0";"0";"0";"0";"0";"0";"0";"0";"0";"0";"";"";5.0E-6;-7.0E-6;
2594;"STDK156";"2015";"39.3";"0";"0";"0";"0";"0";"0";"0";"0";"0";"0";"0";"0";"0";"";"";5.0E-6;-7.0E-6;
2595;"STDK156";"2014";"44.3";"0";"0";"0";"0";"0";"0";"0";"0";"0";"0";"0";"0";"0";"";"";5.0E-6;-7.0E-6;
2596;"STDK156";"2013";"38.7";"0";"0";"0";"0";"0";"0";"0";"0";"0";"0";"0";"0";"0";"";"";5.0E-6;-7.0E-6;
2597;"STDK156";"2012";"42.2";"0";"0";"0";"0";"0";"0";"0";"0";"0";"0";"0";"0";"0";"";"";5.0E-6;-7.0E-6;
2598;"STDK156";"2011";"43.8";"0";"0";"0";"0";"0";"0";"0";"0";"0";"0";"0";"0";"0";"";"";5.0E-6;-7.0E-6;
2599;"STDK156";"2010";"44.1";"0";"0";"0";"0";"0";"0";"0";"0";"0";"0";"0";"0";"0";"";"";5.0E-6;-7.0E-6;
2600;"STDK30";"2020";"31.6";"39.1";"34.1";"33.8";"19.2";"0";"0";"0";"0";"0";"0";"0";"0";"0";"";"";5.0E-6;-7.0E-6;
2601;"STDK30";"2019";"40.5";"47";"44.5";"45.4";"40.2";"32.8";"36.6";"36.7";"41.4";"39.3";"37.6";"0";"40.8";"43.2";"";"";5.0E-6;-7.0E-6;
2602;"STDK30";"2018";"42.2";"43.6";"43.5";"36.9";"45.9";"47.8";"33.3";"30.7";"41.4";"44.1";"51.9";"50.3";"38.3";"40.7";"";"";5.0E-6;-7.0E-6;
2603;"STDK30";"2017";"51.8";"0";"0";"0";"0";"0";"0";"0";"0";"0";"0";"0";"0";"0";"";"";5.0E-6;-7.0E-6;
2604;"STDK30";"2016";"48.8";"0";"0";"0";"0";"0";"0";"0";"0";"0";"0";"0";"0";"0";"";"";5.0E-6;-7.0E-6;
2605;"STDK30";"2015";"49.4";"0";"0";"0";"0";"0";"0";"0";"0";"0";"0";"0";"0";"0";"";"";5.0E-6;-7.0E-6;
2606;"STDK30";"2014";"49.4";"0";"0";"0";"0";"0";"0";"0";"0";"0";"0";"0";"0";"0";"";"";5.0E-6;-7.0E-6;
2607;"STDK30";"2013";"48.8";"0";"0";"0";"0";"0";"0";"0";"0";"0";"0";"0";"0";"0";"";"";5.0E-6;-7.0E-6;
2608;"STDK30";"2012";"53.2";"0";"0";"0";"0";"0";"0";"0";"0";"0";"0";"0";"0";"0";"";"";5.0E-6;-7.0E-6;
2609;"STDK30";"2011";"54.6";"0";"0";"0";"0";"0";"0";"0";"0";"0";"0";"0";"0";"0";"";"";5.0E-6;-7.0E-6;
2610;"STDK30";"2010";"51.5";"0";"0";"0";"0";"0";"0";"0";"0";"0";"0";"0";"0";"0";"";"";5.0E-6;-7.0E-6;
2611;"STDK55";"2020";"36.2";"42.5";"42.2";"36.9";"23.3";"0";"0";"0";"0";"0";"0";"0";"0";"0";"";"";5.0E-6;-7.0E-6;
2612;"STDK55";"2019";"44.7";"49.9";"49.3";"48.9";"46.9";"44.4";"36.6";"43.5";"45.3";"39.3";"43.3";"38.6";"49.9";"45.6";"";"";5.0E-6;-7.0E-6;
2613;"STDK55";"2018";"47.6";"44.5";"52.9";"42";"58.2";"64.5";"40.8";"30.7";"46.6";"46.1";"54";"50.3";"45";"43.4";"";"";5.0E-6;-7.0E-6;
2614;"STDK55";"2017";"54.5";"0";"0";"0";"0";"0";"0";"0";"0";"0";"0";"0";"0";"0";"";"";5.0E-6;-7.0E-6;
2615;"STDK55";"2016";"54.4";"0";"0";"0";"0";"0";"0";"0";"0";"0";"0";"0";"0";"0";"";"";5.0E-6;-7.0E-6;
2616;"STDK55";"2015";"53.8";"0";"0";"0";"0";"0";"0";"0";"0";"0";"0";"0";"0";"0";"";"";5.0E-6;-7.0E-6;
2617;"STDK55";"2014";"54.8";"0";"0";"0";"0";"0";"0";"0";"0";"0";"0";"0";"0";"0";"";"";5.0E-6;-7.0E-6;
2618;"STDK55";"2013";"52.9";"0";"0";"0";"0";"0";"0";"0";"0";"0";"0";"0";"0";"0";"";"";5.0E-6;-7.0E-6;
2619;"STDK55";"2012";"58.5";"0";"0";"0";"0";"0";"0";"0";"0";"0";"0";"0";"0";"0";"";"";5.0E-6;-7.0E-6;
2620;"STDK55";"2011";"59.1";"0";"0";"0";"0";"0";"0";"0";"0";"0";"0";"0";"0";"0";"";"";5.0E-6;-7.0E-6;
2621;"STDK55";"2010";"53.9";"0";"0";"0";"0";"0";"0";"0";"0";"0";"0";"0";"0";"0";"";"";5.0E-6;-7.0E-6;
2622;"STDK58";"2020";"34.1";"40.9";"38.5";"35.1";"21.8";"0";"0";"0";"0";"0";"0";"0";"0";"0";"";"";5.0E-6;-7.0E-6;
2623;"STDK58";"2019";"43.6";"49";"47.3";"49.1";"43.4";"0";"38.9";"40.2";"44.8";"42.2";"42.6";"38.1";"43";"43.9";"";"";5.0E-6;-7.0E-6;
2624;"STDK58";"2018";"45.6";"40.1";"42.5";"38.9";"52.1";"63.4";"41.9";"36";"48.6";"45.1";"50.9";"51.3";"40.3";"41.6";"";"";5.0E-6;-7.0E-6;
2625;"STDK58";"2017";"53.4";"0";"0";"0";"0";"0";"0";"0";"0";"0";"0";"0";"0";"0";"";"";5.0E-6;-7.0E-6;
2626;"STDK58";"2016";"51.2";"0";"0";"0";"0";"0";"0";"0";"0";"0";"0";"0";"0";"0";"";"";5.0E-6;-7.0E-6;
2627;"STDK58";"2015";"0";"0";"0";"0";"0";"0";"0";"0";"0";"0";"0";"0";"0";"0";"";"";5.0E-6;-7.0E-6;
2628;"STDK58";"2014";"0";"0";"0";"0";"0";"0";"0";"0";"0";"0";"0";"0";"0";"0";"";"";5.0E-6;-7.0E-6;
2629;"STDK58";"2013";"0";"0";"0";"0";"0";"0";"0";"0";"0";"0";"0";"0";"0";"0";"";"";5.0E-6;-7.0E-6;
2630;"STDK58";"2012";"0";"0";"0";"0";"0";"0";"0";"0";"0";"0";"0";"0";"0";"0";"";"";5.0E-6;-7.0E-6;
2631;"STDK58";"2011";"0";"0";"0";"0";"0";"0";"0";"0";"0";"0";"0";"0";"0";"0";"";"";5.0E-6;-7.0E-6;
2632;"STDK58";"2010";"0";"0";"0";"0";"0";"0";"0";"0";"0";"0";"0";"0";"0";"0";"";"";5.0E-6;-7.0E-6;
2633;"SUM1369/W";"2020";"23.2";"30";"26.5";"16.6";"19.7";"0";"0";"0";"0";"0";"0";"0";"0";"0";"";"";5.0E-6;-7.0E-6;
2634;"SUM1369/W";"2019";"26.8";"0";"37.7";"31.4";"28.6";"22.6";"17.8";"17.5";"27.3";"25.7";"25.8";"25.6";"33.6";"28.5";"";"";5.0E-6;-7.0E-6;
2635;"SUM1369/W";"2018";"31";"29.4";"35";"29.7";"38.8";"38.9";"23.6";"17.3";"29";"24.1";"31.1";"34.5";"39.3";"31.9";"";"";5.0E-6;-7.0E-6;
2636;"SUM1369/W";"2017";"31.8";"0";"0";"0";"0";"0";"0";"0";"0";"0";"0";"0";"0";"0";"";"";5.0E-6;-7.0E-6;
2637;"SUM1369/W";"2016";"32.6";"0";"0";"0";"0";"0";"0";"0";"0";"0";"0";"0";"0";"0";"";"";5.0E-6;-7.0E-6;
2638;"SUM1369/W";"2015";"32.2";"0";"0";"0";"0";"0";"0";"0";"0";"0";"0";"0";"0";"0";"";"";5.0E-6;-7.0E-6;
2639;"SUM1369/W";"2014";"32.2";"0";"0";"0";"0";"0";"0";"0";"0";"0";"0";"0";"0";"0";"";"";5.0E-6;-7.0E-6;
2640;"SUM1369/W";"2013";"33.3";"0";"0";"0";"0";"0";"0";"0";"0";"0";"0";"0";"0";"0";"";"";5.0E-6;-7.0E-6;
2641;"SUM1369/W";"2012";"0";"0";"0";"0";"0";"0";"0";"0";"0";"0";"0";"0";"0";"0";"";"";5.0E-6;-7.0E-6;
2642;"SUM1369/W";"2011";"0";"0";"0";"0";"0";"0";"0";"0";"0";"0";"0";"0";"0";"0";"";"";5.0E-6;-7.0E-6;
2643;"SUM1369/W";"2010";"0";"0";"0";"0";"0";"0";"0";"0";"0";"0";"0";"0";"0";"0";"";"";5.0E-6;-7.0E-6;
2644;"SUM1435";"2020";"25.4";"30.4";"26.4";"21.7";"23.3";"0";"0";"0";"0";"0";"0";"0";"0";"0";"";"";5.0E-6;-7.0E-6;
2645;"SUM1435";"2019";"28.6";"29.4";"36.7";"31.2";"28.8";"22.4";"23.3";"23.4";"28.5";"27.3";"0";"27.9";"34";"30.3";"";"";5.0E-6;-7.0E-6;
2646;"SUM1435";"2018";"30.7";"29.4";"34";"30.7";"35.7";"36.7";"24.7";"0";"30";"27.1";"32.2";"31.6";"32.6";"23.9";"";"";5.0E-6;-7.0E-6;
2647;"SUM1435";"2017";"30.8";"0";"0";"0";"0";"0";"0";"0";"0";"0";"0";"0";"0";"0";"";"";5.0E-6;-7.0E-6;
2648;"SUM1435";"2016";"32.6";"0";"0";"0";"0";"0";"0";"0";"0";"0";"0";"0";"0";"0";"";"";5.0E-6;-7.0E-6;
2649;"SUM1435";"2015";"32.2";"0";"0";"0";"0";"0";"0";"0";"0";"0";"0";"0";"0";"0";"";"";5.0E-6;-7.0E-6;
2650;"SUM1435";"2014";"32.7";"0";"0";"0";"0";"0";"0";"0";"0";"0";"0";"0";"0";"0";"";"";5.0E-6;-7.0E-6;
2651;"SUM1435";"2013";"31.5";"0";"0";"0";"0";"0";"0";"0";"0";"0";"0";"0";"0";"0";"";"";5.0E-6;-7.0E-6;
2652;"SUM1435";"2012";"0";"0";"0";"0";"0";"0";"0";"0";"0";"0";"0";"0";"0";"0";"";"";5.0E-6;-7.0E-6;
2653;"SUM1435";"2011";"0";"0";"0";"0";"0";"0";"0";"0";"0";"0";"0";"0";"0";"0";"";"";5.0E-6;-7.0E-6;
2654;"SUM1435";"2010";"0";"0";"0";"0";"0";"0";"0";"0";"0";"0";"0";"0";"0";"0";"";"";5.0E-6;-7.0E-6;
2655;"T1";"2020";"21.6";"25.6";"25.2";"18.1";"17.6";"0";"0";"0";"0";"0";"0";"0";"0";"0";"";"";5.0E-6;-7.0E-6;
2656;"T1";"2019";"26.5";"34.8";"38.2";"29.9";"26.8";"23";"17.2";"21.1";"23.2";"20.6";"23.3";"24.1";"33.5";"29.4";"";"";5.0E-6;-7.0E-6;
2657;"T1";"2018";"0";"0";"0";"0";"0";"0";"0";"0";"0";"0";"0";"0";"0";"0";"";"";5.0E-6;-7.0E-6;
2658;"T1";"2017";"0";"0";"0";"0";"0";"0";"0";"0";"0";"0";"0";"0";"0";"0";"";"";5.0E-6;-7.0E-6;
2659;"T1";"2016";"0";"0";"0";"0";"0";"0";"0";"0";"0";"0";"0";"0";"0";"0";"";"";5.0E-6;-7.0E-6;
2660;"T1";"2015";"0";"0";"0";"0";"0";"0";"0";"0";"0";"0";"0";"0";"0";"0";"";"";5.0E-6;-7.0E-6;
2661;"T1";"2014";"0";"0";"0";"0";"0";"0";"0";"0";"0";"0";"0";"0";"0";"0";"";"";5.0E-6;-7.0E-6;
2662;"T1";"2013";"0";"0";"0";"0";"0";"0";"0";"0";"0";"0";"0";"0";"0";"0";"";"";5.0E-6;-7.0E-6;
2663;"T1";"2012";"0";"0";"0";"0";"0";"0";"0";"0";"0";"0";"0";"0";"0";"0";"";"";5.0E-6;-7.0E-6;
2664;"T1";"2011";"0";"0";"0";"0";"0";"0";"0";"0";"0";"0";"0";"0";"0";"0";"";"";5.0E-6;-7.0E-6;
2665;"T1";"2010";"0";"0";"0";"0";"0";"0";"0";"0";"0";"0";"0";"0";"0";"0";"";"";5.0E-6;-7.0E-6;
2666;"T10";"2020";"19.1";"22.2";"22.9";"16.9";"14.5";"0";"0";"0";"0";"0";"0";"0";"0";"0";"";"";5.0E-6;-7.0E-6;
2667;"T10";"2019";"22.9";"27.4";"30";"25.4";"19.5";"0";"15.1";"16.6";"19.8";"21";"21.3";"21.5";"31.6";"25.5";"";"";5.0E-6;-7.0E-6;
2668;"T10";"2018";"0";"0";"0";"0";"0";"0";"0";"0";"0";"0";"0";"0";"0";"0";"";"";5.0E-6;-7.0E-6;
2669;"T10";"2017";"0";"0";"0";"0";"0";"0";"0";"0";"0";"0";"0";"0";"0";"0";"";"";5.0E-6;-7.0E-6;
2670;"T10";"2016";"0";"0";"0";"0";"0";"0";"0";"0";"0";"0";"0";"0";"0";"0";"";"";5.0E-6;-7.0E-6;
2671;"T10";"2015";"0";"0";"0";"0";"0";"0";"0";"0";"0";"0";"0";"0";"0";"0";"";"";5.0E-6;-7.0E-6;
2672;"T10";"2014";"0";"0";"0";"0";"0";"0";"0";"0";"0";"0";"0";"0";"0";"0";"";"";5.0E-6;-7.0E-6;
2673;"T10";"2013";"0";"0";"0";"0";"0";"0";"0";"0";"0";"0";"0";"0";"0";"0";"";"";5.0E-6;-7.0E-6;
2674;"T10";"2012";"0";"0";"0";"0";"0";"0";"0";"0";"0";"0";"0";"0";"0";"0";"";"";5.0E-6;-7.0E-6;
2675;"T10";"2011";"0";"0";"0";"0";"0";"0";"0";"0";"0";"0";"0";"0";"0";"0";"";"";5.0E-6;-7.0E-6;
2676;"T10";"2010";"0";"0";"0";"0";"0";"0";"0";"0";"0";"0";"0";"0";"0";"0";"";"";5.0E-6;-7.0E-6;
2677;"T2";"2020";"22";"28.7";"27.7";"20";"11.6";"0";"0";"0";"0";"0";"0";"0";"0";"0";"";"";5.0E-6;-7.0E-6;
2678;"T2";"2019";"29.5";"35.2";"41.6";"33.3";"26.6";"23.6";"0";"0";"24";"21.7";"25.2";"26.7";"35.9";"30.7";"";"";5.0E-6;-7.0E-6;
2679;"T2";"2018";"0";"0";"0";"0";"0";"0";"0";"0";"0";"0";"0";"0";"0";"0";"";"";5.0E-6;-7.0E-6;
2680;"T2";"2017";"0";"0";"0";"0";"0";"0";"0";"0";"0";"0";"0";"0";"0";"0";"";"";5.0E-6;-7.0E-6;
2681;"T2";"2016";"0";"0";"0";"0";"0";"0";"0";"0";"0";"0";"0";"0";"0";"0";"";"";5.0E-6;-7.0E-6;
2682;"T2";"2015";"0";"0";"0";"0";"0";"0";"0";"0";"0";"0";"0";"0";"0";"0";"";"";5.0E-6;-7.0E-6;
2683;"T2";"2014";"0";"0";"0";"0";"0";"0";"0";"0";"0";"0";"0";"0";"0";"0";"";"";5.0E-6;-7.0E-6;
2684;"T2";"2013";"0";"0";"0";"0";"0";"0";"0";"0";"0";"0";"0";"0";"0";"0";"";"";5.0E-6;-7.0E-6;
2685;"T2";"2012";"0";"0";"0";"0";"0";"0";"0";"0";"0";"0";"0";"0";"0";"0";"";"";5.0E-6;-7.0E-6;
2686;"T2";"2011";"0";"0";"0";"0";"0";"0";"0";"0";"0";"0";"0";"0";"0";"0";"";"";5.0E-6;-7.0E-6;
2687;"T2";"2010";"0";"0";"0";"0";"0";"0";"0";"0";"0";"0";"0";"0";"0";"0";"";"";5.0E-6;-7.0E-6;
2688;"T3";"2020";"27.8";"34.8";"31.5";"24.4";"20.4";"0";"0";"0";"0";"0";"0";"0";"0";"0";"";"";5.0E-6;-7.0E-6;
2689;"T3";"2019";"31.3";"33.3";"43.5";"34.2";"24.2";"0";"0";"20.3";"20.9";"0";"0";"0";"35.5";"38.7";"";"";5.0E-6;-7.0E-6;
2690;"T3";"2018";"0";"0";"0";"0";"0";"0";"0";"0";"0";"0";"0";"0";"0";"0";"";"";5.0E-6;-7.0E-6;
2691;"T3";"2017";"0";"0";"0";"0";"0";"0";"0";"0";"0";"0";"0";"0";"0";"0";"";"";5.0E-6;-7.0E-6;
2692;"T3";"2016";"0";"0";"0";"0";"0";"0";"0";"0";"0";"0";"0";"0";"0";"0";"";"";5.0E-6;-7.0E-6;
2693;"T3";"2015";"0";"0";"0";"0";"0";"0";"0";"0";"0";"0";"0";"0";"0";"0";"";"";5.0E-6;-7.0E-6;
2694;"T3";"2014";"0";"0";"0";"0";"0";"0";"0";"0";"0";"0";"0";"0";"0";"0";"";"";5.0E-6;-7.0E-6;
2695;"T3";"2013";"0";"0";"0";"0";"0";"0";"0";"0";"0";"0";"0";"0";"0";"0";"";"";5.0E-6;-7.0E-6;
2696;"T3";"2012";"0";"0";"0";"0";"0";"0";"0";"0";"0";"0";"0";"0";"0";"0";"";"";5.0E-6;-7.0E-6;
2697;"T3";"2011";"0";"0";"0";"0";"0";"0";"0";"0";"0";"0";"0";"0";"0";"0";"";"";5.0E-6;-7.0E-6;
2698;"T3";"2010";"0";"0";"0";"0";"0";"0";"0";"0";"0";"0";"0";"0";"0";"0";"";"";5.0E-6;-7.0E-6;
2699;"T4";"2020";"25.2";"30.9";"29.3";"22.1";"18.4";"0";"0";"0";"0";"0";"0";"0";"0";"0";"";"";5.0E-6;-7.0E-6;
2700;"T4";"2019";"27.2";"35.2";"38.7";"30.3";"25.3";"20.4";"18.2";"18.9";"0";"20.8";"24.8";"25.2";"34.8";"33.4";"";"";5.0E-6;-7.0E-6;
2701;"T4";"2018";"0";"0";"0";"0";"0";"0";"0";"0";"0";"0";"0";"0";"0";"0";"";"";5.0E-6;-7.0E-6;
2702;"T4";"2017";"0";"0";"0";"0";"0";"0";"0";"0";"0";"0";"0";"0";"0";"0";"";"";5.0E-6;-7.0E-6;
2703;"T4";"2016";"0";"0";"0";"0";"0";"0";"0";"0";"0";"0";"0";"0";"0";"0";"";"";5.0E-6;-7.0E-6;
2704;"T4";"2015";"0";"0";"0";"0";"0";"0";"0";"0";"0";"0";"0";"0";"0";"0";"";"";5.0E-6;-7.0E-6;
2705;"T4";"2014";"0";"0";"0";"0";"0";"0";"0";"0";"0";"0";"0";"0";"0";"0";"";"";5.0E-6;-7.0E-6;
2706;"T4";"2013";"0";"0";"0";"0";"0";"0";"0";"0";"0";"0";"0";"0";"0";"0";"";"";5.0E-6;-7.0E-6;
2707;"T4";"2012";"0";"0";"0";"0";"0";"0";"0";"0";"0";"0";"0";"0";"0";"0";"";"";5.0E-6;-7.0E-6;
2708;"T4";"2011";"0";"0";"0";"0";"0";"0";"0";"0";"0";"0";"0";"0";"0";"0";"";"";5.0E-6;-7.0E-6;
2709;"T4";"2010";"0";"0";"0";"0";"0";"0";"0";"0";"0";"0";"0";"0";"0";"0";"";"";5.0E-6;-7.0E-6;
2710;"T5";"2020";"23.5";"27.3";"26";"22.3";"18.4";"0";"0";"0";"0";"0";"0";"0";"0";"0";"";"";5.0E-6;-7.0E-6;
2711;"T5";"2019";"26.8";"31.3";"38.7";"33.2";"24.6";"21.9";"18.2";"18.8";"19.9";"17";"24.9";"25.1";"40.4";"34.5";"";"";5.0E-6;-7.0E-6;
2712;"T5";"2018";"0";"0";"0";"0";"0";"0";"0";"0";"0";"0";"0";"0";"0";"0";"";"";5.0E-6;-7.0E-6;
2713;"T5";"2017";"0";"0";"0";"0";"0";"0";"0";"0";"0";"0";"0";"0";"0";"0";"";"";5.0E-6;-7.0E-6;
2714;"T5";"2016";"0";"0";"0";"0";"0";"0";"0";"0";"0";"0";"0";"0";"0";"0";"";"";5.0E-6;-7.0E-6;
2715;"T5";"2015";"0";"0";"0";"0";"0";"0";"0";"0";"0";"0";"0";"0";"0";"0";"";"";5.0E-6;-7.0E-6;
2716;"T5";"2014";"0";"0";"0";"0";"0";"0";"0";"0";"0";"0";"0";"0";"0";"0";"";"";5.0E-6;-7.0E-6;
2717;"T5";"2013";"0";"0";"0";"0";"0";"0";"0";"0";"0";"0";"0";"0";"0";"0";"";"";5.0E-6;-7.0E-6;
2718;"T5";"2012";"0";"0";"0";"0";"0";"0";"0";"0";"0";"0";"0";"0";"0";"0";"";"";5.0E-6;-7.0E-6;
2719;"T5";"2011";"0";"0";"0";"0";"0";"0";"0";"0";"0";"0";"0";"0";"0";"0";"";"";5.0E-6;-7.0E-6;
2720;"T5";"2010";"0";"0";"0";"0";"0";"0";"0";"0";"0";"0";"0";"0";"0";"0";"";"";5.0E-6;-7.0E-6;
2721;"T6";"2020";"23.7";"27.5";"27.2";"21.2";"19";"0";"0";"0";"0";"0";"0";"0";"0";"0";"";"";5.0E-6;-7.0E-6;
2722;"T6";"2019";"25.6";"30.8";"33.8";"28.9";"21.8";"17";"0";"0";"20.4";"18.9";"22.9";"22.9";"34";"30.4";"";"";5.0E-6;-7.0E-6;
2723;"T6";"2018";"0";"0";"0";"0";"0";"0";"0";"0";"0";"0";"0";"0";"0";"0";"";"";5.0E-6;-7.0E-6;
2724;"T6";"2017";"0";"0";"0";"0";"0";"0";"0";"0";"0";"0";"0";"0";"0";"0";"";"";5.0E-6;-7.0E-6;
2725;"T6";"2016";"0";"0";"0";"0";"0";"0";"0";"0";"0";"0";"0";"0";"0";"0";"";"";5.0E-6;-7.0E-6;
2726;"T6";"2015";"0";"0";"0";"0";"0";"0";"0";"0";"0";"0";"0";"0";"0";"0";"";"";5.0E-6;-7.0E-6;
2727;"T6";"2014";"0";"0";"0";"0";"0";"0";"0";"0";"0";"0";"0";"0";"0";"0";"";"";5.0E-6;-7.0E-6;
2728;"T6";"2013";"0";"0";"0";"0";"0";"0";"0";"0";"0";"0";"0";"0";"0";"0";"";"";5.0E-6;-7.0E-6;
2729;"T6";"2012";"0";"0";"0";"0";"0";"0";"0";"0";"0";"0";"0";"0";"0";"0";"";"";5.0E-6;-7.0E-6;
2730;"T6";"2011";"0";"0";"0";"0";"0";"0";"0";"0";"0";"0";"0";"0";"0";"0";"";"";5.0E-6;-7.0E-6;
2731;"T6";"2010";"0";"0";"0";"0";"0";"0";"0";"0";"0";"0";"0";"0";"0";"0";"";"";5.0E-6;-7.0E-6;
2732;"T7";"2020";"18.4";"22.2";"21.9";"14.8";"14.8";"0";"0";"0";"0";"0";"0";"0";"0";"0";"";"";5.0E-6;-7.0E-6;
2733;"T7";"2019";"19.4";"25.5";"30.9";"25.2";"18.8";"13.4";"12.9";"12.6";"15.7";"15.5";"16.9";"16.6";"23.6";"24.9";"";"";5.0E-6;-7.0E-6;
2734;"T7";"2018";"0";"0";"0";"0";"0";"0";"0";"0";"0";"0";"0";"0";"0";"0";"";"";5.0E-6;-7.0E-6;
2735;"T7";"2017";"0";"0";"0";"0";"0";"0";"0";"0";"0";"0";"0";"0";"0";"0";"";"";5.0E-6;-7.0E-6;
2736;"T7";"2016";"0";"0";"0";"0";"0";"0";"0";"0";"0";"0";"0";"0";"0";"0";"";"";5.0E-6;-7.0E-6;
2737;"T7";"2015";"0";"0";"0";"0";"0";"0";"0";"0";"0";"0";"0";"0";"0";"0";"";"";5.0E-6;-7.0E-6;
2738;"T7";"2014";"0";"0";"0";"0";"0";"0";"0";"0";"0";"0";"0";"0";"0";"0";"";"";5.0E-6;-7.0E-6;
2739;"T7";"2013";"0";"0";"0";"0";"0";"0";"0";"0";"0";"0";"0";"0";"0";"0";"";"";5.0E-6;-7.0E-6;
2740;"T7";"2012";"0";"0";"0";"0";"0";"0";"0";"0";"0";"0";"0";"0";"0";"0";"";"";5.0E-6;-7.0E-6;
2741;"T7";"2011";"0";"0";"0";"0";"0";"0";"0";"0";"0";"0";"0";"0";"0";"0";"";"";5.0E-6;-7.0E-6;
2742;"T7";"2010";"0";"0";"0";"0";"0";"0";"0";"0";"0";"0";"0";"0";"0";"0";"";"";5.0E-6;-7.0E-6;
2743;"T8";"2020";"21.1";"25.2";"24.6";"19.1";"15.4";"0";"0";"0";"0";"0";"0";"0";"0";"0";"";"";5.0E-6;-7.0E-6;
2744;"T8";"2019";"24";"29.4";"33.8";"25.9";"21.4";"17.7";"17.8";"17.9";"21";"20.6";"23.4";"23.3";"29.2";"30.4";"";"";5.0E-6;-7.0E-6;
2745;"T8";"2018";"0";"0";"0";"0";"0";"0";"0";"0";"0";"0";"0";"0";"0";"0";"";"";5.0E-6;-7.0E-6;
2746;"T8";"2017";"0";"0";"0";"0";"0";"0";"0";"0";"0";"0";"0";"0";"0";"0";"";"";5.0E-6;-7.0E-6;
2747;"T8";"2016";"0";"0";"0";"0";"0";"0";"0";"0";"0";"0";"0";"0";"0";"0";"";"";5.0E-6;-7.0E-6;
2748;"T8";"2015";"0";"0";"0";"0";"0";"0";"0";"0";"0";"0";"0";"0";"0";"0";"";"";5.0E-6;-7.0E-6;
2749;"T8";"2014";"0";"0";"0";"0";"0";"0";"0";"0";"0";"0";"0";"0";"0";"0";"";"";5.0E-6;-7.0E-6;
2750;"T8";"2013";"0";"0";"0";"0";"0";"0";"0";"0";"0";"0";"0";"0";"0";"0";"";"";5.0E-6;-7.0E-6;
2751;"T8";"2012";"0";"0";"0";"0";"0";"0";"0";"0";"0";"0";"0";"0";"0";"0";"";"";5.0E-6;-7.0E-6;
2752;"T8";"2011";"0";"0";"0";"0";"0";"0";"0";"0";"0";"0";"0";"0";"0";"0";"";"";5.0E-6;-7.0E-6;
2753;"T8";"2010";"0";"0";"0";"0";"0";"0";"0";"0";"0";"0";"0";"0";"0";"0";"";"";5.0E-6;-7.0E-6;
2754;"T9";"2020";"16.9";"18.7";"20.6";"14.8";"13.4";"0";"0";"0";"0";"0";"0";"0";"0";"0";"";"";5.0E-6;-7.0E-6;
2755;"T9";"2019";"21.1";"28.4";"29";"24.5";"19.5";"15.4";"15.1";"16.2";"19";"17.8";"19.3";"19.2";"25.4";"25.3";"";"";5.0E-6;-7.0E-6;
2756;"T9";"2018";"0";"0";"0";"0";"0";"0";"0";"0";"0";"0";"0";"0";"0";"0";"";"";5.0E-6;-7.0E-6;
2757;"T9";"2017";"0";"0";"0";"0";"0";"0";"0";"0";"0";"0";"0";"0";"0";"0";"";"";5.0E-6;-7.0E-6;
2758;"T9";"2016";"0";"0";"0";"0";"0";"0";"0";"0";"0";"0";"0";"0";"0";"0";"";"";5.0E-6;-7.0E-6;
2759;"T9";"2015";"0";"0";"0";"0";"0";"0";"0";"0";"0";"0";"0";"0";"0";"0";"";"";5.0E-6;-7.0E-6;
2760;"T9";"2014";"0";"0";"0";"0";"0";"0";"0";"0";"0";"0";"0";"0";"0";"0";"";"";5.0E-6;-7.0E-6;
2761;"T9";"2013";"0";"0";"0";"0";"0";"0";"0";"0";"0";"0";"0";"0";"0";"0";"";"";5.0E-6;-7.0E-6;
2762;"T9";"2012";"0";"0";"0";"0";"0";"0";"0";"0";"0";"0";"0";"0";"0";"0";"";"";5.0E-6;-7.0E-6;
2763;"T9";"2011";"0";"0";"0";"0";"0";"0";"0";"0";"0";"0";"0";"0";"0";"0";"";"";5.0E-6;-7.0E-6;
2764;"T9";"2010";"0";"0";"0";"0";"0";"0";"0";"0";"0";"0";"0";"0";"0";"0";"";"";5.0E-6;-7.0E-6;
2765;"TAS373";"2020";"22.2";"22.1";"23.4";"21";"22.1";"0";"0";"0";"0";"0";"0";"0";"0";"0";"";"";5.0E-6;-7.0E-6;
2766;"TAS373";"2019";"27";"32.3";"34.8";"29.5";"30.9";"24.2";"20.3";"21.3";"23.3";"22.5";"25.8";"23.3";"32.5";"30.1";"";"";5.0E-6;-7.0E-6;
2767;"TAS373";"2018";"29.2";"34.7";"38.8";"26.6";"34.7";"35.6";"25.8";"18.7";"24.8";"26.1";"26";"30.6";"30.7";"26.5";"";"";5.0E-6;-7.0E-6;
2768;"TAS373";"2017";"42.6";"0";"0";"0";"0";"0";"0";"0";"0";"0";"0";"0";"0";"0";"";"";5.0E-6;-7.0E-6;
2769;"TAS373";"2016";"41.3";"0";"0";"0";"0";"0";"0";"0";"0";"0";"0";"0";"0";"0";"";"";5.0E-6;-7.0E-6;
2770;"TAS373";"2015";"40.5";"0";"0";"0";"0";"0";"0";"0";"0";"0";"0";"0";"0";"0";"";"";5.0E-6;-7.0E-6;
2771;"TAS373";"2014";"40.5";"0";"0";"0";"0";"0";"0";"0";"0";"0";"0";"0";"0";"0";"";"";5.0E-6;-7.0E-6;
2772;"TAS373";"2013";"37.4";"0";"0";"0";"0";"0";"0";"0";"0";"0";"0";"0";"0";"0";"";"";5.0E-6;-7.0E-6;
2773;"TAS373";"2012";"45.6";"0";"0";"0";"0";"0";"0";"0";"0";"0";"0";"0";"0";"0";"";"";5.0E-6;-7.0E-6;
2774;"TAS373";"2011";"44.6";"0";"0";"0";"0";"0";"0";"0";"0";"0";"0";"0";"0";"0";"";"";5.0E-6;-7.0E-6;
2775;"TAS373";"2010";"44.5";"0";"0";"0";"0";"0";"0";"0";"0";"0";"0";"0";"0";"0";"";"";5.0E-6;-7.0E-6;
2776;"TAS45";"2020";"23.4";"29.1";"23.3";"21.2";"19.9";"0";"0";"0";"0";"0";"0";"0";"0";"0";"";"";5.0E-6;-7.0E-6;
2777;"TAS45";"2019";"28.2";"33.3";"37.7";"30.3";"32.9";"25.9";"22.4";"23.6";"26.6";"23.9";"24.7";"23.3";"31.4";"30.1";"";"";5.0E-6;-7.0E-6;
2778;"TAS45";"2018";"30.9";"27.6";"34";"27.6";"36.8";"38.9";"30.1";"25.3";"32.1";"25.1";"30.1";"32.6";"32.6";"28.3";"";"";5.0E-6;-7.0E-6;
2779;"TAS45";"2017";"35.3";"0";"0";"0";"0";"0";"0";"0";"0";"0";"0";"0";"0";"0";"";"";5.0E-6;-7.0E-6;
2780;"TAS45";"2016";"39.3";"0";"0";"0";"0";"0";"0";"0";"0";"0";"0";"0";"0";"0";"";"";5.0E-6;-7.0E-6;
2781;"TAS45";"2015";"36.8";"0";"0";"0";"0";"0";"0";"0";"0";"0";"0";"0";"0";"0";"";"";5.0E-6;-7.0E-6;
2782;"TAS45";"2014";"37.5";"0";"0";"0";"0";"0";"0";"0";"0";"0";"0";"0";"0";"0";"";"";5.0E-6;-7.0E-6;
2783;"TAS45";"2013";"36.8";"0";"0";"0";"0";"0";"0";"0";"0";"0";"0";"0";"0";"0";"";"";5.0E-6;-7.0E-6;
2784;"TAS45";"2012";"41.5";"0";"0";"0";"0";"0";"0";"0";"0";"0";"0";"0";"0";"0";"";"";5.0E-6;-7.0E-6;
2785;"TAS45";"2011";"41.6";"0";"0";"0";"0";"0";"0";"0";"0";"0";"0";"0";"0";"0";"";"";5.0E-6;-7.0E-6;
2786;"TAS45";"2010";"39.4";"0";"0";"0";"0";"0";"0";"0";"0";"0";"0";"0";"0";"0";"";"";5.0E-6;-7.0E-6;
2787;"TK10";"2020";"22.6";"26.7";"24.9";"19.1";"19.7";"0";"0";"0";"0";"0";"0";"0";"0";"0";"";"";5.0E-6;-7.0E-6;
2788;"TK10";"2019";"26.5";"31.3";"34.8";"28.6";"30.9";"24.3";"19.1";"19.4";"22.1";"22.8";"23.5";"23.9";"34.4";"28.7";"";"";5.0E-6;-7.0E-6;
2789;"TK10";"2018";"29.3";"24.9";"33.1";"32.8";"36.8";"32.2";"26.8";"22.7";"31";"24.1";"26";"30.6";"31.6";"28.3";"";"";5.0E-6;-7.0E-6;
2790;"TK10";"2017";"30.6";"0";"0";"0";"0";"0";"0";"0";"0";"0";"0";"0";"0";"0";"";"";5.0E-6;-7.0E-6;
2791;"TK10";"2016";"32";"0";"0";"0";"0";"0";"0";"0";"0";"0";"0";"0";"0";"0";"";"";5.0E-6;-7.0E-6;
2792;"TK10";"2015";"30.7";"0";"0";"0";"0";"0";"0";"0";"0";"0";"0";"0";"0";"0";"";"";5.0E-6;-7.0E-6;
2793;"TK10";"2014";"32.2";"0";"0";"0";"0";"0";"0";"0";"0";"0";"0";"0";"0";"0";"";"";5.0E-6;-7.0E-6;
2794;"TK10";"2013";"32.4";"0";"0";"0";"0";"0";"0";"0";"0";"0";"0";"0";"0";"0";"";"";5.0E-6;-7.0E-6;
2795;"TK10";"2012";"33.6";"0";"0";"0";"0";"0";"0";"0";"0";"0";"0";"0";"0";"0";"";"";5.0E-6;-7.0E-6;
2796;"TK10";"2011";"0";"0";"0";"0";"0";"0";"0";"0";"0";"0";"0";"0";"0";"0";"";"";5.0E-6;-7.0E-6;
2797;"TK10";"2010";"0";"0";"0";"0";"0";"0";"0";"0";"0";"0";"0";"0";"0";"0";"";"";5.0E-6;-7.0E-6;
2798;"TOR68";"2020";"20";"25.6";"21.4";"15.8";"17.2";"0";"0";"0";"0";"0";"0";"0";"0";"0";"";"";5.0E-6;-7.0E-6;
2799;"TOR68";"2019";"22.9";"30.3";"31.9";"25.2";"24.4";"17.9";"16.1";"17.1";"19";"17.5";"21.1";"21.7";"27.8";"27.7";"";"";5.0E-6;-7.0E-6;
2800;"TOR68";"2018";"21.6";"18.7";"27.4";"22.5";"26.5";"18.9";"17.2";"10.7";"11.4";"20.1";"24.9";"28.6";"27.8";"25.7";"";"";5.0E-6;-7.0E-6;
2801;"TOR68";"2017";"25.3";"0";"0";"0";"0";"0";"0";"0";"0";"0";"0";"0";"0";"0";"";"";5.0E-6;-7.0E-6;
2802;"TOR68";"2016";"25.3";"0";"0";"0";"0";"0";"0";"0";"0";"0";"0";"0";"0";"0";"";"";5.0E-6;-7.0E-6;
2803;"TOR68";"2015";"24.8";"0";"0";"0";"0";"0";"0";"0";"0";"0";"0";"0";"0";"0";"";"";5.0E-6;-7.0E-6;
2804;"TOR68";"2014";"26.2";"0";"0";"0";"0";"0";"0";"0";"0";"0";"0";"0";"0";"0";"";"";5.0E-6;-7.0E-6;
2805;"TOR68";"2013";"27.9";"0";"0";"0";"0";"0";"0";"0";"0";"0";"0";"0";"0";"0";"";"";5.0E-6;-7.0E-6;
2806;"TOR68";"2012";"29.6";"0";"0";"0";"0";"0";"0";"0";"0";"0";"0";"0";"0";"0";"";"";5.0E-6;-7.0E-6;
2807;"TOR68";"2011";"30";"0";"0";"0";"0";"0";"0";"0";"0";"0";"0";"0";"0";"0";"";"";5.0E-6;-7.0E-6;
2808;"TOR68";"2010";"28.3";"0";"0";"0";"0";"0";"0";"0";"0";"0";"0";"0";"0";"0";"";"";5.0E-6;-7.0E-6;
2809;"TPBV";"2020";"19";"23";"22.8";"15.2";"15.2";"0";"0";"0";"0";"0";"0";"0";"0";"0";"";"";5.0E-6;-7.0E-6;
2810;"TPBV";"2019";"21.3";"26.9";"32.9";"24.6";"20.1";"15.2";"17.4";"15.7";"16.3";"15.5";"19.5";"18.4";"27.4";"27.4";"";"";5.0E-6;-7.0E-6;
2811;"TPBV";"2018";"22.3";"22.3";"29.3";"23.5";"25";"19.5";"19.3";"16";"18.1";"17.5";"21.8";"24.7";"28.3";"25.2";"";"";5.0E-6;-7.0E-6;
2812;"TPBV";"2017";"24.6";"0";"0";"0";"0";"0";"0";"0";"0";"0";"0";"0";"0";"0";"";"";5.0E-6;-7.0E-6;
2813;"TPBV";"2016";"26.1";"0";"0";"0";"0";"0";"0";"0";"0";"0";"0";"0";"0";"0";"";"";5.0E-6;-7.0E-6;
2814;"TPBV";"2015";"24.5";"0";"0";"0";"0";"0";"0";"0";"0";"0";"0";"0";"0";"0";"";"";5.0E-6;-7.0E-6;
2815;"TPBV";"2014";"26.1";"0";"0";"0";"0";"0";"0";"0";"0";"0";"0";"0";"0";"0";"";"";5.0E-6;-7.0E-6;
2816;"TPBV";"2013";"27.9";"0";"0";"0";"0";"0";"0";"0";"0";"0";"0";"0";"0";"0";"";"";5.0E-6;-7.0E-6;
2817;"TPBV";"2012";"29.4";"0";"0";"0";"0";"0";"0";"0";"0";"0";"0";"0";"0";"0";"";"";5.0E-6;-7.0E-6;
2818;"TPBV";"2011";"27.1";"0";"0";"0";"0";"0";"0";"0";"0";"0";"0";"0";"0";"0";"";"";5.0E-6;-7.0E-6;
2819;"TPBV";"2010";"31";"0";"0";"0";"0";"0";"0";"0";"0";"0";"0";"0";"0";"0";"";"";5.0E-6;-7.0E-6;
2820;"UIL70";"2020";"24.1";"27";"23.6";"28.9";"16.8";"0";"0";"0";"0";"0";"0";"0";"0";"0";"";"";5.0E-6;-7.0E-6;
2821;"UIL70";"2019";"24.8";"31.3";"34.8";"28.6";"26.1";"20.4";"0";"17.9";"19.6";"19.3";"21.7";"21.6";"28.4";"28.3";"";"";5.0E-6;-7.0E-6;
2822;"UIL70";"2018";"27.1";"25.8";"34";"25.6";"32.7";"31.1";"23.6";"21.3";"24.8";"23.1";"26";"29.6";"0";"27.4";"";"";5.0E-6;-7.0E-6;
2823;"UIL70";"2017";"26.9";"0";"0";"0";"0";"0";"0";"0";"0";"0";"0";"0";"0";"0";"";"";5.0E-6;-7.0E-6;
2824;"UIL70";"2016";"28.1";"0";"0";"0";"0";"0";"0";"0";"0";"0";"0";"0";"0";"0";"";"";5.0E-6;-7.0E-6;
2825;"UIL70";"2015";"27.8";"0";"0";"0";"0";"0";"0";"0";"0";"0";"0";"0";"0";"0";"";"";5.0E-6;-7.0E-6;
2826;"UIL70";"2014";"28.4";"0";"0";"0";"0";"0";"0";"0";"0";"0";"0";"0";"0";"0";"";"";5.0E-6;-7.0E-6;
2827;"UIL70";"2013";"28.5";"0";"0";"0";"0";"0";"0";"0";"0";"0";"0";"0";"0";"0";"";"";5.0E-6;-7.0E-6;
2828;"UIL70";"2012";"32";"0";"0";"0";"0";"0";"0";"0";"0";"0";"0";"0";"0";"0";"";"";5.0E-6;-7.0E-6;
2829;"UIL70";"2011";"30.7";"0";"0";"0";"0";"0";"0";"0";"0";"0";"0";"0";"0";"0";"";"";5.0E-6;-7.0E-6;
2830;"UIL70";"2010";"33.8";"0";"0";"0";"0";"0";"0";"0";"0";"0";"0";"0";"0";"0";"";"";5.0E-6;-7.0E-6;
2831;"UT66";"2020";"27.2";"32.9";"31.2";"26.6";"18.2";"0";"0";"0";"0";"0";"0";"0";"0";"0";"";"";5.0E-6;-7.0E-6;
2832;"UT66";"2019";"33.9";"41.1";"38.7";"36.8";"31.5";"31.2";"0";"29.7";"31.8";"32.1";"31.7";"30.5";"35.9";"35.7";"";"";5.0E-6;-7.0E-6;
2833;"UT66";"2018";"36";"34.7";"42.5";"31.7";"39.8";"45.6";"0";"29.3";"30";"31.1";"37.4";"38.5";"34.5";"36.3";"";"";5.0E-6;-7.0E-6;
2834;"UT66";"2017";"41.8";"0";"0";"0";"0";"0";"0";"0";"0";"0";"0";"0";"0";"0";"";"";5.0E-6;-7.0E-6;
2835;"UT66";"2016";"38.2";"0";"0";"0";"0";"0";"0";"0";"0";"0";"0";"0";"0";"0";"";"";5.0E-6;-7.0E-6;
2836;"UT66";"2015";"37.4";"0";"0";"0";"0";"0";"0";"0";"0";"0";"0";"0";"0";"0";"";"";5.0E-6;-7.0E-6;
2837;"UT66";"2014";"38.9";"0";"0";"0";"0";"0";"0";"0";"0";"0";"0";"0";"0";"0";"";"";5.0E-6;-7.0E-6;
2838;"UT66";"2013";"37.7";"0";"0";"0";"0";"0";"0";"0";"0";"0";"0";"0";"0";"0";"";"";5.0E-6;-7.0E-6;
2839;"UT66";"2012";"0";"0";"0";"0";"0";"0";"0";"0";"0";"0";"0";"0";"0";"0";"";"";5.0E-6;-7.0E-6;
2840;"UT66";"2011";"40.6";"0";"0";"0";"0";"0";"0";"0";"0";"0";"0";"0";"0";"0";"";"";5.0E-6;-7.0E-6;
2841;"UT66";"2010";"38.1";"0";"0";"0";"0";"0";"0";"0";"0";"0";"0";"0";"0";"0";"";"";5.0E-6;-7.0E-6;
2842;"VBP166";"2020";"19.1";"22.9";"21";"16.8";"15.5";"0";"0";"0";"0";"0";"0";"0";"0";"0";"";"";5.0E-6;-7.0E-6;
2843;"VBP166";"2019";"22.2";"29.4";"33.8";"25.5";"23.6";"17.1";"14.7";"15.3";"17.8";"16.5";"18.3";"19.8";"29.8";"27.7";"";"";5.0E-6;-7.0E-6;
2844;"VBP166";"2018";"22.6";"21.4";"29.3";"22.5";"28.6";"23.3";"19.3";"13.3";"17.6";"17";"22.8";"25.7";"27.8";"24.8";"";"";5.0E-6;-7.0E-6;
2845;"VBP166";"2017";"24.6";"0";"0";"0";"0";"0";"0";"0";"0";"0";"0";"0";"0";"0";"";"";5.0E-6;-7.0E-6;
2846;"VBP166";"2016";"24.7";"0";"0";"0";"0";"0";"0";"0";"0";"0";"0";"0";"0";"0";"";"";5.0E-6;-7.0E-6;
2847;"VBP166";"2015";"22.8";"0";"0";"0";"0";"0";"0";"0";"0";"0";"0";"0";"0";"0";"";"";5.0E-6;-7.0E-6;
2848;"VBP166";"2014";"26.1";"0";"0";"0";"0";"0";"0";"0";"0";"0";"0";"0";"0";"0";"";"";5.0E-6;-7.0E-6;
2849;"VBP166";"2013";"25.9";"0";"0";"0";"0";"0";"0";"0";"0";"0";"0";"0";"0";"0";"";"";5.0E-6;-7.0E-6;
2850;"VBP166";"2012";"28.7";"0";"0";"0";"0";"0";"0";"0";"0";"0";"0";"0";"0";"0";"";"";5.0E-6;-7.0E-6;
2851;"VBP166";"2011";"29.9";"0";"0";"0";"0";"0";"0";"0";"0";"0";"0";"0";"0";"0";"";"";5.0E-6;-7.0E-6;
2852;"VBP166";"2010";"29.4";"0";"0";"0";"0";"0";"0";"0";"0";"0";"0";"0";"0";"0";"";"";5.0E-6;-7.0E-6;
2853;"VH42";"2020";"21.7";"28.8";"22.4";"18.4";"17.1";"0";"0";"0";"0";"0";"0";"0";"0";"0";"";"";5.0E-6;-7.0E-6;
2854;"VH42";"2019";"25.9";"39.2";"35.8";"30.3";"26.9";"19.6";"18.6";"18.8";"20.2";"19";"23.1";"21.9";"31.3";"31.7";"";"";5.0E-6;-7.0E-6;
2855;"VH42";"2018";"26.2";"22.3";"33.1";"25.6";"34.7";"25.6";"22.5";"13.3";"0";"22.1";"26";"32.6";"29.7";"27.4";"";"";5.0E-6;-7.0E-6;
2856;"VH42";"2017";"28";"0";"0";"0";"0";"0";"0";"0";"0";"0";"0";"0";"0";"0";"";"";5.0E-6;-7.0E-6;
2857;"VH42";"2016";"28.9";"0";"0";"0";"0";"0";"0";"0";"0";"0";"0";"0";"0";"0";"";"";5.0E-6;-7.0E-6;
2858;"VH42";"2015";"26.7";"0";"0";"0";"0";"0";"0";"0";"0";"0";"0";"0";"0";"0";"";"";5.0E-6;-7.0E-6;
2859;"VH42";"2014";"26.4";"0";"0";"0";"0";"0";"0";"0";"0";"0";"0";"0";"0";"0";"";"";5.0E-6;-7.0E-6;
2860;"VH42";"2013";"26.6";"0";"0";"0";"0";"0";"0";"0";"0";"0";"0";"0";"0";"0";"";"";5.0E-6;-7.0E-6;
2861;"VH42";"2012";"30.8";"0";"0";"0";"0";"0";"0";"0";"0";"0";"0";"0";"0";"0";"";"";5.0E-6;-7.0E-6;
2862;"VH42";"2011";"29.4";"0";"0";"0";"0";"0";"0";"0";"0";"0";"0";"0";"0";"0";"";"";5.0E-6;-7.0E-6;
2863;"VH42";"2010";"31.5";"0";"0";"0";"0";"0";"0";"0";"0";"0";"0";"0";"0";"0";"";"";5.0E-6;-7.0E-6;
2864;"VLAM143";"2020";"21.6";"26.3";"23.7";"17.7";"18.8";"0";"0";"0";"0";"0";"0";"0";"0";"0";"";"";5.0E-6;-7.0E-6;
2865;"VLAM143";"2019";"24.3";"31.3";"33.8";"26.6";"27.4";"20.1";"17.2";"18.1";"0";"17.7";"19.1";"0";"29";"27.3";"";"";5.0E-6;-7.0E-6;
2866;"VLAM143";"2018";"24.1";"23.1";"29.3";"25.6";"25.5";"27.8";"19.3";"18.7";"20.7";"20.1";"23.9";"27.6";"27.8";"0";"";"";5.0E-6;-7.0E-6;
2867;"VLAM143";"2017";"28.4";"0";"0";"0";"0";"0";"0";"0";"0";"0";"0";"0";"0";"0";"";"";5.0E-6;-7.0E-6;
2868;"VLAM143";"2016";"28.5";"0";"0";"0";"0";"0";"0";"0";"0";"0";"0";"0";"0";"0";"";"";5.0E-6;-7.0E-6;
2869;"VLAM143";"2015";"26.9";"0";"0";"0";"0";"0";"0";"0";"0";"0";"0";"0";"0";"0";"";"";5.0E-6;-7.0E-6;
2870;"VLAM143";"2014";"26.5";"0";"0";"0";"0";"0";"0";"0";"0";"0";"0";"0";"0";"0";"";"";5.0E-6;-7.0E-6;
2871;"VLAM143";"2013";"26.8";"0";"0";"0";"0";"0";"0";"0";"0";"0";"0";"0";"0";"0";"";"";5.0E-6;-7.0E-6;
2872;"VLAM143";"2012";"29";"0";"0";"0";"0";"0";"0";"0";"0";"0";"0";"0";"0";"0";"";"";5.0E-6;-7.0E-6;
2873;"VLAM143";"2011";"29.9";"0";"0";"0";"0";"0";"0";"0";"0";"0";"0";"0";"0";"0";"";"";5.0E-6;-7.0E-6;
2874;"VLAM143";"2010";"32.7";"0";"0";"0";"0";"0";"0";"0";"0";"0";"0";"0";"0";"0";"";"";5.0E-6;-7.0E-6;
2875;"VLK/HOEK";"2020";"31";"37.8";"30.4";"27.7";"28.1";"0";"0";"0";"0";"0";"0";"0";"0";"0";"";"";5.0E-6;-7.0E-6;
2876;"VLK/HOEK";"2019";"44.5";"49.9";"45.4";"40.7";"59.5";"50.9";"39.1";"41.8";"47.9";"40.9";"39.3";"37.1";"45.7";"39.8";"";"";5.0E-6;-7.0E-6;
2877;"VLK/HOEK";"2018";"51.5";"36.5";"45.4";"48.1";"51";"64.5";"60.1";"52";"60";"50.1";"51.9";"57.2";"0";"41.6";"";"";5.0E-6;-7.0E-6;
2878;"VLK/HOEK";"2017";"51.2";"0";"0";"0";"0";"0";"0";"0";"0";"0";"0";"0";"0";"0";"";"";5.0E-6;-7.0E-6;
2879;"VLK/HOEK";"2016";"47.2";"0";"0";"0";"0";"0";"0";"0";"0";"0";"0";"0";"0";"0";"";"";5.0E-6;-7.0E-6;
2880;"VLK/HOEK";"2015";"50.4";"0";"0";"0";"0";"0";"0";"0";"0";"0";"0";"0";"0";"0";"";"";5.0E-6;-7.0E-6;
2881;"VLK/HOEK";"2014";"54.3";"0";"0";"0";"0";"0";"0";"0";"0";"0";"0";"0";"0";"0";"";"";5.0E-6;-7.0E-6;
2882;"VLK/HOEK";"2013";"52.6";"0";"0";"0";"0";"0";"0";"0";"0";"0";"0";"0";"0";"0";"";"";5.0E-6;-7.0E-6;
2883;"VLK/HOEK";"2012";"53.4";"0";"0";"0";"0";"0";"0";"0";"0";"0";"0";"0";"0";"0";"";"";5.0E-6;-7.0E-6;
2884;"VLK/HOEK";"2011";"52.2";"0";"0";"0";"0";"0";"0";"0";"0";"0";"0";"0";"0";"0";"";"";5.0E-6;-7.0E-6;
2885;"VLK/HOEK";"2010";"53.9";"0";"0";"0";"0";"0";"0";"0";"0";"0";"0";"0";"0";"0";"";"";5.0E-6;-7.0E-6;
2886;"VLK1B";"2020";"29.5";"37.5";"32.2";"27";"21.5";"0";"0";"0";"0";"0";"0";"0";"0";"0";"";"";5.0E-6;-7.0E-6;
2887;"VLK1B";"2019";"36.4";"39.2";"44.5";"38.8";"45.4";"34.1";"29.8";"28.4";"37.2";"35.6";"34.5";"31.5";"36.4";"38.1";"";"";5.0E-6;-7.0E-6;
2888;"VLK1B";"2018";"41.5";"33.8";"44.4";"39.9";"45.9";"52.3";"41.9";"41.3";"40.3";"39.1";"41.5";"40.5";"39.3";"38.9";"";"";5.0E-6;-7.0E-6;
2889;"VLK1B";"2017";"43.5";"0";"0";"0";"0";"0";"0";"0";"0";"0";"0";"0";"0";"0";"";"";5.0E-6;-7.0E-6;
2890;"VLK1B";"2016";"0";"0";"0";"0";"0";"0";"0";"0";"0";"0";"0";"0";"0";"0";"";"";5.0E-6;-7.0E-6;
2891;"VLK1B";"2015";"0";"0";"0";"0";"0";"0";"0";"0";"0";"0";"0";"0";"0";"0";"";"";5.0E-6;-7.0E-6;
2892;"VLK1B";"2014";"0";"0";"0";"0";"0";"0";"0";"0";"0";"0";"0";"0";"0";"0";"";"";5.0E-6;-7.0E-6;
2893;"VLK1B";"2013";"0";"0";"0";"0";"0";"0";"0";"0";"0";"0";"0";"0";"0";"0";"";"";5.0E-6;-7.0E-6;
2894;"VLK1B";"2012";"0";"0";"0";"0";"0";"0";"0";"0";"0";"0";"0";"0";"0";"0";"";"";5.0E-6;-7.0E-6;
2895;"VLK1B";"2011";"0";"0";"0";"0";"0";"0";"0";"0";"0";"0";"0";"0";"0";"0";"";"";5.0E-6;-7.0E-6;
2896;"VLK1B";"2010";"0";"0";"0";"0";"0";"0";"0";"0";"0";"0";"0";"0";"0";"0";"";"";5.0E-6;-7.0E-6;
2897;"VLK68";"2020";"31.6";"39.1";"36.3";"28";"23.1";"0";"0";"0";"0";"0";"0";"0";"0";"0";"";"";5.0E-6;-7.0E-6;
2898;"VLK68";"2019";"37.7";"49.9";"45.4";"42.5";"42.8";"37.7";"34.2";"34.5";"29.1";"30.8";"34.2";"30.7";"38";"40.3";"";"";5.0E-6;-7.0E-6;
2899;"VLK68";"2018";"39.6";"31.2";"42.5";"32.8";"42.9";"47.8";"41.9";"33.3";"42.4";"39.1";"44.6";"41.5";"35.5";"39.8";"";"";5.0E-6;-7.0E-6;
2900;"VLK68";"2017";"45.7";"0";"0";"0";"0";"0";"0";"0";"0";"0";"0";"0";"0";"0";"";"";5.0E-6;-7.0E-6;
2901;"VLK68";"2016";"40.9";"0";"0";"0";"0";"0";"0";"0";"0";"0";"0";"0";"0";"0";"";"";5.0E-6;-7.0E-6;
2902;"VLK68";"2015";"0";"0";"0";"0";"0";"0";"0";"0";"0";"0";"0";"0";"0";"0";"";"";5.0E-6;-7.0E-6;
2903;"VLK68";"2014";"0";"0";"0";"0";"0";"0";"0";"0";"0";"0";"0";"0";"0";"0";"";"";5.0E-6;-7.0E-6;
2904;"VLK68";"2013";"0";"0";"0";"0";"0";"0";"0";"0";"0";"0";"0";"0";"0";"0";"";"";5.0E-6;-7.0E-6;
2905;"VLK68";"2012";"0";"0";"0";"0";"0";"0";"0";"0";"0";"0";"0";"0";"0";"0";"";"";5.0E-6;-7.0E-6;
2906;"VLK68";"2011";"0";"0";"0";"0";"0";"0";"0";"0";"0";"0";"0";"0";"0";"0";"";"";5.0E-6;-7.0E-6;
2907;"VLK68";"2010";"0";"0";"0";"0";"0";"0";"0";"0";"0";"0";"0";"0";"0";"0";"";"";5.0E-6;-7.0E-6;
2908;"VWS56";"2020";"29.6";"35.8";"31.3";"28.6";"22.5";"0";"0";"0";"0";"0";"0";"0";"0";"0";"";"";5.0E-6;-7.0E-6;
2909;"VWS56";"2019";"33.5";"36.2";"39.6";"36.6";"32.8";"0";"22.7";"27.8";"33.7";"30";"32.9";"32";"39.5";"38.8";"";"";5.0E-6;-7.0E-6;
2910;"VWS56";"2018";"34";"32.1";"45.4";"32.8";"41.9";"35.6";"29";"24";"29";"29.1";"32.2";"40.5";"36.4";"34.5";"";"";5.0E-6;-7.0E-6;
2911;"VWS56";"2017";"40.4";"0";"0";"0";"0";"0";"0";"0";"0";"0";"0";"0";"0";"0";"";"";5.0E-6;-7.0E-6;
2912;"VWS56";"2016";"0";"0";"0";"0";"0";"0";"0";"0";"0";"0";"0";"0";"0";"0";"";"";5.0E-6;-7.0E-6;
2913;"VWS56";"2015";"38.3";"0";"0";"0";"0";"0";"0";"0";"0";"0";"0";"0";"0";"0";"";"";5.0E-6;-7.0E-6;
2914;"VWS56";"2014";"39.4";"0";"0";"0";"0";"0";"0";"0";"0";"0";"0";"0";"0";"0";"";"";5.0E-6;-7.0E-6;
2915;"VWS56";"2013";"41.9";"0";"0";"0";"0";"0";"0";"0";"0";"0";"0";"0";"0";"0";"";"";5.0E-6;-7.0E-6;
2916;"VWS56";"2012";"44.5";"0";"0";"0";"0";"0";"0";"0";"0";"0";"0";"0";"0";"0";"";"";5.0E-6;-7.0E-6;
2917;"VWS56";"2011";"42.4";"0";"0";"0";"0";"0";"0";"0";"0";"0";"0";"0";"0";"0";"";"";5.0E-6;-7.0E-6;
2918;"VWS56";"2010";"43.8";"0";"0";"0";"0";"0";"0";"0";"0";"0";"0";"0";"0";"0";"";"";5.0E-6;-7.0E-6;
2919;"WDD103";"2020";"25.6";"30";"27";"24";"21.3";"0";"0";"0";"0";"0";"0";"0";"0";"0";"";"";5.0E-6;-7.0E-6;
2920;"WDD103";"2019";"33.2";"38.2";"36.7";"35.3";"36.9";"28.3";"29.5";"33.2";"34.9";"29.1";"31.5";"29.5";"34.6";"33.3";"";"";5.0E-6;-7.0E-6;
2921;"WDD103";"2018";"33.9";"26.7";"35";"26.6";"43.9";"41.1";"36.5";"24";"35.2";"34.1";"38.4";"40.5";"29.7";"29.2";"";"";5.0E-6;-7.0E-6;
2922;"WDD103";"2017";"34.7";"0";"0";"0";"0";"0";"0";"0";"0";"0";"0";"0";"0";"0";"";"";5.0E-6;-7.0E-6;
2923;"WDD103";"2016";"0";"0";"0";"0";"0";"0";"0";"0";"0";"0";"0";"0";"0";"0";"";"";5.0E-6;-7.0E-6;
2924;"WDD103";"2015";"0";"0";"0";"0";"0";"0";"0";"0";"0";"0";"0";"0";"0";"0";"";"";5.0E-6;-7.0E-6;
2925;"WDD103";"2014";"0";"0";"0";"0";"0";"0";"0";"0";"0";"0";"0";"0";"0";"0";"";"";5.0E-6;-7.0E-6;
2926;"WDD103";"2013";"0";"0";"0";"0";"0";"0";"0";"0";"0";"0";"0";"0";"0";"0";"";"";5.0E-6;-7.0E-6;
2927;"WDD103";"2012";"0";"0";"0";"0";"0";"0";"0";"0";"0";"0";"0";"0";"0";"0";"";"";5.0E-6;-7.0E-6;
2928;"WDD103";"2011";"0";"0";"0";"0";"0";"0";"0";"0";"0";"0";"0";"0";"0";"0";"";"";5.0E-6;-7.0E-6;
2929;"WDD103";"2010";"0";"0";"0";"0";"0";"0";"0";"0";"0";"0";"0";"0";"0";"0";"";"";5.0E-6;-7.0E-6;
2930;"WDK";"2020";"24.4";"29.7";"26";"21.6";"20.3";"0";"0";"0";"0";"0";"0";"0";"0";"0";"";"";5.0E-6;-7.0E-6;
2931;"WDK";"2019";"32.8";"35.2";"39.6";"36";"35.6";"32.8";"21.3";"28.3";"36.2";"30";"0";"0";"0";"0";"";"";5.0E-6;-7.0E-6;
2932;"WDK";"2018";"34.8";"30.3";"36.9";"33.8";"45.9";"41.1";"43";"26.7";"32.1";"29.1";"32.2";"0";"34.5";"31.9";"";"";5.0E-6;-7.0E-6;
2933;"WDK";"2017";"33.7";"0";"0";"0";"0";"0";"0";"0";"0";"0";"0";"0";"0";"0";"";"";5.0E-6;-7.0E-6;
2934;"WDK";"2016";"33";"0";"0";"0";"0";"0";"0";"0";"0";"0";"0";"0";"0";"0";"";"";5.0E-6;-7.0E-6;
2935;"WDK";"2015";"30";"0";"0";"0";"0";"0";"0";"0";"0";"0";"0";"0";"0";"0";"";"";5.0E-6;-7.0E-6;
2936;"WDK";"2014";"31.7";"0";"0";"0";"0";"0";"0";"0";"0";"0";"0";"0";"0";"0";"";"";5.0E-6;-7.0E-6;
2937;"WDK";"2013";"31.7";"0";"0";"0";"0";"0";"0";"0";"0";"0";"0";"0";"0";"0";"";"";5.0E-6;-7.0E-6;
2938;"WDK";"2012";"33.7";"0";"0";"0";"0";"0";"0";"0";"0";"0";"0";"0";"0";"0";"";"";5.0E-6;-7.0E-6;
2939;"WDK";"2011";"33.4";"0";"0";"0";"0";"0";"0";"0";"0";"0";"0";"0";"0";"0";"";"";5.0E-6;-7.0E-6;
2940;"WDK";"2010";"33.4";"0";"0";"0";"0";"0";"0";"0";"0";"0";"0";"0";"0";"0";"";"";5.0E-6;-7.0E-6;
2941;"WIB50";"2020";"25.7";"31.7";"30.4";"21";"19.9";"0";"0";"0";"0";"0";"0";"0";"0";"0";"";"";5.0E-6;-7.0E-6;
2942;"WIB50";"2019";"31.5";"38.2";"38.7";"38.1";"31.8";"26.9";"24.7";"27.4";"28.6";"25.9";"28.7";"29";"36.9";"35.1";"";"";5.0E-6;-7.0E-6;
2943;"WIB50";"2018";"33.6";"32.9";"41.6";"29.7";"39.8";"33.4";"29";"24";"31";"30.1";"37.4";"39.5";"34.5";"0";"";"";5.0E-6;-7.0E-6;
2944;"WIB50";"2017";"36.6";"0";"0";"0";"0";"0";"0";"0";"0";"0";"0";"0";"0";"0";"";"";5.0E-6;-7.0E-6;
2945;"WIB50";"2016";"0";"0";"0";"0";"0";"0";"0";"0";"0";"0";"0";"0";"0";"0";"";"";5.0E-6;-7.0E-6;
2946;"WIB50";"2015";"0";"0";"0";"0";"0";"0";"0";"0";"0";"0";"0";"0";"0";"0";"";"";5.0E-6;-7.0E-6;
2947;"WIB50";"2014";"0";"0";"0";"0";"0";"0";"0";"0";"0";"0";"0";"0";"0";"0";"";"";5.0E-6;-7.0E-6;
2948;"WIB50";"2013";"0";"0";"0";"0";"0";"0";"0";"0";"0";"0";"0";"0";"0";"0";"";"";5.0E-6;-7.0E-6;
2949;"WIB50";"2012";"0";"0";"0";"0";"0";"0";"0";"0";"0";"0";"0";"0";"0";"0";"";"";5.0E-6;-7.0E-6;
2950;"WIB50";"2011";"0";"0";"0";"0";"0";"0";"0";"0";"0";"0";"0";"0";"0";"0";"";"";5.0E-6;-7.0E-6;
2951;"WIB50";"2010";"0";"0";"0";"0";"0";"0";"0";"0";"0";"0";"0";"0";"0";"0";"";"";5.0E-6;-7.0E-6;
2952;"WPW35";"2020";"22";"27.3";"0";"19.7";"19";"0";"0";"0";"0";"0";"0";"0";"0";"0";"";"";5.0E-6;-7.0E-6;
2953;"WPW35";"2019";"29.4";"30.3";"35.8";"29.6";"31.3";"24.5";"23.8";"25";"30.6";"29.7";"26.9";"29.1";"35.1";"30.7";"";"";5.0E-6;-7.0E-6;
2954;"WPW35";"2018";"30.3";"27.6";"35.9";"33.8";"31.6";"34.5";"30.1";"22.7";"26.9";"27.1";"30.1";"33.6";"32.6";"27.4";"";"";5.0E-6;-7.0E-6;
2955;"WPW35";"2017";"36.5";"0";"0";"0";"0";"0";"0";"0";"0";"0";"0";"0";"0";"0";"";"";5.0E-6;-7.0E-6;
2956;"WPW35";"2016";"35.5";"0";"0";"0";"0";"0";"0";"0";"0";"0";"0";"0";"0";"0";"";"";5.0E-6;-7.0E-6;
2957;"WPW35";"2015";"32.4";"0";"0";"0";"0";"0";"0";"0";"0";"0";"0";"0";"0";"0";"";"";5.0E-6;-7.0E-6;
2958;"WPW35";"2014";"32.8";"0";"0";"0";"0";"0";"0";"0";"0";"0";"0";"0";"0";"0";"";"";5.0E-6;-7.0E-6;
2959;"WPW35";"2013";"34.2";"0";"0";"0";"0";"0";"0";"0";"0";"0";"0";"0";"0";"0";"";"";5.0E-6;-7.0E-6;
2960;"WPW35";"2012";"35.1";"0";"0";"0";"0";"0";"0";"0";"0";"0";"0";"0";"0";"0";"";"";5.0E-6;-7.0E-6;
2961;"WPW35";"2011";"33.6";"0";"0";"0";"0";"0";"0";"0";"0";"0";"0";"0";"0";"0";"";"";5.0E-6;-7.0E-6;
2962;"WPW35";"2010";"34.9";"0";"0";"0";"0";"0";"0";"0";"0";"0";"0";"0";"0";"0";"";"";5.0E-6;-7.0E-6;
2963;"WSP13";"2020";"24.2";"30.8";"0";"22.7";"19.1";"0";"0";"0";"0";"0";"0";"0";"0";"0";"";"";5.0E-6;-7.0E-6;
2964;"WSP13";"2019";"29.6";"38.2";"39.6";"33.3";"26.9";"24.2";"21.9";"0";"27.7";"24.4";"27.2";"27.6";"34.3";"29.7";"";"";5.0E-6;-7.0E-6;
2965;"WSP13";"2018";"32";"30.3";"37.8";"29.7";"34.7";"32.2";"0";"26.7";"27.9";"28.1";"33.2";"36.5";"33.5";"32.7";"";"";5.0E-6;-7.0E-6;
2966;"WSP13";"2017";"34.5";"0";"0";"0";"0";"0";"0";"0";"0";"0";"0";"0";"0";"0";"";"";5.0E-6;-7.0E-6;
2967;"WSP13";"2016";"34.4";"0";"0";"0";"0";"0";"0";"0";"0";"0";"0";"0";"0";"0";"";"";5.0E-6;-7.0E-6;
2968;"WSP13";"2015";"35.4";"0";"0";"0";"0";"0";"0";"0";"0";"0";"0";"0";"0";"0";"";"";5.0E-6;-7.0E-6;
2969;"WSP13";"2014";"35.6";"0";"0";"0";"0";"0";"0";"0";"0";"0";"0";"0";"0";"0";"";"";5.0E-6;-7.0E-6;
2970;"WSP13";"2013";"33.6";"0";"0";"0";"0";"0";"0";"0";"0";"0";"0";"0";"0";"0";"";"";5.0E-6;-7.0E-6;
2971;"WSP13";"2012";"37";"0";"0";"0";"0";"0";"0";"0";"0";"0";"0";"0";"0";"0";"";"";5.0E-6;-7.0E-6;
2972;"WSP13";"2011";"37.5";"0";"0";"0";"0";"0";"0";"0";"0";"0";"0";"0";"0";"0";"";"";5.0E-6;-7.0E-6;
2973;"WSP13";"2010";"41.8";"0";"0";"0";"0";"0";"0";"0";"0";"0";"0";"0";"0";"0";"";"";5.0E-6;-7.0E-6;
2974;"WSS100";"2020";"27.4";"34.5";"32.4";"23.8";"18.8";"0";"0";"0";"0";"0";"0";"0";"0";"0";"";"";5.0E-6;-7.0E-6;
2975;"WSS100";"2019";"33.7";"35.2";"41.6";"36.3";"34.7";"28";"34";"26.9";"0";"29.8";"31.2";"30.6";"39.1";"37";"";"";5.0E-6;-7.0E-6;
2976;"WSS100";"2018";"34.9";"32.1";"40.7";"27.6";"41.9";"36.7";"31.1";"26.7";"34.1";"33.1";"39.4";"41.5";"34.5";"34.5";"";"";5.0E-6;-7.0E-6;
2977;"WSS100";"2017";"38.6";"0";"0";"0";"0";"0";"0";"0";"0";"0";"0";"0";"0";"0";"";"";5.0E-6;-7.0E-6;
2978;"WSS100";"2016";"0";"0";"0";"0";"0";"0";"0";"0";"0";"0";"0";"0";"0";"0";"";"";5.0E-6;-7.0E-6;
2979;"WSS100";"2015";"0";"0";"0";"0";"0";"0";"0";"0";"0";"0";"0";"0";"0";"0";"";"";5.0E-6;-7.0E-6;
2980;"WSS100";"2014";"0";"0";"0";"0";"0";"0";"0";"0";"0";"0";"0";"0";"0";"0";"";"";5.0E-6;-7.0E-6;
2981;"WSS100";"2013";"0";"0";"0";"0";"0";"0";"0";"0";"0";"0";"0";"0";"0";"0";"";"";5.0E-6;-7.0E-6;
2982;"WSS100";"2012";"0";"0";"0";"0";"0";"0";"0";"0";"0";"0";"0";"0";"0";"0";"";"";5.0E-6;-7.0E-6;
2983;"WSS100";"2011";"0";"0";"0";"0";"0";"0";"0";"0";"0";"0";"0";"0";"0";"0";"";"";5.0E-6;-7.0E-6;
2984;"WSS100";"2010";"0";"0";"0";"0";"0";"0";"0";"0";"0";"0";"0";"0";"0";"0";"";"";5.0E-6;-7.0E-6;
2985;"WSS105";"2020";"23.4";"30";"25";"19.4";"19.2";"0";"0";"0";"0";"0";"0";"0";"0";"0";"";"";5.0E-6;-7.0E-6;
2986;"WSS105";"2019";"29.5";"0";"35.8";"32";"31";"30.3";"24.4";"26.5";"27.8";"25.4";"26.5";"26.8";"36.4";"31.1";"";"";5.0E-6;-7.0E-6;
2987;"WSS105";"2018";"34.2";"32.1";"38.8";"33.8";"39.8";"0";"38.7";"29.3";"31";"29.1";"32.2";"39.5";"34.5";"31.9";"";"";5.0E-6;-7.0E-6;
2988;"WSS105";"2017";"36.9";"0";"0";"0";"0";"0";"0";"0";"0";"0";"0";"0";"0";"0";"";"";5.0E-6;-7.0E-6;
2989;"WSS105";"2016";"0";"0";"0";"0";"0";"0";"0";"0";"0";"0";"0";"0";"0";"0";"";"";5.0E-6;-7.0E-6;
2990;"WSS105";"2015";"0";"0";"0";"0";"0";"0";"0";"0";"0";"0";"0";"0";"0";"0";"";"";5.0E-6;-7.0E-6;
2991;"WSS105";"2014";"0";"0";"0";"0";"0";"0";"0";"0";"0";"0";"0";"0";"0";"0";"";"";5.0E-6;-7.0E-6;
2992;"WSS105";"2013";"0";"0";"0";"0";"0";"0";"0";"0";"0";"0";"0";"0";"0";"0";"";"";5.0E-6;-7.0E-6;
2993;"WSS105";"2012";"0";"0";"0";"0";"0";"0";"0";"0";"0";"0";"0";"0";"0";"0";"";"";5.0E-6;-7.0E-6;
2994;"WSS105";"2011";"0";"0";"0";"0";"0";"0";"0";"0";"0";"0";"0";"0";"0";"0";"";"";5.0E-6;-7.0E-6;
2995;"WSS105";"2010";"0";"0";"0";"0";"0";"0";"0";"0";"0";"0";"0";"0";"0";"0";"";"";5.0E-6;-7.0E-6;
2996;"Z1";"2020";"18.4";"25.7";"19.5";"14.1";"14.5";"0";"0";"0";"0";"0";"0";"0";"0";"0";"";"";5.0E-6;-7.0E-6;
2997;"Z1";"2019";"19.2";"21";"29.5";"23.1";"18.5";"11.5";"13";"13.2";"16.5";"15";"15.8";"18.3";"28.9";"25.7";"";"";5.0E-6;-7.0E-6;
2998;"Z1";"2018";"20.1";"20";"28.4";"20.5";"23";"17.2";"14";"9.3";"16";"16.5";"19.2";"24.7";"28.3";"24.3";"";"";5.0E-6;-7.0E-6;
2999;"Z1";"2017";"21";"0";"0";"0";"0";"0";"0";"0";"0";"0";"0";"0";"0";"0";"";"";5.0E-6;-7.0E-6;
3000;"Z1";"2016";"20.9";"0";"0";"0";"0";"0";"0";"0";"0";"0";"0";"0";"0";"0";"";"";5.0E-6;-7.0E-6;
3001;"Z1";"2015";"21.7";"0";"0";"0";"0";"0";"0";"0";"0";"0";"0";"0";"0";"0";"";"";5.0E-6;-7.0E-6;
3002;"Z1";"2014";"23.6";"0";"0";"0";"0";"0";"0";"0";"0";"0";"0";"0";"0";"0";"";"";5.0E-6;-7.0E-6;
3003;"Z1";"2013";"22.3";"0";"0";"0";"0";"0";"0";"0";"0";"0";"0";"0";"0";"0";"";"";5.0E-6;-7.0E-6;
3004;"Z1";"2012";"22.5";"0";"0";"0";"0";"0";"0";"0";"0";"0";"0";"0";"0";"0";"";"";5.0E-6;-7.0E-6;
3005;"Z1";"2011";"22.6";"0";"0";"0";"0";"0";"0";"0";"0";"0";"0";"0";"0";"0";"";"";5.0E-6;-7.0E-6;
3006;"Z1";"2010";"24.8";"0";"0";"0";"0";"0";"0";"0";"0";"0";"0";"0";"0";"0";"";"";5.0E-6;-7.0E-6;
3007;"Z10";"2020";"24";"31.2";"22.1";"22.4";"20.5";"0";"0";"0";"0";"0";"0";"0";"0";"0";"";"";5.0E-6;-7.0E-6;
3008;"Z10";"2019";"25.4";"22.5";"35.8";"28.5";"26.5";"19.4";"19.4";"19";"22";"21.8";"23.6";"24.8";"36.6";"30.4";"";"";5.0E-6;-7.0E-6;
3009;"Z10";"2018";"26.5";"24";"34";"30.7";"34.7";"27.8";"18.3";"12";"18.6";"21.1";"26";"31.6";"35.5";"30.1";"";"";5.0E-6;-7.0E-6;
3010;"Z10";"2017";"26.2";"0";"0";"0";"0";"0";"0";"0";"0";"0";"0";"0";"0";"0";"";"";5.0E-6;-7.0E-6;
3011;"Z10";"2016";"28.5";"0";"0";"0";"0";"0";"0";"0";"0";"0";"0";"0";"0";"0";"";"";5.0E-6;-7.0E-6;
3012;"Z10";"2015";"25.6";"0";"0";"0";"0";"0";"0";"0";"0";"0";"0";"0";"0";"0";"";"";5.0E-6;-7.0E-6;
3013;"Z10";"2014";"28.6";"0";"0";"0";"0";"0";"0";"0";"0";"0";"0";"0";"0";"0";"";"";5.0E-6;-7.0E-6;
3014;"Z10";"2013";"27.2";"0";"0";"0";"0";"0";"0";"0";"0";"0";"0";"0";"0";"0";"";"";5.0E-6;-7.0E-6;
3015;"Z10";"2012";"28.2";"0";"0";"0";"0";"0";"0";"0";"0";"0";"0";"0";"0";"0";"";"";5.0E-6;-7.0E-6;
3016;"Z10";"2011";"28.3";"0";"0";"0";"0";"0";"0";"0";"0";"0";"0";"0";"0";"0";"";"";5.0E-6;-7.0E-6;
3017;"Z10";"2010";"30.2";"0";"0";"0";"0";"0";"0";"0";"0";"0";"0";"0";"0";"0";"";"";5.0E-6;-7.0E-6;
3018;"Z11";"2020";"0";"0";"0";"0";"0";"0";"0";"0";"0";"0";"0";"0";"0";"0";"";"";5.0E-6;-7.0E-6;
3019;"Z11";"2019";"0";"0";"0";"0";"0";"0";"0";"0";"0";"0";"0";"0";"0";"0";"";"";5.0E-6;-7.0E-6;
3020;"Z11";"2018";"0";"0";"0";"0";"0";"0";"0";"0";"0";"0";"0";"0";"0";"0";"";"";5.0E-6;-7.0E-6;
3021;"Z11";"2017";"0";"0";"0";"0";"0";"0";"0";"0";"0";"0";"0";"0";"0";"0";"";"";5.0E-6;-7.0E-6;
3022;"Z11";"2016";"0";"0";"0";"0";"0";"0";"0";"0";"0";"0";"0";"0";"0";"0";"";"";5.0E-6;-7.0E-6;
3023;"Z11";"2015";"46.8";"0";"0";"0";"0";"0";"0";"0";"0";"0";"0";"0";"0";"0";"";"";5.0E-6;-7.0E-6;
3024;"Z11";"2014";"51.6";"0";"0";"0";"0";"0";"0";"0";"0";"0";"0";"0";"0";"0";"";"";5.0E-6;-7.0E-6;
3025;"Z11";"2013";"44.1";"0";"0";"0";"0";"0";"0";"0";"0";"0";"0";"0";"0";"0";"";"";5.0E-6;-7.0E-6;
3026;"Z11";"2012";"41";"0";"0";"0";"0";"0";"0";"0";"0";"0";"0";"0";"0";"0";"";"";5.0E-6;-7.0E-6;
3027;"Z11";"2011";"45.2";"0";"0";"0";"0";"0";"0";"0";"0";"0";"0";"0";"0";"0";"";"";5.0E-6;-7.0E-6;
3028;"Z11";"2010";"46.8";"0";"0";"0";"0";"0";"0";"0";"0";"0";"0";"0";"0";"0";"";"";5.0E-6;-7.0E-6;
3029;"Z14";"2020";"33.7";"38.3";"32.2";"33.2";"31.2";"0";"0";"0";"0";"0";"0";"0";"0";"0";"";"";5.0E-6;-7.0E-6;
3030;"Z14";"2019";"35.9";"32.8";"47.8";"44.5";"37.4";"29.8";"28";"26.4";"32";"35.9";"32.9";"34.4";"46.1";"38.5";"";"";5.0E-6;-7.0E-6;
3031;"Z14";"2018";"35.7";"35.2";"45.4";"36.9";"39.3";"44.5";"24.7";"18";"29";"28.6";"0";"40.5";"46";"40.7";"";"";5.0E-6;-7.0E-6;
3032;"Z14";"2017";"39.2";"0";"0";"0";"0";"0";"0";"0";"0";"0";"0";"0";"0";"0";"";"";5.0E-6;-7.0E-6;
3033;"Z14";"2016";"39.7";"0";"0";"0";"0";"0";"0";"0";"0";"0";"0";"0";"0";"0";"";"";5.0E-6;-7.0E-6;
3034;"Z14";"2015";"0";"0";"0";"0";"0";"0";"0";"0";"0";"0";"0";"0";"0";"0";"";"";5.0E-6;-7.0E-6;
3035;"Z14";"2014";"0";"0";"0";"0";"0";"0";"0";"0";"0";"0";"0";"0";"0";"0";"";"";5.0E-6;-7.0E-6;
3036;"Z14";"2013";"0";"0";"0";"0";"0";"0";"0";"0";"0";"0";"0";"0";"0";"0";"";"";5.0E-6;-7.0E-6;
3037;"Z14";"2012";"0";"0";"0";"0";"0";"0";"0";"0";"0";"0";"0";"0";"0";"0";"";"";5.0E-6;-7.0E-6;
3038;"Z14";"2011";"0";"0";"0";"0";"0";"0";"0";"0";"0";"0";"0";"0";"0";"0";"";"";5.0E-6;-7.0E-6;
3039;"Z14";"2010";"0";"0";"0";"0";"0";"0";"0";"0";"0";"0";"0";"0";"0";"0";"";"";5.0E-6;-7.0E-6;
3040;"Z2";"2020";"22.5";"24.7";"23.9";"0";"18.7";"0";"0";"0";"0";"0";"0";"0";"0";"0";"";"";5.0E-6;-7.0E-6;
3041;"Z2";"2019";"28.6";"0";"42.5";"36.2";"31.1";"24";"22.8";"23.4";"18.7";"0";"0";"22.8";"34.9";"29.6";"";"";5.0E-6;-7.0E-6;
3042;"Z2";"2018";"26.7";"30.3";"34";"25.6";"36.8";"21.1";"16.1";"10.7";"23.8";"20.1";"23.9";"33.6";"40.3";"31";"";"";5.0E-6;-7.0E-6;
3043;"Z2";"2017";"28.1";"0";"0";"0";"0";"0";"0";"0";"0";"0";"0";"0";"0";"0";"";"";5.0E-6;-7.0E-6;
3044;"Z2";"2016";"31";"0";"0";"0";"0";"0";"0";"0";"0";"0";"0";"0";"0";"0";"";"";5.0E-6;-7.0E-6;
3045;"Z2";"2015";"27.4";"0";"0";"0";"0";"0";"0";"0";"0";"0";"0";"0";"0";"0";"";"";5.0E-6;-7.0E-6;
3046;"Z2";"2014";"30.2";"0";"0";"0";"0";"0";"0";"0";"0";"0";"0";"0";"0";"0";"";"";5.0E-6;-7.0E-6;
3047;"Z2";"2013";"26.6";"0";"0";"0";"0";"0";"0";"0";"0";"0";"0";"0";"0";"0";"";"";5.0E-6;-7.0E-6;
3048;"Z2";"2012";"31.4";"0";"0";"0";"0";"0";"0";"0";"0";"0";"0";"0";"0";"0";"";"";5.0E-6;-7.0E-6;
3049;"Z2";"2011";"31.3";"0";"0";"0";"0";"0";"0";"0";"0";"0";"0";"0";"0";"0";"";"";5.0E-6;-7.0E-6;
3050;"Z2";"2010";"32.9";"0";"0";"0";"0";"0";"0";"0";"0";"0";"0";"0";"0";"0";"";"";5.0E-6;-7.0E-6;
3051;"Z3";"2020";"20.6";"26.5";"21.8";"18.6";"15.8";"0";"0";"0";"0";"0";"0";"0";"0";"0";"";"";5.0E-6;-7.0E-6;
3052;"Z3";"2019";"22.5";"26.4";"31.4";"26.7";"21.7";"17.4";"17.8";"16.9";"19.8";"19.6";"18.3";"21.1";"28.4";"27.3";"";"";5.0E-6;-7.0E-6;
3053;"Z3";"2018";"23";"21.8";"29.8";"22";"0";"20";"0";"12";"20.7";"20.1";"23.9";"28.6";"28.3";"25.7";"";"";5.0E-6;-7.0E-6;
3054;"Z3";"2017";"25.1";"0";"0";"0";"0";"0";"0";"0";"0";"0";"0";"0";"0";"0";"";"";5.0E-6;-7.0E-6;
3055;"Z3";"2016";"25.7";"0";"0";"0";"0";"0";"0";"0";"0";"0";"0";"0";"0";"0";"";"";5.0E-6;-7.0E-6;
3056;"Z3";"2015";"23.7";"0";"0";"0";"0";"0";"0";"0";"0";"0";"0";"0";"0";"0";"";"";5.0E-6;-7.0E-6;
3057;"Z3";"2014";"26.9";"0";"0";"0";"0";"0";"0";"0";"0";"0";"0";"0";"0";"0";"";"";5.0E-6;-7.0E-6;
3058;"Z3";"2013";"25.6";"0";"0";"0";"0";"0";"0";"0";"0";"0";"0";"0";"0";"0";"";"";5.0E-6;-7.0E-6;
3059;"Z3";"2012";"31.9";"0";"0";"0";"0";"0";"0";"0";"0";"0";"0";"0";"0";"0";"";"";5.0E-6;-7.0E-6;
3060;"Z3";"2011";"29.5";"0";"0";"0";"0";"0";"0";"0";"0";"0";"0";"0";"0";"0";"";"";5.0E-6;-7.0E-6;
3061;"Z3";"2010";"28.9";"0";"0";"0";"0";"0";"0";"0";"0";"0";"0";"0";"0";"0";"";"";5.0E-6;-7.0E-6;
3062;"Z4";"2020";"23.1";"29.2";"22";"21";"20.2";"0";"0";"0";"0";"0";"0";"0";"0";"0";"";"";5.0E-6;-7.0E-6;
3063;"Z4";"2019";"22.6";"24.5";"32.9";"26.8";"23";"16.2";"12.8";"15.6";"19.5";"0";"20.6";"21.7";"29.8";"27.9";"";"";5.0E-6;-7.0E-6;
3064;"Z4";"2018";"23.8";"21.4";"31.2";"25.6";"25.5";"26.7";"16.1";"12";"0";"19";"21.8";"28.6";"30.7";"26.5";"";"";5.0E-6;-7.0E-6;
3065;"Z4";"2017";"23.9";"0";"0";"0";"0";"0";"0";"0";"0";"0";"0";"0";"0";"0";"";"";5.0E-6;-7.0E-6;
3066;"Z4";"2016";"24.8";"0";"0";"0";"0";"0";"0";"0";"0";"0";"0";"0";"0";"0";"";"";5.0E-6;-7.0E-6;
3067;"Z4";"2015";"22.8";"0";"0";"0";"0";"0";"0";"0";"0";"0";"0";"0";"0";"0";"";"";5.0E-6;-7.0E-6;
3068;"Z4";"2014";"25.6";"0";"0";"0";"0";"0";"0";"0";"0";"0";"0";"0";"0";"0";"";"";5.0E-6;-7.0E-6;
3069;"Z4";"2013";"25.1";"0";"0";"0";"0";"0";"0";"0";"0";"0";"0";"0";"0";"0";"";"";5.0E-6;-7.0E-6;
3070;"Z4";"2012";"28.4";"0";"0";"0";"0";"0";"0";"0";"0";"0";"0";"0";"0";"0";"";"";5.0E-6;-7.0E-6;
3071;"Z4";"2011";"27.3";"0";"0";"0";"0";"0";"0";"0";"0";"0";"0";"0";"0";"0";"";"";5.0E-6;-7.0E-6;
3072;"Z4";"2010";"29.9";"0";"0";"0";"0";"0";"0";"0";"0";"0";"0";"0";"0";"0";"";"";5.0E-6;-7.0E-6;
3073;"Z5";"2020";"23.6";"32.1";"23.4";"20.1";"18.9";"0";"0";"0";"0";"0";"0";"0";"0";"0";"";"";5.0E-6;-7.0E-6;
3074;"Z5";"2019";"24.2";"26.4";"35.3";"28.9";"21.6";"16.9";"14.5";"16.4";"19.3";"20.8";"22.1";"24.2";"35.4";"32.9";"";"";5.0E-6;-7.0E-6;
3075;"Z5";"2018";"24.1";"23.1";"31.7";"24.6";"31.6";"17.8";"15";"11.3";"19.7";"20.1";"26";"30.6";"32.6";"28.8";"";"";5.0E-6;-7.0E-6;
3076;"Z5";"2017";"25.3";"0";"0";"0";"0";"0";"0";"0";"0";"0";"0";"0";"0";"0";"";"";5.0E-6;-7.0E-6;
3077;"Z5";"2016";"25.8";"0";"0";"0";"0";"0";"0";"0";"0";"0";"0";"0";"0";"0";"";"";5.0E-6;-7.0E-6;
3078;"Z5";"2015";"25.9";"0";"0";"0";"0";"0";"0";"0";"0";"0";"0";"0";"0";"0";"";"";5.0E-6;-7.0E-6;
3079;"Z5";"2014";"28.1";"0";"0";"0";"0";"0";"0";"0";"0";"0";"0";"0";"0";"0";"";"";5.0E-6;-7.0E-6;
3080;"Z5";"2013";"27.3";"0";"0";"0";"0";"0";"0";"0";"0";"0";"0";"0";"0";"0";"";"";5.0E-6;-7.0E-6;
3081;"Z5";"2012";"30.2";"0";"0";"0";"0";"0";"0";"0";"0";"0";"0";"0";"0";"0";"";"";5.0E-6;-7.0E-6;
3082;"Z5";"2011";"30";"0";"0";"0";"0";"0";"0";"0";"0";"0";"0";"0";"0";"0";"";"";5.0E-6;-7.0E-6;
3083;"Z5";"2010";"30.5";"0";"0";"0";"0";"0";"0";"0";"0";"0";"0";"0";"0";"0";"";"";5.0E-6;-7.0E-6;
3084;"Z6";"2020";"22.1";"28.9";"23.1";"17.7";"18.8";"0";"0";"0";"0";"0";"0";"0";"0";"0";"";"";5.0E-6;-7.0E-6;
3085;"Z6";"2019";"24.7";"26.4";"34.8";"26.3";"24.9";"19.8";"17.3";"17.5";"20.7";"20.3";"22.8";"23.7";"35";"31.1";"";"";5.0E-6;-7.0E-6;
3086;"Z6";"2018";"25.4";"24.9";"34";"27.6";"26.5";"21.1";"19.3";"12";"22.8";"21.1";"26";"30.6";"33.5";"30.1";"";"";5.0E-6;-7.0E-6;
3087;"Z6";"2017";"25.4";"0";"0";"0";"0";"0";"0";"0";"0";"0";"0";"0";"0";"0";"";"";5.0E-6;-7.0E-6;
3088;"Z6";"2016";"26.1";"0";"0";"0";"0";"0";"0";"0";"0";"0";"0";"0";"0";"0";"";"";5.0E-6;-7.0E-6;
3089;"Z6";"2015";"25.2";"0";"0";"0";"0";"0";"0";"0";"0";"0";"0";"0";"0";"0";"";"";5.0E-6;-7.0E-6;
3090;"Z6";"2014";"26.6";"0";"0";"0";"0";"0";"0";"0";"0";"0";"0";"0";"0";"0";"";"";5.0E-6;-7.0E-6;
3091;"Z6";"2013";"24.9";"0";"0";"0";"0";"0";"0";"0";"0";"0";"0";"0";"0";"0";"";"";5.0E-6;-7.0E-6;
3092;"Z6";"2012";"27.1";"0";"0";"0";"0";"0";"0";"0";"0";"0";"0";"0";"0";"0";"";"";5.0E-6;-7.0E-6;
3093;"Z6";"2011";"29";"0";"0";"0";"0";"0";"0";"0";"0";"0";"0";"0";"0";"0";"";"";5.0E-6;-7.0E-6;
3094;"Z6";"2010";"30.6";"0";"0";"0";"0";"0";"0";"0";"0";"0";"0";"0";"0";"0";"";"";5.0E-6;-7.0E-6;
3095;"Z7";"2020";"32.9";"45";"32.9";"31.8";"21.9";"0";"0";"0";"0";"0";"0";"0";"0";"0";"";"";5.0E-6;-7.0E-6;
3096;"Z7";"2019";"33.4";"39.2";"52.2";"39.5";"27.9";"20.5";"22.1";"19.8";"24.8";"29";"30.3";"33.9";"48.2";"47.1";"";"";5.0E-6;-7.0E-6;
3097;"Z7";"2018";"31.3";"34.7";"47.3";"27.6";"33.7";"33.4";"16.1";"10.7";"0";"26.1";"36.3";"39.5";"39.3";"0";"";"";5.0E-6;-7.0E-6;
3098;"Z7";"2017";"33.1";"0";"0";"0";"0";"0";"0";"0";"0";"0";"0";"0";"0";"0";"";"";5.0E-6;-7.0E-6;
3099;"Z7";"2016";"33.7";"0";"0";"0";"0";"0";"0";"0";"0";"0";"0";"0";"0";"0";"";"";5.0E-6;-7.0E-6;
3100;"Z7";"2015";"31.7";"0";"0";"0";"0";"0";"0";"0";"0";"0";"0";"0";"0";"0";"";"";5.0E-6;-7.0E-6;
3101;"Z7";"2014";"32.9";"0";"0";"0";"0";"0";"0";"0";"0";"0";"0";"0";"0";"0";"";"";5.0E-6;-7.0E-6;
3102;"Z7";"2013";"31.7";"0";"0";"0";"0";"0";"0";"0";"0";"0";"0";"0";"0";"0";"";"";5.0E-6;-7.0E-6;
3103;"Z7";"2012";"37.4";"0";"0";"0";"0";"0";"0";"0";"0";"0";"0";"0";"0";"0";"";"";5.0E-6;-7.0E-6;
3104;"Z7";"2011";"39.4";"0";"0";"0";"0";"0";"0";"0";"0";"0";"0";"0";"0";"0";"";"";5.0E-6;-7.0E-6;
3105;"Z7";"2010";"37.6";"0";"0";"0";"0";"0";"0";"0";"0";"0";"0";"0";"0";"0";"";"";5.0E-6;-7.0E-6;
3106;"Z8";"2020";"30.4";"58";"24";"19.3";"20.2";"0";"0";"0";"0";"0";"0";"0";"0";"0";"";"";5.0E-6;-7.0E-6;
3107;"Z8";"2019";"24.5";"25.5";"37.7";"29.7";"25.6";"19.4";"19.4";"18.1";"22.7";"22.5";"24.2";"24.9";"0";"0";"";"";5.0E-6;-7.0E-6;
3108;"Z8";"2018";"26.8";"24.5";"31.7";"27.6";"29.1";"23.9";"19.9";"12";"24.8";"22.1";"28";"37";"37.4";"30.5";"";"";5.0E-6;-7.0E-6;
3109;"Z8";"2017";"28.1";"0";"0";"0";"0";"0";"0";"0";"0";"0";"0";"0";"0";"0";"";"";5.0E-6;-7.0E-6;
3110;"Z8";"2016";"26.3";"0";"0";"0";"0";"0";"0";"0";"0";"0";"0";"0";"0";"0";"";"";5.0E-6;-7.0E-6;
3111;"Z8";"2015";"24.9";"0";"0";"0";"0";"0";"0";"0";"0";"0";"0";"0";"0";"0";"";"";5.0E-6;-7.0E-6;
3112;"Z8";"2014";"28.4";"0";"0";"0";"0";"0";"0";"0";"0";"0";"0";"0";"0";"0";"";"";5.0E-6;-7.0E-6;
3113;"Z8";"2013";"27.3";"0";"0";"0";"0";"0";"0";"0";"0";"0";"0";"0";"0";"0";"";"";5.0E-6;-7.0E-6;
3114;"Z8";"2012";"29.8";"0";"0";"0";"0";"0";"0";"0";"0";"0";"0";"0";"0";"0";"";"";5.0E-6;-7.0E-6;
3115;"Z8";"2011";"28.6";"0";"0";"0";"0";"0";"0";"0";"0";"0";"0";"0";"0";"0";"";"";5.0E-6;-7.0E-6;
3116;"Z8";"2010";"28.7";"0";"0";"0";"0";"0";"0";"0";"0";"0";"0";"0";"0";"0";"";"";5.0E-6;-7.0E-6;
3117;"Z9";"2020";"28";"36.7";"26.3";"24.4";"24.4";"0";"0";"0";"0";"0";"0";"0";"0";"0";"";"";5.0E-6;-7.0E-6;
3118;"Z9";"2019";"31.2";"33.3";"45.4";"32.8";"32.9";"25.4";"24.1";"23.4";"24.6";"26.1";"31.2";"29.6";"40.4";"36.8";"";"";5.0E-6;-7.0E-6;
3119;"Z9";"2018";"29.5";"29.4";"40.7";"24.6";"25.5";"24.5";"26.8";"18.7";"24.8";"26.1";"32.2";"37.5";"38.3";"34.5";"";"";5.0E-6;-7.0E-6;
3120;"Z9";"2017";"30.6";"0";"0";"0";"0";"0";"0";"0";"0";"0";"0";"0";"0";"0";"";"";5.0E-6;-7.0E-6;
3121;"Z9";"2016";"33.7";"0";"0";"0";"0";"0";"0";"0";"0";"0";"0";"0";"0";"0";"";"";5.0E-6;-7.0E-6;
3122;"Z9";"2015";"30.3";"0";"0";"0";"0";"0";"0";"0";"0";"0";"0";"0";"0";"0";"";"";5.0E-6;-7.0E-6;
3123;"Z9";"2014";"33";"0";"0";"0";"0";"0";"0";"0";"0";"0";"0";"0";"0";"0";"";"";5.0E-6;-7.0E-6;
3124;"Z9";"2013";"30.4";"0";"0";"0";"0";"0";"0";"0";"0";"0";"0";"0";"0";"0";"";"";5.0E-6;-7.0E-6;
3125;"Z9";"2012";"31.8";"0";"0";"0";"0";"0";"0";"0";"0";"0";"0";"0";"0";"0";"";"";5.0E-6;-7.0E-6;
3126;"Z9";"2011";"29.5";"0";"0";"0";"0";"0";"0";"0";"0";"0";"0";"0";"0";"0";"";"";5.0E-6;-7.0E-6;
3127;"Z9";"2010";"31.1";"0";"0";"0";"0";"0";"0";"0";"0";"0";"0";"0";"0";"0";"";"";5.0E-6;-7.0E-6;
3128;"ZEIL34";"2020";"25.2";"27.6";"26.8";"21.8";"24.6";"0";"0";"0";"0";"0";"0";"0";"0";"0";"";"";5.0E-6;-7.0E-6;
3129;"ZEIL34";"2019";"29";"38.2";"36.7";"32.1";"28.7";"23.9";"24";"31.9";"19.2";"22.4";"29.7";"26.1";"34.3";"29.7";"";"";5.0E-6;-7.0E-6;
3130;"ZEIL34";"2018";"32.7";"28.5";"35";"34.8";"43.9";"28.9";"38.7";"17.3";"31";"33.1";"36.3";"40.5";"28.8";"28.3";"";"";5.0E-6;-7.0E-6;
3131;"ZEIL34";"2017";"37.1";"0";"0";"0";"0";"0";"0";"0";"0";"0";"0";"0";"0";"0";"";"";5.0E-6;-7.0E-6;
3132;"ZEIL34";"2016";"35.9";"0";"0";"0";"0";"0";"0";"0";"0";"0";"0";"0";"0";"0";"";"";5.0E-6;-7.0E-6;
3133;"ZEIL34";"2015";"32.7";"0";"0";"0";"0";"0";"0";"0";"0";"0";"0";"0";"0";"0";"";"";5.0E-6;-7.0E-6;
3134;"ZEIL34";"2014";"37.9";"0";"0";"0";"0";"0";"0";"0";"0";"0";"0";"0";"0";"0";"";"";5.0E-6;-7.0E-6;
3135;"ZEIL34";"2013";"39.5";"0";"0";"0";"0";"0";"0";"0";"0";"0";"0";"0";"0";"0";"";"";5.0E-6;-7.0E-6;
3136;"ZEIL34";"2012";"39.9";"0";"0";"0";"0";"0";"0";"0";"0";"0";"0";"0";"0";"0";"";"";5.0E-6;-7.0E-6;
3137;"ZEIL34";"2011";"40.7";"0";"0";"0";"0";"0";"0";"0";"0";"0";"0";"0";"0";"0";"";"";5.0E-6;-7.0E-6;
3138;"ZEIL34";"2010";"46.7";"0";"0";"0";"0";"0";"0";"0";"0";"0";"0";"0";"0";"0";"";"";5.0E-6;-7.0E-6;
3139;"ZL1";"2020";"25.3";"32.5";"26.5";"21.4";"20.7";"0";"0";"0";"0";"0";"0";"0";"0";"0";"";"";5.0E-6;-7.0E-6;
3140;"ZL1";"2019";"25.1";"25.5";"36.7";"30.9";"27.4";"15.8";"13.7";"19.1";"20.6";"21.7";"23.6";"24.4";"36";"30.4";"";"";5.0E-6;-7.0E-6;
3141;"ZL1";"2018";"27.3";"27.6";"36.9";"24.6";"29.6";"22.2";"16.1";"14.7";"0";"22.1";"0";"36.5";"37.4";"32.7";"";"";5.0E-6;-7.0E-6;
3142;"ZL1";"2017";"0";"0";"0";"0";"0";"0";"0";"0";"0";"0";"0";"0";"0";"0";"";"";5.0E-6;-7.0E-6;
3143;"ZL1";"2016";"0";"0";"0";"0";"0";"0";"0";"0";"0";"0";"0";"0";"0";"0";"";"";5.0E-6;-7.0E-6;
3144;"ZL1";"2015";"0";"0";"0";"0";"0";"0";"0";"0";"0";"0";"0";"0";"0";"0";"";"";5.0E-6;-7.0E-6;
3145;"ZL1";"2014";"0";"0";"0";"0";"0";"0";"0";"0";"0";"0";"0";"0";"0";"0";"";"";5.0E-6;-7.0E-6;
3146;"ZL1";"2013";"0";"0";"0";"0";"0";"0";"0";"0";"0";"0";"0";"0";"0";"0";"";"";5.0E-6;-7.0E-6;
3147;"ZL1";"2012";"0";"0";"0";"0";"0";"0";"0";"0";"0";"0";"0";"0";"0";"0";"";"";5.0E-6;-7.0E-6;
3148;"ZL1";"2011";"0";"0";"0";"0";"0";"0";"0";"0";"0";"0";"0";"0";"0";"0";"";"";5.0E-6;-7.0E-6;
3149;"ZL1";"2010";"0";"0";"0";"0";"0";"0";"0";"0";"0";"0";"0";"0";"0";"0";"";"";5.0E-6;-7.0E-6;
3150;"ZL2";"2020";"26.8";"35.7";"25.9";"23.2";"22.5";"0";"0";"0";"0";"0";"0";"0";"0";"0";"";"";5.0E-6;-7.0E-6;
3151;"ZL2";"2019";"27.8";"32.8";"39.1";"30";"26.7";"16.9";"20.2";"19.9";"24.2";"24.6";"26.6";"26.9";"38.6";"35.1";"";"";5.0E-6;-7.0E-6;
3152;"ZL2";"2018";"27.8";"30.3";"37.8";"24.6";"32.7";"23.3";"18.3";"9.3";"25.9";"25.1";"30.6";"38.5";"37.4";"0";"";"";5.0E-6;-7.0E-6;
3153;"ZL2";"2017";"0";"0";"0";"0";"0";"0";"0";"0";"0";"0";"0";"0";"0";"0";"";"";5.0E-6;-7.0E-6;
3154;"ZL2";"2016";"0";"0";"0";"0";"0";"0";"0";"0";"0";"0";"0";"0";"0";"0";"";"";5.0E-6;-7.0E-6;
3155;"ZL2";"2015";"0";"0";"0";"0";"0";"0";"0";"0";"0";"0";"0";"0";"0";"0";"";"";5.0E-6;-7.0E-6;
3156;"ZL2";"2014";"0";"0";"0";"0";"0";"0";"0";"0";"0";"0";"0";"0";"0";"0";"";"";5.0E-6;-7.0E-6;
3157;"ZL2";"2013";"0";"0";"0";"0";"0";"0";"0";"0";"0";"0";"0";"0";"0";"0";"";"";5.0E-6;-7.0E-6;
3158;"ZL2";"2012";"0";"0";"0";"0";"0";"0";"0";"0";"0";"0";"0";"0";"0";"0";"";"";5.0E-6;-7.0E-6;
3159;"ZL2";"2011";"0";"0";"0";"0";"0";"0";"0";"0";"0";"0";"0";"0";"0";"0";"";"";5.0E-6;-7.0E-6;
3160;"ZL2";"2010";"0";"0";"0";"0";"0";"0";"0";"0";"0";"0";"0";"0";"0";"0";"";"";5.0E-6;-7.0E-6;
3161;"ZL3";"2020";"21.2";"27.5";"19.9";"17.7";"19.9";"0";"0";"0";"0";"0";"0";"0";"0";"0";"";"";5.0E-6;-7.0E-6;
3162;"ZL3";"2019";"22.5";"24.5";"32.4";"24.2";"23.5";"15.3";"16.5";"17.3";"18.4";"16.8";"21.2";"20.9";"32.6";"29.4";"";"";5.0E-6;-7.0E-6;
3163;"ZL3";"2018";"23.6";"22.3";"30.3";"22.5";"30.6";"22.2";"17.2";"14.7";"20.7";"18";"22.3";"28.6";"30.7";"27";"";"";5.0E-6;-7.0E-6;
3164;"ZL3";"2017";"0";"0";"0";"0";"0";"0";"0";"0";"0";"0";"0";"0";"0";"0";"";"";5.0E-6;-7.0E-6;
3165;"ZL3";"2016";"0";"0";"0";"0";"0";"0";"0";"0";"0";"0";"0";"0";"0";"0";"";"";5.0E-6;-7.0E-6;
3166;"ZL3";"2015";"0";"0";"0";"0";"0";"0";"0";"0";"0";"0";"0";"0";"0";"0";"";"";5.0E-6;-7.0E-6;
3167;"ZL3";"2014";"0";"0";"0";"0";"0";"0";"0";"0";"0";"0";"0";"0";"0";"0";"";"";5.0E-6;-7.0E-6;
3168;"ZL3";"2013";"0";"0";"0";"0";"0";"0";"0";"0";"0";"0";"0";"0";"0";"0";"";"";5.0E-6;-7.0E-6;
3169;"ZL3";"2012";"0";"0";"0";"0";"0";"0";"0";"0";"0";"0";"0";"0";"0";"0";"";"";5.0E-6;-7.0E-6;
3170;"ZL3";"2011";"0";"0";"0";"0";"0";"0";"0";"0";"0";"0";"0";"0";"0";"0";"";"";5.0E-6;-7.0E-6;
3171;"ZL3";"2010";"0";"0";"0";"0";"0";"0";"0";"0";"0";"0";"0";"0";"0";"0";"";"";5.0E-6;-7.0E-6;
3172;"ZL4";"2020";"21.1";"26.9";"20.7";"17.1";"19.7";"0";"0";"0";"0";"0";"0";"0";"0";"0";"";"";5.0E-6;-7.0E-6;
3173;"ZL4";"2019";"22";"24.5";"31.4";"24.5";"23.3";"17.3";"15.7";"15.8";"17.5";"18.2";"19.2";"20.5";"31.2";"26.2";"";"";5.0E-6;-7.0E-6;
3174;"ZL4";"2018";"22.2";"21.4";"29.3";"22.5";"28.6";"20";"16.1";"12";"19.7";"19";"20.2";"25.2";"28.8";"26.1";"";"";5.0E-6;-7.0E-6;
3175;"ZL4";"2017";"0";"0";"0";"0";"0";"0";"0";"0";"0";"0";"0";"0";"0";"0";"";"";5.0E-6;-7.0E-6;
3176;"ZL4";"2016";"0";"0";"0";"0";"0";"0";"0";"0";"0";"0";"0";"0";"0";"0";"";"";5.0E-6;-7.0E-6;
3177;"ZL4";"2015";"0";"0";"0";"0";"0";"0";"0";"0";"0";"0";"0";"0";"0";"0";"";"";5.0E-6;-7.0E-6;
3178;"ZL4";"2014";"0";"0";"0";"0";"0";"0";"0";"0";"0";"0";"0";"0";"0";"0";"";"";5.0E-6;-7.0E-6;
3179;"ZL4";"2013";"0";"0";"0";"0";"0";"0";"0";"0";"0";"0";"0";"0";"0";"0";"";"";5.0E-6;-7.0E-6;
3180;"ZL4";"2012";"0";"0";"0";"0";"0";"0";"0";"0";"0";"0";"0";"0";"0";"0";"";"";5.0E-6;-7.0E-6;
3181;"ZL4";"2011";"0";"0";"0";"0";"0";"0";"0";"0";"0";"0";"0";"0";"0";"0";"";"";5.0E-6;-7.0E-6;
3182;"ZL4";"2010";"0";"0";"0";"0";"0";"0";"0";"0";"0";"0";"0";"0";"0";"0";"";"";5.0E-6;-7.0E-6;
3183;"ZL5";"2020";"20.6";"25.3";"19.6";"17";"0";"0";"0";"0";"0";"0";"0";"0";"0";"0";"";"";5.0E-6;-7.0E-6;
3184;"ZL5";"2019";"24.1";"25.5";"31.9";"25.6";"25.3";"22";"18.1";"20.2";"21.2";"20.5";"0";"21.7";"30";"27.7";"";"";5.0E-6;-7.0E-6;
3185;"ZL5";"2018";"26.6";"21.4";"30.3";"25.6";"0";"25.6";"24.7";"22.7";"29";"23.1";"26";"32.6";"30.7";"27.4";"";"";5.0E-6;-7.0E-6;
3186;"ZL5";"2017";"0";"0";"0";"0";"0";"0";"0";"0";"0";"0";"0";"0";"0";"0";"";"";5.0E-6;-7.0E-6;
3187;"ZL5";"2016";"0";"0";"0";"0";"0";"0";"0";"0";"0";"0";"0";"0";"0";"0";"";"";5.0E-6;-7.0E-6;
3188;"ZL5";"2015";"0";"0";"0";"0";"0";"0";"0";"0";"0";"0";"0";"0";"0";"0";"";"";5.0E-6;-7.0E-6;
3189;"ZL5";"2014";"0";"0";"0";"0";"0";"0";"0";"0";"0";"0";"0";"0";"0";"0";"";"";5.0E-6;-7.0E-6;
3190;"ZL5";"2013";"0";"0";"0";"0";"0";"0";"0";"0";"0";"0";"0";"0";"0";"0";"";"";5.0E-6;-7.0E-6;
3191;"ZL5";"2012";"0";"0";"0";"0";"0";"0";"0";"0";"0";"0";"0";"0";"0";"0";"";"";5.0E-6;-7.0E-6;
3192;"ZL5";"2011";"0";"0";"0";"0";"0";"0";"0";"0";"0";"0";"0";"0";"0";"0";"";"";5.0E-6;-7.0E-6;
3193;"ZL5";"2010";"0";"0";"0";"0";"0";"0";"0";"0";"0";"0";"0";"0";"0";"0";"";"";5.0E-6;-7.0E-6;
3194;"ZL6";"2020";"20.3";"22.9";"20.5";"18.8";"19";"0";"0";"0";"0";"0";"0";"0";"0";"0";"";"";5.0E-6;-7.0E-6;
3195;"ZL6";"2019";"23.3";"23.5";"34.8";"26.6";"21.9";"18.5";"16.7";"15.4";"19.3";"19.5";"21.7";"25.8";"35";"24.6";"";"";5.0E-6;-7.0E-6;
3196;"ZL6";"2018";"24.3";"21.4";"31.2";"23.5";"27.6";"20";"19.3";"16";"20.7";"20.1";"24.9";"30.6";"32.6";"28.3";"";"";5.0E-6;-7.0E-6;
3197;"ZL6";"2017";"0";"0";"0";"0";"0";"0";"0";"0";"0";"0";"0";"0";"0";"0";"";"";5.0E-6;-7.0E-6;
3198;"ZL6";"2016";"0";"0";"0";"0";"0";"0";"0";"0";"0";"0";"0";"0";"0";"0";"";"";5.0E-6;-7.0E-6;
3199;"ZL6";"2015";"0";"0";"0";"0";"0";"0";"0";"0";"0";"0";"0";"0";"0";"0";"";"";5.0E-6;-7.0E-6;
3200;"ZL6";"2014";"0";"0";"0";"0";"0";"0";"0";"0";"0";"0";"0";"0";"0";"0";"";"";5.0E-6;-7.0E-6;
3201;"ZL6";"2013";"0";"0";"0";"0";"0";"0";"0";"0";"0";"0";"0";"0";"0";"0";"";"";5.0E-6;-7.0E-6;
3202;"ZL6";"2012";"0";"0";"0";"0";"0";"0";"0";"0";"0";"0";"0";"0";"0";"0";"";"";5.0E-6;-7.0E-6;
3203;"ZL6";"2011";"0";"0";"0";"0";"0";"0";"0";"0";"0";"0";"0";"0";"0";"0";"";"";5.0E-6;-7.0E-6;
3204;"ZL6";"2010";"0";"0";"0";"0";"0";"0";"0";"0";"0";"0";"0";"0";"0";"0";"";"";5.0E-6;-7.0E-6;
3205;"ZL7";"2020";"22.6";"28.7";"23";"20";"18.5";"0";"0";"0";"0";"0";"0";"0";"0";"0";"";"";5.0E-6;-7.0E-6;
3206;"ZL7";"2019";"23.8";"23.5";"34.8";"27.2";"22.7";"17.6";"15.6";"15.5";"18.8";"19.9";"20.2";"25.4";"35.6";"32.5";"";"";5.0E-6;-7.0E-6;
3207;"ZL7";"2018";"24.2";"22.3";"31.2";"24.6";"29.6";"21.1";"18.3";"14.7";"19.7";"18";"22.8";"28.6";"34.5";"29.2";"";"";5.0E-6;-7.0E-6;
3208;"ZL7";"2017";"0";"0";"0";"0";"0";"0";"0";"0";"0";"0";"0";"0";"0";"0";"";"";5.0E-6;-7.0E-6;
3209;"ZL7";"2016";"0";"0";"0";"0";"0";"0";"0";"0";"0";"0";"0";"0";"0";"0";"";"";5.0E-6;-7.0E-6;
3210;"ZL7";"2015";"0";"0";"0";"0";"0";"0";"0";"0";"0";"0";"0";"0";"0";"0";"";"";5.0E-6;-7.0E-6;
3211;"ZL7";"2014";"0";"0";"0";"0";"0";"0";"0";"0";"0";"0";"0";"0";"0";"0";"";"";5.0E-6;-7.0E-6;
3212;"ZL7";"2013";"0";"0";"0";"0";"0";"0";"0";"0";"0";"0";"0";"0";"0";"0";"";"";5.0E-6;-7.0E-6;
3213;"ZL7";"2012";"0";"0";"0";"0";"0";"0";"0";"0";"0";"0";"0";"0";"0";"0";"";"";5.0E-6;-7.0E-6;
3214;"ZL7";"2011";"0";"0";"0";"0";"0";"0";"0";"0";"0";"0";"0";"0";"0";"0";"";"";5.0E-6;-7.0E-6;
3215;"ZL7";"2010";"0";"0";"0";"0";"0";"0";"0";"0";"0";"0";"0";"0";"0";"0";"";"";5.0E-6;-7.0E-6;
3216;"ZL8";"2020";"24.4";"31.1";"25.6";"24.3";"16.7";"0";"0";"0";"0";"0";"0";"0";"0";"0";"";"";5.0E-6;-7.0E-6;
3217;"ZL8";"2019";"24.9";"29.4";"35.8";"29.8";"21.3";"16.5";"0";"16.8";"20.3";"22.7";"22.2";"22.5";"29.8";"31.9";"";"";5.0E-6;-7.0E-6;
3218;"ZL8";"2018";"26";"24.9";"35.9";"23.5";"31.6";"23.3";"11.8";"0";"20.7";"22.1";"27";"30.6";"30.7";"30.1";"";"";5.0E-6;-7.0E-6;
3219;"ZL8";"2017";"0";"0";"0";"0";"0";"0";"0";"0";"0";"0";"0";"0";"0";"0";"";"";5.0E-6;-7.0E-6;
3220;"ZL8";"2016";"0";"0";"0";"0";"0";"0";"0";"0";"0";"0";"0";"0";"0";"0";"";"";5.0E-6;-7.0E-6;
3221;"ZL8";"2015";"0";"0";"0";"0";"0";"0";"0";"0";"0";"0";"0";"0";"0";"0";"";"";5.0E-6;-7.0E-6;
3222;"ZL8";"2014";"0";"0";"0";"0";"0";"0";"0";"0";"0";"0";"0";"0";"0";"0";"";"";5.0E-6;-7.0E-6;
3223;"ZL8";"2013";"0";"0";"0";"0";"0";"0";"0";"0";"0";"0";"0";"0";"0";"0";"";"";5.0E-6;-7.0E-6;
3224;"ZL8";"2012";"0";"0";"0";"0";"0";"0";"0";"0";"0";"0";"0";"0";"0";"0";"";"";5.0E-6;-7.0E-6;
3225;"ZL8";"2011";"0";"0";"0";"0";"0";"0";"0";"0";"0";"0";"0";"0";"0";"0";"";"";5.0E-6;-7.0E-6;
3226;"ZL8";"2010";"0";"0";"0";"0";"0";"0";"0";"0";"0";"0";"0";"0";"0";"0";"";"";5.0E-6;-7.0E-6;
3227;"ZMP1";"2020";"28.5";"34.3";"30.2";"26";"23.3";"0";"0";"0";"0";"0";"0";"0";"0";"0";"";"";5.0E-6;-7.0E-6;
3228;"ZMP1";"2019";"27.8";"28.4";"39.6";"37.9";"27";"19.7";"19.1";"17.9";"24.1";"25.3";"29.1";"27.9";"0";"37.3";"";"";5.0E-6;-7.0E-6;
3229;"ZMP1";"2018";"0";"0";"0";"0";"0";"0";"0";"0";"0";"0";"0";"0";"0";"0";"";"";5.0E-6;-7.0E-6;
3230;"ZMP1";"2017";"0";"0";"0";"0";"0";"0";"0";"0";"0";"0";"0";"0";"0";"0";"";"";5.0E-6;-7.0E-6;
3231;"ZMP1";"2016";"0";"0";"0";"0";"0";"0";"0";"0";"0";"0";"0";"0";"0";"0";"";"";5.0E-6;-7.0E-6;
3232;"ZMP1";"2015";"0";"0";"0";"0";"0";"0";"0";"0";"0";"0";"0";"0";"0";"0";"";"";5.0E-6;-7.0E-6;
3233;"ZMP1";"2014";"0";"0";"0";"0";"0";"0";"0";"0";"0";"0";"0";"0";"0";"0";"";"";5.0E-6;-7.0E-6;
3234;"ZMP1";"2013";"0";"0";"0";"0";"0";"0";"0";"0";"0";"0";"0";"0";"0";"0";"";"";5.0E-6;-7.0E-6;
3235;"ZMP1";"2012";"0";"0";"0";"0";"0";"0";"0";"0";"0";"0";"0";"0";"0";"0";"";"";5.0E-6;-7.0E-6;
3236;"ZMP1";"2011";"0";"0";"0";"0";"0";"0";"0";"0";"0";"0";"0";"0";"0";"0";"";"";5.0E-6;-7.0E-6;
3237;"ZMP1";"2010";"0";"0";"0";"0";"0";"0";"0";"0";"0";"0";"0";"0";"0";"0";"";"";5.0E-6;-7.0E-6;
3238;"ZMP2";"2020";"27.5";"30.8";"30.3";"27.6";"21.3";"0";"0";"0";"0";"0";"0";"0";"0";"0";"";"";5.0E-6;-7.0E-6;
3239;"ZMP2";"2019";"28.4";"29.4";"38.7";"35.6";"27.9";"20.6";"20.6";"21.1";"0";"25.7";"25.8";"26.9";"36.1";"31.9";"";"";5.0E-6;-7.0E-6;
3240;"ZMP2";"2018";"0";"0";"0";"0";"0";"0";"0";"0";"0";"0";"0";"0";"0";"0";"";"";5.0E-6;-7.0E-6;
3241;"ZMP2";"2017";"0";"0";"0";"0";"0";"0";"0";"0";"0";"0";"0";"0";"0";"0";"";"";5.0E-6;-7.0E-6;
3242;"ZMP2";"2016";"0";"0";"0";"0";"0";"0";"0";"0";"0";"0";"0";"0";"0";"0";"";"";5.0E-6;-7.0E-6;
3243;"ZMP2";"2015";"0";"0";"0";"0";"0";"0";"0";"0";"0";"0";"0";"0";"0";"0";"";"";5.0E-6;-7.0E-6;
3244;"ZMP2";"2014";"0";"0";"0";"0";"0";"0";"0";"0";"0";"0";"0";"0";"0";"0";"";"";5.0E-6;-7.0E-6;
3245;"ZMP2";"2013";"0";"0";"0";"0";"0";"0";"0";"0";"0";"0";"0";"0";"0";"0";"";"";5.0E-6;-7.0E-6;
3246;"ZMP2";"2012";"0";"0";"0";"0";"0";"0";"0";"0";"0";"0";"0";"0";"0";"0";"";"";5.0E-6;-7.0E-6;
3247;"ZMP2";"2011";"0";"0";"0";"0";"0";"0";"0";"0";"0";"0";"0";"0";"0";"0";"";"";5.0E-6;-7.0E-6;
3248;"ZMP2";"2010";"0";"0";"0";"0";"0";"0";"0";"0";"0";"0";"0";"0";"0";"0";"";"";5.0E-6;-7.0E-6;
3249;"ZMP3";"2020";"28.3";"35.1";"26.4";"26.7";"24.9";"0";"0";"0";"0";"0";"0";"0";"0";"0";"";"";5.0E-6;-7.0E-6;
3250;"ZMP3";"2019";"28.3";"28.4";"39.6";"35.1";"22.6";"20.5";"22.1";"17.5";"24.5";"24.1";"28";"29.4";"39.6";"36.6";"";"";5.0E-6;-7.0E-6;
3251;"ZMP3";"2018";"0";"0";"0";"0";"0";"0";"0";"0";"0";"0";"0";"0";"0";"0";"";"";5.0E-6;-7.0E-6;
3252;"ZMP3";"2017";"0";"0";"0";"0";"0";"0";"0";"0";"0";"0";"0";"0";"0";"0";"";"";5.0E-6;-7.0E-6;
3253;"ZMP3";"2016";"0";"0";"0";"0";"0";"0";"0";"0";"0";"0";"0";"0";"0";"0";"";"";5.0E-6;-7.0E-6;
3254;"ZMP3";"2015";"0";"0";"0";"0";"0";"0";"0";"0";"0";"0";"0";"0";"0";"0";"";"";5.0E-6;-7.0E-6;
3255;"ZMP3";"2014";"0";"0";"0";"0";"0";"0";"0";"0";"0";"0";"0";"0";"0";"0";"";"";5.0E-6;-7.0E-6;
3256;"ZMP3";"2013";"0";"0";"0";"0";"0";"0";"0";"0";"0";"0";"0";"0";"0";"0";"";"";5.0E-6;-7.0E-6;
3257;"ZMP3";"2012";"0";"0";"0";"0";"0";"0";"0";"0";"0";"0";"0";"0";"0";"0";"";"";5.0E-6;-7.0E-6;
3258;"ZMP3";"2011";"0";"0";"0";"0";"0";"0";"0";"0";"0";"0";"0";"0";"0";"0";"";"";5.0E-6;-7.0E-6;
3259;"ZMP3";"2010";"0";"0";"0";"0";"0";"0";"0";"0";"0";"0";"0";"0";"0";"0";"";"";5.0E-6;-7.0E-6;
3260;"ZMP4";"2020";"28.4";"34.6";"25.4";"25.2";"0";"0";"0";"0";"0";"0";"0";"0";"0";"0";"";"";5.0E-6;-7.0E-6;
3261;"ZMP4";"2019";"27.9";"27.4";"40.6";"33.6";"26.4";"20";"18.7";"17.4";"0";"23.2";"26.5";"26.9";"38.4";"36.1";"";"";5.0E-6;-7.0E-6;
3262;"ZMP4";"2018";"0";"0";"0";"0";"0";"0";"0";"0";"0";"0";"0";"0";"0";"0";"";"";5.0E-6;-7.0E-6;
3263;"ZMP4";"2017";"0";"0";"0";"0";"0";"0";"0";"0";"0";"0";"0";"0";"0";"0";"";"";5.0E-6;-7.0E-6;
3264;"ZMP4";"2016";"0";"0";"0";"0";"0";"0";"0";"0";"0";"0";"0";"0";"0";"0";"";"";5.0E-6;-7.0E-6;
3265;"ZMP4";"2015";"0";"0";"0";"0";"0";"0";"0";"0";"0";"0";"0";"0";"0";"0";"";"";5.0E-6;-7.0E-6;
3266;"ZMP4";"2014";"0";"0";"0";"0";"0";"0";"0";"0";"0";"0";"0";"0";"0";"0";"";"";5.0E-6;-7.0E-6;
3267;"ZMP4";"2013";"0";"0";"0";"0";"0";"0";"0";"0";"0";"0";"0";"0";"0";"0";"";"";5.0E-6;-7.0E-6;
3268;"ZMP4";"2012";"0";"0";"0";"0";"0";"0";"0";"0";"0";"0";"0";"0";"0";"0";"";"";5.0E-6;-7.0E-6;
3269;"ZMP4";"2011";"0";"0";"0";"0";"0";"0";"0";"0";"0";"0";"0";"0";"0";"0";"";"";5.0E-6;-7.0E-6;
3270;"ZMP4";"2010";"0";"0";"0";"0";"0";"0";"0";"0";"0";"0";"0";"0";"0";"0";"";"";5.0E-6;-7.0E-6;
3271;"ZMP5";"2020";"26.6";"31.5";"26.5";"26";"22.3";"0";"0";"0";"0";"0";"0";"0";"0";"0";"";"";5.0E-6;-7.0E-6;
3272;"ZMP5";"2019";"28.6";"28.4";"40.6";"35.9";"30.6";"21.4";"20.8";"21.2";"22.5";"25.4";"27.6";"28.1";"37.3";"32.4";"";"";5.0E-6;-7.0E-6;
3273;"ZMP5";"2018";"0";"0";"0";"0";"0";"0";"0";"0";"0";"0";"0";"0";"0";"0";"";"";5.0E-6;-7.0E-6;
3274;"ZMP5";"2017";"0";"0";"0";"0";"0";"0";"0";"0";"0";"0";"0";"0";"0";"0";"";"";5.0E-6;-7.0E-6;
3275;"ZMP5";"2016";"0";"0";"0";"0";"0";"0";"0";"0";"0";"0";"0";"0";"0";"0";"";"";5.0E-6;-7.0E-6;
3276;"ZMP5";"2015";"0";"0";"0";"0";"0";"0";"0";"0";"0";"0";"0";"0";"0";"0";"";"";5.0E-6;-7.0E-6;
3277;"ZMP5";"2014";"0";"0";"0";"0";"0";"0";"0";"0";"0";"0";"0";"0";"0";"0";"";"";5.0E-6;-7.0E-6;
3278;"ZMP5";"2013";"0";"0";"0";"0";"0";"0";"0";"0";"0";"0";"0";"0";"0";"0";"";"";5.0E-6;-7.0E-6;
3279;"ZMP5";"2012";"0";"0";"0";"0";"0";"0";"0";"0";"0";"0";"0";"0";"0";"0";"";"";5.0E-6;-7.0E-6;
3280;"ZMP5";"2011";"0";"0";"0";"0";"0";"0";"0";"0";"0";"0";"0";"0";"0";"0";"";"";5.0E-6;-7.0E-6;
3281;"ZMP5";"2010";"0";"0";"0";"0";"0";"0";"0";"0";"0";"0";"0";"0";"0";"0";"";"";5.0E-6;-7.0E-6;
3282;"ZUID317";"2020";"29.8";"37.1";"31";"26.7";"24.4";"0";"0";"0";"0";"0";"0";"0";"0";"0";"";"";5.0E-6;-7.0E-6;
3283;"ZUID317";"2019";"30.7";"37.2";"42.5";"34";"31.9";"0";"23.6";"25.6";"24.5";"14.3";"28.9";"29.3";"40.5";"36.3";"";"";5.0E-6;-7.0E-6;
3284;"ZUID317";"2018";"32.5";"30.3";"39.7";"28.7";"33.7";"37.8";"32.2";"21.3";"20.7";"29.1";"35.3";"40.5";"36.4";"37.2";"";"";5.0E-6;-7.0E-6;
3285;"ZUID317";"2017";"35.4";"0";"0";"0";"0";"0";"0";"0";"0";"0";"0";"0";"0";"0";"";"";5.0E-6;-7.0E-6;
3286;"ZUID317";"2016";"34.6";"0";"0";"0";"0";"0";"0";"0";"0";"0";"0";"0";"0";"0";"";"";5.0E-6;-7.0E-6;
3287;"ZUID317";"2015";"34.1";"0";"0";"0";"0";"0";"0";"0";"0";"0";"0";"0";"0";"0";"";"";5.0E-6;-7.0E-6;
3288;"ZUID317";"2014";"35.1";"0";"0";"0";"0";"0";"0";"0";"0";"0";"0";"0";"0";"0";"";"";5.0E-6;-7.0E-6;
3289;"ZUID317";"2013";"33.8";"0";"0";"0";"0";"0";"0";"0";"0";"0";"0";"0";"0";"0";"";"";5.0E-6;-7.0E-6;
3290;"ZUID317";"2012";"36.2";"0";"0";"0";"0";"0";"0";"0";"0";"0";"0";"0";"0";"0";"";"";5.0E-6;-7.0E-6;
3291;"ZUID317";"2011";"35.4";"0";"0";"0";"0";"0";"0";"0";"0";"0";"0";"0";"0";"0";"";"";5.0E-6;-7.0E-6;
3292;"ZUID317";"2010";"36.6";"0";"0";"0";"0";"0";"0";"0";"0";"0";"0";"0";"0";"0";"";"";5.0E-6;-7.0E-6;

