OBJECTNUMMER;plein_park;WKT_LNG_LAT;WKT_LAT_LNG;LNG;LAT;
1;"Park";"POLYGON((4.807952 52.382621,4.810798 52.383123,4.811609 52.383217,4.811874 52.383217,4.811936 52.38315,4.811939 52.38312,4.811931 52.383061,4.811908 52.383003,4.811934 52.382965,4.811942 52.382923,4.81193 52.382883,4.811901 52.382846,4.81194 52.382789,4.811926 52.382627,4.811959 52.382603,4.811944 52.382549,4.811945 52.382461,4.811907 52.382401,4.811873 52.382298,4.811836 52.382229,4.811741 52.382188,4.811568 52.382194,4.811546 52.3822,4.811507 52.38208,4.811621 52.382079,4.811829 52.382095,4.811892 52.382077,4.811924 52.382038,4.811935 52.381952,4.811887 52.381842,4.811917 52.381761,4.811916 52.38172,4.811897 52.381679,4.811848 52.381639,4.811898 52.381491,4.811899 52.381452,4.81186 52.381422,4.811797 52.381403,4.811588 52.381406,4.811583 52.381366,4.81161 52.381309,4.811671 52.381269,4.811757 52.381311,4.811817 52.381321,4.811911 52.381313,4.811958 52.381296,4.812023 52.381152,4.812003 52.380887,4.811982 52.380786,4.809291 52.38074,4.808554 52.380607,4.808153 52.3806,4.808118 52.380609,4.808095 52.380644,4.808016 52.38246,4.808006 52.382504,4.807952 52.382621))";"POLYGON((52.382621 4.807952,52.383123 4.810798,52.383217 4.811609,52.383217 4.811874,52.38315 4.811936,52.38312 4.811939,52.383061 4.811931,52.383003 4.811908,52.382965 4.811934,52.382923 4.811942,52.382883 4.81193,52.382846 4.811901,52.382789 4.81194,52.382627 4.811926,52.382603 4.811959,52.382549 4.811944,52.382461 4.811945,52.382401 4.811907,52.382298 4.811873,52.382229 4.811836,52.382188 4.811741,52.382194 4.811568,52.3822 4.811546,52.38208 4.811507,52.382079 4.811621,52.382095 4.811829,52.382077 4.811892,52.382038 4.811924,52.381952 4.811935,52.381842 4.811887,52.381761 4.811917,52.38172 4.811916,52.381679 4.811897,52.381639 4.811848,52.381491 4.811898,52.381452 4.811899,52.381422 4.81186,52.381403 4.811797,52.381406 4.811588,52.381366 4.811583,52.381309 4.81161,52.381269 4.811671,52.381311 4.811757,52.381321 4.811817,52.381313 4.811911,52.381296 4.811958,52.381152 4.812023,52.380887 4.812003,52.380786 4.811982,52.38074 4.809291,52.380607 4.808554,52.3806 4.808153,52.380609 4.808118,52.380644 4.808095,52.38246 4.808016,52.382504 4.808006,52.382621 4.807952))";4.8099925;52.3819015;
2;"Park";"MULTIPOLYGON(((4.808143 52.374654,4.807909 52.374677,4.8079 52.374648,4.807051 52.374732,4.807524 52.376384,4.80655 52.376482,4.806766 52.377288,4.806722 52.378063,4.807835 52.377958,4.80898 52.377833,4.808927 52.377836,4.808877 52.377793,4.80883 52.377718,4.808054 52.374798,4.80805 52.374759,4.808076 52.374701,4.8081 52.374666,4.808147 52.374667,4.808143 52.374654)),((4.809019 52.377989,4.807884 52.378107,4.807853 52.378811,4.807414 52.378804,4.807404 52.379063,4.808005 52.379075,4.808044 52.378284,4.808599 52.378295,4.808651 52.378356,4.808576 52.379988,4.807365 52.379973,4.807358 52.380218,4.808996 52.380243,4.809056 52.380236,4.8091 52.380222,4.809166 52.380175,4.809192 52.38012,4.80923 52.379258,4.80894 52.378134,4.808943 52.378045,4.808976 52.378,4.809021 52.377996,4.809019 52.377989)),((4.805869 52.372662,4.806436 52.374668,4.8081 52.374505,4.808098 52.374496,4.808053 52.374501,4.807993 52.374454,4.807956 52.37441,4.807482 52.372598,4.807452 52.372564,4.807413 52.372537,4.807312 52.372522,4.805869 52.372662)))";"MULTIPOLYGON(((52.374654 4.808143,52.374677 4.807909,52.374648 4.8079,52.374732 4.807051,52.376384 4.807524,52.376482 4.80655,52.377288 4.806766,52.378063 4.806722,52.377958 4.807835,52.377833 4.80898,52.377836 4.808927,52.377793 4.808877,52.377718 4.80883,52.374798 4.808054,52.374759 4.80805,52.374701 4.808076,52.374666 4.8081,52.374667 4.808147,52.374654 4.808143)),((52.377989 4.809019,52.378107 4.807884,52.378811 4.807853,52.378804 4.807414,52.379063 4.807404,52.379075 4.808005,52.378284 4.808044,52.378295 4.808599,52.378356 4.808651,52.379988 4.808576,52.379973 4.807365,52.380218 4.807358,52.380243 4.808996,52.380236 4.809056,52.380222 4.8091,52.380175 4.809166,52.38012 4.809192,52.379258 4.80923,52.378134 4.80894,52.378045 4.808943,52.378 4.808976,52.377996 4.809021,52.377989 4.809019)),((52.372662 4.805869,52.374668 4.806436,52.374505 4.8081,52.374496 4.808098,52.374501 4.808053,52.374454 4.807993,52.37441 4.807956,52.372598 4.807482,52.372564 4.807452,52.372537 4.807413,52.372522 4.807312,52.372662 4.805869)))";4.8075545;52.3763755;
3;"Park";"POLYGON((4.818832 52.354458,4.819093 52.353999,4.82014 52.352012,4.820144 52.351966,4.820105 52.351917,4.820058 52.351883,4.819987 52.351859,4.819552 52.351847,4.817774 52.351828,4.81775 52.352161,4.818181 52.352164,4.818184 52.352236,4.817722 52.353063,4.817795 52.353083,4.817673 52.353286,4.817443 52.353242,4.817331 52.353447,4.817264 52.353467,4.816363 52.355168,4.816446 52.355184,4.816503 52.355187,4.816444 52.355297,4.818189 52.355649,4.818788 52.354542,4.818812 52.354544,4.818793 52.354532,4.818832 52.354458))";"POLYGON((52.354458 4.818832,52.353999 4.819093,52.352012 4.82014,52.351966 4.820144,52.351917 4.820105,52.351883 4.820058,52.351859 4.819987,52.351847 4.819552,52.351828 4.817774,52.352161 4.81775,52.352164 4.818181,52.352236 4.818184,52.353063 4.817722,52.353083 4.817795,52.353286 4.817673,52.353242 4.817443,52.353447 4.817331,52.353467 4.817264,52.355168 4.816363,52.355184 4.816446,52.355187 4.816503,52.355297 4.816444,52.355649 4.818189,52.354542 4.818788,52.354544 4.818812,52.354532 4.818793,52.354458 4.818832))";4.8182585;52.3537315;
4;"Park";"POLYGON((4.826789 52.379053,4.826808 52.379012,4.826855 52.378994,4.829055 52.378646,4.829141 52.3786,4.829286 52.378584,4.829394 52.378593,4.829447 52.378585,4.829513 52.378561,4.829559 52.378533,4.829606 52.378528,4.829679 52.378548,4.8299 52.378514,4.829931 52.378481,4.829984 52.378474,4.830097 52.378483,4.83015 52.378475,4.830284 52.378423,4.83033 52.378427,4.830369 52.37844,4.832013 52.378186,4.832038 52.378159,4.832091 52.378146,4.832264 52.378146,4.832353 52.378132,4.83241 52.378091,4.832524 52.378076,4.83265 52.378086,4.832871 52.378051,4.832909 52.378021,4.832962 52.378005,4.833066 52.378021,4.836335 52.377509,4.835967 52.3766,4.835307 52.376705,4.835327 52.376806,4.835294 52.3769,4.835244 52.376948,4.835182 52.376986,4.835091 52.377018,4.835013 52.377032,4.834923 52.37704,4.834834 52.377033,4.834697 52.376996,4.834609 52.376918,4.834544 52.376826,4.825961 52.378171,4.826015 52.378322,4.826052 52.378387,4.826359 52.379118,4.826789 52.379053))";"POLYGON((52.379053 4.826789,52.379012 4.826808,52.378994 4.826855,52.378646 4.829055,52.3786 4.829141,52.378584 4.829286,52.378593 4.829394,52.378585 4.829447,52.378561 4.829513,52.378533 4.829559,52.378528 4.829606,52.378548 4.829679,52.378514 4.8299,52.378481 4.829931,52.378474 4.829984,52.378483 4.830097,52.378475 4.83015,52.378423 4.830284,52.378427 4.83033,52.37844 4.830369,52.378186 4.832013,52.378159 4.832038,52.378146 4.832091,52.378146 4.832264,52.378132 4.832353,52.378091 4.83241,52.378076 4.832524,52.378086 4.83265,52.378051 4.832871,52.378021 4.832909,52.378005 4.832962,52.378021 4.833066,52.377509 4.836335,52.3766 4.835967,52.376705 4.835307,52.376806 4.835327,52.3769 4.835294,52.376948 4.835244,52.376986 4.835182,52.377018 4.835091,52.377032 4.835013,52.37704 4.834923,52.377033 4.834834,52.376996 4.834697,52.376918 4.834609,52.376826 4.834544,52.378171 4.825961,52.378322 4.826015,52.378387 4.826052,52.379118 4.826359,52.379053 4.826789))";4.831153;52.377852;
5;"Park";"MULTIPOLYGON(((4.844743 52.33116,4.844763 52.331217,4.84518 52.33165,4.845162 52.331672,4.845018 52.331708,4.844862 52.331717,4.84485 52.33177,4.845238 52.331947,4.84573 52.332139,4.846266 52.332225,4.846409 52.332264,4.846511 52.332314,4.846575 52.332358,4.846702 52.332521,4.846986 52.332727,4.846937 52.332861,4.847268 52.333045,4.847589 52.333071,4.847848 52.333126,4.847881 52.333115,4.847935 52.333216,4.847958 52.333226,4.847983 52.333215,4.847967 52.333152,4.847977 52.333126,4.847999 52.333114,4.848119 52.333091,4.847995 52.332856,4.847983 52.332797,4.848049 52.33277,4.848174 52.332762,4.848449 52.33269,4.848665 52.332643,4.849059 52.332576,4.84933 52.332542,4.850309 52.332507,4.853488 52.332349,4.853574 52.33233,4.853612 52.332308,4.853846 52.331983,4.853722 52.331939,4.853658 52.331938,4.853623 52.331905,4.853535 52.331884,4.853135 52.331852,4.852884 52.331858,4.85273 52.33187,4.852246 52.331925,4.852097 52.331925,4.851598 52.331873,4.851351 52.331855,4.850655 52.331866,4.848926 52.331922,4.848717 52.331978,4.848468 52.331996,4.848252 52.332033,4.848185 52.332053,4.848163 52.332079,4.848164 52.332107,4.848188 52.332161,4.848281 52.332301,4.84819 52.332311,4.848152 52.33228,4.848093 52.33227,4.847597 52.332323,4.847548 52.33232,4.847333 52.332161,4.847816 52.331752,4.847878 52.331716,4.849906 52.330956,4.849999 52.331029,4.850268 52.330833,4.850584 52.330477,4.849304 52.330524,4.849791 52.330866,4.849803 52.330895,4.84979 52.330912,4.847773 52.331674,4.8474 52.331989,4.847398 52.332014,4.847424 52.332031,4.847294 52.332133,4.846686 52.331689,4.84662 52.33166,4.846139 52.331522,4.8461 52.331494,4.846078 52.331461,4.846078 52.331423,4.846096 52.331386,4.846355 52.331042,4.846348 52.330983,4.846322 52.330953,4.846 52.330766,4.845838 52.330712,4.845649 52.330689,4.84551 52.330685,4.845321 52.330694,4.845327 52.330526,4.84541 52.330537,4.84567 52.33054,4.846026 52.330619,4.846124 52.330654,4.846211 52.330696,4.846432 52.330833,4.846495 52.330863,4.846568 52.330887,4.846731 52.330854,4.846777 52.330837,4.846948 52.330661,4.846976 52.330645,4.847019 52.330637,4.847403 52.330649,4.84748 52.330685,4.847842 52.330731,4.84854 52.330554,4.847988 52.330567,4.847959 52.33055,4.847679 52.33017,4.847639 52.330076,4.847564 52.330047,4.846361 52.329863,4.845274 52.329688,4.845218 52.32969,4.844936 52.32981,4.845071 52.330019,4.845134 52.330143,4.845159 52.330227,4.845182 52.330486,4.845219 52.330512,4.845258 52.330519,4.84525 52.330696,4.845186 52.330701,4.845138 52.330714,4.845097 52.330737,4.844961 52.330854,4.844802 52.331013,4.844763 52.331067,4.844746 52.331104,4.844743 52.33116)),((4.843974 52.330323,4.843891 52.330356,4.84389 52.330333,4.843851 52.330261,4.843953 52.330218,4.84372 52.330172,4.843749 52.330235,4.843738 52.330277,4.843578 52.330456,4.843556 52.330554,4.843523 52.330602,4.84338 52.330756,4.843272 52.330847,4.843241 52.330887,4.843213 52.330991,4.843223 52.331002,4.843289 52.330991,4.843503 52.330771,4.843722 52.330857,4.843498 52.331072,4.84343 52.331045,4.843324 52.331057,4.843135 52.331231,4.843219 52.331264,4.84325 52.331234,4.843323 52.331263,4.84329 52.331294,4.843366 52.331323,4.843417 52.331274,4.843472 52.331296,4.84342 52.331345,4.843502 52.331378,4.843567 52.331317,4.843623 52.33134,4.843559 52.3314,4.843645 52.331435,4.843721 52.331362,4.843791 52.331388,4.843843 52.331338,4.843908 52.331364,4.844366 52.330926,4.844301 52.330902,4.844738 52.330482,4.844621 52.330438,4.844212 52.330569,4.84409 52.33043,4.844629 52.33026,4.844821 52.330289,4.844744 52.330168,4.844646 52.330199,4.844618 52.330165,4.844714 52.330134,4.844684 52.330095,4.843974 52.330323)),((4.844286 52.330084,4.844164 52.330134,4.84412 52.330172,4.84396 52.330262,4.843947 52.330278,4.844093 52.330214,4.844248 52.330123,4.844286 52.330084)),((4.8466 52.331382,4.846659 52.331288,4.846985 52.331025,4.846985 52.331008,4.846969 52.330999,4.846903 52.331004,4.846876 52.331021,4.846558 52.331319,4.846532 52.331365,4.846555 52.331382,4.84658 52.331388,4.8466 52.331382)),((4.846849 52.331539,4.846873 52.331549,4.846901 52.331592,4.846926 52.331608,4.846957 52.331608,4.846985 52.331599,4.847171 52.331453,4.847522 52.331089,4.84761 52.331015,4.847635 52.330978,4.847604 52.330965,4.847534 52.330965,4.847465 52.330974,4.847391 52.330999,4.847338 52.331033,4.847267 52.331083,4.847207 52.331162,4.847139 52.33123,4.846832 52.331514,4.846849 52.331539)),((4.848285 52.330979,4.848332 52.330939,4.848355 52.330891,4.848332 52.330874,4.848295 52.330898,4.848252 52.330883,4.848143 52.330962,4.848073 52.330951,4.84802 52.33095,4.847952 52.330997,4.8473 52.331622,4.847319 52.331645,4.847277 52.331738,4.847241 52.33175,4.847165 52.331748,4.847162 52.331769,4.847258 52.331862,4.847295 52.331884,4.847313 52.331883,4.847346 52.331859,4.847748 52.331477,4.847804 52.331435,4.847876 52.331341,4.847924 52.331322,4.84796 52.331296,4.847978 52.331262,4.848285 52.330979)),((4.847994 52.331775,4.847965 52.331789,4.847965 52.331798,4.847709 52.332016,4.847641 52.332057,4.84761 52.332103,4.847609 52.332119,4.847626 52.332129,4.847649 52.332131,4.847665 52.332118,4.848025 52.331821,4.848036 52.331797,4.84802 52.331779,4.847994 52.331775)),((4.848289 52.331866,4.848333 52.331872,4.848424 52.331852,4.848673 52.331616,4.848737 52.331569,4.848714 52.33155,4.848634 52.33157,4.848549 52.331617,4.848453 52.331651,4.84842 52.331686,4.848366 52.331714,4.848259 52.331828,4.848254 52.331845,4.848289 52.331866)),((4.848539 52.331212,4.848566 52.331179,4.848613 52.331153,4.848634 52.331124,4.848887 52.330894,4.848913 52.330853,4.848868 52.330835,4.848737 52.33093,4.848402 52.331235,4.8484 52.331284,4.848431 52.331294,4.848463 52.331285,4.848518 52.331246,4.848539 52.331212)),((4.848988 52.331781,4.849009 52.331747,4.849107 52.331763,4.849166 52.331731,4.849174 52.331693,4.849456 52.33142,4.849479 52.331376,4.849522 52.33135,4.849532 52.331304,4.849455 52.331287,4.849424 52.33129,4.84935 52.33132,4.849315 52.331326,4.849207 52.331386,4.849138 52.331442,4.848981 52.331607,4.848915 52.331659,4.848873 52.331712,4.848881 52.331776,4.848897 52.331792,4.84895 52.331807,4.848988 52.331781)),((4.852502 52.330413,4.853663 52.330773,4.853708 52.330718,4.853877 52.330753,4.853821 52.330822,4.854031 52.330885,4.854286 52.330935,4.854519 52.330961,4.855522 52.330945,4.855492 52.331796,4.855871 52.330726,4.855914 52.330661,4.856034 52.330313,4.85593 52.3303,4.855924 52.330318,4.854943 52.330339,4.852502 52.330413)))";"MULTIPOLYGON(((52.33116 4.844743,52.331217 4.844763,52.33165 4.84518,52.331672 4.845162,52.331708 4.845018,52.331717 4.844862,52.33177 4.84485,52.331947 4.845238,52.332139 4.84573,52.332225 4.846266,52.332264 4.846409,52.332314 4.846511,52.332358 4.846575,52.332521 4.846702,52.332727 4.846986,52.332861 4.846937,52.333045 4.847268,52.333071 4.847589,52.333126 4.847848,52.333115 4.847881,52.333216 4.847935,52.333226 4.847958,52.333215 4.847983,52.333152 4.847967,52.333126 4.847977,52.333114 4.847999,52.333091 4.848119,52.332856 4.847995,52.332797 4.847983,52.33277 4.848049,52.332762 4.848174,52.33269 4.848449,52.332643 4.848665,52.332576 4.849059,52.332542 4.84933,52.332507 4.850309,52.332349 4.853488,52.33233 4.853574,52.332308 4.853612,52.331983 4.853846,52.331939 4.853722,52.331938 4.853658,52.331905 4.853623,52.331884 4.853535,52.331852 4.853135,52.331858 4.852884,52.33187 4.85273,52.331925 4.852246,52.331925 4.852097,52.331873 4.851598,52.331855 4.851351,52.331866 4.850655,52.331922 4.848926,52.331978 4.848717,52.331996 4.848468,52.332033 4.848252,52.332053 4.848185,52.332079 4.848163,52.332107 4.848164,52.332161 4.848188,52.332301 4.848281,52.332311 4.84819,52.33228 4.848152,52.33227 4.848093,52.332323 4.847597,52.33232 4.847548,52.332161 4.847333,52.331752 4.847816,52.331716 4.847878,52.330956 4.849906,52.331029 4.849999,52.330833 4.850268,52.330477 4.850584,52.330524 4.849304,52.330866 4.849791,52.330895 4.849803,52.330912 4.84979,52.331674 4.847773,52.331989 4.8474,52.332014 4.847398,52.332031 4.847424,52.332133 4.847294,52.331689 4.846686,52.33166 4.84662,52.331522 4.846139,52.331494 4.8461,52.331461 4.846078,52.331423 4.846078,52.331386 4.846096,52.331042 4.846355,52.330983 4.846348,52.330953 4.846322,52.330766 4.846,52.330712 4.845838,52.330689 4.845649,52.330685 4.84551,52.330694 4.845321,52.330526 4.845327,52.330537 4.84541,52.33054 4.84567,52.330619 4.846026,52.330654 4.846124,52.330696 4.846211,52.330833 4.846432,52.330863 4.846495,52.330887 4.846568,52.330854 4.846731,52.330837 4.846777,52.330661 4.846948,52.330645 4.846976,52.330637 4.847019,52.330649 4.847403,52.330685 4.84748,52.330731 4.847842,52.330554 4.84854,52.330567 4.847988,52.33055 4.847959,52.33017 4.847679,52.330076 4.847639,52.330047 4.847564,52.329863 4.846361,52.329688 4.845274,52.32969 4.845218,52.32981 4.844936,52.330019 4.845071,52.330143 4.845134,52.330227 4.845159,52.330486 4.845182,52.330512 4.845219,52.330519 4.845258,52.330696 4.84525,52.330701 4.845186,52.330714 4.845138,52.330737 4.845097,52.330854 4.844961,52.331013 4.844802,52.331067 4.844763,52.331104 4.844746,52.33116 4.844743)),((52.330323 4.843974,52.330356 4.843891,52.330333 4.84389,52.330261 4.843851,52.330218 4.843953,52.330172 4.84372,52.330235 4.843749,52.330277 4.843738,52.330456 4.843578,52.330554 4.843556,52.330602 4.843523,52.330756 4.84338,52.330847 4.843272,52.330887 4.843241,52.330991 4.843213,52.331002 4.843223,52.330991 4.843289,52.330771 4.843503,52.330857 4.843722,52.331072 4.843498,52.331045 4.84343,52.331057 4.843324,52.331231 4.843135,52.331264 4.843219,52.331234 4.84325,52.331263 4.843323,52.331294 4.84329,52.331323 4.843366,52.331274 4.843417,52.331296 4.843472,52.331345 4.84342,52.331378 4.843502,52.331317 4.843567,52.33134 4.843623,52.3314 4.843559,52.331435 4.843645,52.331362 4.843721,52.331388 4.843791,52.331338 4.843843,52.331364 4.843908,52.330926 4.844366,52.330902 4.844301,52.330482 4.844738,52.330438 4.844621,52.330569 4.844212,52.33043 4.84409,52.33026 4.844629,52.330289 4.844821,52.330168 4.844744,52.330199 4.844646,52.330165 4.844618,52.330134 4.844714,52.330095 4.844684,52.330323 4.843974)),((52.330084 4.844286,52.330134 4.844164,52.330172 4.84412,52.330262 4.84396,52.330278 4.843947,52.330214 4.844093,52.330123 4.844248,52.330084 4.844286)),((52.331382 4.8466,52.331288 4.846659,52.331025 4.846985,52.331008 4.846985,52.330999 4.846969,52.331004 4.846903,52.331021 4.846876,52.331319 4.846558,52.331365 4.846532,52.331382 4.846555,52.331388 4.84658,52.331382 4.8466)),((52.331539 4.846849,52.331549 4.846873,52.331592 4.846901,52.331608 4.846926,52.331608 4.846957,52.331599 4.846985,52.331453 4.847171,52.331089 4.847522,52.331015 4.84761,52.330978 4.847635,52.330965 4.847604,52.330965 4.847534,52.330974 4.847465,52.330999 4.847391,52.331033 4.847338,52.331083 4.847267,52.331162 4.847207,52.33123 4.847139,52.331514 4.846832,52.331539 4.846849)),((52.330979 4.848285,52.330939 4.848332,52.330891 4.848355,52.330874 4.848332,52.330898 4.848295,52.330883 4.848252,52.330962 4.848143,52.330951 4.848073,52.33095 4.84802,52.330997 4.847952,52.331622 4.8473,52.331645 4.847319,52.331738 4.847277,52.33175 4.847241,52.331748 4.847165,52.331769 4.847162,52.331862 4.847258,52.331884 4.847295,52.331883 4.847313,52.331859 4.847346,52.331477 4.847748,52.331435 4.847804,52.331341 4.847876,52.331322 4.847924,52.331296 4.84796,52.331262 4.847978,52.330979 4.848285)),((52.331775 4.847994,52.331789 4.847965,52.331798 4.847965,52.332016 4.847709,52.332057 4.847641,52.332103 4.84761,52.332119 4.847609,52.332129 4.847626,52.332131 4.847649,52.332118 4.847665,52.331821 4.848025,52.331797 4.848036,52.331779 4.84802,52.331775 4.847994)),((52.331866 4.848289,52.331872 4.848333,52.331852 4.848424,52.331616 4.848673,52.331569 4.848737,52.33155 4.848714,52.33157 4.848634,52.331617 4.848549,52.331651 4.848453,52.331686 4.84842,52.331714 4.848366,52.331828 4.848259,52.331845 4.848254,52.331866 4.848289)),((52.331212 4.848539,52.331179 4.848566,52.331153 4.848613,52.331124 4.848634,52.330894 4.848887,52.330853 4.848913,52.330835 4.848868,52.33093 4.848737,52.331235 4.848402,52.331284 4.8484,52.331294 4.848431,52.331285 4.848463,52.331246 4.848518,52.331212 4.848539)),((52.331781 4.848988,52.331747 4.849009,52.331763 4.849107,52.331731 4.849166,52.331693 4.849174,52.33142 4.849456,52.331376 4.849479,52.33135 4.849522,52.331304 4.849532,52.331287 4.849455,52.33129 4.849424,52.33132 4.84935,52.331326 4.849315,52.331386 4.849207,52.331442 4.849138,52.331607 4.848981,52.331659 4.848915,52.331712 4.848873,52.331776 4.848881,52.331792 4.848897,52.331807 4.84895,52.331781 4.848988)),((52.330413 4.852502,52.330773 4.853663,52.330718 4.853708,52.330753 4.853877,52.330822 4.853821,52.330885 4.854031,52.330935 4.854286,52.330961 4.854519,52.330945 4.855522,52.331796 4.855492,52.330726 4.855871,52.330661 4.855914,52.330313 4.856034,52.3303 4.85593,52.330318 4.855924,52.330339 4.854943,52.330413 4.852502)))";4.8495895;52.33145;
6;"Park";"POLYGON((4.85337 52.333762,4.852918 52.333775,4.852859 52.333786,4.852793 52.333817,4.852762 52.333845,4.852724 52.33391,4.852559 52.33509,4.852581 52.335112,4.85266 52.335116,4.852662 52.335155,4.852741 52.335185,4.852832 52.335184,4.852897 52.335167,4.852928 52.335151,4.852976 52.335096,4.853009 52.334999,4.85318 52.334793,4.853247 52.334747,4.853514 52.334614,4.85372 52.334465,4.853885 52.334394,4.853907 52.334377,4.853925 52.334346,4.853935 52.334282,4.853896 52.334177,4.853905 52.334151,4.853932 52.334126,4.854377 52.333878,4.85432 52.333856,4.854477 52.333732,4.85337 52.333762))";"POLYGON((52.333762 4.85337,52.333775 4.852918,52.333786 4.852859,52.333817 4.852793,52.333845 4.852762,52.33391 4.852724,52.33509 4.852559,52.335112 4.852581,52.335116 4.85266,52.335155 4.852662,52.335185 4.852741,52.335184 4.852832,52.335167 4.852897,52.335151 4.852928,52.335096 4.852976,52.334999 4.853009,52.334793 4.85318,52.334747 4.853247,52.334614 4.853514,52.334465 4.85372,52.334394 4.853885,52.334377 4.853907,52.334346 4.853925,52.334282 4.853935,52.334177 4.853896,52.334151 4.853905,52.334126 4.853932,52.333878 4.854377,52.333856 4.85432,52.333732 4.854477,52.333762 4.85337))";4.853523;52.3344515;
7;"Park";"MULTIPOLYGON(((4.850501 52.344526,4.850525 52.344512,4.850551 52.344416,4.850827 52.343779,4.85087 52.343612,4.850871 52.343497,4.85084 52.343407,4.850747 52.343329,4.850309 52.343199,4.849824 52.343086,4.849647 52.343073,4.849579 52.343081,4.849544 52.343095,4.849513 52.343132,4.8495 52.343172,4.849518 52.343306,4.849761 52.343984,4.850006 52.344452,4.850186 52.344702,4.850224 52.344733,4.850269 52.344753,4.85034 52.344757,4.850399 52.344722,4.850501 52.344526)),((4.850608 52.344996,4.850457 52.344966,4.850394 52.344966,4.850361 52.344975,4.850316 52.345004,4.850283 52.345037,4.850271 52.345087,4.850931 52.34655,4.851181 52.34645,4.851251 52.346429,4.851434 52.346411,4.851494 52.346413,4.851564 52.346434,4.851699 52.34652,4.851743 52.346582,4.851877 52.346556,4.851663 52.346377,4.85147 52.346183,4.851271 52.34593,4.851161 52.345774,4.851081 52.345627,4.850978 52.345397,4.850916 52.345196,4.850878 52.344998,4.850788 52.345021,4.850769 52.345042,4.85077 52.345132,4.850711 52.345132,4.850711 52.345093,4.850639 52.34501,4.850608 52.344996)))";"MULTIPOLYGON(((52.344526 4.850501,52.344512 4.850525,52.344416 4.850551,52.343779 4.850827,52.343612 4.85087,52.343497 4.850871,52.343407 4.85084,52.343329 4.850747,52.343199 4.850309,52.343086 4.849824,52.343073 4.849647,52.343081 4.849579,52.343095 4.849544,52.343132 4.849513,52.343172 4.8495,52.343306 4.849518,52.343984 4.849761,52.344452 4.850006,52.344702 4.850186,52.344733 4.850224,52.344753 4.850269,52.344757 4.85034,52.344722 4.850399,52.344526 4.850501)),((52.344996 4.850608,52.344966 4.850457,52.344966 4.850394,52.344975 4.850361,52.345004 4.850316,52.345037 4.850283,52.345087 4.850271,52.34655 4.850931,52.34645 4.851181,52.346429 4.851251,52.346411 4.851434,52.346413 4.851494,52.346434 4.851564,52.34652 4.851699,52.346582 4.851743,52.346556 4.851877,52.346377 4.851663,52.346183 4.85147,52.34593 4.851271,52.345774 4.851161,52.345627 4.851081,52.345397 4.850978,52.345196 4.850916,52.344998 4.850878,52.345021 4.850788,52.345042 4.850769,52.345132 4.85077,52.345132 4.850711,52.345093 4.850711,52.34501 4.850639,52.344996 4.850608)))";4.8506935;52.3448205;
8;"Park";"MULTIPOLYGON(((4.890619 52.328771,4.890609 52.332065,4.890713 52.332064,4.890712 52.332108,4.890781 52.332108,4.890781 52.33219,4.890852 52.33219,4.890852 52.332264,4.89078 52.332263,4.89078 52.332345,4.890713 52.332346,4.890712 52.332388,4.89061 52.332388,4.890599 52.333708,4.89065 52.333745,4.89065 52.333785,4.891708 52.333787,4.891988 52.333793,4.892265 52.333816,4.892536 52.333858,4.892727 52.333898,4.893384 52.334057,4.893698 52.334111,4.893887 52.334126,4.894108 52.334129,4.894299 52.334119,4.894487 52.334096,4.89463 52.334071,4.89492 52.333991,4.896945 52.332977,4.89778 52.332569,4.897739 52.332461,4.897728 52.332362,4.897755 52.332236,4.898151 52.331242,4.898196 52.331224,4.898333 52.330882,4.898467 52.330375,4.898456 52.330189,4.898417 52.330044,4.898358 52.329929,4.898225 52.329719,4.897754 52.329185,4.896864 52.32828,4.896738 52.328139,4.896607 52.327967,4.896498 52.327795,4.896371 52.327581,4.896152 52.327107,4.896024 52.32675,4.895941 52.326556,4.895173 52.325159,4.894883 52.32471,4.894729 52.324749,4.893355 52.3244,4.893027 52.324391,4.892899 52.324414,4.892503 52.324556,4.892482 52.324574,4.892474 52.324597,4.892501 52.324653,4.892322 52.324701,4.892296 52.324672,4.892238 52.324657,4.892185 52.324666,4.892133 52.32469,4.892012 52.324774,4.891863 52.324943,4.891798 52.324984,4.891704 52.325022,4.891522 52.325047,4.890768 52.325034,4.890622 52.327879,4.890619 52.328771)),((4.893491 52.32443,4.893491 52.324432,4.893505 52.324434,4.893491 52.32443)))";"MULTIPOLYGON(((52.328771 4.890619,52.332065 4.890609,52.332064 4.890713,52.332108 4.890712,52.332108 4.890781,52.33219 4.890781,52.33219 4.890852,52.332264 4.890852,52.332263 4.89078,52.332345 4.89078,52.332346 4.890713,52.332388 4.890712,52.332388 4.89061,52.333708 4.890599,52.333745 4.89065,52.333785 4.89065,52.333787 4.891708,52.333793 4.891988,52.333816 4.892265,52.333858 4.892536,52.333898 4.892727,52.334057 4.893384,52.334111 4.893698,52.334126 4.893887,52.334129 4.894108,52.334119 4.894299,52.334096 4.894487,52.334071 4.89463,52.333991 4.89492,52.332977 4.896945,52.332569 4.89778,52.332461 4.897739,52.332362 4.897728,52.332236 4.897755,52.331242 4.898151,52.331224 4.898196,52.330882 4.898333,52.330375 4.898467,52.330189 4.898456,52.330044 4.898417,52.329929 4.898358,52.329719 4.898225,52.329185 4.897754,52.32828 4.896864,52.328139 4.896738,52.327967 4.896607,52.327795 4.896498,52.327581 4.896371,52.327107 4.896152,52.32675 4.896024,52.326556 4.895941,52.325159 4.895173,52.32471 4.894883,52.324749 4.894729,52.3244 4.893355,52.324391 4.893027,52.324414 4.892899,52.324556 4.892503,52.324574 4.892482,52.324597 4.892474,52.324653 4.892501,52.324701 4.892322,52.324672 4.892296,52.324657 4.892238,52.324666 4.892185,52.32469 4.892133,52.324774 4.892012,52.324943 4.891863,52.324984 4.891798,52.325022 4.891704,52.325047 4.891522,52.325034 4.890768,52.327879 4.890622,52.328771 4.890619)),((52.32443 4.893491,52.324432 4.893491,52.324434 4.893505,52.32443 4.893491)))";4.894538;52.329253;
9;"Park";"POLYGON((4.898557 52.354814,4.898942 52.354314,4.898939 52.354276,4.898901 52.354252,4.8947 52.35342,4.894516 52.353468,4.893864 52.354415,4.893883 52.354466,4.89395 52.354495,4.898028 52.3554,4.898089 52.355393,4.898131 52.35537,4.898557 52.354814))";"POLYGON((52.354814 4.898557,52.354314 4.898942,52.354276 4.898939,52.354252 4.898901,52.35342 4.8947,52.353468 4.894516,52.354415 4.893864,52.354466 4.893883,52.354495 4.89395,52.3554 4.898028,52.355393 4.898089,52.35537 4.898131,52.354814 4.898557))";4.896408;52.354403;
10;"Park";"MULTIPOLYGON(((4.899874 52.360511,4.89987 52.360507,4.899797 52.360548,4.899689 52.360636,4.899641 52.360707,4.899595 52.360794,4.89953 52.360962,4.899547 52.361001,4.899573 52.360977,4.899667 52.360983,4.900538 52.361149,4.90068 52.36082,4.900671 52.360807,4.900686 52.360766,4.900747 52.360773,4.900757 52.360768,4.90097 52.360277,4.900981 52.360271,4.90102 52.360272,4.901111 52.360047,4.901084 52.359973,4.900913 52.360031,4.900677 52.360132,4.899874 52.360511)),((4.899641 52.360391,4.89968 52.36043,4.899718 52.360438,4.89983 52.360415,4.89994 52.360378,4.900826 52.359964,4.900832 52.359945,4.899278 52.359726,4.8992 52.359732,4.899168 52.359747,4.899141 52.359776,4.899148 52.359826,4.899641 52.360391)),((4.898195 52.360559,4.898158 52.360676,4.899102 52.360863,4.899242 52.36088,4.899237 52.360905,4.899271 52.360913,4.899291 52.360899,4.899323 52.360845,4.899356 52.360737,4.899353 52.360631,4.899307 52.36052,4.898649 52.359752,4.898492 52.359789,4.898392 52.360019,4.898376 52.360016,4.898363 52.36005,4.898375 52.360053,4.898349 52.360112,4.898337 52.36011,4.898139 52.360547,4.898195 52.360559)))";"MULTIPOLYGON(((52.360511 4.899874,52.360507 4.89987,52.360548 4.899797,52.360636 4.899689,52.360707 4.899641,52.360794 4.899595,52.360962 4.89953,52.361001 4.899547,52.360977 4.899573,52.360983 4.899667,52.361149 4.900538,52.36082 4.90068,52.360807 4.900671,52.360766 4.900686,52.360773 4.900747,52.360768 4.900757,52.360277 4.90097,52.360271 4.900981,52.360272 4.90102,52.360047 4.901111,52.359973 4.901084,52.360031 4.900913,52.360132 4.900677,52.360511 4.899874)),((52.360391 4.899641,52.36043 4.89968,52.360438 4.899718,52.360415 4.89983,52.360378 4.89994,52.359964 4.900826,52.359945 4.900832,52.359726 4.899278,52.359732 4.8992,52.359747 4.899168,52.359776 4.899141,52.359826 4.899148,52.360391 4.899641)),((52.360559 4.898195,52.360676 4.898158,52.360863 4.899102,52.36088 4.899242,52.360905 4.899237,52.360913 4.899271,52.360899 4.899291,52.360845 4.899323,52.360737 4.899356,52.360631 4.899353,52.36052 4.899307,52.359752 4.898649,52.359789 4.898492,52.360019 4.898392,52.360016 4.898376,52.36005 4.898363,52.360053 4.898375,52.360112 4.898349,52.36011 4.898337,52.360547 4.898139,52.360559 4.898195)))";4.89963;52.3604305;
11;"Park";"MULTIPOLYGON(((4.888062 52.360379,4.888167 52.360372,4.889167 52.359894,4.889129 52.359832,4.889142 52.35983,4.889109 52.359784,4.889038 52.3598,4.888925 52.359642,4.888927 52.35963,4.888997 52.359613,4.888931 52.359594,4.888929 52.359584,4.889002 52.359462,4.889077 52.359472,4.889105 52.359426,4.889099 52.359419,4.889038 52.359403,4.889077 52.359334,4.889156 52.359341,4.88921 52.359249,4.889272 52.359171,4.889341 52.359157,4.889375 52.359158,4.890064 52.359293,4.890078 52.359167,4.890136 52.359031,4.890458 52.358797,4.890375 52.358754,4.890426 52.358707,4.890522 52.358759,4.890609 52.358731,4.890617 52.358647,4.890611 52.358525,4.890215 52.358614,4.8899 52.358717,4.889359 52.358946,4.889123 52.359073,4.888872 52.359258,4.888329 52.359764,4.887894 52.360192,4.887895 52.360226,4.887923 52.360268,4.888062 52.360379)),((4.891233 52.358706,4.891249 52.358739,4.891625 52.35897,4.891643 52.358899,4.89189 52.35879,4.892043 52.358966,4.891832 52.35906,4.891783 52.359054,4.891777 52.359076,4.891839 52.359129,4.891899 52.359163,4.892821 52.359363,4.892852 52.359351,4.892733 52.35858,4.892706 52.358491,4.891218 52.358575,4.891233 52.358706)))";"MULTIPOLYGON(((52.360379 4.888062,52.360372 4.888167,52.359894 4.889167,52.359832 4.889129,52.35983 4.889142,52.359784 4.889109,52.3598 4.889038,52.359642 4.888925,52.35963 4.888927,52.359613 4.888997,52.359594 4.888931,52.359584 4.888929,52.359462 4.889002,52.359472 4.889077,52.359426 4.889105,52.359419 4.889099,52.359403 4.889038,52.359334 4.889077,52.359341 4.889156,52.359249 4.88921,52.359171 4.889272,52.359157 4.889341,52.359158 4.889375,52.359293 4.890064,52.359167 4.890078,52.359031 4.890136,52.358797 4.890458,52.358754 4.890375,52.358707 4.890426,52.358759 4.890522,52.358731 4.890609,52.358647 4.890617,52.358525 4.890611,52.358614 4.890215,52.358717 4.8899,52.358946 4.889359,52.359073 4.889123,52.359258 4.888872,52.359764 4.888329,52.360192 4.887894,52.360226 4.887895,52.360268 4.887923,52.360379 4.888062)),((52.358706 4.891233,52.358739 4.891249,52.35897 4.891625,52.358899 4.891643,52.35879 4.89189,52.358966 4.892043,52.35906 4.891832,52.359054 4.891783,52.359076 4.891777,52.359129 4.891839,52.359163 4.891899,52.359363 4.892821,52.359351 4.892852,52.35858 4.892733,52.358491 4.892706,52.358575 4.891218,52.358706 4.891233)))";4.890378;52.359428;
12;"Park";"POLYGON((4.8739 52.358136,4.873705 52.358079,4.873401 52.357977,4.873277 52.357944,4.873147 52.357912,4.872708 52.357846,4.872473 52.357782,4.872382 52.357739,4.872234 52.35765,4.872081 52.35767,4.872037 52.357688,4.872005 52.357717,4.871686 52.357631,4.871702 52.357576,4.871619 52.357487,4.871568 52.357491,4.871422 52.357485,4.871241 52.357455,4.870983 52.357376,4.870589 52.35723,4.870337 52.357162,4.870249 52.35725,4.86996 52.357148,4.870021 52.357084,4.869741 52.357029,4.869538 52.35698,4.86923 52.356891,4.869043 52.356824,4.868737 52.356689,4.868387 52.356551,4.867875 52.356424,4.867824 52.356421,4.867785 52.356429,4.86775 52.356446,4.867732 52.356469,4.867561 52.356431,4.867553 52.356386,4.867503 52.356343,4.867455 52.356326,4.867189 52.356264,4.86713 52.356102,4.867253 52.355937,4.867029 52.355842,4.867009 52.355811,4.867079 52.355725,4.867242 52.355483,4.867369 52.35524,4.867341 52.355235,4.867346 52.355228,4.867328 52.35522,4.867322 52.355231,4.867084 52.355179,4.867061 52.355017,4.867008 52.354915,4.866919 52.354835,4.866855 52.354792,4.86681 52.354783,4.866757 52.354788,4.866695 52.35482,4.866677 52.354842,4.866619 52.354996,4.866552 52.355052,4.866461 52.35509,4.86639 52.355108,4.86628 52.355116,4.865896 52.355082,4.865569 52.355084,4.865417 52.355105,4.865235 52.355141,4.865053 52.355201,4.86484 52.355291,4.864659 52.355389,4.864403 52.355505,4.864193 52.355579,4.864042 52.355619,4.863665 52.355699,4.863527 52.355717,4.862908 52.35574,4.862747 52.35574,4.862432 52.355719,4.861916 52.355648,4.861739 52.355606,4.861531 52.355541,4.861272 52.355438,4.86111 52.355358,4.86099 52.355281,4.860593 52.354959,4.860446 52.35485,4.860191 52.354682,4.859931 52.354556,4.859727 52.354472,4.859311 52.354319,4.859186 52.354263,4.858983 52.354146,4.858833 52.354027,4.858658 52.354065,4.858677 52.354142,4.858668 52.354222,4.858623 52.354319,4.858552 52.354379,4.858295 52.354495,4.857948 52.354564,4.857756 52.354618,4.857625 52.354668,4.857545 52.354708,4.857496 52.354762,4.8575 52.3548,4.857507 52.354815,4.857535 52.354832,4.85762 52.354853,4.857608 52.354903,4.857486 52.354895,4.857317 52.354868,4.857083 52.354805,4.856583 52.354644,4.8564 52.354613,4.856229 52.3546,4.856004 52.354603,4.855851 52.354619,4.855766 52.354652,4.855721 52.354695,4.855707 52.35474,4.85573 52.354798,4.855804 52.354848,4.855773 52.3549,4.855783 52.354902,4.855694 52.355019,4.855676 52.355019,4.855657 52.355029,4.855019 52.356318,4.85509 52.356408,4.858937 52.357407,4.859779 52.357609,4.861816 52.358136,4.861808 52.358168,4.862234 52.358266,4.862215 52.358294,4.863642 52.358627,4.863662 52.358596,4.865098 52.358937,4.865104 52.358925,4.865161 52.358938,4.865156 52.358952,4.865355 52.359,4.865398 52.359009,4.865411 52.358994,4.866522 52.359267,4.8682 52.359656,4.869959 52.360126,4.870056 52.359982,4.871242 52.360282,4.871298 52.360201,4.871471 52.360246,4.871271 52.36054,4.871375 52.360566,4.871384 52.360567,4.871534 52.360355,4.871664 52.360341,4.871774 52.360341,4.871923 52.360361,4.872174 52.360407,4.872569 52.360506,4.873005 52.360642,4.873308 52.360747,4.873427 52.360735,4.873557 52.360738,4.87369 52.360763,4.873781 52.360804,4.873813 52.360834,4.873842 52.36089,4.873845 52.36098,4.874012 52.36102,4.873996 52.361039,4.873998 52.361053,4.874029 52.361061,4.874048 52.361055,4.874043 52.36105,4.874179 52.361191,4.874218 52.361178,4.874241 52.361202,4.874319 52.361176,4.874335 52.361193,4.874405 52.361159,4.874408 52.36115,4.874379 52.36112,4.8744 52.361112,4.87443 52.361143,4.87455 52.361098,4.874749 52.361271,4.87499 52.361199,4.875027 52.361245,4.875284 52.361161,4.875266 52.361139,4.875341 52.361117,4.875376 52.361133,4.875385 52.361123,4.875408 52.361126,4.875425 52.361063,4.875458 52.361027,4.875607 52.360974,4.875617 52.360984,4.875657 52.360971,4.875647 52.36096,4.875695 52.360947,4.875627 52.360859,4.875609 52.360819,4.875637 52.360812,4.875632 52.360807,4.875824 52.360765,4.875864 52.360715,4.87618 52.360805,4.876254 52.360736,4.876491 52.360798,4.876561 52.360696,4.876551 52.360679,4.87659 52.360622,4.87662 52.360611,4.876608 52.360594,4.87664 52.360587,4.876651 52.360572,4.876949 52.360656,4.876927 52.360687,4.877031 52.360709,4.877013 52.360744,4.876979 52.360734,4.876963 52.360759,4.876935 52.360771,4.876884 52.360765,4.876873 52.360781,4.876889 52.360785,4.876874 52.360806,4.876858 52.360802,4.876781 52.360912,4.876795 52.360921,4.876782 52.360941,4.876764 52.360936,4.87676 52.360943,4.876815 52.360958,4.876825 52.36097,4.877204 52.361075,4.877354 52.360862,4.877383 52.360869,4.877449 52.360779,4.878179 52.360982,4.880598 52.36163,4.881295 52.361829,4.882114 52.361545,4.882142 52.361516,4.88214 52.3615,4.882134 52.361481,4.882093 52.361455,4.880329 52.360994,4.880353 52.360959,4.877547 52.360233,4.877523 52.360284,4.877492 52.360303,4.877504 52.360315,4.877458 52.360343,4.877439 52.360337,4.877373 52.360367,4.877274 52.360381,4.877148 52.36037,4.877158 52.360355,4.87715 52.360353,4.877108 52.360417,4.876809 52.360343,4.876852 52.360279,4.876844 52.360277,4.876836 52.360288,4.876814 52.360281,4.876737 52.360242,4.87669 52.360199,4.87667 52.360166,4.876669 52.360141,4.876648 52.360137,4.876646 52.360099,4.876671 52.360097,4.876674 52.360065,4.8767 52.360029,4.876722 52.360015,4.876719 52.360007,4.876481 52.359911,4.87576 52.359691,4.875807 52.359625,4.875828 52.35963,4.875832 52.359623,4.875816 52.359618,4.87597 52.3594,4.875247 52.359211,4.875236 52.359225,4.875074 52.359182,4.875274 52.358898,4.875321 52.358881,4.875314 52.358879,4.87538 52.358779,4.874996 52.358677,4.875145 52.358471,4.8739 52.358136),(4.866639 52.359107,4.866493 52.35908,4.866417 52.359054,4.866362 52.359018,4.866318 52.358938,4.866307 52.358839,4.86633 52.358761,4.866376 52.358727,4.866451 52.358709,4.866776 52.358691,4.867023 52.358652,4.867176 52.358605,4.867422 52.3585,4.867589 52.35844,4.867815 52.358387,4.867926 52.358372,4.868143 52.358359,4.868198 52.358346,4.868438 52.358358,4.868567 52.358375,4.868579 52.358479,4.868598 52.358523,4.868643 52.35858,4.868717 52.358645,4.868874 52.358745,4.868767 52.35886,4.868856 52.358877,4.869614 52.359137,4.869739 52.359188,4.86982 52.359232,4.869861 52.359294,4.869872 52.359361,4.869867 52.359422,4.869813 52.359519,4.869729 52.359601,4.869606 52.359654,4.869456 52.359683,4.869371 52.35968,4.869252 52.359664,4.869106 52.359633,4.868922 52.359584,4.868669 52.359487,4.868536 52.359425,4.86819 52.359235,4.868059 52.359183,4.867984 52.359164,4.867635 52.35913,4.866756 52.359121,4.866639 52.359107))";"POLYGON((52.358136 4.8739,52.358079 4.873705,52.357977 4.873401,52.357944 4.873277,52.357912 4.873147,52.357846 4.872708,52.357782 4.872473,52.357739 4.872382,52.35765 4.872234,52.35767 4.872081,52.357688 4.872037,52.357717 4.872005,52.357631 4.871686,52.357576 4.871702,52.357487 4.871619,52.357491 4.871568,52.357485 4.871422,52.357455 4.871241,52.357376 4.870983,52.35723 4.870589,52.357162 4.870337,52.35725 4.870249,52.357148 4.86996,52.357084 4.870021,52.357029 4.869741,52.35698 4.869538,52.356891 4.86923,52.356824 4.869043,52.356689 4.868737,52.356551 4.868387,52.356424 4.867875,52.356421 4.867824,52.356429 4.867785,52.356446 4.86775,52.356469 4.867732,52.356431 4.867561,52.356386 4.867553,52.356343 4.867503,52.356326 4.867455,52.356264 4.867189,52.356102 4.86713,52.355937 4.867253,52.355842 4.867029,52.355811 4.867009,52.355725 4.867079,52.355483 4.867242,52.35524 4.867369,52.355235 4.867341,52.355228 4.867346,52.35522 4.867328,52.355231 4.867322,52.355179 4.867084,52.355017 4.867061,52.354915 4.867008,52.354835 4.866919,52.354792 4.866855,52.354783 4.86681,52.354788 4.866757,52.35482 4.866695,52.354842 4.866677,52.354996 4.866619,52.355052 4.866552,52.35509 4.866461,52.355108 4.86639,52.355116 4.86628,52.355082 4.865896,52.355084 4.865569,52.355105 4.865417,52.355141 4.865235,52.355201 4.865053,52.355291 4.86484,52.355389 4.864659,52.355505 4.864403,52.355579 4.864193,52.355619 4.864042,52.355699 4.863665,52.355717 4.863527,52.35574 4.862908,52.35574 4.862747,52.355719 4.862432,52.355648 4.861916,52.355606 4.861739,52.355541 4.861531,52.355438 4.861272,52.355358 4.86111,52.355281 4.86099,52.354959 4.860593,52.35485 4.860446,52.354682 4.860191,52.354556 4.859931,52.354472 4.859727,52.354319 4.859311,52.354263 4.859186,52.354146 4.858983,52.354027 4.858833,52.354065 4.858658,52.354142 4.858677,52.354222 4.858668,52.354319 4.858623,52.354379 4.858552,52.354495 4.858295,52.354564 4.857948,52.354618 4.857756,52.354668 4.857625,52.354708 4.857545,52.354762 4.857496,52.3548 4.8575,52.354815 4.857507,52.354832 4.857535,52.354853 4.85762,52.354903 4.857608,52.354895 4.857486,52.354868 4.857317,52.354805 4.857083,52.354644 4.856583,52.354613 4.8564,52.3546 4.856229,52.354603 4.856004,52.354619 4.855851,52.354652 4.855766,52.354695 4.855721,52.35474 4.855707,52.354798 4.85573,52.354848 4.855804,52.3549 4.855773,52.354902 4.855783,52.355019 4.855694,52.355019 4.855676,52.355029 4.855657,52.356318 4.855019,52.356408 4.85509,52.357407 4.858937,52.357609 4.859779,52.358136 4.861816,52.358168 4.861808,52.358266 4.862234,52.358294 4.862215,52.358627 4.863642,52.358596 4.863662,52.358937 4.865098,52.358925 4.865104,52.358938 4.865161,52.358952 4.865156,52.359 4.865355,52.359009 4.865398,52.358994 4.865411,52.359267 4.866522,52.359656 4.8682,52.360126 4.869959,52.359982 4.870056,52.360282 4.871242,52.360201 4.871298,52.360246 4.871471,52.36054 4.871271,52.360566 4.871375,52.360567 4.871384,52.360355 4.871534,52.360341 4.871664,52.360341 4.871774,52.360361 4.871923,52.360407 4.872174,52.360506 4.872569,52.360642 4.873005,52.360747 4.873308,52.360735 4.873427,52.360738 4.873557,52.360763 4.87369,52.360804 4.873781,52.360834 4.873813,52.36089 4.873842,52.36098 4.873845,52.36102 4.874012,52.361039 4.873996,52.361053 4.873998,52.361061 4.874029,52.361055 4.874048,52.36105 4.874043,52.361191 4.874179,52.361178 4.874218,52.361202 4.874241,52.361176 4.874319,52.361193 4.874335,52.361159 4.874405,52.36115 4.874408,52.36112 4.874379,52.361112 4.8744,52.361143 4.87443,52.361098 4.87455,52.361271 4.874749,52.361199 4.87499,52.361245 4.875027,52.361161 4.875284,52.361139 4.875266,52.361117 4.875341,52.361133 4.875376,52.361123 4.875385,52.361126 4.875408,52.361063 4.875425,52.361027 4.875458,52.360974 4.875607,52.360984 4.875617,52.360971 4.875657,52.36096 4.875647,52.360947 4.875695,52.360859 4.875627,52.360819 4.875609,52.360812 4.875637,52.360807 4.875632,52.360765 4.875824,52.360715 4.875864,52.360805 4.87618,52.360736 4.876254,52.360798 4.876491,52.360696 4.876561,52.360679 4.876551,52.360622 4.87659,52.360611 4.87662,52.360594 4.876608,52.360587 4.87664,52.360572 4.876651,52.360656 4.876949,52.360687 4.876927,52.360709 4.877031,52.360744 4.877013,52.360734 4.876979,52.360759 4.876963,52.360771 4.876935,52.360765 4.876884,52.360781 4.876873,52.360785 4.876889,52.360806 4.876874,52.360802 4.876858,52.360912 4.876781,52.360921 4.876795,52.360941 4.876782,52.360936 4.876764,52.360943 4.87676,52.360958 4.876815,52.36097 4.876825,52.361075 4.877204,52.360862 4.877354,52.360869 4.877383,52.360779 4.877449,52.360982 4.878179,52.36163 4.880598,52.361829 4.881295,52.361545 4.882114,52.361516 4.882142,52.3615 4.88214,52.361481 4.882134,52.361455 4.882093,52.360994 4.880329,52.360959 4.880353,52.360233 4.877547,52.360284 4.877523,52.360303 4.877492,52.360315 4.877504,52.360343 4.877458,52.360337 4.877439,52.360367 4.877373,52.360381 4.877274,52.36037 4.877148,52.360355 4.877158,52.360353 4.87715,52.360417 4.877108,52.360343 4.876809,52.360279 4.876852,52.360277 4.876844,52.360288 4.876836,52.360281 4.876814,52.360242 4.876737,52.360199 4.87669,52.360166 4.87667,52.360141 4.876669,52.360137 4.876648,52.360099 4.876646,52.360097 4.876671,52.360065 4.876674,52.360029 4.8767,52.360015 4.876722,52.360007 4.876719,52.359911 4.876481,52.359691 4.87576,52.359625 4.875807,52.35963 4.875828,52.359623 4.875832,52.359618 4.875816,52.3594 4.87597,52.359211 4.875247,52.359225 4.875236,52.359182 4.875074,52.358898 4.875274,52.358881 4.875321,52.358879 4.875314,52.358779 4.87538,52.358677 4.874996,52.358471 4.875145,52.358136 4.8739),(52.359107 4.866639,52.35908 4.866493,52.359054 4.866417,52.359018 4.866362,52.358938 4.866318,52.358839 4.866307,52.358761 4.86633,52.358727 4.866376,52.358709 4.866451,52.358691 4.866776,52.358652 4.867023,52.358605 4.867176,52.3585 4.867422,52.35844 4.867589,52.358387 4.867815,52.358372 4.867926,52.358359 4.868143,52.358346 4.868198,52.358358 4.868438,52.358375 4.868567,52.358479 4.868579,52.358523 4.868598,52.35858 4.868643,52.358645 4.868717,52.358745 4.868874,52.35886 4.868767,52.358877 4.868856,52.359137 4.869614,52.359188 4.869739,52.359232 4.86982,52.359294 4.869861,52.359361 4.869872,52.359422 4.869867,52.359519 4.869813,52.359601 4.869729,52.359654 4.869606,52.359683 4.869456,52.35968 4.869371,52.359664 4.869252,52.359633 4.869106,52.359584 4.868922,52.359487 4.868669,52.359425 4.868536,52.359235 4.86819,52.359183 4.868059,52.359164 4.867984,52.35913 4.867635,52.359121 4.866756,52.359107 4.866639))";4.8685855;52.357921;
13;"Park";"POLYGON((4.85449 52.374392,4.854537 52.374252,4.854424 52.374217,4.854249 52.374147,4.853267 52.373734,4.853087 52.373668,4.852745 52.373576,4.852414 52.373511,4.852385 52.373578,4.852263 52.373559,4.852301 52.373486,4.851197 52.373291,4.850552 52.373155,4.850023 52.373029,4.848565 52.375429,4.8486 52.375428,4.848538 52.375508,4.848511 52.375564,4.850285 52.375922,4.850704 52.375999,4.85108 52.37606,4.851572 52.376126,4.853947 52.376403,4.854158 52.376425,4.854228 52.376419,4.854304 52.376388,4.854346 52.376343,4.854935 52.37444,4.85449 52.374392))";"POLYGON((52.374392 4.85449,52.374252 4.854537,52.374217 4.854424,52.374147 4.854249,52.373734 4.853267,52.373668 4.853087,52.373576 4.852745,52.373511 4.852414,52.373578 4.852385,52.373559 4.852263,52.373486 4.852301,52.373291 4.851197,52.373155 4.850552,52.373029 4.850023,52.375429 4.848565,52.375428 4.8486,52.375508 4.848538,52.375564 4.848511,52.375922 4.850285,52.375999 4.850704,52.37606 4.85108,52.376126 4.851572,52.376403 4.853947,52.376425 4.854158,52.376419 4.854228,52.376388 4.854304,52.376343 4.854346,52.37444 4.854935,52.374392 4.85449))";4.851728;52.37472;
14;"Park";"MULTIPOLYGON(((4.852428 52.378046,4.853926 52.378345,4.854058 52.378098,4.854208 52.378128,4.854305 52.377815,4.854333 52.377767,4.854548 52.377044,4.854662 52.376715,4.853414 52.376571,4.853402 52.376778,4.853712 52.376784,4.85368 52.376887,4.853253 52.376877,4.853255 52.376948,4.853278 52.377013,4.853137 52.377257,4.852845 52.377202,4.852428 52.378046)),((4.851507 52.380291,4.85177 52.380342,4.851983 52.380439,4.852028 52.380374,4.852226 52.379985,4.852678 52.379717,4.852277 52.379473,4.852007 52.379362,4.851507 52.380291)),((4.852258 52.378971,4.852459 52.379035,4.852641 52.379121,4.852896 52.379289,4.852914 52.379253,4.852815 52.379233,4.853291 52.378349,4.85261 52.378211,4.852255 52.378868,4.852308 52.378879,4.852258 52.378971)),((4.851889 52.380577,4.851747 52.380494,4.851619 52.38045,4.851054 52.380342,4.851009 52.380713,4.851003 52.380871,4.851565 52.380894,4.851622 52.380865,4.851512 52.380794,4.851889 52.380577)))";"MULTIPOLYGON(((52.378046 4.852428,52.378345 4.853926,52.378098 4.854058,52.378128 4.854208,52.377815 4.854305,52.377767 4.854333,52.377044 4.854548,52.376715 4.854662,52.376571 4.853414,52.376778 4.853402,52.376784 4.853712,52.376887 4.85368,52.376877 4.853253,52.376948 4.853255,52.377013 4.853278,52.377257 4.853137,52.377202 4.852845,52.378046 4.852428)),((52.380291 4.851507,52.380342 4.85177,52.380439 4.851983,52.380374 4.852028,52.379985 4.852226,52.379717 4.852678,52.379473 4.852277,52.379362 4.852007,52.380291 4.851507)),((52.378971 4.852258,52.379035 4.852459,52.379121 4.852641,52.379289 4.852896,52.379253 4.852914,52.379233 4.852815,52.378349 4.853291,52.378211 4.85261,52.378868 4.852255,52.378879 4.852308,52.378971 4.852258)),((52.380577 4.851889,52.380494 4.851747,52.38045 4.851619,52.380342 4.851054,52.380713 4.851009,52.380871 4.851003,52.380894 4.851565,52.380865 4.851622,52.380794 4.851512,52.380577 4.851889)))";4.8528375;52.3787255;
15;"Park";"MULTIPOLYGON(((4.87832 52.379948,4.878362 52.379938,4.878367 52.379906,4.878194 52.379634,4.877858 52.379146,4.877775 52.379168,4.877737 52.379136,4.877744 52.37909,4.877726 52.379046,4.877617 52.378881,4.877563 52.378845,4.877493 52.378827,4.877418 52.37883,4.876623 52.379048,4.876604 52.379064,4.876608 52.379088,4.876537 52.379126,4.87649 52.379117,4.876461 52.379127,4.87633 52.379306,4.876316 52.379355,4.876332 52.37937,4.876865 52.379588,4.876843 52.379615,4.877125 52.37973,4.877156 52.379703,4.877675 52.379914,4.877681 52.379924,4.877659 52.379951,4.877709 52.379968,4.877905 52.379986,4.878077 52.379991,4.878225 52.379975,4.87832 52.379948)),((4.87576 52.378293,4.875453 52.378367,4.875708 52.378678,4.875806 52.37872,4.87624 52.378817,4.876466 52.378835,4.876602 52.378826,4.877456 52.378596,4.877412 52.378537,4.877452 52.378474,4.877134 52.377963,4.87576 52.378293)),((4.875386 52.379263,4.875434 52.379303,4.875495 52.379335,4.875642 52.379373,4.875775 52.379381,4.87593 52.379359,4.876109 52.379314,4.876208 52.379261,4.876248 52.379222,4.876317 52.379123,4.876325 52.379047,4.876138 52.379018,4.875722 52.378927,4.875559 52.378908,4.8754 52.379032,4.875342 52.379101,4.87534 52.379175,4.875354 52.379219,4.875386 52.379263)))";"MULTIPOLYGON(((52.379948 4.87832,52.379938 4.878362,52.379906 4.878367,52.379634 4.878194,52.379146 4.877858,52.379168 4.877775,52.379136 4.877737,52.37909 4.877744,52.379046 4.877726,52.378881 4.877617,52.378845 4.877563,52.378827 4.877493,52.37883 4.877418,52.379048 4.876623,52.379064 4.876604,52.379088 4.876608,52.379126 4.876537,52.379117 4.87649,52.379127 4.876461,52.379306 4.87633,52.379355 4.876316,52.37937 4.876332,52.379588 4.876865,52.379615 4.876843,52.37973 4.877125,52.379703 4.877156,52.379914 4.877675,52.379924 4.877681,52.379951 4.877659,52.379968 4.877709,52.379986 4.877905,52.379991 4.878077,52.379975 4.878225,52.379948 4.87832)),((52.378293 4.87576,52.378367 4.875453,52.378678 4.875708,52.37872 4.875806,52.378817 4.87624,52.378835 4.876466,52.378826 4.876602,52.378596 4.877456,52.378537 4.877412,52.378474 4.877452,52.377963 4.877134,52.378293 4.87576)),((52.379263 4.875386,52.379303 4.875434,52.379335 4.875495,52.379373 4.875642,52.379381 4.875775,52.379359 4.87593,52.379314 4.876109,52.379261 4.876208,52.379222 4.876248,52.379123 4.876317,52.379047 4.876325,52.379018 4.876138,52.378927 4.875722,52.378908 4.875559,52.379032 4.8754,52.379101 4.875342,52.379175 4.87534,52.379219 4.875354,52.379263 4.875386)))";4.8768585;52.37897;
16;"Park";"POLYGON((4.880588 52.38109,4.880104 52.381202,4.880169 52.381305,4.879775 52.381856,4.88067 52.38211,4.880691 52.382144,4.881175 52.382022,4.880588 52.38109))";"POLYGON((52.38109 4.880588,52.381202 4.880104,52.381305 4.880169,52.381856 4.879775,52.38211 4.88067,52.382144 4.880691,52.382022 4.881175,52.38109 4.880588))";4.88048;52.38161;
17;"Park";"POLYGON((4.865445 52.389226,4.865071 52.389224,4.864853 52.389246,4.865241 52.389349,4.86524 52.389396,4.8647 52.389255,4.864549 52.389227,4.864426 52.389219,4.859018 52.389182,4.858946 52.390521,4.858639 52.391247,4.858481 52.391277,4.858394 52.391313,4.858322 52.391358,4.858264 52.391407,4.857836 52.391931,4.857795 52.392058,4.861489 52.392367,4.86181 52.392363,4.862114 52.392386,4.862393 52.392434,4.863704 52.392539,4.863962 52.392566,4.86428 52.392613,4.864463 52.392647,4.865031 52.392236,4.865649 52.391748,4.86651 52.39109,4.866983 52.390712,4.86734 52.390459,4.867835 52.39014,4.868558 52.389746,4.869008 52.389525,4.869301 52.389403,4.86944 52.389367,4.869718 52.389253,4.866849 52.389253,4.86685 52.389274,4.866658 52.389274,4.866648 52.389246,4.865445 52.389226),(4.862934 52.389554,4.862964 52.389565,4.863064 52.38948,4.863239 52.389441,4.864087 52.389443,4.864156 52.38945,4.864258 52.38948,4.864447 52.389561,4.864661 52.389676,4.864928 52.389702,4.864995 52.389662,4.865074 52.389676,4.865057 52.389738,4.865071 52.389825,4.864985 52.390083,4.86468 52.390974,4.864579 52.391206,4.864418 52.391645,4.8644 52.391662,4.864366 52.391666,4.864246 52.391654,4.863725 52.391583,4.863703 52.391594,4.863691 52.391648,4.863563 52.391758,4.863197 52.391724,4.863021 52.391698,4.862787 52.391682,4.862454 52.391631,4.862454 52.391615,4.861933 52.391563,4.861918 52.391556,4.861908 52.391535,4.861999 52.391346,4.862169 52.390847,4.862002 52.390818,4.861942 52.390799,4.861942 52.39071,4.861977 52.390603,4.862073 52.390425,4.862255 52.389927,4.862288 52.389905,4.862468 52.389918,4.862594 52.389583,4.862635 52.389558,4.862934 52.389554))";"POLYGON((52.389226 4.865445,52.389224 4.865071,52.389246 4.864853,52.389349 4.865241,52.389396 4.86524,52.389255 4.8647,52.389227 4.864549,52.389219 4.864426,52.389182 4.859018,52.390521 4.858946,52.391247 4.858639,52.391277 4.858481,52.391313 4.858394,52.391358 4.858322,52.391407 4.858264,52.391931 4.857836,52.392058 4.857795,52.392367 4.861489,52.392363 4.86181,52.392386 4.862114,52.392434 4.862393,52.392539 4.863704,52.392566 4.863962,52.392613 4.86428,52.392647 4.864463,52.392236 4.865031,52.391748 4.865649,52.39109 4.86651,52.390712 4.866983,52.390459 4.86734,52.39014 4.867835,52.389746 4.868558,52.389525 4.869008,52.389403 4.869301,52.389367 4.86944,52.389253 4.869718,52.389253 4.866849,52.389274 4.86685,52.389274 4.866658,52.389246 4.866648,52.389226 4.865445),(52.389554 4.862934,52.389565 4.862964,52.38948 4.863064,52.389441 4.863239,52.389443 4.864087,52.38945 4.864156,52.38948 4.864258,52.389561 4.864447,52.389676 4.864661,52.389702 4.864928,52.389662 4.864995,52.389676 4.865074,52.389738 4.865057,52.389825 4.865071,52.390083 4.864985,52.390974 4.86468,52.391206 4.864579,52.391645 4.864418,52.391662 4.8644,52.391666 4.864366,52.391654 4.864246,52.391583 4.863725,52.391594 4.863703,52.391648 4.863691,52.391758 4.863563,52.391724 4.863197,52.391698 4.863021,52.391682 4.862787,52.391631 4.862454,52.391615 4.862454,52.391563 4.861933,52.391556 4.861918,52.391535 4.861908,52.391346 4.861999,52.390847 4.862169,52.390818 4.862002,52.390799 4.861942,52.39071 4.861942,52.390603 4.861977,52.390425 4.862073,52.389927 4.862255,52.389905 4.862288,52.389918 4.862468,52.389583 4.862594,52.389558 4.862635,52.389554 4.862934))";4.8637615;52.3909075;
18;"Park";"POLYGON((4.908976 52.368411,4.909443 52.368146,4.909417 52.368119,4.909488 52.368077,4.909697 52.368004,4.909427 52.367805,4.909314 52.367659,4.909276 52.367573,4.909096 52.367506,4.908613 52.367511,4.908409 52.367504,4.908204 52.367477,4.907827 52.367397,4.907695 52.367376,4.907513 52.367394,4.907855 52.367651,4.908976 52.368411))";"POLYGON((52.368411 4.908976,52.368146 4.909443,52.368119 4.909417,52.368077 4.909488,52.368004 4.909697,52.367805 4.909427,52.367659 4.909314,52.367573 4.909276,52.367506 4.909096,52.367511 4.908613,52.367504 4.908409,52.367477 4.908204,52.367397 4.907827,52.367376 4.907695,52.367394 4.907513,52.367651 4.907855,52.368411 4.908976))";4.90861;52.3678865;
19;"Park";"POLYGON((4.925081 52.36009,4.918714 52.358496,4.917951 52.358297,4.917702 52.358238,4.917622 52.358231,4.917477 52.358269,4.916629 52.359525,4.916442 52.359736,4.916296 52.359941,4.916142 52.360182,4.915941 52.36054,4.915374 52.361488,4.91565 52.361578,4.915988 52.361667,4.916494 52.361768,4.916662 52.36179,4.917052 52.36182,4.917784 52.361847,4.918394 52.361946,4.918574 52.361985,4.918823 52.362064,4.919133 52.362199,4.920012 52.362761,4.920169 52.362828,4.920321 52.362874,4.920593 52.362923,4.920702 52.362934,4.92151 52.362995,4.922214 52.363018,4.92283 52.363028,4.922969 52.363015,4.923137 52.362971,4.923299 52.362895,4.923387 52.362824,4.923439 52.362752,4.923645 52.362279,4.923839 52.361879,4.923888 52.361808,4.924015 52.361566,4.925081 52.36009))";"POLYGON((52.36009 4.925081,52.358496 4.918714,52.358297 4.917951,52.358238 4.917702,52.358231 4.917622,52.358269 4.917477,52.359525 4.916629,52.359736 4.916442,52.359941 4.916296,52.360182 4.916142,52.36054 4.915941,52.361488 4.915374,52.361578 4.91565,52.361667 4.915988,52.361768 4.916494,52.36179 4.916662,52.36182 4.917052,52.361847 4.917784,52.361946 4.918394,52.361985 4.918574,52.362064 4.918823,52.362199 4.919133,52.362761 4.920012,52.362828 4.920169,52.362874 4.920321,52.362923 4.920593,52.362934 4.920702,52.362995 4.92151,52.363018 4.922214,52.363028 4.92283,52.363015 4.922969,52.362971 4.923137,52.362895 4.923299,52.362824 4.923387,52.362752 4.923439,52.362279 4.923645,52.361879 4.923839,52.361808 4.923888,52.361566 4.924015,52.36009 4.925081))";4.9202325;52.3606225;
20;"Park";"POLYGON((4.929934 52.346349,4.929968 52.346323,4.92992 52.346291,4.929959 52.346266,4.930013 52.3463,4.931189 52.345567,4.931154 52.345546,4.931252 52.345484,4.931295 52.34551,4.933468 52.344158,4.933434 52.344136,4.933551 52.344064,4.933576 52.344078,4.933709 52.343999,4.933718 52.343976,4.933711 52.343964,4.933486 52.343834,4.933495 52.343829,4.933328 52.343725,4.93325 52.343653,4.933178 52.343547,4.933151 52.343458,4.933146 52.343369,4.933118 52.343346,4.933086 52.34334,4.933008 52.343345,4.932943 52.343373,4.932913 52.343355,4.932642 52.343526,4.931899 52.343922,4.931298 52.344284,4.930812 52.344592,4.929881 52.345228,4.929231 52.345651,4.92835 52.346204,4.927812 52.346572,4.928021 52.346707,4.929125 52.347318,4.929137 52.347311,4.929133 52.347291,4.929074 52.347157,4.929052 52.347162,4.929028 52.347106,4.929047 52.347102,4.928991 52.346968,4.929005 52.346924,4.929934 52.346349))";"POLYGON((52.346349 4.929934,52.346323 4.929968,52.346291 4.92992,52.346266 4.929959,52.3463 4.930013,52.345567 4.931189,52.345546 4.931154,52.345484 4.931252,52.34551 4.931295,52.344158 4.933468,52.344136 4.933434,52.344064 4.933551,52.344078 4.933576,52.343999 4.933709,52.343976 4.933718,52.343964 4.933711,52.343834 4.933486,52.343829 4.933495,52.343725 4.933328,52.343653 4.93325,52.343547 4.933178,52.343458 4.933151,52.343369 4.933146,52.343346 4.933118,52.34334 4.933086,52.343345 4.933008,52.343373 4.932943,52.343355 4.932913,52.343526 4.932642,52.343922 4.931899,52.344284 4.931298,52.344592 4.930812,52.345228 4.929881,52.345651 4.929231,52.346204 4.92835,52.346572 4.927812,52.346707 4.928021,52.347318 4.929125,52.347311 4.929137,52.347291 4.929133,52.347157 4.929074,52.347162 4.929052,52.347106 4.929028,52.347102 4.929047,52.346968 4.928991,52.346924 4.929005,52.346349 4.929934))";4.93077;52.345322;
21;"Park";"MULTIPOLYGON(((4.954664 52.359369,4.954722 52.359346,4.95482 52.359342,4.954817 52.359311,4.955149 52.359308,4.955148 52.359261,4.955424 52.359267,4.95589 52.359222,4.956018 52.359223,4.956035 52.359204,4.956113 52.359202,4.956428 52.35915,4.956484 52.359154,4.956596 52.359202,4.956651 52.359215,4.956708 52.359213,4.956836 52.359181,4.956903 52.359172,4.956997 52.359182,4.957095 52.359215,4.957279 52.359185,4.957346 52.359209,4.957601 52.359116,4.957664 52.359103,4.957782 52.359064,4.957884 52.359011,4.957967 52.358947,4.958089 52.358789,4.9582 52.358714,4.958422 52.358497,4.958488 52.358483,4.95853 52.358446,4.958534 52.358424,4.958523 52.358396,4.958483 52.358368,4.958444 52.358357,4.95843 52.35831,4.958492 52.358214,4.958522 52.358192,4.958585 52.358177,4.958686 52.35818,4.958586 52.358101,4.958429 52.358083,4.95841 52.35805,4.958338 52.358016,4.95837 52.357968,4.958396 52.357952,4.958437 52.357957,4.958488 52.358013,4.958543 52.358003,4.958495 52.357884,4.958394 52.357858,4.958309 52.357885,4.958157 52.357904,4.957861 52.357866,4.956379 52.357851,4.955587 52.35789,4.955333 52.357884,4.954568 52.357933,4.953011 52.357981,4.952899 52.358081,4.952901 52.358107,4.952843 52.358115,4.953062 52.35809,4.954557 52.35804,4.954558 52.358052,4.954574 52.358057,4.954577 52.358089,4.954562 52.358098,4.954609 52.358717,4.954617 52.35873,4.954683 52.358728,4.954722 52.359172,4.954654 52.359175,4.954664 52.359369)),((4.954605 52.35943,4.954611 52.359428,4.954615 52.359423,4.954605 52.35943)),((4.954664 52.359369,4.954654 52.359376,4.954639 52.359392,4.954664 52.359369)))";"MULTIPOLYGON(((52.359369 4.954664,52.359346 4.954722,52.359342 4.95482,52.359311 4.954817,52.359308 4.955149,52.359261 4.955148,52.359267 4.955424,52.359222 4.95589,52.359223 4.956018,52.359204 4.956035,52.359202 4.956113,52.35915 4.956428,52.359154 4.956484,52.359202 4.956596,52.359215 4.956651,52.359213 4.956708,52.359181 4.956836,52.359172 4.956903,52.359182 4.956997,52.359215 4.957095,52.359185 4.957279,52.359209 4.957346,52.359116 4.957601,52.359103 4.957664,52.359064 4.957782,52.359011 4.957884,52.358947 4.957967,52.358789 4.958089,52.358714 4.9582,52.358497 4.958422,52.358483 4.958488,52.358446 4.95853,52.358424 4.958534,52.358396 4.958523,52.358368 4.958483,52.358357 4.958444,52.35831 4.95843,52.358214 4.958492,52.358192 4.958522,52.358177 4.958585,52.35818 4.958686,52.358101 4.958586,52.358083 4.958429,52.35805 4.95841,52.358016 4.958338,52.357968 4.95837,52.357952 4.958396,52.357957 4.958437,52.358013 4.958488,52.358003 4.958543,52.357884 4.958495,52.357858 4.958394,52.357885 4.958309,52.357904 4.958157,52.357866 4.957861,52.357851 4.956379,52.35789 4.955587,52.357884 4.955333,52.357933 4.954568,52.357981 4.953011,52.358081 4.952899,52.358107 4.952901,52.358115 4.952843,52.35809 4.953062,52.35804 4.954557,52.358052 4.954558,52.358057 4.954574,52.358089 4.954577,52.358098 4.954562,52.358717 4.954609,52.35873 4.954617,52.358728 4.954683,52.359172 4.954722,52.359175 4.954654,52.359369 4.954664)),((52.35943 4.954605,52.359428 4.954611,52.359423 4.954615,52.35943 4.954605)),((52.359369 4.954664,52.359376 4.954654,52.359392 4.954639,52.359369 4.954664)))";4.9557695;52.3586335;
22;"Park";"POLYGON((4.951667 52.340477,4.95176 52.340423,4.951153 52.340052,4.950781 52.339856,4.950471 52.339701,4.949812 52.3394,4.948987 52.339066,4.948734 52.338979,4.947805 52.338689,4.947462 52.33859,4.947084 52.338483,4.946055 52.33822,4.945576 52.338102,4.943067 52.337543,4.943009 52.337547,4.94268 52.337467,4.941063 52.338198,4.940711 52.338374,4.94048 52.338503,4.939534 52.339099,4.939262 52.339298,4.9393 52.339335,4.93933 52.339408,4.93934 52.339522,4.940733 52.338654,4.940908 52.338634,4.943492 52.338187,4.943574 52.338178,4.943897 52.338235,4.948764 52.339642,4.949726 52.339911,4.949825 52.339951,4.950824 52.340541,4.950907 52.340628,4.950998 52.340632,4.951641 52.340519,4.951667 52.340477))";"POLYGON((52.340477 4.951667,52.340423 4.95176,52.340052 4.951153,52.339856 4.950781,52.339701 4.950471,52.3394 4.949812,52.339066 4.948987,52.338979 4.948734,52.338689 4.947805,52.33859 4.947462,52.338483 4.947084,52.33822 4.946055,52.338102 4.945576,52.337543 4.943067,52.337547 4.943009,52.337467 4.94268,52.338198 4.941063,52.338374 4.940711,52.338503 4.94048,52.339099 4.939534,52.339298 4.939262,52.339335 4.9393,52.339408 4.93933,52.339522 4.93934,52.338654 4.940733,52.338634 4.940908,52.338187 4.943492,52.338178 4.943574,52.338235 4.943897,52.339642 4.948764,52.339911 4.949726,52.339951 4.949825,52.340541 4.950824,52.340628 4.950907,52.340632 4.950998,52.340519 4.951641,52.340477 4.951667))";4.945516;52.3390425;
23;"Park";"POLYGON((4.919609 52.337553,4.919644 52.337493,4.919635 52.337465,4.919619 52.337452,4.919315 52.337348,4.917908 52.336983,4.91783 52.336976,4.917759 52.336991,4.917809 52.337049,4.916766 52.337387,4.916414 52.337524,4.915712 52.337758,4.915416 52.337801,4.915153 52.337888,4.914985 52.337962,4.914334 52.338175,4.914298 52.338132,4.914249 52.338159,4.914229 52.338206,4.914517 52.338532,4.914901 52.338645,4.915274 52.339065,4.91534 52.339086,4.915415 52.339084,4.915375 52.339039,4.919429 52.3377,4.919472 52.337748,4.919511 52.337712,4.919609 52.337553))";"POLYGON((52.337553 4.919609,52.337493 4.919644,52.337465 4.919635,52.337452 4.919619,52.337348 4.919315,52.336983 4.917908,52.336976 4.91783,52.336991 4.917759,52.337049 4.917809,52.337387 4.916766,52.337524 4.916414,52.337758 4.915712,52.337801 4.915416,52.337888 4.915153,52.337962 4.914985,52.338175 4.914334,52.338132 4.914298,52.338159 4.914249,52.338206 4.914229,52.338532 4.914517,52.338645 4.914901,52.339065 4.915274,52.339086 4.91534,52.339084 4.915415,52.339039 4.915375,52.3377 4.919429,52.337748 4.919472,52.337712 4.919511,52.337553 4.919609))";4.9169415;52.338024;
24;"Park";"POLYGON((4.903558 52.383537,4.90518 52.384269,4.90529 52.384166,4.905524 52.383972,4.905603 52.383863,4.906006 52.383526,4.905286 52.383213,4.905256 52.38324,4.904053 52.382681,4.903965 52.382659,4.903901 52.382655,4.903783 52.38267,4.90359 52.382725,4.903298 52.38284,4.903899 52.383115,4.904015 52.383185,4.904035 52.383319,4.903895 52.383434,4.903726 52.383356,4.903663 52.383408,4.9037 52.383425,4.903558 52.383537))";"POLYGON((52.383537 4.903558,52.384269 4.90518,52.384166 4.90529,52.383972 4.905524,52.383863 4.905603,52.383526 4.906006,52.383213 4.905286,52.38324 4.905256,52.382681 4.904053,52.382659 4.903965,52.382655 4.903901,52.38267 4.903783,52.382725 4.90359,52.38284 4.903298,52.383115 4.903899,52.383185 4.904015,52.383319 4.904035,52.383434 4.903895,52.383356 4.903726,52.383408 4.903663,52.383425 4.9037,52.383537 4.903558))";4.904657;52.383455;
25;"Park";"POLYGON((4.949535 52.38755,4.950132 52.387675,4.950169 52.387729,4.95016 52.387729,4.949991 52.388028,4.950327 52.3881,4.950339 52.388121,4.950315 52.388126,4.949678 52.389249,4.949591 52.389411,4.949599 52.389431,4.951155 52.389763,4.951207 52.389766,4.951231 52.3898,4.950872 52.390425,4.950847 52.390443,4.952258 52.390745,4.953166 52.391,4.953424 52.390648,4.953381 52.390636,4.953348 52.390613,4.953282 52.390595,4.95348 52.390325,4.953924 52.390428,4.953952 52.390389,4.954163 52.390445,4.954217 52.390369,4.954074 52.390284,4.954056 52.390294,4.954012 52.390269,4.954031 52.390257,4.953808 52.390124,4.95396 52.389922,4.953783 52.389874,4.953991 52.38958,4.954235 52.389653,4.954271 52.389607,4.954476 52.389675,4.954494 52.389648,4.954714 52.389705,4.954843 52.389749,4.954932 52.389773,4.954944 52.38977,4.954938 52.389745,4.954586 52.389534,4.954569 52.389545,4.954529 52.38952,4.954547 52.38951,4.954344 52.389388,4.9545 52.38919,4.95432 52.389135,4.954549 52.388838,4.955 52.388963,4.955042 52.388911,4.955468 52.389034,4.955481 52.389015,4.955131 52.388804,4.955113 52.388815,4.955069 52.388789,4.955087 52.388778,4.95488 52.388653,4.955026 52.388457,4.954866 52.388413,4.955165 52.387995,4.953611 52.387571,4.953745 52.387387,4.953956 52.387444,4.954035 52.387423,4.954082 52.387444,4.954075 52.387456,4.954101 52.387507,4.954682 52.387671,4.954806 52.387527,4.954705 52.387335,4.954709 52.387328,4.954656 52.387315,4.954589 52.38733,4.954534 52.387223,4.954675 52.387191,4.954618 52.387177,4.954592 52.38714,4.954698 52.386972,4.95364 52.386716,4.951767 52.386148,4.951696 52.386136,4.951687 52.38615,4.951591 52.386126,4.951596 52.386117,4.951551 52.386109,4.951547 52.386116,4.950922 52.385966,4.950795 52.385943,4.950625 52.385926,4.950306 52.385911,4.950277 52.385929,4.950264 52.38597,4.950183 52.386375,4.9502 52.386402,4.950228 52.386419,4.950058 52.386648,4.949535 52.38755))";"POLYGON((52.38755 4.949535,52.387675 4.950132,52.387729 4.950169,52.387729 4.95016,52.388028 4.949991,52.3881 4.950327,52.388121 4.950339,52.388126 4.950315,52.389249 4.949678,52.389411 4.949591,52.389431 4.949599,52.389763 4.951155,52.389766 4.951207,52.3898 4.951231,52.390425 4.950872,52.390443 4.950847,52.390745 4.952258,52.391 4.953166,52.390648 4.953424,52.390636 4.953381,52.390613 4.953348,52.390595 4.953282,52.390325 4.95348,52.390428 4.953924,52.390389 4.953952,52.390445 4.954163,52.390369 4.954217,52.390284 4.954074,52.390294 4.954056,52.390269 4.954012,52.390257 4.954031,52.390124 4.953808,52.389922 4.95396,52.389874 4.953783,52.38958 4.953991,52.389653 4.954235,52.389607 4.954271,52.389675 4.954476,52.389648 4.954494,52.389705 4.954714,52.389749 4.954843,52.389773 4.954932,52.38977 4.954944,52.389745 4.954938,52.389534 4.954586,52.389545 4.954569,52.38952 4.954529,52.38951 4.954547,52.389388 4.954344,52.38919 4.9545,52.389135 4.95432,52.388838 4.954549,52.388963 4.955,52.388911 4.955042,52.389034 4.955468,52.389015 4.955481,52.388804 4.955131,52.388815 4.955113,52.388789 4.955069,52.388778 4.955087,52.388653 4.95488,52.388457 4.955026,52.388413 4.954866,52.387995 4.955165,52.387571 4.953611,52.387387 4.953745,52.387444 4.953956,52.387423 4.954035,52.387444 4.954082,52.387456 4.954075,52.387507 4.954101,52.387671 4.954682,52.387527 4.954806,52.387335 4.954705,52.387328 4.954709,52.387315 4.954656,52.38733 4.954589,52.387223 4.954534,52.387191 4.954675,52.387177 4.954618,52.38714 4.954592,52.386972 4.954698,52.386716 4.95364,52.386148 4.951767,52.386136 4.951696,52.38615 4.951687,52.386126 4.951591,52.386117 4.951596,52.386109 4.951551,52.386116 4.951547,52.385966 4.950922,52.385943 4.950795,52.385926 4.950625,52.385911 4.950306,52.385929 4.950277,52.38597 4.950264,52.386375 4.950183,52.386402 4.9502,52.386419 4.950228,52.386648 4.950058,52.38755 4.949535))";4.952513;52.3884485;
26;"Park";"POLYGON((5.008255 52.348297,5.003935 52.350597,5.005543 52.351092,5.009357 52.349063,5.008255 52.348297))";"POLYGON((52.348297 5.008255,52.350597 5.003935,52.351092 5.005543,52.349063 5.009357,52.348297 5.008255))";5.006651;52.3496875;
27;"Park";"POLYGON((4.808525 52.33097,4.808604 52.331027,4.808789 52.331067,4.808819 52.33112,4.808929 52.331154,4.809034 52.331216,4.809106 52.331286,4.809196 52.331356,4.809275 52.331388,4.809398 52.331412,4.810553 52.33139,4.811053 52.331391,4.81112 52.331245,4.81119 52.331128,4.811253 52.331047,4.811348 52.330963,4.811422 52.330916,4.811597 52.330828,4.811839 52.330724,4.81514 52.329388,4.815346 52.329572,4.815657 52.329444,4.815556 52.329101,4.815271 52.329132,4.815291 52.329039,4.81552 52.328944,4.815624 52.328931,4.815651 52.329013,4.815755 52.329002,4.815731 52.328918,4.816823 52.328797,4.817075 52.328905,4.817301 52.328906,4.817462 52.328798,4.817189 52.328585,4.817063 52.328568,4.816927 52.328459,4.816797 52.328484,4.816689 52.328456,4.816561 52.32835,4.816412 52.328345,4.816367 52.328314,4.816315 52.328222,4.816608 52.328031,4.816574 52.327977,4.816527 52.327952,4.81648 52.327938,4.81637 52.327943,4.816202 52.327991,4.816117 52.328002,4.815924 52.328054,4.815848 52.328048,4.815735 52.328066,4.814498 52.328563,4.813988 52.32873,4.813631 52.328879,4.813325 52.32903,4.813005 52.329167,4.81293 52.329174,4.812702 52.329255,4.812237 52.329444,4.812179 52.32942,4.811971 52.329504,4.811981 52.329549,4.811013 52.329948,4.810942 52.329927,4.810757 52.330002,4.810773 52.330046,4.808525 52.33097))";"POLYGON((52.33097 4.808525,52.331027 4.808604,52.331067 4.808789,52.33112 4.808819,52.331154 4.808929,52.331216 4.809034,52.331286 4.809106,52.331356 4.809196,52.331388 4.809275,52.331412 4.809398,52.33139 4.810553,52.331391 4.811053,52.331245 4.81112,52.331128 4.81119,52.331047 4.811253,52.330963 4.811348,52.330916 4.811422,52.330828 4.811597,52.330724 4.811839,52.329388 4.81514,52.329572 4.815346,52.329444 4.815657,52.329101 4.815556,52.329132 4.815271,52.329039 4.815291,52.328944 4.81552,52.328931 4.815624,52.329013 4.815651,52.329002 4.815755,52.328918 4.815731,52.328797 4.816823,52.328905 4.817075,52.328906 4.817301,52.328798 4.817462,52.328585 4.817189,52.328568 4.817063,52.328459 4.816927,52.328484 4.816797,52.328456 4.816689,52.32835 4.816561,52.328345 4.816412,52.328314 4.816367,52.328222 4.816315,52.328031 4.816608,52.327977 4.816574,52.327952 4.816527,52.327938 4.81648,52.327943 4.81637,52.327991 4.816202,52.328002 4.816117,52.328054 4.815924,52.328048 4.815848,52.328066 4.815735,52.328563 4.814498,52.32873 4.813988,52.328879 4.813631,52.32903 4.813325,52.329167 4.813005,52.329174 4.81293,52.329255 4.812702,52.329444 4.812237,52.32942 4.812179,52.329504 4.811971,52.329549 4.811981,52.329948 4.811013,52.329927 4.810942,52.330002 4.810757,52.330046 4.810773,52.33097 4.808525))";4.8129985;52.329668;
28;"Park";"POLYGON((4.820363 52.327153,4.820529 52.327133,4.820447 52.326858,4.820417 52.326814,4.820337 52.326752,4.820282 52.326696,4.819996 52.326242,4.819976 52.326165,4.82012 52.32616,4.820247 52.326142,4.820237 52.326121,4.820341 52.326129,4.820341 52.326092,4.821111 52.326098,4.821193 52.326159,4.821715 52.326143,4.824426 52.326138,4.825054 52.326148,4.825171 52.326162,4.826022 52.326367,4.826551 52.326396,4.826739 52.326419,4.827103 52.32649,4.827331 52.326516,4.831372 52.326933,4.831463 52.326956,4.831493 52.32698,4.831503 52.327012,4.831495 52.327071,4.831599 52.327076,4.831712 52.326961,4.831759 52.326834,4.831832 52.326847,4.832841 52.326952,4.834792 52.327134,4.835308 52.327262,4.839346 52.327672,4.839505 52.327731,4.839507 52.327739,4.839629 52.327745,4.839632 52.327559,4.839415 52.327547,4.839405 52.32736,4.833899 52.326729,4.831791 52.326509,4.83056 52.326389,4.826061 52.325928,4.825798 52.325875,4.825179 52.325732,4.824483 52.325712,4.820281 52.325762,4.819888 52.32576,4.819749 52.325746,4.819697 52.325729,4.819648 52.325704,4.819499 52.32558,4.819469 52.325571,4.818753 52.325561,4.818641 52.325746,4.818835 52.325755,4.81893 52.325785,4.819068 52.325848,4.819177 52.325952,4.819268 52.32602,4.819496 52.326078,4.819481 52.326167,4.8194 52.326163,4.819397 52.326136,4.81921 52.326089,4.819142 52.326047,4.818968 52.325896,4.818891 52.325845,4.818701 52.325775,4.818492 52.326065,4.818427 52.326185,4.818377 52.32624,4.818382 52.326252,4.818461 52.326281,4.818568 52.326293,4.818653 52.326329,4.819117 52.326471,4.819258 52.32651,4.819293 52.32651,4.819334 52.326482,4.819333 52.326393,4.819358 52.326257,4.819397 52.326208,4.819449 52.326211,4.819404 52.326405,4.819394 52.326521,4.819503 52.326571,4.820193 52.326772,4.820282 52.326818,4.820363 52.327153))";"POLYGON((52.327153 4.820363,52.327133 4.820529,52.326858 4.820447,52.326814 4.820417,52.326752 4.820337,52.326696 4.820282,52.326242 4.819996,52.326165 4.819976,52.32616 4.82012,52.326142 4.820247,52.326121 4.820237,52.326129 4.820341,52.326092 4.820341,52.326098 4.821111,52.326159 4.821193,52.326143 4.821715,52.326138 4.824426,52.326148 4.825054,52.326162 4.825171,52.326367 4.826022,52.326396 4.826551,52.326419 4.826739,52.32649 4.827103,52.326516 4.827331,52.326933 4.831372,52.326956 4.831463,52.32698 4.831493,52.327012 4.831503,52.327071 4.831495,52.327076 4.831599,52.326961 4.831712,52.326834 4.831759,52.326847 4.831832,52.326952 4.832841,52.327134 4.834792,52.327262 4.835308,52.327672 4.839346,52.327731 4.839505,52.327739 4.839507,52.327745 4.839629,52.327559 4.839632,52.327547 4.839415,52.32736 4.839405,52.326729 4.833899,52.326509 4.831791,52.326389 4.83056,52.325928 4.826061,52.325875 4.825798,52.325732 4.825179,52.325712 4.824483,52.325762 4.820281,52.32576 4.819888,52.325746 4.819749,52.325729 4.819697,52.325704 4.819648,52.32558 4.819499,52.325571 4.819469,52.325561 4.818753,52.325746 4.818641,52.325755 4.818835,52.325785 4.81893,52.325848 4.819068,52.325952 4.819177,52.32602 4.819268,52.326078 4.819496,52.326167 4.819481,52.326163 4.8194,52.326136 4.819397,52.326089 4.81921,52.326047 4.819142,52.325896 4.818968,52.325845 4.818891,52.325775 4.818701,52.326065 4.818492,52.326185 4.818427,52.32624 4.818377,52.326252 4.818382,52.326281 4.818461,52.326293 4.818568,52.326329 4.818653,52.326471 4.819117,52.32651 4.819258,52.32651 4.819293,52.326482 4.819334,52.326393 4.819333,52.326257 4.819358,52.326208 4.819397,52.326211 4.819449,52.326405 4.819404,52.326521 4.819394,52.326571 4.819503,52.326772 4.820193,52.326818 4.820282,52.327153 4.820363))";4.8290095;52.326646;
29;"Park";"MULTIPOLYGON(((4.880618 52.362736,4.880624 52.362862,4.881209 52.36314,4.881271 52.363094,4.881255 52.363078,4.881296 52.363017,4.881284 52.362995,4.881395 52.362767,4.88149 52.362467,4.881568 52.362295,4.881625 52.3622,4.881759 52.362079,4.88193 52.361994,4.881981 52.361983,4.881968 52.361873,4.881915 52.361836,4.881338 52.362105,4.881295 52.362071,4.881101 52.362193,4.880797 52.362455,4.880704 52.362567,4.88063 52.362696,4.880618 52.362736)),((4.879228 52.363649,4.879518 52.363748,4.879469 52.363806,4.879512 52.363818,4.87961 52.363817,4.879701 52.363798,4.880499 52.363517,4.88068 52.363447,4.880984 52.363306,4.881021 52.363278,4.88082 52.36319,4.880399 52.363033,4.880314 52.36303,4.880231 52.363044,4.880152 52.363069,4.880085 52.363101,4.879507 52.363494,4.879228 52.363649)))";"MULTIPOLYGON(((52.362736 4.880618,52.362862 4.880624,52.36314 4.881209,52.363094 4.881271,52.363078 4.881255,52.363017 4.881296,52.362995 4.881284,52.362767 4.881395,52.362467 4.88149,52.362295 4.881568,52.3622 4.881625,52.362079 4.881759,52.361994 4.88193,52.361983 4.881981,52.361873 4.881968,52.361836 4.881915,52.362105 4.881338,52.362071 4.881295,52.362193 4.881101,52.362455 4.880797,52.362567 4.880704,52.362696 4.88063,52.362736 4.880618)),((52.363649 4.879228,52.363748 4.879518,52.363806 4.879469,52.363818 4.879512,52.363817 4.87961,52.363798 4.879701,52.363517 4.880499,52.363447 4.88068,52.363306 4.880984,52.363278 4.881021,52.36319 4.88082,52.363033 4.880399,52.36303 4.880314,52.363044 4.880231,52.363069 4.880152,52.363101 4.880085,52.363494 4.879507,52.363649 4.879228)))";4.8806095;52.36282;
30;"Park";"POLYGON((4.974685 52.306043,4.974796 52.305924,4.974749 52.305894,4.972159 52.305002,4.97172 52.304842,4.971602 52.304815,4.971563 52.304793,4.971488 52.304712,4.971478 52.304678,4.971492 52.304607,4.97148 52.304586,4.971445 52.304569,4.971398 52.304555,4.971237 52.304591,4.971114 52.304587,4.971071 52.304572,4.970907 52.304603,4.970873 52.304653,4.970839 52.304666,4.970776 52.304668,4.970751 52.304684,4.970746 52.304707,4.970775 52.304756,4.970833 52.304784,4.970849 52.304804,4.970837 52.304828,4.970765 52.304836,4.970711 52.304819,4.970659 52.304768,4.970478 52.304706,4.970367 52.304744,4.970322 52.304769,4.970239 52.304832,4.969511 52.305628,4.969492 52.305642,4.969448 52.305648,4.969426 52.305673,4.969895 52.305829,4.969944 52.305827,4.969961 52.305819,4.969992 52.305862,4.969928 52.305917,4.969608 52.306315,4.969513 52.306377,4.969477 52.306433,4.969313 52.306508,4.969187 52.306591,4.968992 52.306778,4.969601 52.306932,4.970136 52.307055,4.970474 52.307146,4.97087 52.307265,4.971524 52.30748,4.971576 52.307486,4.971632 52.307483,4.971738 52.307455,4.971834 52.307397,4.972165 52.307037,4.972287 52.30694,4.972372 52.306893,4.972471 52.306849,4.972828 52.306737,4.973829 52.306516,4.974006 52.306473,4.974167 52.30642,4.974292 52.306362,4.97441 52.306294,4.974531 52.306206,4.974685 52.306043),(4.97288 52.305535,4.972873 52.305554,4.973204 52.305609,4.971283 52.306983,4.971239 52.306992,4.971182 52.306987,4.969961 52.306642,4.969938 52.306628,4.969886 52.306444,4.969895 52.306429,4.970571 52.306194,4.970618 52.306195,4.970906 52.306267,4.970964 52.306263,4.970994 52.306243,4.971002 52.306215,4.97091 52.305958,4.970922 52.305937,4.970985 52.305924,4.971679 52.305844,4.971727 52.305815,4.972155 52.305433,4.972682 52.305519,4.972688 52.305502,4.972754 52.305513,4.97288 52.305535))";"POLYGON((52.306043 4.974685,52.305924 4.974796,52.305894 4.974749,52.305002 4.972159,52.304842 4.97172,52.304815 4.971602,52.304793 4.971563,52.304712 4.971488,52.304678 4.971478,52.304607 4.971492,52.304586 4.97148,52.304569 4.971445,52.304555 4.971398,52.304591 4.971237,52.304587 4.971114,52.304572 4.971071,52.304603 4.970907,52.304653 4.970873,52.304666 4.970839,52.304668 4.970776,52.304684 4.970751,52.304707 4.970746,52.304756 4.970775,52.304784 4.970833,52.304804 4.970849,52.304828 4.970837,52.304836 4.970765,52.304819 4.970711,52.304768 4.970659,52.304706 4.970478,52.304744 4.970367,52.304769 4.970322,52.304832 4.970239,52.305628 4.969511,52.305642 4.969492,52.305648 4.969448,52.305673 4.969426,52.305829 4.969895,52.305827 4.969944,52.305819 4.969961,52.305862 4.969992,52.305917 4.969928,52.306315 4.969608,52.306377 4.969513,52.306433 4.969477,52.306508 4.969313,52.306591 4.969187,52.306778 4.968992,52.306932 4.969601,52.307055 4.970136,52.307146 4.970474,52.307265 4.97087,52.30748 4.971524,52.307486 4.971576,52.307483 4.971632,52.307455 4.971738,52.307397 4.971834,52.307037 4.972165,52.30694 4.972287,52.306893 4.972372,52.306849 4.972471,52.306737 4.972828,52.306516 4.973829,52.306473 4.974006,52.30642 4.974167,52.306362 4.974292,52.306294 4.97441,52.306206 4.974531,52.306043 4.974685),(52.305535 4.97288,52.305554 4.972873,52.305609 4.973204,52.306983 4.971283,52.306992 4.971239,52.306987 4.971182,52.306642 4.969961,52.306628 4.969938,52.306444 4.969886,52.306429 4.969895,52.306194 4.970571,52.306195 4.970618,52.306267 4.970906,52.306263 4.970964,52.306243 4.970994,52.306215 4.971002,52.305958 4.97091,52.305937 4.970922,52.305924 4.970985,52.305844 4.971679,52.305815 4.971727,52.305433 4.972155,52.305519 4.972682,52.305502 4.972688,52.305513 4.972754,52.305535 4.97288))";4.971899;52.3060135;
31;"Park";"MULTIPOLYGON(((4.817529 52.372085,4.817613 52.372233,4.817664 52.372294,4.817805 52.372405,4.81788 52.372476,4.817915 52.372474,4.817935 52.372501,4.821402 52.371971,4.821534 52.371944,4.822277 52.373816,4.822785 52.373739,4.822793 52.373758,4.823232 52.373688,4.823225 52.373673,4.823316 52.37366,4.823323 52.373675,4.826638 52.373152,4.826721 52.373133,4.826833 52.373091,4.826884 52.373063,4.830022 52.370781,4.830219 52.37061,4.830332 52.370491,4.830395 52.37037,4.830412 52.370312,4.830421 52.370212,4.830374 52.370215,4.830317 52.370204,4.830133 52.369978,4.829446 52.370351,4.829407 52.370392,4.829411 52.370413,4.829424 52.370442,4.829515 52.370551,4.827248 52.372206,4.827217 52.372221,4.827139 52.372224,4.826929 52.372127,4.826912 52.372134,4.826023 52.371724,4.825947 52.371696,4.825844 52.371692,4.825797 52.371706,4.825305 52.372106,4.825289 52.372147,4.825294 52.372168,4.825329 52.372198,4.825501 52.372278,4.825795 52.373006,4.825804 52.373035,4.825765 52.373079,4.822515 52.373594,4.822137 52.372672,4.822141 52.372595,4.822161 52.372555,4.822219 52.37249,4.822299 52.372439,4.822362 52.372418,4.822569 52.372379,4.824294 52.372116,4.824439 52.372082,4.824656 52.371991,4.824734 52.371931,4.824726 52.371899,4.824768 52.371896,4.824794 52.371885,4.824971 52.371749,4.82527 52.371502,4.825297 52.37146,4.825278 52.371404,4.824821 52.371195,4.824724 52.371192,4.824634 52.371221,4.824369 52.371451,4.824357 52.371445,4.824363 52.37144,4.824318 52.37142,4.824249 52.371404,4.823986 52.37144,4.822764 52.371638,4.822685 52.371643,4.822148 52.371507,4.821748 52.371322,4.821755 52.371316,4.821739 52.371308,4.821944 52.371132,4.821659 52.370726,4.820924 52.370675,4.820732 52.37083,4.820232 52.370609,4.820036 52.370482,4.81764 52.368611,4.817591 52.368583,4.817456 52.368536,4.817424 52.368568,4.817378 52.368581,4.817271 52.368562,4.81721 52.368538,4.817185 52.368502,4.817209 52.368469,4.817124 52.368442,4.817016 52.368424,4.816813 52.368427,4.816752 52.368381,4.816694 52.368356,4.816587 52.368325,4.816417 52.368256,4.816319 52.368205,4.816169 52.368098,4.816046 52.367958,4.815989 52.367855,4.815958 52.367749,4.815954 52.367648,4.815985 52.367492,4.816069 52.367343,4.816202 52.367207,4.816152 52.3672,4.816162 52.367132,4.816151 52.36707,4.816131 52.367023,4.816088 52.366966,4.816044 52.366928,4.815984 52.366891,4.815856 52.366845,4.815766 52.366832,4.815672 52.366829,4.815584 52.366841,4.8155 52.366864,4.815429 52.366894,4.815349 52.366947,4.815195 52.367076,4.815074 52.367022,4.815308 52.36682,4.815412 52.366717,4.8156 52.366496,4.815683 52.366339,4.815742 52.366174,4.815761 52.366085,4.815764 52.36586,4.815726 52.365647,4.815682 52.365536,4.815598 52.365381,4.815419 52.365168,4.815271 52.36503,4.81505 52.364869,4.814932 52.364794,4.814521 52.364583,4.814048 52.364394,4.813859 52.364327,4.81323 52.364129,4.81269 52.363985,4.812216 52.363872,4.811565 52.36374,4.811043 52.363655,4.810319 52.363567,4.810133 52.363554,4.809992 52.363562,4.809872 52.363578,4.809738 52.363612,4.809648 52.363646,4.809533 52.363704,4.809453 52.363758,4.809336 52.363878,4.809246 52.364025,4.809182 52.364161,4.809107 52.364395,4.809108 52.364432,4.809134 52.364486,4.809242 52.364533,4.809351 52.364613,4.809383 52.364653,4.809408 52.364748,4.809397 52.364928,4.809357 52.365163,4.809288 52.365404,4.809225 52.365531,4.809105 52.365687,4.809028 52.365765,4.808823 52.365932,4.808637 52.366037,4.808263 52.36622,4.808119 52.366303,4.808057 52.366352,4.807941 52.366475,4.807712 52.36689,4.809531 52.367262,4.810296 52.367454,4.810881 52.367624,4.811526 52.367831,4.812177 52.368062,4.812588 52.368231,4.813105 52.36847,4.813482 52.368648,4.813821 52.368826,4.814549 52.369243,4.81492 52.369487,4.815345 52.369788,4.815657 52.370032,4.816028 52.370341,4.816302 52.370605,4.816343 52.370613,4.81638 52.370607,4.816538 52.37076,4.816517 52.370789,4.816537 52.370822,4.816899 52.371228,4.817106 52.371486,4.817344 52.371807,4.817529 52.372085)),((4.805204 52.37199,4.805284 52.37234,4.805402 52.372531,4.805475 52.37257,4.805516 52.372579,4.805585 52.372581,4.807338 52.37241,4.807382 52.372394,4.807397 52.372376,4.807344 52.372123,4.807284 52.371935,4.807209 52.371785,4.807068 52.371591,4.806972 52.371489,4.806761 52.371328,4.806563 52.37122,4.806455 52.371171,4.806359 52.371128,4.806232 52.371093,4.806117 52.371074,4.805987 52.37107,4.805853 52.371081,4.805737 52.371107,4.805642 52.371143,4.805481 52.371228,4.805401 52.371301,4.805339 52.371387,4.805236 52.371623,4.805208 52.371762,4.805204 52.37199)),((4.805918 52.370363,4.805932 52.370449,4.80599 52.370595,4.806104 52.370715,4.806284 52.370829,4.806929 52.37118,4.807223 52.371393,4.807299 52.371465,4.807461 52.371666,4.807595 52.371956,4.807702 52.372291,4.807734 52.372321,4.807766 52.372335,4.807835 52.372352,4.807983 52.372346,4.810702 52.372073,4.810935 52.371984,4.811219 52.371909,4.811317 52.371874,4.811351 52.371848,4.811431 52.371751,4.811457 52.371698,4.81145 52.371645,4.811586 52.371623,4.811723 52.371922,4.811756 52.371941,4.811797 52.371944,4.811955 52.371929,4.81196 52.371946,4.812035 52.371939,4.812031 52.37192,4.813621 52.371762,4.813669 52.371758,4.813713 52.371764,4.813783 52.371797,4.813822 52.371836,4.813835 52.371864,4.813847 52.371909,4.813819 52.371914,4.813854 52.372037,4.813873 52.372034,4.813943 52.372266,4.813988 52.372305,4.814074 52.372325,4.815933 52.372146,4.81596 52.372124,4.815958 52.372101,4.815931 52.372059,4.815872 52.37205,4.815806 52.372061,4.815759 52.372056,4.815717 52.372031,4.81571 52.371999,4.815779 52.371921,4.816045 52.371787,4.816141 52.371796,4.81647 52.3719,4.816511 52.371936,4.816596 52.372066,4.816907 52.372173,4.817243 52.372155,4.817353 52.372128,4.817169 52.371853,4.816644 52.371173,4.816414 52.370916,4.816046 52.370553,4.815811 52.370345,4.815283 52.369918,4.814735 52.369527,4.814317 52.369264,4.813766 52.368944,4.813122 52.368612,4.812655 52.368399,4.811929 52.368103,4.811343 52.367892,4.810947 52.367761,4.810315 52.367577,4.809813 52.367452,4.809096 52.367288,4.807655 52.366994,4.807699 52.366913,4.807608 52.367077,4.807346 52.367614,4.807331 52.367687,4.807343 52.367737,4.807376 52.367797,4.807511 52.367892,4.80766 52.367951,4.807556 52.368051,4.807228 52.367951,4.807169 52.367968,4.806918 52.368353,4.806268 52.36962,4.805959 52.37016,4.805922 52.370256,4.805918 52.370363)),((4.809541 52.357167,4.81137 52.357553,4.811706 52.357617,4.811716 52.357626,4.813446 52.357964,4.814288 52.358139,4.814322 52.358136,4.816638 52.358609,4.816869 52.358682,4.816985 52.358729,4.817093 52.358784,4.817183 52.358809,4.817232 52.358805,4.817341 52.358749,4.817364 52.358766,4.817482 52.358705,4.817474 52.358694,4.818324 52.358275,4.818406 52.358199,4.818427 52.358139,4.818437 52.357853,4.81818 52.357862,4.817545 52.357837,4.817419 52.357802,4.81677 52.357754,4.816122 52.357683,4.815615 52.357615,4.815059 52.35752,4.813758 52.357264,4.813519 52.35724,4.813244 52.357184,4.813149 52.357139,4.811884 52.356885,4.811597 52.356846,4.811229 52.356821,4.811011 52.356798,4.80967 52.356541,4.809603 52.356664,4.809566 52.356803,4.809569 52.356973,4.809541 52.357167)),((4.81072 52.363047,4.810681 52.363154,4.810676 52.363222,4.810727 52.36328,4.810805 52.363322,4.810936 52.363342,4.81132 52.363351,4.811744 52.363409,4.81206 52.363498,4.812557 52.36367,4.812979 52.363837,4.813095 52.363821,4.813151 52.363763,4.813148 52.363671,4.813117 52.363619,4.812755 52.363394,4.812128 52.363117,4.811674 52.362952,4.811339 52.362865,4.811129 52.36283,4.810978 52.362822,4.810871 52.362853,4.810779 52.362914,4.81072 52.363047)),((4.814614 52.360539,4.814573 52.360512,4.814326 52.360414,4.813992 52.360252,4.813781 52.360133,4.813445 52.359921,4.8133 52.359787,4.813178 52.35963,4.81314 52.359613,4.813104 52.359607,4.813041 52.359609,4.812986 52.359635,4.812915 52.359764,4.812916 52.359836,4.812941 52.359894,4.812994 52.359951,4.813256 52.360112,4.81355 52.360267,4.813934 52.360439,4.814428 52.360635,4.814501 52.360649,4.814572 52.360638,4.814616 52.360607,4.814627 52.360591,4.814614 52.360539)),((4.814971 52.359642,4.814885 52.3598,4.81488 52.35986,4.814889 52.359917,4.814944 52.360003,4.814985 52.36004,4.815097 52.360105,4.815872 52.360438,4.815926 52.360475,4.815953 52.360519,4.815936 52.360585,4.815524 52.36091,4.815465 52.36092,4.814956 52.360943,4.814882 52.360963,4.814849 52.36099,4.81484 52.361012,4.814844 52.361053,4.814908 52.361099,4.814959 52.361108,4.815531 52.361056,4.815666 52.36103,4.81574 52.361,4.815837 52.360932,4.816127 52.360684,4.816185 52.360644,4.816366 52.36061,4.816447 52.360573,4.817111 52.359995,4.817268 52.359832,4.817327 52.359741,4.817381 52.359587,4.817381 52.359412,4.817296 52.359202,4.817202 52.359076,4.817047 52.35894,4.816881 52.358847,4.816709 52.358772,4.816523 52.358722,4.815571 52.358527,4.815092 52.359405,4.814603 52.359311,4.814573 52.359372,4.815061 52.359466,4.814971 52.359642)),((4.818198 52.358559,4.817526 52.358891,4.817425 52.358957,4.817411 52.358985,4.817415 52.359027,4.8175 52.359141,4.817568 52.359282,4.817605 52.35948,4.817614 52.35948,4.817606 52.359602,4.817569 52.359721,4.817495 52.359858,4.817359 52.360012,4.816617 52.36066,4.816596 52.360686,4.816595 52.360716,4.816629 52.360765,4.817316 52.361084,4.81749 52.3612,4.817653 52.361348,4.817838 52.361454,4.818036 52.361588,4.818241 52.361747,4.81975 52.363151,4.819858 52.363177,4.819868 52.363185,4.820526 52.363827,4.820636 52.363897,4.820716 52.36393,4.820805 52.363954,4.821 52.363977,4.821141 52.363978,4.821704 52.363954,4.822124 52.363956,4.822378 52.363987,4.822497 52.364024,4.822413 52.364069,4.82316 52.364645,4.823105 52.364847,4.82317 52.364897,4.823114 52.364938,4.823106 52.364984,4.823114 52.365,4.823361 52.365212,4.8234 52.365228,4.823445 52.365234,4.823486 52.365232,4.823622 52.365186,4.823685 52.365186,4.823732 52.365203,4.824933 52.366143,4.824942 52.366158,4.824938 52.366197,4.824909 52.366225,4.82429 52.366514,4.824151 52.366433,4.823828 52.366587,4.823985 52.366697,4.824077 52.366661,4.824312 52.366854,4.824674 52.36713,4.824934 52.367277,4.825135 52.367367,4.82534 52.367446,4.827198 52.367936,4.828194 52.368188,4.828395 52.368257,4.828616 52.368382,4.828829 52.368735,4.828713 52.368768,4.828954 52.368986,4.829392 52.3695,4.829616 52.369777,4.829863 52.3697,4.829928 52.369691,4.829958 52.369679,4.829984 52.369651,4.829985 52.369639,4.829227 52.368741,4.828532 52.367892,4.827524 52.366688,4.827161 52.366242,4.826968 52.365949,4.82689 52.365788,4.82683 52.365619,4.826797 52.365476,4.826778 52.365319,4.826805 52.364203,4.826801 52.364075,4.826789 52.364062,4.824209 52.364027,4.824049 52.364017,4.82392 52.363995,4.823688 52.363922,4.823574 52.36387,4.823453 52.363799,4.823345 52.363711,4.823062 52.36344,4.820138 52.360577,4.820093 52.360566,4.820055 52.36053,4.820061 52.360515,4.819309 52.359768,4.819089 52.359527,4.819019 52.359417,4.818903 52.359186,4.818835 52.359011,4.818812 52.358827,4.818827 52.358284,4.818786 52.358282,4.818777 52.358297,4.818701 52.358333,4.818595 52.358363,4.818198 52.358559)),((4.819164 52.368309,4.819216 52.36831,4.819288 52.368293,4.819351 52.368262,4.819394 52.368189,4.819393 52.368153,4.819379 52.368115,4.819343 52.368071,4.81901 52.367854,4.81889 52.36776,4.818654 52.367541,4.818548 52.367462,4.818448 52.367416,4.818407 52.367408,4.818328 52.367405,4.81824 52.367422,4.818157 52.367464,4.818123 52.3675,4.818107 52.367538,4.81811 52.367606,4.818144 52.367684,4.818173 52.367723,4.818216 52.367765,4.818343 52.367845,4.818339 52.36785,4.81841 52.367873,4.818558 52.367955,4.818933 52.368202,4.818927 52.368205,4.819051 52.36828,4.819132 52.368306,4.819164 52.368309)),((4.820314 52.3692,4.8203 52.369264,4.820317 52.369308,4.82037 52.369362,4.820363 52.369367,4.820379 52.369379,4.820388 52.369374,4.820473 52.369433,4.820685 52.369619,4.820769 52.369713,4.820822 52.369792,4.820799 52.369798,4.82081 52.369812,4.820835 52.369806,4.820928 52.369887,4.82101 52.369938,4.821107 52.369979,4.821237 52.370009,4.821349 52.370023,4.821455 52.370014,4.821545 52.369983,4.821603 52.369938,4.821631 52.369889,4.821636 52.369843,4.821622 52.369796,4.821594 52.369757,4.821513 52.369687,4.821352 52.369604,4.821132 52.369451,4.821009 52.369353,4.820764 52.369137,4.820682 52.369104,4.820635 52.369094,4.820587 52.36909,4.820487 52.369096,4.820392 52.369129,4.820326 52.36918,4.820314 52.3692)),((4.821976 52.364799,4.82208 52.364747,4.8221 52.364709,4.822061 52.364659,4.822 52.36464,4.821927 52.36466,4.821836 52.364648,4.821796 52.364622,4.8216 52.364436,4.821587 52.36441,4.821639 52.364365,4.82191 52.36424,4.821942 52.364217,4.82194 52.364195,4.821925 52.36418,4.821879 52.364165,4.821584 52.36416,4.821342 52.364135,4.821247 52.364142,4.821152 52.364174,4.821111 52.364219,4.821113 52.364254,4.821134 52.36428,4.821743 52.364762,4.821847 52.364827,4.821915 52.364825,4.821976 52.364799)),((4.82205 52.364925,4.822001 52.364975,4.822001 52.365014,4.822034 52.365048,4.822682 52.365555,4.822719 52.365568,4.822759 52.365567,4.822827 52.365551,4.823063 52.365398,4.823073 52.365372,4.823063 52.365334,4.822892 52.365206,4.82252 52.365054,4.822481 52.365027,4.822467 52.364996,4.822477 52.364965,4.822511 52.36494,4.822815 52.36479,4.822841 52.364769,4.822825 52.364734,4.82279 52.364712,4.82276 52.364709,4.822314 52.364859,4.822175 52.364898,4.822074 52.364912,4.82205 52.364925)),((4.82231 52.364212,4.822235 52.364231,4.822212 52.364249,4.822211 52.364264,4.822462 52.364453,4.822472 52.36447,4.822454 52.364503,4.82231 52.364566,4.822286 52.364585,4.822281 52.364607,4.822291 52.364625,4.822307 52.364637,4.822348 52.364647,4.822478 52.364617,4.822674 52.364539,4.822704 52.364518,4.822713 52.364489,4.822693 52.364458,4.822351 52.364224,4.82231 52.364212)),((4.823052 52.365611,4.822977 52.365655,4.822964 52.365692,4.822972 52.36572,4.823698 52.36629,4.823773 52.366311,4.823857 52.366299,4.824295 52.366109,4.824323 52.36608,4.824327 52.366055,4.82431 52.366028,4.824202 52.365956,4.82416 52.36594,4.824127 52.365941,4.823979 52.365984,4.8239 52.365964,4.823424 52.365551,4.823397 52.365537,4.823358 52.365532,4.82332 52.365537,4.82314 52.365581,4.823052 52.365611)))";"MULTIPOLYGON(((52.372085 4.817529,52.372233 4.817613,52.372294 4.817664,52.372405 4.817805,52.372476 4.81788,52.372474 4.817915,52.372501 4.817935,52.371971 4.821402,52.371944 4.821534,52.373816 4.822277,52.373739 4.822785,52.373758 4.822793,52.373688 4.823232,52.373673 4.823225,52.37366 4.823316,52.373675 4.823323,52.373152 4.826638,52.373133 4.826721,52.373091 4.826833,52.373063 4.826884,52.370781 4.830022,52.37061 4.830219,52.370491 4.830332,52.37037 4.830395,52.370312 4.830412,52.370212 4.830421,52.370215 4.830374,52.370204 4.830317,52.369978 4.830133,52.370351 4.829446,52.370392 4.829407,52.370413 4.829411,52.370442 4.829424,52.370551 4.829515,52.372206 4.827248,52.372221 4.827217,52.372224 4.827139,52.372127 4.826929,52.372134 4.826912,52.371724 4.826023,52.371696 4.825947,52.371692 4.825844,52.371706 4.825797,52.372106 4.825305,52.372147 4.825289,52.372168 4.825294,52.372198 4.825329,52.372278 4.825501,52.373006 4.825795,52.373035 4.825804,52.373079 4.825765,52.373594 4.822515,52.372672 4.822137,52.372595 4.822141,52.372555 4.822161,52.37249 4.822219,52.372439 4.822299,52.372418 4.822362,52.372379 4.822569,52.372116 4.824294,52.372082 4.824439,52.371991 4.824656,52.371931 4.824734,52.371899 4.824726,52.371896 4.824768,52.371885 4.824794,52.371749 4.824971,52.371502 4.82527,52.37146 4.825297,52.371404 4.825278,52.371195 4.824821,52.371192 4.824724,52.371221 4.824634,52.371451 4.824369,52.371445 4.824357,52.37144 4.824363,52.37142 4.824318,52.371404 4.824249,52.37144 4.823986,52.371638 4.822764,52.371643 4.822685,52.371507 4.822148,52.371322 4.821748,52.371316 4.821755,52.371308 4.821739,52.371132 4.821944,52.370726 4.821659,52.370675 4.820924,52.37083 4.820732,52.370609 4.820232,52.370482 4.820036,52.368611 4.81764,52.368583 4.817591,52.368536 4.817456,52.368568 4.817424,52.368581 4.817378,52.368562 4.817271,52.368538 4.81721,52.368502 4.817185,52.368469 4.817209,52.368442 4.817124,52.368424 4.817016,52.368427 4.816813,52.368381 4.816752,52.368356 4.816694,52.368325 4.816587,52.368256 4.816417,52.368205 4.816319,52.368098 4.816169,52.367958 4.816046,52.367855 4.815989,52.367749 4.815958,52.367648 4.815954,52.367492 4.815985,52.367343 4.816069,52.367207 4.816202,52.3672 4.816152,52.367132 4.816162,52.36707 4.816151,52.367023 4.816131,52.366966 4.816088,52.366928 4.816044,52.366891 4.815984,52.366845 4.815856,52.366832 4.815766,52.366829 4.815672,52.366841 4.815584,52.366864 4.8155,52.366894 4.815429,52.366947 4.815349,52.367076 4.815195,52.367022 4.815074,52.36682 4.815308,52.366717 4.815412,52.366496 4.8156,52.366339 4.815683,52.366174 4.815742,52.366085 4.815761,52.36586 4.815764,52.365647 4.815726,52.365536 4.815682,52.365381 4.815598,52.365168 4.815419,52.36503 4.815271,52.364869 4.81505,52.364794 4.814932,52.364583 4.814521,52.364394 4.814048,52.364327 4.813859,52.364129 4.81323,52.363985 4.81269,52.363872 4.812216,52.36374 4.811565,52.363655 4.811043,52.363567 4.810319,52.363554 4.810133,52.363562 4.809992,52.363578 4.809872,52.363612 4.809738,52.363646 4.809648,52.363704 4.809533,52.363758 4.809453,52.363878 4.809336,52.364025 4.809246,52.364161 4.809182,52.364395 4.809107,52.364432 4.809108,52.364486 4.809134,52.364533 4.809242,52.364613 4.809351,52.364653 4.809383,52.364748 4.809408,52.364928 4.809397,52.365163 4.809357,52.365404 4.809288,52.365531 4.809225,52.365687 4.809105,52.365765 4.809028,52.365932 4.808823,52.366037 4.808637,52.36622 4.808263,52.366303 4.808119,52.366352 4.808057,52.366475 4.807941,52.36689 4.807712,52.367262 4.809531,52.367454 4.810296,52.367624 4.810881,52.367831 4.811526,52.368062 4.812177,52.368231 4.812588,52.36847 4.813105,52.368648 4.813482,52.368826 4.813821,52.369243 4.814549,52.369487 4.81492,52.369788 4.815345,52.370032 4.815657,52.370341 4.816028,52.370605 4.816302,52.370613 4.816343,52.370607 4.81638,52.37076 4.816538,52.370789 4.816517,52.370822 4.816537,52.371228 4.816899,52.371486 4.817106,52.371807 4.817344,52.372085 4.817529)),((52.37199 4.805204,52.37234 4.805284,52.372531 4.805402,52.37257 4.805475,52.372579 4.805516,52.372581 4.805585,52.37241 4.807338,52.372394 4.807382,52.372376 4.807397,52.372123 4.807344,52.371935 4.807284,52.371785 4.807209,52.371591 4.807068,52.371489 4.806972,52.371328 4.806761,52.37122 4.806563,52.371171 4.806455,52.371128 4.806359,52.371093 4.806232,52.371074 4.806117,52.37107 4.805987,52.371081 4.805853,52.371107 4.805737,52.371143 4.805642,52.371228 4.805481,52.371301 4.805401,52.371387 4.805339,52.371623 4.805236,52.371762 4.805208,52.37199 4.805204)),((52.370363 4.805918,52.370449 4.805932,52.370595 4.80599,52.370715 4.806104,52.370829 4.806284,52.37118 4.806929,52.371393 4.807223,52.371465 4.807299,52.371666 4.807461,52.371956 4.807595,52.372291 4.807702,52.372321 4.807734,52.372335 4.807766,52.372352 4.807835,52.372346 4.807983,52.372073 4.810702,52.371984 4.810935,52.371909 4.811219,52.371874 4.811317,52.371848 4.811351,52.371751 4.811431,52.371698 4.811457,52.371645 4.81145,52.371623 4.811586,52.371922 4.811723,52.371941 4.811756,52.371944 4.811797,52.371929 4.811955,52.371946 4.81196,52.371939 4.812035,52.37192 4.812031,52.371762 4.813621,52.371758 4.813669,52.371764 4.813713,52.371797 4.813783,52.371836 4.813822,52.371864 4.813835,52.371909 4.813847,52.371914 4.813819,52.372037 4.813854,52.372034 4.813873,52.372266 4.813943,52.372305 4.813988,52.372325 4.814074,52.372146 4.815933,52.372124 4.81596,52.372101 4.815958,52.372059 4.815931,52.37205 4.815872,52.372061 4.815806,52.372056 4.815759,52.372031 4.815717,52.371999 4.81571,52.371921 4.815779,52.371787 4.816045,52.371796 4.816141,52.3719 4.81647,52.371936 4.816511,52.372066 4.816596,52.372173 4.816907,52.372155 4.817243,52.372128 4.817353,52.371853 4.817169,52.371173 4.816644,52.370916 4.816414,52.370553 4.816046,52.370345 4.815811,52.369918 4.815283,52.369527 4.814735,52.369264 4.814317,52.368944 4.813766,52.368612 4.813122,52.368399 4.812655,52.368103 4.811929,52.367892 4.811343,52.367761 4.810947,52.367577 4.810315,52.367452 4.809813,52.367288 4.809096,52.366994 4.807655,52.366913 4.807699,52.367077 4.807608,52.367614 4.807346,52.367687 4.807331,52.367737 4.807343,52.367797 4.807376,52.367892 4.807511,52.367951 4.80766,52.368051 4.807556,52.367951 4.807228,52.367968 4.807169,52.368353 4.806918,52.36962 4.806268,52.37016 4.805959,52.370256 4.805922,52.370363 4.805918)),((52.357167 4.809541,52.357553 4.81137,52.357617 4.811706,52.357626 4.811716,52.357964 4.813446,52.358139 4.814288,52.358136 4.814322,52.358609 4.816638,52.358682 4.816869,52.358729 4.816985,52.358784 4.817093,52.358809 4.817183,52.358805 4.817232,52.358749 4.817341,52.358766 4.817364,52.358705 4.817482,52.358694 4.817474,52.358275 4.818324,52.358199 4.818406,52.358139 4.818427,52.357853 4.818437,52.357862 4.81818,52.357837 4.817545,52.357802 4.817419,52.357754 4.81677,52.357683 4.816122,52.357615 4.815615,52.35752 4.815059,52.357264 4.813758,52.35724 4.813519,52.357184 4.813244,52.357139 4.813149,52.356885 4.811884,52.356846 4.811597,52.356821 4.811229,52.356798 4.811011,52.356541 4.80967,52.356664 4.809603,52.356803 4.809566,52.356973 4.809569,52.357167 4.809541)),((52.363047 4.81072,52.363154 4.810681,52.363222 4.810676,52.36328 4.810727,52.363322 4.810805,52.363342 4.810936,52.363351 4.81132,52.363409 4.811744,52.363498 4.81206,52.36367 4.812557,52.363837 4.812979,52.363821 4.813095,52.363763 4.813151,52.363671 4.813148,52.363619 4.813117,52.363394 4.812755,52.363117 4.812128,52.362952 4.811674,52.362865 4.811339,52.36283 4.811129,52.362822 4.810978,52.362853 4.810871,52.362914 4.810779,52.363047 4.81072)),((52.360539 4.814614,52.360512 4.814573,52.360414 4.814326,52.360252 4.813992,52.360133 4.813781,52.359921 4.813445,52.359787 4.8133,52.35963 4.813178,52.359613 4.81314,52.359607 4.813104,52.359609 4.813041,52.359635 4.812986,52.359764 4.812915,52.359836 4.812916,52.359894 4.812941,52.359951 4.812994,52.360112 4.813256,52.360267 4.81355,52.360439 4.813934,52.360635 4.814428,52.360649 4.814501,52.360638 4.814572,52.360607 4.814616,52.360591 4.814627,52.360539 4.814614)),((52.359642 4.814971,52.3598 4.814885,52.35986 4.81488,52.359917 4.814889,52.360003 4.814944,52.36004 4.814985,52.360105 4.815097,52.360438 4.815872,52.360475 4.815926,52.360519 4.815953,52.360585 4.815936,52.36091 4.815524,52.36092 4.815465,52.360943 4.814956,52.360963 4.814882,52.36099 4.814849,52.361012 4.81484,52.361053 4.814844,52.361099 4.814908,52.361108 4.814959,52.361056 4.815531,52.36103 4.815666,52.361 4.81574,52.360932 4.815837,52.360684 4.816127,52.360644 4.816185,52.36061 4.816366,52.360573 4.816447,52.359995 4.817111,52.359832 4.817268,52.359741 4.817327,52.359587 4.817381,52.359412 4.817381,52.359202 4.817296,52.359076 4.817202,52.35894 4.817047,52.358847 4.816881,52.358772 4.816709,52.358722 4.816523,52.358527 4.815571,52.359405 4.815092,52.359311 4.814603,52.359372 4.814573,52.359466 4.815061,52.359642 4.814971)),((52.358559 4.818198,52.358891 4.817526,52.358957 4.817425,52.358985 4.817411,52.359027 4.817415,52.359141 4.8175,52.359282 4.817568,52.35948 4.817605,52.35948 4.817614,52.359602 4.817606,52.359721 4.817569,52.359858 4.817495,52.360012 4.817359,52.36066 4.816617,52.360686 4.816596,52.360716 4.816595,52.360765 4.816629,52.361084 4.817316,52.3612 4.81749,52.361348 4.817653,52.361454 4.817838,52.361588 4.818036,52.361747 4.818241,52.363151 4.81975,52.363177 4.819858,52.363185 4.819868,52.363827 4.820526,52.363897 4.820636,52.36393 4.820716,52.363954 4.820805,52.363977 4.821,52.363978 4.821141,52.363954 4.821704,52.363956 4.822124,52.363987 4.822378,52.364024 4.822497,52.364069 4.822413,52.364645 4.82316,52.364847 4.823105,52.364897 4.82317,52.364938 4.823114,52.364984 4.823106,52.365 4.823114,52.365212 4.823361,52.365228 4.8234,52.365234 4.823445,52.365232 4.823486,52.365186 4.823622,52.365186 4.823685,52.365203 4.823732,52.366143 4.824933,52.366158 4.824942,52.366197 4.824938,52.366225 4.824909,52.366514 4.82429,52.366433 4.824151,52.366587 4.823828,52.366697 4.823985,52.366661 4.824077,52.366854 4.824312,52.36713 4.824674,52.367277 4.824934,52.367367 4.825135,52.367446 4.82534,52.367936 4.827198,52.368188 4.828194,52.368257 4.828395,52.368382 4.828616,52.368735 4.828829,52.368768 4.828713,52.368986 4.828954,52.3695 4.829392,52.369777 4.829616,52.3697 4.829863,52.369691 4.829928,52.369679 4.829958,52.369651 4.829984,52.369639 4.829985,52.368741 4.829227,52.367892 4.828532,52.366688 4.827524,52.366242 4.827161,52.365949 4.826968,52.365788 4.82689,52.365619 4.82683,52.365476 4.826797,52.365319 4.826778,52.364203 4.826805,52.364075 4.826801,52.364062 4.826789,52.364027 4.824209,52.364017 4.824049,52.363995 4.82392,52.363922 4.823688,52.36387 4.823574,52.363799 4.823453,52.363711 4.823345,52.36344 4.823062,52.360577 4.820138,52.360566 4.820093,52.36053 4.820055,52.360515 4.820061,52.359768 4.819309,52.359527 4.819089,52.359417 4.819019,52.359186 4.818903,52.359011 4.818835,52.358827 4.818812,52.358284 4.818827,52.358282 4.818786,52.358297 4.818777,52.358333 4.818701,52.358363 4.818595,52.358559 4.818198)),((52.368309 4.819164,52.36831 4.819216,52.368293 4.819288,52.368262 4.819351,52.368189 4.819394,52.368153 4.819393,52.368115 4.819379,52.368071 4.819343,52.367854 4.81901,52.36776 4.81889,52.367541 4.818654,52.367462 4.818548,52.367416 4.818448,52.367408 4.818407,52.367405 4.818328,52.367422 4.81824,52.367464 4.818157,52.3675 4.818123,52.367538 4.818107,52.367606 4.81811,52.367684 4.818144,52.367723 4.818173,52.367765 4.818216,52.367845 4.818343,52.36785 4.818339,52.367873 4.81841,52.367955 4.818558,52.368202 4.818933,52.368205 4.818927,52.36828 4.819051,52.368306 4.819132,52.368309 4.819164)),((52.3692 4.820314,52.369264 4.8203,52.369308 4.820317,52.369362 4.82037,52.369367 4.820363,52.369379 4.820379,52.369374 4.820388,52.369433 4.820473,52.369619 4.820685,52.369713 4.820769,52.369792 4.820822,52.369798 4.820799,52.369812 4.82081,52.369806 4.820835,52.369887 4.820928,52.369938 4.82101,52.369979 4.821107,52.370009 4.821237,52.370023 4.821349,52.370014 4.821455,52.369983 4.821545,52.369938 4.821603,52.369889 4.821631,52.369843 4.821636,52.369796 4.821622,52.369757 4.821594,52.369687 4.821513,52.369604 4.821352,52.369451 4.821132,52.369353 4.821009,52.369137 4.820764,52.369104 4.820682,52.369094 4.820635,52.36909 4.820587,52.369096 4.820487,52.369129 4.820392,52.36918 4.820326,52.3692 4.820314)),((52.364799 4.821976,52.364747 4.82208,52.364709 4.8221,52.364659 4.822061,52.36464 4.822,52.36466 4.821927,52.364648 4.821836,52.364622 4.821796,52.364436 4.8216,52.36441 4.821587,52.364365 4.821639,52.36424 4.82191,52.364217 4.821942,52.364195 4.82194,52.36418 4.821925,52.364165 4.821879,52.36416 4.821584,52.364135 4.821342,52.364142 4.821247,52.364174 4.821152,52.364219 4.821111,52.364254 4.821113,52.36428 4.821134,52.364762 4.821743,52.364827 4.821847,52.364825 4.821915,52.364799 4.821976)),((52.364925 4.82205,52.364975 4.822001,52.365014 4.822001,52.365048 4.822034,52.365555 4.822682,52.365568 4.822719,52.365567 4.822759,52.365551 4.822827,52.365398 4.823063,52.365372 4.823073,52.365334 4.823063,52.365206 4.822892,52.365054 4.82252,52.365027 4.822481,52.364996 4.822467,52.364965 4.822477,52.36494 4.822511,52.36479 4.822815,52.364769 4.822841,52.364734 4.822825,52.364712 4.82279,52.364709 4.82276,52.364859 4.822314,52.364898 4.822175,52.364912 4.822074,52.364925 4.82205)),((52.364212 4.82231,52.364231 4.822235,52.364249 4.822212,52.364264 4.822211,52.364453 4.822462,52.36447 4.822472,52.364503 4.822454,52.364566 4.82231,52.364585 4.822286,52.364607 4.822281,52.364625 4.822291,52.364637 4.822307,52.364647 4.822348,52.364617 4.822478,52.364539 4.822674,52.364518 4.822704,52.364489 4.822713,52.364458 4.822693,52.364224 4.822351,52.364212 4.82231)),((52.365611 4.823052,52.365655 4.822977,52.365692 4.822964,52.36572 4.822972,52.36629 4.823698,52.366311 4.823773,52.366299 4.823857,52.366109 4.824295,52.36608 4.824323,52.366055 4.824327,52.366028 4.82431,52.365956 4.824202,52.36594 4.82416,52.365941 4.824127,52.365984 4.823979,52.365964 4.8239,52.365551 4.823424,52.365537 4.823397,52.365532 4.823358,52.365537 4.82332,52.365581 4.82314,52.365611 4.823052)))";4.8178175;52.3651715;
32;"Park";"MULTIPOLYGON(((4.921967 52.396581,4.921954 52.396448,4.921908 52.396317,4.919861 52.392373,4.919606 52.391899,4.919617 52.391897,4.919396 52.391547,4.919159 52.391209,4.918949 52.39094,4.918476 52.390404,4.918015 52.38995,4.91747 52.390113,4.917142 52.390262,4.917093 52.390292,4.916174 52.39066,4.916424 52.390904,4.916462 52.390899,4.916475 52.390931,4.916453 52.390947,4.91652 52.391014,4.916564 52.390997,4.916586 52.391019,4.916609 52.391009,4.916653 52.391051,4.916674 52.391043,4.916665 52.391034,4.916697 52.391022,4.916682 52.391005,4.916749 52.390979,4.916733 52.390964,4.916946 52.390881,4.916976 52.390911,4.916954 52.390919,4.916993 52.390958,4.917008 52.390952,4.917015 52.390959,4.917058 52.390943,4.917081 52.390968,4.917061 52.390976,4.917069 52.390983,4.917034 52.390996,4.917025 52.390989,4.916776 52.391085,4.91678 52.391091,4.916814 52.391077,4.916851 52.391113,4.916818 52.391127,4.917009 52.391309,4.91687 52.391367,4.91709 52.391865,4.917204 52.392146,4.917228 52.39223,4.917233 52.392289,4.917194 52.392706,4.917319 52.392689,4.917313 52.392675,4.917325 52.392674,4.917329 52.392688,4.917584 52.392656,4.917599 52.392697,4.91764 52.392691,4.91766 52.392747,4.917685 52.392743,4.917738 52.392887,4.917743 52.392901,4.917718 52.392904,4.917738 52.392961,4.917526 52.39299,4.917541 52.393033,4.917458 52.393044,4.917462 52.393058,4.917452 52.39306,4.917447 52.393045,4.917368 52.393056,4.917451 52.393159,4.917592 52.393378,4.917731 52.393677,4.917781 52.393842,4.917828 52.394106,4.917833 52.394248,4.917815 52.394567,4.917921 52.394967,4.917911 52.395025,4.917957 52.395114,4.91801 52.39534,4.918051 52.395454,4.91834 52.395981,4.918395 52.396062,4.917759 52.397727,4.917117 52.398387,4.919021 52.39897,4.919017 52.398977,4.919667 52.399178,4.920058 52.399334,4.920372 52.399527,4.920403 52.399529,4.920439 52.399519,4.920704 52.399372,4.920795 52.39934,4.920919 52.399324,4.921082 52.399337,4.92118 52.399319,4.921219 52.399301,4.921376 52.399191,4.921389 52.399198,4.921453 52.399126,4.921223 52.399052,4.920929 52.399179,4.920736 52.399207,4.920521 52.399173,4.920458 52.39915,4.920405 52.399118,4.920376 52.399088,4.920346 52.399031,4.920306 52.398993,4.920258 52.398906,4.920223 52.398814,4.920207 52.398709,4.920239 52.398546,4.920289 52.398428,4.920379 52.398273,4.920461 52.398165,4.920569 52.398051,4.920786 52.397848,4.921772 52.397029,4.921828 52.396969,4.921861 52.396926,4.92193 52.396769,4.921958 52.39667,4.921967 52.396581)),((4.924012 52.395277,4.923959 52.395201,4.923986 52.395194,4.923937 52.395122,4.923686 52.394804,4.923475 52.394505,4.923429 52.394475,4.923173 52.394353,4.923108 52.39425,4.923026 52.394271,4.92299 52.39421,4.922973 52.394214,4.922737 52.393836,4.922839 52.393729,4.922976 52.393695,4.922978 52.393674,4.921775 52.391857,4.921635 52.391668,4.921563 52.391594,4.921574 52.39159,4.921355 52.391344,4.921254 52.391301,4.921 52.391047,4.920831 52.390895,4.920409 52.390569,4.920117 52.390361,4.919782 52.390197,4.919312 52.389951,4.919098 52.389782,4.919035 52.389753,4.91896 52.389725,4.918872 52.38971,4.918647 52.389736,4.919578 52.390642,4.91987 52.39122,4.920206 52.391834,4.920427 52.39229,4.921762 52.394849,4.922022 52.395384,4.922064 52.395445,4.922089 52.395469,4.922136 52.39549,4.922183 52.3955,4.922247 52.395501,4.923299 52.395278,4.923404 52.395308,4.923423 52.395345,4.923374 52.395407,4.922346 52.395624,4.922278 52.395647,4.922235 52.395693,4.922227 52.395749,4.922239 52.395787,4.922716 52.396622,4.922765 52.396704,4.922816 52.396743,4.92285 52.396756,4.922888 52.39676,4.922918 52.396754,4.922953 52.396721,4.923151 52.396787,4.923405 52.396124,4.923479 52.395899,4.923393 52.39568,4.923401 52.395663,4.923421 52.395645,4.923458 52.39563,4.923513 52.395625,4.923546 52.395632,4.923638 52.395367,4.924012 52.395277)),((4.924649 52.391302,4.924601 52.391168,4.92461 52.391129,4.924628 52.391105,4.924303 52.390985,4.924215 52.390882,4.924249 52.390693,4.924234 52.390666,4.924208 52.390646,4.921031 52.38922,4.920971 52.389203,4.920534 52.389008,4.920511 52.389045,4.920503 52.389108,4.920679 52.389188,4.920633 52.389209,4.921583 52.389631,4.921684 52.389706,4.921752 52.389796,4.921773 52.389873,4.921766 52.389952,4.921638 52.390172,4.921611 52.390242,4.92158 52.390383,4.921613 52.390563,4.92164 52.390615,4.922103 52.391162,4.922293 52.391402,4.922293 52.391414,4.922364 52.391486,4.923242 52.392656,4.923504 52.393056,4.92387 52.393189,4.924075 52.393498,4.924189 52.393467,4.924172 52.393358,4.924179 52.393287,4.924154 52.393263,4.924606 52.39139,4.924627 52.391317,4.924649 52.391302)))";"MULTIPOLYGON(((52.396581 4.921967,52.396448 4.921954,52.396317 4.921908,52.392373 4.919861,52.391899 4.919606,52.391897 4.919617,52.391547 4.919396,52.391209 4.919159,52.39094 4.918949,52.390404 4.918476,52.38995 4.918015,52.390113 4.91747,52.390262 4.917142,52.390292 4.917093,52.39066 4.916174,52.390904 4.916424,52.390899 4.916462,52.390931 4.916475,52.390947 4.916453,52.391014 4.91652,52.390997 4.916564,52.391019 4.916586,52.391009 4.916609,52.391051 4.916653,52.391043 4.916674,52.391034 4.916665,52.391022 4.916697,52.391005 4.916682,52.390979 4.916749,52.390964 4.916733,52.390881 4.916946,52.390911 4.916976,52.390919 4.916954,52.390958 4.916993,52.390952 4.917008,52.390959 4.917015,52.390943 4.917058,52.390968 4.917081,52.390976 4.917061,52.390983 4.917069,52.390996 4.917034,52.390989 4.917025,52.391085 4.916776,52.391091 4.91678,52.391077 4.916814,52.391113 4.916851,52.391127 4.916818,52.391309 4.917009,52.391367 4.91687,52.391865 4.91709,52.392146 4.917204,52.39223 4.917228,52.392289 4.917233,52.392706 4.917194,52.392689 4.917319,52.392675 4.917313,52.392674 4.917325,52.392688 4.917329,52.392656 4.917584,52.392697 4.917599,52.392691 4.91764,52.392747 4.91766,52.392743 4.917685,52.392887 4.917738,52.392901 4.917743,52.392904 4.917718,52.392961 4.917738,52.39299 4.917526,52.393033 4.917541,52.393044 4.917458,52.393058 4.917462,52.39306 4.917452,52.393045 4.917447,52.393056 4.917368,52.393159 4.917451,52.393378 4.917592,52.393677 4.917731,52.393842 4.917781,52.394106 4.917828,52.394248 4.917833,52.394567 4.917815,52.394967 4.917921,52.395025 4.917911,52.395114 4.917957,52.39534 4.91801,52.395454 4.918051,52.395981 4.91834,52.396062 4.918395,52.397727 4.917759,52.398387 4.917117,52.39897 4.919021,52.398977 4.919017,52.399178 4.919667,52.399334 4.920058,52.399527 4.920372,52.399529 4.920403,52.399519 4.920439,52.399372 4.920704,52.39934 4.920795,52.399324 4.920919,52.399337 4.921082,52.399319 4.92118,52.399301 4.921219,52.399191 4.921376,52.399198 4.921389,52.399126 4.921453,52.399052 4.921223,52.399179 4.920929,52.399207 4.920736,52.399173 4.920521,52.39915 4.920458,52.399118 4.920405,52.399088 4.920376,52.399031 4.920346,52.398993 4.920306,52.398906 4.920258,52.398814 4.920223,52.398709 4.920207,52.398546 4.920239,52.398428 4.920289,52.398273 4.920379,52.398165 4.920461,52.398051 4.920569,52.397848 4.920786,52.397029 4.921772,52.396969 4.921828,52.396926 4.921861,52.396769 4.92193,52.39667 4.921958,52.396581 4.921967)),((52.395277 4.924012,52.395201 4.923959,52.395194 4.923986,52.395122 4.923937,52.394804 4.923686,52.394505 4.923475,52.394475 4.923429,52.394353 4.923173,52.39425 4.923108,52.394271 4.923026,52.39421 4.92299,52.394214 4.922973,52.393836 4.922737,52.393729 4.922839,52.393695 4.922976,52.393674 4.922978,52.391857 4.921775,52.391668 4.921635,52.391594 4.921563,52.39159 4.921574,52.391344 4.921355,52.391301 4.921254,52.391047 4.921,52.390895 4.920831,52.390569 4.920409,52.390361 4.920117,52.390197 4.919782,52.389951 4.919312,52.389782 4.919098,52.389753 4.919035,52.389725 4.91896,52.38971 4.918872,52.389736 4.918647,52.390642 4.919578,52.39122 4.91987,52.391834 4.920206,52.39229 4.920427,52.394849 4.921762,52.395384 4.922022,52.395445 4.922064,52.395469 4.922089,52.39549 4.922136,52.3955 4.922183,52.395501 4.922247,52.395278 4.923299,52.395308 4.923404,52.395345 4.923423,52.395407 4.923374,52.395624 4.922346,52.395647 4.922278,52.395693 4.922235,52.395749 4.922227,52.395787 4.922239,52.396622 4.922716,52.396704 4.922765,52.396743 4.922816,52.396756 4.92285,52.39676 4.922888,52.396754 4.922918,52.396721 4.922953,52.396787 4.923151,52.396124 4.923405,52.395899 4.923479,52.39568 4.923393,52.395663 4.923401,52.395645 4.923421,52.39563 4.923458,52.395625 4.923513,52.395632 4.923546,52.395367 4.923638,52.395277 4.924012)),((52.391302 4.924649,52.391168 4.924601,52.391129 4.92461,52.391105 4.924628,52.390985 4.924303,52.390882 4.924215,52.390693 4.924249,52.390666 4.924234,52.390646 4.924208,52.38922 4.921031,52.389203 4.920971,52.389008 4.920534,52.389045 4.920511,52.389108 4.920503,52.389188 4.920679,52.389209 4.920633,52.389631 4.921583,52.389706 4.921684,52.389796 4.921752,52.389873 4.921773,52.389952 4.921766,52.390172 4.921638,52.390242 4.921611,52.390383 4.92158,52.390563 4.921613,52.390615 4.92164,52.391162 4.922103,52.391402 4.922293,52.391414 4.922293,52.391486 4.922364,52.392656 4.923242,52.393056 4.923504,52.393189 4.92387,52.393498 4.924075,52.393467 4.924189,52.393358 4.924172,52.393287 4.924179,52.393263 4.924154,52.39139 4.924606,52.391317 4.924627,52.391302 4.924649)))";4.9204165;52.3942615;
33;"Park";"POLYGON((4.876313 52.389698,4.875174 52.389354,4.874906 52.389583,4.874537 52.389965,4.875793 52.390345,4.876313 52.389698))";"POLYGON((52.389698 4.876313,52.389354 4.875174,52.389583 4.874906,52.389965 4.874537,52.390345 4.875793,52.389698 4.876313))";4.87543;52.3898425;
34;"Park";"POLYGON((4.944846 52.358526,4.945062 52.359268,4.945305 52.360036,4.945467 52.360623,4.945492 52.360619,4.945604 52.360967,4.945567 52.360971,4.945898 52.362133,4.945888 52.362134,4.94593 52.362286,4.94583 52.362307,4.945818 52.362337,4.94585 52.362361,4.945893 52.362372,4.946466 52.362454,4.94671 52.362511,4.946814 52.362556,4.946906 52.362606,4.947008 52.362687,4.947129 52.362838,4.947399 52.363728,4.947426 52.363783,4.948091 52.364699,4.948166 52.364778,4.948281 52.364869,4.948439 52.364957,4.94848 52.364975,4.948528 52.364983,4.948687 52.364961,4.948915 52.364958,4.949201 52.364979,4.949689 52.36503,4.949936 52.365044,4.950185 52.365049,4.950899 52.365036,4.951413 52.365058,4.951464 52.365052,4.952381 52.365122,4.952389 52.365165,4.952334 52.365421,4.956293 52.365763,4.956428 52.365197,4.955878 52.36516,4.955897 52.365005,4.955713 52.365045,4.955256 52.365048,4.955146 52.365033,4.955047 52.364996,4.954959 52.364934,4.953318 52.363468,4.953173 52.363391,4.953019 52.363344,4.952407 52.363236,4.952397 52.363185,4.952178 52.363086,4.951954 52.362957,4.951765 52.362831,4.951675 52.362747,4.951725 52.362717,4.951467 52.362557,4.951449 52.362562,4.951421 52.362539,4.950856 52.361974,4.950826 52.361954,4.950778 52.361951,4.950456 52.362018,4.950455 52.362006,4.950435 52.362006,4.950435 52.361987,4.950562 52.361953,4.951106 52.361777,4.951162 52.361748,4.95119 52.361723,4.951218 52.361737,4.951541 52.361655,4.95164 52.361671,4.951694 52.361615,4.951681 52.36161,4.951701 52.36159,4.951714 52.361594,4.951889 52.361413,4.951625 52.361316,4.951765 52.361164,4.9518 52.361016,4.95179 52.360886,4.951734 52.360768,4.951711 52.360696,4.951719 52.360665,4.951931 52.360396,4.951982 52.360246,4.951974 52.360218,4.951955 52.360201,4.951961 52.360194,4.952002 52.360186,4.952044 52.360117,4.952217 52.359948,4.952342 52.359924,4.952474 52.359851,4.952509 52.359809,4.952571 52.359773,4.952774 52.359696,4.952881 52.359642,4.952891 52.359531,4.952846 52.359191,4.952775 52.358124,4.952783 52.358111,4.952808 52.358103,4.952828 52.358106,4.952844 52.358121,4.952843 52.358115,4.952901 52.358107,4.952899 52.358081,4.952694 52.358089,4.952703 52.358169,4.952101 52.358187,4.952079 52.358146,4.952047 52.358131,4.952008 52.358126,4.947589 52.358309,4.947119 52.358309,4.947221 52.35854,4.947203 52.358573,4.947355 52.359131,4.948087 52.36167,4.948308 52.362371,4.948303 52.362393,4.948317 52.362412,4.947594 52.362638,4.947577 52.362634,4.94753 52.362599,4.947467 52.362446,4.947338 52.362399,4.946569 52.362236,4.946527 52.362199,4.945814 52.359914,4.945769 52.359718,4.945661 52.359363,4.945572 52.359016,4.945512 52.358856,4.945513 52.358808,4.945555 52.358776,4.945692 52.358741,4.946306 52.358693,4.946282 52.358347,4.946129 52.358353,4.946138 52.358409,4.945847 52.358422,4.94584 52.358367,4.945098 52.358404,4.945003 52.358419,4.94492 52.358441,4.944852 52.358479,4.944846 52.358526),(4.949339 52.364506,4.949943 52.364319,4.950166 52.364294,4.950331 52.364404,4.950803 52.364755,4.951041 52.364919,4.951145 52.365006,4.950613 52.365001,4.948609 52.364878,4.94854 52.364853,4.948453 52.364767,4.948453 52.364728,4.94868 52.364666,4.949339 52.364506),(4.947453 52.362827,4.947456 52.362824,4.947467 52.362819,4.947453 52.362827),(4.948326 52.36435,4.948117 52.364192,4.948169 52.364224,4.948326 52.36435),(4.947539 52.363159,4.947686 52.363507,4.947718 52.363615,4.947539 52.363159),(4.947814 52.363936,4.947799 52.363906,4.947795 52.36389,4.947814 52.363936),(4.947839 52.363975,4.947863 52.363991,4.947883 52.364009,4.947839 52.363975),(4.948109 52.364171,4.948041 52.364112,4.948055 52.364119,4.948109 52.364171))";"POLYGON((52.358526 4.944846,52.359268 4.945062,52.360036 4.945305,52.360623 4.945467,52.360619 4.945492,52.360967 4.945604,52.360971 4.945567,52.362133 4.945898,52.362134 4.945888,52.362286 4.94593,52.362307 4.94583,52.362337 4.945818,52.362361 4.94585,52.362372 4.945893,52.362454 4.946466,52.362511 4.94671,52.362556 4.946814,52.362606 4.946906,52.362687 4.947008,52.362838 4.947129,52.363728 4.947399,52.363783 4.947426,52.364699 4.948091,52.364778 4.948166,52.364869 4.948281,52.364957 4.948439,52.364975 4.94848,52.364983 4.948528,52.364961 4.948687,52.364958 4.948915,52.364979 4.949201,52.36503 4.949689,52.365044 4.949936,52.365049 4.950185,52.365036 4.950899,52.365058 4.951413,52.365052 4.951464,52.365122 4.952381,52.365165 4.952389,52.365421 4.952334,52.365763 4.956293,52.365197 4.956428,52.36516 4.955878,52.365005 4.955897,52.365045 4.955713,52.365048 4.955256,52.365033 4.955146,52.364996 4.955047,52.364934 4.954959,52.363468 4.953318,52.363391 4.953173,52.363344 4.953019,52.363236 4.952407,52.363185 4.952397,52.363086 4.952178,52.362957 4.951954,52.362831 4.951765,52.362747 4.951675,52.362717 4.951725,52.362557 4.951467,52.362562 4.951449,52.362539 4.951421,52.361974 4.950856,52.361954 4.950826,52.361951 4.950778,52.362018 4.950456,52.362006 4.950455,52.362006 4.950435,52.361987 4.950435,52.361953 4.950562,52.361777 4.951106,52.361748 4.951162,52.361723 4.95119,52.361737 4.951218,52.361655 4.951541,52.361671 4.95164,52.361615 4.951694,52.36161 4.951681,52.36159 4.951701,52.361594 4.951714,52.361413 4.951889,52.361316 4.951625,52.361164 4.951765,52.361016 4.9518,52.360886 4.95179,52.360768 4.951734,52.360696 4.951711,52.360665 4.951719,52.360396 4.951931,52.360246 4.951982,52.360218 4.951974,52.360201 4.951955,52.360194 4.951961,52.360186 4.952002,52.360117 4.952044,52.359948 4.952217,52.359924 4.952342,52.359851 4.952474,52.359809 4.952509,52.359773 4.952571,52.359696 4.952774,52.359642 4.952881,52.359531 4.952891,52.359191 4.952846,52.358124 4.952775,52.358111 4.952783,52.358103 4.952808,52.358106 4.952828,52.358121 4.952844,52.358115 4.952843,52.358107 4.952901,52.358081 4.952899,52.358089 4.952694,52.358169 4.952703,52.358187 4.952101,52.358146 4.952079,52.358131 4.952047,52.358126 4.952008,52.358309 4.947589,52.358309 4.947119,52.35854 4.947221,52.358573 4.947203,52.359131 4.947355,52.36167 4.948087,52.362371 4.948308,52.362393 4.948303,52.362412 4.948317,52.362638 4.947594,52.362634 4.947577,52.362599 4.94753,52.362446 4.947467,52.362399 4.947338,52.362236 4.946569,52.362199 4.946527,52.359914 4.945814,52.359718 4.945769,52.359363 4.945661,52.359016 4.945572,52.358856 4.945512,52.358808 4.945513,52.358776 4.945555,52.358741 4.945692,52.358693 4.946306,52.358347 4.946282,52.358353 4.946129,52.358409 4.946138,52.358422 4.945847,52.358367 4.94584,52.358404 4.945098,52.358419 4.945003,52.358441 4.94492,52.358479 4.944852,52.358526 4.944846),(52.364506 4.949339,52.364319 4.949943,52.364294 4.950166,52.364404 4.950331,52.364755 4.950803,52.364919 4.951041,52.365006 4.951145,52.365001 4.950613,52.364878 4.948609,52.364853 4.94854,52.364767 4.948453,52.364728 4.948453,52.364666 4.94868,52.364506 4.949339),(52.362827 4.947453,52.362824 4.947456,52.362819 4.947467,52.362827 4.947453),(52.36435 4.948326,52.364192 4.948117,52.364224 4.948169,52.36435 4.948326),(52.363159 4.947539,52.363507 4.947686,52.363615 4.947718,52.363159 4.947539),(52.363936 4.947814,52.363906 4.947799,52.36389 4.947795,52.363936 4.947814),(52.363975 4.947839,52.363991 4.947863,52.364009 4.947883,52.363975 4.947839),(52.364171 4.948109,52.364112 4.948041,52.364119 4.948055,52.364171 4.948109))";4.950642;52.361915;
35;"Park";"POLYGON((4.848865 52.335296,4.848873 52.33526,4.848549 52.335216,4.84848 52.335222,4.847773 52.33543,4.847665 52.335398,4.847628 52.335421,4.847732 52.335479,4.84774 52.335514,4.847766 52.335534,4.847835 52.335557,4.84782 52.33558,4.847878 52.335599,4.847896 52.335577,4.84819 52.335662,4.84836 52.335669,4.848385 52.335521,4.848376 52.335469,4.848411 52.335446,4.84846 52.335434,4.848832 52.335451,4.848841 52.335372,4.848809 52.33533,4.848865 52.335296))";"POLYGON((52.335296 4.848865,52.33526 4.848873,52.335216 4.848549,52.335222 4.84848,52.33543 4.847773,52.335398 4.847665,52.335421 4.847628,52.335479 4.847732,52.335514 4.84774,52.335534 4.847766,52.335557 4.847835,52.33558 4.84782,52.335599 4.847878,52.335577 4.847896,52.335662 4.84819,52.335669 4.84836,52.335521 4.848385,52.335469 4.848376,52.335446 4.848411,52.335434 4.84846,52.335451 4.848832,52.335372 4.848841,52.33533 4.848809,52.335296 4.848865))";4.8482555;52.3354355;
36;"Park";"POLYGON((4.850199 52.33347,4.850211 52.333433,4.8502 52.333329,4.850331 52.333294,4.850485 52.333279,4.85046 52.333242,4.850423 52.333016,4.850094 52.33305,4.849981 52.33307,4.849769 52.333127,4.849721 52.333068,4.84902 52.333293,4.849003 52.333307,4.849013 52.333328,4.849051 52.333345,4.849424 52.333433,4.849981 52.33351,4.850002 52.333443,4.850199 52.33347))";"POLYGON((52.33347 4.850199,52.333433 4.850211,52.333329 4.8502,52.333294 4.850331,52.333279 4.850485,52.333242 4.85046,52.333016 4.850423,52.33305 4.850094,52.33307 4.849981,52.333127 4.849769,52.333068 4.849721,52.333293 4.84902,52.333307 4.849003,52.333328 4.849013,52.333345 4.849051,52.333433 4.849424,52.33351 4.849981,52.333443 4.850002,52.33347 4.850199))";4.849749;52.333256;
37;"Park";"MULTIPOLYGON(((4.8893 52.329552,4.889302 52.328876,4.888598 52.328869,4.888418 52.328853,4.888228 52.328817,4.88808 52.328772,4.886442 52.32817,4.886297 52.328133,4.886082 52.328104,4.885946 52.328097,4.883817 52.328078,4.882897 52.328145,4.882896 52.328187,4.882652 52.328206,4.879306 52.328201,4.879297 52.328157,4.879276 52.32814,4.879243 52.32813,4.87817 52.328031,4.878024 52.328024,4.875414 52.328002,4.875357 52.328017,4.875326 52.328043,4.875271 52.328038,4.87526 52.328014,4.875216 52.328,4.869271 52.327945,4.869205 52.327965,4.869178 52.327989,4.869168 52.328014,4.869164 52.328996,4.869219 52.328997,4.86922 52.329231,4.869432 52.32923,4.86943 52.329288,4.874758 52.329295,4.8756 52.329283,4.87662 52.329286,4.87662 52.329537,4.882308 52.329542,4.882696 52.329521,4.8893 52.329552)),((4.868491 52.330411,4.868497 52.329228,4.862558 52.329218,4.862546 52.329225,4.862544 52.33028,4.86251 52.330314,4.862509 52.330355,4.862652 52.330352,4.862652 52.330402,4.863837 52.330402,4.863837 52.330656,4.864128 52.330657,4.864136 52.330404,4.865408 52.330406,4.865408 52.330657,4.865736 52.33066,4.865736 52.330406,4.86709 52.330408,4.867085 52.330659,4.867214 52.33066,4.867385 52.33066,4.867387 52.330409,4.868491 52.330411)),((4.861665 52.330437,4.861668 52.329752,4.86161 52.32975,4.861479 52.329763,4.861045 52.329769,4.860684 52.329762,4.860295 52.329766,4.859506 52.32976,4.858436 52.329719,4.858402 52.32973,4.858402 52.330286,4.858574 52.330287,4.858575 52.330319,4.858553 52.330332,4.858553 52.330431,4.861665 52.330437)))";"MULTIPOLYGON(((52.329552 4.8893,52.328876 4.889302,52.328869 4.888598,52.328853 4.888418,52.328817 4.888228,52.328772 4.88808,52.32817 4.886442,52.328133 4.886297,52.328104 4.886082,52.328097 4.885946,52.328078 4.883817,52.328145 4.882897,52.328187 4.882896,52.328206 4.882652,52.328201 4.879306,52.328157 4.879297,52.32814 4.879276,52.32813 4.879243,52.328031 4.87817,52.328024 4.878024,52.328002 4.875414,52.328017 4.875357,52.328043 4.875326,52.328038 4.875271,52.328014 4.87526,52.328 4.875216,52.327945 4.869271,52.327965 4.869205,52.327989 4.869178,52.328014 4.869168,52.328996 4.869164,52.328997 4.869219,52.329231 4.86922,52.32923 4.869432,52.329288 4.86943,52.329295 4.874758,52.329283 4.8756,52.329286 4.87662,52.329537 4.87662,52.329542 4.882308,52.329521 4.882696,52.329552 4.8893)),((52.330411 4.868491,52.329228 4.868497,52.329218 4.862558,52.329225 4.862546,52.33028 4.862544,52.330314 4.86251,52.330355 4.862509,52.330352 4.862652,52.330402 4.862652,52.330402 4.863837,52.330656 4.863837,52.330657 4.864128,52.330404 4.864136,52.330406 4.865408,52.330657 4.865408,52.33066 4.865736,52.330406 4.865736,52.330408 4.86709,52.330659 4.867085,52.33066 4.867214,52.33066 4.867385,52.330409 4.867387,52.330411 4.868491)),((52.330437 4.861665,52.329752 4.861668,52.32975 4.86161,52.329763 4.861479,52.329769 4.861045,52.329762 4.860684,52.329766 4.860295,52.32976 4.859506,52.329719 4.858436,52.32973 4.858402,52.330286 4.858402,52.330287 4.858574,52.330319 4.858575,52.330332 4.858553,52.330431 4.858553,52.330437 4.861665)))";4.873857;52.3292955;
38;"Park";"MULTIPOLYGON(((4.901812 52.340325,4.903155 52.340274,4.90636 52.340135,4.90664 52.340142,4.907287 52.340177,4.907452 52.340167,4.907556 52.340144,4.90765 52.340108,4.907996 52.339905,4.908685 52.339305,4.908543 52.339246,4.908499 52.339243,4.90848 52.339254,4.908476 52.339291,4.908421 52.339347,4.908056 52.339669,4.907986 52.33972,4.906951 52.339943,4.906907 52.339868,4.906759 52.339899,4.906321 52.339153,4.905788 52.338458,4.905805 52.338408,4.90586 52.338376,4.906528 52.338182,4.906395 52.337969,4.906349 52.337869,4.906104 52.336839,4.905251 52.336899,4.905139 52.336914,4.905035 52.33694,4.903156 52.337619,4.903162 52.337626,4.903128 52.337639,4.903121 52.337632,4.90281 52.33774,4.901993 52.338033,4.901856 52.338104,4.901747 52.338215,4.901698 52.338306,4.901681 52.338381,4.901595 52.338485,4.901812 52.340325)),((4.911798 52.341553,4.911979 52.341671,4.912039 52.341628,4.913235 52.34109,4.913137 52.341004,4.912967 52.340874,4.912673 52.340688,4.912377 52.340518,4.91206 52.340354,4.911701 52.3402,4.911357 52.340083,4.911145 52.340029,4.910517 52.339906,4.910312 52.339859,4.909441 52.339624,4.908871 52.339386,4.907845 52.340286,4.908384 52.340368,4.909163 52.340509,4.909513 52.3406,4.90982 52.340694,4.91003 52.340763,4.910805 52.341058,4.911525 52.341402,4.911798 52.341553)))";"MULTIPOLYGON(((52.340325 4.901812,52.340274 4.903155,52.340135 4.90636,52.340142 4.90664,52.340177 4.907287,52.340167 4.907452,52.340144 4.907556,52.340108 4.90765,52.339905 4.907996,52.339305 4.908685,52.339246 4.908543,52.339243 4.908499,52.339254 4.90848,52.339291 4.908476,52.339347 4.908421,52.339669 4.908056,52.33972 4.907986,52.339943 4.906951,52.339868 4.906907,52.339899 4.906759,52.339153 4.906321,52.338458 4.905788,52.338408 4.905805,52.338376 4.90586,52.338182 4.906528,52.337969 4.906395,52.337869 4.906349,52.336839 4.906104,52.336899 4.905251,52.336914 4.905139,52.33694 4.905035,52.337619 4.903156,52.337626 4.903162,52.337639 4.903128,52.337632 4.903121,52.33774 4.90281,52.338033 4.901993,52.338104 4.901856,52.338215 4.901747,52.338306 4.901698,52.338381 4.901681,52.338485 4.901595,52.340325 4.901812)),((52.341553 4.911798,52.341671 4.911979,52.341628 4.912039,52.34109 4.913235,52.341004 4.913137,52.340874 4.912967,52.340688 4.912673,52.340518 4.912377,52.340354 4.91206,52.3402 4.911701,52.340083 4.911357,52.340029 4.911145,52.339906 4.910517,52.339859 4.910312,52.339624 4.909441,52.339386 4.908871,52.340286 4.907845,52.340368 4.908384,52.340509 4.909163,52.3406 4.909513,52.340694 4.90982,52.340763 4.91003,52.341058 4.910805,52.341402 4.911525,52.341553 4.911798)))";4.90742;52.339248;
39;"Park";"POLYGON((4.954837 52.343992,4.954604 52.343763,4.954308 52.343546,4.954091 52.343405,4.953783 52.343286,4.953238 52.343246,4.952424 52.342756,4.952139 52.342634,4.952039 52.342612,4.951338 52.342261,4.951242 52.342173,4.951186 52.342169,4.95101 52.342219,4.95085 52.342248,4.950987 52.342347,4.951284 52.342532,4.951363 52.342596,4.951417 52.342656,4.951603 52.343067,4.951664 52.34316,4.952661 52.343759,4.952732 52.34379,4.952924 52.343848,4.95324 52.344024,4.95409 52.344365,4.954135 52.344375,4.95422 52.344364,4.954628 52.344079,4.954737 52.344027,4.954837 52.343992))";"POLYGON((52.343992 4.954837,52.343763 4.954604,52.343546 4.954308,52.343405 4.954091,52.343286 4.953783,52.343246 4.953238,52.342756 4.952424,52.342634 4.952139,52.342612 4.952039,52.342261 4.951338,52.342173 4.951242,52.342169 4.951186,52.342219 4.95101,52.342248 4.95085,52.342347 4.950987,52.342532 4.951284,52.342596 4.951363,52.342656 4.951417,52.343067 4.951603,52.34316 4.951664,52.343759 4.952661,52.34379 4.952732,52.343848 4.952924,52.344024 4.95324,52.344365 4.95409,52.344375 4.954135,52.344364 4.95422,52.344079 4.954628,52.344027 4.954737,52.343992 4.954837))";4.9528485;52.343265;
40;"Park";"MULTIPOLYGON(((4.983186 52.322379,4.983194 52.32243,4.983229 52.322472,4.984447 52.323147,4.984469 52.323191,4.984432 52.323284,4.984716 52.32343,4.984832 52.323461,4.984979 52.323404,4.985033 52.323409,4.986122 52.323886,4.986176 52.32392,4.98623 52.323976,4.986255 52.324026,4.986277 52.324113,4.986327 52.32417,4.98671 52.324344,4.986836 52.324377,4.987277 52.324416,4.987352 52.32441,4.987421 52.324379,4.987716 52.324122,4.987741 52.324081,4.987732 52.324034,4.987542 52.323722,4.987501 52.323681,4.987437 52.323648,4.987379 52.323631,4.987059 52.323572,4.987005 52.323548,4.986947 52.323504,4.986932 52.323467,4.986939 52.323075,4.986963 52.32302,4.98701 52.322977,4.987641 52.32261,4.987747 52.322574,4.987875 52.322545,4.987994 52.322531,4.988272 52.322524,4.988343 52.322506,4.988406 52.322412,4.988388 52.322366,4.987855 52.321976,4.987678 52.32193,4.987649 52.32193,4.987539 52.321946,4.987369 52.321987,4.987254 52.321988,4.986481 52.321793,4.986452 52.321777,4.986442 52.32176,4.986448 52.321671,4.986019 52.321563,4.985489 52.321825,4.985465 52.321856,4.985455 52.321893,4.98547 52.322028,4.985452 52.322064,4.9854 52.322115,4.984868 52.322358,4.984807 52.322363,4.984177 52.32228,4.984125 52.322259,4.984079 52.322217,4.984014 52.32206,4.983981 52.322035,4.983918 52.322017,4.98365 52.321991,4.983566 52.321996,4.983504 52.322024,4.983371 52.322165,4.983358 52.322161,4.983321 52.3222,4.983331 52.322204,4.983192 52.322358,4.983186 52.322379),(4.983419 52.322187,4.983371 52.322165,4.983422 52.322182,4.983419 52.322187)),((4.985346 52.32208,4.985365 52.322042,4.985365 52.321962,4.985309 52.321603,4.985292 52.321527,4.985265 52.321496,4.984375 52.321263,4.984313 52.321254,4.98423 52.321259,4.984153 52.321274,4.983951 52.321323,4.983897 52.321353,4.98386 52.321398,4.983792 52.321673,4.983799 52.321707,4.983834 52.321752,4.983996 52.321877,4.984091 52.321968,4.984149 52.32205,4.984205 52.322173,4.984245 52.322214,4.984447 52.322279,4.984848 52.322312,4.98491 52.32229,4.984887 52.322272,4.984916 52.322258,4.984939 52.322276,4.985315 52.322104,4.985346 52.32208)))";"MULTIPOLYGON(((52.322379 4.983186,52.32243 4.983194,52.322472 4.983229,52.323147 4.984447,52.323191 4.984469,52.323284 4.984432,52.32343 4.984716,52.323461 4.984832,52.323404 4.984979,52.323409 4.985033,52.323886 4.986122,52.32392 4.986176,52.323976 4.98623,52.324026 4.986255,52.324113 4.986277,52.32417 4.986327,52.324344 4.98671,52.324377 4.986836,52.324416 4.987277,52.32441 4.987352,52.324379 4.987421,52.324122 4.987716,52.324081 4.987741,52.324034 4.987732,52.323722 4.987542,52.323681 4.987501,52.323648 4.987437,52.323631 4.987379,52.323572 4.987059,52.323548 4.987005,52.323504 4.986947,52.323467 4.986932,52.323075 4.986939,52.32302 4.986963,52.322977 4.98701,52.32261 4.987641,52.322574 4.987747,52.322545 4.987875,52.322531 4.987994,52.322524 4.988272,52.322506 4.988343,52.322412 4.988406,52.322366 4.988388,52.321976 4.987855,52.32193 4.987678,52.32193 4.987649,52.321946 4.987539,52.321987 4.987369,52.321988 4.987254,52.321793 4.986481,52.321777 4.986452,52.32176 4.986442,52.321671 4.986448,52.321563 4.986019,52.321825 4.985489,52.321856 4.985465,52.321893 4.985455,52.322028 4.98547,52.322064 4.985452,52.322115 4.9854,52.322358 4.984868,52.322363 4.984807,52.32228 4.984177,52.322259 4.984125,52.322217 4.984079,52.32206 4.984014,52.322035 4.983981,52.322017 4.983918,52.321991 4.98365,52.321996 4.983566,52.322024 4.983504,52.322165 4.983371,52.322161 4.983358,52.3222 4.983321,52.322204 4.983331,52.322358 4.983192,52.322379 4.983186),(52.322187 4.983419,52.322165 4.983371,52.322182 4.983422,52.322187 4.983419)),((52.32208 4.985346,52.322042 4.985365,52.321962 4.985365,52.321603 4.985309,52.321527 4.985292,52.321496 4.985265,52.321263 4.984375,52.321254 4.984313,52.321259 4.98423,52.321274 4.984153,52.321323 4.983951,52.321353 4.983897,52.321398 4.98386,52.321673 4.983792,52.321707 4.983799,52.321752 4.983834,52.321877 4.983996,52.321968 4.984091,52.32205 4.984149,52.322173 4.984205,52.322214 4.984245,52.322279 4.984447,52.322312 4.984848,52.32229 4.98491,52.322272 4.984887,52.322258 4.984916,52.322276 4.984939,52.322104 4.985315,52.32208 4.985346)))";4.985801;52.322828;
41;"Park";"POLYGON((4.850632 52.363804,4.850627 52.36379,4.850609 52.363783,4.850384 52.363781,4.850383 52.363815,4.850202 52.363812,4.850135 52.363846,4.850052 52.363858,4.849384 52.363849,4.849319 52.363841,4.849264 52.36382,4.849221 52.363788,4.8492 52.36375,4.849281 52.361326,4.849259 52.361292,4.849214 52.361263,4.848572 52.361065,4.848659 52.358164,4.846838 52.358161,4.8459 52.358153,4.844218 52.358168,4.84421 52.358296,4.844178 52.358384,4.843732 52.358902,4.844504 52.359152,4.844498 52.359422,4.844998 52.359427,4.844989 52.359725,4.844655 52.359721,4.844641 52.360175,4.843342 52.360161,4.843327 52.360308,4.84388 52.360318,4.844049 52.360333,4.844315 52.360376,4.844759 52.360465,4.844745 52.360835,4.843641 52.360823,4.84363 52.361218,4.843187 52.361212,4.843165 52.361217,4.843153 52.361232,4.843135 52.361692,4.84316 52.361713,4.843822 52.361723,4.843826 52.361672,4.843883 52.361673,4.843885 52.361583,4.843922 52.36158,4.843923 52.361547,4.844417 52.36155,4.844414 52.361656,4.844471 52.361656,4.844463 52.361894,4.843863 52.361887,4.843856 52.362104,4.843158 52.362099,4.843132 52.362109,4.843122 52.36215,4.843134 52.362165,4.843159 52.362175,4.843601 52.36218,4.843598 52.362302,4.843585 52.362528,4.843143 52.362524,4.843113 52.36254,4.843099 52.363014,4.843118 52.363114,4.843665 52.363194,4.843668 52.363033,4.843785 52.363035,4.843783 52.362982,4.843846 52.362982,4.843849 52.362892,4.844382 52.362898,4.844379 52.362988,4.844442 52.362988,4.844438 52.363228,4.84427 52.363266,4.844264 52.363627,4.844249 52.36368,4.844265 52.363807,4.844298 52.363864,4.844301 52.363954,4.844389 52.363994,4.844482 52.364056,4.844468 52.36428,4.844404 52.364327,4.844289 52.364381,4.844276 52.364471,4.844247 52.36451,4.844193 52.364557,4.844114 52.364604,4.844002 52.364641,4.844016 52.364679,4.844323 52.364682,4.844302 52.365556,4.84357 52.365549,4.843559 52.36571,4.843067 52.365704,4.843063 52.366025,4.844284 52.366033,4.84426 52.366868,4.843529 52.366861,4.843521 52.367028,4.843031 52.367019,4.843017 52.367537,4.843035 52.367572,4.843076 52.367603,4.843142 52.367629,4.843243 52.367648,4.844749 52.367669,4.844877 52.367686,4.844969 52.367711,4.84507 52.367749,4.845134 52.367788,4.845211 52.36788,4.845249 52.367983,4.845227 52.368813,4.84527 52.369184,4.846122 52.369249,4.847053 52.369347,4.847386 52.369394,4.848284 52.369549,4.848435 52.369568,4.84872 52.368973,4.848679 52.36893,4.849365 52.367456,4.849744 52.366611,4.849753 52.366612,4.849766 52.366591,4.849801 52.366519,4.850331 52.365385,4.850342 52.365355,4.850324 52.365352,4.850358 52.365273,4.850435 52.36527,4.850483 52.36439,4.849901 52.364381,4.849947 52.364121,4.849985 52.364123,4.850012 52.364106,4.850099 52.364091,4.850407 52.364091,4.850407 52.364082,4.850573 52.364084,4.850578 52.363902,4.850632 52.363804),(4.847409 52.368968,4.847385 52.368985,4.8472 52.369085,4.847151 52.36911,4.847095 52.369117,4.845639 52.368986,4.845594 52.368973,4.845553 52.368947,4.845542 52.368914,4.845538 52.368497,4.845519 52.368483,4.845498 52.368481,4.845493 52.368433,4.845497 52.368336,4.845528 52.368328,4.84554 52.368309,4.845573 52.368135,4.845594 52.368108,4.845632 52.368089,4.846082 52.367943,4.846154 52.367939,4.846726 52.368004,4.846751 52.368021,4.846747 52.368097,4.846841 52.368095,4.846905 52.368087,4.846957 52.368064,4.847019 52.368053,4.84708 52.368064,4.847337 52.368198,4.847372 52.368224,4.847394 52.368253,4.847334 52.36856,4.847323 52.368761,4.847331 52.368827,4.847406 52.368921,4.847416 52.368948,4.847409 52.368968))";"POLYGON((52.363804 4.850632,52.36379 4.850627,52.363783 4.850609,52.363781 4.850384,52.363815 4.850383,52.363812 4.850202,52.363846 4.850135,52.363858 4.850052,52.363849 4.849384,52.363841 4.849319,52.36382 4.849264,52.363788 4.849221,52.36375 4.8492,52.361326 4.849281,52.361292 4.849259,52.361263 4.849214,52.361065 4.848572,52.358164 4.848659,52.358161 4.846838,52.358153 4.8459,52.358168 4.844218,52.358296 4.84421,52.358384 4.844178,52.358902 4.843732,52.359152 4.844504,52.359422 4.844498,52.359427 4.844998,52.359725 4.844989,52.359721 4.844655,52.360175 4.844641,52.360161 4.843342,52.360308 4.843327,52.360318 4.84388,52.360333 4.844049,52.360376 4.844315,52.360465 4.844759,52.360835 4.844745,52.360823 4.843641,52.361218 4.84363,52.361212 4.843187,52.361217 4.843165,52.361232 4.843153,52.361692 4.843135,52.361713 4.84316,52.361723 4.843822,52.361672 4.843826,52.361673 4.843883,52.361583 4.843885,52.36158 4.843922,52.361547 4.843923,52.36155 4.844417,52.361656 4.844414,52.361656 4.844471,52.361894 4.844463,52.361887 4.843863,52.362104 4.843856,52.362099 4.843158,52.362109 4.843132,52.36215 4.843122,52.362165 4.843134,52.362175 4.843159,52.36218 4.843601,52.362302 4.843598,52.362528 4.843585,52.362524 4.843143,52.36254 4.843113,52.363014 4.843099,52.363114 4.843118,52.363194 4.843665,52.363033 4.843668,52.363035 4.843785,52.362982 4.843783,52.362982 4.843846,52.362892 4.843849,52.362898 4.844382,52.362988 4.844379,52.362988 4.844442,52.363228 4.844438,52.363266 4.84427,52.363627 4.844264,52.36368 4.844249,52.363807 4.844265,52.363864 4.844298,52.363954 4.844301,52.363994 4.844389,52.364056 4.844482,52.36428 4.844468,52.364327 4.844404,52.364381 4.844289,52.364471 4.844276,52.36451 4.844247,52.364557 4.844193,52.364604 4.844114,52.364641 4.844002,52.364679 4.844016,52.364682 4.844323,52.365556 4.844302,52.365549 4.84357,52.36571 4.843559,52.365704 4.843067,52.366025 4.843063,52.366033 4.844284,52.366868 4.84426,52.366861 4.843529,52.367028 4.843521,52.367019 4.843031,52.367537 4.843017,52.367572 4.843035,52.367603 4.843076,52.367629 4.843142,52.367648 4.843243,52.367669 4.844749,52.367686 4.844877,52.367711 4.844969,52.367749 4.84507,52.367788 4.845134,52.36788 4.845211,52.367983 4.845249,52.368813 4.845227,52.369184 4.84527,52.369249 4.846122,52.369347 4.847053,52.369394 4.847386,52.369549 4.848284,52.369568 4.848435,52.368973 4.84872,52.36893 4.848679,52.367456 4.849365,52.366611 4.849744,52.366612 4.849753,52.366591 4.849766,52.366519 4.849801,52.365385 4.850331,52.365355 4.850342,52.365352 4.850324,52.365273 4.850358,52.36527 4.850435,52.36439 4.850483,52.364381 4.849901,52.364121 4.849947,52.364123 4.849985,52.364106 4.850012,52.364091 4.850099,52.364091 4.850407,52.364082 4.850407,52.364084 4.850573,52.363902 4.850578,52.363804 4.850632),(52.368968 4.847409,52.368985 4.847385,52.369085 4.8472,52.36911 4.847151,52.369117 4.847095,52.368986 4.845639,52.368973 4.845594,52.368947 4.845553,52.368914 4.845542,52.368497 4.845538,52.368483 4.845519,52.368481 4.845498,52.368433 4.845493,52.368336 4.845497,52.368328 4.845528,52.368309 4.84554,52.368135 4.845573,52.368108 4.845594,52.368089 4.845632,52.367943 4.846082,52.367939 4.846154,52.368004 4.846726,52.368021 4.846751,52.368097 4.846747,52.368095 4.846841,52.368087 4.846905,52.368064 4.846957,52.368053 4.847019,52.368064 4.84708,52.368198 4.847337,52.368224 4.847372,52.368253 4.847394,52.36856 4.847334,52.368761 4.847323,52.368827 4.847331,52.368921 4.847406,52.368948 4.847416,52.368968 4.847409))";4.8468295;52.3638535;
42;"Park";"POLYGON((4.969952 52.308418,4.969925 52.308348,4.968443 52.307811,4.967874 52.307538,4.966396 52.306852,4.964583 52.306153,4.964239 52.306516,4.96468 52.306664,4.962302 52.30931,4.96078 52.310979,4.960797 52.310995,4.959517 52.312361,4.958623 52.313758,4.959086 52.314048,4.959206 52.314147,4.959154 52.314215,4.959143 52.314239,4.959146 52.31428,4.959849 52.31453,4.959963 52.314578,4.960004 52.314677,4.960106 52.314787,4.960187 52.314846,4.960288 52.314893,4.960695 52.315752,4.960794 52.315815,4.961585 52.316091,4.961738 52.315967,4.961958 52.31603,4.962007 52.316011,4.962066 52.31601,4.962226 52.315849,4.962569 52.315449,4.96319 52.314976,4.964 52.314392,4.964137 52.314326,4.964957 52.313767,4.965326 52.313403,4.965656 52.312935,4.965819 52.312652,4.966224 52.312,4.966614 52.311518,4.967458 52.310732,4.968324 52.310058,4.968512 52.309888,4.968223 52.309747,4.968211 52.309717,4.968216 52.309686,4.968261 52.309641,4.968492 52.309078,4.96891 52.308599,4.969597 52.308841,4.969952 52.308418),(4.965266 52.309545,4.965319 52.309518,4.96541 52.30949,4.96551 52.309476,4.965742 52.309474,4.965857 52.309482,4.96597 52.309497,4.966189 52.309543,4.966292 52.309575,4.966483 52.309655,4.966649 52.309755,4.966783 52.30987,4.966862 52.309972,4.966878 52.310034,4.966868 52.310096,4.966833 52.310156,4.966051 52.311009,4.965988 52.311058,4.965935 52.311085,4.965844 52.311114,4.965744 52.311128,4.965512 52.31113,4.965284 52.311107,4.965065 52.311061,4.964863 52.310991,4.964771 52.310949,4.964605 52.31085,4.964534 52.310794,4.964416 52.310671,4.964383 52.310612,4.964375 52.310549,4.964385 52.310508,4.964421 52.310449,4.965203 52.309595,4.965266 52.309545),(4.963664 52.313617,4.962032 52.313056,4.963731 52.31119,4.965374 52.311755,4.963664 52.313617))";"POLYGON((52.308418 4.969952,52.308348 4.969925,52.307811 4.968443,52.307538 4.967874,52.306852 4.966396,52.306153 4.964583,52.306516 4.964239,52.306664 4.96468,52.30931 4.962302,52.310979 4.96078,52.310995 4.960797,52.312361 4.959517,52.313758 4.958623,52.314048 4.959086,52.314147 4.959206,52.314215 4.959154,52.314239 4.959143,52.31428 4.959146,52.31453 4.959849,52.314578 4.959963,52.314677 4.960004,52.314787 4.960106,52.314846 4.960187,52.314893 4.960288,52.315752 4.960695,52.315815 4.960794,52.316091 4.961585,52.315967 4.961738,52.31603 4.961958,52.316011 4.962007,52.31601 4.962066,52.315849 4.962226,52.315449 4.962569,52.314976 4.96319,52.314392 4.964,52.314326 4.964137,52.313767 4.964957,52.313403 4.965326,52.312935 4.965656,52.312652 4.965819,52.312 4.966224,52.311518 4.966614,52.310732 4.967458,52.310058 4.968324,52.309888 4.968512,52.309747 4.968223,52.309717 4.968211,52.309686 4.968216,52.309641 4.968261,52.309078 4.968492,52.308599 4.96891,52.308841 4.969597,52.308418 4.969952),(52.309545 4.965266,52.309518 4.965319,52.30949 4.96541,52.309476 4.96551,52.309474 4.965742,52.309482 4.965857,52.309497 4.96597,52.309543 4.966189,52.309575 4.966292,52.309655 4.966483,52.309755 4.966649,52.30987 4.966783,52.309972 4.966862,52.310034 4.966878,52.310096 4.966868,52.310156 4.966833,52.311009 4.966051,52.311058 4.965988,52.311085 4.965935,52.311114 4.965844,52.311128 4.965744,52.31113 4.965512,52.311107 4.965284,52.311061 4.965065,52.310991 4.964863,52.310949 4.964771,52.31085 4.964605,52.310794 4.964534,52.310671 4.964416,52.310612 4.964383,52.310549 4.964375,52.310508 4.964385,52.310449 4.964421,52.309595 4.965203,52.309545 4.965266),(52.313617 4.963664,52.313056 4.962032,52.31119 4.963731,52.311755 4.965374,52.313617 4.963664))";4.9642925;52.311115;
43;"Park";"MULTIPOLYGON(((4.950223 52.397705,4.950148 52.39761,4.950178 52.397602,4.95012 52.397529,4.949225 52.397795,4.948932 52.397422,4.949233 52.397333,4.949253 52.397314,4.949242 52.397284,4.949182 52.397302,4.948983 52.397052,4.949042 52.397033,4.949013 52.397011,4.948976 52.397009,4.948795 52.397062,4.948761 52.397023,4.948637 52.397059,4.948407 52.396768,4.949354 52.396487,4.949218 52.396315,4.949235 52.396251,4.949422 52.396196,4.949172 52.395872,4.949134 52.395844,4.949064 52.395821,4.948999 52.395817,4.948948 52.395824,4.946693 52.396495,4.946303 52.396641,4.945813 52.396786,4.945755 52.39679,4.945447 52.396722,4.94548 52.396658,4.945459 52.396637,4.945491 52.396585,4.945542 52.396593,4.94563 52.396436,4.945652 52.39644,4.945666 52.396415,4.945963 52.396478,4.945981 52.396468,4.945713 52.396131,4.945682 52.396126,4.945334 52.396224,4.944997 52.396157,4.945031 52.396091,4.945012 52.396071,4.945045 52.39602,4.945092 52.396027,4.94518 52.39587,4.945202 52.395874,4.945217 52.395849,4.945512 52.395911,4.94553 52.395905,4.94527 52.395573,4.945223 52.395562,4.944881 52.39566,4.944546 52.395591,4.944582 52.395527,4.944502 52.395508,4.944517 52.395483,4.944572 52.395493,4.944595 52.395451,4.944641 52.395461,4.944729 52.395305,4.944751 52.395309,4.944766 52.395282,4.945064 52.395346,4.945082 52.395337,4.944929 52.395145,4.944948 52.395138,4.944887 52.395063,4.944778 52.395087,4.944734 52.394999,4.944762 52.394991,4.944663 52.394861,4.944324 52.394955,4.94399 52.39489,4.944021 52.394824,4.943998 52.394795,4.944028 52.394747,4.944084 52.394758,4.944187 52.394576,4.944504 52.394643,4.944521 52.394638,4.944253 52.394296,4.944218 52.39429,4.94391 52.394386,4.943874 52.394391,4.943537 52.394323,4.943573 52.394258,4.94355 52.39423,4.943577 52.394181,4.943632 52.394192,4.943743 52.394011,4.944069 52.394081,4.944088 52.394075,4.943959 52.393909,4.943984 52.393902,4.943829 52.393703,4.940325 52.394732,4.940224 52.394753,4.940067 52.394758,4.939904 52.394733,4.939793 52.394698,4.93689 52.39369,4.936231 52.393887,4.936212 52.393864,4.936131 52.393892,4.934759 52.394488,4.934075 52.394739,4.93461 52.395241,4.934564 52.395259,4.934626 52.395319,4.93697 52.39438,4.937121 52.394529,4.93683 52.394647,4.936915 52.39473,4.936987 52.394701,4.937009 52.394723,4.937077 52.394696,4.937157 52.394772,4.937199 52.394751,4.937261 52.394809,4.937215 52.394826,4.937761 52.395336,4.937784 52.395326,4.938193 52.39545,4.938634 52.395277,4.938627 52.39527,4.938876 52.39517,4.939038 52.395322,4.939055 52.395315,4.939239 52.395483,4.939275 52.395473,4.940114 52.396253,4.941618 52.395646,4.941677 52.395696,4.941836 52.395633,4.942028 52.395823,4.94224 52.395745,4.942352 52.395931,4.942519 52.396103,4.942528 52.396099,4.942522 52.396093,4.942762 52.396002,4.942985 52.396207,4.943029 52.396224,4.943084 52.396298,4.943923 52.397082,4.943969 52.397104,4.944054 52.397184,4.944052 52.397202,4.944112 52.397259,4.944104 52.397262,4.944173 52.397339,4.944193 52.397332,4.944564 52.397673,4.944672 52.397692,4.944728 52.397723,4.944786 52.397741,4.944902 52.397742,4.945133 52.397712,4.945386 52.397635,4.94553 52.397612,4.94566 52.397603,4.945805 52.397626,4.946446 52.397765,4.946517 52.397796,4.946617 52.397871,4.946857 52.398021,4.946895 52.398058,4.946905 52.398051,4.947056 52.398203,4.947409 52.398525,4.950223 52.397705)),((4.951568 52.399356,4.951321 52.399045,4.950397 52.39932,4.950115 52.398957,4.950273 52.398909,4.950004 52.398581,4.949853 52.398627,4.949606 52.398319,4.949634 52.398306,4.950504 52.398046,4.950513 52.39803,4.950404 52.397893,4.950378 52.397901,4.950304 52.397809,4.950275 52.397811,4.94821 52.398434,4.947946 52.398523,4.94754 52.398645,4.94806 52.399137,4.948046 52.399142,4.948114 52.399206,4.948124 52.399202,4.94914 52.400147,4.949953 52.399838,4.950677 52.399616,4.951568 52.399356)))";"MULTIPOLYGON(((52.397705 4.950223,52.39761 4.950148,52.397602 4.950178,52.397529 4.95012,52.397795 4.949225,52.397422 4.948932,52.397333 4.949233,52.397314 4.949253,52.397284 4.949242,52.397302 4.949182,52.397052 4.948983,52.397033 4.949042,52.397011 4.949013,52.397009 4.948976,52.397062 4.948795,52.397023 4.948761,52.397059 4.948637,52.396768 4.948407,52.396487 4.949354,52.396315 4.949218,52.396251 4.949235,52.396196 4.949422,52.395872 4.949172,52.395844 4.949134,52.395821 4.949064,52.395817 4.948999,52.395824 4.948948,52.396495 4.946693,52.396641 4.946303,52.396786 4.945813,52.39679 4.945755,52.396722 4.945447,52.396658 4.94548,52.396637 4.945459,52.396585 4.945491,52.396593 4.945542,52.396436 4.94563,52.39644 4.945652,52.396415 4.945666,52.396478 4.945963,52.396468 4.945981,52.396131 4.945713,52.396126 4.945682,52.396224 4.945334,52.396157 4.944997,52.396091 4.945031,52.396071 4.945012,52.39602 4.945045,52.396027 4.945092,52.39587 4.94518,52.395874 4.945202,52.395849 4.945217,52.395911 4.945512,52.395905 4.94553,52.395573 4.94527,52.395562 4.945223,52.39566 4.944881,52.395591 4.944546,52.395527 4.944582,52.395508 4.944502,52.395483 4.944517,52.395493 4.944572,52.395451 4.944595,52.395461 4.944641,52.395305 4.944729,52.395309 4.944751,52.395282 4.944766,52.395346 4.945064,52.395337 4.945082,52.395145 4.944929,52.395138 4.944948,52.395063 4.944887,52.395087 4.944778,52.394999 4.944734,52.394991 4.944762,52.394861 4.944663,52.394955 4.944324,52.39489 4.94399,52.394824 4.944021,52.394795 4.943998,52.394747 4.944028,52.394758 4.944084,52.394576 4.944187,52.394643 4.944504,52.394638 4.944521,52.394296 4.944253,52.39429 4.944218,52.394386 4.94391,52.394391 4.943874,52.394323 4.943537,52.394258 4.943573,52.39423 4.94355,52.394181 4.943577,52.394192 4.943632,52.394011 4.943743,52.394081 4.944069,52.394075 4.944088,52.393909 4.943959,52.393902 4.943984,52.393703 4.943829,52.394732 4.940325,52.394753 4.940224,52.394758 4.940067,52.394733 4.939904,52.394698 4.939793,52.39369 4.93689,52.393887 4.936231,52.393864 4.936212,52.393892 4.936131,52.394488 4.934759,52.394739 4.934075,52.395241 4.93461,52.395259 4.934564,52.395319 4.934626,52.39438 4.93697,52.394529 4.937121,52.394647 4.93683,52.39473 4.936915,52.394701 4.936987,52.394723 4.937009,52.394696 4.937077,52.394772 4.937157,52.394751 4.937199,52.394809 4.937261,52.394826 4.937215,52.395336 4.937761,52.395326 4.937784,52.39545 4.938193,52.395277 4.938634,52.39527 4.938627,52.39517 4.938876,52.395322 4.939038,52.395315 4.939055,52.395483 4.939239,52.395473 4.939275,52.396253 4.940114,52.395646 4.941618,52.395696 4.941677,52.395633 4.941836,52.395823 4.942028,52.395745 4.94224,52.395931 4.942352,52.396103 4.942519,52.396099 4.942528,52.396093 4.942522,52.396002 4.942762,52.396207 4.942985,52.396224 4.943029,52.396298 4.943084,52.397082 4.943923,52.397104 4.943969,52.397184 4.944054,52.397202 4.944052,52.397259 4.944112,52.397262 4.944104,52.397339 4.944173,52.397332 4.944193,52.397673 4.944564,52.397692 4.944672,52.397723 4.944728,52.397741 4.944786,52.397742 4.944902,52.397712 4.945133,52.397635 4.945386,52.397612 4.94553,52.397603 4.94566,52.397626 4.945805,52.397765 4.946446,52.397796 4.946517,52.397871 4.946617,52.398021 4.946857,52.398058 4.946895,52.398051 4.946905,52.398203 4.947056,52.398525 4.947409,52.397705 4.950223)),((52.399356 4.951568,52.399045 4.951321,52.39932 4.950397,52.398957 4.950115,52.398909 4.950273,52.398581 4.950004,52.398627 4.949853,52.398319 4.949606,52.398306 4.949634,52.398046 4.950504,52.39803 4.950513,52.397893 4.950404,52.397901 4.950378,52.397809 4.950304,52.397811 4.950275,52.398434 4.94821,52.398523 4.947946,52.398645 4.94754,52.399137 4.94806,52.399142 4.948046,52.399206 4.948114,52.399202 4.948124,52.400147 4.94914,52.399838 4.949953,52.399616 4.950677,52.399356 4.951568)))";4.9428265;52.3969115;
44;"Park";"MULTIPOLYGON(((5.001408 52.310316,5.001468 52.310297,5.001502 52.31027,5.001526 52.310206,5.001523 52.310176,5.00143 52.309981,5.001415 52.309915,5.001413 52.309893,5.001467 52.30978,5.001934 52.309278,5.001931 52.30926,5.001974 52.30923,5.00428 52.306729,5.004297 52.30665,5.003981 52.305903,5.003942 52.305844,5.003885 52.305799,5.003665 52.305704,5.000231 52.304459,5.000154 52.304421,5.00011 52.304388,5.000013 52.304301,4.999946 52.304217,5.000049 52.30419,5.000508 52.304266,5.000509 52.304238,5.001395 52.302644,5.001395 52.302598,5.001579 52.302266,5.001743 52.302109,5.001712 52.30194,5.001359 52.301723,5.00046 52.301703,4.999887 52.301682,4.999881 52.301806,4.999568 52.301798,4.998236 52.301808,4.998145 52.301805,4.998147 52.301721,4.998141 52.301708,4.998089 52.301677,4.997262 52.301693,4.997036 52.301725,4.996582 52.301832,4.996397 52.301853,4.996057 52.301853,4.995888 52.301842,4.995664 52.301805,4.99536 52.301737,4.995118 52.301713,4.993019 52.301703,4.9929 52.301712,4.992752 52.301745,4.992657 52.301777,4.992398 52.301887,4.992248 52.30193,4.992102 52.301952,4.991851 52.301957,4.991669 52.301943,4.991454 52.301897,4.991374 52.301871,4.990804 52.301638,4.990683 52.301607,4.990517 52.301591,4.989951 52.301587,4.989461 52.301608,4.989341 52.301671,4.989296 52.301684,4.989211 52.30169,4.989127 52.301678,4.989002 52.301618,4.988916 52.301599,4.988317 52.301577,4.986214 52.30157,4.985887 52.301593,4.985538 52.301592,4.985237 52.301566,4.985023 52.301567,4.984908 52.301568,4.984142 52.301611,4.98359 52.30161,4.983204 52.301608,4.98262 52.301557,4.981028 52.301552,4.980668 52.301576,4.980382 52.301574,4.980083 52.301549,4.979964 52.301551,4.979958 52.30216,4.979929 52.302264,4.979869 52.30238,4.979858 52.302482,4.979871 52.302513,4.980255 52.30296,4.980261 52.302957,4.980362 52.303031,4.980525 52.303116,4.980633 52.30316,4.980752 52.303192,4.980882 52.303196,4.981168 52.303179,4.981249 52.303184,4.981306 52.303202,4.981319 52.303234,4.98131 52.303269,4.981248 52.303316,4.980928 52.303353,4.980844 52.303378,4.980772 52.30342,4.980735 52.30346,4.980712 52.303516,4.98075 52.303714,4.980715 52.303807,4.980734 52.303837,4.980542 52.303893,4.980398 52.303915,4.98036 52.30393,4.980312 52.303977,4.980297 52.303975,4.980278 52.303994,4.980279 52.304088,4.980302 52.304119,4.980356 52.304154,4.980439 52.304185,4.980691 52.304253,4.98103 52.304304,4.981329 52.304328,4.981575 52.304367,4.98183 52.304427,4.981936 52.304462,4.982024 52.304504,4.98206 52.304539,4.982104 52.304611,4.982113 52.304675,4.982099 52.304798,4.982029 52.304941,4.981848 52.305203,4.981812 52.305269,4.981817 52.305311,4.981847 52.305355,4.981897 52.305379,4.981954 52.305391,4.982073 52.305381,4.982123 52.305359,4.982153 52.305337,4.982205 52.305225,4.982241 52.305174,4.982747 52.30464,4.982995 52.304442,4.983094 52.304318,4.983117 52.30423,4.98311 52.304186,4.983082 52.304144,4.983009 52.304092,4.982956 52.304121,4.982925 52.304106,4.982897 52.304078,4.982819 52.304045,4.982811 52.304023,4.982822 52.303987,4.982921 52.303901,4.982936 52.303852,4.982937 52.303798,4.982896 52.303779,4.982864 52.303735,4.982886 52.303576,4.982919 52.303492,4.983204 52.303222,4.983349 52.30306,4.983414 52.303008,4.983615 52.302878,4.983824 52.302804,4.983906 52.302757,4.984002 52.302737,4.984143 52.302728,4.9855 52.302751,4.985608 52.302762,4.985661 52.302778,4.985728 52.302825,4.985758 52.302877,4.985746 52.302915,4.985709 52.30294,4.985648 52.302949,4.985148 52.302907,4.98516 52.302897,4.985062 52.302897,4.985027 52.302919,4.984967 52.302993,4.984967 52.303053,4.984996 52.303082,4.985019 52.303091,4.985296 52.303096,4.985353 52.303113,4.985464 52.303161,4.985524 52.303208,4.985633 52.303261,4.985711 52.303313,4.985782 52.303339,4.985858 52.303353,4.986046 52.303361,4.986152 52.303342,4.986238 52.303301,4.986437 52.303257,4.986568 52.303202,4.9866 52.303197,4.986735 52.303202,4.987001 52.303268,4.987061 52.303294,4.987109 52.303333,4.98714 52.303464,4.987125 52.303515,4.987053 52.303557,4.98692 52.303654,4.986797 52.303683,4.986742 52.30373,4.986722 52.303761,4.98675 52.30381,4.986819 52.303849,4.986856 52.303924,4.986873 52.303938,4.987006 52.303959,4.98706 52.303954,4.987112 52.303927,4.987205 52.303905,4.987305 52.303868,4.987352 52.303839,4.987438 52.303804,4.987517 52.303781,4.987573 52.303744,4.987612 52.303688,4.987647 52.303671,4.987693 52.303663,4.987724 52.303669,4.987989 52.303671,4.98841 52.303657,4.988793 52.303705,4.988981 52.303697,4.989084 52.303675,4.98948 52.30349,4.989517 52.303461,4.989527 52.303414,4.989647 52.303272,4.989723 52.303234,4.989765 52.303227,4.989871 52.303177,4.989889 52.303151,4.989951 52.303132,4.989995 52.303145,4.990016 52.303194,4.990059 52.303218,4.990134 52.303233,4.990204 52.303221,4.990303 52.303238,4.990458 52.30325,4.990539 52.303238,4.99066 52.303184,4.990704 52.303175,4.990861 52.303174,4.990979 52.303215,4.991021 52.303222,4.991124 52.3032,4.991332 52.303124,4.991391 52.303111,4.991492 52.303111,4.991598 52.303145,4.991872 52.30317,4.992019 52.30316,4.992225 52.303208,4.992336 52.303188,4.992455 52.303147,4.992501 52.303122,4.992554 52.303052,4.992668 52.303076,4.992653 52.303113,4.992702 52.303167,4.992797 52.303194,4.99285 52.303217,4.993358 52.303322,4.993513 52.303376,4.993602 52.303385,4.994738 52.303383,4.9971 52.303361,4.99727 52.30338,4.997368 52.303406,4.997536 52.303481,4.997672 52.303568,4.997736 52.303629,4.997784 52.303695,4.997871 52.303877,4.997804 52.303892,4.997877 52.304025,4.997869 52.304027,4.997876 52.304039,4.997651 52.304081,4.99762 52.304079,4.997551 52.3041,4.997386 52.304191,4.997292 52.304233,4.997041 52.304303,4.996959 52.304316,4.996873 52.304316,4.996735 52.304292,4.996195 52.304128,4.995773 52.303978,4.994318 52.303501,4.994209 52.303503,4.994196 52.303494,4.994118 52.303494,4.994133 52.303504,4.994017 52.303506,4.993957 52.303552,4.993936 52.303615,4.993956 52.303644,4.994135 52.303759,4.994191 52.303764,4.994423 52.303744,4.994583 52.303745,4.994835 52.303856,4.994921 52.303927,4.995004 52.30396,4.995093 52.304015,4.99519 52.304054,4.995264 52.304095,4.995489 52.30416,4.995636 52.304188,4.995759 52.304196,4.99608 52.30439,4.996213 52.304446,4.996375 52.304507,4.996552 52.304513,4.99665 52.304539,4.996773 52.304621,4.996894 52.304659,4.997174 52.304632,4.997377 52.304676,4.997431 52.304672,4.997522 52.304648,4.997718 52.304562,4.997763 52.304523,4.997811 52.304338,4.997706 52.304221,4.997694 52.30419,4.997698 52.304146,4.997735 52.304094,4.997893 52.304067,4.99796 52.304196,4.998027 52.304181,4.998125 52.304394,4.998818 52.304632,4.998788 52.304665,4.998901 52.304702,4.998927 52.304671,5.002089 52.305754,5.002061 52.305788,5.00218 52.305827,5.002234 52.305769,5.002379 52.305819,5.002366 52.305847,5.00255 52.305963,5.002576 52.30596,5.002713 52.305823,5.002768 52.305841,5.002766 52.305886,5.002794 52.305955,5.002818 52.305969,5.002775 52.305983,5.002728 52.305975,5.002694 52.305997,5.002709 52.306015,5.002794 52.306046,5.003037 52.306171,5.003097 52.306226,5.003213 52.30642,5.003293 52.306493,5.003417 52.306561,5.003447 52.306593,5.003454 52.30662,5.003433 52.306677,5.003366 52.306807,5.003143 52.307,5.003156 52.30701,5.003358 52.307061,5.003367 52.307083,5.00335 52.307096,5.003289 52.307102,5.003102 52.307053,5.003085 52.307055,5.003057 52.30708,5.002686 52.307493,5.002504 52.30771,5.0025 52.307736,5.00209 52.308152,5.001993 52.308277,5.001842 52.308429,5.001777 52.30852,5.001722 52.308569,5.001672 52.308649,5.001674 52.308676,5.001643 52.308701,5.001609 52.308715,5.001609 52.308731,5.001592 52.308744,5.00162 52.308794,5.001699 52.30881,5.001736 52.308796,5.001838 52.308852,5.001837 52.309048,5.001886 52.309106,5.001886 52.309125,5.00182 52.309144,5.001748 52.309147,5.001707 52.309127,5.001666 52.309072,5.001618 52.309028,5.001541 52.308993,5.001459 52.308982,5.001211 52.308982,5.001009 52.308962,5.000462 52.308792,5.000427 52.308792,5.000408 52.308801,5.000295 52.308914,5.000234 52.308924,5.000186 52.308983,5.000413 52.30906,5.000478 52.309096,5.000656 52.309208,5.000854 52.309375,5.000902 52.309447,5.000902 52.309494,5.00088 52.309572,5.000896 52.309599,5.000921 52.309611,5.001351 52.309642,5.001378 52.30963,5.001614 52.309374,5.001604 52.309346,5.001573 52.309316,5.001573 52.309302,5.001584 52.309291,5.001629 52.309289,5.00167 52.309297,5.001686 52.309361,5.001675 52.309393,5.00145 52.309649,5.001412 52.309677,5.001316 52.309693,5.000992 52.309685,5.000913 52.309693,5.000897 52.309713,5.000902 52.309771,5.000886 52.309788,5.000909 52.309843,5.000957 52.309882,5.000852 52.309926,5.000809 52.309887,5.000479 52.309836,5.000383 52.309827,5.000266 52.309854,5.000287 52.309791,5.000273 52.309751,5.000155 52.309667,4.999982 52.309507,4.999918 52.309427,4.999861 52.309291,4.999857 52.309232,4.999868 52.309178,4.999908 52.3091,5.000123 52.308846,5.000127 52.308822,5.000093 52.308744,4.999731 52.308583,4.999658 52.308536,4.999132 52.308345,4.999016 52.308255,4.99878 52.30826,4.998792 52.308289,4.998772 52.308324,4.998698 52.308314,4.997832 52.308667,4.997797 52.30884,4.997806 52.309007,4.997823 52.309031,4.997947 52.309127,4.997927 52.309139,4.997878 52.30915,4.997819 52.30915,4.997744 52.309101,4.997644 52.309054,4.997504 52.309033,4.997491 52.308998,4.997397 52.308951,4.997372 52.308952,4.997257 52.309035,4.997248 52.309081,4.997197 52.309108,4.996886 52.309101,4.996683 52.30918,4.99678 52.309275,4.996961 52.309358,4.997017 52.309362,4.996961 52.309396,4.99708 52.309499,4.997125 52.309563,4.997135 52.309616,4.997189 52.30967,4.997244 52.309687,4.997275 52.309682,4.997224 52.309659,4.997214 52.309635,4.997217 52.309606,4.997241 52.309587,4.997311 52.309581,4.997361 52.309604,4.997395 52.309752,4.997322 52.30985,4.997232 52.309891,4.997156 52.309895,4.997087 52.309884,4.996741 52.309791,4.996653 52.309782,4.996368 52.309794,4.996321 52.309814,4.996229 52.309902,4.996145 52.309873,4.996207 52.309804,4.996213 52.309778,4.996201 52.309741,4.99591 52.309552,4.995723 52.309487,4.995645 52.309474,4.995295 52.309444,4.995236 52.309428,4.995161 52.309371,4.994954 52.309157,4.994914 52.309094,4.994911 52.309066,4.994922 52.309033,4.99495 52.309008,4.995128 52.308898,4.995149 52.308722,4.995169 52.308714,4.995044 52.308663,4.994977 52.308648,4.994872 52.308635,4.994783 52.308605,4.994742 52.308576,4.994766 52.308563,4.994455 52.308384,4.994218 52.308467,4.994214 52.30848,4.994174 52.308484,4.994048 52.308522,4.993849 52.308662,4.99347 52.30879,4.993415 52.308827,4.993348 52.308897,4.993265 52.308871,4.993391 52.308711,4.993413 52.308631,4.993357 52.308589,4.993218 52.308534,4.992982 52.308507,4.99267 52.308425,4.992426 52.308335,4.992229 52.30821,4.992086 52.308062,4.992057 52.307999,4.992027 52.307788,4.991996 52.307702,4.992044 52.30766,4.992195 52.307604,4.99225 52.30755,4.99225 52.307512,4.992229 52.30748,4.992107 52.307345,4.992096 52.307255,4.992134 52.307191,4.992349 52.306977,4.992376 52.306917,4.99236 52.306875,4.992328 52.306846,4.992286 52.306829,4.992163 52.306819,4.991958 52.306691,4.991953 52.306665,4.992002 52.306587,4.992002 52.306564,4.991928 52.306502,4.991891 52.306483,4.991858 52.306479,4.991576 52.306533,4.991411 52.306547,4.990317 52.306477,4.990252 52.30649,4.990102 52.306554,4.990036 52.306571,4.989992 52.306577,4.989613 52.306566,4.989561 52.306572,4.989386 52.306637,4.989364 52.306638,4.989324 52.306603,4.989319 52.306573,4.989363 52.306502,4.98937 52.306463,4.989335 52.306442,4.989288 52.306426,4.989186 52.306447,4.98883 52.306452,4.988546 52.306441,4.988469 52.306445,4.988381 52.306461,4.988244 52.306429,4.988084 52.306416,4.987912 52.306467,4.987749 52.306479,4.987735 52.306461,4.987692 52.306455,4.987634 52.306461,4.9875 52.306489,4.987441 52.30651,4.98737 52.306545,4.987274 52.306621,4.987142 52.306663,4.987102 52.306692,4.987089 52.306714,4.987121 52.306743,4.987131 52.306847,4.987136 52.306857,4.987157 52.306855,4.98722 52.306779,4.987355 52.306665,4.987393 52.306617,4.987441 52.306582,4.987464 52.306587,4.987459 52.306607,4.987434 52.306622,4.987409 52.306659,4.987171 52.306881,4.987143 52.306933,4.987183 52.306961,4.987256 52.306963,4.987321 52.306953,4.98738 52.30688,4.987434 52.306776,4.987508 52.306707,4.987567 52.30667,4.98762 52.306645,4.987725 52.306612,4.987861 52.306594,4.987965 52.306593,4.988113 52.306608,4.988238 52.306644,4.98834 52.306697,4.988383 52.30673,4.988434 52.306782,4.988472 52.30684,4.98849 52.306922,4.988472 52.307004,4.988418 52.307083,4.98834 52.307147,4.988234 52.307212,4.988122 52.307253,4.987953 52.307279,4.987918 52.307314,4.987907 52.307376,4.987975 52.307437,4.987908 52.307477,4.98777 52.307389,4.987617 52.307321,4.987472 52.30729,4.987378 52.307228,4.987269 52.307188,4.987114 52.307204,4.98702 52.307221,4.986825 52.307205,4.986629 52.307335,4.986605 52.30733,4.986517 52.307375,4.986344 52.307497,4.9863 52.307519,4.986181 52.307555,4.986077 52.307563,4.985964 52.30755,4.985848 52.307517,4.985074 52.307268,4.984381 52.307031,4.983574 52.306734,4.983573 52.306701,4.983528 52.306668,4.983466 52.306665,4.983415 52.306688,4.983076 52.306644,4.983038 52.306618,4.983052 52.306533,4.983049 52.306517,4.98303 52.306505,4.982996 52.306506,4.982946 52.306592,4.982918 52.306607,4.982883 52.30661,4.982819 52.306592,4.982803 52.306576,4.982728 52.306547,4.982674 52.306514,4.98253 52.30651,4.982494 52.306495,4.982477 52.306475,4.982573 52.306383,4.982598 52.306335,4.982573 52.306325,4.982547 52.306325,4.982485 52.306389,4.982438 52.306407,4.982297 52.306401,4.982188 52.306362,4.982183 52.306339,4.982251 52.30627,4.98225 52.306256,4.982208 52.306254,4.982132 52.3063,4.982075 52.306298,4.981997 52.306239,4.98196 52.306194,4.981898 52.306065,4.98188 52.306051,4.981865 52.306051,4.98181 52.306119,4.981748 52.306172,4.981668 52.306211,4.981576 52.306245,4.981483 52.306263,4.981385 52.306271,4.981187 52.306275,4.98095 52.306248,4.980755 52.306198,4.98052 52.306124,4.980279 52.30601,4.980063 52.305884,4.979962 52.30581,4.979757 52.305625,4.97964 52.305483,4.979448 52.305092,4.97938 52.305021,4.979336 52.305001,4.979245 52.304986,4.979201 52.304935,4.97914 52.304787,4.979183 52.304762,4.979232 52.304702,4.979246 52.304665,4.979236 52.304621,4.979139 52.304414,4.979117 52.304316,4.97913 52.304197,4.979182 52.304105,4.979244 52.304044,4.97931 52.303997,4.979369 52.303967,4.979455 52.303941,4.979574 52.303925,4.979662 52.303925,4.979843 52.303959,4.979872 52.303975,4.979882 52.303996,4.979855 52.304079,4.979659 52.30417,4.9796 52.304204,4.979565 52.304235,4.979527 52.304322,4.979519 52.304392,4.979532 52.304489,4.979555 52.304563,4.979601 52.304651,4.979652 52.304716,4.979693 52.304748,4.979749 52.304772,4.979805 52.304782,4.97995 52.304789,4.979941 52.304892,4.979741 52.304898,4.979504 52.304942,4.979708 52.305399,4.97975 52.30547,4.979858 52.305594,4.980158 52.305479,4.980275 52.305584,4.980383 52.305659,4.980596 52.305764,4.980703 52.305806,4.980925 52.305867,4.981222 52.305912,4.981272 52.305807,4.981106 52.305789,4.981177 52.305556,4.980997 52.305514,4.980847 52.305729,4.980663 52.30566,4.980857 52.305458,4.98071 52.305378,4.980444 52.305539,4.980329 52.305445,4.980321 52.30543,4.980626 52.305285,4.980568 52.305207,4.980695 52.305052,4.980221 52.304913,4.980115 52.304893,4.980034 52.30489,4.980035 52.304792,4.980105 52.304796,4.980115 52.304705,4.980191 52.304712,4.98018 52.3048,4.980265 52.304805,4.980759 52.304957,4.980852 52.304849,4.980835 52.304842,4.980927 52.304737,4.980728 52.304667,4.980901 52.304464,4.980654 52.304376,4.980535 52.304336,4.98049 52.304379,4.980476 52.30448,4.980176 52.304473,4.98016 52.304401,4.980165 52.304346,4.980192 52.304285,4.980239 52.304237,4.980175 52.304209,4.98014 52.304174,4.980125 52.304019,4.9802 52.303914,4.980323 52.303769,4.980384 52.303648,4.980403 52.30352,4.980379 52.303385,4.980333 52.303287,4.980188 52.303098,4.980227 52.303087,4.98001 52.302863,4.979733 52.302541,4.979694 52.302444,4.979698 52.302371,4.979638 52.302377,4.97961 52.302389,4.979561 52.302461,4.979563 52.302319,4.979719 52.302313,4.979802 52.30213,4.97975 52.302117,4.979693 52.302129,4.979669 52.302151,4.979674 52.302188,4.979638 52.302167,4.979558 52.302161,4.979537 52.302133,4.979546 52.302102,4.979586 52.302079,4.979627 52.302074,4.979703 52.302086,4.97974 52.302079,4.979767 52.302063,4.979821 52.302001,4.979866 52.301887,4.97987 52.301685,4.979861 52.301644,4.979822 52.301613,4.979821 52.301553,4.979365 52.301556,4.979201 52.301588,4.979041 52.301605,4.978985 52.301618,4.97893 52.301642,4.978887 52.301715,4.97889 52.301751,4.979057 52.302074,4.979103 52.302183,4.979106 52.302285,4.979074 52.302396,4.979045 52.302458,4.978996 52.302519,4.978922 52.302571,4.978135 52.302863,4.978011 52.302918,4.97761 52.303163,4.977443 52.30328,4.976592 52.302887,4.976277 52.302725,4.976126 52.302621,4.975941 52.30247,4.976012 52.302404,4.976306 52.302223,4.976553 52.302034,4.976803 52.301803,4.976858 52.301733,4.976918 52.301627,4.976933 52.301589,4.976833 52.300796,4.976829 52.300591,4.976843 52.300506,4.976924 52.300324,4.97703 52.300187,4.976982 52.300171,4.977025 52.300126,4.976176 52.299862,4.974241 52.2992,4.9742 52.299226,4.974112 52.299323,4.973952 52.29942,4.974048 52.299647,4.974362 52.300292,4.974263 52.300436,4.974105 52.300608,4.973733 52.300889,4.973395 52.300993,4.973392 52.30109,4.973266 52.301243,4.973289 52.301643,4.973316 52.301701,4.973389 52.301791,4.973444 52.301835,4.973527 52.301884,4.974044 52.302072,4.974163 52.302108,4.974315 52.302135,4.974672 52.302157,4.974804 52.302173,4.97492 52.302205,4.974991 52.302235,4.975391 52.302455,4.97541 52.302488,4.975425 52.302613,4.975605 52.302798,4.975616 52.302833,4.975613 52.30289,4.975592 52.302945,4.975535 52.303036,4.97531 52.303305,4.975229 52.303384,4.975091 52.303491,4.975015 52.303512,4.974905 52.303506,4.974633 52.303523,4.974554 52.303536,4.974459 52.303569,4.97434 52.303653,4.974198 52.3038,4.974098 52.304008,4.973978 52.304141,4.973839 52.304247,4.973713 52.304319,4.973666 52.304364,4.973632 52.304431,4.973621 52.304543,4.973573 52.304624,4.973492 52.304694,4.97328 52.304791,4.973077 52.304915,4.973039 52.304953,4.973007 52.30501,4.973 52.305058,4.97301 52.305101,4.973047 52.305163,4.97309 52.305202,4.97317 52.305248,4.973242 52.305276,4.974786 52.305807,4.974884 52.30583,4.975027 52.30589,4.975219 52.305955,4.975145 52.306031,4.975319 52.30609,4.975383 52.306018,4.975402 52.306011,4.975475 52.306007,4.97552 52.305989,4.97562 52.305898,4.975692 52.305852,4.975797 52.305817,4.976182 52.305712,4.976244 52.305684,4.976291 52.305647,4.976413 52.305512,4.976504 52.305467,4.976771 52.305389,4.976801 52.305375,4.977008 52.305169,4.977213 52.305032,4.977338 52.304974,4.977451 52.304949,4.977533 52.304955,4.977646 52.305001,4.977836 52.305117,4.977923 52.305136,4.978057 52.305142,4.978155 52.305119,4.978207 52.3051,4.978323 52.305005,4.978338 52.305,4.978371 52.305035,4.97856 52.30497,4.978581 52.304992,4.978895 52.304883,4.978982 52.305012,4.979022 52.305035,4.979036 52.305164,4.979087 52.305286,4.97917 52.305395,4.979246 52.30554,4.979353 52.305696,4.979499 52.305852,4.97962 52.305949,4.979783 52.30605,4.979745 52.306071,4.979931 52.306163,4.9799 52.306198,4.980026 52.306243,4.980055 52.306216,4.98018 52.30626,4.980153 52.306289,4.980514 52.306412,4.980397 52.306544,4.980432 52.306556,4.980325 52.306674,4.980307 52.306771,4.98033 52.306772,4.980397 52.306689,4.980489 52.306745,4.9811 52.306954,4.981236 52.307043,4.981356 52.307159,4.981442 52.307213,4.981517 52.307248,4.981699 52.30731,4.982058 52.307368,4.982262 52.307378,4.982584 52.307372,4.983177 52.307329,4.983663 52.307268,4.98382 52.307284,4.983995 52.30727,4.984247 52.307296,4.98557 52.307712,4.985619 52.307755,4.985654 52.307839,4.985716 52.307879,4.985785 52.307907,4.985859 52.307925,4.986122 52.307961,4.986189 52.307961,4.986293 52.307945,4.986346 52.307945,4.986584 52.308026,4.986535 52.308118,4.986298 52.30838,4.986292 52.308405,4.986306 52.308433,4.986583 52.308531,4.986658 52.308448,4.98707 52.308591,4.985827 52.309953,4.985275 52.310436,4.985189 52.310529,4.98536 52.310588,4.985918 52.310492,4.98596 52.310444,4.986038 52.310465,4.98628 52.310943,4.986706 52.311105,4.98693 52.311351,4.988047 52.311736,4.988096 52.311777,4.98826 52.311779,4.98842 52.311763,4.988505 52.311776,4.988805 52.311722,4.989195 52.311668,4.989218 52.311729,4.989308 52.311714,4.989454 52.311979,4.990667 52.312594,4.990506 52.31275,4.990492 52.312787,4.990517 52.312831,4.990725 52.312971,4.990764 52.313015,4.990774 52.313059,4.990722 52.313154,4.990749 52.313215,4.99129 52.31348,4.991623 52.313755,4.992077 52.314164,4.992585 52.314536,4.992613 52.31457,4.992785 52.314671,4.9928 52.314664,4.993005 52.314812,4.993031 52.314861,4.993069 52.314897,4.993257 52.314997,4.993509 52.315101,4.993797 52.315194,4.994142 52.315274,4.994457 52.315321,4.99473 52.315339,4.995158 52.315342,4.995244 52.315321,4.995302 52.315315,4.995353 52.315263,4.995379 52.315199,4.995321 52.314947,4.995304 52.314838,4.995303 52.31471,4.995322 52.314533,4.995359 52.314358,4.995416 52.314206,4.99548 52.31406,4.995615 52.313856,4.995712 52.31374,4.995809 52.313644,4.996031 52.313455,4.996338 52.313229,5.000671 52.31073,5.000883 52.310576,5.001025 52.310499,5.001408 52.310316),(4.974941 52.300273,4.974947 52.30023,4.974923 52.300127,4.974932 52.300101,4.975217 52.299875,4.975254 52.299865,4.975296 52.299869,4.97591 52.30008,4.975923 52.300098,4.975916 52.300122,4.975498 52.300543,4.9755 52.300559,4.975521 52.300568,4.975403 52.300676,4.97541 52.300695,4.975599 52.300761,4.97561 52.300805,4.975582 52.300853,4.9754 52.301044,4.975367 52.301056,4.975316 52.301059,4.974978 52.300983,4.974531 52.300821,4.974506 52.300802,4.974501 52.300778,4.974941 52.300273)),((4.983907 52.303505,4.9839 52.30347,4.983878 52.303443,4.983839 52.303419,4.983793 52.303406,4.983733 52.303405,4.983644 52.303438,4.983459 52.303618,4.983411 52.303686,4.983343 52.303752,4.983202 52.303842,4.98316 52.303894,4.98314 52.303954,4.983159 52.303999,4.983226 52.304036,4.98327 52.30405,4.983321 52.30405,4.983368 52.304035,4.983392 52.304019,4.983846 52.303597,4.983889 52.303545,4.983907 52.303505)),((4.984773 52.303075,4.984695 52.302956,4.984629 52.302929,4.984614 52.302929,4.98458 52.30295,4.984586 52.302964,4.984373 52.302985,4.984301 52.303013,4.984108 52.30317,4.984071 52.303165,4.984055 52.303175,4.984039 52.303198,4.984059 52.303244,4.98414 52.303306,4.98419 52.303317,4.984243 52.303312,4.984288 52.303292,4.984445 52.303156,4.984486 52.303135,4.984538 52.303122,4.98473 52.303096,4.984763 52.303087,4.984773 52.303075)),((4.988305 52.306943,4.98829 52.306859,4.988261 52.306817,4.988219 52.306779,4.988157 52.306743,4.988093 52.30672,4.988023 52.306704,4.98795 52.306698,4.98788 52.3067,4.987796 52.306714,4.987722 52.306739,4.987656 52.306776,4.987605 52.306822,4.987576 52.306874,4.987566 52.306929,4.987579 52.306984,4.987612 52.307035,4.987667 52.307081,4.987733 52.307115,4.987814 52.30714,4.987902 52.307152,4.987993 52.307151,4.988079 52.307137,4.988157 52.30711,4.988208 52.307081,4.988256 52.307041,4.98829 52.306994,4.988305 52.306943)),((4.993915 52.308215,4.993865 52.30812,4.99382 52.308059,4.99373 52.307984,4.993644 52.307935,4.99361 52.307935,4.993589 52.307946,4.993631 52.30805,4.993628 52.308068,4.993552 52.30815,4.993539 52.308178,4.993474 52.308186,4.993429 52.30814,4.993328 52.307958,4.993317 52.307898,4.993332 52.30783,4.993442 52.307691,4.993743 52.307362,4.993749 52.307328,4.993725 52.307295,4.993685 52.30728,4.993608 52.30721,4.993527 52.307184,4.993448 52.30718,4.993416 52.307185,4.993166 52.307249,4.993124 52.307243,4.993088 52.307228,4.993049 52.307182,4.993057 52.307143,4.993113 52.307103,4.993479 52.307003,4.993574 52.307001,4.993642 52.306978,4.993606 52.306891,4.993661 52.306707,4.993576 52.306625,4.99349 52.306608,4.993183 52.306521,4.993039 52.3064,4.993005 52.306385,4.992806 52.306368,4.992665 52.306367,4.992606 52.306387,4.992481 52.306459,4.992444 52.30651,4.992444 52.306542,4.992583 52.306856,4.99258 52.306872,4.992271 52.307156,4.992277 52.30719,4.992343 52.307267,4.992443 52.307313,4.992504 52.307309,4.992629 52.307268,4.992741 52.30726,4.992914 52.307263,4.992949 52.307273,4.992981 52.307295,4.992988 52.307341,4.992958 52.307378,4.992901 52.307398,4.992736 52.30743,4.992704 52.307443,4.992676 52.307473,4.992675 52.307529,4.992711 52.307602,4.992832 52.307717,4.992872 52.307806,4.992865 52.307827,4.992635 52.307974,4.992548 52.307978,4.992487 52.30797,4.992422 52.307937,4.99237 52.30789,4.992332 52.307882,4.992282 52.307901,4.992226 52.307977,4.992244 52.308045,4.992318 52.308129,4.992534 52.308259,4.992632 52.308282,4.992669 52.308282,4.992751 52.308244,4.992814 52.308242,4.992889 52.308273,4.992979 52.308327,4.993083 52.30843,4.993253 52.308484,4.993448 52.308532,4.993515 52.30857,4.993559 52.308608,4.993607 52.308623,4.993732 52.308616,4.993796 52.30858,4.993827 52.308549,4.993855 52.308469,4.993836 52.308376,4.993878 52.308332,4.993912 52.308277,4.993915 52.308215)),((4.99713 52.309741,4.997118 52.309722,4.997038 52.30968,4.997008 52.309555,4.996973 52.309505,4.996901 52.309435,4.996895 52.309438,4.996835 52.309396,4.99676 52.309403,4.996771 52.309369,4.996765 52.309347,4.996467 52.309231,4.996377 52.309212,4.996315 52.309208,4.996275 52.309215,4.99625 52.309228,4.996238 52.309261,4.996216 52.309245,4.996147 52.309268,4.996054 52.309281,4.995985 52.309281,4.995935 52.309306,4.995919 52.309286,4.995924 52.309253,4.995958 52.309231,4.996111 52.309216,4.996169 52.309198,4.996189 52.309175,4.996189 52.309154,4.995591 52.308916,4.995547 52.308906,4.995452 52.308925,4.995441 52.308958,4.995389 52.30891,4.995327 52.308902,4.995228 52.30891,4.995197 52.308932,4.99518 52.308998,4.995155 52.309015,4.995062 52.309039,4.995053 52.309085,4.995106 52.309112,4.99521 52.309126,4.995378 52.30912,4.995431 52.309139,4.995464 52.309192,4.995449 52.309216,4.995328 52.309231,4.99523 52.309259,4.995202 52.309284,4.995237 52.309352,4.995279 52.309391,4.995606 52.3094,4.995726 52.309382,4.995866 52.309393,4.995918 52.309385,4.995923 52.30937,4.995932 52.309395,4.995951 52.30941,4.996024 52.309446,4.99608 52.309492,4.996119 52.309555,4.996174 52.309558,4.996113 52.309568,4.996125 52.309589,4.996226 52.309664,4.996315 52.309697,4.996398 52.309706,4.996624 52.309702,4.996638 52.309715,4.996738 52.30971,4.996971 52.309749,4.997056 52.309751,4.99713 52.309741)),((4.97522 52.302874,4.975217 52.302842,4.975127 52.302732,4.974972 52.302576,4.974927 52.302544,4.974842 52.302513,4.97462 52.302476,4.974541 52.302454,4.974417 52.302391,4.974284 52.302273,4.974214 52.302232,4.973693 52.302045,4.973523 52.302011,4.973365 52.302018,4.973272 52.302039,4.973197 52.30207,4.973128 52.302113,4.973068 52.302166,4.973013 52.30224,4.972971 52.302278,4.972862 52.302327,4.972011 52.302478,4.971946 52.302471,4.971909 52.302474,4.971843 52.302492,4.971797 52.302516,4.971389 52.302594,4.971306 52.302631,4.971249 52.302677,4.971094 52.302848,4.971071 52.302918,4.971249 52.303302,4.971248 52.30338,4.971273 52.303423,4.971323 52.303462,4.971402 52.303588,4.97148 52.303681,4.971533 52.303736,4.971673 52.303844,4.9717 52.303832,4.971764 52.303879,4.971734 52.303894,4.971843 52.304024,4.971874 52.304045,4.971951 52.304075,4.971999 52.304084,4.972049 52.304082,4.972486 52.303982,4.972575 52.303995,4.972617 52.30402,4.97264 52.304052,4.97264 52.304091,4.972621 52.304123,4.972286 52.304505,4.972252 52.304518,4.972214 52.304522,4.971907 52.304523,4.971859 52.304533,4.971809 52.30456,4.971801 52.304588,4.971915 52.304788,4.971964 52.30483,4.972232 52.304924,4.972282 52.30493,4.972358 52.304914,4.972449 52.304918,4.972647 52.304945,4.972761 52.304992,4.972821 52.304988,4.972858 52.304935,4.973039 52.304817,4.973089 52.304802,4.973205 52.304723,4.973405 52.304612,4.973507 52.304525,4.97349 52.304438,4.973435 52.304338,4.973393 52.304295,4.973333 52.304267,4.973277 52.304274,4.97322 52.304295,4.973159 52.304261,4.973114 52.304219,4.973094 52.30418,4.973101 52.304135,4.973141 52.304119,4.97353 52.304118,4.97365 52.304096,4.973784 52.304042,4.973923 52.303943,4.974062 52.303788,4.974123 52.303694,4.974174 52.303542,4.974211 52.303499,4.974259 52.303464,4.974349 52.303423,4.974453 52.303394,4.97485 52.303363,4.974925 52.303342,4.97499 52.303307,4.9751 52.303182,4.975106 52.303165,4.975085 52.303139,4.975039 52.303129,4.974979 52.303136,4.97483 52.303206,4.974792 52.303214,4.974723 52.303201,4.974701 52.303178,4.974703 52.303161,4.974923 52.30297,4.974961 52.302958,4.975143 52.302938,4.975189 52.302917,4.97522 52.302874)))";"MULTIPOLYGON(((52.310316 5.001408,52.310297 5.001468,52.31027 5.001502,52.310206 5.001526,52.310176 5.001523,52.309981 5.00143,52.309915 5.001415,52.309893 5.001413,52.30978 5.001467,52.309278 5.001934,52.30926 5.001931,52.30923 5.001974,52.306729 5.00428,52.30665 5.004297,52.305903 5.003981,52.305844 5.003942,52.305799 5.003885,52.305704 5.003665,52.304459 5.000231,52.304421 5.000154,52.304388 5.00011,52.304301 5.000013,52.304217 4.999946,52.30419 5.000049,52.304266 5.000508,52.304238 5.000509,52.302644 5.001395,52.302598 5.001395,52.302266 5.001579,52.302109 5.001743,52.30194 5.001712,52.301723 5.001359,52.301703 5.00046,52.301682 4.999887,52.301806 4.999881,52.301798 4.999568,52.301808 4.998236,52.301805 4.998145,52.301721 4.998147,52.301708 4.998141,52.301677 4.998089,52.301693 4.997262,52.301725 4.997036,52.301832 4.996582,52.301853 4.996397,52.301853 4.996057,52.301842 4.995888,52.301805 4.995664,52.301737 4.99536,52.301713 4.995118,52.301703 4.993019,52.301712 4.9929,52.301745 4.992752,52.301777 4.992657,52.301887 4.992398,52.30193 4.992248,52.301952 4.992102,52.301957 4.991851,52.301943 4.991669,52.301897 4.991454,52.301871 4.991374,52.301638 4.990804,52.301607 4.990683,52.301591 4.990517,52.301587 4.989951,52.301608 4.989461,52.301671 4.989341,52.301684 4.989296,52.30169 4.989211,52.301678 4.989127,52.301618 4.989002,52.301599 4.988916,52.301577 4.988317,52.30157 4.986214,52.301593 4.985887,52.301592 4.985538,52.301566 4.985237,52.301567 4.985023,52.301568 4.984908,52.301611 4.984142,52.30161 4.98359,52.301608 4.983204,52.301557 4.98262,52.301552 4.981028,52.301576 4.980668,52.301574 4.980382,52.301549 4.980083,52.301551 4.979964,52.30216 4.979958,52.302264 4.979929,52.30238 4.979869,52.302482 4.979858,52.302513 4.979871,52.30296 4.980255,52.302957 4.980261,52.303031 4.980362,52.303116 4.980525,52.30316 4.980633,52.303192 4.980752,52.303196 4.980882,52.303179 4.981168,52.303184 4.981249,52.303202 4.981306,52.303234 4.981319,52.303269 4.98131,52.303316 4.981248,52.303353 4.980928,52.303378 4.980844,52.30342 4.980772,52.30346 4.980735,52.303516 4.980712,52.303714 4.98075,52.303807 4.980715,52.303837 4.980734,52.303893 4.980542,52.303915 4.980398,52.30393 4.98036,52.303977 4.980312,52.303975 4.980297,52.303994 4.980278,52.304088 4.980279,52.304119 4.980302,52.304154 4.980356,52.304185 4.980439,52.304253 4.980691,52.304304 4.98103,52.304328 4.981329,52.304367 4.981575,52.304427 4.98183,52.304462 4.981936,52.304504 4.982024,52.304539 4.98206,52.304611 4.982104,52.304675 4.982113,52.304798 4.982099,52.304941 4.982029,52.305203 4.981848,52.305269 4.981812,52.305311 4.981817,52.305355 4.981847,52.305379 4.981897,52.305391 4.981954,52.305381 4.982073,52.305359 4.982123,52.305337 4.982153,52.305225 4.982205,52.305174 4.982241,52.30464 4.982747,52.304442 4.982995,52.304318 4.983094,52.30423 4.983117,52.304186 4.98311,52.304144 4.983082,52.304092 4.983009,52.304121 4.982956,52.304106 4.982925,52.304078 4.982897,52.304045 4.982819,52.304023 4.982811,52.303987 4.982822,52.303901 4.982921,52.303852 4.982936,52.303798 4.982937,52.303779 4.982896,52.303735 4.982864,52.303576 4.982886,52.303492 4.982919,52.303222 4.983204,52.30306 4.983349,52.303008 4.983414,52.302878 4.983615,52.302804 4.983824,52.302757 4.983906,52.302737 4.984002,52.302728 4.984143,52.302751 4.9855,52.302762 4.985608,52.302778 4.985661,52.302825 4.985728,52.302877 4.985758,52.302915 4.985746,52.30294 4.985709,52.302949 4.985648,52.302907 4.985148,52.302897 4.98516,52.302897 4.985062,52.302919 4.985027,52.302993 4.984967,52.303053 4.984967,52.303082 4.984996,52.303091 4.985019,52.303096 4.985296,52.303113 4.985353,52.303161 4.985464,52.303208 4.985524,52.303261 4.985633,52.303313 4.985711,52.303339 4.985782,52.303353 4.985858,52.303361 4.986046,52.303342 4.986152,52.303301 4.986238,52.303257 4.986437,52.303202 4.986568,52.303197 4.9866,52.303202 4.986735,52.303268 4.987001,52.303294 4.987061,52.303333 4.987109,52.303464 4.98714,52.303515 4.987125,52.303557 4.987053,52.303654 4.98692,52.303683 4.986797,52.30373 4.986742,52.303761 4.986722,52.30381 4.98675,52.303849 4.986819,52.303924 4.986856,52.303938 4.986873,52.303959 4.987006,52.303954 4.98706,52.303927 4.987112,52.303905 4.987205,52.303868 4.987305,52.303839 4.987352,52.303804 4.987438,52.303781 4.987517,52.303744 4.987573,52.303688 4.987612,52.303671 4.987647,52.303663 4.987693,52.303669 4.987724,52.303671 4.987989,52.303657 4.98841,52.303705 4.988793,52.303697 4.988981,52.303675 4.989084,52.30349 4.98948,52.303461 4.989517,52.303414 4.989527,52.303272 4.989647,52.303234 4.989723,52.303227 4.989765,52.303177 4.989871,52.303151 4.989889,52.303132 4.989951,52.303145 4.989995,52.303194 4.990016,52.303218 4.990059,52.303233 4.990134,52.303221 4.990204,52.303238 4.990303,52.30325 4.990458,52.303238 4.990539,52.303184 4.99066,52.303175 4.990704,52.303174 4.990861,52.303215 4.990979,52.303222 4.991021,52.3032 4.991124,52.303124 4.991332,52.303111 4.991391,52.303111 4.991492,52.303145 4.991598,52.30317 4.991872,52.30316 4.992019,52.303208 4.992225,52.303188 4.992336,52.303147 4.992455,52.303122 4.992501,52.303052 4.992554,52.303076 4.992668,52.303113 4.992653,52.303167 4.992702,52.303194 4.992797,52.303217 4.99285,52.303322 4.993358,52.303376 4.993513,52.303385 4.993602,52.303383 4.994738,52.303361 4.9971,52.30338 4.99727,52.303406 4.997368,52.303481 4.997536,52.303568 4.997672,52.303629 4.997736,52.303695 4.997784,52.303877 4.997871,52.303892 4.997804,52.304025 4.997877,52.304027 4.997869,52.304039 4.997876,52.304081 4.997651,52.304079 4.99762,52.3041 4.997551,52.304191 4.997386,52.304233 4.997292,52.304303 4.997041,52.304316 4.996959,52.304316 4.996873,52.304292 4.996735,52.304128 4.996195,52.303978 4.995773,52.303501 4.994318,52.303503 4.994209,52.303494 4.994196,52.303494 4.994118,52.303504 4.994133,52.303506 4.994017,52.303552 4.993957,52.303615 4.993936,52.303644 4.993956,52.303759 4.994135,52.303764 4.994191,52.303744 4.994423,52.303745 4.994583,52.303856 4.994835,52.303927 4.994921,52.30396 4.995004,52.304015 4.995093,52.304054 4.99519,52.304095 4.995264,52.30416 4.995489,52.304188 4.995636,52.304196 4.995759,52.30439 4.99608,52.304446 4.996213,52.304507 4.996375,52.304513 4.996552,52.304539 4.99665,52.304621 4.996773,52.304659 4.996894,52.304632 4.997174,52.304676 4.997377,52.304672 4.997431,52.304648 4.997522,52.304562 4.997718,52.304523 4.997763,52.304338 4.997811,52.304221 4.997706,52.30419 4.997694,52.304146 4.997698,52.304094 4.997735,52.304067 4.997893,52.304196 4.99796,52.304181 4.998027,52.304394 4.998125,52.304632 4.998818,52.304665 4.998788,52.304702 4.998901,52.304671 4.998927,52.305754 5.002089,52.305788 5.002061,52.305827 5.00218,52.305769 5.002234,52.305819 5.002379,52.305847 5.002366,52.305963 5.00255,52.30596 5.002576,52.305823 5.002713,52.305841 5.002768,52.305886 5.002766,52.305955 5.002794,52.305969 5.002818,52.305983 5.002775,52.305975 5.002728,52.305997 5.002694,52.306015 5.002709,52.306046 5.002794,52.306171 5.003037,52.306226 5.003097,52.30642 5.003213,52.306493 5.003293,52.306561 5.003417,52.306593 5.003447,52.30662 5.003454,52.306677 5.003433,52.306807 5.003366,52.307 5.003143,52.30701 5.003156,52.307061 5.003358,52.307083 5.003367,52.307096 5.00335,52.307102 5.003289,52.307053 5.003102,52.307055 5.003085,52.30708 5.003057,52.307493 5.002686,52.30771 5.002504,52.307736 5.0025,52.308152 5.00209,52.308277 5.001993,52.308429 5.001842,52.30852 5.001777,52.308569 5.001722,52.308649 5.001672,52.308676 5.001674,52.308701 5.001643,52.308715 5.001609,52.308731 5.001609,52.308744 5.001592,52.308794 5.00162,52.30881 5.001699,52.308796 5.001736,52.308852 5.001838,52.309048 5.001837,52.309106 5.001886,52.309125 5.001886,52.309144 5.00182,52.309147 5.001748,52.309127 5.001707,52.309072 5.001666,52.309028 5.001618,52.308993 5.001541,52.308982 5.001459,52.308982 5.001211,52.308962 5.001009,52.308792 5.000462,52.308792 5.000427,52.308801 5.000408,52.308914 5.000295,52.308924 5.000234,52.308983 5.000186,52.30906 5.000413,52.309096 5.000478,52.309208 5.000656,52.309375 5.000854,52.309447 5.000902,52.309494 5.000902,52.309572 5.00088,52.309599 5.000896,52.309611 5.000921,52.309642 5.001351,52.30963 5.001378,52.309374 5.001614,52.309346 5.001604,52.309316 5.001573,52.309302 5.001573,52.309291 5.001584,52.309289 5.001629,52.309297 5.00167,52.309361 5.001686,52.309393 5.001675,52.309649 5.00145,52.309677 5.001412,52.309693 5.001316,52.309685 5.000992,52.309693 5.000913,52.309713 5.000897,52.309771 5.000902,52.309788 5.000886,52.309843 5.000909,52.309882 5.000957,52.309926 5.000852,52.309887 5.000809,52.309836 5.000479,52.309827 5.000383,52.309854 5.000266,52.309791 5.000287,52.309751 5.000273,52.309667 5.000155,52.309507 4.999982,52.309427 4.999918,52.309291 4.999861,52.309232 4.999857,52.309178 4.999868,52.3091 4.999908,52.308846 5.000123,52.308822 5.000127,52.308744 5.000093,52.308583 4.999731,52.308536 4.999658,52.308345 4.999132,52.308255 4.999016,52.30826 4.99878,52.308289 4.998792,52.308324 4.998772,52.308314 4.998698,52.308667 4.997832,52.30884 4.997797,52.309007 4.997806,52.309031 4.997823,52.309127 4.997947,52.309139 4.997927,52.30915 4.997878,52.30915 4.997819,52.309101 4.997744,52.309054 4.997644,52.309033 4.997504,52.308998 4.997491,52.308951 4.997397,52.308952 4.997372,52.309035 4.997257,52.309081 4.997248,52.309108 4.997197,52.309101 4.996886,52.30918 4.996683,52.309275 4.99678,52.309358 4.996961,52.309362 4.997017,52.309396 4.996961,52.309499 4.99708,52.309563 4.997125,52.309616 4.997135,52.30967 4.997189,52.309687 4.997244,52.309682 4.997275,52.309659 4.997224,52.309635 4.997214,52.309606 4.997217,52.309587 4.997241,52.309581 4.997311,52.309604 4.997361,52.309752 4.997395,52.30985 4.997322,52.309891 4.997232,52.309895 4.997156,52.309884 4.997087,52.309791 4.996741,52.309782 4.996653,52.309794 4.996368,52.309814 4.996321,52.309902 4.996229,52.309873 4.996145,52.309804 4.996207,52.309778 4.996213,52.309741 4.996201,52.309552 4.99591,52.309487 4.995723,52.309474 4.995645,52.309444 4.995295,52.309428 4.995236,52.309371 4.995161,52.309157 4.994954,52.309094 4.994914,52.309066 4.994911,52.309033 4.994922,52.309008 4.99495,52.308898 4.995128,52.308722 4.995149,52.308714 4.995169,52.308663 4.995044,52.308648 4.994977,52.308635 4.994872,52.308605 4.994783,52.308576 4.994742,52.308563 4.994766,52.308384 4.994455,52.308467 4.994218,52.30848 4.994214,52.308484 4.994174,52.308522 4.994048,52.308662 4.993849,52.30879 4.99347,52.308827 4.993415,52.308897 4.993348,52.308871 4.993265,52.308711 4.993391,52.308631 4.993413,52.308589 4.993357,52.308534 4.993218,52.308507 4.992982,52.308425 4.99267,52.308335 4.992426,52.30821 4.992229,52.308062 4.992086,52.307999 4.992057,52.307788 4.992027,52.307702 4.991996,52.30766 4.992044,52.307604 4.992195,52.30755 4.99225,52.307512 4.99225,52.30748 4.992229,52.307345 4.992107,52.307255 4.992096,52.307191 4.992134,52.306977 4.992349,52.306917 4.992376,52.306875 4.99236,52.306846 4.992328,52.306829 4.992286,52.306819 4.992163,52.306691 4.991958,52.306665 4.991953,52.306587 4.992002,52.306564 4.992002,52.306502 4.991928,52.306483 4.991891,52.306479 4.991858,52.306533 4.991576,52.306547 4.991411,52.306477 4.990317,52.30649 4.990252,52.306554 4.990102,52.306571 4.990036,52.306577 4.989992,52.306566 4.989613,52.306572 4.989561,52.306637 4.989386,52.306638 4.989364,52.306603 4.989324,52.306573 4.989319,52.306502 4.989363,52.306463 4.98937,52.306442 4.989335,52.306426 4.989288,52.306447 4.989186,52.306452 4.98883,52.306441 4.988546,52.306445 4.988469,52.306461 4.988381,52.306429 4.988244,52.306416 4.988084,52.306467 4.987912,52.306479 4.987749,52.306461 4.987735,52.306455 4.987692,52.306461 4.987634,52.306489 4.9875,52.30651 4.987441,52.306545 4.98737,52.306621 4.987274,52.306663 4.987142,52.306692 4.987102,52.306714 4.987089,52.306743 4.987121,52.306847 4.987131,52.306857 4.987136,52.306855 4.987157,52.306779 4.98722,52.306665 4.987355,52.306617 4.987393,52.306582 4.987441,52.306587 4.987464,52.306607 4.987459,52.306622 4.987434,52.306659 4.987409,52.306881 4.987171,52.306933 4.987143,52.306961 4.987183,52.306963 4.987256,52.306953 4.987321,52.30688 4.98738,52.306776 4.987434,52.306707 4.987508,52.30667 4.987567,52.306645 4.98762,52.306612 4.987725,52.306594 4.987861,52.306593 4.987965,52.306608 4.988113,52.306644 4.988238,52.306697 4.98834,52.30673 4.988383,52.306782 4.988434,52.30684 4.988472,52.306922 4.98849,52.307004 4.988472,52.307083 4.988418,52.307147 4.98834,52.307212 4.988234,52.307253 4.988122,52.307279 4.987953,52.307314 4.987918,52.307376 4.987907,52.307437 4.987975,52.307477 4.987908,52.307389 4.98777,52.307321 4.987617,52.30729 4.987472,52.307228 4.987378,52.307188 4.987269,52.307204 4.987114,52.307221 4.98702,52.307205 4.986825,52.307335 4.986629,52.30733 4.986605,52.307375 4.986517,52.307497 4.986344,52.307519 4.9863,52.307555 4.986181,52.307563 4.986077,52.30755 4.985964,52.307517 4.985848,52.307268 4.985074,52.307031 4.984381,52.306734 4.983574,52.306701 4.983573,52.306668 4.983528,52.306665 4.983466,52.306688 4.983415,52.306644 4.983076,52.306618 4.983038,52.306533 4.983052,52.306517 4.983049,52.306505 4.98303,52.306506 4.982996,52.306592 4.982946,52.306607 4.982918,52.30661 4.982883,52.306592 4.982819,52.306576 4.982803,52.306547 4.982728,52.306514 4.982674,52.30651 4.98253,52.306495 4.982494,52.306475 4.982477,52.306383 4.982573,52.306335 4.982598,52.306325 4.982573,52.306325 4.982547,52.306389 4.982485,52.306407 4.982438,52.306401 4.982297,52.306362 4.982188,52.306339 4.982183,52.30627 4.982251,52.306256 4.98225,52.306254 4.982208,52.3063 4.982132,52.306298 4.982075,52.306239 4.981997,52.306194 4.98196,52.306065 4.981898,52.306051 4.98188,52.306051 4.981865,52.306119 4.98181,52.306172 4.981748,52.306211 4.981668,52.306245 4.981576,52.306263 4.981483,52.306271 4.981385,52.306275 4.981187,52.306248 4.98095,52.306198 4.980755,52.306124 4.98052,52.30601 4.980279,52.305884 4.980063,52.30581 4.979962,52.305625 4.979757,52.305483 4.97964,52.305092 4.979448,52.305021 4.97938,52.305001 4.979336,52.304986 4.979245,52.304935 4.979201,52.304787 4.97914,52.304762 4.979183,52.304702 4.979232,52.304665 4.979246,52.304621 4.979236,52.304414 4.979139,52.304316 4.979117,52.304197 4.97913,52.304105 4.979182,52.304044 4.979244,52.303997 4.97931,52.303967 4.979369,52.303941 4.979455,52.303925 4.979574,52.303925 4.979662,52.303959 4.979843,52.303975 4.979872,52.303996 4.979882,52.304079 4.979855,52.30417 4.979659,52.304204 4.9796,52.304235 4.979565,52.304322 4.979527,52.304392 4.979519,52.304489 4.979532,52.304563 4.979555,52.304651 4.979601,52.304716 4.979652,52.304748 4.979693,52.304772 4.979749,52.304782 4.979805,52.304789 4.97995,52.304892 4.979941,52.304898 4.979741,52.304942 4.979504,52.305399 4.979708,52.30547 4.97975,52.305594 4.979858,52.305479 4.980158,52.305584 4.980275,52.305659 4.980383,52.305764 4.980596,52.305806 4.980703,52.305867 4.980925,52.305912 4.981222,52.305807 4.981272,52.305789 4.981106,52.305556 4.981177,52.305514 4.980997,52.305729 4.980847,52.30566 4.980663,52.305458 4.980857,52.305378 4.98071,52.305539 4.980444,52.305445 4.980329,52.30543 4.980321,52.305285 4.980626,52.305207 4.980568,52.305052 4.980695,52.304913 4.980221,52.304893 4.980115,52.30489 4.980034,52.304792 4.980035,52.304796 4.980105,52.304705 4.980115,52.304712 4.980191,52.3048 4.98018,52.304805 4.980265,52.304957 4.980759,52.304849 4.980852,52.304842 4.980835,52.304737 4.980927,52.304667 4.980728,52.304464 4.980901,52.304376 4.980654,52.304336 4.980535,52.304379 4.98049,52.30448 4.980476,52.304473 4.980176,52.304401 4.98016,52.304346 4.980165,52.304285 4.980192,52.304237 4.980239,52.304209 4.980175,52.304174 4.98014,52.304019 4.980125,52.303914 4.9802,52.303769 4.980323,52.303648 4.980384,52.30352 4.980403,52.303385 4.980379,52.303287 4.980333,52.303098 4.980188,52.303087 4.980227,52.302863 4.98001,52.302541 4.979733,52.302444 4.979694,52.302371 4.979698,52.302377 4.979638,52.302389 4.97961,52.302461 4.979561,52.302319 4.979563,52.302313 4.979719,52.30213 4.979802,52.302117 4.97975,52.302129 4.979693,52.302151 4.979669,52.302188 4.979674,52.302167 4.979638,52.302161 4.979558,52.302133 4.979537,52.302102 4.979546,52.302079 4.979586,52.302074 4.979627,52.302086 4.979703,52.302079 4.97974,52.302063 4.979767,52.302001 4.979821,52.301887 4.979866,52.301685 4.97987,52.301644 4.979861,52.301613 4.979822,52.301553 4.979821,52.301556 4.979365,52.301588 4.979201,52.301605 4.979041,52.301618 4.978985,52.301642 4.97893,52.301715 4.978887,52.301751 4.97889,52.302074 4.979057,52.302183 4.979103,52.302285 4.979106,52.302396 4.979074,52.302458 4.979045,52.302519 4.978996,52.302571 4.978922,52.302863 4.978135,52.302918 4.978011,52.303163 4.97761,52.30328 4.977443,52.302887 4.976592,52.302725 4.976277,52.302621 4.976126,52.30247 4.975941,52.302404 4.976012,52.302223 4.976306,52.302034 4.976553,52.301803 4.976803,52.301733 4.976858,52.301627 4.976918,52.301589 4.976933,52.300796 4.976833,52.300591 4.976829,52.300506 4.976843,52.300324 4.976924,52.300187 4.97703,52.300171 4.976982,52.300126 4.977025,52.299862 4.976176,52.2992 4.974241,52.299226 4.9742,52.299323 4.974112,52.29942 4.973952,52.299647 4.974048,52.300292 4.974362,52.300436 4.974263,52.300608 4.974105,52.300889 4.973733,52.300993 4.973395,52.30109 4.973392,52.301243 4.973266,52.301643 4.973289,52.301701 4.973316,52.301791 4.973389,52.301835 4.973444,52.301884 4.973527,52.302072 4.974044,52.302108 4.974163,52.302135 4.974315,52.302157 4.974672,52.302173 4.974804,52.302205 4.97492,52.302235 4.974991,52.302455 4.975391,52.302488 4.97541,52.302613 4.975425,52.302798 4.975605,52.302833 4.975616,52.30289 4.975613,52.302945 4.975592,52.303036 4.975535,52.303305 4.97531,52.303384 4.975229,52.303491 4.975091,52.303512 4.975015,52.303506 4.974905,52.303523 4.974633,52.303536 4.974554,52.303569 4.974459,52.303653 4.97434,52.3038 4.974198,52.304008 4.974098,52.304141 4.973978,52.304247 4.973839,52.304319 4.973713,52.304364 4.973666,52.304431 4.973632,52.304543 4.973621,52.304624 4.973573,52.304694 4.973492,52.304791 4.97328,52.304915 4.973077,52.304953 4.973039,52.30501 4.973007,52.305058 4.973,52.305101 4.97301,52.305163 4.973047,52.305202 4.97309,52.305248 4.97317,52.305276 4.973242,52.305807 4.974786,52.30583 4.974884,52.30589 4.975027,52.305955 4.975219,52.306031 4.975145,52.30609 4.975319,52.306018 4.975383,52.306011 4.975402,52.306007 4.975475,52.305989 4.97552,52.305898 4.97562,52.305852 4.975692,52.305817 4.975797,52.305712 4.976182,52.305684 4.976244,52.305647 4.976291,52.305512 4.976413,52.305467 4.976504,52.305389 4.976771,52.305375 4.976801,52.305169 4.977008,52.305032 4.977213,52.304974 4.977338,52.304949 4.977451,52.304955 4.977533,52.305001 4.977646,52.305117 4.977836,52.305136 4.977923,52.305142 4.978057,52.305119 4.978155,52.3051 4.978207,52.305005 4.978323,52.305 4.978338,52.305035 4.978371,52.30497 4.97856,52.304992 4.978581,52.304883 4.978895,52.305012 4.978982,52.305035 4.979022,52.305164 4.979036,52.305286 4.979087,52.305395 4.97917,52.30554 4.979246,52.305696 4.979353,52.305852 4.979499,52.305949 4.97962,52.30605 4.979783,52.306071 4.979745,52.306163 4.979931,52.306198 4.9799,52.306243 4.980026,52.306216 4.980055,52.30626 4.98018,52.306289 4.980153,52.306412 4.980514,52.306544 4.980397,52.306556 4.980432,52.306674 4.980325,52.306771 4.980307,52.306772 4.98033,52.306689 4.980397,52.306745 4.980489,52.306954 4.9811,52.307043 4.981236,52.307159 4.981356,52.307213 4.981442,52.307248 4.981517,52.30731 4.981699,52.307368 4.982058,52.307378 4.982262,52.307372 4.982584,52.307329 4.983177,52.307268 4.983663,52.307284 4.98382,52.30727 4.983995,52.307296 4.984247,52.307712 4.98557,52.307755 4.985619,52.307839 4.985654,52.307879 4.985716,52.307907 4.985785,52.307925 4.985859,52.307961 4.986122,52.307961 4.986189,52.307945 4.986293,52.307945 4.986346,52.308026 4.986584,52.308118 4.986535,52.30838 4.986298,52.308405 4.986292,52.308433 4.986306,52.308531 4.986583,52.308448 4.986658,52.308591 4.98707,52.309953 4.985827,52.310436 4.985275,52.310529 4.985189,52.310588 4.98536,52.310492 4.985918,52.310444 4.98596,52.310465 4.986038,52.310943 4.98628,52.311105 4.986706,52.311351 4.98693,52.311736 4.988047,52.311777 4.988096,52.311779 4.98826,52.311763 4.98842,52.311776 4.988505,52.311722 4.988805,52.311668 4.989195,52.311729 4.989218,52.311714 4.989308,52.311979 4.989454,52.312594 4.990667,52.31275 4.990506,52.312787 4.990492,52.312831 4.990517,52.312971 4.990725,52.313015 4.990764,52.313059 4.990774,52.313154 4.990722,52.313215 4.990749,52.31348 4.99129,52.313755 4.991623,52.314164 4.992077,52.314536 4.992585,52.31457 4.992613,52.314671 4.992785,52.314664 4.9928,52.314812 4.993005,52.314861 4.993031,52.314897 4.993069,52.314997 4.993257,52.315101 4.993509,52.315194 4.993797,52.315274 4.994142,52.315321 4.994457,52.315339 4.99473,52.315342 4.995158,52.315321 4.995244,52.315315 4.995302,52.315263 4.995353,52.315199 4.995379,52.314947 4.995321,52.314838 4.995304,52.31471 4.995303,52.314533 4.995322,52.314358 4.995359,52.314206 4.995416,52.31406 4.99548,52.313856 4.995615,52.31374 4.995712,52.313644 4.995809,52.313455 4.996031,52.313229 4.996338,52.31073 5.000671,52.310576 5.000883,52.310499 5.001025,52.310316 5.001408),(52.300273 4.974941,52.30023 4.974947,52.300127 4.974923,52.300101 4.974932,52.299875 4.975217,52.299865 4.975254,52.299869 4.975296,52.30008 4.97591,52.300098 4.975923,52.300122 4.975916,52.300543 4.975498,52.300559 4.9755,52.300568 4.975521,52.300676 4.975403,52.300695 4.97541,52.300761 4.975599,52.300805 4.97561,52.300853 4.975582,52.301044 4.9754,52.301056 4.975367,52.301059 4.975316,52.300983 4.974978,52.300821 4.974531,52.300802 4.974506,52.300778 4.974501,52.300273 4.974941)),((52.303505 4.983907,52.30347 4.9839,52.303443 4.983878,52.303419 4.983839,52.303406 4.983793,52.303405 4.983733,52.303438 4.983644,52.303618 4.983459,52.303686 4.983411,52.303752 4.983343,52.303842 4.983202,52.303894 4.98316,52.303954 4.98314,52.303999 4.983159,52.304036 4.983226,52.30405 4.98327,52.30405 4.983321,52.304035 4.983368,52.304019 4.983392,52.303597 4.983846,52.303545 4.983889,52.303505 4.983907)),((52.303075 4.984773,52.302956 4.984695,52.302929 4.984629,52.302929 4.984614,52.30295 4.98458,52.302964 4.984586,52.302985 4.984373,52.303013 4.984301,52.30317 4.984108,52.303165 4.984071,52.303175 4.984055,52.303198 4.984039,52.303244 4.984059,52.303306 4.98414,52.303317 4.98419,52.303312 4.984243,52.303292 4.984288,52.303156 4.984445,52.303135 4.984486,52.303122 4.984538,52.303096 4.98473,52.303087 4.984763,52.303075 4.984773)),((52.306943 4.988305,52.306859 4.98829,52.306817 4.988261,52.306779 4.988219,52.306743 4.988157,52.30672 4.988093,52.306704 4.988023,52.306698 4.98795,52.3067 4.98788,52.306714 4.987796,52.306739 4.987722,52.306776 4.987656,52.306822 4.987605,52.306874 4.987576,52.306929 4.987566,52.306984 4.987579,52.307035 4.987612,52.307081 4.987667,52.307115 4.987733,52.30714 4.987814,52.307152 4.987902,52.307151 4.987993,52.307137 4.988079,52.30711 4.988157,52.307081 4.988208,52.307041 4.988256,52.306994 4.98829,52.306943 4.988305)),((52.308215 4.993915,52.30812 4.993865,52.308059 4.99382,52.307984 4.99373,52.307935 4.993644,52.307935 4.99361,52.307946 4.993589,52.30805 4.993631,52.308068 4.993628,52.30815 4.993552,52.308178 4.993539,52.308186 4.993474,52.30814 4.993429,52.307958 4.993328,52.307898 4.993317,52.30783 4.993332,52.307691 4.993442,52.307362 4.993743,52.307328 4.993749,52.307295 4.993725,52.30728 4.993685,52.30721 4.993608,52.307184 4.993527,52.30718 4.993448,52.307185 4.993416,52.307249 4.993166,52.307243 4.993124,52.307228 4.993088,52.307182 4.993049,52.307143 4.993057,52.307103 4.993113,52.307003 4.993479,52.307001 4.993574,52.306978 4.993642,52.306891 4.993606,52.306707 4.993661,52.306625 4.993576,52.306608 4.99349,52.306521 4.993183,52.3064 4.993039,52.306385 4.993005,52.306368 4.992806,52.306367 4.992665,52.306387 4.992606,52.306459 4.992481,52.30651 4.992444,52.306542 4.992444,52.306856 4.992583,52.306872 4.99258,52.307156 4.992271,52.30719 4.992277,52.307267 4.992343,52.307313 4.992443,52.307309 4.992504,52.307268 4.992629,52.30726 4.992741,52.307263 4.992914,52.307273 4.992949,52.307295 4.992981,52.307341 4.992988,52.307378 4.992958,52.307398 4.992901,52.30743 4.992736,52.307443 4.992704,52.307473 4.992676,52.307529 4.992675,52.307602 4.992711,52.307717 4.992832,52.307806 4.992872,52.307827 4.992865,52.307974 4.992635,52.307978 4.992548,52.30797 4.992487,52.307937 4.992422,52.30789 4.99237,52.307882 4.992332,52.307901 4.992282,52.307977 4.992226,52.308045 4.992244,52.308129 4.992318,52.308259 4.992534,52.308282 4.992632,52.308282 4.992669,52.308244 4.992751,52.308242 4.992814,52.308273 4.992889,52.308327 4.992979,52.30843 4.993083,52.308484 4.993253,52.308532 4.993448,52.30857 4.993515,52.308608 4.993559,52.308623 4.993607,52.308616 4.993732,52.30858 4.993796,52.308549 4.993827,52.308469 4.993855,52.308376 4.993836,52.308332 4.993878,52.308277 4.993912,52.308215 4.993915)),((52.309741 4.99713,52.309722 4.997118,52.30968 4.997038,52.309555 4.997008,52.309505 4.996973,52.309435 4.996901,52.309438 4.996895,52.309396 4.996835,52.309403 4.99676,52.309369 4.996771,52.309347 4.996765,52.309231 4.996467,52.309212 4.996377,52.309208 4.996315,52.309215 4.996275,52.309228 4.99625,52.309261 4.996238,52.309245 4.996216,52.309268 4.996147,52.309281 4.996054,52.309281 4.995985,52.309306 4.995935,52.309286 4.995919,52.309253 4.995924,52.309231 4.995958,52.309216 4.996111,52.309198 4.996169,52.309175 4.996189,52.309154 4.996189,52.308916 4.995591,52.308906 4.995547,52.308925 4.995452,52.308958 4.995441,52.30891 4.995389,52.308902 4.995327,52.30891 4.995228,52.308932 4.995197,52.308998 4.99518,52.309015 4.995155,52.309039 4.995062,52.309085 4.995053,52.309112 4.995106,52.309126 4.99521,52.30912 4.995378,52.309139 4.995431,52.309192 4.995464,52.309216 4.995449,52.309231 4.995328,52.309259 4.99523,52.309284 4.995202,52.309352 4.995237,52.309391 4.995279,52.3094 4.995606,52.309382 4.995726,52.309393 4.995866,52.309385 4.995918,52.30937 4.995923,52.309395 4.995932,52.30941 4.995951,52.309446 4.996024,52.309492 4.99608,52.309555 4.996119,52.309558 4.996174,52.309568 4.996113,52.309589 4.996125,52.309664 4.996226,52.309697 4.996315,52.309706 4.996398,52.309702 4.996624,52.309715 4.996638,52.30971 4.996738,52.309749 4.996971,52.309751 4.997056,52.309741 4.99713)),((52.302874 4.97522,52.302842 4.975217,52.302732 4.975127,52.302576 4.974972,52.302544 4.974927,52.302513 4.974842,52.302476 4.97462,52.302454 4.974541,52.302391 4.974417,52.302273 4.974284,52.302232 4.974214,52.302045 4.973693,52.302011 4.973523,52.302018 4.973365,52.302039 4.973272,52.30207 4.973197,52.302113 4.973128,52.302166 4.973068,52.30224 4.973013,52.302278 4.972971,52.302327 4.972862,52.302478 4.972011,52.302471 4.971946,52.302474 4.971909,52.302492 4.971843,52.302516 4.971797,52.302594 4.971389,52.302631 4.971306,52.302677 4.971249,52.302848 4.971094,52.302918 4.971071,52.303302 4.971249,52.30338 4.971248,52.303423 4.971273,52.303462 4.971323,52.303588 4.971402,52.303681 4.97148,52.303736 4.971533,52.303844 4.971673,52.303832 4.9717,52.303879 4.971764,52.303894 4.971734,52.304024 4.971843,52.304045 4.971874,52.304075 4.971951,52.304084 4.971999,52.304082 4.972049,52.303982 4.972486,52.303995 4.972575,52.30402 4.972617,52.304052 4.97264,52.304091 4.97264,52.304123 4.972621,52.304505 4.972286,52.304518 4.972252,52.304522 4.972214,52.304523 4.971907,52.304533 4.971859,52.30456 4.971809,52.304588 4.971801,52.304788 4.971915,52.30483 4.971964,52.304924 4.972232,52.30493 4.972282,52.304914 4.972358,52.304918 4.972449,52.304945 4.972647,52.304992 4.972761,52.304988 4.972821,52.304935 4.972858,52.304817 4.973039,52.304802 4.973089,52.304723 4.973205,52.304612 4.973405,52.304525 4.973507,52.304438 4.97349,52.304338 4.973435,52.304295 4.973393,52.304267 4.973333,52.304274 4.973277,52.304295 4.97322,52.304261 4.973159,52.304219 4.973114,52.30418 4.973094,52.304135 4.973101,52.304119 4.973141,52.304118 4.97353,52.304096 4.97365,52.304042 4.973784,52.303943 4.973923,52.303788 4.974062,52.303694 4.974123,52.303542 4.974174,52.303499 4.974211,52.303464 4.974259,52.303423 4.974349,52.303394 4.974453,52.303363 4.97485,52.303342 4.974925,52.303307 4.97499,52.303182 4.9751,52.303165 4.975106,52.303139 4.975085,52.303129 4.975039,52.303136 4.974979,52.303206 4.97483,52.303214 4.974792,52.303201 4.974723,52.303178 4.974701,52.303161 4.974703,52.30297 4.974923,52.302958 4.974961,52.302938 4.975143,52.302917 4.975189,52.302874 4.97522)))";4.987689;52.307264;
45;"Park";"POLYGON((4.934557 52.351047,4.934632 52.351001,4.93391 52.350572,4.934193 52.350392,4.933875 52.350219,4.933129 52.349786,4.931828 52.349081,4.929388 52.347724,4.929255 52.347698,4.929204 52.347699,4.929095 52.347741,4.928849 52.347882,4.92879 52.347845,4.928735 52.347877,4.928796 52.347914,4.928281 52.348223,4.927945 52.348443,4.927928 52.34847,4.927854 52.348519,4.927814 52.348522,4.927795 52.348532,4.92563 52.34982,4.925635 52.34989,4.925259 52.350113,4.925349 52.350188,4.925744 52.350418,4.926341 52.35078,4.926386 52.350818,4.928458 52.352068,4.928827 52.35234,4.929595 52.352999,4.929734 52.353101,4.929991 52.352931,4.930113 52.353002,4.930144 52.352971,4.930249 52.352903,4.930918 52.353281,4.931163 52.353104,4.931116 52.353079,4.931073 52.353041,4.931114 52.353015,4.931161 52.353055,4.931201 52.353077,4.931562 52.352817,4.931638 52.352783,4.931727 52.352753,4.931925 52.352704,4.931962 52.352606,4.932002 52.352555,4.932078 52.352511,4.932352 52.352438,4.933405 52.351781,4.933461 52.351738,4.934557 52.351047),(4.928271 52.348606,4.928447 52.348593,4.928947 52.348276,4.929187 52.348138,4.92999 52.348591,4.930079 52.348579,4.930137 52.348595,4.930904 52.349047,4.929205 52.350125,4.929068 52.350046,4.928662 52.350304,4.928776 52.350371,4.928513 52.350481,4.927405 52.351168,4.926715 52.350759,4.926694 52.350771,4.926423 52.35061,4.926425 52.350584,4.926391 52.350555,4.925878 52.350239,4.925787 52.350138,4.928271 52.348606))";"POLYGON((52.351047 4.934557,52.351001 4.934632,52.350572 4.93391,52.350392 4.934193,52.350219 4.933875,52.349786 4.933129,52.349081 4.931828,52.347724 4.929388,52.347698 4.929255,52.347699 4.929204,52.347741 4.929095,52.347882 4.928849,52.347845 4.92879,52.347877 4.928735,52.347914 4.928796,52.348223 4.928281,52.348443 4.927945,52.34847 4.927928,52.348519 4.927854,52.348522 4.927814,52.348532 4.927795,52.34982 4.92563,52.34989 4.925635,52.350113 4.925259,52.350188 4.925349,52.350418 4.925744,52.35078 4.926341,52.350818 4.926386,52.352068 4.928458,52.35234 4.928827,52.352999 4.929595,52.353101 4.929734,52.352931 4.929991,52.353002 4.930113,52.352971 4.930144,52.352903 4.930249,52.353281 4.930918,52.353104 4.931163,52.353079 4.931116,52.353041 4.931073,52.353015 4.931114,52.353055 4.931161,52.353077 4.931201,52.352817 4.931562,52.352783 4.931638,52.352753 4.931727,52.352704 4.931925,52.352606 4.931962,52.352555 4.932002,52.352511 4.932078,52.352438 4.932352,52.351781 4.933405,52.351738 4.933461,52.351047 4.934557),(52.348606 4.928271,52.348593 4.928447,52.348276 4.928947,52.348138 4.929187,52.348591 4.92999,52.348579 4.930079,52.348595 4.930137,52.349047 4.930904,52.350125 4.929205,52.350046 4.929068,52.350304 4.928662,52.350371 4.928776,52.350481 4.928513,52.351168 4.927405,52.350759 4.926715,52.350771 4.926694,52.35061 4.926423,52.350584 4.926425,52.350555 4.926391,52.350239 4.925878,52.350138 4.925787,52.348606 4.928271))";4.9299505;52.3504825;
46;"Park";"POLYGON((4.819874 52.341487,4.819914 52.341413,4.819944 52.340678,4.819994 52.340465,4.819958 52.340188,4.819952 52.34006,4.819991 52.33976,4.819939 52.339542,4.819918 52.339507,4.819875 52.339491,4.818486 52.339246,4.818464 52.339248,4.818433 52.339294,4.818392 52.3395,4.8184 52.339655,4.818362 52.339843,4.81835 52.339998,4.818346 52.340341,4.81836 52.340531,4.81835 52.340962,4.818391 52.34137,4.818425 52.341386,4.818424 52.341439,4.818398 52.341449,4.818423 52.341871,4.818396 52.341892,4.818517 52.341896,4.818489 52.341872,4.818479 52.341832,4.818776 52.341842,4.818843 52.341823,4.818858 52.341803,4.818881 52.34151,4.818903 52.341447,4.819253 52.341455,4.819874 52.341487))";"POLYGON((52.341487 4.819874,52.341413 4.819914,52.340678 4.819944,52.340465 4.819994,52.340188 4.819958,52.34006 4.819952,52.33976 4.819991,52.339542 4.819939,52.339507 4.819918,52.339491 4.819875,52.339246 4.818486,52.339248 4.818464,52.339294 4.818433,52.3395 4.818392,52.339655 4.8184,52.339843 4.818362,52.339998 4.81835,52.340341 4.818346,52.340531 4.81836,52.340962 4.81835,52.34137 4.818391,52.341386 4.818425,52.341439 4.818424,52.341449 4.818398,52.341871 4.818423,52.341892 4.818396,52.341896 4.818517,52.341872 4.818489,52.341832 4.818479,52.341842 4.818776,52.341823 4.818843,52.341803 4.818858,52.34151 4.818881,52.341447 4.818903,52.341455 4.819253,52.341487 4.819874))";4.819175;52.340564;
47;"Park";"POLYGON((4.856321 52.385934,4.857877 52.385871,4.858685 52.385887,4.859039 52.385886,4.859092 52.385878,4.859373 52.385873,4.860272 52.385872,4.860837 52.385887,4.861199 52.385905,4.86246 52.386025,4.863831 52.386327,4.863856 52.38635,4.864005 52.3864,4.864819 52.386591,4.864847 52.386613,4.864805 52.387826,4.864788 52.388007,4.864769 52.38863,4.864738 52.388649,4.865452 52.388637,4.865444 52.388954,4.865894 52.388938,4.866921 52.388922,4.867018 52.388917,4.867022 52.388881,4.867255 52.388881,4.867256 52.388918,4.868512 52.388879,4.869273 52.38884,4.869731 52.388797,4.87021 52.38874,4.870678 52.388673,4.872418 52.388358,4.874438 52.388103,4.874859 52.388039,4.875642 52.387907,4.876752 52.387708,4.877493 52.387548,4.878462 52.3873,4.881461 52.386338,4.881421 52.386292,4.881344 52.386316,4.881149 52.386095,4.881118 52.386031,4.881145 52.385954,4.881196 52.385905,4.881257 52.385877,4.881347 52.385857,4.881326 52.3858,4.880855 52.385858,4.880526 52.385863,4.87995 52.385824,4.875461 52.385741,4.874952 52.385725,4.865541 52.385569,4.865391 52.38555,4.865198 52.385546,4.865195 52.385497,4.865051 52.385494,4.86505 52.385512,4.86482 52.385532,4.864726 52.385523,4.864672 52.385509,4.864673 52.385486,4.864556 52.385484,4.864554 52.385528,4.864488 52.385561,4.864529 52.385646,4.864504 52.385676,4.864504 52.385694,4.864448 52.385695,4.864434 52.38565,4.864372 52.385583,4.864269 52.385536,4.86203 52.385515,4.861309 52.385496,4.857235 52.385435,4.856342 52.385411,4.856321 52.385934),(4.870655 52.386854,4.871163 52.386861,4.871135 52.387439,4.870627 52.387428,4.870651 52.386946,4.870655 52.386854),(4.865632 52.388196,4.865677 52.388117,4.865734 52.388041,4.865804 52.387969,4.865931 52.38787,4.866319 52.38765,4.866689 52.38748,4.867086 52.387337,4.867313 52.387273,4.867382 52.387281,4.869134 52.387839,4.869577 52.387964,4.87025 52.388114,4.870909 52.388286,4.870977 52.388319,4.87099 52.38835,4.870984 52.388387,4.870934 52.388435,4.870849 52.38847,4.870774 52.388491,4.870587 52.388515,4.870029 52.38856,4.869583 52.388586,4.868393 52.388631,4.867704 52.388636,4.867686 52.388647,4.865869 52.38867,4.865782 52.388658,4.865743 52.388645,4.865677 52.3886,4.865603 52.388504,4.865581 52.388398,4.865632 52.388196))";"POLYGON((52.385934 4.856321,52.385871 4.857877,52.385887 4.858685,52.385886 4.859039,52.385878 4.859092,52.385873 4.859373,52.385872 4.860272,52.385887 4.860837,52.385905 4.861199,52.386025 4.86246,52.386327 4.863831,52.38635 4.863856,52.3864 4.864005,52.386591 4.864819,52.386613 4.864847,52.387826 4.864805,52.388007 4.864788,52.38863 4.864769,52.388649 4.864738,52.388637 4.865452,52.388954 4.865444,52.388938 4.865894,52.388922 4.866921,52.388917 4.867018,52.388881 4.867022,52.388881 4.867255,52.388918 4.867256,52.388879 4.868512,52.38884 4.869273,52.388797 4.869731,52.38874 4.87021,52.388673 4.870678,52.388358 4.872418,52.388103 4.874438,52.388039 4.874859,52.387907 4.875642,52.387708 4.876752,52.387548 4.877493,52.3873 4.878462,52.386338 4.881461,52.386292 4.881421,52.386316 4.881344,52.386095 4.881149,52.386031 4.881118,52.385954 4.881145,52.385905 4.881196,52.385877 4.881257,52.385857 4.881347,52.3858 4.881326,52.385858 4.880855,52.385863 4.880526,52.385824 4.87995,52.385741 4.875461,52.385725 4.874952,52.385569 4.865541,52.38555 4.865391,52.385546 4.865198,52.385497 4.865195,52.385494 4.865051,52.385512 4.86505,52.385532 4.86482,52.385523 4.864726,52.385509 4.864672,52.385486 4.864673,52.385484 4.864556,52.385528 4.864554,52.385561 4.864488,52.385646 4.864529,52.385676 4.864504,52.385694 4.864504,52.385695 4.864448,52.38565 4.864434,52.385583 4.864372,52.385536 4.864269,52.385515 4.86203,52.385496 4.861309,52.385435 4.857235,52.385411 4.856342,52.385934 4.856321),(52.386854 4.870655,52.386861 4.871163,52.387439 4.871135,52.387428 4.870627,52.386946 4.870651,52.386854 4.870655),(52.388196 4.865632,52.388117 4.865677,52.388041 4.865734,52.387969 4.865804,52.38787 4.865931,52.38765 4.866319,52.38748 4.866689,52.387337 4.867086,52.387273 4.867313,52.387281 4.867382,52.387839 4.869134,52.387964 4.869577,52.388114 4.87025,52.388286 4.870909,52.388319 4.870977,52.38835 4.87099,52.388387 4.870984,52.388435 4.870934,52.38847 4.870849,52.388491 4.870774,52.388515 4.870587,52.38856 4.870029,52.388586 4.869583,52.388631 4.868393,52.388636 4.867704,52.388647 4.867686,52.38867 4.865869,52.388658 4.865782,52.388645 4.865743,52.3886 4.865677,52.388504 4.865603,52.388398 4.865581,52.388196 4.865632))";4.868896;52.3871755;
48;"Park";"POLYGON((4.794134 52.377368,4.793545 52.375123,4.793501 52.375104,4.792151 52.375238,4.792144 52.375234,4.791705 52.375276,4.791553 52.375313,4.789868 52.376013,4.789497 52.376198,4.78885 52.376591,4.788746 52.376644,4.788507 52.37672,4.78831 52.37676,4.788084 52.376846,4.788027 52.37685,4.787867 52.376833,4.787836 52.377833,4.787987 52.377828,4.787985 52.377848,4.788465 52.377851,4.788424 52.379267,4.788539 52.379283,4.788541 52.3792,4.788527 52.379186,4.788558 52.378131,4.792042 52.378152,4.792101 52.378163,4.79216 52.378368,4.792183 52.378385,4.792222 52.37839,4.79293 52.378321,4.792959 52.378349,4.792941 52.378369,4.793028 52.378363,4.793031 52.37846,4.793053 52.378533,4.793105 52.378605,4.793133 52.378598,4.793155 52.378627,4.793331 52.379269,4.793964 52.379206,4.793965 52.379214,4.79405 52.379205,4.793604 52.377511,4.793548 52.37741,4.793447 52.377324,4.791455 52.376126,4.791334 52.376006,4.791308 52.375945,4.791302 52.375856,4.791337 52.375729,4.791379 52.375652,4.791592 52.375364,4.791624 52.375352,4.791827 52.375314,4.791948 52.37533,4.791638 52.375763,4.79162 52.375805,4.791613 52.375872,4.791626 52.375921,4.791644 52.375956,4.791698 52.376014,4.791923 52.37616,4.791938 52.376163,4.791959 52.376153,4.791985 52.376171,4.79197 52.376188,4.793255 52.376964,4.79334 52.376999,4.79341 52.377015,4.793668 52.37703,4.793714 52.377038,4.79376 52.37706,4.793794 52.377098,4.793873 52.377405,4.793916 52.377401,4.793945 52.377388,4.794134 52.377368))";"POLYGON((52.377368 4.794134,52.375123 4.793545,52.375104 4.793501,52.375238 4.792151,52.375234 4.792144,52.375276 4.791705,52.375313 4.791553,52.376013 4.789868,52.376198 4.789497,52.376591 4.78885,52.376644 4.788746,52.37672 4.788507,52.37676 4.78831,52.376846 4.788084,52.37685 4.788027,52.376833 4.787867,52.377833 4.787836,52.377828 4.787987,52.377848 4.787985,52.377851 4.788465,52.379267 4.788424,52.379283 4.788539,52.3792 4.788541,52.379186 4.788527,52.378131 4.788558,52.378152 4.792042,52.378163 4.792101,52.378368 4.79216,52.378385 4.792183,52.37839 4.792222,52.378321 4.79293,52.378349 4.792959,52.378369 4.792941,52.378363 4.793028,52.37846 4.793031,52.378533 4.793053,52.378605 4.793105,52.378598 4.793133,52.378627 4.793155,52.379269 4.793331,52.379206 4.793964,52.379214 4.793965,52.379205 4.79405,52.377511 4.793604,52.37741 4.793548,52.377324 4.793447,52.376126 4.791455,52.376006 4.791334,52.375945 4.791308,52.375856 4.791302,52.375729 4.791337,52.375652 4.791379,52.375364 4.791592,52.375352 4.791624,52.375314 4.791827,52.37533 4.791948,52.375763 4.791638,52.375805 4.79162,52.375872 4.791613,52.375921 4.791626,52.375956 4.791644,52.376014 4.791698,52.37616 4.791923,52.376163 4.791938,52.376153 4.791959,52.376171 4.791985,52.376188 4.79197,52.376964 4.793255,52.376999 4.79334,52.377015 4.79341,52.37703 4.793668,52.377038 4.793714,52.37706 4.79376,52.377098 4.793794,52.377405 4.793873,52.377401 4.793916,52.377388 4.793945,52.377368 4.794134))";4.79099;52.3771865;
49;"Park";"POLYGON((4.884565 52.339825,4.884113 52.339868,4.883931 52.339879,4.883453 52.339928,4.883197 52.339918,4.882718 52.339931,4.880573 52.339897,4.880504 52.340602,4.879872 52.340578,4.879842 52.34087,4.879695 52.340866,4.879575 52.342043,4.879386 52.342026,4.878177 52.342069,4.878018 52.343729,4.878029 52.343783,4.878055 52.343818,4.878274 52.343925,4.878329 52.343976,4.878351 52.344016,4.878321 52.344339,4.878547 52.344348,4.878543 52.34446,4.878558 52.344487,4.878592 52.344512,4.881043 52.345735,4.88107 52.34571,4.881072 52.345662,4.881097 52.345634,4.881146 52.345615,4.881205 52.345615,4.881251 52.34558,4.881386 52.345648,4.881432 52.345614,4.881403 52.345599,4.881453 52.345562,4.88144 52.345553,4.881522 52.345493,4.881469 52.345465,4.881552 52.34539,4.881547 52.345326,4.881573 52.345253,4.881743 52.345116,4.881855 52.345059,4.882168 52.345007,4.882292 52.344955,4.882331 52.34491,4.882331 52.344885,4.882302 52.344841,4.88231 52.344827,4.882359 52.344759,4.882488 52.34465,4.88287 52.344457,4.883102 52.344378,4.883306 52.344348,4.883567 52.344335,4.883658 52.344314,4.883698 52.34428,4.8837 52.344147,4.883798 52.344146,4.88383 52.344169,4.883915 52.344455,4.884193 52.344418,4.884164 52.344349,4.884154 52.344265,4.884243 52.344256,4.884234 52.344187,4.884275 52.344185,4.884273 52.344173,4.884318 52.344171,4.884319 52.344182,4.884358 52.344181,4.88438 52.344337,4.884226 52.344346,4.884246 52.344412,4.884721 52.344379,4.884713 52.344321,4.884859 52.344307,4.884943 52.344394,4.885267 52.344392,4.885432 52.344375,4.88545 52.34436,4.885482 52.344349,4.885533 52.344353,4.88545 52.343832,4.885437 52.343813,4.885375 52.343795,4.88513 52.343828,4.884888 52.343842,4.884865 52.343673,4.885423 52.343578,4.885105 52.341209,4.884904 52.341219,4.884862 52.340887,4.884906 52.340768,4.88491 52.340706,4.884825 52.340073,4.884806 52.340061,4.884784 52.340061,4.884722 52.340098,4.884636 52.340111,4.884568 52.340095,4.884521 52.340061,4.884507 52.340026,4.884517 52.339991,4.884551 52.339961,4.884602 52.339942,4.884565 52.339825))";"POLYGON((52.339825 4.884565,52.339868 4.884113,52.339879 4.883931,52.339928 4.883453,52.339918 4.883197,52.339931 4.882718,52.339897 4.880573,52.340602 4.880504,52.340578 4.879872,52.34087 4.879842,52.340866 4.879695,52.342043 4.879575,52.342026 4.879386,52.342069 4.878177,52.343729 4.878018,52.343783 4.878029,52.343818 4.878055,52.343925 4.878274,52.343976 4.878329,52.344016 4.878351,52.344339 4.878321,52.344348 4.878547,52.34446 4.878543,52.344487 4.878558,52.344512 4.878592,52.345735 4.881043,52.34571 4.88107,52.345662 4.881072,52.345634 4.881097,52.345615 4.881146,52.345615 4.881205,52.34558 4.881251,52.345648 4.881386,52.345614 4.881432,52.345599 4.881403,52.345562 4.881453,52.345553 4.88144,52.345493 4.881522,52.345465 4.881469,52.34539 4.881552,52.345326 4.881547,52.345253 4.881573,52.345116 4.881743,52.345059 4.881855,52.345007 4.882168,52.344955 4.882292,52.34491 4.882331,52.344885 4.882331,52.344841 4.882302,52.344827 4.88231,52.344759 4.882359,52.34465 4.882488,52.344457 4.88287,52.344378 4.883102,52.344348 4.883306,52.344335 4.883567,52.344314 4.883658,52.34428 4.883698,52.344147 4.8837,52.344146 4.883798,52.344169 4.88383,52.344455 4.883915,52.344418 4.884193,52.344349 4.884164,52.344265 4.884154,52.344256 4.884243,52.344187 4.884234,52.344185 4.884275,52.344173 4.884273,52.344171 4.884318,52.344182 4.884319,52.344181 4.884358,52.344337 4.88438,52.344346 4.884226,52.344412 4.884246,52.344379 4.884721,52.344321 4.884713,52.344307 4.884859,52.344394 4.884943,52.344392 4.885267,52.344375 4.885432,52.34436 4.88545,52.344349 4.885482,52.344353 4.885533,52.343832 4.88545,52.343813 4.885437,52.343795 4.885375,52.343828 4.88513,52.343842 4.884888,52.343673 4.884865,52.343578 4.885423,52.341209 4.885105,52.341219 4.884904,52.340887 4.884862,52.340768 4.884906,52.340706 4.88491,52.340073 4.884825,52.340061 4.884806,52.340061 4.884784,52.340098 4.884722,52.340111 4.884636,52.340095 4.884568,52.340061 4.884521,52.340026 4.884507,52.339991 4.884517,52.339961 4.884551,52.339942 4.884602,52.339825 4.884565))";4.8817805;52.342773;
50;"Park";"MULTIPOLYGON(((4.793845 52.380372,4.793377 52.380369,4.793375 52.380388,4.793354 52.380387,4.793347 52.38061,4.793334 52.38061,4.793332 52.380656,4.793332 52.380664,4.793346 52.380664,4.793339 52.380887,4.793324 52.380886,4.793324 52.380894,4.793323 52.38094,4.793338 52.380941,4.793331 52.381163,4.793314 52.381163,4.793312 52.381217,4.793329 52.381217,4.793323 52.381439,4.793802 52.381447,4.793845 52.380372)),((4.790414 52.383313,4.790254 52.383312,4.79023 52.38332,4.790138 52.383322,4.789326 52.383317,4.788416 52.383309,4.78835 52.3833,4.788345 52.383269,4.788412 52.383248,4.788429 52.383218,4.788436 52.38298,4.788387 52.38298,4.788349 52.382993,4.788242 52.382995,4.788191 52.383012,4.788161 52.383041,4.788144 52.383247,4.788097 52.383464,4.788122 52.383481,4.790273 52.383503,4.790332 52.383488,4.790349 52.383469,4.790412 52.383376,4.790414 52.383313)),((4.788416 52.377883,4.788195 52.377881,4.788191 52.378025,4.788257 52.378027,4.788223 52.379206,4.788158 52.379207,4.788164 52.379261,4.788375 52.379262,4.788416 52.377883)),((4.788344 52.380328,4.788191 52.380326,4.788157 52.381284,4.788245 52.381284,4.788253 52.381295,4.788252 52.381331,4.7882 52.38133,4.788201 52.381314,4.788196 52.381352,4.788206 52.381359,4.788313 52.381362,4.788344 52.380328)),((4.78837 52.379454,4.788272 52.379479,4.788242 52.379503,4.788224 52.379536,4.788198 52.380247,4.78835 52.380249,4.78837 52.379454)),((4.788515 52.38032,4.788466 52.38032,4.788387 52.380351,4.788358 52.381377,4.78848 52.381395,4.788498 52.380437,4.788515 52.38032)),((4.788537 52.379536,4.788535 52.379456,4.788418 52.379471,4.788395 52.380228,4.788467 52.380262,4.788512 52.380262,4.788507 52.379999,4.788522 52.379557,4.788537 52.379536)),((4.79338 52.383348,4.793348 52.383348,4.793353 52.383357,4.793338 52.383363,4.792905 52.383365,4.791616 52.383334,4.790765 52.383329,4.790747 52.383321,4.790602 52.383313,4.790451 52.383313,4.79045 52.383366,4.790507 52.38347,4.79054 52.383494,4.790585 52.383506,4.79316 52.383534,4.793368 52.383549,4.79338 52.383348)),((4.793785 52.381896,4.793786 52.381829,4.793346 52.381826,4.793313 52.383008,4.79371 52.383011,4.793739 52.382998,4.793785 52.381896)),((4.793912 52.381831,4.79383 52.38183,4.793772 52.383005,4.793758 52.383024,4.793726 52.383036,4.793424 52.383036,4.793387 52.383078,4.793386 52.383298,4.793426 52.383299,4.793412 52.383558,4.793522 52.383595,4.793631 52.383651,4.793706 52.383706,4.793823 52.383819,4.793912 52.381831)),((4.793855 52.379981,4.793833 52.379711,4.793749 52.379366,4.793451 52.379396,4.793496 52.37957,4.793498 52.379624,4.793487 52.379661,4.7935 52.379663,4.793447 52.379741,4.793599 52.379811,4.79359 52.379818,4.793622 52.379835,4.793654 52.379816,4.793682 52.379826,4.793648 52.379849,4.793671 52.379885,4.793645 52.379963,4.793692 52.38012,4.793671 52.380196,4.793639 52.380239,4.793566 52.380283,4.793479 52.380307,4.793843 52.380311,4.793855 52.379981)))";"MULTIPOLYGON(((52.380372 4.793845,52.380369 4.793377,52.380388 4.793375,52.380387 4.793354,52.38061 4.793347,52.38061 4.793334,52.380656 4.793332,52.380664 4.793332,52.380664 4.793346,52.380887 4.793339,52.380886 4.793324,52.380894 4.793324,52.38094 4.793323,52.380941 4.793338,52.381163 4.793331,52.381163 4.793314,52.381217 4.793312,52.381217 4.793329,52.381439 4.793323,52.381447 4.793802,52.380372 4.793845)),((52.383313 4.790414,52.383312 4.790254,52.38332 4.79023,52.383322 4.790138,52.383317 4.789326,52.383309 4.788416,52.3833 4.78835,52.383269 4.788345,52.383248 4.788412,52.383218 4.788429,52.38298 4.788436,52.38298 4.788387,52.382993 4.788349,52.382995 4.788242,52.383012 4.788191,52.383041 4.788161,52.383247 4.788144,52.383464 4.788097,52.383481 4.788122,52.383503 4.790273,52.383488 4.790332,52.383469 4.790349,52.383376 4.790412,52.383313 4.790414)),((52.377883 4.788416,52.377881 4.788195,52.378025 4.788191,52.378027 4.788257,52.379206 4.788223,52.379207 4.788158,52.379261 4.788164,52.379262 4.788375,52.377883 4.788416)),((52.380328 4.788344,52.380326 4.788191,52.381284 4.788157,52.381284 4.788245,52.381295 4.788253,52.381331 4.788252,52.38133 4.7882,52.381314 4.788201,52.381352 4.788196,52.381359 4.788206,52.381362 4.788313,52.380328 4.788344)),((52.379454 4.78837,52.379479 4.788272,52.379503 4.788242,52.379536 4.788224,52.380247 4.788198,52.380249 4.78835,52.379454 4.78837)),((52.38032 4.788515,52.38032 4.788466,52.380351 4.788387,52.381377 4.788358,52.381395 4.78848,52.380437 4.788498,52.38032 4.788515)),((52.379536 4.788537,52.379456 4.788535,52.379471 4.788418,52.380228 4.788395,52.380262 4.788467,52.380262 4.788512,52.379999 4.788507,52.379557 4.788522,52.379536 4.788537)),((52.383348 4.79338,52.383348 4.793348,52.383357 4.793353,52.383363 4.793338,52.383365 4.792905,52.383334 4.791616,52.383329 4.790765,52.383321 4.790747,52.383313 4.790602,52.383313 4.790451,52.383366 4.79045,52.38347 4.790507,52.383494 4.79054,52.383506 4.790585,52.383534 4.79316,52.383549 4.793368,52.383348 4.79338)),((52.381896 4.793785,52.381829 4.793786,52.381826 4.793346,52.383008 4.793313,52.383011 4.79371,52.382998 4.793739,52.381896 4.793785)),((52.381831 4.793912,52.38183 4.79383,52.383005 4.793772,52.383024 4.793758,52.383036 4.793726,52.383036 4.793424,52.383078 4.793387,52.383298 4.793386,52.383299 4.793426,52.383558 4.793412,52.383595 4.793522,52.383651 4.793631,52.383706 4.793706,52.383819 4.793823,52.381831 4.793912)),((52.379981 4.793855,52.379711 4.793833,52.379366 4.793749,52.379396 4.793451,52.37957 4.793496,52.379624 4.793498,52.379661 4.793487,52.379663 4.7935,52.379741 4.793447,52.379811 4.793599,52.379818 4.79359,52.379835 4.793622,52.379816 4.793654,52.379826 4.793682,52.379849 4.793648,52.379885 4.793671,52.379963 4.793645,52.38012 4.793692,52.380196 4.793671,52.380239 4.793639,52.380283 4.793566,52.380307 4.793479,52.380311 4.793843,52.379981 4.793855)))";4.7910095;52.380843;
51;"Plein";"POLYGON((4.912115 52.391391,4.912907 52.391856,4.915417 52.390879,4.914689 52.390295,4.912115 52.391391))";"POLYGON((52.391391 4.912115,52.391856 4.912907,52.390879 4.915417,52.390295 4.914689,52.391391 4.912115))";4.913771;52.3910685;
52;"Plein";"POLYGON((4.953776 52.392363,4.954411 52.393462,4.955598 52.393806,4.956861 52.392243,4.954408 52.391485,4.953776 52.392363))";"POLYGON((52.392363 4.953776,52.393462 4.954411,52.393806 4.955598,52.392243 4.956861,52.391485 4.954408,52.392363 4.953776))";4.9553235;52.3926385;
53;"Plein";"POLYGON((4.857716 52.341688,4.857738 52.341407,4.857694 52.341114,4.857239 52.341138,4.855103 52.341306,4.854699 52.341315,4.854309 52.341295,4.853679 52.341214,4.853171 52.342634,4.852936 52.342867,4.852805 52.343138,4.852586 52.343715,4.852574 52.34389,4.852729 52.344215,4.85289 52.3444,4.852795 52.34468,4.856315 52.345159,4.856337 52.345112,4.856392 52.345063,4.856432 52.345041,4.856665 52.34496,4.856613 52.344864,4.856619 52.344723,4.857175 52.3431,4.857399 52.342564,4.857549 52.342132,4.857654 52.341881,4.857716 52.341688))";"POLYGON((52.341688 4.857716,52.341407 4.857738,52.341114 4.857694,52.341138 4.857239,52.341306 4.855103,52.341315 4.854699,52.341295 4.854309,52.341214 4.853679,52.342634 4.853171,52.342867 4.852936,52.343138 4.852805,52.343715 4.852586,52.34389 4.852574,52.344215 4.852729,52.3444 4.85289,52.34468 4.852795,52.345159 4.856315,52.345112 4.856337,52.345063 4.856392,52.345041 4.856432,52.34496 4.856665,52.344864 4.856613,52.344723 4.856619,52.3431 4.857175,52.342564 4.857399,52.342132 4.857549,52.341881 4.857654,52.341688 4.857716))";4.855161;52.3431295;
54;"Plein";"POLYGON((4.827271 52.346996,4.824329 52.346982,4.824274 52.35131,4.827216 52.351324,4.827271 52.346996))";"POLYGON((52.346996 4.827271,52.346982 4.824329,52.35131 4.824274,52.351324 4.827216,52.346996 4.827271))";4.8257775;52.349146;
55;"Plein";"POLYGON((4.909744 52.382319,4.909978 52.382189,4.90935 52.381719,4.908164 52.381821,4.908287 52.381915,4.908214 52.381951,4.908067 52.381838,4.90809 52.381827,4.907926 52.381841,4.907939 52.381865,4.909875 52.383268,4.910802 52.382804,4.910117 52.382292,4.909882 52.382417,4.909744 52.382319),(4.909669 52.381959,4.909807 52.382066,4.909571 52.382188,4.909428 52.382087,4.909669 52.381959),(4.908845 52.382001,4.909961 52.382801,4.909799 52.382881,4.90869 52.382084,4.908845 52.382001),(4.909494 52.381834,4.909246 52.381962,4.909113 52.381865,4.909357 52.381732,4.909404 52.381764,4.909494 52.381834))";"POLYGON((52.382319 4.909744,52.382189 4.909978,52.381719 4.90935,52.381821 4.908164,52.381915 4.908287,52.381951 4.908214,52.381838 4.908067,52.381827 4.90809,52.381841 4.907926,52.381865 4.907939,52.383268 4.909875,52.382804 4.910802,52.382292 4.910117,52.382417 4.909882,52.382319 4.909744),(52.381959 4.909669,52.382066 4.909807,52.382188 4.909571,52.382087 4.909428,52.381959 4.909669),(52.382001 4.908845,52.382801 4.909961,52.382881 4.909799,52.382084 4.90869,52.382001 4.908845),(52.381834 4.909494,52.381962 4.909246,52.381865 4.909113,52.381732 4.909357,52.381764 4.909404,52.381834 4.909494))";4.909369;52.3824865;
56;"Plein";"POLYGON((4.900546 52.370093,4.900564 52.370105,4.900581 52.370003,4.900545 52.370007,4.900549 52.37002,4.900515 52.370026,4.900501 52.370037,4.900415 52.370032,4.900395 52.37004,4.900316 52.370018,4.900293 52.370022,4.900229 52.369987,4.900206 52.369986,4.90017 52.369948,4.900074 52.369954,4.899913 52.36999,4.899919 52.370001,4.899887 52.370008,4.899876 52.369998,4.899732 52.370028,4.899787 52.370086,4.899805 52.37008,4.899815 52.370091,4.899799 52.370097,4.899834 52.370136,4.899852 52.37013,4.89991 52.370194,4.899892 52.3702,4.899928 52.370241,4.899946 52.370235,4.899957 52.370246,4.899939 52.370252,4.899976 52.370293,4.899994 52.370287,4.900002 52.370296,4.900051 52.37028,4.900089 52.370324,4.900041 52.37034,4.90005 52.370349,4.900032 52.370355,4.90007 52.370398,4.900088 52.370392,4.900098 52.370403,4.90008 52.370409,4.900105 52.370441,4.900125 52.370437,4.90014 52.370452,4.900224 52.370431,4.900229 52.37044,4.900328 52.370419,4.900342 52.370443,4.900369 52.370439,4.900377 52.370457,4.90041 52.370453,4.900393 52.370404,4.900368 52.370407,4.900372 52.370379,4.900347 52.370382,4.900351 52.370353,4.900375 52.37035,4.900384 52.370276,4.90036 52.370275,4.900363 52.370247,4.900387 52.370239,4.900358 52.370154,4.900333 52.370157,4.900321 52.370121,4.900546 52.370093))";"POLYGON((52.370093 4.900546,52.370105 4.900564,52.370003 4.900581,52.370007 4.900545,52.37002 4.900549,52.370026 4.900515,52.370037 4.900501,52.370032 4.900415,52.37004 4.900395,52.370018 4.900316,52.370022 4.900293,52.369987 4.900229,52.369986 4.900206,52.369948 4.90017,52.369954 4.900074,52.36999 4.899913,52.370001 4.899919,52.370008 4.899887,52.369998 4.899876,52.370028 4.899732,52.370086 4.899787,52.37008 4.899805,52.370091 4.899815,52.370097 4.899799,52.370136 4.899834,52.37013 4.899852,52.370194 4.89991,52.3702 4.899892,52.370241 4.899928,52.370235 4.899946,52.370246 4.899957,52.370252 4.899939,52.370293 4.899976,52.370287 4.899994,52.370296 4.900002,52.37028 4.900051,52.370324 4.900089,52.37034 4.900041,52.370349 4.90005,52.370355 4.900032,52.370398 4.90007,52.370392 4.900088,52.370403 4.900098,52.370409 4.90008,52.370441 4.900105,52.370437 4.900125,52.370452 4.90014,52.370431 4.900224,52.37044 4.900229,52.370419 4.900328,52.370443 4.900342,52.370439 4.900369,52.370457 4.900377,52.370453 4.90041,52.370404 4.900393,52.370407 4.900368,52.370379 4.900372,52.370382 4.900347,52.370353 4.900351,52.37035 4.900375,52.370276 4.900384,52.370275 4.90036,52.370247 4.900363,52.370239 4.900387,52.370154 4.900358,52.370157 4.900333,52.370121 4.900321,52.370093 4.900546))";4.9001615;52.3701955;
57;"Plein";"POLYGON((4.909694 52.359852,4.910157 52.359868,4.910351 52.359827,4.91047 52.359788,4.910303 52.359559,4.910508 52.359217,4.910304 52.359172,4.910099 52.359514,4.909923 52.359474,4.909694 52.359852))";"POLYGON((52.359852 4.909694,52.359868 4.910157,52.359827 4.910351,52.359788 4.91047,52.359559 4.910303,52.359217 4.910508,52.359172 4.910304,52.359514 4.910099,52.359474 4.909923,52.359852 4.909694))";4.910106;52.359513;
58;"Plein";"POLYGON((4.909059 52.360001,4.909261 52.360047,4.90957 52.359532,4.909368 52.359486,4.909059 52.360001))";"POLYGON((52.360001 4.909059,52.360047 4.909261,52.359532 4.90957,52.359486 4.909368,52.360001 4.909059))";4.9093195;52.3597595;
59;"Plein";"POLYGON((4.910733 52.359133,4.910904 52.358851,4.910551 52.35877,4.910379 52.359053,4.910733 52.359133))";"POLYGON((52.359133 4.910733,52.358851 4.910904,52.35877 4.910551,52.359053 4.910379,52.359133 4.910733))";4.9106465;52.3589445;
60;"Plein";"POLYGON((4.89825 52.362186,4.896386 52.361831,4.896411 52.362138,4.896963 52.362243,4.896897 52.362381,4.897011 52.362403,4.896956 52.362509,4.898002 52.362709,4.89825 52.362186))";"POLYGON((52.362186 4.89825,52.361831 4.896386,52.362138 4.896411,52.362243 4.896963,52.362381 4.896897,52.362403 4.897011,52.362509 4.896956,52.362709 4.898002,52.362186 4.89825))";4.897323;52.362263;
61;"Plein";"POLYGON((4.897577 52.36644,4.897641 52.366442,4.897692 52.366408,4.89766 52.366107,4.897625 52.3661,4.897717 52.365865,4.897074 52.365775,4.89706 52.365811,4.896003 52.365667,4.896097 52.365022,4.895896 52.36497,4.895604 52.365006,4.89557 52.365446,4.895628 52.365448,4.895575 52.366182,4.895665 52.366206,4.895628 52.366259,4.895734 52.366366,4.895787 52.366363,4.895809 52.366378,4.895921 52.366367,4.896372 52.366349,4.897104 52.366383,4.897109 52.366422,4.897577 52.36644))";"POLYGON((52.36644 4.897577,52.366442 4.897641,52.366408 4.897692,52.366107 4.89766,52.3661 4.897625,52.365865 4.897717,52.365775 4.897074,52.365811 4.89706,52.365667 4.896003,52.365022 4.896097,52.36497 4.895896,52.365006 4.895604,52.365446 4.89557,52.365448 4.895628,52.366182 4.895575,52.366206 4.895665,52.366259 4.895628,52.366366 4.895734,52.366363 4.895787,52.366378 4.895809,52.366367 4.895921,52.366349 4.896372,52.366383 4.897104,52.366422 4.897109,52.36644 4.897577))";4.8966485;52.365699;
62;"Plein";"POLYGON((4.917578 52.347691,4.918288 52.347845,4.919498 52.345858,4.918393 52.345602,4.917982 52.346274,4.91844 52.346389,4.918382 52.346489,4.918823 52.346565,4.918564 52.346992,4.918074 52.346877,4.917578 52.347691))";"POLYGON((52.347691 4.917578,52.347845 4.918288,52.345858 4.919498,52.345602 4.918393,52.346274 4.917982,52.346389 4.91844,52.346489 4.918382,52.346565 4.918823,52.346992 4.918564,52.346877 4.918074,52.347691 4.917578))";4.918543;52.3467165;
63;"Plein";"POLYGON((4.906101 52.367046,4.905873 52.366928,4.905517 52.3668,4.904875 52.366676,4.904321 52.367562,4.904439 52.367617,4.906101 52.367046))";"POLYGON((52.367046 4.906101,52.366928 4.905873,52.3668 4.905517,52.366676 4.904875,52.367562 4.904321,52.367617 4.904439,52.367046 4.906101))";4.905216;52.3671395;
64;"Plein";"POLYGON((4.900781 52.369113,4.903233 52.368097,4.90279 52.367718,4.900355 52.368726,4.900781 52.369113))";"POLYGON((52.369113 4.900781,52.368097 4.903233,52.367718 4.90279,52.368726 4.900355,52.369113 4.900781))";4.901799;52.3684085;
65;"Plein";"POLYGON((4.89534 52.374637,4.895898 52.374377,4.89509 52.373851,4.89465 52.374077,4.89534 52.374637))";"POLYGON((52.374637 4.89534,52.374377 4.895898,52.373851 4.89509,52.374077 4.89465,52.374637 4.89534))";4.895279;52.374237;
66;"Plein";"POLYGON((4.888603 52.368816,4.888585 52.36886,4.888856 52.368898,4.889438 52.368911,4.889722 52.368932,4.890435 52.369132,4.890503 52.368937,4.890583 52.368752,4.890412 52.368718,4.889906 52.368641,4.88982 52.36862,4.889812 52.368658,4.889213 52.368499,4.889112 52.368454,4.889056 52.368416,4.889051 52.36839,4.888868 52.368535,4.888603 52.368816))";"POLYGON((52.368816 4.888603,52.36886 4.888585,52.368898 4.888856,52.368911 4.889438,52.368932 4.889722,52.369132 4.890435,52.368937 4.890503,52.368752 4.890583,52.368718 4.890412,52.368641 4.889906,52.36862 4.88982,52.368658 4.889812,52.368499 4.889213,52.368454 4.889112,52.368416 4.889056,52.36839 4.889051,52.368535 4.888868,52.368816 4.888603))";4.889589;52.368754;
67;"Plein";"POLYGON((4.915408 52.371123,4.915948 52.371305,4.916392 52.370788,4.915408 52.371123))";"POLYGON((52.371123 4.915408,52.371305 4.915948,52.370788 4.916392,52.371123 4.915408))";4.915905;52.3710395;
68;"Plein";"POLYGON((4.912467 52.378776,4.913193 52.378663,4.912819 52.37786,4.91217 52.377975,4.912142 52.378007,4.912132 52.378045,4.912387 52.378576,4.912467 52.378776))";"POLYGON((52.378776 4.912467,52.378663 4.913193,52.37786 4.912819,52.377975 4.91217,52.378007 4.912142,52.378045 4.912132,52.378576 4.912387,52.378776 4.912467))";4.9126675;52.378311;
69;"Plein";"POLYGON((4.890529 52.371614,4.890518 52.371414,4.890458 52.371244,4.890179 52.370797,4.890105 52.370718,4.890014 52.370641,4.889943 52.370667,4.890079 52.370914,4.89013 52.371067,4.890175 52.371212,4.890235 52.371495,4.890249 52.371617,4.890488 52.371639,4.890511 52.371634,4.890529 52.371614))";"POLYGON((52.371614 4.890529,52.371414 4.890518,52.371244 4.890458,52.370797 4.890179,52.370718 4.890105,52.370641 4.890014,52.370667 4.889943,52.370914 4.890079,52.371067 4.89013,52.371212 4.890175,52.371495 4.890235,52.371617 4.890249,52.371639 4.890488,52.371634 4.890511,52.371614 4.890529))";4.890241;52.371133;
70;"Plein";"POLYGON((4.894506 52.372877,4.89417 52.372619,4.894081 52.372516,4.894006 52.3724,4.89385 52.372438,4.893122 52.372586,4.892741 52.372637,4.892108 52.372668,4.891746 52.372662,4.891743 52.372734,4.891412 52.372723,4.891263 52.372712,4.891261 52.37272,4.891026 52.3727,4.890911 52.372681,4.890749 52.372681,4.890715 52.373075,4.890721 52.373186,4.890755 52.373309,4.89094 52.373724,4.891246 52.373662,4.891567 52.373643,4.891837 52.373639,4.892253 52.373734,4.892328 52.373699,4.892252 52.373588,4.892472 52.373528,4.893012 52.373333,4.893244 52.373484,4.893601 52.373305,4.894506 52.372877),(4.891747 52.37327,4.891753 52.373395,4.891769 52.373395,4.891774 52.373504,4.891596 52.373507,4.891596 52.373493,4.89154 52.373495,4.89154 52.373508,4.891518 52.373508,4.891518 52.373499,4.891185 52.373504,4.891185 52.373514,4.891164 52.373514,4.891164 52.373502,4.891107 52.373503,4.891109 52.373516,4.890931 52.373519,4.890926 52.37341,4.890944 52.37341,4.890936 52.373272,4.890863 52.373273,4.89086 52.373183,4.890823 52.373184,4.89082 52.373136,4.890857 52.373135,4.890854 52.373045,4.890927 52.373044,4.89092 52.372906,4.890902 52.372906,4.890898 52.372798,4.891075 52.372795,4.891075 52.372807,4.891224 52.372802,4.891222 52.372787,4.89126 52.372787,4.89126 52.372801,4.891486 52.372801,4.891564 52.372799,4.891563 52.372787,4.891741 52.372784,4.891745 52.372892,4.891729 52.372892,4.891735 52.373018,4.891829 52.373015,4.89184 52.373268,4.891747 52.37327))";"POLYGON((52.372877 4.894506,52.372619 4.89417,52.372516 4.894081,52.3724 4.894006,52.372438 4.89385,52.372586 4.893122,52.372637 4.892741,52.372668 4.892108,52.372662 4.891746,52.372734 4.891743,52.372723 4.891412,52.372712 4.891263,52.37272 4.891261,52.3727 4.891026,52.372681 4.890911,52.372681 4.890749,52.373075 4.890715,52.373186 4.890721,52.373309 4.890755,52.373724 4.89094,52.373662 4.891246,52.373643 4.891567,52.373639 4.891837,52.373734 4.892253,52.373699 4.892328,52.373588 4.892252,52.373528 4.892472,52.373333 4.893012,52.373484 4.893244,52.373305 4.893601,52.372877 4.894506),(52.37327 4.891747,52.373395 4.891753,52.373395 4.891769,52.373504 4.891774,52.373507 4.891596,52.373493 4.891596,52.373495 4.89154,52.373508 4.89154,52.373508 4.891518,52.373499 4.891518,52.373504 4.891185,52.373514 4.891185,52.373514 4.891164,52.373502 4.891164,52.373503 4.891107,52.373516 4.891109,52.373519 4.890931,52.37341 4.890926,52.37341 4.890944,52.373272 4.890936,52.373273 4.890863,52.373183 4.89086,52.373184 4.890823,52.373136 4.89082,52.373135 4.890857,52.373045 4.890854,52.373044 4.890927,52.372906 4.89092,52.372906 4.890902,52.372798 4.890898,52.372795 4.891075,52.372807 4.891075,52.372802 4.891224,52.372787 4.891222,52.372787 4.89126,52.372801 4.89126,52.372801 4.891486,52.372799 4.891564,52.372787 4.891563,52.372784 4.891741,52.372892 4.891745,52.372892 4.891729,52.373018 4.891735,52.373015 4.891829,52.373268 4.89184,52.37327 4.891747))";4.8926155;52.37306;
71;"Plein";"POLYGON((4.822449 52.38111,4.822451 52.381051,4.822371 52.380866,4.822857 52.380791,4.822872 52.38083,4.822974 52.380815,4.822864 52.380553,4.822826 52.380557,4.822832 52.380569,4.822707 52.380589,4.822712 52.380604,4.822609 52.38062,4.822626 52.380662,4.822576 52.38067,4.822578 52.380675,4.822079 52.380753,4.822067 52.380726,4.822263 52.380695,4.822189 52.380518,4.822226 52.380513,4.822193 52.380434,4.822158 52.38044,4.821923 52.379877,4.821956 52.379872,4.821928 52.379803,4.821894 52.379809,4.821864 52.379737,4.821898 52.379732,4.82187 52.379662,4.822126 52.379622,4.822113 52.379534,4.822039 52.379528,4.821795 52.379431,4.821733 52.379423,4.821621 52.379421,4.821461 52.379434,4.820899 52.379523,4.820883 52.379539,4.820924 52.379612,4.820914 52.379613,4.82099 52.379796,4.821 52.379794,4.82102 52.37984,4.82101 52.379842,4.821075 52.38,4.821573 52.381168,4.821631 52.3812,4.821712 52.381201,4.821713 52.381207,4.822449 52.38111),(4.822073 52.381094,4.822066 52.381076,4.822085 52.381073,4.822092 52.38109,4.822073 52.381094),(4.821013 52.379536,4.821005 52.379516,4.821034 52.379511,4.821043 52.379532,4.821013 52.379536),(4.821967 52.381106,4.82196 52.381088,4.821989 52.381083,4.821997 52.3811,4.821967 52.381106),(4.821129 52.379719,4.82109 52.379626,4.82123 52.379605,4.821267 52.379698,4.821129 52.379719),(4.821713 52.381108,4.821706 52.38109,4.821734 52.381086,4.821741 52.381104,4.821713 52.381108),(4.821244 52.379522,4.821233 52.379495,4.821272 52.379489,4.821282 52.379517,4.821244 52.379522),(4.822069 52.381036,4.822047 52.380979,4.821729 52.381029,4.82158 52.380674,4.821965 52.380615,4.822014 52.380734,4.822037 52.38073,4.822048 52.380758,4.822026 52.380762,4.822113 52.380969,4.822092 52.380972,4.822099 52.380988,4.822153 52.381012,4.822158 52.381022,4.822069 52.381036),(4.821404 52.379552,4.821395 52.379534,4.821426 52.379529,4.821433 52.379547,4.821404 52.379552),(4.821509 52.379567,4.821475 52.379486,4.821736 52.379446,4.821768 52.379526,4.821509 52.379567),(4.821451 52.379466,4.821442 52.379448,4.821473 52.379442,4.82148 52.379461,4.821451 52.379466))";"POLYGON((52.38111 4.822449,52.381051 4.822451,52.380866 4.822371,52.380791 4.822857,52.38083 4.822872,52.380815 4.822974,52.380553 4.822864,52.380557 4.822826,52.380569 4.822832,52.380589 4.822707,52.380604 4.822712,52.38062 4.822609,52.380662 4.822626,52.38067 4.822576,52.380675 4.822578,52.380753 4.822079,52.380726 4.822067,52.380695 4.822263,52.380518 4.822189,52.380513 4.822226,52.380434 4.822193,52.38044 4.822158,52.379877 4.821923,52.379872 4.821956,52.379803 4.821928,52.379809 4.821894,52.379737 4.821864,52.379732 4.821898,52.379662 4.82187,52.379622 4.822126,52.379534 4.822113,52.379528 4.822039,52.379431 4.821795,52.379423 4.821733,52.379421 4.821621,52.379434 4.821461,52.379523 4.820899,52.379539 4.820883,52.379612 4.820924,52.379613 4.820914,52.379796 4.82099,52.379794 4.821,52.37984 4.82102,52.379842 4.82101,52.38 4.821075,52.381168 4.821573,52.3812 4.821631,52.381201 4.821712,52.381207 4.821713,52.38111 4.822449),(52.381094 4.822073,52.381076 4.822066,52.381073 4.822085,52.38109 4.822092,52.381094 4.822073),(52.379536 4.821013,52.379516 4.821005,52.379511 4.821034,52.379532 4.821043,52.379536 4.821013),(52.381106 4.821967,52.381088 4.82196,52.381083 4.821989,52.3811 4.821997,52.381106 4.821967),(52.379719 4.821129,52.379626 4.82109,52.379605 4.82123,52.379698 4.821267,52.379719 4.821129),(52.381108 4.821713,52.38109 4.821706,52.381086 4.821734,52.381104 4.821741,52.381108 4.821713),(52.379522 4.821244,52.379495 4.821233,52.379489 4.821272,52.379517 4.821282,52.379522 4.821244),(52.381036 4.822069,52.380979 4.822047,52.381029 4.821729,52.380674 4.82158,52.380615 4.821965,52.380734 4.822014,52.38073 4.822037,52.380758 4.822048,52.380762 4.822026,52.380969 4.822113,52.380972 4.822092,52.380988 4.822099,52.381012 4.822153,52.381022 4.822158,52.381036 4.822069),(52.379552 4.821404,52.379534 4.821395,52.379529 4.821426,52.379547 4.821433,52.379552 4.821404),(52.379567 4.821509,52.379486 4.821475,52.379446 4.821736,52.379526 4.821768,52.379567 4.821509),(52.379466 4.821451,52.379448 4.821442,52.379442 4.821473,52.379461 4.82148,52.379466 4.821451))";4.8219335;52.380307;
72;"Plein";"POLYGON((4.906908 52.362265,4.907839 52.362469,4.908283 52.361728,4.908156 52.361699,4.908322 52.361428,4.907481 52.361256,4.906908 52.362265))";"POLYGON((52.362265 4.906908,52.362469 4.907839,52.361728 4.908283,52.361699 4.908156,52.361428 4.908322,52.361256 4.907481,52.362265 4.906908))";4.90762;52.3618555;
73;"Plein";"POLYGON((4.889347 52.367535,4.889786 52.367216,4.889592 52.367051,4.88915 52.366909,4.888713 52.366756,4.888347 52.366925,4.889286 52.367216,4.889291 52.367242,4.889054 52.367421,4.889347 52.367535))";"POLYGON((52.367535 4.889347,52.367216 4.889786,52.367051 4.889592,52.366909 4.88915,52.366756 4.888713,52.366925 4.888347,52.367216 4.889286,52.367242 4.889291,52.367421 4.889054,52.367535 4.889347))";4.8890715;52.3671385;
74;"Plein";"POLYGON((4.884547 52.384552,4.884302 52.384359,4.88382 52.38403,4.883143 52.384417,4.883289 52.384515,4.883735 52.385008,4.884547 52.384552))";"POLYGON((52.384552 4.884547,52.384359 4.884302,52.38403 4.88382,52.384417 4.883143,52.384515 4.883289,52.385008 4.883735,52.384552 4.884547))";4.88385;52.384512;
75;"Plein";"POLYGON((4.84512 52.378677,4.846314 52.378918,4.846394 52.378808,4.846197 52.378787,4.846433 52.378369,4.846074 52.37831,4.846162 52.378205,4.847151 52.378382,4.847185 52.378341,4.847161 52.378289,4.845139 52.377898,4.845053 52.377975,4.845752 52.378088,4.845674 52.378225,4.845341 52.378165,4.845105 52.378619,4.84512 52.378677))";"POLYGON((52.378677 4.84512,52.378918 4.846314,52.378808 4.846394,52.378787 4.846197,52.378369 4.846433,52.37831 4.846074,52.378205 4.846162,52.378382 4.847151,52.378341 4.847185,52.378289 4.847161,52.377898 4.845139,52.377975 4.845053,52.378088 4.845752,52.378225 4.845674,52.378165 4.845341,52.378619 4.845105,52.378677 4.84512))";4.846124;52.378401;
76;"Plein";"POLYGON((4.837845 52.388512,4.839096 52.38854,4.839198 52.386234,4.83797 52.386206,4.837845 52.388512))";"POLYGON((52.388512 4.837845,52.38854 4.839096,52.386234 4.839198,52.386206 4.83797,52.388512 4.837845))";4.8385265;52.387366;
77;"Plein";"POLYGON((4.836725 52.389596,4.836738 52.390937,4.837377 52.39093,4.837359 52.389318,4.837333 52.389242,4.837411 52.387635,4.836346 52.388082,4.836365 52.388274,4.83677 52.388606,4.836725 52.389596))";"POLYGON((52.389596 4.836725,52.390937 4.836738,52.39093 4.837377,52.389318 4.837359,52.389242 4.837333,52.387635 4.837411,52.388082 4.836346,52.388274 4.836365,52.388606 4.83677,52.389596 4.836725))";4.8368835;52.389279;
78;"Plein";"MULTIPOLYGON(((4.874248 52.336793,4.873234 52.336791,4.873122 52.338105,4.873781 52.338107,4.873787 52.33787,4.874161 52.337869,4.874248 52.336793)),((4.873904 52.336222,4.873295 52.336217,4.873297 52.336544,4.873896 52.336547,4.873904 52.336222)),((4.874226 52.33588,4.874231 52.335507,4.873358 52.335506,4.873353 52.335887,4.874226 52.33588)),((4.873564 52.339588,4.872925 52.339554,4.872862 52.340656,4.873431 52.34067,4.873564 52.339588)))";"MULTIPOLYGON(((52.336793 4.874248,52.336791 4.873234,52.338105 4.873122,52.338107 4.873781,52.33787 4.873787,52.337869 4.874161,52.336793 4.874248)),((52.336222 4.873904,52.336217 4.873295,52.336544 4.873297,52.336547 4.873896,52.336222 4.873904)),((52.33588 4.874226,52.335507 4.874231,52.335506 4.873358,52.335887 4.873353,52.33588 4.874226)),((52.339588 4.873564,52.339554 4.872925,52.340656 4.872862,52.34067 4.873431,52.339588 4.873564)))";4.87356;52.338081;
79;"Plein";"POLYGON((4.885966 52.379842,4.88774 52.380166,4.887033 52.379403,4.886527 52.378839,4.886414 52.37883,4.886104 52.379481,4.885966 52.379842),(4.88661 52.37955,4.886678 52.379618,4.886771 52.379583,4.886832 52.379644,4.886738 52.37968,4.886787 52.379729,4.886467 52.379847,4.886174 52.379801,4.886107 52.379734,4.886181 52.379555,4.886387 52.379481,4.886419 52.379414,4.886635 52.379447,4.886703 52.379513,4.88661 52.37955))";"POLYGON((52.379842 4.885966,52.380166 4.88774,52.379403 4.887033,52.378839 4.886527,52.37883 4.886414,52.379481 4.886104,52.379842 4.885966),(52.37955 4.88661,52.379618 4.886678,52.379583 4.886771,52.379644 4.886832,52.37968 4.886738,52.379729 4.886787,52.379847 4.886467,52.379801 4.886174,52.379734 4.886107,52.379555 4.886181,52.379481 4.886387,52.379414 4.886419,52.379447 4.886635,52.379513 4.886703,52.37955 4.88661))";4.886858;52.379491;
80;"Plein";"POLYGON((4.89899 52.37451,4.898575 52.374109,4.898371 52.373973,4.898317 52.373927,4.89827 52.373925,4.898117 52.373806,4.898003 52.373884,4.897777 52.373935,4.897519 52.373955,4.897457 52.373967,4.897475 52.37399,4.897364 52.374017,4.897349 52.373994,4.89729 52.374009,4.897213 52.374006,4.897202 52.374319,4.897237 52.374399,4.897357 52.374556,4.897461 52.374613,4.897724 52.374685,4.897794 52.374712,4.898072 52.374699,4.898471 52.374653,4.898635 52.374613,4.89899 52.37451),(4.898727 52.374446,4.898641 52.374512,4.898566 52.374544,4.898598 52.374585,4.898449 52.37462,4.898303 52.374637,4.897823 52.374617,4.897599 52.374578,4.897519 52.374535,4.897499 52.374304,4.897517 52.374184,4.897641 52.374087,4.897881 52.374085,4.898118 52.374093,4.898122 52.374057,4.898274 52.374062,4.898268 52.374149,4.89847 52.374156,4.898625 52.374263,4.898736 52.374371,4.898727 52.374446))";"POLYGON((52.37451 4.89899,52.374109 4.898575,52.373973 4.898371,52.373927 4.898317,52.373925 4.89827,52.373806 4.898117,52.373884 4.898003,52.373935 4.897777,52.373955 4.897519,52.373967 4.897457,52.37399 4.897475,52.374017 4.897364,52.373994 4.897349,52.374009 4.89729,52.374006 4.897213,52.374319 4.897202,52.374399 4.897237,52.374556 4.897357,52.374613 4.897461,52.374685 4.897724,52.374712 4.897794,52.374699 4.898072,52.374653 4.898471,52.374613 4.898635,52.37451 4.89899),(52.374446 4.898727,52.374512 4.898641,52.374544 4.898566,52.374585 4.898598,52.37462 4.898449,52.374637 4.898303,52.374617 4.897823,52.374578 4.897599,52.374535 4.897519,52.374304 4.897499,52.374184 4.897517,52.374087 4.897641,52.374085 4.897881,52.374093 4.898118,52.374057 4.898122,52.374062 4.898274,52.374149 4.898268,52.374156 4.89847,52.374263 4.898625,52.374371 4.898736,52.374446 4.898727))";4.898101;52.374252;
81;"Plein";"POLYGON((4.901475 52.372009,4.901403 52.371956,4.901072 52.371767,4.900894 52.372054,4.900501 52.372003,4.900359 52.372002,4.900114 52.372062,4.899982 52.371922,4.899388 52.37216,4.900042 52.373058,4.900192 52.373045,4.90018 52.37317,4.900418 52.373172,4.900477 52.373298,4.901242 52.373163,4.900995 52.372616,4.900825 52.37236,4.901475 52.372009),(4.900487 52.372717,4.900461 52.372718,4.90043 52.372756,4.900475 52.372767,4.900478 52.372801,4.900444 52.372817,4.900401 52.372811,4.900345 52.372874,4.900358 52.372883,4.90035 52.372902,4.900315 52.372904,4.900302 52.372894,4.900307 52.372879,4.900176 52.372839,4.900159 52.37285,4.900126 52.372845,4.900119 52.372831,4.900127 52.372822,4.90016 52.372816,4.90021 52.372755,4.900179 52.372741,4.900172 52.372722,4.900181 52.372709,4.900219 52.372694,4.900264 52.372706,4.900294 52.372669,4.900281 52.372659,4.900297 52.372637,4.900333 52.372643,4.900335 52.372662,4.900445 52.372694,4.90048 52.372684,4.900502 52.3727,4.900487 52.372717))";"POLYGON((52.372009 4.901475,52.371956 4.901403,52.371767 4.901072,52.372054 4.900894,52.372003 4.900501,52.372002 4.900359,52.372062 4.900114,52.371922 4.899982,52.37216 4.899388,52.373058 4.900042,52.373045 4.900192,52.37317 4.90018,52.373172 4.900418,52.373298 4.900477,52.373163 4.901242,52.372616 4.900995,52.37236 4.900825,52.372009 4.901475),(52.372717 4.900487,52.372718 4.900461,52.372756 4.90043,52.372767 4.900475,52.372801 4.900478,52.372817 4.900444,52.372811 4.900401,52.372874 4.900345,52.372883 4.900358,52.372902 4.90035,52.372904 4.900315,52.372894 4.900302,52.372879 4.900307,52.372839 4.900176,52.37285 4.900159,52.372845 4.900126,52.372831 4.900119,52.372822 4.900127,52.372816 4.90016,52.372755 4.90021,52.372741 4.900179,52.372722 4.900172,52.372709 4.900181,52.372694 4.900219,52.372706 4.900264,52.372669 4.900294,52.372659 4.900281,52.372637 4.900297,52.372643 4.900333,52.372662 4.900335,52.372694 4.900445,52.372684 4.90048,52.3727 4.900502,52.372717 4.900487))";4.9004365;52.3725255;
82;"Plein";"POLYGON((4.884906 52.374696,4.884669 52.374425,4.884632 52.374097,4.883418 52.374145,4.883442 52.374383,4.884332 52.374353,4.88436 52.374652,4.884076 52.374662,4.88402 52.374672,4.884243 52.374927,4.884906 52.374696))";"POLYGON((52.374696 4.884906,52.374425 4.884669,52.374097 4.884632,52.374145 4.883418,52.374383 4.883442,52.374353 4.884332,52.374652 4.88436,52.374662 4.884076,52.374672 4.88402,52.374927 4.884243,52.374696 4.884906))";4.884167;52.374505;
83;"Plein";"POLYGON((4.940398 52.363838,4.94035 52.363615,4.940214 52.363457,4.940056 52.363363,4.939733 52.363266,4.939363 52.363294,4.93936 52.363667,4.938528 52.36366,4.938502 52.364206,4.939218 52.363997,4.939342 52.364045,4.939708 52.363989,4.939809 52.363917,4.940398 52.363838),(4.940031 52.363566,4.940078 52.363611,4.939968 52.363648,4.939861 52.363571,4.939745 52.363511,4.939805 52.363444,4.939879 52.363473,4.939915 52.363442,4.939989 52.363462,4.940048 52.363497,4.940081 52.363543,4.940031 52.363566))";"POLYGON((52.363838 4.940398,52.363615 4.94035,52.363457 4.940214,52.363363 4.940056,52.363266 4.939733,52.363294 4.939363,52.363667 4.93936,52.36366 4.938528,52.364206 4.938502,52.363997 4.939218,52.364045 4.939342,52.363989 4.939708,52.363917 4.939809,52.363838 4.940398),(52.363566 4.940031,52.363611 4.940078,52.363648 4.939968,52.363571 4.939861,52.363511 4.939745,52.363444 4.939805,52.363473 4.939879,52.363442 4.939915,52.363462 4.939989,52.363497 4.940048,52.363543 4.940081,52.363566 4.940031))";4.939455;52.363729;
84;"Plein";"POLYGON((4.85207 52.358876,4.852396 52.358886,4.852395 52.35902,4.853646 52.359043,4.853911 52.358825,4.854029 52.358578,4.853986 52.35832,4.853748 52.357993,4.853461 52.357838,4.853061 52.357727,4.853006 52.357721,4.852336 52.35771,4.852335 52.357736,4.852114 52.357735,4.85207 52.358876))";"POLYGON((52.358876 4.85207,52.358886 4.852396,52.35902 4.852395,52.359043 4.853646,52.358825 4.853911,52.358578 4.854029,52.35832 4.853986,52.357993 4.853748,52.357838 4.853461,52.357727 4.853061,52.357721 4.853006,52.35771 4.852336,52.357736 4.852335,52.357735 4.852114,52.358876 4.85207))";4.8530545;52.3583695;
85;"Plein";"MULTIPOLYGON(((4.858617 52.343371,4.857474 52.343214,4.856889 52.344919,4.858033 52.345075,4.858617 52.343371)),((4.856708 52.3435,4.855656 52.343356,4.855427 52.343981,4.856454 52.34413,4.856708 52.3435)))";"MULTIPOLYGON(((52.343371 4.858617,52.343214 4.857474,52.344919 4.856889,52.345075 4.858033,52.343371 4.858617)),((52.3435 4.856708,52.343356 4.855656,52.343981 4.855427,52.34413 4.856454,52.3435 4.856708)))";4.857027;52.3441375;
86;"Plein";"POLYGON((4.867293 52.368391,4.867986 52.368372,4.868239 52.368372,4.868348 52.368186,4.868101 52.36792,4.868243 52.367727,4.867959 52.367655,4.867461 52.367556,4.866953 52.368319,4.867293 52.368391))";"POLYGON((52.368391 4.867293,52.368372 4.867986,52.368372 4.868239,52.368186 4.868348,52.36792 4.868101,52.367727 4.868243,52.367655 4.867959,52.367556 4.867461,52.368319 4.866953,52.368391 4.867293))";4.8676555;52.3679665;
87;"Plein";"POLYGON((4.833451 52.358207,4.834757 52.358218,4.834771 52.357561,4.834567 52.357556,4.8346 52.356377,4.833474 52.356377,4.833451 52.358207))";"POLYGON((52.358207 4.833451,52.358218 4.834757,52.357561 4.834771,52.357556 4.834567,52.356377 4.8346,52.356377 4.833474,52.358207 4.833451))";4.834116;52.3572905;
88;"Plein";"POLYGON((4.89097 52.343149,4.891171 52.343165,4.891863 52.342265,4.891773 52.340702,4.890635 52.340797,4.890411 52.340897,4.890629 52.342367,4.890828 52.342339,4.89097 52.343149))";"POLYGON((52.343149 4.89097,52.343165 4.891171,52.342265 4.891863,52.340702 4.891773,52.340797 4.890635,52.340897 4.890411,52.342367 4.890629,52.342339 4.890828,52.343149 4.89097))";4.891142;52.3419265;
89;"Plein";"POLYGON((4.891887 52.400964,4.894726 52.402975,4.899067 52.401038,4.896969 52.399339,4.895679 52.398831,4.891273 52.398839,4.891887 52.400964))";"POLYGON((52.400964 4.891887,52.402975 4.894726,52.401038 4.899067,52.399339 4.896969,52.398831 4.895679,52.398839 4.891273,52.400964 4.891887))";4.895175;52.400896;
90;"Plein";"POLYGON((4.903588 52.385937,4.903925 52.385484,4.901763 52.384384,4.900422 52.385373,4.903588 52.385937))";"POLYGON((52.385937 4.903588,52.385484 4.903925,52.384384 4.901763,52.385373 4.900422,52.385937 4.903588))";4.9021785;52.3851535;
91;"Plein";"POLYGON((4.868243 52.367727,4.868101 52.36792,4.868348 52.368186,4.869488 52.366588,4.869304 52.366542,4.868414 52.367778,4.868243 52.367727))";"POLYGON((52.367727 4.868243,52.36792 4.868101,52.368186 4.868348,52.366588 4.869488,52.366542 4.869304,52.367778 4.868414,52.367727 4.868243))";4.8687995;52.367357;
92;"Plein";"POLYGON((4.949507 52.312331,4.948211 52.311857,4.947895 52.312227,4.945876 52.312024,4.945838 52.312374,4.943449 52.312544,4.94033 52.312623,4.940401 52.312738,4.939435 52.312673,4.939537 52.313282,4.940572 52.313618,4.941123 52.313025,4.942828 52.312889,4.943358 52.313068,4.943313 52.313217,4.947373 52.312837,4.948687 52.31328,4.949025 52.31291,4.949507 52.312331))";"POLYGON((52.312331 4.949507,52.311857 4.948211,52.312227 4.947895,52.312024 4.945876,52.312374 4.945838,52.312544 4.943449,52.312623 4.94033,52.312738 4.940401,52.312673 4.939435,52.313282 4.939537,52.313618 4.940572,52.313025 4.941123,52.312889 4.942828,52.313068 4.943358,52.313217 4.943313,52.312837 4.947373,52.31328 4.948687,52.31291 4.949025,52.312331 4.949507))";4.944476;52.3127305;
93;"Plein";"POLYGON((4.957418 52.314938,4.956735 52.314674,4.956357 52.314562,4.956004 52.314441,4.955967 52.314479,4.955806 52.314423,4.955932 52.314287,4.955657 52.314188,4.955572 52.314289,4.954384 52.314501,4.954255 52.314466,4.954123 52.314178,4.954723 52.313528,4.954571 52.31347,4.954573 52.313502,4.954555 52.31352,4.954511 52.313536,4.954467 52.313521,4.953978 52.314054,4.953944 52.314065,4.953893 52.31412,4.953724 52.314147,4.95364 52.314118,4.9536 52.314119,4.952831 52.313854,4.952713 52.3138,4.952535 52.313754,4.95221 52.313791,4.951971 52.313397,4.951971 52.313318,4.952082 52.31329,4.952083 52.313184,4.952147 52.313028,4.95223 52.312928,4.951958 52.312903,4.951299 52.313576,4.950429 52.313278,4.950522 52.313175,4.949913 52.312941,4.949415 52.312767,4.949084 52.313129,4.949543 52.313299,4.949656 52.313174,4.951149 52.313684,4.951023 52.313881,4.951191 52.313946,4.95121 52.313982,4.951045 52.314173,4.950886 52.3142,4.950971 52.314272,4.95124 52.314373,4.950974 52.314661,4.951212 52.314747,4.951624 52.314291,4.951613 52.314266,4.951631 52.314263,4.951582 52.314154,4.951606 52.314128,4.951976 52.314063,4.952014 52.314076,4.952066 52.314188,4.952083 52.314184,4.952132 52.314291,4.952239 52.314311,4.953509 52.314749,4.953595 52.314937,4.953515 52.315025,4.953553 52.315039,4.953163 52.315457,4.953406 52.31555,4.953829 52.315016,4.953946 52.314934,4.954292 52.314874,4.954333 52.314889,4.95449 52.315229,4.954615 52.315271,4.954748 52.315366,4.954932 52.315477,4.955156 52.315589,4.955422 52.315696,4.955797 52.315821,4.955532 52.316152,4.955624 52.316195,4.955744 52.316107,4.956255 52.316352,4.956603 52.315952,4.956578 52.315841,4.957236 52.31512,4.957418 52.314938),(4.956023 52.315612,4.955562 52.315478,4.955489 52.315452,4.955505 52.315431,4.954681 52.315148,4.954427 52.314595,4.955601 52.314388,4.956377 52.314655,4.956824 52.314788,4.956023 52.315612),(4.953275 52.314344,4.953211 52.314207,4.953042 52.314236,4.952977 52.314215,4.95287 52.313988,4.95282 52.314012,4.95292 52.314224,4.952886 52.314264,4.952717 52.314294,4.952704 52.314267,4.952541 52.314296,4.952266 52.314201,4.952141 52.313935,4.952537 52.313864,4.953681 52.31424,4.953694 52.314269,4.953275 52.314344),(4.953548 52.314642,4.952554 52.3143,4.952807 52.314387,4.952778 52.314353,4.952805 52.314323,4.952993 52.314287,4.953037 52.314298,4.95305 52.314325,4.953014 52.314331,4.953037 52.314382,4.953077 52.314376,4.953081 52.314385,4.953161 52.314373,4.953203 52.314396,4.953764 52.314298,4.953972 52.314368,4.954058 52.314554,4.953548 52.314642))";"POLYGON((52.314938 4.957418,52.314674 4.956735,52.314562 4.956357,52.314441 4.956004,52.314479 4.955967,52.314423 4.955806,52.314287 4.955932,52.314188 4.955657,52.314289 4.955572,52.314501 4.954384,52.314466 4.954255,52.314178 4.954123,52.313528 4.954723,52.31347 4.954571,52.313502 4.954573,52.31352 4.954555,52.313536 4.954511,52.313521 4.954467,52.314054 4.953978,52.314065 4.953944,52.31412 4.953893,52.314147 4.953724,52.314118 4.95364,52.314119 4.9536,52.313854 4.952831,52.3138 4.952713,52.313754 4.952535,52.313791 4.95221,52.313397 4.951971,52.313318 4.951971,52.31329 4.952082,52.313184 4.952083,52.313028 4.952147,52.312928 4.95223,52.312903 4.951958,52.313576 4.951299,52.313278 4.950429,52.313175 4.950522,52.312941 4.949913,52.312767 4.949415,52.313129 4.949084,52.313299 4.949543,52.313174 4.949656,52.313684 4.951149,52.313881 4.951023,52.313946 4.951191,52.313982 4.95121,52.314173 4.951045,52.3142 4.950886,52.314272 4.950971,52.314373 4.95124,52.314661 4.950974,52.314747 4.951212,52.314291 4.951624,52.314266 4.951613,52.314263 4.951631,52.314154 4.951582,52.314128 4.951606,52.314063 4.951976,52.314076 4.952014,52.314188 4.952066,52.314184 4.952083,52.314291 4.952132,52.314311 4.952239,52.314749 4.953509,52.314937 4.953595,52.315025 4.953515,52.315039 4.953553,52.315457 4.953163,52.31555 4.953406,52.315016 4.953829,52.314934 4.953946,52.314874 4.954292,52.314889 4.954333,52.315229 4.95449,52.315271 4.954615,52.315366 4.954748,52.315477 4.954932,52.315589 4.955156,52.315696 4.955422,52.315821 4.955797,52.316152 4.955532,52.316195 4.955624,52.316107 4.955744,52.316352 4.956255,52.315952 4.956603,52.315841 4.956578,52.31512 4.957236,52.314938 4.957418),(52.315612 4.956023,52.315478 4.955562,52.315452 4.955489,52.315431 4.955505,52.315148 4.954681,52.314595 4.954427,52.314388 4.955601,52.314655 4.956377,52.314788 4.956824,52.315612 4.956023),(52.314344 4.953275,52.314207 4.953211,52.314236 4.953042,52.314215 4.952977,52.313988 4.95287,52.314012 4.95282,52.314224 4.95292,52.314264 4.952886,52.314294 4.952717,52.314267 4.952704,52.314296 4.952541,52.314201 4.952266,52.313935 4.952141,52.313864 4.952537,52.31424 4.953681,52.314269 4.953694,52.314344 4.953275),(52.314642 4.953548,52.3143 4.952554,52.314387 4.952807,52.314353 4.952778,52.314323 4.952805,52.314287 4.952993,52.314298 4.953037,52.314325 4.95305,52.314331 4.953014,52.314382 4.953037,52.314376 4.953077,52.314385 4.953081,52.314373 4.953161,52.314396 4.953203,52.314298 4.953764,52.314368 4.953972,52.314554 4.954058,52.314642 4.953548))";4.953256;52.3145525;
94;"Plein";"POLYGON((4.897652 52.378828,4.89773 52.37891,4.897663 52.378977,4.897682 52.379015,4.897613 52.37904,4.896484 52.379566,4.89659 52.379658,4.898014 52.37915,4.898078 52.379213,4.898229 52.37915,4.898942 52.378884,4.898968 52.378908,4.899041 52.378881,4.898958 52.378795,4.899834 52.378485,4.899749 52.378402,4.900317 52.3782,4.900394 52.378282,4.90108 52.378028,4.901006 52.377955,4.901126 52.37791,4.901201 52.377984,4.901258 52.377964,4.901348 52.37806,4.901422 52.378033,4.901354 52.37796,4.902855 52.377409,4.902662 52.377187,4.901952 52.37732,4.901938 52.377328,4.901237 52.377378,4.90115 52.37739,4.901057 52.377426,4.901069 52.377433,4.900942 52.377571,4.900756 52.37739,4.900675 52.377409,4.900813 52.377537,4.90057 52.377621,4.900474 52.377565,4.90025 52.377602,4.900262 52.377631,4.900007 52.377642,4.89992 52.377555,4.899586 52.377659,4.899538 52.377618,4.899414 52.377671,4.899341 52.377651,4.899276 52.377657,4.899031 52.377484,4.899062 52.377466,4.899062 52.377438,4.898371 52.376865,4.898108 52.377153,4.897181 52.378025,4.896888 52.37818,4.897652 52.378828),(4.897748 52.378525,4.897724 52.378525,4.897681 52.378488,4.897684 52.378448,4.897671 52.378427,4.897694 52.378437,4.897828 52.378324,4.897794 52.378311,4.898347 52.377851,4.898469 52.377755,4.898502 52.377771,4.898584 52.377704,4.898547 52.377686,4.898587 52.377653,4.898617 52.377635,4.898671 52.377657,4.898719 52.377655,4.898802 52.377616,4.899178 52.377885,4.899136 52.377976,4.899099 52.378109,4.89898 52.378296,4.898685 52.378543,4.898577 52.378477,4.898446 52.378573,4.898553 52.378633,4.898318 52.378784,4.898219 52.378815,4.898068 52.378804,4.897976 52.378764,4.897918 52.378712,4.897748 52.378525))";"POLYGON((52.378828 4.897652,52.37891 4.89773,52.378977 4.897663,52.379015 4.897682,52.37904 4.897613,52.379566 4.896484,52.379658 4.89659,52.37915 4.898014,52.379213 4.898078,52.37915 4.898229,52.378884 4.898942,52.378908 4.898968,52.378881 4.899041,52.378795 4.898958,52.378485 4.899834,52.378402 4.899749,52.3782 4.900317,52.378282 4.900394,52.378028 4.90108,52.377955 4.901006,52.37791 4.901126,52.377984 4.901201,52.377964 4.901258,52.37806 4.901348,52.378033 4.901422,52.37796 4.901354,52.377409 4.902855,52.377187 4.902662,52.37732 4.901952,52.377328 4.901938,52.377378 4.901237,52.37739 4.90115,52.377426 4.901057,52.377433 4.901069,52.377571 4.900942,52.37739 4.900756,52.377409 4.900675,52.377537 4.900813,52.377621 4.90057,52.377565 4.900474,52.377602 4.90025,52.377631 4.900262,52.377642 4.900007,52.377555 4.89992,52.377659 4.899586,52.377618 4.899538,52.377671 4.899414,52.377651 4.899341,52.377657 4.899276,52.377484 4.899031,52.377466 4.899062,52.377438 4.899062,52.376865 4.898371,52.377153 4.898108,52.378025 4.897181,52.37818 4.896888,52.378828 4.897652),(52.378525 4.897748,52.378525 4.897724,52.378488 4.897681,52.378448 4.897684,52.378427 4.897671,52.378437 4.897694,52.378324 4.897828,52.378311 4.897794,52.377851 4.898347,52.377755 4.898469,52.377771 4.898502,52.377704 4.898584,52.377686 4.898547,52.377653 4.898587,52.377635 4.898617,52.377657 4.898671,52.377655 4.898719,52.377616 4.898802,52.377885 4.899178,52.377976 4.899136,52.378109 4.899099,52.378296 4.89898,52.378543 4.898685,52.378477 4.898577,52.378573 4.898446,52.378633 4.898553,52.378784 4.898318,52.378815 4.898219,52.378804 4.898068,52.378764 4.897976,52.378712 4.897918,52.378525 4.897748))";4.8996745;52.3782545;
95;"Plein";"POLYGON((4.893061 52.367082,4.892853 52.367078,4.892598 52.36712,4.893011 52.367284,4.893084 52.367256,4.893275 52.367401,4.893595 52.367517,4.893702 52.367444,4.893978 52.367202,4.893509 52.366817,4.893418 52.366696,4.893145 52.36667,4.893078 52.366805,4.893155 52.366831,4.893133 52.36697,4.89307 52.366999,4.893061 52.367082),(4.893166 52.367037,4.893201 52.367027,4.893229 52.367033,4.893247 52.367061,4.893214 52.367079,4.893157 52.367084,4.893166 52.367037))";"POLYGON((52.367082 4.893061,52.367078 4.892853,52.36712 4.892598,52.367284 4.893011,52.367256 4.893084,52.367401 4.893275,52.367517 4.893595,52.367444 4.893702,52.367202 4.893978,52.366817 4.893509,52.366696 4.893418,52.36667 4.893145,52.366805 4.893078,52.366831 4.893155,52.36697 4.893133,52.366999 4.89307,52.367082 4.893061),(52.367037 4.893166,52.367027 4.893201,52.367033 4.893229,52.367061 4.893247,52.367079 4.893214,52.367084 4.893157,52.367037 4.893166))";4.893293;52.3670865;
96;"Plein";"POLYGON((4.889337 52.374867,4.889718 52.374701,4.889856 52.374697,4.88978 52.374646,4.889657 52.374502,4.889605 52.374405,4.889571 52.374396,4.889144 52.374501,4.889017 52.374497,4.88896 52.374543,4.889337 52.374867))";"POLYGON((52.374867 4.889337,52.374701 4.889718,52.374697 4.889856,52.374646 4.88978,52.374502 4.889657,52.374405 4.889605,52.374396 4.889571,52.374501 4.889144,52.374497 4.889017,52.374543 4.88896,52.374867 4.889337))";4.889413;52.3746245;
97;"Plein";"POLYGON((4.938622 52.374139,4.938496 52.373865,4.938102 52.373971,4.938208 52.374213,4.938622 52.374139))";"POLYGON((52.374139 4.938622,52.373865 4.938496,52.373971 4.938102,52.374213 4.938208,52.374139 4.938622))";4.938367;52.374032;
98;"Plein";"MULTIPOLYGON(((4.940863 52.315212,4.940752 52.315172,4.940599 52.315092,4.940467 52.31499,4.940369 52.314874,4.94031 52.314748,4.940294 52.314624,4.940317 52.314488,4.94038 52.314357,4.940355 52.314303,4.940328 52.314294,4.940568 52.314032,4.940441 52.313988,4.940017 52.314451,4.940348 52.315209,4.940779 52.315301,4.940863 52.315212)),((4.942652 52.313301,4.942527 52.313261,4.942495 52.313298,4.942316 52.31324,4.942447 52.313088,4.94104 52.313332,4.940702 52.313701,4.94083 52.313746,4.940968 52.313595,4.941099 52.313572,4.941388 52.31341,4.941595 52.313335,4.9418 52.3133,4.942012 52.313288,4.942224 52.313302,4.942425 52.313343,4.942573 52.313388,4.942652 52.313301)),((4.942946 52.314941,4.942795 52.31489,4.942587 52.315115,4.942441 52.315219,4.942289 52.315293,4.942094 52.315355,4.941889 52.315391,4.941677 52.315402,4.941465 52.315388,4.941262 52.315348,4.94115 52.31531,4.941068 52.315401,4.941227 52.315489,4.941299 52.315411,4.941643 52.31553,4.942558 52.315365,4.942946 52.314941)),((4.943646 52.314178,4.943259 52.313366,4.943138 52.313506,4.942981 52.313455,4.94301 52.313421,4.942877 52.313378,4.942794 52.313468,4.942936 52.313518,4.943097 52.313604,4.943222 52.3137,4.943319 52.313816,4.943378 52.313942,4.943395 52.314066,4.943366 52.314201,4.943316 52.314317,4.943096 52.314558,4.943251 52.314609,4.943646 52.314178)))";"MULTIPOLYGON(((52.315212 4.940863,52.315172 4.940752,52.315092 4.940599,52.31499 4.940467,52.314874 4.940369,52.314748 4.94031,52.314624 4.940294,52.314488 4.940317,52.314357 4.94038,52.314303 4.940355,52.314294 4.940328,52.314032 4.940568,52.313988 4.940441,52.314451 4.940017,52.315209 4.940348,52.315301 4.940779,52.315212 4.940863)),((52.313301 4.942652,52.313261 4.942527,52.313298 4.942495,52.31324 4.942316,52.313088 4.942447,52.313332 4.94104,52.313701 4.940702,52.313746 4.94083,52.313595 4.940968,52.313572 4.941099,52.31341 4.941388,52.313335 4.941595,52.3133 4.9418,52.313288 4.942012,52.313302 4.942224,52.313343 4.942425,52.313388 4.942573,52.313301 4.942652)),((52.314941 4.942946,52.31489 4.942795,52.315115 4.942587,52.315219 4.942441,52.315293 4.942289,52.315355 4.942094,52.315391 4.941889,52.315402 4.941677,52.315388 4.941465,52.315348 4.941262,52.31531 4.94115,52.315401 4.941068,52.315489 4.941227,52.315411 4.941299,52.31553 4.941643,52.315365 4.942558,52.314941 4.942946)),((52.314178 4.943646,52.313366 4.943259,52.313506 4.943138,52.313455 4.942981,52.313421 4.94301,52.313378 4.942877,52.313468 4.942794,52.313518 4.942936,52.313604 4.943097,52.3137 4.943222,52.313816 4.943319,52.313942 4.943378,52.314066 4.943395,52.314201 4.943366,52.314317 4.943316,52.314558 4.943096,52.314609 4.943251,52.314178 4.943646)))";4.9418365;52.314302;
99;"Plein";"POLYGON((4.940348 52.315209,4.940103 52.315512,4.941465 52.315983,4.941674 52.316017,4.941889 52.316092,4.942194 52.315758,4.942324 52.315803,4.942466 52.315649,4.942398 52.315488,4.941625 52.315626,4.941227 52.315489,4.941068 52.315401,4.940779 52.315301,4.940348 52.315209))";"POLYGON((52.315209 4.940348,52.315512 4.940103,52.315983 4.941465,52.316017 4.941674,52.316092 4.941889,52.315758 4.942194,52.315803 4.942324,52.315649 4.942466,52.315488 4.942398,52.315626 4.941625,52.315489 4.941227,52.315401 4.941068,52.315301 4.940779,52.315209 4.940348))";4.9412895;52.3156435;
100;"Plein";"POLYGON((4.932836 52.358564,4.932847 52.358405,4.931647 52.358137,4.931708 52.35803,4.931026 52.357887,4.931209 52.357565,4.932778 52.357903,4.932756 52.357776,4.932429 52.357476,4.932343 52.357319,4.932382 52.35714,4.932483 52.357022,4.932539 52.356981,4.932856 52.356818,4.930417 52.356286,4.929763 52.356156,4.929549 52.356052,4.929433 52.356143,4.928398 52.355925,4.928088 52.355853,4.928016 52.355965,4.928285 52.356028,4.928206 52.356153,4.927941 52.356091,4.927907 52.356143,4.928187 52.356202,4.927999 52.35652,4.928528 52.356634,4.928572 52.356553,4.928207 52.356476,4.928448 52.356058,4.928799 52.356123,4.92933 52.356233,4.929002 52.356831,4.928479 52.356725,4.928438 52.356802,4.927605 52.356624,4.92743 52.357036,4.927863 52.357132,4.927784 52.357268,4.927347 52.357172,4.927246 52.357338,4.928429 52.357611,4.929381 52.357822,4.92932 52.357926,4.9296 52.357986,4.929653 52.357883,4.930409 52.358051,4.930783 52.35812,4.931637 52.358307,4.931836 52.358386,4.932 52.358421,4.93225 52.358437,4.932836 52.358564),(4.932496 52.357702,4.932173 52.357635,4.932232 52.35753,4.932555 52.357597,4.932496 52.357702),(4.927881 52.356938,4.92765 52.35689,4.927722 52.356762,4.927951 52.356813,4.927881 52.356938),(4.932007 52.357622,4.930468 52.357299,4.930936 52.356508,4.932479 52.356818,4.932007 52.357622),(4.929852 52.357708,4.927916 52.357296,4.928109 52.35697,4.928447 52.356915,4.928965 52.357025,4.929027 52.357054,4.929061 52.357091,4.929069 52.357121,4.930058 52.357327,4.929852 52.357708),(4.930821 52.357953,4.929964 52.357767,4.930197 52.357355,4.931054 52.357533,4.930821 52.357953),(4.930321 52.35727,4.929191 52.357025,4.929603 52.35629,4.930444 52.35646,4.930231 52.356802,4.930555 52.35687,4.930321 52.35727))";"POLYGON((52.358564 4.932836,52.358405 4.932847,52.358137 4.931647,52.35803 4.931708,52.357887 4.931026,52.357565 4.931209,52.357903 4.932778,52.357776 4.932756,52.357476 4.932429,52.357319 4.932343,52.35714 4.932382,52.357022 4.932483,52.356981 4.932539,52.356818 4.932856,52.356286 4.930417,52.356156 4.929763,52.356052 4.929549,52.356143 4.929433,52.355925 4.928398,52.355853 4.928088,52.355965 4.928016,52.356028 4.928285,52.356153 4.928206,52.356091 4.927941,52.356143 4.927907,52.356202 4.928187,52.35652 4.927999,52.356634 4.928528,52.356553 4.928572,52.356476 4.928207,52.356058 4.928448,52.356123 4.928799,52.356233 4.92933,52.356831 4.929002,52.356725 4.928479,52.356802 4.928438,52.356624 4.927605,52.357036 4.92743,52.357132 4.927863,52.357268 4.927784,52.357172 4.927347,52.357338 4.927246,52.357611 4.928429,52.357822 4.929381,52.357926 4.92932,52.357986 4.9296,52.357883 4.929653,52.358051 4.930409,52.35812 4.930783,52.358307 4.931637,52.358386 4.931836,52.358421 4.932,52.358437 4.93225,52.358564 4.932836),(52.357702 4.932496,52.357635 4.932173,52.35753 4.932232,52.357597 4.932555,52.357702 4.932496),(52.356938 4.927881,52.35689 4.92765,52.356762 4.927722,52.356813 4.927951,52.356938 4.927881),(52.357622 4.932007,52.357299 4.930468,52.356508 4.930936,52.356818 4.932479,52.357622 4.932007),(52.357708 4.929852,52.357296 4.927916,52.35697 4.928109,52.356915 4.928447,52.357025 4.928965,52.357054 4.929027,52.357091 4.929061,52.357121 4.929069,52.357327 4.930058,52.357708 4.929852),(52.357953 4.930821,52.357767 4.929964,52.357355 4.930197,52.357533 4.931054,52.357953 4.930821),(52.35727 4.930321,52.357025 4.929191,52.35629 4.929603,52.35646 4.930444,52.356802 4.930231,52.35687 4.930555,52.35727 4.930321))";4.930056;52.3572015;
101;"Plein";"POLYGON((4.879467 52.3321,4.879465 52.330446,4.875683 52.330473,4.875671 52.332085,4.876137 52.332108,4.879467 52.3321))";"POLYGON((52.3321 4.879467,52.330446 4.879465,52.330473 4.875683,52.332085 4.875671,52.332108 4.876137,52.3321 4.879467))";4.877574;52.33127;
102;"Plein";"POLYGON((4.881172 52.363681,4.881836 52.364004,4.881942 52.363918,4.882084 52.363911,4.882112 52.363929,4.882161 52.363892,4.88246 52.364035,4.882415 52.364073,4.882455 52.364091,4.882476 52.364171,4.882432 52.364207,4.882525 52.364252,4.882263 52.364466,4.882734 52.364694,4.88356 52.364123,4.883055 52.363883,4.883938 52.363249,4.884175 52.363132,4.883483 52.362614,4.883 52.363299,4.882609 52.363613,4.882493 52.36362,4.881729 52.363259,4.881172 52.363681))";"POLYGON((52.363681 4.881172,52.364004 4.881836,52.363918 4.881942,52.363911 4.882084,52.363929 4.882112,52.363892 4.882161,52.364035 4.88246,52.364073 4.882415,52.364091 4.882455,52.364171 4.882476,52.364207 4.882432,52.364252 4.882525,52.364466 4.882263,52.364694 4.882734,52.364123 4.88356,52.363883 4.883055,52.363249 4.883938,52.363132 4.884175,52.362614 4.883483,52.363299 4.883,52.363613 4.882609,52.36362 4.882493,52.363259 4.881729,52.363681 4.881172))";4.8826785;52.363647;
103;"Plein";"POLYGON((4.903566 52.382735,4.903679 52.3827,4.904029 52.382409,4.903261 52.382066,4.902857 52.382398,4.903566 52.382735),(4.903585 52.382573,4.903512 52.382634,4.903472 52.382616,4.903437 52.382645,4.903212 52.382544,4.90325 52.382513,4.903192 52.382487,4.903263 52.382428,4.903585 52.382573))";"POLYGON((52.382735 4.903566,52.3827 4.903679,52.382409 4.904029,52.382066 4.903261,52.382398 4.902857,52.382735 4.903566),(52.382573 4.903585,52.382634 4.903512,52.382616 4.903472,52.382645 4.903437,52.382544 4.903212,52.382513 4.90325,52.382487 4.903192,52.382428 4.903263,52.382573 4.903585))";4.903448;52.3823935;
104;"Plein";"POLYGON((4.807456 52.359301,4.806594 52.359138,4.807029 52.358281,4.806805 52.358235,4.806714 52.358407,4.806535 52.358366,4.806266 52.358866,4.804643 52.358559,4.804567 52.358701,4.804512 52.358689,4.804332 52.359022,4.80383 52.358921,4.803915 52.358769,4.803796 52.358694,4.80362 52.35902,4.803996 52.359096,4.803936 52.359208,4.807165 52.359854,4.807456 52.359301),(4.806763 52.359702,4.804842 52.359315,4.805168 52.358732,4.806222 52.358946,4.80618 52.358938,4.806079 52.359128,4.806978 52.359308,4.806763 52.359702))";"POLYGON((52.359301 4.807456,52.359138 4.806594,52.358281 4.807029,52.358235 4.806805,52.358407 4.806714,52.358366 4.806535,52.358866 4.806266,52.358559 4.804643,52.358701 4.804567,52.358689 4.804512,52.359022 4.804332,52.358921 4.80383,52.358769 4.803915,52.358694 4.803796,52.35902 4.80362,52.359096 4.803996,52.359208 4.803936,52.359854 4.807165,52.359301 4.807456),(52.359702 4.806763,52.359315 4.804842,52.358732 4.805168,52.358946 4.806222,52.358938 4.80618,52.359128 4.806079,52.359308 4.806978,52.359702 4.806763))";4.805543;52.3590375;
105;"Plein";"MULTIPOLYGON(((4.892922 52.35847,4.892912 52.358365,4.891089 52.358469,4.890679 52.358509,4.89021 52.358613,4.890082 52.358658,4.890215 52.358614,4.890611 52.358525,4.890617 52.358647,4.890609 52.358731,4.890522 52.358759,4.890426 52.358707,4.890375 52.358754,4.890458 52.358797,4.890136 52.359031,4.890078 52.359167,4.890064 52.359293,4.889375 52.359158,4.889341 52.359157,4.889272 52.359171,4.889245 52.359206,4.890035 52.359383,4.890034 52.359623,4.890058 52.359784,4.893073 52.3596,4.892922 52.35847),(4.891218 52.358575,4.892706 52.358491,4.892733 52.35858,4.892852 52.359351,4.892821 52.359363,4.891899 52.359163,4.891839 52.359129,4.891777 52.359076,4.891783 52.359054,4.891832 52.35906,4.892043 52.358966,4.89189 52.35879,4.891643 52.358899,4.891625 52.35897,4.891249 52.358739,4.891233 52.358706,4.891218 52.358575)),((4.889831 52.358747,4.889701 52.358792,4.889555 52.358863,4.889831 52.358747)),((4.889028 52.359142,4.889029 52.359142,4.889041 52.359133,4.889028 52.359142)))";"MULTIPOLYGON(((52.35847 4.892922,52.358365 4.892912,52.358469 4.891089,52.358509 4.890679,52.358613 4.89021,52.358658 4.890082,52.358614 4.890215,52.358525 4.890611,52.358647 4.890617,52.358731 4.890609,52.358759 4.890522,52.358707 4.890426,52.358754 4.890375,52.358797 4.890458,52.359031 4.890136,52.359167 4.890078,52.359293 4.890064,52.359158 4.889375,52.359157 4.889341,52.359171 4.889272,52.359206 4.889245,52.359383 4.890035,52.359623 4.890034,52.359784 4.890058,52.3596 4.893073,52.35847 4.892922),(52.358575 4.891218,52.358491 4.892706,52.35858 4.892733,52.359351 4.892852,52.359363 4.892821,52.359163 4.891899,52.359129 4.891839,52.359076 4.891777,52.359054 4.891783,52.35906 4.891832,52.358966 4.892043,52.35879 4.89189,52.358899 4.891643,52.35897 4.891625,52.358739 4.891249,52.358706 4.891233,52.358575 4.891218)),((52.358747 4.889831,52.358792 4.889701,52.358863 4.889555,52.358747 4.889831)),((52.359142 4.889028,52.359142 4.889029,52.359133 4.889041,52.359142 4.889028)))";4.8910555;52.3590675;
106;"Plein";"POLYGON((4.934756 52.399502,4.935171 52.399889,4.935798 52.399638,4.935831 52.39967,4.935912 52.399645,4.93609 52.399814,4.936278 52.399972,4.936524 52.399883,4.935955 52.39935,4.937256 52.39884,4.937492 52.399027,4.938796 52.39853,4.938823 52.398534,4.939112 52.398806,4.939246 52.398753,4.939 52.398521,4.940572 52.397888,4.940793 52.398096,4.941396 52.397846,4.940922 52.397406,4.940457 52.397593,4.93995 52.397093,4.939615 52.397221,4.939993 52.39758,4.940068 52.39755,4.940406 52.397857,4.939957 52.398042,4.939918 52.398005,4.939038 52.39834,4.938988 52.398291,4.937757 52.398803,4.937715 52.398797,4.936936 52.398067,4.936832 52.398109,4.937423 52.398632,4.937414 52.398657,4.936161 52.399156,4.93612 52.399151,4.935992 52.399036,4.935695 52.399161,4.935633 52.399102,4.935583 52.399122,4.935517 52.39906,4.935333 52.399149,4.934655 52.399415,4.934756 52.399502))";"POLYGON((52.399502 4.934756,52.399889 4.935171,52.399638 4.935798,52.39967 4.935831,52.399645 4.935912,52.399814 4.93609,52.399972 4.936278,52.399883 4.936524,52.39935 4.935955,52.39884 4.937256,52.399027 4.937492,52.39853 4.938796,52.398534 4.938823,52.398806 4.939112,52.398753 4.939246,52.398521 4.939,52.397888 4.940572,52.398096 4.940793,52.397846 4.941396,52.397406 4.940922,52.397593 4.940457,52.397093 4.93995,52.397221 4.939615,52.39758 4.939993,52.39755 4.940068,52.397857 4.940406,52.398042 4.939957,52.398005 4.939918,52.39834 4.939038,52.398291 4.938988,52.398803 4.937757,52.398797 4.937715,52.398067 4.936936,52.398109 4.936832,52.398632 4.937423,52.398657 4.937414,52.399156 4.936161,52.399151 4.93612,52.399036 4.935992,52.399161 4.935695,52.399102 4.935633,52.399122 4.935583,52.39906 4.935517,52.399149 4.935333,52.399415 4.934655,52.399502 4.934756))";4.9380305;52.3985255;
107;"Plein";"POLYGON((4.890475 52.355091,4.893942 52.355743,4.895392 52.356058,4.895816 52.356164,4.8988 52.357043,4.899383 52.357221,4.899459 52.357047,4.89752 52.356471,4.897332 52.356406,4.897314 52.356409,4.896101 52.356054,4.895456 52.35588,4.894133 52.35559,4.890701 52.354945,4.890475 52.355091))";"POLYGON((52.355091 4.890475,52.355743 4.893942,52.356058 4.895392,52.356164 4.895816,52.357043 4.8988,52.357221 4.899383,52.357047 4.899459,52.356471 4.89752,52.356406 4.897332,52.356409 4.897314,52.356054 4.896101,52.35588 4.895456,52.35559 4.894133,52.354945 4.890701,52.355091 4.890475))";4.894972;52.356076;
108;"Plein";"POLYGON((4.851239 52.370426,4.85188 52.3691,4.85055 52.368867,4.850087 52.36986,4.849946 52.370142,4.849998 52.370152,4.849971 52.370199,4.850398 52.37028,4.851239 52.370426))";"POLYGON((52.370426 4.851239,52.3691 4.85188,52.368867 4.85055,52.36986 4.850087,52.370142 4.849946,52.370152 4.849998,52.370199 4.849971,52.37028 4.850398,52.370426 4.851239))";4.850918;52.3696395;
109;"Plein";"POLYGON((4.885503 52.360328,4.885742 52.360215,4.885075 52.359725,4.88528 52.359641,4.884534 52.35775,4.88356 52.357897,4.883016 52.357098,4.882764 52.356814,4.881904 52.356169,4.881685 52.356042,4.880429 52.356263,4.880142 52.356181,4.87963 52.356931,4.879947 52.357035,4.881594 52.357857,4.881666 52.357915,4.8817 52.357957,4.881716 52.358054,4.881577 52.358308,4.88215 52.358618,4.881816 52.359001,4.883822 52.359579,4.884102 52.359415,4.88453 52.35973,4.884711 52.359903,4.884845 52.359835,4.885503 52.360328))";"POLYGON((52.360328 4.885503,52.360215 4.885742,52.359725 4.885075,52.359641 4.88528,52.35775 4.884534,52.357897 4.88356,52.357098 4.883016,52.356814 4.882764,52.356169 4.881904,52.356042 4.881685,52.356263 4.880429,52.356181 4.880142,52.356931 4.87963,52.357035 4.879947,52.357857 4.881594,52.357915 4.881666,52.357957 4.8817,52.358054 4.881716,52.358308 4.881577,52.358618 4.88215,52.359001 4.881816,52.359579 4.883822,52.359415 4.884102,52.35973 4.88453,52.359903 4.884711,52.359835 4.884845,52.360328 4.885503))";4.882691;52.358178;
110;"Plein";"POLYGON((4.829502 52.37056,4.829515 52.370551,4.829424 52.370442,4.829411 52.370413,4.829407 52.370392,4.82944 52.370356,4.829402 52.370387,4.829395 52.370431,4.829502 52.37056))";"POLYGON((52.37056 4.829502,52.370551 4.829515,52.370442 4.829424,52.370413 4.829411,52.370392 4.829407,52.370356 4.82944,52.370387 4.829402,52.370431 4.829395,52.37056 4.829502))";4.82946;52.370451;
111;"Plein";"POLYGON((4.910534 52.377381,4.905531 52.378057,4.904695 52.378207,4.90157 52.379149,4.897454 52.380708,4.896946 52.380669,4.89672 52.381,4.895662 52.38176,4.8942 52.382736,4.893881 52.3826,4.893698 52.38278,4.893763 52.382931,4.893943 52.382937,4.894547 52.382824,4.895306 52.382533,4.896088 52.382008,4.896816 52.381499,4.898897 52.380762,4.898923 52.380808,4.898996 52.380792,4.89911 52.380862,4.899734 52.38057,4.899901 52.380653,4.900055 52.380632,4.899923 52.380497,4.899997 52.380448,4.899964 52.380387,4.900482 52.38018,4.900482 52.380147,4.902026 52.379613,4.905463 52.378322,4.905887 52.378258,4.906255 52.37828,4.910444 52.377679,4.910534 52.377381))";"POLYGON((52.377381 4.910534,52.378057 4.905531,52.378207 4.904695,52.379149 4.90157,52.380708 4.897454,52.380669 4.896946,52.381 4.89672,52.38176 4.895662,52.382736 4.8942,52.3826 4.893881,52.38278 4.893698,52.382931 4.893763,52.382937 4.893943,52.382824 4.894547,52.382533 4.895306,52.382008 4.896088,52.381499 4.896816,52.380762 4.898897,52.380808 4.898923,52.380792 4.898996,52.380862 4.89911,52.38057 4.899734,52.380653 4.899901,52.380632 4.900055,52.380497 4.899923,52.380448 4.899997,52.380387 4.899964,52.38018 4.900482,52.380147 4.900482,52.379613 4.902026,52.378322 4.905463,52.378258 4.905887,52.37828 4.906255,52.377679 4.910444,52.377381 4.910534))";4.902121;52.380152;
112;"Plein";"MULTIPOLYGON(((4.8941 52.367725,4.894063 52.367602,4.893702 52.367444,4.893595 52.367517,4.893275 52.367401,4.892854 52.367769,4.892281 52.368213,4.892159 52.368322,4.891847 52.368799,4.89177 52.368997,4.891869 52.369349,4.891885 52.369372,4.891893 52.369371,4.891906 52.369402,4.891896 52.369404,4.891899 52.369412,4.891909 52.36941,4.891921 52.36944,4.891912 52.369447,4.891982 52.369613,4.89197 52.369621,4.892003 52.369675,4.892006 52.369693,4.891997 52.369695,4.892033 52.369768,4.892017 52.369774,4.892024 52.369791,4.892041 52.369792,4.892071 52.369875,4.892064 52.369895,4.892078 52.369893,4.892084 52.369902,4.892077 52.369903,4.89209 52.369916,4.892167 52.370127,4.892177 52.370126,4.892196 52.370167,4.892185 52.370169,4.892194 52.370186,4.892175 52.370192,4.892179 52.3702,4.8922 52.370199,4.892266 52.370333,4.892324 52.370406,4.892315 52.370406,4.892318 52.370417,4.892327 52.370416,4.892332 52.370437,4.892313 52.370443,4.892317 52.370455,4.892337 52.370453,4.892348 52.370491,4.892355 52.370525,4.892333 52.370527,4.892336 52.370535,4.892356 52.370533,4.892369 52.370587,4.89236 52.370587,4.89238 52.37063,4.892358 52.370631,4.892361 52.370645,4.892383 52.370642,4.892397 52.370703,4.892369 52.370706,4.892385 52.370746,4.892407 52.370744,4.892513 52.371127,4.892502 52.371128,4.892521 52.371169,4.892515 52.371179,4.892525 52.371178,4.892542 52.371231,4.892535 52.37126,4.892551 52.371258,4.892554 52.371265,4.892537 52.371267,4.89254 52.37129,4.892559 52.371287,4.892562 52.371299,4.89255 52.3713,4.892561 52.37135,4.892573 52.371349,4.892611 52.371497,4.892633 52.371622,4.892601 52.371624,4.892605 52.371651,4.892637 52.371648,4.892647 52.371716,4.892651 52.371758,4.892638 52.371762,4.892639 52.371771,4.892651 52.371771,4.892656 52.371834,4.892667 52.372139,4.892716 52.372372,4.892741 52.372637,4.893122 52.372586,4.893047 52.372344,4.893089 52.37234,4.893075 52.372297,4.8933 52.372273,4.893329 52.372294,4.893449 52.37246,4.893504 52.372449,4.893418 52.372253,4.893212 52.371583,4.893069 52.370877,4.892657 52.369355,4.892681 52.369294,4.892784 52.369251,4.892792 52.369214,4.892778 52.369161,4.892758 52.369135,4.892757 52.369085,4.892883 52.368876,4.892879 52.368832,4.893047 52.368583,4.8941 52.367725),(4.892909 52.368509,4.892615 52.368948,4.892566 52.368936,4.892528 52.368996,4.892618 52.369019,4.892596 52.369063,4.892599 52.369123,4.892586 52.36913,4.892585 52.369142,4.892571 52.369141,4.892559 52.369168,4.892304 52.369149,4.89224 52.369133,4.892203 52.369106,4.892185 52.369065,4.892224 52.368914,4.892356 52.368671,4.892457 52.368509,4.892521 52.368431,4.893558 52.367585,4.893575 52.367592,4.893608 52.367586,4.893788 52.367754,4.892909 52.368509)),((4.893418 52.366696,4.893273 52.366111,4.893266 52.366011,4.893043 52.365398,4.892904 52.364956,4.892433 52.363616,4.891972 52.362343,4.891231 52.360184,4.891221 52.359891,4.891198 52.35971,4.890495 52.359754,4.890584 52.359798,4.890609 52.359937,4.891322 52.362019,4.891693 52.362378,4.892134 52.363615,4.892271 52.36411,4.892575 52.364981,4.892701 52.365412,4.892786 52.365663,4.89286 52.365653,4.892996 52.366045,4.893126 52.366633,4.893145 52.36667,4.893418 52.366696)),((4.898371 52.376865,4.898273 52.376854,4.896662 52.375627,4.896597 52.375648,4.89465 52.374077,4.893601 52.373305,4.893244 52.373484,4.893534 52.373668,4.893564 52.373651,4.893724 52.373753,4.893694 52.373771,4.893846 52.37387,4.894038 52.37402,4.894201 52.374163,4.894371 52.374297,4.894376 52.374302,4.894361 52.374308,4.894387 52.374328,4.894398 52.374324,4.894651 52.374525,4.894802 52.374655,4.894818 52.374678,4.894831 52.374672,4.894844 52.37468,4.894958 52.374773,4.894999 52.374807,4.894979 52.374829,4.895017 52.374847,4.895054 52.374886,4.895096 52.374881,4.895662 52.375341,4.895698 52.375324,4.8958 52.375406,4.895761 52.375423,4.895779 52.375438,4.895933 52.375559,4.895967 52.375544,4.896012 52.37558,4.895977 52.375596,4.896032 52.375642,4.896066 52.375625,4.896161 52.375699,4.896127 52.375715,4.896147 52.375732,4.896364 52.375889,4.896394 52.375875,4.896433 52.375901,4.896405 52.375916,4.896632 52.376074,4.896663 52.376056,4.896707 52.376085,4.896676 52.376103,4.897135 52.376429,4.89734 52.376586,4.89733 52.376594,4.897366 52.376624,4.897378 52.376617,4.897498 52.376719,4.897572 52.376769,4.897563 52.376775,4.89757 52.37678,4.897581 52.376775,4.897624 52.376806,4.897834 52.376972,4.897878 52.376959,4.898057 52.37709,4.898025 52.377105,4.898108 52.377153,4.898228 52.377032,4.898371 52.376865)),((4.891551 52.351378,4.891238 52.35134,4.891208 52.35147,4.891236 52.352021,4.891212 52.35216,4.890536 52.353969,4.89047 52.354105,4.890082 52.355025,4.889914 52.355391,4.890321 52.355473,4.89072 52.357968,4.890935 52.357931,4.890748 52.356704,4.890535 52.355393,4.890475 52.355091,4.890701 52.354945,4.890751 52.354849,4.890488 52.354801,4.890495 52.354755,4.890549 52.354621,4.890574 52.354612,4.890597 52.354523,4.890829 52.354009,4.891312 52.352682,4.8915 52.352197,4.891526 52.352058,4.891496 52.351508,4.891551 52.351378)))";"MULTIPOLYGON(((52.367725 4.8941,52.367602 4.894063,52.367444 4.893702,52.367517 4.893595,52.367401 4.893275,52.367769 4.892854,52.368213 4.892281,52.368322 4.892159,52.368799 4.891847,52.368997 4.89177,52.369349 4.891869,52.369372 4.891885,52.369371 4.891893,52.369402 4.891906,52.369404 4.891896,52.369412 4.891899,52.36941 4.891909,52.36944 4.891921,52.369447 4.891912,52.369613 4.891982,52.369621 4.89197,52.369675 4.892003,52.369693 4.892006,52.369695 4.891997,52.369768 4.892033,52.369774 4.892017,52.369791 4.892024,52.369792 4.892041,52.369875 4.892071,52.369895 4.892064,52.369893 4.892078,52.369902 4.892084,52.369903 4.892077,52.369916 4.89209,52.370127 4.892167,52.370126 4.892177,52.370167 4.892196,52.370169 4.892185,52.370186 4.892194,52.370192 4.892175,52.3702 4.892179,52.370199 4.8922,52.370333 4.892266,52.370406 4.892324,52.370406 4.892315,52.370417 4.892318,52.370416 4.892327,52.370437 4.892332,52.370443 4.892313,52.370455 4.892317,52.370453 4.892337,52.370491 4.892348,52.370525 4.892355,52.370527 4.892333,52.370535 4.892336,52.370533 4.892356,52.370587 4.892369,52.370587 4.89236,52.37063 4.89238,52.370631 4.892358,52.370645 4.892361,52.370642 4.892383,52.370703 4.892397,52.370706 4.892369,52.370746 4.892385,52.370744 4.892407,52.371127 4.892513,52.371128 4.892502,52.371169 4.892521,52.371179 4.892515,52.371178 4.892525,52.371231 4.892542,52.37126 4.892535,52.371258 4.892551,52.371265 4.892554,52.371267 4.892537,52.37129 4.89254,52.371287 4.892559,52.371299 4.892562,52.3713 4.89255,52.37135 4.892561,52.371349 4.892573,52.371497 4.892611,52.371622 4.892633,52.371624 4.892601,52.371651 4.892605,52.371648 4.892637,52.371716 4.892647,52.371758 4.892651,52.371762 4.892638,52.371771 4.892639,52.371771 4.892651,52.371834 4.892656,52.372139 4.892667,52.372372 4.892716,52.372637 4.892741,52.372586 4.893122,52.372344 4.893047,52.37234 4.893089,52.372297 4.893075,52.372273 4.8933,52.372294 4.893329,52.37246 4.893449,52.372449 4.893504,52.372253 4.893418,52.371583 4.893212,52.370877 4.893069,52.369355 4.892657,52.369294 4.892681,52.369251 4.892784,52.369214 4.892792,52.369161 4.892778,52.369135 4.892758,52.369085 4.892757,52.368876 4.892883,52.368832 4.892879,52.368583 4.893047,52.367725 4.8941),(52.368509 4.892909,52.368948 4.892615,52.368936 4.892566,52.368996 4.892528,52.369019 4.892618,52.369063 4.892596,52.369123 4.892599,52.36913 4.892586,52.369142 4.892585,52.369141 4.892571,52.369168 4.892559,52.369149 4.892304,52.369133 4.89224,52.369106 4.892203,52.369065 4.892185,52.368914 4.892224,52.368671 4.892356,52.368509 4.892457,52.368431 4.892521,52.367585 4.893558,52.367592 4.893575,52.367586 4.893608,52.367754 4.893788,52.368509 4.892909)),((52.366696 4.893418,52.366111 4.893273,52.366011 4.893266,52.365398 4.893043,52.364956 4.892904,52.363616 4.892433,52.362343 4.891972,52.360184 4.891231,52.359891 4.891221,52.35971 4.891198,52.359754 4.890495,52.359798 4.890584,52.359937 4.890609,52.362019 4.891322,52.362378 4.891693,52.363615 4.892134,52.36411 4.892271,52.364981 4.892575,52.365412 4.892701,52.365663 4.892786,52.365653 4.89286,52.366045 4.892996,52.366633 4.893126,52.36667 4.893145,52.366696 4.893418)),((52.376865 4.898371,52.376854 4.898273,52.375627 4.896662,52.375648 4.896597,52.374077 4.89465,52.373305 4.893601,52.373484 4.893244,52.373668 4.893534,52.373651 4.893564,52.373753 4.893724,52.373771 4.893694,52.37387 4.893846,52.37402 4.894038,52.374163 4.894201,52.374297 4.894371,52.374302 4.894376,52.374308 4.894361,52.374328 4.894387,52.374324 4.894398,52.374525 4.894651,52.374655 4.894802,52.374678 4.894818,52.374672 4.894831,52.37468 4.894844,52.374773 4.894958,52.374807 4.894999,52.374829 4.894979,52.374847 4.895017,52.374886 4.895054,52.374881 4.895096,52.375341 4.895662,52.375324 4.895698,52.375406 4.8958,52.375423 4.895761,52.375438 4.895779,52.375559 4.895933,52.375544 4.895967,52.37558 4.896012,52.375596 4.895977,52.375642 4.896032,52.375625 4.896066,52.375699 4.896161,52.375715 4.896127,52.375732 4.896147,52.375889 4.896364,52.375875 4.896394,52.375901 4.896433,52.375916 4.896405,52.376074 4.896632,52.376056 4.896663,52.376085 4.896707,52.376103 4.896676,52.376429 4.897135,52.376586 4.89734,52.376594 4.89733,52.376624 4.897366,52.376617 4.897378,52.376719 4.897498,52.376769 4.897572,52.376775 4.897563,52.37678 4.89757,52.376775 4.897581,52.376806 4.897624,52.376972 4.897834,52.376959 4.897878,52.37709 4.898057,52.377105 4.898025,52.377153 4.898108,52.377032 4.898228,52.376865 4.898371)),((52.351378 4.891551,52.35134 4.891238,52.35147 4.891208,52.352021 4.891236,52.35216 4.891212,52.353969 4.890536,52.354105 4.89047,52.355025 4.890082,52.355391 4.889914,52.355473 4.890321,52.357968 4.89072,52.357931 4.890935,52.356704 4.890748,52.355393 4.890535,52.355091 4.890475,52.354945 4.890701,52.354849 4.890751,52.354801 4.890488,52.354755 4.890495,52.354621 4.890549,52.354612 4.890574,52.354523 4.890597,52.354009 4.890829,52.352682 4.891312,52.352197 4.8915,52.352058 4.891526,52.351508 4.891496,52.351378 4.891551)))";4.8941475;52.3642395;
113;"Plein";"POLYGON((4.868899 52.385625,4.875224 52.385734,4.875227 52.38567,4.868899 52.385625))";"POLYGON((52.385625 4.868899,52.385734 4.875224,52.38567 4.875227,52.385625 4.868899))";4.872068;52.3856725;

