OBJECTNUMMER;Naam;Sportvoorziening;Locatie;Omheining;Ondergrond;Verlichting;Overdekt;Omschrijving;Oppervlak;Foto;WKT_LNG_LAT;WKT_LAT_LNG;LNG;LAT;
1;"NIEUWENDAM";"Basketbal";"Speeltuin";"Geen";"Asfalt";"Ja";"Nee";"Basketbalpaal, speeltuin Nieuwendam";507;"Nieuwendam_1.jpg";"POINT(4.9503748,52.3888938)";"POINT(52.3888938,4.9503748)";4.9503748;52.3888938;
2;"CORVERSBOSSTRAAT";"Basketbal";"Schoolplein";"Geen";"Stoeptegels";"Nee";"Nee";"Basketbalveld";392;"Corversbosstraat_1.jpg";"POINT(4.959995,52.3919913)";"POINT(52.3919913,4.959995)";4.959995;52.3919913;
3;"BREEHORNSTRAAT";"Basketbal";"Schoolplein";"Ballenvangers";"Asfalt";"Nee";"Nee";"Basketbalveld";280;"Breehornstraat.jpg";"POINT(4.9586251,52.393994)";"POINT(52.393994,4.9586251)";4.9586251;52.393994;
4;"MARKENGOUW";"Basketbal";"Stoep";"Ballenvangers";"Asfalt";"Nee";"Nee";"Basketbalveld met belijning, 1 lange zijde spijlenhekwerk, zitbanken naast veld";320;"Markengouw.jpg";"POINT(4.9558351,52.3986937)";"POINT(52.3986937,4.9558351)";4.9558351;52.3986937;
5;"WILDRIJKSTRAAT";"Basketbal";"Schoolplein";"Geen";"Stoeptegels";"Nee";"Nee";"Basketbalveld, zitbanken";317;"Wildrijkstraat.jpg";"POINT(4.9559748,52.3971945)";"POINT(52.3971945,4.9559748)";4.9559748;52.3971945;
6;"DUINPAN";"Basketbal";"Speeltuin";"Geen";"Asfalt";"Nee";"Nee";"Basketbalveld, speeltuin De Duinpan, zitbanken naast veld";386;"Duinpan.jpg";"POINT(4.9523952,52.3956915)";"POINT(52.3956915,4.9523952)";4.9523952;52.3956915;
7;"BEEMSTERSTRAAT";"Basketbal";"Schoolplein";"Hekwerk laag";"Asfalt";"Nee";"Nee";"Basketbalveld, zitbanken naast veld";554;"Beemsterstraat.jpg";"POINT(4.950475,52.3952948)";"POINT(52.3952948,4.950475)";4.950475;52.3952948;
8;"HOUDRINGE";"Basketbal";"Schoolplein";"Hekwerk laag";"Asfalt";"Nee";"Nee";"Basketbalveld met belijning, zitbanken naast veld";355;"Houdringe.jpg";"POINT(4.9462149,52.4007918)";"POINT(52.4007918,4.9462149)";4.9462149;52.4007918;
9;"ELPERMEER";"Basketbal";"Plantsoen";"Geen";"Stoeptegels";"Nee";"Nee";"Basketbalpaal, zitbanken naast veld, combi-veld";366;"Elpermeer.jpg";"POINT(4.9466751,52.4027945)";"POINT(52.4027945,4.9466751)";4.9466751;52.4027945;
10;"CLEYNDERTWEG";"Basketbal";"Plantsoen";"Ballenvangers";"Asfalt";"Nee";"Nee";"Basketbalveld met belijning";396;"Cleyndertweg.jpg";"POINT(4.9363949,52.4025923)";"POINT(52.4025923,4.9363949)";4.9363949;52.4025923;
11;"IJPLEIN";"Basketbal";"Plantsoen";"Kooi open";"Asfalt";"Nee";"Nee";"Basketbalveld, zitbanken naast veld";339;"IJplein_1.jpg";"POINT(4.9103749,52.3829924)";"POINT(52.3829924,4.9103749)";4.9103749;52.3829924;
12;"SPREEUWENPARK";"Basketbal";"Plantsoen";"Geen";"Asfalt";"Nee";"Nee";"Basketbalveld";158;"Spreeuwenpark_1.jpg";"POINT(4.914325,52.3843924)";"POINT(52.3843924,4.914325)";4.914325;52.3843924;
13;"SPREEUWENPARK";"Basketbal";"Plantsoen";"Kooi open";"Asfalt";"Nee";"Nee";"Basketbalveld, combi-veld";532;"Spreeuwenpark_2.jpg";"POINT(4.9144251,52.384194)";"POINT(52.384194,4.9144251)";4.9144251;52.384194;
14;"NOORDERLING";"Basketbal";"Speeltuin";"Hekwerk";"Asfalt";"Ja";"Nee";"Basketbalveld, speeltuin De Noorderling";680;"DeNoorderling_1.jpg";"POINT(4.9306552,52.3918921)";"POINT(52.3918921,4.9306552)";4.9306552;52.3918921;
15;"LOENERMARK";"Basketbal";"Plantsoen";"Geen";"Asfalt";"Nee";"Nee";"Basketbalveld";344;"Loenermark_1.jpg";"POINT(4.9312651,52.3983924)";"POINT(52.3983924,4.9312651)";4.9312651;52.3983924;
16;"BREEDVELD";"Basketbal";"Plein";"Geen";"Asfalt";"Nee";"Nee";"Basketbalveld";536;"Breedveld_2.jpg";"POINT(4.9351551,52.3964926)";"POINT(52.3964926,4.9351551)";4.9351551;52.3964926;
17;"DRIEMASTER";"Basketbal";"Schoolplein";"Hekwerk laag";"Stoeptegels";"Nee";"Nee";"Basketbalveld, combi-veld";310;"DeDriemaster.jpg";"POINT(4.9214752,52.4071929)";"POINT(52.4071929,4.9214752)";4.9214752;52.4071929;
18;"STAGHOF";"Basketbal";"Plein";"Ballenvangers";"Stoeptegels";"Nee";"Nee";"Basketbalpaal, zitbanken naast veld";270;"Staghof.jpg";"POINT(4.9222052,52.4122931)";"POINT(52.4122931,4.9222052)";4.9222052;52.4122931;
19;"OVERSLAG";"Basketbal";"Plantsoen";"Ballenvangers";"Asfalt";"Ja";"Nee";"Basketbalveld met belijning, zitbanken naast veld";507;"Overslag_1.jpg";"POINT(4.9192951,52.4103934)";"POINT(52.4103934,4.9192951)";4.9192951;52.4103934;
20;"OVERSLAG";"Basketbal";"Plantsoen";"Ballenvangers";"Asfalt";"Ja";"Nee";"Basketbalveld met belijning, zitbanken naast veld";675;"Overslag_1.jpg";"POINT(4.9194152,52.4103934)";"POINT(52.4103934,4.9194152)";4.9194152;52.4103934;
21;"GAUDINSTRAAT";"Basketbal";"Stoep";"Ballenvangers";"Asfalt";"Nee";"Nee";"Basketbalveld met belijning, zitbanken naast veld, ballenvangers (3 zijden)";435;"Gaudinstraat.jpg";"POINT(4.9177349,52.4052931)";"POINT(52.4052931,4.9177349)";4.9177349;52.4052931;
22;"TWISKE";"Basketbal";"Speeltuin";"Hekwerk laag";"Stoeptegels";"Nee";"Nee";"Basketbalpaal, speeltuin `t Twiske, zitbanken naast veld";246;"Twiske_1.jpg";"POINT(4.9022748,52.419892)";"POINT(52.419892,4.9022748)";4.9022748;52.419892;
23;"ANTARUSSTRAAT";"Basketbal";"Plantsoen";"Geen";"Stoeptegels";"Nee";"Nee";"Basketbalpaal, zitbanken naast veld";304;"Antarusstraat_2.jpg";"POINT(4.8857348,52.4116942)";"POINT(52.4116942,4.8857348)";4.8857348;52.4116942;
24;"OOSTZAAN";"Basketbal";"Speeltuin";"Ballenvangers";"Asfalt";"Nee";"Nee";"Basketbalveld, speeltuin Oostzaan, combi-veld";864;"Oostzaan.jpg";"POINT(4.886235,52.412892)";"POINT(52.412892,4.886235)";4.886235;52.412892;
25;"CASTORPLEIN";"Basketbal";"Plantsoen";"Ballenvangers";"Asfalt";"Nee";"Nee";"Basketbalpaal";343;"Castorplein.jpg";"POINT(4.890475,52.4116942)";"POINT(52.4116942,4.890475)";4.890475;52.4116942;
26;"DRUIVENSTRAAT";"Basketbal";"Plantsoen";"Hekwerk laag";"Asfalt";"Nee";"Nee";"Basketbalpaal";570;"Druivenstraat.jpg";"POINT(4.9011452,52.4120947)";"POINT(52.4120947,4.9011452)";4.9011452;52.4120947;
27;"VARENWEG";"Basketbal";"Plantsoen";"Kooi gesloten";"Asfalt";"Nee";"Nee";"Basketbalpaal, zitbanken naast veld";331;"Varenweg_2.jpg";"POINT(4.9156549,52.3891913)";"POINT(52.3891913,4.9156549)";4.9156549;52.3891913;
28;"KLIMOPWEG";"Basketbal";"Plein";"Geen";"Stoeptegels";"Nee";"Nee";"Basketbalpaal, zitbanken naast veld";428;"Klimopweg.jpg";"POINT(4.9105451,52.3988921)";"POINT(52.3988921,4.9105451)";4.9105451;52.3988921;
29;"FLORAWEG";"Basketbal";"Schoolplein";"Ballenvangers";"Asfalt";"Nee";"Nee";"Basketbalveld, combi-veld, zitbanken naast veld, ballenvangers (3 zijden)";459;"Floraweg_2.jpg";"POINT(4.911895,52.4004943)";"POINT(52.4004943,4.911895)";4.911895;52.4004943;
30;"Tennisveld Noorderparkbad";"Tennis";"Plantsoen";"Hekwerk laag";"Asfalt";"Nee";"Nee";"";310;"";"POINT(4.9195415,52.398934)";"POINT(52.398934,4.9195415)";4.9195415;52.398934;
31;"BLOEMENKWARTIER";"Basketbal";"Speeltuin";"Geen";"Asfalt";"Nee";"Nee";"Basketbalpaal, speeltuin Bloemenkwartier, zitbanken naast veld";180;"Bloemenkwartier.jpg";"POINT(4.9185951,52.3963935)";"POINT(52.3963935,4.9185951)";4.9185951;52.3963935;
32;"WILTZANGH";"Basketbal";"Schoolplein";"Geen";"Asfalt";"Ja";"Nee";"Basketbalveld met belijning, zitbanken naast veld, combi-veld";403;"Wiltzangh_1.jpg";"POINT(4.8401649,52.3807913)";"POINT(52.3807913,4.8401649)";4.8401649;52.3807913;
33;"GIBRALTAR";"Basketbal";"Speeltuin";"Geen";"Kunstgras";"Nee";"Nee";"Basketbalveld, beperkt openbaar, zitbanken naast veld";341;"Gibraltar.jpg";"POINT(4.8485072,52.3844039)";"POINT(52.3844039,4.8485072)";4.8485072;52.3844039;
34;"JOOS BANCKERSWEG";"Basketbal";"Sportpark";"Ballenvangers";"Asfalt";"Nee";"Nee";"Basketbalveld met belijning, 1 lange zijde laag dubbelstaafmat hekwerk, combi-veld, ballenvangers (3 zijden)";383;"JoosBanckersweg_1.jpg";"POINT(4.856668,52.3760449)";"POINT(52.3760449,4.856668)";4.856668;52.3760449;
36;"KAREL DOORMANPLEIN";"Basketbal";"Schoolplein";"Geen";"Stoeptegels";"Nee";"Nee";"Basketbalpaal";335;"DeRuijter_1.jpg";"POINT(4.8595712,52.3790976)";"POINT(52.3790976,4.8595712)";4.8595712;52.3790976;
37;"SERVEASNOUTSSTRAAT";"Basketbal";"Plein";"Ballenvangers";"Asfalt";"Nee";"Nee";"Basketbalveld, zitbanken naast veld";293;"Serveasnoutsstraat_2.jpg";"POINT(4.903765,52.3550917)";"POINT(52.3550917,4.903765)";4.903765;52.3550917;
38;"DORATAMANAPLEIN";"Basketbal";"Plein";"Geen";"Asfalt";"Nee";"Nee";"Basketbalveld, zitbanken naast veld";364;"Doratamanaplein.jpg";"POINT(4.9052851,52.3532912)";"POINT(52.3532912,4.9052851)";4.9052851;52.3532912;
39;"SMARAGDPLEIN";"Basketbal";"Plein";"Kooi gesloten";"Asfalt";"Nee";"Nee";"Basketbalveld, combi-veld";396;"Smaragdplein.jpg";"POINT(4.9054549,52.3506934)";"POINT(52.3506934,4.9054549)";4.9054549;52.3506934;
40;"Henrick de Keijserplein";"Basketbal";"Speeltuin";"Kooi open";"Asfalt";"Ja";"Nee";"Basketbalveld, combi-veld, speeltuin Henrick de Keijser, zitbanken naast veld";997;"HdeKeijserplein_2.jpg";"POINT(4.898344,52.351468)";"POINT(52.351468,4.898344)";4.898344;52.351468;
41;"Basketbalveld Sarphatipark";"Basketbal";"Park";"Geen";"Asfalt";"Nee";"Nee";"Basketbalveld, zitbanken naast veld";170;"Basketbalveld Sarphatipark.JPG";"POINT(4.8985346,52.3543469)";"POINT(52.3543469,4.8985346)";4.8985346;52.3543469;
42;"MUSEUMPLEIN";"Basketbal";"Plein";"Geen";"Asfalt";"Ja";"Nee";"Basketbalveld, zitbanken naast veld";521;"Museumplein_1.jpg";"POINT(4.8839648,52.3583914)";"POINT(52.3583914,4.8839648)";4.8839648;52.3583914;
43;"OBRECHTPLEIN";"Basketbal";"Schoolplein";"Hekwerk";"Asfalt";"Nee";"Nee";"Basketbalpaal";346;"JObrechtplein_2.jpg";"POINT(4.8782351,52.3524939)";"POINT(52.3524939,4.8782351)";4.8782351;52.3524939;
44;"BOCKESPRONG";"Basketbal";"Speeltuin";"Geen";"Asfalt";"Nee";"Nee";"Basketbalveld, combi-veld";1502;"Bockesprong_1.jpg";"POINT(4.8471949,52.3550917)";"POINT(52.3550917,4.8471949)";4.8471949;52.3550917;
45;"ARGONAUTENSTRAAT";"Basketbal";"Speeltuin";"Hekwerk";"Asfalt";"Nee";"Nee";"Basketbalveld, zitbanken naast veld";893;"Olympia_2.jpg";"POINT(4.862035,52.3436934)";"POINT(52.3436934,4.862035)";4.862035;52.3436934;
46;"HYGIEAPLEIN";"Basketbal";"Schoolplein";"Ballenvangers";"Asfalt";"Nee";"Nee";"Basketbalveld, combi-veld, zitbanken naast veld";403;"Hygieaplein_2.jpg";"POINT(4.8631551,52.3468939)";"POINT(52.3468939,4.8631551)";4.8631551;52.3468939;
47;"HYGIEAPLEIN";"Basketbal";"Schoolplein";"Geen";"Asfalt";"Nee";"Nee";"Basketbalveld, zitbanken naast veld";399;"Hygieaplein_3.jpg";"POINT(4.8640549,52.3477942)";"POINT(52.3477942,4.8640549)";4.8640549;52.3477942;
48;"WITSENSTRAAT";"Basketbal";"Schoolplein";"Geen";"Stoeptegels";"Nee";"Nee";"Basketbalpaal";193;"WWitsenstraat.jpg";"POINT(4.870405,52.3510939)";"POINT(52.3510939,4.870405)";4.870405;52.3510939;
49;"SCHELTEMAPLEIN";"Basketbal";"Plantsoen";"Geen";"Asfalt";"Ja";"Nee";"Basketbalveld";175;"Scheltemaplein.jpg";"POINT(4.874315,52.3492934)";"POINT(52.3492934,4.874315)";4.874315;52.3492934;
51;"BONAIREPLEIN";"Basketbal";"Plein";"Geen";"Stoeptegels";"Nee";"Nee";"Basketbalpaal, zitbanken naast veld";71;"Bonaireplein.jpg";"POINT(4.8554151,52.3610922)";"POINT(52.3610922,4.8554151)";4.8554151;52.3610922;
52;"CORANTIJNSTRAAT";"Basketbal";"Schoolplein";"Geen";"Stoeptegels";"Nee";"Nee";"Basketbalpaal, zitbanken naast veld";131;"Corantijnstraat_1.jpg";"POINT(4.852195,52.3617941)";"POINT(52.3617941,4.852195)";4.852195;52.3617941;
53;"MIDDELLANDSTRAAT";"Basketbal";"Stoep";"Geen";"Stoeptegels";"Nee";"Nee";"Basketbalpaal, zitbanken naast veld";281;"vMiddellandstraat_1.jpg";"POINT(4.8505752,52.3645941)";"POINT(52.3645941,4.8505752)";4.8505752;52.3645941;
54;"MERCATOR";"Basketbal";"Speeltuin";"Ballenvangers";"Asfalt";"Nee";"Nee";"Basketbalpaal met belijning, zitbanken naast veld";183;"Mercator_1.jpg";"POINT(4.8468049,52.3702933)";"POINT(52.3702933,4.8468049)";4.8468049;52.3702933;
55;"VANCOUVERSTRAAT";"Basketbal";"Plein";"Geen";"Stoeptegels";"Nee";"Nee";"Basketbalveld, zitbanken naast veld";215;"Vancouverstraat.jpg";"POINT(4.8550751,52.3732916)";"POINT(52.3732916,4.8550751)";4.8550751;52.3732916;
56;"Panneveldje";"Voetbal";"Plein";"Hekwerk";"Stoeptegels";"Nee";"Nee";"Voetbalveld, zitbanken naast veld";327;"PvdDoesstraat.jpg";"POINT(4.8579352,52.3726927)";"POINT(52.3726927,4.8579352)";4.8579352;52.3726927;
57;"COLUMBUSPLEIN";"Basketbal";"Speeltuin";"Geen";"Asfalt";"Ja";"Nee";"Basketbalveld, zitbanken naast veld";0;"Columbusplein.JPG";"POINT(4.855386,52.3664214)";"POINT(52.3664214,4.855386)";4.855386;52.3664214;
58;"BALBOAPLEIN";"Basketbal";"Plein";"Geen";"Asfalt";"Nee";"Nee";"Basketbalveld met belijning, zitbanken naast veld";362;"Balboaplein_2.jpg";"POINT(4.8554952,52.3687941)";"POINT(52.3687941,4.8554952)";4.8554952;52.3687941;
59;"Lodewijk van Deysselstraat/Eendrachtspark";"Basketbal";"Park";"Geen";"Stoeptegels";"Ja";"Nee";"Basketbalpaal";254;"Eendrachtspark_2.jpg";"POINT(4.8081418,52.3775815)";"POINT(52.3775815,4.8081418)";4.8081418;52.3775815;
60;"Dr. H. Colijnstraat/Timotheus";"Basketbal";"Schoolplein";"Geen";"Stoeptegels";"Nee";"Nee";"Basketbalveld";328;"Timotheus.jpg";"POINT(4.8076951,52.3788916)";"POINT(52.3788916,4.8076951)";4.8076951;52.3788916;
61;"Basketbalveld Dolhaantjesstraat";"Basketbal";"Stoep";"Ballenvangers";"Stoeptegels";"Nee";"Nee";"Basketbalveld combiveld met pannadoeltjes";333;"Dolhaantjestraat.jpg";"POINT(4.807605,52.3832938)";"POINT(52.3832938,4.807605)";4.807605;52.3832938;
62;"HASSELAARSSTRAAT";"Basketbal";"Plein";"Ballenvangers";"Stoeptegels";"Nee";"Nee";"Basketbalpaal, zitbanken naast veld";132;"KSHasselaarstraat_1.jpg";"POINT(4.8034151,52.3810927)";"POINT(52.3810927,4.8034151)";4.8034151;52.3810927;
63;"Cornelis Outshoornstraat";"Basketbal";"Plantsoen";"Ballenvangers";"Asfalt";"Nee";"Nee";"Basketbalveld met belijning, combi-veld, zitbanken naast veld";372;"Cornelis.jpg";"POINT(4.794985,52.3810927)";"POINT(52.3810927,4.794985)";4.794985;52.3810927;
64;"KLERKHOF";"Basketbal";"Schoolplein";"Hekwerk laag";"Asfalt";"Nee";"Nee";"Basketbalveld met belijning, combi-veld, zitbanken naast veld";1525;"MdeKlerkhof_2.jpg";"POINT(4.7971952,52.376393)";"POINT(52.376393,4.7971952)";4.7971952;52.376393;
65;"CONFUCIUSPLEIN";"Basketbal";"Plein";"Kooi open";"Stoeptegels";"Nee";"Nee";"Basketbalveld, combi-veld";305;"Confuciusplein.jpg";"POINT(4.8123848,52.3744933)";"POINT(52.3744933,4.8123848)";4.8123848;52.3744933;
66;"HOGGUERSTRAAT";"Basketbal";"Plein";"Geen";"Asfalt";"Nee";"Nee";"Basketbalveld met belijning, zitbanken naast veld";519;"BurgHogguerstraat.jpg";"POINT(4.830405,52.3722922)";"POINT(52.3722922,4.830405)";4.830405;52.3722922;
67;"Basketbalveld Broedeletstraat";"Basketbal";"Plantsoen";"Geen";"Asfalt";"Nee";"Nee";"Basketbalveld, combi-veld";1137;"BurgCramergracht_2.jpg";"POINT(4.8354251,52.3756949)";"POINT(52.3756949,4.8354251)";4.8354251;52.3756949;
68;"SLOTERMEER";"Basketbal";"Speeltuin";"Hekwerk laag";"Asfalt";"Nee";"Nee";"Basketbalveld, combi-veld, speeltuin Slotermeer";819;"Slotermeer_2.jpg";"POINT(4.8257449,52.3817946)";"POINT(52.3817946,4.8257449)";4.8257449;52.3817946;
69;"SLOTERMEERLAAN";"Basketbal";"Schoolplein";"Hekwerk laag";"Stoeptegels";"Nee";"Nee";"Basketbalpaal";276;"Slotermeerlaan.jpg";"POINT(4.822335,52.3835913)";"POINT(52.3835913,4.822335)";4.822335;52.3835913;
70;"Burgemeester Fockstraat";"Basketbal";"Plantsoen";"Geen";"Stoeptegels";"Nee";"Nee";"Basketbalveld, zitbanken naast veld";433;"BurgFockstraat.jpg";"POINT(4.8340352,52.3824927)";"POINT(52.3824927,4.8340352)";4.8340352;52.3824927;
71;"M. Hanenbergstraat";"Basketbal";"Plantsoen";"Hekwerk";"Stoeptegels";"Nee";"Nee";"Basketbalpaal, combi-veld";194;"Hanenbergstraat_2.jpg";"POINT(4.8003948,52.358792)";"POINT(52.358792,4.8003948)";4.8003948;52.358792;
74;"LANGSWATER";"Basketbal";"Plantsoen";"Geen";"Stoeptegels";"Nee";"Nee";"Basketbalveld, zitbanken naast veld";359;"Langswater_1.jpg";"POINT(4.7883551,52.3578917)";"POINT(52.3578917,4.7883551)";4.7883551;52.3578917;
75;"LANGSWATER";"Basketbal";"Plantsoen";"Geen";"Stoeptegels";"Nee";"Nee";"Basketbalveld met belijning, zitbanken naast veld";409;"Langswater_2.jpg";"POINT(4.7898848,52.3550917)";"POINT(52.3550917,4.7898848)";4.7898848;52.3550917;
76;"Combiveld Schuitenhuisstraat";"Basketbal";"Schoolplein";"Geen";"Stoeptegels";"Nee";"Nee";"Basketbalveld, combi-veld, zitbanken naast veld";118;"";"POINT(4.787325,52.3572444)";"POINT(52.3572444,4.787325)";4.787325;52.3572444;
77;"GRIENDSTRAAT";"Basketbal";"Plein";"Geen";"Stoeptegels";"Nee";"Nee";"Basketbalpaal";170;"Griendstraat.jpg";"POINT(4.781575,52.3551947)";"POINT(52.3551947,4.781575)";4.781575;52.3551947;
78;"MONTAROSAPLEIN";"Basketbal";"Schoolplein";"Hekwerk laag";"Asfalt";"Nee";"Nee";"Basketbalpaal, zitbanken naast veld";176;"MontaRosaplein_2.jpg";"POINT(4.7748349,52.3504912)";"POINT(52.3504912,4.7748349)";4.7748349;52.3504912;
79;"WOORTMANPLEIN";"Basketbal";"Plein";"Kooi open";"Asfalt";"Nee";"Nee";"Basketbalveld";321;"JWoortmanplein.jpg";"POINT(4.7841952,52.3516928)";"POINT(52.3516928,4.7841952)";4.7841952;52.3516928;
80;"FORINTPLANTSOEN";"Basketbal";"Plantsoen";"Ballenvangers";"Stoeptegels";"Nee";"Nee";"Basketbalpaal, zitbanken naast veld";84;"Forintplantsoen.jpg";"POINT(4.7863352,52.3464934)";"POINT(52.3464934,4.7863352)";4.7863352;52.3464934;
81;"SPEELTUIN SLOTEN";"Basketbal";"Speeltuin";"Hekwerk";"Gras";"Nee";"Nee";"Basketbalpaal, speeltuin Sloten, zitbanken naast veld";92;"Sloten_3.jpg";"POINT(4.7961252,52.3421942)";"POINT(52.3421942,4.7961252)";4.7961252;52.3421942;
83;"BILDERDIJK";"Basketbal";"Schoolplein";"Geen";"Onverhard";"Nee";"Nee";"Basketbalpaal, zitbanken naast veld";124;"Bilderdijk_1.jpg";"POINT(4.868345,52.3712927)";"POINT(52.3712927,4.868345)";4.868345;52.3712927;
84;"BILDERDIJK";"Basketbal";"Schoolplein";"Hekwerk";"Asfalt";"Ja";"Nee";"Basketbalveld met belijning, veld ligt verdiept, combi-veld, zitbanken naast veld";805;"Bilderdijk_2.jpg";"POINT(4.8688552,52.3713919)";"POINT(52.3713919,4.8688552)";4.8688552;52.3713919;
85;"DACOSTAPLEIN";"Basketbal";"Plein";"Geen";"Asfalt";"Nee";"Nee";"Basketbalveld, combi-veld, zitbanken naast veld";451;"DaCostaplein.jpg";"POINT(4.8733451,52.3705947)";"POINT(52.3705947,4.8733451)";4.8733451;52.3705947;
86;"HILDEBRANDSTRAAT";"Basketbal";"Schoolplein";"Hekwerk laag";"Asfalt";"Nee";"Nee";"Basketbalpaal, veld ligt verdiept, combi-veld, zitbanken naast veld";488;"Hildebrandstraat_2.jpg";"POINT(4.8653252,52.3645941)";"POINT(52.3645941,4.8653252)";4.8653252;52.3645941;
87;"WGPLEIN";"Basketbal";"Plein";"Geen";"Asfalt";"Nee";"Nee";"Basketbalveld, zitbanken naast veld";185;"WGplein.jpg";"POINT(4.871515,52.3640944)";"POINT(52.3640944,4.871515)";4.871515;52.3640944;
88;"JJ CREMERPLEIN";"Basketbal";"Speeltuin";"Hekwerk";"Asfalt";"Nee";"Nee";"Basketbalveld, speeltuin Westerspeeltuin, combi-veld, zitbanken naast veld";379;"Westerspeeltuin_1.jpg";"POINT(4.8585851,52.3595206)";"POINT(52.3595206,4.8585851)";4.8585851;52.3595206;
89;"KASTERLEEPARK";"Basketbal";"Plantsoen";"Kooi open";"Asfalt";"Ja";"Nee";"Basketbalveld, combi-veld, zitbanken naast veld";609;"Kasterleepark_1.jpg";"POINT(4.8107951,52.3469931)";"POINT(52.3469931,4.8107951)";4.8107951;52.3469931;
91;"WESTERHOVEN";"Basketbal";"Speeltuin";"Hekwerk";"Asfalt";"Nee";"Nee";"Basketbalveld met belijning, zitbanken naast veld";364;"MvWesterhoven_2.jpg";"POINT(4.8252451,52.3529936)";"POINT(52.3529936,4.8252451)";4.8252451;52.3529936;
92;"GEELSTRAAT";"Basketbal";"Plein";"Kooi open";"Asfalt";"Nee";"Nee";"Basketbalveld met belijning, combi-veld, zitbanken naast veld";998;"JGeelstraat_2.jpg";"POINT(4.8322651,52.3597914)";"POINT(52.3597914,4.8322651)";4.8322651;52.3597914;
93;"ESCORIALPLEIN";"Basketbal";"Plein";"Geen";"Asfalt";"Nee";"Nee";"Basketbalveld met belijning, veld ligt verdiept, zitbanken naast veld";448;"Escorialplein.jpg";"POINT(4.8312352,52.3690917)";"POINT(52.3690917,4.8312352)";4.8312352;52.3690917;
95;"AUGUST ALLEBEPLEIN";"Basketbal";"Plein";"Geen";"Stoeptegels";"Nee";"Nee";"Basketbalveld";266;"AugustAllebeplein.jpg";"POINT(4.8387248,52.3634917)";"POINT(52.3634917,4.8387248)";4.8387248;52.3634917;
96;"JONGKINDSTRAAT";"Basketbal";"Plantsoen";"Ballenvangers";"Asfalt";"Ja";"Nee";"Basketbalveld met belijning, combi-veld, zitbanken naast veld";546;"JJongkindstraat.jpg";"POINT(4.837085,52.3581931)";"POINT(52.3581931,4.837085)";4.837085;52.3581931;
98;"BEUNINGENPLEIN";"Basketbal";"Plein";"Hekwerk laag";"Asfalt";"Nee";"Nee";"Basketbalveld, combi-veld";472;"vBeuningenplein_2.jpg";"POINT(4.8705652,52.3811919)";"POINT(52.3811919,4.8705652)";4.8705652;52.3811919;
99;"FREDERIK HENDRIKPLANTSOEN";"Basketbal";"Plantsoen";"Geen";"Asfalt";"Nee";"Nee";"Basketbalveld met belijning";312;"FHendrikplantsoen_2.jpg";"POINT(4.8763091,52.3782355)";"POINT(52.3782355,4.8763091)";4.8763091;52.3782355;
100;"HOGENDORPPLEIN";"Basketbal";"Schoolplein";"Geen";"Asfalt";"Nee";"Nee";"Basketbalpaal, zitbanken naast veld";30;"vHogendorpplein.jpg";"POINT(4.8769448,52.3846938)";"POINT(52.3846938,4.8769448)";4.8769448;52.3846938;
101;"BARENTSZPLEIN";"Basketbal";"Speeltuin";"Kooi open";"Asfalt";"Ja";"Nee";"Basketbalpaal, combi-veld, speeltuin Zuiderspeeltuin, zitbanken naast veld";199;"Barentszplein_2.jpg";"POINT(4.8903949,52.3893935)";"POINT(52.3893935,4.8903949)";4.8903949;52.3893935;
102;"ZAANDAMMERPLEIN";"Basketbal";"Plein";"Ballenvangers";"Asfalt";"Nee";"Nee";"Basketbalveld met belijning, combi-veld, zitbanken naast veld";472;"Spaarndammerplantsoen_2.jpg";"POINT(4.8741691,52.3918082)";"POINT(52.3918082,4.8741691)";4.8741691;52.3918082;
104;"ABCOUDERPAD";"Basketbal";"Plein";"Ballenvangers";"Asfalt";"Nee";"Nee";"Basketbalveld met belijning";659;"Abcouderpad_2.jpg";"POINT(4.9562852,52.3079917)";"POINT(52.3079917,4.9562852)";4.9562852;52.3079917;
107;"DUMASLAAN";"Basketbal";"Schoolplein";"Geen";"Stoeptegels";"Nee";"Nee";"Basketbalpaal";502;"ADumaslaan.jpg";"POINT(4.941745,52.3237921)";"POINT(52.3237921,4.941745)";4.941745;52.3237921;
108;"SHAWSINGEL";"Basketbal";"Plantsoen";"Ballenvangers";"Stoeptegels";"Nee";"Nee";"Basketbalpaal met belijning, zitbanken naast veld. Combiveld";410;"BShawsingel_2.jpg";"POINT(4.9455477,52.3218686)";"POINT(52.3218686,4.9455477)";4.9455477;52.3218686;
109;"DUBBELINK";"Basketbal";"Plantsoen";"Geen";"Asfalt";"Nee";"Nee";"Basketbalveld met belijning, zitbanken naast veld";585;"Dubbelink.jpg";"POINT(4.9489052,52.3228919)";"POINT(52.3228919,4.9489052)";4.9489052;52.3228919;
110;"DUBBELINK";"Basketbal";"Schoolplein";"Geen";"Asfalt";"Nee";"Nee";"Basketbalveld met belijning, zitbanken naast veld";612;"Dubbelink.jpg";"POINT(4.9492652,52.323094)";"POINT(52.323094,4.9492652)";4.9492652;52.323094;
111;"NIEUWERSLUISHOF";"Basketbal";"Plantsoen";"Geen";"Asfalt";"Nee";"Nee";"Basketbalveld met belijning, zitbanken naast veld, combiveld met voetbaldoelen";539;"Nieuwersluishof.jpg";"POINT(4.9593851,52.3024947)";"POINT(52.3024947,4.9593851)";4.9593851;52.3024947;
113;"TEGELARIJPAD";"Basketbal";"Plantsoen";"Geen";"Asfalt";"Nee";"Nee";"Basketbalveld met belijning";408;"Tegelarijpad.jpg";"POINT(4.969085,52.2942931)";"POINT(52.2942931,4.969085)";4.969085;52.2942931;
114;"SNODENHOEKPARK";"Basketbal";"Plantsoen";"Ballenvangers";"Asfalt";"Nee";"Nee";"Basketbalveld met belijning, zitbanken naast veld";379;"Snodenhoekpark_2.jpg";"POINT(4.975415,52.2898947)";"POINT(52.2898947,4.975415)";4.975415;52.2898947;
115;"SCHONERWOERDSTRAAT";"Basketbal";"Schoolplein";"Ballenvangers";"Asfalt";"Nee";"Nee";"Voetbalvelden met basketbalringen (combiveld)";220;"";"POINT(4.9770448,52.2938925)";"POINT(52.2938925,4.9770448)";4.9770448;52.2938925;
116;"VOSPAD";"Basketbal";"Plantsoen";"Geen";"Gras";"Nee";"Nee";"Voetbalveld";42;"WVospad_2.jpg";"POINT(4.9915049,52.2900931)";"POINT(52.2900931,4.9915049)";4.9915049;52.2900931;
118;"PARKHOF";"Basketbal";"Plein";"Kooi open";"Asfalt";"Nee";"Nee";"Basketbalveld met belijning";1053;"Parkhof_2.jpg";"POINT(4.9797552,52.297692)";"POINT(52.297692,4.9797552)";4.9797552;52.297692;
119;"VEENENDAALPLEIN";"Basketbal";"Plein";"Geen";"Stoeptegels";"Nee";"Nee";"Basketbalpaal";56;"Veenendaalplein.jpg";"POINT(4.9810951,52.3003928)";"POINT(52.3003928,4.9810951)";4.9810951;52.3003928;
120;"REIGERSBOSPAD";"Basketbal";"Park";"Hekwerk laag";"Asfalt";"Nee";"Nee";"Basketbalveld met belijning";480;"Reigersbospad_5.jpg";"POINT(4.9723351,52.3027922)";"POINT(52.3027922,4.9723351)";4.9723351;52.3027922;
121;"LEERDAMHOF";"Basketbal";"Plantsoen";"Geen";"Asfalt";"Nee";"Nee";"Basketbalveld, zitbanken naast veld";497;"Leerdamhof.jpg";"POINT(4.9773352,52.3066947)";"POINT(52.3066947,4.9773352)";4.9773352;52.3066947;
122;"LEKSMONDPLEIN";"Basketbal";"Schoolplein";"Geen";"Asfalt";"Nee";"Nee";"Basketbalveld met belijning";363;"Leksmondplein.jpg";"POINT(4.9798849,52.3087927)";"POINT(52.3087927,4.9798849)";4.9798849;52.3087927;
123;"KOUWENOORD";"Basketbal";"Plantsoen";"Geen";"Asfalt";"Nee";"Nee";"Basketbalveld";360;"Kouwenoord.jpg";"POINT(4.9860051,52.3162924)";"POINT(52.3162924,4.9860051)";4.9860051;52.3162924;
124;"KANTERSHOF";"Basketbal";"Plein";"Geen";"Stoeptegels";"Nee";"Nee";"Basketbalveld met belijning, zitbanken naast veld";533;"Kantershof.jpg";"POINT(4.9914048,52.3174941)";"POINT(52.3174941,4.9914048)";4.9914048;52.3174941;
125;"GARSTKAMP";"Basketbal";"Schoolplein";"Kooi open";"Asfalt";"Nee";"Nee";"Basketbalveld met belijning";551;"Garstkamp.jpg";"POINT(4.9826848,52.324494)";"POINT(52.324494,4.9826848)";4.9826848;52.324494;
126;"KRAAIENNEST";"Basketbal";"Plein";"Kooi open";"Asfalt";"Nee";"Nee";"Basketbalveld met belijning";350;"Kraaiennest_7.jpg";"POINT(4.9797552,52.3175933)";"POINT(52.3175933,4.9797552)";4.9797552;52.3175933;
127;"KORTVOORT";"Basketbal";"Schoolplein";"Geen";"Stoeptegels";"Nee";"Nee";"Basketbalveld";323;"Kortvoort.jpg";"POINT(4.9728749,52.3150946)";"POINT(52.3150946,4.9728749)";4.9728749;52.3150946;
128;"KARTINISTRAAT";"Basketbal";"Plantsoen";"Ballenvangers";"Asfalt";"Nee";"Nee";"Basketbalveld combi-veld, zitbanken naast veld";469;"RAKartinistraat_1.jpg";"POINT(4.9661949,52.3226935)";"POINT(52.3226935,4.9661949)";4.9661949;52.3226935;
129;"GULDENKRUISPAD";"Basketbal";"Plantsoen";"Geen";"Stoeptegels";"Nee";"Nee";"Basketbalveld, zitbanken naast veld";546;"Guldenkruispad_2.jpg";"POINT(4.9660051,52.3192946)";"POINT(52.3192946,4.9660051)";4.9660051;52.3192946;
130;"ECHTENSTEIN";"Basketbal";"Schoolplein";"Geen";"Stoeptegels";"Nee";"Nee";"Basketbalveld, zitbanken naast veld";394;"Echtenstein.jpg";"POINT(4.9593151,52.3238913)";"POINT(52.3238913,4.9593151)";4.9593151;52.3238913;
131;"BANKASTRAAT";"Basketbal";"Stoep";"Gedeeltelijk";"Stoeptegels";"Nee";"Nee";"Basketbalpaal";217;"Bankastraat_2.jpg";"POINT(4.9313748,52.3646933)";"POINT(52.3646933,4.9313748)";4.9313748;52.3646933;
132;"MINAHASSASTRAAT";"Basketbal";"Stoep";"Gedeeltelijk";"Stoeptegels";"Nee";"Nee";"Basketbalpaal, combi-veld";94;"Minahassastraat.jpg";"POINT(4.9333551,52.3599936)";"POINT(52.3599936,4.9333551)";4.9333551;52.3599936;
133;"AMBONPLEIN";"Basketbal";"Plein";"Hekwerk laag";"Klinkers";"Nee";"Nee";"Basketbalveld, zitbanken naast veld";605;"Ambonplein.jpg";"POINT(4.937175,52.3596922)";"POINT(52.3596922,4.937175)";4.937175;52.3596922;
134;"BATAVIA";"Basketbal";"Speeltuin";"Geen";"Asfalt";"Nee";"Nee";"Basketbalpaal, speeltuin Batavia";206;"Batavia_2.jpg";"POINT(4.9409649,52.3607947)";"POINT(52.3607947,4.9409649)";4.9409649;52.3607947;
135;"SUMATRAPLANTSOEN";"Basketbal";"Plein";"Geen";"Asfalt";"Nee";"Nee";"Basketbalveld met belijning, zitbanken naast veld";373;"Sumatraplantsoen_2.jpg";"POINT(4.943145,52.3598944)";"POINT(52.3598944,4.943145)";4.943145;52.3598944;
136;"KRAMATWEG";"Basketbal";"Plantsoen";"Geen";"Asfalt";"Nee";"Nee";"Basketbalveld met belijning";560;"Kramatweg_2.jpg";"POINT(4.946625,52.3634917)";"POINT(52.3634917,4.946625)";4.946625;52.3634917;
137;"MAKASSERPLEIN";"Basketbal";"Plein";"Gedeeltelijk";"Stoeptegels";"Nee";"Nee";"Basketbalpaal, zitbanken naast veld";155;"Makasserplein_2.jpg";"POINT(4.9407151,52.3645941)";"POINT(52.3645941,4.9407151)";4.9407151;52.3645941;
138;"HILDO KROPPLEIN";"Basketbal";"Plantsoen";"Geen";"Asfalt";"Ja";"Nee";"Basketbalveld, veld ligt verdiept, zitbanken naast veld, combi-veld";296;"HildoKropplein_2.jpg";"POINT(4.9425051,52.3677947)";"POINT(52.3677947,4.9425051)";4.9425051;52.3677947;
139;"Combiveld Borneokade";"Basketbal";"Plein";"Geen";"Asfalt";"Nee";"Nee";"Combiveld Basketbal/Voetbal";400;"";"POINT(4.9359949,52.3700911)";"POINT(52.3700911,4.9359949)";4.9359949;52.3700911;
140;"BORNEOLAAN";"Basketbal";"Stoep";"Kooi gesloten";"Asfalt";"Ja";"Nee";"Basketbalveld, tevens voetbalveld, zitbanken naast veld, combi-veld";222;"Borneolaan.jpg";"POINT(4.9391348,52.3712927)";"POINT(52.3712927,4.9391348)";4.9391348;52.3712927;
141;"RIETLANDPARK";"Basketbal";"Plantsoen";"Geen";"Asfalt";"Ja";"Nee";"Basketbalveld met belijning, zitbanken naast veld";433;"Rietlandpark_3.jpg";"POINT(4.9356148,52.3736922)";"POINT(52.3736922,4.9356148)";4.9356148;52.3736922;
143;"ERICH SALOMONSTRAAT";"Basketbal";"Plein";"Kooi gesloten";"Asfalt";"Ja";"Nee";"Basketbalveld met belijning";550;"ErichSalomonstraat.jpg";"POINT(5.0002348,52.3546912)";"POINT(52.3546912,5.0002348)";5.0002348;52.3546912;
144;"WAGENAARSTRAAT";"Basketbal";"Stoep";"Kooi open";"Stoeptegels";"Nee";"Nee";"Basketbalveld, zitbanken naast veld, combi-veld";237;"Wagenaarstraat.jpg";"POINT(4.9298351,52.3635947)";"POINT(52.3635947,4.9298351)";4.9298351;52.3635947;
146;"IEPENPLEIN";"Basketbal";"Plein";"Geen";"Stoeptegels";"Nee";"Nee";"Basketbalveld, zitbanken naast veld";347;"Iepenplein.jpg";"POINT(4.9147451,52.3561942)";"POINT(52.3561942,4.9147451)";4.9147451;52.3561942;
147;"MARITZSTRAAT";"Basketbal";"Plantsoen";"Geen";"Asfalt";"Ja";"Nee";"Basketbalpaal met belijning, combi-veld";212;"Maritzstraat_2.jpg";"POINT(4.9188549,52.3552939)";"POINT(52.3552939,4.9188549)";4.9188549;52.3552939;
150;"CILIERSSTRAAT";"Basketbal";"Plantsoen";"Hekwerk laag";"Asfalt";"Nee";"Nee";"Basketbalpaal met belijning, zitbanken naast veld";317;"Cilliersstraat.jpg";"POINT(4.9253251,52.3571936)";"POINT(52.3571936,4.9253251)";4.9253251;52.3571936;
151;"POLDERWEG";"Basketbal";"Stoep";"Kooi open";"Asfalt";"Nee";"Nee";"Basketbalveld met belijning, combi-veld";400;"Polderweg_2.jpg";"POINT(4.9300849,52.3581931)";"POINT(52.3581931,4.9300849)";4.9300849;52.3581931;
152;"LINNAEUSKADE";"Basketbal";"Plantsoen";"Kooi open";"Stoeptegels";"Nee";"Nee";"Basketbalveld, zitbanken naast veld, combi-veld";145;"Linnaeuskade.jpg";"POINT(4.9308951,52.3560912)";"POINT(52.3560912,4.9308951)";4.9308951;52.3560912;
153;"LINNAEUSPARKKWARTIER";"Basketbal";"Speeltuin";"Ballenvangers";"Asfalt";"Nee";"Nee";"Basketbalveld met belijning, speeltuin Linnaeusparkkwartier, zitbanken naast het veld, combi-veld";842;"Linnaeusparkkwartier_2.jpg";"POINT(4.9393651,52.3516928)";"POINT(52.3516928,4.9393651)";4.9393651;52.3516928;
154;"OSTWALDSTRAAT";"Basketbal";"Plein";"Geen";"Stoeptegels";"Nee";"Nee";"Basketbalveld";506;"Ostwaldstraat_3.jpg";"POINT(4.9345248,52.3483931)";"POINT(52.3483931,4.9345248)";4.9345248;52.3483931;
155;"SPEELTUINOOST";"Basketbal";"Speeltuin";"Hekwerk laag";"Asfalt";"Ja";"Nee";"Basketbalveld met belijning, speeltuin Oost, zitbanken naast veld";429;"SpeeltuinOost_2.jpg";"POINT(4.948385,52.3391921)";"POINT(52.3391921,4.948385)";4.948385;52.3391921;
156;"RUSTHOFSTRAAT";"Basketbal";"Plantsoen";"Ballenvangers";"Stoeptegels";"Nee";"Nee";"Basketbalveld met belijning, zitbanken naast veld";98;"Rusthofstraat_2.jpg";"POINT(4.921345,52.3431937)";"POINT(52.3431937,4.921345)";4.921345;52.3431937;
157;"DONBOSCO";"Basketbal";"Speeltuin";"Hekwerk laag";"Asfalt";"Nee";"Nee";"Basketbalveld, speeltuin Don Bosco, zitbanken naast veld, combi-veld";476;"DonBosco_2.jpg";"POINT(4.9247148,52.3521926)";"POINT(52.3521926,4.9247148)";4.9247148;52.3521926;
158;"KRUGERPLEIN";"Basketbal";"Plein";"Geen";"Asfalt";"Nee";"Nee";"Basketbalveld, zitbanken naast veld";531;"Krugerplein.jpg";"POINT(4.919925,52.3538939)";"POINT(52.3538939,4.919925)";4.919925;52.3538939;
159;"NIEUWMARKT";"Basketbal";"Plein";"Kooi open";"Asfalt";"Ja";"Nee";"Basketbalpaal, originele oplossing veldafzetting (zie foto), zitbanken naast veld";341;"Nieuwmarkt.jpg";"POINT(4.9011954,52.3719471)";"POINT(52.3719471,4.9011954)";4.9011954;52.3719471;
160;"PYRAMIDE";"Basketbal";"Speeltuin";"Kooi open";"Asfalt";"Nee";"Nee";"Basketbalveld met belijning, speeltuin Pyramide, zitbanken naast veld, combi-veld";931;"Pyramide_2.jpg";"POINT(4.8930252,52.380593)";"POINT(52.380593,4.8930252)";4.8930252;52.380593;
161;"NOORDERSPEELTUIN";"Basketbal";"Speeltuin";"Hekwerk laag";"Asfalt";"Nee";"Nee";"Basketbalveld, speeltuin NoorderSpeeltuin, zitbanken naast veld, combi-veld";334;"NoorderSpeeltuin_2.jpg";"POINT(4.8823249,52.379193)";"POINT(52.379193,4.8823249)";4.8823249;52.379193;
162;"MARNIXPLANTSOEN";"Basketbal";"Plantsoen";"Hekwerk laag";"Asfalt";"Nee";"Nee";"Basketbalveld, zitbanken naast veld";265;"Marnixplantsoen_1.jpg";"POINT(4.8809249,52.3818938)";"POINT(52.3818938,4.8809249)";4.8809249;52.3818938;
164;"UJKLAREN";"Basketbal";"Speeltuin";"Geen";"Stoeptegels";"Nee";"Nee";"Basketbalpaal, speeltuin U J Klaren, zitbanken naast veld";297;"UJKlaren_2.jpg";"POINT(4.892525,52.358792)";"POINT(52.358792,4.892525)";4.892525;52.358792;
165;"GESCHUTSWERF";"Basketbal";"Plein";"Kooi gesloten";"Asfalt";"Nee";"Nee";"Basketbalveld, zitbanken naast veld, combi-veld";712;"Geschutswerf_2.jpg";"POINT(4.921015,52.3670928)";"POINT(52.3670928,4.921015)";4.921015;52.3670928;
166;"Kleine Wittenburgerstraat";"Basketbal";"Plein";"Hekwerk laag";"Asfalt";"Nee";"Nee";"Basketbalveld met belijning, zitbanken naast veld";437;"KWittenburgerstraat.jpg";"POINT(4.9204948,52.3706938)";"POINT(52.3706938,4.9204948)";4.9204948;52.3706938;
167;"BIJLTJESPAD";"Basketbal";"Plantsoen";"Geen";"Asfalt";"Ja";"Nee";"Basketbalveld, veld ligt verdiept, zitbanken naast veld";372;"Bijltjespad.jpg";"POINT(4.9172151,52.3714911)";"POINT(52.3714911,4.9172151)";4.9172151;52.3714911;
168;"OOSTERSPEELTUIN";"Basketbal";"Speeltuin";"Geen";"Stoeptegels";"Nee";"Nee";"Basketbalveld, speeltuin Ooster Speeltuin, zitbanken naast veld";294;"OosterSpeeltuin.jpg";"POINT(4.9264448,52.3677947)";"POINT(52.3677947,4.9264448)";4.9264448;52.3677947;
169;"MEERHUIZENPLEIN";"Basketbal";"Plein";"Ballenvangers";"Stoeptegels";"Nee";"Nee";"Basketbalveld, veld ligt verdiept, zitbanken naast veld, combi-veld, ballenvangers (1 zijde)";355;"Meerhuizenplein.jpg";"POINT(4.9079449,52.3476912)";"POINT(52.3476912,4.9079449)";4.9079449;52.3476912;
170;"JEKERSTRAAT";"Basketbal";"Plantsoen";"Hekwerk laag";"Stoeptegels";"Nee";"Nee";"Basketbalveld, combi-veld";580;"Jekerstraat_2.jpg";"POINT(4.8964851,52.3459937)";"POINT(52.3459937,4.8964851)";4.8964851;52.3459937;
171;"ROERSTRAAT";"Basketbal";"Plein";"Hekwerk laag";"Stoeptegels";"Nee";"Nee";"Basketbalveld, zitbanken naast veld";544;"Roerstraat.jpg";"POINT(4.8971651,52.3441931)";"POINT(52.3441931,4.8971651)";4.8971651;52.3441931;
172;"KENNEDYPLANTSOEN";"Basketbal";"Plantsoen";"Geen";"Stoeptegels";"Nee";"Nee";"Basketbalveld, kleine doelen, veld ligt verdiept, zitbanken naast veld, combi-veld";291;"PKennedyplantsoen_2.jpg";"POINT(4.8994448,52.3407942)";"POINT(52.3407942,4.8994448)";4.8994448;52.3407942;
173;"GAASPSTRAAT";"Basketbal";"Speeltuin";"Ballenvangers";"Asfalt";"Nee";"Nee";"Basketbalveld, speeltuin Amsterdam Zuid, zitbanken naast veld";1344;"Gaaspstraat_2.jpg";"POINT(4.907625,52.3444945)";"POINT(52.3444945,4.907625)";4.907625;52.3444945;
174;"OPVELD";"Basketbal";"Plantsoen";"Geen";"Asfalt";"Nee";"Nee";"Basketbalpaal, veld ligt verdiept, zitbanken naast veld";125;"Opveld_2.jpg";"POINT(4.8809349,52.3241927)";"POINT(52.3241927,4.8809349)";4.8809349;52.3241927;
175;"BRITTENBURG";"Basketbal";"Plantsoen";"Ballenvangers";"Asfalt";"Nee";"Nee";"Basketbalveld met belijning, zitbanken naast veld";347;"Brittenburg.jpg";"POINT(4.8709652,52.3263938)";"POINT(52.3263938,4.8709652)";4.8709652;52.3263938;
176;"BOECKENBURG";"Basketbal";"Schoolplein";"Hekwerk laag";"Stoeptegels";"Nee";"Nee";"Basketbalveld";239;"Broeckenburg.jpg";"POINT(4.8747618,52.3268935)";"POINT(52.3268935,4.8747618)";4.8747618;52.3268935;
177;"ZEELANDSTRAAT";"Basketbal";"Plantsoen";"Geen";"Stoeptegels";"Nee";"Nee";"Basketbalpaal, zitbanken naast veld";86;"Zeelandstraat_2.jpg";"POINT(4.877805,52.3271948)";"POINT(52.3271948,4.877805)";4.877805;52.3271948;
178;"GOUDESTEIN";"Basketbal";"Speeltuin";"Ballenvangers";"Asfalt";"Nee";"Nee";"Basketbalpaal met belijning, speeltuin Goudestein, zitbanken naast veld";566;"Goudestein_2.jpg";"POINT(4.8613651,52.3257948)";"POINT(52.3257948,4.8613651)";4.8613651;52.3257948;
179;"BILJOEN";"Basketbal";"Plein";"Geen";"Stoeptegels";"Nee";"Nee";"Basketbalpaal, zitbanken naast veld";77;"Biljoen.jpg";"POINT(4.8666851,52.3312918)";"POINT(52.3312918,4.8666851)";4.8666851;52.3312918;
181;"DINTELSTRAAT";"Basketbal";"Schoolplein";"Geen";"Stoeptegels";"Nee";"Nee";"Basketbalveld, zitbanken naast veld";550;"Dintelstraat.jpg";"POINT(4.8930852,52.3454939)";"POINT(52.3454939,4.8930852)";4.8930852;52.3454939;
183;"TIMORPLEIN";"Basketbal";"Plein";"Hekwerk";"Asfalt";"Nee";"Nee";"Een basketbalpaal";258;"";"POINT(4.9352448,52.3652922)";"POINT(52.3652922,4.9352448)";4.9352448;52.3652922;
184;"EKINGENSTRAAT";"Basketbal";"Stoep";"Geen";"Asfalt";"Nee";"Nee";"Basketbalveld dit najaar klaar";213;"";"POINT(4.7972748,52.3562934)";"POINT(52.3562934,4.7972748)";4.7972748;52.3562934;
185;"VINKENSTRAAT";"Basketbal";"Stoep";"Hekwerk laag";"Tegels";"Nee";"Nee";"Basketbalpaal";32;"";"POINT(4.8864152,52.3826949)";"POINT(52.3826949,4.8864152)";4.8864152;52.3826949;
186;"VELD 14";"Basketbal";"Sportveld";"Kooi gesloten";"Asfalt";"Ja";"Nee";"Basketbalveld, combi-veld";713;"";"POINT(4.951865,52.3474928)";"POINT(52.3474928,4.951865)";4.951865;52.3474928;
187;"BELOEGASTRAAT";"Basketbal";"Plantsoen";"Ballenvangers";"Asfalt";"Nee";"Nee";"Basketbalveld";482;"Beloegastraat.jpg";"POINT(4.886215,52.4219939)";"POINT(52.4219939,4.886215)";4.886215;52.4219939;
188;"PETMOLEN";"Voetbal";"Plantsoen";"Geen";"Gras";"Nee";"Nee";"Voetbalveld, kleine doelen";450;"Petmolen.jpg";"POINT(4.8867452,52.4183928)";"POINT(52.4183928,4.8867452)";4.8867452;52.4183928;
189;"WATERMOLEN";"Voetbal";"Plantsoen";"Geen";"Gras";"Nee";"Nee";"Voetbalveld";893;"Watermolen.jpg";"POINT(4.8898652,52.4191939)";"POINT(52.4191939,4.8898652)";4.8898652;52.4191939;
190;"NIEUWENDAM";"Voetbal";"Speeltuin";"Ballenvangers";"Asfalt";"Ja";"Nee";"Voetbalveld, kleine doelen, speeltuin Nieuwendam";842;"Nieuwendam_2.jpg";"POINT(4.9504049,52.3888938)";"POINT(52.3888938,4.9504049)";4.9504049;52.3888938;
191;"WERENGOUW";"Voetbal";"Plein";"Ballenvangers";"Stoeptegels";"Nee";"Nee";"Voetbalveld";673;"Werengouw.jpg";"POINT(4.9562251,52.3900916)";"POINT(52.3900916,4.9562251)";4.9562251;52.3900916;
192;"BUSSUMSTRAAT";"Voetbal";"Plein";"Ballenvangers";"Stoeptegels";"Nee";"Nee";"Voetbaldoel, kleine doelen, veld ligt verdiept";555;"Bussumstraat.jpg";"POINT(4.9568651,52.3909918)";"POINT(52.3909918,4.9568651)";4.9568651;52.3909918;
193;"CORVERSBOSSTRAAT";"Voetbal";"Schoolplein";"Ballenvangers";"Stoeptegels";"Nee";"Nee";"Voetbalveld, kleine doelen, veld gedeeltelijk afgezet met spijlenhekwerk";586;"Corversbosstraat_2.jpg";"POINT(4.9603651,52.3919913)";"POINT(52.3919913,4.9603651)";4.9603651;52.3919913;
194;"PETTENSTRAAT";"Voetbal";"Stoep";"Geen";"Stoeptegels";"Nee";"Nee";"Voetbalveld, kleine doelen, laag hek achter 1 doel";383;"Pettenstraat.jpg";"POINT(4.954385,52.3965918)";"POINT(52.3965918,4.954385)";4.954385;52.3965918;
195;"ELPERMEER";"Voetbal";"Plantsoen";"Geen";"Stoeptegels";"Nee";"Nee";"Voetbalveld, zitbanken naast veld, combi-veld";366;"Elpermeer.jpg";"POINT(4.9466751,52.4027945)";"POINT(52.4027945,4.9466751)";4.9466751;52.4027945;
196;"MARIENDAAL";"Voetbal";"Plantsoen";"Ballenvangers";"Asfalt";"Nee";"Nee";"Voetbalveld, 2 lange zijden laag spijlenhekwerk, zitbanken naast veld";817;"Mariendaal.jpg";"POINT(4.9409449,52.4016921)";"POINT(52.4016921,4.9409449)";4.9409449;52.4016921;
197;"IJPLEIN";"Voetbal";"Plantsoen";"Geen";"Asfalt";"Nee";"Nee";"Voetbalveld, kleine doelen";290;"IJplein_2.jpg";"POINT(4.9112651,52.3827941)";"POINT(52.3827941,4.9112651)";4.9112651;52.3827941;
198;"SPREEUWENPARK";"Voetbal";"Plantsoen";"Kooi open";"Asfalt";"Nee";"Nee";"Voetbalveld, combi-veld";532;"Spreeuwenpark_2.jpg";"POINT(4.9144251,52.384194)";"POINT(52.384194,4.9144251)";4.9144251;52.384194;
199;"KETELMAKERIJ";"Voetbal";"Stoep";"Kooi gesloten";"Stoeptegels";"Nee";"Nee";"Voetbalveld, kleine doelen, zitbanken naast veld";319;"Ketelmakerij.jpg";"POINT(4.917875,52.3838927)";"POINT(52.3838927,4.917875)";4.917875;52.3838927;
200;"MEEUWENPLEIN";"Voetbal";"Plantsoen";"Ballenvangers";"Asfalt";"Nee";"Nee";"Voetbalveld, zitbanken naast veld";911;"Meeuwenplein.jpg";"POINT(4.9224851,52.388394)";"POINT(52.388394,4.9224851)";4.9224851;52.388394;
201;"NOORDERLING";"Voetbal";"Speeltuin";"Kooi gesloten";"Asfalt";"Ja";"Nee";"Voetbalveld, kleine doelen, speeltuin De Noorderling";635;"DeNoorderling_2.jpg";"POINT(4.9309952,52.3919913)";"POINT(52.3919913,4.9309952)";4.9309952;52.3919913;
202;"TEXELPLEIN";"Voetbal";"Plein";"Kooi gesloten";"Stoeptegels";"Nee";"Nee";"Voetbalveld, kleine doelen";211;"Texelplein.jpg";"POINT(4.9260352,52.3927924)";"POINT(52.3927924,4.9260352)";4.9260352;52.3927924;
203;"LOENERMARK";"Voetbal";"Plantsoen";"Ballenvangers";"Asfalt";"Nee";"Nee";"Voetbalveld, kleine doelen";480;"Loenermark_2.jpg";"POINT(4.931515,52.398194)";"POINT(52.398194,4.931515)";4.931515;52.398194;
204;"BREEDVELD";"Voetbal";"Plantsoen";"Geen";"Onverhard";"Nee";"Nee";"Voetbalveld";1013;"Breedveld_1.jpg";"POINT(4.9344351,52.3962943)";"POINT(52.3962943,4.9344351)";4.9344351;52.3962943;
205;"DRIEMASTER";"Voetbal";"Schoolplein";"Hekwerk laag";"Stoeptegels";"Nee";"Nee";"Voetbalveld, combi-veld";310;"DeDriemaster.jpg";"POINT(4.9214752,52.4071929)";"POINT(52.4071929,4.9214752)";4.9214752;52.4071929;
206;"PARLEVINKER";"Voetbal";"Schoolplein";"Hekwerk laag";"Stoeptegels";"Nee";"Nee";"Voetbalveld, kleine doelen";625;"Parlevinker.jpg";"POINT(4.921715,52.4108931)";"POINT(52.4108931,4.921715)";4.921715;52.4108931;
207;"OVERSLAG";"Voetbal";"Plantsoen";"Ballenvangers";"Asfalt";"Ja";"Nee";"Voetbalveld met belijning, kleine doelen, zitbanken naast veld";512;"Overslag_2.jpg";"POINT(4.9195049,52.4102942)";"POINT(52.4102942,4.9195049)";4.9195049;52.4102942;
208;"VOORSTEVEN";"Voetbal";"Plantsoen";"Hekwerk laag";"Onverhard";"Nee";"Nee";"Voetbalveld, kleine doelen, aan 1 zijde een ballenvanger";317;"Voorsteven.jpg";"POINT(4.9154851,52.4108931)";"POINT(52.4108931,4.9154851)";4.9154851;52.4108931;
209;"KOOPVAARDERSPLANTSOEN";"Voetbal";"Plantsoen";"Hekwerk laag";"Gras";"Nee";"Nee";"Voetbalveld, kleine doelen";369;"Koopvaardersplantsoen.jpg";"POINT(4.9152448,52.4056937)";"POINT(52.4056937,4.9152448)";4.9152448;52.4056937;
210;"VIERMASTERSTRAAT";"Voetbal";"Plein";"Kooi open";"Stoeptegels";"Nee";"Nee";"Voetbalveld, kleine doelen, zitbanken naast veld";230;"Viermasterstraat.jpg";"POINT(4.911535,52.4042937)";"POINT(52.4042937,4.911535)";4.911535;52.4042937;
211;"TREILERHOF";"Voetbal";"Plantsoen";"Ballenvangers";"Stoeptegels";"Nee";"Nee";"Voetbaldoel, zitbanken naast veld";145;"Treilerhof.jpg";"POINT(4.911855,52.4071929)";"POINT(52.4071929,4.911855)";4.911855;52.4071929;
212;"VIKINGPAD";"Voetbal";"Plantsoen";"Geen";"Gras";"Nee";"Nee";"Voetbalveld, kleine doelen";1005;"Vikingpad.jpg";"POINT(4.9079049,52.4062926)";"POINT(52.4062926,4.9079049)";4.9079049;52.4062926;
213;"TWISKE";"Voetbal";"Speeltuin";"Hekwerk laag";"Stoeptegels";"Nee";"Nee";"Voetbalveld, kleine doelen, speeltuin `t Twiske, zitbanken naast veld";246;"Twiske_1.jpg";"POINT(4.9022748,52.419892)";"POINT(52.419892,4.9022748)";4.9022748;52.419892;
214;"LANGE VONDER";"Voetbal";"Stoep";"Kooi gesloten";"Asfalt";"Nee";"Nee";"Voetbalveld";276;"LangeVonder.jpg";"POINT(4.8979452,52.4222914)";"POINT(52.4222914,4.8979452)";4.8979452;52.4222914;
215;"ANTARUSSTRAAT";"Voetbal";"Plantsoen";"Ballenvangers";"Stoeptegels";"Nee";"Nee";"Voetbalveld, zitbanken naast veld";458;"Antarusstraat_1.jpg";"POINT(4.8860152,52.4115912)";"POINT(52.4115912,4.8860152)";4.8860152;52.4115912;
216;"OOSTZAAN";"Voetbal";"Speeltuin";"Ballenvangers";"Asfalt";"Nee";"Nee";"Voetbalveld, speeltuin Oostzaan, combi-veld";1357;"Oostzaan.jpg";"POINT(4.886235,52.412892)";"POINT(52.412892,4.886235)";4.886235;52.412892;
217;"CASTORPLEIN";"Voetbal";"Plantsoen";"Ballenvangers";"Asfalt";"Nee";"Nee";"Voetbalveld, kleine doelen";343;"Castorplein.jpg";"POINT(4.890475,52.4116942)";"POINT(52.4116942,4.890475)";4.890475;52.4116942;
218;"STREKKERWEG";"Voetbal";"Plantsoen";"Ballenvangers";"Asfalt";"Nee";"Nee";"Voetbalveld, kleine doelen";358;"Strekkerweg.jpg";"POINT(4.8948948,52.4048926)";"POINT(52.4048926,4.8948948)";4.8948948;52.4048926;
219;"VOLEWIJCK";"Voetbal";"Speeltuin";"Ballenvangers";"Asfalt";"Nee";"Nee";"Voetbalveld, kleine doelen, veld ligt verdiept, zitbanken naast veld";533;"Volewijck.jpg";"POINT(4.9075348,52.3889929)";"POINT(52.3889929,4.9075348)";4.9075348;52.3889929;
220;"VARENWEG";"Voetbal";"Plantsoen";"Kooi gesloten";"Asfalt";"Nee";"Nee";"Voetbalveld, kleine doelen, zitbanken naast veld";331;"Varenweg_1.jpg";"POINT(4.9156549,52.3891913)";"POINT(52.3891913,4.9156549)";4.9156549;52.3891913;
221;"ANDOORNSTRAAT";"Voetbal";"Plein";"Ballenvangers";"Stoeptegels";"Nee";"Nee";"Voetbalveld";260;"Andoornstraat.jpg";"POINT(4.9159648,52.3919913)";"POINT(52.3919913,4.9159648)";4.9159648;52.3919913;
222;"MOSVELD";"Voetbal";"Plantsoen";"Ballenvangers";"Stoeptegels";"Nee";"Nee";"Voetbalveld, kleine doelen";302;"Mosveld.jpg";"POINT(4.914015,52.3915946)";"POINT(52.3915946,4.914015)";4.914015;52.3915946;
223;"FLORAWEG";"Voetbal";"Schoolplein";"Ballenvangers";"Asfalt";"Nee";"Nee";"Voetbalveld, combi-veld, zitbanken naast veldv";459;"Floraweg_1.jpg";"POINT(4.911895,52.4004943)";"POINT(52.4004943,4.911895)";4.911895;52.4004943;
224;"FLORAWEG";"Voetbal";"Plantsoen";"Geen";"Gras";"Nee";"Nee";"Voetbalveld";1842;"Floraweg_3.jpg";"POINT(4.9151852,52.4003913)";"POINT(52.4003913,4.9151852)";4.9151852;52.4003913;
226;"AZALEASTRAAT";"Voetbal";"Schoolplein";"Ballenvangers";"Stoeptegels";"Nee";"Nee";"Voetbaldoel, kleine doelen, zitbanken naast veld";316;"Azaleastraat.jpg";"POINT(4.9161951,52.3954932)";"POINT(52.3954932,4.9161951)";4.9161951;52.3954932;
227;"WILTZANGH";"Voetbal";"Schoolplein";"Geen";"Asfalt";"Ja";"Nee";"Voetbalveld met belijning, kleine doelen, zitbanken naast veld, combi-veld";403;"Wiltzangh_1.jpg";"POINT(4.8401649,52.3807913)";"POINT(52.3807913,4.8401649)";4.8401649;52.3807913;
229;"DE BOOM";"Voetbal";"Speeltuin";"Gedeeltelijk";"Stoeptegels";"Nee";"Nee";"Voetbalveld, kleine doelen";464;"DeBoom.jpg";"POINT(4.8474739,52.3823325)";"POINT(52.3823325,4.8474739)";4.8474739;52.3823325;
230;"HERTSPIEGHELPLEIN";"Voetbal";"Speeltuin";"Ballenvangers";"Kunstgras";"Ja";"Nee";"Voetbalveld met belijning";1044;"Hertspieghelplein voetbal.jpg";"POINT(4.8516042,52.3813178)";"POINT(52.3813178,4.8516042)";4.8516042;52.3813178;
231;"ERNEST STAESPLEIN";"Voetbal";"Plein";"Ballenvangers";"Asfalt";"Nee";"Nee";"Voetbalveld met belijning, veld ligt verdiept, 1 lange zijde laag dubbelstaafmat hekwerk, zitbanken naast veld";873;"ErnestStaesplein.jpg";"POINT(4.8398049,52.3769919)";"POINT(52.3769919,4.8398049)";4.8398049;52.3769919;
232;"WACHTERLIEDPLANTSOEN";"Voetbal";"Speeltuin";"Ballenvangers";"Asfalt";"Nee";"Nee";"Voetbalveld met belijning, 2 lange zijden laag spijlenhekwerk";0;"Wachterliedplantsoen voetbal.JPG";"POINT(4.8529432,52.3778159)";"POINT(52.3778159,4.8529432)";4.8529432;52.3778159;
233;"WACHTERLIEDPLANTSOEN";"Voetbal";"Speeltuin";"Ballenvangers";"Kunstgras";"Nee";"Nee";"Voetbalveld, kleine doeltjes, verlaagd, zitbanken naast veld";486;"Wachterliedplantsoen speeltuin.JPG";"POINT(4.8541148,52.3772971)";"POINT(52.3772971,4.8541148)";4.8541148;52.3772971;
234;"KAREL DOORMANPLEIN";"Voetbal";"Schoolplein";"Ballenvangers";"Asfalt";"Nee";"Nee";"Voetbalveld met belijning, veld ligt verdiept, kleine doelen, 1 lange zijde hoog dubbelstaafmat hekwerk";825;"DeRuijter_1.jpg";"POINT(4.8595879,52.378945)";"POINT(52.378945,4.8595879)";4.8595879;52.378945;
235;"JOOS BANCKERSWEG";"Voetbal";"Sportpark";"Ballenvangers";"Asfalt";"Nee";"Nee";"Voetbalveld met belijning, kleine doelen, 1 lange zijde laag dubbelstaafmat hekwerk, combi-veld, ballenvangers (3 zijden)";383;"JoosBanckersweg_1.jpg";"POINT(4.8565848,52.3759925)";"POINT(52.3759925,4.8565848)";4.8565848;52.3759925;
236;"ERASMUSPARK";"Voetbal";"Park";"Geen";"Gras";"Nee";"Nee";"Voetbalveld, zitbanken naast veld";6104;"Erasmuspark.jpg";"POINT(4.8510349,52.374993)";"POINT(52.374993,4.8510349)";4.8510349;52.374993;
239;"KIJKDUINSTRAAT";"Voetbal";"Plantsoen";"Kooi open";"Asfalt";"Nee";"Nee";"Voetbalveld met kleine doeltjes";342;"Kijkduinstraat voetbal.jpg";"POINT(4.8535588,52.3824202)";"POINT(52.3824202,4.8535588)";4.8535588;52.3824202;
240;"HEMONYSTRAAT";"Voetbal";"Stoep";"Hekwerk laag";"Stoeptegels";"Nee";"Nee";"Voetbalveld, kleine doelen, zitbanken naast veld";23;"Hemonystraat.jpg";"POINT(4.9028652,52.3564917)";"POINT(52.3564917,4.9028652)";4.9028652;52.3564917;
241;"SERVEASNOUTSSTRAAT";"Voetbal";"Plein";"Ballenvangers";"Asfalt";"Nee";"Nee";"Voetbalveld, zitbanken naast veld";596;"Serveasnoutsstraat_1.jpg";"POINT(4.9037049,52.3552939)";"POINT(52.3552939,4.9037049)";4.9037049;52.3552939;
242;"SMARAGDPLEIN";"Voetbal";"Plein";"Kooi gesloten";"Asfalt";"Nee";"Nee";"Voetbalveld, combi-veld";396;"Smaragdplein.jpg";"POINT(4.9054549,52.3506934)";"POINT(52.3506934,4.9054549)";4.9054549;52.3506934;
243;"RONNERPLEIN";"Voetbal";"Plein";"Kooi open";"Asfalt";"Nee";"Nee";"Voetbalveld, kleine doelen, zitbanken naast veld";323;"HRomerplein.jpg";"POINT(4.9010341,52.3496901)";"POINT(52.3496901,4.9010341)";4.9010341;52.3496901;
244;"KEIJSERPLEIN";"Voetbal";"Speeltuin";"Kooi open";"Asfalt";"Ja";"Nee";"Voetbalveld, combi-veld, speeltuin Henrick de Keijser, zitbanken naast veld";997;"HdeKeijserplein_1.jpg";"POINT(4.8983452,52.3514945)";"POINT(52.3514945,4.8983452)";4.8983452;52.3514945;
245;"ANSINGHSTRAAT";"Voetbal";"Stoep";"Kooi open";"Stoeptegels";"Nee";"Nee";"Voetbalveld";180;"LAnsinghstraat.jpg";"POINT(4.8945448,52.3496939)";"POINT(52.3496939,4.8945448)";4.8945448;52.3496939;
247;"OBRECHTPLEIN";"Voetbal";"Schoolplein";"Hekwerk";"Asfalt";"Nee";"Nee";"Voetbalveld";346;"JObrechtplein_1.jpg";"POINT(4.8782351,52.3524939)";"POINT(52.3524939,4.8782351)";4.8782351;52.3524939;
248;"BOCKESPRONG";"Voetbal";"Speeltuin";"Geen";"Asfalt";"Nee";"Nee";"Voetbalveld, combi-veld";1502;"Bockesprong_1.jpg";"POINT(4.8471949,52.3550917)";"POINT(52.3550917,4.8471949)";4.8471949;52.3550917;
249;"ARGONAUTENSTRAAT";"Voetbal";"Speeltuin";"Hekwerk";"Asfalt";"Nee";"Nee";"Voetbalveld, kleine doelen, zitbanken naast veld";1690;"Olympia_3.jpg";"POINT(4.8618448,52.3436934)";"POINT(52.3436934,4.8618448)";4.8618448;52.3436934;
250;"ARGONAUTENSTRAAT";"Voetbal";"Speeltuin";"Ballenvangers";"Asfalt";"Nee";"Nee";"Voetbalveld, zitbanken naast veld";796;"Olympia_1.jpg";"POINT(4.8615849,52.3435942)";"POINT(52.3435942,4.8615849)";4.8615849;52.3435942;
251;"KERKENPLEIN";"Voetbal";"Plantsoen";"Kooi open";"Stoeptegels";"Nee";"Nee";"Voetbalveld";388;"Kerkenplein.jpg";"POINT(4.8653548,52.3450934)";"POINT(52.3450934,4.8653548)";4.8653548;52.3450934;
252;"OLYMPIAPLEIN";"Voetbal";"Plein";"Kooi open";"Asfalt";"Ja";"Nee";"Voetbalveld, zitbanken naast veld";468;"Olympiaplein_1.jpg";"POINT(4.8663752,52.3468939)";"POINT(52.3468939,4.8663752)";4.8663752;52.3468939;
253;"OLYMPIAPLEIN";"Voetbal";"Plein";"Kooi open";"Asfalt";"Ja";"Nee";"Voetbalveld, kleine doelen, zitbanken naast veld";101;"Olympiaplein_3.jpg";"POINT(4.867265,52.3470923)";"POINT(52.3470923,4.867265)";4.867265;52.3470923;
255;"HYGIEAPLEIN";"Voetbal";"Schoolplein";"Ballenvangers";"Asfalt";"Nee";"Nee";"Voetbalveld, kleine doelen, zitbanken naast veld";468;"Hygieaplein_1.jpg";"POINT(4.863405,52.3471915)";"POINT(52.3471915,4.863405)";4.863405;52.3471915;
256;"HYGIEAPLEIN";"Voetbal";"Schoolplein";"Ballenvangers";"Asfalt";"Nee";"Nee";"Voetbalveld, kleine doelen, combi-veld, zitbanken naast veld";403;"Hygieaplein_2.jpg";"POINT(4.8631551,52.3468939)";"POINT(52.3468939,4.8631551)";4.8631551;52.3468939;
257;"PARAMARIBOPLEIN";"Voetbal";"Plein";"Ballenvangers";"Asfalt";"Nee";"Nee";"Voetbalveld, zitbanken naast veld";250;"Paramariboplein.jpg";"POINT(4.8548152,52.3597914)";"POINT(52.3597914,4.8548152)";4.8548152;52.3597914;
258;"CORANTIJNSTRAAT";"Voetbal";"Schoolplein";"Ballenvangers";"Stoeptegels";"Nee";"Nee";"Voetbalveld, kleine doelen, zitbanken naast veld";155;"Corantijnstraat_2.jpg";"POINT(4.8526051,52.3617941)";"POINT(52.3617941,4.8526051)";4.8526051;52.3617941;
259;"MIDDELLANDSTRAAT";"Voetbal";"Stoep";"Geen";"Stoeptegels";"Nee";"Nee";"Voetbalveld, kleine doelen, zitbanken naast veld";281;"vMiddellandstraat_2.jpg";"POINT(4.8505752,52.3645941)";"POINT(52.3645941,4.8505752)";4.8505752;52.3645941;
260;"MERCATOR";"Voetbal";"Speeltuin";"Ballenvangers";"Asfalt";"Nee";"Nee";"Voetbalveld met belijning";617;"Mercator_2.jpg";"POINT(4.8465149,52.3699919)";"POINT(52.3699919,4.8465149)";4.8465149;52.3699919;
261;"JAN MAIJENSTRAAT";"Voetbal";"Plein";"Geen";"Stoeptegels";"Nee";"Nee";"Voetbalveld, kleine doelen, zitbanken naast veld";252;"JanMaijenstraat.jpg";"POINT(4.8521049,52.3710944)";"POINT(52.3710944,4.8521049)";4.8521049;52.3710944;
262;"VANCOUVERSTRAAT";"Voetbal";"Schoolplein";"Geen";"Asfalt";"Nee";"Nee";"Voetbalveld, kleine doelen, zitbanken naast veld";215;"Vancouverstraat.jpg";"POINT(4.8550732,52.3733069)";"POINT(52.3733069,4.8550732)";4.8550732;52.3733069;
263;"PIETER VAN DE DOESSTRAAT";"Voetbal";"Plein";"Ballenvangers";"Stoeptegels";"Nee";"Nee";"Voetbalveld, zitbanken naast veld";327;"";"POINT(4.8579352,52.3726927)";"POINT(52.3726927,4.8579352)";4.8579352;52.3726927;
264;"REINIER CLAESZENPLEIN";"Voetbal";"Plantsoen";"Geen";"Stoeptegels";"Nee";"Nee";"Voetbalveld, kleine doelen, zitbanken naast veld";93;"RClaeszenplein.jpg";"POINT(4.8612149,52.3742911)";"POINT(52.3742911,4.8612149)";4.8612149;52.3742911;
265;"COLUMBUSPLEIN";"Voetbal";"Speeltuin";"Ballenvangers";"Asfalt";"Ja";"Nee";"Voetbalveld met belijning, grote en kleine doelen, zitbanken naast veld";0;"Columbusplein.JPG";"POINT(4.8551218,52.3663947)";"POINT(52.3663947,4.8551218)";4.8551218;52.3663947;
266;"BALBOAPLEIN";"Voetbal";"Plein";"Ballenvangers";"Asfalt";"Ja";"Nee";"Voetbalveld met belijning, zitbanken naast veld";795;"Balboaplein_1.jpg";"POINT(4.855665,52.3684928)";"POINT(52.3684928,4.855665)";4.855665;52.3684928;
267;"BALBOAPLEIN";"Voetbal";"Plein";"Geen";"Asfalt";"Nee";"Nee";"Voetbalveld met belijning, kleine doelen, zitbanken naast veld";362;"Balboaplein_2.jpg";"POINT(4.8554952,52.3687941)";"POINT(52.3687941,4.8554952)";4.8554952;52.3687941;
268;"KIERKEGAARDSTRAAT";"Voetbal";"Plantsoen";"Ballenvangers";"Gras";"Nee";"Nee";"Voetbalveld";603;"Kierkegaardstraat.jpg";"POINT(4.8091948,52.3761946)";"POINT(52.3761946,4.8091948)";4.8091948;52.3761946;
269;"Lodewijk van Deysselstraat/Eendrachtspark";"Voetbal";"Park";"Ballenvangers";"Kunstgras";"Ja";"Nee";"Voetbalveld";917;"Eendrachtspark_3.jpg";"POINT(4.8076451,52.377793)";"POINT(52.377793,4.8076451)";4.8076451;52.377793;
270;"Voetbalveld Jan de Louterpad";"Voetbal";"Plantsoen";"Geen";"Gras";"Nee";"Nee";"Voetbalveld";1080;"JdeLouterpad.jpg";"POINT(4.815295,52.3793913)";"POINT(52.3793913,4.815295)";4.815295;52.3793913;
271;"HASSELAARSSTRAAT";"Voetbal";"Plein";"Ballenvangers";"Kunstgras";"Nee";"Nee";"Voetbalveld, zitbanken naast veld";268;"KSHasselaarstraat_2.jpg";"POINT(4.8034151,52.3811919)";"POINT(52.3811919,4.8034151)";4.8034151;52.3811919;
272;"Cornelis Outshoornstraat";"Voetbal";"Plantsoen";"Ballenvangers";"Asfalt";"Nee";"Nee";"Voetbalveld met belijning, combi-veld, kleine doelen, zitbanken naast veld";372;"Cornelis.jpg";"POINT(4.794985,52.3810927)";"POINT(52.3810927,4.794985)";4.794985;52.3810927;
273;"PARK DE KUIL";"Voetbal";"Park";"Geen";"Gras";"Nee";"Nee";"Voetbalveld, zitbanken naast veld";3162;"ParkdeKuil.jpg";"POINT(4.7893751,52.3770949)";"POINT(52.3770949,4.7893751)";4.7893751;52.3770949;
274;"BORGESIUSSTRAAT";"Voetbal";"Plein";"Ballenvangers";"Stoeptegels";"Nee";"Nee";"Voetbaldoel";146;"GBorgesiusstraat.jpg";"POINT(4.7988751,52.3772933)";"POINT(52.3772933,4.7988751)";4.7988751;52.3772933;
275;"Michel de Klerkhof";"Voetbal";"Schoolplein";"Ballenvangers";"Asfalt";"Nee";"Nee";"Voetbalveld met belijning, combi-veld, zitbanken naast veld";1525;"MdeKlerkhof_1.jpg";"POINT(4.7971952,52.376393)";"POINT(52.376393,4.7971952)";4.7971952;52.376393;
276;"CONFUCIUSPLEIN";"Voetbal";"Plein";"Kooi open";"Stoeptegels";"Nee";"Nee";"Voetbalveld, combi-veld";305;"Confuciusplein.jpg";"POINT(4.8123848,52.3744933)";"POINT(52.3744933,4.8123848)";4.8123848;52.3744933;
277;"Voetbalveld Broedeletstraat";"Voetbal";"Plantsoen";"Geen";"Asfalt";"Nee";"Nee";"Voetbalveld, combi-veld";1137;"BurgCramergracht_1.jpg";"POINT(4.8354251,52.3756949)";"POINT(52.3756949,4.8354251)";4.8354251;52.3756949;
278;"GERBRANDYPARK";"Voetbal";"Park";"Geen";"Gras";"Nee";"Nee";"Voetbalveld";739;"Gerbrandypark_1.jpg";"POINT(4.8271649,52.3781935)";"POINT(52.3781935,4.8271649)";4.8271649;52.3781935;
280;"SLOTERMEER";"Voetbal";"Speeltuin";"Hekwerk laag";"Asfalt";"Nee";"Nee";"Voetbalveld, combi-veld, kleine doelen, speeltuin Slotermeer";819;"Slotermeer_2.jpg";"POINT(4.8257449,52.3817946)";"POINT(52.3817946,4.8257449)";4.8257449;52.3817946;
281;"VOSSTRAAT";"Voetbal";"Plantsoen";"Ballenvangers";"Gras";"Nee";"Nee";"Voetbalveld Cruyff court";1281;"DVosstraat.jpg";"POINT(4.8231752,52.3823935)";"POINT(52.3823935,4.8231752)";4.8231752;52.3823935;
282;"ZWANENBURGHOF";"Voetbal";"Plein";"Ballenvangers";"Stoeptegels";"Nee";"Nee";"Voetbalveld, zitbanken naast veld";418;"JZwanenburghof.jpg";"POINT(4.819895,52.3826949)";"POINT(52.3826949,4.819895)";4.819895;52.3826949;
283;"SLOTERMEERLAAN";"Voetbal";"Schoolplein";"Hekwerk laag";"Stoeptegels";"Nee";"Nee";"Voetbaldoel, klein doel";276;"Slotermeerlaan.jpg";"POINT(4.822335,52.3835913)";"POINT(52.3835913,4.822335)";4.822335;52.3835913;
284;"Hoekenes";"Voetbal";"Schoolplein";"Kooi open";"Stoeptegels";"Nee";"Nee";"Voetbalveld, zitbanken naast veld";295;"Montessori.jpg";"POINT(4.8031952,52.3541915)";"POINT(52.3541915,4.8031952)";4.8031952;52.3541915;
286;"M. Hanenbergstraat";"Voetbal";"Plantsoen";"Hekwerk";"Stoeptegels";"Nee";"Nee";"Voetbaldoel, combi-veld";194;"Hanenbergstraat_1.jpg";"POINT(4.8003948,52.358792)";"POINT(52.358792,4.8003948)";4.8003948;52.358792;
287;"REMIJDEN";"Voetbal";"Plantsoen";"Ballenvangers";"Stoeptegels";"Nee";"Nee";"Voetbalveld met belijning, zitbanken naast veld";861;"Remijden_2.jpg";"POINT(4.8029549,52.3617941)";"POINT(52.3617941,4.8029549)";4.8029549;52.3617941;
288;"VELDZICHT";"Voetbal";"Plantsoen";"Kooi open";"Asfalt";"Nee";"Nee";"Voetbalveld";378;"Veldzicht.jpg";"POINT(4.8000052,52.363793)";"POINT(52.363793,4.8000052)";4.8000052;52.363793;
289;"STEELVLIETSTRAAT";"Voetbal";"Plein";"Kooi open";"Stoeptegels";"Nee";"Nee";"Voetbalveld, zitbanken naast veld";160;"Steelvlietstraat_1.jpg";"POINT(4.7927649,52.3625914)";"POINT(52.3625914,4.7927649)";4.7927649;52.3625914;
290;"BOTTESKERKSINGEL";"Voetbal";"Plantsoen";"Ballenvangers";"Kunstgras";"Nee";"Nee";"Voetbalveld Cruyff court";1070;"";"POINT(4.7935605,52.3593307)";"POINT(52.3593307,4.7935605)";4.7935605;52.3593307;
291;"SCHUITENHUISSTRAAT";"Voetbal";"Schoolplein";"Ballenvangers";"Stoeptegels";"Nee";"Nee";"Voetbalveld, combi-veld, zitbanken naast veld";118;"";"POINT(4.7873276,52.3572444)";"POINT(52.3572444,4.7873276)";4.7873276;52.3572444;
292;"TERPSTRAAT";"Voetbal";"Plantsoen";"Geen";"Gras";"Nee";"Nee";"Voetbalveld";659;"Terpstraat_1.jpg";"POINT(4.7779448,52.3567931)";"POINT(52.3567931,4.7779448)";4.7779448;52.3567931;
293;"TERPSTRAAT";"Voetbal";"Stoep";"Ballenvangers";"Asfalt";"Nee";"Nee";"Voetbalveld met belijning, kleine doelen, zitbanken naast veld";368;"Terpstraat_2.jpg";"POINT(4.7796252,52.3561942)";"POINT(52.3561942,4.7796252)";4.7796252;52.3561942;
294;"SEIFERTPLEIN";"Voetbal";"Plein";"Kooi open";"Kunstgras";"Nee";"Nee";"Voetbalveld, kleine doelen, zitbanken naast veld";181;"Seifertplein.jpg";"POINT(4.7779348,52.3541915)";"POINT(52.3541915,4.7779348)";4.7779348;52.3541915;
295;"MONTBLANCPLEIN";"Voetbal";"Plantsoen";"Geen";"Kunstgras";"Nee";"Nee";"Voetbalveld, zitbanken naast veld";374;"MontBlancplein.jpg";"POINT(4.7727749,52.3519942)";"POINT(52.3519942,4.7727749)";4.7727749;52.3519942;
296;"MONTAROSAPLEIN";"Voetbal";"Schoolplein";"Ballenvangers";"Asfalt";"Nee";"Nee";"Voetbalveld, kleine doelen, zitbanken naast veld";258;"MontaRosaplein_1.jpg";"POINT(4.7750351,52.3505942)";"POINT(52.3505942,4.7750351)";4.7750351;52.3505942;
297;"WOORTMANPLEIN";"Voetbal";"Plein";"Kooi open";"Asfalt";"Nee";"Nee";"Voetbalveld";321;"JWoortmanplein.jpg";"POINT(4.7841952,52.3516928)";"POINT(52.3516928,4.7841952)";4.7841952;52.3516928;
298;"GULDENPROMENADE";"Voetbal";"Plantsoen";"Geen";"Kunstgras";"Nee";"Nee";"Voetbalveld, zitbanken naast veld";759;"Guldenpromenade.jpg";"POINT(4.783705,52.3476912)";"POINT(52.3476912,4.783705)";4.783705;52.3476912;
299;"SPEELTUIN SLOTEN";"Voetbal";"Speeltuin";"Geen";"Gras";"Nee";"Nee";"Voetbalveld, speeltuin Sloten, zitbanken naast veld";917;"Sloten_2.jpg";"POINT(4.7958448,52.3422934)";"POINT(52.3422934,4.7958448)";4.7958448;52.3422934;
300;"VISSERPLEIN";"Voetbal";"Plein";"Kooi open";"Asfalt";"Ja";"Nee";"Voetbalveld met belijning, veld ligt verdiept";1420;"LdeVisserplein.jpg";"POINT(4.7955749,52.3533942)";"POINT(52.3533942,4.7955749)";4.7955749;52.3533942;
301;"HERTINGENSTRAAT";"Voetbal";"Plein";"Geen";"Asfalt";"Ja";"Nee";"Voetbalveld";451;"Hertingenstraat.jpg";"POINT(4.7962649,52.3560912)";"POINT(52.3560912,4.7962649)";4.7962649;52.3560912;
302;"Funke Küpperstraat";"Voetbal";"Plantsoen";"Ballenvangers";"Kunstgras";"Ja";"Nee";"Voetbalveld met belijning, kleine doelen";80;"";"POINT(4.8123347,52.3526889)";"POINT(52.3526889,4.8123347)";4.8123347;52.3526889;
304;"BILDERDIJK";"Voetbal";"Schoolplein";"Hekwerk";"Asfalt";"Ja";"Nee";"Voetbalveld met belijning, veld ligt verdiept, combi-veld, zitbanken naast veld";805;"Bilderdijk_2.jpg";"POINT(4.8688552,52.3713919)";"POINT(52.3713919,4.8688552)";4.8688552;52.3713919;
305;"DACOSTAPLEIN";"Voetbal";"Plein";"Geen";"Asfalt";"Nee";"Nee";"Voetbalveld, kleine doelen, combi-veld, zitbanken naast veld";451;"DaCostaplein.jpg";"POINT(4.8733451,52.3705947)";"POINT(52.3705947,4.8733451)";4.8733451;52.3705947;
306;"HILDEBRANDSTRAAT";"Voetbal";"Schoolplein";"Hekwerk laag";"Asfalt";"Nee";"Nee";"Voetbalveld, veld ligt verdiept, combi-veld, zitbanken naast veld";488;"Hildebrandstraat_1.jpg";"POINT(4.8653252,52.3645941)";"POINT(52.3645941,4.8653252)";4.8653252;52.3645941;
307;"TENKATEPLEIN";"Voetbal";"Plein";"Hekwerk laag";"Stoeptegels";"Nee";"Nee";"Voetbalveld, kleine doelen, zitbanken naast veld";371;"TenKateplein.jpg";"POINT(4.8685348,52.365193)";"POINT(52.365193,4.8685348)";4.8685348;52.365193;
308;"JJ CREMERPLEIN";"Voetbal";"Speeltuin";"Ballenvangers";"Asfalt";"Nee";"Nee";"Voetbalveld, speeltuin Westerspeeltuin, zitbanken naast veld";630;"Westerspeeltuin_2.jpg";"POINT(4.857765,52.359326)";"POINT(52.359326,4.857765)";4.857765;52.359326;
310;"KASTERLEEPARK";"Overig";"Plantsoen";"Kooi open";"Asfalt";"Ja";"Nee";"Voetbalveld, kleine doelen, combi-veld, zitbanken naast veld";609;"kasterlee (2).jpg";"POINT(4.8107941,52.3469664)";"POINT(52.3469664,4.8107941)";4.8107941;52.3469664;
311;"KASTERLEEPARK";"Voetbal";"Plantsoen";"Geen";"Gras";"Nee";"Nee";"Voetbalveld";3115;"Kasterleepark_2.jpg";"POINT(4.8103049,52.3487937)";"POINT(52.3487937,4.8103049)";4.8103049;52.3487937;
314;"WESTERHOVEN";"Voetbal";"Speeltuin";"Ballenvangers";"Asfalt";"Nee";"Nee";"Voetbalveld met belijning, zitbanken naast veld";796;"MvWesterhoven_1.jpg";"POINT(4.825115,52.3527915)";"POINT(52.3527915,4.825115)";4.825115;52.3527915;
315;"GEELSTRAAT";"Voetbal";"Plein";"Kooi open";"Asfalt";"Nee";"Nee";"Voetbalveld met belijning, combi-veld, zitbanken naast veld";998;"JGeelstraat_1.jpg";"POINT(4.8322651,52.3597914)";"POINT(52.3597914,4.8322651)";4.8322651;52.3597914;
316;"SLOTERPARK";"Voetbal";"Park";"Geen";"Gras";"Nee";"Nee";"Voetbalveld";883;"Sloterpark_1.jpg";"POINT(4.8244951,52.3644911)";"POINT(52.3644911,4.8244951)";4.8244951;52.3644911;
317;"Cruyff Court Mondriaanplein";"Voetbal";"Plein";"Hekwerk";"Kunstgras";"Nee";"Nee";"Cruyff court Voetbalveld met belijning, zitbanken naast veld";653;"Mondriaanplein_Cruyff_Court.jpg";"POINT(4.8379842,52.3664887)";"POINT(52.3664887,4.8379842)";4.8379842;52.3664887;
319;"SLUIJTERSTRAAT";"Voetbal";"Plantsoen";"Ballenvangers";"Kunstgras";"Nee";"Nee";"Voetbalveld, kleine doelen";241;"JSluijtersstraat.jpg";"POINT(4.8387949,52.3599936)";"POINT(52.3599936,4.8387949)";4.8387949;52.3599936;
320;"JONGKINDSTRAAT";"Voetbal";"Plantsoen";"Ballenvangers";"Asfalt";"Ja";"Nee";"Voetbalveld met belijning, combi-veld, kleine doelen, zitbanken naast veld";546;"JJongkindstraat.jpg";"POINT(4.837085,52.3581931)";"POINT(52.3581931,4.837085)";4.837085;52.3581931;
321;"DELFLANDPLEIN";"Voetbal";"Plein";"Kooi open";"Asfalt";"Nee";"Nee";"Voetbalveld met belijning, combi-veld, zitbanken naast veld";1350;"Delflandplein_1.jpg";"POINT(4.83905,52.3494345)";"POINT(52.3494345,4.83905)";4.83905;52.3494345;
322;"HONSELERSDIJKSTRAAT";"Voetbal";"Stoep";"Hekwerk laag";"Stoeptegels";"Nee";"Nee";"Voetbalveld, kleine doelen";87;"Honselersdijkstraat.jpg";"POINT(4.8433149,52.3473937)";"POINT(52.3473937,4.8433149)";4.8433149;52.3473937;
326;"BEUNINGENPLEIN";"Voetbal";"Plein";"Ballenvangers";"Asfalt";"Nee";"Nee";"Voetbalveld, combi-veld";878;"vBeuningenplein_1.jpg";"POINT(4.870435,52.3810927)";"POINT(52.3810927,4.870435)";4.870435;52.3810927;
328;"BEUNINGENSTRAAT";"Voetbal";"Stoep";"Ballenvangers";"Asfalt";"Nee";"Nee";"Voetbalveld";439;"vBeuningenstraat.jpg";"POINT(4.8784549,52.384793)";"POINT(52.384793,4.8784549)";4.8784549;52.384793;
329;"BARENTSZPLEIN";"Voetbal";"Speeltuin";"Kooi open";"Asfalt";"Ja";"Nee";"Voetbalveld, combi-veld, speeltuin Zuiderspeeltuin, zitbanken naast veld";224;"Barentszplein_1.jpg";"POINT(4.8906648,52.3894927)";"POINT(52.3894927,4.8906648)";4.8906648;52.3894927;
330;"ZAANDAMMERPLEIN";"Voetbal";"Plein";"Ballenvangers";"Asfalt";"Nee";"Nee";"Voetbalveld met belijning, zitbanken naast veld";482;"Spaarndammerplantsoen_1.jpg";"POINT(4.8740351,52.3920142)";"POINT(52.3920142,4.8740351)";4.8740351;52.3920142;
334;"NIEUWENHUISPLANTSOEN";"Voetbal";"Plantsoen";"Geen";"Asfalt";"Nee";"Nee";"Voetbalveld, kleine doelen, zitbanken naast veld";75;"Nieuwenhuisplantsoen_2.jpg";"POINT(4.8807352,52.3873946)";"POINT(52.3873946,4.8807352)";4.8807352;52.3873946;
335;"WESTZAANSTRAAT";"Voetbal";"Stoep";"Kooi gesloten";"Asfalt";"Nee";"Nee";"Voetbalveld, kleine doelen";185;"Westzaanstraat.jpg";"POINT(4.882355,52.3882948)";"POINT(52.3882948,4.882355)";4.882355;52.3882948;
336;"BULLEWIJKPAD";"Voetbal";"Park";"Ballenvangers";"Gras";"Nee";"Nee";"Voetbalveld";4297;"Bullewijkpad.jpg";"POINT(4.9636452,52.3100936)";"POINT(52.3100936,4.9636452)";4.9636452;52.3100936;
340;"SHAWSINGEL";"Voetbal";"Plantsoen";"Ballenvangers";"Asfalt";"Nee";"Nee";"Voetbalveld met belijning, combiveld";410;"";"POINT(4.9455349,52.3218924)";"POINT(52.3218924,4.9455349)";4.9455349;52.3218924;
341;"MAARSENHOF";"Voetbal";"Plantsoen";"Geen";"Gras";"Nee";"Nee";"Voetbalveld, zitbanken naast veld";1069;"Maarsenhof.jpg";"POINT(4.9629052,52.3037917)";"POINT(52.3037917,4.9629052)";4.9629052;52.3037917;
342;"MILLINGENHOF";"Voetbal";"Plantsoen";"Geen";"Gras";"Nee";"Nee";"Voetbalveld";400;"Millingenhof.jpg";"POINT(4.967335,52.2964942)";"POINT(52.2964942,4.967335)";4.967335;52.2964942;
343;"OMMERENHOF";"Voetbal";"Plantsoen";"Ballenvangers";"Stoeptegels";"Nee";"Nee";"Voetbalveld";352;"Ommerenhof.jpg";"POINT(4.965605,52.2945944)";"POINT(52.2945944,4.965605)";4.965605;52.2945944;
344;"TJEPMAPAD";"Voetbal";"Plantsoen";"Ballenvangers";"Gras";"Nee";"Nee";"Voetbalveld, zitbanken naast veld";836;"Tjepmapad.jpg";"POINT(4.9651549,52.2940947)";"POINT(52.2940947,4.9651549)";4.9651549;52.2940947;
345;"TOUTENBURGSTRAAT";"Voetbal";"Plantsoen";"Geen";"Gras";"Nee";"Nee";"Voetbalveld";824;"Toutenburgstraat.jpg";"POINT(4.968385,52.2924925)";"POINT(52.2924925,4.968385)";4.968385;52.2924925;
346;"SALENTEINPAD";"Voetbal";"Plantsoen";"Geen";"Gras";"Nee";"Nee";"Voetbalveld";519;"Salenteinpad.jpg";"POINT(4.9683049,52.2911917)";"POINT(52.2911917,4.9683049)";4.9683049;52.2911917;
347;"SCHOVENHORSTPAD";"Voetbal";"Plantsoen";"Ballenvangers";"Asfalt";"Nee";"Nee";"Voetbalveld met belijning, kleine doelen, zitbanken naast veld";508;"Schovenhorstpad.jpg";"POINT(4.971535,52.2902915)";"POINT(52.2902915,4.971535)";4.971535;52.2902915;
348;"SNODENHOEKPARK";"Voetbal";"Plantsoen";"Geen";"Zand";"Nee";"Nee";"Voetbalveld, zitbanken naast veld";1282;"Snodenhoekpark_1.jpg";"POINT(4.9748452,52.2907912)";"POINT(52.2907912,4.9748452)";4.9748452;52.2907912;
351;"STOUTENBURGGRACHT";"Voetbal";"Plantsoen";"Geen";"Gras";"Nee";"Nee";"Voetbalveld, zitbanken naast veld";1101;"Stoutenburggracht.jpg";"POINT(4.9835951,52.2945944)";"POINT(52.2945944,4.9835951)";4.9835951;52.2945944;
352;"WOUDRICHEMSTRAAT";"Voetbal";"Plantsoen";"Ballenvangers";"Asfalt";"Nee";"Nee";"Voetbalveld met belijning";1320;"Woudrichemstraat.jpg";"POINT(4.9868848,52.2931944)";"POINT(52.2931944,4.9868848)";4.9868848;52.2931944;
353;"DRIESSENSTRAAT";"Voetbal";"Plantsoen";"Geen";"Gras";"Nee";"Nee";"Voetbalveld";1166;"WDriessenstraat.jpg";"POINT(4.985605,52.2907912)";"POINT(52.2907912,4.985605)";4.985605;52.2907912;
354;"VOSPAD";"Voetbal";"Plantsoen";"Geen";"Stoeptegels";"Nee";"Nee";"Basketbalpaal";1763;"WVospad_1.jpg";"POINT(4.9920752,52.2900931)";"POINT(52.2900931,4.9920752)";4.9920752;52.2900931;
355;"SCHAEFFERPAD";"Voetbal";"Plein";"Kooi gesloten";"Asfalt";"Nee";"Nee";"Voetbalveld, zitbanken naast veld";587;"JSchaefferpad_2.jpg";"POINT(4.9909451,52.2918936)";"POINT(52.2918936,4.9909451)";4.9909451;52.2918936;
356;"HOSSTRAAT";"Voetbal";"Plantsoen";"Geen";"Gras";"Nee";"Nee";"Voetbaldoel";542;"HHosstraat.jpg";"POINT(4.9966948,52.2996947)";"POINT(52.2996947,4.9966948)";4.9966948;52.2996947;
357;"RIMASTRAAT";"Voetbal";"Plantsoen";"Geen";"Zand";"Nee";"Nee";"Voetbalveld";954;"LRimastraat.jpg";"POINT(4.9993651,52.3009917)";"POINT(52.3009917,4.9993651)";4.9993651;52.3009917;
358;"AARNHOUTSSTRAAT";"Voetbal";"Plantsoen";"Geen";"Zand";"Nee";"Nee";"Voetbalveld";917;"CAarnhoutsstraat.jpg";"POINT(4.9925349,52.2996947)";"POINT(52.2996947,4.9925349)";4.9925349;52.2996947;
359;"PUIFLIJKPAD";"Voetbal";"Plantsoen";"Ballenvangers";"Gras";"Nee";"Nee";"Voetbalveld";821;"Puiflijkpad.jpg";"POINT(4.9810851,52.2982947)";"POINT(52.2982947,4.9810851)";4.9810851;52.2982947;
360;"PARKHOF";"Voetbal";"Plein";"Kooi open";"Asfalt";"Nee";"Nee";"Voetbalveld met belijning";1053;"Parkhof_1.jpg";"POINT(4.9797552,52.297692)";"POINT(52.297692,4.9797552)";4.9797552;52.297692;
361;"REIGERSBOSPAD";"Voetbal";"Park";"Geen";"Gras";"Nee";"Nee";"Voetbalveld";2508;"Reigersbospad_2.jpg";"POINT(4.9741051,52.302693)";"POINT(52.302693,4.9741051)";4.9741051;52.302693;
362;"REIGERSBOSPAD";"Voetbal";"Park";"Hekwerk laag";"Asfalt";"Nee";"Nee";"Voetbalveld met belijning";755;"Reigersbospad_3.jpg";"POINT(4.972935,52.3025939)";"POINT(52.3025939,4.972935)";4.972935;52.3025939;
363;"REIGERSBOSPAD";"Voetbal";"Park";"Geen";"Gras";"Nee";"Nee";"Voetbalveld";838;"Reigersbospad_6.jpg";"POINT(4.971565,52.3028914)";"POINT(52.3028914,4.971565)";4.971565;52.3028914;
364;"KELBERGEN";"Voetbal";"Park";"Ballenvangers";"Asfalt";"Nee";"Nee";"Voetbalveld met belijning";465;"Kelbergen.jpg";"POINT(4.9699051,52.3123938)";"POINT(52.3123938,4.9699051)";4.9699051;52.3123938;
365;"KLIEVERINK";"Voetbal";"Plantsoen";"Geen";"Gras";"Nee";"Nee";"Voetbalveld, zitbanken naast veld";1320;"Klieverink.jpg";"POINT(4.9842451,52.3157927)";"POINT(52.3157927,4.9842451)";4.9842451;52.3157927;
366;"BIJLMERWEIDE";"Voetbal";"Park";"Geen";"Gras";"Nee";"Nee";"Voetbaldoel";6057;"Bijlmerweide_1.jpg";"POINT(4.991945,52.321694)";"POINT(52.321694,4.991945)";4.991945;52.321694;
367;"BIJLMERWEIDE";"Voetbal";"Park";"Geen";"Gras";"Nee";"Nee";"Voetbalveld, zitbanken naast veld";5954;"Bijlmerweide_3.jpg";"POINT(4.9864452,52.3276946)";"POINT(52.3276946,4.9864452)";4.9864452;52.3276946;
371;"Combiveld Kormelinkweg";"Voetbal";"Plantsoen";"Geen";"Kunstgras";"Nee";"Nee";"Combiveld voetbal, basketbal";550;"";"POINT(4.9714754,52.3158083)";"POINT(52.3158083,4.9714754)";4.9714754;52.3158083;
372;"GROENEVEEN";"Voetbal";"Plantsoen";"Ballenvangers";"Gras";"Nee";"Nee";"Voetbalveld";1316;"Groeneveen.jpg";"POINT(4.9744351,52.3209921)";"POINT(52.3209921,4.9744351)";4.9744351;52.3209921;
374;"GRAVESTEIN";"Voetbal";"Plantsoen";"Geen";"Gras";"Nee";"Nee";"Voetbalveld";886;"Gravestein_1.jpg";"POINT(4.9694049,52.3234946)";"POINT(52.3234946,4.9694049)";4.9694049;52.3234946;
375;"KARTINISTRAAT";"Voetbal";"Plantsoen";"Ballenvangers";"Asfalt";"Nee";"Nee";"Voetbalveld combi-veld, zitbanken naast veld";469;"RAKartinistraat_1.jpg";"POINT(4.9661949,52.3226935)";"POINT(52.3226935,4.9661949)";4.9661949;52.3226935;
376;"GULDENKRUISPAD";"Voetbal";"Plantsoen";"Ballenvangers";"Stoeptegels";"Nee";"Nee";"Voetbalveld, zitbanken naast veld";577;"Guldenkruispad_1.jpg";"POINT(4.9663551,52.3188941)";"POINT(52.3188941,4.9663551)";4.9663551;52.3188941;
377;"BANKASTRAAT";"Voetbal";"Stoep";"Kooi open";"Stoeptegels";"Nee";"Nee";"Voetbalveld";292;"Bankastraat_1.jpg";"POINT(4.9314048,52.3647925)";"POINT(52.3647925,4.9314048)";4.9314048;52.3647925;
378;"MINAHASSASTRAAT";"Voetbal";"Stoep";"Ballenvangers";"Stoeptegels";"Nee";"Nee";"Voetbaldoel, combi-veld";106;"Minahassastraat.jpg";"POINT(4.9332349,52.3600928)";"POINT(52.3600928,4.9332349)";4.9332349;52.3600928;
379;"BATAVIA";"Voetbal";"Speeltuin";"Ballenvangers";"Asfalt";"Nee";"Nee";"Voetbalveld met belijning, speeltuin Batavia";541;"Batavia_1.jpg";"POINT(4.9412148,52.3606917)";"POINT(52.3606917,4.9412148)";4.9412148;52.3606917;
380;"SUMATRAPLANTSOEN";"Voetbal";"Plein";"Geen";"Asfalt";"Nee";"Nee";"Voetbalveld met belijning, zitbanken naast veld";605;"Sumatraplantsoen_1.jpg";"POINT(4.9429052,52.3598944)";"POINT(52.3598944,4.9429052)";4.9429052;52.3598944;
381;"JEUGDLAND";"Voetbal";"Sportpark";"Veldafscheiding";"Kunstgras";"Ja";"Nee";"Voetbalveld met belijning, lange zijden veld hebben ook kleine doelen";2334;"Jeugdland_2.jpg";"POINT(4.9534051,52.3582923)";"POINT(52.3582923,4.9534051)";4.9534051;52.3582923;
382;"KRAMATWEG";"Voetbal";"Plantsoen";"Geen";"Asfalt";"Nee";"Nee";"Voetbalveld met belijning";865;"Kramatweg_1.jpg";"POINT(4.9467552,52.3638922)";"POINT(52.3638922,4.9467552)";4.9467552;52.3638922;
383;"MAKASSERPLEIN";"Voetbal";"Plein";"Ballenvangers";"Asfalt";"Ja";"Nee";"Voetbalveld, veld ligt verdiept";613;"Makasserplein_1.jpg";"POINT(4.941355,52.364392)";"POINT(52.364392,4.941355)";4.941355;52.364392;
384;"HILDO KROPPLEIN";"Voetbal";"Plantsoen";"Ballenvangers";"Asfalt";"Ja";"Nee";"Voetbalveld, veld ligt verdiept, zitbanken naast veld, combi-veld";671;"HildoKropplein_1.jpg";"POINT(4.9425051,52.3677947)";"POINT(52.3677947,4.9425051)";4.9425051;52.3677947;
385;"BORNEOLAAN";"Voetbal";"Stoep";"Kooi gesloten";"Asfalt";"Ja";"Nee";"Voetbalveld, tevens basketbalveld, zitbanken naast veld, combi-veld";222;"Borneolaan.jpg";"POINT(4.9391348,52.3712927)";"POINT(52.3712927,4.9391348)";4.9391348;52.3712927;
386;"RIETLANDPARK";"Voetbal";"Plantsoen";"Kooi gesloten";"Asfalt";"Nee";"Nee";"Voetbalveld, kleine doelen, zitbanken naast veld";245;"Rietlandpark_2.jpg";"POINT(4.9344351,52.3734938)";"POINT(52.3734938,4.9344351)";4.9344351;52.3734938;
387;"ERTSKADE";"Voetbal";"Plantsoen";"Ballenvangers";"Gras";"Nee";"Nee";"Voetbalveld, zitbanken naast veld";1267;"Ertskade.jpg";"POINT(4.944865,52.3744933)";"POINT(52.3744933,4.944865)";4.944865;52.3744933;
388;"LEVANTPLEIN";"Voetbal";"Plein";"Geen";"Asfalt";"Ja";"Nee";"Voetbalveld met belijning, veld ligt verdiept, zitbanken naast veld";1304;"Levantplein.jpg";"POINT(4.942785,52.3765914)";"POINT(52.3765914,4.942785)";4.942785;52.3765914;
389;"SUMATRAKADE";"Voetbal";"Plein";"Kooi gesloten";"Kunstgras";"Ja";"Nee";"Voetbalveld met belijning";509;"";"POINT(4.923469,52.3799768)";"POINT(52.3799768,4.923469)";4.923469;52.3799768;
390;"WAGENAARSTRAAT";"Voetbal";"Stoep";"Kooi open";"Stoeptegels";"Nee";"Nee";"Voetbalveld, zitbanken naast veld, combi-veld";237;"Wagenaarstraat.jpg";"POINT(4.9298351,52.3635947)";"POINT(52.3635947,4.9298351)";4.9298351;52.3635947;
391;"DWARSSTRAAT";"Voetbal";"Schoolplein";"Ballenvangers";"Asfalt";"Nee";"Nee";"Voetbalveld, kleine doelen, zitbanken naast veld, ballenvangers (1 zijde)";331;"SDwarsstraat.jpg";"POINT(4.9257948,52.3613936)";"POINT(52.3613936,4.9257948)";4.9257948;52.3613936;
393;"BOERHAVEPLEIN";"Voetbal";"Plein";"Geen";"Stoeptegels";"Nee";"Nee";"Voetbalveld, kleine doelen, zitbanken naast veld";690;"Boerhaveplein.jpg";"POINT(4.9126651,52.3598944)";"POINT(52.3598944,4.9126651)";4.9126651;52.3598944;
396;"TRANSVAALKWARTIER";"Voetbal";"Speeltuin";"Ballenvangers";"Kunstgras";"Nee";"Nee";"Voetbalveld met belijning, Cruyff Court";876;"";"POINT(4.916815,52.3534934)";"POINT(52.3534934,4.916815)";4.916815;52.3534934;
397;"TRANSVAALPLEIN";"Voetbal";"Plein";"Geen";"Asfalt";"Nee";"Nee";"Voetbalveld, veld ligt verdiept, kleine doelen, zitbanken naast veld";308;"Transvaalplein.jpg";"POINT(4.923075,52.3537947)";"POINT(52.3537947,4.923075)";4.923075;52.3537947;
398;"POLDERWEG";"Voetbal";"Stoep";"Kooi open";"Asfalt";"Nee";"Nee";"Voetbalveld, kleine doelen, combi-veld";400;"Polderweg_1.jpg";"POINT(4.9300849,52.3581931)";"POINT(52.3581931,4.9300849)";4.9300849;52.3581931;
399;"LINNAEUSKADE";"Voetbal";"Plantsoen";"Kooi open";"Stoeptegels";"Nee";"Nee";"Voetbalveld, zitbanken naast veld, combi-veld";145;"Linnaeuskade.jpg";"POINT(4.9308951,52.3560912)";"POINT(52.3560912,4.9308951)";4.9308951;52.3560912;
400;"FRAUNHOFERSTRAAT";"Voetbal";"Plein";"Kooi open";"Stoeptegels";"Ja";"Nee";"Voetbalveld, zitbanken naast veld";316;"Fraunhoferstraat.jpg";"POINT(4.9367249,52.3510939)";"POINT(52.3510939,4.9367249)";4.9367249;52.3510939;
401;"LINNAEUSPARKKWARTIER";"Voetbal";"Speeltuin";"Ballenvangers";"Asfalt";"Nee";"Nee";"Voetbalveld met belijning, speeltuin Linnaeusparkkwartier, zitbanken naast het veld, combi-veld";842;"Linnaeusparkkwartier_1.jpg";"POINT(4.9393651,52.3516928)";"POINT(52.3516928,4.9393651)";4.9393651;52.3516928;
402;"OSTWALDSTRAAT";"Voetbal";"Plantsoen";"Hekwerk";"Asfalt";"Ja";"Nee";"Pannadoeltjes";716;"";"POINT(4.9346119,52.3477903)";"POINT(52.3477903,4.9346119)";4.9346119;52.3477903;
403;"SPEELTUINOOST";"Voetbal";"Speeltuin";"Ballenvangers";"Asfalt";"Ja";"Nee";"Voetbalveld met belijning, speeltuin Oost, zitbanken naast veld";1421;"SpeeltuinOost_1.jpg";"POINT(4.9481151,52.3391921)";"POINT(52.3391921,4.9481151)";4.9481151;52.3391921;
404;"RUSTHOFSTRAAT";"Voetbal";"Plantsoen";"Ballenvangers";"Asfalt";"Nee";"Nee";"Voetbalveld met belijning, zitbanken naast veld";532;"Rusthofstraat_1.jpg";"POINT(4.9212348,52.3432929)";"POINT(52.3432929,4.9212348)";4.9212348;52.3432929;
405;"DONBOSCO";"Voetbal";"Speeltuin";"Ballenvangers";"Asfalt";"Nee";"Nee";"Voetbalveld, speeltuin Don Bosco, zitbanken naast veld, combi-veld";476;"DonBosco_1.jpg";"POINT(4.9247148,52.3521926)";"POINT(52.3521926,4.9247148)";4.9247148;52.3521926;
406;"WAAG";"Voetbal";"Speeltuin";"Kooi gesloten";"Stoeptegels";"Nee";"Nee";"Voetbalveld, speeltuin De Waag, zitbanken naast veld";553;"DeWaag.jpg";"POINT(4.904135,52.3722922)";"POINT(52.3722922,4.904135)";4.904135;52.3722922;
407;"PYRAMIDE";"Voetbal";"Speeltuin";"Kooi open";"Asfalt";"Nee";"Nee";"Voetbalveld met belijning, speeltuin Pyramide, zitbanken naast veld, combi-veld";931;"Pyramide_1.jpg";"POINT(4.8930252,52.380593)";"POINT(52.380593,4.8930252)";4.8930252;52.380593;
408;"NOORDERSPEELTUIN";"Voetbal";"Speeltuin";"Ballenvangers";"Asfalt";"Nee";"Nee";"Voetbalveld met belijning, speeltuin NoorderSpeeltuin, zitbanken naast veld, combi-veld";742;"NoorderSpeeltuin_1.jpg";"POINT(4.8823049,52.379193)";"POINT(52.379193,4.8823049)";4.8823049;52.379193;
410;"UJKLAREN";"Voetbal";"Speeltuin";"Ballenvangers";"Stoeptegels";"Nee";"Nee";"Voetbalveld, speeltuin U J Klaren, zitbanken naast veld";529;"UJKlaren_1.jpg";"POINT(4.8923752,52.3586928)";"POINT(52.3586928,4.8923752)";4.8923752;52.3586928;
411;"AMSTELVELD";"Voetbal";"Plein";"Geen";"Stoeptegels";"Nee";"Nee";"Voetbalveld, zitbanken naast veld";1805;"Amstelveld.jpg";"POINT(4.8975351,52.3623931)";"POINT(52.3623931,4.8975351)";4.8975351;52.3623931;
412;"GESCHUTSWERF";"Voetbal";"Plein";"Kooi gesloten";"Asfalt";"Nee";"Nee";"Voetbalveld, zitbanken naast veld, combi-veld";712;"Geschutswerf_1.jpg";"POINT(4.921015,52.3670928)";"POINT(52.3670928,4.921015)";4.921015;52.3670928;
413;"Fortuinstraat";"Voetbal";"Plein";"Ballenvangers";"Asfalt";"Nee";"Nee";"Voetbalveld met belijning, zitbanken naast veld";717;"Wittenburg.jpg";"POINT(4.924165,52.3724944)";"POINT(52.3724944,4.924165)";4.924165;52.3724944;
414;"Conradstraat";"Voetbal";"Plantsoen";"Ballenvangers";"Asfalt";"Nee";"Nee";"Voetbalveld, zitbanken naast veld, ballenvangers (3 zijden)";383;"Oostenburgerkade.jpg";"POINT(4.929405,52.3708922)";"POINT(52.3708922,4.929405)";4.929405;52.3708922;
415;"RAVENWERF";"Voetbal";"Plantsoen";"Kooi gesloten";"Asfalt";"Nee";"Nee";"Voetbalveld met belijning, zitbanken naast veld";383;"Ravenwerf.jpg";"POINT(4.9218652,52.3741919)";"POINT(52.3741919,4.9218652)";4.9218652;52.3741919;
416;"MEERHUIZENPLEIN";"Voetbal";"Plein";"Ballenvangers";"Stoeptegels";"Nee";"Nee";"Voetbalveld, veld ligt verdiept, zitbanken naast veld, combi-veld, ballenvangers (1 zijde)";355;"Meerhuizenplein.jpg";"POINT(4.907935,52.347658)";"POINT(52.347658,4.907935)";4.907935;52.347658;
417;"BERKELSTRAAT";"Voetbal";"Plein";"Ballenvangers";"Asfalt";"Nee";"Nee";"Voetbalveld met belijning, zitbanken naast veld";600;"Berkelstraat.jpg";"POINT(4.9026649,52.3476912)";"POINT(52.3476912,4.9026649)";4.9026649;52.3476912;
418;"JEKERSTRAAT";"Voetbal";"Plantsoen";"Ballenvangers";"Stoeptegels";"Nee";"Nee";"Voetbalveld, combi-veld";580;"Jekerstraat_1.jpg";"POINT(4.8964851,52.3459937)";"POINT(52.3459937,4.8964851)";4.8964851;52.3459937;
419;"KENNEDYPLANTSOEN";"Voetbal";"Plantsoen";"Geen";"Stoeptegels";"Nee";"Nee";"Voetbalveld, kleine doelen, veld ligt verdiept, zitbanken naast veld, combi-veld";291;"PKennedyplantsoen_1.jpg";"POINT(4.8994448,52.3407942)";"POINT(52.3407942,4.8994448)";4.8994448;52.3407942;
420;"GAASPSTRAAT";"Voetbal";"Speeltuin";"Ballenvangers";"Asfalt";"Nee";"Nee";"Voetbalveld met belijning, speeltuin Amsterdam Zuid, zitbanken naast veld";1344;"Gaaspstraat_1.jpg";"POINT(4.907625,52.3444945)";"POINT(52.3444945,4.907625)";4.907625;52.3444945;
421;"OPVELD";"Voetbal";"Plantsoen";"Ballenvangers";"Gras";"Nee";"Nee";"Voetbalveld, zitbanken naast veld";1535;"Opveld_1.jpg";"POINT(4.8812249,52.3237921)";"POINT(52.3237921,4.8812249)";4.8812249;52.3237921;
422;"ZEELANDSTRAAT";"Voetbal";"Plantsoen";"Hekwerk laag";"Stoeptegels";"Nee";"Nee";"Voetbalveld, zitbanken naast veld";305;"Zeelandstraat_1.jpg";"POINT(4.8782451,52.327294)";"POINT(52.327294,4.8782451)";4.8782451;52.327294;
423;"GOUDESTEIN";"Voetbal";"Speeltuin";"Ballenvangers";"Asfalt";"Nee";"Nee";"Voetbalveld met belijning, speeltuin Goudestein, zitbanken naast veld";534;"Goudestein_1.jpg";"POINT(4.8613651,52.3256919)";"POINT(52.3256919,4.8613651)";4.8613651;52.3256919;
424;"ZUIDPLEIN";"Voetbal";"Plantsoen";"Geen";"Gras";"Nee";"Nee";"Voetbalveld, zitbanken naast veld";1480;"Zuidplein.jpg";"POINT(4.8730848,52.341294)";"POINT(52.341294,4.8730848)";4.8730848;52.341294;
425;"VELD 14";"Voetbal";"Sportveld";"Kooi gesloten";"Asfalt";"Ja";"Nee";"Voetbalveld, combi-veld";1436;"";"POINT(4.9517252,52.3473937)";"POINT(52.3473937,4.9517252)";4.9517252;52.3473937;
426;"SIBOGAPLEIN";"Voetbal";"Plein";"Kooi";"Asfalt";"Ja";"Nee";"Voetbalkooi";415;"";"POINT(4.9370148,52.3589942)";"POINT(52.3589942,4.9370148)";4.9370148;52.3589942;
427;"MARCANTIEILAND";"Voetbal";"Plantsoen";"Hekwerk laag";"Kunstgras";"Ja";"Nee";"Voetbalveld (twee delen) met bankjes";173;"";"POINT(4.8650448,52.3750922)";"POINT(52.3750922,4.8650448)";4.8650448;52.3750922;
429;"SLOTERPARK";"Fitness / Bootcamp";"Park";"Geen";"Asfalt";"Nee";"Nee";"Fitness toestellen";0;"Sportpoint-Sloterpark-Amsterdam.jpg";"POINT(4.825084,52.3654296)";"POINT(52.3654296,4.825084)";4.825084;52.3654296;
430;"DIEPENBEEKPLANTSOEN";"Voetbal";"Plantsoen";"Geen";"Kunstgras";"Nee";"Nee";"Voetbalveld met twee kleine doeltjes";136;"";"POINT(4.818115,52.3484923)";"POINT(52.3484923,4.818115)";4.818115;52.3484923;
431;"Wolbrantskerkweg";"Voetbal";"Plein";"Hekwerk laag";"Asfalt";"Nee";"Nee";"Pannacourt dit najaar klaar";238;"";"POINT(4.797065,52.3550917)";"POINT(52.3550917,4.797065)";4.797065;52.3550917;
432;"EVERTSWEERTPLANTSOEN";"Voetbal";"Plantsoen";"Ballenvangers";"Asfalt";"Nee";"Nee";"Voetbalveld ligt bij bredeschool de Kikker, ook gebruikt als schoolplein. Combiveld met baskets.";311;"";"POINT(4.7937104,52.3555611)";"POINT(52.3555611,4.7937104)";4.7937104;52.3555611;
433;"NIEUWE HOUTTUINEN";"Voetbal";"Plein";"Geen";"Tegels";"Ja";"Nee";"Pannaveldje";35;"";"POINT(4.8873651,52.3831946)";"POINT(52.3831946,4.8873651)";4.8873651;52.3831946;
434;"TUINSTRAAT";"Voetbal";"Stoep";"Hekwerk laag";"Tegels";"Nee";"Nee";"Pannaveldje";141;"";"POINT(4.8811648,52.3768927)";"POINT(52.3768927,4.8811648)";4.8811648;52.3768927;
435;"NOORDKAPERWEG";"Voetbal";"Stoep";"Ballenvangers";"Asfalt";"Nee";"Nee";"Voetbalveld met belijning, kleine doelen";469;"Noordkaperweg.jpg";"POINT(4.884155,52.4214942)";"POINT(52.4214942,4.884155)";4.884155;52.4214942;
436;"AMERBOS";"Tennis";"Plantsoen";"Geen";"Asfalt";"Nee";"Nee";"Tennisveld, zitbanken naast veld";644;"Amerbos.jpg";"POINT(4.9439251,52.4046942)";"POINT(52.4046942,4.9439251)";4.9439251;52.4046942;
437;"BREEDVELD";"Tennis";"Plein";"Ballenvangers";"Asfalt";"Nee";"Nee";"Tennisveld met belijning";534;"Breedveld_3.jpg";"POINT(4.9356048,52.3968932)";"POINT(52.3968932,4.9356048)";4.9356048;52.3968932;
438;"KABELGASTSTRAAT";"Tennis";"Plein";"Hekwerk laag";"Asfalt";"Nee";"Nee";"Tennisveld";430;"Kabelgaststraat.jpg";"POINT(4.895355,52.4053923)";"POINT(52.4053923,4.895355)";4.895355;52.4053923;
440;"JOOS BANCKERSWEG";"Tennis";"Sportpark";"Ballenvangers";"Asfalt";"Nee";"Nee";"Tennisveld met belijning";288;"JoosBanckersweg_2.jpg";"POINT(4.8565552,52.3761946)";"POINT(52.3761946,4.8565552)";4.8565552;52.3761946;
441;"OLYMPIAPLEIN";"Tennis";"Plein";"Kooi open";"Asfalt";"Ja";"Nee";"Tennismuur, zitbanken naast veld";209;"Olympiaplein_4.jpg";"POINT(4.8674848,52.3470923)";"POINT(52.3470923,4.8674848)";4.8674848;52.3470923;
442;"MERCATOR";"Tennis";"Speeltuin";"Ballenvangers";"Asfalt";"Nee";"Nee";"Tennisveld met belijning";696;"Mercator_3.jpg";"POINT(4.8464849,52.3701941)";"POINT(52.3701941,4.8464849)";4.8464849;52.3701941;
443;"EENDRACHTSPARK";"Tennis";"Park";"Ballenvangers";"Asfalt";"Nee";"Nee";"Tennisveld met belijning, zitbanken naast veld";866;"Eendrachtspark_4.jpg";"POINT(4.8110349,52.3816916)";"POINT(52.3816916,4.8110349)";4.8110349;52.3816916;
446;"GERBRANDYPARK";"Tennis";"Park";"Ballenvangers";"Asfalt";"Nee";"Nee";"Tennisveld met belijning, veld ligt verdiept";674;"Gerbrandypark_3.jpg";"POINT(4.8354452,52.3771941)";"POINT(52.3771941,4.8354452)";4.8354452;52.3771941;
447;"GERBRANDYPARK";"Tennis";"Park";"Ballenvangers";"Asfalt";"Nee";"Nee";"Tennisveld met belijning, veld ligt verdiept";696;"Gerbrandypark_3.jpg";"POINT(4.8357251,52.3771941)";"POINT(52.3771941,4.8357251)";4.8357251;52.3771941;
448;"REMIJDEN";"Tennis";"Plantsoen";"Ballenvangers";"Stoeptegels";"Nee";"Nee";"Tennisveld, zitbanken naast veld";324;"Remijden_1.jpg";"POINT(4.8025749,52.3616912)";"POINT(52.3616912,4.8025749)";4.8025749;52.3616912;
449;"SPEELTUIN SLOTEN";"Tennis";"Speeltuin";"Ballenvangers";"Asfalt";"Nee";"Nee";"Tennisveld met belijning, speeltuin Sloten";749;"Sloten_1.jpg";"POINT(4.796035,52.3423926)";"POINT(52.3423926,4.796035)";4.796035;52.3423926;
452;"TERPSTRAAT";"Tennis";"Plantsoen";"";"";"";"Nee";"Tennisveld met belijning";655;"";"POINT(4.7790172,52.3576056)";"POINT(52.3576056,4.7790172)";4.7790172;52.3576056;
454;"WESTERPARK";"Tennis";"Park";"Ballenvangers";"Asfalt";"Nee";"Nee";"Tennisveld met belijning";581;"Westerpark_2.jpg";"POINT(4.8759749,52.3874938)";"POINT(52.3874938,4.8759749)";4.8759749;52.3874938;
455;"DANTESTRAAT";"Tennis";"Plantsoen";"Ballenvangers";"Asfalt";"Nee";"Nee";"Tennisveld met belijning, zitbanken naast veld";626;"Dantestraat.jpg";"POINT(4.9490149,52.3253943)";"POINT(52.3253943,4.9490149)";4.9490149;52.3253943;
456;"SERRURIERSTRAAT";"Tennis";"Plantsoen";"Ballenvangers";"Asfalt";"Ja";"Nee";"Tennisveld met belijning, zitbanken naast veld";452;"WSerrurierstraat.jpg";"POINT(4.9868052,52.2925917)";"POINT(52.2925917,4.9868052)";4.9868052;52.2925917;
457;"SCHAEFFERPAD";"Tennis";"Plein";"Ballenvangers";"Asfalt";"Ja";"Nee";"Tennisveld met belijning, zitbanken naast veld";458;"JSchaefferpad_1.jpg";"POINT(4.9909451,52.2916915)";"POINT(52.2916915,4.9909451)";4.9909451;52.2916915;
458;"WAMELPLEIN";"Tennis";"Plantsoen";"Ballenvangers";"Asfalt";"Ja";"Nee";"Tennisveld met belijning, zitbanken naast veld";481;"Wamelplein.jpg";"POINT(4.9864652,52.2998931)";"POINT(52.2998931,4.9864652)";4.9864652;52.2998931;
459;"PARKHOF";"Tennis";"Plein";"Ballenvangers";"Asfalt";"Nee";"Nee";"Tennisveld met belijning";729;"Parkhof_4.jpg";"POINT(4.9798448,52.2972914)";"POINT(52.2972914,4.9798448)";4.9798448;52.2972914;
460;"REIGERSBOSPAD";"Tennis";"Park";"Ballenvangers";"Asfalt";"Nee";"Nee";"Tennisveld met belijning, zitbanken naast veld";631;"Reigersbospad_7.jpg";"POINT(4.9718149,52.3029944)";"POINT(52.3029944,4.9718149)";4.9718149;52.3029944;
461;"LEUSDENHOF";"Tennis";"Plantsoen";"Ballenvangers";"Asfalt";"Ja";"Nee";"Tennisveld met belijning, zitbanken naast veld";664;"Leusdenhof.jpg";"POINT(4.9813449,52.3073927)";"POINT(52.3073927,4.9813449)";4.9813449;52.3073927;
462;"GROENHOVEN";"Tennis";"Plantsoen";"Ballenvangers";"Asfalt";"Nee";"Nee";"Tennisveld met belijning, zitbanken naast veld";280;"Groenhoven.jpg";"POINT(4.9776652,52.3253943)";"POINT(52.3253943,4.9776652)";4.9776652;52.3253943;
463;"KRAAIENNEST";"Voetbal";"Plein";"Ballenvangers";"Asfalt";"Ja";"Nee";"";0;"";"POINT(4.9796951,52.3181922)";"POINT(52.3181922,4.9796951)";4.9796951;52.3181922;
464;"KRAAIENNEST";"Tennis";"Plein";"Ballenvangers";"Asfalt";"Nee";"Nee";"Tennisveld met belijning, zitbanken naast veld";628;"Kraaiennest_3.jpg";"POINT(4.9784648,52.3181922)";"POINT(52.3181922,4.9784648)";4.9784648;52.3181922;
465;"KRAAIENNEST";"Tennis";"Plein";"Ballenvangers";"Asfalt";"Nee";"Nee";"Tennisveld met belijning, zitbanken naast veld";637;"Kraaiennest_4.jpg";"POINT(4.978585,52.318093)";"POINT(52.318093,4.978585)";4.978585;52.318093;
466;"KRAAIENNEST";"Tennis";"Plein";"Ballenvangers";"Asfalt";"Ja";"Nee";"Tennisveld met belijning, zitbanken naast veld";159;"Kraaiennest_2.jpg";"POINT(4.9793351,52.3176924)";"POINT(52.3176924,4.9793351)";4.9793351;52.3176924;
467;"KRAAIENNEST";"Tennis";"Plein";"Ballenvangers";"Asfalt";"Ja";"Nee";"Tennisveld met belijning, zitbanken naast veld";162;"Kraaiennest_2.jpg";"POINT(4.9794552,52.3176924)";"POINT(52.3176924,4.9794552)";4.9794552;52.3176924;
468;"KRAAIENNEST";"Tennis";"Plein";"Ballenvangers";"Asfalt";"Ja";"Nee";"Tennisveld met belijning, zitbanken naast veld";162;"Kraaiennest_2.jpg";"POINT(4.9795649,52.3176924)";"POINT(52.3176924,4.9795649)";4.9795649;52.3176924;
469;"KRAAIENNEST";"Tennis";"Plein";"Ballenvangers";"Asfalt";"Ja";"Nee";"Tennisveld met belijning, zitbanken naast veld";168;"Kraaiennest_2.jpg";"POINT(4.9796851,52.3177916)";"POINT(52.3177916,4.9796851)";4.9796851;52.3177916;
470;"KRAAIENNEST";"Tennis";"Plein";"Kooi open";"Asfalt";"Nee";"Nee";"Tennismuur met belijning";336;"Kraaiennest_8.jpg";"POINT(4.9795248,52.3174941)";"POINT(52.3174941,4.9795248)";4.9795248;52.3174941;
471;"KARTINISTRAAT";"Tennis";"Plantsoen";"Ballenvangers";"Asfalt";"Nee";"Nee";"Tennisveld met belijning, zitbanken naast veld";697;"RAKartinistraat_2.jpg";"POINT(4.9671948,52.3215949)";"POINT(52.3215949,4.9671948)";4.9671948;52.3215949;
472;"RIETLANDPARK";"Tennis";"Plantsoen";"Ballenvangers";"Asfalt";"Nee";"Nee";"Tennisveld met belijning, 2 lange zijden laag dubbelstaafmat hekwerk, zitbanken naast veld";659;"Rietlandpark_1.jpg";"POINT(4.935765,52.3720938)";"POINT(52.3720938,4.935765)";4.935765;52.3720938;
474;"OOSTERPARK";"Tennis";"Speeltuin";"Ballenvangers";"Asfalt";"Ja";"Nee";"Tennisveld, speeltuin Oosterpark, zitbanken naast veld";522;"Oosterpark_5.jpg";"POINT(4.9165552,52.3599936)";"POINT(52.3599936,4.9165552)";4.9165552;52.3599936;
476;"OSTWALDSTRAAT";"Tennis";"Plantsoen";"Hekwerk laag";"Asfalt";"Ja";"Nee";"Tennisveld, zitbanken naast veld";533;"Ostwaldstraat_2.jpg";"POINT(4.9347431,52.3478728)";"POINT(52.3478728,4.9347431)";4.9347431;52.3478728;
477;"Winterdijkstraat";"Tennis";"Plantsoen";"Hekwerk";"Asfalt";"Nee";"Nee";"Openbaar tennisveld, zitbanken naast veld";632;"Kinderdijkstraat_2.jpg";"POINT(4.9045851,52.3432929)";"POINT(52.3432929,4.9045851)";4.9045851;52.3432929;
479;"SCHELLINGWOUDE";"Tennis";"Plantsoen";"Ballenvangers";"Onverhard";"Nee";"Nee";"Tennismuur, ballenvanger bij muur";76;"Schellingwoude.jpg";"POINT(4.9601548,52.3848921)";"POINT(52.3848921,4.9601548)";4.9601548;52.3848921;
480;"CIRCUSPLEIN";"Skate";"Plein";"Geen";"Asfalt";"Nee";"Nee";"Skatepark, veld ligt verdiept, zitbanken naast veld";645;"Circusplein.jpg";"POINT(4.8845251,52.4172942)";"POINT(52.4172942,4.8845251)";4.8845251;52.4172942;
483;"MUSEUMPLEIN";"Skate";"Plein";"Geen";"Asfalt";"Ja";"Nee";"Halfpipe, zitbanken naast veld";362;"Museumplein_2.jpg";"POINT(4.8838251,52.3580939)";"POINT(52.3580939,4.8838251)";4.8838251;52.3580939;
484;"BOCKESPRONG";"Skate";"Speeltuin";"Geen";"Asfalt";"Nee";"Nee";"Skatepark";1048;"Bockesprong_2.jpg";"POINT(4.846575,52.3550917)";"POINT(52.3550917,4.846575)";4.846575;52.3550917;
485;"OLYMPIAPLEIN";"Skate";"Plein";"Geen";"Asfalt";"Ja";"Nee";"Skatepark, zitbanken naast veld";820;"Olympiaplein_2.jpg";"POINT(4.8668649,52.3469931)";"POINT(52.3469931,4.8668649)";4.8668649;52.3469931;
486;"MERCATOR";"Skate";"Speeltuin";"Hekwerk laag";"Asfalt";"Nee";"Nee";"Skatepark";105;"Mercator_4.jpg";"POINT(4.846895,52.3700911)";"POINT(52.3700911,4.846895)";4.846895;52.3700911;
487;"GERBRANDYPARK";"Skate";"Park";"Geen";"Asfalt";"Nee";"Nee";"Skatepark";225;"Gerbrandypark_4.jpg";"POINT(4.8349249,52.3772933)";"POINT(52.3772933,4.8349249)";4.8349249;52.3772933;
488;"STADSPARK OSDORP";"Skate";"Park";"Geen";"Asfalt";"Ja";"Nee";"Skatepark";220;"StadsparkOsdorp.jpg";"POINT(4.8003452,52.3543936)";"POINT(52.3543936,4.8003452)";4.8003452;52.3543936;
489;"SLOTERPARK";"Skate";"Park";"Geen";"Asfalt";"Nee";"Nee";"Skatepark";463;"Sloterpark_2.jpg";"POINT(4.823725,52.3640944)";"POINT(52.3640944,4.823725)";4.823725;52.3640944;
490;"FREDERIK HENDRIKPLANTSOEN";"Skate";"Plantsoen";"Geen";"Asfalt";"Nee";"Nee";"Skatepark";70;"FHendrikplantsoen_1.jpg";"POINT(4.876395,52.3783805)";"POINT(52.3783805,4.876395)";4.876395;52.3783805;
491;"ABCOUDERPAD";"Skate";"Plein";"Geen";"Asfalt";"Nee";"Nee";"Halfpipe";789;"Abcouderpad_1.jpg";"POINT(4.9564149,52.3077933)";"POINT(52.3077933,4.9564149)";4.9564149;52.3077933;
492;"Bijlmer Barz";"Fitness / Bootcamp";"Plantsoen";"Geen";"";"Nee";"Nee";"Calisthenics";0;"";"POINT(4.9463651,52.3209921)";"POINT(52.3209921,4.9463651)";4.9463651;52.3209921;
494;"SNELPLANTSOEN";"Basketbal";"Plantsoen";"Geen";"Asfalt";"Nee";"Nee";"Combiveld voetbal";448;"";"POINT(4.9952552,52.2972914)";"POINT(52.2972914,4.9952552)";4.9952552;52.2972914;
496;"REIGERSBOSPAD";"Skate";"Park";"Geen";"Asfalt";"Nee";"Nee";"Skatepark";439;"Reigersbospad_4.jpg";"POINT(4.9725649,52.302693)";"POINT(52.302693,4.9725649)";4.9725649;52.302693;
498;"SUMATRAKADE";"Skate";"Plein";"Gedeeltelijk";"Asfalt";"Ja";"Nee";"Skatepark";852;"Sumatrakade_3.jpg";"POINT(4.9230149,52.3799941)";"POINT(52.3799941,4.9230149)";4.9230149;52.3799941;
500;"RUSTHOFSTRAAT";"Skate";"Plantsoen";"Geen";"Asfalt";"Ja";"Nee";"Skatepark, zitbanken naast veld";423;"Rusthofstraat_3.jpg";"POINT(4.9207852,52.3431937)";"POINT(52.3431937,4.9207852)";4.9207852;52.3431937;
501;"MARNIXPLANTSOEN";"Skate";"Plantsoen";"Geen";"Asfalt";"Nee";"Nee";"Skatebowl, zitbanken naast de accommodatie";513;"Marnixplantsoen_2.jpg";"POINT(4.8805649,52.3812949)";"POINT(52.3812949,4.8805649)";4.8805649;52.3812949;
503;"OPVELD";"Skate";"Plantsoen";"Geen";"Asfalt";"Nee";"Nee";"Skatebowl met ramp, veld ligt verdiept, zitbanken naast veld";124;"Opveld_3.jpg";"POINT(4.881315,52.3241927)";"POINT(52.3241927,4.881315)";4.881315;52.3241927;
504;"VELD 14";"Skate";"Sportveld";"Kooi open";"Asfalt";"Ja";"Nee";"";1002;"";"POINT(4.951205,52.3470923)";"POINT(52.3470923,4.951205)";4.951205;52.3470923;
505;"AMSTERDAMSE BRUG";"Skate";"Stoep";"Geen";"Asfalt";"Nee";"Nee";"Halfpipe onder Amsterdamsebrug, paar bankjes";318;"";"POINT(4.9563949,52.365792)";"POINT(52.365792,4.9563949)";4.9563949;52.365792;
506;"BICKERSGRACHT";"Skate";"Plantsoen";"Geen";"Tegels";"Nee";"Nee";"Halfpipe";63;"";"POINT(4.8891551,52.3866927)";"POINT(52.3866927,4.8891551)";4.8891551;52.3866927;
507;"PURMERPLEIN";"Skate";"Plein";"Geen";"Asfalt";"Nee";"Nee";"Skatepark";1061;"Purmerplein.jpg";"POINT(4.9440949,52.3910948)";"POINT(52.3910948,4.9440949)";4.9440949;52.3910948;
508;"TWISKE";"Overig";"Plantsoen";"Hekwerk laag";"Gras";"Nee";"Nee";"Trapveldje, speeltuin &#096;t Twiske";1677;"Twiske_2.jpg";"POINT(4.903185,52.420368)";"POINT(52.420368,4.903185)";4.903185;52.420368;
509;"WILTZANGHLAAN";"Voetbal";"Plantsoen";"Kooi open";"Asfalt";"Nee";"Nee";"Kleine doeltjes, zitbanken naast veld";249;"Wiltzanghlaan.jpg";"POINT(4.8409831,52.3818976)";"POINT(52.3818976,4.8409831)";4.8409831;52.3818976;
510;"Fitnesstoestellen Sarphatipark";"Fitness / Bootcamp";"Park";"Geen";"Zand";"Nee";"Nee";"Fitnesspark, zitbanken naast veld";313;"Fitnesstoestellen Sarphatipark.JPG";"POINT(4.8981394,52.3543459)";"POINT(52.3543459,4.8981394)";4.8981394;52.3543459;
512;"OVERLEG";"Overig";"Plantsoen";"Geen";"Zand";"Nee";"Nee";"Crossbaanterrein";2175;"Overleg.jpg";"POINT(4.804455,52.3556944)";"POINT(52.3556944,4.804455)";4.804455;52.3556944;
513;"CORFUPLANTSOEN";"Overig";"Plein";"Hekwerk";"Kunstgras";"Nee";"Nee";"Trapveld";1523;"Corfuplantsoen.jpg";"POINT(4.7908752,52.3448912)";"POINT(52.3448912,4.7908752)";4.7908752;52.3448912;
514;"KORTEBERGPAD";"Voetbal";"Schoolplein";"Geen";"Asfalt";"Nee";"Nee";"Trapveld, zitbanken naast veld";231;"KorteBergpad.jpg";"POINT(4.8176048,52.3445937)";"POINT(52.3445937,4.8176048)";4.8176048;52.3445937;
515;"WESTERPARK";"Overig";"Park";"Geen";"Kunstgras";"Ja";"Nee";"Trapveld";2226;"Westerpark_1.jpg";"POINT(4.8708951,52.3870932)";"POINT(52.3870932,4.8708951)";4.8708951;52.3870932;
516;"KRAAIENNESTPAD";"Overig";"Park";"Geen";"Gras";"Nee";"Nee";"Trapveld";5670;"Kraaiennestpad.jpg";"POINT(4.9612348,52.3136946)";"POINT(52.3136946,4.9612348)";4.9612348;52.3136946;
517;"KRAAIENNEST";"Overig";"Plein";"Geen";"Asfalt";"Ja";"Nee";"Fitnesspark, zitbanken naast veld";49;"Kraaiennest_6.jpg";"POINT(4.9784348,52.3183943)";"POINT(52.3183943,4.9784348)";4.9784348;52.3183943;
518;"KRAAIENNEST";"Overig";"Plein";"Geen";"Asfalt";"Ja";"Nee";"Atletiekbaan met belijning";2601;"Kraaiennest_5.jpg";"POINT(4.9776952,52.3187949)";"POINT(52.3187949,4.9776952)";4.9776952;52.3187949;
519;"JEUGDLAND";"Overig";"Sportpark";"Veldafscheiding";"Zand";"Ja";"Nee";"Zandveld geschikt voor beachvolleybal en strandvoetbal";1137;"Jeugdland_1.jpg";"POINT(4.9543049,52.3582923)";"POINT(52.3582923,4.9543049)";4.9543049;52.3582923;
520;"ONSGENOEGEN";"Overig";"Speeltuin";"Ballenvangers";"Asfalt";"Nee";"Nee";"Asfaltveld, speeltuin Ons Genoegen, ballenvangers (2 zijden)";261;"OnsGenoegen.jpg";"POINT(4.8812649,52.3702933)";"POINT(52.3702933,4.8812649)";4.8812649;52.3702933;
521;"HEENVLIETLAAN";"Overig";"Plantsoen";"Geen";"Asfalt";"Nee";"Nee";"Asfaltveld, veld ligt verdiept, zitbanken naast veld";384;"Heenvlietlaan.jpg";"POINT(4.8811748,52.330094)";"POINT(52.330094,4.8811748)";4.8811748;52.330094;
522;"CALAND";"Overig";"Dak sporthal";"Hekwerk";"Beton";"Ja";"Nee";"Multifunctionele openbare accommodatie op dak sporthal o.a. voetbal, basketbal, tennis en hardloopbaan";269;"";"POINT(4.807575,52.3542945)";"POINT(52.3542945,4.807575)";4.807575;52.3542945;
523;"IJPLEIN";"Overig";"Plantsoen";"Geen";"Asfalt";"Nee";"Nee";"Volleybalveld";157;"IJplein_3.jpg";"POINT(4.910825,52.3824927)";"POINT(52.3824927,4.910825)";4.910825;52.3824927;
524;"Weesperzijde (ter hoogte van Hesp)";"Jeu de boules";"Stoep";"Geen";"";"";"Nee";"";0;"";"POINT(4.9121559,52.3499571)";"POINT(52.3499571,4.9121559)";4.9121559;52.3499571;
525;"Jeu de boules De Genestetstraat";"Jeu de boules";"Stoep";"Geen";"Onverhard";"Nee";"Nee";"";0;"Toussainstraat Jeu de boules.jpg";"POINT(4.8763611,52.3658454)";"POINT(52.3658454,4.8763611)";4.8763611;52.3658454;
526;"Miep Giesplantsoen";"Jeu de boules";"Stoep";"Geen";"";"";"Nee";"";0;"";"POINT(4.9038341,52.3443686)";"POINT(52.3443686,4.9038341)";4.9038341;52.3443686;
529;"Theo van Goghpark";"Jeu de boules";"Park";"Geen";"";"";"Nee";"";0;"";"POINT(5.0090759,52.3490988)";"POINT(52.3490988,5.0090759)";5.0090759;52.3490988;
530;"Meerpark";"Jeu de boules";"";"";"";"";"Nee";"";0;"";"POINT(4.9496355,52.3469636)";"POINT(52.3469636,4.9496355)";4.9496355;52.3469636;
531;"Amstelveld";"Jeu de boules";"Plein";"Geen";"";"";"Nee";"";0;"";"POINT(4.8968699,52.3619506)";"POINT(52.3619506,4.8968699)";4.8968699;52.3619506;
532;"Café Daan&Daan";"Jeu de boules";"Plein";"Geen";"";"";"Nee";"";0;"";"POINT(4.916023,52.3709914)";"POINT(52.3709914,4.916023)";4.916023;52.3709914;
533;"Binnengasthuisterrein";"Jeu de boules";"Plein";"Geen";"";"";"Nee";"";0;"";"POINT(4.8944499,52.3688246)";"POINT(52.3688246,4.8944499)";4.8944499;52.3688246;
534;"Aragohof";"Jeu de boules";"Plantsoen";"Geen";"";"";"Nee";"";0;"";"POINT(4.9404959,52.3505893)";"POINT(52.3505893,4.9404959)";4.9404959;52.3505893;
535;"Museumplein";"Jeu de boules";"Plein";"Geen";"";"";"Nee";"";0;"";"POINT(4.884052,52.3581073)";"POINT(52.3581073,4.884052)";4.884052;52.3581073;
538;"Bockesprong";"Voetbal";"Schoolplein";"Geen";"Asfalt";"Nee";"Nee";"Combiveld met basketbal";1502;"";"POINT(4.847368,52.3551642)";"POINT(52.3551642,4.847368)";4.847368;52.3551642;
539;"Hygiëaplein";"Tafeltennis";"Schoolplein";"Geen";"";"";"Nee";"Tafeltennis";0;"";"POINT(4.863268,52.347105)";"POINT(52.347105,4.863268)";4.863268;52.347105;
540;"Olympiaplein";"Fitness / Bootcamp";"Sportpark";"Geen";"";"";"Nee";"";0;"olympiaplein.JPG";"POINT(4.8661601,52.3483626)";"POINT(52.3483626,4.8661601)";4.8661601;52.3483626;
541;"Olympisch Stadion";"Voetbal";"Plein";"Hekwerk";"Asfalt";"";"Nee";"";0;"IMG_0038.JPG";"POINT(4.8523519,52.3443801)";"POINT(52.3443801,4.8523519)";4.8523519;52.3443801;
543;"Zeelandstraat";"Tafeltennis";"";"";"";"";"Nee";"Tafeltennis";0;"";"POINT(4.8778489,52.3272559)";"POINT(52.3272559,4.8778489)";4.8778489;52.3272559;
547;"Kennedyplantsoen";"Voetbal";"";"";"";"";"Nee";"Combiveld - zie basketbal";0;"";"POINT(4.899492,52.3408553)";"POINT(52.3408553,4.899492)";4.899492;52.3408553;
548;"Jekerstraat";"Basketbal";"";"";"";"";"Nee";"Combiveld - zie voetbal";0;"";"POINT(4.8966782,52.3460433)";"POINT(52.3460433,4.8966782)";4.8966782;52.3460433;
550;"Roerstraat";"Tafeltennis";"";"";"";"";"Nee";"Tafeltennis";0;"";"POINT(4.8971422,52.3440634)";"POINT(52.3440634,4.8971422)";4.8971422;52.3440634;
552;"Winterdijkplein";"Voetbal";"Sportpark";"Hekwerk";"";"";"Nee";"";0;"";"POINT(4.9047248,52.3429991)";"POINT(52.3429991,4.9047248)";4.9047248;52.3429991;
554;"Gaaspstraat";"Voetbal";"Speeltuin";"";"";"";"Nee";"";0;"";"POINT(4.907635,52.3445517)";"POINT(52.3445517,4.907635)";4.907635;52.3445517;
555;"Gaaspstraat";"Tafeltennis";"";"";"";"";"Nee";"Tafeltennis";0;"";"POINT(4.9079821,52.3446547)";"POINT(52.3446547,4.9079821)";4.9079821;52.3446547;
557;"Henrick de Keijserplein";"Voetbal";"";"";"";"";"Nee";"Combiveld - zie ook basketbal";0;"";"POINT(4.898167,52.351487)";"POINT(52.351487,4.898167)";4.898167;52.351487;
558;"Henrick de Keijserplein";"Tafeltennis";"";"";"";"";"Nee";"Tafeltennis";0;"";"POINT(4.898138,52.351355)";"POINT(52.351355,4.898138)";4.898138;52.351355;
559;"Smaragdplein";"Voetbal";"";"";"";"";"Nee";"";0;"";"POINT(4.9053152,52.3506362)";"POINT(52.3506362,4.9053152)";4.9053152;52.3506362;
560;"Servaes Noutstraat";"Tafeltennis";"";"";"";"";"Nee";"Tafeltennis";0;"";"POINT(4.904145,52.3553092)";"POINT(52.3553092,4.904145)";4.904145;52.3553092;
561;"Tafeltennistafel 1 Sarphatipark";"Tafeltennis";"Park";"";"";"";"Nee";"Tafeltennis";0;"Pannaveldje Sarphatipark.JPG";"POINT(4.8984082,52.3542588)";"POINT(52.3542588,4.8984082)";4.8984082;52.3542588;
562;"Obrechtplein";"Voetbal";"";"";"";"";"Nee";"";0;"";"POINT(4.8781168,52.3526198)";"POINT(52.3526198,4.8781168)";4.8781168;52.3526198;
563;"Scheltemaplein";"Voetbal";"";"";"";"";"Nee";"";0;"";"POINT(4.874182,52.3492858)";"POINT(52.3492858,4.874182)";4.874182;52.3492858;
568;"VU Boelelaan";"Basketbal";"";"";"";"";"Nee";"";0;"";"POINT(4.8654139,52.3338896)";"POINT(52.3338896,4.8654139)";4.8654139;52.3338896;
569;"Utrechtsebrug";"Overig";"";"";"";"";"Nee";"Free running";0;"";"POINT(4.9088018,52.3393256)";"POINT(52.3393256,4.9088018)";4.9088018;52.3393256;
574;"Gijsbrecht van Aemstelpark";"Voetbal";"";"";"";"";"Nee";"";0;"";"POINT(4.884876,52.3284651)";"POINT(52.3284651,4.884876)";4.884876;52.3284651;
576;"Amstelglorie";"Jeu de boules";"";"";"";"";"Nee";"";0;"";"POINT(4.9075448,52.3333327)";"POINT(52.3333327,4.9075448)";4.9075448;52.3333327;
577;"Frederiksplein (enkel basket)";"Basketbal";"";"";"";"";"Nee";"";0;"";"POINT(4.8986289,52.3606383)";"POINT(52.3606383,4.8986289)";4.8986289;52.3606383;
578;"6 fitness toestellen in Stadspark Osdorp ";"Fitness / Bootcamp";"Park";"Geen";"Kunstgras";"Nee";"Nee";"6 fitness toestellen";30;"16120606 Barzquad Calisthenics park en fitness app";"POINT(4.7981069,52.3562476)";"POINT(52.3562476,4.7981069)";4.7981069;52.3562476;
579;"Barzquad Calisthenics Park met bootcamp";"Overig";"Park";"Geen";"";"Nee";"Nee";"Groot calisthenicspark met gietrubbervloer, ook geschikt voor sporters met een beperking, kinderen";450;"16120603 Barzquad Calisthenics park.jpg";"POINT(4.7983482,52.3560835)";"POINT(52.3560835,4.7983482)";4.7983482;52.3560835;
581;"Andreasplein";"Fitness / Bootcamp";"Park";"Geen";"Valdempend materiaal";"Nee";"Nee";"Calisthenics";0;"Calisthenic.jpg";"POINT(4.8482802,52.3572699)";"POINT(52.3572699,4.8482802)";4.8482802;52.3572699;
582;"Staalmanpark";"Voetbal";"Park";"Gedeeltelijk";"";"Nee";"Nee";"";0;"Staalmanplein.jpg";"POINT(4.8314059,52.3497359)";"POINT(52.3497359,4.8314059)";4.8314059;52.3497359;
583;"Staalmanpark";"Basketbal";"Park";"Gedeeltelijk";"";"Nee";"Nee";"";0;"Staalmanplein.jpg";"POINT(4.8314202,52.3496825)";"POINT(52.3496825,4.8314202)";4.8314202;52.3496825;
584;"Kluisjes";"Overig";"Plein";"Geen";"";"";"Nee";"Kluisjes gratis te gebruiken";0;"kluisje.JPG";"POINT(4.9020212,52.3385436)";"POINT(52.3385436,4.9020212)";4.9020212;52.3385436;
585;"Fitnesstoestellen";"Fitness / Bootcamp";"Plein";"Geen";"Valdempend materiaal";"";"Nee";"4 fitnesstoestellen inclusief toelichtingsborden";0;"fitness mirandabad.JPG";"POINT(4.9019992,52.3387076)";"POINT(52.3387076,4.9019992)";4.9019992;52.3387076;
586;"Fitnesstoestellen";"Fitness / Bootcamp";"Park";"";"Onverhard";"";"Nee";"";0;"Beatrixpark fitnesstoestellen.jpg";"POINT(4.8842599,52.3400313)";"POINT(52.3400313,4.8842599)";4.8842599;52.3400313;
587;"2 Jeu de boules banen";"Jeu de boules";"Plein";"";"";"";"Nee";"";90;"";"POINT(4.8736808,52.3359038)";"POINT(52.3359038,4.8736808)";4.8736808;52.3359038;
588;"4 Fitnesstoestellen";"Fitness / Bootcamp";"Plantsoen";"";"Valdempend materiaal";"";"Nee";"4 fitnesstoestellen inclusief toelichtingsborden, speciaal geschikt voor ouderen";0;"heenvliet.jpg";"POINT(4.8819578,52.3295905)";"POINT(52.3295905,4.8819578)";4.8819578;52.3295905;
589;"Sport en speelobject";"Overig";"Park";"";"";"";"Nee";"Voetbal + trampoline";0;"";"POINT(4.882033,52.341153)";"POINT(52.341153,4.882033)";4.882033;52.341153;
590;"Sportstraat";"Tafeltennis";"Plein";"";"";"";"Nee";"Tafeltennistafel";0;"";"POINT(4.858848,52.346413)";"POINT(52.346413,4.858848)";4.858848;52.346413;
591;"Basketball";"Basketbal";"";"";"Asfalt";"";"Nee";"Combiveld voetbal basketbal";0;"IMG_0038.JPG";"POINT(4.8523571,52.3442732)";"POINT(52.3442732,4.8523571)";4.8523571;52.3442732;
592;"Fitnesstoestel 5 hoek";"Fitness / Bootcamp";"";"";"Valdempend materiaal";"";"Nee";"";0;"";"POINT(4.8520572,52.3411795)";"POINT(52.3411795,4.8520572)";4.8520572;52.3411795;
593;"Bootcamp-objecten";"Fitness / Bootcamp";"Plantsoen";"";"Gras";"";"Nee";"verschillende obstakels die gebruikt kunnen worden door sporters";0;"sportas bootcamp.jpg";"POINT(4.8540041,52.3361785)";"POINT(52.3361785,4.8540041)";4.8540041;52.3361785;
594;"Bootcamp-objecten";"Fitness / Bootcamp";"Plantsoen";"";"Gras";"";"Nee";"verschillende objecten zoals touwen klimrek die gebruikt kunnen worden door bootcampers";0;"sportas bootcamp2.jpg";"POINT(4.8556831,52.3310591)";"POINT(52.3310591,4.8556831)";4.8556831;52.3310591;
595;"PLAN WEST";"Basketbal";"Speeltuin";"Veldafscheiding";"Asfalt";"Nee";"Nee";"Basketbalveld met belijning, beperkt openbaar, combi-veld";0;"";"POINT(4.8599212,52.3675276)";"POINT(52.3675276,4.8599212)";4.8599212;52.3675276;
596;"PLAN WEST";"Voetbal";"Speeltuin";"Veldafscheiding";"Asfalt";"Nee";"Nee";"Voetbalveld, beperkt openbaar, combi-veld";0;"";"POINT(4.8599641,52.3674094)";"POINT(52.3674094,4.8599641)";4.8599641;52.3674094;
597;"ZONEPARC MEIDOORN";"Voetbal";"Schoolplein";"Geen";"Tegels";"Nee";"Nee";"Voetbalveld, kleine doeltjes, beperkt openbaar";0;"Cassestraat voetbal.JPG";"POINT(4.860995,52.3690154)";"POINT(52.3690154,4.860995)";4.860995;52.3690154;
598;"ERASMUSPARK";"Fitness / Bootcamp";"Park";"Geen";"Gras";"Nee";"Nee";"Verschillende toestellen";0;"";"POINT(4.8516009,52.3755347)";"POINT(52.3755347,4.8516009)";4.8516009;52.3755347;
599;"WESTERPARK";"Fitness / Bootcamp";"Park";"Geen";"Onverhard";"Nee";"Nee";"Verschillende toestellen";0;"Westerpark fitness.jpg";"POINT(4.8652222,52.3883635)";"POINT(52.3883635,4.8652222)";4.8652222;52.3883635;
600;"WILTZANGH";"Voetbal";"Schoolplein";"Hekwerk";"Kunstgras";"Nee";"Nee";"Voetbalveld met belijning, Cruijff Court, zitbanken naast het veld";0;"Wiltzangh CC.JPG";"POINT(4.8397939,52.3811576)";"POINT(52.3811576,4.8397939)";4.8397939;52.3811576;
601;"BOS EN LOMMERPLANTSOEN";"Fitness / Bootcamp";"Plantsoen";"Geen";"Gras";"Nee";"Nee";"Verschillende toestellen";0;"Bos en lommerplantsoen fitness.JPG";"POINT(4.8440478,52.3754927)";"POINT(52.3754927,4.8440478)";4.8440478;52.3754927;
602;"LAAN VAN SPARTAAN";"Fitness / Bootcamp";"Stoep";"Hekwerk";"";"Nee";"Nee";"Verschillende fitnesstoestellen op een rubberen gietvloer";0;"Laan van Spartaan Fitness.jpg";"POINT(4.8410332,52.3735701)";"POINT(52.3735701,4.8410332)";4.8410332;52.3735701;
603;"ROBERT SCOTTPLEIN";"Basketbal";"Speeltuin";"Geen";"";"Nee";"Nee";"Basketbalpaal met zitbanken ernaast, rubberen gietvloer";0;"";"POINT(4.8455522,52.3735472)";"POINT(52.3735472,4.8455522)";4.8455522;52.3735472;
604;"ROBERT SCOTTPLEIN";"Voetbal";"Speeltuin";"Hekwerk";"Kunstgras";"Nee";"Nee";"Voetbalveld met belijning, zitbanken naast het veld";0;"Robert Scott voetbal.jpg";"POINT(4.8458311,52.3735282)";"POINT(52.3735282,4.8458311)";4.8458311;52.3735282;
605;"WACHTERLIEDPLANTSOEN";"Basketbal";"Plantsoen";"Ballenvangers";"Asfalt";"Nee";"Nee";"Basketbalveld met belijning en zitbanken naast het veld";0;"Wachterliedplantsoen voetbal.JPG";"POINT(4.85306,52.3777358)";"POINT(52.3777358,4.85306)";4.85306;52.3777358;
606;"WATERKERINGWEG";"Voetbal";"Stoep";"Gedeeltelijk";"Kunstgras";"Nee";"Nee";"";0;"";"POINT(4.8675711,52.3840262)";"POINT(52.3840262,4.8675711)";4.8675711;52.3840262;
607;"GEUZENSTRAAT";"Basketbal";"Speeltuin";"Hekwerk laag";"Asfalt";"Nee";"Nee";"1 basket";0;"Geuzenstraat basketbal.jpg";"POINT(4.8650548,52.3724295)";"POINT(52.3724295,4.8650548)";4.8650548;52.3724295;
608;"Mondriaanplein";"Basketbal";"Plein";"Gedeeltelijk";"Beton";"";"Nee";"";0;"Mondriaanplein_Cruyff_Court.jpg";"POINT(4.8379161,52.3663375)";"POINT(52.3663375,4.8379161)";4.8379161;52.3663375;
609;"Jeu de boulesbaan Hendrik Jonkerplein";"Jeu de boules";"Plein";"Geen";"Onverhard";"Nee";"Nee";"";0;"";"POINT(4.888541,52.383721)";"POINT(52.383721,4.888541)";4.888541;52.383721;
610;"Mondriaanplein";"Voetbal";"Plein";"Hekwerk";"Kunstgras";"Ja";"Nee";"Cruff court Voetbalveld met belijning, zitbanken naast veld";0;"Mondriaanplein_Cruyff_Court.jpg";"POINT(4.8387101,52.3637206)";"POINT(52.3637206,4.8387101)";4.8387101;52.3637206;
611;"Funke Küpperstraat";"Basketbal";"Sportveld";"Hekwerk";"Beton";"";"Nee";"Basketbalkooi met omheining";0;"";"POINT(4.8108418,52.3521239)";"POINT(52.3521239,4.8108418)";4.8108418;52.3521239;
613;"Fitness Noorderpark";"Fitness / Bootcamp";"Park";"";"Kunstgras";"Nee";"Nee";"";0;"";"POINT(4.917958,52.3900725)";"POINT(52.3900725,4.917958)";4.917958;52.3900725;
614;"Geen naam";"Fitness / Bootcamp";"Plantsoen";"";"";"Ja";"Nee";"";0;"";"POINT(4.9550259,52.3225676)";"POINT(52.3225676,4.9550259)";4.9550259;52.3225676;
616;"Fitnesstoestellen Rembrandtpark";"Fitness / Bootcamp";"Park";"";"Valdempend materiaal";"";"Nee";"";0;"Fitnesstoestellen Rembrandpark.jpg";"POINT(4.8485482,52.3614928)";"POINT(52.3614928,4.8485482)";4.8485482;52.3614928;
617;"Bijlmer";"Fitness / Bootcamp";"Park";"";"";"";"Nee";"";0;"";"POINT(4.978431,52.3184096)";"POINT(52.3184096,4.978431)";4.978431;52.3184096;
618;"Nelson Mandelapark";"Fitness / Bootcamp";"Speeltuin";"";"";"";"Nee";"";0;"";"POINT(4.9623368,52.3123252)";"POINT(52.3123252,4.9623368)";4.9623368;52.3123252;
619;"Fitnesstoestellen Parkschouwburg";"Fitness / Bootcamp";"Plantsoen";"";"Onverhard";"Nee";"Nee";"Fitnesstoestellen";66;"431709237_223899.jpg";"POINT(4.9101829,52.3687946)";"POINT(52.3687946,4.9101829)";4.9101829;52.3687946;
620;"Beloegastraat";"Tafeltennis";"Plein";"";"";"";"Nee";"Tafeltennistafel";0;"";"POINT(4.8859062,52.4219827)";"POINT(52.4219827,4.8859062)";4.8859062;52.4219827;
621;"Buiksloterbreek";"Tafeltennis";"Stoep";"";"";"";"Nee";"Tafeltennistafel";0;"";"POINT(4.9069642,52.4025084)";"POINT(52.4025084,4.9069642)";4.9069642;52.4025084;
622;"Dijkmanshuizenstraat";"Tafeltennis";"Plantsoen";"";"";"";"Nee";"Tafeltennistafel";0;"";"POINT(4.958983,52.3968566)";"POINT(52.3968566,4.958983)";4.958983;52.3968566;
623;"Dijkmanshuizenstraat";"Voetbal";"Plantsoen";"";"";"";"Nee";"Pannaveldje";58;"Dijkmanshuizenstraat.PNG";"POINT(4.9591037,52.3968476)";"POINT(52.3968476,4.9591037)";4.9591037;52.3968476;
624;"Buiksloterweg";"Tafeltennis";"Speeltuin";"";"";"";"Nee";"Tafeltennistafel";0;"";"POINT(4.9186158,52.3963492)";"POINT(52.3963492,4.9186158)";4.9186158;52.3963492;
625;"I Amsterdam Parkour Park";"Fitness / Bootcamp";"Park";"Geen";"Asfalt";"";"Nee";"Fitnesstoestellen";200;"";"POINT(4.8131754,52.3578256)";"POINT(52.3578256,4.8131754)";4.8131754;52.3578256;
626;"Fitnesstoestellen";"Fitness / Bootcamp";"Park";"";"";"";"Nee";"";80;"";"POINT(4.8092058,52.3575635)";"POINT(52.3575635,4.8092058)";4.8092058;52.3575635;
628;"Skatepark De Flipperkast";"Skate";"Plein";"";"";"";"Nee";"";0;"";"POINT(4.9347814,52.401106)";"POINT(52.401106,4.9347814)";4.9347814;52.401106;
629;"Basketbalkooi";"Basketbal";"Plein";"Hekwerk";"";"Ja";"Nee";"";200;"Wibautstraat.png";"POINT(4.909287,52.3583105)";"POINT(52.3583105,4.909287)";4.909287;52.3583105;
630;"Pannaveldje";"Voetbal";"Plantsoen";"Hekwerk";"Kunstgras";"";"Nee";"";190;"Weesperzijde.png";"POINT(4.924074,52.3416546)";"POINT(52.3416546,4.924074)";4.924074;52.3416546;
631;"Maritzstraat";"Voetbal";"Plantsoen";"Hekwerk";"Asfalt";"";"Nee";"Voetbalveld";500;"Maritzstraat.png";"POINT(4.9186399,52.3552701)";"POINT(52.3552701,4.9186399)";4.9186399;52.3552701;
632;"Maliebaan";"Jeu de boules";"Plantsoen";"Geen";"Onverhard";"Nee";"Nee";"";0;"";"POINT(4.9230387,52.3478714)";"POINT(52.3478714,4.9230387)";4.9230387;52.3478714;
633;"Pannaveldje Schollenbrugstraat";"Voetbal";"Stoep";"Hekwerk";"Asfalt";"";"Nee";"Combiveld panna en basketbal";100;"Schollenbrugstraat.jpg";"POINT(4.9151175,52.3493407)";"POINT(52.3493407,4.9151175)";4.9151175;52.3493407;
634;"Trapveld in park";"Voetbal";"Park";"Geen";"Gras";"Nee";"Nee";"Twee doelen";400;"";"POINT(4.8481072,52.360734)";"POINT(52.360734,4.8481072)";4.8481072;52.360734;
635;"Meer en Vaart";"Basketbal";"Plein";"Hekwerk";"Beton";"";"Nee";"Combiveld voetbal/basketbal";383;"";"POINT(4.8053749,52.3646703)";"POINT(52.3646703,4.8053749)";4.8053749;52.3646703;
636;"Meer en Vaart";"Voetbal";"Plein";"Hekwerk";"Asfalt";"Nee";"Ja";"Combiveld voetbal/basketbal";383;"";"POINT(4.8053836,52.3646691)";"POINT(52.3646691,4.8053836)";4.8053836;52.3646691;
637;"Frederiksplein Combiveld Korfbal - Panna";"Overig";"Speeltuin";"Hekwerk laag";"Beton";"Ja";"Nee";"Frederiksplein Combiveld Korfbal - Panna";200;"Frederiksplein combiveld.JPG";"POINT(4.9007925,52.3608839)";"POINT(52.3608839,4.9007925)";4.9007925;52.3608839;
638;"Ed Pelsterpark";"Voetbal";"Park";"";"Kunstgras";"";"Nee";"";612;"";"POINT(4.9953618,52.35729)";"POINT(52.35729,4.9953618)";4.9953618;52.35729;
639;"Basketbalveld";"Basketbal";"Park";"";"Beton";"";"Nee";"";409;"";"POINT(5.0046858,52.350465)";"POINT(52.350465,5.0046858)";5.0046858;52.350465;
640;"Franz Zieglerstraat";"Voetbal";"Schoolplein";"";"Kunstgras";"";"Nee";"Twee pannaveldjes";169;"";"POINT(5.006898,52.3530675)";"POINT(52.3530675,5.006898)";5.006898;52.3530675;
641;"Theo van Goghpark";"Voetbal";"";"";"Kunstgras";"";"Nee";"";969;"";"POINT(5.0074304,52.3494271)";"POINT(52.3494271,5.0074304)";5.0074304;52.3494271;
642;"Krijn Taconiskade";"Voetbal";"Park";"Hekwerk";"Kunstgras";"Nee";"Nee";"";614;"";"POINT(5.0032783,52.3533477)";"POINT(52.3533477,5.0032783)";5.0032783;52.3533477;
643;"Proefeilandpark";"Voetbal";"Park";"";"";"";"Nee";"Een voetbalveld met belijning voor twee halve velden";590;"";"POINT(4.9874855,52.3621562)";"POINT(52.3621562,4.9874855)";4.9874855;52.3621562;
644;"Jean Desmetstraat";"Voetbal";"Plantsoen";"";"Kunstgras";"";"Nee";"Pannaveldje";150;"";"POINT(4.9942125,52.3591926)";"POINT(52.3591926,4.9942125)";4.9942125;52.3591926;
645;"Westerdoksplein";"Voetbal";"Plein";"Hekwerk";"";"";"Nee";"";177;"Westerdoksplein.JPG";"POINT(4.8929034,52.38317)";"POINT(52.38317,4.8929034)";4.8929034;52.38317;
646;"Roomtuintjes";"Basketbal";"Plein";"Hekwerk laag";"Beton";"Ja";"Nee";"Combiveld Voetbal en Basketbalpaal met tribune";225;"2018-08-21 08.24.38.jpg";"POINT(4.930481,52.3643342)";"POINT(52.3643342,4.930481)";4.930481;52.3643342;
647;"Voetbalveld";"Voetbal";"Plein";"Ballenvangers";"Beton";"Ja";"Nee";"Combiveld voetbalveld met basketbalpaal en tribune";225;"2018-08-21 08.24.21.jpg";"POINT(4.9304843,52.3643274)";"POINT(52.3643274,4.9304843)";4.9304843;52.3643274;
648;"Fitnesstoestellen Roomtuintjes";"Fitness / Bootcamp";"Plein";"Hekwerk";"Stoeptegels";"Nee";"Nee";"";60;"2018-08-21 08.23.43.jpg";"POINT(4.9304843,52.3641677)";"POINT(52.3641677,4.9304843)";4.9304843;52.3641677;
649;"Tafeltennistafel Roomtuintjes";"Tafeltennis";"Plein";"Geen";"Stoeptegels";"Nee";"Nee";"";4;"2018-08-21 08.24.06.jpg";"POINT(4.9305313,52.3642085)";"POINT(52.3642085,4.9305313)";4.9305313;52.3642085;
650;"Discgolf parcours Sloterpark";"Overig";"Park";"";"Gras";"";"Nee";"";0;"";"POINT(4.8153413,52.3696088)";"POINT(52.3696088,4.8153413)";4.8153413;52.3696088;
651;"Fitnesstoestellen";"Fitness / Bootcamp";"Park";"";"";"";"Nee";"";0;"";"POINT(4.8162083,52.3682417)";"POINT(52.3682417,4.8162083)";4.8162083;52.3682417;
652;"Olympisch Stadion";"Jeu de boules";"Plantsoen";"Hekwerk laag";"";"";"Nee";"";370;"Jeu-de-boule Olympisch Stadion.JPG";"POINT(5.0E-6,-7.0E-6)";"POINT(-7.0E-6,5.0E-6)";5.0E-6;-7.0E-6;
653;"Olympisch Stadion";"Jeu de boules";"Plantsoen";"Hekwerk laag";"";"";"Nee";"";370;"Jeu-de-boule Olympisch Stadion.JPG";"POINT(5.0E-6,-7.0E-6)";"POINT(-7.0E-6,5.0E-6)";5.0E-6;-7.0E-6;
655;"Pannaveldje Schollenbrugstraat";"Basketbal";"Stoep";"Hekwerk";"Asfalt";"Nee";"Nee";"Combiveld panna en één basket";0;"DSC_0296 2.JPG";"POINT(5.0E-6,-7.0E-6)";"POINT(-7.0E-6,5.0E-6)";5.0E-6;-7.0E-6;
656;"Pannaveldje Schollenbrugstraat";"Basketbal";"Stoep";"Hekwerk";"Klinkers";"Nee";"Nee";"Pannaveldje met basket";0;"Schollenbrugstraat.jpg";"POINT(4.9151225,52.3493391)";"POINT(52.3493391,4.9151225)";4.9151225;52.3493391;
657;"Tafeltennistafel Winterdijkplein";"Tafeltennis";"Sportpark";"";"";"";"Nee";"";0;"";"POINT(4.9046341,52.3431699)";"POINT(52.3431699,4.9046341)";4.9046341;52.3431699;
658;"Fitnesstoestellen Winterdijkplein";"Fitness / Bootcamp";"Sportpark";"";"Tegels";"";"Nee";"";0;"";"POINT(4.9045094,52.3430454)";"POINT(52.3430454,4.9045094)";4.9045094;52.3430454;
659;"Skatehelling Winterdijkplein";"Skate";"Sportpark";"";"";"";"Nee";"";0;"";"POINT(4.9044843,52.3428973)";"POINT(52.3428973,4.9044843)";4.9044843;52.3428973;
660;"Eierlandstraat";"Tafeltennis";"Speeltuin";"Geen";"";"";"Nee";"";4;"";"POINT(4.9602381,52.394542)";"POINT(52.394542,4.9602381)";4.9602381;52.394542;
661;"Bep van Klaverenboulevard";"Tafeltennis";"Plein";"Hekwerk laag";"";"";"Nee";"";4;"";"POINT(4.9187264,52.403018)";"POINT(52.403018,4.9187264)";4.9187264;52.403018;
662;"Masthof";"Tafeltennis";"Stoep";"Geen";"";"";"Nee";"";4;"";"POINT(4.9262405,52.4107618)";"POINT(52.4107618,4.9262405)";4.9262405;52.4107618;
663;"Masthof";"Voetbal";"Plein";"Hekwerk laag";"Tegels";"Ja";"Nee";"";373;"";"POINT(4.9259144,52.4108368)";"POINT(52.4108368,4.9259144)";4.9259144;52.4108368;
664;"Meidoornplein";"Tafeltennis";"Plantsoen";"Geen";"Gras";"";"Nee";"";0;"";"POINT(4.9112553,52.3876153)";"POINT(52.3876153,4.9112553)";4.9112553;52.3876153;
665;"Molenwijk";"Tafeltennis";"Plein";"Geen";"Tegels";"";"Nee";"";4;"";"POINT(4.8898288,52.4207062)";"POINT(52.4207062,4.8898288)";4.8898288;52.4207062;
666;"Molenwijk";"Voetbal";"Plein";"";"";"";"Nee";"";360;"";"POINT(4.8897537,52.4206555)";"POINT(52.4206555,4.8897537)";4.8897537;52.4206555;
667;"Oosterendstraat";"Tafeltennis";"Speeltuin";"Geen";"";"";"Nee";"";4;"";"POINT(4.9623685,52.3917876)";"POINT(52.3917876,4.9623685)";4.9623685;52.3917876;
668;"Pettenstraat";"Tafeltennis";"Plantsoen";"Geen";"Asfalt";"";"Nee";"";4;"";"POINT(4.9543785,52.396878)";"POINT(52.396878,4.9543785)";4.9543785;52.396878;
669;"Planetenplein";"Tafeltennis";"Plantsoen";"Geen";"";"";"Nee";"";4;"";"POINT(4.890842,52.4141493)";"POINT(52.4141493,4.890842)";4.890842;52.4141493;
670;"Daan Roodenburghplein";"Voetbal";"Plein";"";"Tegels";"";"Nee";"";575;"";"POINT(4.9290299,52.4081794)";"POINT(52.4081794,4.9290299)";4.9290299;52.4081794;
671;"Daan Roodenburghplein";"Basketbal";"Plein";"";"";"Ja";"Nee";"";750;"";"POINT(4.9300451,52.4076506)";"POINT(52.4076506,4.9300451)";4.9300451;52.4076506;
672;"Daan Roodenburghplein";"Tafeltennis";"Plein";"";"Tegels";"";"Nee";"";4;"";"POINT(4.9293354,52.4080332)";"POINT(52.4080332,4.9293354)";4.9293354;52.4080332;
673;"Schellingwouderdijk";"Tafeltennis";"Speeltuin";"Geen";"Tegels";"Ja";"Nee";"";4;"";"POINT(4.9603273,52.384717)";"POINT(52.384717,4.9603273)";4.9603273;52.384717;
674;"Schoenerstraat";"Tafeltennis";"Plein";"Geen";"Stoeptegels";"";"Nee";"";5;"";"POINT(4.9101749,52.4034512)";"POINT(52.4034512,4.9101749)";4.9101749;52.4034512;
675;"Sterrenplein";"Tafeltennis";"Plantsoen";"";"Tegels";"";"Nee";"";4;"";"POINT(4.8926034,52.413325)";"POINT(52.413325,4.8926034)";4.8926034;52.413325;
676;"Texelplein";"Tafeltennis";"Speeltuin";"";"Tegels";"";"Nee";"";4;"";"POINT(4.9258983,52.3926764)";"POINT(52.3926764,4.9258983)";4.9258983;52.3926764;
677;"Tussendek";"Tafeltennis";"Plantsoen";"";"Gras";"";"Nee";"";4;"";"POINT(4.9199489,52.4139148)";"POINT(52.4139148,4.9199489)";4.9199489;52.4139148;
678;"Tussendek";"Voetbal";"Plantsoen";"Hekwerk laag";"Asfalt";"";"Nee";"Voetbalveld kleine doelen";440;"";"POINT(4.9196157,52.4139729)";"POINT(52.4139729,4.9196157)";4.9196157;52.4139729;
679;"Tweelingenhof";"Tafeltennis";"Plantsoen";"";"";"";"Nee";"";0;"";"POINT(4.8805281,52.4170373)";"POINT(52.4170373,4.8805281)";4.8805281;52.4170373;
680;"Voorsteven";"Tafeltennis";"Speeltuin";"Geen";"Tegels";"";"Nee";"";4;"";"POINT(4.9162381,52.4107916)";"POINT(52.4107916,4.9162381)";4.9162381;52.4107916;
681;"Westerduinenstraat";"Tafeltennis";"Plantsoen";"";"Zand";"";"Nee";"";4;"";"POINT(4.9618441,52.3925597)";"POINT(52.3925597,4.9618441)";4.9618441;52.3925597;
682;"Westerduinenstraat";"Voetbal";"Plantsoen";"Hekwerk";"";"";"Nee";"";188;"";"POINT(4.9616684,52.3926255)";"POINT(52.3926255,4.9616684)";4.9616684;52.3926255;
683;"Winterjanpad";"Tafeltennis";"Plantsoen";"";"Gras";"";"Nee";"";4;"";"POINT(4.9032028,52.4103796)";"POINT(52.4103796,4.9032028)";4.9032028;52.4103796;
684;"Ravenwerf";"Tafeltennis";"Plantsoen";"Geen";"";"Ja";"Nee";"";4;"";"POINT(4.9220018,52.3741802)";"POINT(52.3741802,4.9220018)";4.9220018;52.3741802;
685;"Wilhelmina Blombergplein";"Tafeltennis";"Plein";"";"Tegels";"";"Nee";"";4;"";"POINT(4.9229821,52.3650812)";"POINT(52.3650812,4.9229821)";4.9229821;52.3650812;
686;"Speeltuin Wittenburg";"Tafeltennis";"Speeltuin";"";"Tegels";"";"Nee";"";4;"";"POINT(4.9237757,52.3720588)";"POINT(52.3720588,4.9237757)";4.9237757;52.3720588;
687;"Jacob Obrechtplein";"Tafeltennis";"Plantsoen";"";"";"";"Nee";"";4;"";"POINT(4.8778583,52.3526425)";"POINT(52.3526425,4.8778583)";4.8778583;52.3526425;
688;"WG-plein";"Tafeltennis";"Plein";"";"";"";"Nee";"";4;"";"POINT(4.8711949,52.3639922)";"POINT(52.3639922,4.8711949)";4.8711949;52.3639922;
689;"Palmgracht";"Tafeltennis";"Plein";"";"Tegels";"";"Nee";"";4;"";"POINT(4.8825272,52.3819237)";"POINT(52.3819237,4.8825272)";4.8825272;52.3819237;
690;"Bickersgracht";"Tafeltennis";"Plein";"Geen";"Stoeptegels";"Nee";"Nee";"";0;"";"POINT(4.8890637,52.3867385)";"POINT(52.3867385,4.8890637)";4.8890637;52.3867385;
691;"Noorderspeeltuin";"Tafeltennis";"Speeltuin";"";"";"";"Nee";"";0;"";"POINT(4.8825518,52.3792969)";"POINT(52.3792969,4.8825518)";4.8825518;52.3792969;
692;"Speeltuin De Piramide";"Tafeltennis";"Speeltuin";"";"";"";"Nee";"";4;"";"POINT(4.8927505,52.3806305)";"POINT(52.3806305,4.8927505)";4.8927505;52.3806305;
693;"Speeltuin Ons Genoegen";"Tafeltennis";"Speeltuin";"";"";"";"Nee";"";0;"";"POINT(4.8806088,52.3702308)";"POINT(52.3702308,4.8806088)";4.8806088;52.3702308;
694;"Frederiksplein";"Tafeltennis";"Plantsoen";"";"";"";"Nee";"";0;"";"POINT(4.9005354,52.360842)";"POINT(52.360842,4.9005354)";4.9005354;52.360842;
695;"Tweede Weteringplantsoen";"Tafeltennis";"Speeltuin";"";"";"";"Nee";"Speeltuin UJ Klaren ";4;"";"POINT(4.8925285,52.3587737)";"POINT(52.3587737,4.8925285)";4.8925285;52.3587737;
696;"Stenendokweg";"Voetbal";"Plein";"Ballenvangers";"Asfalt";"";"Nee";"";225;"Stenendokweg.jpg";"POINT(4.8933933,52.4079611)";"POINT(52.4079611,4.8933933)";4.8933933;52.4079611;
697;"Stierstraat";"Voetbal";"Plantsoen";"";"Gras";"";"Nee";"Kleine doelen";150;"";"POINT(4.878083,52.4166459)";"POINT(52.4166459,4.878083)";4.878083;52.4166459;
698;"Dijkwater";"Tafeltennis";"Plantsoen";"";"";"";"Nee";"";4;"";"POINT(4.9394517,52.4003058)";"POINT(52.4003058,4.9394517)";4.9394517;52.4003058;
699;"Druivenstraat";"Tafeltennis";"Park";"Geen";"Tegels";"";"Nee";"";4;"";"POINT(4.9006806,52.4121905)";"POINT(52.4121905,4.9006806)";4.9006806;52.4121905;
700;"Jacob Groenplantsoen";"Tafeltennis";"Park";"";"";"";"Nee";"";4;"";"POINT(4.8981426,52.4175412)";"POINT(52.4175412,4.8981426)";4.8981426;52.4175412;
701;"Nathan F. Israelweg";"Tafeltennis";"Plantsoen";"";"";"";"Nee";"";4;"";"POINT(4.9041775,52.4208779)";"POINT(52.4208779,4.9041775)";4.9041775;52.4208779;
702;"Krasseurstraat";"Tafeltennis";"Plein";"";"";"";"Nee";"";0;"";"POINT(4.8970018,52.4046314)";"POINT(52.4046314,4.8970018)";4.8970018;52.4046314;
703;"Argonautenstraat";"Tafeltennis";"Schoolplein";"";"";"";"Nee";"";4;"";"POINT(4.8626177,52.3437253)";"POINT(52.3437253,4.8626177)";4.8626177;52.3437253;
704;"Handbalstraat";"Voetbal";"Plantsoen";"";"";"";"Nee";"";0;"";"POINT(4.8375336,52.3436979)";"POINT(52.3436979,4.8375336)";4.8375336;52.3436979;
705;"Meer en Vaart";"Overig";"Speeltuin";"";"";"";"Nee";"Korfbalpaal";0;"MeerEnVaartKorfbal.JPG";"POINT(4.8053169,52.3648137)";"POINT(52.3648137,4.8053169)";4.8053169;52.3648137;
706;"Rietlandpark";"Tafeltennis";"Plantsoen";"";"";"";"Nee";"";4;"";"POINT(4.9341202,52.3739734)";"POINT(52.3739734,4.9341202)";4.9341202;52.3739734;
707;"EGoli Cruyff Court";"Voetbal";"Plantsoen";"Hekwerk laag";"";"";"Nee";"";1000;"";"POINT(4.9585841,52.3233145)";"POINT(52.3233145,4.9585841)";4.9585841;52.3233145;
709;"Dorpsweg Ransdorp";"Tafeltennis";"Schoolplein";"";"";"";"Nee";"";4;"";"POINT(4.9936962,52.3921738)";"POINT(52.3921738,4.9936962)";4.9936962;52.3921738;
710;"Tafeltennistafel Nicolaas Beetsstraat";"Tafeltennis";"Plantsoen";"";"";"";"Nee";"";4;"";"POINT(4.8675727,52.3629381)";"POINT(52.3629381,4.8675727)";4.8675727;52.3629381;
711;"Leusdenhof";"Fitness / Bootcamp";"Plantsoen";"";"";"";"Nee";"";40;"";"POINT(4.9815876,52.3074632)";"POINT(52.3074632,4.9815876)";4.9815876;52.3074632;
712;"Liendenhof";"Tafeltennis";"Plantsoen";"";"";"";"Nee";"";4;"";"POINT(4.9845335,52.3082517)";"POINT(52.3082517,4.9845335)";4.9845335;52.3082517;
713;"Wethouder Abrahamspad";"Tafeltennis";"Plantsoen";"";"";"";"Nee";"";4;"";"POINT(4.990639,52.2916838)";"POINT(52.2916838,4.990639)";4.990639;52.2916838;
714;"Wethouder Den Hertogstraat";"Tafeltennis";"Speeltuin";"";"";"";"Nee";"";4;"";"POINT(4.9866232,52.2909707)";"POINT(52.2909707,4.9866232)";4.9866232;52.2909707;
715;"Stoutenburggracht";"Tafeltennis";"Plantsoen";"";"";"";"Nee";"";4;"";"POINT(4.9840496,52.2945374)";"POINT(52.2945374,4.9840496)";4.9840496;52.2945374;
716;"Westbroekplein";"Voetbal";"Plein";"";"";"";"Nee";"";400;"";"POINT(4.9887879,52.2955419)";"POINT(52.2955419,4.9887879)";4.9887879;52.2955419;
717;"Soesterberghof";"Tafeltennis";"Plantsoen";"";"";"";"Nee";"";4;"";"POINT(4.9809449,52.2956504)";"POINT(52.2956504,4.9809449)";4.9809449;52.2956504;
718;"Singravenpad";"Tafeltennis";"Plantsoen";"";"";"";"Nee";"";4;"";"POINT(4.9739425,52.2888674)";"POINT(52.2888674,4.9739425)";4.9739425;52.2888674;
719;"Tongerenstraat";"Tafeltennis";"Plantsoen";"";"";"";"Nee";"";4;"";"POINT(4.9692869,52.2938574)";"POINT(52.2938574,4.9692869)";4.9692869;52.2938574;
720;"Tongerenstraat";"Fitness / Bootcamp";"";"";"";"";"Nee";"";0;"";"POINT(4.9692161,52.2937446)";"POINT(52.2937446,4.9692161)";4.9692161;52.2937446;
721;"Tongerenstraat";"Jeu de boules";"";"";"";"";"Nee";"";66;"";"POINT(4.9693401,52.2937175)";"POINT(52.2937175,4.9693401)";4.9693401;52.2937175;
722;"Tekkopstraat";"Tafeltennis";"Stoep";"";"";"";"Nee";"";4;"";"POINT(4.9730551,52.2937489)";"POINT(52.2937489,4.9730551)";4.9730551;52.2937489;
723;"Maria Snelplantsoen";"Tafeltennis";"Plantsoen";"";"";"";"Nee";"";4;"";"POINT(4.9956142,52.2972702)";"POINT(52.2972702,4.9956142)";4.9956142;52.2972702;
724;"Poederooienstraat";"Tafeltennis";"";"";"";"";"Nee";"2x";0;"";"POINT(4.9806828,52.2982052)";"POINT(52.2982052,4.9806828)";4.9806828;52.2982052;
725;"Reigersbospad";"Tafeltennis";"Park";"";"";"";"Nee";"";4;"";"POINT(4.9729424,52.3028224)";"POINT(52.3028224,4.9729424)";4.9729424;52.3028224;
726;"Kleiburg";"Voetbal";"";"";"";"";"Nee";"";500;"";"POINT(4.9803136,52.3194121)";"POINT(52.3194121,4.9803136)";4.9803136;52.3194121;
727;"Nieuwersluishof";"Voetbal";"";"Ballenvangers";"";"";"Nee";"";539;"";"POINT(4.9593845,52.3024833)";"POINT(52.3024833,4.9593845)";4.9593845;52.3024833;
728;"Oudeschans 10d";"Tafeltennis";"Speeltuin";"";"";"";"Nee";"";4;"";"POINT(4.9044175,52.3720951)";"POINT(52.3720951,4.9044175)";4.9044175;52.3720951;
729;"Golf";"Overig";"Plantsoen";"Hekwerk laag";"";"";"Nee";"";350;"";"POINT(4.9769343,52.3185673)";"POINT(52.3185673,4.9769343)";4.9769343;52.3185673;
730;"Kraaiennest";"Tafeltennis";"Speeltuin";"";"";"";"Nee";"";0;"";"POINT(4.9792886,52.3177843)";"POINT(52.3177843,4.9792886)";4.9792886;52.3177843;
731;"Voetbaldoelen in de zomer";"Voetbal";"Park";"";"Gras";"";"Nee";"";0;"";"POINT(4.8515414,52.3239714)";"POINT(52.3239714,4.8515414)";4.8515414;52.3239714;
732;"Voetbaldoelen in de zomer";"Voetbal";"";"";"Gras";"";"Nee";"";0;"";"POINT(4.83196,52.3104058)";"POINT(52.3104058,4.83196)";4.83196;52.3104058;
733;"Fitnesstoestellen";"Fitness / Bootcamp";"Park";"Geen";"";"";"Nee";"";0;"";"POINT(4.8345362,52.3208576)";"POINT(52.3208576,4.8345362)";4.8345362;52.3208576;
734;"Trimparcours";"Fitness / Bootcamp";"";"";"";"";"Nee";"";0;"";"POINT(4.8254388,52.3203878)";"POINT(52.3203878,4.8254388)";4.8254388;52.3203878;
735;"Kluisjes";"Overig";"";"";"";"";"Nee";"";0;"";"POINT(4.8542124,52.3287939)";"POINT(52.3287939,4.8542124)";4.8542124;52.3287939;
736;"Bogortuin";"Basketbal";"Plein";"Geen";"Beton";"";"Nee";"Combiveld voetbal/basketbal";360;"";"POINT(4.9341034,52.3775302)";"POINT(52.3775302,4.9341034)";4.9341034;52.3775302;
737;"Bogortuin";"Voetbal";"Plantsoen";"";"";"";"Nee";"Combiveld voetbal/basketbal";360;"";"POINT(4.9341329,52.377531)";"POINT(52.377531,4.9341329)";4.9341329;52.377531;
738;"Zwemgedeelte Grote Vijver";"Overig";"";"";"";"";"Nee";"Het zwemwater in het Amsterdamse Bos is meer dan schoon genoeg om in te zwemmen. Zie www.amsterdamsebos.nl en www.zwemwater.nl voor meer informatie. ";0;"";"POINT(4.8281418,52.3197641)";"POINT(52.3197641,4.8281418)";4.8281418;52.3197641;
739;"Kinderbad";"Overig";"";"";"";"";"Nee";"Zie ook www.zwemwater.nl en www.amsterdam.nl .";0;"";"POINT(4.8233727,52.3169521)";"POINT(52.3169521,4.8233727)";4.8233727;52.3169521;
740;"Kinderbad";"Overig";"";"";"";"";"Nee";"Zie ook www.zwemwater.nl en www.amsterdam.nl .";0;"";"POINT(4.849325,52.3244735)";"POINT(52.3244735,4.849325)";4.849325;52.3244735;
741;"Voetbaldoelen Rembrandtpark";"Voetbal";"Park";"";"";"";"Nee";"";400;"Voetbaldoelen Rembrandtpark.JPG";"POINT(4.8488152,52.3676782)";"POINT(52.3676782,4.8488152)";4.8488152;52.3676782;
742;"Nelson Mandelapark";"Basketbal";"Park";"Hekwerk";"Beton";"";"Nee";"";372;"";"POINT(4.9616645,52.312742)";"POINT(52.312742,4.9616645)";4.9616645;52.312742;
743;"Nelson Mandelapark";"Basketbal";"Park";"";"";"";"Nee";"3x3";178;"";"POINT(4.9612126,52.3126551)";"POINT(52.3126551,4.9612126)";4.9612126;52.3126551;
745;"Tafeltennistafel Eikenplein";"Tafeltennis";"Plein";"";"";"";"Nee";"";4;"";"POINT(4.9216278,52.3582444)";"POINT(52.3582444,4.9216278)";4.9216278;52.3582444;
746;"Westerpark";"Tafeltennis";"";"";"";"";"Nee";"";0;"";"POINT(4.875637,52.3875549)";"POINT(52.3875549,4.875637)";4.875637;52.3875549;
747;"Tafeltennistafel Bessemerstraat";"Tafeltennis";"Plein";"";"";"";"Nee";"";0;"";"POINT(4.9245789,52.3516506)";"POINT(52.3516506,4.9245789)";4.9245789;52.3516506;
748;"Tafeltennistafel Ceramplein";"Tafeltennis";"Plantsoen";"";"";"";"Nee";"Rond";0;"";"POINT(4.9412287,52.3626309)";"POINT(52.3626309,4.9412287)";4.9412287;52.3626309;
749;"Tafeltennistafel Mariotteplein";"Tafeltennis";"Speeltuin";"";"";"";"Nee";"";0;"";"POINT(4.9392209,52.3519325)";"POINT(52.3519325,4.9392209)";4.9392209;52.3519325;
750;"Tafeltennistafel Zacharias Jansestraat";"Tafeltennis";"Speeltuin";"";"";"";"Nee";"";0;"";"POINT(4.9277358,52.352227)";"POINT(52.352227,4.9277358)";4.9277358;52.352227;
751;"Pannadoeltjes";"Voetbal";"Speeltuin";"Gedeeltelijk";"";"";"Nee";"";0;"";"POINT(4.9276191,52.3524206)";"POINT(52.3524206,4.9276191)";4.9276191;52.3524206;
752;"Tafeltennistafel Bart de Ligtstraat";"Tafeltennis";"Plein";"";"";"";"Nee";"";0;"";"POINT(4.9225039,52.3461713)";"POINT(52.3461713,4.9225039)";4.9225039;52.3461713;
753;"Tafeltennistafel Borneokade";"Tafeltennis";"Plantsoen";"";"";"";"Nee";"";0;"";"POINT(4.9396282,52.3703774)";"POINT(52.3703774,4.9396282)";4.9396282;52.3703774;
754;"Tafeltennistafel Faas Wilkesstraat";"Tafeltennis";"Stoep";"";"";"";"Nee";"";0;"";"POINT(4.9699639,52.3722811)";"POINT(52.3722811,4.9699639)";4.9699639;52.3722811;
755;"Tafeltennistafel Onderlangs";"Tafeltennis";"";"";"";"";"Nee";"";0;"";"POINT(4.9477708,52.3392018)";"POINT(52.3392018,4.9477708)";4.9477708;52.3392018;
756;"Jeu de Boules Onderlangs";"Jeu de boules";"";"";"";"";"Nee";"";200;"";"POINT(4.9486639,52.3393058)";"POINT(52.3393058,4.9486639)";4.9486639;52.3393058;
757;"Tafeltennistafel Galileïplantsoen";"Tafeltennis";"Stoep";"";"";"";"Nee";"";0;"";"POINT(4.9382952,52.3537665)";"POINT(52.3537665,4.9382952)";4.9382952;52.3537665;
758;"Tafeltennistafel Borneolaan 482";"Tafeltennis";"Plein";"";"";"";"Nee";"";0;"";"POINT(4.9395711,52.3713933)";"POINT(52.3713933,4.9395711)";4.9395711;52.3713933;
759;"Atletiekbaan";"Overig";"Plein";"";"";"";"Nee";"140m";0;"";"POINT(4.916629,52.3533573)";"POINT(52.3533573,4.916629)";4.916629;52.3533573;
761;"Tafeltennistafel President Brandstraat";"Tafeltennis";"";"";"";"";"Nee";"";0;"";"POINT(4.9172198,52.3536932)";"POINT(52.3536932,4.9172198)";4.9172198;52.3536932;
762;"Tafeltennistafel Steve Bikoplein";"Tafeltennis";"Plein";"";"";"";"Nee";"";0;"";"POINT(4.9238032,52.3551214)";"POINT(52.3551214,4.9238032)";4.9238032;52.3551214;
763;"Steigereiland";"Basketbal";"";"";"";"";"Nee";"";336;"";"POINT(4.9825083,52.3613024)";"POINT(52.3613024,4.9825083)";4.9825083;52.3613024;
764;"Tafeltennistafel Steigereiland";"Tafeltennis";"";"";"";"";"Nee";"";0;"";"POINT(4.9823353,52.3613991)";"POINT(52.3613991,4.9823353)";4.9823353;52.3613991;
765;"Jeu de boules Van t Hofflaan";"Jeu de boules";"";"";"";"";"Nee";"";0;"";"POINT(4.9354429,52.3480029)";"POINT(52.3480029,4.9354429)";4.9354429;52.3480029;
766;"Tafeltennistafel Van &#096;t Hofflaan";"Tafeltennis";"";"";"";"";"Nee";"Rond";0;"";"POINT(4.9349615,52.3480856)";"POINT(52.3480856,4.9349615)";4.9349615;52.3480856;
767;"Fitnesstoestellen";"Fitness / Bootcamp";"";"";"";"";"Nee";"";100;"";"POINT(4.935109,52.3480807)";"POINT(52.3480807,4.935109)";4.935109;52.3480807;
768;"Basketbalpaal";"Basketbal";"";"";"";"";"Nee";"";100;"";"POINT(4.9349471,52.3479903)";"POINT(52.3479903,4.9349471)";4.9349471;52.3479903;
769;"Tafeltennistafel Franz Zieglerstraat";"Tafeltennis";"Schoolplein";"";"";"";"Nee";"";0;"";"POINT(5.00711,52.3528822)";"POINT(52.3528822,5.00711)";5.00711;52.3528822;
770;"Beachvolleybalveld James Wattstraat";"Beachvolley";"Plein";"";"";"";"Nee";"";100;"Beach_James_Wattstraat.JPG";"POINT(4.920949,52.3499541)";"POINT(52.3499541,4.920949)";4.920949;52.3499541;
771;"Tafeltennistafel James Wattstraat";"Tafeltennis";"Plein";"";"";"";"Nee";"";0;"Tafeltennis_James_Wattstraat.JPG";"POINT(4.9210724,52.3500327)";"POINT(52.3500327,4.9210724)";4.9210724;52.3500327;
772;"Tafeltennistafel voor Sporthal Zeeburg";"Tafeltennis";"Plantsoen";"";"";"";"Nee";"";0;"";"POINT(4.9509751,52.3655974)";"POINT(52.3655974,4.9509751)";4.9509751;52.3655974;
773;"Tafeltennistafel Gibraltarstraat";"Tafeltennis";"Plein";"";"";"";"Nee";"";0;"";"POINT(4.8533313,52.383393)";"POINT(52.383393,4.8533313)";4.8533313;52.383393;
774;"Tafeltennistafel Pieter van der Doesstraat";"Tafeltennis";"Plein";"";"";"";"Nee";"";0;"";"POINT(4.8577984,52.3726217)";"POINT(52.3726217,4.8577984)";4.8577984;52.3726217;
775;"Tafeltennistafel Paramariboplein";"Tafeltennis";"Plein";"";"";"";"Nee";"";0;"";"POINT(4.854713,52.3595874)";"POINT(52.3595874,4.854713)";4.854713;52.3595874;
776;"Tafeltennistafel Haarlemmerweg 645";"Tafeltennis";"Speeltuin";"";"";"";"Nee";"";0;"";"POINT(4.8486734,52.3846666)";"POINT(52.3846666,4.8486734)";4.8486734;52.3846666;
777;"Tafeltennistafel 1 Orteliuspad";"Tafeltennis";"";"";"";"";"Nee";"";0;"";"POINT(4.8467562,52.3704301)";"POINT(52.3704301,4.8467562)";4.8467562;52.3704301;
778;"Tafeltennistafel 2 Orteliuspad";"Tafeltennis";"";"";"";"";"Nee";"";0;"";"POINT(4.8468193,52.3704366)";"POINT(52.3704366,4.8468193)";4.8468193;52.3704366;
779;"Tafeltennistafel 1 Balboaplein";"Tafeltennis";"";"";"";"";"Nee";"";0;"";"POINT(4.8554443,52.3686318)";"POINT(52.3686318,4.8554443)";4.8554443;52.3686318;
780;"Tafeltennistafel 2 Balboaplein";"Tafeltennis";"Plein";"";"";"";"Nee";"";0;"";"POINT(4.8556803,52.368676)";"POINT(52.368676,4.8556803)";4.8556803;52.368676;
781;"Tafeltennistafel Hasebroekstraat";"Tafeltennis";"Plein";"";"";"";"Nee";"";0;"";"POINT(4.8613602,52.3653647)";"POINT(52.3653647,4.8613602)";4.8613602;52.3653647;
782;"Tafeltennistafel 2 Frederik Hendrikplantsoen";"Tafeltennis";"Plantsoen";"";"";"";"Nee";"";0;"";"POINT(4.8765112,52.3783374)";"POINT(52.3783374,4.8765112)";4.8765112;52.3783374;
783;"Tafeltennistafel 1 Frederik Hendrikplantsoen";"Tafeltennis";"Plantsoen";"";"";"";"Nee";"";0;"";"POINT(4.8763959,52.3783661)";"POINT(52.3783661,4.8763959)";4.8763959;52.3783661;
784;"Tafeltennistafel Bellamydwarsstraat";"Tafeltennis";"Plein";"";"";"";"Nee";"";0;"";"POINT(4.8646388,52.3673744)";"POINT(52.3673744,4.8646388)";4.8646388;52.3673744;
785;"Tafeltennistafel J.J. Cremerplein";"Tafeltennis";"Plein";"";"";"";"Nee";"";0;"";"POINT(4.8580113,52.3595651)";"POINT(52.3595651,4.8580113)";4.8580113;52.3595651;
786;"Tafeltennistafel Kortenaerplein";"Tafeltennis";"Plein";"";"";"";"Nee";"";0;"";"POINT(4.8633702,52.3689087)";"POINT(52.3689087,4.8633702)";4.8633702;52.3689087;
787;"Tafeltennistafel Corantijnstraat";"Tafeltennis";"Plein";"";"";"";"Nee";"";0;"";"POINT(4.8521082,52.3618288)";"POINT(52.3618288,4.8521082)";4.8521082;52.3618288;
788;"Tafeltennistafel Van Oldebarneveldtplein";"Tafeltennis";"Plein";"";"";"";"Nee";"";0;"";"POINT(4.8751343,52.3777728)";"POINT(52.3777728,4.8751343)";4.8751343;52.3777728;
789;"Tafeltennistafel Gerard Callenburgstraat";"Tafeltennis";"Plein";"";"";"";"Nee";"";0;"";"POINT(4.8607685,52.379094)";"POINT(52.379094,4.8607685)";4.8607685;52.379094;
790;"Tafeltennistafel Robert Scottplein";"Tafeltennis";"Plein";"";"";"";"Nee";"";0;"";"POINT(4.8452734,52.3735617)";"POINT(52.3735617,4.8452734)";4.8452734;52.3735617;
791;"Tafeltennistafel Wachterliedplantsoen";"Tafeltennis";"Plein";"";"";"";"Nee";"";0;"";"POINT(4.854134,52.3769031)";"POINT(52.3769031,4.854134)";4.854134;52.3769031;
792;"Tafeltennistafel 1 Wiltzanghlaan 42";"Tafeltennis";"Plein";"";"";"";"Nee";"";0;"";"POINT(4.8477005,52.3823878)";"POINT(52.3823878,4.8477005)";4.8477005;52.3823878;
793;"Tafeltennistafel 2 Wiltzanghlaan 42";"Tafeltennis";"Plein";"";"";"";"Nee";"";0;"";"POINT(4.8477059,52.3823501)";"POINT(52.3823501,4.8477059)";4.8477059;52.3823501;
794;"Tafeltennistafel Natuurspeeltuin Plan West";"Tafeltennis";"Speeltuin";"";"";"";"Nee";"Van Speijkstraat";0;"";"POINT(4.8601674,52.3673128)";"POINT(52.3673128,4.8601674)";4.8601674;52.3673128;
795;"Tafeltennistafel Postjeskade";"Tafeltennis";"Plein";"";"";"";"Nee";"";0;"";"POINT(4.8495195,52.3599436)";"POINT(52.3599436,4.8495195)";4.8495195;52.3599436;
796;"Tafeltennistafel Da Costaplein";"Tafeltennis";"Plein";"";"";"";"Nee";"";0;"";"POINT(4.8734323,52.37063)";"POINT(52.37063,4.8734323)";4.8734323;52.37063;
797;"Tafeltennistafel Joos Banckersplantsoen";"Tafeltennis";"Plein";"";"";"";"Nee";"";0;"";"POINT(4.8563523,52.3760452)";"POINT(52.3760452,4.8563523)";4.8563523;52.3760452;
798;"Tafeltennistafel Van Beuningenplein";"Tafeltennis";"Plein";"";"";"";"Nee";"";0;"";"POINT(4.8704668,52.3813318)";"POINT(52.3813318,4.8704668)";4.8704668;52.3813318;
799;"Voetbalveld Cornelis Outshoornstraat";"Voetbal";"Plein";"Ballenvangers";"";"";"Nee";"";400;"";"POINT(4.8013574,52.3818651)";"POINT(52.3818651,4.8013574)";4.8013574;52.3818651;
800;"Voetbalveld Abraham Kuyperplein";"Voetbal";"";"";"";"";"Nee";"";216;"";"POINT(4.8021368,52.3831113)";"POINT(52.3831113,4.8021368)";4.8021368;52.3831113;
801;"Tafeltennistafel Abraham Kuyperplein";"Tafeltennis";"";"";"";"";"Nee";"";0;"";"POINT(4.8021355,52.3829701)";"POINT(52.3829701,4.8021355)";4.8021355;52.3829701;
802;"Combiveld Dolhaantjesstraat";"Voetbal";"Stoep";"Ballenvangers";"";"";"Nee";"";0;"";"POINT(4.8077391,52.3833102)";"POINT(52.3833102,4.8077391)";4.8077391;52.3833102;
803;"Pannadoeltjes";"Voetbal";"";"";"";"";"Nee";"";50;"";"POINT(4.8044588,52.3815338)";"POINT(52.3815338,4.8044588)";4.8044588;52.3815338;
804;"Pannaveldje Timotheusschool";"Voetbal";"Schoolplein";"";"";"";"Nee";"";27;"";"POINT(4.8058961,52.3795071)";"POINT(52.3795071,4.8058961)";4.8058961;52.3795071;
805;"Tafeltennistafel Paul Scholtenstraat";"Tafeltennis";"Plantsoen";"";"";"";"Nee";"";0;"";"POINT(4.8166913,52.3829687)";"POINT(52.3829687,4.8166913)";4.8166913;52.3829687;
806;"Pannaveldje Adèle Opzoomerstraat";"Voetbal";"";"";"";"";"Nee";"";50;"";"POINT(4.8161995,52.3775194)";"POINT(52.3775194,4.8161995)";4.8161995;52.3775194;
807;"Pannaveldje Ellert Vlieropstraat";"Voetbal";"Plein";"";"";"";"Nee";"";25;"";"POINT(4.8043933,52.3756053)";"POINT(52.3756053,4.8043933)";4.8043933;52.3756053;
808;"Tafeltennistafel Escorialplein";"Tafeltennis";"Plein";"";"";"";"Nee";"";0;"";"POINT(4.8314337,52.3690858)";"POINT(52.3690858,4.8314337)";4.8314337;52.3690858;
809;"Pannaveldje Sonderbuur";"Voetbal";"Plein";"Hekwerk laag";"";"";"Nee";"";80;"";"POINT(4.7984853,52.3635107)";"POINT(52.3635107,4.7984853)";4.7984853;52.3635107;
810;"Combiveld Noorderakerweg";"Voetbal";"Plein";"Ballenvangers";"Beton";"Nee";"Nee";"";500;"";"POINT(4.7828225,52.354826)";"POINT(52.354826,4.7828225)";4.7828225;52.354826;
811;"Tafeltennistafel Noorderakerweg";"Tafeltennis";"Plein";"";"";"";"Nee";"";0;"";"POINT(4.7823095,52.3550457)";"POINT(52.3550457,4.7823095)";4.7823095;52.3550457;
812;"Tafeltennistafel Langswater";"Tafeltennis";"Plein";"";"";"";"Nee";"";0;"";"POINT(4.7903282,52.3552686)";"POINT(52.3552686,4.7903282)";4.7903282;52.3552686;
813;"Tafeltennistafel Viveportenstraat/Steelvlietplein";"Tafeltennis";"Plantsoen";"";"";"";"Nee";"";0;"";"POINT(4.7934337,52.361122)";"POINT(52.361122,4.7934337)";4.7934337;52.361122;
814;"Tafeltennistafel 2 Viveportenstraat";"Tafeltennis";"Plantsoen";"";"";"";"Nee";"";0;"";"POINT(4.7929233,52.3609631)";"POINT(52.3609631,4.7929233)";4.7929233;52.3609631;
815;"Tafeltennistafel Grasrijk";"Tafeltennis";"Plantsoen";"";"";"";"Nee";"";0;"";"POINT(4.7966884,52.3640782)";"POINT(52.3640782,4.7966884)";4.7966884;52.3640782;
816;"Voetbalveld Reimerswaalstraat";"Voetbal";"Plantsoen";"Hekwerk";"";"";"Nee";"";100;"";"POINT(4.7948486,52.3617223)";"POINT(52.3617223,4.7948486)";4.7948486;52.3617223;
817;"Tafeltennistafel Dokter Meurerlaan";"Tafeltennis";"Sportpark";"";"";"";"Nee";"";0;"";"POINT(4.8053975,52.3679334)";"POINT(52.3679334,4.8053975)";4.8053975;52.3679334;
818;"Basketbalveld Ookmeer";"Basketbal";"Sportpark";"";"";"";"Nee";"";0;"";"POINT(4.8051203,52.3680081)";"POINT(52.3680081,4.8051203)";4.8051203;52.3680081;
820;"Voetbalveld Gerbrandypark";"Voetbal";"Park";"Hekwerk";"";"";"Nee";"";1160;"";"POINT(4.8344594,52.3773672)";"POINT(52.3773672,4.8344594)";4.8344594;52.3773672;
821;"Volleybalnet";"Overig";"Plantsoen";"";"";"";"Nee";"";0;"";"POINT(4.8457213,52.376088)";"POINT(52.376088,4.8457213)";4.8457213;52.376088;
822;"Voetbaldoeltjes Zorgzaam";"Voetbal";"";"";"Gras";"";"Nee";"";0;"";"POINT(4.8089068,52.3548211)";"POINT(52.3548211,4.8089068)";4.8089068;52.3548211;
823;"Jeu de boules Stadstuin Bos en Lommer";"Jeu de boules";"Plantsoen";"";"";"";"Nee";"";0;"";"POINT(4.8457938,52.3757596)";"POINT(52.3757596,4.8457938)";4.8457938;52.3757596;
824;"Cruijff Court Sportpark Friendship";"Voetbal";"Sportpark";"Ballenvangers";"";"";"Nee";"";1000;"";"POINT(4.9597509,52.3990309)";"POINT(52.3990309,4.9597509)";4.9597509;52.3990309;
825;"Tafeltennistafel Nicolaas Beetsplantsoen";"Tafeltennis";"";"";"";"";"Nee";"";0;"Tafeltennistafel_Nicolaas_Beetsplantsoen.jpg";"POINT(4.8655982,52.3640694)";"POINT(52.3640694,4.8655982)";4.8655982;52.3640694;
826;"Tafeltennistafel Jan de Louterstraat";"Tafeltennis";"Schoolplein";"Hekwerk";"";"";"Nee";"";0;"";"POINT(4.8179351,52.3793567)";"POINT(52.3793567,4.8179351)";4.8179351;52.3793567;
827;"Maria Snelplantsoen";"Voetbal";"Plantsoen";"Ballenvangers";"Asfalt";"";"Nee";"Combiveld basketbal";0;"";"POINT(4.9952782,52.2972781)";"POINT(52.2972781,4.9952782)";4.9952782;52.2972781;
828;"Pannaveldje Kelbergenpad";"Voetbal";"Plantsoen";"Hekwerk laag";"Stoeptegels";"Nee";"Nee";"";70;"";"POINT(4.9816822,52.2949284)";"POINT(52.2949284,4.9816822)";4.9816822;52.2949284;
829;"Voetbalveldjes Reigersbos";"Voetbal";"Plein";"";"Beton";"";"Nee";"";600;"";"POINT(4.9769127,52.2939155)";"POINT(52.2939155,4.9769127)";4.9769127;52.2939155;
830;"Combiveld Kraaiennest";"Basketbal";"Plantsoen";"";"";"";"Nee";"Combiveld basketbal/voetbal";0;"";"POINT(4.9796894,52.3181704)";"POINT(52.3181704,4.9796894)";4.9796894;52.3181704;
831;"Fitnesstoestellen Abcouderpad";"Fitness / Bootcamp";"Plantsoen";"";"";"";"Nee";"";0;"";"POINT(4.9458727,52.3215766)";"POINT(52.3215766,4.9458727)";4.9458727;52.3215766;
832;"Tennisveld Raphael Lemkinstraat";"Tennis";"Plantsoen";"Ballenvangers";"";"";"Nee";"";700;"";"POINT(4.9589833,52.3207588)";"POINT(52.3207588,4.9589833)";4.9589833;52.3207588;
833;"Tafeltennistafel Dr. H. Colijnstraat";"Tafeltennis";"Schoolplein";"";"";"";"Nee";"";0;"";"POINT(4.8063768,52.3751125)";"POINT(52.3751125,4.8063768)";4.8063768;52.3751125;
834;"Tafeltennistafel 2 Lodewijk van Deysselstraat";"Tafeltennis";"Plantsoen";"";"";"";"Nee";"";0;"";"POINT(4.8071517,52.3778264)";"POINT(52.3778264,4.8071517)";4.8071517;52.3778264;
835;"Tafeltennistafel Michel de Klerkhof";"Tafeltennis";"Sportveld";"";"";"";"Nee";"";0;"";"POINT(4.7971998,52.3765483)";"POINT(52.3765483,4.7971998)";4.7971998;52.3765483;
836;"Tafeltennistafel Iwan Kantemanplein";"Tafeltennis";"Schoolplein";"";"";"";"Nee";"";0;"";"POINT(4.788194,52.3505064)";"POINT(52.3505064,4.788194)";4.788194;52.3505064;
837;"Basketbalpaal Iwan Kantemanplein";"Basketbal";"Schoolplein";"";"";"";"Nee";"";50;"";"POINT(4.7883817,52.3506194)";"POINT(52.3506194,4.7883817)";4.7883817;52.3506194;
838;"Pannaveldje Iwan Kantemanplein";"Voetbal";"Schoolplein";"";"";"";"Nee";"";160;"";"POINT(4.7882289,52.3506038)";"POINT(52.3506038,4.7882289)";4.7882289;52.3506038;
840;"Tafeltennistafel Iseoplantsoen";"Tafeltennis";"";"";"";"";"Nee";"";0;"";"POINT(4.7798258,52.3484353)";"POINT(52.3484353,4.7798258)";4.7798258;52.3484353;
842;"Tafeltennistafel Marie van Westerhovenstraat";"Tafeltennis";"Schoolplein";"";"";"";"Nee";"";0;"";"POINT(4.8251905,52.3531549)";"POINT(52.3531549,4.8251905)";4.8251905;52.3531549;
843;"Tafeltennistafel Funke Küpperstraat/Buziaustraat";"Tafeltennis";"Speeltuin";"";"";"";"Nee";"";0;"";"POINT(4.8124215,52.3525264)";"POINT(52.3525264,4.8124215)";4.8124215;52.3525264;
844;"Basketbalveld Carolina MacGillavrylaan";"Basketbal";"Plein";"";"";"";"Nee";"";140;"";"POINT(4.9485837,52.3554674)";"POINT(52.3554674,4.9485837)";4.9485837;52.3554674;
845;"Tafeltennistafel 3 Sarphatipark";"Tafeltennis";"Park";"";"";"";"Nee";"";0;"Tafeltennistafels Sarphatipark.JPG";"POINT(4.898177,52.3542804)";"POINT(52.3542804,4.898177)";4.898177;52.3542804;
846;"Tafeltennistafel 2 Sarphatipark";"Tafeltennis";"Park";"";"";"";"Nee";"";0;"Tafeltennistafels Sarphatipark.JPG";"POINT(4.8982011,52.354264)";"POINT(52.354264,4.8982011)";4.8982011;52.354264;
847;"Pannaveldje Sarphatipark";"Voetbal";"Park";"";"";"";"Nee";"";100;"Pannaveldje Sarphatipark.JPG";"POINT(4.8983808,52.3543066)";"POINT(52.3543066,4.8983808)";4.8983808;52.3543066;
848;"Voetbalveld Buiksloterweg";"Voetbal";"Park";"Ballenvangers";"";"";"Nee";"";1160;"";"POINT(4.910934,52.3865056)";"POINT(52.3865056,4.910934)";4.910934;52.3865056;
849;"Tafeltennistafel President Kennedylaan";"Tafeltennis";"";"";"";"";"Nee";"";0;"";"POINT(4.9051873,52.3398451)";"POINT(52.3398451,4.9051873)";4.9051873;52.3398451;
850;"Jeu de boules Merwedeplein";"Jeu de boules";"";"";"";"";"Nee";"";0;"";"POINT(4.9007023,52.3455005)";"POINT(52.3455005,4.9007023)";4.9007023;52.3455005;
851;"Jeu de boules Schinkelhavenkade";"Jeu de boules";"Plantsoen";"";"";"";"Nee";"";0;"";"POINT(4.8540868,52.354893)";"POINT(52.354893,4.8540868)";4.8540868;52.354893;
852;"Jeu de boules Krugerplein";"Jeu de boules";"";"";"";"";"Nee";"";0;"";"POINT(4.9196478,52.3538157)";"POINT(52.3538157,4.9196478)";4.9196478;52.3538157;
853;"Jeu de boules Ekingenstraat";"Jeu de boules";"Plein";"";"";"";"Nee";"";40;"";"POINT(4.7978864,52.3552792)";"POINT(52.3552792,4.7978864)";4.7978864;52.3552792;
854;"Jeu de boules Marie van Westerhovenstraat";"Jeu de boules";"Speeltuin";"";"";"";"Nee";"";40;"";"POINT(4.8246668,52.353092)";"POINT(52.353092,4.8246668)";4.8246668;52.353092;
855;"Jeu de boules Spyridon Louisweg";"Jeu de boules";"";"";"";"";"Nee";"4 banen ";340;"";"POINT(4.9183341,52.4046461)";"POINT(52.4046461,4.9183341)";4.9183341;52.4046461;
856;"Jeu de boules Grote Ruwenberg";"Jeu de boules";"Plantsoen";"";"";"";"Nee";"";40;"";"POINT(4.8843447,52.3256529)";"POINT(52.3256529,4.8843447)";4.8843447;52.3256529;
857;"Jeu de boules Holtmeulen";"Jeu de boules";"Plantsoen";"";"";"";"Nee";"";80;"";"POINT(4.8815385,52.3245656)";"POINT(52.3245656,4.8815385)";4.8815385;52.3245656;
858;"Jeu de boules Siebren van der Baanhof";"Jeu de boules";"Plantsoen";"";"";"";"Nee";"";70;"";"POINT(4.9896621,52.2972576)";"POINT(52.2972576,4.9896621)";4.9896621;52.2972576;
859;"Jeu de boules Noorderpark";"Jeu de boules";"";"";"";"";"Nee";"";0;"";"POINT(4.9203548,52.3950399)";"POINT(52.3950399,4.9203548)";4.9203548;52.3950399;
860;"Tafeltennistafel Monnikendammerplantsoen";"Tafeltennis";"Speeltuin";"";"";"";"Nee";"";0;"";"POINT(4.9501826,52.3890055)";"POINT(52.3890055,4.9501826)";4.9501826;52.3890055;
861;"Jeu de boules Vondelpark";"Jeu de boules";"Park";"";"";"";"Nee";"";0;"";"POINT(4.8723922,52.35894)";"POINT(52.35894,4.8723922)";4.8723922;52.35894;
862;"Calisthenics/bootcamprek";"Fitness / Bootcamp";"Park";"";"";"";"Nee";"";0;"";"POINT(4.9192927,52.3986888)";"POINT(52.3986888,4.9192927)";4.9192927;52.3986888;
863;"Basketbalveld Darlingstraat";"Basketbal";"Plantsoen";"Geen";"Asfalt";"";"Nee";"";327;"";"POINT(4.9571531,52.3219076)";"POINT(52.3219076,4.9571531)";4.9571531;52.3219076;
864;"Voetbalveld Darlingstraat";"Voetbal";"";"";"Asfalt";"";"Nee";"";330;"";"POINT(4.9572684,52.3218953)";"POINT(52.3218953,4.9572684)";4.9572684;52.3218953;
865;"Tafeltennistafel Nolensstraat";"Tafeltennis";"Plein";"";"";"";"Nee";"";0;"";"POINT(4.8014177,52.3765658)";"POINT(52.3765658,4.8014177)";4.8014177;52.3765658;
866;"Pannaveldje Spinozastraat";"Voetbal";"Speeltuin";"";"";"";"Nee";"";60;"";"POINT(4.9101173,52.3608906)";"POINT(52.3608906,4.9101173)";4.9101173;52.3608906;
867;"Basketbalpaal Noordermarkt";"Basketbal";"";"";"";"";"Nee";"";0;"";"POINT(4.8870338,52.3796599)";"POINT(52.3796599,4.8870338)";4.8870338;52.3796599;
868;"Basketbalpaal Herenmarkt";"Basketbal";"";"";"";"";"Nee";"";0;"";"POINT(4.8914977,52.3796487)";"POINT(52.3796487,4.8914977)";4.8914977;52.3796487;
869;"Fitnesstoestellen Marineterrein";"Fitness / Bootcamp";"Plantsoen";"";"Onverhard";"";"Nee";"";230;"Fitnesstoestellen Marineterrein.JPG";"POINT(4.9140927,52.3747999)";"POINT(52.3747999,4.9140927)";4.9140927;52.3747999;
870;"Fitnesstoestellen Parlevinker";"Fitness / Bootcamp";"Plein";"";"Valdempend materiaal";"";"Nee";"";100;"Fitnesstoestellen Parlevinker.jpg";"POINT(4.9225611,52.4114619)";"POINT(52.4114619,4.9225611)";4.9225611;52.4114619;
871;"Basketbalveld Hendrik Jonkerplein";"Basketbal";"";"";"";"";"Nee";"Combiveld";0;"";"POINT(4.8882197,52.3837101)";"POINT(52.3837101,4.8882197)";4.8882197;52.3837101;
872;"Voetbalveld Hendrik Jonkerplein";"Voetbal";"Plein";"";"";"";"Nee";"Combiveld";0;"";"POINT(4.8882613,52.3837117)";"POINT(52.3837117,4.8882613)";4.8882613;52.3837117;
873;"Basketbalveld Lepelstraat";"Basketbal";"";"";"";"";"Nee";"";200;"";"POINT(4.9060421,52.3628911)";"POINT(52.3628911,4.9060421)";4.9060421;52.3628911;
874;"Basketbalveld Schiemanstraat";"Basketbal";"Stoep";"Hekwerk laag";"";"";"Nee";"";265;"";"POINT(4.8836415,52.3860115)";"POINT(52.3860115,4.8836415)";4.8836415;52.3860115;
875;"Basketbalpaal Wilhelmina Blombergplein";"Basketbal";"Plein";"";"";"";"Nee";"";0;"";"POINT(4.922965,52.3650657)";"POINT(52.3650657,4.922965)";4.922965;52.3650657;
876;"Basketbalveld Funenpark";"Basketbal";"";"";"";"";"Nee";"";284;"";"POINT(4.9286223,52.3680621)";"POINT(52.3680621,4.9286223)";4.9286223;52.3680621;
877;"Volleybalnet Sloterstrand";"Overig";"";"";"Zand";"";"Nee";"";0;"";"POINT(4.824008,52.3716538)";"POINT(52.3716538,4.824008)";4.824008;52.3716538;
878;"Tafeltennistafel Sam van Houtenstraat";"Tafeltennis";"Schoolplein";"";"";"";"Nee";"";0;"";"POINT(4.8057214,52.3797055)";"POINT(52.3797055,4.8057214)";4.8057214;52.3797055;
879;"Tafeltennistafel Jan de Greefstraat";"Tafeltennis";"Speeltuin";"";"";"";"Nee";"";0;"";"POINT(4.8016131,52.3811747)";"POINT(52.3811747,4.8016131)";4.8016131;52.3811747;
880;"Tafeltennistafel Piet Wiedijkstraat";"Tafeltennis";"Park";"";"";"";"Nee";"";0;"";"POINT(4.817738,52.3545129)";"POINT(52.3545129,4.817738)";4.817738;52.3545129;
881;"Tafeltennistafel Stoel en Spreehof";"Tafeltennis";"Plein";"";"";"";"Nee";"";0;"";"POINT(4.8155122,52.3532702)";"POINT(52.3532702,4.8155122)";4.8155122;52.3532702;
882;"Tafeltennistafel Theo Thijssenhof";"Tafeltennis";"Speeltuin";"";"";"";"Nee";"";0;"";"POINT(4.8066584,52.3515869)";"POINT(52.3515869,4.8066584)";4.8066584;52.3515869;
883;"Tafeltennistafel Schoonboomstraat";"Tafeltennis";"Plantsoen";"";"";"";"Nee";"";0;"";"POINT(4.7918353,52.3631073)";"POINT(52.3631073,4.7918353)";4.7918353;52.3631073;
884;"Tafeltennistafel Simonskerkestraat";"Tafeltennis";"Schoolplein";"";"";"";"Nee";"";0;"";"POINT(4.7937545,52.355375)";"POINT(52.355375,4.7937545)";4.7937545;52.355375;
885;"Tafeltennistafel 2 Simonskerkestraat";"Tafeltennis";"Schoolplein";"";"";"";"Nee";"";0;"";"POINT(4.7939517,52.355412)";"POINT(52.355412,4.7939517)";4.7939517;52.355412;
886;"Evertsweertplantsoen";"Basketbal";"Schoolplein";"Ballenvangers";"";"";"Nee";"Combiveld voetbal-basketbal";0;"";"POINT(4.7937214,52.3555539)";"POINT(52.3555539,4.7937214)";4.7937214;52.3555539;
887;"Pannaveldje";"Voetbal";"Schoolplein";"Ballenvangers";"";"";"Nee";"";50;"";"POINT(4.793016,52.3554614)";"POINT(52.3554614,4.793016)";4.793016;52.3554614;
888;"Pannaveldje Noorderakerweg";"Voetbal";"Schoolplein";"Hekwerk laag";"";"";"Nee";"";80;"";"POINT(4.7814082,52.3552115)";"POINT(52.3552115,4.7814082)";4.7814082;52.3552115;
889;"Tafeltennistafel Kwelderweg";"Tafeltennis";"Speeltuin";"";"";"";"Nee";"";0;"";"POINT(4.783722,52.3552308)";"POINT(52.3552308,4.783722)";4.783722;52.3552308;
890;"Tafeltennistafel 2 Kwelderweg";"Tafeltennis";"Speeltuin";"";"";"";"Nee";"Rond";0;"";"POINT(4.7837596,52.3551743)";"POINT(52.3551743,4.7837596)";4.7837596;52.3551743;
891;"Tafeltennistafel Stormvloedkeringstraat";"Tafeltennis";"Plantsoen";"";"";"";"Nee";"";0;"";"POINT(4.7829002,52.3582319)";"POINT(52.3582319,4.7829002)";4.7829002;52.3582319;
892;"Pannaveldje";"Voetbal";"Plantsoen";"";"";"";"Nee";"";25;"";"POINT(4.7828787,52.3583191)";"POINT(52.3583191,4.7828787)";4.7828787;52.3583191;
893;"Tafeltennistafel Everard van Reijdhof";"Tafeltennis";"Plantsoen";"";"";"";"Nee";"";0;"";"POINT(4.824415,52.3597716)";"POINT(52.3597716,4.824415)";4.824415;52.3597716;
894;"Tennisveld Marie van Westerhovenstraat";"Tennis";"Speeltuin";"";"";"";"Nee";"";70;"";"POINT(4.8250383,52.3529845)";"POINT(52.3529845,4.8250383)";4.8250383;52.3529845;
895;"Tafeltennistafel Wessel Ilckenstraat";"Tafeltennis";"";"";"";"";"Nee";"";0;"";"POINT(4.8230876,52.3433235)";"POINT(52.3433235,4.8230876)";4.8230876;52.3433235;
896;"Tafeltennistafel Mondriaanplein/Hart Nibbrigstraat";"Tafeltennis";"Plantsoen";"";"";"";"Nee";"";0;"";"POINT(4.8383026,52.3664941)";"POINT(52.3664941,4.8383026)";4.8383026;52.3664941;
897;"Pannaveldjes 3x Mondriaanplein";"Voetbal";"";"";"";"";"Nee";"";75;"";"POINT(4.8377098,52.366415)";"POINT(52.366415,4.8377098)";4.8377098;52.366415;
898;"Tafeltennistafel Sloterweg";"Tafeltennis";"Park";"";"";"";"Nee";"Tuinpark Lissabon 1 april tot 1 oktober overdag";0;"";"POINT(4.8135255,52.3414808)";"POINT(52.3414808,4.8135255)";4.8135255;52.3414808;
899;"Tafeltennistafel Liedekerkeplantsoen";"Tafeltennis";"";"";"";"";"Nee";"";0;"";"POINT(4.8069045,52.3438165)";"POINT(52.3438165,4.8069045)";4.8069045;52.3438165;
900;"Freerunning-rekken";"Fitness / Bootcamp";"Stoep";"";"";"";"Ja";"Onder de Utrechtsebrug";0;"";"POINT(4.9087264,52.3392824)";"POINT(52.3392824,4.9087264)";4.9087264;52.3392824;
901;"Calisthenics-toestellen";"Fitness / Bootcamp";"Park";"";"Valdempend materiaal";"";"Nee";"";0;"";"POINT(4.9216597,52.3610133)";"POINT(52.3610133,4.9216597)";4.9216597;52.3610133;
902;"Plantage Muidergracht";"Basketbal";"Plein";"";"Stoeptegels";"";"Nee";"Basketbalpaal";35;"";"POINT(4.9131089,52.364936)";"POINT(52.364936,4.9131089)";4.9131089;52.364936;
903;"Noordzijde";"Voetbal";"Park";"";"Gras";"";"Nee";"";1300;"";"POINT(4.8261295,52.372191)";"POINT(52.372191,4.8261295)";4.8261295;52.372191;
904;"Pannaveldje Henric van Veldekehof";"Voetbal";"Plantsoen";"Hekwerk";"Kunstgras";"";"Nee";"";125;"";"POINT(4.8107261,52.376995)";"POINT(52.376995,4.8107261)";4.8107261;52.376995;
905;"Nicolaas Anslijnstraat";"Voetbal";"Plantsoen";"Hekwerk";"Asfalt";"";"Nee";"";520;"";"POINT(4.8073487,52.3569527)";"POINT(52.3569527,4.8073487)";4.8073487;52.3569527;
906;"Osdorperweg";"Basketbal";"Plantsoen";"";"";"";"Nee";"Basketbalpaal";0;"";"POINT(4.7762206,52.3717709)";"POINT(52.3717709,4.7762206)";4.7762206;52.3717709;
907;"Lederambachtstraat";"Basketbal";"Plein";"";"Asfalt";"";"Nee";"";350;"";"POINT(4.7956173,52.3558919)";"POINT(52.3558919,4.7956173)";4.7956173;52.3558919;
908;"Tafeltennistafel A.A.H. Struijckenkade";"Tafeltennis";"Plein";"";"";"";"Nee";"";0;"";"POINT(4.8126993,52.3816863)";"POINT(52.3816863,4.8126993)";4.8126993;52.3816863;
909;"Tafeltennistafel Zaandammerplein";"Tafeltennis";"Plein";"";"";"";"Nee";"";0;"";"POINT(4.8744559,52.3919772)";"POINT(52.3919772,4.8744559)";4.8744559;52.3919772;
910;"Voetbalveld boven de Spaarndammertunnel";"Voetbal";"Plantsoen";"Hekwerk laag";"Kunstgras";"Nee";"Nee";"";260;"";"POINT(4.877977,52.3925176)";"POINT(52.3925176,4.877977)";4.877977;52.3925176;
911;"Voetbalveld ms. Oslofjordweg";"Voetbal";"Plantsoen";"Hekwerk laag";"Kunstgras";"";"Nee";"";630;"";"POINT(4.8916249,52.403294)";"POINT(52.403294,4.8916249)";4.8916249;52.403294;
912;"Huigenbos";"Voetbal";"Park";"";"";"";"Nee";"";728;"";"POINT(4.9582424,52.3065742)";"POINT(52.3065742,4.9582424)";4.9582424;52.3065742;
913;"Meibergpad";"Voetbal";"Park";"";"";"";"Nee";"Cruyff Court";1170;"";"POINT(4.9664494,52.2994292)";"POINT(52.2994292,4.9664494)";4.9664494;52.2994292;
914;"Tafeltennistafel Holendrechtdreef";"Tafeltennis";"Schoolplein";"";"";"";"Nee";"";0;"";"POINT(4.9655686,52.2996787)";"POINT(52.2996787,4.9655686)";4.9655686;52.2996787;
915;"Holendrechtschool";"Basketbal";"Schoolplein";"";"";"";"Nee";"";300;"";"POINT(4.9658905,52.2990603)";"POINT(52.2990603,4.9658905)";4.9658905;52.2990603;
916;"Combiveld 3e Kekerstraat";"Basketbal";"Sportveld";"Kooi";"";"";"Nee";"Combiveld basketbal, voetbal";600;"";"POINT(4.9801864,52.3122811)";"POINT(52.3122811,4.9801864)";4.9801864;52.3122811;
917;"Combiveld 3e Kekerstraat";"Voetbal";"Sportveld";"Kooi open";"";"";"Nee";"";600;"";"POINT(4.980181,52.3123221)";"POINT(52.3123221,4.980181)";4.980181;52.3123221;
918;"Combiveld Kormelinkweg";"Basketbal";"Plantsoen";"Hekwerk laag";"Kunstgras";"";"Nee";"";550;"";"POINT(4.9715306,52.3158083)";"POINT(52.3158083,4.9715306)";4.9715306;52.3158083;
919;"Combiveld basketball panna";"Voetbal";"Stoep";"Kooi gesloten";"";"";"Nee";"";0;"";"POINT(4.9092635,52.3583049)";"POINT(52.3583049,4.9092635)";4.9092635;52.3583049;
920;"Funenpark";"Voetbal";"Plantsoen";"Geen";"Asfalt";"";"Nee";"";400;"";"POINT(4.9322225,52.3702703)";"POINT(52.3702703,4.9322225)";4.9322225;52.3702703;
921;"Combiveld Borneokade";"Voetbal";"Plein";"";"";"";"Nee";"Combiveld voetbal/basketbal";400;"";"POINT(4.9359788,52.3701255)";"POINT(52.3701255,4.9359788)";4.9359788;52.3701255;

