OBJECTNUMMER;NETTYPE;STATUS;WKT_LNG_LAT;WKT_LAT_LNG;LNG;LAT;
1;"KOUDE WIJK";"IN AANLEG";"POLYGON((4.880939 52.39407,4.880916 52.394016,4.880856 52.393974,4.880724 52.393941,4.880635 52.393955,4.880543 52.394014,4.879619 52.393532,4.87972 52.393486,4.879744 52.393432,4.87972 52.393319,4.879656 52.393279,4.879568 52.393264,4.879474 52.393278,4.87919 52.39348,4.879165 52.393534,4.879188 52.393588,4.879228 52.393617,4.880481 52.394264,4.880569 52.394279,4.880657 52.394265,4.880795 52.394172,4.880849 52.394163,4.880914 52.394124,4.880939 52.39407))";"POLYGON((52.39407 4.880939,52.394016 4.880916,52.393974 4.880856,52.393941 4.880724,52.393955 4.880635,52.394014 4.880543,52.393532 4.879619,52.393486 4.87972,52.393432 4.879744,52.393319 4.87972,52.393279 4.879656,52.393264 4.879568,52.393278 4.879474,52.39348 4.87919,52.393534 4.879165,52.393588 4.879188,52.393617 4.879228,52.394264 4.880481,52.394279 4.880569,52.394265 4.880657,52.394172 4.880795,52.394163 4.880849,52.394124 4.880914,52.39407 4.880939))";4.880057;52.3937645;
2;"KOUDE WIJK";"IN AANLEG";"POLYGON((4.876796 52.336114,4.876773 52.336043,4.876709 52.336003,4.876621 52.335988,4.876385 52.336,4.876129 52.335988,4.87598 52.336014,4.875915 52.336053,4.87589 52.336107,4.875887 52.336493,4.875868 52.336536,4.875891 52.336593,4.875955 52.336633,4.876042 52.336648,4.876225 52.336634,4.876275 52.336604,4.876492 52.336619,4.876586 52.336605,4.876651 52.336566,4.876675 52.336512,4.876652 52.33644,4.876588 52.3364,4.8765 52.336385,4.876386 52.33637,4.876246 52.336384,4.876247 52.336226,4.876575 52.336229,4.876669 52.336215,4.876771 52.336167,4.876796 52.336114))";"POLYGON((52.336114 4.876796,52.336043 4.876773,52.336003 4.876709,52.335988 4.876621,52.336 4.876385,52.335988 4.876129,52.336014 4.87598,52.336053 4.875915,52.336107 4.87589,52.336493 4.875887,52.336536 4.875868,52.336593 4.875891,52.336633 4.875955,52.336648 4.876042,52.336634 4.876225,52.336604 4.876275,52.336619 4.876492,52.336605 4.876586,52.336566 4.876651,52.336512 4.876675,52.33644 4.876652,52.3364 4.876588,52.336385 4.8765,52.33637 4.876386,52.336384 4.876246,52.336226 4.876247,52.336229 4.876575,52.336215 4.876669,52.336167 4.876771,52.336114 4.876796))";4.876337;52.336311;
3;"KOUDE WIJK";"IN AANLEG";"POLYGON((4.885902 52.392993,4.885802 52.392692,4.885516 52.39206,4.885435 52.391995,4.885347 52.391981,4.885259 52.391995,4.885189 52.392036,4.885171 52.392119,4.885445 52.392721,4.885432 52.392792,4.885521 52.392946,4.885499 52.392995,4.88551 52.393037,4.885592 52.393104,4.88568 52.393119,4.885813 52.393086,4.885878 52.393046,4.885902 52.392993))";"POLYGON((52.392993 4.885902,52.392692 4.885802,52.39206 4.885516,52.391995 4.885435,52.391981 4.885347,52.391995 4.885259,52.392036 4.885189,52.392119 4.885171,52.392721 4.885445,52.392792 4.885432,52.392946 4.885521,52.392995 4.885499,52.393037 4.88551,52.393104 4.885592,52.393119 4.88568,52.393086 4.885813,52.393046 4.885878,52.392993 4.885902))";4.8855415;52.392543;
4;"KOUDE WIJK";"IN AANLEG";"POLYGON((4.880182 52.395939,4.880159 52.395885,4.880125 52.395863,4.880173 52.395795,4.88015 52.395741,4.880041 52.395678,4.879911 52.395658,4.879815 52.395672,4.87975 52.395711,4.879725 52.395765,4.879748 52.395819,4.8798 52.395854,4.879758 52.395862,4.879649 52.395838,4.879552 52.395852,4.879487 52.395892,4.879463 52.395945,4.879486 52.395999,4.879554 52.396043,4.879611 52.396113,4.879743 52.396179,4.879831 52.396194,4.879919 52.39618,4.88003 52.39611,4.880158 52.395993,4.880182 52.395939))";"POLYGON((52.395939 4.880182,52.395885 4.880159,52.395863 4.880125,52.395795 4.880173,52.395741 4.88015,52.395678 4.880041,52.395658 4.879911,52.395672 4.879815,52.395711 4.87975,52.395765 4.879725,52.395819 4.879748,52.395854 4.8798,52.395862 4.879758,52.395838 4.879649,52.395852 4.879552,52.395892 4.879487,52.395945 4.879463,52.395999 4.879486,52.396043 4.879554,52.396113 4.879611,52.396179 4.879743,52.396194 4.879831,52.39618 4.879919,52.39611 4.88003,52.395993 4.880158,52.395939 4.880182))";4.8798275;52.395919;
5;"KOUDE WIJK";"IN AANLEG";"POLYGON((4.879725 52.394062,4.879702 52.394008,4.879638 52.393968,4.87942 52.393855,4.879327 52.393838,4.879239 52.393852,4.879154 52.393905,4.87913 52.393959,4.87915 52.394009,4.879093 52.394047,4.879069 52.394101,4.879092 52.394155,4.879156 52.394195,4.879244 52.39421,4.879333 52.394196,4.879406 52.394152,4.879436 52.394171,4.879524 52.394186,4.879613 52.394172,4.879701 52.394116,4.879725 52.394062))";"POLYGON((52.394062 4.879725,52.394008 4.879702,52.393968 4.879638,52.393855 4.87942,52.393838 4.879327,52.393852 4.879239,52.393905 4.879154,52.393959 4.87913,52.394009 4.87915,52.394047 4.879093,52.394101 4.879069,52.394155 4.879092,52.394195 4.879156,52.39421 4.879244,52.394196 4.879333,52.394152 4.879406,52.394171 4.879436,52.394186 4.879524,52.394172 4.879613,52.394116 4.879701,52.394062 4.879725))";4.879402;52.394017;
6;"KOUDE WIJK";"IN AANLEG";"POLYGON((4.877164 52.394096,4.877141 52.394042,4.877073 52.393999,4.876985 52.393984,4.876897 52.393998,4.876702 52.394127,4.876621 52.39414,4.876556 52.394179,4.876528 52.394236,4.876551 52.39429,4.876664 52.394354,4.876752 52.394369,4.87684 52.394355,4.877121 52.394165,4.877164 52.394096))";"POLYGON((52.394096 4.877164,52.394042 4.877141,52.393999 4.877073,52.393984 4.876985,52.393998 4.876897,52.394127 4.876702,52.39414 4.876621,52.394179 4.876556,52.394236 4.876528,52.39429 4.876551,52.394354 4.876664,52.394369 4.876752,52.394355 4.87684,52.394165 4.877121,52.394096 4.877164))";4.876851;52.3941695;
7;"KOUDE WIJK";"IN AANLEG";"POLYGON((4.882476 52.392959,4.882453 52.392905,4.882414 52.392876,4.882249 52.392793,4.882161 52.392778,4.882073 52.392792,4.882008 52.392832,4.88198 52.392888,4.882003 52.392942,4.882207 52.393054,4.882295 52.393069,4.882383 52.393055,4.882448 52.393016,4.882476 52.392959))";"POLYGON((52.392959 4.882476,52.392905 4.882453,52.392876 4.882414,52.392793 4.882249,52.392778 4.882161,52.392792 4.882073,52.392832 4.882008,52.392888 4.88198,52.392942 4.882003,52.393054 4.882207,52.393069 4.882295,52.393055 4.882383,52.393016 4.882448,52.392959 4.882476))";4.882233;52.3929165;
8;"KOUDE WIJK";"IN AANLEG";"POLYGON((4.879247 52.395591,4.879224 52.395537,4.87916 52.395498,4.879072 52.395483,4.878976 52.395497,4.878928 52.395521,4.878877 52.395561,4.878853 52.395615,4.878876 52.395669,4.87894 52.395708,4.879032 52.395725,4.879121 52.395711,4.879168 52.395687,4.879223 52.395645,4.879247 52.395591))";"POLYGON((52.395591 4.879247,52.395537 4.879224,52.395498 4.87916,52.395483 4.879072,52.395497 4.878976,52.395521 4.878928,52.395561 4.878877,52.395615 4.878853,52.395669 4.878876,52.395708 4.87894,52.395725 4.879032,52.395711 4.879121,52.395687 4.879168,52.395645 4.879223,52.395591 4.879247))";4.879055;52.395597;
9;"KOUDE WIJK";"IN AANLEG";"POLYGON((4.879724 52.395523,4.879701 52.395469,4.879637 52.395429,4.879549 52.395414,4.879452 52.395429,4.879405 52.395453,4.879351 52.395531,4.879374 52.395585,4.879413 52.395614,4.879541 52.395647,4.879629 52.395633,4.879694 52.395594,4.879724 52.395523))";"POLYGON((52.395523 4.879724,52.395469 4.879701,52.395429 4.879637,52.395414 4.879549,52.395429 4.879452,52.395453 4.879405,52.395531 4.879351,52.395585 4.879374,52.395614 4.879413,52.395647 4.879541,52.395633 4.879629,52.395594 4.879694,52.395523 4.879724))";4.8795425;52.3955235;
10;"KOUDE WIJK";"IN BEDRIJF";"POLYGON((4.880389 52.39575,4.880366 52.395696,4.880329 52.395668,4.879486 52.39521,4.879355 52.395173,4.879277 52.395186,4.879221 52.39513,4.87883 52.394926,4.87887 52.394859,4.878847 52.394805,4.878783 52.394765,4.878682 52.394713,4.87859 52.394696,4.878502 52.39471,4.878461 52.394734,4.878378 52.39469,4.878419 52.394625,4.878396 52.394571,4.878328 52.394529,4.87824 52.394514,4.878114 52.394544,4.878023 52.394507,4.878063 52.39444,4.87804 52.394386,4.877976 52.394346,4.877883 52.394329,4.877795 52.394343,4.877751 52.394367,4.877691 52.394335,4.87772 52.394261,4.877697 52.394207,4.877633 52.394167,4.877545 52.394152,4.877452 52.394165,4.877411 52.39419,4.87722 52.394093,4.877132 52.394078,4.877043 52.394092,4.876878 52.394203,4.876894 52.394162,4.876871 52.394108,4.876819 52.394075,4.876797 52.394014,4.8766 52.393905,4.876417 52.393866,4.876073 52.39388,4.875988 52.393815,4.8759 52.3938,4.875763 52.393815,4.875698 52.393854,4.875674 52.393922,4.875577 52.393937,4.875512 52.393976,4.875465 52.394065,4.875467 52.394112,4.87549 52.394169,4.875544 52.394203,4.875485 52.394238,4.875462 52.39431,4.875483 52.394372,4.875547 52.394411,4.875779 52.394447,4.876153 52.394441,4.876247 52.394427,4.876374 52.394438,4.876491 52.394477,4.876512 52.394489,4.876466 52.394556,4.876489 52.39461,4.876539 52.394644,4.878644 52.395721,4.878732 52.395736,4.878821 52.395722,4.87889 52.395682,4.878952 52.395684,4.878977 52.395768,4.879016 52.395797,4.87913 52.395854,4.879187 52.395864,4.879293 52.395938,4.879421 52.395963,4.879432 52.395989,4.879496 52.396028,4.879638 52.396054,4.879735 52.39604,4.8798 52.396,4.879824 52.395947,4.879813 52.395921,4.879864 52.395867,4.879997 52.395859,4.880062 52.39582,4.880208 52.39586,4.880297 52.395845,4.880361 52.395806,4.880389 52.39575),(4.878709 52.395294,4.878624 52.395265,4.878509 52.395199,4.878421 52.395184,4.878308 52.395202,4.878189 52.395139,4.878275 52.395074,4.878299 52.395021,4.878383 52.395035,4.878461 52.395022,4.878827 52.395213,4.878709 52.395294),(4.877997 52.394905,4.87783 52.395016,4.87774 52.39497,4.877792 52.394937,4.877816 52.394884,4.877793 52.39483,4.877619 52.394697,4.877538 52.394657,4.877483 52.394647,4.877456 52.394591,4.877378 52.394541,4.877265 52.394516,4.877197 52.394526,4.877101 52.394492,4.877038 52.39444,4.877119 52.394427,4.877196 52.394366,4.877518 52.394533,4.877505 52.394561,4.877528 52.394616,4.877682 52.394693,4.8777 52.394736,4.87778 52.394784,4.877868 52.394799,4.877982 52.394772,4.878058 52.394812,4.878045 52.394842,4.878067 52.394894,4.877997 52.394905))";"POLYGON((52.39575 4.880389,52.395696 4.880366,52.395668 4.880329,52.39521 4.879486,52.395173 4.879355,52.395186 4.879277,52.39513 4.879221,52.394926 4.87883,52.394859 4.87887,52.394805 4.878847,52.394765 4.878783,52.394713 4.878682,52.394696 4.87859,52.39471 4.878502,52.394734 4.878461,52.39469 4.878378,52.394625 4.878419,52.394571 4.878396,52.394529 4.878328,52.394514 4.87824,52.394544 4.878114,52.394507 4.878023,52.39444 4.878063,52.394386 4.87804,52.394346 4.877976,52.394329 4.877883,52.394343 4.877795,52.394367 4.877751,52.394335 4.877691,52.394261 4.87772,52.394207 4.877697,52.394167 4.877633,52.394152 4.877545,52.394165 4.877452,52.39419 4.877411,52.394093 4.87722,52.394078 4.877132,52.394092 4.877043,52.394203 4.876878,52.394162 4.876894,52.394108 4.876871,52.394075 4.876819,52.394014 4.876797,52.393905 4.8766,52.393866 4.876417,52.39388 4.876073,52.393815 4.875988,52.3938 4.8759,52.393815 4.875763,52.393854 4.875698,52.393922 4.875674,52.393937 4.875577,52.393976 4.875512,52.394065 4.875465,52.394112 4.875467,52.394169 4.87549,52.394203 4.875544,52.394238 4.875485,52.39431 4.875462,52.394372 4.875483,52.394411 4.875547,52.394447 4.875779,52.394441 4.876153,52.394427 4.876247,52.394438 4.876374,52.394477 4.876491,52.394489 4.876512,52.394556 4.876466,52.39461 4.876489,52.394644 4.876539,52.395721 4.878644,52.395736 4.878732,52.395722 4.878821,52.395682 4.87889,52.395684 4.878952,52.395768 4.878977,52.395797 4.879016,52.395854 4.87913,52.395864 4.879187,52.395938 4.879293,52.395963 4.879421,52.395989 4.879432,52.396028 4.879496,52.396054 4.879638,52.39604 4.879735,52.396 4.8798,52.395947 4.879824,52.395921 4.879813,52.395867 4.879864,52.395859 4.879997,52.39582 4.880062,52.39586 4.880208,52.395845 4.880297,52.395806 4.880361,52.39575 4.880389),(52.395294 4.878709,52.395265 4.878624,52.395199 4.878509,52.395184 4.878421,52.395202 4.878308,52.395139 4.878189,52.395074 4.878275,52.395021 4.878299,52.395035 4.878383,52.395022 4.878461,52.395213 4.878827,52.395294 4.878709),(52.394905 4.877997,52.395016 4.87783,52.39497 4.87774,52.394937 4.877792,52.394884 4.877816,52.39483 4.877793,52.394697 4.877619,52.394657 4.877538,52.394647 4.877483,52.394591 4.877456,52.394541 4.877378,52.394516 4.877265,52.394526 4.877197,52.394492 4.877101,52.39444 4.877038,52.394427 4.877119,52.394366 4.877196,52.394533 4.877518,52.394561 4.877505,52.394616 4.877528,52.394693 4.877682,52.394736 4.8777,52.394784 4.87778,52.394799 4.877868,52.394772 4.877982,52.394812 4.878058,52.394842 4.878045,52.394894 4.878067,52.394905 4.877997))";4.8779305;52.39492;
11;"KOUDE WIJK";"IN BEDRIJF";"POLYGON((4.876131 52.335861,4.876108 52.335803,4.876044 52.335763,4.875968 52.33575,4.875989 52.335587,4.875966 52.335533,4.875902 52.335493,4.875814 52.335479,4.87572 52.335493,4.875655 52.335532,4.87561 52.335651,4.875416 52.33565,4.875394 52.33554,4.87533 52.3355,4.87519 52.335476,4.875096 52.33549,4.875031 52.335529,4.875007 52.335583,4.875023 52.33583,4.875045 52.335885,4.875109 52.335925,4.875278 52.335951,4.875366 52.335937,4.875431 52.335897,4.875443 52.33587,4.875526 52.33587,4.875544 52.335912,4.875608 52.335952,4.875696 52.335967,4.875954 52.335968,4.876042 52.335954,4.876107 52.335914,4.876131 52.335861))";"POLYGON((52.335861 4.876131,52.335803 4.876108,52.335763 4.876044,52.33575 4.875968,52.335587 4.875989,52.335533 4.875966,52.335493 4.875902,52.335479 4.875814,52.335493 4.87572,52.335532 4.875655,52.335651 4.87561,52.33565 4.875416,52.33554 4.875394,52.3355 4.87533,52.335476 4.87519,52.33549 4.875096,52.335529 4.875031,52.335583 4.875007,52.33583 4.875023,52.335885 4.875045,52.335925 4.875109,52.335951 4.875278,52.335937 4.875366,52.335897 4.875431,52.33587 4.875443,52.33587 4.875526,52.335912 4.875544,52.335952 4.875608,52.335967 4.875696,52.335968 4.875954,52.335954 4.876042,52.335914 4.876107,52.335861 4.876131))";4.875574;52.335715;
12;"KOUDE WIJK";"IN BEDRIJF";"POLYGON((4.918308 52.343876,4.918285 52.343822,4.918193 52.343774,4.917838 52.3437,4.917724 52.34373,4.917332 52.343641,4.917227 52.343563,4.917168 52.343547,4.917107 52.343541,4.917019 52.343555,4.916954 52.343594,4.916873 52.343722,4.916811 52.343751,4.91624 52.343621,4.916228 52.343591,4.916178 52.34356,4.916297 52.343346,4.916235 52.343209,4.916193 52.343171,4.916267 52.343032,4.916244 52.342978,4.91618 52.342938,4.916087 52.342922,4.915998 52.342936,4.915934 52.342975,4.915802 52.343186,4.915791 52.343223,4.915814 52.343277,4.91593 52.343345,4.915841 52.343491,4.915614 52.34345,4.915526 52.343464,4.915427 52.343482,4.915362 52.343521,4.915334 52.343579,4.915357 52.343633,4.915447 52.34368,4.915595 52.343708,4.915675 52.343695,4.915773 52.343758,4.916838 52.34399,4.916808 52.344067,4.91638 52.343979,4.916292 52.343993,4.916227 52.344032,4.915757 52.344781,4.91578 52.344835,4.915844 52.344875,4.916598 52.34505,4.916834 52.344993,4.916965 52.345012,4.917054 52.344998,4.917119 52.344959,4.917168 52.344865,4.917145 52.344811,4.917081 52.344771,4.916864 52.344719,4.916803 52.344712,4.916715 52.344726,4.916629 52.344796,4.916547 52.344807,4.916174 52.344717,4.916485 52.344232,4.916602 52.344257,4.916589 52.344286,4.916612 52.34434,4.91672 52.344397,4.916809 52.34441,4.916898 52.344396,4.916975 52.34434,4.917622 52.344483,4.917691 52.344534,4.917831 52.344567,4.917898 52.344576,4.917986 52.344562,4.918051 52.344522,4.918079 52.344462,4.918056 52.344408,4.918008 52.344378,4.918308 52.343876),(4.917689 52.344262,4.917148 52.344142,4.917237 52.343963,4.917214 52.343909,4.917163 52.343873,4.917184 52.343838,4.917744 52.343966,4.91787 52.343969,4.917689 52.344262))";"POLYGON((52.343876 4.918308,52.343822 4.918285,52.343774 4.918193,52.3437 4.917838,52.34373 4.917724,52.343641 4.917332,52.343563 4.917227,52.343547 4.917168,52.343541 4.917107,52.343555 4.917019,52.343594 4.916954,52.343722 4.916873,52.343751 4.916811,52.343621 4.91624,52.343591 4.916228,52.34356 4.916178,52.343346 4.916297,52.343209 4.916235,52.343171 4.916193,52.343032 4.916267,52.342978 4.916244,52.342938 4.91618,52.342922 4.916087,52.342936 4.915998,52.342975 4.915934,52.343186 4.915802,52.343223 4.915791,52.343277 4.915814,52.343345 4.91593,52.343491 4.915841,52.34345 4.915614,52.343464 4.915526,52.343482 4.915427,52.343521 4.915362,52.343579 4.915334,52.343633 4.915357,52.34368 4.915447,52.343708 4.915595,52.343695 4.915675,52.343758 4.915773,52.34399 4.916838,52.344067 4.916808,52.343979 4.91638,52.343993 4.916292,52.344032 4.916227,52.344781 4.915757,52.344835 4.91578,52.344875 4.915844,52.34505 4.916598,52.344993 4.916834,52.345012 4.916965,52.344998 4.917054,52.344959 4.917119,52.344865 4.917168,52.344811 4.917145,52.344771 4.917081,52.344719 4.916864,52.344712 4.916803,52.344726 4.916715,52.344796 4.916629,52.344807 4.916547,52.344717 4.916174,52.344232 4.916485,52.344257 4.916602,52.344286 4.916589,52.34434 4.916612,52.344397 4.91672,52.34441 4.916809,52.344396 4.916898,52.34434 4.916975,52.344483 4.917622,52.344534 4.917691,52.344567 4.917831,52.344576 4.917898,52.344562 4.917986,52.344522 4.918051,52.344462 4.918079,52.344408 4.918056,52.344378 4.918008,52.343876 4.918308),(52.344262 4.917689,52.344142 4.917148,52.343963 4.917237,52.343909 4.917214,52.343873 4.917163,52.343838 4.917184,52.343966 4.917744,52.343969 4.91787,52.344262 4.917689))";4.916826;52.343979;
13;"KOUDE WIJK";"IN BEDRIJF";"POLYGON((4.87596 52.336487,4.875938 52.336382,4.875874 52.336342,4.875668 52.336301,4.87552 52.336315,4.875483 52.336337,4.875304 52.33632,4.875182 52.336337,4.875064 52.33639,4.87504 52.336444,4.875063 52.336525,4.875127 52.336564,4.875258 52.336575,4.875294 52.336598,4.875382 52.336613,4.875509 52.336588,4.875611 52.336612,4.875871 52.33658,4.875936 52.336541,4.87596 52.336487))";"POLYGON((52.336487 4.87596,52.336382 4.875938,52.336342 4.875874,52.336301 4.875668,52.336315 4.87552,52.336337 4.875483,52.33632 4.875304,52.336337 4.875182,52.33639 4.875064,52.336444 4.87504,52.336525 4.875063,52.336564 4.875127,52.336575 4.875258,52.336598 4.875294,52.336613 4.875382,52.336588 4.875509,52.336612 4.875611,52.33658 4.875871,52.336541 4.875936,52.336487 4.87596))";4.875505;52.33645;
14;"KOUDE WIJK";"IN BEDRIJF";"POLYGON((4.914783 52.408962,4.914749 52.408897,4.914436 52.408642,4.914348 52.408627,4.914212 52.408648,4.914179 52.408667,4.914082 52.40868,4.913946 52.40874,4.913803 52.408832,4.913215 52.409109,4.912992 52.409181,4.912921 52.409244,4.912927 52.409314,4.913069 52.409435,4.913159 52.409462,4.913244 52.40946,4.913344 52.409423,4.913458 52.409413,4.914067 52.409139,4.91413 52.409191,4.914085 52.409271,4.913485 52.409566,4.91346 52.40962,4.913496 52.4097,4.9136 52.409756,4.913688 52.409771,4.913776 52.409757,4.913846 52.409716,4.913884 52.409647,4.914089 52.409587,4.914329 52.409459,4.914454 52.409451,4.914523 52.40941,4.914536 52.409381,4.914616 52.409368,4.914708 52.409316,4.914733 52.409262,4.914711 52.409212,4.914749 52.409149,4.914703 52.409061,4.914759 52.409016,4.914783 52.408962))";"POLYGON((52.408962 4.914783,52.408897 4.914749,52.408642 4.914436,52.408627 4.914348,52.408648 4.914212,52.408667 4.914179,52.40868 4.914082,52.40874 4.913946,52.408832 4.913803,52.409109 4.913215,52.409181 4.912992,52.409244 4.912921,52.409314 4.912927,52.409435 4.913069,52.409462 4.913159,52.40946 4.913244,52.409423 4.913344,52.409413 4.913458,52.409139 4.914067,52.409191 4.91413,52.409271 4.914085,52.409566 4.913485,52.40962 4.91346,52.4097 4.913496,52.409756 4.9136,52.409771 4.913688,52.409757 4.913776,52.409716 4.913846,52.409647 4.913884,52.409587 4.914089,52.409459 4.914329,52.409451 4.914454,52.40941 4.914523,52.409381 4.914536,52.409368 4.914616,52.409316 4.914708,52.409262 4.914733,52.409212 4.914711,52.409149 4.914749,52.409061 4.914703,52.409016 4.914759,52.408962 4.914783))";4.913857;52.409192;
15;"KOUDE WIJK";"IN BEDRIJF";"POLYGON((4.886859 52.39315,4.886836 52.393096,4.886772 52.393056,4.88668 52.393039,4.886573 52.393062,4.88655 52.393007,4.886486 52.392967,4.886393 52.392951,4.886268 52.392975,4.886217 52.39295,4.886129 52.392935,4.886041 52.392949,4.885912 52.393032,4.885874 52.393008,4.885786 52.392994,4.885645 52.393016,4.88558 52.393055,4.885533 52.393193,4.885553 52.393255,4.885617 52.393294,4.885799 52.393318,4.885772 52.393378,4.885797 52.393436,4.885861 52.393475,4.885975 52.393486,4.886021 52.393573,4.886068 52.393598,4.886156 52.393613,4.886244 52.393599,4.886313 52.393557,4.886373 52.393511,4.886397 52.393457,4.886374 52.393403,4.886228 52.393306,4.886138 52.393208,4.886149 52.393201,4.886361 52.393286,4.886543 52.393331,4.886631 52.393317,4.886756 52.39326,4.886835 52.393204,4.886859 52.39315))";"POLYGON((52.39315 4.886859,52.393096 4.886836,52.393056 4.886772,52.393039 4.88668,52.393062 4.886573,52.393007 4.88655,52.392967 4.886486,52.392951 4.886393,52.392975 4.886268,52.39295 4.886217,52.392935 4.886129,52.392949 4.886041,52.393032 4.885912,52.393008 4.885874,52.392994 4.885786,52.393016 4.885645,52.393055 4.88558,52.393193 4.885533,52.393255 4.885553,52.393294 4.885617,52.393318 4.885799,52.393378 4.885772,52.393436 4.885797,52.393475 4.885861,52.393486 4.885975,52.393573 4.886021,52.393598 4.886068,52.393613 4.886156,52.393599 4.886244,52.393557 4.886313,52.393511 4.886373,52.393457 4.886397,52.393403 4.886374,52.393306 4.886228,52.393208 4.886138,52.393201 4.886149,52.393286 4.886361,52.393331 4.886543,52.393317 4.886631,52.39326 4.886756,52.393204 4.886835,52.39315 4.886859))";4.886201;52.393267;
16;"KOUDE WIJK";"IN BEDRIJF";"POLYGON((4.880392 52.394444,4.880369 52.39439,4.880218 52.394311,4.880019 52.394154,4.87994 52.394129,4.879772 52.394037,4.879703 52.394024,4.879448 52.393892,4.879439 52.393872,4.879346 52.393825,4.879273 52.393764,4.879191 52.393748,4.87918 52.393723,4.879116 52.393684,4.879024 52.393653,4.878623 52.393438,4.878524 52.393391,4.878451 52.393377,4.878321 52.393308,4.878229 52.393291,4.878174 52.3933,4.878044 52.393271,4.877956 52.393285,4.877891 52.393324,4.877867 52.393378,4.877955 52.393545,4.878063 52.393607,4.878089 52.393646,4.878153 52.393686,4.878618 52.393918,4.878666 52.393928,4.878817 52.394024,4.879411 52.394328,4.879471 52.39434,4.87948 52.394359,4.879656 52.394457,4.87973 52.394471,4.879784 52.3945,4.879497 52.394708,4.877594 52.393716,4.877669 52.393666,4.877694 52.393612,4.877672 52.393511,4.877621 52.393476,4.877509 52.393449,4.877348 52.393369,4.877277 52.39331,4.877251 52.393258,4.877187 52.393218,4.877095 52.393201,4.877006 52.393215,4.876896 52.393294,4.876764 52.39332,4.876653 52.393389,4.876638 52.393463,4.876586 52.393502,4.876556 52.39358,4.876579 52.393634,4.876643 52.393674,4.876822 52.393708,4.876891 52.393754,4.87692 52.393809,4.877041 52.393874,4.87713 52.393887,4.877218 52.393873,4.877283 52.393837,4.879518 52.395005,4.879606 52.395019,4.879694 52.395005,4.879764 52.394964,4.879788 52.39491,4.87977 52.394867,4.880204 52.394553,4.880299 52.39454,4.880364 52.394501,4.880392 52.394444))";"POLYGON((52.394444 4.880392,52.39439 4.880369,52.394311 4.880218,52.394154 4.880019,52.394129 4.87994,52.394037 4.879772,52.394024 4.879703,52.393892 4.879448,52.393872 4.879439,52.393825 4.879346,52.393764 4.879273,52.393748 4.879191,52.393723 4.87918,52.393684 4.879116,52.393653 4.879024,52.393438 4.878623,52.393391 4.878524,52.393377 4.878451,52.393308 4.878321,52.393291 4.878229,52.3933 4.878174,52.393271 4.878044,52.393285 4.877956,52.393324 4.877891,52.393378 4.877867,52.393545 4.877955,52.393607 4.878063,52.393646 4.878089,52.393686 4.878153,52.393918 4.878618,52.393928 4.878666,52.394024 4.878817,52.394328 4.879411,52.39434 4.879471,52.394359 4.87948,52.394457 4.879656,52.394471 4.87973,52.3945 4.879784,52.394708 4.879497,52.393716 4.877594,52.393666 4.877669,52.393612 4.877694,52.393511 4.877672,52.393476 4.877621,52.393449 4.877509,52.393369 4.877348,52.39331 4.877277,52.393258 4.877251,52.393218 4.877187,52.393201 4.877095,52.393215 4.877006,52.393294 4.876896,52.39332 4.876764,52.393389 4.876653,52.393463 4.876638,52.393502 4.876586,52.39358 4.876556,52.393634 4.876579,52.393674 4.876643,52.393708 4.876822,52.393754 4.876891,52.393809 4.87692,52.393874 4.877041,52.393887 4.87713,52.393873 4.877218,52.393837 4.877283,52.395005 4.879518,52.395019 4.879606,52.395005 4.879694,52.394964 4.879764,52.39491 4.879788,52.394867 4.87977,52.394553 4.880204,52.39454 4.880299,52.394501 4.880364,52.394444 4.880392))";4.878479;52.394103;
17;"KOUDE WIJK";"IN BEDRIJF";"POLYGON((4.882356 52.392778,4.882333 52.392724,4.882296 52.392696,4.880696 52.391869,4.880608 52.391854,4.88052 52.391869,4.880431 52.391923,4.880407 52.391977,4.88043 52.392031,4.880668 52.392146,4.880598 52.392194,4.880574 52.392248,4.880597 52.392302,4.881099 52.392571,4.881143 52.392612,4.881249 52.392648,4.881778 52.392922,4.881791 52.392955,4.881909 52.393022,4.882022 52.393047,4.88211 52.393033,4.882158 52.393009,4.882235 52.392951,4.882356 52.392778))";"POLYGON((52.392778 4.882356,52.392724 4.882333,52.392696 4.882296,52.391869 4.880696,52.391854 4.880608,52.391869 4.88052,52.391923 4.880431,52.391977 4.880407,52.392031 4.88043,52.392146 4.880668,52.392194 4.880598,52.392248 4.880574,52.392302 4.880597,52.392571 4.881099,52.392612 4.881143,52.392648 4.881249,52.392922 4.881778,52.392955 4.881791,52.393022 4.881909,52.393047 4.882022,52.393033 4.88211,52.393009 4.882158,52.392951 4.882235,52.392778 4.882356))";4.8813865;52.3924435;
18;"KOUDE WIJK";"IN BEDRIJF";"POLYGON((4.882 52.393252,4.881977 52.393198,4.881886 52.393142,4.881864 52.393084,4.881769 52.393036,4.881743 52.392978,4.881704 52.392949,4.881605 52.3929,4.881543 52.392889,4.881168 52.392693,4.881094 52.392633,4.881012 52.392612,4.880237 52.392208,4.880147 52.392173,4.880051 52.392156,4.879963 52.39217,4.879877 52.392225,4.879849 52.392281,4.879872 52.392335,4.879912 52.392365,4.880083 52.39243,4.880177 52.392488,4.880254 52.392505,4.880286 52.392579,4.880326 52.392608,4.880553 52.392674,4.880844 52.392826,4.880907 52.392892,4.88096 52.392918,4.881068 52.392929,4.881265 52.393056,4.881286 52.393114,4.881446 52.393228,4.881378 52.393268,4.881349 52.393356,4.881372 52.39341,4.881492 52.393482,4.881611 52.393511,4.881814 52.393467,4.881879 52.393428,4.881903 52.393362,4.881976 52.393306,4.882 52.393252))";"POLYGON((52.393252 4.882,52.393198 4.881977,52.393142 4.881886,52.393084 4.881864,52.393036 4.881769,52.392978 4.881743,52.392949 4.881704,52.3929 4.881605,52.392889 4.881543,52.392693 4.881168,52.392633 4.881094,52.392612 4.881012,52.392208 4.880237,52.392173 4.880147,52.392156 4.880051,52.39217 4.879963,52.392225 4.879877,52.392281 4.879849,52.392335 4.879872,52.392365 4.879912,52.39243 4.880083,52.392488 4.880177,52.392505 4.880254,52.392579 4.880286,52.392608 4.880326,52.392674 4.880553,52.392826 4.880844,52.392892 4.880907,52.392918 4.88096,52.392929 4.881068,52.393056 4.881265,52.393114 4.881286,52.393228 4.881446,52.393268 4.881378,52.393356 4.881349,52.39341 4.881372,52.393482 4.881492,52.393511 4.881611,52.393467 4.881814,52.393428 4.881879,52.393362 4.881903,52.393306 4.881976,52.393252 4.882))";4.8809295;52.3928265;
19;"WARMTE WIJK";"IN BEDRIJF";"POLYGON((4.998948 52.350852,4.99899 52.350922,4.999493 52.35128,4.999628 52.351313,4.999708 52.351304,4.999786 52.351271,4.999645 52.351359,4.99962 52.351411,4.99963 52.351461,4.999708 52.351538,4.999805 52.351571,4.999969 52.351684,5.000057 52.351699,5.000146 52.351685,5.000283 52.3516,5.00034 52.351536,5.000341 52.351488,5.000249 52.351394,5.000755 52.351124,5.000738 52.351166,5.000761 52.35122,5.00083 52.351262,5.000918 52.351277,5.001027 52.35125,5.001237 52.351399,5.001161 52.351446,5.001137 52.3515,5.00116 52.351554,5.001227 52.351596,5.000714 52.351867,5.000685 52.351872,5.000567 52.351842,5.00045 52.351868,5.000353 52.351943,5.000329 52.351997,5.000352 52.352051,5.00042 52.352093,5.000791 52.352137,5.000921 52.352125,5.003009 52.351016,5.00308 52.350963,5.003102 52.350887,5.003044 52.350805,5.002965 52.350762,5.002877 52.350748,5.002789 52.350762,5.001849 52.351265,5.001718 52.351229,5.001618 52.351242,5.001541 52.351277,5.001225 52.351054,5.001247 52.351003,5.001224 52.350949,5.001176 52.350911,5.001593 52.350674,5.001638 52.350666,5.001852 52.350551,5.002078 52.350613,5.002167 52.350599,5.002225 52.350566,5.002265 52.350502,5.002259 52.350437,5.002181 52.350367,5.002098 52.350338,5.002369 52.350194,5.002463 52.350213,5.002621 52.35028,5.002701 52.350291,5.002789 52.350277,5.002854 52.350238,5.002875 52.350166,5.002963 52.350179,5.003051 52.350165,5.003132 52.350117,5.003156 52.350063,5.003133 52.350009,5.002978 52.3499,5.002945 52.349832,5.002877 52.34979,5.00276 52.34978,5.002753 52.349683,5.002847 52.349709,5.002888 52.349771,5.003086 52.349901,5.003174 52.349916,5.00325 52.349904,5.003388 52.349934,5.003476 52.34992,5.003592 52.349843,5.003913 52.349685,5.003942 52.349629,5.003918 52.349575,5.003823 52.349511,5.003861 52.349477,5.004597 52.349085,5.004633 52.349072,5.004767 52.349135,5.004861 52.349152,5.004949 52.349138,5.005389 52.3489,5.005413 52.348847,5.005514 52.348859,5.005602 52.348845,5.005666 52.348814,5.005703 52.348787,5.005756 52.348692,5.005732 52.348638,5.005634 52.348526,5.005649 52.348513,5.007093 52.347735,5.00728 52.347832,5.007369 52.347846,5.007526 52.34782,5.007597 52.347785,5.007633 52.347758,5.007653 52.347694,5.007822 52.347631,5.007859 52.347604,5.007883 52.34755,5.00786 52.347496,5.007728 52.347421,5.00809 52.347222,5.008183 52.347239,5.008271 52.347224,5.008522 52.34711,5.008587 52.347027,5.008563 52.346973,5.008578 52.346962,5.009373 52.346538,5.009496 52.346643,5.009584 52.346658,5.009708 52.346633,5.009724 52.34667,5.009688 52.346692,5.009666 52.346763,5.009063 52.347084,5.008976 52.347104,5.008846 52.347177,5.008822 52.347231,5.008845 52.347285,5.008943 52.347367,5.009137 52.347463,5.008982 52.347545,5.008918 52.347534,5.00883 52.347549,5.008376 52.347792,5.008328 52.347767,5.00824 52.347752,5.00809 52.347791,5.008021 52.347833,5.007996 52.347887,5.00805 52.347965,5.007932 52.347943,5.007844 52.347957,5.007004 52.348401,5.006958 52.348433,5.006934 52.348487,5.006947 52.348523,5.006762 52.348561,5.00671 52.348596,5.006689 52.348644,5.006509 52.348696,5.006415 52.34879,5.006287 52.348814,5.006177 52.348916,5.006077 52.348929,5.005959 52.348966,5.00589 52.349008,5.005866 52.349062,5.005909 52.349133,5.005742 52.349201,5.005705 52.349228,5.005687 52.349296,5.005487 52.349395,5.005367 52.349404,5.005302 52.349443,5.005255 52.34952,5.005175 52.349564,5.005111 52.349558,5.005023 52.349572,5.004569 52.34981,5.004467 52.349835,5.004361 52.349898,5.004347 52.349929,5.003454 52.350404,5.003409 52.350435,5.003385 52.350489,5.003446 52.350572,5.00349 52.350595,5.003578 52.35061,5.003695 52.350583,5.003977 52.35043,5.004026 52.350439,5.004142 52.350412,5.004272 52.350336,5.004309 52.350249,5.005125 52.349816,5.005174 52.349824,5.00529 52.349797,5.006083 52.349376,5.006135 52.349316,5.006243 52.349291,5.008292 52.348199,5.008751 52.348535,5.008784 52.348582,5.008882 52.348628,5.009021 52.348746,5.009158 52.348821,5.009333 52.348946,5.009391 52.349009,5.009509 52.349064,5.009269 52.349151,5.009219 52.349209,5.007463 52.35015,5.007412 52.35021,5.007299 52.350236,5.00582 52.351023,5.005717 52.351048,5.005581 52.351131,5.005538 52.351207,5.005561 52.351261,5.005625 52.3513,5.005712 52.351328,5.005817 52.351336,5.00603 52.351402,5.006145 52.351464,5.006224 52.351475,5.006313 52.351461,5.006389 52.351409,5.006511 52.351434,5.006567 52.351425,5.006581 52.3515,5.006659 52.351544,5.006677 52.35161,5.006742 52.351649,5.006891 52.351676,5.007249 52.351788,5.007367 52.351848,5.007466 52.351857,5.007815 52.351966,5.00793 52.352027,5.008009 52.352039,5.008098 52.352025,5.008181 52.351972,5.00825 52.352012,5.008322 52.352024,5.008309 52.352054,5.008333 52.352108,5.008411 52.352153,5.008997 52.352338,5.009088 52.352353,5.009198 52.352339,5.009297 52.352357,5.009386 52.352343,5.009451 52.352304,5.009556 52.352194,5.009581 52.35214,5.009557 52.352086,5.009477 52.35204,5.009309 52.351998,5.009221 52.352013,5.009144 52.352064,5.009108 52.35207,5.009366 52.351925,5.00939 52.351871,5.009331 52.351789,5.009393 52.351795,5.009482 52.35178,5.009551 52.351739,5.00958 52.351662,5.009625 52.351633,5.009814 52.351534,5.00995 52.351523,5.010019 52.351482,5.010043 52.351428,5.010001 52.351357,5.009932 52.351317,5.009791 52.351292,5.01045 52.350934,5.010515 52.350945,5.010603 52.350931,5.010982 52.350732,5.011019 52.350705,5.011043 52.350651,5.01103 52.350574,5.011141 52.350435,5.011165 52.350382,5.01105 52.350219,5.010858 52.350138,5.010827 52.350095,5.010774 52.350066,5.010738 52.350008,5.010581 52.349899,5.010493 52.349884,5.010406 52.349898,5.010553 52.34981,5.010568 52.349777,5.010691 52.349851,5.010742 52.349859,5.01091 52.349968,5.011026 52.349994,5.011016 52.350017,5.01106 52.350088,5.011183 52.350165,5.011271 52.35018,5.01136 52.350166,5.011437 52.350106,5.011519 52.350093,5.011588 52.350051,5.011657 52.34994,5.011647 52.349918,5.011752 52.349873,5.012205 52.349412,5.012229 52.349358,5.012188 52.349289,5.012278 52.349272,5.012347 52.34923,5.012443 52.349058,5.012425 52.349017,5.012471 52.348947,5.012448 52.348893,5.012395 52.348852,5.012755 52.348655,5.012859 52.348676,5.012948 52.348662,5.013008 52.348628,5.01362 52.348013,5.014075 52.347536,5.014105 52.347484,5.014083 52.347411,5.013982 52.347352,5.013893 52.347337,5.013804 52.347351,5.013739 52.34739,5.012805 52.348371,5.012771 52.348287,5.012228 52.347906,5.012296 52.34787,5.012404 52.347859,5.012876 52.347595,5.012947 52.347584,5.013523 52.347273,5.013547 52.34722,5.013506 52.34711,5.013438 52.347067,5.01335 52.347053,5.013261 52.347067,5.013144 52.347127,5.013037 52.347041,5.012948 52.347027,5.01286 52.347041,5.012645 52.347157,5.012578 52.347168,5.011981 52.347485,5.011916 52.347525,5.011892 52.347578,5.011904 52.347608,5.011877 52.347623,5.011453 52.347327,5.011725 52.347496,5.011813 52.34751,5.011901 52.347496,5.012592 52.347121,5.012624 52.347053,5.012589 52.346983,5.012484 52.346926,5.012396 52.346912,5.012308 52.346926,5.012231 52.346987,5.012172 52.346996,5.012095 52.347043,5.012076 52.347087,5.011978 52.3471,5.011901 52.347146,5.011881 52.347189,5.011785 52.347202,5.011742 52.347186,5.011583 52.347075,5.01163 52.347012,5.011722 52.346998,5.011801 52.346953,5.011821 52.346907,5.011916 52.346894,5.011994 52.34685,5.012018 52.346796,5.011954 52.3467,5.011881 52.346661,5.011783 52.346646,5.011656 52.346673,5.011117 52.346969,5.011093 52.347022,5.011116 52.347077,5.011226 52.347157,5.010945 52.346968,5.010967 52.346956,5.011035 52.346967,5.011123 52.346953,5.0117 52.346641,5.011724 52.346587,5.011711 52.346557,5.01177 52.346528,5.011907 52.346583,5.011975 52.346596,5.012028 52.346628,5.012095 52.34664,5.012147 52.346672,5.012213 52.346684,5.012263 52.346715,5.012329 52.346727,5.012379 52.346758,5.012446 52.34677,5.012498 52.346802,5.012564 52.346814,5.012615 52.346846,5.012682 52.346858,5.012734 52.34689,5.0128 52.346902,5.01285 52.346933,5.012918 52.346945,5.013085 52.347019,5.013178 52.347036,5.013266 52.347022,5.013391 52.34692,5.013401 52.346849,5.013369 52.346804,5.013301 52.346766,5.011921 52.346254,5.011826 52.346237,5.011738 52.346251,5.010652 52.346834,5.010642 52.346825,5.010692 52.346791,5.01071 52.346751,5.010801 52.346708,5.010865 52.346695,5.010949 52.346633,5.010993 52.346626,5.011075 52.346565,5.011122 52.346558,5.011195 52.346507,5.011313 52.346476,5.011488 52.346368,5.011512 52.346314,5.011488 52.346255,5.011421 52.346213,5.011368 52.346204,5.011355 52.346128,5.011287 52.346086,5.011166 52.346076,5.011085 52.346027,5.010997 52.346013,5.010908 52.346027,5.010337 52.346327,5.010272 52.346338,5.010111 52.346421,5.010074 52.346448,5.01005 52.346502,5.010069 52.346546,5.009853 52.3464,5.009726 52.346363,5.009784 52.346334,5.009909 52.346398,5.009997 52.346412,5.010086 52.346398,5.010182 52.346342,5.010206 52.346288,5.010188 52.346246,5.010295 52.34627,5.010383 52.346256,5.010452 52.346214,5.010497 52.346128,5.010481 52.346092,5.01058 52.346112,5.010668 52.346098,5.010726 52.34607,5.010763 52.346043,5.010787 52.345989,5.010764 52.345935,5.010604 52.345828,5.010393 52.345807,5.01026 52.345841,5.010224 52.345868,5.010208 52.345941,5.010133 52.345935,5.010045 52.345949,5.00999 52.345975,5.009954 52.346002,5.009939 52.346079,5.009829 52.346054,5.009781 52.346061,5.009803 52.345993,5.009982 52.3459,5.010006 52.345846,5.010054 52.345814,5.010087 52.345723,5.010064 52.345669,5.009979 52.345615,5.009623 52.345483,5.009499 52.345474,5.009399 52.345412,5.009177 52.345391,5.009036 52.345404,5.008865 52.345461,5.008806 52.345539,5.008697 52.345592,5.008682 52.345669,5.008538 52.345578,5.00845 52.345563,5.008362 52.345577,5.006467 52.346529,5.006372 52.34644,5.005594 52.345872,5.005453 52.345789,5.005823 52.345518,5.005839 52.345433,5.005879 52.345365,5.005856 52.345311,5.005792 52.345272,5.0057 52.345255,5.005611 52.345269,5.005567 52.345291,5.005494 52.345359,5.005477 52.345439,5.005181 52.345647,5.004745 52.345449,5.004657 52.345435,5.004515 52.345472,5.004004 52.345103,5.00372 52.34505,5.003604 52.345072,5.003533 52.345114,5.003509 52.345167,5.003532 52.345222,5.003599 52.345264,5.003689 52.345307,5.00378 52.345325,5.003741 52.345348,5.003717 52.345402,5.00374 52.345456,5.003807 52.345499,5.003869 52.345509,5.003883 52.345584,5.003949 52.345627,5.004038 52.345641,5.004135 52.345625,5.004239 52.345627,5.004397 52.345747,5.004323 52.345769,5.004207 52.345744,5.004143 52.345704,5.004055 52.345689,5.003966 52.345704,5.003896 52.345744,5.003883 52.345773,5.003786 52.345753,5.003697 52.345767,5.003656 52.34579,5.003482 52.345578,5.003632 52.345532,5.003705 52.34549,5.003729 52.345436,5.003706 52.345382,5.003639 52.345339,5.003551 52.345324,5.003304 52.345387,5.003114 52.345255,5.003026 52.34524,5.002938 52.345254,5.002868 52.345295,5.002844 52.345349,5.002897 52.345437,5.002837 52.345509,5.002731 52.345543,5.002661 52.345584,5.002636 52.345638,5.00266 52.345692,5.002749 52.345739,5.002763 52.345813,5.00283 52.345856,5.002918 52.345871,5.003114 52.34583,5.003186 52.345842,5.003284 52.345828,5.003298 52.345844,5.003241 52.345879,5.003217 52.345932,5.003121 52.345948,5.003046 52.346,5.002941 52.346007,5.002831 52.345983,5.002743 52.345995,5.002639 52.346047,5.002623 52.346084,5.002461 52.345923,5.002622 52.345875,5.002694 52.345833,5.002718 52.34578,5.002695 52.345726,5.002628 52.345683,5.00254 52.345668,5.002375 52.345706,5.002308 52.345697,5.002175 52.345619,5.002011 52.345596,5.001756 52.345603,5.001642 52.345637,5.001584 52.345673,5.00156 52.345727,5.001583 52.345781,5.001651 52.345824,5.001739 52.345839,5.001853 52.345815,5.001958 52.345815,5.001915 52.345841,5.001815 52.345855,5.001746 52.345896,5.001722 52.34595,5.001768 52.346026,5.001834 52.346062,5.001901 52.346076,5.001996 52.346071,5.001974 52.346118,5.001998 52.346172,5.002065 52.346215,5.002153 52.34623,5.002304 52.346195,5.002403 52.346293,5.002357 52.346314,5.002285 52.346267,5.002197 52.346252,5.002109 52.346266,5.002041 52.346306,5.00196 52.346297,5.00187 52.346312,5.001805 52.346352,5.001781 52.346405,5.001827 52.346477,5.001803 52.346481,5.001607 52.346307,5.001372 52.346185,5.001447 52.346114,5.00161 52.346048,5.001649 52.34598,5.001626 52.345926,5.001562 52.345886,5.001474 52.345871,5.001379 52.345885,5.001141 52.345967,5.001042 52.346027,5.001008 52.346102,5.000779 52.346084,5.000657 52.346052,5.000569 52.346066,5.000499 52.346108,5.000485 52.346139,5.000245 52.346163,5.000167 52.346222,5.00008 52.346239,5.000013 52.346277,4.999977 52.346343,5.000029 52.346456,5.000203 52.346609,5.000184 52.346642,5.000094 52.346656,5.000042 52.346688,5.000022 52.346621,4.999957 52.346581,4.999846 52.346562,4.999758 52.346577,4.999685 52.346618,4.999671 52.346695,4.999453 52.347188,4.999359 52.347202,4.999287 52.347244,4.999263 52.347298,4.999277 52.347331,4.999237 52.347355,4.999213 52.347409,4.999235 52.347466,4.999286 52.347505,4.999227 52.34766,4.999205 52.347807,4.999229 52.347861,4.999293 52.347901,4.999381 52.347916,4.99947 52.347901,4.999541 52.347858,4.99962 52.347692,4.999609 52.347665,4.999652 52.347515,4.99971 52.347505,4.999786 52.347559,4.999874 52.347574,4.999962 52.34756,5.000032 52.347519,5.000056 52.347465,5.000042 52.347422,5.00015 52.34738,5.000539 52.347287,5.000632 52.347355,5.000721 52.34737,5.000809 52.347356,5.000879 52.347315,5.000903 52.347261,5.000863 52.347191,5.001062 52.347122,5.001157 52.347199,5.001245 52.347214,5.001333 52.3472,5.001444 52.347143,5.001461 52.347106,5.001605 52.347094,5.001724 52.347034,5.001748 52.34698,5.001725 52.346926,5.001673 52.346893,5.001883 52.346821,5.001897 52.346852,5.001964 52.346894,5.002052 52.346909,5.002141 52.346895,5.002259 52.346827,5.002279 52.34675,5.00224 52.34669,5.002338 52.346644,5.002352 52.346639,5.002429 52.346705,5.002492 52.346728,5.002555 52.346736,5.002655 52.34672,5.00275 52.346669,5.002774 52.346615,5.002729 52.346547,5.002767 52.346485,5.002855 52.346458,5.002977 52.346553,5.003065 52.346568,5.003171 52.346548,5.003254 52.346504,5.003278 52.34645,5.003216 52.346349,5.003349 52.346323,5.003401 52.346294,5.003525 52.346269,5.003574 52.346241,5.003649 52.346294,5.003737 52.346309,5.003826 52.346294,5.003896 52.346254,5.00392 52.3462,5.003902 52.346152,5.004181 52.346062,5.004245 52.346105,5.004311 52.346121,5.004384 52.346121,5.004495 52.346092,5.004569 52.34605,5.004593 52.345996,5.004573 52.345948,5.004801 52.345849,5.004865 52.345871,5.005013 52.345964,5.005102 52.345979,5.00519 52.345965,5.005288 52.346008,5.006056 52.346574,5.006177 52.346688,5.006114 52.346705,5.004527 52.347512,5.004081 52.347818,5.004056 52.347872,5.003964 52.347909,5.002702 52.348799,5.002455 52.348944,5.002414 52.34902,5.002456 52.349108,5.002357 52.349121,5.00225 52.34919,5.002107 52.349156,5.00199 52.349183,4.999976 52.350255,4.999924 52.350316,4.999818 52.350341,4.999009 52.35077,4.998972 52.350798,4.998948 52.350852),(5.011969 52.348717,5.011955 52.34864,5.011518 52.348316,5.011533 52.348282,5.01162 52.348266,5.011707 52.34822,5.012168 52.348546,5.012203 52.348593,5.011969 52.348717),(4.999738 52.351051,4.99959 52.350934,4.999493 52.350888,4.999497 52.35087,4.999905 52.350656,4.999997 52.350716,5.000041 52.350724,5.000063 52.350769,5.000163 52.350825,4.999738 52.351051),(5.010327 52.349958,5.010284 52.349965,5.01039 52.349907,5.010327 52.349958),(5.000233 52.346878,5.000191 52.346995,4.999984 52.347063,4.999919 52.347102,4.999895 52.347156,4.999915 52.347203,4.999805 52.347232,5.0 52.346791,5.000017 52.34678,5.000029 52.346807,5.000093 52.346847,5.000181 52.346861,5.000269 52.346857,5.000233 52.346878),(5.001272 52.346667,5.001203 52.346605,5.001111 52.346571,5.001014 52.346571,5.000935 52.346595,5.000879 52.346562,5.000775 52.346545,5.000679 52.346561,5.000611 52.346593,5.000409 52.346397,5.000457 52.34637,5.000624 52.346369,5.000694 52.346409,5.000707 52.346467,5.000752 52.346511,5.000807 52.346541,5.000911 52.346557,5.001163 52.346499,5.001279 52.346427,5.001332 52.346455,5.001474 52.346589,5.001272 52.346667),(5.000725 52.350526,5.000672 52.350508,5.000655 52.350474,5.000501 52.350379,5.000486 52.350348,5.000755 52.350204,5.000819 52.350236,5.000944 52.350245,5.001019 52.350299,5.001113 52.350317,5.000725 52.350526),(5.01087 52.348092,5.010722 52.348086,5.010764 52.34802,5.010737 52.347964,5.010258 52.347631,5.010169 52.347616,5.010081 52.34763,5.01003 52.347589,5.010047 52.347514,5.010404 52.347324,5.010448 52.347308,5.010546 52.347325,5.010534 52.347351,5.010561 52.347407,5.011102 52.347788,5.011275 52.347873,5.01087 52.348092),(5.001932 52.349899,5.001866 52.349859,5.001739 52.349839,5.00167 52.349798,5.001543 52.349772,5.002075 52.349491,5.002183 52.349555,5.002226 52.349562,5.002248 52.349606,5.002336 52.34965,5.002348 52.349677,5.001932 52.349899),(5.010658 52.350405,5.010642 52.350478,5.010504 52.350549,5.01048 52.350603,5.010508 52.350679,5.010435 52.350667,5.010318 52.350693,5.009357 52.351204,5.009278 52.351178,5.009259 52.351133,5.009059 52.350989,5.00897 52.350959,5.009241 52.350814,5.009275 52.350863,5.009475 52.350995,5.009563 52.35101,5.009652 52.350996,5.00975 52.350939,5.009774 52.350898,5.009863 52.350884,5.009924 52.350854,5.009961 52.350827,5.009985 52.350773,5.009942 52.350702,5.009786 52.350592,5.009711 52.350564,5.010012 52.350404,5.010046 52.350453,5.010246 52.350585,5.010334 52.3506,5.010451 52.350574,5.010521 52.350529,5.010545 52.350475,5.010522 52.350421,5.010438 52.35037,5.010453 52.350336,5.010423 52.350277,5.010499 52.350221,5.01071 52.35037,5.010658 52.350405),(5.002952 52.349415,5.002629 52.349192,5.002624 52.349182,5.00273 52.34917,5.002798 52.349129,5.002813 52.349095,5.002901 52.349079,5.00298 52.349033,5.002996 52.348999,5.003083 52.348983,5.003148 52.348944,5.003184 52.348858,5.003268 52.348843,5.003333 52.348804,5.003373 52.348726,5.003453 52.348711,5.003518 52.348672,5.003567 52.348588,5.003648 52.348574,5.003713 52.348534,5.003738 52.34848,5.00371 52.348423,5.004099 52.348149,5.004631 52.34852,5.002952 52.349415),(5.010621 52.349437,5.010573 52.349408,5.010432 52.349387,5.010449 52.349349,5.010422 52.349292,5.010125 52.349086,5.010155 52.349043,5.010249 52.349021,5.010399 52.349114,5.010549 52.349238,5.010637 52.349253,5.010726 52.349239,5.010808 52.349199,5.010938 52.349101,5.010962 52.349047,5.010935 52.34899,5.010651 52.348789,5.010666 52.348754,5.010643 52.3487,5.010526 52.348628,5.010442 52.348613,5.010358 52.348618,5.010283 52.348645,5.009816 52.348896,5.009748 52.348857,5.009697 52.348848,5.009623 52.348815,5.008959 52.348346,5.009081 52.348287,5.009106 52.348229,5.009068 52.348154,5.009148 52.348111,5.009203 52.348141,5.009291 52.348156,5.009422 52.348131,5.009487 52.348091,5.009511 52.348037,5.009487 52.347983,5.009364 52.347908,5.009324 52.347863,5.00928 52.347841,5.009192 52.347826,5.009035 52.34784,5.008843 52.347958,5.008784 52.34794,5.00944 52.347595,5.009463 52.347649,5.009528 52.347688,5.009692 52.347728,5.009787 52.347773,5.009804 52.347807,5.009868 52.347847,5.009928 52.347857,5.010055 52.347947,5.010082 52.348003,5.010177 52.348048,5.010194 52.348082,5.010258 52.348122,5.010293 52.348128,5.010312 52.348165,5.010408 52.34821,5.010425 52.348245,5.010476 52.348277,5.010512 52.348396,5.010577 52.348436,5.010688 52.348448,5.010671 52.348536,5.010753 52.348623,5.0108 52.348647,5.010888 52.348662,5.010981 52.348646,5.011086 52.348573,5.01152 52.348875,5.011608 52.34889,5.011667 52.34888,5.010621 52.349437),(5.005169 52.347865,5.005081 52.34785,5.004988 52.347867,5.004745 52.347998,5.004634 52.347988,5.004591 52.347957,5.004629 52.347935,5.004687 52.347846,5.00478 52.34783,5.004845 52.347791,5.004903 52.347696,5.004995 52.347679,5.005053 52.347645,5.005015 52.34771,5.005041 52.347766,5.005234 52.347898,5.005169 52.347865),(5.008362 52.351765,5.008303 52.351732,5.008177 52.351721,5.008103 52.351675,5.007893 52.351612,5.007909 52.351577,5.007886 52.351523,5.007829 52.35148,5.007931 52.351496,5.008024 52.35148,5.008167 52.351399,5.008233 52.351319,5.008374 52.351242,5.008638 52.351429,5.008735 52.351474,5.008754 52.351514,5.008793 52.351538,5.008362 52.351765),(5.006378 52.34713,5.005851 52.347412,5.005834 52.347492,5.005712 52.347407,5.005624 52.347392,5.005535 52.347407,5.00542 52.347468,5.005376 52.347502,5.005352 52.347567,5.005253 52.347564,5.005132 52.3476,5.005146 52.347569,5.005233 52.347553,5.005298 52.347522,5.005363 52.347483,5.005382 52.347449,5.005475 52.347432,5.005607 52.34736,5.005631 52.347306,5.005619 52.347279,5.005694 52.347292,5.005787 52.347275,5.005852 52.347236,5.005876 52.3472,5.005969 52.347184,5.006099 52.347112,5.006122 52.347077,5.006215 52.347061,5.006304 52.347016,5.00638 52.347069,5.006378 52.34713),(5.009818 52.349881,5.00866 52.350494,5.008567 52.350534,5.008493 52.350487,5.008405 52.350472,5.008316 52.350487,5.008228 52.350538,5.008174 52.350691,5.008016 52.350657,5.008029 52.350626,5.008006 52.350572,5.007958 52.350534,5.008032 52.350489,5.008056 52.350435,5.008033 52.350381,5.007838 52.35024,5.008293 52.349997,5.008339 52.350005,5.008562 52.349954,5.008651 52.349902,5.008673 52.349852,5.008777 52.349875,5.00887 52.349858,5.008949 52.349804,5.00905 52.349776,5.009087 52.349749,5.009111 52.349695,5.009218 52.349684,5.009312 52.349613,5.009409 52.349585,5.009445 52.349558,5.009469 52.349505,5.009548 52.349518,5.009743 52.349669,5.009831 52.349684,5.009899 52.349673,5.009881 52.349713,5.009904 52.349768,5.009947 52.349798,5.009818 52.349881),(5.007141 52.351264,5.007087 52.351329,5.00698 52.351341,5.006964 52.351305,5.006875 52.351253,5.006787 52.351238,5.006712 52.35125,5.006624 52.351177,5.006525 52.351159,5.006476 52.351167,5.006437 52.351143,5.006548 52.351086,5.006668 52.350991,5.006858 52.350905,5.006915 52.350855,5.006988 52.350836,5.007253 52.350679,5.007323 52.350657,5.007387 52.350592,5.007445 52.350585,5.007509 52.350625,5.007625 52.350635,5.007654 52.350703,5.007718 52.350743,5.007822 52.350755,5.00784 52.350832,5.007892 52.350864,5.007141 52.351264),(5.009006 52.346033,5.008941 52.346073,5.008917 52.346126,5.008972 52.34621,5.008933 52.346231,5.008892 52.346224,5.0088 52.34624,5.008691 52.346304,5.008677 52.346336,5.00861 52.346348,5.008545 52.346387,5.008524 52.346448,5.008393 52.346518,5.008342 52.34651,5.008249 52.346526,5.008184 52.346565,5.008163 52.34664,5.008124 52.346661,5.008082 52.346654,5.007989 52.34667,5.007775 52.3468,5.007712 52.346812,5.007509 52.346931,5.007491 52.346998,5.007386 52.347054,5.007346 52.347048,5.007253 52.347064,5.007213 52.347089,5.007164 52.347079,5.008283 52.346476,5.008302 52.346412,5.008382 52.346362,5.008406 52.346308,5.008379 52.346252,5.008193 52.346127,5.008105 52.346112,5.008016 52.346126,5.007866 52.346205,5.007804 52.346322,5.007828 52.346376,5.007873 52.346411,5.007681 52.346513,5.007592 52.346469,5.007524 52.34646,5.007422 52.346479,5.007268 52.346585,5.007244 52.346639,5.007271 52.346695,5.007302 52.346715,5.006986 52.346883,5.006912 52.346826,5.006789 52.346817,5.006702 52.346746,5.006766 52.346723,5.006805 52.34673,5.006897 52.346713,5.006991 52.346672,5.007056 52.346633,5.007129 52.34655,5.007193 52.346538,5.007315 52.346468,5.007349 52.346413,5.007404 52.346422,5.007497 52.346406,5.007562 52.346366,5.007614 52.346297,5.007707 52.346251,5.007724 52.34618,5.00785 52.346117,5.007908 52.346126,5.008024 52.346096,5.008154 52.346086,5.008249 52.346007,5.008333 52.345992,5.008398 52.345953,5.008436 52.345884,5.008499 52.345873,5.008748 52.346039,5.008836 52.346054,5.008928 52.346038,5.008993 52.345999,5.009017 52.345949,5.009122 52.346023,5.009006 52.346033))";"POLYGON((52.350852 4.998948,52.350922 4.99899,52.35128 4.999493,52.351313 4.999628,52.351304 4.999708,52.351271 4.999786,52.351359 4.999645,52.351411 4.99962,52.351461 4.99963,52.351538 4.999708,52.351571 4.999805,52.351684 4.999969,52.351699 5.000057,52.351685 5.000146,52.3516 5.000283,52.351536 5.00034,52.351488 5.000341,52.351394 5.000249,52.351124 5.000755,52.351166 5.000738,52.35122 5.000761,52.351262 5.00083,52.351277 5.000918,52.35125 5.001027,52.351399 5.001237,52.351446 5.001161,52.3515 5.001137,52.351554 5.00116,52.351596 5.001227,52.351867 5.000714,52.351872 5.000685,52.351842 5.000567,52.351868 5.00045,52.351943 5.000353,52.351997 5.000329,52.352051 5.000352,52.352093 5.00042,52.352137 5.000791,52.352125 5.000921,52.351016 5.003009,52.350963 5.00308,52.350887 5.003102,52.350805 5.003044,52.350762 5.002965,52.350748 5.002877,52.350762 5.002789,52.351265 5.001849,52.351229 5.001718,52.351242 5.001618,52.351277 5.001541,52.351054 5.001225,52.351003 5.001247,52.350949 5.001224,52.350911 5.001176,52.350674 5.001593,52.350666 5.001638,52.350551 5.001852,52.350613 5.002078,52.350599 5.002167,52.350566 5.002225,52.350502 5.002265,52.350437 5.002259,52.350367 5.002181,52.350338 5.002098,52.350194 5.002369,52.350213 5.002463,52.35028 5.002621,52.350291 5.002701,52.350277 5.002789,52.350238 5.002854,52.350166 5.002875,52.350179 5.002963,52.350165 5.003051,52.350117 5.003132,52.350063 5.003156,52.350009 5.003133,52.3499 5.002978,52.349832 5.002945,52.34979 5.002877,52.34978 5.00276,52.349683 5.002753,52.349709 5.002847,52.349771 5.002888,52.349901 5.003086,52.349916 5.003174,52.349904 5.00325,52.349934 5.003388,52.34992 5.003476,52.349843 5.003592,52.349685 5.003913,52.349629 5.003942,52.349575 5.003918,52.349511 5.003823,52.349477 5.003861,52.349085 5.004597,52.349072 5.004633,52.349135 5.004767,52.349152 5.004861,52.349138 5.004949,52.3489 5.005389,52.348847 5.005413,52.348859 5.005514,52.348845 5.005602,52.348814 5.005666,52.348787 5.005703,52.348692 5.005756,52.348638 5.005732,52.348526 5.005634,52.348513 5.005649,52.347735 5.007093,52.347832 5.00728,52.347846 5.007369,52.34782 5.007526,52.347785 5.007597,52.347758 5.007633,52.347694 5.007653,52.347631 5.007822,52.347604 5.007859,52.34755 5.007883,52.347496 5.00786,52.347421 5.007728,52.347222 5.00809,52.347239 5.008183,52.347224 5.008271,52.34711 5.008522,52.347027 5.008587,52.346973 5.008563,52.346962 5.008578,52.346538 5.009373,52.346643 5.009496,52.346658 5.009584,52.346633 5.009708,52.34667 5.009724,52.346692 5.009688,52.346763 5.009666,52.347084 5.009063,52.347104 5.008976,52.347177 5.008846,52.347231 5.008822,52.347285 5.008845,52.347367 5.008943,52.347463 5.009137,52.347545 5.008982,52.347534 5.008918,52.347549 5.00883,52.347792 5.008376,52.347767 5.008328,52.347752 5.00824,52.347791 5.00809,52.347833 5.008021,52.347887 5.007996,52.347965 5.00805,52.347943 5.007932,52.347957 5.007844,52.348401 5.007004,52.348433 5.006958,52.348487 5.006934,52.348523 5.006947,52.348561 5.006762,52.348596 5.00671,52.348644 5.006689,52.348696 5.006509,52.34879 5.006415,52.348814 5.006287,52.348916 5.006177,52.348929 5.006077,52.348966 5.005959,52.349008 5.00589,52.349062 5.005866,52.349133 5.005909,52.349201 5.005742,52.349228 5.005705,52.349296 5.005687,52.349395 5.005487,52.349404 5.005367,52.349443 5.005302,52.34952 5.005255,52.349564 5.005175,52.349558 5.005111,52.349572 5.005023,52.34981 5.004569,52.349835 5.004467,52.349898 5.004361,52.349929 5.004347,52.350404 5.003454,52.350435 5.003409,52.350489 5.003385,52.350572 5.003446,52.350595 5.00349,52.35061 5.003578,52.350583 5.003695,52.35043 5.003977,52.350439 5.004026,52.350412 5.004142,52.350336 5.004272,52.350249 5.004309,52.349816 5.005125,52.349824 5.005174,52.349797 5.00529,52.349376 5.006083,52.349316 5.006135,52.349291 5.006243,52.348199 5.008292,52.348535 5.008751,52.348582 5.008784,52.348628 5.008882,52.348746 5.009021,52.348821 5.009158,52.348946 5.009333,52.349009 5.009391,52.349064 5.009509,52.349151 5.009269,52.349209 5.009219,52.35015 5.007463,52.35021 5.007412,52.350236 5.007299,52.351023 5.00582,52.351048 5.005717,52.351131 5.005581,52.351207 5.005538,52.351261 5.005561,52.3513 5.005625,52.351328 5.005712,52.351336 5.005817,52.351402 5.00603,52.351464 5.006145,52.351475 5.006224,52.351461 5.006313,52.351409 5.006389,52.351434 5.006511,52.351425 5.006567,52.3515 5.006581,52.351544 5.006659,52.35161 5.006677,52.351649 5.006742,52.351676 5.006891,52.351788 5.007249,52.351848 5.007367,52.351857 5.007466,52.351966 5.007815,52.352027 5.00793,52.352039 5.008009,52.352025 5.008098,52.351972 5.008181,52.352012 5.00825,52.352024 5.008322,52.352054 5.008309,52.352108 5.008333,52.352153 5.008411,52.352338 5.008997,52.352353 5.009088,52.352339 5.009198,52.352357 5.009297,52.352343 5.009386,52.352304 5.009451,52.352194 5.009556,52.35214 5.009581,52.352086 5.009557,52.35204 5.009477,52.351998 5.009309,52.352013 5.009221,52.352064 5.009144,52.35207 5.009108,52.351925 5.009366,52.351871 5.00939,52.351789 5.009331,52.351795 5.009393,52.35178 5.009482,52.351739 5.009551,52.351662 5.00958,52.351633 5.009625,52.351534 5.009814,52.351523 5.00995,52.351482 5.010019,52.351428 5.010043,52.351357 5.010001,52.351317 5.009932,52.351292 5.009791,52.350934 5.01045,52.350945 5.010515,52.350931 5.010603,52.350732 5.010982,52.350705 5.011019,52.350651 5.011043,52.350574 5.01103,52.350435 5.011141,52.350382 5.011165,52.350219 5.01105,52.350138 5.010858,52.350095 5.010827,52.350066 5.010774,52.350008 5.010738,52.349899 5.010581,52.349884 5.010493,52.349898 5.010406,52.34981 5.010553,52.349777 5.010568,52.349851 5.010691,52.349859 5.010742,52.349968 5.01091,52.349994 5.011026,52.350017 5.011016,52.350088 5.01106,52.350165 5.011183,52.35018 5.011271,52.350166 5.01136,52.350106 5.011437,52.350093 5.011519,52.350051 5.011588,52.34994 5.011657,52.349918 5.011647,52.349873 5.011752,52.349412 5.012205,52.349358 5.012229,52.349289 5.012188,52.349272 5.012278,52.34923 5.012347,52.349058 5.012443,52.349017 5.012425,52.348947 5.012471,52.348893 5.012448,52.348852 5.012395,52.348655 5.012755,52.348676 5.012859,52.348662 5.012948,52.348628 5.013008,52.348013 5.01362,52.347536 5.014075,52.347484 5.014105,52.347411 5.014083,52.347352 5.013982,52.347337 5.013893,52.347351 5.013804,52.34739 5.013739,52.348371 5.012805,52.348287 5.012771,52.347906 5.012228,52.34787 5.012296,52.347859 5.012404,52.347595 5.012876,52.347584 5.012947,52.347273 5.013523,52.34722 5.013547,52.34711 5.013506,52.347067 5.013438,52.347053 5.01335,52.347067 5.013261,52.347127 5.013144,52.347041 5.013037,52.347027 5.012948,52.347041 5.01286,52.347157 5.012645,52.347168 5.012578,52.347485 5.011981,52.347525 5.011916,52.347578 5.011892,52.347608 5.011904,52.347623 5.011877,52.347327 5.011453,52.347496 5.011725,52.34751 5.011813,52.347496 5.011901,52.347121 5.012592,52.347053 5.012624,52.346983 5.012589,52.346926 5.012484,52.346912 5.012396,52.346926 5.012308,52.346987 5.012231,52.346996 5.012172,52.347043 5.012095,52.347087 5.012076,52.3471 5.011978,52.347146 5.011901,52.347189 5.011881,52.347202 5.011785,52.347186 5.011742,52.347075 5.011583,52.347012 5.01163,52.346998 5.011722,52.346953 5.011801,52.346907 5.011821,52.346894 5.011916,52.34685 5.011994,52.346796 5.012018,52.3467 5.011954,52.346661 5.011881,52.346646 5.011783,52.346673 5.011656,52.346969 5.011117,52.347022 5.011093,52.347077 5.011116,52.347157 5.011226,52.346968 5.010945,52.346956 5.010967,52.346967 5.011035,52.346953 5.011123,52.346641 5.0117,52.346587 5.011724,52.346557 5.011711,52.346528 5.01177,52.346583 5.011907,52.346596 5.011975,52.346628 5.012028,52.34664 5.012095,52.346672 5.012147,52.346684 5.012213,52.346715 5.012263,52.346727 5.012329,52.346758 5.012379,52.34677 5.012446,52.346802 5.012498,52.346814 5.012564,52.346846 5.012615,52.346858 5.012682,52.34689 5.012734,52.346902 5.0128,52.346933 5.01285,52.346945 5.012918,52.347019 5.013085,52.347036 5.013178,52.347022 5.013266,52.34692 5.013391,52.346849 5.013401,52.346804 5.013369,52.346766 5.013301,52.346254 5.011921,52.346237 5.011826,52.346251 5.011738,52.346834 5.010652,52.346825 5.010642,52.346791 5.010692,52.346751 5.01071,52.346708 5.010801,52.346695 5.010865,52.346633 5.010949,52.346626 5.010993,52.346565 5.011075,52.346558 5.011122,52.346507 5.011195,52.346476 5.011313,52.346368 5.011488,52.346314 5.011512,52.346255 5.011488,52.346213 5.011421,52.346204 5.011368,52.346128 5.011355,52.346086 5.011287,52.346076 5.011166,52.346027 5.011085,52.346013 5.010997,52.346027 5.010908,52.346327 5.010337,52.346338 5.010272,52.346421 5.010111,52.346448 5.010074,52.346502 5.01005,52.346546 5.010069,52.3464 5.009853,52.346363 5.009726,52.346334 5.009784,52.346398 5.009909,52.346412 5.009997,52.346398 5.010086,52.346342 5.010182,52.346288 5.010206,52.346246 5.010188,52.34627 5.010295,52.346256 5.010383,52.346214 5.010452,52.346128 5.010497,52.346092 5.010481,52.346112 5.01058,52.346098 5.010668,52.34607 5.010726,52.346043 5.010763,52.345989 5.010787,52.345935 5.010764,52.345828 5.010604,52.345807 5.010393,52.345841 5.01026,52.345868 5.010224,52.345941 5.010208,52.345935 5.010133,52.345949 5.010045,52.345975 5.00999,52.346002 5.009954,52.346079 5.009939,52.346054 5.009829,52.346061 5.009781,52.345993 5.009803,52.3459 5.009982,52.345846 5.010006,52.345814 5.010054,52.345723 5.010087,52.345669 5.010064,52.345615 5.009979,52.345483 5.009623,52.345474 5.009499,52.345412 5.009399,52.345391 5.009177,52.345404 5.009036,52.345461 5.008865,52.345539 5.008806,52.345592 5.008697,52.345669 5.008682,52.345578 5.008538,52.345563 5.00845,52.345577 5.008362,52.346529 5.006467,52.34644 5.006372,52.345872 5.005594,52.345789 5.005453,52.345518 5.005823,52.345433 5.005839,52.345365 5.005879,52.345311 5.005856,52.345272 5.005792,52.345255 5.0057,52.345269 5.005611,52.345291 5.005567,52.345359 5.005494,52.345439 5.005477,52.345647 5.005181,52.345449 5.004745,52.345435 5.004657,52.345472 5.004515,52.345103 5.004004,52.34505 5.00372,52.345072 5.003604,52.345114 5.003533,52.345167 5.003509,52.345222 5.003532,52.345264 5.003599,52.345307 5.003689,52.345325 5.00378,52.345348 5.003741,52.345402 5.003717,52.345456 5.00374,52.345499 5.003807,52.345509 5.003869,52.345584 5.003883,52.345627 5.003949,52.345641 5.004038,52.345625 5.004135,52.345627 5.004239,52.345747 5.004397,52.345769 5.004323,52.345744 5.004207,52.345704 5.004143,52.345689 5.004055,52.345704 5.003966,52.345744 5.003896,52.345773 5.003883,52.345753 5.003786,52.345767 5.003697,52.34579 5.003656,52.345578 5.003482,52.345532 5.003632,52.34549 5.003705,52.345436 5.003729,52.345382 5.003706,52.345339 5.003639,52.345324 5.003551,52.345387 5.003304,52.345255 5.003114,52.34524 5.003026,52.345254 5.002938,52.345295 5.002868,52.345349 5.002844,52.345437 5.002897,52.345509 5.002837,52.345543 5.002731,52.345584 5.002661,52.345638 5.002636,52.345692 5.00266,52.345739 5.002749,52.345813 5.002763,52.345856 5.00283,52.345871 5.002918,52.34583 5.003114,52.345842 5.003186,52.345828 5.003284,52.345844 5.003298,52.345879 5.003241,52.345932 5.003217,52.345948 5.003121,52.346 5.003046,52.346007 5.002941,52.345983 5.002831,52.345995 5.002743,52.346047 5.002639,52.346084 5.002623,52.345923 5.002461,52.345875 5.002622,52.345833 5.002694,52.34578 5.002718,52.345726 5.002695,52.345683 5.002628,52.345668 5.00254,52.345706 5.002375,52.345697 5.002308,52.345619 5.002175,52.345596 5.002011,52.345603 5.001756,52.345637 5.001642,52.345673 5.001584,52.345727 5.00156,52.345781 5.001583,52.345824 5.001651,52.345839 5.001739,52.345815 5.001853,52.345815 5.001958,52.345841 5.001915,52.345855 5.001815,52.345896 5.001746,52.34595 5.001722,52.346026 5.001768,52.346062 5.001834,52.346076 5.001901,52.346071 5.001996,52.346118 5.001974,52.346172 5.001998,52.346215 5.002065,52.34623 5.002153,52.346195 5.002304,52.346293 5.002403,52.346314 5.002357,52.346267 5.002285,52.346252 5.002197,52.346266 5.002109,52.346306 5.002041,52.346297 5.00196,52.346312 5.00187,52.346352 5.001805,52.346405 5.001781,52.346477 5.001827,52.346481 5.001803,52.346307 5.001607,52.346185 5.001372,52.346114 5.001447,52.346048 5.00161,52.34598 5.001649,52.345926 5.001626,52.345886 5.001562,52.345871 5.001474,52.345885 5.001379,52.345967 5.001141,52.346027 5.001042,52.346102 5.001008,52.346084 5.000779,52.346052 5.000657,52.346066 5.000569,52.346108 5.000499,52.346139 5.000485,52.346163 5.000245,52.346222 5.000167,52.346239 5.00008,52.346277 5.000013,52.346343 4.999977,52.346456 5.000029,52.346609 5.000203,52.346642 5.000184,52.346656 5.000094,52.346688 5.000042,52.346621 5.000022,52.346581 4.999957,52.346562 4.999846,52.346577 4.999758,52.346618 4.999685,52.346695 4.999671,52.347188 4.999453,52.347202 4.999359,52.347244 4.999287,52.347298 4.999263,52.347331 4.999277,52.347355 4.999237,52.347409 4.999213,52.347466 4.999235,52.347505 4.999286,52.34766 4.999227,52.347807 4.999205,52.347861 4.999229,52.347901 4.999293,52.347916 4.999381,52.347901 4.99947,52.347858 4.999541,52.347692 4.99962,52.347665 4.999609,52.347515 4.999652,52.347505 4.99971,52.347559 4.999786,52.347574 4.999874,52.34756 4.999962,52.347519 5.000032,52.347465 5.000056,52.347422 5.000042,52.34738 5.00015,52.347287 5.000539,52.347355 5.000632,52.34737 5.000721,52.347356 5.000809,52.347315 5.000879,52.347261 5.000903,52.347191 5.000863,52.347122 5.001062,52.347199 5.001157,52.347214 5.001245,52.3472 5.001333,52.347143 5.001444,52.347106 5.001461,52.347094 5.001605,52.347034 5.001724,52.34698 5.001748,52.346926 5.001725,52.346893 5.001673,52.346821 5.001883,52.346852 5.001897,52.346894 5.001964,52.346909 5.002052,52.346895 5.002141,52.346827 5.002259,52.34675 5.002279,52.34669 5.00224,52.346644 5.002338,52.346639 5.002352,52.346705 5.002429,52.346728 5.002492,52.346736 5.002555,52.34672 5.002655,52.346669 5.00275,52.346615 5.002774,52.346547 5.002729,52.346485 5.002767,52.346458 5.002855,52.346553 5.002977,52.346568 5.003065,52.346548 5.003171,52.346504 5.003254,52.34645 5.003278,52.346349 5.003216,52.346323 5.003349,52.346294 5.003401,52.346269 5.003525,52.346241 5.003574,52.346294 5.003649,52.346309 5.003737,52.346294 5.003826,52.346254 5.003896,52.3462 5.00392,52.346152 5.003902,52.346062 5.004181,52.346105 5.004245,52.346121 5.004311,52.346121 5.004384,52.346092 5.004495,52.34605 5.004569,52.345996 5.004593,52.345948 5.004573,52.345849 5.004801,52.345871 5.004865,52.345964 5.005013,52.345979 5.005102,52.345965 5.00519,52.346008 5.005288,52.346574 5.006056,52.346688 5.006177,52.346705 5.006114,52.347512 5.004527,52.347818 5.004081,52.347872 5.004056,52.347909 5.003964,52.348799 5.002702,52.348944 5.002455,52.34902 5.002414,52.349108 5.002456,52.349121 5.002357,52.34919 5.00225,52.349156 5.002107,52.349183 5.00199,52.350255 4.999976,52.350316 4.999924,52.350341 4.999818,52.35077 4.999009,52.350798 4.998972,52.350852 4.998948),(52.348717 5.011969,52.34864 5.011955,52.348316 5.011518,52.348282 5.011533,52.348266 5.01162,52.34822 5.011707,52.348546 5.012168,52.348593 5.012203,52.348717 5.011969),(52.351051 4.999738,52.350934 4.99959,52.350888 4.999493,52.35087 4.999497,52.350656 4.999905,52.350716 4.999997,52.350724 5.000041,52.350769 5.000063,52.350825 5.000163,52.351051 4.999738),(52.349958 5.010327,52.349965 5.010284,52.349907 5.01039,52.349958 5.010327),(52.346878 5.000233,52.346995 5.000191,52.347063 4.999984,52.347102 4.999919,52.347156 4.999895,52.347203 4.999915,52.347232 4.999805,52.346791 5.0,52.34678 5.000017,52.346807 5.000029,52.346847 5.000093,52.346861 5.000181,52.346857 5.000269,52.346878 5.000233),(52.346667 5.001272,52.346605 5.001203,52.346571 5.001111,52.346571 5.001014,52.346595 5.000935,52.346562 5.000879,52.346545 5.000775,52.346561 5.000679,52.346593 5.000611,52.346397 5.000409,52.34637 5.000457,52.346369 5.000624,52.346409 5.000694,52.346467 5.000707,52.346511 5.000752,52.346541 5.000807,52.346557 5.000911,52.346499 5.001163,52.346427 5.001279,52.346455 5.001332,52.346589 5.001474,52.346667 5.001272),(52.350526 5.000725,52.350508 5.000672,52.350474 5.000655,52.350379 5.000501,52.350348 5.000486,52.350204 5.000755,52.350236 5.000819,52.350245 5.000944,52.350299 5.001019,52.350317 5.001113,52.350526 5.000725),(52.348092 5.01087,52.348086 5.010722,52.34802 5.010764,52.347964 5.010737,52.347631 5.010258,52.347616 5.010169,52.34763 5.010081,52.347589 5.01003,52.347514 5.010047,52.347324 5.010404,52.347308 5.010448,52.347325 5.010546,52.347351 5.010534,52.347407 5.010561,52.347788 5.011102,52.347873 5.011275,52.348092 5.01087),(52.349899 5.001932,52.349859 5.001866,52.349839 5.001739,52.349798 5.00167,52.349772 5.001543,52.349491 5.002075,52.349555 5.002183,52.349562 5.002226,52.349606 5.002248,52.34965 5.002336,52.349677 5.002348,52.349899 5.001932),(52.350405 5.010658,52.350478 5.010642,52.350549 5.010504,52.350603 5.01048,52.350679 5.010508,52.350667 5.010435,52.350693 5.010318,52.351204 5.009357,52.351178 5.009278,52.351133 5.009259,52.350989 5.009059,52.350959 5.00897,52.350814 5.009241,52.350863 5.009275,52.350995 5.009475,52.35101 5.009563,52.350996 5.009652,52.350939 5.00975,52.350898 5.009774,52.350884 5.009863,52.350854 5.009924,52.350827 5.009961,52.350773 5.009985,52.350702 5.009942,52.350592 5.009786,52.350564 5.009711,52.350404 5.010012,52.350453 5.010046,52.350585 5.010246,52.3506 5.010334,52.350574 5.010451,52.350529 5.010521,52.350475 5.010545,52.350421 5.010522,52.35037 5.010438,52.350336 5.010453,52.350277 5.010423,52.350221 5.010499,52.35037 5.01071,52.350405 5.010658),(52.349415 5.002952,52.349192 5.002629,52.349182 5.002624,52.34917 5.00273,52.349129 5.002798,52.349095 5.002813,52.349079 5.002901,52.349033 5.00298,52.348999 5.002996,52.348983 5.003083,52.348944 5.003148,52.348858 5.003184,52.348843 5.003268,52.348804 5.003333,52.348726 5.003373,52.348711 5.003453,52.348672 5.003518,52.348588 5.003567,52.348574 5.003648,52.348534 5.003713,52.34848 5.003738,52.348423 5.00371,52.348149 5.004099,52.34852 5.004631,52.349415 5.002952),(52.349437 5.010621,52.349408 5.010573,52.349387 5.010432,52.349349 5.010449,52.349292 5.010422,52.349086 5.010125,52.349043 5.010155,52.349021 5.010249,52.349114 5.010399,52.349238 5.010549,52.349253 5.010637,52.349239 5.010726,52.349199 5.010808,52.349101 5.010938,52.349047 5.010962,52.34899 5.010935,52.348789 5.010651,52.348754 5.010666,52.3487 5.010643,52.348628 5.010526,52.348613 5.010442,52.348618 5.010358,52.348645 5.010283,52.348896 5.009816,52.348857 5.009748,52.348848 5.009697,52.348815 5.009623,52.348346 5.008959,52.348287 5.009081,52.348229 5.009106,52.348154 5.009068,52.348111 5.009148,52.348141 5.009203,52.348156 5.009291,52.348131 5.009422,52.348091 5.009487,52.348037 5.009511,52.347983 5.009487,52.347908 5.009364,52.347863 5.009324,52.347841 5.00928,52.347826 5.009192,52.34784 5.009035,52.347958 5.008843,52.34794 5.008784,52.347595 5.00944,52.347649 5.009463,52.347688 5.009528,52.347728 5.009692,52.347773 5.009787,52.347807 5.009804,52.347847 5.009868,52.347857 5.009928,52.347947 5.010055,52.348003 5.010082,52.348048 5.010177,52.348082 5.010194,52.348122 5.010258,52.348128 5.010293,52.348165 5.010312,52.34821 5.010408,52.348245 5.010425,52.348277 5.010476,52.348396 5.010512,52.348436 5.010577,52.348448 5.010688,52.348536 5.010671,52.348623 5.010753,52.348647 5.0108,52.348662 5.010888,52.348646 5.010981,52.348573 5.011086,52.348875 5.01152,52.34889 5.011608,52.34888 5.011667,52.349437 5.010621),(52.347865 5.005169,52.34785 5.005081,52.347867 5.004988,52.347998 5.004745,52.347988 5.004634,52.347957 5.004591,52.347935 5.004629,52.347846 5.004687,52.34783 5.00478,52.347791 5.004845,52.347696 5.004903,52.347679 5.004995,52.347645 5.005053,52.34771 5.005015,52.347766 5.005041,52.347898 5.005234,52.347865 5.005169),(52.351765 5.008362,52.351732 5.008303,52.351721 5.008177,52.351675 5.008103,52.351612 5.007893,52.351577 5.007909,52.351523 5.007886,52.35148 5.007829,52.351496 5.007931,52.35148 5.008024,52.351399 5.008167,52.351319 5.008233,52.351242 5.008374,52.351429 5.008638,52.351474 5.008735,52.351514 5.008754,52.351538 5.008793,52.351765 5.008362),(52.34713 5.006378,52.347412 5.005851,52.347492 5.005834,52.347407 5.005712,52.347392 5.005624,52.347407 5.005535,52.347468 5.00542,52.347502 5.005376,52.347567 5.005352,52.347564 5.005253,52.3476 5.005132,52.347569 5.005146,52.347553 5.005233,52.347522 5.005298,52.347483 5.005363,52.347449 5.005382,52.347432 5.005475,52.34736 5.005607,52.347306 5.005631,52.347279 5.005619,52.347292 5.005694,52.347275 5.005787,52.347236 5.005852,52.3472 5.005876,52.347184 5.005969,52.347112 5.006099,52.347077 5.006122,52.347061 5.006215,52.347016 5.006304,52.347069 5.00638,52.34713 5.006378),(52.349881 5.009818,52.350494 5.00866,52.350534 5.008567,52.350487 5.008493,52.350472 5.008405,52.350487 5.008316,52.350538 5.008228,52.350691 5.008174,52.350657 5.008016,52.350626 5.008029,52.350572 5.008006,52.350534 5.007958,52.350489 5.008032,52.350435 5.008056,52.350381 5.008033,52.35024 5.007838,52.349997 5.008293,52.350005 5.008339,52.349954 5.008562,52.349902 5.008651,52.349852 5.008673,52.349875 5.008777,52.349858 5.00887,52.349804 5.008949,52.349776 5.00905,52.349749 5.009087,52.349695 5.009111,52.349684 5.009218,52.349613 5.009312,52.349585 5.009409,52.349558 5.009445,52.349505 5.009469,52.349518 5.009548,52.349669 5.009743,52.349684 5.009831,52.349673 5.009899,52.349713 5.009881,52.349768 5.009904,52.349798 5.009947,52.349881 5.009818),(52.351264 5.007141,52.351329 5.007087,52.351341 5.00698,52.351305 5.006964,52.351253 5.006875,52.351238 5.006787,52.35125 5.006712,52.351177 5.006624,52.351159 5.006525,52.351167 5.006476,52.351143 5.006437,52.351086 5.006548,52.350991 5.006668,52.350905 5.006858,52.350855 5.006915,52.350836 5.006988,52.350679 5.007253,52.350657 5.007323,52.350592 5.007387,52.350585 5.007445,52.350625 5.007509,52.350635 5.007625,52.350703 5.007654,52.350743 5.007718,52.350755 5.007822,52.350832 5.00784,52.350864 5.007892,52.351264 5.007141),(52.346033 5.009006,52.346073 5.008941,52.346126 5.008917,52.34621 5.008972,52.346231 5.008933,52.346224 5.008892,52.34624 5.0088,52.346304 5.008691,52.346336 5.008677,52.346348 5.00861,52.346387 5.008545,52.346448 5.008524,52.346518 5.008393,52.34651 5.008342,52.346526 5.008249,52.346565 5.008184,52.34664 5.008163,52.346661 5.008124,52.346654 5.008082,52.34667 5.007989,52.3468 5.007775,52.346812 5.007712,52.346931 5.007509,52.346998 5.007491,52.347054 5.007386,52.347048 5.007346,52.347064 5.007253,52.347089 5.007213,52.347079 5.007164,52.346476 5.008283,52.346412 5.008302,52.346362 5.008382,52.346308 5.008406,52.346252 5.008379,52.346127 5.008193,52.346112 5.008105,52.346126 5.008016,52.346205 5.007866,52.346322 5.007804,52.346376 5.007828,52.346411 5.007873,52.346513 5.007681,52.346469 5.007592,52.34646 5.007524,52.346479 5.007422,52.346585 5.007268,52.346639 5.007244,52.346695 5.007271,52.346715 5.007302,52.346883 5.006986,52.346826 5.006912,52.346817 5.006789,52.346746 5.006702,52.346723 5.006766,52.34673 5.006805,52.346713 5.006897,52.346672 5.006991,52.346633 5.007056,52.34655 5.007129,52.346538 5.007193,52.346468 5.007315,52.346413 5.007349,52.346422 5.007404,52.346406 5.007497,52.346366 5.007562,52.346297 5.007614,52.346251 5.007707,52.34618 5.007724,52.346117 5.00785,52.346126 5.007908,52.346096 5.008024,52.346086 5.008154,52.346007 5.008249,52.345992 5.008333,52.345953 5.008398,52.345884 5.008436,52.345873 5.008499,52.346039 5.008748,52.346054 5.008836,52.346038 5.008928,52.345999 5.008993,52.345949 5.009017,52.346023 5.009122,52.346033 5.009006))";5.0065315;52.3486965;
20;"WARMTE WIJK";"IN BEDRIJF";"POLYGON((5.003515 52.354441,5.003492 52.354387,5.003407 52.354336,5.003318 52.354321,5.003185 52.354339,5.003276 52.354288,5.0033 52.354234,5.003277 52.35418,5.003166 52.354099,5.003115 52.354024,5.003058 52.353993,5.00297 52.353978,5.002837 52.353988,5.002796 52.353958,5.002855 52.353878,5.002836 52.353788,5.002159 52.353303,5.002114 52.35328,5.002026 52.353265,5.001938 52.353279,5.001783 52.353359,5.001712 52.353315,5.001878 52.35322,5.001902 52.353166,5.001879 52.353112,5.001687 52.352973,5.001642 52.352951,5.001554 52.352936,5.001466 52.35295,5.001275 52.353049,5.001161 52.35297,5.001229 52.35295,5.001277 52.352917,5.001301 52.352864,5.001278 52.352809,5.000885 52.352539,5.000797 52.352524,5.000709 52.352538,5.000182 52.352815,5.000135 52.352791,5.000047 52.352776,4.999979 52.352787,4.999864 52.352706,4.999919 52.35267,4.999943 52.352616,4.999889 52.352532,4.999969 52.352507,5.000129 52.352422,5.000209 52.352336,5.000261 52.352345,5.00035 52.352331,5.000419 52.352289,5.000443 52.352235,5.000378 52.352119,5.0003 52.35207,5.000212 52.352056,5.000047 52.352081,4.999964 52.35213,4.999944 52.352174,4.999696 52.352306,4.999613 52.352292,4.999524 52.352306,4.999224 52.352455,4.999197 52.352531,4.99922 52.352585,4.999356 52.352684,4.999276 52.352727,4.999263 52.35265,4.999194 52.352605,4.999106 52.35259,4.99899 52.352617,4.998839 52.352704,4.998778 52.352822,4.998786 52.352841,4.998707 52.352853,4.998587 52.352915,4.998551 52.352942,4.998527 52.352995,4.998444 52.353064,4.997651 52.353485,4.997529 52.35353,4.997402 52.353538,4.997287 52.353596,4.997251 52.353623,4.997226 52.353677,4.99725 52.353731,4.997297 52.353767,4.997205 52.353811,4.997195 52.353833,4.9971 52.353884,4.996995 52.353873,4.996938 52.353838,4.99685 52.353823,4.996772 52.35382,4.996655 52.353846,4.996536 52.353943,4.996395 52.35402,4.99637 52.354074,4.996413 52.35415,4.995777 52.354498,4.995754 52.354548,4.99565 52.35456,4.995321 52.35474,4.995309 52.354766,4.995137 52.354798,4.995103 52.354776,4.995015 52.354762,4.994869 52.3548,4.994819 52.354851,4.994803 52.354923,4.99483 52.354977,4.99492 52.355046,4.994902 52.355055,4.99474 52.35495,4.994652 52.354935,4.994535 52.354961,4.994485 52.354995,4.994461 52.355049,4.994484 52.355103,4.994542 52.35514,4.994512 52.355158,4.994482 52.355175,4.994339 52.355197,4.994288 52.355232,4.99423 52.35531,4.993963 52.355458,4.993767 52.355501,4.993716 52.355536,4.993692 52.355589,4.993566 52.355669,4.993236 52.355838,4.993093 52.35586,4.993039 52.355895,4.993016 52.355948,4.992895 52.35601,4.992829 52.355966,4.992741 52.355951,4.992652 52.355966,4.992603 52.355991,4.992552 52.356069,4.992567 52.356121,4.992703 52.356226,4.992652 52.356207,4.992451 52.356177,4.992334 52.356204,4.992257 52.356252,4.992233 52.356306,4.992242 52.356362,4.991877 52.356556,4.991642 52.356579,4.991573 52.35662,4.991549 52.356674,4.991572 52.356728,4.991681 52.356799,4.991766 52.356813,4.991847 52.356865,4.991935 52.356879,4.992033 52.356866,4.992575 52.356583,4.992687 52.356548,4.992737 52.356497,4.993018 52.356351,4.993101 52.356329,4.993179 52.356263,4.993523 52.356079,4.993612 52.356055,4.993688 52.355991,4.994179 52.35573,4.994293 52.355693,4.994341 52.355644,4.994742 52.355431,4.994858 52.355393,4.99493 52.355331,4.995109 52.355455,4.99504 52.355474,4.994647 52.355691,4.994623 52.355744,4.994656 52.355808,4.994564 52.355796,4.994475 52.35581,4.99439 52.355876,4.994357 52.35587,4.99424 52.355896,4.993804 52.356129,4.993749 52.356196,4.993688 52.35622,4.993644 52.356262,4.993553 52.356291,4.993463 52.356381,4.993439 52.356435,4.993448 52.356477,4.993472 52.356531,4.993522 52.356569,4.993566 52.356592,4.993654 52.356607,4.993743 52.356592,4.993841 52.356543,4.993858 52.356614,4.993791 52.356603,4.993702 52.356617,4.99359 52.356682,4.993566 52.356736,4.993193 52.356483,4.993105 52.356468,4.993016 52.356482,4.992144 52.356943,4.992108 52.35697,4.992083 52.357024,4.992157 52.357131,4.992222 52.357172,4.992274 52.35718,4.992355 52.357239,4.992437 52.357253,4.992421 52.357289,4.992482 52.357389,4.992594 52.357445,4.992608 52.357479,4.992672 52.357522,4.992843 52.357571,4.992932 52.357557,4.993071 52.357496,4.993083 52.357542,4.992991 52.357601,4.992962 52.357669,4.992986 52.357723,4.993054 52.357766,4.993142 52.35778,4.99323 52.357766,4.993429 52.357652,4.993429 52.357693,4.993294 52.357758,4.99327 52.357812,4.993293 52.357866,4.993608 52.358086,4.993684 52.358098,4.99371 52.35817,4.993849 52.358258,4.993938 52.358273,4.994026 52.358259,4.994208 52.358128,4.994261 52.358119,4.994345 52.358071,4.994373 52.358015,4.994319 52.357898,4.994417 52.357844,4.994523 52.357933,4.994468 52.358014,4.994491 52.358068,4.994376 52.358079,4.993988 52.358283,4.993964 52.358337,4.993987 52.358391,4.994123 52.358474,4.994212 52.358488,4.994295 52.358475,4.994281 52.358507,4.994304 52.358561,4.994603 52.358766,4.994661 52.358776,4.994684 52.358829,4.994951 52.358995,4.995039 52.35901,4.995128 52.358995,4.995259 52.358905,4.995283 52.358852,4.995471 52.358745,4.995486 52.358711,4.995568 52.358698,4.99585 52.358543,4.995874 52.358489,4.995858 52.35845,4.995881 52.358362,4.99593 52.358393,4.996019 52.358408,4.996107 52.358394,4.996598 52.358134,4.996671 52.358078,4.996712 52.358071,4.997115 52.357853,4.997139 52.3578,4.997128 52.357766,4.997184 52.357736,4.997278 52.357753,4.997367 52.357739,4.997443 52.357682,4.997488 52.357675,4.997576 52.357612,4.99762 52.357605,4.997797 52.357494,4.997841 52.357487,4.99799 52.357404,4.998014 52.35735,4.997991 52.357296,4.997928 52.357256,4.997978 52.357178,4.997955 52.357124,4.997482 52.356787,4.997572 52.356842,4.997686 52.356852,4.997708 52.356903,4.997779 52.356964,4.998173 52.357229,4.998283 52.357247,4.998372 52.357233,4.99853 52.357136,4.99855 52.357098,4.99895 52.356885,4.998998 52.356832,4.999046 52.35684,4.999134 52.356826,4.999572 52.356596,4.999691 52.35657,4.99989 52.356456,4.999914 52.356402,4.999891 52.356348,4.999361 52.355972,5.000055 52.355596,5.000079 52.355542,5.000057 52.355483,5.000008 52.355446,5.000043 52.35542,5.000425 52.355216,5.000869 52.355532,5.000999 52.355549,5.001064 52.355539,5.001103 52.355601,5.001156 52.355629,5.001245 52.355644,5.001333 52.35563,5.001458 52.355584,5.002376 52.355096,5.002452 52.355015,5.002477 52.354962,5.002453 52.354908,5.002204 52.354761,5.002167 52.354702,5.001989 52.354577,5.002036 52.354506,5.002014 52.354447,5.001947 52.354398,5.002509 52.354111,5.002473 52.354135,5.002455 52.354204,5.002242 52.354315,5.002144 52.354394,5.00212 52.354448,5.002163 52.354519,5.002216 52.354547,5.002322 52.354559,5.002487 52.354679,5.002548 52.354704,5.00269 52.354819,5.002778 52.354833,5.002895 52.354807,5.002947 52.354772,5.002969 52.354721,5.003053 52.354668,5.003089 52.354662,5.003209 52.354594,5.003352 52.354582,5.003491 52.354495,5.003515 52.354441),(5.002189 52.353877,5.002165 52.353931,5.002192 52.353989,5.002157 52.354008,5.002044 52.353981,5.001951 52.353997,5.001867 52.354032,5.00147 52.353751,5.00152 52.35372,5.001544 52.353666,5.001508 52.353601,5.001541 52.353584,5.001664 52.353616,5.001756 52.353599,5.001821 52.353564,5.00223 52.353852,5.002189 52.353877),(4.995331 52.356327,4.995284 52.356376,4.99515 52.356399,4.994319 52.356841,4.994172 52.356815,4.993996 52.356691,4.994155 52.3567,4.994243 52.356686,4.994381 52.356615,4.994427 52.356567,4.994511 52.356546,4.994721 52.356431,4.994904 52.35641,4.994982 52.356372,4.995091 52.356347,4.995222 52.356277,4.995269 52.356228,4.995327 52.356218,4.99544 52.356154,4.995464 52.3561,4.995441 52.356046,4.995371 52.355993,4.995385 52.355961,4.995448 52.355928,4.995714 52.356123,4.995331 52.356327),(5.001238 52.355378,5.001204 52.355328,5.001052 52.35524,5.000932 52.355223,5.001026 52.355189,5.001072 52.35514,5.001694 52.354809,5.001758 52.354801,5.001819 52.354811,5.001854 52.354863,5.002021 52.354962,5.001238 52.355378),(4.996498 52.357253,4.996492 52.357309,4.996376 52.357335,4.995466 52.357819,4.995429 52.357846,4.995405 52.3579,4.995431 52.357963,4.99541 52.358009,4.99535 52.357994,4.995277 52.357951,4.995217 52.357941,4.995174 52.35787,4.994304 52.357254,4.995859 52.356439,4.995678 52.356542,4.995654 52.356596,4.995677 52.35665,4.996383 52.357151,4.996428 52.357174,4.996542 52.357184,4.996498 52.357253),(5.000988 52.353368,5.000952 52.353313,5.000514 52.353005,5.000523 52.352947,5.00077 52.3528,5.000896 52.352888,5.000837 52.352901,5.000725 52.352965,5.000701 52.353019,5.000728 52.353076,5.001074 52.35332,5.000988 52.353368),(4.998945 52.353421,4.998909 52.353448,4.998891 52.353518,4.998841 52.353514,4.998725 52.353541,4.997838 52.354032,4.997746 52.354101,4.997722 52.354154,4.997745 52.354208,4.997783 52.354238,4.997698 52.354224,4.99761 52.354238,4.997476 52.354288,4.997408 52.354336,4.997281 52.354391,4.997236 52.354435,4.99714 52.354466,4.997046 52.354532,4.996884 52.354604,4.996799 52.354626,4.996403 52.354836,4.996355 52.354889,4.996153 52.354841,4.996065 52.354856,4.995537 52.355135,4.995435 52.355063,4.995634 52.35498,4.995679 52.354932,4.995933 52.354796,4.996006 52.354717,4.996122 52.354691,4.996811 52.354328,4.996894 52.354307,4.996971 52.354244,4.997619 52.353896,4.99914 52.353089,4.999259 52.353049,4.999365 52.35297,4.999552 52.353097,4.998945 52.353421),(5.000985 52.354627,5.000893 52.354644,5.000828 52.354683,5.000799 52.354727,5.000747 52.35468,5.00067 52.354652,5.00042 52.354484,5.000331 52.354469,5.000239 52.354486,5.000174 52.354525,5.000149 52.354579,5.000173 52.354633,5.000476 52.354852,5.000288 52.354946,5.000277 52.354971,5.000214 52.355009,5.000197 52.355046,5.000108 52.355094,4.999949 52.35499,4.999861 52.354975,4.999768 52.354992,4.999703 52.355031,4.999679 52.355085,4.999702 52.355139,4.999823 52.355228,4.999733 52.355246,4.999673 52.355279,4.999652 52.35523,4.999562 52.355172,4.999474 52.355157,4.999385 52.355171,4.999249 52.355245,4.999109 52.355148,4.999101 52.355138,4.999166 52.355098,4.99919 52.355039,4.999166 52.354985,4.99907 52.354914,4.99987 52.354478,4.999908 52.354484,5.000042 52.35446,5.000103 52.354428,5.000168 52.354389,5.000231 52.354287,5.000738 52.354019,5.000894 52.354048,5.00123 52.35429,5.001252 52.354358,5.001316 52.354398,5.001392 52.354411,5.000985 52.354627),(4.9967 52.357623,4.996674 52.357657,4.996032 52.358006,4.995967 52.358045,4.995954 52.358074,4.995858 52.358008,4.995862 52.357948,4.995914 52.357914,4.996516 52.357594,4.99667 52.357579,4.996805 52.35751,4.99685 52.357542,4.9967 52.357623),(4.99949 52.354087,4.999469 52.354147,4.998701 52.354552,4.998606 52.354484,4.999479 52.35402,4.999573 52.354044,4.99949 52.354087),(4.996759 52.355605,4.996685 52.355662,4.996641 52.355669,4.99651 52.355746,4.996121 52.355479,4.996123 52.355461,4.996402 52.355325,4.996488 52.355369,4.996502 52.355397,4.996598 52.355447,4.996619 52.355479,4.996709 52.355524,4.996721 52.355552,4.996794 52.355599,4.996759 52.355605),(4.99888 52.356633,4.998825 52.356688,4.998736 52.356702,4.998413 52.356875,4.998243 52.356752,4.998376 52.356664,4.998462 52.356638,4.998535 52.356583,4.998559 52.356529,4.998547 52.356501,4.998614 52.356482,4.999094 52.356227,4.99914 52.356178,4.999366 52.356326,4.999389 52.356363,4.99888 52.356633),(4.997071 52.355062,4.997047 52.355116,4.997097 52.355192,4.997254 52.355263,4.997382 52.355272,4.997334 52.355365,4.997357 52.355419,4.997446 52.355481,4.99731 52.355554,4.997238 52.355629,4.997143 52.355645,4.997054 52.355683,4.997022 52.355657,4.997079 52.355643,4.99717 52.35559,4.997194 52.355536,4.997171 52.355482,4.996664 52.355117,4.997533 52.35466,4.997654 52.354744,4.997071 52.355062),(4.997712 52.355871,4.99759 52.355839,4.997497 52.355855,4.997043 52.356099,4.997018 52.356089,4.997018 52.35607,4.997458 52.355831,4.997472 52.3558,4.997592 52.355788,4.998251 52.355438,4.998368 52.35552,4.997712 52.355871))";"POLYGON((52.354441 5.003515,52.354387 5.003492,52.354336 5.003407,52.354321 5.003318,52.354339 5.003185,52.354288 5.003276,52.354234 5.0033,52.35418 5.003277,52.354099 5.003166,52.354024 5.003115,52.353993 5.003058,52.353978 5.00297,52.353988 5.002837,52.353958 5.002796,52.353878 5.002855,52.353788 5.002836,52.353303 5.002159,52.35328 5.002114,52.353265 5.002026,52.353279 5.001938,52.353359 5.001783,52.353315 5.001712,52.35322 5.001878,52.353166 5.001902,52.353112 5.001879,52.352973 5.001687,52.352951 5.001642,52.352936 5.001554,52.35295 5.001466,52.353049 5.001275,52.35297 5.001161,52.35295 5.001229,52.352917 5.001277,52.352864 5.001301,52.352809 5.001278,52.352539 5.000885,52.352524 5.000797,52.352538 5.000709,52.352815 5.000182,52.352791 5.000135,52.352776 5.000047,52.352787 4.999979,52.352706 4.999864,52.35267 4.999919,52.352616 4.999943,52.352532 4.999889,52.352507 4.999969,52.352422 5.000129,52.352336 5.000209,52.352345 5.000261,52.352331 5.00035,52.352289 5.000419,52.352235 5.000443,52.352119 5.000378,52.35207 5.0003,52.352056 5.000212,52.352081 5.000047,52.35213 4.999964,52.352174 4.999944,52.352306 4.999696,52.352292 4.999613,52.352306 4.999524,52.352455 4.999224,52.352531 4.999197,52.352585 4.99922,52.352684 4.999356,52.352727 4.999276,52.35265 4.999263,52.352605 4.999194,52.35259 4.999106,52.352617 4.99899,52.352704 4.998839,52.352822 4.998778,52.352841 4.998786,52.352853 4.998707,52.352915 4.998587,52.352942 4.998551,52.352995 4.998527,52.353064 4.998444,52.353485 4.997651,52.35353 4.997529,52.353538 4.997402,52.353596 4.997287,52.353623 4.997251,52.353677 4.997226,52.353731 4.99725,52.353767 4.997297,52.353811 4.997205,52.353833 4.997195,52.353884 4.9971,52.353873 4.996995,52.353838 4.996938,52.353823 4.99685,52.35382 4.996772,52.353846 4.996655,52.353943 4.996536,52.35402 4.996395,52.354074 4.99637,52.35415 4.996413,52.354498 4.995777,52.354548 4.995754,52.35456 4.99565,52.35474 4.995321,52.354766 4.995309,52.354798 4.995137,52.354776 4.995103,52.354762 4.995015,52.3548 4.994869,52.354851 4.994819,52.354923 4.994803,52.354977 4.99483,52.355046 4.99492,52.355055 4.994902,52.35495 4.99474,52.354935 4.994652,52.354961 4.994535,52.354995 4.994485,52.355049 4.994461,52.355103 4.994484,52.35514 4.994542,52.355158 4.994512,52.355175 4.994482,52.355197 4.994339,52.355232 4.994288,52.35531 4.99423,52.355458 4.993963,52.355501 4.993767,52.355536 4.993716,52.355589 4.993692,52.355669 4.993566,52.355838 4.993236,52.35586 4.993093,52.355895 4.993039,52.355948 4.993016,52.35601 4.992895,52.355966 4.992829,52.355951 4.992741,52.355966 4.992652,52.355991 4.992603,52.356069 4.992552,52.356121 4.992567,52.356226 4.992703,52.356207 4.992652,52.356177 4.992451,52.356204 4.992334,52.356252 4.992257,52.356306 4.992233,52.356362 4.992242,52.356556 4.991877,52.356579 4.991642,52.35662 4.991573,52.356674 4.991549,52.356728 4.991572,52.356799 4.991681,52.356813 4.991766,52.356865 4.991847,52.356879 4.991935,52.356866 4.992033,52.356583 4.992575,52.356548 4.992687,52.356497 4.992737,52.356351 4.993018,52.356329 4.993101,52.356263 4.993179,52.356079 4.993523,52.356055 4.993612,52.355991 4.993688,52.35573 4.994179,52.355693 4.994293,52.355644 4.994341,52.355431 4.994742,52.355393 4.994858,52.355331 4.99493,52.355455 4.995109,52.355474 4.99504,52.355691 4.994647,52.355744 4.994623,52.355808 4.994656,52.355796 4.994564,52.35581 4.994475,52.355876 4.99439,52.35587 4.994357,52.355896 4.99424,52.356129 4.993804,52.356196 4.993749,52.35622 4.993688,52.356262 4.993644,52.356291 4.993553,52.356381 4.993463,52.356435 4.993439,52.356477 4.993448,52.356531 4.993472,52.356569 4.993522,52.356592 4.993566,52.356607 4.993654,52.356592 4.993743,52.356543 4.993841,52.356614 4.993858,52.356603 4.993791,52.356617 4.993702,52.356682 4.99359,52.356736 4.993566,52.356483 4.993193,52.356468 4.993105,52.356482 4.993016,52.356943 4.992144,52.35697 4.992108,52.357024 4.992083,52.357131 4.992157,52.357172 4.992222,52.35718 4.992274,52.357239 4.992355,52.357253 4.992437,52.357289 4.992421,52.357389 4.992482,52.357445 4.992594,52.357479 4.992608,52.357522 4.992672,52.357571 4.992843,52.357557 4.992932,52.357496 4.993071,52.357542 4.993083,52.357601 4.992991,52.357669 4.992962,52.357723 4.992986,52.357766 4.993054,52.35778 4.993142,52.357766 4.99323,52.357652 4.993429,52.357693 4.993429,52.357758 4.993294,52.357812 4.99327,52.357866 4.993293,52.358086 4.993608,52.358098 4.993684,52.35817 4.99371,52.358258 4.993849,52.358273 4.993938,52.358259 4.994026,52.358128 4.994208,52.358119 4.994261,52.358071 4.994345,52.358015 4.994373,52.357898 4.994319,52.357844 4.994417,52.357933 4.994523,52.358014 4.994468,52.358068 4.994491,52.358079 4.994376,52.358283 4.993988,52.358337 4.993964,52.358391 4.993987,52.358474 4.994123,52.358488 4.994212,52.358475 4.994295,52.358507 4.994281,52.358561 4.994304,52.358766 4.994603,52.358776 4.994661,52.358829 4.994684,52.358995 4.994951,52.35901 4.995039,52.358995 4.995128,52.358905 4.995259,52.358852 4.995283,52.358745 4.995471,52.358711 4.995486,52.358698 4.995568,52.358543 4.99585,52.358489 4.995874,52.35845 4.995858,52.358362 4.995881,52.358393 4.99593,52.358408 4.996019,52.358394 4.996107,52.358134 4.996598,52.358078 4.996671,52.358071 4.996712,52.357853 4.997115,52.3578 4.997139,52.357766 4.997128,52.357736 4.997184,52.357753 4.997278,52.357739 4.997367,52.357682 4.997443,52.357675 4.997488,52.357612 4.997576,52.357605 4.99762,52.357494 4.997797,52.357487 4.997841,52.357404 4.99799,52.35735 4.998014,52.357296 4.997991,52.357256 4.997928,52.357178 4.997978,52.357124 4.997955,52.356787 4.997482,52.356842 4.997572,52.356852 4.997686,52.356903 4.997708,52.356964 4.997779,52.357229 4.998173,52.357247 4.998283,52.357233 4.998372,52.357136 4.99853,52.357098 4.99855,52.356885 4.99895,52.356832 4.998998,52.35684 4.999046,52.356826 4.999134,52.356596 4.999572,52.35657 4.999691,52.356456 4.99989,52.356402 4.999914,52.356348 4.999891,52.355972 4.999361,52.355596 5.000055,52.355542 5.000079,52.355483 5.000057,52.355446 5.000008,52.35542 5.000043,52.355216 5.000425,52.355532 5.000869,52.355549 5.000999,52.355539 5.001064,52.355601 5.001103,52.355629 5.001156,52.355644 5.001245,52.35563 5.001333,52.355584 5.001458,52.355096 5.002376,52.355015 5.002452,52.354962 5.002477,52.354908 5.002453,52.354761 5.002204,52.354702 5.002167,52.354577 5.001989,52.354506 5.002036,52.354447 5.002014,52.354398 5.001947,52.354111 5.002509,52.354135 5.002473,52.354204 5.002455,52.354315 5.002242,52.354394 5.002144,52.354448 5.00212,52.354519 5.002163,52.354547 5.002216,52.354559 5.002322,52.354679 5.002487,52.354704 5.002548,52.354819 5.00269,52.354833 5.002778,52.354807 5.002895,52.354772 5.002947,52.354721 5.002969,52.354668 5.003053,52.354662 5.003089,52.354594 5.003209,52.354582 5.003352,52.354495 5.003491,52.354441 5.003515),(52.353877 5.002189,52.353931 5.002165,52.353989 5.002192,52.354008 5.002157,52.353981 5.002044,52.353997 5.001951,52.354032 5.001867,52.353751 5.00147,52.35372 5.00152,52.353666 5.001544,52.353601 5.001508,52.353584 5.001541,52.353616 5.001664,52.353599 5.001756,52.353564 5.001821,52.353852 5.00223,52.353877 5.002189),(52.356327 4.995331,52.356376 4.995284,52.356399 4.99515,52.356841 4.994319,52.356815 4.994172,52.356691 4.993996,52.3567 4.994155,52.356686 4.994243,52.356615 4.994381,52.356567 4.994427,52.356546 4.994511,52.356431 4.994721,52.35641 4.994904,52.356372 4.994982,52.356347 4.995091,52.356277 4.995222,52.356228 4.995269,52.356218 4.995327,52.356154 4.99544,52.3561 4.995464,52.356046 4.995441,52.355993 4.995371,52.355961 4.995385,52.355928 4.995448,52.356123 4.995714,52.356327 4.995331),(52.355378 5.001238,52.355328 5.001204,52.35524 5.001052,52.355223 5.000932,52.355189 5.001026,52.35514 5.001072,52.354809 5.001694,52.354801 5.001758,52.354811 5.001819,52.354863 5.001854,52.354962 5.002021,52.355378 5.001238),(52.357253 4.996498,52.357309 4.996492,52.357335 4.996376,52.357819 4.995466,52.357846 4.995429,52.3579 4.995405,52.357963 4.995431,52.358009 4.99541,52.357994 4.99535,52.357951 4.995277,52.357941 4.995217,52.35787 4.995174,52.357254 4.994304,52.356439 4.995859,52.356542 4.995678,52.356596 4.995654,52.35665 4.995677,52.357151 4.996383,52.357174 4.996428,52.357184 4.996542,52.357253 4.996498),(52.353368 5.000988,52.353313 5.000952,52.353005 5.000514,52.352947 5.000523,52.3528 5.00077,52.352888 5.000896,52.352901 5.000837,52.352965 5.000725,52.353019 5.000701,52.353076 5.000728,52.35332 5.001074,52.353368 5.000988),(52.353421 4.998945,52.353448 4.998909,52.353518 4.998891,52.353514 4.998841,52.353541 4.998725,52.354032 4.997838,52.354101 4.997746,52.354154 4.997722,52.354208 4.997745,52.354238 4.997783,52.354224 4.997698,52.354238 4.99761,52.354288 4.997476,52.354336 4.997408,52.354391 4.997281,52.354435 4.997236,52.354466 4.99714,52.354532 4.997046,52.354604 4.996884,52.354626 4.996799,52.354836 4.996403,52.354889 4.996355,52.354841 4.996153,52.354856 4.996065,52.355135 4.995537,52.355063 4.995435,52.35498 4.995634,52.354932 4.995679,52.354796 4.995933,52.354717 4.996006,52.354691 4.996122,52.354328 4.996811,52.354307 4.996894,52.354244 4.996971,52.353896 4.997619,52.353089 4.99914,52.353049 4.999259,52.35297 4.999365,52.353097 4.999552,52.353421 4.998945),(52.354627 5.000985,52.354644 5.000893,52.354683 5.000828,52.354727 5.000799,52.35468 5.000747,52.354652 5.00067,52.354484 5.00042,52.354469 5.000331,52.354486 5.000239,52.354525 5.000174,52.354579 5.000149,52.354633 5.000173,52.354852 5.000476,52.354946 5.000288,52.354971 5.000277,52.355009 5.000214,52.355046 5.000197,52.355094 5.000108,52.35499 4.999949,52.354975 4.999861,52.354992 4.999768,52.355031 4.999703,52.355085 4.999679,52.355139 4.999702,52.355228 4.999823,52.355246 4.999733,52.355279 4.999673,52.35523 4.999652,52.355172 4.999562,52.355157 4.999474,52.355171 4.999385,52.355245 4.999249,52.355148 4.999109,52.355138 4.999101,52.355098 4.999166,52.355039 4.99919,52.354985 4.999166,52.354914 4.99907,52.354478 4.99987,52.354484 4.999908,52.35446 5.000042,52.354428 5.000103,52.354389 5.000168,52.354287 5.000231,52.354019 5.000738,52.354048 5.000894,52.35429 5.00123,52.354358 5.001252,52.354398 5.001316,52.354411 5.001392,52.354627 5.000985),(52.357623 4.9967,52.357657 4.996674,52.358006 4.996032,52.358045 4.995967,52.358074 4.995954,52.358008 4.995858,52.357948 4.995862,52.357914 4.995914,52.357594 4.996516,52.357579 4.99667,52.35751 4.996805,52.357542 4.99685,52.357623 4.9967),(52.354087 4.99949,52.354147 4.999469,52.354552 4.998701,52.354484 4.998606,52.35402 4.999479,52.354044 4.999573,52.354087 4.99949),(52.355605 4.996759,52.355662 4.996685,52.355669 4.996641,52.355746 4.99651,52.355479 4.996121,52.355461 4.996123,52.355325 4.996402,52.355369 4.996488,52.355397 4.996502,52.355447 4.996598,52.355479 4.996619,52.355524 4.996709,52.355552 4.996721,52.355599 4.996794,52.355605 4.996759),(52.356633 4.99888,52.356688 4.998825,52.356702 4.998736,52.356875 4.998413,52.356752 4.998243,52.356664 4.998376,52.356638 4.998462,52.356583 4.998535,52.356529 4.998559,52.356501 4.998547,52.356482 4.998614,52.356227 4.999094,52.356178 4.99914,52.356326 4.999366,52.356363 4.999389,52.356633 4.99888),(52.355062 4.997071,52.355116 4.997047,52.355192 4.997097,52.355263 4.997254,52.355272 4.997382,52.355365 4.997334,52.355419 4.997357,52.355481 4.997446,52.355554 4.99731,52.355629 4.997238,52.355645 4.997143,52.355683 4.997054,52.355657 4.997022,52.355643 4.997079,52.35559 4.99717,52.355536 4.997194,52.355482 4.997171,52.355117 4.996664,52.35466 4.997533,52.354744 4.997654,52.355062 4.997071),(52.355871 4.997712,52.355839 4.99759,52.355855 4.997497,52.356099 4.997043,52.356089 4.997018,52.35607 4.997018,52.355831 4.997458,52.3558 4.997472,52.355788 4.997592,52.355438 4.998251,52.35552 4.998368,52.355871 4.997712))";4.997537;52.355526;
21;"WARMTE WIJK";"IN BEDRIJF";"POLYGON((4.952035 52.372535,4.952012 52.372481,4.951947 52.372441,4.951769 52.372407,4.951565 52.372392,4.951436 52.372359,4.951294 52.372362,4.949946 52.372213,4.949862 52.372186,4.949679 52.372183,4.948653 52.372068,4.948542 52.372037,4.948374 52.372037,4.947388 52.371927,4.947379 52.371914,4.947382 52.371833,4.947442 52.371635,4.947515 52.371573,4.947814 52.371606,4.947831 52.371647,4.947896 52.371687,4.948037 52.371719,4.948701 52.371797,4.948792 52.371783,4.948827 52.371762,4.949171 52.371804,4.949339 52.371779,4.949449 52.371791,4.94952 52.371846,4.949578 52.371859,4.949653 52.371866,4.949816 52.371829,4.950253 52.371884,4.9503 52.371877,4.951084 52.37197,4.951153 52.372021,4.951263 52.372038,4.951352 52.372024,4.951417 52.371985,4.951461 52.371822,4.95144 52.371763,4.951375 52.371723,4.95123 52.371693,4.950486 52.371611,4.950309 52.371624,4.950267 52.371649,4.949402 52.371546,4.949242 52.371483,4.948922 52.371458,4.948848 52.371401,4.94876 52.371387,4.948095 52.371314,4.947947 52.371333,4.94786 52.371376,4.947557 52.371342,4.947486 52.371287,4.947373 52.371269,4.947285 52.371283,4.947173 52.371376,4.947042 52.371368,4.946954 52.371382,4.946889 52.371422,4.946864 52.371475,4.946887 52.371531,4.946964 52.371577,4.947085 52.371596,4.94705 52.371715,4.947002 52.371752,4.946874 52.371748,4.946841 52.371689,4.946695 52.371585,4.946679 52.371516,4.946585 52.371466,4.946591 52.371433,4.946517 52.37129,4.946323 52.371158,4.946235 52.371144,4.946155 52.371155,4.945711 52.371291,4.945637 52.371333,4.945625 52.37136,4.945551 52.371271,4.945483 52.371227,4.945395 52.371212,4.945308 52.37115,4.945238 52.371138,4.945224 52.371105,4.945122 52.371045,4.94179 52.370669,4.941671 52.370681,4.941638 52.370701,4.941577 52.370699,4.940968 52.370629,4.94088 52.370612,4.940864 52.370532,4.9408 52.370492,4.940302 52.370424,4.940213 52.370438,4.940148 52.370478,4.940067 52.370558,4.94005 52.370642,4.940013 52.370688,4.940029 52.370757,4.939966 52.370855,4.939989 52.370909,4.940126 52.370978,4.940557 52.371032,4.940689 52.371026,4.941582 52.371133,4.941712 52.371114,4.942585 52.371212,4.942704 52.371199,4.942797 52.371231,4.943788 52.371341,4.943866 52.37139,4.944017 52.371429,4.944506 52.371474,4.944849 52.371522,4.945042 52.3715,4.945226 52.371519,4.945331 52.371495,4.94542 52.371601,4.945313 52.371588,4.945251 52.371598,4.944629 52.371529,4.944548 52.371502,4.944413 52.371505,4.943949 52.371453,4.943828 52.371422,4.943734 52.37143,4.943503 52.371404,4.943437 52.371359,4.943379 52.371346,4.943076 52.371312,4.942957 52.371324,4.942929 52.371341,4.942267 52.371267,4.942198 52.371218,4.94214 52.371205,4.941691 52.371156,4.941572 52.371168,4.941546 52.371184,4.940135 52.37103,4.940047 52.371044,4.93993 52.37111,4.939895 52.371193,4.938822 52.37107,4.938702 52.371083,4.938637 52.371122,4.938613 52.371175,4.938602 52.371713,4.938448 52.371712,4.938425 52.371647,4.938355 52.371604,4.938129 52.371569,4.938038 52.371584,4.937973 52.371623,4.937898 52.371734,4.937794 52.371733,4.937678 52.371763,4.937686 52.371416,4.937849 52.371418,4.937938 52.371404,4.938004 52.371364,4.938028 52.371311,4.938005 52.371247,4.937941 52.371207,4.937751 52.371188,4.937548 52.371187,4.937454 52.371201,4.937308 52.371273,4.937283 52.371326,4.937319 52.371439,4.937313 52.371696,4.937193 52.371681,4.937266 52.371411,4.937227 52.371276,4.937122 52.371194,4.936894 52.371161,4.936819 52.371172,4.936751 52.37116,4.936443 52.371167,4.936259 52.371156,4.936069 52.371185,4.936004 52.371225,4.93598 52.371278,4.935977 52.371407,4.935952 52.37146,4.935965 52.371577,4.935953 52.371629,4.935911 52.371625,4.935882 52.371543,4.935918 52.371496,4.935936 52.371421,4.935924 52.371322,4.9359 52.371268,4.935795 52.371189,4.935558 52.371156,4.93525 52.37117,4.935191 52.37116,4.934888 52.371166,4.934862 52.371124,4.934911 52.371116,4.935009 52.37105,4.935291 52.371059,4.935354 52.371049,4.93544 52.371062,4.935646 52.371037,4.935716 52.370996,4.93574 52.370943,4.935745 52.370826,4.935735 52.370549,4.935757 52.370269,4.935739 52.370226,4.93576 52.37017,4.935736 52.370115,4.935672 52.370075,4.93552 52.37006,4.935418 52.370074,4.935353 52.370113,4.935328 52.370166,4.935314 52.370765,4.935268 52.370798,4.935201 52.370753,4.935017 52.370737,4.935029 52.370201,4.935006 52.370146,4.934976 52.370127,4.93495 52.370021,4.934886 52.369981,4.934681 52.369966,4.934592 52.36998,4.934526 52.370019,4.934502 52.370072,4.934498 52.370119,4.93455 52.37019,4.934524 52.370206,4.934496 52.370289,4.934512 52.370328,4.93449 52.370483,4.934511 52.370534,4.934489 52.370604,4.934505 52.370644,4.934491 52.370866,4.93441 52.370853,4.934314 52.370867,4.934249 52.370906,4.934225 52.37096,4.934248 52.371077,4.934313 52.371117,4.934474 52.371132,4.934446 52.371229,4.934441 52.371493,4.9345 52.371617,4.934565 52.371656,4.934682 52.371693,4.934876 52.371685,4.935555 52.371753,4.935628 52.371812,4.935692 52.371826,4.936142 52.371866,4.93623 52.371852,4.936271 52.371828,4.936883 52.371886,4.937286 52.371949,4.937367 52.372003,4.937431 52.372016,4.937754 52.372045,4.937867 52.372032,4.937932 52.371993,4.937952 52.371957,4.93827 52.371959,4.938379 52.371933,4.938487 52.371934,4.938487 52.372092,4.938447 52.372155,4.93845 52.372335,4.938267 52.372334,4.938178 52.372348,4.938113 52.372387,4.938084 52.372532,4.938032 52.372524,4.937934 52.372537,4.937869 52.372576,4.937837 52.372653,4.937765 52.372651,4.937706 52.372614,4.937469 52.372574,4.936913 52.37252,4.936794 52.372532,4.936729 52.372572,4.93669 52.372664,4.936697 52.372705,4.936638 52.372763,4.936624 52.372819,4.936647 52.372873,4.936536 52.372924,4.936512 52.372978,4.936534 52.373037,4.936594 52.373074,4.936537 52.373083,4.936472 52.373122,4.936448 52.373176,4.93647 52.373234,4.936534 52.373274,4.937764 52.373418,4.937695 52.373442,4.937616 52.373437,4.936033 52.373634,4.935943 52.373669,4.935863 52.373667,4.935417 52.373743,4.935397 52.3737,4.935657 52.373619,4.935694 52.373641,4.935782 52.373656,4.936068 52.373611,4.936172 52.373562,4.936238 52.373549,4.936381 52.373588,4.936572 52.373555,4.936637 52.373516,4.936654 52.373429,4.936605 52.37334,4.93654 52.3733,4.936452 52.373286,4.936364 52.3733,4.936317 52.373326,4.936229 52.373323,4.936047 52.373355,4.935992 52.373321,4.935855 52.37331,4.935708 52.373339,4.935635 52.373396,4.935524 52.373415,4.935507 52.373375,4.935443 52.373335,4.935305 52.373325,4.935163 52.373356,4.935098 52.373395,4.935073 52.373449,4.934824 52.373502,4.934754 52.373551,4.934241 52.373642,4.934175 52.373682,4.934154 52.37377,4.933867 52.373827,4.933827 52.373699,4.933762 52.373657,4.933624 52.373646,4.933558 52.373661,4.933493 52.3737,4.933469 52.373754,4.933523 52.373887,4.932869 52.374001,4.932822 52.373911,4.932758 52.373871,4.93267 52.373857,4.932581 52.373871,4.932512 52.373911,4.932488 52.373964,4.932525 52.37406,4.932214 52.374114,4.932138 52.374056,4.932 52.374046,4.93191 52.374065,4.931845 52.374104,4.931821 52.374158,4.931844 52.374212,4.931906 52.374253,4.931936 52.374305,4.932 52.374345,4.932138 52.374356,4.934431 52.373958,4.934535 52.373908,4.934559 52.373855,4.934548 52.373814,4.934655 52.373795,4.934707 52.373866,4.934771 52.373906,4.934909 52.373917,4.935039 52.373888,4.935094 52.373855,4.935134 52.373932,4.935199 52.373972,4.935287 52.373987,4.935817 52.373903,4.935923 52.373929,4.93597 52.373925,4.936186 52.373886,4.936258 52.373831,4.9376 52.373664,4.93767 52.373691,4.937815 52.373784,4.937904 52.373799,4.938076 52.37376,4.938102 52.373804,4.938166 52.373844,4.938254 52.373859,4.938331 52.37385,4.938377 52.373879,4.938465 52.373893,4.939114 52.373779,4.939188 52.373898,4.939252 52.373938,4.939387 52.373949,4.939511 52.373925,4.939576 52.373886,4.9396 52.373832,4.939575 52.373774,4.939474 52.37371,4.939452 52.373673,4.939269 52.373571,4.939157 52.373546,4.939105 52.37355,4.938574 52.373648,4.938531 52.373621,4.938442 52.373606,4.938427 52.373479,4.938495 52.373529,4.938674 52.373556,4.938885 52.373538,4.93895 52.373499,4.938994 52.373497,4.939661 52.373574,4.939709 52.373568,4.939895 52.373589,4.939984 52.373575,4.940049 52.373535,4.940073 52.373481,4.940051 52.373424,4.939968 52.37338,4.940025 52.373298,4.940748 52.373375,4.940888 52.373412,4.94096 52.3734,4.94092 52.373432,4.940884 52.373521,4.940911 52.373593,4.940975 52.373633,4.941141 52.373691,4.941195 52.373724,4.941253 52.373735,4.94131 52.37377,4.941367 52.37378,4.941424 52.373815,4.941514 52.373831,4.941631 52.373812,4.941691 52.373778,4.941829 52.37365,4.941816 52.373679,4.941839 52.373733,4.941884 52.373761,4.941902 52.373827,4.941966 52.373867,4.942021 52.37388,4.942103 52.373887,4.942192 52.373873,4.942275 52.37383,4.942628 52.373865,4.942719 52.373901,4.942807 52.373916,4.943428 52.373985,4.943547 52.373965,4.943673 52.37398,4.943712 52.374052,4.943776 52.374091,4.944042 52.374126,4.944252 52.374075,4.944317 52.374036,4.944335 52.373995,4.944459 52.373975,4.944722 52.374004,4.944811 52.37399,4.944895 52.373922,4.945264 52.373963,4.945152 52.374337,4.945098 52.374347,4.945033 52.374386,4.945008 52.37444,4.945037 52.374526,4.945059 52.37454,4.944983 52.374531,4.944888 52.374546,4.944823 52.374585,4.944807 52.374668,4.944715 52.374712,4.944691 52.374766,4.944705 52.374858,4.944728 52.3749,4.944792 52.37494,4.94488 52.374955,4.945123 52.374937,4.945155 52.374918,4.945234 52.374905,4.945299 52.374866,4.945336 52.374793,4.946112 52.374879,4.946189 52.374904,4.946316 52.3749,4.947552 52.37504,4.947633 52.375067,4.947757 52.375064,4.948886 52.375185,4.948974 52.375171,4.94904 52.375132,4.949128 52.374911,4.949105 52.374857,4.94904 52.374818,4.948932 52.374806,4.948913 52.374742,4.948848 52.374703,4.948695 52.374668,4.94788 52.374582,4.94771 52.37453,4.947558 52.374522,4.947654 52.374514,4.947742 52.374532,4.947963 52.374541,4.948105 52.37458,4.948527 52.374627,4.948614 52.374622,4.948758 52.374647,4.948846 52.374633,4.948912 52.374594,4.948975 52.374365,4.948928 52.374258,4.948996 52.374219,4.949025 52.374158,4.949106 52.374115,4.94913 52.374065,4.94914 52.373927,4.949117 52.373868,4.949053 52.373829,4.948973 52.373813,4.948956 52.373727,4.94901 52.373652,4.94897 52.373586,4.948954 52.373498,4.948889 52.373459,4.948801 52.373444,4.948576 52.37348,4.948501 52.373535,4.948389 52.373528,4.948301 52.373542,4.948223 52.373603,4.948167 52.373612,4.948123 52.373539,4.948059 52.3735,4.947971 52.373485,4.946081 52.373805,4.945992 52.373815,4.945616 52.373777,4.945614 52.373723,4.946005 52.373774,4.946093 52.37376,4.946171 52.3737,4.946497 52.373735,4.946585 52.373721,4.946651 52.373682,4.946681 52.373617,4.946826 52.373605,4.946869 52.373586,4.946934 52.373547,4.946977 52.373478,4.947006 52.373496,4.947095 52.373511,4.947202 52.373495,4.947446 52.373526,4.947534 52.373512,4.947599 52.373473,4.94762 52.373439,4.94763 52.3734,4.947606 52.373346,4.947542 52.373306,4.947454 52.373292,4.947025 52.373241,4.946832 52.373248,4.946677 52.37323,4.946654 52.373177,4.94659 52.373137,4.94603 52.373068,4.945931 52.37303,4.945857 52.373023,4.945736 52.373038,4.943957 52.372839,4.943858 52.3728,4.943784 52.372794,4.943696 52.372808,4.943055 52.372738,4.942933 52.372707,4.942845 52.372721,4.942785 52.372755,4.942566 52.372957,4.942467 52.372969,4.942116 52.372825,4.942103 52.372796,4.941984 52.372733,4.941855 52.372719,4.941764 52.372681,4.941666 52.372663,4.941578 52.372677,4.941523 52.372648,4.941402 52.372629,4.941313 52.372643,4.941213 52.372634,4.941125 52.372648,4.941078 52.372676,4.94027 52.372585,4.940245 52.372544,4.940181 52.372504,4.939971 52.372454,4.939605 52.372414,4.939483 52.372426,4.939413 52.372475,4.938969 52.372427,4.938933 52.372385,4.939028 52.372341,4.939052 52.372287,4.93903 52.372228,4.938965 52.372188,4.938849 52.372172,4.938849 52.372155,4.938891 52.372162,4.938985 52.372148,4.939066 52.372094,4.93909 52.37204,4.939067 52.371958,4.93898 52.371915,4.939027 52.371738,4.939004 52.371684,4.938967 52.371661,4.938973 52.371314,4.939833 52.371412,4.939818 52.37147,4.939875 52.371591,4.939939 52.371631,4.939997 52.371644,4.943489 52.372032,4.943608 52.37202,4.943673 52.37198,4.943694 52.371945,4.943844 52.371938,4.944116 52.371972,4.944222 52.372055,4.94428 52.372068,4.94498 52.372146,4.945099 52.372134,4.945164 52.372095,4.945678 52.372149,4.945694 52.372187,4.945758 52.372227,4.945868 52.372245,4.945985 52.372233,4.94605 52.372193,4.946075 52.372139,4.946203 52.372257,4.946292 52.372272,4.946499 52.37222,4.946557 52.372187,4.946947 52.372062,4.946908 52.372271,4.946931 52.372325,4.946995 52.372364,4.947147 52.3724,4.948924 52.372602,4.949029 52.372594,4.949134 52.37262,4.95123 52.372849,4.951592 52.372809,4.951657 52.37277,4.951706 52.372633,4.951855 52.372648,4.951944 52.372634,4.952009 52.372595,4.952035 52.372535),(4.947084 52.374479,4.946914 52.374525,4.945747 52.374405,4.945655 52.374413,4.945628 52.374397,4.945524 52.374383,4.945517 52.374344,4.94554 52.374269,4.945662 52.374272,4.945715 52.374305,4.945783 52.374319,4.945921 52.374297,4.946085 52.374332,4.946174 52.374318,4.946215 52.374293,4.94627 52.374295,4.946654 52.374335,4.946729 52.374399,4.94682 52.374414,4.946909 52.3744,4.946947 52.374377,4.946999 52.374386,4.947134 52.374376,4.947265 52.374391,4.947328 52.374404,4.947346 52.374447,4.94741 52.374486,4.947536 52.374519,4.947084 52.374479),(4.936763 52.371645,4.93636 52.371608,4.936358 52.371407,4.936818 52.371416,4.936763 52.371645),(4.946264 52.373404,4.945258 52.373291,4.945169 52.373305,4.94513 52.373329,4.945059 52.373275,4.944914 52.373253,4.943194 52.373064,4.943137 52.372971,4.945038 52.373184,4.945079 52.373209,4.945195 52.373229,4.945316 52.373216,4.946287 52.37332,4.946264 52.373404),(4.941758 52.373195,4.941782 52.373249,4.94177 52.37329,4.941671 52.373355,4.94163 52.373423,4.941563 52.373463,4.941542 52.373504,4.941471 52.373554,4.941347 52.373515,4.941314 52.373493,4.941521 52.373301,4.941545 52.373247,4.941515 52.373189,4.941639 52.373089,4.941654 52.373056,4.941699 52.373029,4.941821 52.373106,4.941758 52.373195),(4.945064 52.37184,4.944976 52.371854,4.944881 52.371905,4.944851 52.371905,4.944514 52.371866,4.944497 52.371826,4.944433 52.371786,4.944375 52.371773,4.943505 52.371679,4.943417 52.371693,4.943352 52.371732,4.943322 52.371785,4.943285 52.371784,4.943191 52.371771,4.943211 52.371694,4.943188 52.371639,4.943134 52.371606,4.943161 52.371547,4.943238 52.371591,4.943333 52.371614,4.94547 52.371846,4.945539 52.37186,4.945568 52.371898,4.945064 52.37184))";"POLYGON((52.372535 4.952035,52.372481 4.952012,52.372441 4.951947,52.372407 4.951769,52.372392 4.951565,52.372359 4.951436,52.372362 4.951294,52.372213 4.949946,52.372186 4.949862,52.372183 4.949679,52.372068 4.948653,52.372037 4.948542,52.372037 4.948374,52.371927 4.947388,52.371914 4.947379,52.371833 4.947382,52.371635 4.947442,52.371573 4.947515,52.371606 4.947814,52.371647 4.947831,52.371687 4.947896,52.371719 4.948037,52.371797 4.948701,52.371783 4.948792,52.371762 4.948827,52.371804 4.949171,52.371779 4.949339,52.371791 4.949449,52.371846 4.94952,52.371859 4.949578,52.371866 4.949653,52.371829 4.949816,52.371884 4.950253,52.371877 4.9503,52.37197 4.951084,52.372021 4.951153,52.372038 4.951263,52.372024 4.951352,52.371985 4.951417,52.371822 4.951461,52.371763 4.95144,52.371723 4.951375,52.371693 4.95123,52.371611 4.950486,52.371624 4.950309,52.371649 4.950267,52.371546 4.949402,52.371483 4.949242,52.371458 4.948922,52.371401 4.948848,52.371387 4.94876,52.371314 4.948095,52.371333 4.947947,52.371376 4.94786,52.371342 4.947557,52.371287 4.947486,52.371269 4.947373,52.371283 4.947285,52.371376 4.947173,52.371368 4.947042,52.371382 4.946954,52.371422 4.946889,52.371475 4.946864,52.371531 4.946887,52.371577 4.946964,52.371596 4.947085,52.371715 4.94705,52.371752 4.947002,52.371748 4.946874,52.371689 4.946841,52.371585 4.946695,52.371516 4.946679,52.371466 4.946585,52.371433 4.946591,52.37129 4.946517,52.371158 4.946323,52.371144 4.946235,52.371155 4.946155,52.371291 4.945711,52.371333 4.945637,52.37136 4.945625,52.371271 4.945551,52.371227 4.945483,52.371212 4.945395,52.37115 4.945308,52.371138 4.945238,52.371105 4.945224,52.371045 4.945122,52.370669 4.94179,52.370681 4.941671,52.370701 4.941638,52.370699 4.941577,52.370629 4.940968,52.370612 4.94088,52.370532 4.940864,52.370492 4.9408,52.370424 4.940302,52.370438 4.940213,52.370478 4.940148,52.370558 4.940067,52.370642 4.94005,52.370688 4.940013,52.370757 4.940029,52.370855 4.939966,52.370909 4.939989,52.370978 4.940126,52.371032 4.940557,52.371026 4.940689,52.371133 4.941582,52.371114 4.941712,52.371212 4.942585,52.371199 4.942704,52.371231 4.942797,52.371341 4.943788,52.37139 4.943866,52.371429 4.944017,52.371474 4.944506,52.371522 4.944849,52.3715 4.945042,52.371519 4.945226,52.371495 4.945331,52.371601 4.94542,52.371588 4.945313,52.371598 4.945251,52.371529 4.944629,52.371502 4.944548,52.371505 4.944413,52.371453 4.943949,52.371422 4.943828,52.37143 4.943734,52.371404 4.943503,52.371359 4.943437,52.371346 4.943379,52.371312 4.943076,52.371324 4.942957,52.371341 4.942929,52.371267 4.942267,52.371218 4.942198,52.371205 4.94214,52.371156 4.941691,52.371168 4.941572,52.371184 4.941546,52.37103 4.940135,52.371044 4.940047,52.37111 4.93993,52.371193 4.939895,52.37107 4.938822,52.371083 4.938702,52.371122 4.938637,52.371175 4.938613,52.371713 4.938602,52.371712 4.938448,52.371647 4.938425,52.371604 4.938355,52.371569 4.938129,52.371584 4.938038,52.371623 4.937973,52.371734 4.937898,52.371733 4.937794,52.371763 4.937678,52.371416 4.937686,52.371418 4.937849,52.371404 4.937938,52.371364 4.938004,52.371311 4.938028,52.371247 4.938005,52.371207 4.937941,52.371188 4.937751,52.371187 4.937548,52.371201 4.937454,52.371273 4.937308,52.371326 4.937283,52.371439 4.937319,52.371696 4.937313,52.371681 4.937193,52.371411 4.937266,52.371276 4.937227,52.371194 4.937122,52.371161 4.936894,52.371172 4.936819,52.37116 4.936751,52.371167 4.936443,52.371156 4.936259,52.371185 4.936069,52.371225 4.936004,52.371278 4.93598,52.371407 4.935977,52.37146 4.935952,52.371577 4.935965,52.371629 4.935953,52.371625 4.935911,52.371543 4.935882,52.371496 4.935918,52.371421 4.935936,52.371322 4.935924,52.371268 4.9359,52.371189 4.935795,52.371156 4.935558,52.37117 4.93525,52.37116 4.935191,52.371166 4.934888,52.371124 4.934862,52.371116 4.934911,52.37105 4.935009,52.371059 4.935291,52.371049 4.935354,52.371062 4.93544,52.371037 4.935646,52.370996 4.935716,52.370943 4.93574,52.370826 4.935745,52.370549 4.935735,52.370269 4.935757,52.370226 4.935739,52.37017 4.93576,52.370115 4.935736,52.370075 4.935672,52.37006 4.93552,52.370074 4.935418,52.370113 4.935353,52.370166 4.935328,52.370765 4.935314,52.370798 4.935268,52.370753 4.935201,52.370737 4.935017,52.370201 4.935029,52.370146 4.935006,52.370127 4.934976,52.370021 4.93495,52.369981 4.934886,52.369966 4.934681,52.36998 4.934592,52.370019 4.934526,52.370072 4.934502,52.370119 4.934498,52.37019 4.93455,52.370206 4.934524,52.370289 4.934496,52.370328 4.934512,52.370483 4.93449,52.370534 4.934511,52.370604 4.934489,52.370644 4.934505,52.370866 4.934491,52.370853 4.93441,52.370867 4.934314,52.370906 4.934249,52.37096 4.934225,52.371077 4.934248,52.371117 4.934313,52.371132 4.934474,52.371229 4.934446,52.371493 4.934441,52.371617 4.9345,52.371656 4.934565,52.371693 4.934682,52.371685 4.934876,52.371753 4.935555,52.371812 4.935628,52.371826 4.935692,52.371866 4.936142,52.371852 4.93623,52.371828 4.936271,52.371886 4.936883,52.371949 4.937286,52.372003 4.937367,52.372016 4.937431,52.372045 4.937754,52.372032 4.937867,52.371993 4.937932,52.371957 4.937952,52.371959 4.93827,52.371933 4.938379,52.371934 4.938487,52.372092 4.938487,52.372155 4.938447,52.372335 4.93845,52.372334 4.938267,52.372348 4.938178,52.372387 4.938113,52.372532 4.938084,52.372524 4.938032,52.372537 4.937934,52.372576 4.937869,52.372653 4.937837,52.372651 4.937765,52.372614 4.937706,52.372574 4.937469,52.37252 4.936913,52.372532 4.936794,52.372572 4.936729,52.372664 4.93669,52.372705 4.936697,52.372763 4.936638,52.372819 4.936624,52.372873 4.936647,52.372924 4.936536,52.372978 4.936512,52.373037 4.936534,52.373074 4.936594,52.373083 4.936537,52.373122 4.936472,52.373176 4.936448,52.373234 4.93647,52.373274 4.936534,52.373418 4.937764,52.373442 4.937695,52.373437 4.937616,52.373634 4.936033,52.373669 4.935943,52.373667 4.935863,52.373743 4.935417,52.3737 4.935397,52.373619 4.935657,52.373641 4.935694,52.373656 4.935782,52.373611 4.936068,52.373562 4.936172,52.373549 4.936238,52.373588 4.936381,52.373555 4.936572,52.373516 4.936637,52.373429 4.936654,52.37334 4.936605,52.3733 4.93654,52.373286 4.936452,52.3733 4.936364,52.373326 4.936317,52.373323 4.936229,52.373355 4.936047,52.373321 4.935992,52.37331 4.935855,52.373339 4.935708,52.373396 4.935635,52.373415 4.935524,52.373375 4.935507,52.373335 4.935443,52.373325 4.935305,52.373356 4.935163,52.373395 4.935098,52.373449 4.935073,52.373502 4.934824,52.373551 4.934754,52.373642 4.934241,52.373682 4.934175,52.37377 4.934154,52.373827 4.933867,52.373699 4.933827,52.373657 4.933762,52.373646 4.933624,52.373661 4.933558,52.3737 4.933493,52.373754 4.933469,52.373887 4.933523,52.374001 4.932869,52.373911 4.932822,52.373871 4.932758,52.373857 4.93267,52.373871 4.932581,52.373911 4.932512,52.373964 4.932488,52.37406 4.932525,52.374114 4.932214,52.374056 4.932138,52.374046 4.932,52.374065 4.93191,52.374104 4.931845,52.374158 4.931821,52.374212 4.931844,52.374253 4.931906,52.374305 4.931936,52.374345 4.932,52.374356 4.932138,52.373958 4.934431,52.373908 4.934535,52.373855 4.934559,52.373814 4.934548,52.373795 4.934655,52.373866 4.934707,52.373906 4.934771,52.373917 4.934909,52.373888 4.935039,52.373855 4.935094,52.373932 4.935134,52.373972 4.935199,52.373987 4.935287,52.373903 4.935817,52.373929 4.935923,52.373925 4.93597,52.373886 4.936186,52.373831 4.936258,52.373664 4.9376,52.373691 4.93767,52.373784 4.937815,52.373799 4.937904,52.37376 4.938076,52.373804 4.938102,52.373844 4.938166,52.373859 4.938254,52.37385 4.938331,52.373879 4.938377,52.373893 4.938465,52.373779 4.939114,52.373898 4.939188,52.373938 4.939252,52.373949 4.939387,52.373925 4.939511,52.373886 4.939576,52.373832 4.9396,52.373774 4.939575,52.37371 4.939474,52.373673 4.939452,52.373571 4.939269,52.373546 4.939157,52.37355 4.939105,52.373648 4.938574,52.373621 4.938531,52.373606 4.938442,52.373479 4.938427,52.373529 4.938495,52.373556 4.938674,52.373538 4.938885,52.373499 4.93895,52.373497 4.938994,52.373574 4.939661,52.373568 4.939709,52.373589 4.939895,52.373575 4.939984,52.373535 4.940049,52.373481 4.940073,52.373424 4.940051,52.37338 4.939968,52.373298 4.940025,52.373375 4.940748,52.373412 4.940888,52.3734 4.94096,52.373432 4.94092,52.373521 4.940884,52.373593 4.940911,52.373633 4.940975,52.373691 4.941141,52.373724 4.941195,52.373735 4.941253,52.37377 4.94131,52.37378 4.941367,52.373815 4.941424,52.373831 4.941514,52.373812 4.941631,52.373778 4.941691,52.37365 4.941829,52.373679 4.941816,52.373733 4.941839,52.373761 4.941884,52.373827 4.941902,52.373867 4.941966,52.37388 4.942021,52.373887 4.942103,52.373873 4.942192,52.37383 4.942275,52.373865 4.942628,52.373901 4.942719,52.373916 4.942807,52.373985 4.943428,52.373965 4.943547,52.37398 4.943673,52.374052 4.943712,52.374091 4.943776,52.374126 4.944042,52.374075 4.944252,52.374036 4.944317,52.373995 4.944335,52.373975 4.944459,52.374004 4.944722,52.37399 4.944811,52.373922 4.944895,52.373963 4.945264,52.374337 4.945152,52.374347 4.945098,52.374386 4.945033,52.37444 4.945008,52.374526 4.945037,52.37454 4.945059,52.374531 4.944983,52.374546 4.944888,52.374585 4.944823,52.374668 4.944807,52.374712 4.944715,52.374766 4.944691,52.374858 4.944705,52.3749 4.944728,52.37494 4.944792,52.374955 4.94488,52.374937 4.945123,52.374918 4.945155,52.374905 4.945234,52.374866 4.945299,52.374793 4.945336,52.374879 4.946112,52.374904 4.946189,52.3749 4.946316,52.37504 4.947552,52.375067 4.947633,52.375064 4.947757,52.375185 4.948886,52.375171 4.948974,52.375132 4.94904,52.374911 4.949128,52.374857 4.949105,52.374818 4.94904,52.374806 4.948932,52.374742 4.948913,52.374703 4.948848,52.374668 4.948695,52.374582 4.94788,52.37453 4.94771,52.374522 4.947558,52.374514 4.947654,52.374532 4.947742,52.374541 4.947963,52.37458 4.948105,52.374627 4.948527,52.374622 4.948614,52.374647 4.948758,52.374633 4.948846,52.374594 4.948912,52.374365 4.948975,52.374258 4.948928,52.374219 4.948996,52.374158 4.949025,52.374115 4.949106,52.374065 4.94913,52.373927 4.94914,52.373868 4.949117,52.373829 4.949053,52.373813 4.948973,52.373727 4.948956,52.373652 4.94901,52.373586 4.94897,52.373498 4.948954,52.373459 4.948889,52.373444 4.948801,52.37348 4.948576,52.373535 4.948501,52.373528 4.948389,52.373542 4.948301,52.373603 4.948223,52.373612 4.948167,52.373539 4.948123,52.3735 4.948059,52.373485 4.947971,52.373805 4.946081,52.373815 4.945992,52.373777 4.945616,52.373723 4.945614,52.373774 4.946005,52.37376 4.946093,52.3737 4.946171,52.373735 4.946497,52.373721 4.946585,52.373682 4.946651,52.373617 4.946681,52.373605 4.946826,52.373586 4.946869,52.373547 4.946934,52.373478 4.946977,52.373496 4.947006,52.373511 4.947095,52.373495 4.947202,52.373526 4.947446,52.373512 4.947534,52.373473 4.947599,52.373439 4.94762,52.3734 4.94763,52.373346 4.947606,52.373306 4.947542,52.373292 4.947454,52.373241 4.947025,52.373248 4.946832,52.37323 4.946677,52.373177 4.946654,52.373137 4.94659,52.373068 4.94603,52.37303 4.945931,52.373023 4.945857,52.373038 4.945736,52.372839 4.943957,52.3728 4.943858,52.372794 4.943784,52.372808 4.943696,52.372738 4.943055,52.372707 4.942933,52.372721 4.942845,52.372755 4.942785,52.372957 4.942566,52.372969 4.942467,52.372825 4.942116,52.372796 4.942103,52.372733 4.941984,52.372719 4.941855,52.372681 4.941764,52.372663 4.941666,52.372677 4.941578,52.372648 4.941523,52.372629 4.941402,52.372643 4.941313,52.372634 4.941213,52.372648 4.941125,52.372676 4.941078,52.372585 4.94027,52.372544 4.940245,52.372504 4.940181,52.372454 4.939971,52.372414 4.939605,52.372426 4.939483,52.372475 4.939413,52.372427 4.938969,52.372385 4.938933,52.372341 4.939028,52.372287 4.939052,52.372228 4.93903,52.372188 4.938965,52.372172 4.938849,52.372155 4.938849,52.372162 4.938891,52.372148 4.938985,52.372094 4.939066,52.37204 4.93909,52.371958 4.939067,52.371915 4.93898,52.371738 4.939027,52.371684 4.939004,52.371661 4.938967,52.371314 4.938973,52.371412 4.939833,52.37147 4.939818,52.371591 4.939875,52.371631 4.939939,52.371644 4.939997,52.372032 4.943489,52.37202 4.943608,52.37198 4.943673,52.371945 4.943694,52.371938 4.943844,52.371972 4.944116,52.372055 4.944222,52.372068 4.94428,52.372146 4.94498,52.372134 4.945099,52.372095 4.945164,52.372149 4.945678,52.372187 4.945694,52.372227 4.945758,52.372245 4.945868,52.372233 4.945985,52.372193 4.94605,52.372139 4.946075,52.372257 4.946203,52.372272 4.946292,52.37222 4.946499,52.372187 4.946557,52.372062 4.946947,52.372271 4.946908,52.372325 4.946931,52.372364 4.946995,52.3724 4.947147,52.372602 4.948924,52.372594 4.949029,52.37262 4.949134,52.372849 4.95123,52.372809 4.951592,52.37277 4.951657,52.372633 4.951706,52.372648 4.951855,52.372634 4.951944,52.372595 4.952009,52.372535 4.952035),(52.374479 4.947084,52.374525 4.946914,52.374405 4.945747,52.374413 4.945655,52.374397 4.945628,52.374383 4.945524,52.374344 4.945517,52.374269 4.94554,52.374272 4.945662,52.374305 4.945715,52.374319 4.945783,52.374297 4.945921,52.374332 4.946085,52.374318 4.946174,52.374293 4.946215,52.374295 4.94627,52.374335 4.946654,52.374399 4.946729,52.374414 4.94682,52.3744 4.946909,52.374377 4.946947,52.374386 4.946999,52.374376 4.947134,52.374391 4.947265,52.374404 4.947328,52.374447 4.947346,52.374486 4.94741,52.374519 4.947536,52.374479 4.947084),(52.371645 4.936763,52.371608 4.93636,52.371407 4.936358,52.371416 4.936818,52.371645 4.936763),(52.373404 4.946264,52.373291 4.945258,52.373305 4.945169,52.373329 4.94513,52.373275 4.945059,52.373253 4.944914,52.373064 4.943194,52.372971 4.943137,52.373184 4.945038,52.373209 4.945079,52.373229 4.945195,52.373216 4.945316,52.37332 4.946287,52.373404 4.946264),(52.373195 4.941758,52.373249 4.941782,52.37329 4.94177,52.373355 4.941671,52.373423 4.94163,52.373463 4.941563,52.373504 4.941542,52.373554 4.941471,52.373515 4.941347,52.373493 4.941314,52.373301 4.941521,52.373247 4.941545,52.373189 4.941515,52.373089 4.941639,52.373056 4.941654,52.373029 4.941699,52.373106 4.941821,52.373195 4.941758),(52.37184 4.945064,52.371854 4.944976,52.371905 4.944881,52.371905 4.944851,52.371866 4.944514,52.371826 4.944497,52.371786 4.944433,52.371773 4.944375,52.371679 4.943505,52.371693 4.943417,52.371732 4.943352,52.371785 4.943322,52.371784 4.943285,52.371771 4.943191,52.371694 4.943211,52.371639 4.943188,52.371606 4.943134,52.371547 4.943161,52.371591 4.943238,52.371614 4.943333,52.371846 4.94547,52.37186 4.945539,52.371898 4.945568,52.37184 4.945064))";4.941933;52.3725685;
22;"WARMTE WIJK";"IN BEDRIJF";"POLYGON((5.005182 52.354673,5.005158 52.354619,5.00509 52.354577,5.005002 52.354562,5.004902 52.354502,5.004775 52.354493,5.004694 52.354444,5.004605 52.354429,5.004489 52.354456,5.00437 52.354526,5.004346 52.35458,5.004389 52.354652,5.004367 52.354665,5.004322 52.354642,5.004234 52.354627,5.004145 52.354642,5.00398 52.354727,5.003943 52.354754,5.003919 52.354808,5.003812 52.35482,5.003622 52.354926,5.003598 52.35498,5.003641 52.355051,5.003617 52.355064,5.003486 52.355028,5.003398 52.355042,5.003164 52.355171,5.00314 52.355225,5.003163 52.355279,5.003272 52.355358,5.003259 52.355387,5.003282 52.355441,5.003366 52.355503,5.003058 52.35567,5.002962 52.355603,5.003073 52.355537,5.003097 52.355483,5.003074 52.355429,5.002956 52.355365,5.002864 52.355349,5.002775 52.355363,5.002706 52.355405,5.002692 52.355436,5.002603 52.355463,5.002528 52.355525,5.002462 52.355535,5.002397 52.355575,5.002386 52.3556,5.002327 52.355609,5.002247 52.355673,5.002189 52.355682,5.00212 52.355724,5.002109 52.355747,5.002049 52.355757,5.00198 52.355798,5.001969 52.355822,5.001909 52.355832,5.001839 52.355872,5.001828 52.355897,5.001769 52.355906,5.001699 52.355947,5.001689 52.35597,5.00163 52.35598,5.00155 52.356044,5.001491 52.356053,5.001431 52.356089,5.001386 52.356081,5.001297 52.356096,5.001134 52.356191,5.001108 52.356245,5.000981 52.356278,5.000931 52.356312,5.000907 52.356366,5.00093 52.35642,5.000998 52.356462,5.001086 52.356477,5.00121 52.356494,5.001298 52.35648,5.00269 52.355746,5.002786 52.355813,5.001167 52.356671,5.001079 52.356657,5.000991 52.356671,5.000849 52.356751,5.000825 52.356805,5.000842 52.356846,5.00078 52.356879,5.000679 52.356933,5.000605 52.356921,5.000517 52.356935,5.000393 52.356993,5.000369 52.357047,5.000387 52.357088,5.000368 52.357098,5.000278 52.357083,5.00019 52.357097,5.000134 52.35713,5.000095 52.357107,5.00103 52.356601,5.001054 52.356547,5.001031 52.356493,5.000899 52.356417,5.00077 52.356396,5.00062 52.35643,5.000541 52.356479,5.000517 52.356533,5.000431 52.356552,5.000353 52.356614,5.000298 52.356623,5.00022 52.356685,5.000165 52.356694,5.000087 52.356756,5.000032 52.356765,4.999954 52.356827,4.999899 52.356836,4.99982 52.356898,4.999766 52.356907,4.999686 52.356971,4.999627 52.356981,4.999548 52.357043,4.999493 52.357052,4.999291 52.357164,4.999282 52.357185,4.999228 52.357193,4.999149 52.357255,4.999095 52.357264,4.999016 52.357326,4.998961 52.357335,4.998892 52.357377,4.998868 52.35743,4.998881 52.357461,4.998805 52.357528,4.998757 52.357535,4.998634 52.357598,4.998564 52.357586,4.998475 52.3576,4.998387 52.357645,4.998338 52.357652,4.998156 52.357752,4.998132 52.357806,4.997901 52.357832,4.996607 52.358509,4.996519 52.358532,4.996398 52.358601,4.996374 52.358655,4.996424 52.358745,4.996488 52.358785,4.996577 52.3588,4.996692 52.358788,4.996751 52.358768,4.99731 52.358472,4.99745 52.358562,4.99693 52.358828,4.996826 52.358803,4.996738 52.358818,4.996658 52.358857,4.996607 52.358903,4.996594 52.358945,4.996616 52.359008,4.996677 52.359056,4.996622 52.359086,4.99658 52.359011,4.996282 52.358807,4.996051 52.358743,4.995962 52.358757,4.995685 52.358885,4.995621 52.358932,4.995113 52.359189,4.995054 52.359259,4.994961 52.359273,4.994811 52.35925,4.994679 52.359281,4.993952 52.359667,4.993894 52.359741,4.993199 52.35925,4.993334 52.359171,4.993358 52.359117,4.993335 52.359063,4.993279 52.359028,4.993639 52.358837,4.993702 52.358776,4.993707 52.358729,4.993818 52.358659,4.993842 52.358605,4.993799 52.358515,4.993523 52.358326,4.993473 52.358317,4.99346 52.358248,4.993378 52.358164,4.993324 52.358134,4.993236 52.35812,4.993148 52.358134,4.993063 52.358183,4.993053 52.358206,4.992997 52.358215,4.992917 52.358262,4.99289 52.358319,4.99291 52.358367,4.99288 52.358425,4.992898 52.358466,4.992825 52.358505,4.992721 52.358419,4.992776 52.358337,4.992733 52.358266,4.992803 52.358275,4.992891 52.358261,4.993178 52.358111,4.993202 52.358058,4.993181 52.358006,4.993117 52.357939,4.992991 52.357892,4.992971 52.357845,4.992925 52.357813,4.992793 52.357764,4.992721 52.357716,4.992633 52.357701,4.992648 52.357667,4.992602 52.357594,4.992468 52.357522,4.99245 52.357479,4.992276 52.35735,4.992054 52.357224,4.991966 52.35721,4.991737 52.35725,4.991567 52.357348,4.991517 52.357356,4.991445 52.357344,4.991356 52.357358,4.991105 52.357489,4.991005 52.35742,4.991097 52.357392,4.991174 52.357329,4.99164 52.357074,4.991667 52.356994,4.991623 52.356923,4.991641 52.356866,4.991618 52.356812,4.991552 52.356769,4.991463 52.356754,4.991365 52.35677,4.991212 52.356856,4.991197 52.356931,4.990939 52.35707,4.990914 52.357124,4.99093 52.357166,4.990858 52.357207,4.990746 52.357177,4.990615 52.357212,4.990577 52.357239,4.990553 52.357293,4.990576 52.357347,4.990424 52.357433,4.990322 52.357358,4.990234 52.357343,4.990146 52.357357,4.98973 52.357559,4.989651 52.35758,4.989587 52.357635,4.989245 52.357817,4.989166 52.357838,4.989102 52.357893,4.988759 52.358076,4.988662 52.358106,4.988617 52.358151,4.988442 52.358252,4.988378 52.358358,4.988401 52.358412,4.988502 52.358465,4.98859 52.35848,4.988678 52.358466,4.988754 52.358421,4.98879 52.35837,4.988853 52.358352,4.988927 52.358288,4.989014 52.358266,4.989088 52.358202,4.989176 52.35818,4.98925 52.358116,4.989338 52.358094,4.989412 52.35803,4.9895 52.358008,4.989574 52.357944,4.989662 52.357922,4.989736 52.357858,4.989823 52.357836,4.989897 52.357772,4.989985 52.35775,4.990051 52.3577,4.990172 52.357779,4.99026 52.357794,4.990377 52.357767,4.990489 52.35769,4.990708 52.357843,4.990527 52.357955,4.990509 52.357996,4.99044 52.358032,4.990319 52.358041,4.990134 52.358136,4.990098 52.358163,4.990079 52.35823,4.989699 52.358433,4.989609 52.358447,4.989527 52.358487,4.989472 52.358555,4.989219 52.358691,4.989168 52.358684,4.98908 52.358698,4.988893 52.358802,4.988869 52.358856,4.988892 52.35891,4.989107 52.359064,4.988768 52.35884,4.98868 52.358825,4.988592 52.358839,4.988178 52.35906,4.988154 52.359113,4.988183 52.3592,4.988085 52.359259,4.988061 52.359313,4.988084 52.359367,4.988279 52.359498,4.988367 52.359513,4.988484 52.359487,4.988538 52.35945,4.988562 52.359396,4.988539 52.359342,4.988503 52.35932,4.988584 52.359269,4.988609 52.359216,4.988565 52.359144,4.98866 52.359089,4.988816 52.359197,4.988768 52.35931,4.988791 52.359364,4.989081 52.359563,4.988885 52.359663,4.988861 52.359717,4.988906 52.359817,4.988987 52.359865,4.989075 52.35988,4.989192 52.359854,4.989351 52.359747,4.989568 52.359644,4.989605 52.359617,4.989629 52.359564,4.989694 52.359609,4.989071 52.359934,4.989015 52.359943,4.98893 52.35999,4.988879 52.360068,4.988902 52.360122,4.988954 52.360158,4.98946 52.360373,4.98956 52.360392,4.989649 52.360378,4.989715 52.360338,4.989745 52.360343,4.989889 52.360431,4.989978 52.360451,4.990091 52.360511,4.990191 52.36053,4.990265 52.360518,4.99021 52.360559,4.990179 52.36062,4.990202 52.360674,4.990255 52.360709,4.991114 52.361074,4.991214 52.361093,4.99131 52.361078,4.991348 52.361057,4.991472 52.361049,4.991537 52.36101,4.991571 52.360929,4.991604 52.360934,4.991721 52.360908,4.992155 52.360671,4.992332 52.360644,4.992485 52.360556,4.992502 52.360486,4.992651 52.360413,4.99278 52.360404,4.992923 52.36033,4.99296 52.360303,4.992978 52.360236,4.993261 52.360088,4.993308 52.360048,4.993484 52.360029,4.993682 52.359927,4.993686 52.359979,4.993619 52.360022,4.9936 52.360065,4.993189 52.360279,4.993136 52.360319,4.993118 52.360358,4.993004 52.36041,4.99298 52.360464,4.993004 52.360518,4.993051 52.360548,4.992169 52.360947,4.992094 52.360901,4.992006 52.360886,4.991899 52.360908,4.991822 52.360895,4.991734 52.36091,4.991644 52.360962,4.99162 52.361016,4.991682 52.361157,4.99172 52.361187,4.9919 52.36124,4.991988 52.36131,4.992076 52.361324,4.992164 52.36131,4.992237 52.361267,4.992267 52.361175,4.992357 52.361157,4.992413 52.361126,4.992563 52.361096,4.992633 52.361055,4.992654 52.361008,4.992715 52.360998,4.992771 52.360967,4.992922 52.360937,4.992992 52.360896,4.993013 52.360849,4.99331 52.360761,4.99341 52.360748,4.993495 52.360686,4.993602 52.360654,4.993639 52.360626,4.993663 52.360573,4.99364 52.360519,4.99358 52.360481,4.993821 52.360354,4.994081 52.360424,4.99417 52.36041,4.994294 52.360339,4.99436 52.36035,4.994448 52.360336,4.994617 52.360262,4.9948 52.360244,4.996307 52.359568,4.996491 52.35947,4.996536 52.359424,4.99665 52.359383,4.997121 52.359136,4.997171 52.359086,4.999079 52.358072,4.999116 52.358045,4.999134 52.357976,4.999183 52.357984,4.9993 52.357958,5.0037 52.355616,5.003748 52.355584,5.003772 52.35553,5.003735 52.355443,5.003877 52.35543,5.003994 52.355378,5.004149 52.355288,5.004166 52.355217,5.004293 52.355209,5.004483 52.35511,5.004499 52.355039,5.004626 52.355032,5.004847 52.354924,5.004898 52.354889,5.004915 52.354818,5.005084 52.354791,5.005132 52.354758,5.005182 52.354673),(4.998369 52.358064,4.997981 52.358281,4.997886 52.358305,4.997701 52.358405,4.997596 52.358331,4.998199 52.358011,4.998262 52.357968,4.998278 52.357932,4.998334 52.357948,4.998357 52.358002,4.998427 52.358053,4.998369 52.358064),(4.991873 52.358808,4.991852 52.358868,4.991765 52.358854,4.991677 52.358868,4.991195 52.359107,4.991157 52.359135,4.991133 52.359189,4.991176 52.35926,4.991275 52.359301,4.991139 52.359364,4.991124 52.359396,4.990831 52.35954,4.990787 52.359518,4.990698 52.359503,4.99061 52.359517,4.990288 52.359693,4.989852 52.359381,4.990046 52.35927,4.99007 52.359216,4.990051 52.359173,4.990087 52.359151,4.990108 52.359104,4.990265 52.359064,4.99033 52.359024,4.990355 52.358971,4.990329 52.358915,4.990353 52.358863,4.99033 52.358808,4.990189 52.358715,4.990113 52.358702,4.990133 52.358656,4.99011 52.358602,4.990043 52.358552,4.990162 52.358488,4.990178 52.358533,4.990154 52.358587,4.990177 52.358641,4.990323 52.358718,4.990447 52.35881,4.990535 52.358824,4.990653 52.358794,4.990778 52.358783,4.990843 52.358744,4.990867 52.35869,4.990822 52.358617,4.990842 52.358571,4.990808 52.358507,4.990907 52.358563,4.990996 52.358577,4.991173 52.358537,4.991276 52.358459,4.9913 52.358405,4.991277 52.358351,4.991096 52.358225,4.991219 52.358187,4.991366 52.358291,4.991311 52.358367,4.991338 52.358424,4.991403 52.358463,4.991491 52.358478,4.9916 52.358455,4.991998 52.358736,4.991873 52.358808),(4.996136 52.359133,4.996026 52.359198,4.996002 52.359252,4.996027 52.359313,4.995462 52.35958,4.995427 52.359592,4.995338 52.359521,4.995249 52.359506,4.995168 52.359519,4.995223 52.359482,4.995237 52.359402,4.99535 52.359377,4.995869 52.359113,4.995921 52.359101,4.996013 52.359031,4.996062 52.359021,4.996116 52.35903,4.99622 52.359112,4.996136 52.359133),(4.991447 52.360736,4.991333 52.360721,4.991279 52.360689,4.991088 52.360669,4.991033 52.360638,4.991011 52.360587,4.990972 52.360563,4.991074 52.360501,4.991093 52.360458,4.991519 52.360234,4.99155 52.360277,4.991798 52.360451,4.991913 52.360486,4.991447 52.360736),(4.993347 52.359774,4.993208 52.359797,4.992727 52.360048,4.99268 52.359974,4.992385 52.359774,4.992763 52.359573,4.992813 52.359514,4.99292 52.359546,4.993081 52.359657,4.993169 52.359671,4.993284 52.359646,4.993415 52.359739,4.993347 52.359774),(4.991776 52.359508,4.991666 52.359522,4.991361 52.359713,4.991271 52.359752,4.991223 52.359635,4.991372 52.359556,4.991427 52.359547,4.991501 52.359511,4.991547 52.359463,4.991706 52.359378,4.99178 52.359434,4.991824 52.359441,4.991776 52.359508))";"POLYGON((52.354673 5.005182,52.354619 5.005158,52.354577 5.00509,52.354562 5.005002,52.354502 5.004902,52.354493 5.004775,52.354444 5.004694,52.354429 5.004605,52.354456 5.004489,52.354526 5.00437,52.35458 5.004346,52.354652 5.004389,52.354665 5.004367,52.354642 5.004322,52.354627 5.004234,52.354642 5.004145,52.354727 5.00398,52.354754 5.003943,52.354808 5.003919,52.35482 5.003812,52.354926 5.003622,52.35498 5.003598,52.355051 5.003641,52.355064 5.003617,52.355028 5.003486,52.355042 5.003398,52.355171 5.003164,52.355225 5.00314,52.355279 5.003163,52.355358 5.003272,52.355387 5.003259,52.355441 5.003282,52.355503 5.003366,52.35567 5.003058,52.355603 5.002962,52.355537 5.003073,52.355483 5.003097,52.355429 5.003074,52.355365 5.002956,52.355349 5.002864,52.355363 5.002775,52.355405 5.002706,52.355436 5.002692,52.355463 5.002603,52.355525 5.002528,52.355535 5.002462,52.355575 5.002397,52.3556 5.002386,52.355609 5.002327,52.355673 5.002247,52.355682 5.002189,52.355724 5.00212,52.355747 5.002109,52.355757 5.002049,52.355798 5.00198,52.355822 5.001969,52.355832 5.001909,52.355872 5.001839,52.355897 5.001828,52.355906 5.001769,52.355947 5.001699,52.35597 5.001689,52.35598 5.00163,52.356044 5.00155,52.356053 5.001491,52.356089 5.001431,52.356081 5.001386,52.356096 5.001297,52.356191 5.001134,52.356245 5.001108,52.356278 5.000981,52.356312 5.000931,52.356366 5.000907,52.35642 5.00093,52.356462 5.000998,52.356477 5.001086,52.356494 5.00121,52.35648 5.001298,52.355746 5.00269,52.355813 5.002786,52.356671 5.001167,52.356657 5.001079,52.356671 5.000991,52.356751 5.000849,52.356805 5.000825,52.356846 5.000842,52.356879 5.00078,52.356933 5.000679,52.356921 5.000605,52.356935 5.000517,52.356993 5.000393,52.357047 5.000369,52.357088 5.000387,52.357098 5.000368,52.357083 5.000278,52.357097 5.00019,52.35713 5.000134,52.357107 5.000095,52.356601 5.00103,52.356547 5.001054,52.356493 5.001031,52.356417 5.000899,52.356396 5.00077,52.35643 5.00062,52.356479 5.000541,52.356533 5.000517,52.356552 5.000431,52.356614 5.000353,52.356623 5.000298,52.356685 5.00022,52.356694 5.000165,52.356756 5.000087,52.356765 5.000032,52.356827 4.999954,52.356836 4.999899,52.356898 4.99982,52.356907 4.999766,52.356971 4.999686,52.356981 4.999627,52.357043 4.999548,52.357052 4.999493,52.357164 4.999291,52.357185 4.999282,52.357193 4.999228,52.357255 4.999149,52.357264 4.999095,52.357326 4.999016,52.357335 4.998961,52.357377 4.998892,52.35743 4.998868,52.357461 4.998881,52.357528 4.998805,52.357535 4.998757,52.357598 4.998634,52.357586 4.998564,52.3576 4.998475,52.357645 4.998387,52.357652 4.998338,52.357752 4.998156,52.357806 4.998132,52.357832 4.997901,52.358509 4.996607,52.358532 4.996519,52.358601 4.996398,52.358655 4.996374,52.358745 4.996424,52.358785 4.996488,52.3588 4.996577,52.358788 4.996692,52.358768 4.996751,52.358472 4.99731,52.358562 4.99745,52.358828 4.99693,52.358803 4.996826,52.358818 4.996738,52.358857 4.996658,52.358903 4.996607,52.358945 4.996594,52.359008 4.996616,52.359056 4.996677,52.359086 4.996622,52.359011 4.99658,52.358807 4.996282,52.358743 4.996051,52.358757 4.995962,52.358885 4.995685,52.358932 4.995621,52.359189 4.995113,52.359259 4.995054,52.359273 4.994961,52.35925 4.994811,52.359281 4.994679,52.359667 4.993952,52.359741 4.993894,52.35925 4.993199,52.359171 4.993334,52.359117 4.993358,52.359063 4.993335,52.359028 4.993279,52.358837 4.993639,52.358776 4.993702,52.358729 4.993707,52.358659 4.993818,52.358605 4.993842,52.358515 4.993799,52.358326 4.993523,52.358317 4.993473,52.358248 4.99346,52.358164 4.993378,52.358134 4.993324,52.35812 4.993236,52.358134 4.993148,52.358183 4.993063,52.358206 4.993053,52.358215 4.992997,52.358262 4.992917,52.358319 4.99289,52.358367 4.99291,52.358425 4.99288,52.358466 4.992898,52.358505 4.992825,52.358419 4.992721,52.358337 4.992776,52.358266 4.992733,52.358275 4.992803,52.358261 4.992891,52.358111 4.993178,52.358058 4.993202,52.358006 4.993181,52.357939 4.993117,52.357892 4.992991,52.357845 4.992971,52.357813 4.992925,52.357764 4.992793,52.357716 4.992721,52.357701 4.992633,52.357667 4.992648,52.357594 4.992602,52.357522 4.992468,52.357479 4.99245,52.35735 4.992276,52.357224 4.992054,52.35721 4.991966,52.35725 4.991737,52.357348 4.991567,52.357356 4.991517,52.357344 4.991445,52.357358 4.991356,52.357489 4.991105,52.35742 4.991005,52.357392 4.991097,52.357329 4.991174,52.357074 4.99164,52.356994 4.991667,52.356923 4.991623,52.356866 4.991641,52.356812 4.991618,52.356769 4.991552,52.356754 4.991463,52.35677 4.991365,52.356856 4.991212,52.356931 4.991197,52.35707 4.990939,52.357124 4.990914,52.357166 4.99093,52.357207 4.990858,52.357177 4.990746,52.357212 4.990615,52.357239 4.990577,52.357293 4.990553,52.357347 4.990576,52.357433 4.990424,52.357358 4.990322,52.357343 4.990234,52.357357 4.990146,52.357559 4.98973,52.35758 4.989651,52.357635 4.989587,52.357817 4.989245,52.357838 4.989166,52.357893 4.989102,52.358076 4.988759,52.358106 4.988662,52.358151 4.988617,52.358252 4.988442,52.358358 4.988378,52.358412 4.988401,52.358465 4.988502,52.35848 4.98859,52.358466 4.988678,52.358421 4.988754,52.35837 4.98879,52.358352 4.988853,52.358288 4.988927,52.358266 4.989014,52.358202 4.989088,52.35818 4.989176,52.358116 4.98925,52.358094 4.989338,52.35803 4.989412,52.358008 4.9895,52.357944 4.989574,52.357922 4.989662,52.357858 4.989736,52.357836 4.989823,52.357772 4.989897,52.35775 4.989985,52.3577 4.990051,52.357779 4.990172,52.357794 4.99026,52.357767 4.990377,52.35769 4.990489,52.357843 4.990708,52.357955 4.990527,52.357996 4.990509,52.358032 4.99044,52.358041 4.990319,52.358136 4.990134,52.358163 4.990098,52.35823 4.990079,52.358433 4.989699,52.358447 4.989609,52.358487 4.989527,52.358555 4.989472,52.358691 4.989219,52.358684 4.989168,52.358698 4.98908,52.358802 4.988893,52.358856 4.988869,52.35891 4.988892,52.359064 4.989107,52.35884 4.988768,52.358825 4.98868,52.358839 4.988592,52.35906 4.988178,52.359113 4.988154,52.3592 4.988183,52.359259 4.988085,52.359313 4.988061,52.359367 4.988084,52.359498 4.988279,52.359513 4.988367,52.359487 4.988484,52.35945 4.988538,52.359396 4.988562,52.359342 4.988539,52.35932 4.988503,52.359269 4.988584,52.359216 4.988609,52.359144 4.988565,52.359089 4.98866,52.359197 4.988816,52.35931 4.988768,52.359364 4.988791,52.359563 4.989081,52.359663 4.988885,52.359717 4.988861,52.359817 4.988906,52.359865 4.988987,52.35988 4.989075,52.359854 4.989192,52.359747 4.989351,52.359644 4.989568,52.359617 4.989605,52.359564 4.989629,52.359609 4.989694,52.359934 4.989071,52.359943 4.989015,52.35999 4.98893,52.360068 4.988879,52.360122 4.988902,52.360158 4.988954,52.360373 4.98946,52.360392 4.98956,52.360378 4.989649,52.360338 4.989715,52.360343 4.989745,52.360431 4.989889,52.360451 4.989978,52.360511 4.990091,52.36053 4.990191,52.360518 4.990265,52.360559 4.99021,52.36062 4.990179,52.360674 4.990202,52.360709 4.990255,52.361074 4.991114,52.361093 4.991214,52.361078 4.99131,52.361057 4.991348,52.361049 4.991472,52.36101 4.991537,52.360929 4.991571,52.360934 4.991604,52.360908 4.991721,52.360671 4.992155,52.360644 4.992332,52.360556 4.992485,52.360486 4.992502,52.360413 4.992651,52.360404 4.99278,52.36033 4.992923,52.360303 4.99296,52.360236 4.992978,52.360088 4.993261,52.360048 4.993308,52.360029 4.993484,52.359927 4.993682,52.359979 4.993686,52.360022 4.993619,52.360065 4.9936,52.360279 4.993189,52.360319 4.993136,52.360358 4.993118,52.36041 4.993004,52.360464 4.99298,52.360518 4.993004,52.360548 4.993051,52.360947 4.992169,52.360901 4.992094,52.360886 4.992006,52.360908 4.991899,52.360895 4.991822,52.36091 4.991734,52.360962 4.991644,52.361016 4.99162,52.361157 4.991682,52.361187 4.99172,52.36124 4.9919,52.36131 4.991988,52.361324 4.992076,52.36131 4.992164,52.361267 4.992237,52.361175 4.992267,52.361157 4.992357,52.361126 4.992413,52.361096 4.992563,52.361055 4.992633,52.361008 4.992654,52.360998 4.992715,52.360967 4.992771,52.360937 4.992922,52.360896 4.992992,52.360849 4.993013,52.360761 4.99331,52.360748 4.99341,52.360686 4.993495,52.360654 4.993602,52.360626 4.993639,52.360573 4.993663,52.360519 4.99364,52.360481 4.99358,52.360354 4.993821,52.360424 4.994081,52.36041 4.99417,52.360339 4.994294,52.36035 4.99436,52.360336 4.994448,52.360262 4.994617,52.360244 4.9948,52.359568 4.996307,52.35947 4.996491,52.359424 4.996536,52.359383 4.99665,52.359136 4.997121,52.359086 4.997171,52.358072 4.999079,52.358045 4.999116,52.357976 4.999134,52.357984 4.999183,52.357958 4.9993,52.355616 5.0037,52.355584 5.003748,52.35553 5.003772,52.355443 5.003735,52.35543 5.003877,52.355378 5.003994,52.355288 5.004149,52.355217 5.004166,52.355209 5.004293,52.35511 5.004483,52.355039 5.004499,52.355032 5.004626,52.354924 5.004847,52.354889 5.004898,52.354818 5.004915,52.354791 5.005084,52.354758 5.005132,52.354673 5.005182),(52.358064 4.998369,52.358281 4.997981,52.358305 4.997886,52.358405 4.997701,52.358331 4.997596,52.358011 4.998199,52.357968 4.998262,52.357932 4.998278,52.357948 4.998334,52.358002 4.998357,52.358053 4.998427,52.358064 4.998369),(52.358808 4.991873,52.358868 4.991852,52.358854 4.991765,52.358868 4.991677,52.359107 4.991195,52.359135 4.991157,52.359189 4.991133,52.35926 4.991176,52.359301 4.991275,52.359364 4.991139,52.359396 4.991124,52.35954 4.990831,52.359518 4.990787,52.359503 4.990698,52.359517 4.99061,52.359693 4.990288,52.359381 4.989852,52.35927 4.990046,52.359216 4.99007,52.359173 4.990051,52.359151 4.990087,52.359104 4.990108,52.359064 4.990265,52.359024 4.99033,52.358971 4.990355,52.358915 4.990329,52.358863 4.990353,52.358808 4.99033,52.358715 4.990189,52.358702 4.990113,52.358656 4.990133,52.358602 4.99011,52.358552 4.990043,52.358488 4.990162,52.358533 4.990178,52.358587 4.990154,52.358641 4.990177,52.358718 4.990323,52.35881 4.990447,52.358824 4.990535,52.358794 4.990653,52.358783 4.990778,52.358744 4.990843,52.35869 4.990867,52.358617 4.990822,52.358571 4.990842,52.358507 4.990808,52.358563 4.990907,52.358577 4.990996,52.358537 4.991173,52.358459 4.991276,52.358405 4.9913,52.358351 4.991277,52.358225 4.991096,52.358187 4.991219,52.358291 4.991366,52.358367 4.991311,52.358424 4.991338,52.358463 4.991403,52.358478 4.991491,52.358455 4.9916,52.358736 4.991998,52.358808 4.991873),(52.359133 4.996136,52.359198 4.996026,52.359252 4.996002,52.359313 4.996027,52.35958 4.995462,52.359592 4.995427,52.359521 4.995338,52.359506 4.995249,52.359519 4.995168,52.359482 4.995223,52.359402 4.995237,52.359377 4.99535,52.359113 4.995869,52.359101 4.995921,52.359031 4.996013,52.359021 4.996062,52.35903 4.996116,52.359112 4.99622,52.359133 4.996136),(52.360736 4.991447,52.360721 4.991333,52.360689 4.991279,52.360669 4.991088,52.360638 4.991033,52.360587 4.991011,52.360563 4.990972,52.360501 4.991074,52.360458 4.991093,52.360234 4.991519,52.360277 4.99155,52.360451 4.991798,52.360486 4.991913,52.360736 4.991447),(52.359774 4.993347,52.359797 4.993208,52.360048 4.992727,52.359974 4.99268,52.359774 4.992385,52.359573 4.992763,52.359514 4.992813,52.359546 4.99292,52.359657 4.993081,52.359671 4.993169,52.359646 4.993284,52.359739 4.993415,52.359774 4.993347),(52.359508 4.991776,52.359522 4.991666,52.359713 4.991361,52.359752 4.991271,52.359635 4.991223,52.359556 4.991372,52.359547 4.991427,52.359511 4.991501,52.359463 4.991547,52.359378 4.991706,52.359434 4.99178,52.359441 4.991824,52.359508 4.991776))";4.9966265;52.3578695;
23;"WARMTE WIJK";"IN BEDRIJF";"POLYGON((4.973765 52.322146,4.973741 52.322092,4.973677 52.322052,4.973501 52.321992,4.973416 52.321978,4.973352 52.321988,4.972797 52.321805,4.972705 52.321789,4.972595 52.321803,4.972553 52.32171,4.972411 52.321631,4.97232 52.321615,4.972179 52.321638,4.972146 52.321658,4.972085 52.321621,4.971587 52.321449,4.97147 52.32143,4.971153 52.321321,4.971189 52.321255,4.971166 52.321201,4.9711 52.321156,4.970951 52.321134,4.970266 52.320899,4.970099 52.320869,4.970011 52.320833,4.969709 52.320639,4.96959 52.320614,4.969413 52.320633,4.969308 52.320716,4.969192 52.320743,4.969108 52.320712,4.968877 52.32068,4.968321 52.320811,4.968233 52.320796,4.968168 52.320803,4.967852 52.320888,4.967788 52.320927,4.967515 52.321213,4.967492 52.321266,4.967509 52.321305,4.967439 52.321316,4.967405 52.321337,4.967294 52.321299,4.967317 52.321247,4.967301 52.32121,4.967462 52.321033,4.967588 52.321025,4.967653 52.320986,4.967804 52.320821,4.967827 52.320769,4.967803 52.320715,4.967739 52.320675,4.967243 52.320505,4.967159 52.320492,4.967076 52.320506,4.96661 52.320333,4.966074 52.320159,4.966016 52.320123,4.965826 52.320073,4.965737 52.320087,4.965557 52.320211,4.965491 52.320221,4.965382 52.320284,4.965318 52.320433,4.965221 52.320415,4.965133 52.320429,4.965068 52.320468,4.964997 52.320546,4.964893 52.320591,4.964849 52.320639,4.964831 52.320703,4.964452 52.321105,4.964382 52.321145,4.964336 52.321223,4.964049 52.321547,4.963954 52.321614,4.963932 52.321666,4.963573 52.322068,4.963454 52.322028,4.963432 52.321977,4.963312 52.321917,4.963329 52.321858,4.964191 52.320908,4.964213 52.320856,4.96419 52.320802,4.964125 52.320762,4.96403 52.320745,4.963942 52.320759,4.963877 52.320798,4.963417 52.321308,4.962851 52.321115,4.962765 52.3211,4.962676 52.321115,4.962611 52.321154,4.962583 52.321212,4.962607 52.321266,4.962671 52.321305,4.963243 52.321501,4.963054 52.321708,4.962224 52.321421,4.962317 52.321375,4.962616 52.321056,4.962911 52.320952,4.963088 52.320909,4.963682 52.32085,4.963747 52.32081,4.963771 52.320757,4.963747 52.320698,4.963683 52.320658,4.963577 52.320644,4.963075 52.320682,4.962707 52.320769,4.96265 52.320751,4.963042 52.320322,4.963331 52.320421,4.963342 52.320447,4.963406 52.320487,4.963526 52.320528,4.963611 52.320541,4.963669 52.320532,4.964192 52.320711,4.964277 52.320725,4.964365 52.320711,4.96443 52.320671,4.96492 52.320135,4.964943 52.320083,4.96492 52.320029,4.964879 52.320004,4.964975 52.31996,4.965003 52.319902,4.96498 52.319848,4.964915 52.319808,4.962683 52.319045,4.962598 52.319031,4.962509 52.319045,4.962444 52.319084,4.962417 52.319141,4.96244 52.319195,4.962504 52.319235,4.963068 52.31943,4.963081 52.31946,4.962658 52.31993,4.96221 52.319776,4.962511 52.319436,4.962532 52.319385,4.962509 52.319331,4.962445 52.319291,4.962349 52.319274,4.962261 52.319288,4.962196 52.319327,4.961806 52.319769,4.961791 52.319834,4.961701 52.319877,4.961673 52.319935,4.961696 52.319989,4.961761 52.320029,4.962336 52.320227,4.962421 52.32024,4.962464 52.320234,4.962647 52.3203,4.962405 52.320565,4.962251 52.320589,4.961475 52.320319,4.961389 52.320305,4.9613 52.320319,4.961235 52.320359,4.961207 52.320416,4.961231 52.32047,4.961295 52.32051,4.962182 52.320815,4.961915 52.321108,4.961802 52.32111,4.961005 52.320837,4.96092 52.320823,4.960832 52.320837,4.960767 52.320877,4.960739 52.320934,4.960762 52.320988,4.960827 52.321028,4.961583 52.321288,4.96169 52.321345,4.961418 52.321645,4.960537 52.321347,4.960453 52.321333,4.960365 52.321347,4.9603 52.321387,4.960272 52.321445,4.960295 52.321499,4.960359 52.321538,4.961404 52.321893,4.961488 52.321906,4.961545 52.321897,4.961609 52.321937,4.961703 52.321954,4.961792 52.32194,4.961857 52.3219,4.962104 52.321634,4.962878 52.3219,4.962878 52.321921,4.962664 52.322135,4.962106 52.321935,4.962016 52.32192,4.961928 52.321934,4.961863 52.321973,4.961835 52.322031,4.961858 52.322085,4.96192 52.322124,4.962303 52.322264,4.962319 52.322333,4.962219 52.322377,4.962191 52.322435,4.962214 52.322489,4.962333 52.322548,4.962554 52.322591,4.962643 52.322577,4.962708 52.322538,4.963078 52.322136,4.963135 52.322171,4.963267 52.322216,4.963198 52.322312,4.963221 52.322366,4.963285 52.322406,4.963434 52.322431,4.963522 52.322417,4.963627 52.322339,4.964204 52.322535,4.964213 52.322549,4.964147 52.322557,4.964077 52.322506,4.963857 52.322446,4.96367 52.322479,4.963638 52.322459,4.963515 52.322438,4.963427 52.322452,4.963307 52.322524,4.963277 52.322584,4.9633 52.322638,4.963379 52.322682,4.963401 52.322739,4.963483 52.322785,4.963652 52.322816,4.964199 52.322775,4.964362 52.322808,4.964533 52.322788,4.964608 52.322728,4.964728 52.322753,4.964781 52.322745,4.965093 52.322852,4.965178 52.322866,4.965267 52.322852,4.965307 52.322827,4.965468 52.322868,4.96554 52.322857,4.965683 52.32289,4.965772 52.322876,4.965837 52.322837,4.966242 52.322415,4.966598 52.32201,4.966691 52.321944,4.966713 52.321892,4.967077 52.321483,4.967229 52.321532,4.967244 52.321603,4.967309 52.321643,4.967181 52.321793,4.967111 52.321833,4.967062 52.321887,4.96704 52.321939,4.966779 52.322232,4.966756 52.322284,4.966779 52.322338,4.966844 52.322378,4.967694 52.322672,4.967599 52.322685,4.967491 52.322741,4.967428 52.322707,4.967313 52.322688,4.967225 52.322702,4.967136 52.322756,4.966967 52.322714,4.966803 52.32273,4.966738 52.32277,4.966709 52.322752,4.966594 52.322733,4.966506 52.322748,4.966385 52.32282,4.966357 52.322878,4.966381 52.322932,4.966445 52.322972,4.966536 52.32299,4.966609 52.32305,4.967132 52.323222,4.967211 52.323233,4.967299 52.323219,4.96747 52.323119,4.967602 52.323149,4.967726 52.323131,4.967791 52.323092,4.967951 52.322915,4.968153 52.322984,4.968239 52.322998,4.96835 52.32297,4.968485 52.323001,4.968573 52.322987,4.968638 52.322948,4.968825 52.322744,4.968847 52.322692,4.968824 52.322638,4.96876 52.322598,4.968604 52.322545,4.968518 52.32253,4.96843 52.322545,4.968363 52.322573,4.968325 52.32255,4.968233 52.322534,4.968108 52.322554,4.968022 52.322523,4.968192 52.322334,4.968246 52.322325,4.968311 52.322286,4.968368 52.322224,4.96839 52.322172,4.968374 52.322135,4.968462 52.322037,4.968553 52.322068,4.968625 52.322125,4.968709 52.322154,4.96883 52.322162,4.969901 52.322531,4.969883 52.322572,4.969907 52.322626,4.970103 52.322753,4.970189 52.322767,4.970277 52.322752,4.970342 52.322713,4.970366 52.322628,4.971695 52.323084,4.971802 52.323094,4.971875 52.323119,4.971654 52.323372,4.971631 52.323424,4.971654 52.323478,4.971719 52.323518,4.971864 52.323552,4.971952 52.323538,4.972017 52.323499,4.972046 52.323439,4.972033 52.323409,4.972197 52.32323,4.972794 52.323434,4.972879 52.323448,4.972967 52.323434,4.973032 52.323395,4.973227 52.32318,4.97325 52.323128,4.973227 52.323074,4.973162 52.323034,4.973045 52.322994,4.973023 52.322944,4.973066 52.322856,4.973043 52.322801,4.972844 52.322672,4.97275 52.322655,4.972661 52.322669,4.972596 52.322709,4.972538 52.3228,4.972561 52.322854,4.972634 52.322905,4.972582 52.322952,4.972409 52.322927,4.97232 52.322941,4.972265 52.322975,4.97215 52.322918,4.972155 52.322876,4.97227 52.322866,4.972393 52.322789,4.972485 52.322635,4.97242 52.322497,4.972377 52.322449,4.972324 52.322421,4.971265 52.322064,4.97118 52.32205,4.971129 52.322058,4.970852 52.321964,4.970767 52.32195,4.970679 52.321964,4.970466 52.322128,4.970383 52.322219,4.970337 52.322211,4.970249 52.322225,4.970184 52.322265,4.970106 52.322349,4.969529 52.322151,4.969758 52.321915,4.969781 52.321863,4.969767 52.32183,4.969816 52.321782,4.969861 52.321775,4.969945 52.321715,4.969968 52.321662,4.969945 52.321608,4.969881 52.321569,4.969788 52.321552,4.969635 52.321564,4.969612 52.321509,4.969506 52.321454,4.969419 52.32144,4.969319 52.321462,4.969219 52.321411,4.968962 52.321343,4.968899 52.321305,4.96871 52.321253,4.96861 52.321204,4.968586 52.321161,4.968522 52.321121,4.968344 52.321059,4.968831 52.320928,4.968905 52.320942,4.969029 52.32094,4.969157 52.320985,4.969347 52.321014,4.969435 52.321,4.970503 52.321353,4.970633 52.321418,4.970719 52.321432,4.971402 52.321661,4.971488 52.321675,4.971815 52.321781,4.971881 52.321825,4.97257 52.322057,4.972708 52.322078,4.972813 52.322063,4.973139 52.322181,4.97321 52.322194,4.973278 52.322229,4.973367 52.322244,4.973419 52.322276,4.97351 52.322292,4.973598 52.322278,4.973674 52.322241,4.973739 52.322202,4.973765 52.322146),(4.971991 52.322768,4.971926 52.322756,4.97166 52.322649,4.971455 52.32261,4.971367 52.322624,4.971313 52.322649,4.971299 52.322574,4.971232 52.322533,4.970739 52.322364,4.970741 52.322334,4.970819 52.322309,4.970909 52.322246,4.971031 52.322288,4.971149 52.322301,4.971169 52.322348,4.97124 52.32239,4.971328 52.322405,4.971369 52.322399,4.971449 52.322462,4.971564 52.322472,4.971641 52.322528,4.971729 52.322543,4.971772 52.322536,4.971781 52.322558,4.971852 52.3226,4.971984 52.32262,4.971967 52.322658,4.972005 52.322756,4.971991 52.322768),(4.964605 52.320028,4.964207 52.320464,4.963781 52.320318,4.964119 52.319976,4.964143 52.319922,4.96412 52.319868,4.964049 52.319826,4.963961 52.319812,4.963873 52.319826,4.96381 52.319863,4.963463 52.320214,4.962968 52.320043,4.963413 52.319549,4.964689 52.319984,4.964605 52.320028),(4.969317 52.321849,4.969265 52.321876,4.968767 52.321702,4.968697 52.321652,4.968521 52.321616,4.968606 52.321572,4.968684 52.321498,4.969292 52.32171,4.969311 52.321752,4.969371 52.32179,4.969317 52.321849),(4.965492 52.320956,4.965475 52.321026,4.964332 52.322281,4.963921 52.32214,4.965044 52.32091,4.965122 52.320898,4.965212 52.320833,4.96552 52.320937,4.965492 52.320956),(4.967582 52.322381,4.967282 52.322267,4.967333 52.322197,4.96739 52.322158,4.967411 52.322111,4.967546 52.321987,4.967567 52.321941,4.967624 52.321902,4.967643 52.321858,4.967791 52.321893,4.967888 52.321876,4.967926 52.321853,4.968043 52.321893,4.967582 52.322381),(4.965821 52.322407,4.965727 52.322393,4.965639 52.322407,4.965534 52.32247,4.965356 52.322424,4.965199 52.322456,4.965158 52.32248,4.965119 52.322458,4.965008 52.32244,4.96492 52.322454,4.964827 52.322509,4.964689 52.322463,4.964724 52.322397,4.964693 52.322339,4.964921 52.322087,4.965831 52.322396,4.965821 52.322407),(4.966004 52.322202,4.965616 52.322071,4.965576 52.322009,4.966135 52.321393,4.966252 52.321272,4.966321 52.321229,4.966337 52.32122,4.966471 52.321286,4.966615 52.321315,4.96677 52.321369,4.966004 52.322202),(4.965593 52.321528,4.965506 52.32159,4.965485 52.321651,4.965229 52.321939,4.965139 52.321908,4.965107 52.321877,4.965384 52.321583,4.965472 52.321518,4.965492 52.32146,4.965854 52.321052,4.965996 52.321102,4.965593 52.321528),(4.967008 52.320938,4.966964 52.320965,4.966816 52.32113,4.966785 52.32105,4.966717 52.32101,4.966491 52.320945,4.966427 52.32091,4.966353 52.320897,4.966289 52.320862,4.966213 52.320849,4.966016 52.320768,4.965939 52.320756,4.965874 52.32072,4.965762 52.320709,4.965689 52.320657,4.965467 52.320593,4.965471 52.320549,4.965555 52.320563,4.965643 52.320548,4.965771 52.320441,4.965802 52.320433,4.965892 52.320451,4.965939 52.320481,4.96603 52.320498,4.966083 52.32053,4.966304 52.320593,4.966365 52.320627,4.966581 52.320688,4.966646 52.320723,4.966721 52.320736,4.966783 52.32077,4.966859 52.320783,4.966917 52.320815,4.966931 52.320848,4.967026 52.320898,4.967008 52.320938))";"POLYGON((52.322146 4.973765,52.322092 4.973741,52.322052 4.973677,52.321992 4.973501,52.321978 4.973416,52.321988 4.973352,52.321805 4.972797,52.321789 4.972705,52.321803 4.972595,52.32171 4.972553,52.321631 4.972411,52.321615 4.97232,52.321638 4.972179,52.321658 4.972146,52.321621 4.972085,52.321449 4.971587,52.32143 4.97147,52.321321 4.971153,52.321255 4.971189,52.321201 4.971166,52.321156 4.9711,52.321134 4.970951,52.320899 4.970266,52.320869 4.970099,52.320833 4.970011,52.320639 4.969709,52.320614 4.96959,52.320633 4.969413,52.320716 4.969308,52.320743 4.969192,52.320712 4.969108,52.32068 4.968877,52.320811 4.968321,52.320796 4.968233,52.320803 4.968168,52.320888 4.967852,52.320927 4.967788,52.321213 4.967515,52.321266 4.967492,52.321305 4.967509,52.321316 4.967439,52.321337 4.967405,52.321299 4.967294,52.321247 4.967317,52.32121 4.967301,52.321033 4.967462,52.321025 4.967588,52.320986 4.967653,52.320821 4.967804,52.320769 4.967827,52.320715 4.967803,52.320675 4.967739,52.320505 4.967243,52.320492 4.967159,52.320506 4.967076,52.320333 4.96661,52.320159 4.966074,52.320123 4.966016,52.320073 4.965826,52.320087 4.965737,52.320211 4.965557,52.320221 4.965491,52.320284 4.965382,52.320433 4.965318,52.320415 4.965221,52.320429 4.965133,52.320468 4.965068,52.320546 4.964997,52.320591 4.964893,52.320639 4.964849,52.320703 4.964831,52.321105 4.964452,52.321145 4.964382,52.321223 4.964336,52.321547 4.964049,52.321614 4.963954,52.321666 4.963932,52.322068 4.963573,52.322028 4.963454,52.321977 4.963432,52.321917 4.963312,52.321858 4.963329,52.320908 4.964191,52.320856 4.964213,52.320802 4.96419,52.320762 4.964125,52.320745 4.96403,52.320759 4.963942,52.320798 4.963877,52.321308 4.963417,52.321115 4.962851,52.3211 4.962765,52.321115 4.962676,52.321154 4.962611,52.321212 4.962583,52.321266 4.962607,52.321305 4.962671,52.321501 4.963243,52.321708 4.963054,52.321421 4.962224,52.321375 4.962317,52.321056 4.962616,52.320952 4.962911,52.320909 4.963088,52.32085 4.963682,52.32081 4.963747,52.320757 4.963771,52.320698 4.963747,52.320658 4.963683,52.320644 4.963577,52.320682 4.963075,52.320769 4.962707,52.320751 4.96265,52.320322 4.963042,52.320421 4.963331,52.320447 4.963342,52.320487 4.963406,52.320528 4.963526,52.320541 4.963611,52.320532 4.963669,52.320711 4.964192,52.320725 4.964277,52.320711 4.964365,52.320671 4.96443,52.320135 4.96492,52.320083 4.964943,52.320029 4.96492,52.320004 4.964879,52.31996 4.964975,52.319902 4.965003,52.319848 4.96498,52.319808 4.964915,52.319045 4.962683,52.319031 4.962598,52.319045 4.962509,52.319084 4.962444,52.319141 4.962417,52.319195 4.96244,52.319235 4.962504,52.31943 4.963068,52.31946 4.963081,52.31993 4.962658,52.319776 4.96221,52.319436 4.962511,52.319385 4.962532,52.319331 4.962509,52.319291 4.962445,52.319274 4.962349,52.319288 4.962261,52.319327 4.962196,52.319769 4.961806,52.319834 4.961791,52.319877 4.961701,52.319935 4.961673,52.319989 4.961696,52.320029 4.961761,52.320227 4.962336,52.32024 4.962421,52.320234 4.962464,52.3203 4.962647,52.320565 4.962405,52.320589 4.962251,52.320319 4.961475,52.320305 4.961389,52.320319 4.9613,52.320359 4.961235,52.320416 4.961207,52.32047 4.961231,52.32051 4.961295,52.320815 4.962182,52.321108 4.961915,52.32111 4.961802,52.320837 4.961005,52.320823 4.96092,52.320837 4.960832,52.320877 4.960767,52.320934 4.960739,52.320988 4.960762,52.321028 4.960827,52.321288 4.961583,52.321345 4.96169,52.321645 4.961418,52.321347 4.960537,52.321333 4.960453,52.321347 4.960365,52.321387 4.9603,52.321445 4.960272,52.321499 4.960295,52.321538 4.960359,52.321893 4.961404,52.321906 4.961488,52.321897 4.961545,52.321937 4.961609,52.321954 4.961703,52.32194 4.961792,52.3219 4.961857,52.321634 4.962104,52.3219 4.962878,52.321921 4.962878,52.322135 4.962664,52.321935 4.962106,52.32192 4.962016,52.321934 4.961928,52.321973 4.961863,52.322031 4.961835,52.322085 4.961858,52.322124 4.96192,52.322264 4.962303,52.322333 4.962319,52.322377 4.962219,52.322435 4.962191,52.322489 4.962214,52.322548 4.962333,52.322591 4.962554,52.322577 4.962643,52.322538 4.962708,52.322136 4.963078,52.322171 4.963135,52.322216 4.963267,52.322312 4.963198,52.322366 4.963221,52.322406 4.963285,52.322431 4.963434,52.322417 4.963522,52.322339 4.963627,52.322535 4.964204,52.322549 4.964213,52.322557 4.964147,52.322506 4.964077,52.322446 4.963857,52.322479 4.96367,52.322459 4.963638,52.322438 4.963515,52.322452 4.963427,52.322524 4.963307,52.322584 4.963277,52.322638 4.9633,52.322682 4.963379,52.322739 4.963401,52.322785 4.963483,52.322816 4.963652,52.322775 4.964199,52.322808 4.964362,52.322788 4.964533,52.322728 4.964608,52.322753 4.964728,52.322745 4.964781,52.322852 4.965093,52.322866 4.965178,52.322852 4.965267,52.322827 4.965307,52.322868 4.965468,52.322857 4.96554,52.32289 4.965683,52.322876 4.965772,52.322837 4.965837,52.322415 4.966242,52.32201 4.966598,52.321944 4.966691,52.321892 4.966713,52.321483 4.967077,52.321532 4.967229,52.321603 4.967244,52.321643 4.967309,52.321793 4.967181,52.321833 4.967111,52.321887 4.967062,52.321939 4.96704,52.322232 4.966779,52.322284 4.966756,52.322338 4.966779,52.322378 4.966844,52.322672 4.967694,52.322685 4.967599,52.322741 4.967491,52.322707 4.967428,52.322688 4.967313,52.322702 4.967225,52.322756 4.967136,52.322714 4.966967,52.32273 4.966803,52.32277 4.966738,52.322752 4.966709,52.322733 4.966594,52.322748 4.966506,52.32282 4.966385,52.322878 4.966357,52.322932 4.966381,52.322972 4.966445,52.32299 4.966536,52.32305 4.966609,52.323222 4.967132,52.323233 4.967211,52.323219 4.967299,52.323119 4.96747,52.323149 4.967602,52.323131 4.967726,52.323092 4.967791,52.322915 4.967951,52.322984 4.968153,52.322998 4.968239,52.32297 4.96835,52.323001 4.968485,52.322987 4.968573,52.322948 4.968638,52.322744 4.968825,52.322692 4.968847,52.322638 4.968824,52.322598 4.96876,52.322545 4.968604,52.32253 4.968518,52.322545 4.96843,52.322573 4.968363,52.32255 4.968325,52.322534 4.968233,52.322554 4.968108,52.322523 4.968022,52.322334 4.968192,52.322325 4.968246,52.322286 4.968311,52.322224 4.968368,52.322172 4.96839,52.322135 4.968374,52.322037 4.968462,52.322068 4.968553,52.322125 4.968625,52.322154 4.968709,52.322162 4.96883,52.322531 4.969901,52.322572 4.969883,52.322626 4.969907,52.322753 4.970103,52.322767 4.970189,52.322752 4.970277,52.322713 4.970342,52.322628 4.970366,52.323084 4.971695,52.323094 4.971802,52.323119 4.971875,52.323372 4.971654,52.323424 4.971631,52.323478 4.971654,52.323518 4.971719,52.323552 4.971864,52.323538 4.971952,52.323499 4.972017,52.323439 4.972046,52.323409 4.972033,52.32323 4.972197,52.323434 4.972794,52.323448 4.972879,52.323434 4.972967,52.323395 4.973032,52.32318 4.973227,52.323128 4.97325,52.323074 4.973227,52.323034 4.973162,52.322994 4.973045,52.322944 4.973023,52.322856 4.973066,52.322801 4.973043,52.322672 4.972844,52.322655 4.97275,52.322669 4.972661,52.322709 4.972596,52.3228 4.972538,52.322854 4.972561,52.322905 4.972634,52.322952 4.972582,52.322927 4.972409,52.322941 4.97232,52.322975 4.972265,52.322918 4.97215,52.322876 4.972155,52.322866 4.97227,52.322789 4.972393,52.322635 4.972485,52.322497 4.97242,52.322449 4.972377,52.322421 4.972324,52.322064 4.971265,52.32205 4.97118,52.322058 4.971129,52.321964 4.970852,52.32195 4.970767,52.321964 4.970679,52.322128 4.970466,52.322219 4.970383,52.322211 4.970337,52.322225 4.970249,52.322265 4.970184,52.322349 4.970106,52.322151 4.969529,52.321915 4.969758,52.321863 4.969781,52.32183 4.969767,52.321782 4.969816,52.321775 4.969861,52.321715 4.969945,52.321662 4.969968,52.321608 4.969945,52.321569 4.969881,52.321552 4.969788,52.321564 4.969635,52.321509 4.969612,52.321454 4.969506,52.32144 4.969419,52.321462 4.969319,52.321411 4.969219,52.321343 4.968962,52.321305 4.968899,52.321253 4.96871,52.321204 4.96861,52.321161 4.968586,52.321121 4.968522,52.321059 4.968344,52.320928 4.968831,52.320942 4.968905,52.32094 4.969029,52.320985 4.969157,52.321014 4.969347,52.321 4.969435,52.321353 4.970503,52.321418 4.970633,52.321432 4.970719,52.321661 4.971402,52.321675 4.971488,52.321781 4.971815,52.321825 4.971881,52.322057 4.97257,52.322078 4.972708,52.322063 4.972813,52.322181 4.973139,52.322194 4.97321,52.322229 4.973278,52.322244 4.973367,52.322276 4.973419,52.322292 4.97351,52.322278 4.973598,52.322241 4.973674,52.322202 4.973739,52.322146 4.973765),(52.322768 4.971991,52.322756 4.971926,52.322649 4.97166,52.32261 4.971455,52.322624 4.971367,52.322649 4.971313,52.322574 4.971299,52.322533 4.971232,52.322364 4.970739,52.322334 4.970741,52.322309 4.970819,52.322246 4.970909,52.322288 4.971031,52.322301 4.971149,52.322348 4.971169,52.32239 4.97124,52.322405 4.971328,52.322399 4.971369,52.322462 4.971449,52.322472 4.971564,52.322528 4.971641,52.322543 4.971729,52.322536 4.971772,52.322558 4.971781,52.3226 4.971852,52.32262 4.971984,52.322658 4.971967,52.322756 4.972005,52.322768 4.971991),(52.320028 4.964605,52.320464 4.964207,52.320318 4.963781,52.319976 4.964119,52.319922 4.964143,52.319868 4.96412,52.319826 4.964049,52.319812 4.963961,52.319826 4.963873,52.319863 4.96381,52.320214 4.963463,52.320043 4.962968,52.319549 4.963413,52.319984 4.964689,52.320028 4.964605),(52.321849 4.969317,52.321876 4.969265,52.321702 4.968767,52.321652 4.968697,52.321616 4.968521,52.321572 4.968606,52.321498 4.968684,52.32171 4.969292,52.321752 4.969311,52.32179 4.969371,52.321849 4.969317),(52.320956 4.965492,52.321026 4.965475,52.322281 4.964332,52.32214 4.963921,52.32091 4.965044,52.320898 4.965122,52.320833 4.965212,52.320937 4.96552,52.320956 4.965492),(52.322381 4.967582,52.322267 4.967282,52.322197 4.967333,52.322158 4.96739,52.322111 4.967411,52.321987 4.967546,52.321941 4.967567,52.321902 4.967624,52.321858 4.967643,52.321893 4.967791,52.321876 4.967888,52.321853 4.967926,52.321893 4.968043,52.322381 4.967582),(52.322407 4.965821,52.322393 4.965727,52.322407 4.965639,52.32247 4.965534,52.322424 4.965356,52.322456 4.965199,52.32248 4.965158,52.322458 4.965119,52.32244 4.965008,52.322454 4.96492,52.322509 4.964827,52.322463 4.964689,52.322397 4.964724,52.322339 4.964693,52.322087 4.964921,52.322396 4.965831,52.322407 4.965821),(52.322202 4.966004,52.322071 4.965616,52.322009 4.965576,52.321393 4.966135,52.321272 4.966252,52.321229 4.966321,52.32122 4.966337,52.321286 4.966471,52.321315 4.966615,52.321369 4.96677,52.322202 4.966004),(52.321528 4.965593,52.32159 4.965506,52.321651 4.965485,52.321939 4.965229,52.321908 4.965139,52.321877 4.965107,52.321583 4.965384,52.321518 4.965472,52.32146 4.965492,52.321052 4.965854,52.321102 4.965996,52.321528 4.965593),(52.320938 4.967008,52.320965 4.966964,52.32113 4.966816,52.32105 4.966785,52.32101 4.966717,52.320945 4.966491,52.32091 4.966427,52.320897 4.966353,52.320862 4.966289,52.320849 4.966213,52.320768 4.966016,52.320756 4.965939,52.32072 4.965874,52.320709 4.965762,52.320657 4.965689,52.320593 4.965467,52.320549 4.965471,52.320563 4.965555,52.320548 4.965643,52.320441 4.965771,52.320433 4.965802,52.320451 4.965892,52.320481 4.965939,52.320498 4.96603,52.32053 4.966083,52.320593 4.966304,52.320627 4.966365,52.320688 4.966581,52.320723 4.966646,52.320736 4.966721,52.32077 4.966783,52.320783 4.966859,52.320815 4.966917,52.320848 4.966931,52.320898 4.967026,52.320938 4.967008))";4.9670235;52.3212845;
24;"WARMTE WIJK";"IN BEDRIJF";"POLYGON((4.983834 52.360182,4.983811 52.360128,4.983756 52.360092,4.983592 52.360046,4.983411 52.359962,4.983175 52.359924,4.983086 52.359938,4.982946 52.359894,4.982892 52.359859,4.982582 52.359731,4.982568 52.359657,4.982514 52.359622,4.982372 52.359585,4.982306 52.359545,4.982138 52.359516,4.982107 52.359467,4.982043 52.359427,4.981953 52.359411,4.981913 52.359331,4.981848 52.359291,4.981764 52.359262,4.981636 52.35925,4.981564 52.359192,4.981348 52.359161,4.98127 52.359108,4.981177 52.359091,4.981089 52.359105,4.980844 52.359012,4.980915 52.358926,4.980913 52.358879,4.980868 52.358824,4.980739 52.358764,4.980651 52.358749,4.980563 52.358763,4.980498 52.358803,4.980395 52.358897,4.980367 52.358953,4.980386 52.358995,4.980284 52.358975,4.980195 52.35899,4.98013 52.359029,4.980103 52.359085,4.980141 52.359149,4.979961 52.359287,4.979942 52.359362,4.979624 52.359236,4.979636 52.359208,4.979612 52.359154,4.979516 52.359098,4.979427 52.359083,4.979369 52.359092,4.979348 52.359045,4.979269 52.358996,4.979162 52.358974,4.979128 52.35898,4.979114 52.358948,4.97904 52.358902,4.978914 52.35888,4.978842 52.358822,4.97875 52.358805,4.978661 52.35882,4.978448 52.358989,4.978422 52.359047,4.978445 52.359101,4.978509 52.35914,4.978605 52.359156,4.978717 52.359226,4.978845 52.359237,4.97886 52.35927,4.978951 52.359323,4.979048 52.359339,4.979103 52.35933,4.979124 52.35938,4.979216 52.359432,4.979312 52.359448,4.979429 52.35942,4.979963 52.359635,4.980051 52.359649,4.980111 52.35964,4.980195 52.359675,4.980122 52.359703,4.979996 52.359711,4.979931 52.35975,4.979883 52.359793,4.979856 52.35985,4.979868 52.359877,4.9798 52.359888,4.979735 52.359927,4.97951 52.360146,4.97939 52.360225,4.97829 52.359764,4.978202 52.359749,4.978108 52.359762,4.978043 52.359801,4.978003 52.359869,4.978026 52.359923,4.978094 52.359966,4.978148 52.359975,4.978248 52.360029,4.97838 52.36007,4.978482 52.360126,4.979179 52.360402,4.979203 52.360448,4.979114 52.360491,4.979071 52.360551,4.979004 52.36059,4.978981 52.360656,4.978882 52.360701,4.978854 52.360758,4.978768 52.360804,4.978745 52.360851,4.978671 52.360892,4.978594 52.360908,4.978529 52.360947,4.97849 52.361004,4.977579 52.360628,4.977481 52.360609,4.977393 52.360623,4.97736 52.360643,4.977329 52.360624,4.977172 52.360599,4.977084 52.360613,4.977019 52.360653,4.976954 52.36073,4.976892 52.360768,4.976865 52.360824,4.976878 52.360855,4.976809 52.360918,4.976735 52.36093,4.97667 52.360969,4.976642 52.361026,4.976656 52.361058,4.976496 52.361205,4.976468 52.36126,4.976341 52.361226,4.976284 52.361184,4.975715 52.360949,4.975617 52.360931,4.975481 52.360944,4.975246 52.361102,4.974852 52.361459,4.974822 52.361519,4.974807 52.361555,4.97483 52.361609,4.974908 52.361655,4.974973 52.361668,4.974926 52.361766,4.974949 52.36182,4.975052 52.361876,4.974997 52.361921,4.974967 52.361981,4.97499 52.362035,4.975069 52.36208,4.975157 52.362095,4.975243 52.362082,4.976321 52.362525,4.976284 52.362588,4.976307 52.362642,4.976386 52.362688,4.976483 52.362706,4.976613 52.362687,4.976751 52.362582,4.976929 52.362655,4.976844 52.36267,4.976769 52.362718,4.976745 52.362772,4.976768 52.362826,4.976823 52.362862,4.976962 52.362894,4.977094 52.362877,4.97713 52.362856,4.977181 52.362878,4.977202 52.362934,4.977267 52.362974,4.977369 52.362995,4.977438 52.362984,4.977572 52.363039,4.977171 52.36339,4.977141 52.363449,4.977164 52.363503,4.977273 52.363562,4.977371 52.363581,4.97746 52.363566,4.977534 52.363519,4.977551 52.36345,4.977743 52.363276,4.977809 52.363287,4.977898 52.363273,4.977987 52.363212,4.978125 52.363271,4.978148 52.363325,4.978212 52.363365,4.978305 52.363381,4.978394 52.363367,4.978484 52.363306,4.978804 52.36343,4.978903 52.363449,4.978991 52.363434,4.979101 52.363366,4.97917 52.363415,4.979263 52.363433,4.979351 52.363418,4.980195 52.362978,4.980234 52.36295,4.980258 52.362896,4.980207 52.362818,4.980434 52.36272,4.981016 52.362399,4.981057 52.36237,4.981081 52.362316,4.981045 52.362206,4.981153 52.36225,4.981251 52.362269,4.981339 52.362255,4.982041 52.361874,4.982135 52.361891,4.982298 52.361861,4.982447 52.361785,4.982524 52.361722,4.982554 52.361662,4.982531 52.361608,4.982477 52.361572,4.981918 52.361338,4.981979 52.36125,4.981956 52.361196,4.981813 52.361123,4.982046 52.360912,4.982156 52.360936,4.982244 52.360922,4.982304 52.360888,4.982344 52.360819,4.982321 52.360765,4.982256 52.360725,4.982404 52.360588,4.982807 52.360755,4.982787 52.3608,4.98281 52.360854,4.98289 52.3609,4.982913 52.360954,4.982967 52.360989,4.982731 52.361215,4.982704 52.361272,4.982727 52.361326,4.982791 52.361365,4.982884 52.361382,4.982973 52.361368,4.983035 52.361332,4.983369 52.361022,4.9834 52.360962,4.983377 52.360908,4.983298 52.360862,4.983271 52.360806,4.98322 52.360772,4.983803 52.360242,4.983834 52.360182),(4.982982 52.3605,4.982776 52.360409,4.98269 52.360395,4.982617 52.360344,4.98249 52.360335,4.982474 52.360297,4.982402 52.360255,4.982312 52.36024,4.982173 52.360159,4.982085 52.360144,4.982003 52.360157,4.981605 52.359992,4.981592 52.359918,4.981377 52.359818,4.981531 52.359679,4.981551 52.35968,4.981595 52.359755,4.98164 52.359787,4.982101 52.359989,4.982189 52.360003,4.982292 52.359986,4.98245 52.36008,4.982538 52.360095,4.982615 52.360083,4.98269 52.360143,4.982779 52.360157,4.982904 52.360129,4.983231 52.360272,4.982982 52.3605),(4.975698 52.361454,4.975629 52.361496,4.975611 52.361562,4.975491 52.361571,4.975423 52.361613,4.975403 52.361655,4.975283 52.361606,4.975302 52.361495,4.975511 52.361316,4.975784 52.361438,4.975698 52.361454),(4.981399 52.361913,4.98134 52.361922,4.981161 52.36184,4.981499 52.361568,4.981615 52.361601,4.981806 52.361686,4.981399 52.361913),(4.977447 52.362575,4.977372 52.362573,4.975712 52.361895,4.975837 52.361782,4.977542 52.362487,4.977447 52.362575),(4.981101 52.359673,4.981032 52.359631,4.98085 52.35961,4.980403 52.359414,4.980494 52.359332,4.980608 52.359357,4.980719 52.359342,4.980772 52.359351,4.980824 52.359383,4.980869 52.359451,4.980934 52.359491,4.981131 52.359507,4.981215 52.359573,4.981101 52.359673),(4.977854 52.362195,4.977813 52.362188,4.977726 52.362202,4.977707 52.362158,4.977642 52.362119,4.977546 52.362104,4.97741 52.362121,4.977425 52.362087,4.977401 52.362033,4.977337 52.361994,4.977249 52.361979,4.977155 52.361993,4.977168 52.361964,4.977145 52.36191,4.977023 52.361846,4.976935 52.361832,4.976818 52.361862,4.976755 52.361824,4.976664 52.36181,4.97659 52.361755,4.976533 52.361745,4.976464 52.361703,4.976376 52.361688,4.976286 52.361703,4.976045 52.361594,4.976173 52.361478,4.976195 52.361482,4.976347 52.361551,4.976424 52.36157,4.976493 52.361612,4.976572 52.36163,4.97665 52.361676,4.976738 52.361691,4.97678 52.361684,4.976797 52.361724,4.976866 52.361765,4.976987 52.361775,4.977001 52.361807,4.977142 52.361879,4.97723 52.361894,4.977336 52.361887,4.977706 52.362041,4.977724 52.362107,4.977792 52.362149,4.977889 52.362162,4.977854 52.362195),(4.981757 52.360697,4.981683 52.360644,4.981586 52.36061,4.981545 52.36054,4.981476 52.360498,4.98141 52.360484,4.981199 52.360384,4.981146 52.360375,4.981065 52.360329,4.980992 52.360312,4.980923 52.36027,4.980856 52.360256,4.980465 52.360081,4.980311 52.360057,4.980212 52.360007,4.980331 52.359899,4.980341 52.359923,4.98041 52.359964,4.981893 52.360574,4.981757 52.360697),(4.977557 52.361497,4.976915 52.36122,4.977049 52.361099,4.977457 52.361268,4.97748 52.361322,4.977549 52.361363,4.977637 52.361378,4.977699 52.361368,4.977557 52.361497),(4.98157 52.360895,4.981469 52.360954,4.981029 52.360765,4.980977 52.360757,4.980832 52.360684,4.980779 52.360675,4.980633 52.360602,4.980581 52.360593,4.980501 52.360548,4.980449 52.360539,4.980237 52.360439,4.980185 52.36043,4.979973 52.36033,4.97987 52.360318,4.979893 52.360296,4.980002 52.360299,4.981381 52.360869,4.981469 52.360883,4.981583 52.360862,4.98157 52.360895),(4.979266 52.361785,4.979023 52.361685,4.979009 52.361611,4.97894 52.361569,4.978851 52.361554,4.978749 52.361572,4.978732 52.361505,4.978663 52.361464,4.978574 52.361449,4.978486 52.361463,4.978398 52.361427,4.978384 52.361394,4.978315 52.361352,4.978194 52.361343,4.978123 52.361313,4.978109 52.361281,4.978055 52.361245,4.977338 52.360949,4.977269 52.360899,4.977312 52.36086,4.978008 52.361148,4.978039 52.361228,4.978122 52.361273,4.97821 52.361287,4.978298 52.361273,4.978373 52.361222,4.979351 52.361628,4.97938 52.361681,4.979266 52.361785),(4.980469 52.362325,4.980365 52.362269,4.980277 52.362255,4.980188 52.362269,4.98012 52.362311,4.980076 52.362402,4.979979 52.362435,4.979928 52.362426,4.979839 52.36244,4.979772 52.362482,4.979196 52.362244,4.979318 52.36217,4.979359 52.362088,4.979439 52.362033,4.979763 52.362165,4.979749 52.362228,4.979772 52.362282,4.979863 52.362333,4.979951 52.362347,4.980039 52.362333,4.980108 52.362291,4.980129 52.362243,4.980199 52.362178,4.980506 52.362305,4.980469 52.362325),(4.978764 52.362732,4.978653 52.362707,4.978564 52.362722,4.978496 52.362763,4.978474 52.362803,4.978409 52.362837,4.978321 52.362851,4.978224 52.362926,4.977775 52.36274,4.97778 52.362686,4.977862 52.362664,4.977929 52.362592,4.978005 52.362544,4.978026 52.362552,4.978014 52.362626,4.97807 52.362684,4.978235 52.362753,4.978323 52.362772,4.978459 52.362754,4.978601 52.362647,4.978625 52.362593,4.978602 52.362539,4.978547 52.362503,4.978136 52.362333,4.978174 52.362298,4.978275 52.362348,4.978363 52.362363,4.978466 52.36235,4.978604 52.36241,4.978621 52.362479,4.97869 52.36252,4.978778 52.362535,4.978867 52.362521,4.978901 52.362533,4.97893 52.362582,4.978764 52.362732),(4.980338 52.361561,4.980153 52.361492,4.980084 52.36145,4.979995 52.361435,4.979888 52.36146,4.979857 52.361447,4.979869 52.361419,4.979846 52.361365,4.979777 52.361323,4.979629 52.361283,4.979555 52.361232,4.979436 52.361222,4.979422 52.36119,4.979353 52.361148,4.979265 52.361133,4.979169 52.361152,4.979156 52.361122,4.979046 52.361064,4.979094 52.36102,4.979174 52.361033,4.979245 52.361027,4.979268 52.361081,4.979436 52.361182,4.979524 52.361197,4.979618 52.361181,4.979685 52.361145,4.979661 52.361199,4.979684 52.361253,4.979868 52.361342,4.979951 52.361356,4.980024 52.361407,4.980086 52.361419,4.980155 52.36146,4.980243 52.361475,4.980331 52.361461,4.980385 52.361431,4.980449 52.361457,4.980338 52.361561),(4.979 52.361962,4.978952 52.36197,4.978893 52.362003,4.978808 52.362081,4.97791 52.361711,4.977887 52.361657,4.977843 52.36163,4.977972 52.361516,4.978121 52.361583,4.978097 52.361637,4.97812 52.361691,4.978189 52.361733,4.978313 52.361742,4.97839 52.3618,4.978478 52.361815,4.978566 52.361801,4.978607 52.361778,4.979007 52.361943,4.979 52.361962),(4.979615 52.362946,4.979565 52.362954,4.979496 52.362996,4.979476 52.363064,4.979412 52.363098,4.97937 52.363091,4.979265 52.36311,4.97919 52.363171,4.979134 52.363181,4.979067 52.363224,4.978876 52.363147,4.978839 52.363117,4.979001 52.36299,4.979015 52.362913,4.979067 52.362904,4.979135 52.362862,4.979274 52.362742,4.979665 52.362899,4.979615 52.362946))";"POLYGON((52.360182 4.983834,52.360128 4.983811,52.360092 4.983756,52.360046 4.983592,52.359962 4.983411,52.359924 4.983175,52.359938 4.983086,52.359894 4.982946,52.359859 4.982892,52.359731 4.982582,52.359657 4.982568,52.359622 4.982514,52.359585 4.982372,52.359545 4.982306,52.359516 4.982138,52.359467 4.982107,52.359427 4.982043,52.359411 4.981953,52.359331 4.981913,52.359291 4.981848,52.359262 4.981764,52.35925 4.981636,52.359192 4.981564,52.359161 4.981348,52.359108 4.98127,52.359091 4.981177,52.359105 4.981089,52.359012 4.980844,52.358926 4.980915,52.358879 4.980913,52.358824 4.980868,52.358764 4.980739,52.358749 4.980651,52.358763 4.980563,52.358803 4.980498,52.358897 4.980395,52.358953 4.980367,52.358995 4.980386,52.358975 4.980284,52.35899 4.980195,52.359029 4.98013,52.359085 4.980103,52.359149 4.980141,52.359287 4.979961,52.359362 4.979942,52.359236 4.979624,52.359208 4.979636,52.359154 4.979612,52.359098 4.979516,52.359083 4.979427,52.359092 4.979369,52.359045 4.979348,52.358996 4.979269,52.358974 4.979162,52.35898 4.979128,52.358948 4.979114,52.358902 4.97904,52.35888 4.978914,52.358822 4.978842,52.358805 4.97875,52.35882 4.978661,52.358989 4.978448,52.359047 4.978422,52.359101 4.978445,52.35914 4.978509,52.359156 4.978605,52.359226 4.978717,52.359237 4.978845,52.35927 4.97886,52.359323 4.978951,52.359339 4.979048,52.35933 4.979103,52.35938 4.979124,52.359432 4.979216,52.359448 4.979312,52.35942 4.979429,52.359635 4.979963,52.359649 4.980051,52.35964 4.980111,52.359675 4.980195,52.359703 4.980122,52.359711 4.979996,52.35975 4.979931,52.359793 4.979883,52.35985 4.979856,52.359877 4.979868,52.359888 4.9798,52.359927 4.979735,52.360146 4.97951,52.360225 4.97939,52.359764 4.97829,52.359749 4.978202,52.359762 4.978108,52.359801 4.978043,52.359869 4.978003,52.359923 4.978026,52.359966 4.978094,52.359975 4.978148,52.360029 4.978248,52.36007 4.97838,52.360126 4.978482,52.360402 4.979179,52.360448 4.979203,52.360491 4.979114,52.360551 4.979071,52.36059 4.979004,52.360656 4.978981,52.360701 4.978882,52.360758 4.978854,52.360804 4.978768,52.360851 4.978745,52.360892 4.978671,52.360908 4.978594,52.360947 4.978529,52.361004 4.97849,52.360628 4.977579,52.360609 4.977481,52.360623 4.977393,52.360643 4.97736,52.360624 4.977329,52.360599 4.977172,52.360613 4.977084,52.360653 4.977019,52.36073 4.976954,52.360768 4.976892,52.360824 4.976865,52.360855 4.976878,52.360918 4.976809,52.36093 4.976735,52.360969 4.97667,52.361026 4.976642,52.361058 4.976656,52.361205 4.976496,52.36126 4.976468,52.361226 4.976341,52.361184 4.976284,52.360949 4.975715,52.360931 4.975617,52.360944 4.975481,52.361102 4.975246,52.361459 4.974852,52.361519 4.974822,52.361555 4.974807,52.361609 4.97483,52.361655 4.974908,52.361668 4.974973,52.361766 4.974926,52.36182 4.974949,52.361876 4.975052,52.361921 4.974997,52.361981 4.974967,52.362035 4.97499,52.36208 4.975069,52.362095 4.975157,52.362082 4.975243,52.362525 4.976321,52.362588 4.976284,52.362642 4.976307,52.362688 4.976386,52.362706 4.976483,52.362687 4.976613,52.362582 4.976751,52.362655 4.976929,52.36267 4.976844,52.362718 4.976769,52.362772 4.976745,52.362826 4.976768,52.362862 4.976823,52.362894 4.976962,52.362877 4.977094,52.362856 4.97713,52.362878 4.977181,52.362934 4.977202,52.362974 4.977267,52.362995 4.977369,52.362984 4.977438,52.363039 4.977572,52.36339 4.977171,52.363449 4.977141,52.363503 4.977164,52.363562 4.977273,52.363581 4.977371,52.363566 4.97746,52.363519 4.977534,52.36345 4.977551,52.363276 4.977743,52.363287 4.977809,52.363273 4.977898,52.363212 4.977987,52.363271 4.978125,52.363325 4.978148,52.363365 4.978212,52.363381 4.978305,52.363367 4.978394,52.363306 4.978484,52.36343 4.978804,52.363449 4.978903,52.363434 4.978991,52.363366 4.979101,52.363415 4.97917,52.363433 4.979263,52.363418 4.979351,52.362978 4.980195,52.36295 4.980234,52.362896 4.980258,52.362818 4.980207,52.36272 4.980434,52.362399 4.981016,52.36237 4.981057,52.362316 4.981081,52.362206 4.981045,52.36225 4.981153,52.362269 4.981251,52.362255 4.981339,52.361874 4.982041,52.361891 4.982135,52.361861 4.982298,52.361785 4.982447,52.361722 4.982524,52.361662 4.982554,52.361608 4.982531,52.361572 4.982477,52.361338 4.981918,52.36125 4.981979,52.361196 4.981956,52.361123 4.981813,52.360912 4.982046,52.360936 4.982156,52.360922 4.982244,52.360888 4.982304,52.360819 4.982344,52.360765 4.982321,52.360725 4.982256,52.360588 4.982404,52.360755 4.982807,52.3608 4.982787,52.360854 4.98281,52.3609 4.98289,52.360954 4.982913,52.360989 4.982967,52.361215 4.982731,52.361272 4.982704,52.361326 4.982727,52.361365 4.982791,52.361382 4.982884,52.361368 4.982973,52.361332 4.983035,52.361022 4.983369,52.360962 4.9834,52.360908 4.983377,52.360862 4.983298,52.360806 4.983271,52.360772 4.98322,52.360242 4.983803,52.360182 4.983834),(52.3605 4.982982,52.360409 4.982776,52.360395 4.98269,52.360344 4.982617,52.360335 4.98249,52.360297 4.982474,52.360255 4.982402,52.36024 4.982312,52.360159 4.982173,52.360144 4.982085,52.360157 4.982003,52.359992 4.981605,52.359918 4.981592,52.359818 4.981377,52.359679 4.981531,52.35968 4.981551,52.359755 4.981595,52.359787 4.98164,52.359989 4.982101,52.360003 4.982189,52.359986 4.982292,52.36008 4.98245,52.360095 4.982538,52.360083 4.982615,52.360143 4.98269,52.360157 4.982779,52.360129 4.982904,52.360272 4.983231,52.3605 4.982982),(52.361454 4.975698,52.361496 4.975629,52.361562 4.975611,52.361571 4.975491,52.361613 4.975423,52.361655 4.975403,52.361606 4.975283,52.361495 4.975302,52.361316 4.975511,52.361438 4.975784,52.361454 4.975698),(52.361913 4.981399,52.361922 4.98134,52.36184 4.981161,52.361568 4.981499,52.361601 4.981615,52.361686 4.981806,52.361913 4.981399),(52.362575 4.977447,52.362573 4.977372,52.361895 4.975712,52.361782 4.975837,52.362487 4.977542,52.362575 4.977447),(52.359673 4.981101,52.359631 4.981032,52.35961 4.98085,52.359414 4.980403,52.359332 4.980494,52.359357 4.980608,52.359342 4.980719,52.359351 4.980772,52.359383 4.980824,52.359451 4.980869,52.359491 4.980934,52.359507 4.981131,52.359573 4.981215,52.359673 4.981101),(52.362195 4.977854,52.362188 4.977813,52.362202 4.977726,52.362158 4.977707,52.362119 4.977642,52.362104 4.977546,52.362121 4.97741,52.362087 4.977425,52.362033 4.977401,52.361994 4.977337,52.361979 4.977249,52.361993 4.977155,52.361964 4.977168,52.36191 4.977145,52.361846 4.977023,52.361832 4.976935,52.361862 4.976818,52.361824 4.976755,52.36181 4.976664,52.361755 4.97659,52.361745 4.976533,52.361703 4.976464,52.361688 4.976376,52.361703 4.976286,52.361594 4.976045,52.361478 4.976173,52.361482 4.976195,52.361551 4.976347,52.36157 4.976424,52.361612 4.976493,52.36163 4.976572,52.361676 4.97665,52.361691 4.976738,52.361684 4.97678,52.361724 4.976797,52.361765 4.976866,52.361775 4.976987,52.361807 4.977001,52.361879 4.977142,52.361894 4.97723,52.361887 4.977336,52.362041 4.977706,52.362107 4.977724,52.362149 4.977792,52.362162 4.977889,52.362195 4.977854),(52.360697 4.981757,52.360644 4.981683,52.36061 4.981586,52.36054 4.981545,52.360498 4.981476,52.360484 4.98141,52.360384 4.981199,52.360375 4.981146,52.360329 4.981065,52.360312 4.980992,52.36027 4.980923,52.360256 4.980856,52.360081 4.980465,52.360057 4.980311,52.360007 4.980212,52.359899 4.980331,52.359923 4.980341,52.359964 4.98041,52.360574 4.981893,52.360697 4.981757),(52.361497 4.977557,52.36122 4.976915,52.361099 4.977049,52.361268 4.977457,52.361322 4.97748,52.361363 4.977549,52.361378 4.977637,52.361368 4.977699,52.361497 4.977557),(52.360895 4.98157,52.360954 4.981469,52.360765 4.981029,52.360757 4.980977,52.360684 4.980832,52.360675 4.980779,52.360602 4.980633,52.360593 4.980581,52.360548 4.980501,52.360539 4.980449,52.360439 4.980237,52.36043 4.980185,52.36033 4.979973,52.360318 4.97987,52.360296 4.979893,52.360299 4.980002,52.360869 4.981381,52.360883 4.981469,52.360862 4.981583,52.360895 4.98157),(52.361785 4.979266,52.361685 4.979023,52.361611 4.979009,52.361569 4.97894,52.361554 4.978851,52.361572 4.978749,52.361505 4.978732,52.361464 4.978663,52.361449 4.978574,52.361463 4.978486,52.361427 4.978398,52.361394 4.978384,52.361352 4.978315,52.361343 4.978194,52.361313 4.978123,52.361281 4.978109,52.361245 4.978055,52.360949 4.977338,52.360899 4.977269,52.36086 4.977312,52.361148 4.978008,52.361228 4.978039,52.361273 4.978122,52.361287 4.97821,52.361273 4.978298,52.361222 4.978373,52.361628 4.979351,52.361681 4.97938,52.361785 4.979266),(52.362325 4.980469,52.362269 4.980365,52.362255 4.980277,52.362269 4.980188,52.362311 4.98012,52.362402 4.980076,52.362435 4.979979,52.362426 4.979928,52.36244 4.979839,52.362482 4.979772,52.362244 4.979196,52.36217 4.979318,52.362088 4.979359,52.362033 4.979439,52.362165 4.979763,52.362228 4.979749,52.362282 4.979772,52.362333 4.979863,52.362347 4.979951,52.362333 4.980039,52.362291 4.980108,52.362243 4.980129,52.362178 4.980199,52.362305 4.980506,52.362325 4.980469),(52.362732 4.978764,52.362707 4.978653,52.362722 4.978564,52.362763 4.978496,52.362803 4.978474,52.362837 4.978409,52.362851 4.978321,52.362926 4.978224,52.36274 4.977775,52.362686 4.97778,52.362664 4.977862,52.362592 4.977929,52.362544 4.978005,52.362552 4.978026,52.362626 4.978014,52.362684 4.97807,52.362753 4.978235,52.362772 4.978323,52.362754 4.978459,52.362647 4.978601,52.362593 4.978625,52.362539 4.978602,52.362503 4.978547,52.362333 4.978136,52.362298 4.978174,52.362348 4.978275,52.362363 4.978363,52.36235 4.978466,52.36241 4.978604,52.362479 4.978621,52.36252 4.97869,52.362535 4.978778,52.362521 4.978867,52.362533 4.978901,52.362582 4.97893,52.362732 4.978764),(52.361561 4.980338,52.361492 4.980153,52.36145 4.980084,52.361435 4.979995,52.36146 4.979888,52.361447 4.979857,52.361419 4.979869,52.361365 4.979846,52.361323 4.979777,52.361283 4.979629,52.361232 4.979555,52.361222 4.979436,52.36119 4.979422,52.361148 4.979353,52.361133 4.979265,52.361152 4.979169,52.361122 4.979156,52.361064 4.979046,52.36102 4.979094,52.361033 4.979174,52.361027 4.979245,52.361081 4.979268,52.361182 4.979436,52.361197 4.979524,52.361181 4.979618,52.361145 4.979685,52.361199 4.979661,52.361253 4.979684,52.361342 4.979868,52.361356 4.979951,52.361407 4.980024,52.361419 4.980086,52.36146 4.980155,52.361475 4.980243,52.361461 4.980331,52.361431 4.980385,52.361457 4.980449,52.361561 4.980338),(52.361962 4.979,52.36197 4.978952,52.362003 4.978893,52.362081 4.978808,52.361711 4.97791,52.361657 4.977887,52.36163 4.977843,52.361516 4.977972,52.361583 4.978121,52.361637 4.978097,52.361691 4.97812,52.361733 4.978189,52.361742 4.978313,52.3618 4.97839,52.361815 4.978478,52.361801 4.978566,52.361778 4.978607,52.361943 4.979007,52.361962 4.979),(52.362946 4.979615,52.362954 4.979565,52.362996 4.979496,52.363064 4.979476,52.363098 4.979412,52.363091 4.97937,52.36311 4.979265,52.363171 4.97919,52.363181 4.979134,52.363224 4.979067,52.363147 4.978876,52.363117 4.978839,52.36299 4.979001,52.362913 4.979015,52.362904 4.979067,52.362862 4.979135,52.362742 4.979274,52.362899 4.979665,52.362946 4.979615))";4.9793255;52.361158;
25;"WARMTE WIJK";"IN BEDRIJF";"POLYGON((4.999833 52.351774,4.999811 52.35172,4.999713 52.351612,4.999644 52.351568,4.999556 52.351553,4.999484 52.351565,4.99938 52.351502,4.999304 52.351484,4.999166 52.351496,4.999065 52.351552,4.999042 52.351602,4.99853 52.351871,4.998506 52.351925,4.998529 52.351979,4.998474 52.352019,4.99842 52.351993,4.998332 52.351978,4.998184 52.352008,4.998089 52.352063,4.998067 52.352114,4.998028 52.352137,4.996437 52.352985,4.996333 52.352963,4.996245 52.352977,4.99625 52.352952,4.996516 52.352807,4.99654 52.352753,4.996501 52.352685,4.996585 52.352662,4.996635 52.352671,4.996723 52.352656,4.996847 52.35259,4.996962 52.352577,4.997312 52.352385,4.997373 52.352299,4.997484 52.352247,4.997508 52.352193,4.997494 52.352162,4.997549 52.352133,4.997674 52.352165,4.997763 52.352151,4.997978 52.352034,4.998058 52.35202,4.998123 52.351987,4.998165 52.351952,4.998189 52.351899,4.998142 52.351819,4.998168 52.351801,4.99824 52.351852,4.998308 52.351877,4.998393 52.351884,4.998484 52.351867,4.998595 52.351807,4.998619 52.351753,4.998599 52.351706,4.998644 52.351679,4.998956 52.351516,4.999005 52.351524,4.999093 52.35151,4.999158 52.351471,4.999189 52.351409,4.999164 52.351346,4.998942 52.351194,4.998854 52.351179,4.998765 52.351194,4.998662 52.351239,4.998566 52.35122,4.998477 52.351234,4.998408 52.351276,4.998384 52.351329,4.998404 52.351375,4.99835 52.351413,4.99569 52.352829,4.995632 52.352855,4.995588 52.352848,4.9955 52.352862,4.99542 52.352902,4.995373 52.352951,4.995318 52.35297,4.995265 52.352961,4.995177 52.352975,4.995107 52.353017,4.995083 52.353071,4.995107 52.353135,4.994687 52.35336,4.994602 52.353375,4.99453 52.353409,4.994477 52.353471,4.994347 52.35354,4.994242 52.353552,4.994173 52.353593,4.99415 52.353644,4.993968 52.353741,4.993864 52.353753,4.993795 52.353794,4.993771 52.353848,4.993673 52.3539,4.993035 52.353451,4.993115 52.353408,4.993139 52.353354,4.993128 52.353302,4.993304 52.353282,4.993484 52.353191,4.993509 52.353137,4.993488 52.35309,4.993532 52.353057,4.993587 52.353066,4.993675 52.353052,4.993753 52.35299,4.9938 52.352998,4.993889 52.352984,4.993958 52.352943,4.993982 52.352889,4.993969 52.352858,4.994057 52.35281,4.994082 52.352756,4.994047 52.352693,4.994157 52.352718,4.994245 52.352704,4.994314 52.352662,4.994336 52.352615,4.994425 52.352615,4.994527 52.35259,4.99491 52.352391,4.994935 52.352337,4.994923 52.352311,4.994994 52.35227,4.995018 52.352216,4.994984 52.352143,4.995172 52.352115,4.995241 52.352074,4.995261 52.352028,4.99531 52.352058,4.995398 52.352073,4.995486 52.352059,4.995772 52.351886,4.995788 52.351852,4.995935 52.351762,4.996247 52.351605,4.996271 52.351552,4.996238 52.351489,4.996296 52.351449,4.996321 52.351395,4.996449 52.351353,4.996483 52.351326,4.996499 52.351244,4.996609 52.351234,4.996656 52.35121,4.996715 52.351128,4.996788 52.35111,4.996852 52.351074,4.996893 52.351007,4.99698 52.351022,4.997113 52.350996,4.99717 52.351005,4.997258 52.350991,4.997328 52.350949,4.997343 52.350875,4.997436 52.35083,4.997461 52.350776,4.997387 52.350672,4.997565 52.350579,4.997606 52.350509,4.997583 52.350455,4.997519 52.350415,4.997431 52.3504,4.997307 52.350426,4.99671 52.350739,4.99644 52.350914,4.996324 52.350924,4.996259 52.350963,4.996243 52.350998,4.996134 52.351009,4.996069 52.351049,4.996042 52.351105,4.996062 52.351152,4.995978 52.351195,4.995957 52.351263,4.995927 52.351286,4.995576 52.351476,4.995456 52.351468,4.995357 52.351482,4.995204 52.351591,4.99518 52.351645,4.995193 52.351676,4.995073 52.351738,4.995001 52.351727,4.994913 52.351741,4.994833 52.351806,4.994773 52.351815,4.994704 52.351857,4.994689 52.351931,4.994557 52.351941,4.994488 52.351982,4.99447 52.352051,4.994415 52.352021,4.994327 52.352006,4.994238 52.352021,4.994169 52.352062,4.994145 52.352116,4.99416 52.352152,4.993998 52.352233,4.993974 52.352286,4.993985 52.352313,4.993849 52.352282,4.99376 52.352296,4.993691 52.352337,4.993667 52.352391,4.993712 52.352469,4.99363 52.352516,4.993576 52.352487,4.993488 52.352472,4.9934 52.352486,4.99333 52.352528,4.993172 52.352539,4.993103 52.35258,4.993072 52.352672,4.992937 52.352704,4.992868 52.352745,4.992814 52.35282,4.992583 52.352941,4.992487 52.352954,4.992335 52.353029,4.99231 52.353083,4.992334 52.353137,4.992401 52.353188,4.992402 52.353206,4.992358 52.353213,4.992278 52.353147,4.99219 52.353132,4.992096 52.353147,4.992031 52.353186,4.992007 52.35324,4.991894 52.35329,4.991875 52.353333,4.991791 52.353351,4.991726 52.35339,4.991708 52.353428,4.991619 52.35345,4.991554 52.353489,4.99153 52.353543,4.991581 52.353626,4.991467 52.353598,4.991379 52.353612,4.9913 52.353674,4.991259 52.353681,4.990882 52.353902,4.990862 52.353947,4.990647 52.353987,4.990577 52.354029,4.990553 52.354083,4.990576 52.354137,4.99062 52.354171,4.990486 52.354236,4.990442 52.354212,4.990353 52.354198,4.990129 52.354248,4.989946 52.354362,4.989922 52.354416,4.989937 52.354454,4.989851 52.354439,4.989762 52.354453,4.989693 52.354495,4.989669 52.354549,4.989707 52.354616,4.989628 52.354664,4.989604 52.354718,4.989627 52.354777,4.989691 52.354816,4.989779 52.354831,4.989868 52.354817,4.990016 52.354756,4.990225 52.354809,4.990313 52.354795,4.990382 52.354754,4.990407 52.3547,4.990373 52.354638,4.990436 52.354622,4.990497 52.354582,4.990555 52.354505,4.990685 52.354496,4.990727 52.354477,4.990771 52.354447,4.990791 52.354376,4.990865 52.354383,4.990916 52.354411,4.991004 52.354426,4.991093 52.354411,4.9912 52.354362,4.991269 52.35432,4.991288 52.354254,4.99133 52.354214,4.991403 52.354202,4.991472 52.354161,4.991558 52.354026,4.991669 52.354016,4.991707 52.353998,4.991754 52.353966,4.991781 52.353907,4.991837 52.353916,4.991932 52.353971,4.992021 52.353986,4.992109 52.353972,4.992758 52.353649,4.99285 52.353656,4.993279 52.353956,4.993261 52.353996,4.993284 52.35405,4.993327 52.354083,4.993054 52.354228,4.992999 52.354219,4.992883 52.354245,4.992794 52.354302,4.992771 52.354377,4.992619 52.354457,4.992488 52.354421,4.9924 52.354435,4.992331 52.354477,4.992306 52.354531,4.992349 52.354601,4.991858 52.354863,4.991738 52.354871,4.991669 52.354913,4.991645 52.354967,4.991178 52.355225,4.991087 52.355209,4.990998 52.355224,4.990933 52.355263,4.990909 52.355317,4.990928 52.355361,4.990777 52.355412,4.990714 52.355474,4.99012 52.355789,4.989711 52.35551,4.989576 52.35549,4.989331 52.355512,4.989261 52.355554,4.989197 52.355643,4.989049 52.355717,4.988929 52.355726,4.98886 52.355768,4.988836 52.355821,4.988879 52.355893,4.989267 52.356169,4.989238 52.356191,4.989223 52.356266,4.989148 52.356313,4.989124 52.356367,4.989147 52.356421,4.989316 52.35655,4.98931 52.35659,4.989288 52.356601,4.989178 52.356529,4.989084 52.356507,4.98874 52.356266,4.988709 52.356196,4.988583 52.356108,4.988464 52.356091,4.988343 52.356107,4.987995 52.356312,4.987847 52.356375,4.987783 52.356428,4.987759 52.356496,4.987783 52.35655,4.987872 52.356626,4.988033 52.356691,4.988326 52.356899,4.988368 52.356979,4.988458 52.35704,4.988352 52.357096,4.988219 52.35703,4.987924 52.356823,4.98788 52.356801,4.987728 52.356771,4.987611 52.356797,4.987539 52.356852,4.987068 52.357094,4.987044 52.357147,4.987099 52.357248,4.987506 52.357538,4.987551 52.357561,4.987676 52.357583,4.987792 52.357557,4.987908 52.357466,4.987992 52.357439,4.988181 52.357338,4.98824 52.357371,4.988329 52.357386,4.988453 52.35736,4.988553 52.357307,4.988601 52.357255,4.989579 52.356738,4.989747 52.356849,4.989835 52.356864,4.989907 52.356852,4.989972 52.356893,4.990061 52.356916,4.990239 52.356931,4.990328 52.356917,4.990426 52.35686,4.990467 52.356808,4.990555 52.356794,4.990634 52.356753,4.990693 52.356677,4.990793 52.356665,4.990887 52.356614,4.990921 52.356574,4.991054 52.356528,4.991091 52.356501,4.991116 52.356412,4.991182 52.356423,4.991299 52.356397,4.991395 52.356327,4.991537 52.356277,4.991595 52.356201,4.991698 52.356183,4.991772 52.356147,4.991808 52.35612,4.99183 52.356036,4.991987 52.356026,4.992061 52.355989,4.992113 52.355945,4.992131 52.355895,4.992106 52.355834,4.99206 52.355796,4.992216 52.355712,4.992291 52.355724,4.992379 52.35571,4.99249 52.355648,4.992506 52.355612,4.992605 52.355599,4.992749 52.355511,4.992769 52.355472,4.992854 52.355458,4.992975 52.355387,4.99299 52.355356,4.993094 52.355343,4.99323 52.355247,4.993244 52.35522,4.993319 52.355208,4.99344 52.355135,4.993459 52.355098,4.993564 52.355084,4.993702 52.354997,4.993722 52.354959,4.993809 52.354945,4.993923 52.354881,4.993947 52.354801,4.994055 52.354777,4.99412 52.354738,4.994144 52.354685,4.994243 52.354625,4.994267 52.354571,4.994244 52.354517,4.994383 52.354488,4.994454 52.354518,4.994542 52.354533,4.99463 52.354519,4.994762 52.354444,4.99478 52.354405,4.99487 52.354391,4.995002 52.354316,4.995019 52.354279,4.995111 52.354265,4.995243 52.35419,4.995261 52.35415,4.995348 52.354136,4.995415 52.354101,4.99548 52.354061,4.995497 52.354023,4.995588 52.35401,4.99572 52.353934,4.995737 52.353896,4.995827 52.353882,4.995959 52.353807,4.995976 52.353769,4.996066 52.353755,4.996199 52.35368,4.996216 52.353642,4.996306 52.353628,4.996373 52.353592,4.996438 52.353553,4.996462 52.353499,4.996446 52.353462,4.99658 52.353391,4.996689 52.353444,4.996782 52.35346,4.99687 52.353446,4.996935 52.353407,4.996959 52.353353,4.997024 52.353295,4.997108 52.353266,4.997223 52.353256,4.997296 52.353199,4.997352 52.35319,4.997417 52.353151,4.997441 52.353097,4.997505 52.353039,4.99759 52.35301,4.997704 52.353,4.997777 52.352943,4.997832 52.352934,4.997897 52.352895,4.997922 52.352841,4.997987 52.352783,4.998071 52.352754,4.998186 52.352744,4.998259 52.352687,4.998314 52.352678,4.998379 52.352639,4.998403 52.352585,4.998468 52.352527,4.998553 52.352498,4.998667 52.352488,4.998732 52.352449,4.998756 52.352395,4.998676 52.352277,4.998849 52.352185,4.998973 52.352231,4.999065 52.352247,4.999153 52.352233,4.999218 52.352194,4.9993 52.352076,4.999399 52.352048,4.999509 52.352038,4.999574 52.351998,4.999591 52.351961,4.999688 52.351948,4.999753 52.351909,4.999833 52.351774),(4.996141 52.353102,4.996146 52.353151,4.996018 52.353165,4.995953 52.353204,4.995933 52.353249,4.995449 52.353504,4.995384 52.353543,4.995372 52.353569,4.99531 52.353581,4.99427 52.354133,4.994223 52.354152,4.994183 52.354128,4.994082 52.354105,4.99422 52.354026,4.99428 52.354002,4.994387 52.353988,4.994554 52.353899,4.994619 52.35386,4.994643 52.353806,4.99463 52.35376,4.99478 52.353737,4.995081 52.353577,4.995146 52.353538,4.995196 52.353457,4.995296 52.353461,4.995388 52.353444,4.995565 52.35335,4.99563 52.35331,4.995689 52.353243,4.995914 52.353129,4.995939 52.353075,4.995923 52.353015,4.996043 52.353047,4.996173 52.353026,4.996141 52.353102),(4.99374 52.354539,4.993607 52.354595,4.993176 52.354839,4.993059 52.354809,4.992967 52.354825,4.991825 52.355437,4.991801 52.355491,4.991817 52.355534,4.991696 52.355518,4.991593 52.35554,4.991419 52.355658,4.990202 52.356296,4.990132 52.356347,4.990096 52.356352,4.989797 52.356513,4.989733 52.356516,4.989689 52.356444,4.989915 52.356319,4.989939 52.356266,4.9899 52.356198,4.989951 52.35617,4.990028 52.356183,4.990117 52.356169,4.990197 52.356114,4.990356 52.356089,4.990704 52.355899,4.990727 52.355843,4.990875 52.355761,4.9909 52.355708,4.990887 52.355677,4.990941 52.355648,4.991064 52.35568,4.991157 52.355664,4.99132 52.355577,4.991424 52.35559,4.991512 52.355576,4.991574 52.355546,4.991619 52.35551,4.991641 52.355446,4.991617 52.355396,4.99153 52.355329,4.991548 52.355319,4.991707 52.35536,4.9918 52.355344,4.991869 52.355308,4.991934 52.355269,4.991953 52.355204,4.992016 52.355159,4.992077 52.355136,4.992205 52.355129,4.99251 52.354961,4.992526 52.354888,4.992637 52.354829,4.992695 52.354834,4.992787 52.354818,4.992924 52.35474,4.992948 52.354686,4.992901 52.354604,4.993452 52.354308,4.99376 52.354509,4.99374 52.354539))";"POLYGON((52.351774 4.999833,52.35172 4.999811,52.351612 4.999713,52.351568 4.999644,52.351553 4.999556,52.351565 4.999484,52.351502 4.99938,52.351484 4.999304,52.351496 4.999166,52.351552 4.999065,52.351602 4.999042,52.351871 4.99853,52.351925 4.998506,52.351979 4.998529,52.352019 4.998474,52.351993 4.99842,52.351978 4.998332,52.352008 4.998184,52.352063 4.998089,52.352114 4.998067,52.352137 4.998028,52.352985 4.996437,52.352963 4.996333,52.352977 4.996245,52.352952 4.99625,52.352807 4.996516,52.352753 4.99654,52.352685 4.996501,52.352662 4.996585,52.352671 4.996635,52.352656 4.996723,52.35259 4.996847,52.352577 4.996962,52.352385 4.997312,52.352299 4.997373,52.352247 4.997484,52.352193 4.997508,52.352162 4.997494,52.352133 4.997549,52.352165 4.997674,52.352151 4.997763,52.352034 4.997978,52.35202 4.998058,52.351987 4.998123,52.351952 4.998165,52.351899 4.998189,52.351819 4.998142,52.351801 4.998168,52.351852 4.99824,52.351877 4.998308,52.351884 4.998393,52.351867 4.998484,52.351807 4.998595,52.351753 4.998619,52.351706 4.998599,52.351679 4.998644,52.351516 4.998956,52.351524 4.999005,52.35151 4.999093,52.351471 4.999158,52.351409 4.999189,52.351346 4.999164,52.351194 4.998942,52.351179 4.998854,52.351194 4.998765,52.351239 4.998662,52.35122 4.998566,52.351234 4.998477,52.351276 4.998408,52.351329 4.998384,52.351375 4.998404,52.351413 4.99835,52.352829 4.99569,52.352855 4.995632,52.352848 4.995588,52.352862 4.9955,52.352902 4.99542,52.352951 4.995373,52.35297 4.995318,52.352961 4.995265,52.352975 4.995177,52.353017 4.995107,52.353071 4.995083,52.353135 4.995107,52.35336 4.994687,52.353375 4.994602,52.353409 4.99453,52.353471 4.994477,52.35354 4.994347,52.353552 4.994242,52.353593 4.994173,52.353644 4.99415,52.353741 4.993968,52.353753 4.993864,52.353794 4.993795,52.353848 4.993771,52.3539 4.993673,52.353451 4.993035,52.353408 4.993115,52.353354 4.993139,52.353302 4.993128,52.353282 4.993304,52.353191 4.993484,52.353137 4.993509,52.35309 4.993488,52.353057 4.993532,52.353066 4.993587,52.353052 4.993675,52.35299 4.993753,52.352998 4.9938,52.352984 4.993889,52.352943 4.993958,52.352889 4.993982,52.352858 4.993969,52.35281 4.994057,52.352756 4.994082,52.352693 4.994047,52.352718 4.994157,52.352704 4.994245,52.352662 4.994314,52.352615 4.994336,52.352615 4.994425,52.35259 4.994527,52.352391 4.99491,52.352337 4.994935,52.352311 4.994923,52.35227 4.994994,52.352216 4.995018,52.352143 4.994984,52.352115 4.995172,52.352074 4.995241,52.352028 4.995261,52.352058 4.99531,52.352073 4.995398,52.352059 4.995486,52.351886 4.995772,52.351852 4.995788,52.351762 4.995935,52.351605 4.996247,52.351552 4.996271,52.351489 4.996238,52.351449 4.996296,52.351395 4.996321,52.351353 4.996449,52.351326 4.996483,52.351244 4.996499,52.351234 4.996609,52.35121 4.996656,52.351128 4.996715,52.35111 4.996788,52.351074 4.996852,52.351007 4.996893,52.351022 4.99698,52.350996 4.997113,52.351005 4.99717,52.350991 4.997258,52.350949 4.997328,52.350875 4.997343,52.35083 4.997436,52.350776 4.997461,52.350672 4.997387,52.350579 4.997565,52.350509 4.997606,52.350455 4.997583,52.350415 4.997519,52.3504 4.997431,52.350426 4.997307,52.350739 4.99671,52.350914 4.99644,52.350924 4.996324,52.350963 4.996259,52.350998 4.996243,52.351009 4.996134,52.351049 4.996069,52.351105 4.996042,52.351152 4.996062,52.351195 4.995978,52.351263 4.995957,52.351286 4.995927,52.351476 4.995576,52.351468 4.995456,52.351482 4.995357,52.351591 4.995204,52.351645 4.99518,52.351676 4.995193,52.351738 4.995073,52.351727 4.995001,52.351741 4.994913,52.351806 4.994833,52.351815 4.994773,52.351857 4.994704,52.351931 4.994689,52.351941 4.994557,52.351982 4.994488,52.352051 4.99447,52.352021 4.994415,52.352006 4.994327,52.352021 4.994238,52.352062 4.994169,52.352116 4.994145,52.352152 4.99416,52.352233 4.993998,52.352286 4.993974,52.352313 4.993985,52.352282 4.993849,52.352296 4.99376,52.352337 4.993691,52.352391 4.993667,52.352469 4.993712,52.352516 4.99363,52.352487 4.993576,52.352472 4.993488,52.352486 4.9934,52.352528 4.99333,52.352539 4.993172,52.35258 4.993103,52.352672 4.993072,52.352704 4.992937,52.352745 4.992868,52.35282 4.992814,52.352941 4.992583,52.352954 4.992487,52.353029 4.992335,52.353083 4.99231,52.353137 4.992334,52.353188 4.992401,52.353206 4.992402,52.353213 4.992358,52.353147 4.992278,52.353132 4.99219,52.353147 4.992096,52.353186 4.992031,52.35324 4.992007,52.35329 4.991894,52.353333 4.991875,52.353351 4.991791,52.35339 4.991726,52.353428 4.991708,52.35345 4.991619,52.353489 4.991554,52.353543 4.99153,52.353626 4.991581,52.353598 4.991467,52.353612 4.991379,52.353674 4.9913,52.353681 4.991259,52.353902 4.990882,52.353947 4.990862,52.353987 4.990647,52.354029 4.990577,52.354083 4.990553,52.354137 4.990576,52.354171 4.99062,52.354236 4.990486,52.354212 4.990442,52.354198 4.990353,52.354248 4.990129,52.354362 4.989946,52.354416 4.989922,52.354454 4.989937,52.354439 4.989851,52.354453 4.989762,52.354495 4.989693,52.354549 4.989669,52.354616 4.989707,52.354664 4.989628,52.354718 4.989604,52.354777 4.989627,52.354816 4.989691,52.354831 4.989779,52.354817 4.989868,52.354756 4.990016,52.354809 4.990225,52.354795 4.990313,52.354754 4.990382,52.3547 4.990407,52.354638 4.990373,52.354622 4.990436,52.354582 4.990497,52.354505 4.990555,52.354496 4.990685,52.354477 4.990727,52.354447 4.990771,52.354376 4.990791,52.354383 4.990865,52.354411 4.990916,52.354426 4.991004,52.354411 4.991093,52.354362 4.9912,52.35432 4.991269,52.354254 4.991288,52.354214 4.99133,52.354202 4.991403,52.354161 4.991472,52.354026 4.991558,52.354016 4.991669,52.353998 4.991707,52.353966 4.991754,52.353907 4.991781,52.353916 4.991837,52.353971 4.991932,52.353986 4.992021,52.353972 4.992109,52.353649 4.992758,52.353656 4.99285,52.353956 4.993279,52.353996 4.993261,52.35405 4.993284,52.354083 4.993327,52.354228 4.993054,52.354219 4.992999,52.354245 4.992883,52.354302 4.992794,52.354377 4.992771,52.354457 4.992619,52.354421 4.992488,52.354435 4.9924,52.354477 4.992331,52.354531 4.992306,52.354601 4.992349,52.354863 4.991858,52.354871 4.991738,52.354913 4.991669,52.354967 4.991645,52.355225 4.991178,52.355209 4.991087,52.355224 4.990998,52.355263 4.990933,52.355317 4.990909,52.355361 4.990928,52.355412 4.990777,52.355474 4.990714,52.355789 4.99012,52.35551 4.989711,52.35549 4.989576,52.355512 4.989331,52.355554 4.989261,52.355643 4.989197,52.355717 4.989049,52.355726 4.988929,52.355768 4.98886,52.355821 4.988836,52.355893 4.988879,52.356169 4.989267,52.356191 4.989238,52.356266 4.989223,52.356313 4.989148,52.356367 4.989124,52.356421 4.989147,52.35655 4.989316,52.35659 4.98931,52.356601 4.989288,52.356529 4.989178,52.356507 4.989084,52.356266 4.98874,52.356196 4.988709,52.356108 4.988583,52.356091 4.988464,52.356107 4.988343,52.356312 4.987995,52.356375 4.987847,52.356428 4.987783,52.356496 4.987759,52.35655 4.987783,52.356626 4.987872,52.356691 4.988033,52.356899 4.988326,52.356979 4.988368,52.35704 4.988458,52.357096 4.988352,52.35703 4.988219,52.356823 4.987924,52.356801 4.98788,52.356771 4.987728,52.356797 4.987611,52.356852 4.987539,52.357094 4.987068,52.357147 4.987044,52.357248 4.987099,52.357538 4.987506,52.357561 4.987551,52.357583 4.987676,52.357557 4.987792,52.357466 4.987908,52.357439 4.987992,52.357338 4.988181,52.357371 4.98824,52.357386 4.988329,52.35736 4.988453,52.357307 4.988553,52.357255 4.988601,52.356738 4.989579,52.356849 4.989747,52.356864 4.989835,52.356852 4.989907,52.356893 4.989972,52.356916 4.990061,52.356931 4.990239,52.356917 4.990328,52.35686 4.990426,52.356808 4.990467,52.356794 4.990555,52.356753 4.990634,52.356677 4.990693,52.356665 4.990793,52.356614 4.990887,52.356574 4.990921,52.356528 4.991054,52.356501 4.991091,52.356412 4.991116,52.356423 4.991182,52.356397 4.991299,52.356327 4.991395,52.356277 4.991537,52.356201 4.991595,52.356183 4.991698,52.356147 4.991772,52.35612 4.991808,52.356036 4.99183,52.356026 4.991987,52.355989 4.992061,52.355945 4.992113,52.355895 4.992131,52.355834 4.992106,52.355796 4.99206,52.355712 4.992216,52.355724 4.992291,52.35571 4.992379,52.355648 4.99249,52.355612 4.992506,52.355599 4.992605,52.355511 4.992749,52.355472 4.992769,52.355458 4.992854,52.355387 4.992975,52.355356 4.99299,52.355343 4.993094,52.355247 4.99323,52.35522 4.993244,52.355208 4.993319,52.355135 4.99344,52.355098 4.993459,52.355084 4.993564,52.354997 4.993702,52.354959 4.993722,52.354945 4.993809,52.354881 4.993923,52.354801 4.993947,52.354777 4.994055,52.354738 4.99412,52.354685 4.994144,52.354625 4.994243,52.354571 4.994267,52.354517 4.994244,52.354488 4.994383,52.354518 4.994454,52.354533 4.994542,52.354519 4.99463,52.354444 4.994762,52.354405 4.99478,52.354391 4.99487,52.354316 4.995002,52.354279 4.995019,52.354265 4.995111,52.35419 4.995243,52.35415 4.995261,52.354136 4.995348,52.354101 4.995415,52.354061 4.99548,52.354023 4.995497,52.35401 4.995588,52.353934 4.99572,52.353896 4.995737,52.353882 4.995827,52.353807 4.995959,52.353769 4.995976,52.353755 4.996066,52.35368 4.996199,52.353642 4.996216,52.353628 4.996306,52.353592 4.996373,52.353553 4.996438,52.353499 4.996462,52.353462 4.996446,52.353391 4.99658,52.353444 4.996689,52.35346 4.996782,52.353446 4.99687,52.353407 4.996935,52.353353 4.996959,52.353295 4.997024,52.353266 4.997108,52.353256 4.997223,52.353199 4.997296,52.35319 4.997352,52.353151 4.997417,52.353097 4.997441,52.353039 4.997505,52.35301 4.99759,52.353 4.997704,52.352943 4.997777,52.352934 4.997832,52.352895 4.997897,52.352841 4.997922,52.352783 4.997987,52.352754 4.998071,52.352744 4.998186,52.352687 4.998259,52.352678 4.998314,52.352639 4.998379,52.352585 4.998403,52.352527 4.998468,52.352498 4.998553,52.352488 4.998667,52.352449 4.998732,52.352395 4.998756,52.352277 4.998676,52.352185 4.998849,52.352231 4.998973,52.352247 4.999065,52.352233 4.999153,52.352194 4.999218,52.352076 4.9993,52.352048 4.999399,52.352038 4.999509,52.351998 4.999574,52.351961 4.999591,52.351948 4.999688,52.351909 4.999753,52.351774 4.999833),(52.353102 4.996141,52.353151 4.996146,52.353165 4.996018,52.353204 4.995953,52.353249 4.995933,52.353504 4.995449,52.353543 4.995384,52.353569 4.995372,52.353581 4.99531,52.354133 4.99427,52.354152 4.994223,52.354128 4.994183,52.354105 4.994082,52.354026 4.99422,52.354002 4.99428,52.353988 4.994387,52.353899 4.994554,52.35386 4.994619,52.353806 4.994643,52.35376 4.99463,52.353737 4.99478,52.353577 4.995081,52.353538 4.995146,52.353457 4.995196,52.353461 4.995296,52.353444 4.995388,52.35335 4.995565,52.35331 4.99563,52.353243 4.995689,52.353129 4.995914,52.353075 4.995939,52.353015 4.995923,52.353047 4.996043,52.353026 4.996173,52.353102 4.996141),(52.354539 4.99374,52.354595 4.993607,52.354839 4.993176,52.354809 4.993059,52.354825 4.992967,52.355437 4.991825,52.355491 4.991801,52.355534 4.991817,52.355518 4.991696,52.35554 4.991593,52.355658 4.991419,52.356296 4.990202,52.356347 4.990132,52.356352 4.990096,52.356513 4.989797,52.356516 4.989733,52.356444 4.989689,52.356319 4.989915,52.356266 4.989939,52.356198 4.9899,52.35617 4.989951,52.356183 4.990028,52.356169 4.990117,52.356114 4.990197,52.356089 4.990356,52.355899 4.990704,52.355843 4.990727,52.355761 4.990875,52.355708 4.9909,52.355677 4.990887,52.355648 4.990941,52.35568 4.991064,52.355664 4.991157,52.355577 4.99132,52.35559 4.991424,52.355576 4.991512,52.355546 4.991574,52.35551 4.991619,52.355446 4.991641,52.355396 4.991617,52.355329 4.99153,52.355319 4.991548,52.35536 4.991707,52.355344 4.9918,52.355308 4.991869,52.355269 4.991934,52.355204 4.991953,52.355159 4.992016,52.355136 4.992077,52.355129 4.992205,52.354961 4.99251,52.354888 4.992526,52.354829 4.992637,52.354834 4.992695,52.354818 4.992787,52.35474 4.992924,52.354686 4.992948,52.354604 4.992901,52.354308 4.993452,52.354509 4.99376,52.354539 4.99374))";4.9934435;52.3539845;
26;"WARMTE WIJK";"IN BEDRIJF";"POLYGON((4.967442 52.326163,4.967419 52.326109,4.967354 52.32607,4.966877 52.325906,4.966813 52.325866,4.966699 52.325827,4.966464 52.325767,4.96631 52.325693,4.966384 52.325649,4.966847 52.32514,4.96687 52.325089,4.96683 52.325025,4.967066 52.324765,4.967144 52.324717,4.967171 52.32466,4.967148 52.324606,4.967084 52.324566,4.966962 52.32454,4.96685 52.324557,4.966814 52.324576,4.966791 52.324525,4.966726 52.324485,4.966148 52.324289,4.96616 52.324276,4.96625 52.324291,4.966338 52.324277,4.966411 52.324236,4.966543 52.324092,4.966588 52.324084,4.966747 52.324134,4.9666 52.324307,4.966578 52.324359,4.966601 52.324413,4.966665 52.324453,4.966786 52.324479,4.966893 52.324461,4.966958 52.324421,4.967088 52.324267,4.967171 52.324216,4.967198 52.324159,4.967131 52.324032,4.967015 52.323974,4.967068 52.323898,4.967045 52.323844,4.966978 52.3238,4.966581 52.323663,4.966569 52.323636,4.966505 52.323596,4.966426 52.323569,4.966324 52.323558,4.965832 52.323389,4.965747 52.323376,4.965658 52.32339,4.965568 52.323457,4.965545 52.323509,4.965565 52.323555,4.965496 52.323566,4.965431 52.323605,4.96516 52.323903,4.965133 52.323959,4.965079 52.323991,4.964767 52.324332,4.964749 52.324411,4.964655 52.324455,4.964409 52.324736,4.964233 52.324903,4.964211 52.324955,4.964228 52.324995,4.964012 52.324936,4.963923 52.32495,4.963858 52.32499,4.963345 52.325553,4.963323 52.325546,4.963386 52.325479,4.9634 52.325406,4.963595 52.325184,4.963601 52.325106,4.963533 52.325042,4.963613 52.325,4.963673 52.324934,4.963696 52.324882,4.963685 52.324836,4.963845 52.324768,4.963882 52.324701,4.963872 52.324678,4.963963 52.324633,4.964273 52.324295,4.9643 52.324238,4.964393 52.324159,4.964755 52.323749,4.964824 52.323693,4.964851 52.323636,4.964838 52.323606,4.964926 52.323592,4.964991 52.323553,4.965036 52.323476,4.965013 52.323422,4.964947 52.323378,4.964427 52.323199,4.964266 52.32318,4.964177 52.323194,4.964112 52.323233,4.963975 52.323384,4.963953 52.323433,4.962649 52.32298,4.962564 52.322966,4.962475 52.32298,4.96241 52.323019,4.962366 52.323095,4.962389 52.323149,4.962427 52.323172,4.96233 52.323196,4.962265 52.323235,4.961846 52.323705,4.961697 52.323843,4.96168 52.323922,4.961598 52.323961,4.961138 52.323802,4.961382 52.323531,4.961405 52.323465,4.961491 52.323416,4.961771 52.323102,4.961886 52.323092,4.961951 52.323052,4.962057 52.322937,4.962079 52.322885,4.962056 52.322831,4.961944 52.322737,4.961139 52.322461,4.961048 52.322445,4.960959 52.322459,4.960896 52.322496,4.960844 52.322578,4.960867 52.322632,4.960931 52.322672,4.960989 52.322683,4.960937 52.322676,4.960848 52.32269,4.960757 52.322738,4.960722 52.322801,4.960744 52.322858,4.960808 52.322898,4.961198 52.323032,4.961266 52.32308,4.961324 52.323099,4.961287 52.323139,4.960723 52.322935,4.960638 52.322922,4.96055 52.322936,4.960485 52.322975,4.960437 52.323055,4.96046 52.323109,4.960505 52.323137,4.960409 52.323154,4.960337 52.323195,4.960301 52.323261,4.960324 52.323315,4.960389 52.323355,4.960781 52.32349,4.960877 52.32355,4.96083 52.323592,4.960792 52.323589,4.960285 52.323415,4.9602 52.323401,4.960112 52.323415,4.960047 52.323454,4.959998 52.323534,4.960022 52.323588,4.960086 52.323628,4.960668 52.323817,4.960703 52.323888,4.960767 52.323928,4.961295 52.324108,4.960713 52.324745,4.960685 52.324803,4.960718 52.324893,4.960782 52.324933,4.962899 52.325658,4.963018 52.32575,4.963123 52.32577,4.963203 52.325757,4.963317 52.325792,4.965547 52.326566,4.965627 52.326578,4.965716 52.326564,4.965781 52.326525,4.966161 52.326075,4.966176 52.326005,4.966133 52.325947,4.966184 52.325918,4.966391 52.325993,4.965885 52.326557,4.965863 52.326609,4.965886 52.326663,4.96595 52.326703,4.966675 52.32695,4.966759 52.326963,4.966847 52.326949,4.966912 52.32691,4.96732 52.326446,4.967317 52.326367,4.967232 52.326306,4.967287 52.326267,4.967345 52.326258,4.967418 52.326217,4.967442 52.326163),(4.966893 52.326315,4.966873 52.32636,4.966824 52.326391,4.966716 52.326531,4.966668 52.326561,4.966652 52.326636,4.966453 52.326578,4.966389 52.326545,4.966477 52.3265,4.966497 52.326456,4.966546 52.326425,4.966613 52.32633,4.966701 52.326257,4.966727 52.32619,4.966815 52.326205,4.966888 52.326194,4.966905 52.326234,4.966966 52.326272,4.966893 52.326315),(4.961702 52.324535,4.961684 52.324604,4.961598 52.324649,4.961529 52.324748,4.961479 52.324779,4.961457 52.324838,4.961235 52.324763,4.961302 52.324721,4.961322 52.324678,4.961524 52.324478,4.961543 52.324412,4.961716 52.32446,4.961769 52.324493,4.961702 52.324535),(4.965762 52.325931,4.96559 52.326143,4.965541 52.326174,4.965518 52.32623,4.965402 52.326198,4.965316 52.326156,4.965384 52.326114,4.965512 52.325951,4.965595 52.325882,4.96562 52.325828,4.965606 52.325797,4.96566 52.32583,4.965835 52.325888,4.965762 52.325931),(4.962441 52.324795,4.962349 52.324918,4.962224 52.325033,4.962204 52.325097,4.961986 52.325021,4.962054 52.324979,4.962073 52.324936,4.962275 52.324737,4.962295 52.324674,4.962474 52.324724,4.96252 52.324751,4.962441 52.324795),(4.96557 52.324065,4.965548 52.324115,4.965488 52.324153,4.965205 52.324455,4.965166 52.32444,4.965151 52.324407,4.965414 52.324119,4.965437 52.324067,4.965495 52.324031,4.965701 52.323806,4.965755 52.323793,4.965785 52.32383,4.96557 52.324065),(4.963459 52.32361,4.963237 52.323853,4.96321 52.323951,4.963096 52.324006,4.962878 52.324244,4.962856 52.324297,4.962749 52.324261,4.962721 52.324246,4.962816 52.3242,4.962973 52.324029,4.963055 52.323986,4.963194 52.323834,4.963211 52.323769,4.963368 52.323598,4.963396 52.323505,4.963476 52.323542,4.96355 52.323556,4.963459 52.32361),(4.965334 52.325158,4.964672 52.324926,4.964961 52.324623,4.965039 52.324652,4.964891 52.324814,4.964868 52.324867,4.964891 52.324921,4.964959 52.324961,4.965393 52.325111,4.965334 52.325158),(4.963199 52.325044,4.963181 52.325084,4.963046 52.325211,4.963024 52.325259,4.962974 52.32529,4.962956 52.32536,4.962712 52.325279,4.962797 52.325234,4.962816 52.325191,4.963018 52.324993,4.963042 52.324939,4.963031 52.324912,4.963065 52.324917,4.963135 52.324958,4.963219 52.324972,4.963267 52.325001,4.963199 52.325044),(4.965014 52.325671,4.964917 52.3258,4.96479 52.325916,4.964775 52.325991,4.96471 52.32598,4.964531 52.325906,4.96462 52.32586,4.964795 52.325648,4.964842 52.325618,4.964861 52.325553,4.965102 52.325626,4.965014 52.325671),(4.964262 52.325408,4.964161 52.325542,4.964036 52.325655,4.964012 52.325709,4.964035 52.325763,4.964097 52.325802,4.964088 52.325811,4.963657 52.325661,4.963668 52.325649,4.963793 52.325641,4.963861 52.325598,4.96388 52.325555,4.964082 52.325356,4.964098 52.325281,4.964258 52.325257,4.964271 52.325335,4.964325 52.325368,4.964262 52.325408))";"POLYGON((52.326163 4.967442,52.326109 4.967419,52.32607 4.967354,52.325906 4.966877,52.325866 4.966813,52.325827 4.966699,52.325767 4.966464,52.325693 4.96631,52.325649 4.966384,52.32514 4.966847,52.325089 4.96687,52.325025 4.96683,52.324765 4.967066,52.324717 4.967144,52.32466 4.967171,52.324606 4.967148,52.324566 4.967084,52.32454 4.966962,52.324557 4.96685,52.324576 4.966814,52.324525 4.966791,52.324485 4.966726,52.324289 4.966148,52.324276 4.96616,52.324291 4.96625,52.324277 4.966338,52.324236 4.966411,52.324092 4.966543,52.324084 4.966588,52.324134 4.966747,52.324307 4.9666,52.324359 4.966578,52.324413 4.966601,52.324453 4.966665,52.324479 4.966786,52.324461 4.966893,52.324421 4.966958,52.324267 4.967088,52.324216 4.967171,52.324159 4.967198,52.324032 4.967131,52.323974 4.967015,52.323898 4.967068,52.323844 4.967045,52.3238 4.966978,52.323663 4.966581,52.323636 4.966569,52.323596 4.966505,52.323569 4.966426,52.323558 4.966324,52.323389 4.965832,52.323376 4.965747,52.32339 4.965658,52.323457 4.965568,52.323509 4.965545,52.323555 4.965565,52.323566 4.965496,52.323605 4.965431,52.323903 4.96516,52.323959 4.965133,52.323991 4.965079,52.324332 4.964767,52.324411 4.964749,52.324455 4.964655,52.324736 4.964409,52.324903 4.964233,52.324955 4.964211,52.324995 4.964228,52.324936 4.964012,52.32495 4.963923,52.32499 4.963858,52.325553 4.963345,52.325546 4.963323,52.325479 4.963386,52.325406 4.9634,52.325184 4.963595,52.325106 4.963601,52.325042 4.963533,52.325 4.963613,52.324934 4.963673,52.324882 4.963696,52.324836 4.963685,52.324768 4.963845,52.324701 4.963882,52.324678 4.963872,52.324633 4.963963,52.324295 4.964273,52.324238 4.9643,52.324159 4.964393,52.323749 4.964755,52.323693 4.964824,52.323636 4.964851,52.323606 4.964838,52.323592 4.964926,52.323553 4.964991,52.323476 4.965036,52.323422 4.965013,52.323378 4.964947,52.323199 4.964427,52.32318 4.964266,52.323194 4.964177,52.323233 4.964112,52.323384 4.963975,52.323433 4.963953,52.32298 4.962649,52.322966 4.962564,52.32298 4.962475,52.323019 4.96241,52.323095 4.962366,52.323149 4.962389,52.323172 4.962427,52.323196 4.96233,52.323235 4.962265,52.323705 4.961846,52.323843 4.961697,52.323922 4.96168,52.323961 4.961598,52.323802 4.961138,52.323531 4.961382,52.323465 4.961405,52.323416 4.961491,52.323102 4.961771,52.323092 4.961886,52.323052 4.961951,52.322937 4.962057,52.322885 4.962079,52.322831 4.962056,52.322737 4.961944,52.322461 4.961139,52.322445 4.961048,52.322459 4.960959,52.322496 4.960896,52.322578 4.960844,52.322632 4.960867,52.322672 4.960931,52.322683 4.960989,52.322676 4.960937,52.32269 4.960848,52.322738 4.960757,52.322801 4.960722,52.322858 4.960744,52.322898 4.960808,52.323032 4.961198,52.32308 4.961266,52.323099 4.961324,52.323139 4.961287,52.322935 4.960723,52.322922 4.960638,52.322936 4.96055,52.322975 4.960485,52.323055 4.960437,52.323109 4.96046,52.323137 4.960505,52.323154 4.960409,52.323195 4.960337,52.323261 4.960301,52.323315 4.960324,52.323355 4.960389,52.32349 4.960781,52.32355 4.960877,52.323592 4.96083,52.323589 4.960792,52.323415 4.960285,52.323401 4.9602,52.323415 4.960112,52.323454 4.960047,52.323534 4.959998,52.323588 4.960022,52.323628 4.960086,52.323817 4.960668,52.323888 4.960703,52.323928 4.960767,52.324108 4.961295,52.324745 4.960713,52.324803 4.960685,52.324893 4.960718,52.324933 4.960782,52.325658 4.962899,52.32575 4.963018,52.32577 4.963123,52.325757 4.963203,52.325792 4.963317,52.326566 4.965547,52.326578 4.965627,52.326564 4.965716,52.326525 4.965781,52.326075 4.966161,52.326005 4.966176,52.325947 4.966133,52.325918 4.966184,52.325993 4.966391,52.326557 4.965885,52.326609 4.965863,52.326663 4.965886,52.326703 4.96595,52.32695 4.966675,52.326963 4.966759,52.326949 4.966847,52.32691 4.966912,52.326446 4.96732,52.326367 4.967317,52.326306 4.967232,52.326267 4.967287,52.326258 4.967345,52.326217 4.967418,52.326163 4.967442),(52.326315 4.966893,52.32636 4.966873,52.326391 4.966824,52.326531 4.966716,52.326561 4.966668,52.326636 4.966652,52.326578 4.966453,52.326545 4.966389,52.3265 4.966477,52.326456 4.966497,52.326425 4.966546,52.32633 4.966613,52.326257 4.966701,52.32619 4.966727,52.326205 4.966815,52.326194 4.966888,52.326234 4.966905,52.326272 4.966966,52.326315 4.966893),(52.324535 4.961702,52.324604 4.961684,52.324649 4.961598,52.324748 4.961529,52.324779 4.961479,52.324838 4.961457,52.324763 4.961235,52.324721 4.961302,52.324678 4.961322,52.324478 4.961524,52.324412 4.961543,52.32446 4.961716,52.324493 4.961769,52.324535 4.961702),(52.325931 4.965762,52.326143 4.96559,52.326174 4.965541,52.32623 4.965518,52.326198 4.965402,52.326156 4.965316,52.326114 4.965384,52.325951 4.965512,52.325882 4.965595,52.325828 4.96562,52.325797 4.965606,52.32583 4.96566,52.325888 4.965835,52.325931 4.965762),(52.324795 4.962441,52.324918 4.962349,52.325033 4.962224,52.325097 4.962204,52.325021 4.961986,52.324979 4.962054,52.324936 4.962073,52.324737 4.962275,52.324674 4.962295,52.324724 4.962474,52.324751 4.96252,52.324795 4.962441),(52.324065 4.96557,52.324115 4.965548,52.324153 4.965488,52.324455 4.965205,52.32444 4.965166,52.324407 4.965151,52.324119 4.965414,52.324067 4.965437,52.324031 4.965495,52.323806 4.965701,52.323793 4.965755,52.32383 4.965785,52.324065 4.96557),(52.32361 4.963459,52.323853 4.963237,52.323951 4.96321,52.324006 4.963096,52.324244 4.962878,52.324297 4.962856,52.324261 4.962749,52.324246 4.962721,52.3242 4.962816,52.324029 4.962973,52.323986 4.963055,52.323834 4.963194,52.323769 4.963211,52.323598 4.963368,52.323505 4.963396,52.323542 4.963476,52.323556 4.96355,52.32361 4.963459),(52.325158 4.965334,52.324926 4.964672,52.324623 4.964961,52.324652 4.965039,52.324814 4.964891,52.324867 4.964868,52.324921 4.964891,52.324961 4.964959,52.325111 4.965393,52.325158 4.965334),(52.325044 4.963199,52.325084 4.963181,52.325211 4.963046,52.325259 4.963024,52.32529 4.962974,52.32536 4.962956,52.325279 4.962712,52.325234 4.962797,52.325191 4.962816,52.324993 4.963018,52.324939 4.963042,52.324912 4.963031,52.324917 4.963065,52.324958 4.963135,52.324972 4.963219,52.325001 4.963267,52.325044 4.963199),(52.325671 4.965014,52.3258 4.964917,52.325916 4.96479,52.325991 4.964775,52.32598 4.96471,52.325906 4.964531,52.32586 4.96462,52.325648 4.964795,52.325618 4.964842,52.325553 4.964861,52.325626 4.965102,52.325671 4.965014),(52.325408 4.964262,52.325542 4.964161,52.325655 4.964036,52.325709 4.964012,52.325763 4.964035,52.325802 4.964097,52.325811 4.964088,52.325661 4.963657,52.325649 4.963668,52.325641 4.963793,52.325598 4.963861,52.325555 4.96388,52.325356 4.964082,52.325281 4.964098,52.325257 4.964258,52.325335 4.964271,52.325368 4.964325,52.325408 4.964262))";4.963725;52.324697;
27;"WARMTE WIJK";"IN BEDRIJF";"POLYGON((4.962547 52.316489,4.962524 52.316435,4.962454 52.31639,4.961948 52.316224,4.961866 52.316211,4.961358 52.316303,4.961243 52.316284,4.961154 52.316298,4.961089 52.316337,4.960433 52.317053,4.960051 52.316915,4.960431 52.316502,4.960521 52.316458,4.960552 52.316426,4.960566 52.316352,4.960743 52.316155,4.960886 52.316124,4.961272 52.316262,4.96136 52.316276,4.961449 52.316262,4.961514 52.316223,4.961538 52.316169,4.961515 52.316115,4.961446 52.316071,4.960993 52.315909,4.960905 52.315894,4.960813 52.315907,4.960705 52.315809,4.960448 52.315709,4.960154 52.315684,4.959907 52.315717,4.959682 52.315794,4.959519 52.315895,4.959393 52.316036,4.959379 52.316107,4.958619 52.316935,4.958513 52.316946,4.958448 52.316985,4.958008 52.317461,4.957985 52.317514,4.958008 52.317568,4.958167 52.31764,4.958016 52.317761,4.957758 52.318043,4.95773 52.318101,4.957755 52.318184,4.957778 52.318238,4.95784 52.318276,4.957819 52.3183,4.957768 52.318292,4.95768 52.318306,4.957615 52.318345,4.957582 52.318443,4.957627 52.31851,4.957587 52.318567,4.957502 52.31861,4.957474 52.318668,4.957511 52.318752,4.957561 52.318783,4.95746 52.318833,4.957435 52.318887,4.957459 52.318941,4.957526 52.318985,4.957705 52.319002,4.957807 52.319112,4.957765 52.319182,4.957777 52.31921,4.957188 52.319007,4.957103 52.318994,4.957014 52.319008,4.956934 52.319064,4.956908 52.319057,4.956856 52.319013,4.9569 52.318938,4.956877 52.318884,4.956812 52.318845,4.956724 52.31883,4.956626 52.318842,4.956477 52.318924,4.955887 52.318727,4.95571 52.318706,4.955624 52.318719,4.955297 52.318821,4.955062 52.318913,4.954891 52.319016,4.954578 52.319272,4.954535 52.319336,4.954469 52.319599,4.954479 52.319806,4.954588 52.320058,4.95476 52.320247,4.955043 52.320429,4.955327 52.320545,4.95542 52.320561,4.955508 52.320547,4.955572 52.320509,4.955692 52.320386,4.955716 52.320332,4.955693 52.320277,4.955629 52.320238,4.955536 52.320221,4.955404 52.320231,4.955197 52.320114,4.955062 52.319992,4.95495 52.319778,4.954936 52.319666,4.954955 52.319503,4.95511 52.319308,4.955268 52.319191,4.955399 52.319121,4.955703 52.31901,4.955829 52.319043,4.955917 52.319029,4.95596 52.319003,4.956011 52.319021,4.95559 52.319144,4.955363 52.319247,4.955252 52.319328,4.955149 52.31944,4.955143 52.319506,4.955089 52.319562,4.955078 52.319746,4.955135 52.31989,4.955223 52.319997,4.955412 52.320131,4.955571 52.3202,4.95566 52.320215,4.955748 52.320201,4.955856 52.320113,4.955875 52.320156,4.955916 52.320182,4.955866 52.320212,4.955842 52.320266,4.955878 52.320401,4.955943 52.320441,4.956104 52.320469,4.95683 52.320425,4.95693 52.320431,4.957189 52.320387,4.957315 52.320349,4.95745 52.320284,4.957493 52.320348,4.957432 52.320426,4.9572 52.320443,4.957047 52.320415,4.956953 52.320429,4.956891 52.320467,4.956836 52.320457,4.956588 52.320473,4.956389 52.320503,4.956297 52.320491,4.955943 52.320512,4.955741 52.320543,4.955676 52.320582,4.955649 52.320639,4.955672 52.320693,4.955765 52.320743,4.95585 52.320756,4.956081 52.320743,4.956142 52.320779,4.95623 52.320794,4.95651 52.320768,4.956582 52.320712,4.957462 52.320658,4.957582 52.320668,4.957655 52.320655,4.95772 52.320615,4.957771 52.320523,4.957858 52.32048,4.957904 52.320429,4.957987 52.320416,4.958061 52.320592,4.958125 52.320632,4.958561 52.320786,4.958654 52.320802,4.958743 52.320788,4.958822 52.320733,4.958845 52.320681,4.958829 52.320644,4.958907 52.320631,4.958972 52.320592,4.95915 52.320389,4.959243 52.320376,4.959308 52.320336,4.95954 52.320083,4.959563 52.320031,4.959757 52.319841,4.95978 52.319788,4.959757 52.319734,4.959783 52.319697,4.960133 52.319333,4.960156 52.319281,4.960113 52.319215,4.960232 52.319195,4.960297 52.319156,4.960321 52.319102,4.960298 52.319048,4.960233 52.319005,4.959797 52.31886,4.959585 52.318814,4.959497 52.318828,4.959464 52.318848,4.959373 52.318789,4.959303 52.318776,4.95926 52.31875,4.959164 52.318729,4.959092 52.318693,4.959004 52.318678,4.958939 52.318646,4.958851 52.318631,4.958762 52.318645,4.958715 52.318669,4.958511 52.318819,4.958492 52.318887,4.958333 52.318996,4.958182 52.318957,4.958104 52.318967,4.958058 52.318923,4.95805 52.318852,4.957999 52.318788,4.958099 52.318652,4.958075 52.318598,4.958011 52.318559,4.958187 52.318347,4.958723 52.318531,4.958832 52.318541,4.959031 52.318589,4.959119 52.318575,4.959255 52.318505,4.959538 52.318319,4.959571 52.318255,4.959548 52.318201,4.959464 52.31811,4.959476 52.318085,4.959453 52.318031,4.959388 52.317991,4.959271 52.317966,4.959231 52.317973,4.959217 52.317941,4.959153 52.317901,4.958995 52.317871,4.958955 52.317878,4.958941 52.317846,4.958877 52.317806,4.958718 52.317776,4.958674 52.317783,4.95866 52.317749,4.958596 52.317709,4.95842 52.317676,4.958522 52.317631,4.958556 52.317567,4.958533 52.317513,4.958425 52.317458,4.95859 52.317279,4.958703 52.317291,4.958738 52.317303,4.958695 52.317397,4.958719 52.317451,4.958783 52.317491,4.959756 52.317821,4.959843 52.317836,4.960057 52.317783,4.960077 52.317846,4.960141 52.317886,4.960829 52.318124,4.960914 52.318138,4.961003 52.318123,4.961068 52.318084,4.961092 52.31803,4.961069 52.317976,4.961001 52.317932,4.960507 52.31776,4.961066 52.317164,4.961477 52.317298,4.96109 52.317723,4.961067 52.317775,4.96109 52.317829,4.961155 52.317869,4.961248 52.317885,4.961336 52.317871,4.961401 52.317832,4.962405 52.316732,4.962427 52.31668,4.962386 52.316594,4.962458 52.316583,4.962523 52.316543,4.962547 52.316489),(4.962049 52.316548,4.962025 52.316602,4.962045 52.316676,4.961659 52.317099,4.961523 52.317063,4.961535 52.317032,4.961512 52.316978,4.961443 52.316937,4.961355 52.316922,4.961279 52.316934,4.961458 52.316744,4.96148 52.316692,4.961457 52.316638,4.961422 52.316616,4.961532 52.316499,4.961846 52.316439,4.962094 52.31652,4.962049 52.316548),(4.956339 52.319542,4.95622 52.319634,4.956201 52.319692,4.95589 52.320032,4.955874 52.319994,4.955632 52.319855,4.955545 52.319755,4.95556 52.319608,4.955592 52.319535,4.955693 52.319449,4.955831 52.319386,4.956455 52.319206,4.956636 52.319217,4.956339 52.319542),(4.96008 52.317439,4.960061 52.317499,4.959648 52.317358,4.95987 52.317115,4.960256 52.317246,4.96008 52.317439),(4.957319 52.319693,4.957256 52.319671,4.957239 52.319602,4.957168 52.31956,4.95708 52.319546,4.956992 52.31956,4.956924 52.319602,4.956865 52.31967,4.956844 52.31972,4.956859 52.319755,4.956579 52.320059,4.956514 52.320049,4.956425 52.320063,4.95637 52.320096,4.956984 52.319428,4.957003 52.319471,4.95707 52.319512,4.957397 52.319623,4.957319 52.319693),(4.959845 52.316688,4.959723 52.316697,4.959656 52.316739,4.959637 52.316782,4.959347 52.31668,4.959295 52.316648,4.959748 52.316153,4.959762 52.31608,4.959818 52.316018,4.959912 52.315964,4.96005 52.315919,4.960188 52.315903,4.960343 52.315921,4.960396 52.315943,4.960381 52.315977,4.960427 52.31605,4.959845 52.316688),(4.958882 52.318307,4.958256 52.318092,4.95816 52.31808,4.958265 52.317965,4.958317 52.317957,4.959029 52.318208,4.958882 52.318307),(4.959869 52.319179,4.959803 52.31922,4.959344 52.319704,4.959329 52.319788,4.959127 52.319719,4.95922 52.319673,4.959676 52.319176,4.959695 52.319088,4.959931 52.319169,4.959869 52.319179),(4.959033 52.319006,4.958628 52.319448,4.958607 52.319497,4.958256 52.319376,4.958345 52.319345,4.958862 52.318973,4.958901 52.318909,4.958932 52.318906,4.959099 52.318963,4.959033 52.319006),(4.959362 52.317219,4.959255 52.317198,4.959184 52.317156,4.959114 52.317145,4.959065 52.317116,4.958954 52.317105,4.959015 52.317067,4.95904 52.317019,4.959185 52.316879,4.959556 52.317006,4.959362 52.317219),(4.958911 52.320192,4.958648 52.320479,4.958619 52.320539,4.958432 52.320475,4.958525 52.320429,4.958793 52.320118,4.95899 52.32015,4.958911 52.320192))";"POLYGON((52.316489 4.962547,52.316435 4.962524,52.31639 4.962454,52.316224 4.961948,52.316211 4.961866,52.316303 4.961358,52.316284 4.961243,52.316298 4.961154,52.316337 4.961089,52.317053 4.960433,52.316915 4.960051,52.316502 4.960431,52.316458 4.960521,52.316426 4.960552,52.316352 4.960566,52.316155 4.960743,52.316124 4.960886,52.316262 4.961272,52.316276 4.96136,52.316262 4.961449,52.316223 4.961514,52.316169 4.961538,52.316115 4.961515,52.316071 4.961446,52.315909 4.960993,52.315894 4.960905,52.315907 4.960813,52.315809 4.960705,52.315709 4.960448,52.315684 4.960154,52.315717 4.959907,52.315794 4.959682,52.315895 4.959519,52.316036 4.959393,52.316107 4.959379,52.316935 4.958619,52.316946 4.958513,52.316985 4.958448,52.317461 4.958008,52.317514 4.957985,52.317568 4.958008,52.31764 4.958167,52.317761 4.958016,52.318043 4.957758,52.318101 4.95773,52.318184 4.957755,52.318238 4.957778,52.318276 4.95784,52.3183 4.957819,52.318292 4.957768,52.318306 4.95768,52.318345 4.957615,52.318443 4.957582,52.31851 4.957627,52.318567 4.957587,52.31861 4.957502,52.318668 4.957474,52.318752 4.957511,52.318783 4.957561,52.318833 4.95746,52.318887 4.957435,52.318941 4.957459,52.318985 4.957526,52.319002 4.957705,52.319112 4.957807,52.319182 4.957765,52.31921 4.957777,52.319007 4.957188,52.318994 4.957103,52.319008 4.957014,52.319064 4.956934,52.319057 4.956908,52.319013 4.956856,52.318938 4.9569,52.318884 4.956877,52.318845 4.956812,52.31883 4.956724,52.318842 4.956626,52.318924 4.956477,52.318727 4.955887,52.318706 4.95571,52.318719 4.955624,52.318821 4.955297,52.318913 4.955062,52.319016 4.954891,52.319272 4.954578,52.319336 4.954535,52.319599 4.954469,52.319806 4.954479,52.320058 4.954588,52.320247 4.95476,52.320429 4.955043,52.320545 4.955327,52.320561 4.95542,52.320547 4.955508,52.320509 4.955572,52.320386 4.955692,52.320332 4.955716,52.320277 4.955693,52.320238 4.955629,52.320221 4.955536,52.320231 4.955404,52.320114 4.955197,52.319992 4.955062,52.319778 4.95495,52.319666 4.954936,52.319503 4.954955,52.319308 4.95511,52.319191 4.955268,52.319121 4.955399,52.31901 4.955703,52.319043 4.955829,52.319029 4.955917,52.319003 4.95596,52.319021 4.956011,52.319144 4.95559,52.319247 4.955363,52.319328 4.955252,52.31944 4.955149,52.319506 4.955143,52.319562 4.955089,52.319746 4.955078,52.31989 4.955135,52.319997 4.955223,52.320131 4.955412,52.3202 4.955571,52.320215 4.95566,52.320201 4.955748,52.320113 4.955856,52.320156 4.955875,52.320182 4.955916,52.320212 4.955866,52.320266 4.955842,52.320401 4.955878,52.320441 4.955943,52.320469 4.956104,52.320425 4.95683,52.320431 4.95693,52.320387 4.957189,52.320349 4.957315,52.320284 4.95745,52.320348 4.957493,52.320426 4.957432,52.320443 4.9572,52.320415 4.957047,52.320429 4.956953,52.320467 4.956891,52.320457 4.956836,52.320473 4.956588,52.320503 4.956389,52.320491 4.956297,52.320512 4.955943,52.320543 4.955741,52.320582 4.955676,52.320639 4.955649,52.320693 4.955672,52.320743 4.955765,52.320756 4.95585,52.320743 4.956081,52.320779 4.956142,52.320794 4.95623,52.320768 4.95651,52.320712 4.956582,52.320658 4.957462,52.320668 4.957582,52.320655 4.957655,52.320615 4.95772,52.320523 4.957771,52.32048 4.957858,52.320429 4.957904,52.320416 4.957987,52.320592 4.958061,52.320632 4.958125,52.320786 4.958561,52.320802 4.958654,52.320788 4.958743,52.320733 4.958822,52.320681 4.958845,52.320644 4.958829,52.320631 4.958907,52.320592 4.958972,52.320389 4.95915,52.320376 4.959243,52.320336 4.959308,52.320083 4.95954,52.320031 4.959563,52.319841 4.959757,52.319788 4.95978,52.319734 4.959757,52.319697 4.959783,52.319333 4.960133,52.319281 4.960156,52.319215 4.960113,52.319195 4.960232,52.319156 4.960297,52.319102 4.960321,52.319048 4.960298,52.319005 4.960233,52.31886 4.959797,52.318814 4.959585,52.318828 4.959497,52.318848 4.959464,52.318789 4.959373,52.318776 4.959303,52.31875 4.95926,52.318729 4.959164,52.318693 4.959092,52.318678 4.959004,52.318646 4.958939,52.318631 4.958851,52.318645 4.958762,52.318669 4.958715,52.318819 4.958511,52.318887 4.958492,52.318996 4.958333,52.318957 4.958182,52.318967 4.958104,52.318923 4.958058,52.318852 4.95805,52.318788 4.957999,52.318652 4.958099,52.318598 4.958075,52.318559 4.958011,52.318347 4.958187,52.318531 4.958723,52.318541 4.958832,52.318589 4.959031,52.318575 4.959119,52.318505 4.959255,52.318319 4.959538,52.318255 4.959571,52.318201 4.959548,52.31811 4.959464,52.318085 4.959476,52.318031 4.959453,52.317991 4.959388,52.317966 4.959271,52.317973 4.959231,52.317941 4.959217,52.317901 4.959153,52.317871 4.958995,52.317878 4.958955,52.317846 4.958941,52.317806 4.958877,52.317776 4.958718,52.317783 4.958674,52.317749 4.95866,52.317709 4.958596,52.317676 4.95842,52.317631 4.958522,52.317567 4.958556,52.317513 4.958533,52.317458 4.958425,52.317279 4.95859,52.317291 4.958703,52.317303 4.958738,52.317397 4.958695,52.317451 4.958719,52.317491 4.958783,52.317821 4.959756,52.317836 4.959843,52.317783 4.960057,52.317846 4.960077,52.317886 4.960141,52.318124 4.960829,52.318138 4.960914,52.318123 4.961003,52.318084 4.961068,52.31803 4.961092,52.317976 4.961069,52.317932 4.961001,52.31776 4.960507,52.317164 4.961066,52.317298 4.961477,52.317723 4.96109,52.317775 4.961067,52.317829 4.96109,52.317869 4.961155,52.317885 4.961248,52.317871 4.961336,52.317832 4.961401,52.316732 4.962405,52.31668 4.962427,52.316594 4.962386,52.316583 4.962458,52.316543 4.962523,52.316489 4.962547),(52.316548 4.962049,52.316602 4.962025,52.316676 4.962045,52.317099 4.961659,52.317063 4.961523,52.317032 4.961535,52.316978 4.961512,52.316937 4.961443,52.316922 4.961355,52.316934 4.961279,52.316744 4.961458,52.316692 4.96148,52.316638 4.961457,52.316616 4.961422,52.316499 4.961532,52.316439 4.961846,52.31652 4.962094,52.316548 4.962049),(52.319542 4.956339,52.319634 4.95622,52.319692 4.956201,52.320032 4.95589,52.319994 4.955874,52.319855 4.955632,52.319755 4.955545,52.319608 4.95556,52.319535 4.955592,52.319449 4.955693,52.319386 4.955831,52.319206 4.956455,52.319217 4.956636,52.319542 4.956339),(52.317439 4.96008,52.317499 4.960061,52.317358 4.959648,52.317115 4.95987,52.317246 4.960256,52.317439 4.96008),(52.319693 4.957319,52.319671 4.957256,52.319602 4.957239,52.31956 4.957168,52.319546 4.95708,52.31956 4.956992,52.319602 4.956924,52.31967 4.956865,52.31972 4.956844,52.319755 4.956859,52.320059 4.956579,52.320049 4.956514,52.320063 4.956425,52.320096 4.95637,52.319428 4.956984,52.319471 4.957003,52.319512 4.95707,52.319623 4.957397,52.319693 4.957319),(52.316688 4.959845,52.316697 4.959723,52.316739 4.959656,52.316782 4.959637,52.31668 4.959347,52.316648 4.959295,52.316153 4.959748,52.31608 4.959762,52.316018 4.959818,52.315964 4.959912,52.315919 4.96005,52.315903 4.960188,52.315921 4.960343,52.315943 4.960396,52.315977 4.960381,52.31605 4.960427,52.316688 4.959845),(52.318307 4.958882,52.318092 4.958256,52.31808 4.95816,52.317965 4.958265,52.317957 4.958317,52.318208 4.959029,52.318307 4.958882),(52.319179 4.959869,52.31922 4.959803,52.319704 4.959344,52.319788 4.959329,52.319719 4.959127,52.319673 4.95922,52.319176 4.959676,52.319088 4.959695,52.319169 4.959931,52.319179 4.959869),(52.319006 4.959033,52.319448 4.958628,52.319497 4.958607,52.319376 4.958256,52.319345 4.958345,52.318973 4.958862,52.318909 4.958901,52.318906 4.958932,52.318963 4.959099,52.319006 4.959033),(52.317219 4.959362,52.317198 4.959255,52.317156 4.959184,52.317145 4.959114,52.317116 4.959065,52.317105 4.958954,52.317067 4.959015,52.317019 4.95904,52.316879 4.959185,52.317006 4.959556,52.317219 4.959362),(52.320192 4.958911,52.320479 4.958648,52.320539 4.958619,52.320475 4.958432,52.320429 4.958525,52.320118 4.958793,52.32015 4.95899,52.320192 4.958911))";4.958513;52.318236;
28;"WARMTE WIJK";"IN BEDRIJF";"POLYGON((4.938353 52.376476,4.93833 52.376422,4.938265 52.376382,4.93818 52.376368,4.937127 52.376342,4.936591 52.3763,4.935623 52.376266,4.93551 52.376289,4.935353 52.376284,4.935256 52.376298,4.935191 52.376337,4.935167 52.376385,4.935189 52.376454,4.93526 52.376498,4.935348 52.376513,4.935729 52.376527,4.935838 52.376506,4.93622 52.37652,4.936341 52.376539,4.936465 52.376534,4.936568 52.376558,4.936935 52.376574,4.936564 52.376861,4.935547 52.377091,4.935457 52.377137,4.935432 52.377191,4.935446 52.377237,4.935408 52.377307,4.935532 52.377536,4.935442 52.377552,4.935377 52.377591,4.935357 52.377636,4.935238 52.377638,4.935165 52.377667,4.935041 52.377675,4.93495 52.377715,4.934906 52.377707,4.934718 52.377733,4.934622 52.377775,4.934466 52.377784,4.934389 52.37782,4.934288 52.377832,4.934217 52.377864,4.933979 52.377867,4.93393 52.37788,4.933833 52.377941,4.933592 52.37794,4.933487 52.37799,4.933455 52.378035,4.933417 52.378029,4.933286 52.378048,4.933274 52.377871,4.933221 52.377823,4.933177 52.377728,4.933187 52.377664,4.933278 52.37765,4.933362 52.377821,4.933426 52.377861,4.933601 52.377906,4.933689 52.377892,4.933758 52.377852,4.933782 52.377798,4.933747 52.37767,4.933685 52.377627,4.933689 52.377557,4.933646 52.377491,4.933498 52.37741,4.93341 52.377395,4.933065 52.377398,4.932962 52.377319,4.932862 52.377299,4.932697 52.377312,4.932617 52.377346,4.93247 52.377345,4.929864 52.377807,4.929798 52.377846,4.929774 52.3779,4.92981 52.378041,4.929902 52.378188,4.929886 52.37826,4.929962 52.378395,4.929951 52.378426,4.929882 52.378297,4.929874 52.378219,4.929826 52.378152,4.929761 52.378111,4.929747 52.378025,4.929698 52.377985,4.929633 52.377945,4.929545 52.37793,4.929356 52.377959,4.929267 52.377943,4.929122 52.377964,4.929025 52.378009,4.928958 52.378011,4.928803 52.378051,4.928649 52.378121,4.928522 52.378116,4.928238 52.378156,4.928198 52.37813,4.928052 52.378119,4.927215 52.378264,4.927057 52.378252,4.926869 52.378289,4.926818 52.378319,4.925204 52.378603,4.9251 52.378652,4.925084 52.378682,4.924962 52.37865,4.924912 52.378654,4.923579 52.378892,4.923475 52.378942,4.923451 52.378994,4.92334 52.379017,4.923265 52.379078,4.923149 52.379129,4.923112 52.379185,4.922996 52.379571,4.923016 52.379644,4.92308 52.379684,4.923138 52.379697,4.924462 52.379847,4.924541 52.379845,4.925262 52.379719,4.925365 52.379743,4.925561 52.379714,4.925666 52.379665,4.925685 52.379622,4.927379 52.379327,4.927418 52.379351,4.927506 52.379365,4.927712 52.379334,4.927816 52.379285,4.927828 52.379257,4.927949 52.379236,4.929968 52.378954,4.930055 52.378966,4.930261 52.378937,4.930301 52.378927,4.930372 52.378874,4.931062 52.378749,4.931127 52.37871,4.931143 52.378675,4.93125 52.378664,4.931285 52.378646,4.931371 52.378688,4.931511 52.378698,4.931764 52.378652,4.931845 52.378616,4.932274 52.378527,4.932875 52.378419,4.932984 52.378446,4.933194 52.37841,4.93329 52.378362,4.934737 52.378046,4.935872 52.377849,4.935977 52.377799,4.936001 52.377746,4.936105 52.37773,4.936142 52.377708,4.936255 52.377698,4.936289 52.377679,4.936406 52.377669,4.936475 52.377629,4.936499 52.377576,4.936448 52.377486,4.936469 52.37744,4.936437 52.377326,4.936372 52.377287,4.936284 52.377272,4.936188 52.377286,4.93616 52.377303,4.935796 52.377316,4.935813 52.377265,4.936771 52.377044,4.937255 52.37668,4.937342 52.376562,4.937516 52.376566,4.93749 52.376788,4.937513 52.376845,4.937577 52.376885,4.937661 52.376899,4.93805 52.376907,4.938143 52.376893,4.938208 52.376854,4.938241 52.376807,4.938266 52.376734,4.938243 52.376677,4.93832 52.376629,4.938353 52.376476),(4.932552 52.378184,4.932566 52.378217,4.932431 52.378238,4.932322 52.378238,4.932115 52.378298,4.932062 52.378265,4.931921 52.378255,4.931812 52.378278,4.931744 52.37832,4.931705 52.378392,4.931648 52.378382,4.931556 52.378397,4.93151 52.378311,4.931445 52.378271,4.931357 52.378256,4.930805 52.378351,4.930734 52.378167,4.930965 52.378126,4.93103 52.378087,4.931054 52.378033,4.931038 52.377933,4.931158 52.377941,4.931393 52.377897,4.931464 52.377867,4.931573 52.377895,4.931637 52.377888,4.931765 52.377863,4.93184 52.377804,4.931933 52.377803,4.93193 52.377854,4.932033 52.37808,4.932078 52.37814,4.932142 52.37818,4.93228 52.37819,4.932515 52.378146,4.932584 52.378099,4.932605 52.378113,4.932552 52.378184),(4.924476 52.379547,4.924348 52.379541,4.92417 52.379473,4.92393 52.37949,4.923792 52.379461,4.923674 52.379482,4.923624 52.379452,4.923556 52.379437,4.923483 52.379442,4.923409 52.379413,4.923442 52.379303,4.923549 52.379264,4.923614 52.379225,4.923631 52.379191,4.923821 52.379175,4.923931 52.379112,4.924066 52.379096,4.924086 52.379098,4.924127 52.379173,4.924191 52.379213,4.924298 52.379232,4.924378 52.379392,4.924482 52.379467,4.92457 52.379482,4.924771 52.379448,4.924837 52.379409,4.924859 52.379335,4.924836 52.379279,4.924771 52.37924,4.924674 52.379226,4.924607 52.379029,4.924653 52.379005,4.924772 52.379004,4.924879 52.379249,4.92486 52.37929,4.924885 52.379348,4.924978 52.379392,4.924989 52.37945,4.924476 52.379547),(4.92969 52.37871,4.92956 52.378729,4.929429 52.378717,4.929351 52.378732,4.929315 52.378754,4.929172 52.378759,4.929087 52.378793,4.929017 52.378793,4.928984 52.378772,4.928896 52.378757,4.928844 52.378762,4.928731 52.378812,4.928692 52.37886,4.928662 52.378841,4.928574 52.378826,4.928507 52.378833,4.928459 52.378844,4.928375 52.378911,4.928189 52.378899,4.928065 52.378909,4.928051 52.378878,4.928198 52.378849,4.928263 52.37881,4.928288 52.378756,4.928284 52.378683,4.928191 52.378482,4.928112 52.37842,4.928135 52.378408,4.928382 52.37841,4.928487 52.378367,4.928576 52.378389,4.928622 52.378417,4.928753 52.378429,4.928888 52.378475,4.928977 52.37849,4.929078 52.378477,4.929172 52.378647,4.929237 52.378686,4.929325 52.378701,4.92956 52.378665,4.929647 52.378626,4.929724 52.378664,4.92969 52.37871),(4.926711 52.379131,4.926624 52.379164,4.926531 52.37918,4.926466 52.379219,4.926447 52.379261,4.926419 52.379266,4.926376 52.379239,4.926288 52.379224,4.926218 52.379232,4.926107 52.379203,4.926029 52.379212,4.925925 52.379261,4.925909 52.379296,4.925866 52.379312,4.925696 52.379283,4.92567 52.379266,4.925561 52.378976,4.925674 52.378987,4.925689 52.379068,4.925761 52.37911,4.925846 52.379124,4.926031 52.379093,4.926101 52.379049,4.926123 52.378997,4.926097 52.378939,4.926009 52.378874,4.925952 52.378781,4.926029 52.37874,4.926217 52.378735,4.926253 52.378799,4.926317 52.378839,4.926405 52.378854,4.926535 52.378843,4.926555 52.378917,4.926623 52.378958,4.926712 52.378973,4.926896 52.378942,4.926965 52.378898,4.926985 52.378853,4.927034 52.378978,4.927093 52.379026,4.927097 52.379071,4.926711 52.379131))";"POLYGON((52.376476 4.938353,52.376422 4.93833,52.376382 4.938265,52.376368 4.93818,52.376342 4.937127,52.3763 4.936591,52.376266 4.935623,52.376289 4.93551,52.376284 4.935353,52.376298 4.935256,52.376337 4.935191,52.376385 4.935167,52.376454 4.935189,52.376498 4.93526,52.376513 4.935348,52.376527 4.935729,52.376506 4.935838,52.37652 4.93622,52.376539 4.936341,52.376534 4.936465,52.376558 4.936568,52.376574 4.936935,52.376861 4.936564,52.377091 4.935547,52.377137 4.935457,52.377191 4.935432,52.377237 4.935446,52.377307 4.935408,52.377536 4.935532,52.377552 4.935442,52.377591 4.935377,52.377636 4.935357,52.377638 4.935238,52.377667 4.935165,52.377675 4.935041,52.377715 4.93495,52.377707 4.934906,52.377733 4.934718,52.377775 4.934622,52.377784 4.934466,52.37782 4.934389,52.377832 4.934288,52.377864 4.934217,52.377867 4.933979,52.37788 4.93393,52.377941 4.933833,52.37794 4.933592,52.37799 4.933487,52.378035 4.933455,52.378029 4.933417,52.378048 4.933286,52.377871 4.933274,52.377823 4.933221,52.377728 4.933177,52.377664 4.933187,52.37765 4.933278,52.377821 4.933362,52.377861 4.933426,52.377906 4.933601,52.377892 4.933689,52.377852 4.933758,52.377798 4.933782,52.37767 4.933747,52.377627 4.933685,52.377557 4.933689,52.377491 4.933646,52.37741 4.933498,52.377395 4.93341,52.377398 4.933065,52.377319 4.932962,52.377299 4.932862,52.377312 4.932697,52.377346 4.932617,52.377345 4.93247,52.377807 4.929864,52.377846 4.929798,52.3779 4.929774,52.378041 4.92981,52.378188 4.929902,52.37826 4.929886,52.378395 4.929962,52.378426 4.929951,52.378297 4.929882,52.378219 4.929874,52.378152 4.929826,52.378111 4.929761,52.378025 4.929747,52.377985 4.929698,52.377945 4.929633,52.37793 4.929545,52.377959 4.929356,52.377943 4.929267,52.377964 4.929122,52.378009 4.929025,52.378011 4.928958,52.378051 4.928803,52.378121 4.928649,52.378116 4.928522,52.378156 4.928238,52.37813 4.928198,52.378119 4.928052,52.378264 4.927215,52.378252 4.927057,52.378289 4.926869,52.378319 4.926818,52.378603 4.925204,52.378652 4.9251,52.378682 4.925084,52.37865 4.924962,52.378654 4.924912,52.378892 4.923579,52.378942 4.923475,52.378994 4.923451,52.379017 4.92334,52.379078 4.923265,52.379129 4.923149,52.379185 4.923112,52.379571 4.922996,52.379644 4.923016,52.379684 4.92308,52.379697 4.923138,52.379847 4.924462,52.379845 4.924541,52.379719 4.925262,52.379743 4.925365,52.379714 4.925561,52.379665 4.925666,52.379622 4.925685,52.379327 4.927379,52.379351 4.927418,52.379365 4.927506,52.379334 4.927712,52.379285 4.927816,52.379257 4.927828,52.379236 4.927949,52.378954 4.929968,52.378966 4.930055,52.378937 4.930261,52.378927 4.930301,52.378874 4.930372,52.378749 4.931062,52.37871 4.931127,52.378675 4.931143,52.378664 4.93125,52.378646 4.931285,52.378688 4.931371,52.378698 4.931511,52.378652 4.931764,52.378616 4.931845,52.378527 4.932274,52.378419 4.932875,52.378446 4.932984,52.37841 4.933194,52.378362 4.93329,52.378046 4.934737,52.377849 4.935872,52.377799 4.935977,52.377746 4.936001,52.37773 4.936105,52.377708 4.936142,52.377698 4.936255,52.377679 4.936289,52.377669 4.936406,52.377629 4.936475,52.377576 4.936499,52.377486 4.936448,52.37744 4.936469,52.377326 4.936437,52.377287 4.936372,52.377272 4.936284,52.377286 4.936188,52.377303 4.93616,52.377316 4.935796,52.377265 4.935813,52.377044 4.936771,52.37668 4.937255,52.376562 4.937342,52.376566 4.937516,52.376788 4.93749,52.376845 4.937513,52.376885 4.937577,52.376899 4.937661,52.376907 4.93805,52.376893 4.938143,52.376854 4.938208,52.376807 4.938241,52.376734 4.938266,52.376677 4.938243,52.376629 4.93832,52.376476 4.938353),(52.378184 4.932552,52.378217 4.932566,52.378238 4.932431,52.378238 4.932322,52.378298 4.932115,52.378265 4.932062,52.378255 4.931921,52.378278 4.931812,52.37832 4.931744,52.378392 4.931705,52.378382 4.931648,52.378397 4.931556,52.378311 4.93151,52.378271 4.931445,52.378256 4.931357,52.378351 4.930805,52.378167 4.930734,52.378126 4.930965,52.378087 4.93103,52.378033 4.931054,52.377933 4.931038,52.377941 4.931158,52.377897 4.931393,52.377867 4.931464,52.377895 4.931573,52.377888 4.931637,52.377863 4.931765,52.377804 4.93184,52.377803 4.931933,52.377854 4.93193,52.37808 4.932033,52.37814 4.932078,52.37818 4.932142,52.37819 4.93228,52.378146 4.932515,52.378099 4.932584,52.378113 4.932605,52.378184 4.932552),(52.379547 4.924476,52.379541 4.924348,52.379473 4.92417,52.37949 4.92393,52.379461 4.923792,52.379482 4.923674,52.379452 4.923624,52.379437 4.923556,52.379442 4.923483,52.379413 4.923409,52.379303 4.923442,52.379264 4.923549,52.379225 4.923614,52.379191 4.923631,52.379175 4.923821,52.379112 4.923931,52.379096 4.924066,52.379098 4.924086,52.379173 4.924127,52.379213 4.924191,52.379232 4.924298,52.379392 4.924378,52.379467 4.924482,52.379482 4.92457,52.379448 4.924771,52.379409 4.924837,52.379335 4.924859,52.379279 4.924836,52.37924 4.924771,52.379226 4.924674,52.379029 4.924607,52.379005 4.924653,52.379004 4.924772,52.379249 4.924879,52.37929 4.92486,52.379348 4.924885,52.379392 4.924978,52.37945 4.924989,52.379547 4.924476),(52.37871 4.92969,52.378729 4.92956,52.378717 4.929429,52.378732 4.929351,52.378754 4.929315,52.378759 4.929172,52.378793 4.929087,52.378793 4.929017,52.378772 4.928984,52.378757 4.928896,52.378762 4.928844,52.378812 4.928731,52.37886 4.928692,52.378841 4.928662,52.378826 4.928574,52.378833 4.928507,52.378844 4.928459,52.378911 4.928375,52.378899 4.928189,52.378909 4.928065,52.378878 4.928051,52.378849 4.928198,52.37881 4.928263,52.378756 4.928288,52.378683 4.928284,52.378482 4.928191,52.37842 4.928112,52.378408 4.928135,52.37841 4.928382,52.378367 4.928487,52.378389 4.928576,52.378417 4.928622,52.378429 4.928753,52.378475 4.928888,52.37849 4.928977,52.378477 4.929078,52.378647 4.929172,52.378686 4.929237,52.378701 4.929325,52.378665 4.92956,52.378626 4.929647,52.378664 4.929724,52.37871 4.92969),(52.379131 4.926711,52.379164 4.926624,52.37918 4.926531,52.379219 4.926466,52.379261 4.926447,52.379266 4.926419,52.379239 4.926376,52.379224 4.926288,52.379232 4.926218,52.379203 4.926107,52.379212 4.926029,52.379261 4.925925,52.379296 4.925909,52.379312 4.925866,52.379283 4.925696,52.379266 4.92567,52.378976 4.925561,52.378987 4.925674,52.379068 4.925689,52.37911 4.925761,52.379124 4.925846,52.379093 4.926031,52.379049 4.926101,52.378997 4.926123,52.378939 4.926097,52.378874 4.926009,52.378781 4.925952,52.37874 4.926029,52.378735 4.926217,52.378799 4.926253,52.378839 4.926317,52.378854 4.926405,52.378843 4.926535,52.378917 4.926555,52.378958 4.926623,52.378973 4.926712,52.378942 4.926896,52.378898 4.926965,52.378853 4.926985,52.378978 4.927034,52.379026 4.927093,52.379071 4.927097,52.379131 4.926711))";4.9306795;52.3780495;
29;"WARMTE WIJK";"IN BEDRIJF";"POLYGON((4.809166 52.391325,4.80917 52.390873,4.809147 52.390819,4.809083 52.390779,4.808995 52.390764,4.808827 52.390778,4.808762 52.390817,4.808737 52.390871,4.80876 52.390929,4.80881 52.39096,4.808808 52.391214,4.808763 52.391214,4.808795 52.391134,4.808772 52.391077,4.808708 52.391037,4.80862 52.391022,4.808494 52.391036,4.808429 52.391075,4.808404 52.391177,4.808315 52.391166,4.808221 52.391181,4.808155 52.39122,4.808066 52.391228,4.8079 52.391228,4.807902 52.391136,4.807879 52.391082,4.807815 52.391042,4.807727 52.391027,4.807632 52.391041,4.807567 52.39108,4.807543 52.391134,4.807541 52.391227,4.807263 52.391227,4.807162 52.391204,4.807053 52.391204,4.806951 52.391227,4.806728 52.391228,4.806635 52.39121,4.806528 52.39121,4.806427 52.391229,4.80636 52.391184,4.806272 52.391169,4.806178 52.391183,4.806113 52.391222,4.805985 52.391229,4.804729 52.391225,4.804706 52.391124,4.804642 52.391084,4.804553 52.391069,4.804459 52.391083,4.804361 52.391153,4.804363 52.390974,4.804521 52.39096,4.804616 52.390904,4.80464 52.390837,4.804617 52.390779,4.804584 52.390759,4.80462 52.390737,4.804644 52.390683,4.804629 52.390644,4.804971 52.390645,4.805005 52.390666,4.805093 52.390681,4.805158 52.390672,4.805225 52.390683,4.805313 52.390669,4.80535 52.390647,4.805495 52.390648,4.805524 52.390667,4.805612 52.390682,4.805707 52.390668,4.805736 52.39065,4.805852 52.390682,4.805946 52.390668,4.805979 52.390648,4.806089 52.390648,4.806143 52.3908,4.806105 52.390862,4.80613 52.390919,4.806194 52.390959,4.806282 52.390974,4.806435 52.390952,4.8065 52.390912,4.806521 52.390837,4.806458 52.390648,4.806696 52.390635,4.806767 52.390592,4.806792 52.390538,4.806769 52.390484,4.806705 52.390444,4.806616 52.390429,4.804362 52.390429,4.804363 52.390363,4.806238 52.390365,4.806324 52.390351,4.80639 52.390311,4.806414 52.390258,4.806391 52.390204,4.806327 52.390164,4.806185 52.390146,4.805721 52.389598,4.805808 52.389586,4.807781 52.389589,4.807777 52.389686,4.8078 52.389739,4.807864 52.389779,4.807953 52.389794,4.808047 52.389779,4.808118 52.389727,4.808188 52.389779,4.808276 52.389794,4.80837 52.38978,4.808435 52.389741,4.80846 52.389687,4.808459 52.389603,4.808402 52.389448,4.808308 52.389384,4.80822 52.389369,4.804292 52.389368,4.804202 52.389382,4.804137 52.389421,4.804113 52.389475,4.804136 52.389529,4.8042 52.389569,4.804294 52.389587,4.805306 52.38959,4.805783 52.390147,4.804191 52.390136,4.804102 52.39015,4.804037 52.39019,4.804006 52.390247,4.804002 52.390424,4.803717 52.390425,4.803632 52.390439,4.803566 52.390479,4.803542 52.390532,4.803564 52.390626,4.803629 52.390666,4.803767 52.390681,4.803861 52.390667,4.8039 52.390643,4.803994 52.390643,4.804003 52.390693,4.803965 52.390716,4.803941 52.39077,4.803964 52.390827,4.804003 52.390851,4.804003 52.390909,4.803967 52.390931,4.803942 52.390985,4.803966 52.391068,4.804002 52.39109,4.804 52.391222,4.803742 52.391222,4.803681 52.391185,4.803593 52.39117,4.803499 52.391184,4.803435 52.391222,4.803267 52.391222,4.803165 52.391246,4.802986 52.391241,4.80295 52.391219,4.802864 52.391204,4.801659 52.391198,4.801627 52.391175,4.801627 52.390665,4.801677 52.390596,4.801684 52.390288,4.801704 52.390243,4.80166 52.390169,4.801596 52.390129,4.801508 52.390114,4.801372 52.390137,4.801201 52.390139,4.801089 52.390169,4.800749 52.39017,4.800731 52.390127,4.800666 52.390087,4.800541 52.390072,4.800453 52.390086,4.800388 52.390125,4.800367 52.390171,4.800254 52.390225,4.800229 52.390279,4.800252 52.390333,4.800317 52.390373,4.80041 52.390391,4.801211 52.390388,4.801321 52.390359,4.801321 52.390426,4.799355 52.390423,4.799239 52.39039,4.798919 52.39042,4.798934 52.389618,4.798911 52.389565,4.798847 52.389525,4.798753 52.389507,4.798665 52.389521,4.798599 52.389561,4.798575 52.389614,4.798574 52.389707,4.798494 52.389749,4.79845 52.389824,4.798473 52.389882,4.798573 52.389928,4.798571 52.390295,4.798489 52.390337,4.798464 52.390432,4.798022 52.390426,4.798019 52.390033,4.798082 52.389995,4.798106 52.389929,4.798083 52.389876,4.798019 52.389836,4.797835 52.389821,4.797748 52.389835,4.797683 52.389875,4.797659 52.389928,4.797663 52.390385,4.797285 52.390387,4.797199 52.390401,4.797168 52.39042,4.796704 52.390418,4.796621 52.390401,4.796623 52.390119,4.796808 52.390119,4.796895 52.390105,4.79696 52.390066,4.797019 52.389971,4.796996 52.389913,4.796932 52.389873,4.796802 52.389858,4.796715 52.389872,4.796672 52.389898,4.796442 52.389898,4.796355 52.389912,4.796289 52.389951,4.796265 52.390005,4.796261 52.390546,4.796303 52.390612,4.796299 52.391944,4.796322 52.391998,4.796405 52.392041,4.796537 52.39217,4.796536 52.392499,4.79647 52.392538,4.796446 52.392592,4.796469 52.392649,4.796533 52.392689,4.796717 52.39272,4.796805 52.392706,4.79687 52.392667,4.796895 52.392613,4.796897 52.392094,4.796874 52.39204,4.796838 52.392018,4.798752 52.391403,4.798752 52.391444,4.798648 52.391458,4.798552 52.391515,4.798527 52.391569,4.79855 52.391626,4.798615 52.391666,4.798703 52.391681,4.799017 52.391648,4.799082 52.391609,4.799107 52.391555,4.799111 52.391419,4.801222 52.391419,4.801309 52.391405,4.801359 52.391374,4.801405 52.391403,4.801493 52.391418,4.802467 52.391422,4.802458 52.391796,4.802481 52.39185,4.802585 52.391909,4.802721 52.391924,4.80281 52.39191,4.802875 52.391871,4.8029 52.391817,4.802877 52.391758,4.802821 52.391723,4.802827 52.391454,4.803266 52.391469,4.803381 52.391443,4.804184 52.391443,4.804288 52.391419,4.804387 52.391442,4.804495 52.391443,4.804452 52.39147,4.804428 52.391524,4.804452 52.391651,4.804516 52.39169,4.804751 52.391756,4.804845 52.391742,4.804911 52.391703,4.804935 52.391649,4.804912 52.391542,4.804855 52.391506,4.804854 52.391446,4.808649 52.391447,4.809077 52.391418,4.809142 52.391379,4.809166 52.391325),(4.801173 52.391113,4.801085 52.391127,4.801014 52.39118,4.800971 52.391154,4.800877 52.391139,4.800805 52.39115,4.800743 52.391141,4.800636 52.391166,4.800511 52.391174,4.800468 52.391199,4.800303 52.391193,4.800239 52.391153,4.800145 52.391139,4.800057 52.391153,4.8 52.391186,4.799947 52.391153,4.799853 52.391139,4.799765 52.391153,4.799696 52.391199,4.799288 52.391199,4.799267 52.391151,4.799212 52.391117,4.799266 52.391084,4.79929 52.391027,4.799267 52.390973,4.79921 52.390938,4.799266 52.390904,4.79929 52.390847,4.799266 52.390792,4.799291 52.390735,4.799268 52.390681,4.79921 52.390639,4.799747 52.390643,4.799817 52.390697,4.799911 52.390712,4.799983 52.3907,4.800057 52.390712,4.800257 52.390704,4.800308 52.390736,4.800402 52.390751,4.80049 52.390736,4.800556 52.390697,4.80058 52.390644,4.801267 52.390646,4.801267 52.391123,4.801173 52.391113),(4.798795 52.391121,4.798643 52.39115,4.798578 52.391189,4.798566 52.391215,4.7971 52.391686,4.797014 52.391621,4.796919 52.391605,4.79683 52.391619,4.796765 52.391658,4.796741 52.391712,4.796783 52.391789,4.796659 52.391828,4.796662 52.391147,4.79704 52.391146,4.797127 52.391132,4.797221 52.391075,4.797246 52.390996,4.797223 52.390942,4.797159 52.390902,4.797065 52.390887,4.796977 52.390901,4.796933 52.390927,4.796662 52.390928,4.796666 52.390636,4.798802 52.390656,4.798795 52.391121))";"POLYGON((52.391325 4.809166,52.390873 4.80917,52.390819 4.809147,52.390779 4.809083,52.390764 4.808995,52.390778 4.808827,52.390817 4.808762,52.390871 4.808737,52.390929 4.80876,52.39096 4.80881,52.391214 4.808808,52.391214 4.808763,52.391134 4.808795,52.391077 4.808772,52.391037 4.808708,52.391022 4.80862,52.391036 4.808494,52.391075 4.808429,52.391177 4.808404,52.391166 4.808315,52.391181 4.808221,52.39122 4.808155,52.391228 4.808066,52.391228 4.8079,52.391136 4.807902,52.391082 4.807879,52.391042 4.807815,52.391027 4.807727,52.391041 4.807632,52.39108 4.807567,52.391134 4.807543,52.391227 4.807541,52.391227 4.807263,52.391204 4.807162,52.391204 4.807053,52.391227 4.806951,52.391228 4.806728,52.39121 4.806635,52.39121 4.806528,52.391229 4.806427,52.391184 4.80636,52.391169 4.806272,52.391183 4.806178,52.391222 4.806113,52.391229 4.805985,52.391225 4.804729,52.391124 4.804706,52.391084 4.804642,52.391069 4.804553,52.391083 4.804459,52.391153 4.804361,52.390974 4.804363,52.39096 4.804521,52.390904 4.804616,52.390837 4.80464,52.390779 4.804617,52.390759 4.804584,52.390737 4.80462,52.390683 4.804644,52.390644 4.804629,52.390645 4.804971,52.390666 4.805005,52.390681 4.805093,52.390672 4.805158,52.390683 4.805225,52.390669 4.805313,52.390647 4.80535,52.390648 4.805495,52.390667 4.805524,52.390682 4.805612,52.390668 4.805707,52.39065 4.805736,52.390682 4.805852,52.390668 4.805946,52.390648 4.805979,52.390648 4.806089,52.3908 4.806143,52.390862 4.806105,52.390919 4.80613,52.390959 4.806194,52.390974 4.806282,52.390952 4.806435,52.390912 4.8065,52.390837 4.806521,52.390648 4.806458,52.390635 4.806696,52.390592 4.806767,52.390538 4.806792,52.390484 4.806769,52.390444 4.806705,52.390429 4.806616,52.390429 4.804362,52.390363 4.804363,52.390365 4.806238,52.390351 4.806324,52.390311 4.80639,52.390258 4.806414,52.390204 4.806391,52.390164 4.806327,52.390146 4.806185,52.389598 4.805721,52.389586 4.805808,52.389589 4.807781,52.389686 4.807777,52.389739 4.8078,52.389779 4.807864,52.389794 4.807953,52.389779 4.808047,52.389727 4.808118,52.389779 4.808188,52.389794 4.808276,52.38978 4.80837,52.389741 4.808435,52.389687 4.80846,52.389603 4.808459,52.389448 4.808402,52.389384 4.808308,52.389369 4.80822,52.389368 4.804292,52.389382 4.804202,52.389421 4.804137,52.389475 4.804113,52.389529 4.804136,52.389569 4.8042,52.389587 4.804294,52.38959 4.805306,52.390147 4.805783,52.390136 4.804191,52.39015 4.804102,52.39019 4.804037,52.390247 4.804006,52.390424 4.804002,52.390425 4.803717,52.390439 4.803632,52.390479 4.803566,52.390532 4.803542,52.390626 4.803564,52.390666 4.803629,52.390681 4.803767,52.390667 4.803861,52.390643 4.8039,52.390643 4.803994,52.390693 4.804003,52.390716 4.803965,52.39077 4.803941,52.390827 4.803964,52.390851 4.804003,52.390909 4.804003,52.390931 4.803967,52.390985 4.803942,52.391068 4.803966,52.39109 4.804002,52.391222 4.804,52.391222 4.803742,52.391185 4.803681,52.39117 4.803593,52.391184 4.803499,52.391222 4.803435,52.391222 4.803267,52.391246 4.803165,52.391241 4.802986,52.391219 4.80295,52.391204 4.802864,52.391198 4.801659,52.391175 4.801627,52.390665 4.801627,52.390596 4.801677,52.390288 4.801684,52.390243 4.801704,52.390169 4.80166,52.390129 4.801596,52.390114 4.801508,52.390137 4.801372,52.390139 4.801201,52.390169 4.801089,52.39017 4.800749,52.390127 4.800731,52.390087 4.800666,52.390072 4.800541,52.390086 4.800453,52.390125 4.800388,52.390171 4.800367,52.390225 4.800254,52.390279 4.800229,52.390333 4.800252,52.390373 4.800317,52.390391 4.80041,52.390388 4.801211,52.390359 4.801321,52.390426 4.801321,52.390423 4.799355,52.39039 4.799239,52.39042 4.798919,52.389618 4.798934,52.389565 4.798911,52.389525 4.798847,52.389507 4.798753,52.389521 4.798665,52.389561 4.798599,52.389614 4.798575,52.389707 4.798574,52.389749 4.798494,52.389824 4.79845,52.389882 4.798473,52.389928 4.798573,52.390295 4.798571,52.390337 4.798489,52.390432 4.798464,52.390426 4.798022,52.390033 4.798019,52.389995 4.798082,52.389929 4.798106,52.389876 4.798083,52.389836 4.798019,52.389821 4.797835,52.389835 4.797748,52.389875 4.797683,52.389928 4.797659,52.390385 4.797663,52.390387 4.797285,52.390401 4.797199,52.39042 4.797168,52.390418 4.796704,52.390401 4.796621,52.390119 4.796623,52.390119 4.796808,52.390105 4.796895,52.390066 4.79696,52.389971 4.797019,52.389913 4.796996,52.389873 4.796932,52.389858 4.796802,52.389872 4.796715,52.389898 4.796672,52.389898 4.796442,52.389912 4.796355,52.389951 4.796289,52.390005 4.796265,52.390546 4.796261,52.390612 4.796303,52.391944 4.796299,52.391998 4.796322,52.392041 4.796405,52.39217 4.796537,52.392499 4.796536,52.392538 4.79647,52.392592 4.796446,52.392649 4.796469,52.392689 4.796533,52.39272 4.796717,52.392706 4.796805,52.392667 4.79687,52.392613 4.796895,52.392094 4.796897,52.39204 4.796874,52.392018 4.796838,52.391403 4.798752,52.391444 4.798752,52.391458 4.798648,52.391515 4.798552,52.391569 4.798527,52.391626 4.79855,52.391666 4.798615,52.391681 4.798703,52.391648 4.799017,52.391609 4.799082,52.391555 4.799107,52.391419 4.799111,52.391419 4.801222,52.391405 4.801309,52.391374 4.801359,52.391403 4.801405,52.391418 4.801493,52.391422 4.802467,52.391796 4.802458,52.39185 4.802481,52.391909 4.802585,52.391924 4.802721,52.39191 4.80281,52.391871 4.802875,52.391817 4.8029,52.391758 4.802877,52.391723 4.802821,52.391454 4.802827,52.391469 4.803266,52.391443 4.803381,52.391443 4.804184,52.391419 4.804288,52.391442 4.804387,52.391443 4.804495,52.39147 4.804452,52.391524 4.804428,52.391651 4.804452,52.39169 4.804516,52.391756 4.804751,52.391742 4.804845,52.391703 4.804911,52.391649 4.804935,52.391542 4.804912,52.391506 4.804855,52.391446 4.804854,52.391447 4.808649,52.391418 4.809077,52.391379 4.809142,52.391325 4.809166),(52.391113 4.801173,52.391127 4.801085,52.39118 4.801014,52.391154 4.800971,52.391139 4.800877,52.39115 4.800805,52.391141 4.800743,52.391166 4.800636,52.391174 4.800511,52.391199 4.800468,52.391193 4.800303,52.391153 4.800239,52.391139 4.800145,52.391153 4.800057,52.391186 4.8,52.391153 4.799947,52.391139 4.799853,52.391153 4.799765,52.391199 4.799696,52.391199 4.799288,52.391151 4.799267,52.391117 4.799212,52.391084 4.799266,52.391027 4.79929,52.390973 4.799267,52.390938 4.79921,52.390904 4.799266,52.390847 4.79929,52.390792 4.799266,52.390735 4.799291,52.390681 4.799268,52.390639 4.79921,52.390643 4.799747,52.390697 4.799817,52.390712 4.799911,52.3907 4.799983,52.390712 4.800057,52.390704 4.800257,52.390736 4.800308,52.390751 4.800402,52.390736 4.80049,52.390697 4.800556,52.390644 4.80058,52.390646 4.801267,52.391123 4.801267,52.391113 4.801173),(52.391121 4.798795,52.39115 4.798643,52.391189 4.798578,52.391215 4.798566,52.391686 4.7971,52.391621 4.797014,52.391605 4.796919,52.391619 4.79683,52.391658 4.796765,52.391712 4.796741,52.391789 4.796783,52.391828 4.796659,52.391147 4.796662,52.391146 4.79704,52.391132 4.797127,52.391075 4.797221,52.390996 4.797246,52.390942 4.797223,52.390902 4.797159,52.390887 4.797065,52.390901 4.796977,52.390927 4.796933,52.390928 4.796662,52.390636 4.796666,52.390656 4.798802,52.391121 4.798795))";4.8027205;52.391037;
30;"WARMTE WIJK";"IN BEDRIJF";"POLYGON((4.857409 52.346481,4.857386 52.346427,4.857236 52.346345,4.857185 52.346333,4.857016 52.346323,4.856866 52.346332,4.856829 52.346309,4.856633 52.346269,4.856446 52.346275,4.856409 52.346252,4.856231 52.346209,4.856091 52.346219,4.856421 52.345301,4.856402 52.345224,4.856338 52.345185,4.855539 52.345071,4.855433 52.345025,4.855347 52.345015,4.855277 52.345026,4.854868 52.34497,4.854841 52.344953,4.854716 52.344931,4.854592 52.344942,4.854203 52.34489,4.854106 52.344848,4.854157 52.344702,4.854238 52.344653,4.854462 52.344609,4.854643 52.344553,4.854986 52.344345,4.855151 52.344186,4.855227 52.34403,4.85527 52.343985,4.855268 52.343915,4.855453 52.343401,4.855502 52.34334,4.855527 52.343067,4.855468 52.342888,4.855334 52.342671,4.855149 52.342531,4.854953 52.342435,4.854594 52.342344,4.854266 52.342314,4.853984 52.342332,4.853662 52.342409,4.853309 52.342605,4.853064 52.342813,4.852918 52.342821,4.852853 52.342861,4.852538 52.34372,4.852561 52.343774,4.852676 52.343826,4.852715 52.343868,4.852775 52.344086,4.852929 52.344326,4.853106 52.344455,4.85329 52.344544,4.853621 52.344639,4.853803 52.34466,4.853748 52.344817,4.853499 52.344786,4.853302 52.344825,4.85322 52.344888,4.853144 52.344835,4.853021 52.344805,4.852585 52.34474,4.852431 52.344765,4.852372 52.3448,4.852287 52.344762,4.852176 52.344757,4.852088 52.344771,4.852023 52.34481,4.851945 52.345011,4.851922 52.345174,4.851945 52.345228,4.852009 52.345268,4.852118 52.345285,4.852206 52.345271,4.852271 52.345232,4.852305 52.345161,4.852289 52.345111,4.852328 52.345023,4.852487 52.345041,4.852576 52.345027,4.852649 52.344977,4.852672 52.344978,4.852711 52.345003,4.852857 52.345029,4.85288 52.345058,4.852874 52.345115,4.852844 52.345144,4.852756 52.345133,4.852668 52.345147,4.852603 52.345186,4.852571 52.345256,4.852594 52.34531,4.852658 52.345349,4.852725 52.345365,4.852571 52.345553,4.852476 52.345636,4.852383 52.345534,4.852317 52.345386,4.852253 52.345346,4.852165 52.345332,4.852105 52.345338,4.851992 52.345398,4.851968 52.345452,4.851978 52.345488,4.852185 52.345832,4.852249 52.345871,4.852331 52.345886,4.852396 52.345929,4.852488 52.345945,4.852588 52.345931,4.852648 52.345896,4.852794 52.345752,4.85271 52.345923,4.852733 52.345977,4.852832 52.346026,4.852853 52.346088,4.85291 52.346124,4.852837 52.346226,4.85286 52.34628,4.853015 52.346371,4.853166 52.34641,4.853248 52.346461,4.853396 52.34649,4.853485 52.346536,4.853639 52.346558,4.853715 52.346592,4.85391 52.346616,4.853999 52.346602,4.854064 52.346563,4.854112 52.346507,4.854128 52.346458,4.854085 52.346381,4.854165 52.346314,4.854175 52.346246,4.854321 52.345979,4.854305 52.345896,4.854241 52.345856,4.854159 52.345838,4.853994 52.345828,4.853929 52.345838,4.853775 52.345805,4.853745 52.345809,4.85369 52.345778,4.853596 52.345758,4.853588 52.345738,4.853499 52.345691,4.853347 52.345651,4.853225 52.345657,4.853247 52.345599,4.853224 52.345545,4.853183 52.34552,4.853194 52.345504,4.853258 52.345483,4.853371 52.345535,4.853404 52.345601,4.853499 52.345658,4.854063 52.345788,4.85413 52.345791,4.854326 52.345755,4.854391 52.345716,4.854474 52.345591,4.854636 52.345599,4.854701 52.345625,4.854662 52.345766,4.854685 52.34582,4.85479 52.345871,4.854807 52.345903,4.854898 52.345959,4.855 52.345976,4.855073 52.345965,4.855178 52.346012,4.855313 52.346007,4.855374 52.346043,4.855476 52.346061,4.855564 52.346047,4.855599 52.346026,4.855681 52.34604,4.855769 52.346026,4.855799 52.346008,4.855721 52.346124,4.855497 52.346114,4.855429 52.346125,4.855129 52.346047,4.855015 52.346054,4.854941 52.346042,4.854771 52.345982,4.854678 52.345966,4.854503 52.345995,4.854421 52.346058,4.854383 52.346153,4.854429 52.346221,4.854419 52.346283,4.854374 52.346324,4.854348 52.34644,4.854291 52.346493,4.854272 52.346566,4.854338 52.346672,4.854402 52.346712,4.85449 52.346727,4.854637 52.346704,4.854816 52.346752,4.855158 52.346788,4.855219 52.346826,4.855313 52.346844,4.855438 52.346832,4.855517 52.346794,4.855638 52.346709,4.855666 52.346644,4.855651 52.346609,4.855767 52.34659,4.855829 52.346634,4.855773 52.346687,4.855742 52.346784,4.855765 52.346838,4.85583 52.346878,4.856246 52.346952,4.856367 52.346957,4.856862 52.347035,4.85708 52.347041,4.857168 52.347027,4.857233 52.346988,4.857294 52.346882,4.857283 52.34661,4.857297 52.346581,4.857383 52.346538,4.857409 52.346481),(4.856871 52.346783,4.856301 52.346706,4.856379 52.346491,4.856875 52.346558,4.856881 52.346573,4.856871 52.346783),(4.855135 52.343272,4.855088 52.34332,4.855093 52.343388,4.854932 52.343835,4.854883 52.343889,4.854891 52.34395,4.854863 52.344028,4.854788 52.344119,4.854628 52.344227,4.854595 52.344271,4.854423 52.34435,4.854354 52.344401,4.854135 52.344426,4.854045 52.34445,4.853848 52.344421,4.85376 52.344434,4.853634 52.344409,4.853328 52.344282,4.853142 52.34407,4.853131 52.343987,4.853074 52.343891,4.853073 52.343745,4.85305 52.343691,4.852986 52.343651,4.852931 52.343638,4.852975 52.343592,4.852969 52.343524,4.853086 52.343258,4.853101 52.343159,4.853148 52.343111,4.853144 52.343047,4.85329 52.343038,4.853355 52.342999,4.85344 52.342866,4.853703 52.342683,4.853835 52.342628,4.853905 52.342578,4.85405 52.342568,4.854103 52.342545,4.854243 52.342538,4.85435 52.342554,4.85442 52.342543,4.85466 52.342588,4.854918 52.342702,4.854969 52.342777,4.85508 52.342876,4.85509 52.342955,4.855159 52.343113,4.855143 52.34316,4.85516 52.343202,4.855135 52.343272),(4.855632 52.345675,4.855592 52.345761,4.855108 52.345676,4.855164 52.345557,4.855248 52.345498,4.85528 52.345443,4.855613 52.345488,4.855587 52.345558,4.85561 52.345612,4.855672 52.345651,4.855632 52.345675),(4.853735 52.346271,4.85374 52.346328,4.853296 52.346183,4.853414 52.345965,4.853831 52.346066,4.853735 52.346271),(4.855258 52.346535,4.854746 52.346465,4.854839 52.346276,4.85487 52.346257,4.85533 52.346335,4.855258 52.346535),(4.85409 52.345471,4.85368 52.345371,4.853731 52.345241,4.853755 52.345238,4.854173 52.345294,4.85409 52.345471))";"POLYGON((52.346481 4.857409,52.346427 4.857386,52.346345 4.857236,52.346333 4.857185,52.346323 4.857016,52.346332 4.856866,52.346309 4.856829,52.346269 4.856633,52.346275 4.856446,52.346252 4.856409,52.346209 4.856231,52.346219 4.856091,52.345301 4.856421,52.345224 4.856402,52.345185 4.856338,52.345071 4.855539,52.345025 4.855433,52.345015 4.855347,52.345026 4.855277,52.34497 4.854868,52.344953 4.854841,52.344931 4.854716,52.344942 4.854592,52.34489 4.854203,52.344848 4.854106,52.344702 4.854157,52.344653 4.854238,52.344609 4.854462,52.344553 4.854643,52.344345 4.854986,52.344186 4.855151,52.34403 4.855227,52.343985 4.85527,52.343915 4.855268,52.343401 4.855453,52.34334 4.855502,52.343067 4.855527,52.342888 4.855468,52.342671 4.855334,52.342531 4.855149,52.342435 4.854953,52.342344 4.854594,52.342314 4.854266,52.342332 4.853984,52.342409 4.853662,52.342605 4.853309,52.342813 4.853064,52.342821 4.852918,52.342861 4.852853,52.34372 4.852538,52.343774 4.852561,52.343826 4.852676,52.343868 4.852715,52.344086 4.852775,52.344326 4.852929,52.344455 4.853106,52.344544 4.85329,52.344639 4.853621,52.34466 4.853803,52.344817 4.853748,52.344786 4.853499,52.344825 4.853302,52.344888 4.85322,52.344835 4.853144,52.344805 4.853021,52.34474 4.852585,52.344765 4.852431,52.3448 4.852372,52.344762 4.852287,52.344757 4.852176,52.344771 4.852088,52.34481 4.852023,52.345011 4.851945,52.345174 4.851922,52.345228 4.851945,52.345268 4.852009,52.345285 4.852118,52.345271 4.852206,52.345232 4.852271,52.345161 4.852305,52.345111 4.852289,52.345023 4.852328,52.345041 4.852487,52.345027 4.852576,52.344977 4.852649,52.344978 4.852672,52.345003 4.852711,52.345029 4.852857,52.345058 4.85288,52.345115 4.852874,52.345144 4.852844,52.345133 4.852756,52.345147 4.852668,52.345186 4.852603,52.345256 4.852571,52.34531 4.852594,52.345349 4.852658,52.345365 4.852725,52.345553 4.852571,52.345636 4.852476,52.345534 4.852383,52.345386 4.852317,52.345346 4.852253,52.345332 4.852165,52.345338 4.852105,52.345398 4.851992,52.345452 4.851968,52.345488 4.851978,52.345832 4.852185,52.345871 4.852249,52.345886 4.852331,52.345929 4.852396,52.345945 4.852488,52.345931 4.852588,52.345896 4.852648,52.345752 4.852794,52.345923 4.85271,52.345977 4.852733,52.346026 4.852832,52.346088 4.852853,52.346124 4.85291,52.346226 4.852837,52.34628 4.85286,52.346371 4.853015,52.34641 4.853166,52.346461 4.853248,52.34649 4.853396,52.346536 4.853485,52.346558 4.853639,52.346592 4.853715,52.346616 4.85391,52.346602 4.853999,52.346563 4.854064,52.346507 4.854112,52.346458 4.854128,52.346381 4.854085,52.346314 4.854165,52.346246 4.854175,52.345979 4.854321,52.345896 4.854305,52.345856 4.854241,52.345838 4.854159,52.345828 4.853994,52.345838 4.853929,52.345805 4.853775,52.345809 4.853745,52.345778 4.85369,52.345758 4.853596,52.345738 4.853588,52.345691 4.853499,52.345651 4.853347,52.345657 4.853225,52.345599 4.853247,52.345545 4.853224,52.34552 4.853183,52.345504 4.853194,52.345483 4.853258,52.345535 4.853371,52.345601 4.853404,52.345658 4.853499,52.345788 4.854063,52.345791 4.85413,52.345755 4.854326,52.345716 4.854391,52.345591 4.854474,52.345599 4.854636,52.345625 4.854701,52.345766 4.854662,52.34582 4.854685,52.345871 4.85479,52.345903 4.854807,52.345959 4.854898,52.345976 4.855,52.345965 4.855073,52.346012 4.855178,52.346007 4.855313,52.346043 4.855374,52.346061 4.855476,52.346047 4.855564,52.346026 4.855599,52.34604 4.855681,52.346026 4.855769,52.346008 4.855799,52.346124 4.855721,52.346114 4.855497,52.346125 4.855429,52.346047 4.855129,52.346054 4.855015,52.346042 4.854941,52.345982 4.854771,52.345966 4.854678,52.345995 4.854503,52.346058 4.854421,52.346153 4.854383,52.346221 4.854429,52.346283 4.854419,52.346324 4.854374,52.34644 4.854348,52.346493 4.854291,52.346566 4.854272,52.346672 4.854338,52.346712 4.854402,52.346727 4.85449,52.346704 4.854637,52.346752 4.854816,52.346788 4.855158,52.346826 4.855219,52.346844 4.855313,52.346832 4.855438,52.346794 4.855517,52.346709 4.855638,52.346644 4.855666,52.346609 4.855651,52.34659 4.855767,52.346634 4.855829,52.346687 4.855773,52.346784 4.855742,52.346838 4.855765,52.346878 4.85583,52.346952 4.856246,52.346957 4.856367,52.347035 4.856862,52.347041 4.85708,52.347027 4.857168,52.346988 4.857233,52.346882 4.857294,52.34661 4.857283,52.346581 4.857297,52.346538 4.857383,52.346481 4.857409),(52.346783 4.856871,52.346706 4.856301,52.346491 4.856379,52.346558 4.856875,52.346573 4.856881,52.346783 4.856871),(52.343272 4.855135,52.34332 4.855088,52.343388 4.855093,52.343835 4.854932,52.343889 4.854883,52.34395 4.854891,52.344028 4.854863,52.344119 4.854788,52.344227 4.854628,52.344271 4.854595,52.34435 4.854423,52.344401 4.854354,52.344426 4.854135,52.34445 4.854045,52.344421 4.853848,52.344434 4.85376,52.344409 4.853634,52.344282 4.853328,52.34407 4.853142,52.343987 4.853131,52.343891 4.853074,52.343745 4.853073,52.343691 4.85305,52.343651 4.852986,52.343638 4.852931,52.343592 4.852975,52.343524 4.852969,52.343258 4.853086,52.343159 4.853101,52.343111 4.853148,52.343047 4.853144,52.343038 4.85329,52.342999 4.853355,52.342866 4.85344,52.342683 4.853703,52.342628 4.853835,52.342578 4.853905,52.342568 4.85405,52.342545 4.854103,52.342538 4.854243,52.342554 4.85435,52.342543 4.85442,52.342588 4.85466,52.342702 4.854918,52.342777 4.854969,52.342876 4.85508,52.342955 4.85509,52.343113 4.855159,52.34316 4.855143,52.343202 4.85516,52.343272 4.855135),(52.345675 4.855632,52.345761 4.855592,52.345676 4.855108,52.345557 4.855164,52.345498 4.855248,52.345443 4.85528,52.345488 4.855613,52.345558 4.855587,52.345612 4.85561,52.345651 4.855672,52.345675 4.855632),(52.346271 4.853735,52.346328 4.85374,52.346183 4.853296,52.345965 4.853414,52.346066 4.853831,52.346271 4.853735),(52.346535 4.855258,52.346465 4.854746,52.346276 4.854839,52.346257 4.85487,52.346335 4.85533,52.346535 4.855258),(52.345471 4.85409,52.345371 4.85368,52.345241 4.853731,52.345238 4.853755,52.345294 4.854173,52.345471 4.85409))";4.8546705;52.3446705;
31;"WARMTE WIJK";"IN BEDRIJF";"POLYGON((4.773298 52.353807,4.773073 52.353895,4.772988 52.353881,4.772712 52.353937,4.772628 52.354003,4.772585 52.354116,4.772608 52.35417,4.772673 52.35421,4.772823 52.354241,4.772949 52.354229,4.773015 52.35419,4.773034 52.354147,4.773203 52.354111,4.773388 52.354037,4.77353 52.354002,4.773508 52.354038,4.773281 52.354142,4.773257 52.354196,4.773279 52.35425,4.773344 52.35429,4.773432 52.354304,4.773533 52.354291,4.773864 52.35416,4.773948 52.354147,4.774429 52.353954,4.774484 52.353918,4.774508 52.353864,4.774488 52.353807,4.774758 52.353689,4.778519 52.352191,4.778566 52.352218,4.778654 52.352233,4.778743 52.352219,4.779294 52.351998,4.779352 52.351962,4.779383 52.351913,4.77947 52.351899,4.779639 52.351832,4.780101 52.351649,4.780192 52.351594,4.781451 52.351093,4.781517 52.351053,4.781538 52.351007,4.783186 52.350338,4.78325 52.350283,4.783326 52.350268,4.784403 52.349834,4.784458 52.349867,4.784546 52.349881,4.784635 52.349867,4.785784 52.34939,4.785863 52.349373,4.78591 52.34938,4.785875 52.349471,4.785922 52.349541,4.785829 52.349554,4.785764 52.349593,4.785694 52.349714,4.785635 52.349751,4.785611 52.349805,4.785634 52.349859,4.785945 52.350132,4.785923 52.350179,4.785946 52.350233,4.78603 52.350292,4.786119 52.350307,4.786207 52.350293,4.786358 52.350219,4.786383 52.350165,4.786364 52.350099,4.786163 52.349915,4.786193 52.349859,4.786362 52.349902,4.786499 52.349895,4.786642 52.349928,4.78663 52.349966,4.786653 52.35002,4.786718 52.350059,4.78678 52.350075,4.786922 52.350066,4.786987 52.350027,4.786999 52.350001,4.787071 52.35001,4.788481 52.350295,4.788543 52.350322,4.788823 52.350368,4.788861 52.35042,4.788925 52.35046,4.78902 52.350476,4.789232 52.35044,4.789288 52.350475,4.789494 52.3505,4.789764 52.350554,4.789792 52.350571,4.789962 52.350595,4.790071 52.350642,4.790166 52.350658,4.790292 52.350625,4.790364 52.350681,4.790759 52.350758,4.790833 52.350763,4.790922 52.350749,4.790987 52.35071,4.791013 52.350652,4.79099 52.350598,4.790917 52.350547,4.790868 52.350538,4.790902 52.35045,4.790879 52.350396,4.790772 52.350338,4.789378 52.35007,4.78929 52.350084,4.789225 52.350123,4.789175 52.350207,4.788878 52.350139,4.788837 52.350114,4.788742 52.350098,4.788691 52.350106,4.786748 52.349709,4.786615 52.349667,4.786598 52.349593,4.786556 52.349567,4.786542 52.34948,4.786478 52.34944,4.786285 52.349396,4.786319 52.349309,4.786296 52.349255,4.78622 52.349204,4.785891 52.349149,4.785777 52.349085,4.785679 52.349068,4.785591 52.349082,4.785464 52.349054,4.785376 52.349068,4.785227 52.349127,4.785006 52.349151,4.784935 52.349192,4.78491 52.349246,4.784933 52.3493,4.785049 52.349389,4.785117 52.3494,4.78462 52.349603,4.784634 52.349565,4.784551 52.349438,4.784287 52.349212,4.784199 52.349197,4.783944 52.349251,4.783888 52.349287,4.783864 52.34934,4.783887 52.349394,4.784174 52.349648,4.783965 52.349742,4.783929 52.349736,4.783773 52.349452,4.783708 52.349412,4.78362 52.349398,4.783511 52.349416,4.783446 52.349455,4.783421 52.349509,4.783626 52.34988,4.783609 52.349887,4.783539 52.349843,4.783502 52.349837,4.783289 52.349657,4.783201 52.349642,4.783102 52.349655,4.783015 52.34972,4.782923 52.349703,4.782834 52.349717,4.782753 52.349763,4.782728 52.349816,4.782751 52.34987,4.782962 52.350069,4.78297 52.350086,4.782875 52.35013,4.782836 52.350044,4.782554 52.349818,4.782466 52.349803,4.782337 52.349833,4.782282 52.349868,4.782257 52.349922,4.782305 52.35,4.782447 52.350099,4.782403 52.350128,4.782378 52.350182,4.782401 52.350236,4.782517 52.350342,4.782347 52.35041,4.782312 52.350364,4.782253 52.350331,4.78218 52.350318,4.782112 52.350255,4.782104 52.350215,4.782178 52.350172,4.782202 52.350118,4.782159 52.350045,4.782101 52.350011,4.782013 52.349996,4.781924 52.35001,4.781854 52.350051,4.781803 52.350059,4.7817 52.350127,4.781676 52.350181,4.781739 52.350318,4.781831 52.350405,4.78179 52.350433,4.781765 52.350487,4.781788 52.350541,4.781859 52.350607,4.781748 52.350652,4.781718 52.350613,4.78166 52.350579,4.781597 52.350568,4.781523 52.3505,4.781514 52.350454,4.781585 52.350412,4.78161 52.350358,4.781561 52.35028,4.781503 52.350246,4.781415 52.350232,4.781327 52.350246,4.781141 52.350333,4.780794 52.350012,4.780866 52.34997,4.78089 52.349916,4.780854 52.349849,4.782102 52.34935,4.782158 52.349314,4.782182 52.34926,4.782159 52.349206,4.782091 52.349163,4.782003 52.349148,4.781915 52.349162,4.780411 52.349763,4.780344 52.349823,4.780236 52.349834,4.778883 52.350375,4.778827 52.35041,4.778803 52.350464,4.778826 52.350518,4.778894 52.350562,4.778982 52.350577,4.779071 52.350563,4.780186 52.350117,4.78025 52.350156,4.780338 52.350171,4.780451 52.350157,4.780826 52.350505,4.780778 52.350534,4.780753 52.350588,4.781001 52.350933,4.780943 52.35098,4.780862 52.351012,4.780426 52.350716,4.780338 52.350701,4.78025 52.350715,4.780168 52.350763,4.780144 52.350817,4.780167 52.350871,4.780473 52.351074,4.780515 52.351151,4.780295 52.351239,4.780086 52.35096,4.780022 52.35092,4.779934 52.350905,4.779825 52.350924,4.77976 52.350964,4.779735 52.351017,4.779928 52.351306,4.780002 52.351381,4.77986 52.35146,4.779848 52.351488,4.779386 52.351671,4.779273 52.351681,4.779093 52.351749,4.779035 52.351786,4.779011 52.351839,4.778706 52.351971,4.778648 52.351937,4.77859 52.351928,4.778525 52.351874,4.778467 52.351813,4.77844 52.351749,4.778323 52.351655,4.778273 52.351627,4.778185 52.351612,4.778096 52.351626,4.77799 52.351685,4.777966 52.351739,4.777989 52.351793,4.778062 52.35184,4.77818 52.351956,4.778124 52.35199,4.778109 52.352065,4.778012 52.352045,4.777925 52.352059,4.777802 52.351956,4.777773 52.351892,4.777709 52.351852,4.777621 52.351837,4.777485 52.351867,4.777415 52.351907,4.777391 52.351961,4.777412 52.352013,4.777494 52.352108,4.777588 52.352155,4.777658 52.352216,4.777494 52.352285,4.777436 52.352226,4.777408 52.35216,4.777287 52.352065,4.777238 52.352039,4.77715 52.352024,4.777062 52.352038,4.77696 52.352095,4.776935 52.352149,4.776958 52.352203,4.777032 52.35225,4.777145 52.352366,4.777093 52.352398,4.777069 52.35245,4.776913 52.352449,4.776803 52.352359,4.776776 52.352293,4.776712 52.352253,4.776624 52.352238,4.776491 52.352265,4.776417 52.352307,4.776393 52.352361,4.776411 52.352409,4.776489 52.352506,4.776581 52.352555,4.776658 52.352631,4.776596 52.352641,4.776492 52.352687,4.776438 52.352624,4.77642 52.352559,4.776328 52.352472,4.776269 52.352438,4.776181 52.352423,4.776093 52.352437,4.775991 52.352491,4.775966 52.352545,4.775989 52.352599,4.776048 52.352636,4.77614 52.352761,4.776076 52.3528,4.776058 52.352869,4.775993 52.352858,4.775907 52.352872,4.775785 52.352768,4.775759 52.352707,4.775692 52.352664,4.775604 52.352649,4.775469 52.352678,4.775398 52.352719,4.775374 52.352773,4.775394 52.352823,4.775476 52.352919,4.775569 52.352967,4.775648 52.353039,4.775464 52.35311,4.775411 52.353053,4.775393 52.352987,4.775289 52.352894,4.775233 52.352862,4.775145 52.352848,4.775057 52.352862,4.774955 52.352916,4.774931 52.35297,4.774954 52.353024,4.775019 52.353066,4.775108 52.353179,4.775056 52.353222,4.775032 52.353274,4.774977 52.353265,4.774869 52.353289,4.774739 52.353178,4.774712 52.353123,4.774648 52.353083,4.77456 52.353068,4.774474 52.353081,4.774361 52.353136,4.774337 52.35319,4.774358 52.353242,4.774443 52.353337,4.774537 52.353384,4.774608 52.353445,4.774455 52.353512,4.774374 52.353434,4.774352 52.353374,4.774281 52.353317,4.774231 52.35329,4.774143 52.353275,4.774055 52.353289,4.77394 52.353351,4.773915 52.353405,4.773938 52.353459,4.7741 52.353588,4.774045 52.353621,4.774033 52.353648,4.773969 52.353608,4.773881 52.353593,4.773792 52.353607,4.773298 52.353807))";"POLYGON((52.353807 4.773298,52.353895 4.773073,52.353881 4.772988,52.353937 4.772712,52.354003 4.772628,52.354116 4.772585,52.35417 4.772608,52.35421 4.772673,52.354241 4.772823,52.354229 4.772949,52.35419 4.773015,52.354147 4.773034,52.354111 4.773203,52.354037 4.773388,52.354002 4.77353,52.354038 4.773508,52.354142 4.773281,52.354196 4.773257,52.35425 4.773279,52.35429 4.773344,52.354304 4.773432,52.354291 4.773533,52.35416 4.773864,52.354147 4.773948,52.353954 4.774429,52.353918 4.774484,52.353864 4.774508,52.353807 4.774488,52.353689 4.774758,52.352191 4.778519,52.352218 4.778566,52.352233 4.778654,52.352219 4.778743,52.351998 4.779294,52.351962 4.779352,52.351913 4.779383,52.351899 4.77947,52.351832 4.779639,52.351649 4.780101,52.351594 4.780192,52.351093 4.781451,52.351053 4.781517,52.351007 4.781538,52.350338 4.783186,52.350283 4.78325,52.350268 4.783326,52.349834 4.784403,52.349867 4.784458,52.349881 4.784546,52.349867 4.784635,52.34939 4.785784,52.349373 4.785863,52.34938 4.78591,52.349471 4.785875,52.349541 4.785922,52.349554 4.785829,52.349593 4.785764,52.349714 4.785694,52.349751 4.785635,52.349805 4.785611,52.349859 4.785634,52.350132 4.785945,52.350179 4.785923,52.350233 4.785946,52.350292 4.78603,52.350307 4.786119,52.350293 4.786207,52.350219 4.786358,52.350165 4.786383,52.350099 4.786364,52.349915 4.786163,52.349859 4.786193,52.349902 4.786362,52.349895 4.786499,52.349928 4.786642,52.349966 4.78663,52.35002 4.786653,52.350059 4.786718,52.350075 4.78678,52.350066 4.786922,52.350027 4.786987,52.350001 4.786999,52.35001 4.787071,52.350295 4.788481,52.350322 4.788543,52.350368 4.788823,52.35042 4.788861,52.35046 4.788925,52.350476 4.78902,52.35044 4.789232,52.350475 4.789288,52.3505 4.789494,52.350554 4.789764,52.350571 4.789792,52.350595 4.789962,52.350642 4.790071,52.350658 4.790166,52.350625 4.790292,52.350681 4.790364,52.350758 4.790759,52.350763 4.790833,52.350749 4.790922,52.35071 4.790987,52.350652 4.791013,52.350598 4.79099,52.350547 4.790917,52.350538 4.790868,52.35045 4.790902,52.350396 4.790879,52.350338 4.790772,52.35007 4.789378,52.350084 4.78929,52.350123 4.789225,52.350207 4.789175,52.350139 4.788878,52.350114 4.788837,52.350098 4.788742,52.350106 4.788691,52.349709 4.786748,52.349667 4.786615,52.349593 4.786598,52.349567 4.786556,52.34948 4.786542,52.34944 4.786478,52.349396 4.786285,52.349309 4.786319,52.349255 4.786296,52.349204 4.78622,52.349149 4.785891,52.349085 4.785777,52.349068 4.785679,52.349082 4.785591,52.349054 4.785464,52.349068 4.785376,52.349127 4.785227,52.349151 4.785006,52.349192 4.784935,52.349246 4.78491,52.3493 4.784933,52.349389 4.785049,52.3494 4.785117,52.349603 4.78462,52.349565 4.784634,52.349438 4.784551,52.349212 4.784287,52.349197 4.784199,52.349251 4.783944,52.349287 4.783888,52.34934 4.783864,52.349394 4.783887,52.349648 4.784174,52.349742 4.783965,52.349736 4.783929,52.349452 4.783773,52.349412 4.783708,52.349398 4.78362,52.349416 4.783511,52.349455 4.783446,52.349509 4.783421,52.34988 4.783626,52.349887 4.783609,52.349843 4.783539,52.349837 4.783502,52.349657 4.783289,52.349642 4.783201,52.349655 4.783102,52.34972 4.783015,52.349703 4.782923,52.349717 4.782834,52.349763 4.782753,52.349816 4.782728,52.34987 4.782751,52.350069 4.782962,52.350086 4.78297,52.35013 4.782875,52.350044 4.782836,52.349818 4.782554,52.349803 4.782466,52.349833 4.782337,52.349868 4.782282,52.349922 4.782257,52.35 4.782305,52.350099 4.782447,52.350128 4.782403,52.350182 4.782378,52.350236 4.782401,52.350342 4.782517,52.35041 4.782347,52.350364 4.782312,52.350331 4.782253,52.350318 4.78218,52.350255 4.782112,52.350215 4.782104,52.350172 4.782178,52.350118 4.782202,52.350045 4.782159,52.350011 4.782101,52.349996 4.782013,52.35001 4.781924,52.350051 4.781854,52.350059 4.781803,52.350127 4.7817,52.350181 4.781676,52.350318 4.781739,52.350405 4.781831,52.350433 4.78179,52.350487 4.781765,52.350541 4.781788,52.350607 4.781859,52.350652 4.781748,52.350613 4.781718,52.350579 4.78166,52.350568 4.781597,52.3505 4.781523,52.350454 4.781514,52.350412 4.781585,52.350358 4.78161,52.35028 4.781561,52.350246 4.781503,52.350232 4.781415,52.350246 4.781327,52.350333 4.781141,52.350012 4.780794,52.34997 4.780866,52.349916 4.78089,52.349849 4.780854,52.34935 4.782102,52.349314 4.782158,52.34926 4.782182,52.349206 4.782159,52.349163 4.782091,52.349148 4.782003,52.349162 4.781915,52.349763 4.780411,52.349823 4.780344,52.349834 4.780236,52.350375 4.778883,52.35041 4.778827,52.350464 4.778803,52.350518 4.778826,52.350562 4.778894,52.350577 4.778982,52.350563 4.779071,52.350117 4.780186,52.350156 4.78025,52.350171 4.780338,52.350157 4.780451,52.350505 4.780826,52.350534 4.780778,52.350588 4.780753,52.350933 4.781001,52.35098 4.780943,52.351012 4.780862,52.350716 4.780426,52.350701 4.780338,52.350715 4.78025,52.350763 4.780168,52.350817 4.780144,52.350871 4.780167,52.351074 4.780473,52.351151 4.780515,52.351239 4.780295,52.35096 4.780086,52.35092 4.780022,52.350905 4.779934,52.350924 4.779825,52.350964 4.77976,52.351017 4.779735,52.351306 4.779928,52.351381 4.780002,52.35146 4.77986,52.351488 4.779848,52.351671 4.779386,52.351681 4.779273,52.351749 4.779093,52.351786 4.779035,52.351839 4.779011,52.351971 4.778706,52.351937 4.778648,52.351928 4.77859,52.351874 4.778525,52.351813 4.778467,52.351749 4.77844,52.351655 4.778323,52.351627 4.778273,52.351612 4.778185,52.351626 4.778096,52.351685 4.77799,52.351739 4.777966,52.351793 4.777989,52.35184 4.778062,52.351956 4.77818,52.35199 4.778124,52.352065 4.778109,52.352045 4.778012,52.352059 4.777925,52.351956 4.777802,52.351892 4.777773,52.351852 4.777709,52.351837 4.777621,52.351867 4.777485,52.351907 4.777415,52.351961 4.777391,52.352013 4.777412,52.352108 4.777494,52.352155 4.777588,52.352216 4.777658,52.352285 4.777494,52.352226 4.777436,52.35216 4.777408,52.352065 4.777287,52.352039 4.777238,52.352024 4.77715,52.352038 4.777062,52.352095 4.77696,52.352149 4.776935,52.352203 4.776958,52.35225 4.777032,52.352366 4.777145,52.352398 4.777093,52.35245 4.777069,52.352449 4.776913,52.352359 4.776803,52.352293 4.776776,52.352253 4.776712,52.352238 4.776624,52.352265 4.776491,52.352307 4.776417,52.352361 4.776393,52.352409 4.776411,52.352506 4.776489,52.352555 4.776581,52.352631 4.776658,52.352641 4.776596,52.352687 4.776492,52.352624 4.776438,52.352559 4.77642,52.352472 4.776328,52.352438 4.776269,52.352423 4.776181,52.352437 4.776093,52.352491 4.775991,52.352545 4.775966,52.352599 4.775989,52.352636 4.776048,52.352761 4.77614,52.3528 4.776076,52.352869 4.776058,52.352858 4.775993,52.352872 4.775907,52.352768 4.775785,52.352707 4.775759,52.352664 4.775692,52.352649 4.775604,52.352678 4.775469,52.352719 4.775398,52.352773 4.775374,52.352823 4.775394,52.352919 4.775476,52.352967 4.775569,52.353039 4.775648,52.35311 4.775464,52.353053 4.775411,52.352987 4.775393,52.352894 4.775289,52.352862 4.775233,52.352848 4.775145,52.352862 4.775057,52.352916 4.774955,52.35297 4.774931,52.353024 4.774954,52.353066 4.775019,52.353179 4.775108,52.353222 4.775056,52.353274 4.775032,52.353265 4.774977,52.353289 4.774869,52.353178 4.774739,52.353123 4.774712,52.353083 4.774648,52.353068 4.77456,52.353081 4.774474,52.353136 4.774361,52.35319 4.774337,52.353242 4.774358,52.353337 4.774443,52.353384 4.774537,52.353445 4.774608,52.353512 4.774455,52.353434 4.774374,52.353374 4.774352,52.353317 4.774281,52.35329 4.774231,52.353275 4.774143,52.353289 4.774055,52.353351 4.77394,52.353405 4.773915,52.353459 4.773938,52.353588 4.7741,52.353621 4.774045,52.353648 4.774033,52.353608 4.773969,52.353593 4.773881,52.353607 4.773792,52.353807 4.773298))";4.781804;52.351672;
32;"WARMTE WIJK";"IN BEDRIJF";"POLYGON((4.905981 52.407471,4.905957 52.407417,4.905893 52.407377,4.905826 52.407366,4.905765 52.40723,4.905701 52.40719,4.905612 52.407176,4.905524 52.40719,4.905454 52.407231,4.905429 52.407285,4.905475 52.407412,4.905385 52.407396,4.905307 52.407404,4.905234 52.407392,4.905143 52.407401,4.905066 52.407388,4.904985 52.407396,4.904908 52.407383,4.904827 52.407391,4.904755 52.407379,4.904666 52.407387,4.904592 52.407375,4.904512 52.407383,4.90444 52.407371,4.903702 52.407359,4.903634 52.407274,4.904039 52.407255,4.904095 52.40729,4.904183 52.407305,4.904444 52.407289,4.904505 52.407299,4.904599 52.407286,4.90466 52.407297,4.904841 52.407282,4.904901 52.407292,4.905078 52.407278,4.90522 52.407287,4.905321 52.407273,4.905386 52.407233,4.905425 52.407122,4.905394 52.407059,4.905316 52.407015,4.905093 52.407007,4.905053 52.40688,4.904989 52.40684,4.904901 52.406825,4.904712 52.406844,4.904664 52.406836,4.904398 52.406859,4.90418 52.406859,4.904086 52.406873,4.904021 52.406912,4.903863 52.406929,4.903808 52.406919,4.903603 52.406928,4.903596 52.406846,4.904572 52.406764,4.904705 52.406746,4.904756 52.406715,4.90482 52.406726,4.904906 52.406782,4.904995 52.406797,4.905083 52.406783,4.905231 52.40671,4.905255 52.406656,4.905234 52.406597,4.90517 52.406557,4.90505 52.406548,4.904967 52.406495,4.904879 52.40648,4.904608 52.406492,4.903402 52.40661,4.903251 52.406693,4.903227 52.406747,4.903275 52.407293,4.903237 52.407316,4.903222 52.407396,4.902648 52.407381,4.902616 52.406938,4.902593 52.406889,4.902528 52.406849,4.902398 52.40683,4.902268 52.406752,4.90218 52.406738,4.902013 52.406558,4.901946 52.406515,4.901886 52.406505,4.901335 52.405863,4.901353 52.405822,4.901332 52.40577,4.901213 52.405639,4.901149 52.405599,4.901086 52.405589,4.900756 52.405211,4.900689 52.405168,4.900561 52.405146,4.900426 52.405175,4.900303 52.405156,4.900214 52.405171,4.900065 52.405248,4.900047 52.405333,4.899932 52.405312,4.899831 52.405328,4.899763 52.40537,4.899738 52.405426,4.899934 52.405887,4.899986 52.405945,4.900026 52.406095,4.9002 52.406487,4.900277 52.406546,4.900416 52.40656,4.900311 52.406611,4.900288 52.406686,4.90044 52.407033,4.900526 52.407176,4.900524 52.407222,4.900657 52.407525,4.90069 52.407563,4.900621 52.407616,4.900597 52.40767,4.90061 52.407699,4.900492 52.407793,4.900206 52.407839,4.899758 52.40683,4.899696 52.406777,4.899708 52.406709,4.899393 52.406003,4.899329 52.405963,4.899199 52.405951,4.898948 52.405991,4.898857 52.406052,4.898842 52.406116,4.898876 52.406186,4.89894 52.406226,4.899059 52.406236,4.899088 52.406305,4.89915 52.406345,4.899128 52.406393,4.899227 52.406619,4.8991 52.406673,4.899076 52.406726,4.89916 52.406944,4.899196 52.407004,4.89926 52.407044,4.899348 52.407058,4.899418 52.407047,4.899499 52.407233,4.89939 52.407279,4.899366 52.407333,4.899412 52.407468,4.899551 52.407577,4.899658 52.407589,4.899776 52.407859,4.899467 52.407911,4.899397 52.407951,4.899379 52.408034,4.899419 52.408113,4.899483 52.408153,4.89962 52.408164,4.900679 52.407991,4.900981 52.407767,4.901019 52.4077,4.901125 52.407665,4.901544 52.407369,4.901579 52.407326,4.901915 52.40711,4.901956 52.407052,4.902117 52.406998,4.902251 52.407063,4.902289 52.407506,4.902312 52.407553,4.902376 52.407593,4.902464 52.407608,4.903308 52.407626,4.903331 52.407678,4.903446 52.407732,4.903333 52.407887,4.903274 52.407924,4.903249 52.407999,4.903018 52.408307,4.902994 52.408361,4.903017 52.408415,4.903255 52.408525,4.903682 52.408676,4.903664 52.408723,4.903687 52.408777,4.903751 52.408816,4.903903 52.408857,4.903955 52.408888,4.904177 52.408953,4.904365 52.409032,4.904288 52.40909,4.904243 52.409097,4.904178 52.409137,4.903963 52.4093,4.903948 52.409328,4.903812 52.409414,4.903789 52.409466,4.903701 52.409533,4.903541 52.40916,4.903476 52.40912,4.903329 52.409093,4.903241 52.409107,4.90317 52.409147,4.903152 52.40923,4.903408 52.409807,4.903425 52.409832,4.903533 52.409884,4.903605 52.409894,4.903694 52.40988,4.903744 52.409854,4.904602 52.409203,4.904699 52.409212,4.904794 52.409198,4.904876 52.409144,4.904903 52.409091,4.904995 52.409011,4.905112 52.409002,4.905177 52.408963,4.905204 52.408906,4.905184 52.408858,4.905318 52.408747,4.905342 52.408693,4.905319 52.408639,4.905255 52.408599,4.905135 52.408586,4.905173 52.40853,4.905281 52.408499,4.905344 52.408434,4.905361 52.408352,4.905338 52.408298,4.905274 52.408259,4.904527 52.408075,4.904433 52.408059,4.904324 52.408086,4.903896 52.407969,4.903707 52.407915,4.903762 52.407839,4.903805 52.407866,4.905246 52.408156,4.905364 52.408177,4.905453 52.408163,4.905518 52.408124,4.905574 52.408025,4.905549 52.407959,4.905478 52.407915,4.904125 52.407641,4.905732 52.407688,4.90583 52.407674,4.905895 52.407635,4.90592 52.407547,4.905956 52.407525,4.905981 52.407471),(4.904821 52.408787,4.904746 52.408732,4.904661 52.408715,4.904387 52.408605,4.904319 52.408594,4.904252 52.408557,4.904168 52.408543,4.904109 52.408507,4.903881 52.408439,4.903827 52.408407,4.903741 52.408389,4.903538 52.408304,4.903425 52.408293,4.90349 52.408205,4.904109 52.408377,4.904128 52.408422,4.904192 52.408462,4.904296 52.408481,4.904335 52.408505,4.904579 52.408567,4.904618 52.408591,4.904721 52.40861,4.90484 52.408659,4.904968 52.408668,4.904821 52.408787),(4.901657 52.406805,4.900944 52.40727,4.900914 52.407243,4.900923 52.407223,4.900858 52.407085,4.900951 52.4071,4.901012 52.407094,4.901088 52.407063,4.901645 52.406692,4.9017 52.406726,4.901761 52.406736,4.901785 52.406765,4.901657 52.406805))";"POLYGON((52.407471 4.905981,52.407417 4.905957,52.407377 4.905893,52.407366 4.905826,52.40723 4.905765,52.40719 4.905701,52.407176 4.905612,52.40719 4.905524,52.407231 4.905454,52.407285 4.905429,52.407412 4.905475,52.407396 4.905385,52.407404 4.905307,52.407392 4.905234,52.407401 4.905143,52.407388 4.905066,52.407396 4.904985,52.407383 4.904908,52.407391 4.904827,52.407379 4.904755,52.407387 4.904666,52.407375 4.904592,52.407383 4.904512,52.407371 4.90444,52.407359 4.903702,52.407274 4.903634,52.407255 4.904039,52.40729 4.904095,52.407305 4.904183,52.407289 4.904444,52.407299 4.904505,52.407286 4.904599,52.407297 4.90466,52.407282 4.904841,52.407292 4.904901,52.407278 4.905078,52.407287 4.90522,52.407273 4.905321,52.407233 4.905386,52.407122 4.905425,52.407059 4.905394,52.407015 4.905316,52.407007 4.905093,52.40688 4.905053,52.40684 4.904989,52.406825 4.904901,52.406844 4.904712,52.406836 4.904664,52.406859 4.904398,52.406859 4.90418,52.406873 4.904086,52.406912 4.904021,52.406929 4.903863,52.406919 4.903808,52.406928 4.903603,52.406846 4.903596,52.406764 4.904572,52.406746 4.904705,52.406715 4.904756,52.406726 4.90482,52.406782 4.904906,52.406797 4.904995,52.406783 4.905083,52.40671 4.905231,52.406656 4.905255,52.406597 4.905234,52.406557 4.90517,52.406548 4.90505,52.406495 4.904967,52.40648 4.904879,52.406492 4.904608,52.40661 4.903402,52.406693 4.903251,52.406747 4.903227,52.407293 4.903275,52.407316 4.903237,52.407396 4.903222,52.407381 4.902648,52.406938 4.902616,52.406889 4.902593,52.406849 4.902528,52.40683 4.902398,52.406752 4.902268,52.406738 4.90218,52.406558 4.902013,52.406515 4.901946,52.406505 4.901886,52.405863 4.901335,52.405822 4.901353,52.40577 4.901332,52.405639 4.901213,52.405599 4.901149,52.405589 4.901086,52.405211 4.900756,52.405168 4.900689,52.405146 4.900561,52.405175 4.900426,52.405156 4.900303,52.405171 4.900214,52.405248 4.900065,52.405333 4.900047,52.405312 4.899932,52.405328 4.899831,52.40537 4.899763,52.405426 4.899738,52.405887 4.899934,52.405945 4.899986,52.406095 4.900026,52.406487 4.9002,52.406546 4.900277,52.40656 4.900416,52.406611 4.900311,52.406686 4.900288,52.407033 4.90044,52.407176 4.900526,52.407222 4.900524,52.407525 4.900657,52.407563 4.90069,52.407616 4.900621,52.40767 4.900597,52.407699 4.90061,52.407793 4.900492,52.407839 4.900206,52.40683 4.899758,52.406777 4.899696,52.406709 4.899708,52.406003 4.899393,52.405963 4.899329,52.405951 4.899199,52.405991 4.898948,52.406052 4.898857,52.406116 4.898842,52.406186 4.898876,52.406226 4.89894,52.406236 4.899059,52.406305 4.899088,52.406345 4.89915,52.406393 4.899128,52.406619 4.899227,52.406673 4.8991,52.406726 4.899076,52.406944 4.89916,52.407004 4.899196,52.407044 4.89926,52.407058 4.899348,52.407047 4.899418,52.407233 4.899499,52.407279 4.89939,52.407333 4.899366,52.407468 4.899412,52.407577 4.899551,52.407589 4.899658,52.407859 4.899776,52.407911 4.899467,52.407951 4.899397,52.408034 4.899379,52.408113 4.899419,52.408153 4.899483,52.408164 4.89962,52.407991 4.900679,52.407767 4.900981,52.4077 4.901019,52.407665 4.901125,52.407369 4.901544,52.407326 4.901579,52.40711 4.901915,52.407052 4.901956,52.406998 4.902117,52.407063 4.902251,52.407506 4.902289,52.407553 4.902312,52.407593 4.902376,52.407608 4.902464,52.407626 4.903308,52.407678 4.903331,52.407732 4.903446,52.407887 4.903333,52.407924 4.903274,52.407999 4.903249,52.408307 4.903018,52.408361 4.902994,52.408415 4.903017,52.408525 4.903255,52.408676 4.903682,52.408723 4.903664,52.408777 4.903687,52.408816 4.903751,52.408857 4.903903,52.408888 4.903955,52.408953 4.904177,52.409032 4.904365,52.40909 4.904288,52.409097 4.904243,52.409137 4.904178,52.4093 4.903963,52.409328 4.903948,52.409414 4.903812,52.409466 4.903789,52.409533 4.903701,52.40916 4.903541,52.40912 4.903476,52.409093 4.903329,52.409107 4.903241,52.409147 4.90317,52.40923 4.903152,52.409807 4.903408,52.409832 4.903425,52.409884 4.903533,52.409894 4.903605,52.40988 4.903694,52.409854 4.903744,52.409203 4.904602,52.409212 4.904699,52.409198 4.904794,52.409144 4.904876,52.409091 4.904903,52.409011 4.904995,52.409002 4.905112,52.408963 4.905177,52.408906 4.905204,52.408858 4.905184,52.408747 4.905318,52.408693 4.905342,52.408639 4.905319,52.408599 4.905255,52.408586 4.905135,52.40853 4.905173,52.408499 4.905281,52.408434 4.905344,52.408352 4.905361,52.408298 4.905338,52.408259 4.905274,52.408075 4.904527,52.408059 4.904433,52.408086 4.904324,52.407969 4.903896,52.407915 4.903707,52.407839 4.903762,52.407866 4.903805,52.408156 4.905246,52.408177 4.905364,52.408163 4.905453,52.408124 4.905518,52.408025 4.905574,52.407959 4.905549,52.407915 4.905478,52.407641 4.904125,52.407688 4.905732,52.407674 4.90583,52.407635 4.905895,52.407547 4.90592,52.407525 4.905956,52.407471 4.905981),(52.408787 4.904821,52.408732 4.904746,52.408715 4.904661,52.408605 4.904387,52.408594 4.904319,52.408557 4.904252,52.408543 4.904168,52.408507 4.904109,52.408439 4.903881,52.408407 4.903827,52.408389 4.903741,52.408304 4.903538,52.408293 4.903425,52.408205 4.90349,52.408377 4.904109,52.408422 4.904128,52.408462 4.904192,52.408481 4.904296,52.408505 4.904335,52.408567 4.904579,52.408591 4.904618,52.40861 4.904721,52.408659 4.90484,52.408668 4.904968,52.408787 4.904821),(52.406805 4.901657,52.40727 4.900944,52.407243 4.900914,52.407223 4.900923,52.407085 4.900858,52.4071 4.900951,52.407094 4.901012,52.407063 4.901088,52.406692 4.901645,52.406726 4.9017,52.406736 4.901761,52.406765 4.901785,52.406805 4.901657))";4.9024165;52.407513;
33;"WARMTE WIJK";"IN BEDRIJF";"POLYGON((4.959821 52.396252,4.959798 52.396198,4.959734 52.396158,4.958365 52.395778,4.95845 52.395764,4.958515 52.395725,4.959107 52.394899,4.959084 52.394845,4.95902 52.394805,4.958015 52.394523,4.958445 52.393732,4.958454 52.393698,4.958428 52.393638,4.958364 52.393598,4.958275 52.393583,4.958163 52.393595,4.958175 52.393568,4.958152 52.393514,4.958087 52.393474,4.957454 52.393294,4.957434 52.393231,4.957369 52.393192,4.957 52.393088,4.956928 52.393079,4.956839 52.393093,4.956774 52.393132,4.956577 52.3934,4.956453 52.39341,4.956388 52.393449,4.956361 52.393506,4.956384 52.39356,4.956449 52.3936,4.95667 52.393653,4.956759 52.393638,4.956824 52.393599,4.956892 52.393508,4.956879 52.393543,4.956904 52.393603,4.956969 52.393643,4.957075 52.393655,4.956709 52.394153,4.956696 52.394218,4.956612 52.394291,4.956583 52.394217,4.956518 52.394177,4.956411 52.394157,4.956322 52.394171,4.956246 52.394217,4.956143 52.394199,4.956055 52.394213,4.95599 52.394252,4.955514 52.394891,4.955498 52.394935,4.955561 52.395053,4.955657 52.395102,4.955587 52.395135,4.955484 52.395146,4.95541 52.395196,4.955189 52.395501,4.955173 52.395545,4.955212 52.395608,4.9552 52.395665,4.955154 52.395728,4.955072 52.395741,4.954999 52.395782,4.954969 52.395844,4.954992 52.395898,4.955057 52.395938,4.955226 52.395975,4.955341 52.395959,4.955406 52.395919,4.955462 52.395845,4.955517 52.395874,4.956332 52.396098,4.956266 52.396211,4.95629 52.396265,4.956354 52.396305,4.957399 52.396585,4.957488 52.396571,4.957553 52.396531,4.95774 52.396278,4.957784 52.396285,4.957873 52.396271,4.957948 52.396219,4.957989 52.39613,4.958067 52.396141,4.957753 52.396573,4.957738 52.396616,4.957761 52.39667,4.95784 52.396714,4.958684 52.396938,4.958772 52.396923,4.958837 52.396884,4.958899 52.396801,4.959126 52.396856,4.959232 52.396853,4.959292 52.396835,4.959355 52.396793,4.959412 52.396697,4.959536 52.396688,4.959601 52.396648,4.959768 52.396424,4.959783 52.396381,4.959769 52.396347,4.959821 52.396252),(4.959307 52.39637,4.95918 52.396561,4.959094 52.396555,4.959029 52.396516,4.958827 52.39647,4.958738 52.396484,4.958673 52.396523,4.95857 52.396636,4.958501 52.396595,4.958207 52.396527,4.95825 52.39652,4.958318 52.396477,4.958339 52.396416,4.958384 52.396387,4.958564 52.396127,4.958958 52.396246,4.959056 52.396259,4.959186 52.396309,4.959324 52.396325,4.959351 52.396341,4.959307 52.39637),(4.956468 52.39574,4.956443 52.395794,4.956457 52.395831,4.956424 52.395837,4.956346 52.395777,4.956203 52.395737,4.955986 52.395712,4.956116 52.395703,4.956181 52.395664,4.956241 52.395584,4.956261 52.395496,4.956463 52.395562,4.956551 52.395577,4.956595 52.39557,4.956468 52.39574),(4.958182 52.3955,4.958139 52.395489,4.958122 52.39545,4.958053 52.395409,4.957437 52.395237,4.957499 52.395245,4.957588 52.395231,4.957655 52.395188,4.957688 52.395121,4.957666 52.39507,4.957711 52.395063,4.957779 52.39502,4.957846 52.394908,4.957777 52.394802,4.95781 52.394768,4.958381 52.394919,4.958469 52.394934,4.958563 52.394916,4.958608 52.394929,4.958182 52.3955),(4.95752 52.394541,4.957454 52.394581,4.956922 52.395155,4.956888 52.395112,4.956818 52.395071,4.956498 52.394981,4.956513 52.39496,4.956582 52.394949,4.956649 52.394907,4.956854 52.394631,4.956878 52.394577,4.956841 52.394514,4.956909 52.394517,4.957308 52.394622,4.957396 52.394608,4.957461 52.394569,4.95752 52.394501,4.957633 52.394531,4.95752 52.394541),(4.957668 52.394301,4.957649 52.394257,4.95758 52.394216,4.957194 52.394112,4.957272 52.3941,4.957339 52.394058,4.957411 52.393942,4.957494 52.393889,4.957518 52.393815,4.957596 52.393705,4.95754 52.393626,4.957834 52.393713,4.957922 52.393728,4.957988 52.393717,4.957668 52.394301),(4.957825 52.395945,4.957804 52.39603,4.957762 52.396006,4.9576 52.395985,4.957511 52.395999,4.957445 52.396039,4.957414 52.396104,4.957347 52.396147,4.957311 52.396195,4.957287 52.396249,4.9573 52.396291,4.957231 52.39625,4.957055 52.396213,4.957 52.396186,4.956887 52.396175,4.956822 52.396137,4.956748 52.396125,4.956798 52.396117,4.956866 52.396074,4.956949 52.395951,4.957119 52.395973,4.957207 52.395959,4.957275 52.395917,4.957335 52.395812,4.957316 52.395767,4.957488 52.395822,4.957587 52.395835,4.957633 52.395862,4.957734 52.395877,4.957777 52.395902,4.957869 52.395916,4.957825 52.395945))";"POLYGON((52.396252 4.959821,52.396198 4.959798,52.396158 4.959734,52.395778 4.958365,52.395764 4.95845,52.395725 4.958515,52.394899 4.959107,52.394845 4.959084,52.394805 4.95902,52.394523 4.958015,52.393732 4.958445,52.393698 4.958454,52.393638 4.958428,52.393598 4.958364,52.393583 4.958275,52.393595 4.958163,52.393568 4.958175,52.393514 4.958152,52.393474 4.958087,52.393294 4.957454,52.393231 4.957434,52.393192 4.957369,52.393088 4.957,52.393079 4.956928,52.393093 4.956839,52.393132 4.956774,52.3934 4.956577,52.39341 4.956453,52.393449 4.956388,52.393506 4.956361,52.39356 4.956384,52.3936 4.956449,52.393653 4.95667,52.393638 4.956759,52.393599 4.956824,52.393508 4.956892,52.393543 4.956879,52.393603 4.956904,52.393643 4.956969,52.393655 4.957075,52.394153 4.956709,52.394218 4.956696,52.394291 4.956612,52.394217 4.956583,52.394177 4.956518,52.394157 4.956411,52.394171 4.956322,52.394217 4.956246,52.394199 4.956143,52.394213 4.956055,52.394252 4.95599,52.394891 4.955514,52.394935 4.955498,52.395053 4.955561,52.395102 4.955657,52.395135 4.955587,52.395146 4.955484,52.395196 4.95541,52.395501 4.955189,52.395545 4.955173,52.395608 4.955212,52.395665 4.9552,52.395728 4.955154,52.395741 4.955072,52.395782 4.954999,52.395844 4.954969,52.395898 4.954992,52.395938 4.955057,52.395975 4.955226,52.395959 4.955341,52.395919 4.955406,52.395845 4.955462,52.395874 4.955517,52.396098 4.956332,52.396211 4.956266,52.396265 4.95629,52.396305 4.956354,52.396585 4.957399,52.396571 4.957488,52.396531 4.957553,52.396278 4.95774,52.396285 4.957784,52.396271 4.957873,52.396219 4.957948,52.39613 4.957989,52.396141 4.958067,52.396573 4.957753,52.396616 4.957738,52.39667 4.957761,52.396714 4.95784,52.396938 4.958684,52.396923 4.958772,52.396884 4.958837,52.396801 4.958899,52.396856 4.959126,52.396853 4.959232,52.396835 4.959292,52.396793 4.959355,52.396697 4.959412,52.396688 4.959536,52.396648 4.959601,52.396424 4.959768,52.396381 4.959783,52.396347 4.959769,52.396252 4.959821),(52.39637 4.959307,52.396561 4.95918,52.396555 4.959094,52.396516 4.959029,52.39647 4.958827,52.396484 4.958738,52.396523 4.958673,52.396636 4.95857,52.396595 4.958501,52.396527 4.958207,52.39652 4.95825,52.396477 4.958318,52.396416 4.958339,52.396387 4.958384,52.396127 4.958564,52.396246 4.958958,52.396259 4.959056,52.396309 4.959186,52.396325 4.959324,52.396341 4.959351,52.39637 4.959307),(52.39574 4.956468,52.395794 4.956443,52.395831 4.956457,52.395837 4.956424,52.395777 4.956346,52.395737 4.956203,52.395712 4.955986,52.395703 4.956116,52.395664 4.956181,52.395584 4.956241,52.395496 4.956261,52.395562 4.956463,52.395577 4.956551,52.39557 4.956595,52.39574 4.956468),(52.3955 4.958182,52.395489 4.958139,52.39545 4.958122,52.395409 4.958053,52.395237 4.957437,52.395245 4.957499,52.395231 4.957588,52.395188 4.957655,52.395121 4.957688,52.39507 4.957666,52.395063 4.957711,52.39502 4.957779,52.394908 4.957846,52.394802 4.957777,52.394768 4.95781,52.394919 4.958381,52.394934 4.958469,52.394916 4.958563,52.394929 4.958608,52.3955 4.958182),(52.394541 4.95752,52.394581 4.957454,52.395155 4.956922,52.395112 4.956888,52.395071 4.956818,52.394981 4.956498,52.39496 4.956513,52.394949 4.956582,52.394907 4.956649,52.394631 4.956854,52.394577 4.956878,52.394514 4.956841,52.394517 4.956909,52.394622 4.957308,52.394608 4.957396,52.394569 4.957461,52.394501 4.95752,52.394531 4.957633,52.394541 4.95752),(52.394301 4.957668,52.394257 4.957649,52.394216 4.95758,52.394112 4.957194,52.3941 4.957272,52.394058 4.957339,52.393942 4.957411,52.393889 4.957494,52.393815 4.957518,52.393705 4.957596,52.393626 4.95754,52.393713 4.957834,52.393728 4.957922,52.393717 4.957988,52.394301 4.957668),(52.395945 4.957825,52.39603 4.957804,52.396006 4.957762,52.395985 4.9576,52.395999 4.957511,52.396039 4.957445,52.396104 4.957414,52.396147 4.957347,52.396195 4.957311,52.396249 4.957287,52.396291 4.9573,52.39625 4.957231,52.396213 4.957055,52.396186 4.957,52.396175 4.956887,52.396137 4.956822,52.396125 4.956748,52.396117 4.956798,52.396074 4.956866,52.395951 4.956949,52.395973 4.957119,52.395959 4.957207,52.395917 4.957275,52.395812 4.957335,52.395767 4.957316,52.395822 4.957488,52.395835 4.957587,52.395862 4.957633,52.395877 4.957734,52.395902 4.957777,52.395916 4.957869,52.395945 4.957825))";4.9574;52.3950015;
34;"WARMTE WIJK";"IN BEDRIJF";"POLYGON((4.833588 52.347982,4.833565 52.347928,4.833501 52.347889,4.833415 52.347874,4.833103 52.34787,4.833006 52.347849,4.832589 52.347843,4.832493 52.347857,4.832427 52.347896,4.832403 52.347946,4.832381 52.348301,4.832315 52.3483,4.832301 52.348268,4.832237 52.348228,4.832149 52.348213,4.831855 52.348212,4.831694 52.348233,4.831735 52.34817,4.831739 52.348069,4.831814 52.348061,4.831834 52.348109,4.831898 52.348149,4.832053 52.348176,4.832199 52.348163,4.832264 52.348124,4.832309 52.347976,4.832289 52.347901,4.83232 52.347882,4.832365 52.347736,4.832331 52.347644,4.832359 52.347589,4.832348 52.347559,4.832441 52.347507,4.832466 52.347453,4.832443 52.347396,4.832379 52.347356,4.832234 52.347316,4.832072 52.347222,4.831918 52.347188,4.831682 52.347204,4.830824 52.347195,4.830732 52.347177,4.830511 52.347194,4.829494 52.347181,4.829334 52.347161,4.829121 52.347176,4.828045 52.347165,4.827954 52.347179,4.827889 52.347218,4.827864 52.34727,4.827849 52.347678,4.827588 52.347698,4.827523 52.347738,4.827469 52.347967,4.827469 52.34813,4.827492 52.348183,4.827556 52.348223,4.827644 52.348238,4.830415 52.348266,4.830396 52.348595,4.830417 52.348645,4.830386 52.348702,4.830386 52.348894,4.830345 52.348983,4.830358 52.349121,4.830384 52.349189,4.830448 52.349228,4.830534 52.349243,4.830641 52.349229,4.830744 52.349188,4.83081 52.349148,4.830834 52.349095,4.830771 52.348938,4.830818 52.348906,4.830843 52.348854,4.83082 52.348796,4.830775 52.348768,4.830834 52.348628,4.830797 52.348553,4.830839 52.348482,4.830818 52.34842,4.830923 52.348421,4.830884 52.348492,4.830894 52.34853,4.83097 52.348593,4.831013 52.348675,4.831079 52.348718,4.831212 52.348729,4.831164 52.348736,4.831099 52.348775,4.831074 52.348829,4.831097 52.348887,4.831161 52.348926,4.831321 52.348965,4.831745 52.348969,4.83189 52.349019,4.831861 52.349088,4.83191 52.349186,4.831974 52.349226,4.83206 52.349241,4.832203 52.349227,4.832268 52.349188,4.832292 52.349135,4.832307 52.348847,4.832272 52.348613,4.832202 52.34857,4.832061 52.348555,4.832037 52.348494,4.83214 52.348518,4.832376 52.348521,4.832335 52.349392,4.832324 52.350146,4.832347 52.3502,4.832412 52.35024,4.8325 52.350255,4.833334 52.35026,4.833423 52.350246,4.833488 52.350207,4.833513 52.350153,4.833485 52.3499,4.833505 52.349844,4.833488 52.3498,4.833502 52.349367,4.833477 52.349287,4.833526 52.34922,4.833514 52.349149,4.833535 52.348964,4.833532 52.348884,4.833492 52.348819,4.833494 52.348781,4.833541 52.348715,4.833546 52.348553,4.83352 52.348455,4.833554 52.348388,4.833541 52.348319,4.833562 52.348134,4.833541 52.348084,4.833588 52.347982),(4.83316 52.348476,4.833113 52.348548,4.833109 52.348599,4.833126 52.348637,4.833106 52.34868,4.833124 52.348768,4.833117 52.348983,4.833071 52.349049,4.833111 52.349146,4.833108 52.349254,4.832956 52.349268,4.832908 52.349296,4.83284 52.349246,4.832719 52.349227,4.832744 52.349163,4.832751 52.34894,4.832721 52.348881,4.832724 52.348812,4.832757 52.348739,4.832766 52.348503,4.832738 52.348394,4.832773 52.34829,4.832779 52.348065,4.832817 52.348066,4.832839 52.348179,4.832945 52.348241,4.833168 52.348258,4.83316 52.348476),(4.828154 52.347965,4.828066 52.347979,4.827997 52.347968,4.827849 52.347975,4.827851 52.347933,4.828004 52.347948,4.828228 52.347912,4.828293 52.347873,4.828317 52.347815,4.828324 52.347574,4.828301 52.34752,4.828215 52.347468,4.828288 52.347457,4.82839 52.347471,4.828465 52.347459,4.828564 52.347473,4.828649 52.347462,4.828618 52.34789,4.828641 52.347944,4.828686 52.347972,4.828154 52.347965),(4.833095 52.349982,4.832969 52.349976,4.832881 52.34999,4.832812 52.350036,4.832718 52.35003,4.832725 52.349812,4.832695 52.349723,4.832726 52.349704,4.83275 52.349647,4.832734 52.349609,4.832888 52.349605,4.83291 52.349687,4.832975 52.349727,4.833131 52.34974,4.833095 52.349982),(4.829198 52.347981,4.829199 52.347966,4.829324 52.347978,4.829413 52.347964,4.829452 52.34794,4.829564 52.347926,4.829629 52.347887,4.829653 52.34783,4.82966 52.347588,4.829637 52.347534,4.829563 52.347481,4.829629 52.347471,4.829727 52.347485,4.829807 52.347473,4.829905 52.347487,4.830009 52.347482,4.829971 52.347557,4.829961 52.347895,4.829984 52.347949,4.830053 52.34799,4.829198 52.347981),(4.831691 52.348749,4.831434 52.348747,4.831334 52.348723,4.83125 52.348722,4.831342 52.348675,4.831367 52.348621,4.83131 52.348505,4.831334 52.348491,4.831397 52.348476,4.831524 52.34851,4.831612 52.348496,4.831665 52.348469,4.831664 52.34856,4.831695 52.348619,4.831691 52.348749),(4.830754 52.348002,4.830613 52.347991,4.830758 52.347978,4.830798 52.347954,4.830915 52.34794,4.83098 52.347901,4.831004 52.347843,4.831011 52.347598,4.830988 52.347544,4.830904 52.347497,4.830974 52.347486,4.831074 52.3475,4.831151 52.347488,4.831233 52.347502,4.831332 52.347491,4.831305 52.34791,4.831328 52.347964,4.831383 52.347998,4.830754 52.348002))";"POLYGON((52.347982 4.833588,52.347928 4.833565,52.347889 4.833501,52.347874 4.833415,52.34787 4.833103,52.347849 4.833006,52.347843 4.832589,52.347857 4.832493,52.347896 4.832427,52.347946 4.832403,52.348301 4.832381,52.3483 4.832315,52.348268 4.832301,52.348228 4.832237,52.348213 4.832149,52.348212 4.831855,52.348233 4.831694,52.34817 4.831735,52.348069 4.831739,52.348061 4.831814,52.348109 4.831834,52.348149 4.831898,52.348176 4.832053,52.348163 4.832199,52.348124 4.832264,52.347976 4.832309,52.347901 4.832289,52.347882 4.83232,52.347736 4.832365,52.347644 4.832331,52.347589 4.832359,52.347559 4.832348,52.347507 4.832441,52.347453 4.832466,52.347396 4.832443,52.347356 4.832379,52.347316 4.832234,52.347222 4.832072,52.347188 4.831918,52.347204 4.831682,52.347195 4.830824,52.347177 4.830732,52.347194 4.830511,52.347181 4.829494,52.347161 4.829334,52.347176 4.829121,52.347165 4.828045,52.347179 4.827954,52.347218 4.827889,52.34727 4.827864,52.347678 4.827849,52.347698 4.827588,52.347738 4.827523,52.347967 4.827469,52.34813 4.827469,52.348183 4.827492,52.348223 4.827556,52.348238 4.827644,52.348266 4.830415,52.348595 4.830396,52.348645 4.830417,52.348702 4.830386,52.348894 4.830386,52.348983 4.830345,52.349121 4.830358,52.349189 4.830384,52.349228 4.830448,52.349243 4.830534,52.349229 4.830641,52.349188 4.830744,52.349148 4.83081,52.349095 4.830834,52.348938 4.830771,52.348906 4.830818,52.348854 4.830843,52.348796 4.83082,52.348768 4.830775,52.348628 4.830834,52.348553 4.830797,52.348482 4.830839,52.34842 4.830818,52.348421 4.830923,52.348492 4.830884,52.34853 4.830894,52.348593 4.83097,52.348675 4.831013,52.348718 4.831079,52.348729 4.831212,52.348736 4.831164,52.348775 4.831099,52.348829 4.831074,52.348887 4.831097,52.348926 4.831161,52.348965 4.831321,52.348969 4.831745,52.349019 4.83189,52.349088 4.831861,52.349186 4.83191,52.349226 4.831974,52.349241 4.83206,52.349227 4.832203,52.349188 4.832268,52.349135 4.832292,52.348847 4.832307,52.348613 4.832272,52.34857 4.832202,52.348555 4.832061,52.348494 4.832037,52.348518 4.83214,52.348521 4.832376,52.349392 4.832335,52.350146 4.832324,52.3502 4.832347,52.35024 4.832412,52.350255 4.8325,52.35026 4.833334,52.350246 4.833423,52.350207 4.833488,52.350153 4.833513,52.3499 4.833485,52.349844 4.833505,52.3498 4.833488,52.349367 4.833502,52.349287 4.833477,52.34922 4.833526,52.349149 4.833514,52.348964 4.833535,52.348884 4.833532,52.348819 4.833492,52.348781 4.833494,52.348715 4.833541,52.348553 4.833546,52.348455 4.83352,52.348388 4.833554,52.348319 4.833541,52.348134 4.833562,52.348084 4.833541,52.347982 4.833588),(52.348476 4.83316,52.348548 4.833113,52.348599 4.833109,52.348637 4.833126,52.34868 4.833106,52.348768 4.833124,52.348983 4.833117,52.349049 4.833071,52.349146 4.833111,52.349254 4.833108,52.349268 4.832956,52.349296 4.832908,52.349246 4.83284,52.349227 4.832719,52.349163 4.832744,52.34894 4.832751,52.348881 4.832721,52.348812 4.832724,52.348739 4.832757,52.348503 4.832766,52.348394 4.832738,52.34829 4.832773,52.348065 4.832779,52.348066 4.832817,52.348179 4.832839,52.348241 4.832945,52.348258 4.833168,52.348476 4.83316),(52.347965 4.828154,52.347979 4.828066,52.347968 4.827997,52.347975 4.827849,52.347933 4.827851,52.347948 4.828004,52.347912 4.828228,52.347873 4.828293,52.347815 4.828317,52.347574 4.828324,52.34752 4.828301,52.347468 4.828215,52.347457 4.828288,52.347471 4.82839,52.347459 4.828465,52.347473 4.828564,52.347462 4.828649,52.34789 4.828618,52.347944 4.828641,52.347972 4.828686,52.347965 4.828154),(52.349982 4.833095,52.349976 4.832969,52.34999 4.832881,52.350036 4.832812,52.35003 4.832718,52.349812 4.832725,52.349723 4.832695,52.349704 4.832726,52.349647 4.83275,52.349609 4.832734,52.349605 4.832888,52.349687 4.83291,52.349727 4.832975,52.34974 4.833131,52.349982 4.833095),(52.347981 4.829198,52.347966 4.829199,52.347978 4.829324,52.347964 4.829413,52.34794 4.829452,52.347926 4.829564,52.347887 4.829629,52.34783 4.829653,52.347588 4.82966,52.347534 4.829637,52.347481 4.829563,52.347471 4.829629,52.347485 4.829727,52.347473 4.829807,52.347487 4.829905,52.347482 4.830009,52.347557 4.829971,52.347895 4.829961,52.347949 4.829984,52.34799 4.830053,52.347981 4.829198),(52.348749 4.831691,52.348747 4.831434,52.348723 4.831334,52.348722 4.83125,52.348675 4.831342,52.348621 4.831367,52.348505 4.83131,52.348491 4.831334,52.348476 4.831397,52.34851 4.831524,52.348496 4.831612,52.348469 4.831665,52.34856 4.831664,52.348619 4.831695,52.348749 4.831691),(52.348002 4.830754,52.347991 4.830613,52.347978 4.830758,52.347954 4.830798,52.34794 4.830915,52.347901 4.83098,52.347843 4.831004,52.347598 4.831011,52.347544 4.830988,52.347497 4.830904,52.347486 4.830974,52.3475 4.831074,52.347488 4.831151,52.347502 4.831233,52.347491 4.831332,52.34791 4.831305,52.347964 4.831328,52.347998 4.831383,52.348002 4.830754))";4.8305335;52.3487035;
35;"WARMTE WIJK";"IN BEDRIJF";"POLYGON((4.949588 52.401449,4.949573 52.401278,4.94955 52.401231,4.949486 52.401191,4.949397 52.401176,4.948917 52.401193,4.94884 52.401207,4.948774 52.401246,4.94875 52.4013,4.94879 52.40175,4.948203 52.40177,4.948125 52.401784,4.948066 52.401819,4.947588 52.401835,4.947657 52.401794,4.947681 52.40174,4.947658 52.401686,4.947591 52.401643,4.947503 52.401628,4.947246 52.401679,4.947181 52.401719,4.947157 52.401772,4.947167 52.401899,4.947143 52.401951,4.947161 52.402154,4.947111 52.402185,4.947086 52.402239,4.9471 52.4024,4.94682 52.402409,4.946715 52.402439,4.946361 52.402451,4.946258 52.402428,4.946026 52.402436,4.946039 52.402395,4.946016 52.402341,4.945947 52.402297,4.945859 52.402282,4.94577 52.402296,4.945705 52.402335,4.945611 52.402396,4.945587 52.40245,4.945329 52.402471,4.945264 52.402511,4.945239 52.402565,4.945248 52.402666,4.945171 52.40268,4.945106 52.402719,4.945082 52.402773,4.945127 52.403275,4.943911 52.403315,4.943963 52.403281,4.943988 52.403227,4.943964 52.403173,4.943893 52.403129,4.943805 52.403114,4.943716 52.403128,4.943505 52.403226,4.943481 52.40328,4.943489 52.403371,4.943453 52.403432,4.943497 52.40393,4.943208 52.403939,4.943157 52.403908,4.943069 52.403893,4.942327 52.403918,4.942344 52.403881,4.942321 52.403827,4.942252 52.403784,4.942164 52.403769,4.942075 52.403783,4.941932 52.403844,4.941896 52.403871,4.941872 52.403925,4.941884 52.403953,4.941834 52.403983,4.94181 52.404037,4.941858 52.404578,4.941437 52.404593,4.9414 52.40457,4.941311 52.404555,4.940672 52.404577,4.940692 52.404532,4.940669 52.404478,4.940601 52.404435,4.940481 52.404425,4.940395 52.404365,4.94027 52.404357,4.940301 52.404285,4.940278 52.404231,4.940211 52.404189,4.940154 52.40418,4.940048 52.404102,4.93996 52.404087,4.93981 52.40411,4.938653 52.40456,4.9385 52.404407,4.938597 52.404362,4.938621 52.404308,4.938532 52.404158,4.938473 52.404124,4.938385 52.404109,4.938297 52.404123,4.938183 52.404044,4.937841 52.403942,4.937624 52.403739,4.937644 52.403695,4.937628 52.403658,4.937693 52.403619,4.937717 52.403565,4.937665 52.403484,4.937606 52.403449,4.937518 52.403435,4.937429 52.403449,4.937294 52.403502,4.937208 52.403489,4.937228 52.403444,4.937205 52.40339,4.936816 52.403047,4.936865 52.403015,4.936889 52.402961,4.936801 52.40281,4.936742 52.402776,4.936654 52.402761,4.936552 52.402781,4.936436 52.402736,4.93632 52.402661,4.936232 52.402646,4.936119 52.402666,4.935253 52.402004,4.935522 52.401885,4.935617 52.401953,4.935736 52.40198,4.935792 52.401986,4.935881 52.401972,4.935947 52.401942,4.936002 52.401903,4.936026 52.401849,4.936003 52.401795,4.935939 52.401756,4.935842 52.401736,4.9358 52.401743,4.935816 52.401707,4.935793 52.401653,4.935892 52.401607,4.936039 52.401739,4.936389 52.401886,4.936834 52.402167,4.936922 52.402182,4.937011 52.402168,4.937606 52.401944,4.937661 52.401909,4.937685 52.401855,4.937631 52.401771,4.937573 52.401737,4.937484 52.401723,4.937396 52.401737,4.937315 52.401795,4.937227 52.40183,4.93708 52.401674,4.937 52.401632,4.936748 52.401425,4.936853 52.401413,4.937171 52.401286,4.937227 52.40125,4.937251 52.401196,4.937228 52.401142,4.937014 52.400962,4.936926 52.400947,4.936837 52.400962,4.936768 52.400989,4.936672 52.401002,4.936598 52.401045,4.936574 52.401099,4.936622 52.401176,4.936448 52.401245,4.936316 52.401332,4.936292 52.401386,4.936327 52.401451,4.936749 52.401799,4.936625 52.401715,4.936318 52.401595,4.93609 52.401388,4.936032 52.401355,4.935944 52.40134,4.935856 52.401355,4.935439 52.401528,4.935386 52.401563,4.935361 52.401617,4.935384 52.401671,4.934855 52.401911,4.934808 52.401943,4.934784 52.401997,4.934841 52.40208,4.934934 52.402116,4.935903 52.402869,4.935962 52.402903,4.93605 52.402918,4.936178 52.402893,4.936267 52.402933,4.936253 52.402963,4.936276 52.403018,4.93641 52.403143,4.936469 52.403177,4.936533 52.403188,4.936799 52.403421,4.936768 52.403479,4.936791 52.403533,4.936908 52.403642,4.936966 52.403676,4.937138 52.403707,4.93716 52.403764,4.937259 52.403857,4.937359 52.403898,4.937564 52.40409,4.937623 52.404124,4.93793 52.404215,4.93789 52.404278,4.937913 52.404333,4.938132 52.404537,4.938191 52.404571,4.938245 52.40458,4.938443 52.404776,4.938504 52.404812,4.938592 52.404827,4.938681 52.404813,4.939841 52.404362,4.940213 52.404714,4.939965 52.404694,4.939887 52.404708,4.939822 52.404747,4.939798 52.404801,4.939822 52.404867,4.939905 52.404909,4.939945 52.40535,4.939826 52.405365,4.939761 52.405405,4.939737 52.405458,4.939676 52.405497,4.939653 52.405541,4.939669 52.40564,4.939734 52.40568,4.939806 52.405694,4.940585 52.405739,4.940752 52.405716,4.941142 52.405545,4.941197 52.405578,4.941286 52.405593,4.941374 52.405579,4.941543 52.405495,4.941663 52.40547,4.941722 52.405433,4.941747 52.405379,4.941682 52.405284,4.941621 52.405247,4.941533 52.405232,4.941444 52.405246,4.941319 52.405307,4.941201 52.405282,4.941112 52.405296,4.940541 52.405515,4.940295 52.405501,4.940318 52.40545,4.940275 52.404967,4.94058 52.404946,4.940646 52.404907,4.940666 52.4048,4.941177 52.404783,4.941214 52.404806,4.941302 52.404821,4.942066 52.404794,4.942144 52.40478,4.942203 52.404745,4.9423 52.404766,4.942418 52.404751,4.942484 52.404712,4.942508 52.404658,4.942471 52.404544,4.942473 52.404433,4.942518 52.404406,4.942541 52.404337,4.942608 52.404291,4.942632 52.404237,4.942623 52.404131,4.942921 52.404121,4.942972 52.404152,4.94306 52.404167,4.943705 52.404147,4.943783 52.404133,4.943847 52.404094,4.943937 52.40411,4.944055 52.404095,4.94412 52.404056,4.944145 52.404002,4.944108 52.403888,4.94411 52.403778,4.944155 52.40375,4.944179 52.403697,4.944338 52.403672,4.944403 52.403632,4.944458 52.40352,4.945335 52.403491,4.945413 52.403477,4.945478 52.403438,4.945579 52.403454,4.945697 52.403439,4.945762 52.403399,4.945786 52.403346,4.94575 52.403232,4.945751 52.403121,4.945796 52.403094,4.94582 52.40304,4.94603 52.403013,4.946095 52.402973,4.946119 52.40292,4.946096 52.402656,4.946247 52.402678,4.946854 52.402658,4.946959 52.402628,4.947308 52.402616,4.947386 52.402602,4.947451 52.402563,4.947465 52.402533,4.947486 52.402576,4.94755 52.402616,4.947638 52.402631,4.947756 52.402615,4.947822 52.402576,4.947846 52.402522,4.947812 52.402422,4.947812 52.402309,4.947858 52.402272,4.947881 52.402205,4.947985 52.402159,4.948032 52.402043,4.948237 52.402036,4.948315 52.402022,4.948374 52.401987,4.948996 52.401966,4.949074 52.401952,4.949127 52.40192,4.949191 52.40196,4.94928 52.401974,4.949398 52.401959,4.949463 52.40192,4.949487 52.401866,4.949444 52.401675,4.949497 52.401615,4.949519 52.40153,4.949564 52.401503,4.949588 52.401449))";"POLYGON((52.401449 4.949588,52.401278 4.949573,52.401231 4.94955,52.401191 4.949486,52.401176 4.949397,52.401193 4.948917,52.401207 4.94884,52.401246 4.948774,52.4013 4.94875,52.40175 4.94879,52.40177 4.948203,52.401784 4.948125,52.401819 4.948066,52.401835 4.947588,52.401794 4.947657,52.40174 4.947681,52.401686 4.947658,52.401643 4.947591,52.401628 4.947503,52.401679 4.947246,52.401719 4.947181,52.401772 4.947157,52.401899 4.947167,52.401951 4.947143,52.402154 4.947161,52.402185 4.947111,52.402239 4.947086,52.4024 4.9471,52.402409 4.94682,52.402439 4.946715,52.402451 4.946361,52.402428 4.946258,52.402436 4.946026,52.402395 4.946039,52.402341 4.946016,52.402297 4.945947,52.402282 4.945859,52.402296 4.94577,52.402335 4.945705,52.402396 4.945611,52.40245 4.945587,52.402471 4.945329,52.402511 4.945264,52.402565 4.945239,52.402666 4.945248,52.40268 4.945171,52.402719 4.945106,52.402773 4.945082,52.403275 4.945127,52.403315 4.943911,52.403281 4.943963,52.403227 4.943988,52.403173 4.943964,52.403129 4.943893,52.403114 4.943805,52.403128 4.943716,52.403226 4.943505,52.40328 4.943481,52.403371 4.943489,52.403432 4.943453,52.40393 4.943497,52.403939 4.943208,52.403908 4.943157,52.403893 4.943069,52.403918 4.942327,52.403881 4.942344,52.403827 4.942321,52.403784 4.942252,52.403769 4.942164,52.403783 4.942075,52.403844 4.941932,52.403871 4.941896,52.403925 4.941872,52.403953 4.941884,52.403983 4.941834,52.404037 4.94181,52.404578 4.941858,52.404593 4.941437,52.40457 4.9414,52.404555 4.941311,52.404577 4.940672,52.404532 4.940692,52.404478 4.940669,52.404435 4.940601,52.404425 4.940481,52.404365 4.940395,52.404357 4.94027,52.404285 4.940301,52.404231 4.940278,52.404189 4.940211,52.40418 4.940154,52.404102 4.940048,52.404087 4.93996,52.40411 4.93981,52.40456 4.938653,52.404407 4.9385,52.404362 4.938597,52.404308 4.938621,52.404158 4.938532,52.404124 4.938473,52.404109 4.938385,52.404123 4.938297,52.404044 4.938183,52.403942 4.937841,52.403739 4.937624,52.403695 4.937644,52.403658 4.937628,52.403619 4.937693,52.403565 4.937717,52.403484 4.937665,52.403449 4.937606,52.403435 4.937518,52.403449 4.937429,52.403502 4.937294,52.403489 4.937208,52.403444 4.937228,52.40339 4.937205,52.403047 4.936816,52.403015 4.936865,52.402961 4.936889,52.40281 4.936801,52.402776 4.936742,52.402761 4.936654,52.402781 4.936552,52.402736 4.936436,52.402661 4.93632,52.402646 4.936232,52.402666 4.936119,52.402004 4.935253,52.401885 4.935522,52.401953 4.935617,52.40198 4.935736,52.401986 4.935792,52.401972 4.935881,52.401942 4.935947,52.401903 4.936002,52.401849 4.936026,52.401795 4.936003,52.401756 4.935939,52.401736 4.935842,52.401743 4.9358,52.401707 4.935816,52.401653 4.935793,52.401607 4.935892,52.401739 4.936039,52.401886 4.936389,52.402167 4.936834,52.402182 4.936922,52.402168 4.937011,52.401944 4.937606,52.401909 4.937661,52.401855 4.937685,52.401771 4.937631,52.401737 4.937573,52.401723 4.937484,52.401737 4.937396,52.401795 4.937315,52.40183 4.937227,52.401674 4.93708,52.401632 4.937,52.401425 4.936748,52.401413 4.936853,52.401286 4.937171,52.40125 4.937227,52.401196 4.937251,52.401142 4.937228,52.400962 4.937014,52.400947 4.936926,52.400962 4.936837,52.400989 4.936768,52.401002 4.936672,52.401045 4.936598,52.401099 4.936574,52.401176 4.936622,52.401245 4.936448,52.401332 4.936316,52.401386 4.936292,52.401451 4.936327,52.401799 4.936749,52.401715 4.936625,52.401595 4.936318,52.401388 4.93609,52.401355 4.936032,52.40134 4.935944,52.401355 4.935856,52.401528 4.935439,52.401563 4.935386,52.401617 4.935361,52.401671 4.935384,52.401911 4.934855,52.401943 4.934808,52.401997 4.934784,52.40208 4.934841,52.402116 4.934934,52.402869 4.935903,52.402903 4.935962,52.402918 4.93605,52.402893 4.936178,52.402933 4.936267,52.402963 4.936253,52.403018 4.936276,52.403143 4.93641,52.403177 4.936469,52.403188 4.936533,52.403421 4.936799,52.403479 4.936768,52.403533 4.936791,52.403642 4.936908,52.403676 4.936966,52.403707 4.937138,52.403764 4.93716,52.403857 4.937259,52.403898 4.937359,52.40409 4.937564,52.404124 4.937623,52.404215 4.93793,52.404278 4.93789,52.404333 4.937913,52.404537 4.938132,52.404571 4.938191,52.40458 4.938245,52.404776 4.938443,52.404812 4.938504,52.404827 4.938592,52.404813 4.938681,52.404362 4.939841,52.404714 4.940213,52.404694 4.939965,52.404708 4.939887,52.404747 4.939822,52.404801 4.939798,52.404867 4.939822,52.404909 4.939905,52.40535 4.939945,52.405365 4.939826,52.405405 4.939761,52.405458 4.939737,52.405497 4.939676,52.405541 4.939653,52.40564 4.939669,52.40568 4.939734,52.405694 4.939806,52.405739 4.940585,52.405716 4.940752,52.405545 4.941142,52.405578 4.941197,52.405593 4.941286,52.405579 4.941374,52.405495 4.941543,52.40547 4.941663,52.405433 4.941722,52.405379 4.941747,52.405284 4.941682,52.405247 4.941621,52.405232 4.941533,52.405246 4.941444,52.405307 4.941319,52.405282 4.941201,52.405296 4.941112,52.405515 4.940541,52.405501 4.940295,52.40545 4.940318,52.404967 4.940275,52.404946 4.94058,52.404907 4.940646,52.4048 4.940666,52.404783 4.941177,52.404806 4.941214,52.404821 4.941302,52.404794 4.942066,52.40478 4.942144,52.404745 4.942203,52.404766 4.9423,52.404751 4.942418,52.404712 4.942484,52.404658 4.942508,52.404544 4.942471,52.404433 4.942473,52.404406 4.942518,52.404337 4.942541,52.404291 4.942608,52.404237 4.942632,52.404131 4.942623,52.404121 4.942921,52.404152 4.942972,52.404167 4.94306,52.404147 4.943705,52.404133 4.943783,52.404094 4.943847,52.40411 4.943937,52.404095 4.944055,52.404056 4.94412,52.404002 4.944145,52.403888 4.944108,52.403778 4.94411,52.40375 4.944155,52.403697 4.944179,52.403672 4.944338,52.403632 4.944403,52.40352 4.944458,52.403491 4.945335,52.403477 4.945413,52.403438 4.945478,52.403454 4.945579,52.403439 4.945697,52.403399 4.945762,52.403346 4.945786,52.403232 4.94575,52.403121 4.945751,52.403094 4.945796,52.40304 4.94582,52.403013 4.94603,52.402973 4.946095,52.40292 4.946119,52.402656 4.946096,52.402678 4.946247,52.402658 4.946854,52.402628 4.946959,52.402616 4.947308,52.402602 4.947386,52.402563 4.947451,52.402533 4.947465,52.402576 4.947486,52.402616 4.94755,52.402631 4.947638,52.402615 4.947756,52.402576 4.947822,52.402522 4.947846,52.402422 4.947812,52.402309 4.947812,52.402272 4.947858,52.402205 4.947881,52.402159 4.947985,52.402043 4.948032,52.402036 4.948237,52.402022 4.948315,52.401987 4.948374,52.401966 4.948996,52.401952 4.949074,52.40192 4.949127,52.40196 4.949191,52.401974 4.94928,52.401959 4.949398,52.40192 4.949463,52.401866 4.949487,52.401675 4.949444,52.401615 4.949497,52.40153 4.949519,52.401503 4.949564,52.401449 4.949588))";4.942191;52.403336;
36;"WARMTE WIJK";"IN BEDRIJF";"POLYGON((4.953432 52.344297,4.953409 52.344243,4.953314 52.344185,4.953226 52.34417,4.953163 52.34418,4.95315 52.34415,4.953086 52.34411,4.952998 52.344095,4.952909 52.344109,4.9522 52.344549,4.952117 52.344643,4.952001 52.344673,4.951333 52.345093,4.950932 52.344853,4.951458 52.344587,4.95157 52.344614,4.951658 52.3446,4.951802 52.344526,4.951973 52.344375,4.952 52.344319,4.951981 52.344273,4.952085 52.344216,4.952365 52.343989,4.952389 52.343935,4.952331 52.343854,4.952233 52.343816,4.952145 52.343801,4.952056 52.343816,4.951985 52.34386,4.95197 52.343934,4.951869 52.343995,4.951781 52.344075,4.95171 52.344104,4.951595 52.344215,4.951571 52.344269,4.951594 52.344323,4.951578 52.344343,4.95148 52.344323,4.951318 52.344357,4.951245 52.344409,4.951124 52.344453,4.951049 52.344508,4.950833 52.344617,4.950765 52.344635,4.950695 52.344687,4.950631 52.344682,4.950551 52.344635,4.950972 52.344354,4.951042 52.344331,4.951226 52.344217,4.951286 52.344141,4.951395 52.344112,4.952042 52.343708,4.952093 52.343633,4.952069 52.343579,4.952005 52.343539,4.951907 52.343518,4.951818 52.343532,4.951474 52.343741,4.951379 52.343768,4.9513 52.343822,4.951279 52.343869,4.95122 52.343906,4.951111 52.343935,4.950932 52.344047,4.950885 52.344114,4.950774 52.344162,4.950505 52.344329,4.950384 52.344425,4.950313 52.344436,4.950262 52.344462,4.95016 52.344422,4.950342 52.344304,4.950654 52.344058,4.950697 52.344065,4.950785 52.344051,4.950837 52.344023,4.950968 52.343919,4.950992 52.343865,4.951048 52.343823,4.951062 52.343745,4.951292 52.343631,4.951519 52.343478,4.951543 52.343424,4.95152 52.34337,4.951391 52.343302,4.951302 52.343287,4.951178 52.343318,4.951141 52.343345,4.951122 52.34341,4.951015 52.343459,4.950907 52.343533,4.950834 52.343554,4.950684 52.343666,4.950669 52.343741,4.950604 52.343795,4.950505 52.343807,4.950383 52.343867,4.950352 52.343913,4.950221 52.344001,4.950029 52.344166,4.949966 52.344195,4.949902 52.344266,4.949875 52.344272,4.949671 52.34415,4.949745 52.344126,4.950389 52.343722,4.950455 52.343642,4.950564 52.343612,4.951211 52.343206,4.951261 52.343132,4.951238 52.343078,4.951173 52.343038,4.951085 52.343023,4.950997 52.343037,4.950702 52.343211,4.950594 52.34324,4.950529 52.343286,4.950508 52.343333,4.950388 52.343408,4.950346 52.343415,4.950387 52.343309,4.950506 52.34324,4.950841 52.34299,4.95086 52.342949,4.950921 52.342905,4.950945 52.342851,4.950922 52.342797,4.95085 52.342753,4.9507 52.342721,4.950612 52.342735,4.95054 52.342779,4.950526 52.342856,4.95042 52.342936,4.950354 52.342964,4.950201 52.3431,4.950132 52.343128,4.950016 52.34324,4.949992 52.343294,4.950005 52.343325,4.949958 52.343376,4.94987 52.343362,4.949707 52.343396,4.949633 52.343449,4.949503 52.343497,4.949428 52.343553,4.94921 52.343663,4.949144 52.34368,4.949066 52.343732,4.948816 52.343583,4.949485 52.343163,4.949525 52.343112,4.949604 52.343062,4.949685 52.343037,4.950611 52.342456,4.950661 52.342381,4.950638 52.342327,4.950574 52.342287,4.950486 52.342273,4.950351 52.342305,4.949985 52.342535,4.949876 52.342564,4.949822 52.342603,4.9498 52.34265,4.949492 52.342844,4.949411 52.342869,4.949226 52.342985,4.949164 52.34305,4.948943 52.343189,4.948862 52.343214,4.948802 52.343277,4.948559 52.34343,4.94846 52.343372,4.948725 52.343206,4.948814 52.343114,4.948865 52.343122,4.948996 52.343087,4.949173 52.342969,4.949247 52.342888,4.950048 52.342393,4.950072 52.342339,4.950047 52.342199,4.949959 52.342147,4.949867 52.34213,4.949773 52.342145,4.949667 52.342205,4.949617 52.34228,4.949638 52.34233,4.949596 52.342369,4.949335 52.342519,4.949262 52.342579,4.949143 52.342641,4.949101 52.342634,4.949012 52.342648,4.948888 52.342725,4.948844 52.342796,4.948859 52.34283,4.948843 52.342863,4.948701 52.342876,4.948615 52.342924,4.948506 52.342934,4.948467 52.342952,4.948364 52.343031,4.948347 52.343101,4.948259 52.343127,4.948156 52.343196,4.948141 52.343229,4.948042 52.343241,4.948003 52.34326,4.947926 52.343331,4.947539 52.343549,4.947379 52.343669,4.947351 52.34371,4.94725 52.343721,4.947176 52.343761,4.947107 52.343814,4.94709 52.343885,4.947008 52.343912,4.946903 52.343984,4.946886 52.344055,4.946415 52.344343,4.946387 52.344399,4.94641 52.344453,4.946495 52.344506,4.946584 52.344521,4.946711 52.344488,4.947489 52.344001,4.947535 52.343915,4.947683 52.343817,4.947743 52.343744,4.947905 52.343711,4.948039 52.343628,4.948057 52.343588,4.948175 52.343521,4.948197 52.343525,4.948288 52.343578,4.948276 52.343604,4.948121 52.343701,4.948004 52.343732,4.947718 52.343912,4.947668 52.343987,4.947431 52.344143,4.947362 52.344155,4.947294 52.344191,4.947247 52.344259,4.946735 52.344585,4.946711 52.344639,4.946734 52.344693,4.946798 52.344733,4.946891 52.34475,4.947018 52.344717,4.948021 52.344088,4.948071 52.344013,4.948175 52.343939,4.948292 52.343909,4.948558 52.343742,4.948725 52.343842,4.948746 52.343901,4.948792 52.343935,4.948534 52.344156,4.94851 52.34421,4.948533 52.344264,4.948574 52.344294,4.948696 52.344325,4.948803 52.3443,4.948792 52.344323,4.948846 52.344401,4.949089 52.344544,4.949177 52.344558,4.949265 52.344544,4.949351 52.344492,4.949375 52.344438,4.949324 52.344362,4.949413 52.344306,4.94964 52.344442,4.949386 52.344628,4.949362 52.344681,4.949385 52.344735,4.949436 52.344772,4.949559 52.344802,4.949615 52.344793,4.949631 52.344865,4.949661 52.344889,4.949912 52.345034,4.95 52.345049,4.950089 52.345035,4.950173 52.344983,4.950198 52.344929,4.950144 52.344852,4.950256 52.34487,4.950365 52.344846,4.950373 52.344865,4.9503 52.344897,4.950102 52.345055,4.950078 52.345109,4.950101 52.345163,4.950151 52.345199,4.950273 52.345229,4.950362 52.345215,4.950548 52.345079,4.950658 52.345107,4.950787 52.345073,4.951082 52.34525,4.950801 52.345427,4.950751 52.3455,4.950701 52.345531,4.950586 52.345562,4.949339 52.346349,4.949315 52.346402,4.949338 52.346456,4.949402 52.346496,4.94949 52.346511,4.949594 52.346492,4.950244 52.34609,4.950326 52.346065,4.950385 52.346002,4.950715 52.345795,4.950807 52.345865,4.950408 52.346127,4.950366 52.346134,4.950245 52.346203,4.950198 52.346259,4.94971 52.346569,4.949686 52.346623,4.949709 52.346677,4.949773 52.346717,4.949866 52.346734,4.949993 52.346702,4.951221 52.345931,4.951271 52.345856,4.951248 52.345802,4.951151 52.345739,4.953282 52.344402,4.953378 52.344374,4.953432 52.344297),(4.949938 52.343691,4.949829 52.34372,4.949764 52.343766,4.949743 52.343813,4.949553 52.343932,4.949511 52.343939,4.949412 52.343995,4.949313 52.343936,4.949299 52.343903,4.949854 52.343623,4.949939 52.343637,4.950053 52.343612,4.949938 52.343691))";"POLYGON((52.344297 4.953432,52.344243 4.953409,52.344185 4.953314,52.34417 4.953226,52.34418 4.953163,52.34415 4.95315,52.34411 4.953086,52.344095 4.952998,52.344109 4.952909,52.344549 4.9522,52.344643 4.952117,52.344673 4.952001,52.345093 4.951333,52.344853 4.950932,52.344587 4.951458,52.344614 4.95157,52.3446 4.951658,52.344526 4.951802,52.344375 4.951973,52.344319 4.952,52.344273 4.951981,52.344216 4.952085,52.343989 4.952365,52.343935 4.952389,52.343854 4.952331,52.343816 4.952233,52.343801 4.952145,52.343816 4.952056,52.34386 4.951985,52.343934 4.95197,52.343995 4.951869,52.344075 4.951781,52.344104 4.95171,52.344215 4.951595,52.344269 4.951571,52.344323 4.951594,52.344343 4.951578,52.344323 4.95148,52.344357 4.951318,52.344409 4.951245,52.344453 4.951124,52.344508 4.951049,52.344617 4.950833,52.344635 4.950765,52.344687 4.950695,52.344682 4.950631,52.344635 4.950551,52.344354 4.950972,52.344331 4.951042,52.344217 4.951226,52.344141 4.951286,52.344112 4.951395,52.343708 4.952042,52.343633 4.952093,52.343579 4.952069,52.343539 4.952005,52.343518 4.951907,52.343532 4.951818,52.343741 4.951474,52.343768 4.951379,52.343822 4.9513,52.343869 4.951279,52.343906 4.95122,52.343935 4.951111,52.344047 4.950932,52.344114 4.950885,52.344162 4.950774,52.344329 4.950505,52.344425 4.950384,52.344436 4.950313,52.344462 4.950262,52.344422 4.95016,52.344304 4.950342,52.344058 4.950654,52.344065 4.950697,52.344051 4.950785,52.344023 4.950837,52.343919 4.950968,52.343865 4.950992,52.343823 4.951048,52.343745 4.951062,52.343631 4.951292,52.343478 4.951519,52.343424 4.951543,52.34337 4.95152,52.343302 4.951391,52.343287 4.951302,52.343318 4.951178,52.343345 4.951141,52.34341 4.951122,52.343459 4.951015,52.343533 4.950907,52.343554 4.950834,52.343666 4.950684,52.343741 4.950669,52.343795 4.950604,52.343807 4.950505,52.343867 4.950383,52.343913 4.950352,52.344001 4.950221,52.344166 4.950029,52.344195 4.949966,52.344266 4.949902,52.344272 4.949875,52.34415 4.949671,52.344126 4.949745,52.343722 4.950389,52.343642 4.950455,52.343612 4.950564,52.343206 4.951211,52.343132 4.951261,52.343078 4.951238,52.343038 4.951173,52.343023 4.951085,52.343037 4.950997,52.343211 4.950702,52.34324 4.950594,52.343286 4.950529,52.343333 4.950508,52.343408 4.950388,52.343415 4.950346,52.343309 4.950387,52.34324 4.950506,52.34299 4.950841,52.342949 4.95086,52.342905 4.950921,52.342851 4.950945,52.342797 4.950922,52.342753 4.95085,52.342721 4.9507,52.342735 4.950612,52.342779 4.95054,52.342856 4.950526,52.342936 4.95042,52.342964 4.950354,52.3431 4.950201,52.343128 4.950132,52.34324 4.950016,52.343294 4.949992,52.343325 4.950005,52.343376 4.949958,52.343362 4.94987,52.343396 4.949707,52.343449 4.949633,52.343497 4.949503,52.343553 4.949428,52.343663 4.94921,52.34368 4.949144,52.343732 4.949066,52.343583 4.948816,52.343163 4.949485,52.343112 4.949525,52.343062 4.949604,52.343037 4.949685,52.342456 4.950611,52.342381 4.950661,52.342327 4.950638,52.342287 4.950574,52.342273 4.950486,52.342305 4.950351,52.342535 4.949985,52.342564 4.949876,52.342603 4.949822,52.34265 4.9498,52.342844 4.949492,52.342869 4.949411,52.342985 4.949226,52.34305 4.949164,52.343189 4.948943,52.343214 4.948862,52.343277 4.948802,52.34343 4.948559,52.343372 4.94846,52.343206 4.948725,52.343114 4.948814,52.343122 4.948865,52.343087 4.948996,52.342969 4.949173,52.342888 4.949247,52.342393 4.950048,52.342339 4.950072,52.342199 4.950047,52.342147 4.949959,52.34213 4.949867,52.342145 4.949773,52.342205 4.949667,52.34228 4.949617,52.34233 4.949638,52.342369 4.949596,52.342519 4.949335,52.342579 4.949262,52.342641 4.949143,52.342634 4.949101,52.342648 4.949012,52.342725 4.948888,52.342796 4.948844,52.34283 4.948859,52.342863 4.948843,52.342876 4.948701,52.342924 4.948615,52.342934 4.948506,52.342952 4.948467,52.343031 4.948364,52.343101 4.948347,52.343127 4.948259,52.343196 4.948156,52.343229 4.948141,52.343241 4.948042,52.34326 4.948003,52.343331 4.947926,52.343549 4.947539,52.343669 4.947379,52.34371 4.947351,52.343721 4.94725,52.343761 4.947176,52.343814 4.947107,52.343885 4.94709,52.343912 4.947008,52.343984 4.946903,52.344055 4.946886,52.344343 4.946415,52.344399 4.946387,52.344453 4.94641,52.344506 4.946495,52.344521 4.946584,52.344488 4.946711,52.344001 4.947489,52.343915 4.947535,52.343817 4.947683,52.343744 4.947743,52.343711 4.947905,52.343628 4.948039,52.343588 4.948057,52.343521 4.948175,52.343525 4.948197,52.343578 4.948288,52.343604 4.948276,52.343701 4.948121,52.343732 4.948004,52.343912 4.947718,52.343987 4.947668,52.344143 4.947431,52.344155 4.947362,52.344191 4.947294,52.344259 4.947247,52.344585 4.946735,52.344639 4.946711,52.344693 4.946734,52.344733 4.946798,52.34475 4.946891,52.344717 4.947018,52.344088 4.948021,52.344013 4.948071,52.343939 4.948175,52.343909 4.948292,52.343742 4.948558,52.343842 4.948725,52.343901 4.948746,52.343935 4.948792,52.344156 4.948534,52.34421 4.94851,52.344264 4.948533,52.344294 4.948574,52.344325 4.948696,52.3443 4.948803,52.344323 4.948792,52.344401 4.948846,52.344544 4.949089,52.344558 4.949177,52.344544 4.949265,52.344492 4.949351,52.344438 4.949375,52.344362 4.949324,52.344306 4.949413,52.344442 4.94964,52.344628 4.949386,52.344681 4.949362,52.344735 4.949385,52.344772 4.949436,52.344802 4.949559,52.344793 4.949615,52.344865 4.949631,52.344889 4.949661,52.345034 4.949912,52.345049 4.95,52.345035 4.950089,52.344983 4.950173,52.344929 4.950198,52.344852 4.950144,52.34487 4.950256,52.344846 4.950365,52.344865 4.950373,52.344897 4.9503,52.345055 4.950102,52.345109 4.950078,52.345163 4.950101,52.345199 4.950151,52.345229 4.950273,52.345215 4.950362,52.345079 4.950548,52.345107 4.950658,52.345073 4.950787,52.34525 4.951082,52.345427 4.950801,52.3455 4.950751,52.345531 4.950701,52.345562 4.950586,52.346349 4.949339,52.346402 4.949315,52.346456 4.949338,52.346496 4.949402,52.346511 4.94949,52.346492 4.949594,52.34609 4.950244,52.346065 4.950326,52.346002 4.950385,52.345795 4.950715,52.345865 4.950807,52.346127 4.950408,52.346134 4.950366,52.346203 4.950245,52.346259 4.950198,52.346569 4.94971,52.346623 4.949686,52.346677 4.949709,52.346717 4.949773,52.346734 4.949866,52.346702 4.949993,52.345931 4.951221,52.345856 4.951271,52.345802 4.951248,52.345739 4.951151,52.344402 4.953282,52.344374 4.953378,52.344297 4.953432),(52.343691 4.949938,52.34372 4.949829,52.343766 4.949764,52.343813 4.949743,52.343932 4.949553,52.343939 4.949511,52.343995 4.949412,52.343936 4.949313,52.343903 4.949299,52.343623 4.949854,52.343637 4.949939,52.343612 4.950053,52.343691 4.949938))";4.9499145;52.344425;
37;"WARMTE WIJK";"IN BEDRIJF";"POLYGON((4.841953 52.365431,4.84193 52.365377,4.841866 52.365337,4.841654 52.365321,4.841685 52.365301,4.84171 52.365248,4.841688 52.365167,4.841607 52.365122,4.841468 52.365106,4.841468 52.365097,4.841537 52.365106,4.841628 52.365092,4.841693 52.365052,4.841717 52.364999,4.841695 52.364918,4.841631 52.364879,4.84153 52.364858,4.841635 52.364844,4.8417 52.364805,4.841725 52.364729,4.841702 52.364671,4.841622 52.364626,4.841492 52.36461,4.841642 52.364595,4.841707 52.364556,4.841732 52.364479,4.84171 52.364422,4.841594 52.36437,4.841571 52.364316,4.841507 52.364276,4.841376 52.364261,4.841287 52.364275,4.841164 52.364346,4.841139 52.364399,4.841103 52.365535,4.840512 52.365531,4.840449 52.365541,4.840372 52.365458,4.840349 52.365405,4.840285 52.365365,4.840198 52.36535,4.8401 52.365353,4.84 52.365367,4.839935 52.365406,4.839911 52.36546,4.839933 52.365517,4.839996 52.365556,4.84002 52.365634,4.840091 52.365678,4.840097 52.365732,4.839197 52.365722,4.8392 52.365531,4.839137 52.365456,4.839018 52.365384,4.838932 52.365369,4.838787 52.365379,4.838704 52.365367,4.83861 52.365381,4.838545 52.36542,4.838521 52.365473,4.838524 52.365548,4.838559 52.365593,4.83863 52.365628,4.838841 52.365641,4.838839 52.365706,4.838074 52.365706,4.838092 52.365043,4.838401 52.365041,4.8385 52.365027,4.838612 52.364967,4.838647 52.364904,4.838624 52.364813,4.838559 52.364773,4.838389 52.364759,4.838305 52.364773,4.838239 52.364812,4.838159 52.364815,4.838172 52.364509,4.838374 52.364513,4.838469 52.364499,4.838517 52.36447,4.838709 52.364478,4.838828 52.364449,4.838978 52.364449,4.839088 52.364423,4.839065 52.364502,4.839059 52.364867,4.839089 52.364912,4.839148 52.364945,4.839274 52.364959,4.839348 52.364941,4.839403 52.364905,4.839428 52.364853,4.83944 52.364525,4.839649 52.364529,4.839743 52.364515,4.83978 52.364492,4.839978 52.364492,4.840072 52.364478,4.840138 52.364439,4.840162 52.364386,4.840139 52.364316,4.840075 52.364277,4.839989 52.364262,4.83969 52.364259,4.8396 52.364273,4.839559 52.364297,4.839454 52.364296,4.839421 52.364248,4.839356 52.364208,4.839268 52.364193,4.838976 52.364192,4.838887 52.364206,4.838848 52.36423,4.838422 52.364234,4.838 52.36422,4.837865 52.364248,4.837758 52.364243,4.837721 52.36422,4.837639 52.364205,4.837536 52.364202,4.837441 52.364216,4.837221 52.364217,4.83706 52.364245,4.837024 52.364266,4.836761 52.364265,4.836671 52.364279,4.836606 52.364318,4.83658 52.364426,4.836533 52.364493,4.836563 52.364594,4.836548 52.364864,4.836588 52.364925,4.836681 52.364968,4.836814 52.364968,4.836923 52.364918,4.836947 52.364865,4.836961 52.364493,4.837109 52.3645,4.837203 52.364486,4.837242 52.364463,4.837322 52.364458,4.837439 52.364464,4.837533 52.36445,4.837716 52.364461,4.837697 52.364926,4.837734 52.364989,4.837724 52.365366,4.837448 52.365352,4.837346 52.365365,4.837275 52.365408,4.837251 52.36546,4.837261 52.365548,4.837302 52.365588,4.837371 52.365617,4.837717 52.365629,4.837712 52.365805,4.837739 52.365866,4.837801 52.365905,4.837899 52.365924,4.838627 52.365932,4.838575 52.366001,4.838564 52.366377,4.83853 52.366442,4.838528 52.366546,4.838551 52.366601,4.838615 52.36664,4.838703 52.366655,4.838941 52.366656,4.838937 52.366775,4.838827 52.366701,4.838738 52.366686,4.838342 52.366683,4.838253 52.366697,4.838183 52.366737,4.838149 52.366807,4.838198 52.366883,4.838149 52.366913,4.83812 52.366976,4.838118 52.367255,4.837941 52.367212,4.837852 52.367226,4.837809 52.367252,4.837625 52.367265,4.83756 52.367304,4.837536 52.367356,4.837522 52.367777,4.837545 52.367833,4.837609 52.367873,4.837663 52.367882,4.837732 52.367931,4.837818 52.367946,4.837985 52.367933,4.83805 52.367894,4.838075 52.36784,4.838052 52.367782,4.837982 52.367724,4.837886 52.367679,4.837891 52.367514,4.837996 52.367501,4.83804 52.367474,4.838119 52.367475,4.838101 52.36784,4.838124 52.367943,4.838188 52.367983,4.83828 52.368,4.838369 52.367986,4.838461 52.367931,4.838488 52.367875,4.838495 52.367497,4.838517 52.36748,4.838594 52.367481,4.838585 52.367858,4.838607 52.367915,4.838726 52.367969,4.838854 52.367963,4.838955 52.367909,4.83898 52.367855,4.838979 52.367494,4.839024 52.367486,4.839009 52.36776,4.839033 52.367817,4.839143 52.367871,4.839086 52.367905,4.839062 52.367959,4.839085 52.368016,4.839149 52.368056,4.839236 52.368084,4.839556 52.36809,4.839665 52.368119,4.839856 52.368086,4.839943 52.368046,4.840017 52.368095,4.840138 52.36811,4.840213 52.368096,4.8403 52.368037,4.840317 52.367982,4.840294 52.367928,4.840307 52.367423,4.84034 52.367366,4.840303 52.367291,4.840339 52.367224,4.840317 52.367161,4.84033 52.366656,4.840362 52.366598,4.840342 52.36654,4.840264 52.366488,4.840143 52.366472,4.840043 52.366497,4.839982 52.366553,4.839943 52.36666,4.839938 52.366849,4.839961 52.366911,4.839933 52.367145,4.839951 52.36719,4.83988 52.367193,4.839893 52.366798,4.83987 52.36674,4.839791 52.366697,4.839865 52.366612,4.839852 52.366544,4.83977 52.366484,4.839682 52.366469,4.839244 52.36647,4.839129 52.366438,4.838938 52.366437,4.838965 52.366014,4.838942 52.365956,4.838907 52.365935,4.840258 52.365953,4.84039 52.365922,4.840495 52.365949,4.840683 52.365952,4.840774 52.365938,4.840814 52.365914,4.841027 52.365916,4.841087 52.365953,4.841216 52.365968,4.841381 52.365941,4.84138 52.365959,4.841314 52.36597,4.841249 52.366009,4.841224 52.3661,4.841247 52.366155,4.841311 52.366195,4.841373 52.366206,4.841365 52.366503,4.841388 52.366559,4.841452 52.366598,4.841574 52.366614,4.84156 52.367134,4.841417 52.367133,4.841348 52.367081,4.841262 52.367066,4.841007 52.367063,4.840916 52.367077,4.840851 52.367116,4.840613 52.367116,4.840523 52.36713,4.840458 52.36717,4.840434 52.367232,4.840457 52.367287,4.840521 52.367327,4.840609 52.367342,4.841004 52.36734,4.84112 52.36731,4.841161 52.367336,4.841247 52.36735,4.841736 52.367356,4.841826 52.367342,4.841891 52.367302,4.841916 52.36725,4.841937 52.366506,4.841914 52.366451,4.84185 52.366411,4.841727 52.366396,4.841737 52.366039,4.841831 52.365995,4.841856 52.365925,4.841911 52.365892,4.841936 52.365839,4.841953 52.365431))";"POLYGON((52.365431 4.841953,52.365377 4.84193,52.365337 4.841866,52.365321 4.841654,52.365301 4.841685,52.365248 4.84171,52.365167 4.841688,52.365122 4.841607,52.365106 4.841468,52.365097 4.841468,52.365106 4.841537,52.365092 4.841628,52.365052 4.841693,52.364999 4.841717,52.364918 4.841695,52.364879 4.841631,52.364858 4.84153,52.364844 4.841635,52.364805 4.8417,52.364729 4.841725,52.364671 4.841702,52.364626 4.841622,52.36461 4.841492,52.364595 4.841642,52.364556 4.841707,52.364479 4.841732,52.364422 4.84171,52.36437 4.841594,52.364316 4.841571,52.364276 4.841507,52.364261 4.841376,52.364275 4.841287,52.364346 4.841164,52.364399 4.841139,52.365535 4.841103,52.365531 4.840512,52.365541 4.840449,52.365458 4.840372,52.365405 4.840349,52.365365 4.840285,52.36535 4.840198,52.365353 4.8401,52.365367 4.84,52.365406 4.839935,52.36546 4.839911,52.365517 4.839933,52.365556 4.839996,52.365634 4.84002,52.365678 4.840091,52.365732 4.840097,52.365722 4.839197,52.365531 4.8392,52.365456 4.839137,52.365384 4.839018,52.365369 4.838932,52.365379 4.838787,52.365367 4.838704,52.365381 4.83861,52.36542 4.838545,52.365473 4.838521,52.365548 4.838524,52.365593 4.838559,52.365628 4.83863,52.365641 4.838841,52.365706 4.838839,52.365706 4.838074,52.365043 4.838092,52.365041 4.838401,52.365027 4.8385,52.364967 4.838612,52.364904 4.838647,52.364813 4.838624,52.364773 4.838559,52.364759 4.838389,52.364773 4.838305,52.364812 4.838239,52.364815 4.838159,52.364509 4.838172,52.364513 4.838374,52.364499 4.838469,52.36447 4.838517,52.364478 4.838709,52.364449 4.838828,52.364449 4.838978,52.364423 4.839088,52.364502 4.839065,52.364867 4.839059,52.364912 4.839089,52.364945 4.839148,52.364959 4.839274,52.364941 4.839348,52.364905 4.839403,52.364853 4.839428,52.364525 4.83944,52.364529 4.839649,52.364515 4.839743,52.364492 4.83978,52.364492 4.839978,52.364478 4.840072,52.364439 4.840138,52.364386 4.840162,52.364316 4.840139,52.364277 4.840075,52.364262 4.839989,52.364259 4.83969,52.364273 4.8396,52.364297 4.839559,52.364296 4.839454,52.364248 4.839421,52.364208 4.839356,52.364193 4.839268,52.364192 4.838976,52.364206 4.838887,52.36423 4.838848,52.364234 4.838422,52.36422 4.838,52.364248 4.837865,52.364243 4.837758,52.36422 4.837721,52.364205 4.837639,52.364202 4.837536,52.364216 4.837441,52.364217 4.837221,52.364245 4.83706,52.364266 4.837024,52.364265 4.836761,52.364279 4.836671,52.364318 4.836606,52.364426 4.83658,52.364493 4.836533,52.364594 4.836563,52.364864 4.836548,52.364925 4.836588,52.364968 4.836681,52.364968 4.836814,52.364918 4.836923,52.364865 4.836947,52.364493 4.836961,52.3645 4.837109,52.364486 4.837203,52.364463 4.837242,52.364458 4.837322,52.364464 4.837439,52.36445 4.837533,52.364461 4.837716,52.364926 4.837697,52.364989 4.837734,52.365366 4.837724,52.365352 4.837448,52.365365 4.837346,52.365408 4.837275,52.36546 4.837251,52.365548 4.837261,52.365588 4.837302,52.365617 4.837371,52.365629 4.837717,52.365805 4.837712,52.365866 4.837739,52.365905 4.837801,52.365924 4.837899,52.365932 4.838627,52.366001 4.838575,52.366377 4.838564,52.366442 4.83853,52.366546 4.838528,52.366601 4.838551,52.36664 4.838615,52.366655 4.838703,52.366656 4.838941,52.366775 4.838937,52.366701 4.838827,52.366686 4.838738,52.366683 4.838342,52.366697 4.838253,52.366737 4.838183,52.366807 4.838149,52.366883 4.838198,52.366913 4.838149,52.366976 4.83812,52.367255 4.838118,52.367212 4.837941,52.367226 4.837852,52.367252 4.837809,52.367265 4.837625,52.367304 4.83756,52.367356 4.837536,52.367777 4.837522,52.367833 4.837545,52.367873 4.837609,52.367882 4.837663,52.367931 4.837732,52.367946 4.837818,52.367933 4.837985,52.367894 4.83805,52.36784 4.838075,52.367782 4.838052,52.367724 4.837982,52.367679 4.837886,52.367514 4.837891,52.367501 4.837996,52.367474 4.83804,52.367475 4.838119,52.36784 4.838101,52.367943 4.838124,52.367983 4.838188,52.368 4.83828,52.367986 4.838369,52.367931 4.838461,52.367875 4.838488,52.367497 4.838495,52.36748 4.838517,52.367481 4.838594,52.367858 4.838585,52.367915 4.838607,52.367969 4.838726,52.367963 4.838854,52.367909 4.838955,52.367855 4.83898,52.367494 4.838979,52.367486 4.839024,52.36776 4.839009,52.367817 4.839033,52.367871 4.839143,52.367905 4.839086,52.367959 4.839062,52.368016 4.839085,52.368056 4.839149,52.368084 4.839236,52.36809 4.839556,52.368119 4.839665,52.368086 4.839856,52.368046 4.839943,52.368095 4.840017,52.36811 4.840138,52.368096 4.840213,52.368037 4.8403,52.367982 4.840317,52.367928 4.840294,52.367423 4.840307,52.367366 4.84034,52.367291 4.840303,52.367224 4.840339,52.367161 4.840317,52.366656 4.84033,52.366598 4.840362,52.36654 4.840342,52.366488 4.840264,52.366472 4.840143,52.366497 4.840043,52.366553 4.839982,52.36666 4.839943,52.366849 4.839938,52.366911 4.839961,52.367145 4.839933,52.36719 4.839951,52.367193 4.83988,52.366798 4.839893,52.36674 4.83987,52.366697 4.839791,52.366612 4.839865,52.366544 4.839852,52.366484 4.83977,52.366469 4.839682,52.36647 4.839244,52.366438 4.839129,52.366437 4.838938,52.366014 4.838965,52.365956 4.838942,52.365935 4.838907,52.365953 4.840258,52.365922 4.84039,52.365949 4.840495,52.365952 4.840683,52.365938 4.840774,52.365914 4.840814,52.365916 4.841027,52.365953 4.841087,52.365968 4.841216,52.365941 4.841381,52.365959 4.84138,52.36597 4.841314,52.366009 4.841249,52.3661 4.841224,52.366155 4.841247,52.366195 4.841311,52.366206 4.841373,52.366503 4.841365,52.366559 4.841388,52.366598 4.841452,52.366614 4.841574,52.367134 4.84156,52.367133 4.841417,52.367081 4.841348,52.367066 4.841262,52.367063 4.841007,52.367077 4.840916,52.367116 4.840851,52.367116 4.840613,52.36713 4.840523,52.36717 4.840458,52.367232 4.840434,52.367287 4.840457,52.367327 4.840521,52.367342 4.840609,52.36734 4.841004,52.36731 4.84112,52.367336 4.841161,52.36735 4.841247,52.367356 4.841736,52.367342 4.841826,52.367302 4.841891,52.36725 4.841916,52.366506 4.841937,52.366451 4.841914,52.366411 4.84185,52.366396 4.841727,52.366039 4.841737,52.365995 4.841831,52.365925 4.841856,52.365892 4.841911,52.365839 4.841936,52.365431 4.841953))";4.839248;52.3661485;
38;"WARMTE WIJK";"IN BEDRIJF";"POLYGON((5.00855 52.352638,5.008527 52.352556,5.008463 52.352516,5.008042 52.352397,5.007905 52.352427,5.007752 52.352512,5.007678 52.352471,5.007569 52.352459,5.007624 52.352421,5.007657 52.352357,5.007672 52.352308,5.007648 52.352254,5.007531 52.352198,5.007433 52.352189,5.006958 52.35204,5.006978 52.35199,5.006955 52.351936,5.006891 52.351896,5.006711 52.35184,5.006631 52.351828,5.006543 52.351842,5.006262 52.352016,5.006242 52.35208,5.006187 52.35211,5.006079 52.352117,5.006227 52.352041,5.006285 52.351991,5.006305 52.351876,5.006262 52.351805,5.006209 52.351776,5.00612 52.351762,5.006071 52.351769,5.00597 52.351748,5.005882 52.351763,5.005796 52.351813,5.005767 52.351693,5.005702 52.351653,5.005267 52.351513,5.005187 52.351501,5.005099 52.351515,5.005034 52.351554,5.005005 52.351601,5.004839 52.351642,5.004493 52.351833,5.004402 52.351823,5.004285 52.35185,5.003744 52.352137,5.003713 52.35206,5.003885 52.352046,5.00397 52.351996,5.004004 52.351895,5.003981 52.351841,5.003847 52.351752,5.003727 52.351742,5.003406 52.351516,5.003418 52.351482,5.003395 52.351428,5.003279 52.351348,5.003328 52.351341,5.003418 52.351395,5.003506 52.35141,5.003623 52.351384,5.003717 52.351319,5.003913 52.351344,5.003987 52.351392,5.004075 52.351407,5.004164 52.351392,5.004233 52.351351,5.004257 52.351297,5.004235 52.351236,5.004082 52.351134,5.00397 52.351085,5.003715 52.35105,5.003626 52.351064,5.003519 52.351118,5.003435 52.351067,5.003302 52.351046,5.003186 52.351072,5.002018 52.351691,5.001982 52.351718,5.001957 52.351772,5.001981 52.351826,5.001922 52.35187,5.001791 52.351894,5.001736 52.351941,5.001645 52.351963,5.00154 52.352027,5.001503 52.352054,5.001479 52.352108,5.001492 52.352139,5.001464 52.35216,5.001195 52.352205,5.001117 52.352251,5.001093 52.352305,5.001116 52.352359,5.001173 52.352395,5.00121 52.352453,5.001227 52.352538,5.001441 52.352683,5.001474 52.352688,5.001488 52.352722,5.001908 52.353006,5.001996 52.353021,5.002147 52.353003,5.002704 52.352703,5.002692 52.352747,5.002736 52.352818,5.002966 52.352975,5.003058 52.35301,5.003144 52.353022,5.003262 52.353003,5.003324 52.352976,5.003414 52.35292,5.003434 52.352857,5.003648 52.352766,5.003694 52.352719,5.003802 52.35266,5.003994 52.352582,5.004062 52.352522,5.004341 52.352395,5.004386 52.352348,5.004447 52.352382,5.004577 52.352399,5.00473 52.352369,5.004845 52.352307,5.004806 52.352336,5.004782 52.352389,5.004806 52.35246,5.004901 52.352558,5.004846 52.352634,5.004868 52.352693,5.005762 52.353359,5.00587 52.353392,5.005893 52.353445,5.006075 52.353583,5.006097 52.353633,5.006144 52.35367,5.006234 52.353701,5.006379 52.353808,5.006438 52.35388,5.006485 52.353905,5.006573 52.35392,5.006698 52.353904,5.006763 52.353865,5.006797 52.353789,5.006773 52.353735,5.006554 52.353593,5.006595 52.353527,5.006572 52.353473,5.006487 52.353419,5.006399 52.353404,5.006388 52.353353,5.006858 52.353103,5.007079 52.35325,5.007163 52.353264,5.007226 52.353303,5.007315 52.353318,5.007403 52.353303,5.007467 52.353273,5.007523 52.353207,5.007624 52.35323,5.007713 52.353216,5.007794 52.353167,5.007819 52.353114,5.007769 52.352982,5.007694 52.352934,5.007576 52.352924,5.007411 52.352809,5.007571 52.352723,5.007623 52.352751,5.007758 52.352773,5.007847 52.352758,5.008051 52.352659,5.008083 52.352669,5.008022 52.352732,5.00798 52.352838,5.008004 52.352892,5.008067 52.352931,5.00816 52.352947,5.008249 52.352933,5.008314 52.352894,5.008418 52.352774,5.008525 52.352693,5.00855 52.352638),(5.006 52.353003,5.00594 52.352991,5.005924 52.352953,5.005801 52.352864,5.00575 52.35279,5.005652 52.352759,5.005596 52.352719,5.00568 52.352698,5.006056 52.352498,5.006361 52.352724,5.006461 52.352756,5.006 52.353003),(5.003362 52.35197,5.003148 52.352098,5.00273 52.351805,5.002937 52.351695,5.002993 52.351624,5.003088 52.351653,5.003307 52.351801,5.003414 52.351885,5.003443 52.351949,5.003362 52.35197),(5.005307 52.352225,5.005222 52.352211,5.005039 52.352241,5.005541 52.351976,5.00558 52.351948,5.005601 52.351899,5.005713 52.351888,5.005777 52.35185,5.005796 52.351925,5.00583 52.351946,5.005307 52.352225))";"POLYGON((52.352638 5.00855,52.352556 5.008527,52.352516 5.008463,52.352397 5.008042,52.352427 5.007905,52.352512 5.007752,52.352471 5.007678,52.352459 5.007569,52.352421 5.007624,52.352357 5.007657,52.352308 5.007672,52.352254 5.007648,52.352198 5.007531,52.352189 5.007433,52.35204 5.006958,52.35199 5.006978,52.351936 5.006955,52.351896 5.006891,52.35184 5.006711,52.351828 5.006631,52.351842 5.006543,52.352016 5.006262,52.35208 5.006242,52.35211 5.006187,52.352117 5.006079,52.352041 5.006227,52.351991 5.006285,52.351876 5.006305,52.351805 5.006262,52.351776 5.006209,52.351762 5.00612,52.351769 5.006071,52.351748 5.00597,52.351763 5.005882,52.351813 5.005796,52.351693 5.005767,52.351653 5.005702,52.351513 5.005267,52.351501 5.005187,52.351515 5.005099,52.351554 5.005034,52.351601 5.005005,52.351642 5.004839,52.351833 5.004493,52.351823 5.004402,52.35185 5.004285,52.352137 5.003744,52.35206 5.003713,52.352046 5.003885,52.351996 5.00397,52.351895 5.004004,52.351841 5.003981,52.351752 5.003847,52.351742 5.003727,52.351516 5.003406,52.351482 5.003418,52.351428 5.003395,52.351348 5.003279,52.351341 5.003328,52.351395 5.003418,52.35141 5.003506,52.351384 5.003623,52.351319 5.003717,52.351344 5.003913,52.351392 5.003987,52.351407 5.004075,52.351392 5.004164,52.351351 5.004233,52.351297 5.004257,52.351236 5.004235,52.351134 5.004082,52.351085 5.00397,52.35105 5.003715,52.351064 5.003626,52.351118 5.003519,52.351067 5.003435,52.351046 5.003302,52.351072 5.003186,52.351691 5.002018,52.351718 5.001982,52.351772 5.001957,52.351826 5.001981,52.35187 5.001922,52.351894 5.001791,52.351941 5.001736,52.351963 5.001645,52.352027 5.00154,52.352054 5.001503,52.352108 5.001479,52.352139 5.001492,52.35216 5.001464,52.352205 5.001195,52.352251 5.001117,52.352305 5.001093,52.352359 5.001116,52.352395 5.001173,52.352453 5.00121,52.352538 5.001227,52.352683 5.001441,52.352688 5.001474,52.352722 5.001488,52.353006 5.001908,52.353021 5.001996,52.353003 5.002147,52.352703 5.002704,52.352747 5.002692,52.352818 5.002736,52.352975 5.002966,52.35301 5.003058,52.353022 5.003144,52.353003 5.003262,52.352976 5.003324,52.35292 5.003414,52.352857 5.003434,52.352766 5.003648,52.352719 5.003694,52.35266 5.003802,52.352582 5.003994,52.352522 5.004062,52.352395 5.004341,52.352348 5.004386,52.352382 5.004447,52.352399 5.004577,52.352369 5.00473,52.352307 5.004845,52.352336 5.004806,52.352389 5.004782,52.35246 5.004806,52.352558 5.004901,52.352634 5.004846,52.352693 5.004868,52.353359 5.005762,52.353392 5.00587,52.353445 5.005893,52.353583 5.006075,52.353633 5.006097,52.35367 5.006144,52.353701 5.006234,52.353808 5.006379,52.35388 5.006438,52.353905 5.006485,52.35392 5.006573,52.353904 5.006698,52.353865 5.006763,52.353789 5.006797,52.353735 5.006773,52.353593 5.006554,52.353527 5.006595,52.353473 5.006572,52.353419 5.006487,52.353404 5.006399,52.353353 5.006388,52.353103 5.006858,52.35325 5.007079,52.353264 5.007163,52.353303 5.007226,52.353318 5.007315,52.353303 5.007403,52.353273 5.007467,52.353207 5.007523,52.35323 5.007624,52.353216 5.007713,52.353167 5.007794,52.353114 5.007819,52.352982 5.007769,52.352934 5.007694,52.352924 5.007576,52.352809 5.007411,52.352723 5.007571,52.352751 5.007623,52.352773 5.007758,52.352758 5.007847,52.352659 5.008051,52.352669 5.008083,52.352732 5.008022,52.352838 5.00798,52.352892 5.008004,52.352931 5.008067,52.352947 5.00816,52.352933 5.008249,52.352894 5.008314,52.352774 5.008418,52.352693 5.008525,52.352638 5.00855),(52.353003 5.006,52.352991 5.00594,52.352953 5.005924,52.352864 5.005801,52.35279 5.00575,52.352759 5.005652,52.352719 5.005596,52.352698 5.00568,52.352498 5.006056,52.352724 5.006361,52.352756 5.006461,52.353003 5.006),(52.35197 5.003362,52.352098 5.003148,52.351805 5.00273,52.351695 5.002937,52.351624 5.002993,52.351653 5.003088,52.351801 5.003307,52.351885 5.003414,52.351949 5.003443,52.35197 5.003362),(52.352225 5.005307,52.352211 5.005222,52.352241 5.005039,52.351976 5.005541,52.351948 5.00558,52.351899 5.005601,52.351888 5.005713,52.35185 5.005777,52.351925 5.005796,52.351946 5.00583,52.352225 5.005307))";5.0048265;52.352476;
39;"WARMTE WIJK";"IN BEDRIJF";"POLYGON((4.971591 52.372584,4.971547 52.372513,4.971407 52.372442,4.971276 52.37235,4.971102 52.372319,4.971025 52.372331,4.971076 52.372258,4.97102 52.372123,4.970952 52.37208,4.970893 52.372071,4.97087 52.372017,4.970802 52.371974,4.970643 52.371932,4.970554 52.371946,4.970486 52.371987,4.970355 52.37195,4.970267 52.371965,4.969479 52.372383,4.969278 52.37224,4.96919 52.372225,4.969101 52.372239,4.968988 52.372304,4.968964 52.372358,4.968987 52.372412,4.969023 52.372435,4.968893 52.372505,4.968549 52.37226,4.968556 52.372217,4.970038 52.37143,4.970098 52.37135,4.970053 52.371277,4.969702 52.371031,4.969658 52.371009,4.969505 52.370986,4.969416 52.371,4.969331 52.37105,4.969307 52.371104,4.96933 52.371158,4.969418 52.371215,4.969507 52.37123,4.969665 52.371339,4.969204 52.371588,4.969193 52.371563,4.969125 52.371521,4.969016 52.371504,4.968705 52.371284,4.96932 52.370966,4.969358 52.370938,4.969382 52.370884,4.969327 52.370771,4.968504 52.370197,4.968416 52.370182,4.968299 52.370208,4.96604 52.371417,4.966016 52.37147,4.966039 52.371524,4.966214 52.371649,4.966287 52.371684,4.966375 52.371699,4.966463 52.371685,4.966533 52.371644,4.966612 52.37156,4.966753 52.37148,4.966767 52.371449,4.966844 52.371394,4.96696 52.371376,4.967323 52.371178,4.967338 52.371145,4.967417 52.371088,4.967536 52.37107,4.967825 52.370912,4.967833 52.370893,4.967933 52.370862,4.967968 52.370836,4.967984 52.370761,4.968386 52.370542,4.968497 52.370618,4.968585 52.370632,4.968645 52.370623,4.968975 52.370857,4.967621 52.371573,4.967538 52.371523,4.96745 52.371508,4.967361 52.371523,4.96721 52.371568,4.967144 52.371608,4.96712 52.371662,4.967143 52.371716,4.967218 52.371762,4.967306 52.371777,4.967398 52.371769,4.967435 52.371811,4.968082 52.372267,4.968052 52.372324,4.968075 52.372378,4.968124 52.372416,4.968256 52.372453,4.968329 52.372441,4.968766 52.372751,4.968367 52.372973,4.968267 52.373015,4.968161 52.373026,4.968002 52.373118,4.967978 52.373172,4.968001 52.373226,4.968098 52.373292,4.96799 52.373349,4.967941 52.373405,4.967819 52.373466,4.967773 52.373498,4.967754 52.373542,4.967654 52.373601,4.967629 52.373655,4.967653 52.373709,4.967721 52.373751,4.967809 52.373766,4.967866 52.373756,4.96805 52.373897,4.968138 52.373912,4.968256 52.373885,4.968558 52.373724,4.968641 52.373775,4.96873 52.37379,4.968818 52.373775,4.968887 52.373734,4.968962 52.373632,4.969161 52.373585,4.969322 52.373495,4.969353 52.373461,4.969411 52.373452,4.969553 52.373372,4.969642 52.373431,4.969547 52.373482,4.969523 52.373536,4.969542 52.373581,4.969476 52.373617,4.969375 52.373596,4.969287 52.37361,4.969217 52.373651,4.969206 52.373676,4.969148 52.373686,4.969048 52.373747,4.968971 52.37376,4.968906 52.373799,4.968883 52.373845,4.968787 52.373857,4.968707 52.373906,4.968619 52.37392,4.96855 52.373962,4.968526 52.374016,4.968549 52.37407,4.968593 52.374103,4.968607 52.374198,4.968671 52.374238,4.968759 52.374253,4.968876 52.374227,4.971415 52.372878,4.971549 52.372796,4.971573 52.372743,4.971547 52.372652,4.971591 52.372584),(4.970993 52.372699,4.970975 52.372739,4.970889 52.372754,4.970634 52.372879,4.97051 52.372893,4.97044 52.372934,4.970398 52.373023,4.970316 52.373038,4.970204 52.373108,4.970081 52.373117,4.970025 52.373143,4.969989 52.37317,4.969965 52.373224,4.969988 52.373278,4.97004 52.373318,4.969994 52.373342,4.969815 52.373218,4.969864 52.373209,4.970292 52.372971,4.970316 52.372917,4.970295 52.372868,4.970406 52.372879,4.970499 52.372863,4.970564 52.372824,4.970592 52.372779,4.970789 52.372735,4.970871 52.372667,4.971005 52.372598,4.971028 52.372546,4.971095 52.372604,4.970993 52.372699),(4.96828 52.372072,4.967829 52.371754,4.968251 52.371528,4.96837 52.371615,4.968384 52.371691,4.968458 52.371737,4.968546 52.371751,4.968634 52.371737,4.968762 52.371659,4.968871 52.371727,4.968922 52.371736,4.96828 52.372072),(4.970922 52.372403,4.970869 52.37237,4.97078 52.372355,4.970692 52.372369,4.969471 52.373013,4.969349 52.373021,4.968935 52.373235,4.968715 52.373079,4.969914 52.372443,4.970025 52.372394,4.970113 52.37238,4.97019 52.372334,4.970215 52.372281,4.970336 52.372216,4.970403 52.372254,4.970491 52.372269,4.970621 52.372235,4.970803 52.372354,4.970891 52.372369,4.970965 52.372357,4.970922 52.372403))";"POLYGON((52.372584 4.971591,52.372513 4.971547,52.372442 4.971407,52.37235 4.971276,52.372319 4.971102,52.372331 4.971025,52.372258 4.971076,52.372123 4.97102,52.37208 4.970952,52.372071 4.970893,52.372017 4.97087,52.371974 4.970802,52.371932 4.970643,52.371946 4.970554,52.371987 4.970486,52.37195 4.970355,52.371965 4.970267,52.372383 4.969479,52.37224 4.969278,52.372225 4.96919,52.372239 4.969101,52.372304 4.968988,52.372358 4.968964,52.372412 4.968987,52.372435 4.969023,52.372505 4.968893,52.37226 4.968549,52.372217 4.968556,52.37143 4.970038,52.37135 4.970098,52.371277 4.970053,52.371031 4.969702,52.371009 4.969658,52.370986 4.969505,52.371 4.969416,52.37105 4.969331,52.371104 4.969307,52.371158 4.96933,52.371215 4.969418,52.37123 4.969507,52.371339 4.969665,52.371588 4.969204,52.371563 4.969193,52.371521 4.969125,52.371504 4.969016,52.371284 4.968705,52.370966 4.96932,52.370938 4.969358,52.370884 4.969382,52.370771 4.969327,52.370197 4.968504,52.370182 4.968416,52.370208 4.968299,52.371417 4.96604,52.37147 4.966016,52.371524 4.966039,52.371649 4.966214,52.371684 4.966287,52.371699 4.966375,52.371685 4.966463,52.371644 4.966533,52.37156 4.966612,52.37148 4.966753,52.371449 4.966767,52.371394 4.966844,52.371376 4.96696,52.371178 4.967323,52.371145 4.967338,52.371088 4.967417,52.37107 4.967536,52.370912 4.967825,52.370893 4.967833,52.370862 4.967933,52.370836 4.967968,52.370761 4.967984,52.370542 4.968386,52.370618 4.968497,52.370632 4.968585,52.370623 4.968645,52.370857 4.968975,52.371573 4.967621,52.371523 4.967538,52.371508 4.96745,52.371523 4.967361,52.371568 4.96721,52.371608 4.967144,52.371662 4.96712,52.371716 4.967143,52.371762 4.967218,52.371777 4.967306,52.371769 4.967398,52.371811 4.967435,52.372267 4.968082,52.372324 4.968052,52.372378 4.968075,52.372416 4.968124,52.372453 4.968256,52.372441 4.968329,52.372751 4.968766,52.372973 4.968367,52.373015 4.968267,52.373026 4.968161,52.373118 4.968002,52.373172 4.967978,52.373226 4.968001,52.373292 4.968098,52.373349 4.96799,52.373405 4.967941,52.373466 4.967819,52.373498 4.967773,52.373542 4.967754,52.373601 4.967654,52.373655 4.967629,52.373709 4.967653,52.373751 4.967721,52.373766 4.967809,52.373756 4.967866,52.373897 4.96805,52.373912 4.968138,52.373885 4.968256,52.373724 4.968558,52.373775 4.968641,52.37379 4.96873,52.373775 4.968818,52.373734 4.968887,52.373632 4.968962,52.373585 4.969161,52.373495 4.969322,52.373461 4.969353,52.373452 4.969411,52.373372 4.969553,52.373431 4.969642,52.373482 4.969547,52.373536 4.969523,52.373581 4.969542,52.373617 4.969476,52.373596 4.969375,52.37361 4.969287,52.373651 4.969217,52.373676 4.969206,52.373686 4.969148,52.373747 4.969048,52.37376 4.968971,52.373799 4.968906,52.373845 4.968883,52.373857 4.968787,52.373906 4.968707,52.37392 4.968619,52.373962 4.96855,52.374016 4.968526,52.37407 4.968549,52.374103 4.968593,52.374198 4.968607,52.374238 4.968671,52.374253 4.968759,52.374227 4.968876,52.372878 4.971415,52.372796 4.971549,52.372743 4.971573,52.372652 4.971547,52.372584 4.971591),(52.372699 4.970993,52.372739 4.970975,52.372754 4.970889,52.372879 4.970634,52.372893 4.97051,52.372934 4.97044,52.373023 4.970398,52.373038 4.970316,52.373108 4.970204,52.373117 4.970081,52.373143 4.970025,52.37317 4.969989,52.373224 4.969965,52.373278 4.969988,52.373318 4.97004,52.373342 4.969994,52.373218 4.969815,52.373209 4.969864,52.372971 4.970292,52.372917 4.970316,52.372868 4.970295,52.372879 4.970406,52.372863 4.970499,52.372824 4.970564,52.372779 4.970592,52.372735 4.970789,52.372667 4.970871,52.372598 4.971005,52.372546 4.971028,52.372604 4.971095,52.372699 4.970993),(52.372072 4.96828,52.371754 4.967829,52.371528 4.968251,52.371615 4.96837,52.371691 4.968384,52.371737 4.968458,52.371751 4.968546,52.371737 4.968634,52.371659 4.968762,52.371727 4.968871,52.371736 4.968922,52.372072 4.96828),(52.372403 4.970922,52.37237 4.970869,52.372355 4.97078,52.372369 4.970692,52.373013 4.969471,52.373021 4.969349,52.373235 4.968935,52.373079 4.968715,52.372443 4.969914,52.372394 4.970025,52.37238 4.970113,52.372334 4.97019,52.372281 4.970215,52.372216 4.970336,52.372254 4.970403,52.372269 4.970491,52.372235 4.970621,52.372354 4.970803,52.372369 4.970891,52.372357 4.970965,52.372403 4.970922))";4.9688085;52.3722105;
40;"WARMTE WIJK";"IN BEDRIJF";"POLYGON((4.990085 52.363829,4.990062 52.363775,4.989954 52.363664,4.989612 52.363429,4.989527 52.363414,4.989544 52.363375,4.989521 52.363321,4.989453 52.363279,4.98939 52.363268,4.989089 52.363053,4.988969 52.363043,4.988956 52.363013,4.988866 52.362967,4.988855 52.362942,4.988694 52.362828,4.988626 52.362786,4.988567 52.362776,4.988545 52.362723,4.988397 52.36262,4.988309 52.362605,4.988221 52.362619,4.987977 52.362744,4.98785 52.362771,4.987795 52.362808,4.987776 52.362849,4.987311 52.363113,4.987296 52.363077,4.987319 52.363049,4.987362 52.363042,4.987427 52.363003,4.987456 52.362927,4.987499 52.362889,4.987523 52.362836,4.987482 52.362769,4.987591 52.362707,4.987677 52.362693,4.987735 52.36266,4.987791 52.362577,4.987767 52.362517,4.987703 52.362477,4.987615 52.362463,4.987439 52.362476,4.987372 52.362517,4.987285 52.362482,4.985923 52.361527,4.985793 52.361491,4.985704 52.361505,4.985635 52.361547,4.985611 52.3616,4.985634 52.361655,4.986365 52.362172,4.986328 52.362265,4.986412 52.362336,4.986457 52.362344,4.986477 52.362389,4.986545 52.362432,4.986633 52.362446,4.986722 52.362432,4.987023 52.362632,4.987137 52.362687,4.987057 52.362794,4.987096 52.362859,4.986839 52.36309,4.986809 52.36315,4.986846 52.363213,4.986803 52.363281,4.986813 52.363305,4.986283 52.363783,4.986259 52.363836,4.986274 52.363887,4.986218 52.363878,4.98613 52.363892,4.986025 52.363952,4.986011 52.36403,4.985481 52.364508,4.985457 52.364562,4.985479 52.364623,4.985404 52.364586,4.985316 52.364571,4.985227 52.364585,4.985145 52.36463,4.984999 52.36476,4.984921 52.364797,4.984881 52.364833,4.98486 52.364912,4.98471 52.364992,4.98459 52.365094,4.984503 52.365143,4.984468 52.365232,4.984491 52.365286,4.984683 52.36544,4.984771 52.365455,4.984882 52.365428,4.984938 52.365463,4.985026 52.365477,4.985805 52.36527,4.985995 52.365237,4.986065 52.365196,4.986078 52.365168,4.986143 52.365179,4.986231 52.365165,4.98716 52.3649,4.987239 52.364836,4.987336 52.364836,4.987471 52.364808,4.987611 52.364752,4.988199 52.364579,4.988242 52.364554,4.988472 52.364503,4.988542 52.364462,4.988566 52.364408,4.988547 52.364359,4.988591 52.364303,4.988653 52.364339,4.988741 52.364354,4.988949 52.364317,4.989583 52.364091,4.989678 52.364045,4.989898 52.363979,4.990061 52.363883,4.990085 52.363829),(4.988808 52.363534,4.988783 52.363582,4.988694 52.363596,4.988593 52.363654,4.988581 52.363681,4.988491 52.363697,4.988418 52.363737,4.988298 52.363654,4.988857 52.363356,4.988977 52.36344,4.988808 52.363534),(4.987183 52.364157,4.987107 52.364136,4.987083 52.364082,4.987406 52.363911,4.987471 52.363871,4.987483 52.363844,4.987557 52.36383,4.987753 52.363724,4.987859 52.363798,4.987183 52.364157))";"POLYGON((52.363829 4.990085,52.363775 4.990062,52.363664 4.989954,52.363429 4.989612,52.363414 4.989527,52.363375 4.989544,52.363321 4.989521,52.363279 4.989453,52.363268 4.98939,52.363053 4.989089,52.363043 4.988969,52.363013 4.988956,52.362967 4.988866,52.362942 4.988855,52.362828 4.988694,52.362786 4.988626,52.362776 4.988567,52.362723 4.988545,52.36262 4.988397,52.362605 4.988309,52.362619 4.988221,52.362744 4.987977,52.362771 4.98785,52.362808 4.987795,52.362849 4.987776,52.363113 4.987311,52.363077 4.987296,52.363049 4.987319,52.363042 4.987362,52.363003 4.987427,52.362927 4.987456,52.362889 4.987499,52.362836 4.987523,52.362769 4.987482,52.362707 4.987591,52.362693 4.987677,52.36266 4.987735,52.362577 4.987791,52.362517 4.987767,52.362477 4.987703,52.362463 4.987615,52.362476 4.987439,52.362517 4.987372,52.362482 4.987285,52.361527 4.985923,52.361491 4.985793,52.361505 4.985704,52.361547 4.985635,52.3616 4.985611,52.361655 4.985634,52.362172 4.986365,52.362265 4.986328,52.362336 4.986412,52.362344 4.986457,52.362389 4.986477,52.362432 4.986545,52.362446 4.986633,52.362432 4.986722,52.362632 4.987023,52.362687 4.987137,52.362794 4.987057,52.362859 4.987096,52.36309 4.986839,52.36315 4.986809,52.363213 4.986846,52.363281 4.986803,52.363305 4.986813,52.363783 4.986283,52.363836 4.986259,52.363887 4.986274,52.363878 4.986218,52.363892 4.98613,52.363952 4.986025,52.36403 4.986011,52.364508 4.985481,52.364562 4.985457,52.364623 4.985479,52.364586 4.985404,52.364571 4.985316,52.364585 4.985227,52.36463 4.985145,52.36476 4.984999,52.364797 4.984921,52.364833 4.984881,52.364912 4.98486,52.364992 4.98471,52.365094 4.98459,52.365143 4.984503,52.365232 4.984468,52.365286 4.984491,52.36544 4.984683,52.365455 4.984771,52.365428 4.984882,52.365463 4.984938,52.365477 4.985026,52.36527 4.985805,52.365237 4.985995,52.365196 4.986065,52.365168 4.986078,52.365179 4.986143,52.365165 4.986231,52.3649 4.98716,52.364836 4.987239,52.364836 4.987336,52.364808 4.987471,52.364752 4.987611,52.364579 4.988199,52.364554 4.988242,52.364503 4.988472,52.364462 4.988542,52.364408 4.988566,52.364359 4.988547,52.364303 4.988591,52.364339 4.988653,52.364354 4.988741,52.364317 4.988949,52.364091 4.989583,52.364045 4.989678,52.363979 4.989898,52.363883 4.990061,52.363829 4.990085),(52.363534 4.988808,52.363582 4.988783,52.363596 4.988694,52.363654 4.988593,52.363681 4.988581,52.363697 4.988491,52.363737 4.988418,52.363654 4.988298,52.363356 4.988857,52.36344 4.988977,52.363534 4.988808),(52.364157 4.987183,52.364136 4.987107,52.364082 4.987083,52.363911 4.987406,52.363871 4.987471,52.363844 4.987483,52.36383 4.987557,52.363724 4.987753,52.363798 4.987859,52.364157 4.987183))";4.9872815;52.363477;
41;"WARMTE WIJK";"IN BEDRIJF";"POLYGON((4.969895 52.319153,4.969871 52.319099,4.969807 52.31906,4.969611 52.318991,4.969518 52.318975,4.96943 52.318989,4.969365 52.319028,4.96931 52.319116,4.969333 52.31917,4.969382 52.319201,4.969359 52.319254,4.969312 52.319285,4.969285 52.319343,4.969225 52.3194,4.969212 52.319371,4.969148 52.319331,4.969027 52.319316,4.968992 52.319294,4.969129 52.319108,4.969242 52.319097,4.969307 52.319058,4.969334 52.318963,4.969312 52.318904,4.969247 52.318864,4.969019 52.318789,4.968936 52.318776,4.968848 52.31879,4.968783 52.318829,4.968483 52.31916,4.968376 52.319169,4.968031 52.31905,4.967998 52.318939,4.967934 52.318899,4.967838 52.318883,4.967783 52.318891,4.967428 52.318774,4.967358 52.31872,4.967224 52.318707,4.967173 52.318682,4.967201 52.318628,4.967267 52.318569,4.967362 52.318638,4.96745 52.318653,4.967536 52.318641,4.967658 52.318653,4.967698 52.318678,4.96792 52.318722,4.967984 52.318758,4.968158 52.318772,4.96838 52.318719,4.968445 52.31868,4.968498 52.318597,4.968475 52.318543,4.968382 52.318495,4.967174 52.318223,4.967116 52.318217,4.967028 52.318231,4.966918 52.318318,4.966662 52.318233,4.966644 52.318191,4.966595 52.318157,4.966351 52.318041,4.966199 52.31794,4.966258 52.317902,4.966302 52.31791,4.966368 52.317953,4.966478 52.31799,4.966717 52.318036,4.966805 52.318022,4.96687 52.317983,4.966914 52.317908,4.966891 52.317854,4.966812 52.317809,4.966605 52.317771,4.966445 52.317683,4.966225 52.317641,4.966066 52.317553,4.965959 52.317532,4.965871 52.317546,4.965806 52.317585,4.965769 52.317653,4.965797 52.317719,4.965906 52.317774,4.965845 52.317764,4.965757 52.317778,4.965642 52.317838,4.96558 52.317848,4.965515 52.317887,4.965486 52.317946,4.965509 52.318,4.965574 52.31804,4.965707 52.31807,4.965795 52.318056,4.965839 52.31803,4.966095 52.318197,4.966267 52.318282,4.966288 52.318342,4.966353 52.318381,4.966741 52.31851,4.966587 52.31868,4.966565 52.318731,4.966585 52.318778,4.965987 52.319448,4.965548 52.3193,4.965343 52.319274,4.965285 52.319284,4.965219 52.319263,4.964853 52.319138,4.964735 52.319073,4.964533 52.31903,4.963264 52.318581,4.963173 52.318566,4.963085 52.31858,4.96302 52.318619,4.962987 52.318682,4.96301 52.318736,4.963074 52.318776,4.963534 52.318936,4.963512 52.318985,4.963536 52.319039,4.9636 52.319078,4.965243 52.319643,4.965328 52.319656,4.965416 52.319642,4.965532 52.319547,4.965757 52.319622,4.965769 52.319651,4.965867 52.319702,4.965847 52.319749,4.96587 52.319803,4.965934 52.319843,4.966097 52.319899,4.966182 52.319912,4.966271 52.319898,4.966334 52.319912,4.966504 52.319971,4.966524 52.320032,4.966588 52.320072,4.966708 52.320103,4.966764 52.320138,4.966984 52.320197,4.967087 52.320174,4.967311 52.320251,4.967329 52.320316,4.967468 52.320382,4.967742 52.320413,4.968233 52.320584,4.968319 52.320598,4.968548 52.320581,4.968613 52.320542,4.969108 52.32,4.969232 52.320025,4.96932 52.320011,4.969385 52.319971,4.969643 52.31967,4.969663 52.319621,4.96964 52.319567,4.969594 52.319538,4.969875 52.319202,4.969895 52.319153),(4.968839 52.31979,4.968758 52.319927,4.968353 52.320369,4.968107 52.320277,4.968141 52.320254,4.968165 52.3202,4.968149 52.320164,4.968322 52.320015,4.96834 52.319946,4.968444 52.319898,4.968463 52.319855,4.968526 52.319815,4.968539 52.319786,4.968626 52.319743,4.968656 52.319661,4.968683 52.319651,4.968783 52.319664,4.968837 52.319695,4.968928 52.319709,4.968961 52.319728,4.968839 52.31979),(4.967215 52.319228,4.967146 52.319271,4.967127 52.319314,4.967071 52.319349,4.967049 52.319398,4.967002 52.319429,4.966859 52.319608,4.966749 52.319704,4.966725 52.319758,4.966742 52.319796,4.966353 52.319662,4.966339 52.31963,4.966442 52.319582,4.966535 52.319455,4.966653 52.319351,4.966734 52.319238,4.966788 52.319204,4.966809 52.319156,4.966862 52.319123,4.966884 52.319062,4.966955 52.319036,4.967034 52.319059,4.967105 52.319102,4.967165 52.319112,4.967252 52.319158,4.967265 52.31922,4.967215 52.319228),(4.968026 52.319505,4.96798 52.319513,4.967912 52.319556,4.967764 52.319739,4.967716 52.319769,4.967696 52.319813,4.967647 52.319845,4.967628 52.319888,4.967514 52.31999,4.967496 52.320057,4.967259 52.319979,4.967299 52.319915,4.967281 52.319873,4.967316 52.319815,4.967371 52.31978,4.967385 52.319703,4.967487 52.319654,4.967543 52.319561,4.967622 52.319493,4.967662 52.319487,4.967727 52.319448,4.967757 52.319379,4.967744 52.319344,4.967859 52.319389,4.967954 52.319404,4.968034 52.319448,4.968026 52.319505))";"POLYGON((52.319153 4.969895,52.319099 4.969871,52.31906 4.969807,52.318991 4.969611,52.318975 4.969518,52.318989 4.96943,52.319028 4.969365,52.319116 4.96931,52.31917 4.969333,52.319201 4.969382,52.319254 4.969359,52.319285 4.969312,52.319343 4.969285,52.3194 4.969225,52.319371 4.969212,52.319331 4.969148,52.319316 4.969027,52.319294 4.968992,52.319108 4.969129,52.319097 4.969242,52.319058 4.969307,52.318963 4.969334,52.318904 4.969312,52.318864 4.969247,52.318789 4.969019,52.318776 4.968936,52.31879 4.968848,52.318829 4.968783,52.31916 4.968483,52.319169 4.968376,52.31905 4.968031,52.318939 4.967998,52.318899 4.967934,52.318883 4.967838,52.318891 4.967783,52.318774 4.967428,52.31872 4.967358,52.318707 4.967224,52.318682 4.967173,52.318628 4.967201,52.318569 4.967267,52.318638 4.967362,52.318653 4.96745,52.318641 4.967536,52.318653 4.967658,52.318678 4.967698,52.318722 4.96792,52.318758 4.967984,52.318772 4.968158,52.318719 4.96838,52.31868 4.968445,52.318597 4.968498,52.318543 4.968475,52.318495 4.968382,52.318223 4.967174,52.318217 4.967116,52.318231 4.967028,52.318318 4.966918,52.318233 4.966662,52.318191 4.966644,52.318157 4.966595,52.318041 4.966351,52.31794 4.966199,52.317902 4.966258,52.31791 4.966302,52.317953 4.966368,52.31799 4.966478,52.318036 4.966717,52.318022 4.966805,52.317983 4.96687,52.317908 4.966914,52.317854 4.966891,52.317809 4.966812,52.317771 4.966605,52.317683 4.966445,52.317641 4.966225,52.317553 4.966066,52.317532 4.965959,52.317546 4.965871,52.317585 4.965806,52.317653 4.965769,52.317719 4.965797,52.317774 4.965906,52.317764 4.965845,52.317778 4.965757,52.317838 4.965642,52.317848 4.96558,52.317887 4.965515,52.317946 4.965486,52.318 4.965509,52.31804 4.965574,52.31807 4.965707,52.318056 4.965795,52.31803 4.965839,52.318197 4.966095,52.318282 4.966267,52.318342 4.966288,52.318381 4.966353,52.31851 4.966741,52.31868 4.966587,52.318731 4.966565,52.318778 4.966585,52.319448 4.965987,52.3193 4.965548,52.319274 4.965343,52.319284 4.965285,52.319263 4.965219,52.319138 4.964853,52.319073 4.964735,52.31903 4.964533,52.318581 4.963264,52.318566 4.963173,52.31858 4.963085,52.318619 4.96302,52.318682 4.962987,52.318736 4.96301,52.318776 4.963074,52.318936 4.963534,52.318985 4.963512,52.319039 4.963536,52.319078 4.9636,52.319643 4.965243,52.319656 4.965328,52.319642 4.965416,52.319547 4.965532,52.319622 4.965757,52.319651 4.965769,52.319702 4.965867,52.319749 4.965847,52.319803 4.96587,52.319843 4.965934,52.319899 4.966097,52.319912 4.966182,52.319898 4.966271,52.319912 4.966334,52.319971 4.966504,52.320032 4.966524,52.320072 4.966588,52.320103 4.966708,52.320138 4.966764,52.320197 4.966984,52.320174 4.967087,52.320251 4.967311,52.320316 4.967329,52.320382 4.967468,52.320413 4.967742,52.320584 4.968233,52.320598 4.968319,52.320581 4.968548,52.320542 4.968613,52.32 4.969108,52.320025 4.969232,52.320011 4.96932,52.319971 4.969385,52.31967 4.969643,52.319621 4.969663,52.319567 4.96964,52.319538 4.969594,52.319202 4.969875,52.319153 4.969895),(52.31979 4.968839,52.319927 4.968758,52.320369 4.968353,52.320277 4.968107,52.320254 4.968141,52.3202 4.968165,52.320164 4.968149,52.320015 4.968322,52.319946 4.96834,52.319898 4.968444,52.319855 4.968463,52.319815 4.968526,52.319786 4.968539,52.319743 4.968626,52.319661 4.968656,52.319651 4.968683,52.319664 4.968783,52.319695 4.968837,52.319709 4.968928,52.319728 4.968961,52.31979 4.968839),(52.319228 4.967215,52.319271 4.967146,52.319314 4.967127,52.319349 4.967071,52.319398 4.967049,52.319429 4.967002,52.319608 4.966859,52.319704 4.966749,52.319758 4.966725,52.319796 4.966742,52.319662 4.966353,52.31963 4.966339,52.319582 4.966442,52.319455 4.966535,52.319351 4.966653,52.319238 4.966734,52.319204 4.966788,52.319156 4.966809,52.319123 4.966862,52.319062 4.966884,52.319036 4.966955,52.319059 4.967034,52.319102 4.967105,52.319112 4.967165,52.319158 4.967252,52.31922 4.967265,52.319228 4.967215),(52.319505 4.968026,52.319513 4.96798,52.319556 4.967912,52.319739 4.967764,52.319769 4.967716,52.319813 4.967696,52.319845 4.967647,52.319888 4.967628,52.31999 4.967514,52.320057 4.967496,52.319979 4.967259,52.319915 4.967299,52.319873 4.967281,52.319815 4.967316,52.31978 4.967371,52.319703 4.967385,52.319654 4.967487,52.319561 4.967543,52.319493 4.967622,52.319487 4.967662,52.319448 4.967727,52.319379 4.967757,52.319344 4.967744,52.319389 4.967859,52.319404 4.967954,52.319448 4.968034,52.319505 4.968026))";4.966446;52.319058;
42;"WARMTE WIJK";"IN BEDRIJF";"POLYGON((4.981985 52.3129,4.981962 52.312846,4.981898 52.312807,4.981776 52.31278,4.981687 52.312794,4.981622 52.312834,4.98143 52.313045,4.981409 52.313094,4.981278 52.312959,4.981377 52.312914,4.981481 52.312801,4.98151 52.312742,4.981487 52.312688,4.981384 52.312635,4.981341 52.312552,4.981454 52.312431,4.981477 52.312379,4.981454 52.312325,4.981353 52.312272,4.981268 52.312259,4.98118 52.312273,4.981115 52.312312,4.980922 52.312523,4.980901 52.312572,4.980769 52.312436,4.980871 52.312391,4.980973 52.312279,4.981002 52.31222,4.980979 52.312166,4.980876 52.312113,4.980791 52.312099,4.980703 52.312113,4.980599 52.312195,4.980535 52.312206,4.98047 52.312245,4.98039 52.312332,4.980287 52.312384,4.980263 52.312438,4.980332 52.31254,4.980277 52.31253,4.980188 52.312544,4.98009 52.312596,4.980066 52.31265,4.980144 52.31276,4.9801 52.312733,4.980007 52.312716,4.979937 52.312728,4.979919 52.312685,4.979855 52.312645,4.979698 52.312612,4.979609 52.312626,4.979544 52.312665,4.979109 52.313142,4.979086 52.313194,4.979103 52.313233,4.979047 52.313242,4.978982 52.313281,4.978552 52.313753,4.978529 52.313805,4.978552 52.313859,4.978676 52.313929,4.97843 52.3142,4.978309 52.314209,4.978244 52.314248,4.978034 52.314478,4.978012 52.31453,4.978067 52.314626,4.978131 52.314666,4.978248 52.314691,4.978345 52.314701,4.978494 52.314676,4.978603 52.314626,4.978744 52.314471,4.978757 52.314566,4.978618 52.314707,4.978591 52.314764,4.978614 52.314818,4.978678 52.314858,4.978797 52.314883,4.978885 52.314869,4.978954 52.314829,4.979178 52.314583,4.979193 52.314514,4.979279 52.314513,4.979229 52.314543,4.978964 52.314833,4.978942 52.314885,4.978965 52.314939,4.979031 52.314984,4.979112 52.315002,4.979099 52.315031,4.979122 52.315085,4.979186 52.315125,4.979805 52.315337,4.97989 52.315351,4.979978 52.315337,4.98009 52.315247,4.980108 52.315138,4.980496 52.314713,4.980594 52.314654,4.980618 52.3146,4.980595 52.314543,4.980531 52.314503,4.980637 52.314488,4.980702 52.314449,4.980716 52.314419,4.980792 52.314384,4.980825 52.314379,4.980891 52.314422,4.981038 52.314448,4.981127 52.314433,4.981192 52.314394,4.98148 52.314053,4.981503 52.314001,4.98156 52.313966,4.981862 52.31366,4.981884 52.313608,4.981861 52.313554,4.981767 52.313495,4.981691 52.313478,4.981916 52.313233,4.981938 52.313181,4.981915 52.313127,4.981851 52.313087,4.981855 52.31306,4.981963 52.312952,4.981985 52.3129),(4.980756 52.313543,4.980398 52.313936,4.980384 52.314008,4.979894 52.314012,4.979809 52.314026,4.979738 52.314069,4.979714 52.314124,4.979737 52.314189,4.979769 52.314215,4.979663 52.314215,4.979625 52.314108,4.979684 52.314098,4.979751 52.314056,4.979879 52.313904,4.979955 52.313964,4.980073 52.313989,4.980162 52.313975,4.980229 52.313934,4.980688 52.313429,4.980711 52.313377,4.980664 52.313296,4.980859 52.313496,4.980756 52.313543),(4.980314 52.312982,4.980247 52.313023,4.979886 52.313418,4.979867 52.313461,4.97982 52.313491,4.979409 52.313941,4.979397 52.314016,4.979124 52.314019,4.979206 52.313975,4.97969 52.313445,4.979706 52.313408,4.979748 52.313381,4.980191 52.312896,4.980204 52.312822,4.980353 52.312975,4.980314 52.312982),(4.980195 52.314563,4.979738 52.315063,4.979608 52.315018,4.980001 52.314588,4.980023 52.314536,4.980011 52.314506,4.980311 52.314504,4.980195 52.314563))";"POLYGON((52.3129 4.981985,52.312846 4.981962,52.312807 4.981898,52.31278 4.981776,52.312794 4.981687,52.312834 4.981622,52.313045 4.98143,52.313094 4.981409,52.312959 4.981278,52.312914 4.981377,52.312801 4.981481,52.312742 4.98151,52.312688 4.981487,52.312635 4.981384,52.312552 4.981341,52.312431 4.981454,52.312379 4.981477,52.312325 4.981454,52.312272 4.981353,52.312259 4.981268,52.312273 4.98118,52.312312 4.981115,52.312523 4.980922,52.312572 4.980901,52.312436 4.980769,52.312391 4.980871,52.312279 4.980973,52.31222 4.981002,52.312166 4.980979,52.312113 4.980876,52.312099 4.980791,52.312113 4.980703,52.312195 4.980599,52.312206 4.980535,52.312245 4.98047,52.312332 4.98039,52.312384 4.980287,52.312438 4.980263,52.31254 4.980332,52.31253 4.980277,52.312544 4.980188,52.312596 4.98009,52.31265 4.980066,52.31276 4.980144,52.312733 4.9801,52.312716 4.980007,52.312728 4.979937,52.312685 4.979919,52.312645 4.979855,52.312612 4.979698,52.312626 4.979609,52.312665 4.979544,52.313142 4.979109,52.313194 4.979086,52.313233 4.979103,52.313242 4.979047,52.313281 4.978982,52.313753 4.978552,52.313805 4.978529,52.313859 4.978552,52.313929 4.978676,52.3142 4.97843,52.314209 4.978309,52.314248 4.978244,52.314478 4.978034,52.31453 4.978012,52.314626 4.978067,52.314666 4.978131,52.314691 4.978248,52.314701 4.978345,52.314676 4.978494,52.314626 4.978603,52.314471 4.978744,52.314566 4.978757,52.314707 4.978618,52.314764 4.978591,52.314818 4.978614,52.314858 4.978678,52.314883 4.978797,52.314869 4.978885,52.314829 4.978954,52.314583 4.979178,52.314514 4.979193,52.314513 4.979279,52.314543 4.979229,52.314833 4.978964,52.314885 4.978942,52.314939 4.978965,52.314984 4.979031,52.315002 4.979112,52.315031 4.979099,52.315085 4.979122,52.315125 4.979186,52.315337 4.979805,52.315351 4.97989,52.315337 4.979978,52.315247 4.98009,52.315138 4.980108,52.314713 4.980496,52.314654 4.980594,52.3146 4.980618,52.314543 4.980595,52.314503 4.980531,52.314488 4.980637,52.314449 4.980702,52.314419 4.980716,52.314384 4.980792,52.314379 4.980825,52.314422 4.980891,52.314448 4.981038,52.314433 4.981127,52.314394 4.981192,52.314053 4.98148,52.314001 4.981503,52.313966 4.98156,52.31366 4.981862,52.313608 4.981884,52.313554 4.981861,52.313495 4.981767,52.313478 4.981691,52.313233 4.981916,52.313181 4.981938,52.313127 4.981915,52.313087 4.981851,52.31306 4.981855,52.312952 4.981963,52.3129 4.981985),(52.313543 4.980756,52.313936 4.980398,52.314008 4.980384,52.314012 4.979894,52.314026 4.979809,52.314069 4.979738,52.314124 4.979714,52.314189 4.979737,52.314215 4.979769,52.314215 4.979663,52.314108 4.979625,52.314098 4.979684,52.314056 4.979751,52.313904 4.979879,52.313964 4.979955,52.313989 4.980073,52.313975 4.980162,52.313934 4.980229,52.313429 4.980688,52.313377 4.980711,52.313296 4.980664,52.313496 4.980859,52.313543 4.980756),(52.312982 4.980314,52.313023 4.980247,52.313418 4.979886,52.313461 4.979867,52.313491 4.97982,52.313941 4.979409,52.314016 4.979397,52.314019 4.979124,52.313975 4.979206,52.313445 4.97969,52.313408 4.979706,52.313381 4.979748,52.312896 4.980191,52.312822 4.980204,52.312975 4.980353,52.312982 4.980314),(52.314563 4.980195,52.315063 4.979738,52.315018 4.979608,52.314588 4.980001,52.314536 4.980023,52.314506 4.980011,52.314504 4.980311,52.314563 4.980195))";4.9800035;52.313718;
43;"WARMTE WIJK";"IN BEDRIJF";"POLYGON((4.883274 52.309172,4.88325 52.309114,4.883186 52.309075,4.883023 52.309061,4.88291 52.30903,4.88196 52.309042,4.881926 52.309029,4.881929 52.308933,4.8829 52.308921,4.883013 52.308889,4.883171 52.308874,4.883236 52.308834,4.883261 52.308781,4.883238 52.308723,4.883173 52.308683,4.883085 52.308668,4.882886 52.308671,4.882768 52.3087,4.882709 52.30869,4.88261 52.308701,4.882236 52.308695,4.882133 52.308707,4.882073 52.308697,4.882072 52.30868,4.882328 52.30865,4.882402 52.308591,4.882531 52.30857,4.882613 52.308576,4.882788 52.308548,4.882868 52.308555,4.882956 52.308541,4.883023 52.308524,4.883088 52.308485,4.883113 52.308431,4.883089 52.308373,4.883025 52.308334,4.882937 52.308319,4.882458 52.308343,4.882229 52.308363,4.88213 52.308387,4.88212 52.30808,4.882212 52.308097,4.8826 52.30811,4.882702 52.308127,4.882926 52.308124,4.88301 52.30811,4.883075 52.308071,4.883099 52.308017,4.883076 52.307959,4.882953 52.307903,4.882865 52.307888,4.882758 52.307897,4.882604 52.307874,4.882436 52.307875,4.882379 52.307864,4.882309 52.307809,4.882138 52.307786,4.882137 52.30776,4.882686 52.307744,4.882797 52.307774,4.883005 52.307772,4.883089 52.307758,4.883154 52.307719,4.883178 52.307665,4.883155 52.307607,4.883091 52.307567,4.882927 52.307553,4.882892 52.307532,4.882804 52.307517,4.881968 52.307527,4.881975 52.307446,4.882808 52.307435,4.882891 52.307421,4.882956 52.307382,4.883076 52.307366,4.883141 52.307327,4.883165 52.307273,4.883142 52.307216,4.883078 52.307176,4.88299 52.307161,4.882789 52.307166,4.882709 52.30718,4.882637 52.307214,4.882562 52.307202,4.882448 52.307216,4.88237 52.307204,4.882262 52.307219,4.882128 52.307212,4.882123 52.307066,4.8821 52.307015,4.882056 52.306987,4.882057 52.306727,4.882077 52.306217,4.882114 52.306195,4.882138 52.306124,4.882247 52.306122,4.882244 52.306193,4.882326 52.306326,4.882391 52.306366,4.882575 52.306389,4.882663 52.306375,4.882733 52.306335,4.882758 52.306281,4.882717 52.306198,4.882622 52.306153,4.882621 52.306121,4.88284 52.306114,4.882863 52.306227,4.882927 52.306267,4.883015 52.306281,4.883182 52.306266,4.883247 52.306227,4.883271 52.306173,4.883226 52.306102,4.8832 52.305947,4.883135 52.305907,4.883 52.305893,4.88294 52.305856,4.882852 52.305841,4.882621 52.305844,4.882516 52.305818,4.882306 52.305821,4.882205 52.305845,4.882089 52.305847,4.882093 52.305783,4.882841 52.305774,4.882924 52.30576,4.882989 52.305721,4.883014 52.305667,4.88299 52.305609,4.882926 52.30557,4.882838 52.305555,4.882091 52.305564,4.882069 52.30488,4.882441 52.304875,4.882475 52.304896,4.882563 52.304911,4.882657 52.304897,4.882722 52.304857,4.882746 52.304803,4.882722 52.304709,4.882688 52.304688,4.882888 52.304673,4.882953 52.304634,4.882978 52.30458,4.882955 52.304522,4.88289 52.304483,4.882802 52.304468,4.882577 52.304471,4.882471 52.304445,4.882261 52.304448,4.882155 52.304476,4.882056 52.304477,4.882053 52.304385,4.882789 52.304387,4.882872 52.304373,4.882937 52.304334,4.882962 52.30428,4.882938 52.304223,4.882874 52.304183,4.882786 52.304168,4.882076 52.304166,4.88212 52.30414,4.882145 52.304086,4.882122 52.304028,4.88204 52.303986,4.882034 52.303819,4.882629 52.303811,4.882712 52.303797,4.882777 52.303758,4.882802 52.303704,4.882751 52.302143,4.882728 52.302092,4.882664 52.302052,4.882576 52.302038,4.882267 52.302041,4.882183 52.302055,4.882112 52.302108,4.882004 52.302098,4.881908 52.302119,4.881605 52.302124,4.881531 52.302061,4.881443 52.302046,4.881349 52.302061,4.881284 52.3021,4.881259 52.302154,4.881286 52.302292,4.88135 52.302331,4.881438 52.302346,4.882275 52.302333,4.88236 52.302319,4.882398 52.302296,4.882415 52.30285,4.882393 52.3029,4.882417 52.302973,4.882428 52.303232,4.882327 52.303209,4.88194 52.303214,4.881911 52.303147,4.881847 52.303107,4.881808 52.302994,4.881895 52.303018,4.882001 52.303025,4.882107 52.303012,4.882303 52.302925,4.882327 52.302871,4.882304 52.302817,4.882238 52.302774,4.882054 52.302733,4.881917 52.302725,4.881829 52.302739,4.881785 52.302765,4.88175 52.302763,4.881696 52.302599,4.881631 52.302559,4.881543 52.302545,4.881449 52.302559,4.881384 52.302598,4.88136 52.302652,4.881505 52.303228,4.881542 52.303275,4.881523 52.303317,4.881528 52.303458,4.881551 52.303509,4.881615 52.303549,4.881703 52.303564,4.881706 52.303649,4.881672 52.303709,4.881711 52.304917,4.881668 52.304983,4.881669 52.305023,4.881715 52.305089,4.881737 52.305717,4.881722 52.306035,4.881744 52.306085,4.881721 52.306135,4.881704 52.306655,4.881673 52.306713,4.881697 52.306793,4.881695 52.307069,4.881718 52.307124,4.881749 52.307143,4.881653 52.307188,4.881629 52.307241,4.8816 52.307722,4.881623 52.307775,4.881687 52.307815,4.881775 52.30783,4.881783 52.307885,4.881731 52.30798,4.881751 52.308044,4.881735 52.30808,4.881753 52.308138,4.881738 52.308172,4.88176 52.308514,4.881711 52.308584,4.881713 52.308646,4.881662 52.308655,4.881597 52.308694,4.881572 52.308748,4.881564 52.309128,4.881587 52.309183,4.881652 52.309223,4.8819 52.309276,4.881995 52.309264,4.882056 52.309274,4.882157 52.309262,4.882217 52.309272,4.882632 52.309256,4.882711 52.309266,4.882788 52.309255,4.882903 52.309281,4.8831 52.309279,4.883184 52.309265,4.883249 52.309226,4.883274 52.309172))";"POLYGON((52.309172 4.883274,52.309114 4.88325,52.309075 4.883186,52.309061 4.883023,52.30903 4.88291,52.309042 4.88196,52.309029 4.881926,52.308933 4.881929,52.308921 4.8829,52.308889 4.883013,52.308874 4.883171,52.308834 4.883236,52.308781 4.883261,52.308723 4.883238,52.308683 4.883173,52.308668 4.883085,52.308671 4.882886,52.3087 4.882768,52.30869 4.882709,52.308701 4.88261,52.308695 4.882236,52.308707 4.882133,52.308697 4.882073,52.30868 4.882072,52.30865 4.882328,52.308591 4.882402,52.30857 4.882531,52.308576 4.882613,52.308548 4.882788,52.308555 4.882868,52.308541 4.882956,52.308524 4.883023,52.308485 4.883088,52.308431 4.883113,52.308373 4.883089,52.308334 4.883025,52.308319 4.882937,52.308343 4.882458,52.308363 4.882229,52.308387 4.88213,52.30808 4.88212,52.308097 4.882212,52.30811 4.8826,52.308127 4.882702,52.308124 4.882926,52.30811 4.88301,52.308071 4.883075,52.308017 4.883099,52.307959 4.883076,52.307903 4.882953,52.307888 4.882865,52.307897 4.882758,52.307874 4.882604,52.307875 4.882436,52.307864 4.882379,52.307809 4.882309,52.307786 4.882138,52.30776 4.882137,52.307744 4.882686,52.307774 4.882797,52.307772 4.883005,52.307758 4.883089,52.307719 4.883154,52.307665 4.883178,52.307607 4.883155,52.307567 4.883091,52.307553 4.882927,52.307532 4.882892,52.307517 4.882804,52.307527 4.881968,52.307446 4.881975,52.307435 4.882808,52.307421 4.882891,52.307382 4.882956,52.307366 4.883076,52.307327 4.883141,52.307273 4.883165,52.307216 4.883142,52.307176 4.883078,52.307161 4.88299,52.307166 4.882789,52.30718 4.882709,52.307214 4.882637,52.307202 4.882562,52.307216 4.882448,52.307204 4.88237,52.307219 4.882262,52.307212 4.882128,52.307066 4.882123,52.307015 4.8821,52.306987 4.882056,52.306727 4.882057,52.306217 4.882077,52.306195 4.882114,52.306124 4.882138,52.306122 4.882247,52.306193 4.882244,52.306326 4.882326,52.306366 4.882391,52.306389 4.882575,52.306375 4.882663,52.306335 4.882733,52.306281 4.882758,52.306198 4.882717,52.306153 4.882622,52.306121 4.882621,52.306114 4.88284,52.306227 4.882863,52.306267 4.882927,52.306281 4.883015,52.306266 4.883182,52.306227 4.883247,52.306173 4.883271,52.306102 4.883226,52.305947 4.8832,52.305907 4.883135,52.305893 4.883,52.305856 4.88294,52.305841 4.882852,52.305844 4.882621,52.305818 4.882516,52.305821 4.882306,52.305845 4.882205,52.305847 4.882089,52.305783 4.882093,52.305774 4.882841,52.30576 4.882924,52.305721 4.882989,52.305667 4.883014,52.305609 4.88299,52.30557 4.882926,52.305555 4.882838,52.305564 4.882091,52.30488 4.882069,52.304875 4.882441,52.304896 4.882475,52.304911 4.882563,52.304897 4.882657,52.304857 4.882722,52.304803 4.882746,52.304709 4.882722,52.304688 4.882688,52.304673 4.882888,52.304634 4.882953,52.30458 4.882978,52.304522 4.882955,52.304483 4.88289,52.304468 4.882802,52.304471 4.882577,52.304445 4.882471,52.304448 4.882261,52.304476 4.882155,52.304477 4.882056,52.304385 4.882053,52.304387 4.882789,52.304373 4.882872,52.304334 4.882937,52.30428 4.882962,52.304223 4.882938,52.304183 4.882874,52.304168 4.882786,52.304166 4.882076,52.30414 4.88212,52.304086 4.882145,52.304028 4.882122,52.303986 4.88204,52.303819 4.882034,52.303811 4.882629,52.303797 4.882712,52.303758 4.882777,52.303704 4.882802,52.302143 4.882751,52.302092 4.882728,52.302052 4.882664,52.302038 4.882576,52.302041 4.882267,52.302055 4.882183,52.302108 4.882112,52.302098 4.882004,52.302119 4.881908,52.302124 4.881605,52.302061 4.881531,52.302046 4.881443,52.302061 4.881349,52.3021 4.881284,52.302154 4.881259,52.302292 4.881286,52.302331 4.88135,52.302346 4.881438,52.302333 4.882275,52.302319 4.88236,52.302296 4.882398,52.30285 4.882415,52.3029 4.882393,52.302973 4.882417,52.303232 4.882428,52.303209 4.882327,52.303214 4.88194,52.303147 4.881911,52.303107 4.881847,52.302994 4.881808,52.303018 4.881895,52.303025 4.882001,52.303012 4.882107,52.302925 4.882303,52.302871 4.882327,52.302817 4.882304,52.302774 4.882238,52.302733 4.882054,52.302725 4.881917,52.302739 4.881829,52.302765 4.881785,52.302763 4.88175,52.302599 4.881696,52.302559 4.881631,52.302545 4.881543,52.302559 4.881449,52.302598 4.881384,52.302652 4.88136,52.303228 4.881505,52.303275 4.881542,52.303317 4.881523,52.303458 4.881528,52.303509 4.881551,52.303549 4.881615,52.303564 4.881703,52.303649 4.881706,52.303709 4.881672,52.304917 4.881711,52.304983 4.881668,52.305023 4.881669,52.305089 4.881715,52.305717 4.881737,52.306035 4.881722,52.306085 4.881744,52.306135 4.881721,52.306655 4.881704,52.306713 4.881673,52.306793 4.881697,52.307069 4.881695,52.307124 4.881718,52.307143 4.881749,52.307188 4.881653,52.307241 4.881629,52.307722 4.8816,52.307775 4.881623,52.307815 4.881687,52.30783 4.881775,52.307885 4.881783,52.30798 4.881731,52.308044 4.881751,52.30808 4.881735,52.308138 4.881753,52.308172 4.881738,52.308514 4.88176,52.308584 4.881711,52.308646 4.881713,52.308655 4.881662,52.308694 4.881597,52.308748 4.881572,52.309128 4.881564,52.309183 4.881587,52.309223 4.881652,52.309276 4.8819,52.309264 4.881995,52.309274 4.882056,52.309262 4.882157,52.309272 4.882217,52.309256 4.882632,52.309266 4.882711,52.309255 4.882788,52.309281 4.882903,52.309279 4.8831,52.309265 4.883184,52.309226 4.883249,52.309172 4.883274))";4.8822715;52.3056525;
44;"WARMTE WIJK";"IN BEDRIJF";"POLYGON((4.970517 52.310819,4.970494 52.310764,4.970443 52.310727,4.97012 52.310615,4.969956 52.310528,4.969863 52.310511,4.969775 52.310525,4.96971 52.310564,4.968834 52.311514,4.968667 52.311764,4.968332 52.312145,4.968309 52.312198,4.968332 52.312252,4.968396 52.312292,4.968542 52.312343,4.968272 52.312632,4.968169 52.312601,4.968094 52.312597,4.967985 52.312626,4.967916 52.312681,4.967892 52.312735,4.967915 52.312789,4.967979 52.312828,4.968068 52.312847,4.968141 52.312881,4.968073 52.312954,4.967835 52.312887,4.967747 52.312901,4.967693 52.312934,4.967639 52.312925,4.967551 52.312939,4.967486 52.312978,4.967376 52.313092,4.967354 52.313145,4.967377 52.313199,4.967441 52.313239,4.96772 52.313322,4.96765 52.313412,4.967382 52.313308,4.967289 52.313292,4.9672 52.313306,4.96708 52.313386,4.967056 52.31344,4.967105 52.313511,4.966986 52.313523,4.966898 52.313582,4.966874 52.313638,4.966897 52.313694,4.966953 52.313732,4.967226 52.313827,4.967241 52.313862,4.967201 52.313905,4.966985 52.313841,4.966924 52.313809,4.966834 52.313793,4.966746 52.313807,4.966684 52.313843,4.966601 52.313924,4.966578 52.313976,4.966498 52.314041,4.966473 52.314095,4.966497 52.314149,4.966561 52.314189,4.966856 52.314282,4.9668 52.314344,4.966765 52.314381,4.966491 52.314278,4.966398 52.314261,4.966309 52.314275,4.966233 52.314329,4.966199 52.314424,4.96624 52.314485,4.966386 52.314546,4.966273 52.314556,4.966208 52.314595,4.965928 52.314924,4.965781 52.31489,4.965692 52.314904,4.965601 52.314973,4.965579 52.315024,4.965603 52.315078,4.96573 52.315138,4.965601 52.315293,4.96555 52.315327,4.965529 52.315373,4.965477 52.315409,4.965451 52.315464,4.965474 52.315518,4.965417 52.315583,4.965402 52.315599,4.965321 52.315612,4.965256 52.315651,4.965047 52.315881,4.96502 52.315938,4.965042 52.315989,4.964886 52.316159,4.964812 52.31617,4.964747 52.31621,4.964463 52.316515,4.964437 52.316572,4.96446 52.316626,4.964568 52.316688,4.964839 52.316775,4.964924 52.316788,4.965012 52.316774,4.965077 52.316735,4.965252 52.316543,4.965279 52.316487,4.965256 52.316433,4.965171 52.316386,4.965214 52.316339,4.965288 52.316351,4.965379 52.316343,4.965475 52.316295,4.965502 52.316243,4.965621 52.316134,4.965643 52.316085,4.965693 52.316055,4.965724 52.315985,4.965798 52.31594,4.9659 52.315806,4.965953 52.31577,4.965976 52.315704,4.965946 52.315647,4.965884 52.315606,4.966034 52.315605,4.96615 52.315553,4.966179 52.3155,4.966378 52.315304,4.966403 52.315245,4.966378 52.315184,4.966277 52.315127,4.966268 52.315106,4.966561 52.314793,4.966813 52.314716,4.96724 52.314825,4.967344 52.314811,4.967402 52.314783,4.967463 52.314739,4.967487 52.314685,4.967464 52.314631,4.9674 52.314591,4.967307 52.314572,4.967258 52.314542,4.967081 52.314486,4.967159 52.3144,4.967312 52.314459,4.967399 52.314477,4.967444 52.314505,4.967549 52.314525,4.967637 52.314511,4.967729 52.314442,4.967848 52.314467,4.967937 52.314453,4.968002 52.314414,4.968073 52.314347,4.968101 52.314289,4.968078 52.314235,4.968014 52.314195,4.967501 52.314026,4.967573 52.313949,4.967877 52.314053,4.96795 52.314114,4.968108 52.314163,4.968245 52.314152,4.968316 52.314109,4.968379 52.314011,4.968354 52.313952,4.9683 52.313914,4.968411 52.313903,4.968476 52.313864,4.968505 52.313759,4.968482 52.313705,4.968418 52.313665,4.968331 52.313647,4.968285 52.313619,4.968197 52.313601,4.968151 52.313573,4.968065 52.313555,4.967969 52.313514,4.968038 52.313437,4.968193 52.313497,4.968279 52.313515,4.968324 52.313542,4.968412 52.31356,4.968457 52.313588,4.968561 52.313608,4.968649 52.313594,4.968747 52.31352,4.968833 52.313506,4.968898 52.313466,4.968981 52.313329,4.968958 52.313275,4.968894 52.313236,4.968806 52.313217,4.968762 52.31319,4.968676 52.313172,4.968632 52.313145,4.968383 52.313066,4.968454 52.312989,4.968757 52.313086,4.968802 52.313114,4.968888 52.313131,4.968946 52.313163,4.969039 52.313179,4.969127 52.313165,4.969204 52.313123,4.969257 52.313042,4.969206 52.312961,4.968652 52.312762,4.968639 52.312693,4.968954 52.312359,4.968977 52.312309,4.969049 52.312342,4.969128 52.312355,4.969179 52.312387,4.969285 52.312404,4.969396 52.312386,4.969468 52.312346,4.969501 52.312282,4.969468 52.312216,4.969385 52.312174,4.969484 52.31219,4.969583 52.312176,4.969649 52.312146,4.969696 52.31209,4.969695 52.312041,4.969647 52.311989,4.969097 52.311794,4.969053 52.311767,4.969091 52.311764,4.96914 52.311794,4.96922 52.311809,4.969269 52.31184,4.96935 52.311855,4.969438 52.311895,4.969562 52.311898,4.96967 52.31186,4.969725 52.311788,4.969702 52.311719,4.969634 52.311677,4.969258 52.31154,4.969472 52.311619,4.969551 52.311632,4.969602 52.311664,4.969708 52.311681,4.969791 52.311671,4.969879 52.311634,4.969926 52.311573,4.969915 52.311514,4.969839 52.31146,4.969431 52.311315,4.969457 52.311311,4.969558 52.311342,4.969743 52.311416,4.969849 52.311434,4.969979 52.311409,4.970044 52.311366,4.970068 52.311326,4.970046 52.311249,4.969978 52.311207,4.969641 52.311085,4.969707 52.311092,4.96997 52.31119,4.970059 52.311205,4.970168 52.311187,4.970263 52.311126,4.97028 52.311078,4.970256 52.311022,4.970186 52.310979,4.969879 52.310873,4.969853 52.310856,4.969885 52.31082,4.970072 52.310876,4.970125 52.310907,4.970296 52.310946,4.970438 52.310915,4.970489 52.31088,4.970517 52.310819))";"POLYGON((52.310819 4.970517,52.310764 4.970494,52.310727 4.970443,52.310615 4.97012,52.310528 4.969956,52.310511 4.969863,52.310525 4.969775,52.310564 4.96971,52.311514 4.968834,52.311764 4.968667,52.312145 4.968332,52.312198 4.968309,52.312252 4.968332,52.312292 4.968396,52.312343 4.968542,52.312632 4.968272,52.312601 4.968169,52.312597 4.968094,52.312626 4.967985,52.312681 4.967916,52.312735 4.967892,52.312789 4.967915,52.312828 4.967979,52.312847 4.968068,52.312881 4.968141,52.312954 4.968073,52.312887 4.967835,52.312901 4.967747,52.312934 4.967693,52.312925 4.967639,52.312939 4.967551,52.312978 4.967486,52.313092 4.967376,52.313145 4.967354,52.313199 4.967377,52.313239 4.967441,52.313322 4.96772,52.313412 4.96765,52.313308 4.967382,52.313292 4.967289,52.313306 4.9672,52.313386 4.96708,52.31344 4.967056,52.313511 4.967105,52.313523 4.966986,52.313582 4.966898,52.313638 4.966874,52.313694 4.966897,52.313732 4.966953,52.313827 4.967226,52.313862 4.967241,52.313905 4.967201,52.313841 4.966985,52.313809 4.966924,52.313793 4.966834,52.313807 4.966746,52.313843 4.966684,52.313924 4.966601,52.313976 4.966578,52.314041 4.966498,52.314095 4.966473,52.314149 4.966497,52.314189 4.966561,52.314282 4.966856,52.314344 4.9668,52.314381 4.966765,52.314278 4.966491,52.314261 4.966398,52.314275 4.966309,52.314329 4.966233,52.314424 4.966199,52.314485 4.96624,52.314546 4.966386,52.314556 4.966273,52.314595 4.966208,52.314924 4.965928,52.31489 4.965781,52.314904 4.965692,52.314973 4.965601,52.315024 4.965579,52.315078 4.965603,52.315138 4.96573,52.315293 4.965601,52.315327 4.96555,52.315373 4.965529,52.315409 4.965477,52.315464 4.965451,52.315518 4.965474,52.315583 4.965417,52.315599 4.965402,52.315612 4.965321,52.315651 4.965256,52.315881 4.965047,52.315938 4.96502,52.315989 4.965042,52.316159 4.964886,52.31617 4.964812,52.31621 4.964747,52.316515 4.964463,52.316572 4.964437,52.316626 4.96446,52.316688 4.964568,52.316775 4.964839,52.316788 4.964924,52.316774 4.965012,52.316735 4.965077,52.316543 4.965252,52.316487 4.965279,52.316433 4.965256,52.316386 4.965171,52.316339 4.965214,52.316351 4.965288,52.316343 4.965379,52.316295 4.965475,52.316243 4.965502,52.316134 4.965621,52.316085 4.965643,52.316055 4.965693,52.315985 4.965724,52.31594 4.965798,52.315806 4.9659,52.31577 4.965953,52.315704 4.965976,52.315647 4.965946,52.315606 4.965884,52.315605 4.966034,52.315553 4.96615,52.3155 4.966179,52.315304 4.966378,52.315245 4.966403,52.315184 4.966378,52.315127 4.966277,52.315106 4.966268,52.314793 4.966561,52.314716 4.966813,52.314825 4.96724,52.314811 4.967344,52.314783 4.967402,52.314739 4.967463,52.314685 4.967487,52.314631 4.967464,52.314591 4.9674,52.314572 4.967307,52.314542 4.967258,52.314486 4.967081,52.3144 4.967159,52.314459 4.967312,52.314477 4.967399,52.314505 4.967444,52.314525 4.967549,52.314511 4.967637,52.314442 4.967729,52.314467 4.967848,52.314453 4.967937,52.314414 4.968002,52.314347 4.968073,52.314289 4.968101,52.314235 4.968078,52.314195 4.968014,52.314026 4.967501,52.313949 4.967573,52.314053 4.967877,52.314114 4.96795,52.314163 4.968108,52.314152 4.968245,52.314109 4.968316,52.314011 4.968379,52.313952 4.968354,52.313914 4.9683,52.313903 4.968411,52.313864 4.968476,52.313759 4.968505,52.313705 4.968482,52.313665 4.968418,52.313647 4.968331,52.313619 4.968285,52.313601 4.968197,52.313573 4.968151,52.313555 4.968065,52.313514 4.967969,52.313437 4.968038,52.313497 4.968193,52.313515 4.968279,52.313542 4.968324,52.31356 4.968412,52.313588 4.968457,52.313608 4.968561,52.313594 4.968649,52.31352 4.968747,52.313506 4.968833,52.313466 4.968898,52.313329 4.968981,52.313275 4.968958,52.313236 4.968894,52.313217 4.968806,52.31319 4.968762,52.313172 4.968676,52.313145 4.968632,52.313066 4.968383,52.312989 4.968454,52.313086 4.968757,52.313114 4.968802,52.313131 4.968888,52.313163 4.968946,52.313179 4.969039,52.313165 4.969127,52.313123 4.969204,52.313042 4.969257,52.312961 4.969206,52.312762 4.968652,52.312693 4.968639,52.312359 4.968954,52.312309 4.968977,52.312342 4.969049,52.312355 4.969128,52.312387 4.969179,52.312404 4.969285,52.312386 4.969396,52.312346 4.969468,52.312282 4.969501,52.312216 4.969468,52.312174 4.969385,52.31219 4.969484,52.312176 4.969583,52.312146 4.969649,52.31209 4.969696,52.312041 4.969695,52.311989 4.969647,52.311794 4.969097,52.311767 4.969053,52.311764 4.969091,52.311794 4.96914,52.311809 4.96922,52.31184 4.969269,52.311855 4.96935,52.311895 4.969438,52.311898 4.969562,52.31186 4.96967,52.311788 4.969725,52.311719 4.969702,52.311677 4.969634,52.31154 4.969258,52.311619 4.969472,52.311632 4.969551,52.311664 4.969602,52.311681 4.969708,52.311671 4.969791,52.311634 4.969879,52.311573 4.969926,52.311514 4.969915,52.31146 4.969839,52.311315 4.969431,52.311311 4.969457,52.311342 4.969558,52.311416 4.969743,52.311434 4.969849,52.311409 4.969979,52.311366 4.970044,52.311326 4.970068,52.311249 4.970046,52.311207 4.969978,52.311085 4.969641,52.311092 4.969707,52.31119 4.96997,52.311205 4.970059,52.311187 4.970168,52.311126 4.970263,52.311078 4.97028,52.311022 4.970256,52.310979 4.970186,52.310873 4.969879,52.310856 4.969853,52.31082 4.969885,52.310876 4.970072,52.310907 4.970125,52.310946 4.970296,52.310915 4.970438,52.31088 4.970489,52.310819 4.970517))";4.967482;52.3136425;
45;"WARMTE WIJK";"IN BEDRIJF";"POLYGON((4.801556 52.374841,4.801437 52.37434,4.801394 52.374291,4.801412 52.374228,4.80114 52.373196,4.801119 52.37316,4.801055 52.37312,4.800966 52.373105,4.800821 52.373126,4.799444 52.373596,4.799379 52.373635,4.799355 52.373689,4.799377 52.373742,4.799982 52.374412,4.799916 52.374405,4.799827 52.374419,4.799762 52.374458,4.799734 52.374514,4.799757 52.374569,4.799811 52.374605,4.800191 52.375022,4.800237 52.375051,4.800099 52.375064,4.800029 52.375037,4.800012 52.374996,4.799581 52.374524,4.79951 52.374482,4.799397 52.374458,4.799303 52.374471,4.799238 52.37451,4.799213 52.374567,4.799246 52.374633,4.799201 52.374573,4.799137 52.374534,4.798939 52.374501,4.798851 52.374515,4.798785 52.374554,4.798759 52.374611,4.798782 52.374665,4.79884 52.374707,4.799212 52.375114,4.799265 52.375147,4.799123 52.375161,4.799056 52.375135,4.799039 52.375096,4.79862 52.374636,4.798533 52.374579,4.798421 52.374554,4.798327 52.374568,4.798262 52.374607,4.798239 52.374647,4.798271 52.374729,4.798226 52.37467,4.798161 52.37463,4.797964 52.374598,4.797876 52.374612,4.797811 52.374651,4.797782 52.374707,4.797805 52.374762,4.797857 52.374797,4.798239 52.375214,4.798305 52.375255,4.79838 52.375268,4.798341 52.375274,4.798104 52.375294,4.797974 52.375174,4.797955 52.375128,4.79782 52.375004,4.797715 52.374866,4.797665 52.374835,4.797638 52.374781,4.797574 52.374741,4.797463 52.37473,4.797433 52.374711,4.797345 52.374696,4.797256 52.37471,4.797186 52.374751,4.797161 52.374805,4.797183 52.374858,4.797648 52.375371,4.797468 52.375389,4.797194 52.375108,4.79713 52.375069,4.797042 52.375054,4.79689 52.375089,4.796749 52.374952,4.796721 52.374899,4.796672 52.374867,4.796654 52.374825,4.796587 52.374783,4.796456 52.374768,4.796368 52.374782,4.796298 52.374823,4.796273 52.374877,4.796296 52.37493,4.796634 52.375301,4.796686 52.375334,4.79626 52.375376,4.79627 52.37533,4.796132 52.374851,4.796062 52.374808,4.79594 52.374789,4.795843 52.374803,4.795778 52.374842,4.795754 52.374896,4.795853 52.375241,4.795859 52.375291,4.79582 52.375353,4.795852 52.375493,4.795873 52.375531,4.795938 52.37557,4.796053 52.375617,4.796141 52.375631,4.797039 52.375538,4.797128 52.375479,4.797212 52.375567,4.797275 52.375606,4.797363 52.37562,4.800735 52.375287,4.800783 52.375275,4.800852 52.375227,4.800914 52.375237,4.801038 52.375211,4.801226 52.375091,4.801448 52.375073,4.801513 52.375034,4.801541 52.374978,4.801518 52.374924,4.801556 52.374841),(4.800949 52.374861,4.800557 52.374432,4.800459 52.374375,4.800347 52.374364,4.79984 52.3738,4.79989 52.373791,4.799958 52.373745,4.800036 52.37373,4.800094 52.373695,4.800189 52.373676,4.800259 52.373627,4.800369 52.373614,4.800417 52.373586,4.800497 52.37357,4.800562 52.373531,4.800578 52.373458,4.80065 52.373434,4.800715 52.3735,4.800798 52.373543,4.800879 52.373864,4.800963 52.373908,4.800909 52.373996,4.800953 52.374063,4.800937 52.374104,4.800978 52.374258,4.801022 52.374325,4.800999 52.374381,4.801101 52.374733,4.80119 52.374787,4.800949 52.374861))";"POLYGON((52.374841 4.801556,52.37434 4.801437,52.374291 4.801394,52.374228 4.801412,52.373196 4.80114,52.37316 4.801119,52.37312 4.801055,52.373105 4.800966,52.373126 4.800821,52.373596 4.799444,52.373635 4.799379,52.373689 4.799355,52.373742 4.799377,52.374412 4.799982,52.374405 4.799916,52.374419 4.799827,52.374458 4.799762,52.374514 4.799734,52.374569 4.799757,52.374605 4.799811,52.375022 4.800191,52.375051 4.800237,52.375064 4.800099,52.375037 4.800029,52.374996 4.800012,52.374524 4.799581,52.374482 4.79951,52.374458 4.799397,52.374471 4.799303,52.37451 4.799238,52.374567 4.799213,52.374633 4.799246,52.374573 4.799201,52.374534 4.799137,52.374501 4.798939,52.374515 4.798851,52.374554 4.798785,52.374611 4.798759,52.374665 4.798782,52.374707 4.79884,52.375114 4.799212,52.375147 4.799265,52.375161 4.799123,52.375135 4.799056,52.375096 4.799039,52.374636 4.79862,52.374579 4.798533,52.374554 4.798421,52.374568 4.798327,52.374607 4.798262,52.374647 4.798239,52.374729 4.798271,52.37467 4.798226,52.37463 4.798161,52.374598 4.797964,52.374612 4.797876,52.374651 4.797811,52.374707 4.797782,52.374762 4.797805,52.374797 4.797857,52.375214 4.798239,52.375255 4.798305,52.375268 4.79838,52.375274 4.798341,52.375294 4.798104,52.375174 4.797974,52.375128 4.797955,52.375004 4.79782,52.374866 4.797715,52.374835 4.797665,52.374781 4.797638,52.374741 4.797574,52.37473 4.797463,52.374711 4.797433,52.374696 4.797345,52.37471 4.797256,52.374751 4.797186,52.374805 4.797161,52.374858 4.797183,52.375371 4.797648,52.375389 4.797468,52.375108 4.797194,52.375069 4.79713,52.375054 4.797042,52.375089 4.79689,52.374952 4.796749,52.374899 4.796721,52.374867 4.796672,52.374825 4.796654,52.374783 4.796587,52.374768 4.796456,52.374782 4.796368,52.374823 4.796298,52.374877 4.796273,52.37493 4.796296,52.375301 4.796634,52.375334 4.796686,52.375376 4.79626,52.37533 4.79627,52.374851 4.796132,52.374808 4.796062,52.374789 4.79594,52.374803 4.795843,52.374842 4.795778,52.374896 4.795754,52.375241 4.795853,52.375291 4.795859,52.375353 4.79582,52.375493 4.795852,52.375531 4.795873,52.37557 4.795938,52.375617 4.796053,52.375631 4.796141,52.375538 4.797039,52.375479 4.797128,52.375567 4.797212,52.375606 4.797275,52.37562 4.797363,52.375287 4.800735,52.375275 4.800783,52.375227 4.800852,52.375237 4.800914,52.375211 4.801038,52.375091 4.801226,52.375073 4.801448,52.375034 4.801513,52.374978 4.801541,52.374924 4.801518,52.374841 4.801556),(52.374861 4.800949,52.374432 4.800557,52.374375 4.800459,52.374364 4.800347,52.3738 4.79984,52.373791 4.79989,52.373745 4.799958,52.37373 4.800036,52.373695 4.800094,52.373676 4.800189,52.373627 4.800259,52.373614 4.800369,52.373586 4.800417,52.37357 4.800497,52.373531 4.800562,52.373458 4.800578,52.373434 4.80065,52.3735 4.800715,52.373543 4.800798,52.373864 4.800879,52.373908 4.800963,52.373996 4.800909,52.374063 4.800953,52.374104 4.800937,52.374258 4.800978,52.374325 4.801022,52.374381 4.800999,52.374733 4.801101,52.374787 4.80119,52.374861 4.800949))";4.79866;52.374361;
46;"WARMTE WIJK";"IN BEDRIJF";"POLYGON((4.97246 52.342031,4.972437 52.341977,4.972346 52.341929,4.972232 52.34191,4.97212 52.341939,4.971932 52.341893,4.972092 52.341639,4.97217 52.341598,4.972195 52.341541,4.972179 52.341503,4.972304 52.341288,4.97228 52.341234,4.972216 52.341194,4.972002 52.341141,4.972043 52.341074,4.97202 52.34102,4.971956 52.34098,4.971828 52.340956,4.971739 52.34097,4.971661 52.341026,4.971567 52.3412,4.97159 52.341254,4.971654 52.341294,4.971887 52.341351,4.97151 52.341947,4.971408 52.34196,4.971343 52.341999,4.971158 52.342311,4.971493 52.342825,4.971203 52.343271,4.971093 52.343252,4.971004 52.343267,4.970939 52.343306,4.970911 52.343347,4.970296 52.3432,4.970233 52.343193,4.970144 52.343207,4.970067 52.343261,4.969858 52.343586,4.969753 52.343598,4.969688 52.343638,4.969655 52.343727,4.969519 52.343702,4.96944 52.343713,4.969334 52.343765,4.968523 52.34402,4.968493 52.344001,4.968405 52.343986,4.968316 52.344001,4.96823 52.344047,4.968211 52.344116,4.96812 52.344165,4.968044 52.344168,4.967111 52.344362,4.966726 52.34451,4.966669 52.344546,4.966645 52.3446,4.966668 52.344654,4.966893 52.344875,4.9666 52.344993,4.966081 52.34484,4.965973 52.344784,4.965784 52.344738,4.965718 52.344696,4.965539 52.344659,4.965451 52.344673,4.965386 52.344713,4.965358 52.344772,4.965398 52.344836,4.965183 52.345176,4.965059 52.345154,4.96497 52.345168,4.964905 52.345207,4.964874 52.345253,4.964434 52.345147,4.964413 52.345098,4.964324 52.345051,4.964163 52.34502,4.964075 52.345034,4.96401 52.345074,4.963983 52.345132,4.964028 52.3452,4.963813 52.345542,4.963687 52.34552,4.963598 52.345534,4.963533 52.345573,4.9635 52.345621,4.963054 52.345514,4.963033 52.345464,4.962944 52.345417,4.962786 52.345387,4.962697 52.345401,4.962632 52.34544,4.962605 52.3455,4.962649 52.345567,4.962417 52.345935,4.961906 52.345812,4.961816 52.345796,4.961727 52.345811,4.961662 52.34585,4.961622 52.34591,4.96161 52.345948,4.961633 52.346002,4.961663 52.34602,4.961579 52.346153,4.961536 52.34616,4.961381 52.346062,4.961342 52.346014,4.961234 52.345971,4.961121 52.345901,4.961365 52.345511,4.961342 52.345457,4.961239 52.345386,4.961128 52.345366,4.96104 52.34538,4.960975 52.345419,4.960936 52.345496,4.960959 52.34555,4.960849 52.345732,4.96071 52.345626,4.960612 52.345584,4.960434 52.345472,4.960675 52.34508,4.960652 52.345026,4.960547 52.344957,4.960437 52.344939,4.960349 52.344953,4.960284 52.344992,4.960247 52.345065,4.96027 52.345119,4.960162 52.345303,4.959943 52.345147,4.959875 52.345124,4.959743 52.345043,4.959983 52.344651,4.95996 52.344597,4.959855 52.344528,4.959746 52.344508,4.959658 52.344522,4.959593 52.344562,4.959555 52.344636,4.959578 52.34469,4.959471 52.344875,4.959358 52.344805,4.959322 52.344764,4.959225 52.344722,4.959056 52.344617,4.959298 52.344222,4.959275 52.344168,4.959158 52.344096,4.959063 52.34408,4.958975 52.344094,4.958909 52.344133,4.958872 52.344208,4.958895 52.344262,4.958749 52.344498,4.958653 52.344566,4.958629 52.34462,4.958652 52.344674,4.96132 52.34634,4.961306 52.346372,4.961329 52.346426,4.961377 52.346461,4.961501 52.346493,4.96159 52.346478,4.961879 52.346299,4.962019 52.346082,4.962463 52.346187,4.962526 52.346194,4.962614 52.34618,4.962692 52.346125,4.962942 52.345728,4.963607 52.345881,4.963696 52.345867,4.963761 52.345828,4.963795 52.345778,4.963919 52.3458,4.964007 52.345786,4.964072 52.345747,4.964319 52.34536,4.964982 52.345511,4.96507 52.345497,4.965135 52.345458,4.965167 52.345412,4.965292 52.345434,4.965381 52.34542,4.965458 52.345366,4.965713 52.344963,4.9665 52.345219,4.966579 52.34523,4.966734 52.345203,4.967236 52.345003,4.967292 52.344967,4.967316 52.344913,4.967296 52.344852,4.967075 52.344635,4.967248 52.344567,4.968056 52.344399,4.968112 52.344409,4.968183 52.3444,4.96836 52.344353,4.968449 52.344293,4.969563 52.343942,4.969793 52.343998,4.969856 52.344005,4.969945 52.343991,4.970022 52.343937,4.970336 52.343446,4.971016 52.3436,4.971105 52.343586,4.97117 52.343547,4.971197 52.343509,4.971305 52.343528,4.971394 52.343513,4.971471 52.34346,4.971854 52.34287,4.971987 52.342861,4.972052 52.342821,4.972079 52.342763,4.972056 52.342709,4.971992 52.342669,4.971753 52.342623,4.971571 52.342364,4.97163 52.342328,4.971656 52.34227,4.971633 52.342216,4.971604 52.342198,4.971707 52.342182,4.971772 52.342143,4.971802 52.342099,4.972136 52.34218,4.9722 52.342187,4.972288 52.342173,4.972433 52.342089,4.97246 52.342031))";"POLYGON((52.342031 4.97246,52.341977 4.972437,52.341929 4.972346,52.34191 4.972232,52.341939 4.97212,52.341893 4.971932,52.341639 4.972092,52.341598 4.97217,52.341541 4.972195,52.341503 4.972179,52.341288 4.972304,52.341234 4.97228,52.341194 4.972216,52.341141 4.972002,52.341074 4.972043,52.34102 4.97202,52.34098 4.971956,52.340956 4.971828,52.34097 4.971739,52.341026 4.971661,52.3412 4.971567,52.341254 4.97159,52.341294 4.971654,52.341351 4.971887,52.341947 4.97151,52.34196 4.971408,52.341999 4.971343,52.342311 4.971158,52.342825 4.971493,52.343271 4.971203,52.343252 4.971093,52.343267 4.971004,52.343306 4.970939,52.343347 4.970911,52.3432 4.970296,52.343193 4.970233,52.343207 4.970144,52.343261 4.970067,52.343586 4.969858,52.343598 4.969753,52.343638 4.969688,52.343727 4.969655,52.343702 4.969519,52.343713 4.96944,52.343765 4.969334,52.34402 4.968523,52.344001 4.968493,52.343986 4.968405,52.344001 4.968316,52.344047 4.96823,52.344116 4.968211,52.344165 4.96812,52.344168 4.968044,52.344362 4.967111,52.34451 4.966726,52.344546 4.966669,52.3446 4.966645,52.344654 4.966668,52.344875 4.966893,52.344993 4.9666,52.34484 4.966081,52.344784 4.965973,52.344738 4.965784,52.344696 4.965718,52.344659 4.965539,52.344673 4.965451,52.344713 4.965386,52.344772 4.965358,52.344836 4.965398,52.345176 4.965183,52.345154 4.965059,52.345168 4.96497,52.345207 4.964905,52.345253 4.964874,52.345147 4.964434,52.345098 4.964413,52.345051 4.964324,52.34502 4.964163,52.345034 4.964075,52.345074 4.96401,52.345132 4.963983,52.3452 4.964028,52.345542 4.963813,52.34552 4.963687,52.345534 4.963598,52.345573 4.963533,52.345621 4.9635,52.345514 4.963054,52.345464 4.963033,52.345417 4.962944,52.345387 4.962786,52.345401 4.962697,52.34544 4.962632,52.3455 4.962605,52.345567 4.962649,52.345935 4.962417,52.345812 4.961906,52.345796 4.961816,52.345811 4.961727,52.34585 4.961662,52.34591 4.961622,52.345948 4.96161,52.346002 4.961633,52.34602 4.961663,52.346153 4.961579,52.34616 4.961536,52.346062 4.961381,52.346014 4.961342,52.345971 4.961234,52.345901 4.961121,52.345511 4.961365,52.345457 4.961342,52.345386 4.961239,52.345366 4.961128,52.34538 4.96104,52.345419 4.960975,52.345496 4.960936,52.34555 4.960959,52.345732 4.960849,52.345626 4.96071,52.345584 4.960612,52.345472 4.960434,52.34508 4.960675,52.345026 4.960652,52.344957 4.960547,52.344939 4.960437,52.344953 4.960349,52.344992 4.960284,52.345065 4.960247,52.345119 4.96027,52.345303 4.960162,52.345147 4.959943,52.345124 4.959875,52.345043 4.959743,52.344651 4.959983,52.344597 4.95996,52.344528 4.959855,52.344508 4.959746,52.344522 4.959658,52.344562 4.959593,52.344636 4.959555,52.34469 4.959578,52.344875 4.959471,52.344805 4.959358,52.344764 4.959322,52.344722 4.959225,52.344617 4.959056,52.344222 4.959298,52.344168 4.959275,52.344096 4.959158,52.34408 4.959063,52.344094 4.958975,52.344133 4.958909,52.344208 4.958872,52.344262 4.958895,52.344498 4.958749,52.344566 4.958653,52.34462 4.958629,52.344674 4.958652,52.34634 4.96132,52.346372 4.961306,52.346426 4.961329,52.346461 4.961377,52.346493 4.961501,52.346478 4.96159,52.346299 4.961879,52.346082 4.962019,52.346187 4.962463,52.346194 4.962526,52.34618 4.962614,52.346125 4.962692,52.345728 4.962942,52.345881 4.963607,52.345867 4.963696,52.345828 4.963761,52.345778 4.963795,52.3458 4.963919,52.345786 4.964007,52.345747 4.964072,52.34536 4.964319,52.345511 4.964982,52.345497 4.96507,52.345458 4.965135,52.345412 4.965167,52.345434 4.965292,52.34542 4.965381,52.345366 4.965458,52.344963 4.965713,52.345219 4.9665,52.34523 4.966579,52.345203 4.966734,52.345003 4.967236,52.344967 4.967292,52.344913 4.967316,52.344852 4.967296,52.344635 4.967075,52.344567 4.967248,52.344399 4.968056,52.344409 4.968112,52.3444 4.968183,52.344353 4.96836,52.344293 4.968449,52.343942 4.969563,52.343998 4.969793,52.344005 4.969856,52.343991 4.969945,52.343937 4.970022,52.343446 4.970336,52.3436 4.971016,52.343586 4.971105,52.343547 4.97117,52.343509 4.971197,52.343528 4.971305,52.343513 4.971394,52.34346 4.971471,52.34287 4.971854,52.342861 4.971987,52.342821 4.972052,52.342763 4.972079,52.342709 4.972056,52.342669 4.971992,52.342623 4.971753,52.342364 4.971571,52.342328 4.97163,52.34227 4.971656,52.342216 4.971633,52.342198 4.971604,52.342182 4.971707,52.342143 4.971772,52.342099 4.971802,52.34218 4.972136,52.342187 4.9722,52.342173 4.972288,52.342089 4.972433,52.342031 4.97246))";4.9655495;52.3437175;
47;"WARMTE WIJK";"IN BEDRIJF";"POLYGON((4.88587 52.409693,4.885847 52.409639,4.885701 52.409534,4.885613 52.409519,4.885524 52.409533,4.885446 52.409578,4.885422 52.409632,4.885438 52.409671,4.885362 52.409707,4.885255 52.409718,4.88519 52.409757,4.885173 52.409795,4.884526 52.410098,4.884273 52.409893,4.884293 52.409876,4.885374 52.40936,4.885399 52.409306,4.885375 52.409252,4.885219 52.409154,4.88513 52.409139,4.885042 52.409153,4.884972 52.409195,4.884948 52.409249,4.884963 52.409285,4.884725 52.409396,4.884627 52.409376,4.884538 52.40939,4.884469 52.409432,4.884444 52.409486,4.884459 52.409521,4.883997 52.409738,4.883768 52.409574,4.883662 52.409555,4.883548 52.409575,4.88344 52.409634,4.883415 52.409688,4.883438 52.409742,4.883506 52.409784,4.883616 52.409796,4.883849 52.409978,4.883898 52.410004,4.883975 52.410017,4.884242 52.410232,4.88389 52.410399,4.883327 52.409951,4.8834 52.409907,4.883425 52.409853,4.883401 52.409799,4.883334 52.409756,4.883245 52.409742,4.883108 52.409777,4.882553 52.409341,4.882498 52.40931,4.882409 52.409295,4.882321 52.409309,4.881687 52.409614,4.881644 52.409687,4.881661 52.409737,4.881758 52.409811,4.881846 52.409826,4.881935 52.409811,4.882004 52.40977,4.882024 52.409727,4.882378 52.409559,4.882886 52.40996,4.882811 52.410003,4.882787 52.410057,4.882849 52.410143,4.8829 52.410171,4.88297 52.410182,4.883186 52.410353,4.883275 52.410368,4.883376 52.410349,4.883492 52.410441,4.883092 52.410631,4.883068 52.410685,4.883114 52.410759,4.882957 52.410832,4.882938 52.41077,4.88287 52.410727,4.882782 52.410713,4.882673 52.410735,4.882543 52.410643,4.88262 52.410597,4.882644 52.410543,4.882621 52.410489,4.882577 52.410452,4.882526 52.410424,4.882438 52.410409,4.882349 52.410423,4.882301 52.41045,4.881738 52.410005,4.881688 52.409978,4.8816 52.409963,4.881503 52.409976,4.881438 52.410016,4.881413 52.41007,4.881437 52.410124,4.881502 52.410177,4.881476 52.410232,4.8815 52.410286,4.881567 52.410328,4.881656 52.410343,4.881704 52.410335,4.88239 52.410882,4.882366 52.410936,4.882389 52.41099,4.882457 52.411032,4.882509 52.411041,4.882143 52.411214,4.881192 52.410455,4.881289 52.410382,4.881313 52.410329,4.88129 52.410275,4.88122 52.41023,4.881131 52.410215,4.881043 52.410229,4.880961 52.41027,4.88079 52.410146,4.880701 52.410131,4.880592 52.410153,4.880167 52.410353,4.880123 52.410384,4.880098 52.410438,4.880121 52.410492,4.880211 52.410551,4.880299 52.410566,4.880408 52.410544,4.880491 52.410477,4.880666 52.410395,4.881287 52.410892,4.881244 52.410919,4.88122 52.410973,4.881234 52.411006,4.881145 52.41102,4.881054 52.411061,4.880965 52.411135,4.880941 52.411189,4.880964 52.411243,4.881161 52.411399,4.881228 52.411441,4.881273 52.411449,4.881294 52.411508,4.881361 52.41155,4.881413 52.411559,4.881349 52.411589,4.881251 52.411569,4.881163 52.411583,4.881093 52.411624,4.881067 52.411718,4.880788 52.411855,4.880506 52.411627,4.880577 52.411584,4.880601 52.41153,4.880578 52.411476,4.88051 52.411434,4.880422 52.411419,4.880285 52.411454,4.879988 52.411217,4.880227 52.411105,4.880279 52.411066,4.880296 52.410975,4.880226 52.410901,4.880176 52.410874,4.880087 52.410859,4.879999 52.410873,4.879929 52.410914,4.879909 52.410978,4.87977 52.411043,4.879556 52.410886,4.879468 52.410871,4.879371 52.410884,4.879306 52.410923,4.879282 52.410977,4.879305 52.411031,4.879866 52.41148,4.879848 52.41152,4.879871 52.411574,4.879825 52.411655,4.879848 52.411709,4.879916 52.411752,4.880005 52.411766,4.880093 52.411752,4.880167 52.411719,4.880502 52.411989,4.880124 52.41217,4.879707 52.412366,4.879597 52.412348,4.879509 52.412362,4.879439 52.412403,4.879426 52.412431,4.878679 52.412191,4.87812 52.411742,4.878194 52.411632,4.878171 52.411578,4.878081 52.411518,4.877993 52.411503,4.877904 52.411518,4.877834 52.411559,4.877799 52.411616,4.877705 52.411661,4.87768 52.411715,4.877703 52.411769,4.878447 52.412383,4.87864 52.412426,4.879449 52.412686,4.879528 52.412698,4.879617 52.412684,4.8858 52.409778,4.885846 52.409747,4.88587 52.409693))";"POLYGON((52.409693 4.88587,52.409639 4.885847,52.409534 4.885701,52.409519 4.885613,52.409533 4.885524,52.409578 4.885446,52.409632 4.885422,52.409671 4.885438,52.409707 4.885362,52.409718 4.885255,52.409757 4.88519,52.409795 4.885173,52.410098 4.884526,52.409893 4.884273,52.409876 4.884293,52.40936 4.885374,52.409306 4.885399,52.409252 4.885375,52.409154 4.885219,52.409139 4.88513,52.409153 4.885042,52.409195 4.884972,52.409249 4.884948,52.409285 4.884963,52.409396 4.884725,52.409376 4.884627,52.40939 4.884538,52.409432 4.884469,52.409486 4.884444,52.409521 4.884459,52.409738 4.883997,52.409574 4.883768,52.409555 4.883662,52.409575 4.883548,52.409634 4.88344,52.409688 4.883415,52.409742 4.883438,52.409784 4.883506,52.409796 4.883616,52.409978 4.883849,52.410004 4.883898,52.410017 4.883975,52.410232 4.884242,52.410399 4.88389,52.409951 4.883327,52.409907 4.8834,52.409853 4.883425,52.409799 4.883401,52.409756 4.883334,52.409742 4.883245,52.409777 4.883108,52.409341 4.882553,52.40931 4.882498,52.409295 4.882409,52.409309 4.882321,52.409614 4.881687,52.409687 4.881644,52.409737 4.881661,52.409811 4.881758,52.409826 4.881846,52.409811 4.881935,52.40977 4.882004,52.409727 4.882024,52.409559 4.882378,52.40996 4.882886,52.410003 4.882811,52.410057 4.882787,52.410143 4.882849,52.410171 4.8829,52.410182 4.88297,52.410353 4.883186,52.410368 4.883275,52.410349 4.883376,52.410441 4.883492,52.410631 4.883092,52.410685 4.883068,52.410759 4.883114,52.410832 4.882957,52.41077 4.882938,52.410727 4.88287,52.410713 4.882782,52.410735 4.882673,52.410643 4.882543,52.410597 4.88262,52.410543 4.882644,52.410489 4.882621,52.410452 4.882577,52.410424 4.882526,52.410409 4.882438,52.410423 4.882349,52.41045 4.882301,52.410005 4.881738,52.409978 4.881688,52.409963 4.8816,52.409976 4.881503,52.410016 4.881438,52.41007 4.881413,52.410124 4.881437,52.410177 4.881502,52.410232 4.881476,52.410286 4.8815,52.410328 4.881567,52.410343 4.881656,52.410335 4.881704,52.410882 4.88239,52.410936 4.882366,52.41099 4.882389,52.411032 4.882457,52.411041 4.882509,52.411214 4.882143,52.410455 4.881192,52.410382 4.881289,52.410329 4.881313,52.410275 4.88129,52.41023 4.88122,52.410215 4.881131,52.410229 4.881043,52.41027 4.880961,52.410146 4.88079,52.410131 4.880701,52.410153 4.880592,52.410353 4.880167,52.410384 4.880123,52.410438 4.880098,52.410492 4.880121,52.410551 4.880211,52.410566 4.880299,52.410544 4.880408,52.410477 4.880491,52.410395 4.880666,52.410892 4.881287,52.410919 4.881244,52.410973 4.88122,52.411006 4.881234,52.41102 4.881145,52.411061 4.881054,52.411135 4.880965,52.411189 4.880941,52.411243 4.880964,52.411399 4.881161,52.411441 4.881228,52.411449 4.881273,52.411508 4.881294,52.41155 4.881361,52.411559 4.881413,52.411589 4.881349,52.411569 4.881251,52.411583 4.881163,52.411624 4.881093,52.411718 4.881067,52.411855 4.880788,52.411627 4.880506,52.411584 4.880577,52.41153 4.880601,52.411476 4.880578,52.411434 4.88051,52.411419 4.880422,52.411454 4.880285,52.411217 4.879988,52.411105 4.880227,52.411066 4.880279,52.410975 4.880296,52.410901 4.880226,52.410874 4.880176,52.410859 4.880087,52.410873 4.879999,52.410914 4.879929,52.410978 4.879909,52.411043 4.87977,52.410886 4.879556,52.410871 4.879468,52.410884 4.879371,52.410923 4.879306,52.410977 4.879282,52.411031 4.879305,52.41148 4.879866,52.41152 4.879848,52.411574 4.879871,52.411655 4.879825,52.411709 4.879848,52.411752 4.879916,52.411766 4.880005,52.411752 4.880093,52.411719 4.880167,52.411989 4.880502,52.41217 4.880124,52.412366 4.879707,52.412348 4.879597,52.412362 4.879509,52.412403 4.879439,52.412431 4.879426,52.412191 4.878679,52.411742 4.87812,52.411632 4.878194,52.411578 4.878171,52.411518 4.878081,52.411503 4.877993,52.411518 4.877904,52.411559 4.877834,52.411616 4.877799,52.411661 4.877705,52.411715 4.87768,52.411769 4.877703,52.412383 4.878447,52.412426 4.87864,52.412686 4.879449,52.412698 4.879528,52.412684 4.879617,52.409778 4.8858,52.409747 4.885846,52.409693 4.88587))";4.88178;52.4109115;
48;"WARMTE WIJK";"IN BEDRIJF";"POLYGON((4.917152 52.405696,4.917133 52.405585,4.917074 52.405486,4.917111 52.405422,4.917096 52.405378,4.916992 52.405233,4.917034 52.405157,4.917019 52.405113,4.915604 52.403142,4.915455 52.403064,4.915233 52.40274,4.915179 52.402703,4.914997 52.402674,4.9149 52.402683,4.914685 52.402742,4.914555 52.402828,4.913806 52.403035,4.913754 52.403092,4.913774 52.403175,4.913843 52.40322,4.913943 52.403237,4.914787 52.403041,4.914952 52.402958,4.914998 52.403041,4.914879 52.403056,4.913844 52.403336,4.913779 52.403375,4.913755 52.403429,4.913769 52.403473,4.913693 52.403497,4.913719 52.403439,4.913668 52.403324,4.913584 52.40323,4.913518 52.403187,4.913397 52.403163,4.913309 52.403148,4.913215 52.403163,4.91315 52.403202,4.913125 52.403256,4.913141 52.403301,4.913434 52.403701,4.913498 52.403741,4.913586 52.403756,4.913811 52.403705,4.914052 52.404039,4.914001 52.404113,4.914016 52.404157,4.914298 52.404545,4.91437 52.404594,4.914458 52.404609,4.914612 52.404578,4.914856 52.404917,4.914808 52.404985,4.914823 52.405028,4.915096 52.405411,4.915168 52.405461,4.915257 52.405476,4.915278 52.405495,4.915499 52.405802,4.915564 52.405842,4.915652 52.405857,4.915747 52.405843,4.915812 52.405804,4.915836 52.40575,4.915617 52.405422,4.915753 52.405385,4.915802 52.405415,4.91589 52.40543,4.915979 52.405416,4.916498 52.405272,4.916524 52.405276,4.91655 52.405373,4.916725 52.405627,4.916395 52.40578,4.91634 52.405798,4.916292 52.40579,4.916204 52.405805,4.916052 52.405882,4.915987 52.405933,4.915963 52.405987,4.916031 52.406086,4.916085 52.406115,4.916173 52.40613,4.916262 52.406116,4.916359 52.406051,4.916453 52.406037,4.916902 52.405842,4.916966 52.405831,4.917079 52.405783,4.917128 52.40575,4.917152 52.405696),(4.916327 52.404856,4.916233 52.404872,4.915715 52.405011,4.915649 52.40505,4.915629 52.405095,4.915537 52.40512,4.915472 52.405159,4.915458 52.405189,4.915389 52.405073,4.915342 52.405043,4.915292 52.404938,4.9155 52.404883,4.915611 52.404908,4.915699 52.404894,4.916199 52.404759,4.916262 52.404721,4.916367 52.404863,4.916327 52.404856),(4.91529 52.403496,4.915218 52.403505,4.914512 52.403695,4.91443 52.40372,4.914363 52.403763,4.914332 52.403744,4.914222 52.403732,4.914133 52.403607,4.914164 52.403588,4.91419 52.403505,4.914232 52.403495,4.914234 52.403573,4.914289 52.403623,4.914393 52.40365,4.914487 52.403642,4.915196 52.40345,4.915295 52.403383,4.915365 52.403486,4.915402 52.403508,4.91529 52.403496),(4.915913 52.404427,4.915329 52.404584,4.915264 52.404624,4.915242 52.404672,4.915149 52.404605,4.915096 52.404511,4.915038 52.404475,4.91521 52.404493,4.915304 52.404478,4.915886 52.404321,4.915939 52.404289,4.91601 52.404388,4.91605 52.404413,4.915913 52.404427),(4.915618 52.403953,4.915535 52.403964,4.914715 52.404183,4.91465 52.404223,4.914626 52.404277,4.914646 52.404328,4.914546 52.404348,4.914497 52.40428,4.914548 52.40421,4.914482 52.404075,4.914443 52.404051,4.914632 52.404,4.914716 52.404065,4.914808 52.40408,4.914885 52.404071,4.915514 52.403901,4.915628 52.403823,4.915719 52.403969,4.915618 52.403953))";"POLYGON((52.405696 4.917152,52.405585 4.917133,52.405486 4.917074,52.405422 4.917111,52.405378 4.917096,52.405233 4.916992,52.405157 4.917034,52.405113 4.917019,52.403142 4.915604,52.403064 4.915455,52.40274 4.915233,52.402703 4.915179,52.402674 4.914997,52.402683 4.9149,52.402742 4.914685,52.402828 4.914555,52.403035 4.913806,52.403092 4.913754,52.403175 4.913774,52.40322 4.913843,52.403237 4.913943,52.403041 4.914787,52.402958 4.914952,52.403041 4.914998,52.403056 4.914879,52.403336 4.913844,52.403375 4.913779,52.403429 4.913755,52.403473 4.913769,52.403497 4.913693,52.403439 4.913719,52.403324 4.913668,52.40323 4.913584,52.403187 4.913518,52.403163 4.913397,52.403148 4.913309,52.403163 4.913215,52.403202 4.91315,52.403256 4.913125,52.403301 4.913141,52.403701 4.913434,52.403741 4.913498,52.403756 4.913586,52.403705 4.913811,52.404039 4.914052,52.404113 4.914001,52.404157 4.914016,52.404545 4.914298,52.404594 4.91437,52.404609 4.914458,52.404578 4.914612,52.404917 4.914856,52.404985 4.914808,52.405028 4.914823,52.405411 4.915096,52.405461 4.915168,52.405476 4.915257,52.405495 4.915278,52.405802 4.915499,52.405842 4.915564,52.405857 4.915652,52.405843 4.915747,52.405804 4.915812,52.40575 4.915836,52.405422 4.915617,52.405385 4.915753,52.405415 4.915802,52.40543 4.91589,52.405416 4.915979,52.405272 4.916498,52.405276 4.916524,52.405373 4.91655,52.405627 4.916725,52.40578 4.916395,52.405798 4.91634,52.40579 4.916292,52.405805 4.916204,52.405882 4.916052,52.405933 4.915987,52.405987 4.915963,52.406086 4.916031,52.406115 4.916085,52.40613 4.916173,52.406116 4.916262,52.406051 4.916359,52.406037 4.916453,52.405842 4.916902,52.405831 4.916966,52.405783 4.917079,52.40575 4.917128,52.405696 4.917152),(52.404856 4.916327,52.404872 4.916233,52.405011 4.915715,52.40505 4.915649,52.405095 4.915629,52.40512 4.915537,52.405159 4.915472,52.405189 4.915458,52.405073 4.915389,52.405043 4.915342,52.404938 4.915292,52.404883 4.9155,52.404908 4.915611,52.404894 4.915699,52.404759 4.916199,52.404721 4.916262,52.404863 4.916367,52.404856 4.916327),(52.403496 4.91529,52.403505 4.915218,52.403695 4.914512,52.40372 4.91443,52.403763 4.914363,52.403744 4.914332,52.403732 4.914222,52.403607 4.914133,52.403588 4.914164,52.403505 4.91419,52.403495 4.914232,52.403573 4.914234,52.403623 4.914289,52.40365 4.914393,52.403642 4.914487,52.40345 4.915196,52.403383 4.915295,52.403486 4.915365,52.403508 4.915402,52.403496 4.91529),(52.404427 4.915913,52.404584 4.915329,52.404624 4.915264,52.404672 4.915242,52.404605 4.915149,52.404511 4.915096,52.404475 4.915038,52.404493 4.91521,52.404478 4.915304,52.404321 4.915886,52.404289 4.915939,52.404388 4.91601,52.404413 4.91605,52.404427 4.915913),(52.403953 4.915618,52.403964 4.915535,52.404183 4.914715,52.404223 4.91465,52.404277 4.914626,52.404328 4.914646,52.404348 4.914546,52.40428 4.914497,52.40421 4.914548,52.404075 4.914482,52.404051 4.914443,52.404 4.914632,52.404065 4.914716,52.40408 4.914808,52.404071 4.914885,52.403901 4.915514,52.403823 4.915628,52.403969 4.915719,52.403953 4.915618))";4.9151435;52.404395;
49;"WARMTE WIJK";"IN BEDRIJF";"POLYGON((4.90978 52.369843,4.909736 52.369622,4.909678 52.369585,4.909267 52.369423,4.909142 52.369343,4.909054 52.369328,4.908965 52.369342,4.908892 52.369385,4.908847 52.369516,4.908866 52.369561,4.908785 52.369512,4.908708 52.369497,4.90839 52.369369,4.908332 52.369327,4.908139 52.369268,4.907813 52.369137,4.907753 52.369091,4.907554 52.369032,4.907246 52.368908,4.907076 52.368821,4.90699 52.368805,4.906498 52.368595,4.906419 52.368579,4.905964 52.368402,4.90603 52.368309,4.906007 52.368255,4.905953 52.36822,4.905982 52.368162,4.905959 52.368108,4.905894 52.368068,4.905801 52.368051,4.905717 52.36806,4.905571 52.368001,4.905347 52.367967,4.905261 52.36798,4.904769 52.368149,4.904651 52.368088,4.904489 52.368053,4.904415 52.367862,4.904311 52.367816,4.904345 52.367661,4.904408 52.367622,4.904433 52.367567,4.90441 52.367513,4.904346 52.367473,4.904219 52.36745,4.904092 52.367461,4.904027 52.3675,4.903946 52.367764,4.903939 52.367903,4.903966 52.367978,4.904031 52.368018,4.90411 52.368032,4.904125 52.368076,4.904029 52.368099,4.903969 52.368137,4.903865 52.368241,4.903684 52.368206,4.903595 52.36822,4.903525 52.368261,4.903501 52.368315,4.903524 52.368369,4.9036 52.368425,4.90369 52.36845,4.903838 52.36846,4.903836 52.368514,4.903748 52.368528,4.90333 52.368699,4.903254 52.368711,4.902691 52.368963,4.902587 52.368974,4.902536 52.368995,4.902478 52.369043,4.902127 52.369193,4.902076 52.369227,4.902052 52.369281,4.902075 52.369335,4.902309 52.369535,4.902363 52.369565,4.902452 52.36958,4.90254 52.369566,4.902674 52.369498,4.902698 52.369444,4.902675 52.36939,4.902607 52.369347,4.902518 52.369332,4.902488 52.369309,4.903292 52.368981,4.903332 52.369003,4.90342 52.369018,4.903508 52.369004,4.90358 52.368962,4.903604 52.368908,4.903584 52.368861,4.903898 52.368733,4.903992 52.368729,4.904077 52.368776,4.904718 52.369021,4.90481 52.369037,4.904891 52.369025,4.905648 52.369314,4.905662 52.369347,4.905765 52.369403,4.90586 52.36942,4.905909 52.369413,4.906648 52.36969,4.906564 52.36978,4.906451 52.36979,4.90639 52.369826,4.906253 52.369957,4.906225 52.370014,4.906248 52.370069,4.906306 52.370106,4.906407 52.370126,4.906495 52.370111,4.906606 52.370029,4.906718 52.370019,4.906867 52.369899,4.906958 52.369887,4.907036 52.369845,4.90726 52.369923,4.907283 52.370012,4.907347 52.370052,4.907441 52.370069,4.90753 52.370055,4.907562 52.370036,4.907648 52.370068,4.907592 52.370157,4.907615 52.370211,4.907703 52.370257,4.907633 52.370311,4.907529 52.370356,4.907502 52.370413,4.907577 52.37055,4.907642 52.37059,4.907734 52.370607,4.907823 52.370593,4.907886 52.370556,4.907935 52.370507,4.907962 52.370451,4.907949 52.370422,4.90802 52.370365,4.908072 52.370397,4.908167 52.370414,4.908255 52.3704,4.908387 52.370297,4.908415 52.37024,4.908376 52.37014,4.908233 52.370069,4.908217 52.370032,4.908153 52.369993,4.905134 52.368856,4.905189 52.368847,4.905257 52.368806,4.905281 52.368752,4.905258 52.368698,4.904742 52.368464,4.904713 52.368448,4.904684 52.368379,4.904765 52.368391,4.904852 52.368377,4.905303 52.368222,4.90559 52.368338,4.905534 52.368371,4.90547 52.368331,4.905382 52.368316,4.905283 52.36833,4.905217 52.368369,4.905193 52.368423,4.905249 52.368531,4.905454 52.368626,4.905347 52.368767,4.90537 52.368821,4.905434 52.368861,4.905505 52.368887,4.905589 52.368945,4.905671 52.368959,4.905714 52.368985,4.905836 52.368997,4.90585 52.369031,4.905927 52.369075,4.906036 52.369087,4.90618 52.369126,4.906265 52.369113,4.906283 52.369178,4.906375 52.369231,4.906466 52.369247,4.906538 52.369236,4.906559 52.369293,4.906624 52.369332,4.906717 52.369349,4.906795 52.369394,4.906889 52.369411,4.906961 52.369447,4.907067 52.369459,4.907187 52.369558,4.907322 52.369578,4.907386 52.369618,4.90748 52.369635,4.907566 52.369696,4.907659 52.369713,4.907706 52.369706,4.907718 52.369734,4.907774 52.369771,4.907873 52.36979,4.907943 52.369832,4.908042 52.369851,4.90811 52.369887,4.908203 52.369903,4.908214 52.369929,4.908327 52.369989,4.908474 52.370014,4.908563 52.37,4.908654 52.369944,4.908737 52.369848,4.908887 52.369888,4.908976 52.369873,4.909037 52.369838,4.909216 52.369667,4.909403 52.369741,4.90941 52.369796,4.909265 52.369885,4.909241 52.369938,4.909264 52.369993,4.90933 52.370034,4.909418 52.370048,4.909532 52.370024,4.909724 52.369921,4.90978 52.369843))";"POLYGON((52.369843 4.90978,52.369622 4.909736,52.369585 4.909678,52.369423 4.909267,52.369343 4.909142,52.369328 4.909054,52.369342 4.908965,52.369385 4.908892,52.369516 4.908847,52.369561 4.908866,52.369512 4.908785,52.369497 4.908708,52.369369 4.90839,52.369327 4.908332,52.369268 4.908139,52.369137 4.907813,52.369091 4.907753,52.369032 4.907554,52.368908 4.907246,52.368821 4.907076,52.368805 4.90699,52.368595 4.906498,52.368579 4.906419,52.368402 4.905964,52.368309 4.90603,52.368255 4.906007,52.36822 4.905953,52.368162 4.905982,52.368108 4.905959,52.368068 4.905894,52.368051 4.905801,52.36806 4.905717,52.368001 4.905571,52.367967 4.905347,52.36798 4.905261,52.368149 4.904769,52.368088 4.904651,52.368053 4.904489,52.367862 4.904415,52.367816 4.904311,52.367661 4.904345,52.367622 4.904408,52.367567 4.904433,52.367513 4.90441,52.367473 4.904346,52.36745 4.904219,52.367461 4.904092,52.3675 4.904027,52.367764 4.903946,52.367903 4.903939,52.367978 4.903966,52.368018 4.904031,52.368032 4.90411,52.368076 4.904125,52.368099 4.904029,52.368137 4.903969,52.368241 4.903865,52.368206 4.903684,52.36822 4.903595,52.368261 4.903525,52.368315 4.903501,52.368369 4.903524,52.368425 4.9036,52.36845 4.90369,52.36846 4.903838,52.368514 4.903836,52.368528 4.903748,52.368699 4.90333,52.368711 4.903254,52.368963 4.902691,52.368974 4.902587,52.368995 4.902536,52.369043 4.902478,52.369193 4.902127,52.369227 4.902076,52.369281 4.902052,52.369335 4.902075,52.369535 4.902309,52.369565 4.902363,52.36958 4.902452,52.369566 4.90254,52.369498 4.902674,52.369444 4.902698,52.36939 4.902675,52.369347 4.902607,52.369332 4.902518,52.369309 4.902488,52.368981 4.903292,52.369003 4.903332,52.369018 4.90342,52.369004 4.903508,52.368962 4.90358,52.368908 4.903604,52.368861 4.903584,52.368733 4.903898,52.368729 4.903992,52.368776 4.904077,52.369021 4.904718,52.369037 4.90481,52.369025 4.904891,52.369314 4.905648,52.369347 4.905662,52.369403 4.905765,52.36942 4.90586,52.369413 4.905909,52.36969 4.906648,52.36978 4.906564,52.36979 4.906451,52.369826 4.90639,52.369957 4.906253,52.370014 4.906225,52.370069 4.906248,52.370106 4.906306,52.370126 4.906407,52.370111 4.906495,52.370029 4.906606,52.370019 4.906718,52.369899 4.906867,52.369887 4.906958,52.369845 4.907036,52.369923 4.90726,52.370012 4.907283,52.370052 4.907347,52.370069 4.907441,52.370055 4.90753,52.370036 4.907562,52.370068 4.907648,52.370157 4.907592,52.370211 4.907615,52.370257 4.907703,52.370311 4.907633,52.370356 4.907529,52.370413 4.907502,52.37055 4.907577,52.37059 4.907642,52.370607 4.907734,52.370593 4.907823,52.370556 4.907886,52.370507 4.907935,52.370451 4.907962,52.370422 4.907949,52.370365 4.90802,52.370397 4.908072,52.370414 4.908167,52.3704 4.908255,52.370297 4.908387,52.37024 4.908415,52.37014 4.908376,52.370069 4.908233,52.370032 4.908217,52.369993 4.908153,52.368856 4.905134,52.368847 4.905189,52.368806 4.905257,52.368752 4.905281,52.368698 4.905258,52.368464 4.904742,52.368448 4.904713,52.368379 4.904684,52.368391 4.904765,52.368377 4.904852,52.368222 4.905303,52.368338 4.90559,52.368371 4.905534,52.368331 4.90547,52.368316 4.905382,52.36833 4.905283,52.368369 4.905217,52.368423 4.905193,52.368531 4.905249,52.368626 4.905454,52.368767 4.905347,52.368821 4.90537,52.368861 4.905434,52.368887 4.905505,52.368945 4.905589,52.368959 4.905671,52.368985 4.905714,52.368997 4.905836,52.369031 4.90585,52.369075 4.905927,52.369087 4.906036,52.369126 4.90618,52.369113 4.906265,52.369178 4.906283,52.369231 4.906375,52.369247 4.906466,52.369236 4.906538,52.369293 4.906559,52.369332 4.906624,52.369349 4.906717,52.369394 4.906795,52.369411 4.906889,52.369447 4.906961,52.369459 4.907067,52.369558 4.907187,52.369578 4.907322,52.369618 4.907386,52.369635 4.90748,52.369696 4.907566,52.369713 4.907659,52.369706 4.907706,52.369734 4.907718,52.369771 4.907774,52.36979 4.907873,52.369832 4.907943,52.369851 4.908042,52.369887 4.90811,52.369903 4.908203,52.369929 4.908214,52.369989 4.908327,52.370014 4.908474,52.37 4.908563,52.369944 4.908654,52.369848 4.908737,52.369888 4.908887,52.369873 4.908976,52.369838 4.909037,52.369667 4.909216,52.369741 4.909403,52.369796 4.90941,52.369885 4.909265,52.369938 4.909241,52.369993 4.909264,52.370034 4.90933,52.370048 4.909418,52.370024 4.909532,52.369921 4.909724,52.369843 4.90978))";4.905921;52.3690215;
50;"WARMTE WIJK";"IN BEDRIJF";"POLYGON((4.968579 52.374333,4.968536 52.374262,4.968046 52.373914,4.968 52.373891,4.967912 52.373876,4.967815 52.373889,4.967781 52.37391,4.967768 52.37388,4.967584 52.373758,4.967535 52.373689,4.967487 52.373664,4.967399 52.373649,4.967311 52.373664,4.967241 52.373696,4.967185 52.373736,4.967161 52.37379,4.967185 52.373858,4.967249 52.373898,4.967313 52.374012,4.967313 52.37404,4.967196 52.374103,4.967084 52.374024,4.967045 52.37396,4.966988 52.373929,4.9669 52.373914,4.966811 52.373928,4.966684 52.374,4.96666 52.374054,4.966685 52.374124,4.96675 52.374164,4.966769 52.374208,4.966853 52.374284,4.966696 52.374368,4.966586 52.37429,4.966533 52.374215,4.966489 52.374193,4.966345 52.374164,4.966257 52.374179,4.96618 52.374224,4.966155 52.374278,4.966164 52.374329,4.966063 52.374313,4.965952 52.374325,4.9659 52.374297,4.965811 52.374282,4.965723 52.374296,4.965596 52.374363,4.965547 52.37442,4.965345 52.374518,4.965279 52.37448,4.965222 52.37447,4.965279 52.374433,4.965303 52.374379,4.96528 52.374325,4.964825 52.374004,4.964704 52.373976,4.96461 52.373991,4.964504 52.373952,4.964401 52.373954,4.964348 52.373925,4.964211 52.373911,4.964122 52.373925,4.964053 52.373967,4.964029 52.374021,4.964052 52.374075,4.963957 52.374136,4.963933 52.37419,4.963976 52.374261,4.963941 52.374331,4.963964 52.374385,4.964032 52.374427,4.96412 52.374442,4.964209 52.374428,4.964342 52.374521,4.964043 52.374682,4.964013 52.374638,4.963949 52.374598,4.963833 52.374586,4.963793 52.37451,4.963729 52.37447,4.96364 52.374455,4.963536 52.374472,4.963471 52.374511,4.963443 52.374593,4.963544 52.374817,4.963726 52.375104,4.963865 52.375274,4.963882 52.375333,4.963957 52.375384,4.964034 52.375513,4.964267 52.375724,4.964301 52.375774,4.964293 52.375839,4.964316 52.375893,4.964433 52.37597,4.964564 52.376006,4.964678 52.376016,4.964798 52.376107,4.964886 52.376122,4.965042 52.376091,4.965094 52.376055,4.965118 52.376002,4.965062 52.375904,4.964833 52.375764,4.965103 52.375626,4.965385 52.375808,4.965473 52.375823,4.965593 52.375797,4.965641 52.375764,4.965665 52.37571,4.965644 52.375654,4.965753 52.375589,4.965777 52.375535,4.965737 52.375466,4.965789 52.37543,4.965806 52.37535,4.966214 52.375135,4.966271 52.375145,4.966359 52.37513,4.96648 52.375036,4.966482 52.374959,4.966438 52.374912,4.966591 52.374831,4.966671 52.374811,4.966762 52.374823,4.966851 52.374809,4.96692 52.374767,4.96694 52.374723,4.967037 52.37471,4.967106 52.374668,4.96713 52.374615,4.967115 52.374578,4.967911 52.374157,4.96804 52.374248,4.968034 52.374261,4.967377 52.374602,4.967273 52.374682,4.967186 52.374696,4.967007 52.37481,4.966902 52.374844,4.966832 52.374885,4.966808 52.374939,4.966851 52.37501,4.966489 52.375201,4.966376 52.375174,4.966287 52.375188,4.966218 52.375229,4.966194 52.375283,4.966217 52.375337,4.965828 52.375553,4.965804 52.375607,4.965829 52.375665,4.965893 52.375704,4.965981 52.375719,4.966097 52.375694,4.96852 52.374413,4.968579 52.374333))";"POLYGON((52.374333 4.968579,52.374262 4.968536,52.373914 4.968046,52.373891 4.968,52.373876 4.967912,52.373889 4.967815,52.37391 4.967781,52.37388 4.967768,52.373758 4.967584,52.373689 4.967535,52.373664 4.967487,52.373649 4.967399,52.373664 4.967311,52.373696 4.967241,52.373736 4.967185,52.37379 4.967161,52.373858 4.967185,52.373898 4.967249,52.374012 4.967313,52.37404 4.967313,52.374103 4.967196,52.374024 4.967084,52.37396 4.967045,52.373929 4.966988,52.373914 4.9669,52.373928 4.966811,52.374 4.966684,52.374054 4.96666,52.374124 4.966685,52.374164 4.96675,52.374208 4.966769,52.374284 4.966853,52.374368 4.966696,52.37429 4.966586,52.374215 4.966533,52.374193 4.966489,52.374164 4.966345,52.374179 4.966257,52.374224 4.96618,52.374278 4.966155,52.374329 4.966164,52.374313 4.966063,52.374325 4.965952,52.374297 4.9659,52.374282 4.965811,52.374296 4.965723,52.374363 4.965596,52.37442 4.965547,52.374518 4.965345,52.37448 4.965279,52.37447 4.965222,52.374433 4.965279,52.374379 4.965303,52.374325 4.96528,52.374004 4.964825,52.373976 4.964704,52.373991 4.96461,52.373952 4.964504,52.373954 4.964401,52.373925 4.964348,52.373911 4.964211,52.373925 4.964122,52.373967 4.964053,52.374021 4.964029,52.374075 4.964052,52.374136 4.963957,52.37419 4.963933,52.374261 4.963976,52.374331 4.963941,52.374385 4.963964,52.374427 4.964032,52.374442 4.96412,52.374428 4.964209,52.374521 4.964342,52.374682 4.964043,52.374638 4.964013,52.374598 4.963949,52.374586 4.963833,52.37451 4.963793,52.37447 4.963729,52.374455 4.96364,52.374472 4.963536,52.374511 4.963471,52.374593 4.963443,52.374817 4.963544,52.375104 4.963726,52.375274 4.963865,52.375333 4.963882,52.375384 4.963957,52.375513 4.964034,52.375724 4.964267,52.375774 4.964301,52.375839 4.964293,52.375893 4.964316,52.37597 4.964433,52.376006 4.964564,52.376016 4.964678,52.376107 4.964798,52.376122 4.964886,52.376091 4.965042,52.376055 4.965094,52.376002 4.965118,52.375904 4.965062,52.375764 4.964833,52.375626 4.965103,52.375808 4.965385,52.375823 4.965473,52.375797 4.965593,52.375764 4.965641,52.37571 4.965665,52.375654 4.965644,52.375589 4.965753,52.375535 4.965777,52.375466 4.965737,52.37543 4.965789,52.37535 4.965806,52.375135 4.966214,52.375145 4.966271,52.37513 4.966359,52.375036 4.96648,52.374959 4.966482,52.374912 4.966438,52.374831 4.966591,52.374811 4.966671,52.374823 4.966762,52.374809 4.966851,52.374767 4.96692,52.374723 4.96694,52.37471 4.967037,52.374668 4.967106,52.374615 4.96713,52.374578 4.967115,52.374157 4.967911,52.374248 4.96804,52.374261 4.968034,52.374602 4.967377,52.374682 4.967273,52.374696 4.967186,52.37481 4.967007,52.374844 4.966902,52.374885 4.966832,52.374939 4.966808,52.37501 4.966851,52.375201 4.966489,52.375174 4.966376,52.375188 4.966287,52.375229 4.966218,52.375283 4.966194,52.375337 4.966217,52.375553 4.965828,52.375607 4.965804,52.375665 4.965829,52.375704 4.965893,52.375719 4.965981,52.375694 4.966097,52.374413 4.96852,52.374333 4.968579))";4.966016;52.3748785;
51;"WARMTE WIJK";"IN BEDRIJF";"POLYGON((4.956978 52.317933,4.956955 52.317879,4.956891 52.317839,4.95533 52.317291,4.955357 52.317233,4.955334 52.317179,4.955269 52.31714,4.954979 52.317039,4.955256 52.316764,4.955279 52.316712,4.955256 52.316658,4.955192 52.316618,4.955029 52.316578,4.954941 52.316592,4.954876 52.316631,4.954562 52.317006,4.954305 52.316914,4.95424 52.316872,4.954025 52.316814,4.953511 52.316639,4.953355 52.316566,4.953269 52.316552,4.952731 52.316376,4.952647 52.316363,4.952559 52.316377,4.952494 52.316416,4.952351 52.316571,4.952329 52.316623,4.952372 52.31669,4.952213 52.316864,4.951979 52.316889,4.951914 52.316928,4.951557 52.317316,4.951531 52.317372,4.951554 52.317426,4.951618 52.317466,4.951706 52.31748,4.951795 52.317466,4.951867 52.317425,4.952148 52.317121,4.952222 52.317109,4.952278 52.317129,4.95229 52.317157,4.952001 52.31747,4.951978 52.317522,4.952001 52.317576,4.952066 52.317616,4.952179 52.31764,4.952275 52.317625,4.952313 52.317602,4.952361 52.317625,4.952448 52.31764,4.952532 52.317626,4.952552 52.317685,4.952619 52.317729,4.952724 52.317741,4.952882 52.317796,4.952902 52.317844,4.952967 52.317883,4.953113 52.317934,4.953199 52.317948,4.95337 52.317926,4.953435 52.317887,4.953734 52.317563,4.953752 52.317499,4.953853 52.317434,4.954149 52.317113,4.954353 52.317186,4.954256 52.317291,4.954234 52.317344,4.954248 52.317378,4.954198 52.317386,4.954133 52.317425,4.954012 52.317556,4.953989 52.317609,4.954013 52.317663,4.953952 52.317704,4.953925 52.317761,4.953949 52.317815,4.954013 52.317854,4.954412 52.317992,4.954483 52.318048,4.954635 52.31807,4.95489 52.318158,4.954925 52.318203,4.955129 52.318337,4.955288 52.318395,4.955106 52.318455,4.95509 52.318435,4.95512 52.318376,4.955097 52.318322,4.955055 52.318292,4.954838 52.318218,4.954635 52.318094,4.954547 52.318079,4.954026 52.317902,4.953932 52.317885,4.953844 52.317899,4.953779 52.317939,4.953752 52.317995,4.953775 52.318049,4.953839 52.318089,4.954432 52.318294,4.954703 52.318433,4.95489 52.31868,4.954958 52.318725,4.955046 52.31874,4.955176 52.318714,4.955261 52.318652,4.955536 52.318572,4.955625 52.318564,4.955746 52.318528,4.955819 52.318487,4.956139 52.318393,4.956234 52.318386,4.956352 52.318331,4.956562 52.31827,4.956697 52.318251,4.956773 52.318208,4.956797 52.318154,4.956771 52.318095,4.956844 52.318075,4.956908 52.318036,4.956978 52.317933),(4.954834 52.317724,4.954547 52.317605,4.954596 52.317503,4.954689 52.317432,4.954833 52.317484,4.954874 52.31751,4.954889 52.317546,4.954959 52.317587,4.954834 52.317724),(4.95325 52.317642,4.95318 52.31761,4.953094 52.317596,4.953051 52.317603,4.95281 52.317519,4.952724 52.317505,4.952674 52.317513,4.952812 52.317364,4.952874 52.317402,4.953142 52.317494,4.953212 52.317543,4.953319 52.317566,4.95325 52.317642),(4.953639 52.31722,4.953544 52.31717,4.953449 52.317157,4.953219 52.317078,4.953112 52.317067,4.953235 52.316934,4.953282 52.316962,4.953629 52.317082,4.953715 52.317096,4.95376 52.317089,4.953639 52.31722))";"POLYGON((52.317933 4.956978,52.317879 4.956955,52.317839 4.956891,52.317291 4.95533,52.317233 4.955357,52.317179 4.955334,52.31714 4.955269,52.317039 4.954979,52.316764 4.955256,52.316712 4.955279,52.316658 4.955256,52.316618 4.955192,52.316578 4.955029,52.316592 4.954941,52.316631 4.954876,52.317006 4.954562,52.316914 4.954305,52.316872 4.95424,52.316814 4.954025,52.316639 4.953511,52.316566 4.953355,52.316552 4.953269,52.316376 4.952731,52.316363 4.952647,52.316377 4.952559,52.316416 4.952494,52.316571 4.952351,52.316623 4.952329,52.31669 4.952372,52.316864 4.952213,52.316889 4.951979,52.316928 4.951914,52.317316 4.951557,52.317372 4.951531,52.317426 4.951554,52.317466 4.951618,52.31748 4.951706,52.317466 4.951795,52.317425 4.951867,52.317121 4.952148,52.317109 4.952222,52.317129 4.952278,52.317157 4.95229,52.31747 4.952001,52.317522 4.951978,52.317576 4.952001,52.317616 4.952066,52.31764 4.952179,52.317625 4.952275,52.317602 4.952313,52.317625 4.952361,52.31764 4.952448,52.317626 4.952532,52.317685 4.952552,52.317729 4.952619,52.317741 4.952724,52.317796 4.952882,52.317844 4.952902,52.317883 4.952967,52.317934 4.953113,52.317948 4.953199,52.317926 4.95337,52.317887 4.953435,52.317563 4.953734,52.317499 4.953752,52.317434 4.953853,52.317113 4.954149,52.317186 4.954353,52.317291 4.954256,52.317344 4.954234,52.317378 4.954248,52.317386 4.954198,52.317425 4.954133,52.317556 4.954012,52.317609 4.953989,52.317663 4.954013,52.317704 4.953952,52.317761 4.953925,52.317815 4.953949,52.317854 4.954013,52.317992 4.954412,52.318048 4.954483,52.31807 4.954635,52.318158 4.95489,52.318203 4.954925,52.318337 4.955129,52.318395 4.955288,52.318455 4.955106,52.318435 4.95509,52.318376 4.95512,52.318322 4.955097,52.318292 4.955055,52.318218 4.954838,52.318094 4.954635,52.318079 4.954547,52.317902 4.954026,52.317885 4.953932,52.317899 4.953844,52.317939 4.953779,52.317995 4.953752,52.318049 4.953775,52.318089 4.953839,52.318294 4.954432,52.318433 4.954703,52.31868 4.95489,52.318725 4.954958,52.31874 4.955046,52.318714 4.955176,52.318652 4.955261,52.318572 4.955536,52.318564 4.955625,52.318528 4.955746,52.318487 4.955819,52.318393 4.956139,52.318386 4.956234,52.318331 4.956352,52.31827 4.956562,52.318251 4.956697,52.318208 4.956773,52.318154 4.956797,52.318095 4.956771,52.318075 4.956844,52.318036 4.956908,52.317933 4.956978),(52.317724 4.954834,52.317605 4.954547,52.317503 4.954596,52.317432 4.954689,52.317484 4.954833,52.31751 4.954874,52.317546 4.954889,52.317587 4.954959,52.317724 4.954834),(52.317642 4.95325,52.31761 4.95318,52.317596 4.953094,52.317603 4.953051,52.317519 4.95281,52.317505 4.952724,52.317513 4.952674,52.317364 4.952812,52.317402 4.952874,52.317494 4.953142,52.317543 4.953212,52.317566 4.953319,52.317642 4.95325),(52.31722 4.953639,52.31717 4.953544,52.317157 4.953449,52.317078 4.953219,52.317067 4.953112,52.316934 4.953235,52.316962 4.953282,52.317082 4.953629,52.317096 4.953715,52.317089 4.95376,52.31722 4.953639))";4.9542595;52.3175445;
52;"WARMTE WIJK";"IN BEDRIJF";"POLYGON((4.988086 52.315643,4.988038 52.315528,4.987974 52.315488,4.98731 52.315268,4.987191 52.315173,4.987046 52.315123,4.98696 52.315109,4.986886 52.315121,4.986327 52.314926,4.986242 52.314912,4.986153 52.314926,4.986088 52.314966,4.985833 52.315249,4.985813 52.315296,4.985548 52.315207,4.985464 52.315194,4.985376 52.315208,4.985311 52.315247,4.985018 52.315566,4.984996 52.315618,4.985036 52.315705,4.98515 52.315762,4.984834 52.316096,4.984811 52.316148,4.984852 52.316233,4.984906 52.316266,4.984756 52.316414,4.984734 52.316464,4.984772 52.316559,4.984689 52.316573,4.984587 52.316634,4.984565 52.316686,4.984588 52.31674,4.984652 52.31678,4.986479 52.317406,4.986572 52.317423,4.986789 52.317399,4.986892 52.317318,4.987008 52.317265,4.987031 52.317236,4.988086 52.315643),(4.987501 52.315698,4.987296 52.315618,4.987225 52.315568,4.987067 52.315539,4.986872 52.315482,4.986717 52.315419,4.986646 52.315369,4.986488 52.315341,4.986313 52.315284,4.986367 52.315224,4.986498 52.315287,4.986604 52.315298,4.986856 52.315384,4.986934 52.315397,4.986989 52.31543,4.987585 52.315635,4.987501 52.315698),(4.986512 52.317116,4.986445 52.317089,4.98634 52.317079,4.985576 52.316827,4.985456 52.31675,4.985299 52.316722,4.985045 52.316635,4.985144 52.31656,4.985215 52.31661,4.985597 52.316742,4.985703 52.316752,4.985825 52.31682,4.986544 52.317062,4.986512 52.317116),(4.987158 52.316168,4.986961 52.316074,4.986855 52.316064,4.986463 52.315939,4.985499 52.315605,4.985554 52.315531,4.986347 52.315804,4.986439 52.315817,4.986592 52.315888,4.98713 52.316072,4.987213 52.316086,4.987158 52.316168),(4.98682 52.316649,4.986341 52.316485,4.98627 52.316435,4.986207 52.316413,4.986055 52.316397,4.98541 52.316166,4.985298 52.316156,4.985379 52.316051,4.985445 52.316092,4.985941 52.316262,4.986032 52.316275,4.986169 52.31634,4.986836 52.316563,4.98682 52.316649))";"POLYGON((52.315643 4.988086,52.315528 4.988038,52.315488 4.987974,52.315268 4.98731,52.315173 4.987191,52.315123 4.987046,52.315109 4.98696,52.315121 4.986886,52.314926 4.986327,52.314912 4.986242,52.314926 4.986153,52.314966 4.986088,52.315249 4.985833,52.315296 4.985813,52.315207 4.985548,52.315194 4.985464,52.315208 4.985376,52.315247 4.985311,52.315566 4.985018,52.315618 4.984996,52.315705 4.985036,52.315762 4.98515,52.316096 4.984834,52.316148 4.984811,52.316233 4.984852,52.316266 4.984906,52.316414 4.984756,52.316464 4.984734,52.316559 4.984772,52.316573 4.984689,52.316634 4.984587,52.316686 4.984565,52.31674 4.984588,52.31678 4.984652,52.317406 4.986479,52.317423 4.986572,52.317399 4.986789,52.317318 4.986892,52.317265 4.987008,52.317236 4.987031,52.315643 4.988086),(52.315698 4.987501,52.315618 4.987296,52.315568 4.987225,52.315539 4.987067,52.315482 4.986872,52.315419 4.986717,52.315369 4.986646,52.315341 4.986488,52.315284 4.986313,52.315224 4.986367,52.315287 4.986498,52.315298 4.986604,52.315384 4.986856,52.315397 4.986934,52.31543 4.986989,52.315635 4.987585,52.315698 4.987501),(52.317116 4.986512,52.317089 4.986445,52.317079 4.98634,52.316827 4.985576,52.31675 4.985456,52.316722 4.985299,52.316635 4.985045,52.31656 4.985144,52.31661 4.985215,52.316742 4.985597,52.316752 4.985703,52.31682 4.985825,52.317062 4.986544,52.317116 4.986512),(52.316168 4.987158,52.316074 4.986961,52.316064 4.986855,52.315939 4.986463,52.315605 4.985499,52.315531 4.985554,52.315804 4.986347,52.315817 4.986439,52.315888 4.986592,52.316072 4.98713,52.316086 4.987213,52.316168 4.987158),(52.316649 4.98682,52.316485 4.986341,52.316435 4.98627,52.316413 4.986207,52.316397 4.986055,52.316166 4.98541,52.316156 4.985298,52.316051 4.985379,52.316092 4.985445,52.316262 4.985941,52.316275 4.986032,52.31634 4.986169,52.316563 4.986836,52.316649 4.98682))";4.9863305;52.3161605;
53;"WARMTE WIJK";"IN BEDRIJF";"POLYGON((4.801371 52.379442,4.801348 52.379388,4.801284 52.379348,4.801196 52.379333,4.801102 52.379346,4.801042 52.379381,4.80102 52.379297,4.800956 52.379257,4.80087 52.379242,4.800331 52.379233,4.800364 52.379108,4.800341 52.379052,4.800277 52.379012,4.800189 52.378998,4.80007 52.379026,4.800036 52.379006,4.799948 52.378991,4.799854 52.379005,4.799824 52.379022,4.799791 52.379001,4.799702 52.378987,4.799585 52.379014,4.79957 52.378966,4.799595 52.378777,4.799582 52.378701,4.799537 52.37863,4.800245 52.378624,4.800356 52.378572,4.800394 52.378456,4.800371 52.378402,4.800306 52.378362,4.800218 52.378347,4.800099 52.378376,4.800065 52.378355,4.799977 52.378341,4.799883 52.378354,4.799853 52.378372,4.79982 52.378352,4.799726 52.378336,4.799614 52.378364,4.7996 52.378316,4.799627 52.378124,4.799611 52.378048,4.799564 52.377974,4.800249 52.37798,4.800368 52.377941,4.800415 52.37786,4.800392 52.377806,4.800328 52.377766,4.80024 52.377751,4.799653 52.377752,4.799612 52.377726,4.799537 52.377714,4.799559 52.377342,4.799536 52.377285,4.799471 52.377245,4.799383 52.37723,4.799295 52.377234,4.799233 52.377247,4.799158 52.377289,4.799124 52.377352,4.799102 52.377735,4.79901 52.377741,4.798831 52.377726,4.798484 52.377731,4.798393 52.377699,4.798414 52.377653,4.798395 52.377531,4.798417 52.377427,4.79839 52.377269,4.798326 52.377229,4.798267 52.377216,4.798179 52.377213,4.798082 52.377235,4.798017 52.377275,4.797991 52.37732,4.797965 52.377833,4.797985 52.377882,4.79797 52.377888,4.797917 52.377709,4.797933 52.377631,4.797888 52.377433,4.797865 52.377379,4.7978 52.377339,4.797627 52.377285,4.797322 52.37731,4.797227 52.377337,4.797112 52.377419,4.797088 52.377473,4.797166 52.377729,4.79723 52.377768,4.797336 52.377786,4.797434 52.377775,4.797512 52.377737,4.797574 52.377967,4.797614 52.378035,4.797728 52.378097,4.797957 52.378107,4.797961 52.378345,4.798047 52.378408,4.798183 52.378422,4.79817 52.378449,4.798022 52.378487,4.797945 52.378554,4.797919 52.378949,4.797934 52.37899,4.797983 52.379032,4.798131 52.379063,4.798115 52.379134,4.798174 52.379207,4.798254 52.37924,4.798323 52.379248,4.79928 52.379254,4.800184 52.379279,4.800124 52.379358,4.799798 52.37935,4.799595 52.379378,4.79953 52.379417,4.799505 52.379469,4.799498 52.379631,4.799521 52.379687,4.799585 52.379727,4.799655 52.379739,4.799242 52.379735,4.799148 52.379749,4.799075 52.379803,4.798973 52.379782,4.798841 52.379801,4.798732 52.379857,4.798707 52.379925,4.798756 52.380049,4.798837 52.380108,4.798921 52.380123,4.79905 52.380106,4.799121 52.380054,4.799158 52.380077,4.799247 52.380092,4.799773 52.380101,4.79996 52.380086,4.800003 52.380059,4.800013 52.380082,4.800094 52.380128,4.800182 52.380143,4.800322 52.380124,4.800502 52.38002,4.800526 52.379968,4.800531 52.379866,4.8005 52.379733,4.800519 52.379678,4.800505 52.379636,4.800545 52.379555,4.800536 52.379456,4.800659 52.379459,4.800585 52.379582,4.800607 52.37964,4.800664 52.379675,4.800639 52.379765,4.800662 52.379819,4.800769 52.379886,4.800731 52.380023,4.800754 52.38008,4.800818 52.38012,4.800916 52.380139,4.80106 52.380126,4.801131 52.380083,4.801155 52.380032,4.801139 52.379984,4.801236 52.379857,4.801371 52.379442),(4.799042 52.37898,4.798929 52.37899,4.798901 52.379007,4.798869 52.378987,4.798775 52.378972,4.798657 52.379004,4.798623 52.378983,4.798529 52.378968,4.798371 52.379008,4.798393 52.378955,4.798379 52.378922,4.798402 52.378671,4.79906 52.378679,4.799042 52.37898),(4.799069 52.378328,4.79896 52.378339,4.798932 52.378356,4.7989 52.378337,4.798807 52.378321,4.798718 52.378335,4.798688 52.378353,4.798655 52.378332,4.798561 52.378317,4.798472 52.378331,4.79842 52.378362,4.798323 52.378354,4.798348 52.378019,4.798985 52.378027,4.799 52.378063,4.799082 52.378106,4.799069 52.378328))";"POLYGON((52.379442 4.801371,52.379388 4.801348,52.379348 4.801284,52.379333 4.801196,52.379346 4.801102,52.379381 4.801042,52.379297 4.80102,52.379257 4.800956,52.379242 4.80087,52.379233 4.800331,52.379108 4.800364,52.379052 4.800341,52.379012 4.800277,52.378998 4.800189,52.379026 4.80007,52.379006 4.800036,52.378991 4.799948,52.379005 4.799854,52.379022 4.799824,52.379001 4.799791,52.378987 4.799702,52.379014 4.799585,52.378966 4.79957,52.378777 4.799595,52.378701 4.799582,52.37863 4.799537,52.378624 4.800245,52.378572 4.800356,52.378456 4.800394,52.378402 4.800371,52.378362 4.800306,52.378347 4.800218,52.378376 4.800099,52.378355 4.800065,52.378341 4.799977,52.378354 4.799883,52.378372 4.799853,52.378352 4.79982,52.378336 4.799726,52.378364 4.799614,52.378316 4.7996,52.378124 4.799627,52.378048 4.799611,52.377974 4.799564,52.37798 4.800249,52.377941 4.800368,52.37786 4.800415,52.377806 4.800392,52.377766 4.800328,52.377751 4.80024,52.377752 4.799653,52.377726 4.799612,52.377714 4.799537,52.377342 4.799559,52.377285 4.799536,52.377245 4.799471,52.37723 4.799383,52.377234 4.799295,52.377247 4.799233,52.377289 4.799158,52.377352 4.799124,52.377735 4.799102,52.377741 4.79901,52.377726 4.798831,52.377731 4.798484,52.377699 4.798393,52.377653 4.798414,52.377531 4.798395,52.377427 4.798417,52.377269 4.79839,52.377229 4.798326,52.377216 4.798267,52.377213 4.798179,52.377235 4.798082,52.377275 4.798017,52.37732 4.797991,52.377833 4.797965,52.377882 4.797985,52.377888 4.79797,52.377709 4.797917,52.377631 4.797933,52.377433 4.797888,52.377379 4.797865,52.377339 4.7978,52.377285 4.797627,52.37731 4.797322,52.377337 4.797227,52.377419 4.797112,52.377473 4.797088,52.377729 4.797166,52.377768 4.79723,52.377786 4.797336,52.377775 4.797434,52.377737 4.797512,52.377967 4.797574,52.378035 4.797614,52.378097 4.797728,52.378107 4.797957,52.378345 4.797961,52.378408 4.798047,52.378422 4.798183,52.378449 4.79817,52.378487 4.798022,52.378554 4.797945,52.378949 4.797919,52.37899 4.797934,52.379032 4.797983,52.379063 4.798131,52.379134 4.798115,52.379207 4.798174,52.37924 4.798254,52.379248 4.798323,52.379254 4.79928,52.379279 4.800184,52.379358 4.800124,52.37935 4.799798,52.379378 4.799595,52.379417 4.79953,52.379469 4.799505,52.379631 4.799498,52.379687 4.799521,52.379727 4.799585,52.379739 4.799655,52.379735 4.799242,52.379749 4.799148,52.379803 4.799075,52.379782 4.798973,52.379801 4.798841,52.379857 4.798732,52.379925 4.798707,52.380049 4.798756,52.380108 4.798837,52.380123 4.798921,52.380106 4.79905,52.380054 4.799121,52.380077 4.799158,52.380092 4.799247,52.380101 4.799773,52.380086 4.79996,52.380059 4.800003,52.380082 4.800013,52.380128 4.800094,52.380143 4.800182,52.380124 4.800322,52.38002 4.800502,52.379968 4.800526,52.379866 4.800531,52.379733 4.8005,52.379678 4.800519,52.379636 4.800505,52.379555 4.800545,52.379456 4.800536,52.379459 4.800659,52.379582 4.800585,52.37964 4.800607,52.379675 4.800664,52.379765 4.800639,52.379819 4.800662,52.379886 4.800769,52.380023 4.800731,52.38008 4.800754,52.38012 4.800818,52.380139 4.800916,52.380126 4.80106,52.380083 4.801131,52.380032 4.801155,52.379984 4.801139,52.379857 4.801236,52.379442 4.801371),(52.37898 4.799042,52.37899 4.798929,52.379007 4.798901,52.378987 4.798869,52.378972 4.798775,52.379004 4.798657,52.378983 4.798623,52.378968 4.798529,52.379008 4.798371,52.378955 4.798393,52.378922 4.798379,52.378671 4.798402,52.378679 4.79906,52.37898 4.799042),(52.378328 4.799069,52.378339 4.79896,52.378356 4.798932,52.378337 4.7989,52.378321 4.798807,52.378335 4.798718,52.378353 4.798688,52.378332 4.798655,52.378317 4.798561,52.378331 4.798472,52.378362 4.79842,52.378354 4.798323,52.378019 4.798348,52.378027 4.798985,52.378063 4.799,52.378106 4.799082,52.378328 4.799069))";4.7992345;52.378671;
54;"WARMTE WIJK";"IN BEDRIJF";"POLYGON((4.87063 52.382646,4.870607 52.382592,4.870539 52.382545,4.870451 52.38253,4.870358 52.382525,4.87027 52.38254,4.870231 52.382563,4.870016 52.382528,4.869901 52.382485,4.869807 52.382469,4.869718 52.382483,4.869667 52.382514,4.869613 52.382481,4.8693 52.382437,4.869217 52.382413,4.869201 52.382329,4.869113 52.382267,4.869071 52.382257,4.868975 52.382244,4.868886 52.382258,4.868849 52.38228,4.868553 52.382232,4.868464 52.382246,4.868381 52.382311,4.86837 52.382348,4.868394 52.382402,4.868458 52.382442,4.868804 52.382502,4.868767 52.382602,4.86879 52.382656,4.868854 52.382696,4.869127 52.38274,4.869107 52.382844,4.86913 52.382898,4.869078 52.382873,4.868978 52.382856,4.868808 52.382897,4.868743 52.382936,4.868712 52.382995,4.868622 52.383038,4.868569 52.383156,4.868254 52.383114,4.868165 52.383128,4.8681 52.383168,4.868009 52.383315,4.868031 52.383372,4.868145 52.383424,4.868448 52.383466,4.8684 52.383603,4.868047 52.383552,4.867919 52.383564,4.867899 52.383399,4.868321 52.382855,4.868357 52.382708,4.86835 52.382445,4.868383 52.382297,4.86836 52.382241,4.868295 52.382202,4.868175 52.382186,4.868086 52.382201,4.868021 52.38224,4.867997 52.382294,4.867985 52.382759,4.867552 52.383327,4.867536 52.383372,4.867549 52.383597,4.867498 52.383606,4.867433 52.383646,4.867408 52.383699,4.867413 52.383783,4.867372 52.383881,4.867395 52.383935,4.867459 52.383974,4.867526 52.383989,4.867487 52.384105,4.867507 52.384152,4.867479 52.384239,4.867502 52.384293,4.867544 52.384319,4.867548 52.384362,4.867491 52.384396,4.867352 52.384641,4.867366 52.384674,4.867317 52.384704,4.867293 52.384758,4.867316 52.38482,4.867363 52.384849,4.86735 52.384879,4.867373 52.384933,4.867491 52.385117,4.867567 52.385163,4.867759 52.385182,4.867864 52.385168,4.867982 52.385192,4.868074 52.385178,4.868172 52.385133,4.868243 52.385189,4.868332 52.385204,4.86843 52.38519,4.868537 52.385204,4.868655 52.38519,4.868743 52.385205,4.868883 52.385191,4.868971 52.385206,4.86907 52.385192,4.869105 52.385171,4.869147 52.385178,4.869238 52.385163,4.869304 52.385124,4.869328 52.385041,4.869305 52.384987,4.869241 52.384947,4.869079 52.384914,4.868633 52.384913,4.868739 52.384731,4.868745 52.38466,4.868859 52.384703,4.869401 52.384779,4.869535 52.384769,4.86962 52.384699,4.869605 52.384614,4.869538 52.384572,4.869443 52.384554,4.869515 52.384405,4.869602 52.384362,4.869718 52.38435,4.869784 52.384311,4.869817 52.384234,4.869795 52.384177,4.86968 52.384125,4.869213 52.384053,4.869133 52.384044,4.86903 52.384062,4.868945 52.384131,4.868961 52.384214,4.869025 52.384254,4.869185 52.384291,4.869161 52.384355,4.868718 52.384289,4.868703 52.384253,4.868638 52.384213,4.86855 52.384198,4.868452 52.384211,4.868397 52.384244,4.868267 52.384226,4.868251 52.38419,4.868187 52.384151,4.868078 52.38413,4.868128 52.384043,4.868078 52.383973,4.868146 52.383795,4.868538 52.383848,4.868627 52.383834,4.868671 52.383807,4.868935 52.383844,4.869047 52.383832,4.869116 52.383883,4.869166 52.383895,4.869653 52.383954,4.869741 52.38394,4.869806 52.3839,4.869845 52.38381,4.869822 52.383756,4.869708 52.383704,4.869964 52.383734,4.870053 52.38372,4.870138 52.383651,4.870123 52.383564,4.870059 52.383524,4.869975 52.383507,4.869876 52.383464,4.869601 52.383467,4.869492 52.383414,4.869387 52.383397,4.869306 52.38341,4.869258 52.38338,4.869193 52.383366,4.869066 52.383377,4.86896 52.383448,4.868981 52.383381,4.868958 52.383327,4.868893 52.383287,4.868915 52.383228,4.869017 52.383215,4.869096 52.38318,4.869071 52.383258,4.869094 52.383312,4.869159 52.383352,4.869375 52.383387,4.869479 52.383381,4.869819 52.383426,4.869907 52.383412,4.869992 52.383343,4.870001 52.383309,4.869963 52.383246,4.869988 52.383231,4.870143 52.383253,4.870246 52.383241,4.870311 52.383202,4.870332 52.383169,4.870316 52.383085,4.870251 52.383045,4.870045 52.383011,4.870127 52.382852,4.870387 52.382893,4.870476 52.382879,4.870558 52.382815,4.87063 52.382646),(4.868215 52.384764,4.868238 52.384818,4.868269 52.384837,4.868251 52.384911,4.868144 52.384885,4.868063 52.384884,4.867975 52.384898,4.86791 52.384937,4.867801 52.384937,4.867732 52.384823,4.86777 52.384771,4.867785 52.384686,4.867959 52.384396,4.868024 52.384418,4.86833 52.38446,4.868215 52.384764))";"POLYGON((52.382646 4.87063,52.382592 4.870607,52.382545 4.870539,52.38253 4.870451,52.382525 4.870358,52.38254 4.87027,52.382563 4.870231,52.382528 4.870016,52.382485 4.869901,52.382469 4.869807,52.382483 4.869718,52.382514 4.869667,52.382481 4.869613,52.382437 4.8693,52.382413 4.869217,52.382329 4.869201,52.382267 4.869113,52.382257 4.869071,52.382244 4.868975,52.382258 4.868886,52.38228 4.868849,52.382232 4.868553,52.382246 4.868464,52.382311 4.868381,52.382348 4.86837,52.382402 4.868394,52.382442 4.868458,52.382502 4.868804,52.382602 4.868767,52.382656 4.86879,52.382696 4.868854,52.38274 4.869127,52.382844 4.869107,52.382898 4.86913,52.382873 4.869078,52.382856 4.868978,52.382897 4.868808,52.382936 4.868743,52.382995 4.868712,52.383038 4.868622,52.383156 4.868569,52.383114 4.868254,52.383128 4.868165,52.383168 4.8681,52.383315 4.868009,52.383372 4.868031,52.383424 4.868145,52.383466 4.868448,52.383603 4.8684,52.383552 4.868047,52.383564 4.867919,52.383399 4.867899,52.382855 4.868321,52.382708 4.868357,52.382445 4.86835,52.382297 4.868383,52.382241 4.86836,52.382202 4.868295,52.382186 4.868175,52.382201 4.868086,52.38224 4.868021,52.382294 4.867997,52.382759 4.867985,52.383327 4.867552,52.383372 4.867536,52.383597 4.867549,52.383606 4.867498,52.383646 4.867433,52.383699 4.867408,52.383783 4.867413,52.383881 4.867372,52.383935 4.867395,52.383974 4.867459,52.383989 4.867526,52.384105 4.867487,52.384152 4.867507,52.384239 4.867479,52.384293 4.867502,52.384319 4.867544,52.384362 4.867548,52.384396 4.867491,52.384641 4.867352,52.384674 4.867366,52.384704 4.867317,52.384758 4.867293,52.38482 4.867316,52.384849 4.867363,52.384879 4.86735,52.384933 4.867373,52.385117 4.867491,52.385163 4.867567,52.385182 4.867759,52.385168 4.867864,52.385192 4.867982,52.385178 4.868074,52.385133 4.868172,52.385189 4.868243,52.385204 4.868332,52.38519 4.86843,52.385204 4.868537,52.38519 4.868655,52.385205 4.868743,52.385191 4.868883,52.385206 4.868971,52.385192 4.86907,52.385171 4.869105,52.385178 4.869147,52.385163 4.869238,52.385124 4.869304,52.385041 4.869328,52.384987 4.869305,52.384947 4.869241,52.384914 4.869079,52.384913 4.868633,52.384731 4.868739,52.38466 4.868745,52.384703 4.868859,52.384779 4.869401,52.384769 4.869535,52.384699 4.86962,52.384614 4.869605,52.384572 4.869538,52.384554 4.869443,52.384405 4.869515,52.384362 4.869602,52.38435 4.869718,52.384311 4.869784,52.384234 4.869817,52.384177 4.869795,52.384125 4.86968,52.384053 4.869213,52.384044 4.869133,52.384062 4.86903,52.384131 4.868945,52.384214 4.868961,52.384254 4.869025,52.384291 4.869185,52.384355 4.869161,52.384289 4.868718,52.384253 4.868703,52.384213 4.868638,52.384198 4.86855,52.384211 4.868452,52.384244 4.868397,52.384226 4.868267,52.38419 4.868251,52.384151 4.868187,52.38413 4.868078,52.384043 4.868128,52.383973 4.868078,52.383795 4.868146,52.383848 4.868538,52.383834 4.868627,52.383807 4.868671,52.383844 4.868935,52.383832 4.869047,52.383883 4.869116,52.383895 4.869166,52.383954 4.869653,52.38394 4.869741,52.3839 4.869806,52.38381 4.869845,52.383756 4.869822,52.383704 4.869708,52.383734 4.869964,52.38372 4.870053,52.383651 4.870138,52.383564 4.870123,52.383524 4.870059,52.383507 4.869975,52.383464 4.869876,52.383467 4.869601,52.383414 4.869492,52.383397 4.869387,52.38341 4.869306,52.38338 4.869258,52.383366 4.869193,52.383377 4.869066,52.383448 4.86896,52.383381 4.868981,52.383327 4.868958,52.383287 4.868893,52.383228 4.868915,52.383215 4.869017,52.38318 4.869096,52.383258 4.869071,52.383312 4.869094,52.383352 4.869159,52.383387 4.869375,52.383381 4.869479,52.383426 4.869819,52.383412 4.869907,52.383343 4.869992,52.383309 4.870001,52.383246 4.869963,52.383231 4.869988,52.383253 4.870143,52.383241 4.870246,52.383202 4.870311,52.383169 4.870332,52.383085 4.870316,52.383045 4.870251,52.383011 4.870045,52.382852 4.870127,52.382893 4.870387,52.382879 4.870476,52.382815 4.870558,52.382646 4.87063),(52.384764 4.868215,52.384818 4.868238,52.384837 4.868269,52.384911 4.868251,52.384885 4.868144,52.384884 4.868063,52.384898 4.867975,52.384937 4.86791,52.384937 4.867801,52.384823 4.867732,52.384771 4.86777,52.384686 4.867785,52.384396 4.867959,52.384418 4.868024,52.38446 4.86833,52.384764 4.868215))";4.8689665;52.383689;
55;"WARMTE WIJK";"IN BEDRIJF";"POLYGON((4.840506 52.361738,4.840456 52.361658,4.840381 52.361627,4.840258 52.361616,4.84016 52.361555,4.840073 52.36154,4.839574 52.361531,4.839575 52.361503,4.839592 52.361501,4.839959 52.361514,4.84018 52.3615,4.84027 52.361486,4.840335 52.361447,4.840387 52.361277,4.840372 52.361058,4.840395 52.361008,4.84038 52.360788,4.840403 52.360738,4.8404 52.36065,4.840365 52.360533,4.840301 52.360494,4.840214 52.360479,4.839842 52.360482,4.839761 52.360468,4.839488 52.360498,4.839403 52.360558,4.839379 52.360611,4.839391 52.360707,4.839361 52.360737,4.839339 52.36069,4.839371 52.36062,4.839348 52.36057,4.839201 52.360502,4.839053 52.360483,4.838899 52.36049,4.838774 52.360456,4.83861 52.360489,4.838473 52.360453,4.838349 52.360466,4.838284 52.360506,4.838259 52.360559,4.838342 52.360701,4.838399 52.360732,4.838484 52.360747,4.83889 52.360742,4.838903 52.360816,4.838511 52.360812,4.838421 52.360826,4.838337 52.360876,4.838259 52.360957,4.838209 52.360844,4.838217 52.360601,4.838194 52.360546,4.838129 52.360506,4.837998 52.360491,4.837902 52.360505,4.837837 52.360544,4.837813 52.360597,4.837823 52.360808,4.837795 52.360854,4.837775 52.360688,4.837795 52.360634,4.837768 52.360541,4.837704 52.360501,4.837616 52.360486,4.837481 52.360508,4.837416 52.360547,4.837391 52.3606,4.837382 52.360906,4.837417 52.360968,4.837416 52.361027,4.83747 52.361082,4.837517 52.361102,4.837797 52.361117,4.837745 52.361148,4.837729 52.361184,4.837688 52.361191,4.837253 52.361179,4.837165 52.361193,4.837099 52.361233,4.837071 52.361289,4.83713 52.361381,4.837213 52.361429,4.837632 52.361444,4.837621 52.361797,4.837085 52.361791,4.837095 52.361379,4.837072 52.361321,4.837012 52.361284,4.836989 52.36123,4.836925 52.36119,4.836837 52.361175,4.836743 52.361189,4.836678 52.361228,4.836646 52.361339,4.836682 52.361472,4.836709 52.361489,4.836707 52.361749,4.836702 52.361816,4.836667 52.361839,4.836595 52.361985,4.836618 52.362042,4.836682 52.362082,4.836768 52.362097,4.836899 52.362096,4.837017 52.362114,4.837203 52.36208,4.83737 52.362119,4.837631 52.362084,4.837814 52.362126,4.837904 52.362114,4.83798 52.362071,4.838007 52.362015,4.837986 52.361957,4.838015 52.361825,4.838068 52.361978,4.838286 52.362085,4.838544 52.362087,4.838635 52.362043,4.838744 52.362093,4.838959 52.362097,4.839074 52.362051,4.839105 52.362008,4.839107 52.361925,4.839169 52.361908,4.83923 52.361866,4.839254 52.361812,4.839252 52.361726,4.839272 52.361772,4.839342 52.361816,4.839408 52.361831,4.839586 52.361834,4.839547 52.36184,4.839476 52.361892,4.839283 52.361903,4.839218 52.361943,4.839194 52.361997,4.839217 52.362054,4.83933 52.36213,4.83942 52.362146,4.839594 52.362138,4.839678 52.362152,4.840266 52.362143,4.840355 52.362127,4.840413 52.362099,4.840493 52.362007,4.840506 52.361738),(4.838874 52.361819,4.838404 52.361814,4.838422 52.36142,4.838554 52.361418,4.838734 52.361439,4.838886 52.361422,4.838874 52.361819))";"POLYGON((52.361738 4.840506,52.361658 4.840456,52.361627 4.840381,52.361616 4.840258,52.361555 4.84016,52.36154 4.840073,52.361531 4.839574,52.361503 4.839575,52.361501 4.839592,52.361514 4.839959,52.3615 4.84018,52.361486 4.84027,52.361447 4.840335,52.361277 4.840387,52.361058 4.840372,52.361008 4.840395,52.360788 4.84038,52.360738 4.840403,52.36065 4.8404,52.360533 4.840365,52.360494 4.840301,52.360479 4.840214,52.360482 4.839842,52.360468 4.839761,52.360498 4.839488,52.360558 4.839403,52.360611 4.839379,52.360707 4.839391,52.360737 4.839361,52.36069 4.839339,52.36062 4.839371,52.36057 4.839348,52.360502 4.839201,52.360483 4.839053,52.36049 4.838899,52.360456 4.838774,52.360489 4.83861,52.360453 4.838473,52.360466 4.838349,52.360506 4.838284,52.360559 4.838259,52.360701 4.838342,52.360732 4.838399,52.360747 4.838484,52.360742 4.83889,52.360816 4.838903,52.360812 4.838511,52.360826 4.838421,52.360876 4.838337,52.360957 4.838259,52.360844 4.838209,52.360601 4.838217,52.360546 4.838194,52.360506 4.838129,52.360491 4.837998,52.360505 4.837902,52.360544 4.837837,52.360597 4.837813,52.360808 4.837823,52.360854 4.837795,52.360688 4.837775,52.360634 4.837795,52.360541 4.837768,52.360501 4.837704,52.360486 4.837616,52.360508 4.837481,52.360547 4.837416,52.3606 4.837391,52.360906 4.837382,52.360968 4.837417,52.361027 4.837416,52.361082 4.83747,52.361102 4.837517,52.361117 4.837797,52.361148 4.837745,52.361184 4.837729,52.361191 4.837688,52.361179 4.837253,52.361193 4.837165,52.361233 4.837099,52.361289 4.837071,52.361381 4.83713,52.361429 4.837213,52.361444 4.837632,52.361797 4.837621,52.361791 4.837085,52.361379 4.837095,52.361321 4.837072,52.361284 4.837012,52.36123 4.836989,52.36119 4.836925,52.361175 4.836837,52.361189 4.836743,52.361228 4.836678,52.361339 4.836646,52.361472 4.836682,52.361489 4.836709,52.361749 4.836707,52.361816 4.836702,52.361839 4.836667,52.361985 4.836595,52.362042 4.836618,52.362082 4.836682,52.362097 4.836768,52.362096 4.836899,52.362114 4.837017,52.36208 4.837203,52.362119 4.83737,52.362084 4.837631,52.362126 4.837814,52.362114 4.837904,52.362071 4.83798,52.362015 4.838007,52.361957 4.837986,52.361825 4.838015,52.361978 4.838068,52.362085 4.838286,52.362087 4.838544,52.362043 4.838635,52.362093 4.838744,52.362097 4.838959,52.362051 4.839074,52.362008 4.839105,52.361925 4.839107,52.361908 4.839169,52.361866 4.83923,52.361812 4.839254,52.361726 4.839252,52.361772 4.839272,52.361816 4.839342,52.361831 4.839408,52.361834 4.839586,52.36184 4.839547,52.361892 4.839476,52.361903 4.839283,52.361943 4.839218,52.361997 4.839194,52.362054 4.839217,52.36213 4.83933,52.362146 4.83942,52.362138 4.839594,52.362152 4.839678,52.362143 4.840266,52.362127 4.840355,52.362099 4.840413,52.362007 4.840493,52.361738 4.840506),(52.361819 4.838874,52.361814 4.838404,52.36142 4.838422,52.361418 4.838554,52.361439 4.838734,52.361422 4.838886,52.361819 4.838874))";4.8385555;52.3612955;
56;"WARMTE WIJK";"IN BEDRIJF";"POLYGON((4.98559 52.314794,4.985514 52.314657,4.985364 52.314582,4.984107 52.314163,4.984007 52.314124,4.983984 52.314071,4.98392 52.314031,4.983725 52.313964,4.983638 52.313949,4.98355 52.313964,4.983415 52.314047,4.98315 52.314336,4.983072 52.314377,4.982963 52.314496,4.982929 52.314577,4.982845 52.314619,4.9827 52.314777,4.982621 52.314819,4.982513 52.314937,4.982495 52.315,4.982277 52.315234,4.982197 52.315275,4.982094 52.315387,4.982058 52.315472,4.981967 52.315516,4.981829 52.315666,4.981807 52.315719,4.98183 52.315773,4.981902 52.315824,4.981989 52.31584,4.982063 52.315903,4.982302 52.315988,4.9826 52.316071,4.983595 52.316421,4.983698 52.316438,4.983767 52.316431,4.983879 52.316377,4.983924 52.3163,4.983911 52.316271,4.984022 52.316216,4.984062 52.316141,4.984146 52.316098,4.984174 52.316042,4.984145 52.315917,4.984081 52.315877,4.98384 52.315795,4.983755 52.315781,4.983612 52.315814,4.983568 52.315772,4.983664 52.315728,4.983691 52.315671,4.98368 52.315646,4.983778 52.315584,4.983803 52.315504,4.983909 52.31544,4.983934 52.315349,4.984002 52.315349,4.984095 52.315401,4.984216 52.315425,4.984286 52.315478,4.984379 52.315494,4.984467 52.31548,4.984532 52.31544,4.984587 52.315378,4.984606 52.315313,4.984685 52.315279,4.984752 52.315186,4.984838 52.31514,4.984862 52.315086,4.984853 52.315026,4.985023 52.315119,4.985111 52.315134,4.985205 52.315121,4.98527 52.315081,4.985295 52.315001,4.985409 52.314988,4.985474 52.314949,4.985568 52.314846,4.98559 52.314794),(4.984974 52.314816,4.983662 52.314358,4.983576 52.31434,4.983592 52.314304,4.983623 52.314285,4.985026 52.314769,4.984974 52.314816))";"POLYGON((52.314794 4.98559,52.314657 4.985514,52.314582 4.985364,52.314163 4.984107,52.314124 4.984007,52.314071 4.983984,52.314031 4.98392,52.313964 4.983725,52.313949 4.983638,52.313964 4.98355,52.314047 4.983415,52.314336 4.98315,52.314377 4.983072,52.314496 4.982963,52.314577 4.982929,52.314619 4.982845,52.314777 4.9827,52.314819 4.982621,52.314937 4.982513,52.315 4.982495,52.315234 4.982277,52.315275 4.982197,52.315387 4.982094,52.315472 4.982058,52.315516 4.981967,52.315666 4.981829,52.315719 4.981807,52.315773 4.98183,52.315824 4.981902,52.31584 4.981989,52.315903 4.982063,52.315988 4.982302,52.316071 4.9826,52.316421 4.983595,52.316438 4.983698,52.316431 4.983767,52.316377 4.983879,52.3163 4.983924,52.316271 4.983911,52.316216 4.984022,52.316141 4.984062,52.316098 4.984146,52.316042 4.984174,52.315917 4.984145,52.315877 4.984081,52.315795 4.98384,52.315781 4.983755,52.315814 4.983612,52.315772 4.983568,52.315728 4.983664,52.315671 4.983691,52.315646 4.98368,52.315584 4.983778,52.315504 4.983803,52.31544 4.983909,52.315349 4.983934,52.315349 4.984002,52.315401 4.984095,52.315425 4.984216,52.315478 4.984286,52.315494 4.984379,52.31548 4.984467,52.31544 4.984532,52.315378 4.984587,52.315313 4.984606,52.315279 4.984685,52.315186 4.984752,52.31514 4.984838,52.315086 4.984862,52.315026 4.984853,52.315119 4.985023,52.315134 4.985111,52.315121 4.985205,52.315081 4.98527,52.315001 4.985295,52.314988 4.985409,52.314949 4.985474,52.314846 4.985568,52.314794 4.98559),(52.314816 4.984974,52.314358 4.983662,52.31434 4.983576,52.314304 4.983592,52.314285 4.983623,52.314769 4.985026,52.314816 4.984974))";4.9837035;52.3151865;
57;"WARMTE WIJK";"IN BEDRIJF";"POLYGON((4.805077 52.363458,4.805054 52.363404,4.80499 52.363364,4.804704 52.363292,4.804163 52.363186,4.804146 52.363145,4.804047 52.363096,4.803705 52.363033,4.803616 52.363047,4.803551 52.363086,4.802286 52.365444,4.802301 52.36553,4.802501 52.365651,4.802523 52.36571,4.802587 52.365749,4.802681 52.365765,4.802769 52.365751,4.802868 52.365714,4.802895 52.36573,4.802917 52.365789,4.802981 52.365829,4.803074 52.365845,4.803175 52.365825,4.803195 52.365884,4.80326 52.365923,4.803316 52.365937,4.80337 52.365943,4.803471 52.365922,4.803672 52.365959,4.803761 52.365945,4.803826 52.365906,4.80386 52.365823,4.803839 52.365774,4.803937 52.365708,4.803945 52.365617,4.804002 52.365517,4.804074 52.365454,4.804087 52.365403,4.804068 52.36536,4.804142 52.365319,4.804182 52.365225,4.804131 52.36512,4.804033 52.36507,4.803971 52.365009,4.804141 52.365025,4.80423 52.365011,4.80431 52.364951,4.804588 52.364437,4.80468 52.364393,4.804748 52.364274,4.804734 52.364187,4.80467 52.364147,4.80459 52.364129,4.804713 52.364117,4.804794 52.364057,4.805041 52.363599,4.80504 52.363543,4.805077 52.363458),(4.804431 52.363848,4.803954 52.363751,4.8039 52.363746,4.803798 52.363768,4.803715 52.363748,4.8038 52.363706,4.803925 52.363481,4.80399 52.363472,4.804238 52.363507,4.804303 52.363536,4.804411 52.363548,4.804421 52.363573,4.804534 52.363626,4.804431 52.363848),(4.803642 52.365321,4.803543 52.365384,4.803537 52.365458,4.803498 52.365481,4.803458 52.365544,4.803459 52.365601,4.803073 52.365523,4.803019 52.365489,4.802894 52.365461,4.802786 52.365463,4.803022 52.365037,4.803044 52.36509,4.803114 52.365131,4.803533 52.365213,4.803569 52.365208,4.803582 52.365238,4.803666 52.365281,4.803642 52.365321),(4.804125 52.364399,4.804139 52.364433,4.80407 52.364542,4.804082 52.364572,4.80403 52.364606,4.803989 52.364706,4.803936 52.364741,4.803295 52.36461,4.803523 52.364195,4.803573 52.364194,4.803603 52.364211,4.804178 52.364325,4.804125 52.364399))";"POLYGON((52.363458 4.805077,52.363404 4.805054,52.363364 4.80499,52.363292 4.804704,52.363186 4.804163,52.363145 4.804146,52.363096 4.804047,52.363033 4.803705,52.363047 4.803616,52.363086 4.803551,52.365444 4.802286,52.36553 4.802301,52.365651 4.802501,52.36571 4.802523,52.365749 4.802587,52.365765 4.802681,52.365751 4.802769,52.365714 4.802868,52.36573 4.802895,52.365789 4.802917,52.365829 4.802981,52.365845 4.803074,52.365825 4.803175,52.365884 4.803195,52.365923 4.80326,52.365937 4.803316,52.365943 4.80337,52.365922 4.803471,52.365959 4.803672,52.365945 4.803761,52.365906 4.803826,52.365823 4.80386,52.365774 4.803839,52.365708 4.803937,52.365617 4.803945,52.365517 4.804002,52.365454 4.804074,52.365403 4.804087,52.36536 4.804068,52.365319 4.804142,52.365225 4.804182,52.36512 4.804131,52.36507 4.804033,52.365009 4.803971,52.365025 4.804141,52.365011 4.80423,52.364951 4.80431,52.364437 4.804588,52.364393 4.80468,52.364274 4.804748,52.364187 4.804734,52.364147 4.80467,52.364129 4.80459,52.364117 4.804713,52.364057 4.804794,52.363599 4.805041,52.363543 4.80504,52.363458 4.805077),(52.363848 4.804431,52.363751 4.803954,52.363746 4.8039,52.363768 4.803798,52.363748 4.803715,52.363706 4.8038,52.363481 4.803925,52.363472 4.80399,52.363507 4.804238,52.363536 4.804303,52.363548 4.804411,52.363573 4.804421,52.363626 4.804534,52.363848 4.804431),(52.365321 4.803642,52.365384 4.803543,52.365458 4.803537,52.365481 4.803498,52.365544 4.803458,52.365601 4.803459,52.365523 4.803073,52.365489 4.803019,52.365461 4.802894,52.365463 4.802786,52.365037 4.803022,52.36509 4.803044,52.365131 4.803114,52.365213 4.803533,52.365208 4.803569,52.365238 4.803582,52.365281 4.803666,52.365321 4.803642),(52.364399 4.804125,52.364433 4.804139,52.364542 4.80407,52.364572 4.804082,52.364606 4.80403,52.364706 4.803989,52.364741 4.803936,52.36461 4.803295,52.364195 4.803523,52.364194 4.803573,52.364211 4.803603,52.364325 4.804178,52.364399 4.804125))";4.8036865;52.364489;
58;"WARMTE WIJK";"IN BEDRIJF";"POLYGON((4.816699 52.375069,4.81654 52.374462,4.816498 52.374409,4.816418 52.374373,4.816329 52.374365,4.816251 52.374379,4.816176 52.374428,4.816161 52.374541,4.816271 52.375016,4.816056 52.375038,4.816033 52.375018,4.815918 52.37459,4.815962 52.374521,4.815958 52.374462,4.81594 52.374436,4.815784 52.374354,4.81569 52.374338,4.815562 52.374371,4.815522 52.374402,4.815499 52.374454,4.815504 52.374542,4.815647 52.375077,4.815591 52.375084,4.815447 52.374545,4.815352 52.374486,4.815215 52.374478,4.815112 52.374522,4.815075 52.374588,4.815197 52.375124,4.814975 52.375145,4.81495 52.375124,4.814838 52.374703,4.814878 52.374641,4.814876 52.374568,4.814859 52.374544,4.81472 52.374468,4.814609 52.374445,4.81452 52.374459,4.814476 52.374481,4.814418 52.374556,4.814422 52.374646,4.814564 52.37518,4.814509 52.375191,4.814357 52.374646,4.814293 52.374606,4.814169 52.37459,4.814061 52.374608,4.813996 52.374647,4.813972 52.374701,4.814018 52.374792,4.814133 52.375222,4.813864 52.375246,4.813743 52.374805,4.813784 52.374699,4.813727 52.37461,4.813663 52.374571,4.813568 52.374553,4.813441 52.374574,4.813375 52.374613,4.813331 52.374733,4.813451 52.375194,4.813355 52.374894,4.813334 52.37486,4.81327 52.37482,4.813246 52.374767,4.813182 52.374727,4.813087 52.374709,4.812848 52.374702,4.812548 52.374735,4.812442 52.374717,4.812338 52.374732,4.812329 52.374692,4.812395 52.374653,4.812419 52.374599,4.812396 52.374545,4.812271 52.374489,4.812201 52.374205,4.812237 52.374145,4.812218 52.374075,4.812391 52.374051,4.812456 52.374012,4.812481 52.373958,4.812431 52.373804,4.812367 52.373764,4.812216 52.373754,4.812191 52.373703,4.812127 52.373663,4.812039 52.373648,4.811391 52.373712,4.811333 52.373724,4.811268 52.373764,4.811248 52.373846,4.811271 52.373895,4.811325 52.373929,4.811243 52.373971,4.811218 52.374024,4.811269 52.37417,4.811333 52.37421,4.811422 52.374225,4.81153 52.374209,4.811598 52.374181,4.811777 52.37417,4.811832 52.374187,4.811989 52.374788,4.811953 52.37481,4.811934 52.374896,4.812115 52.375564,4.812136 52.375599,4.8122 52.375639,4.81232 52.375653,4.812908 52.375592,4.812995 52.375563,4.813618 52.375501,4.813605 52.375531,4.813629 52.375588,4.813693 52.375628,4.813811 52.375641,4.813955 52.375612,4.814092 52.375542,4.814116 52.375488,4.814102 52.375453,4.814697 52.375394,4.814684 52.375424,4.814708 52.375482,4.814772 52.375521,4.81489 52.375535,4.815157 52.375476,4.815222 52.375437,4.815247 52.375383,4.815238 52.375342,4.815778 52.375287,4.815765 52.375317,4.815789 52.375374,4.815853 52.375414,4.815941 52.375429,4.816029 52.375422,4.816127 52.375386,4.816238 52.375368,4.816303 52.375329,4.816328 52.375275,4.816319 52.375234,4.816566 52.375202,4.816675 52.375122,4.816699 52.375069),(4.812857 52.375291,4.812755 52.375309,4.81269 52.375348,4.812658 52.375395,4.81244 52.375417,4.812334 52.37498,4.812756 52.374945,4.812779 52.374993,4.812864 52.375039,4.812923 52.375253,4.812857 52.375291))";"POLYGON((52.375069 4.816699,52.374462 4.81654,52.374409 4.816498,52.374373 4.816418,52.374365 4.816329,52.374379 4.816251,52.374428 4.816176,52.374541 4.816161,52.375016 4.816271,52.375038 4.816056,52.375018 4.816033,52.37459 4.815918,52.374521 4.815962,52.374462 4.815958,52.374436 4.81594,52.374354 4.815784,52.374338 4.81569,52.374371 4.815562,52.374402 4.815522,52.374454 4.815499,52.374542 4.815504,52.375077 4.815647,52.375084 4.815591,52.374545 4.815447,52.374486 4.815352,52.374478 4.815215,52.374522 4.815112,52.374588 4.815075,52.375124 4.815197,52.375145 4.814975,52.375124 4.81495,52.374703 4.814838,52.374641 4.814878,52.374568 4.814876,52.374544 4.814859,52.374468 4.81472,52.374445 4.814609,52.374459 4.81452,52.374481 4.814476,52.374556 4.814418,52.374646 4.814422,52.37518 4.814564,52.375191 4.814509,52.374646 4.814357,52.374606 4.814293,52.37459 4.814169,52.374608 4.814061,52.374647 4.813996,52.374701 4.813972,52.374792 4.814018,52.375222 4.814133,52.375246 4.813864,52.374805 4.813743,52.374699 4.813784,52.37461 4.813727,52.374571 4.813663,52.374553 4.813568,52.374574 4.813441,52.374613 4.813375,52.374733 4.813331,52.375194 4.813451,52.374894 4.813355,52.37486 4.813334,52.37482 4.81327,52.374767 4.813246,52.374727 4.813182,52.374709 4.813087,52.374702 4.812848,52.374735 4.812548,52.374717 4.812442,52.374732 4.812338,52.374692 4.812329,52.374653 4.812395,52.374599 4.812419,52.374545 4.812396,52.374489 4.812271,52.374205 4.812201,52.374145 4.812237,52.374075 4.812218,52.374051 4.812391,52.374012 4.812456,52.373958 4.812481,52.373804 4.812431,52.373764 4.812367,52.373754 4.812216,52.373703 4.812191,52.373663 4.812127,52.373648 4.812039,52.373712 4.811391,52.373724 4.811333,52.373764 4.811268,52.373846 4.811248,52.373895 4.811271,52.373929 4.811325,52.373971 4.811243,52.374024 4.811218,52.37417 4.811269,52.37421 4.811333,52.374225 4.811422,52.374209 4.81153,52.374181 4.811598,52.37417 4.811777,52.374187 4.811832,52.374788 4.811989,52.37481 4.811953,52.374896 4.811934,52.375564 4.812115,52.375599 4.812136,52.375639 4.8122,52.375653 4.81232,52.375592 4.812908,52.375563 4.812995,52.375501 4.813618,52.375531 4.813605,52.375588 4.813629,52.375628 4.813693,52.375641 4.813811,52.375612 4.813955,52.375542 4.814092,52.375488 4.814116,52.375453 4.814102,52.375394 4.814697,52.375424 4.814684,52.375482 4.814708,52.375521 4.814772,52.375535 4.81489,52.375476 4.815157,52.375437 4.815222,52.375383 4.815247,52.375342 4.815238,52.375287 4.815778,52.375317 4.815765,52.375374 4.815789,52.375414 4.815853,52.375429 4.815941,52.375422 4.816029,52.375386 4.816127,52.375368 4.816238,52.375329 4.816303,52.375275 4.816328,52.375234 4.816319,52.375202 4.816566,52.375122 4.816675,52.375069 4.816699),(52.375291 4.812857,52.375309 4.812755,52.375348 4.81269,52.375395 4.812658,52.375417 4.81244,52.37498 4.812334,52.374945 4.812756,52.374993 4.812779,52.375039 4.812864,52.375253 4.812923,52.375291 4.812857))";4.8139635;52.3746435;
59;"WARMTE WIJK";"IN BEDRIJF";"POLYGON((4.795313 52.361433,4.79529 52.361379,4.795225 52.361339,4.794909 52.361285,4.794954 52.361185,4.794931 52.361131,4.794867 52.361092,4.793655 52.360847,4.793594 52.36084,4.793506 52.360854,4.79344 52.360894,4.793416 52.360947,4.793426 52.361008,4.793322 52.361273,4.793382 52.361379,4.793265 52.361677,4.793282 52.361771,4.793178 52.361789,4.793096 52.361851,4.792909 52.362216,4.792665 52.362624,4.792653 52.362661,4.792676 52.362715,4.792739 52.362755,4.792734 52.362765,4.792641 52.362835,4.792365 52.363249,4.792346 52.363351,4.792272 52.363395,4.792246 52.363452,4.792264 52.363495,4.792251 52.363538,4.792274 52.363592,4.792339 52.363632,4.792432 52.363648,4.792494 52.363638,4.792545 52.36367,4.792783 52.363712,4.792868 52.363752,4.793065 52.363775,4.793119 52.363767,4.793171 52.363799,4.793263 52.363816,4.793352 52.363802,4.793509 52.3637,4.793535 52.363643,4.793526 52.363586,4.793635 52.363507,4.793903 52.36298,4.79395 52.362973,4.79403 52.362915,4.794467 52.362129,4.794452 52.362043,4.794353 52.361994,4.794359 52.361971,4.794478 52.361907,4.794578 52.361723,4.794651 52.361706,4.794716 52.361667,4.794812 52.361496,4.795133 52.361544,4.795222 52.36153,4.795287 52.36149,4.795313 52.361433),(4.794249 52.361453,4.794196 52.361485,4.794171 52.361531,4.794006 52.361839,4.793992 52.361923,4.793913 52.361907,4.793945 52.361817,4.793922 52.361762,4.793853 52.361722,4.793765 52.361707,4.793717 52.361714,4.793703 52.361667,4.793798 52.361439,4.793807 52.361322,4.79376 52.361232,4.793718 52.361205,4.793855 52.361186,4.79393 52.36124,4.794309 52.361314,4.794316 52.361327,4.794249 52.361453),(4.79326 52.363407,4.793169 52.363501,4.792716 52.363418,4.792703 52.363393,4.793021 52.362922,4.793039 52.362987,4.793114 52.363038,4.793333 52.363084,4.793435 52.363085,4.79326 52.363407),(4.793894 52.36249,4.793831 52.3625,4.793764 52.362542,4.793684 52.36269,4.79361 52.362637,4.793241 52.362565,4.793165 52.362577,4.793468 52.362013,4.793504 52.36201,4.793519 52.362096,4.793588 52.362137,4.793907 52.362199,4.793996 52.362185,4.794034 52.362162,4.794068 52.362168,4.793894 52.36249))";"POLYGON((52.361433 4.795313,52.361379 4.79529,52.361339 4.795225,52.361285 4.794909,52.361185 4.794954,52.361131 4.794931,52.361092 4.794867,52.360847 4.793655,52.36084 4.793594,52.360854 4.793506,52.360894 4.79344,52.360947 4.793416,52.361008 4.793426,52.361273 4.793322,52.361379 4.793382,52.361677 4.793265,52.361771 4.793282,52.361789 4.793178,52.361851 4.793096,52.362216 4.792909,52.362624 4.792665,52.362661 4.792653,52.362715 4.792676,52.362755 4.792739,52.362765 4.792734,52.362835 4.792641,52.363249 4.792365,52.363351 4.792346,52.363395 4.792272,52.363452 4.792246,52.363495 4.792264,52.363538 4.792251,52.363592 4.792274,52.363632 4.792339,52.363648 4.792432,52.363638 4.792494,52.36367 4.792545,52.363712 4.792783,52.363752 4.792868,52.363775 4.793065,52.363767 4.793119,52.363799 4.793171,52.363816 4.793263,52.363802 4.793352,52.3637 4.793509,52.363643 4.793535,52.363586 4.793526,52.363507 4.793635,52.36298 4.793903,52.362973 4.79395,52.362915 4.79403,52.362129 4.794467,52.362043 4.794452,52.361994 4.794353,52.361971 4.794359,52.361907 4.794478,52.361723 4.794578,52.361706 4.794651,52.361667 4.794716,52.361496 4.794812,52.361544 4.795133,52.36153 4.795222,52.36149 4.795287,52.361433 4.795313),(52.361453 4.794249,52.361485 4.794196,52.361531 4.794171,52.361839 4.794006,52.361923 4.793992,52.361907 4.793913,52.361817 4.793945,52.361762 4.793922,52.361722 4.793853,52.361707 4.793765,52.361714 4.793717,52.361667 4.793703,52.361439 4.793798,52.361322 4.793807,52.361232 4.79376,52.361205 4.793718,52.361186 4.793855,52.36124 4.79393,52.361314 4.794309,52.361327 4.794316,52.361453 4.794249),(52.363407 4.79326,52.363501 4.793169,52.363418 4.792716,52.363393 4.792703,52.362922 4.793021,52.362987 4.793039,52.363038 4.793114,52.363084 4.793333,52.363085 4.793435,52.363407 4.79326),(52.36249 4.793894,52.3625 4.793831,52.362542 4.793764,52.36269 4.793684,52.362637 4.79361,52.362565 4.793241,52.362577 4.793165,52.362013 4.793468,52.36201 4.793504,52.362096 4.793519,52.362137 4.793588,52.362199 4.793907,52.362185 4.793996,52.362162 4.794034,52.362168 4.794068,52.36249 4.793894))";4.7937845;52.362321;
60;"WARMTE WIJK";"IN BEDRIJF";"POLYGON((4.787208 52.357671,4.787186 52.357617,4.787121 52.357578,4.787028 52.357562,4.786919 52.357588,4.786506 52.357501,4.786362 52.357509,4.786282 52.357569,4.785987 52.358107,4.785891 52.358121,4.785826 52.35816,4.785793 52.358215,4.785713 52.358227,4.785648 52.358267,4.785631 52.358346,4.785592 52.35837,4.785566 52.358427,4.785581 52.358463,4.785523 52.358498,4.785501 52.358546,4.785263 52.358497,4.785279 52.358431,4.785305 52.358416,4.785407 52.358209,4.785357 52.358112,4.785293 52.358073,4.785199 52.358057,4.785111 52.358071,4.78503 52.358131,4.784912 52.358352,4.784812 52.35834,4.784723 52.358354,4.784658 52.358393,4.784474 52.35872,4.784428 52.358742,4.783096 52.358475,4.783176 52.358332,4.783249 52.358321,4.783314 52.358282,4.783338 52.358228,4.783316 52.358174,4.783267 52.358141,4.783474 52.357751,4.783451 52.357697,4.783386 52.357657,4.782886 52.357553,4.782769 52.357552,4.782663 52.357583,4.782606 52.357645,4.782596 52.357681,4.782619 52.357735,4.782683 52.357775,4.783023 52.357835,4.783044 52.357848,4.783033 52.35789,4.78284 52.357872,4.782705 52.357839,4.782616 52.357853,4.782485 52.357916,4.782451 52.357979,4.782474 52.358033,4.782538 52.358073,4.782654 52.358098,4.782576 52.358232,4.782275 52.358178,4.782161 52.358182,4.782068 52.358136,4.781591 52.358045,4.781438 52.358069,4.781373 52.358108,4.781306 52.35824,4.781329 52.358294,4.781393 52.358334,4.781693 52.358397,4.78167 52.358457,4.7816 52.35851,4.781549 52.358622,4.781572 52.358676,4.78167 52.358725,4.78186 52.358737,4.781948 52.358723,4.782014 52.358684,4.782088 52.358546,4.782663 52.358657,4.782855 52.358653,4.784362 52.358965,4.78447 52.358975,4.784731 52.359036,4.784813 52.359037,4.786399 52.359354,4.786488 52.35934,4.786568 52.35928,4.786634 52.359141,4.786611 52.359087,4.786547 52.359047,4.786604 52.359007,4.786674 52.358881,4.786759 52.358853,4.786807 52.35881,4.78684 52.358734,4.786817 52.35868,4.786753 52.358641,4.786022 52.358496,4.786039 52.358464,4.786062 52.358464,4.786768 52.358612,4.786856 52.358597,4.786922 52.358558,4.786966 52.358454,4.786941 52.358406,4.786888 52.358369,4.786291 52.358242,4.786563 52.357745,4.787002 52.357831,4.78709 52.357817,4.787156 52.357778,4.787208 52.357671))";"POLYGON((52.357671 4.787208,52.357617 4.787186,52.357578 4.787121,52.357562 4.787028,52.357588 4.786919,52.357501 4.786506,52.357509 4.786362,52.357569 4.786282,52.358107 4.785987,52.358121 4.785891,52.35816 4.785826,52.358215 4.785793,52.358227 4.785713,52.358267 4.785648,52.358346 4.785631,52.35837 4.785592,52.358427 4.785566,52.358463 4.785581,52.358498 4.785523,52.358546 4.785501,52.358497 4.785263,52.358431 4.785279,52.358416 4.785305,52.358209 4.785407,52.358112 4.785357,52.358073 4.785293,52.358057 4.785199,52.358071 4.785111,52.358131 4.78503,52.358352 4.784912,52.35834 4.784812,52.358354 4.784723,52.358393 4.784658,52.35872 4.784474,52.358742 4.784428,52.358475 4.783096,52.358332 4.783176,52.358321 4.783249,52.358282 4.783314,52.358228 4.783338,52.358174 4.783316,52.358141 4.783267,52.357751 4.783474,52.357697 4.783451,52.357657 4.783386,52.357553 4.782886,52.357552 4.782769,52.357583 4.782663,52.357645 4.782606,52.357681 4.782596,52.357735 4.782619,52.357775 4.782683,52.357835 4.783023,52.357848 4.783044,52.35789 4.783033,52.357872 4.78284,52.357839 4.782705,52.357853 4.782616,52.357916 4.782485,52.357979 4.782451,52.358033 4.782474,52.358073 4.782538,52.358098 4.782654,52.358232 4.782576,52.358178 4.782275,52.358182 4.782161,52.358136 4.782068,52.358045 4.781591,52.358069 4.781438,52.358108 4.781373,52.35824 4.781306,52.358294 4.781329,52.358334 4.781393,52.358397 4.781693,52.358457 4.78167,52.35851 4.7816,52.358622 4.781549,52.358676 4.781572,52.358725 4.78167,52.358737 4.78186,52.358723 4.781948,52.358684 4.782014,52.358546 4.782088,52.358657 4.782663,52.358653 4.782855,52.358965 4.784362,52.358975 4.78447,52.359036 4.784731,52.359037 4.784813,52.359354 4.786399,52.35934 4.786488,52.35928 4.786568,52.359141 4.786634,52.359087 4.786611,52.359047 4.786547,52.359007 4.786604,52.358881 4.786674,52.358853 4.786759,52.35881 4.786807,52.358734 4.78684,52.35868 4.786817,52.358641 4.786753,52.358496 4.786022,52.358464 4.786039,52.358464 4.786062,52.358612 4.786768,52.358597 4.786856,52.358558 4.786922,52.358454 4.786966,52.358406 4.786941,52.358369 4.786888,52.358242 4.786291,52.357745 4.786563,52.357831 4.787002,52.357817 4.78709,52.357778 4.787156,52.357671 4.787208))";4.784262;52.3584205;
61;"WARMTE WIJK";"IN BEDRIJF";"POLYGON((4.964422 52.32963,4.964386 52.329545,4.964153 52.329393,4.964065 52.329379,4.963976 52.329393,4.96373 52.32953,4.963604 52.329472,4.963627 52.329423,4.963697 52.329412,4.963856 52.329301,4.963893 52.329236,4.96387 52.329182,4.96382 52.329148,4.963681 52.32911,4.963593 52.329124,4.963476 52.329175,4.963082 52.329417,4.963058 52.32947,4.963081 52.329524,4.963185 52.329602,4.963069 52.329619,4.962968 52.329551,4.96288 52.329537,4.962791 52.329551,4.962581 52.32965,4.962478 52.329661,4.96236 52.329726,4.962285 52.329875,4.962184 52.32992,4.96212 52.330026,4.962143 52.33008,4.962189 52.330108,4.962215 52.330214,4.962395 52.330345,4.962334 52.330382,4.96231 52.330433,4.962196 52.330258,4.962089 52.330168,4.962025 52.330128,4.961971 52.330116,4.961762 52.330092,4.961177 52.330232,4.961112 52.330271,4.961061 52.330369,4.961092 52.330443,4.961157 52.330494,4.961172 52.330543,4.961063 52.330566,4.961001 52.330512,4.961016 52.330477,4.960984 52.330402,4.96092 52.330362,4.960832 52.330347,4.960504 52.330393,4.960322 52.330402,4.959988 52.33038,4.9599 52.330394,4.959835 52.330434,4.959811 52.330478,4.959802 52.330541,4.959825 52.330595,4.959876 52.330627,4.959846 52.33066,4.959778 52.330617,4.9596 52.330587,4.959577 52.330559,4.959622 52.330552,4.959687 52.330513,4.959725 52.330438,4.959698 52.330363,4.959634 52.330323,4.959351 52.330253,4.959048 52.330139,4.958848 52.330034,4.95876 52.330019,4.958672 52.330033,4.958514 52.330114,4.958394 52.330267,4.958303 52.330441,4.958326 52.330495,4.95839 52.330534,4.958993 52.330703,4.959002 52.330724,4.959089 52.33077,4.959471 52.33085,4.960003 52.330918,4.960092 52.330904,4.960134 52.330879,4.960196 52.330877,4.960724 52.330917,4.960852 52.330894,4.960888 52.330872,4.960947 52.330909,4.961036 52.330923,4.961281 52.330897,4.961337 52.330863,4.961443 52.330889,4.961537 52.330874,4.961577 52.33085,4.962146 52.330759,4.962251 52.330712,4.962339 52.330727,4.962428 52.330713,4.962484 52.33068,4.962638 52.330655,4.962749 52.330617,4.962839 52.330557,4.962994 52.330505,4.963044 52.330456,4.963184 52.330391,4.963493 52.330196,4.963638 52.330161,4.963792 52.330063,4.963816 52.330009,4.963794 52.329957,4.963858 52.329968,4.96398 52.329938,4.964047 52.329875,4.964079 52.32987,4.964398 52.329684,4.964422 52.32963),(4.962776 52.33028,4.96275 52.330223,4.9626 52.330111,4.962614 52.33008,4.962587 52.330013,4.962652 52.329973,4.962731 52.329861,4.962762 52.329856,4.962821 52.329896,4.962804 52.329934,4.962827 52.329988,4.963041 52.330126,4.962776 52.33028))";"POLYGON((52.32963 4.964422,52.329545 4.964386,52.329393 4.964153,52.329379 4.964065,52.329393 4.963976,52.32953 4.96373,52.329472 4.963604,52.329423 4.963627,52.329412 4.963697,52.329301 4.963856,52.329236 4.963893,52.329182 4.96387,52.329148 4.96382,52.32911 4.963681,52.329124 4.963593,52.329175 4.963476,52.329417 4.963082,52.32947 4.963058,52.329524 4.963081,52.329602 4.963185,52.329619 4.963069,52.329551 4.962968,52.329537 4.96288,52.329551 4.962791,52.32965 4.962581,52.329661 4.962478,52.329726 4.96236,52.329875 4.962285,52.32992 4.962184,52.330026 4.96212,52.33008 4.962143,52.330108 4.962189,52.330214 4.962215,52.330345 4.962395,52.330382 4.962334,52.330433 4.96231,52.330258 4.962196,52.330168 4.962089,52.330128 4.962025,52.330116 4.961971,52.330092 4.961762,52.330232 4.961177,52.330271 4.961112,52.330369 4.961061,52.330443 4.961092,52.330494 4.961157,52.330543 4.961172,52.330566 4.961063,52.330512 4.961001,52.330477 4.961016,52.330402 4.960984,52.330362 4.96092,52.330347 4.960832,52.330393 4.960504,52.330402 4.960322,52.33038 4.959988,52.330394 4.9599,52.330434 4.959835,52.330478 4.959811,52.330541 4.959802,52.330595 4.959825,52.330627 4.959876,52.33066 4.959846,52.330617 4.959778,52.330587 4.9596,52.330559 4.959577,52.330552 4.959622,52.330513 4.959687,52.330438 4.959725,52.330363 4.959698,52.330323 4.959634,52.330253 4.959351,52.330139 4.959048,52.330034 4.958848,52.330019 4.95876,52.330033 4.958672,52.330114 4.958514,52.330267 4.958394,52.330441 4.958303,52.330495 4.958326,52.330534 4.95839,52.330703 4.958993,52.330724 4.959002,52.33077 4.959089,52.33085 4.959471,52.330918 4.960003,52.330904 4.960092,52.330879 4.960134,52.330877 4.960196,52.330917 4.960724,52.330894 4.960852,52.330872 4.960888,52.330909 4.960947,52.330923 4.961036,52.330897 4.961281,52.330863 4.961337,52.330889 4.961443,52.330874 4.961537,52.33085 4.961577,52.330759 4.962146,52.330712 4.962251,52.330727 4.962339,52.330713 4.962428,52.33068 4.962484,52.330655 4.962638,52.330617 4.962749,52.330557 4.962839,52.330505 4.962994,52.330456 4.963044,52.330391 4.963184,52.330196 4.963493,52.330161 4.963638,52.330063 4.963792,52.330009 4.963816,52.329957 4.963794,52.329968 4.963858,52.329938 4.96398,52.329875 4.964047,52.32987 4.964079,52.329684 4.964398,52.32963 4.964422),(52.33028 4.962776,52.330223 4.96275,52.330111 4.9626,52.33008 4.962614,52.330013 4.962587,52.329973 4.962652,52.329861 4.962731,52.329856 4.962762,52.329896 4.962821,52.329934 4.962804,52.329988 4.962827,52.330126 4.963041,52.33028 4.962776))";4.9613675;52.3300095;
62;"WARMTE WIJK";"IN BEDRIJF";"POLYGON((4.918072 52.344475,4.918049 52.344421,4.917876 52.344318,4.917291 52.344187,4.917373 52.344021,4.91735 52.343967,4.917285 52.343927,4.917188 52.34391,4.917099 52.343925,4.917034 52.343964,4.916949 52.344112,4.915992 52.343889,4.916034 52.343844,4.916066 52.343845,4.916134 52.343873,4.916861 52.344031,4.91695 52.344017,4.917015 52.343978,4.917058 52.343862,4.917035 52.343808,4.916971 52.343768,4.916839 52.343737,4.916729 52.343739,4.916665 52.343699,4.916534 52.343667,4.916423 52.343668,4.91636 52.343629,4.916267 52.343613,4.916192 52.343579,4.91628 52.343449,4.916263 52.343408,4.916279 52.343315,4.916226 52.343214,4.91618 52.343174,4.916257 52.34303,4.916234 52.342976,4.916169 52.342936,4.916076 52.34292,4.915988 52.342934,4.915923 52.342973,4.915787 52.34319,4.915776 52.343227,4.915799 52.343281,4.915919 52.343347,4.91578 52.343575,4.915754 52.343579,4.915744 52.343556,4.915656 52.343509,4.91563 52.343454,4.915565 52.343415,4.915479 52.343389,4.915418 52.343382,4.915329 52.343396,4.915206 52.343499,4.915181 52.343555,4.915227 52.343645,4.915333 52.343696,4.915282 52.343797,4.91517 52.343833,4.915098 52.343824,4.915009 52.343838,4.914944 52.343877,4.914888 52.343965,4.914835 52.344,4.91482 52.344077,4.914681 52.344306,4.914629 52.34434,4.914614 52.344416,4.914475 52.344646,4.914422 52.34468,4.914407 52.344758,4.914353 52.344848,4.914269 52.344982,4.914215 52.345016,4.914184 52.345136,4.914207 52.345191,4.914271 52.34523,4.914535 52.345292,4.914624 52.345278,4.914689 52.345239,4.914715 52.345181,4.914692 52.345127,4.914633 52.34509,4.91466 52.345035,4.914648 52.344991,4.914769 52.344792,4.914844 52.344751,4.914868 52.344697,4.914854 52.344653,4.914974 52.344453,4.915049 52.344411,4.915073 52.344357,4.915059 52.344312,4.915181 52.344113,4.915236 52.344082,4.915321 52.344102,4.915341 52.344149,4.915405 52.344188,4.915662 52.344259,4.915786 52.344269,4.915506 52.344743,4.915457 52.344789,4.915443 52.344844,4.915302 52.345047,4.915255 52.345153,4.915024 52.345082,4.914963 52.345075,4.914875 52.345089,4.914809 52.345128,4.914783 52.345186,4.914806 52.34524,4.915043 52.34537,4.915142 52.345374,4.915186 52.345401,4.915282 52.345418,4.915407 52.345399,4.915496 52.345385,4.915561 52.345346,4.915611 52.34525,4.915597 52.345217,4.915657 52.345166,4.915661 52.345104,4.915728 52.345053,4.915735 52.344992,4.915803 52.344929,4.91582 52.344879,4.916331 52.345003,4.916215 52.3452,4.916204 52.345236,4.916227 52.34529,4.916316 52.345337,4.916912 52.345477,4.916553 52.346062,4.916473 52.346104,4.916446 52.346162,4.916469 52.346216,4.916533 52.346256,4.91668 52.346285,4.916769 52.34627,4.916847 52.346215,4.917327 52.345411,4.917304 52.345357,4.91724 52.345317,4.916619 52.345172,4.916689 52.345057,4.916781 52.345014,4.916812 52.344968,4.916912 52.344902,4.917011 52.344857,4.91704 52.344796,4.917017 52.344742,4.916952 52.344702,4.916796 52.344671,4.916708 52.344686,4.916643 52.344725,4.916601 52.344789,4.916544 52.344816,4.916146 52.344721,4.916456 52.344238,4.916623 52.344275,4.91661 52.344303,4.916636 52.344364,4.91673 52.344412,4.916832 52.344428,4.91692 52.344414,4.916998 52.344358,4.917593 52.344489,4.917664 52.344544,4.917822 52.344582,4.917889 52.34459,4.917978 52.344576,4.918043 52.344537,4.918072 52.344475))";"POLYGON((52.344475 4.918072,52.344421 4.918049,52.344318 4.917876,52.344187 4.917291,52.344021 4.917373,52.343967 4.91735,52.343927 4.917285,52.34391 4.917188,52.343925 4.917099,52.343964 4.917034,52.344112 4.916949,52.343889 4.915992,52.343844 4.916034,52.343845 4.916066,52.343873 4.916134,52.344031 4.916861,52.344017 4.91695,52.343978 4.917015,52.343862 4.917058,52.343808 4.917035,52.343768 4.916971,52.343737 4.916839,52.343739 4.916729,52.343699 4.916665,52.343667 4.916534,52.343668 4.916423,52.343629 4.91636,52.343613 4.916267,52.343579 4.916192,52.343449 4.91628,52.343408 4.916263,52.343315 4.916279,52.343214 4.916226,52.343174 4.91618,52.34303 4.916257,52.342976 4.916234,52.342936 4.916169,52.34292 4.916076,52.342934 4.915988,52.342973 4.915923,52.34319 4.915787,52.343227 4.915776,52.343281 4.915799,52.343347 4.915919,52.343575 4.91578,52.343579 4.915754,52.343556 4.915744,52.343509 4.915656,52.343454 4.91563,52.343415 4.915565,52.343389 4.915479,52.343382 4.915418,52.343396 4.915329,52.343499 4.915206,52.343555 4.915181,52.343645 4.915227,52.343696 4.915333,52.343797 4.915282,52.343833 4.91517,52.343824 4.915098,52.343838 4.915009,52.343877 4.914944,52.343965 4.914888,52.344 4.914835,52.344077 4.91482,52.344306 4.914681,52.34434 4.914629,52.344416 4.914614,52.344646 4.914475,52.34468 4.914422,52.344758 4.914407,52.344848 4.914353,52.344982 4.914269,52.345016 4.914215,52.345136 4.914184,52.345191 4.914207,52.34523 4.914271,52.345292 4.914535,52.345278 4.914624,52.345239 4.914689,52.345181 4.914715,52.345127 4.914692,52.34509 4.914633,52.345035 4.91466,52.344991 4.914648,52.344792 4.914769,52.344751 4.914844,52.344697 4.914868,52.344653 4.914854,52.344453 4.914974,52.344411 4.915049,52.344357 4.915073,52.344312 4.915059,52.344113 4.915181,52.344082 4.915236,52.344102 4.915321,52.344149 4.915341,52.344188 4.915405,52.344259 4.915662,52.344269 4.915786,52.344743 4.915506,52.344789 4.915457,52.344844 4.915443,52.345047 4.915302,52.345153 4.915255,52.345082 4.915024,52.345075 4.914963,52.345089 4.914875,52.345128 4.914809,52.345186 4.914783,52.34524 4.914806,52.34537 4.915043,52.345374 4.915142,52.345401 4.915186,52.345418 4.915282,52.345399 4.915407,52.345385 4.915496,52.345346 4.915561,52.34525 4.915611,52.345217 4.915597,52.345166 4.915657,52.345104 4.915661,52.345053 4.915728,52.344992 4.915735,52.344929 4.915803,52.344879 4.91582,52.345003 4.916331,52.3452 4.916215,52.345236 4.916204,52.34529 4.916227,52.345337 4.916316,52.345477 4.916912,52.346062 4.916553,52.346104 4.916473,52.346162 4.916446,52.346216 4.916469,52.346256 4.916533,52.346285 4.91668,52.34627 4.916769,52.346215 4.916847,52.345411 4.917327,52.345357 4.917304,52.345317 4.91724,52.345172 4.916619,52.345057 4.916689,52.345014 4.916781,52.344968 4.916812,52.344902 4.916912,52.344857 4.917011,52.344796 4.91704,52.344742 4.917017,52.344702 4.916952,52.344671 4.916796,52.344686 4.916708,52.344725 4.916643,52.344789 4.916601,52.344816 4.916544,52.344721 4.916146,52.344238 4.916456,52.344275 4.916623,52.344303 4.91661,52.344364 4.916636,52.344412 4.91673,52.344428 4.916832,52.344414 4.91692,52.344358 4.916998,52.344489 4.917593,52.344544 4.917664,52.344582 4.917822,52.34459 4.917889,52.344576 4.917978,52.344537 4.918043,52.344475 4.918072))";4.916133;52.3445955;
63;"WARMTE WIJK";"IN BEDRIJF";"POLYGON((4.880393 52.395746,4.88037 52.395692,4.880332 52.395663,4.879666 52.395312,4.879486 52.395189,4.879354 52.395168,4.879266 52.395182,4.878819 52.39494,4.878875 52.394861,4.878852 52.394807,4.878688 52.394715,4.878595 52.394698,4.878507 52.394712,4.878448 52.394748,4.878368 52.394706,4.878425 52.394627,4.878402 52.394573,4.878337 52.394533,4.878245 52.394516,4.878156 52.39453,4.878094 52.394564,4.878002 52.394518,4.878059 52.394437,4.878035 52.394383,4.877971 52.394344,4.877879 52.394327,4.87779 52.394341,4.877729 52.394375,4.877667 52.394343,4.877715 52.39426,4.877692 52.394206,4.877628 52.394166,4.877535 52.394149,4.877446 52.394163,4.877389 52.394198,4.877215 52.394108,4.877126 52.394093,4.876963 52.394129,4.876904 52.394161,4.87688 52.394112,4.876815 52.394072,4.876789 52.394009,4.876591 52.3939,4.876428 52.393865,4.876085 52.39388,4.875988 52.393808,4.8759 52.393793,4.875752 52.393808,4.875686 52.393847,4.875663 52.393916,4.875577 52.39393,4.875512 52.393969,4.875478 52.394112,4.875501 52.394162,4.875557 52.394198,4.875501 52.394231,4.87546 52.394321,4.875483 52.394379,4.875547 52.394418,4.87579 52.394447,4.876165 52.394441,4.876259 52.394427,4.876385 52.394438,4.876489 52.394468,4.876562 52.394506,4.87651 52.394578,4.876534 52.394632,4.876572 52.39466,4.878603 52.395711,4.878704 52.395734,4.878794 52.395778,4.878883 52.395793,4.878978 52.395779,4.879106 52.39585,4.879192 52.395871,4.879287 52.395942,4.879427 52.395966,4.879438 52.395992,4.879502 52.396032,4.879569 52.396045,4.879635 52.396079,4.879657 52.396135,4.879743 52.396187,4.879832 52.396201,4.87992 52.396187,4.879968 52.396163,4.88006 52.396095,4.880094 52.396027,4.880152 52.395989,4.880176 52.395936,4.880153 52.395881,4.880124 52.395863,4.880151 52.395847,4.880214 52.395857,4.880303 52.395843,4.880368 52.395804,4.880393 52.395746),(4.878738 52.395302,4.878612 52.395267,4.87851 52.395208,4.878422 52.395193,4.878324 52.395212,4.878171 52.395142,4.87827 52.395068,4.878293 52.395017,4.878375 52.395031,4.878424 52.395023,4.878809 52.395222,4.878738 52.395302),(4.877949 52.39492,4.877808 52.395016,4.877733 52.394978,4.877799 52.394933,4.877823 52.394879,4.8778 52.394825,4.877655 52.394749,4.877606 52.394697,4.877501 52.394656,4.877471 52.39459,4.877377 52.394533,4.877264 52.394507,4.877196 52.394518,4.877113 52.394486,4.877045 52.394433,4.877134 52.394418,4.877192 52.394383,4.877516 52.394553,4.877534 52.394619,4.877677 52.394694,4.877694 52.394733,4.877762 52.394775,4.877862 52.394796,4.877956 52.39478,4.878055 52.394831,4.878066 52.394885,4.877949 52.39492))";"POLYGON((52.395746 4.880393,52.395692 4.88037,52.395663 4.880332,52.395312 4.879666,52.395189 4.879486,52.395168 4.879354,52.395182 4.879266,52.39494 4.878819,52.394861 4.878875,52.394807 4.878852,52.394715 4.878688,52.394698 4.878595,52.394712 4.878507,52.394748 4.878448,52.394706 4.878368,52.394627 4.878425,52.394573 4.878402,52.394533 4.878337,52.394516 4.878245,52.39453 4.878156,52.394564 4.878094,52.394518 4.878002,52.394437 4.878059,52.394383 4.878035,52.394344 4.877971,52.394327 4.877879,52.394341 4.87779,52.394375 4.877729,52.394343 4.877667,52.39426 4.877715,52.394206 4.877692,52.394166 4.877628,52.394149 4.877535,52.394163 4.877446,52.394198 4.877389,52.394108 4.877215,52.394093 4.877126,52.394129 4.876963,52.394161 4.876904,52.394112 4.87688,52.394072 4.876815,52.394009 4.876789,52.3939 4.876591,52.393865 4.876428,52.39388 4.876085,52.393808 4.875988,52.393793 4.8759,52.393808 4.875752,52.393847 4.875686,52.393916 4.875663,52.39393 4.875577,52.393969 4.875512,52.394112 4.875478,52.394162 4.875501,52.394198 4.875557,52.394231 4.875501,52.394321 4.87546,52.394379 4.875483,52.394418 4.875547,52.394447 4.87579,52.394441 4.876165,52.394427 4.876259,52.394438 4.876385,52.394468 4.876489,52.394506 4.876562,52.394578 4.87651,52.394632 4.876534,52.39466 4.876572,52.395711 4.878603,52.395734 4.878704,52.395778 4.878794,52.395793 4.878883,52.395779 4.878978,52.39585 4.879106,52.395871 4.879192,52.395942 4.879287,52.395966 4.879427,52.395992 4.879438,52.396032 4.879502,52.396045 4.879569,52.396079 4.879635,52.396135 4.879657,52.396187 4.879743,52.396201 4.879832,52.396187 4.87992,52.396163 4.879968,52.396095 4.88006,52.396027 4.880094,52.395989 4.880152,52.395936 4.880176,52.395881 4.880153,52.395863 4.880124,52.395847 4.880151,52.395857 4.880214,52.395843 4.880303,52.395804 4.880368,52.395746 4.880393),(52.395302 4.878738,52.395267 4.878612,52.395208 4.87851,52.395193 4.878422,52.395212 4.878324,52.395142 4.878171,52.395068 4.87827,52.395017 4.878293,52.395031 4.878375,52.395023 4.878424,52.395222 4.878809,52.395302 4.878738),(52.39492 4.877949,52.395016 4.877808,52.394978 4.877733,52.394933 4.877799,52.394879 4.877823,52.394825 4.8778,52.394749 4.877655,52.394697 4.877606,52.394656 4.877501,52.39459 4.877471,52.394533 4.877377,52.394507 4.877264,52.394518 4.877196,52.394486 4.877113,52.394433 4.877045,52.394418 4.877134,52.394383 4.877192,52.394553 4.877516,52.394619 4.877534,52.394694 4.877677,52.394733 4.877694,52.394775 4.877762,52.394796 4.877862,52.39478 4.877956,52.394831 4.878055,52.394885 4.878066,52.39492 4.877949))";4.8779315;52.39499;
64;"WARMTE WIJK";"IN BEDRIJF";"POLYGON((4.838636 52.378186,4.838663 52.37822,4.838728 52.37826,4.838816 52.378275,4.838949 52.378258,4.83906 52.378208,4.839084 52.378154,4.839067 52.378114,4.839127 52.378078,4.839178 52.377974,4.839068 52.377697,4.838992 52.377599,4.839019 52.377543,4.839006 52.377497,4.838989 52.377471,4.838908 52.377428,4.8388 52.377162,4.838951 52.377139,4.839052 52.377415,4.83911 52.377501,4.839198 52.37772,4.839191 52.377777,4.839273 52.377974,4.839355 52.37804,4.839386 52.378093,4.83945 52.378132,4.839538 52.378147,4.839609 52.378138,4.839708 52.37816,4.83988 52.378132,4.839945 52.378093,4.839969 52.378039,4.8397 52.377381,4.840019 52.377332,4.840092 52.37734,4.840239 52.377323,4.840481 52.377899,4.840545 52.377939,4.840633 52.377954,4.840803 52.377927,4.840868 52.377888,4.840896 52.37783,4.840663 52.377262,4.8407 52.377268,4.840742 52.377339,4.840925 52.37781,4.840989 52.37785,4.841096 52.37787,4.841222 52.37785,4.841287 52.37781,4.841311 52.377757,4.841125 52.377298,4.841224 52.377254,4.841264 52.377247,4.841472 52.377734,4.841536 52.377774,4.841625 52.377789,4.841721 52.377778,4.84183 52.377728,4.841854 52.377674,4.841582 52.377018,4.841518 52.376978,4.841375 52.376951,4.84133 52.376954,4.841147 52.376987,4.841082 52.377026,4.84107 52.377052,4.841025 52.377059,4.840982 52.377033,4.840894 52.377018,4.840744 52.377038,4.840657 52.377034,4.840155 52.37711,4.840045 52.377102,4.839681 52.377158,4.839592 52.376934,4.841254 52.376668,4.841319 52.376629,4.841344 52.376575,4.841299 52.376471,4.841235 52.376432,4.841147 52.376417,4.841053 52.376432,4.84098 52.376489,4.840755 52.376526,4.840657 52.376505,4.840569 52.376519,4.840433 52.376576,4.839328 52.376749,4.839219 52.376799,4.8392 52.376841,4.839135 52.376742,4.839138 52.376696,4.839096 52.376648,4.839099 52.376602,4.839042 52.376449,4.838977 52.376409,4.838863 52.37639,4.838786 52.376398,4.838677 52.376448,4.838653 52.376502,4.838695 52.37657,4.838692 52.376616,4.838807 52.37689,4.838793 52.376898,4.838705 52.376865,4.83857 52.376523,4.838506 52.376483,4.838383 52.376465,4.838271 52.376483,4.838206 52.376522,4.838182 52.376576,4.838247 52.376688,4.838235 52.376729,4.838258 52.376783,4.838301 52.37681,4.838288 52.376855,4.838311 52.376909,4.838353 52.376935,4.83834 52.37698,4.838363 52.377034,4.838409 52.377063,4.838405 52.377154,4.83843 52.377247,4.838464 52.377284,4.838469 52.377341,4.838367 52.377394,4.838348 52.377476,4.838636 52.378186))";"POLYGON((52.378186 4.838636,52.37822 4.838663,52.37826 4.838728,52.378275 4.838816,52.378258 4.838949,52.378208 4.83906,52.378154 4.839084,52.378114 4.839067,52.378078 4.839127,52.377974 4.839178,52.377697 4.839068,52.377599 4.838992,52.377543 4.839019,52.377497 4.839006,52.377471 4.838989,52.377428 4.838908,52.377162 4.8388,52.377139 4.838951,52.377415 4.839052,52.377501 4.83911,52.37772 4.839198,52.377777 4.839191,52.377974 4.839273,52.37804 4.839355,52.378093 4.839386,52.378132 4.83945,52.378147 4.839538,52.378138 4.839609,52.37816 4.839708,52.378132 4.83988,52.378093 4.839945,52.378039 4.839969,52.377381 4.8397,52.377332 4.840019,52.37734 4.840092,52.377323 4.840239,52.377899 4.840481,52.377939 4.840545,52.377954 4.840633,52.377927 4.840803,52.377888 4.840868,52.37783 4.840896,52.377262 4.840663,52.377268 4.8407,52.377339 4.840742,52.37781 4.840925,52.37785 4.840989,52.37787 4.841096,52.37785 4.841222,52.37781 4.841287,52.377757 4.841311,52.377298 4.841125,52.377254 4.841224,52.377247 4.841264,52.377734 4.841472,52.377774 4.841536,52.377789 4.841625,52.377778 4.841721,52.377728 4.84183,52.377674 4.841854,52.377018 4.841582,52.376978 4.841518,52.376951 4.841375,52.376954 4.84133,52.376987 4.841147,52.377026 4.841082,52.377052 4.84107,52.377059 4.841025,52.377033 4.840982,52.377018 4.840894,52.377038 4.840744,52.377034 4.840657,52.37711 4.840155,52.377102 4.840045,52.377158 4.839681,52.376934 4.839592,52.376668 4.841254,52.376629 4.841319,52.376575 4.841344,52.376471 4.841299,52.376432 4.841235,52.376417 4.841147,52.376432 4.841053,52.376489 4.84098,52.376526 4.840755,52.376505 4.840657,52.376519 4.840569,52.376576 4.840433,52.376749 4.839328,52.376799 4.839219,52.376841 4.8392,52.376742 4.839135,52.376696 4.839138,52.376648 4.839096,52.376602 4.839099,52.376449 4.839042,52.376409 4.838977,52.37639 4.838863,52.376398 4.838786,52.376448 4.838677,52.376502 4.838653,52.37657 4.838695,52.376616 4.838692,52.37689 4.838807,52.376898 4.838793,52.376865 4.838705,52.376523 4.83857,52.376483 4.838506,52.376465 4.838383,52.376483 4.838271,52.376522 4.838206,52.376576 4.838182,52.376688 4.838247,52.376729 4.838235,52.376783 4.838258,52.37681 4.838301,52.376855 4.838288,52.376909 4.838311,52.376935 4.838353,52.37698 4.83834,52.377034 4.838363,52.377063 4.838409,52.377154 4.838405,52.377247 4.83843,52.377284 4.838464,52.377341 4.838469,52.377394 4.838367,52.377476 4.838348,52.378186 4.838636))";4.840023;52.3773255;
65;"WARMTE WIJK";"IN BEDRIJF";"POLYGON((4.822319 52.373763,4.821706 52.372289,4.821642 52.372249,4.82149 52.372216,4.821292 52.372242,4.82121 52.372236,4.821214 52.372183,4.821156 52.372053,4.821074 52.371986,4.820942 52.371974,4.819816 52.37215,4.819557 52.372204,4.819535 52.372201,4.819613 52.372159,4.819638 52.372105,4.81962 52.372047,4.819538 52.371981,4.81945 52.371966,4.818646 52.372089,4.818505 52.372162,4.818467 52.372271,4.818544 52.372442,4.818608 52.372482,4.81874 52.372493,4.819255 52.372413,4.819314 52.372475,4.819511 52.372931,4.819532 52.372965,4.819596 52.373005,4.819684 52.37302,4.819964 52.372978,4.820029 52.372939,4.820057 52.372881,4.820036 52.372833,4.82036 52.372868,4.820915 52.373071,4.821065 52.373423,4.821095 52.373467,4.82116 52.373507,4.821204 52.373515,4.820818 52.373575,4.820753 52.373614,4.820729 52.373668,4.820761 52.373752,4.820825 52.373792,4.820958 52.373803,4.821482 52.373722,4.821522 52.373729,4.821468 52.373761,4.821434 52.373835,4.821457 52.373889,4.821521 52.373929,4.821616 52.373946,4.82223 52.373856,4.822295 52.373817,4.822319 52.373763),(4.821644 52.373218,4.821572 52.373223,4.821431 52.372883,4.821286 52.372776,4.821141 52.372725,4.821202 52.372687,4.821299 52.372579,4.821408 52.372608,4.821655 52.373195,4.821644 52.373218),(4.820659 52.372458,4.820634 52.372512,4.820647 52.372553,4.820617 52.372535,4.820449 52.372503,4.820008 52.372464,4.819919 52.372478,4.81985 52.372515,4.819791 52.372406,4.819884 52.37242,4.820641 52.372301,4.820706 52.372262,4.820719 52.372234,4.820807 52.37222,4.820832 52.372298,4.820659 52.372458))";"POLYGON((52.373763 4.822319,52.372289 4.821706,52.372249 4.821642,52.372216 4.82149,52.372242 4.821292,52.372236 4.82121,52.372183 4.821214,52.372053 4.821156,52.371986 4.821074,52.371974 4.820942,52.37215 4.819816,52.372204 4.819557,52.372201 4.819535,52.372159 4.819613,52.372105 4.819638,52.372047 4.81962,52.371981 4.819538,52.371966 4.81945,52.372089 4.818646,52.372162 4.818505,52.372271 4.818467,52.372442 4.818544,52.372482 4.818608,52.372493 4.81874,52.372413 4.819255,52.372475 4.819314,52.372931 4.819511,52.372965 4.819532,52.373005 4.819596,52.37302 4.819684,52.372978 4.819964,52.372939 4.820029,52.372881 4.820057,52.372833 4.820036,52.372868 4.82036,52.373071 4.820915,52.373423 4.821065,52.373467 4.821095,52.373507 4.82116,52.373515 4.821204,52.373575 4.820818,52.373614 4.820753,52.373668 4.820729,52.373752 4.820761,52.373792 4.820825,52.373803 4.820958,52.373722 4.821482,52.373729 4.821522,52.373761 4.821468,52.373835 4.821434,52.373889 4.821457,52.373929 4.821521,52.373946 4.821616,52.373856 4.82223,52.373817 4.822295,52.373763 4.822319),(52.373218 4.821644,52.373223 4.821572,52.372883 4.821431,52.372776 4.821286,52.372725 4.821141,52.372687 4.821202,52.372579 4.821299,52.372608 4.821408,52.373195 4.821655,52.373218 4.821644),(52.372458 4.820659,52.372512 4.820634,52.372553 4.820647,52.372535 4.820617,52.372503 4.820449,52.372464 4.820008,52.372478 4.819919,52.372515 4.81985,52.372406 4.819791,52.37242 4.819884,52.372301 4.820641,52.372262 4.820706,52.372234 4.820719,52.37222 4.820807,52.372298 4.820832,52.372458 4.820659))";4.820398;52.372949;
66;"WARMTE WIJK";"IN BEDRIJF";"POLYGON((4.915795 52.406378,4.915761 52.406313,4.914788 52.405504,4.914736 52.405475,4.914647 52.40546,4.914559 52.405475,4.914316 52.405584,4.914271 52.405576,4.914165 52.405598,4.913071 52.406102,4.913039 52.406203,4.913063 52.406257,4.913286 52.406443,4.913436 52.406512,4.913055 52.406692,4.913031 52.406746,4.913059 52.40682,4.912615 52.40646,4.912527 52.406445,4.912438 52.40646,4.912312 52.406526,4.912288 52.40658,4.912321 52.40665,4.913153 52.40734,4.913205 52.407368,4.913293 52.407383,4.913342 52.407375,4.913419 52.407425,4.913507 52.40744,4.913614 52.407418,4.915724 52.406464,4.915771 52.406431,4.915795 52.406378),(4.914979 52.406144,4.914982 52.406104,4.914943 52.406036,4.914835 52.405963,4.914747 52.405948,4.914654 52.405964,4.914308 52.406118,4.914282 52.406061,4.914089 52.405905,4.914299 52.405815,4.914426 52.405807,4.914608 52.405725,4.915046 52.406091,4.914979 52.406144),(4.914295 52.406777,4.914197 52.406848,4.914104 52.406864,4.913621 52.407082,4.913553 52.407128,4.913458 52.407158,4.913401 52.407099,4.913325 52.407057,4.913319 52.407044,4.913392 52.407007,4.9139 52.406784,4.91397 52.406735,4.914034 52.406724,4.914939 52.406315,4.915014 52.406255,4.915068 52.406282,4.915185 52.406386,4.914295 52.406777),(4.913832 52.40647,4.913479 52.40618,4.913741 52.406062,4.914092 52.406352,4.913832 52.40647))";"POLYGON((52.406378 4.915795,52.406313 4.915761,52.405504 4.914788,52.405475 4.914736,52.40546 4.914647,52.405475 4.914559,52.405584 4.914316,52.405576 4.914271,52.405598 4.914165,52.406102 4.913071,52.406203 4.913039,52.406257 4.913063,52.406443 4.913286,52.406512 4.913436,52.406692 4.913055,52.406746 4.913031,52.40682 4.913059,52.40646 4.912615,52.406445 4.912527,52.40646 4.912438,52.406526 4.912312,52.40658 4.912288,52.40665 4.912321,52.40734 4.913153,52.407368 4.913205,52.407383 4.913293,52.407375 4.913342,52.407425 4.913419,52.40744 4.913507,52.407418 4.913614,52.406464 4.915724,52.406431 4.915771,52.406378 4.915795),(52.406144 4.914979,52.406104 4.914982,52.406036 4.914943,52.405963 4.914835,52.405948 4.914747,52.405964 4.914654,52.406118 4.914308,52.406061 4.914282,52.405905 4.914089,52.405815 4.914299,52.405807 4.914426,52.405725 4.914608,52.406091 4.915046,52.406144 4.914979),(52.406777 4.914295,52.406848 4.914197,52.406864 4.914104,52.407082 4.913621,52.407128 4.913553,52.407158 4.913458,52.407099 4.913401,52.407057 4.913325,52.407044 4.913319,52.407007 4.913392,52.406784 4.9139,52.406735 4.91397,52.406724 4.914034,52.406315 4.914939,52.406255 4.915014,52.406282 4.915068,52.406386 4.915185,52.406777 4.914295),(52.40647 4.913832,52.40618 4.913479,52.406062 4.913741,52.406352 4.914092,52.40647 4.913832))";4.9140465;52.406443;
67;"WARMTE WIJK";"IN BEDRIJF";"POLYGON((4.847269 52.357318,4.847246 52.357264,4.847108 52.357159,4.846818 52.357117,4.846827 52.356949,4.846857 52.356862,4.846824 52.356772,4.846831 52.356488,4.846808 52.356433,4.846768 52.356408,4.846746 52.356341,4.846681 52.356301,4.846537 52.356274,4.846408 52.356196,4.846319 52.356181,4.846225 52.356195,4.846182 52.356221,4.846088 52.35622,4.845973 52.356188,4.845769 52.356207,4.845656 52.356185,4.845546 52.35619,4.845452 52.356204,4.845387 52.356243,4.845363 52.356296,4.845294 52.356248,4.845207 52.356233,4.844776 52.356237,4.844403 52.356213,4.844314 52.356227,4.844248 52.356266,4.844223 52.35633,4.844251 52.3564,4.844288 52.356423,4.844245 52.356534,4.844234 52.356626,4.844263 52.356712,4.844231 52.35677,4.844248 52.35684,4.844227 52.356917,4.84425 52.356975,4.844315 52.357015,4.844438 52.35703,4.844528 52.357016,4.844593 52.356977,4.844617 52.356924,4.844625 52.356584,4.844765 52.35655,4.844761 52.356714,4.844784 52.356769,4.844838 52.356803,4.844836 52.356898,4.844776 52.356934,4.844752 52.356987,4.844778 52.357115,4.844747 52.357175,4.844737 52.357601,4.84471 52.357656,4.844734 52.357721,4.844798 52.357761,4.844885 52.357776,4.845074 52.357762,4.845131 52.357772,4.845242 52.357746,4.845274 52.357766,4.845361 52.35778,4.845455 52.357766,4.84555 52.357779,4.845717 52.35775,4.845749 52.35777,4.845851 52.357785,4.845978 52.357769,4.846087 52.357781,4.846175 52.357767,4.846243 52.357726,4.846267 52.357657,4.846244 52.357602,4.84618 52.357562,4.845892 52.357531,4.845098 52.357523,4.845101 52.357399,4.845901 52.357406,4.846016 52.357377,4.846174 52.357371,4.84619 52.357409,4.846254 52.357449,4.846341 52.357464,4.846732 52.357467,4.84673 52.357525,4.846592 52.357523,4.846502 52.357537,4.846437 52.357577,4.846411 52.357674,4.846434 52.357729,4.846499 52.357769,4.846762 52.357792,4.846856 52.357778,4.84691 52.357746,4.846997 52.357732,4.847062 52.357693,4.847117 52.357567,4.847091 52.357441,4.847179 52.357427,4.847244 52.357388,4.847269 52.357318),(4.846263 52.357005,4.846198 52.357044,4.846173 52.357117,4.84601 52.357072,4.845872 52.357077,4.845745 52.357116,4.845653 52.357184,4.845586 52.357184,4.845503 52.357116,4.845415 52.357081,4.845244 52.357065,4.845138 52.35709,4.845149 52.357074,4.845237 52.35706,4.845303 52.357021,4.845332 52.356933,4.845309 52.356879,4.845264 52.356851,4.845314 52.356821,4.845338 52.356765,4.845303 52.356689,4.845239 52.356649,4.845122 52.356626,4.845127 52.356464,4.845202 52.356469,4.845291 52.356455,4.845356 52.356416,4.84538 52.356363,4.845455 52.356419,4.845543 52.356435,4.845607 52.356475,4.845701 52.35649,4.845789 52.356475,4.845858 52.356437,4.846199 52.35644,4.846221 52.35654,4.846285 52.35658,4.846378 52.356603,4.846323 52.356724,4.845926 52.35672,4.845858 52.356672,4.845771 52.356657,4.845632 52.35667,4.845423 52.356785,4.845399 52.356848,4.845422 52.356902,4.845486 52.356942,4.845579 52.356957,4.845767 52.356928,4.845907 52.356954,4.845993 52.35694,4.846186 52.356942,4.846293 52.356965,4.846468 52.356946,4.846467 52.356991,4.846263 52.357005))";"POLYGON((52.357318 4.847269,52.357264 4.847246,52.357159 4.847108,52.357117 4.846818,52.356949 4.846827,52.356862 4.846857,52.356772 4.846824,52.356488 4.846831,52.356433 4.846808,52.356408 4.846768,52.356341 4.846746,52.356301 4.846681,52.356274 4.846537,52.356196 4.846408,52.356181 4.846319,52.356195 4.846225,52.356221 4.846182,52.35622 4.846088,52.356188 4.845973,52.356207 4.845769,52.356185 4.845656,52.35619 4.845546,52.356204 4.845452,52.356243 4.845387,52.356296 4.845363,52.356248 4.845294,52.356233 4.845207,52.356237 4.844776,52.356213 4.844403,52.356227 4.844314,52.356266 4.844248,52.35633 4.844223,52.3564 4.844251,52.356423 4.844288,52.356534 4.844245,52.356626 4.844234,52.356712 4.844263,52.35677 4.844231,52.35684 4.844248,52.356917 4.844227,52.356975 4.84425,52.357015 4.844315,52.35703 4.844438,52.357016 4.844528,52.356977 4.844593,52.356924 4.844617,52.356584 4.844625,52.35655 4.844765,52.356714 4.844761,52.356769 4.844784,52.356803 4.844838,52.356898 4.844836,52.356934 4.844776,52.356987 4.844752,52.357115 4.844778,52.357175 4.844747,52.357601 4.844737,52.357656 4.84471,52.357721 4.844734,52.357761 4.844798,52.357776 4.844885,52.357762 4.845074,52.357772 4.845131,52.357746 4.845242,52.357766 4.845274,52.35778 4.845361,52.357766 4.845455,52.357779 4.84555,52.35775 4.845717,52.35777 4.845749,52.357785 4.845851,52.357769 4.845978,52.357781 4.846087,52.357767 4.846175,52.357726 4.846243,52.357657 4.846267,52.357602 4.846244,52.357562 4.84618,52.357531 4.845892,52.357523 4.845098,52.357399 4.845101,52.357406 4.845901,52.357377 4.846016,52.357371 4.846174,52.357409 4.84619,52.357449 4.846254,52.357464 4.846341,52.357467 4.846732,52.357525 4.84673,52.357523 4.846592,52.357537 4.846502,52.357577 4.846437,52.357674 4.846411,52.357729 4.846434,52.357769 4.846499,52.357792 4.846762,52.357778 4.846856,52.357746 4.84691,52.357732 4.846997,52.357693 4.847062,52.357567 4.847117,52.357441 4.847091,52.357427 4.847179,52.357388 4.847244,52.357318 4.847269),(52.357005 4.846263,52.357044 4.846198,52.357117 4.846173,52.357072 4.84601,52.357077 4.845872,52.357116 4.845745,52.357184 4.845653,52.357184 4.845586,52.357116 4.845503,52.357081 4.845415,52.357065 4.845244,52.35709 4.845138,52.357074 4.845149,52.35706 4.845237,52.357021 4.845303,52.356933 4.845332,52.356879 4.845309,52.356851 4.845264,52.356821 4.845314,52.356765 4.845338,52.356689 4.845303,52.356649 4.845239,52.356626 4.845122,52.356464 4.845127,52.356469 4.845202,52.356455 4.845291,52.356416 4.845356,52.356363 4.84538,52.356419 4.845455,52.356435 4.845543,52.356475 4.845607,52.35649 4.845701,52.356475 4.845789,52.356437 4.845858,52.35644 4.846199,52.35654 4.846221,52.35658 4.846285,52.356603 4.846378,52.356724 4.846323,52.35672 4.845926,52.356672 4.845858,52.356657 4.845771,52.35667 4.845632,52.356785 4.845423,52.356848 4.845399,52.356902 4.845422,52.356942 4.845486,52.356957 4.845579,52.356928 4.845767,52.356954 4.845907,52.35694 4.845993,52.356942 4.846186,52.356965 4.846293,52.356946 4.846468,52.356991 4.846467,52.357005 4.846263))";4.845751;52.3569795;
68;"WARMTE WIJK";"IN BEDRIJF";"POLYGON((4.805047 52.356133,4.805024 52.356079,4.804946 52.356036,4.804933 52.356005,4.804828 52.355954,4.803755 52.35574,4.803615 52.355725,4.803526 52.355739,4.803484 52.355762,4.80341 52.3557,4.803296 52.355646,4.802152 52.355416,4.801911 52.355464,4.801828 52.355509,4.801804 52.355563,4.801826 52.355617,4.801863 52.355641,4.801805 52.355653,4.801735 52.355694,4.80171 52.355748,4.801738 52.355807,4.801895 52.35593,4.802982 52.356152,4.802925 52.356272,4.802761 52.356244,4.802673 52.356258,4.802607 52.356297,4.802553 52.356268,4.802235 52.356214,4.802126 52.356161,4.80202 52.356157,4.801987 52.356136,4.801894 52.35612,4.801841 52.356128,4.801786 52.356094,4.801484 52.356027,4.801355 52.356034,4.801233 52.356021,4.801144 52.356035,4.801079 52.356074,4.80092 52.35636,4.800807 52.356418,4.800724 52.35658,4.800747 52.356634,4.800811 52.356673,4.800972 52.356708,4.800989 52.356747,4.801053 52.356786,4.801159 52.356805,4.801248 52.356791,4.801317 52.356804,4.801384 52.35685,4.801509 52.356891,4.801563 52.356897,4.801665 52.356875,4.801736 52.356889,4.801881 52.356967,4.802005 52.356984,4.802019 52.357016,4.802122 52.357078,4.802394 52.357124,4.802482 52.35711,4.802548 52.357071,4.802869 52.356498,4.803005 52.356513,4.803134 52.356493,4.803215 52.356432,4.803333 52.356222,4.803416 52.356227,4.803487 52.356256,4.804611 52.356477,4.804699 52.356463,4.804732 52.356443,4.804842 52.356432,4.804908 52.356393,4.804932 52.356339,4.804897 52.35625,4.805 52.356207,4.805047 52.356133),(4.802176 52.356621,4.802176 52.356677,4.802142 52.356741,4.801864 52.356665,4.801747 52.356642,4.801657 52.356642,4.801283 52.356562,4.8013 52.356498,4.801259 52.356433,4.801375 52.356306,4.801502 52.356297,4.801589 52.356352,4.801648 52.356366,4.80176 52.356368,4.801836 52.356401,4.801924 52.356416,4.802041 52.356406,4.802111 52.356459,4.802268 52.356507,4.802176 52.356621))";"POLYGON((52.356133 4.805047,52.356079 4.805024,52.356036 4.804946,52.356005 4.804933,52.355954 4.804828,52.35574 4.803755,52.355725 4.803615,52.355739 4.803526,52.355762 4.803484,52.3557 4.80341,52.355646 4.803296,52.355416 4.802152,52.355464 4.801911,52.355509 4.801828,52.355563 4.801804,52.355617 4.801826,52.355641 4.801863,52.355653 4.801805,52.355694 4.801735,52.355748 4.80171,52.355807 4.801738,52.35593 4.801895,52.356152 4.802982,52.356272 4.802925,52.356244 4.802761,52.356258 4.802673,52.356297 4.802607,52.356268 4.802553,52.356214 4.802235,52.356161 4.802126,52.356157 4.80202,52.356136 4.801987,52.35612 4.801894,52.356128 4.801841,52.356094 4.801786,52.356027 4.801484,52.356034 4.801355,52.356021 4.801233,52.356035 4.801144,52.356074 4.801079,52.35636 4.80092,52.356418 4.800807,52.35658 4.800724,52.356634 4.800747,52.356673 4.800811,52.356708 4.800972,52.356747 4.800989,52.356786 4.801053,52.356805 4.801159,52.356791 4.801248,52.356804 4.801317,52.35685 4.801384,52.356891 4.801509,52.356897 4.801563,52.356875 4.801665,52.356889 4.801736,52.356967 4.801881,52.356984 4.802005,52.357016 4.802019,52.357078 4.802122,52.357124 4.802394,52.35711 4.802482,52.357071 4.802548,52.356498 4.802869,52.356513 4.803005,52.356493 4.803134,52.356432 4.803215,52.356222 4.803333,52.356227 4.803416,52.356256 4.803487,52.356477 4.804611,52.356463 4.804699,52.356443 4.804732,52.356432 4.804842,52.356393 4.804908,52.356339 4.804932,52.35625 4.804897,52.356207 4.805,52.356133 4.805047),(52.356621 4.802176,52.356677 4.802176,52.356741 4.802142,52.356665 4.801864,52.356642 4.801747,52.356642 4.801657,52.356562 4.801283,52.356498 4.8013,52.356433 4.801259,52.356306 4.801375,52.356297 4.801502,52.356352 4.801589,52.356366 4.801648,52.356368 4.80176,52.356401 4.801836,52.356416 4.801924,52.356406 4.802041,52.356459 4.802111,52.356507 4.802268,52.356621 4.802176))";4.8028905;52.356263;
69;"WARMTE WIJK";"IN BEDRIJF";"POLYGON((4.906713 52.39861,4.906678 52.398541,4.906621 52.398509,4.906533 52.398494,4.906441 52.398508,4.906381 52.398544,4.905913 52.398723,4.905837 52.398711,4.90571 52.398744,4.905642 52.398731,4.905669 52.398675,4.906336 52.398417,4.906391 52.398382,4.906415 52.398326,4.906392 52.398272,4.906289 52.398221,4.906148 52.39823,4.905034 52.398658,4.904937 52.398637,4.904848 52.398652,4.904779 52.398693,4.904759 52.398735,4.904635 52.398744,4.904566 52.398785,4.904541 52.398838,4.904475 52.398872,4.904276 52.398948,4.904179 52.398928,4.904091 52.398943,4.903916 52.399024,4.903898 52.399093,4.90366 52.399185,4.903622 52.399178,4.9036 52.399157,4.903648 52.399089,4.90617 52.398117,4.906235 52.398072,4.906254 52.398024,4.906231 52.39797,4.906167 52.39793,4.906078 52.397916,4.905985 52.39793,4.903336 52.39895,4.903283 52.398981,4.903231 52.398989,4.902488 52.399273,4.902429 52.39931,4.902405 52.399364,4.902428 52.399418,4.902495 52.399461,4.902584 52.399475,4.902672 52.399461,4.902792 52.399415,4.902944 52.399425,4.903032 52.399411,4.903102 52.39937,4.903117 52.399337,4.903218 52.399325,4.903285 52.399286,4.90328 52.39933,4.902776 52.399526,4.902718 52.399563,4.902694 52.399617,4.902717 52.399671,4.902781 52.399711,4.902875 52.399727,4.902964 52.399713,4.903503 52.399504,4.903552 52.399512,4.903599 52.399558,4.903519 52.399601,4.903368 52.399645,4.903298 52.399686,4.903275 52.399735,4.903108 52.399795,4.903038 52.399836,4.903014 52.399889,4.903048 52.399955,4.903108 52.39999,4.903196 52.400005,4.903285 52.399991,4.906613 52.398714,4.906685 52.39867,4.906713 52.39861),(4.905404 52.398918,4.905269 52.39897,4.905206 52.398959,4.905118 52.398973,4.905049 52.399015,4.905028 52.399062,4.904927 52.399101,4.904849 52.399088,4.904756 52.399104,4.904621 52.39918,4.9046 52.399226,4.904538 52.399249,4.904432 52.399224,4.904384 52.399232,4.904383 52.399167,4.905412 52.398772,4.905464 52.39878,4.905404 52.398918))";"POLYGON((52.39861 4.906713,52.398541 4.906678,52.398509 4.906621,52.398494 4.906533,52.398508 4.906441,52.398544 4.906381,52.398723 4.905913,52.398711 4.905837,52.398744 4.90571,52.398731 4.905642,52.398675 4.905669,52.398417 4.906336,52.398382 4.906391,52.398326 4.906415,52.398272 4.906392,52.398221 4.906289,52.39823 4.906148,52.398658 4.905034,52.398637 4.904937,52.398652 4.904848,52.398693 4.904779,52.398735 4.904759,52.398744 4.904635,52.398785 4.904566,52.398838 4.904541,52.398872 4.904475,52.398948 4.904276,52.398928 4.904179,52.398943 4.904091,52.399024 4.903916,52.399093 4.903898,52.399185 4.90366,52.399178 4.903622,52.399157 4.9036,52.399089 4.903648,52.398117 4.90617,52.398072 4.906235,52.398024 4.906254,52.39797 4.906231,52.39793 4.906167,52.397916 4.906078,52.39793 4.905985,52.39895 4.903336,52.398981 4.903283,52.398989 4.903231,52.399273 4.902488,52.39931 4.902429,52.399364 4.902405,52.399418 4.902428,52.399461 4.902495,52.399475 4.902584,52.399461 4.902672,52.399415 4.902792,52.399425 4.902944,52.399411 4.903032,52.39937 4.903102,52.399337 4.903117,52.399325 4.903218,52.399286 4.903285,52.39933 4.90328,52.399526 4.902776,52.399563 4.902718,52.399617 4.902694,52.399671 4.902717,52.399711 4.902781,52.399727 4.902875,52.399713 4.902964,52.399504 4.903503,52.399512 4.903552,52.399558 4.903599,52.399601 4.903519,52.399645 4.903368,52.399686 4.903298,52.399735 4.903275,52.399795 4.903108,52.399836 4.903038,52.399889 4.903014,52.399955 4.903048,52.39999 4.903108,52.400005 4.903196,52.399991 4.903285,52.398714 4.906613,52.39867 4.906685,52.39861 4.906713),(52.398918 4.905404,52.39897 4.905269,52.398959 4.905206,52.398973 4.905118,52.399015 4.905049,52.399062 4.905028,52.399101 4.904927,52.399088 4.904849,52.399104 4.904756,52.39918 4.904621,52.399226 4.9046,52.399249 4.904538,52.399224 4.904432,52.399232 4.904384,52.399167 4.904383,52.398772 4.905412,52.39878 4.905464,52.398918 4.905404))";4.904564;52.3989535;
70;"WARMTE WIJK";"IN BEDRIJF";"POLYGON((4.840884 52.350156,4.840861 52.350102,4.840796 52.350062,4.84071 52.350048,4.839566 52.350039,4.83948 52.350053,4.839415 52.350092,4.83939 52.350163,4.839286 52.350177,4.839257 52.350195,4.839165 52.350153,4.838949 52.350124,4.838769 52.350132,4.838474 52.350121,4.838379 52.350135,4.838231 52.350211,4.838183 52.350291,4.838098 52.350289,4.837987 52.350152,4.837878 52.350113,4.837612 52.350095,4.837142 52.350093,4.837023 52.35012,4.836859 52.350123,4.836764 52.350157,4.836723 52.350197,4.836692 52.350359,4.836705 52.350498,4.836739 52.350562,4.836744 52.351035,4.83682 52.351097,4.836903 52.351116,4.837009 52.351114,4.837112 52.351073,4.837152 52.351009,4.837135 52.350595,4.837158 52.350542,4.837135 52.350485,4.837077 52.350448,4.837229 52.350362,4.837572 52.350361,4.837615 52.350368,4.837596 52.350481,4.837634 52.350551,4.837576 52.350662,4.837599 52.350802,4.837589 52.350998,4.837622 52.351071,4.837697 52.351115,4.837785 52.351129,4.837879 52.351115,4.837945 52.351076,4.837969 52.351022,4.837958 52.350836,4.838006 52.350713,4.837989 52.350636,4.838019 52.350557,4.838115 52.350594,4.838125 52.350668,4.838106 52.350721,4.838124 52.350765,4.838105 52.350818,4.838122 52.350862,4.838104 52.350915,4.838124 52.350966,4.838103 52.351013,4.838126 52.35107,4.838227 52.351147,4.838315 52.351162,4.838409 52.351148,4.838474 52.351109,4.83853 52.350937,4.838538 52.350372,4.838912 52.35037,4.838953 52.350377,4.839028 52.35043,4.839002 52.350618,4.83902 52.350713,4.838987 52.350861,4.839017 52.350944,4.839003 52.351011,4.839021 52.351071,4.839056 52.351117,4.839157 52.351158,4.839306 52.351148,4.839371 52.351109,4.839395 52.351055,4.839377 52.35101,4.839395 52.35097,4.839393 52.350547,4.839462 52.350536,4.839528 52.350497,4.839553 52.350382,4.839637 52.350371,4.839587 52.350409,4.839563 52.350462,4.839562 52.350558,4.839511 52.350635,4.839508 52.351033,4.839531 52.351091,4.839595 52.351131,4.839705 52.351145,4.83985 52.351128,4.839934 52.351081,4.839959 52.351027,4.839963 52.3507,4.840153 52.350686,4.840219 52.350647,4.840243 52.350593,4.840245 52.35041,4.840238 52.351024,4.840261 52.351078,4.840331 52.351121,4.840419 52.351136,4.840651 52.351122,4.840716 52.351083,4.840741 52.351029,4.840669 52.350897,4.840742 52.350753,4.840719 52.350677,4.840737 52.350572,4.840788 52.350564,4.840853 52.350525,4.840877 52.350472,4.840884 52.350156))";"POLYGON((52.350156 4.840884,52.350102 4.840861,52.350062 4.840796,52.350048 4.84071,52.350039 4.839566,52.350053 4.83948,52.350092 4.839415,52.350163 4.83939,52.350177 4.839286,52.350195 4.839257,52.350153 4.839165,52.350124 4.838949,52.350132 4.838769,52.350121 4.838474,52.350135 4.838379,52.350211 4.838231,52.350291 4.838183,52.350289 4.838098,52.350152 4.837987,52.350113 4.837878,52.350095 4.837612,52.350093 4.837142,52.35012 4.837023,52.350123 4.836859,52.350157 4.836764,52.350197 4.836723,52.350359 4.836692,52.350498 4.836705,52.350562 4.836739,52.351035 4.836744,52.351097 4.83682,52.351116 4.836903,52.351114 4.837009,52.351073 4.837112,52.351009 4.837152,52.350595 4.837135,52.350542 4.837158,52.350485 4.837135,52.350448 4.837077,52.350362 4.837229,52.350361 4.837572,52.350368 4.837615,52.350481 4.837596,52.350551 4.837634,52.350662 4.837576,52.350802 4.837599,52.350998 4.837589,52.351071 4.837622,52.351115 4.837697,52.351129 4.837785,52.351115 4.837879,52.351076 4.837945,52.351022 4.837969,52.350836 4.837958,52.350713 4.838006,52.350636 4.837989,52.350557 4.838019,52.350594 4.838115,52.350668 4.838125,52.350721 4.838106,52.350765 4.838124,52.350818 4.838105,52.350862 4.838122,52.350915 4.838104,52.350966 4.838124,52.351013 4.838103,52.35107 4.838126,52.351147 4.838227,52.351162 4.838315,52.351148 4.838409,52.351109 4.838474,52.350937 4.83853,52.350372 4.838538,52.35037 4.838912,52.350377 4.838953,52.35043 4.839028,52.350618 4.839002,52.350713 4.83902,52.350861 4.838987,52.350944 4.839017,52.351011 4.839003,52.351071 4.839021,52.351117 4.839056,52.351158 4.839157,52.351148 4.839306,52.351109 4.839371,52.351055 4.839395,52.35101 4.839377,52.35097 4.839395,52.350547 4.839393,52.350536 4.839462,52.350497 4.839528,52.350382 4.839553,52.350371 4.839637,52.350409 4.839587,52.350462 4.839563,52.350558 4.839562,52.350635 4.839511,52.351033 4.839508,52.351091 4.839531,52.351131 4.839595,52.351145 4.839705,52.351128 4.83985,52.351081 4.839934,52.351027 4.839959,52.3507 4.839963,52.350686 4.840153,52.350647 4.840219,52.350593 4.840243,52.35041 4.840245,52.351024 4.840238,52.351078 4.840261,52.351121 4.840331,52.351136 4.840419,52.351122 4.840651,52.351083 4.840716,52.351029 4.840741,52.350897 4.840669,52.350753 4.840742,52.350677 4.840719,52.350572 4.840737,52.350564 4.840788,52.350525 4.840853,52.350472 4.840877,52.350156 4.840884))";4.838793;52.3505935;
71;"WARMTE WIJK";"IN BEDRIJF";"POLYGON((4.841512 52.374855,4.841444 52.374544,4.84138 52.374504,4.841292 52.37449,4.841047 52.374503,4.840885 52.374493,4.840794 52.374519,4.840445 52.374542,4.840332 52.37453,4.840196 52.374558,4.83982 52.37458,4.83964 52.374571,4.839513 52.374591,4.839469 52.374617,4.83915 52.374602,4.839016 52.374627,4.838725 52.374647,4.838566 52.374639,4.838431 52.374665,4.838244 52.374677,4.838138 52.374662,4.837928 52.374673,4.837833 52.374701,4.837475 52.374723,4.83734 52.374709,4.837245 52.374724,4.837152 52.374783,4.837112 52.374834,4.837084 52.374931,4.837098 52.375021,4.837131 52.375075,4.837125 52.375149,4.837147 52.375192,4.837211 52.375231,4.837161 52.375302,4.837218 52.375581,4.83719 52.375648,4.837214 52.375705,4.837293 52.375751,4.837427 52.375762,4.837638 52.375708,4.837679 52.375715,4.837821 52.375693,4.8379 52.375695,4.838225 52.375642,4.838336 52.375566,4.838407 52.375566,4.838523 52.375598,4.838776 52.375553,4.838988 52.375535,4.839081 52.375504,4.83915 52.375516,4.839346 52.375465,4.839694 52.375418,4.839759 52.375379,4.839775 52.375343,4.839836 52.375354,4.839918 52.375345,4.840025 52.375295,4.84005 52.375241,4.840027 52.375187,4.839991 52.375162,4.839933 52.375028,4.839984 52.374959,4.839942 52.37486,4.839963 52.374852,4.841046 52.374774,4.841083 52.374923,4.841148 52.374963,4.841236 52.374978,4.841413 52.374958,4.841483 52.374916,4.841512 52.374855),(4.839304 52.375243,4.838629 52.375349,4.838439 52.374938,4.838594 52.374928,4.838699 52.374905,4.838774 52.374917,4.839206 52.374889,4.83932 52.37516,4.839304 52.375243),(4.837581 52.375488,4.837548 52.37529,4.837526 52.375247,4.837454 52.375206,4.837502 52.375106,4.837485 52.374991,4.837782 52.374974,4.837972 52.375427,4.837581 52.375488))";"POLYGON((52.374855 4.841512,52.374544 4.841444,52.374504 4.84138,52.37449 4.841292,52.374503 4.841047,52.374493 4.840885,52.374519 4.840794,52.374542 4.840445,52.37453 4.840332,52.374558 4.840196,52.37458 4.83982,52.374571 4.83964,52.374591 4.839513,52.374617 4.839469,52.374602 4.83915,52.374627 4.839016,52.374647 4.838725,52.374639 4.838566,52.374665 4.838431,52.374677 4.838244,52.374662 4.838138,52.374673 4.837928,52.374701 4.837833,52.374723 4.837475,52.374709 4.83734,52.374724 4.837245,52.374783 4.837152,52.374834 4.837112,52.374931 4.837084,52.375021 4.837098,52.375075 4.837131,52.375149 4.837125,52.375192 4.837147,52.375231 4.837211,52.375302 4.837161,52.375581 4.837218,52.375648 4.83719,52.375705 4.837214,52.375751 4.837293,52.375762 4.837427,52.375708 4.837638,52.375715 4.837679,52.375693 4.837821,52.375695 4.8379,52.375642 4.838225,52.375566 4.838336,52.375566 4.838407,52.375598 4.838523,52.375553 4.838776,52.375535 4.838988,52.375504 4.839081,52.375516 4.83915,52.375465 4.839346,52.375418 4.839694,52.375379 4.839759,52.375343 4.839775,52.375354 4.839836,52.375345 4.839918,52.375295 4.840025,52.375241 4.84005,52.375187 4.840027,52.375162 4.839991,52.375028 4.839933,52.374959 4.839984,52.37486 4.839942,52.374852 4.839963,52.374774 4.841046,52.374923 4.841083,52.374963 4.841148,52.374978 4.841236,52.374958 4.841413,52.374916 4.841483,52.374855 4.841512),(52.375243 4.839304,52.375349 4.838629,52.374938 4.838439,52.374928 4.838594,52.374905 4.838699,52.374917 4.838774,52.374889 4.839206,52.37516 4.83932,52.375243 4.839304),(52.375488 4.837581,52.37529 4.837548,52.375247 4.837526,52.375206 4.837454,52.375106 4.837502,52.374991 4.837485,52.374974 4.837782,52.375427 4.837972,52.375488 4.837581))";4.839303;52.375119;
72;"WARMTE WIJK";"IN BEDRIJF";"POLYGON((4.937089 52.406487,4.937059 52.406337,4.93697 52.406203,4.936456 52.405793,4.936407 52.405766,4.936318 52.405752,4.93623 52.405766,4.936119 52.405813,4.935939 52.405806,4.935836 52.405736,4.936022 52.405682,4.936097 52.405626,4.936102 52.405546,4.936012 52.405475,4.935906 52.405458,4.935681 52.405495,4.935627 52.405486,4.935539 52.405501,4.935338 52.40539,4.935035 52.405305,4.935052 52.405194,4.934988 52.405065,4.93489 52.404994,4.93475 52.404928,4.934486 52.404897,4.934288 52.40493,4.934144 52.405001,4.933808 52.404863,4.933367 52.404634,4.933478 52.404564,4.933503 52.40451,4.93348 52.404456,4.933413 52.404408,4.933281 52.404372,4.933042 52.404418,4.93282 52.404264,4.932466 52.403973,4.932378 52.403958,4.93229 52.403972,4.93222 52.404013,4.932195 52.404067,4.932219 52.404121,4.932423 52.404307,4.932667 52.404494,4.932169 52.404745,4.932144 52.404799,4.932168 52.404853,4.932216 52.404889,4.932266 52.404916,4.932354 52.404931,4.932443 52.404916,4.93291 52.404665,4.933164 52.404819,4.933578 52.405031,4.934072 52.405234,4.933922 52.405387,4.933895 52.405443,4.933918 52.405497,4.933982 52.405537,4.934088 52.405572,4.934208 52.405584,4.934278 52.405636,4.934482 52.405683,4.93457 52.405669,4.934635 52.405629,4.934748 52.405468,4.935147 52.405575,4.93528 52.405657,4.935215 52.405742,4.935049 52.405831,4.93498 52.40584,4.934928 52.405815,4.934424 52.405689,4.934347 52.40568,4.934258 52.405694,4.934193 52.405734,4.934169 52.405787,4.934191 52.405845,4.934401 52.40595,4.93477 52.406053,4.935028 52.406081,4.935211 52.406056,4.935434 52.405966,4.935556 52.405883,4.935603 52.40591,4.93564 52.405974,4.935752 52.406048,4.93584 52.406063,4.935965 52.406033,4.936072 52.406035,4.936184 52.406107,4.936492 52.406348,4.936561 52.406464,4.936517 52.406593,4.936475 52.406628,4.936074 52.406819,4.936049 52.406873,4.936072 52.406927,4.936254 52.407065,4.936343 52.40708,4.936431 52.407066,4.936673 52.406957,4.93687 52.406845,4.936965 52.406761,4.937044 52.406653,4.937089 52.406487))";"POLYGON((52.406487 4.937089,52.406337 4.937059,52.406203 4.93697,52.405793 4.936456,52.405766 4.936407,52.405752 4.936318,52.405766 4.93623,52.405813 4.936119,52.405806 4.935939,52.405736 4.935836,52.405682 4.936022,52.405626 4.936097,52.405546 4.936102,52.405475 4.936012,52.405458 4.935906,52.405495 4.935681,52.405486 4.935627,52.405501 4.935539,52.40539 4.935338,52.405305 4.935035,52.405194 4.935052,52.405065 4.934988,52.404994 4.93489,52.404928 4.93475,52.404897 4.934486,52.40493 4.934288,52.405001 4.934144,52.404863 4.933808,52.404634 4.933367,52.404564 4.933478,52.40451 4.933503,52.404456 4.93348,52.404408 4.933413,52.404372 4.933281,52.404418 4.933042,52.404264 4.93282,52.403973 4.932466,52.403958 4.932378,52.403972 4.93229,52.404013 4.93222,52.404067 4.932195,52.404121 4.932219,52.404307 4.932423,52.404494 4.932667,52.404745 4.932169,52.404799 4.932144,52.404853 4.932168,52.404889 4.932216,52.404916 4.932266,52.404931 4.932354,52.404916 4.932443,52.404665 4.93291,52.404819 4.933164,52.405031 4.933578,52.405234 4.934072,52.405387 4.933922,52.405443 4.933895,52.405497 4.933918,52.405537 4.933982,52.405572 4.934088,52.405584 4.934208,52.405636 4.934278,52.405683 4.934482,52.405669 4.93457,52.405629 4.934635,52.405468 4.934748,52.405575 4.935147,52.405657 4.93528,52.405742 4.935215,52.405831 4.935049,52.40584 4.93498,52.405815 4.934928,52.405689 4.934424,52.40568 4.934347,52.405694 4.934258,52.405734 4.934193,52.405787 4.934169,52.405845 4.934191,52.40595 4.934401,52.406053 4.93477,52.406081 4.935028,52.406056 4.935211,52.405966 4.935434,52.405883 4.935556,52.40591 4.935603,52.405974 4.93564,52.406048 4.935752,52.406063 4.93584,52.406033 4.935965,52.406035 4.936072,52.406107 4.936184,52.406348 4.936492,52.406464 4.936561,52.406593 4.936517,52.406628 4.936475,52.406819 4.936074,52.406873 4.936049,52.406927 4.936072,52.407065 4.936254,52.40708 4.936343,52.407066 4.936431,52.406957 4.936673,52.406845 4.93687,52.406761 4.936965,52.406653 4.937044,52.406487 4.937089))";4.9346215;52.405512;
73;"WARMTE WIJK";"IN BEDRIJF";"POLYGON((4.859686 52.324443,4.859689 52.323651,4.859666 52.323597,4.859602 52.323557,4.859514 52.323542,4.859308 52.323542,4.859221 52.323556,4.859156 52.323595,4.859131 52.323649,4.859154 52.323755,4.859218 52.323794,4.859331 52.323806,4.85933 52.324019,4.8593 52.324094,4.859323 52.324148,4.859329 52.324332,4.858343 52.324348,4.858255 52.324362,4.858208 52.324391,4.858045 52.324401,4.85798 52.32444,4.857956 52.324494,4.857979 52.324553,4.858086 52.324627,4.858156 52.324638,4.858145 52.325104,4.858036 52.325096,4.857948 52.32511,4.857883 52.325149,4.857859 52.325266,4.857882 52.325319,4.857946 52.325359,4.858034 52.325374,4.858206 52.325374,4.858206 52.325495,4.858171 52.325516,4.858147 52.325568,4.85814 52.325876,4.858036 52.325889,4.857971 52.325928,4.857947 52.325982,4.85797 52.326102,4.858034 52.326141,4.858109 52.326154,4.858137 52.326602,4.858028 52.326591,4.85794 52.326605,4.857875 52.326644,4.857851 52.326698,4.857851 52.326786,4.857874 52.32684,4.857938 52.326879,4.858154 52.326894,4.858151 52.327013,4.857994 52.327013,4.857907 52.327027,4.857842 52.327067,4.857818 52.327121,4.857817 52.327447,4.85784 52.327501,4.857904 52.32754,4.858066 52.327555,4.858153 52.327541,4.858218 52.327502,4.858242 52.327448,4.858219 52.327392,4.858178 52.327366,4.858178 52.327234,4.858419 52.32722,4.858484 52.327181,4.858509 52.327127,4.858514 52.32691,4.858956 52.326924,4.858955 52.327196,4.858978 52.32725,4.859042 52.327289,4.859131 52.327304,4.859284 52.32729,4.859349 52.327251,4.859373 52.327197,4.85935 52.327139,4.859316 52.327117,4.859316 52.326812,4.859293 52.326759,4.859229 52.326719,4.859141 52.326704,4.858556 52.32669,4.858557 52.326606,4.858534 52.326553,4.858498 52.326531,4.858471 52.32616,4.858531 52.326123,4.858556 52.326021,4.859135 52.326041,4.859202 52.326087,4.85929 52.326102,4.859386 52.326088,4.859451 52.326049,4.859475 52.325996,4.859454 52.325875,4.85939 52.325836,4.859302 52.325821,4.858517 52.325801,4.858499 52.32579,4.858504 52.325652,4.858542 52.325629,4.858566 52.325575,4.858566 52.325266,4.85875 52.325259,4.858847 52.32528,4.859152 52.325281,4.859217 52.325322,4.859305 52.325337,4.859401 52.325323,4.859466 52.325284,4.859491 52.325169,4.859468 52.325115,4.859404 52.325076,4.859316 52.325061,4.858956 52.32506,4.858859 52.32504,4.85853 52.325039,4.858505 52.325022,4.858518 52.324567,4.8591 52.324568,4.859204 52.32455,4.859305 52.324573,4.859596 52.324536,4.859661 52.324497,4.859686 52.324443))";"POLYGON((52.324443 4.859686,52.323651 4.859689,52.323597 4.859666,52.323557 4.859602,52.323542 4.859514,52.323542 4.859308,52.323556 4.859221,52.323595 4.859156,52.323649 4.859131,52.323755 4.859154,52.323794 4.859218,52.323806 4.859331,52.324019 4.85933,52.324094 4.8593,52.324148 4.859323,52.324332 4.859329,52.324348 4.858343,52.324362 4.858255,52.324391 4.858208,52.324401 4.858045,52.32444 4.85798,52.324494 4.857956,52.324553 4.857979,52.324627 4.858086,52.324638 4.858156,52.325104 4.858145,52.325096 4.858036,52.32511 4.857948,52.325149 4.857883,52.325266 4.857859,52.325319 4.857882,52.325359 4.857946,52.325374 4.858034,52.325374 4.858206,52.325495 4.858206,52.325516 4.858171,52.325568 4.858147,52.325876 4.85814,52.325889 4.858036,52.325928 4.857971,52.325982 4.857947,52.326102 4.85797,52.326141 4.858034,52.326154 4.858109,52.326602 4.858137,52.326591 4.858028,52.326605 4.85794,52.326644 4.857875,52.326698 4.857851,52.326786 4.857851,52.32684 4.857874,52.326879 4.857938,52.326894 4.858154,52.327013 4.858151,52.327013 4.857994,52.327027 4.857907,52.327067 4.857842,52.327121 4.857818,52.327447 4.857817,52.327501 4.85784,52.32754 4.857904,52.327555 4.858066,52.327541 4.858153,52.327502 4.858218,52.327448 4.858242,52.327392 4.858219,52.327366 4.858178,52.327234 4.858178,52.32722 4.858419,52.327181 4.858484,52.327127 4.858509,52.32691 4.858514,52.326924 4.858956,52.327196 4.858955,52.32725 4.858978,52.327289 4.859042,52.327304 4.859131,52.32729 4.859284,52.327251 4.859349,52.327197 4.859373,52.327139 4.85935,52.327117 4.859316,52.326812 4.859316,52.326759 4.859293,52.326719 4.859229,52.326704 4.859141,52.32669 4.858556,52.326606 4.858557,52.326553 4.858534,52.326531 4.858498,52.32616 4.858471,52.326123 4.858531,52.326021 4.858556,52.326041 4.859135,52.326087 4.859202,52.326102 4.85929,52.326088 4.859386,52.326049 4.859451,52.325996 4.859475,52.325875 4.859454,52.325836 4.85939,52.325821 4.859302,52.325801 4.858517,52.32579 4.858499,52.325652 4.858504,52.325629 4.858542,52.325575 4.858566,52.325266 4.858566,52.325259 4.85875,52.32528 4.858847,52.325281 4.859152,52.325322 4.859217,52.325337 4.859305,52.325323 4.859401,52.325284 4.859466,52.325169 4.859491,52.325115 4.859468,52.325076 4.859404,52.325061 4.859316,52.32506 4.858956,52.32504 4.858859,52.325039 4.85853,52.325022 4.858505,52.324567 4.858518,52.324568 4.8591,52.32455 4.859204,52.324573 4.859305,52.324536 4.859596,52.324497 4.859661,52.324443 4.859686))";4.858758;52.3255415;
74;"WARMTE WIJK";"IN BEDRIJF";"POLYGON((4.914768 52.408961,4.914745 52.408907,4.914486 52.408681,4.914433 52.408652,4.914273 52.40864,4.914251 52.408621,4.914269 52.40858,4.914246 52.408526,4.914182 52.408486,4.914093 52.408471,4.913987 52.408493,4.913295 52.408806,4.913261 52.408785,4.913173 52.40877,4.913088 52.408784,4.913018 52.408726,4.913113 52.408682,4.913203 52.408668,4.913438 52.408559,4.913516 52.408499,4.91364 52.408442,4.913664 52.408388,4.913641 52.408334,4.91357 52.408258,4.913432 52.408174,4.913344 52.408159,4.913255 52.408173,4.913183 52.408213,4.913094 52.408227,4.912858 52.408335,4.912778 52.408398,4.912676 52.408441,4.912523 52.408313,4.9127 52.40825,4.912901 52.408139,4.913 52.408097,4.913066 52.408087,4.913155 52.408038,4.913186 52.407899,4.91311 52.407827,4.913036 52.407806,4.912972 52.407804,4.912876 52.407827,4.912077 52.408198,4.912053 52.408252,4.912075 52.408311,4.91244 52.408616,4.912306 52.408536,4.912247 52.408455,4.912115 52.408359,4.912026 52.408344,4.911938 52.408358,4.911812 52.408415,4.911755 52.408476,4.911755 52.408529,4.91179 52.408576,4.912604 52.409254,4.912657 52.409284,4.912746 52.409299,4.912834 52.409285,4.912941 52.409238,4.912925 52.409273,4.912949 52.409327,4.913093 52.409433,4.913181 52.409448,4.913306 52.40943,4.913336 52.409412,4.913461 52.409404,4.914052 52.409138,4.914108 52.409185,4.91409 52.409242,4.914021 52.409321,4.91356 52.409529,4.913486 52.409584,4.913461 52.409638,4.913496 52.409702,4.913556 52.409738,4.913697 52.409767,4.913785 52.409753,4.913855 52.409712,4.913879 52.409658,4.913979 52.409627,4.914216 52.409506,4.914272 52.409495,4.914325 52.409464,4.914445 52.409455,4.914515 52.409414,4.914538 52.409371,4.914606 52.40936,4.914693 52.409311,4.914717 52.409258,4.914704 52.409227,4.914741 52.409202,4.914765 52.409148,4.914742 52.409094,4.914694 52.40906,4.914729 52.409039,4.914768 52.408961))";"POLYGON((52.408961 4.914768,52.408907 4.914745,52.408681 4.914486,52.408652 4.914433,52.40864 4.914273,52.408621 4.914251,52.40858 4.914269,52.408526 4.914246,52.408486 4.914182,52.408471 4.914093,52.408493 4.913987,52.408806 4.913295,52.408785 4.913261,52.40877 4.913173,52.408784 4.913088,52.408726 4.913018,52.408682 4.913113,52.408668 4.913203,52.408559 4.913438,52.408499 4.913516,52.408442 4.91364,52.408388 4.913664,52.408334 4.913641,52.408258 4.91357,52.408174 4.913432,52.408159 4.913344,52.408173 4.913255,52.408213 4.913183,52.408227 4.913094,52.408335 4.912858,52.408398 4.912778,52.408441 4.912676,52.408313 4.912523,52.40825 4.9127,52.408139 4.912901,52.408097 4.913,52.408087 4.913066,52.408038 4.913155,52.407899 4.913186,52.407827 4.91311,52.407806 4.913036,52.407804 4.912972,52.407827 4.912876,52.408198 4.912077,52.408252 4.912053,52.408311 4.912075,52.408616 4.91244,52.408536 4.912306,52.408455 4.912247,52.408359 4.912115,52.408344 4.912026,52.408358 4.911938,52.408415 4.911812,52.408476 4.911755,52.408529 4.911755,52.408576 4.91179,52.409254 4.912604,52.409284 4.912657,52.409299 4.912746,52.409285 4.912834,52.409238 4.912941,52.409273 4.912925,52.409327 4.912949,52.409433 4.913093,52.409448 4.913181,52.40943 4.913306,52.409412 4.913336,52.409404 4.913461,52.409138 4.914052,52.409185 4.914108,52.409242 4.91409,52.409321 4.914021,52.409529 4.91356,52.409584 4.913486,52.409638 4.913461,52.409702 4.913496,52.409738 4.913556,52.409767 4.913697,52.409753 4.913785,52.409712 4.913855,52.409658 4.913879,52.409627 4.913979,52.409506 4.914216,52.409495 4.914272,52.409464 4.914325,52.409455 4.914445,52.409414 4.914515,52.409371 4.914538,52.40936 4.914606,52.409311 4.914693,52.409258 4.914717,52.409227 4.914704,52.409202 4.914741,52.409148 4.914765,52.409094 4.914742,52.40906 4.914694,52.409039 4.914729,52.408961 4.914768))";4.9132665;52.4087785;
75;"WARMTE WIJK";"IN BEDRIJF";"POLYGON((4.920626 52.338022,4.920592 52.337956,4.920526 52.337914,4.920438 52.337899,4.920336 52.337918,4.920245 52.337894,4.920253 52.337873,4.920214 52.337809,4.920234 52.337759,4.920211 52.337705,4.920147 52.337665,4.919625 52.337538,4.919455 52.337567,4.91939 52.337607,4.919314 52.337717,4.917079 52.338449,4.91701 52.338489,4.916986 52.338543,4.917009 52.338597,4.917073 52.338637,4.917162 52.338651,4.917258 52.338638,4.919596 52.337874,4.919661 52.337834,4.919684 52.337782,4.919823 52.337818,4.919812 52.337854,4.919835 52.337908,4.919927 52.33797,4.919905 52.338014,4.919756 52.338074,4.919677 52.338138,4.919545 52.338196,4.918924 52.338401,4.918769 52.338504,4.918647 52.338518,4.918583 52.338551,4.918363 52.338612,4.918294 52.338652,4.918112 52.338716,4.917999 52.338732,4.917784 52.338803,4.91771 52.338856,4.917582 52.338869,4.917504 52.338933,4.917468 52.338912,4.91738 52.338897,4.917295 52.33891,4.915735 52.339425,4.915631 52.339401,4.915514 52.339424,4.91541 52.339352,4.915381 52.339281,4.915314 52.339239,4.915226 52.339224,4.915055 52.339265,4.914987 52.339306,4.914963 52.33936,4.914984 52.339412,4.915185 52.33964,4.915371 52.339792,4.915459 52.339807,4.915684 52.339772,4.915769 52.339715,4.915837 52.339726,4.915922 52.339713,4.916092 52.33961,4.916184 52.339619,4.916269 52.339606,4.916391 52.339558,4.916543 52.339461,4.916636 52.33947,4.916735 52.339452,4.916841 52.33941,4.916994 52.339312,4.917087 52.339321,4.917172 52.339308,4.917266 52.339268,4.917364 52.339289,4.917449 52.339276,4.917954 52.339109,4.918023 52.339068,4.918034 52.339044,4.918709 52.338821,4.918799 52.338832,4.918882 52.33882,4.919088 52.338753,4.919153 52.338714,4.919188 52.338621,4.919573 52.338483,4.919632 52.338474,4.919732 52.338421,4.919832 52.338411,4.919912 52.338382,4.919984 52.33834,4.920023 52.33827,4.920147 52.338262,4.920222 52.338212,4.920352 52.338189,4.920514 52.338133,4.920602 52.338076,4.920626 52.338022))";"POLYGON((52.338022 4.920626,52.337956 4.920592,52.337914 4.920526,52.337899 4.920438,52.337918 4.920336,52.337894 4.920245,52.337873 4.920253,52.337809 4.920214,52.337759 4.920234,52.337705 4.920211,52.337665 4.920147,52.337538 4.919625,52.337567 4.919455,52.337607 4.91939,52.337717 4.919314,52.338449 4.917079,52.338489 4.91701,52.338543 4.916986,52.338597 4.917009,52.338637 4.917073,52.338651 4.917162,52.338638 4.917258,52.337874 4.919596,52.337834 4.919661,52.337782 4.919684,52.337818 4.919823,52.337854 4.919812,52.337908 4.919835,52.33797 4.919927,52.338014 4.919905,52.338074 4.919756,52.338138 4.919677,52.338196 4.919545,52.338401 4.918924,52.338504 4.918769,52.338518 4.918647,52.338551 4.918583,52.338612 4.918363,52.338652 4.918294,52.338716 4.918112,52.338732 4.917999,52.338803 4.917784,52.338856 4.91771,52.338869 4.917582,52.338933 4.917504,52.338912 4.917468,52.338897 4.91738,52.33891 4.917295,52.339425 4.915735,52.339401 4.915631,52.339424 4.915514,52.339352 4.91541,52.339281 4.915381,52.339239 4.915314,52.339224 4.915226,52.339265 4.915055,52.339306 4.914987,52.33936 4.914963,52.339412 4.914984,52.33964 4.915185,52.339792 4.915371,52.339807 4.915459,52.339772 4.915684,52.339715 4.915769,52.339726 4.915837,52.339713 4.915922,52.33961 4.916092,52.339619 4.916184,52.339606 4.916269,52.339558 4.916391,52.339461 4.916543,52.33947 4.916636,52.339452 4.916735,52.33941 4.916841,52.339312 4.916994,52.339321 4.917087,52.339308 4.917172,52.339268 4.917266,52.339289 4.917364,52.339276 4.917449,52.339109 4.917954,52.339068 4.918023,52.339044 4.918034,52.338821 4.918709,52.338832 4.918799,52.33882 4.918882,52.338753 4.919088,52.338714 4.919153,52.338621 4.919188,52.338483 4.919573,52.338474 4.919632,52.338421 4.919732,52.338411 4.919832,52.338382 4.919912,52.33834 4.919984,52.33827 4.920023,52.338262 4.920147,52.338212 4.920222,52.338189 4.920352,52.338133 4.920514,52.338076 4.920602,52.338022 4.920626))";4.9177995;52.3386655;
76;"WARMTE WIJK";"IN BEDRIJF";"POLYGON((4.831142 52.350272,4.831119 52.350218,4.830972 52.35014,4.830903 52.350122,4.830565 52.350134,4.830544 52.350035,4.83048 52.349996,4.830395 52.349981,4.829859 52.349973,4.829757 52.349994,4.827922 52.349973,4.82783 52.349987,4.827673 52.350111,4.827648 52.350164,4.827629 52.350409,4.827619 52.350776,4.827645 52.350829,4.827713 52.350872,4.827712 52.351047,4.827743 52.351158,4.827809 52.351201,4.827897 52.351216,4.827966 52.351208,4.828042 52.351177,4.828093 52.351117,4.828099 52.350765,4.828077 52.35073,4.827989 52.350678,4.827981 52.350629,4.828006 52.350365,4.828267 52.350369,4.828358 52.350355,4.82844 52.350303,4.828433 52.350924,4.828493 52.350977,4.828611 52.351005,4.828699 52.350991,4.828764 52.350952,4.828789 52.350899,4.828809 52.350206,4.828857 52.350206,4.828852 52.350505,4.828876 52.350551,4.828931 52.35059,4.828942 52.350633,4.828935 52.351106,4.829015 52.351185,4.829098 52.351207,4.829211 52.351201,4.829287 52.351169,4.829334 52.351106,4.829345 52.350531,4.829288 52.350402,4.829608 52.350405,4.829699 52.350391,4.82977 52.35034,4.829745 52.350939,4.829767 52.350979,4.829838 52.351024,4.829933 52.351039,4.830034 52.351024,4.830101 52.350983,4.830126 52.350933,4.830144 52.35021,4.830149 52.350196,4.830204 52.350197,4.830198 52.35035,4.830221 52.350406,4.830282 52.350444,4.830287 52.350464,4.830275 52.351137,4.830302 52.351171,4.830381 52.351213,4.830455 52.351226,4.830543 52.351219,4.830644 52.351169,4.830672 52.351112,4.830701 52.350388,4.830943 52.35039,4.83105 52.350369,4.831116 52.35033,4.831142 52.350272))";"POLYGON((52.350272 4.831142,52.350218 4.831119,52.35014 4.830972,52.350122 4.830903,52.350134 4.830565,52.350035 4.830544,52.349996 4.83048,52.349981 4.830395,52.349973 4.829859,52.349994 4.829757,52.349973 4.827922,52.349987 4.82783,52.350111 4.827673,52.350164 4.827648,52.350409 4.827629,52.350776 4.827619,52.350829 4.827645,52.350872 4.827713,52.351047 4.827712,52.351158 4.827743,52.351201 4.827809,52.351216 4.827897,52.351208 4.827966,52.351177 4.828042,52.351117 4.828093,52.350765 4.828099,52.35073 4.828077,52.350678 4.827989,52.350629 4.827981,52.350365 4.828006,52.350369 4.828267,52.350355 4.828358,52.350303 4.82844,52.350924 4.828433,52.350977 4.828493,52.351005 4.828611,52.350991 4.828699,52.350952 4.828764,52.350899 4.828789,52.350206 4.828809,52.350206 4.828857,52.350505 4.828852,52.350551 4.828876,52.35059 4.828931,52.350633 4.828942,52.351106 4.828935,52.351185 4.829015,52.351207 4.829098,52.351201 4.829211,52.351169 4.829287,52.351106 4.829334,52.350531 4.829345,52.350402 4.829288,52.350405 4.829608,52.350391 4.829699,52.35034 4.82977,52.350939 4.829745,52.350979 4.829767,52.351024 4.829838,52.351039 4.829933,52.351024 4.830034,52.350983 4.830101,52.350933 4.830126,52.35021 4.830144,52.350196 4.830149,52.350197 4.830204,52.35035 4.830198,52.350406 4.830221,52.350444 4.830282,52.350464 4.830287,52.351137 4.830275,52.351171 4.830302,52.351213 4.830381,52.351226 4.830455,52.351219 4.830543,52.351169 4.830644,52.351112 4.830672,52.350388 4.830701,52.35039 4.830943,52.350369 4.83105,52.35033 4.831116,52.350272 4.831142))";4.8293855;52.3505925;
77;"WARMTE WIJK";"IN BEDRIJF";"POLYGON((4.952785 52.400489,4.952767 52.400441,4.951086 52.39834,4.951043 52.39831,4.951027 52.398268,4.950651 52.397792,4.950581 52.397746,4.950522 52.397736,4.950455 52.397652,4.950478 52.397601,4.95046 52.397553,4.950097 52.3971,4.950028 52.397054,4.949939 52.397039,4.949861 52.39705,4.94939 52.397191,4.949193 52.396943,4.949123 52.396897,4.949035 52.396883,4.948965 52.396892,4.948884 52.396832,4.948795 52.396817,4.948707 52.396831,4.948635 52.396872,4.948611 52.396926,4.948629 52.396974,4.94872 52.397089,4.948789 52.397135,4.948878 52.397149,4.948948 52.39714,4.949065 52.397287,4.948953 52.397341,4.948929 52.397394,4.94902 52.397534,4.94909 52.39758,4.949178 52.397595,4.949267 52.397581,4.949338 52.39754,4.949363 52.397486,4.949349 52.397448,4.949854 52.397298,4.950069 52.397566,4.950046 52.397618,4.950064 52.397666,4.950262 52.397912,4.950332 52.397958,4.950389 52.397968,4.950642 52.398287,4.950589 52.398312,4.950517 52.398264,4.950429 52.398249,4.95034 52.398263,4.950268 52.398304,4.950244 52.398358,4.950262 52.398406,4.950345 52.39851,4.950415 52.398556,4.950503 52.398571,4.950773 52.398502,4.950821 52.398512,4.951128 52.398896,4.950817 52.39892,4.950748 52.398961,4.950724 52.399015,4.950762 52.399089,4.950832 52.399135,4.951071 52.399162,4.951304 52.399117,4.951793 52.399728,4.951635 52.399763,4.951582 52.399754,4.951493 52.399769,4.951421 52.39981,4.951397 52.399864,4.951442 52.399946,4.951512 52.399992,4.9516 52.400007,4.951717 52.399984,4.951765 52.400014,4.951853 52.400028,4.952016 52.400006,4.952354 52.400427,4.95225 52.400458,4.952184 52.400416,4.952096 52.400401,4.952007 52.400415,4.951936 52.400456,4.951911 52.40051,4.951995 52.400642,4.951474 52.400849,4.951418 52.400885,4.951394 52.400939,4.951425 52.401001,4.951404 52.401049,4.951427 52.401103,4.951495 52.401147,4.951584 52.401162,4.951779 52.401138,4.951844 52.401098,4.951869 52.401045,4.951829 52.400975,4.952328 52.400772,4.952385 52.400736,4.9524 52.400658,4.952689 52.400589,4.952755 52.40055,4.952785 52.400489))";"POLYGON((52.400489 4.952785,52.400441 4.952767,52.39834 4.951086,52.39831 4.951043,52.398268 4.951027,52.397792 4.950651,52.397746 4.950581,52.397736 4.950522,52.397652 4.950455,52.397601 4.950478,52.397553 4.95046,52.3971 4.950097,52.397054 4.950028,52.397039 4.949939,52.39705 4.949861,52.397191 4.94939,52.396943 4.949193,52.396897 4.949123,52.396883 4.949035,52.396892 4.948965,52.396832 4.948884,52.396817 4.948795,52.396831 4.948707,52.396872 4.948635,52.396926 4.948611,52.396974 4.948629,52.397089 4.94872,52.397135 4.948789,52.397149 4.948878,52.39714 4.948948,52.397287 4.949065,52.397341 4.948953,52.397394 4.948929,52.397534 4.94902,52.39758 4.94909,52.397595 4.949178,52.397581 4.949267,52.39754 4.949338,52.397486 4.949363,52.397448 4.949349,52.397298 4.949854,52.397566 4.950069,52.397618 4.950046,52.397666 4.950064,52.397912 4.950262,52.397958 4.950332,52.397968 4.950389,52.398287 4.950642,52.398312 4.950589,52.398264 4.950517,52.398249 4.950429,52.398263 4.95034,52.398304 4.950268,52.398358 4.950244,52.398406 4.950262,52.39851 4.950345,52.398556 4.950415,52.398571 4.950503,52.398502 4.950773,52.398512 4.950821,52.398896 4.951128,52.39892 4.950817,52.398961 4.950748,52.399015 4.950724,52.399089 4.950762,52.399135 4.950832,52.399162 4.951071,52.399117 4.951304,52.399728 4.951793,52.399763 4.951635,52.399754 4.951582,52.399769 4.951493,52.39981 4.951421,52.399864 4.951397,52.399946 4.951442,52.399992 4.951512,52.400007 4.9516,52.399984 4.951717,52.400014 4.951765,52.400028 4.951853,52.400006 4.952016,52.400427 4.952354,52.400458 4.95225,52.400416 4.952184,52.400401 4.952096,52.400415 4.952007,52.400456 4.951936,52.40051 4.951911,52.400642 4.951995,52.400849 4.951474,52.400885 4.951418,52.400939 4.951394,52.401001 4.951425,52.401049 4.951404,52.401103 4.951427,52.401147 4.951495,52.401162 4.951584,52.401138 4.951779,52.401098 4.951844,52.401045 4.951869,52.400975 4.951829,52.400772 4.952328,52.400736 4.952385,52.400658 4.9524,52.400589 4.952689,52.40055 4.952755,52.400489 4.952785))";4.950703;52.3989825;
78;"WARMTE WIJK";"IN BEDRIJF";"POLYGON((4.95671 52.392368,4.956686 52.392314,4.956605 52.392269,4.956524 52.392257,4.956428 52.392268,4.955771 52.392107,4.95569 52.392066,4.95538 52.391997,4.955292 52.392011,4.955196 52.39209,4.955096 52.392102,4.95502 52.392146,4.954995 52.3922,4.955009 52.39223,4.954956 52.392338,4.954815 52.39216,4.954745 52.392114,4.954645 52.392062,4.954549 52.392045,4.954444 52.392047,4.954356 52.392061,4.954291 52.3921,4.954256 52.392168,4.954272 52.392205,4.954183 52.392214,4.954004 52.392262,4.953929 52.392304,4.953905 52.392358,4.954024 52.392534,4.954127 52.392582,4.954213 52.39265,4.954182 52.392709,4.954199 52.392757,4.954285 52.392822,4.954373 52.392837,4.954534 52.392814,4.954672 52.392754,4.954762 52.39274,4.954981 52.39267,4.955201 52.392939,4.955122 52.393012,4.95504 52.393031,4.954938 52.393008,4.95486 52.393019,4.954707 52.393058,4.954569 52.393124,4.954481 52.39314,4.954406 52.393182,4.954382 52.393236,4.954405 52.39329,4.954544 52.393396,4.95466 52.393406,4.954631 52.393468,4.954655 52.393522,4.954719 52.393562,4.954983 52.393635,4.955055 52.393645,4.955163 52.393619,4.955535 52.393711,4.955623 52.393697,4.955688 52.393658,4.955762 52.393542,4.955738 52.393488,4.955674 52.393449,4.955581 52.393432,4.955474 52.393457,4.955414 52.393436,4.955245 52.393328,4.955158 52.39331,4.955227 52.393249,4.95525 52.393238,4.955399 52.39328,4.955516 52.393282,4.955533 52.393321,4.955597 52.39336,4.955747 52.393384,4.955836 52.39337,4.955901 52.39333,4.956062 52.393343,4.956151 52.393328,4.956226 52.393277,4.956464 52.39293,4.956441 52.392876,4.956385 52.392828,4.956254 52.392769,4.956298 52.392733,4.956326 52.392672,4.956303 52.392618,4.956222 52.392573,4.956077 52.392544,4.955989 52.392558,4.955924 52.392597,4.955831 52.392721,4.955762 52.392764,4.955604 52.392667,4.955612 52.392597,4.955562 52.392508,4.955643 52.392372,4.955712 52.392403,4.955806 52.392419,4.955946 52.392391,4.956457 52.392521,4.956545 52.392507,4.956671 52.392434,4.95671 52.392368))";"POLYGON((52.392368 4.95671,52.392314 4.956686,52.392269 4.956605,52.392257 4.956524,52.392268 4.956428,52.392107 4.955771,52.392066 4.95569,52.391997 4.95538,52.392011 4.955292,52.39209 4.955196,52.392102 4.955096,52.392146 4.95502,52.3922 4.954995,52.39223 4.955009,52.392338 4.954956,52.39216 4.954815,52.392114 4.954745,52.392062 4.954645,52.392045 4.954549,52.392047 4.954444,52.392061 4.954356,52.3921 4.954291,52.392168 4.954256,52.392205 4.954272,52.392214 4.954183,52.392262 4.954004,52.392304 4.953929,52.392358 4.953905,52.392534 4.954024,52.392582 4.954127,52.39265 4.954213,52.392709 4.954182,52.392757 4.954199,52.392822 4.954285,52.392837 4.954373,52.392814 4.954534,52.392754 4.954672,52.39274 4.954762,52.39267 4.954981,52.392939 4.955201,52.393012 4.955122,52.393031 4.95504,52.393008 4.954938,52.393019 4.95486,52.393058 4.954707,52.393124 4.954569,52.39314 4.954481,52.393182 4.954406,52.393236 4.954382,52.39329 4.954405,52.393396 4.954544,52.393406 4.95466,52.393468 4.954631,52.393522 4.954655,52.393562 4.954719,52.393635 4.954983,52.393645 4.955055,52.393619 4.955163,52.393711 4.955535,52.393697 4.955623,52.393658 4.955688,52.393542 4.955762,52.393488 4.955738,52.393449 4.955674,52.393432 4.955581,52.393457 4.955474,52.393436 4.955414,52.393328 4.955245,52.39331 4.955158,52.393249 4.955227,52.393238 4.95525,52.39328 4.955399,52.393282 4.955516,52.393321 4.955533,52.39336 4.955597,52.393384 4.955747,52.39337 4.955836,52.39333 4.955901,52.393343 4.956062,52.393328 4.956151,52.393277 4.956226,52.39293 4.956464,52.392876 4.956441,52.392828 4.956385,52.392769 4.956254,52.392733 4.956298,52.392672 4.956326,52.392618 4.956303,52.392573 4.956222,52.392544 4.956077,52.392558 4.955989,52.392597 4.955924,52.392721 4.955831,52.392764 4.955762,52.392667 4.955604,52.392597 4.955612,52.392508 4.955562,52.392372 4.955643,52.392403 4.955712,52.392419 4.955806,52.392391 4.955946,52.392521 4.956457,52.392507 4.956545,52.392434 4.956671,52.392368 4.95671))";4.9553125;52.392847;
79;"WARMTE WIJK";"IN BEDRIJF";"POLYGON((4.901791 52.393976,4.901768 52.393922,4.901401 52.393563,4.901378 52.393482,4.901251 52.393377,4.901167 52.393337,4.901053 52.393251,4.900866 52.39321,4.900762 52.39323,4.898537 52.394082,4.898476 52.394119,4.898452 52.394173,4.898523 52.394275,4.89854 52.394341,4.898888 52.394638,4.898949 52.394675,4.899106 52.3947,4.899144 52.394694,4.899259 52.394726,4.899371 52.394703,4.899434 52.394665,4.899458 52.394613,4.89988 52.39445,4.899974 52.394518,4.900062 52.394533,4.900158 52.39452,4.900223 52.39448,4.900248 52.394427,4.900205 52.394353,4.900795 52.394126,4.900932 52.394225,4.90102 52.39424,4.901148 52.394211,4.901212 52.394172,4.901236 52.394118,4.901213 52.394064,4.901056 52.393933,4.901194 52.39388,4.90127 52.393943,4.901378 52.393955,4.901514 52.394064,4.901613 52.394083,4.901702 52.394069,4.901767 52.39403,4.901791 52.393976),(4.90071 52.393805,4.90064 52.393763,4.900552 52.393748,4.900458 52.393765,4.90029 52.393828,4.900231 52.393865,4.900207 52.393919,4.90023 52.393973,4.900312 52.394053,4.900132 52.394122,4.900065 52.394085,4.899977 52.39407,4.899912 52.394081,4.899792 52.393939,4.899719 52.393901,4.89989 52.393858,4.899955 52.393811,4.900817 52.393467,4.900853 52.393487,4.900919 52.393599,4.901081 52.393664,4.90071 52.393805),(4.899364 52.394389,4.899249 52.3943,4.899161 52.394286,4.899005 52.394326,4.898897 52.394215,4.899378 52.394031,4.899417 52.394113,4.899474 52.394148,4.899502 52.394191,4.89948 52.394239,4.899535 52.394324,4.899364 52.394389))";"POLYGON((52.393976 4.901791,52.393922 4.901768,52.393563 4.901401,52.393482 4.901378,52.393377 4.901251,52.393337 4.901167,52.393251 4.901053,52.39321 4.900866,52.39323 4.900762,52.394082 4.898537,52.394119 4.898476,52.394173 4.898452,52.394275 4.898523,52.394341 4.89854,52.394638 4.898888,52.394675 4.898949,52.3947 4.899106,52.394694 4.899144,52.394726 4.899259,52.394703 4.899371,52.394665 4.899434,52.394613 4.899458,52.39445 4.89988,52.394518 4.899974,52.394533 4.900062,52.39452 4.900158,52.39448 4.900223,52.394427 4.900248,52.394353 4.900205,52.394126 4.900795,52.394225 4.900932,52.39424 4.90102,52.394211 4.901148,52.394172 4.901212,52.394118 4.901236,52.394064 4.901213,52.393933 4.901056,52.39388 4.901194,52.393943 4.90127,52.393955 4.901378,52.394064 4.901514,52.394083 4.901613,52.394069 4.901702,52.39403 4.901767,52.393976 4.901791),(52.393805 4.90071,52.393763 4.90064,52.393748 4.900552,52.393765 4.900458,52.393828 4.90029,52.393865 4.900231,52.393919 4.900207,52.393973 4.90023,52.394053 4.900312,52.394122 4.900132,52.394085 4.900065,52.39407 4.899977,52.394081 4.899912,52.393939 4.899792,52.393901 4.899719,52.393858 4.89989,52.393811 4.899955,52.393467 4.900817,52.393487 4.900853,52.393599 4.900919,52.393664 4.901081,52.393805 4.90071),(52.394389 4.899364,52.3943 4.899249,52.394286 4.899161,52.394326 4.899005,52.394215 4.898897,52.394031 4.899378,52.394113 4.899417,52.394148 4.899474,52.394191 4.899502,52.394239 4.89948,52.394324 4.899535,52.394389 4.899364))";4.9001265;52.393961;
80;"WARMTE WIJK";"IN BEDRIJF";"POLYGON((4.843924 52.379301,4.843896 52.379237,4.843832 52.379197,4.843744 52.379182,4.843585 52.379214,4.843529 52.379248,4.842995 52.37933,4.842947 52.379322,4.842831 52.379336,4.842731 52.379375,4.842433 52.379437,4.841721 52.379546,4.841599 52.379525,4.84151 52.379539,4.841437 52.379591,4.841009 52.379661,4.840756 52.379678,4.840709 52.379707,4.840448 52.379748,4.840335 52.379721,4.840247 52.379735,4.840185 52.379772,4.840091 52.379785,4.840048 52.379811,4.839625 52.379875,4.839552 52.379868,4.839463 52.379882,4.839302 52.379957,4.839007 52.379277,4.838993 52.379202,4.838923 52.37916,4.838816 52.379147,4.838863 52.379119,4.838887 52.379065,4.838863 52.379007,4.838691 52.378918,4.838602 52.378903,4.838508 52.378918,4.838443 52.378957,4.838419 52.379011,4.838436 52.379066,4.838423 52.379135,4.838786 52.380005,4.838853 52.380062,4.838882 52.380115,4.839011 52.380205,4.839123 52.380464,4.839173 52.380518,4.839068 52.380575,4.839017 52.380759,4.839176 52.381137,4.839278 52.381214,4.839267 52.381297,4.839477 52.381782,4.839541 52.381822,4.839682 52.381835,4.839753 52.38182,4.839819 52.381781,4.839843 52.381727,4.839686 52.381335,4.839726 52.381246,4.839778 52.381214,4.839798 52.381134,4.839556 52.380561,4.839564 52.380501,4.839522 52.380406,4.839442 52.380341,4.839373 52.380181,4.839557 52.380149,4.839622 52.38011,4.839714 52.380088,4.840893 52.379904,4.840963 52.379882,4.841038 52.379883,4.842522 52.379649,4.842955 52.379559,4.843736 52.379441,4.843899 52.379355,4.843924 52.379301))";"POLYGON((52.379301 4.843924,52.379237 4.843896,52.379197 4.843832,52.379182 4.843744,52.379214 4.843585,52.379248 4.843529,52.37933 4.842995,52.379322 4.842947,52.379336 4.842831,52.379375 4.842731,52.379437 4.842433,52.379546 4.841721,52.379525 4.841599,52.379539 4.84151,52.379591 4.841437,52.379661 4.841009,52.379678 4.840756,52.379707 4.840709,52.379748 4.840448,52.379721 4.840335,52.379735 4.840247,52.379772 4.840185,52.379785 4.840091,52.379811 4.840048,52.379875 4.839625,52.379868 4.839552,52.379882 4.839463,52.379957 4.839302,52.379277 4.839007,52.379202 4.838993,52.37916 4.838923,52.379147 4.838816,52.379119 4.838863,52.379065 4.838887,52.379007 4.838863,52.378918 4.838691,52.378903 4.838602,52.378918 4.838508,52.378957 4.838443,52.379011 4.838419,52.379066 4.838436,52.379135 4.838423,52.380005 4.838786,52.380062 4.838853,52.380115 4.838882,52.380205 4.839011,52.380464 4.839123,52.380518 4.839173,52.380575 4.839068,52.380759 4.839017,52.381137 4.839176,52.381214 4.839278,52.381297 4.839267,52.381782 4.839477,52.381822 4.839541,52.381835 4.839682,52.38182 4.839753,52.381781 4.839819,52.381727 4.839843,52.381335 4.839686,52.381246 4.839726,52.381214 4.839778,52.381134 4.839798,52.380561 4.839556,52.380501 4.839564,52.380406 4.839522,52.380341 4.839442,52.380181 4.839373,52.380149 4.839557,52.38011 4.839622,52.380088 4.839714,52.379904 4.840893,52.379882 4.840963,52.379883 4.841038,52.379649 4.842522,52.379559 4.842955,52.379441 4.843736,52.379355 4.843899,52.379301 4.843924))";4.8411765;52.380362;
81;"WARMTE WIJK";"IN BEDRIJF";"POLYGON((4.963807 52.328536,4.963783 52.328482,4.963614 52.328387,4.96338 52.328334,4.963279 52.328271,4.963176 52.328266,4.963008 52.328218,4.962992 52.32818,4.962928 52.32814,4.962821 52.328115,4.962763 52.328108,4.962674 52.328123,4.962609 52.328162,4.962578 52.328244,4.962534 52.328293,4.962376 52.328318,4.962445 52.328194,4.962478 52.328081,4.962455 52.328027,4.962391 52.327988,4.96201 52.327877,4.961795 52.327787,4.961707 52.327772,4.961617 52.327786,4.961541 52.327776,4.961453 52.32779,4.961388 52.327829,4.961348 52.327918,4.961396 52.327987,4.961371 52.32801,4.961232 52.328031,4.961167 52.328071,4.961034 52.328257,4.960967 52.328296,4.960923 52.328387,4.960643 52.328684,4.960321 52.3289,4.960297 52.328954,4.96032 52.329008,4.960426 52.329079,4.960514 52.329094,4.960643 52.329071,4.960713 52.32903,4.960729 52.328958,4.960945 52.328803,4.961041 52.328782,4.961106 52.328743,4.961132 52.328686,4.961109 52.328632,4.961308 52.328422,4.96142 52.328264,4.961445 52.328268,4.96167 52.32838,4.961792 52.32841,4.96203 52.328518,4.962127 52.328536,4.961982 52.328674,4.961906 52.328776,4.961343 52.32918,4.961319 52.329234,4.961346 52.329319,4.961432 52.329374,4.961521 52.329389,4.961609 52.329375,4.961678 52.329333,4.9617 52.329267,4.961883 52.32914,4.961928 52.329168,4.96208 52.329204,4.962192 52.329222,4.962251 52.329213,4.962337 52.329249,4.962483 52.329266,4.962572 52.329252,4.962651 52.329203,4.962691 52.329122,4.962668 52.329068,4.962603 52.329028,4.96251 52.329013,4.962436 52.329017,4.962468 52.328961,4.962664 52.329009,4.962712 52.329038,4.962892 52.329063,4.96298 52.329049,4.963052 52.329008,4.963082 52.328945,4.963059 52.328891,4.962995 52.328851,4.962912 52.328807,4.962568 52.32872,4.962399 52.328692,4.962441 52.328643,4.962601 52.3287,4.963144 52.328827,4.963257 52.328798,4.963321 52.328808,4.963434 52.328784,4.963769 52.328613,4.963807 52.328536))";"POLYGON((52.328536 4.963807,52.328482 4.963783,52.328387 4.963614,52.328334 4.96338,52.328271 4.963279,52.328266 4.963176,52.328218 4.963008,52.32818 4.962992,52.32814 4.962928,52.328115 4.962821,52.328108 4.962763,52.328123 4.962674,52.328162 4.962609,52.328244 4.962578,52.328293 4.962534,52.328318 4.962376,52.328194 4.962445,52.328081 4.962478,52.328027 4.962455,52.327988 4.962391,52.327877 4.96201,52.327787 4.961795,52.327772 4.961707,52.327786 4.961617,52.327776 4.961541,52.32779 4.961453,52.327829 4.961388,52.327918 4.961348,52.327987 4.961396,52.32801 4.961371,52.328031 4.961232,52.328071 4.961167,52.328257 4.961034,52.328296 4.960967,52.328387 4.960923,52.328684 4.960643,52.3289 4.960321,52.328954 4.960297,52.329008 4.96032,52.329079 4.960426,52.329094 4.960514,52.329071 4.960643,52.32903 4.960713,52.328958 4.960729,52.328803 4.960945,52.328782 4.961041,52.328743 4.961106,52.328686 4.961132,52.328632 4.961109,52.328422 4.961308,52.328264 4.96142,52.328268 4.961445,52.32838 4.96167,52.32841 4.961792,52.328518 4.96203,52.328536 4.962127,52.328674 4.961982,52.328776 4.961906,52.32918 4.961343,52.329234 4.961319,52.329319 4.961346,52.329374 4.961432,52.329389 4.961521,52.329375 4.961609,52.329333 4.961678,52.329267 4.9617,52.32914 4.961883,52.329168 4.961928,52.329204 4.96208,52.329222 4.962192,52.329213 4.962251,52.329249 4.962337,52.329266 4.962483,52.329252 4.962572,52.329203 4.962651,52.329122 4.962691,52.329068 4.962668,52.329028 4.962603,52.329013 4.96251,52.329017 4.962436,52.328961 4.962468,52.329009 4.962664,52.329038 4.962712,52.329063 4.962892,52.329049 4.96298,52.329008 4.963052,52.328945 4.963082,52.328891 4.963059,52.328851 4.962995,52.328807 4.962912,52.32872 4.962568,52.328692 4.962399,52.328643 4.962441,52.3287 4.962601,52.328827 4.963144,52.328798 4.963257,52.328808 4.963321,52.328784 4.963434,52.328613 4.963769,52.328536 4.963807))";4.962057;52.3285735;
82;"WARMTE WIJK";"IN BEDRIJF";"POLYGON((4.880454 52.394427,4.880431 52.394373,4.880393 52.394344,4.880229 52.394259,4.880092 52.394229,4.880016 52.394164,4.879778 52.394041,4.879714 52.394023,4.879273 52.393772,4.879186 52.393756,4.879113 52.393694,4.87853 52.393394,4.878456 52.39338,4.878328 52.393311,4.878236 52.393294,4.878165 52.393305,4.878038 52.393277,4.877949 52.393291,4.877884 52.393331,4.87786 52.393384,4.877948 52.393541,4.878079 52.393614,4.878089 52.393637,4.879274 52.394259,4.879469 52.394346,4.879649 52.394454,4.879723 52.394468,4.879808 52.39451,4.879814 52.394524,4.879535 52.394728,4.878513 52.394213,4.877577 52.393716,4.877663 52.393663,4.877701 52.393561,4.877678 52.393507,4.877595 52.393458,4.877492 52.393446,4.877323 52.393357,4.877277 52.393281,4.877194 52.393221,4.877101 52.393204,4.877013 52.393218,4.876926 52.393261,4.876877 52.393309,4.876746 52.393318,4.876646 52.393386,4.876622 52.39344,4.876635 52.393472,4.876573 52.393523,4.876549 52.393577,4.876572 52.393631,4.876636 52.39367,4.876843 52.393718,4.876873 52.393739,4.876892 52.393802,4.877004 52.393871,4.877092 52.393886,4.877216 52.393869,4.877262 52.393846,4.877342 52.393882,4.878192 52.394331,4.878204 52.394358,4.878275 52.394404,4.878388 52.394433,4.87951 52.395009,4.879599 52.395024,4.879687 52.39501,4.879752 52.394971,4.879806 52.394889,4.88015 52.39464,4.88019 52.394634,4.880255 52.394595,4.880294 52.394536,4.880365 52.39452,4.88043 52.394481,4.880454 52.394427))";"POLYGON((52.394427 4.880454,52.394373 4.880431,52.394344 4.880393,52.394259 4.880229,52.394229 4.880092,52.394164 4.880016,52.394041 4.879778,52.394023 4.879714,52.393772 4.879273,52.393756 4.879186,52.393694 4.879113,52.393394 4.87853,52.39338 4.878456,52.393311 4.878328,52.393294 4.878236,52.393305 4.878165,52.393277 4.878038,52.393291 4.877949,52.393331 4.877884,52.393384 4.87786,52.393541 4.877948,52.393614 4.878079,52.393637 4.878089,52.394259 4.879274,52.394346 4.879469,52.394454 4.879649,52.394468 4.879723,52.39451 4.879808,52.394524 4.879814,52.394728 4.879535,52.394213 4.878513,52.393716 4.877577,52.393663 4.877663,52.393561 4.877701,52.393507 4.877678,52.393458 4.877595,52.393446 4.877492,52.393357 4.877323,52.393281 4.877277,52.393221 4.877194,52.393204 4.877101,52.393218 4.877013,52.393261 4.876926,52.393309 4.876877,52.393318 4.876746,52.393386 4.876646,52.39344 4.876622,52.393472 4.876635,52.393523 4.876573,52.393577 4.876549,52.393631 4.876572,52.39367 4.876636,52.393718 4.876843,52.393739 4.876873,52.393802 4.876892,52.393871 4.877004,52.393886 4.877092,52.393869 4.877216,52.393846 4.877262,52.393882 4.877342,52.394331 4.878192,52.394358 4.878204,52.394404 4.878275,52.394433 4.878388,52.395009 4.87951,52.395024 4.879599,52.39501 4.879687,52.394971 4.879752,52.394889 4.879806,52.39464 4.88015,52.394634 4.88019,52.394595 4.880255,52.394536 4.880294,52.39452 4.880365,52.394481 4.88043,52.394427 4.880454))";4.8785065;52.394107;
83;"WARMTE WIJK";"IN BEDRIJF";"POLYGON((4.907977 52.393038,4.907954 52.392984,4.907193 52.392242,4.907126 52.392199,4.907038 52.392185,4.906949 52.392199,4.906848 52.392237,4.906775 52.392279,4.906751 52.392333,4.906774 52.392387,4.907255 52.392862,4.907162 52.392899,4.906684 52.392451,4.906659 52.392384,4.906592 52.392321,4.906533 52.392287,4.906445 52.392272,4.906356 52.392286,4.90529 52.392704,4.905231 52.392741,4.905207 52.392795,4.905293 52.392914,4.90531 52.392981,4.90545 52.393051,4.905477 52.393097,4.905958 52.393575,4.906085 52.393665,4.906173 52.39368,4.906261 52.393666,4.907327 52.393259,4.90738 52.393224,4.907405 52.39317,4.907353 52.393088,4.907444 52.393048,4.907587 52.393161,4.907691 52.393178,4.907808 52.39316,4.907894 52.393129,4.907953 52.393092,4.907977 52.393038),(4.906371 52.393293,4.906299 52.393349,4.906275 52.393296,4.906181 52.393251,4.906158 52.393213,4.906094 52.393173,4.906074 52.393131,4.906 52.393082,4.90598 52.39304,4.905905 52.392991,4.905868 52.392936,4.905887 52.392895,4.905851 52.392828,4.905916 52.392793,4.906081 52.392955,4.906069 52.392981,4.906095 52.393038,4.90617 52.393088,4.906294 52.393231,4.906358 52.393271,4.906429 52.393283,4.906371 52.393293))";"POLYGON((52.393038 4.907977,52.392984 4.907954,52.392242 4.907193,52.392199 4.907126,52.392185 4.907038,52.392199 4.906949,52.392237 4.906848,52.392279 4.906775,52.392333 4.906751,52.392387 4.906774,52.392862 4.907255,52.392899 4.907162,52.392451 4.906684,52.392384 4.906659,52.392321 4.906592,52.392287 4.906533,52.392272 4.906445,52.392286 4.906356,52.392704 4.90529,52.392741 4.905231,52.392795 4.905207,52.392914 4.905293,52.392981 4.90531,52.393051 4.90545,52.393097 4.905477,52.393575 4.905958,52.393665 4.906085,52.39368 4.906173,52.393666 4.906261,52.393259 4.907327,52.393224 4.90738,52.39317 4.907405,52.393088 4.907353,52.393048 4.907444,52.393161 4.907587,52.393178 4.907691,52.39316 4.907808,52.393129 4.907894,52.393092 4.907953,52.393038 4.907977),(52.393293 4.906371,52.393349 4.906299,52.393296 4.906275,52.393251 4.906181,52.393213 4.906158,52.393173 4.906094,52.393131 4.906074,52.393082 4.906,52.39304 4.90598,52.392991 4.905905,52.392936 4.905868,52.392895 4.905887,52.392828 4.905851,52.392793 4.905916,52.392955 4.906081,52.392981 4.906069,52.393038 4.906095,52.393088 4.90617,52.393231 4.906294,52.393271 4.906358,52.393283 4.906429,52.393293 4.906371))";4.906597;52.3929255;
84;"WARMTE WIJK";"IN BEDRIJF";"POLYGON((4.798233 52.358079,4.79821 52.358025,4.798146 52.357985,4.797757 52.357904,4.797687 52.357851,4.797477 52.357822,4.797438 52.357798,4.79728 52.357763,4.797213 52.357755,4.797125 52.357769,4.797002 52.357844,4.796939 52.357953,4.796939 52.358006,4.796874 52.358142,4.79692 52.35823,4.796779 52.358239,4.796714 52.358278,4.796688 52.358335,4.796711 52.358389,4.796788 52.358442,4.7971 52.358508,4.797138 52.358531,4.79713 52.358546,4.797083 52.358554,4.796742 52.35849,4.796633 52.358508,4.796568 52.358547,4.796542 52.358604,4.796565 52.358658,4.796611 52.358687,4.79653 52.358699,4.796465 52.358739,4.796439 52.358796,4.796462 52.35885,4.796539 52.358903,4.796852 52.358969,4.796889 52.358992,4.796881 52.359007,4.796834 52.359015,4.796493 52.358951,4.796385 52.358969,4.79632 52.359008,4.796294 52.359065,4.796317 52.359119,4.796362 52.359148,4.796282 52.35916,4.796216 52.359199,4.79619 52.359257,4.796213 52.359311,4.79629 52.359364,4.796603 52.35943,4.796633 52.359468,4.796585 52.359475,4.796244 52.359412,4.796137 52.35943,4.796071 52.359469,4.796045 52.359526,4.796068 52.35958,4.796132 52.35962,4.796262 52.359675,4.796585 52.359735,4.796842 52.359692,4.796877 52.35967,4.797129 52.359721,4.797311 52.359738,4.797399 52.359724,4.797465 52.359685,4.797509 52.359594,4.797486 52.35954,4.797368 52.359465,4.797056 52.3594,4.797149 52.359212,4.797378 52.35926,4.79756 52.359277,4.797648 52.359263,4.797713 52.359224,4.797758 52.359133,4.797735 52.359079,4.797617 52.359005,4.797305 52.358939,4.797397 52.358751,4.797627 52.3588,4.797808 52.358816,4.797897 52.358802,4.797962 52.358763,4.798006 52.358672,4.797983 52.358618,4.797865 52.358544,4.797612 52.358492,4.797653 52.358414,4.797905 52.358465,4.797993 52.358451,4.798058 52.358412,4.798233 52.358079))";"POLYGON((52.358079 4.798233,52.358025 4.79821,52.357985 4.798146,52.357904 4.797757,52.357851 4.797687,52.357822 4.797477,52.357798 4.797438,52.357763 4.79728,52.357755 4.797213,52.357769 4.797125,52.357844 4.797002,52.357953 4.796939,52.358006 4.796939,52.358142 4.796874,52.35823 4.79692,52.358239 4.796779,52.358278 4.796714,52.358335 4.796688,52.358389 4.796711,52.358442 4.796788,52.358508 4.7971,52.358531 4.797138,52.358546 4.79713,52.358554 4.797083,52.35849 4.796742,52.358508 4.796633,52.358547 4.796568,52.358604 4.796542,52.358658 4.796565,52.358687 4.796611,52.358699 4.79653,52.358739 4.796465,52.358796 4.796439,52.35885 4.796462,52.358903 4.796539,52.358969 4.796852,52.358992 4.796889,52.359007 4.796881,52.359015 4.796834,52.358951 4.796493,52.358969 4.796385,52.359008 4.79632,52.359065 4.796294,52.359119 4.796317,52.359148 4.796362,52.35916 4.796282,52.359199 4.796216,52.359257 4.79619,52.359311 4.796213,52.359364 4.79629,52.35943 4.796603,52.359468 4.796633,52.359475 4.796585,52.359412 4.796244,52.35943 4.796137,52.359469 4.796071,52.359526 4.796045,52.35958 4.796068,52.35962 4.796132,52.359675 4.796262,52.359735 4.796585,52.359692 4.796842,52.35967 4.796877,52.359721 4.797129,52.359738 4.797311,52.359724 4.797399,52.359685 4.797465,52.359594 4.797509,52.35954 4.797486,52.359465 4.797368,52.3594 4.797056,52.359212 4.797149,52.35926 4.797378,52.359277 4.79756,52.359263 4.797648,52.359224 4.797713,52.359133 4.797758,52.359079 4.797735,52.359005 4.797617,52.358939 4.797305,52.358751 4.797397,52.3588 4.797627,52.358816 4.797808,52.358802 4.797897,52.358763 4.797962,52.358672 4.798006,52.358618 4.797983,52.358544 4.797865,52.358492 4.797612,52.358414 4.797653,52.358465 4.797905,52.358451 4.797993,52.358412 4.798058,52.358079 4.798233))";4.797144;52.3587395;
85;"WARMTE WIJK";"IN BEDRIJF";"POLYGON((4.847017 52.379943,4.84704 52.379997,4.847105 52.380036,4.847197 52.380053,4.847278 52.38004,4.84775 52.38005,4.847799 52.380116,4.847863 52.380155,4.848042 52.38017,4.848191 52.380245,4.848257 52.380259,4.848418 52.380248,4.848749 52.380255,4.848776 52.380309,4.84884 52.380349,4.849008 52.380366,4.849149 52.380439,4.849216 52.380453,4.849706 52.380449,4.849759 52.380475,4.849752 52.380562,4.849775 52.38062,4.849839 52.38066,4.84985 52.380691,4.849796 52.38169,4.849819 52.381747,4.849883 52.381787,4.849966 52.381802,4.850019 52.381835,4.850144 52.381857,4.850238 52.381843,4.850303 52.381804,4.850327 52.38175,4.850304 52.381685,4.850268 52.381639,4.850204 52.381599,4.850161 52.381592,4.850165 52.381514,4.850234 52.381526,4.850893 52.381537,4.850982 52.381523,4.851052 52.38148,4.851089 52.381407,4.851066 52.38135,4.851 52.381308,4.850914 52.381293,4.850314 52.38128,4.850235 52.38125,4.850307 52.381229,4.850905 52.381242,4.851011 52.381227,4.85108 52.381186,4.851105 52.381135,4.851076 52.381061,4.851002 52.381009,4.850914 52.380994,4.850676 52.380989,4.850196 52.380993,4.850199 52.380939,4.85027 52.380951,4.850925 52.380962,4.851013 52.380948,4.851065 52.380922,4.851121 52.38086,4.851126 52.38082,4.851103 52.380774,4.851035 52.380732,4.850944 52.380717,4.850344 52.380704,4.850233 52.380681,4.850319 52.380668,4.850355 52.380646,4.850952 52.380659,4.851044 52.380646,4.851122 52.380601,4.851147 52.380545,4.851127 52.38049,4.851035 52.380424,4.850946 52.38041,4.850287 52.380399,4.850199 52.380413,4.850121 52.38045,4.850129 52.380379,4.850106 52.380325,4.84987 52.380218,4.849777 52.380201,4.849298 52.380192,4.849257 52.380167,4.849106 52.38015,4.849097 52.380131,4.848911 52.380024,4.848819 52.380007,4.848346 52.379998,4.848294 52.379965,4.848124 52.379951,4.84811 52.37992,4.848046 52.37988,4.847848 52.379812,4.84776 52.379797,4.847284 52.379787,4.847195 52.379801,4.847055 52.379877,4.847017 52.379943))";"POLYGON((52.379943 4.847017,52.379997 4.84704,52.380036 4.847105,52.380053 4.847197,52.38004 4.847278,52.38005 4.84775,52.380116 4.847799,52.380155 4.847863,52.38017 4.848042,52.380245 4.848191,52.380259 4.848257,52.380248 4.848418,52.380255 4.848749,52.380309 4.848776,52.380349 4.84884,52.380366 4.849008,52.380439 4.849149,52.380453 4.849216,52.380449 4.849706,52.380475 4.849759,52.380562 4.849752,52.38062 4.849775,52.38066 4.849839,52.380691 4.84985,52.38169 4.849796,52.381747 4.849819,52.381787 4.849883,52.381802 4.849966,52.381835 4.850019,52.381857 4.850144,52.381843 4.850238,52.381804 4.850303,52.38175 4.850327,52.381685 4.850304,52.381639 4.850268,52.381599 4.850204,52.381592 4.850161,52.381514 4.850165,52.381526 4.850234,52.381537 4.850893,52.381523 4.850982,52.38148 4.851052,52.381407 4.851089,52.38135 4.851066,52.381308 4.851,52.381293 4.850914,52.38128 4.850314,52.38125 4.850235,52.381229 4.850307,52.381242 4.850905,52.381227 4.851011,52.381186 4.85108,52.381135 4.851105,52.381061 4.851076,52.381009 4.851002,52.380994 4.850914,52.380989 4.850676,52.380993 4.850196,52.380939 4.850199,52.380951 4.85027,52.380962 4.850925,52.380948 4.851013,52.380922 4.851065,52.38086 4.851121,52.38082 4.851126,52.380774 4.851103,52.380732 4.851035,52.380717 4.850944,52.380704 4.850344,52.380681 4.850233,52.380668 4.850319,52.380646 4.850355,52.380659 4.850952,52.380646 4.851044,52.380601 4.851122,52.380545 4.851147,52.38049 4.851127,52.380424 4.851035,52.38041 4.850946,52.380399 4.850287,52.380413 4.850199,52.38045 4.850121,52.380379 4.850129,52.380325 4.850106,52.380218 4.84987,52.380201 4.849777,52.380192 4.849298,52.380167 4.849257,52.38015 4.849106,52.380131 4.849097,52.380024 4.848911,52.380007 4.848819,52.379998 4.848346,52.379965 4.848294,52.379951 4.848124,52.37992 4.84811,52.37988 4.848046,52.379812 4.847848,52.379797 4.84776,52.379787 4.847284,52.379801 4.847195,52.379877 4.847055,52.379943 4.847017))";4.849087;52.380815;
86;"WARMTE WIJK";"IN BEDRIJF";"POLYGON((4.964714 52.390284,4.964572 52.389775,4.964393 52.389684,4.964024 52.389594,4.964037 52.389554,4.964014 52.3895,4.96395 52.38946,4.963856 52.389444,4.963722 52.389465,4.963657 52.389504,4.962952 52.389329,4.961268 52.388868,4.96119 52.388856,4.961101 52.388871,4.961036 52.38891,4.961012 52.388964,4.961035 52.389018,4.961106 52.389063,4.961217 52.389094,4.961292 52.389158,4.961385 52.389174,4.961463 52.389162,4.961679 52.389221,4.961754 52.389285,4.961867 52.389307,4.961946 52.389294,4.962647 52.389485,4.962681 52.389523,4.962586 52.389652,4.961156 52.389272,4.961068 52.389286,4.961002 52.389325,4.960978 52.389379,4.961001 52.389433,4.961073 52.389477,4.962606 52.389897,4.962728 52.389899,4.96282 52.389958,4.964418 52.390397,4.964531 52.390411,4.96462 52.390397,4.964685 52.390358,4.964714 52.390284),(4.964256 52.39011,4.963075 52.389788,4.962999 52.389731,4.962935 52.389712,4.963027 52.389588,4.963225 52.389637,4.963301 52.389694,4.963412 52.389715,4.963494 52.389702,4.963856 52.389789,4.96394 52.389847,4.964257 52.389917,4.964293 52.390054,4.964256 52.39011))";"POLYGON((52.390284 4.964714,52.389775 4.964572,52.389684 4.964393,52.389594 4.964024,52.389554 4.964037,52.3895 4.964014,52.38946 4.96395,52.389444 4.963856,52.389465 4.963722,52.389504 4.963657,52.389329 4.962952,52.388868 4.961268,52.388856 4.96119,52.388871 4.961101,52.38891 4.961036,52.388964 4.961012,52.389018 4.961035,52.389063 4.961106,52.389094 4.961217,52.389158 4.961292,52.389174 4.961385,52.389162 4.961463,52.389221 4.961679,52.389285 4.961754,52.389307 4.961867,52.389294 4.961946,52.389485 4.962647,52.389523 4.962681,52.389652 4.962586,52.389272 4.961156,52.389286 4.961068,52.389325 4.961002,52.389379 4.960978,52.389433 4.961001,52.389477 4.961073,52.389897 4.962606,52.389899 4.962728,52.389958 4.96282,52.390397 4.964418,52.390411 4.964531,52.390397 4.96462,52.390358 4.964685,52.390284 4.964714),(52.39011 4.964256,52.389788 4.963075,52.389731 4.962999,52.389712 4.962935,52.389588 4.963027,52.389637 4.963225,52.389694 4.963301,52.389715 4.963412,52.389702 4.963494,52.389789 4.963856,52.389847 4.96394,52.389917 4.964257,52.390054 4.964293,52.39011 4.964256))";4.962851;52.3896265;
87;"WARMTE WIJK";"IN BEDRIJF";"POLYGON((4.871535 52.336392,4.871512 52.336311,4.871448 52.336271,4.871434 52.336234,4.871457 52.336159,4.871434 52.336106,4.87137 52.336066,4.871282 52.336051,4.871193 52.336064,4.870876 52.336068,4.870876 52.335993,4.870918 52.335968,4.871216 52.335965,4.871304 52.335951,4.871369 52.335912,4.871393 52.335858,4.871394 52.335751,4.871446 52.335673,4.871447 52.335608,4.871424 52.335554,4.871352 52.33551,4.871264 52.335495,4.871094 52.335519,4.870943 52.335494,4.870827 52.335508,4.870755 52.335552,4.870731 52.335606,4.87073 52.335668,4.870776 52.335736,4.870673 52.335759,4.870613 52.335795,4.870597 52.335694,4.870631 52.335586,4.870608 52.335525,4.870544 52.335486,4.870456 52.335471,4.870319 52.335483,4.870254 52.335522,4.870236 52.335595,4.870159 52.335604,4.870172 52.335577,4.870149 52.33552,4.870084 52.33548,4.869996 52.335465,4.869854 52.335479,4.869789 52.335518,4.869764 52.335572,4.869764 52.335669,4.869732 52.335586,4.869668 52.335546,4.869424 52.335503,4.86926 52.335517,4.869156 52.335584,4.869098 52.335841,4.869121 52.335895,4.869185 52.335934,4.869268 52.335948,4.86935 52.335995,4.869438 52.33601,4.870046 52.336007,4.870206 52.336029,4.870144 52.336052,4.870104 52.336027,4.870016 52.336012,4.869898 52.336026,4.869833 52.336066,4.86981 52.336116,4.869763 52.336139,4.869519 52.336133,4.869431 52.336147,4.869366 52.336187,4.869342 52.33624,4.869365 52.336298,4.869429 52.336338,4.869548 52.336357,4.869707 52.336358,4.86973 52.336456,4.869794 52.336495,4.869816 52.336546,4.86988 52.336586,4.869994 52.336601,4.870117 52.336573,4.870246 52.336595,4.870304 52.336587,4.870527 52.336642,4.870704 52.336643,4.870815 52.336615,4.87087 52.336615,4.870983 52.336645,4.871102 52.336631,4.871255 52.336638,4.871343 52.336624,4.871408 52.336585,4.871432 52.336488,4.87151 52.336446,4.871535 52.336392))";"POLYGON((52.336392 4.871535,52.336311 4.871512,52.336271 4.871448,52.336234 4.871434,52.336159 4.871457,52.336106 4.871434,52.336066 4.87137,52.336051 4.871282,52.336064 4.871193,52.336068 4.870876,52.335993 4.870876,52.335968 4.870918,52.335965 4.871216,52.335951 4.871304,52.335912 4.871369,52.335858 4.871393,52.335751 4.871394,52.335673 4.871446,52.335608 4.871447,52.335554 4.871424,52.33551 4.871352,52.335495 4.871264,52.335519 4.871094,52.335494 4.870943,52.335508 4.870827,52.335552 4.870755,52.335606 4.870731,52.335668 4.87073,52.335736 4.870776,52.335759 4.870673,52.335795 4.870613,52.335694 4.870597,52.335586 4.870631,52.335525 4.870608,52.335486 4.870544,52.335471 4.870456,52.335483 4.870319,52.335522 4.870254,52.335595 4.870236,52.335604 4.870159,52.335577 4.870172,52.33552 4.870149,52.33548 4.870084,52.335465 4.869996,52.335479 4.869854,52.335518 4.869789,52.335572 4.869764,52.335669 4.869764,52.335586 4.869732,52.335546 4.869668,52.335503 4.869424,52.335517 4.86926,52.335584 4.869156,52.335841 4.869098,52.335895 4.869121,52.335934 4.869185,52.335948 4.869268,52.335995 4.86935,52.33601 4.869438,52.336007 4.870046,52.336029 4.870206,52.336052 4.870144,52.336027 4.870104,52.336012 4.870016,52.336026 4.869898,52.336066 4.869833,52.336116 4.86981,52.336139 4.869763,52.336133 4.869519,52.336147 4.869431,52.336187 4.869366,52.33624 4.869342,52.336298 4.869365,52.336338 4.869429,52.336357 4.869548,52.336358 4.869707,52.336456 4.86973,52.336495 4.869794,52.336546 4.869816,52.336586 4.86988,52.336601 4.869994,52.336573 4.870117,52.336595 4.870246,52.336587 4.870304,52.336642 4.870527,52.336643 4.870704,52.336615 4.870815,52.336615 4.87087,52.336645 4.870983,52.336631 4.871102,52.336638 4.871255,52.336624 4.871343,52.336585 4.871408,52.336488 4.871432,52.336446 4.87151,52.336392 4.871535))";4.8703215;52.336048;
88;"WARMTE WIJK";"IN BEDRIJF";"POLYGON((4.80253 52.350524,4.802507 52.35047,4.802375 52.350376,4.802182 52.350337,4.802093 52.350351,4.802028 52.35039,4.801972 52.350502,4.801915 52.350565,4.801184 52.350423,4.801095 52.350437,4.801047 52.350466,4.80084 52.35043,4.800752 52.350444,4.800686 52.350483,4.800623 52.350591,4.800511 52.350602,4.800446 52.350641,4.800419 52.350699,4.800442 52.350753,4.800599 52.35084,4.800726 52.350863,4.800815 52.350849,4.80088 52.35081,4.800954 52.350678,4.800957 52.350703,4.800519 52.351507,4.800433 52.351718,4.80039 52.351724,4.800265 52.351814,4.800239 52.351871,4.800262 52.351925,4.800326 52.351965,4.800492 52.35203,4.801294 52.352197,4.801383 52.352183,4.801462 52.35214,4.801601 52.352128,4.801697 52.352094,4.801778 52.351988,4.801781 52.35181,4.801831 52.351764,4.802216 52.351044,4.802198 52.350967,4.802134 52.350923,4.802 52.350897,4.801912 52.350911,4.801847 52.35095,4.801419 52.351738,4.801317 52.351786,4.801271 52.351865,4.800785 52.351767,4.800857 52.351695,4.800887 52.3516,4.80137 52.350687,4.802103 52.350832,4.802295 52.350818,4.802403 52.35077,4.80253 52.350524))";"POLYGON((52.350524 4.80253,52.35047 4.802507,52.350376 4.802375,52.350337 4.802182,52.350351 4.802093,52.35039 4.802028,52.350502 4.801972,52.350565 4.801915,52.350423 4.801184,52.350437 4.801095,52.350466 4.801047,52.35043 4.80084,52.350444 4.800752,52.350483 4.800686,52.350591 4.800623,52.350602 4.800511,52.350641 4.800446,52.350699 4.800419,52.350753 4.800442,52.35084 4.800599,52.350863 4.800726,52.350849 4.800815,52.35081 4.80088,52.350678 4.800954,52.350703 4.800957,52.351507 4.800519,52.351718 4.800433,52.351724 4.80039,52.351814 4.800265,52.351871 4.800239,52.351925 4.800262,52.351965 4.800326,52.35203 4.800492,52.352197 4.801294,52.352183 4.801383,52.35214 4.801462,52.352128 4.801601,52.352094 4.801697,52.351988 4.801778,52.35181 4.801781,52.351764 4.801831,52.351044 4.802216,52.350967 4.802198,52.350923 4.802134,52.350897 4.802,52.350911 4.801912,52.35095 4.801847,52.351738 4.801419,52.351786 4.801317,52.351865 4.801271,52.351767 4.800785,52.351695 4.800857,52.3516 4.800887,52.350687 4.80137,52.350832 4.802103,52.350818 4.802295,52.35077 4.802403,52.350524 4.80253))";4.8013895;52.35126;
89;"WARMTE WIJK";"IN BEDRIJF";"POLYGON((4.961109 52.392153,4.961086 52.392099,4.961018 52.392055,4.96093 52.392041,4.960736 52.392084,4.960771 52.392031,4.96077 52.391981,4.960739 52.391935,4.960676 52.391898,4.959858 52.391681,4.95977 52.391695,4.959705 52.391735,4.959467 52.392057,4.959293 52.392023,4.959205 52.392037,4.95914 52.392076,4.959111 52.392136,4.959134 52.39219,4.959198 52.39223,4.959261 52.392245,4.959199 52.392331,4.958675 52.392196,4.958586 52.392211,4.958521 52.39225,4.958456 52.392358,4.95848 52.392412,4.95856 52.392457,4.960229 52.392917,4.960418 52.392958,4.960507 52.392944,4.960572 52.392904,4.961109 52.392153),(4.960635 52.392191,4.960598 52.392213,4.960569 52.39228,4.960533 52.392302,4.960504 52.392369,4.960464 52.392397,4.960441 52.392454,4.960406 52.392475,4.960312 52.392633,4.96026 52.39268,4.960248 52.392652,4.960178 52.392611,4.960082 52.392597,4.960033 52.392571,4.959939 52.392557,4.959902 52.392534,4.959795 52.392517,4.959591 52.392449,4.959686 52.392402,4.95975 52.392314,4.959774 52.39226,4.959755 52.392214,4.9598 52.392207,4.959868 52.392164,4.959959 52.39202,4.959941 52.39198,4.960305 52.392071,4.960484 52.392133,4.960572 52.392147,4.960657 52.392134,4.960635 52.392191))";"POLYGON((52.392153 4.961109,52.392099 4.961086,52.392055 4.961018,52.392041 4.96093,52.392084 4.960736,52.392031 4.960771,52.391981 4.96077,52.391935 4.960739,52.391898 4.960676,52.391681 4.959858,52.391695 4.95977,52.391735 4.959705,52.392057 4.959467,52.392023 4.959293,52.392037 4.959205,52.392076 4.95914,52.392136 4.959111,52.39219 4.959134,52.39223 4.959198,52.392245 4.959261,52.392331 4.959199,52.392196 4.958675,52.392211 4.958586,52.39225 4.958521,52.392358 4.958456,52.392412 4.95848,52.392457 4.95856,52.392917 4.960229,52.392958 4.960418,52.392944 4.960507,52.392904 4.960572,52.392153 4.961109),(52.392191 4.960635,52.392213 4.960598,52.39228 4.960569,52.392302 4.960533,52.392369 4.960504,52.392397 4.960464,52.392454 4.960441,52.392475 4.960406,52.392633 4.960312,52.39268 4.96026,52.392652 4.960248,52.392611 4.960178,52.392597 4.960082,52.392571 4.960033,52.392557 4.959939,52.392534 4.959902,52.392517 4.959795,52.392449 4.959591,52.392402 4.959686,52.392314 4.95975,52.39226 4.959774,52.392214 4.959755,52.392207 4.9598,52.392164 4.959868,52.39202 4.959959,52.39198 4.959941,52.392071 4.960305,52.392133 4.960484,52.392147 4.960572,52.392134 4.960657,52.392191 4.960635))";4.9597875;52.3923125;
90;"WARMTE WIJK";"IN BEDRIJF";"POLYGON((4.903268 52.338469,4.903229 52.338157,4.903206 52.338112,4.903126 52.338064,4.903038 52.338049,4.902244 52.338086,4.90217 52.3381,4.902105 52.338139,4.901231 52.338195,4.90096 52.338175,4.900839 52.338213,4.900738 52.338288,4.900714 52.338341,4.900725 52.338432,4.900649 52.33837,4.900561 52.338355,4.900467 52.338369,4.900402 52.338408,4.900378 52.338462,4.900427 52.338868,4.90045 52.338914,4.900514 52.338953,4.900602 52.338968,4.900971 52.338951,4.901045 52.338938,4.901111 52.338898,4.901135 52.338845,4.901086 52.338441,4.901186 52.338454,4.901262 52.339071,4.901247 52.339166,4.90128 52.339218,4.901339 52.339738,4.901154 52.339757,4.901009 52.339861,4.900968 52.339972,4.900992 52.34003,4.901056 52.34007,4.901144 52.340085,4.901264 52.340069,4.901416 52.339956,4.901622 52.339936,4.901687 52.339897,4.901711 52.339843,4.90154 52.338393,4.902291 52.338361,4.902366 52.338347,4.902431 52.338308,4.902529 52.338298,4.902602 52.338345,4.90269 52.33836,4.902792 52.338345,4.902867 52.338282,4.902886 52.338362,4.902823 52.338374,4.902758 52.338414,4.902734 52.338467,4.902758 52.33853,4.902822 52.33857,4.902926 52.338585,4.903178 52.338562,4.903243 52.338523,4.903268 52.338469))";"POLYGON((52.338469 4.903268,52.338157 4.903229,52.338112 4.903206,52.338064 4.903126,52.338049 4.903038,52.338086 4.902244,52.3381 4.90217,52.338139 4.902105,52.338195 4.901231,52.338175 4.90096,52.338213 4.900839,52.338288 4.900738,52.338341 4.900714,52.338432 4.900725,52.33837 4.900649,52.338355 4.900561,52.338369 4.900467,52.338408 4.900402,52.338462 4.900378,52.338868 4.900427,52.338914 4.90045,52.338953 4.900514,52.338968 4.900602,52.338951 4.900971,52.338938 4.901045,52.338898 4.901111,52.338845 4.901135,52.338441 4.901086,52.338454 4.901186,52.339071 4.901262,52.339166 4.901247,52.339218 4.90128,52.339738 4.901339,52.339757 4.901154,52.339861 4.901009,52.339972 4.900968,52.34003 4.900992,52.34007 4.901056,52.340085 4.901144,52.340069 4.901264,52.339956 4.901416,52.339936 4.901622,52.339897 4.901687,52.339843 4.901711,52.338393 4.90154,52.338361 4.902291,52.338347 4.902366,52.338308 4.902431,52.338298 4.902529,52.338345 4.902602,52.33836 4.90269,52.338345 4.902792,52.338282 4.902867,52.338362 4.902886,52.338374 4.902823,52.338414 4.902758,52.338467 4.902734,52.33853 4.902758,52.33857 4.902822,52.338585 4.902926,52.338562 4.903178,52.338523 4.903243,52.338469 4.903268))";4.901828;52.33906;
91;"WARMTE WIJK";"IN BEDRIJF";"POLYGON((4.919889 52.339758,4.919857 52.339694,4.919792 52.339653,4.919704 52.339638,4.919608 52.339644,4.91952 52.339658,4.918759 52.339909,4.918791 52.33985,4.91878 52.339816,4.918949 52.339789,4.919018 52.339748,4.919041 52.339695,4.919154 52.33962,4.919178 52.339566,4.919155 52.339512,4.919088 52.339469,4.919 52.339454,4.918639 52.339549,4.918563 52.339605,4.918412 52.339642,4.918316 52.339701,4.918292 52.339755,4.918326 52.339854,4.918297 52.339943,4.918361 52.340043,4.918049 52.340144,4.917979 52.340185,4.91786 52.340345,4.917882 52.340397,4.917948 52.34045,4.91799 52.340583,4.918144 52.340756,4.91821 52.340798,4.918319 52.340809,4.918361 52.340875,4.918178 52.34095,4.918075 52.340961,4.918005 52.341002,4.91798 52.341056,4.918004 52.34111,4.91809 52.341173,4.918178 52.341188,4.918267 52.341173,4.919356 52.340808,4.919425 52.340767,4.91945 52.340713,4.919428 52.340661,4.919677 52.340586,4.919747 52.340545,4.919806 52.340456,4.91979 52.340419,4.919823 52.340359,4.9198 52.340305,4.919686 52.340251,4.919622 52.340244,4.919497 52.340266,4.919424 52.340307,4.919368 52.340391,4.919281 52.340419,4.919214 52.340408,4.919125 52.340422,4.919055 52.340463,4.919031 52.340517,4.919052 52.340569,4.919126 52.340634,4.918947 52.340601,4.918858 52.340616,4.918755 52.340692,4.918488 52.340404,4.918422 52.340362,4.918314 52.34035,4.918356 52.340325,4.918458 52.340313,4.918537 52.340371,4.918625 52.340385,4.91879 52.340346,4.918955 52.340221,4.918983 52.340127,4.919326 52.34002,4.919395 52.339979,4.919535 52.339951,4.919605 52.33991,4.919616 52.339887,4.919794 52.339852,4.919864 52.339811,4.919889 52.339758))";"POLYGON((52.339758 4.919889,52.339694 4.919857,52.339653 4.919792,52.339638 4.919704,52.339644 4.919608,52.339658 4.91952,52.339909 4.918759,52.33985 4.918791,52.339816 4.91878,52.339789 4.918949,52.339748 4.919018,52.339695 4.919041,52.33962 4.919154,52.339566 4.919178,52.339512 4.919155,52.339469 4.919088,52.339454 4.919,52.339549 4.918639,52.339605 4.918563,52.339642 4.918412,52.339701 4.918316,52.339755 4.918292,52.339854 4.918326,52.339943 4.918297,52.340043 4.918361,52.340144 4.918049,52.340185 4.917979,52.340345 4.91786,52.340397 4.917882,52.34045 4.917948,52.340583 4.91799,52.340756 4.918144,52.340798 4.91821,52.340809 4.918319,52.340875 4.918361,52.34095 4.918178,52.340961 4.918075,52.341002 4.918005,52.341056 4.91798,52.34111 4.918004,52.341173 4.91809,52.341188 4.918178,52.341173 4.918267,52.340808 4.919356,52.340767 4.919425,52.340713 4.91945,52.340661 4.919428,52.340586 4.919677,52.340545 4.919747,52.340456 4.919806,52.340419 4.91979,52.340359 4.919823,52.340305 4.9198,52.340251 4.919686,52.340244 4.919622,52.340266 4.919497,52.340307 4.919424,52.340391 4.919368,52.340419 4.919281,52.340408 4.919214,52.340422 4.919125,52.340463 4.919055,52.340517 4.919031,52.340569 4.919052,52.340634 4.919126,52.340601 4.918947,52.340616 4.918858,52.340692 4.918755,52.340404 4.918488,52.340362 4.918422,52.34035 4.918314,52.340325 4.918356,52.340313 4.918458,52.340371 4.918537,52.340385 4.918625,52.340346 4.91879,52.340221 4.918955,52.340127 4.918983,52.34002 4.919326,52.339979 4.919395,52.339951 4.919535,52.33991 4.919605,52.339887 4.919616,52.339852 4.919794,52.339811 4.919864,52.339758 4.919889))";4.9188795;52.340314;
92;"WARMTE WIJK";"IN BEDRIJF";"POLYGON((4.979086 52.316431,4.979063 52.316377,4.978782 52.316188,4.978652 52.316159,4.978621 52.316164,4.978337 52.316048,4.978238 52.316029,4.978151 52.315981,4.97803 52.315958,4.977962 52.315966,4.977852 52.315883,4.977724 52.315856,4.977631 52.315807,4.977496 52.315778,4.977298 52.31571,4.977238 52.315673,4.977094 52.31564,4.977016 52.315597,4.976895 52.315574,4.97685 52.315581,4.976744 52.315545,4.976659 52.315531,4.976571 52.315545,4.976459 52.315635,4.976351 52.315686,4.976316 52.315751,4.976329 52.315781,4.976207 52.315902,4.97618 52.315959,4.976204 52.316013,4.976268 52.316053,4.976654 52.316185,4.976755 52.316196,4.976814 52.316227,4.976925 52.316237,4.977014 52.316267,4.977084 52.31632,4.977175 52.316348,4.97728 52.316358,4.977411 52.316433,4.977465 52.316451,4.977578 52.316461,4.977697 52.316501,4.977765 52.31655,4.977886 52.316568,4.978132 52.316679,4.978278 52.316727,4.978404 52.316734,4.978485 52.316762,4.978674 52.316791,4.978763 52.316777,4.978871 52.31669,4.978893 52.316638,4.978859 52.316577,4.978946 52.316563,4.979011 52.316524,4.979064 52.316483,4.979086 52.316431))";"POLYGON((52.316431 4.979086,52.316377 4.979063,52.316188 4.978782,52.316159 4.978652,52.316164 4.978621,52.316048 4.978337,52.316029 4.978238,52.315981 4.978151,52.315958 4.97803,52.315966 4.977962,52.315883 4.977852,52.315856 4.977724,52.315807 4.977631,52.315778 4.977496,52.31571 4.977298,52.315673 4.977238,52.31564 4.977094,52.315597 4.977016,52.315574 4.976895,52.315581 4.97685,52.315545 4.976744,52.315531 4.976659,52.315545 4.976571,52.315635 4.976459,52.315686 4.976351,52.315751 4.976316,52.315781 4.976329,52.315902 4.976207,52.315959 4.97618,52.316013 4.976204,52.316053 4.976268,52.316185 4.976654,52.316196 4.976755,52.316227 4.976814,52.316237 4.976925,52.316267 4.977014,52.31632 4.977084,52.316348 4.977175,52.316358 4.97728,52.316433 4.977411,52.316451 4.977465,52.316461 4.977578,52.316501 4.977697,52.31655 4.977765,52.316568 4.977886,52.316679 4.978132,52.316727 4.978278,52.316734 4.978404,52.316762 4.978485,52.316791 4.978674,52.316777 4.978763,52.31669 4.978871,52.316638 4.978893,52.316577 4.978859,52.316563 4.978946,52.316524 4.979011,52.316483 4.979064,52.316431 4.979086))";4.977638;52.316154;
93;"WARMTE WIJK";"IN BEDRIJF";"POLYGON((4.912625 52.401411,4.912525 52.401246,4.912461 52.401206,4.912427 52.401133,4.912365 52.401097,4.912242 52.40108,4.911818 52.401073,4.911738 52.401086,4.911735 52.401029,4.912254 52.401047,4.912354 52.401032,4.912423 52.400991,4.912449 52.400921,4.912428 52.400861,4.912358 52.400817,4.91227 52.400801,4.911943 52.400804,4.91192 52.400738,4.911856 52.400698,4.911771 52.400683,4.911416 52.400678,4.91125 52.400647,4.911156 52.400662,4.911091 52.400701,4.911068 52.400775,4.911091 52.400822,4.911141 52.400852,4.910996 52.400873,4.91093 52.400913,4.910911 52.400999,4.910934 52.401056,4.910999 52.401096,4.911087 52.401111,4.911176 52.401107,4.911185 52.40116,4.911038 52.401177,4.910972 52.401216,4.910952 52.401303,4.910976 52.40136,4.91104 52.4014,4.911128 52.401415,4.911218 52.40141,4.911231 52.401462,4.911099 52.401484,4.911034 52.401524,4.91101 52.401577,4.911045 52.401674,4.91111 52.401717,4.911199 52.401731,4.911329 52.401716,4.911353 52.401753,4.91124 52.401787,4.911166 52.401829,4.911141 52.401883,4.911188 52.401971,4.911254 52.402013,4.911343 52.402028,4.911371 52.402113,4.911435 52.402153,4.911596 52.402169,4.911684 52.402155,4.911883 52.402047,4.911907 52.401993,4.91183 52.401865,4.912066 52.401803,4.912131 52.401764,4.912155 52.40171,4.912141 52.401666,4.912481 52.401568,4.9126 52.40147,4.912625 52.401411))";"POLYGON((52.401411 4.912625,52.401246 4.912525,52.401206 4.912461,52.401133 4.912427,52.401097 4.912365,52.40108 4.912242,52.401073 4.911818,52.401086 4.911738,52.401029 4.911735,52.401047 4.912254,52.401032 4.912354,52.400991 4.912423,52.400921 4.912449,52.400861 4.912428,52.400817 4.912358,52.400801 4.91227,52.400804 4.911943,52.400738 4.91192,52.400698 4.911856,52.400683 4.911771,52.400678 4.911416,52.400647 4.91125,52.400662 4.911156,52.400701 4.911091,52.400775 4.911068,52.400822 4.911091,52.400852 4.911141,52.400873 4.910996,52.400913 4.91093,52.400999 4.910911,52.401056 4.910934,52.401096 4.910999,52.401111 4.911087,52.401107 4.911176,52.40116 4.911185,52.401177 4.911038,52.401216 4.910972,52.401303 4.910952,52.40136 4.910976,52.4014 4.91104,52.401415 4.911128,52.40141 4.911218,52.401462 4.911231,52.401484 4.911099,52.401524 4.911034,52.401577 4.91101,52.401674 4.911045,52.401717 4.91111,52.401731 4.911199,52.401716 4.911329,52.401753 4.911353,52.401787 4.91124,52.401829 4.911166,52.401883 4.911141,52.401971 4.911188,52.402013 4.911254,52.402028 4.911343,52.402113 4.911371,52.402153 4.911435,52.402169 4.911596,52.402155 4.911684,52.402047 4.911883,52.401993 4.911907,52.401865 4.91183,52.401803 4.912066,52.401764 4.912131,52.40171 4.912155,52.401666 4.912141,52.401568 4.912481,52.40147 4.9126,52.401411 4.912625))";4.911773;52.401401;
94;"WARMTE WIJK";"IN BEDRIJF";"POLYGON((4.917532 52.407977,4.917509 52.407923,4.917399 52.407845,4.917171 52.407788,4.917102 52.407799,4.916899 52.407598,4.916837 52.40756,4.916748 52.407545,4.916681 52.40755,4.916457 52.407647,4.916295 52.407686,4.916183 52.407754,4.91609 52.407772,4.916025 52.407811,4.915984 52.407873,4.915842 52.407884,4.915776 52.407923,4.915735 52.407985,4.915594 52.407996,4.915528 52.408035,4.915486 52.408097,4.915345 52.408108,4.91528 52.408147,4.915244 52.408244,4.915104 52.408284,4.915015 52.40836,4.914916 52.40834,4.914827 52.408354,4.914737 52.408393,4.914689 52.408426,4.914665 52.408479,4.914688 52.408534,4.915013 52.408804,4.915066 52.408833,4.915154 52.408848,4.915385 52.408811,4.915434 52.408778,4.915464 52.408722,4.915441 52.408667,4.91547 52.408628,4.915574 52.408568,4.915658 52.408558,4.915531 52.408658,4.915507 52.408711,4.91553 52.408766,4.915606 52.408815,4.915695 52.40883,4.915783 52.408816,4.915896 52.408786,4.915957 52.408725,4.916078 52.408706,4.916132 52.408671,4.916157 52.408617,4.916134 52.408563,4.915938 52.408405,4.916147 52.408311,4.916226 52.408291,4.916275 52.408323,4.916307 52.408397,4.916385 52.408449,4.916474 52.408463,4.916562 52.408449,4.916723 52.408352,4.916748 52.408299,4.916713 52.408234,4.916563 52.408143,4.916729 52.408118,4.916855 52.408024,4.91691 52.40805,4.916933 52.408148,4.917013 52.408201,4.917101 52.408216,4.91719 52.408202,4.917329 52.40814,4.917389 52.40808,4.917437 52.408073,4.917507 52.408031,4.917532 52.407977))";"POLYGON((52.407977 4.917532,52.407923 4.917509,52.407845 4.917399,52.407788 4.917171,52.407799 4.917102,52.407598 4.916899,52.40756 4.916837,52.407545 4.916748,52.40755 4.916681,52.407647 4.916457,52.407686 4.916295,52.407754 4.916183,52.407772 4.91609,52.407811 4.916025,52.407873 4.915984,52.407884 4.915842,52.407923 4.915776,52.407985 4.915735,52.407996 4.915594,52.408035 4.915528,52.408097 4.915486,52.408108 4.915345,52.408147 4.91528,52.408244 4.915244,52.408284 4.915104,52.40836 4.915015,52.40834 4.914916,52.408354 4.914827,52.408393 4.914737,52.408426 4.914689,52.408479 4.914665,52.408534 4.914688,52.408804 4.915013,52.408833 4.915066,52.408848 4.915154,52.408811 4.915385,52.408778 4.915434,52.408722 4.915464,52.408667 4.915441,52.408628 4.91547,52.408568 4.915574,52.408558 4.915658,52.408658 4.915531,52.408711 4.915507,52.408766 4.91553,52.408815 4.915606,52.40883 4.915695,52.408816 4.915783,52.408786 4.915896,52.408725 4.915957,52.408706 4.916078,52.408671 4.916132,52.408617 4.916157,52.408563 4.916134,52.408405 4.915938,52.408311 4.916147,52.408291 4.916226,52.408323 4.916275,52.408397 4.916307,52.408449 4.916385,52.408463 4.916474,52.408449 4.916562,52.408352 4.916723,52.408299 4.916748,52.408234 4.916713,52.408143 4.916563,52.408118 4.916729,52.408024 4.916855,52.40805 4.91691,52.408148 4.916933,52.408201 4.917013,52.408216 4.917101,52.408202 4.91719,52.40814 4.917329,52.40808 4.917389,52.408073 4.917437,52.408031 4.917507,52.407977 4.917532))";4.9161035;52.4081895;
95;"WARMTE WIJK";"IN BEDRIJF";"POLYGON((4.824659 52.354581,4.824636 52.354527,4.824499 52.354446,4.824411 52.354431,4.824278 52.354443,4.824238 52.354418,4.824144 52.354402,4.824095 52.35441,4.824046 52.354379,4.823933 52.354359,4.823883 52.354367,4.823867 52.354286,4.823769 52.354236,4.822819 52.354068,4.822678 52.354077,4.822613 52.354116,4.82234 52.354625,4.822355 52.354712,4.822419 52.354752,4.822593 52.354765,4.822681 52.354751,4.822746 52.354712,4.822805 52.354594,4.82279 52.354558,4.822817 52.354542,4.822909 52.354362,4.823069 52.354372,4.823124 52.354407,4.823323 52.354444,4.823411 52.35443,4.823466 52.354456,4.823447 52.354509,4.82347 52.354563,4.823534 52.354602,4.823718 52.35464,4.823822 52.354635,4.824139 52.354697,4.824099 52.354774,4.824022 52.354795,4.82384 52.354764,4.823648 52.354797,4.823583 52.354836,4.823565 52.354914,4.823529 52.354936,4.823392 52.355199,4.823415 52.355253,4.823474 52.35529,4.823455 52.355377,4.82335 52.355567,4.823335 52.35563,4.823166 52.355644,4.82313 52.355665,4.82292 52.355663,4.822829 52.355677,4.822764 52.355716,4.82274 52.35577,4.822789 52.35588,4.822853 52.35592,4.822942 52.355935,4.823261 52.355938,4.823355 52.355924,4.823399 52.355897,4.823746 52.355904,4.82384 52.35589,4.823906 52.355851,4.823956 52.355747,4.823933 52.355693,4.823867 52.35565,4.823737 52.355634,4.823815 52.355593,4.823963 52.3553,4.82394 52.355246,4.823894 52.35521,4.823881 52.355154,4.823953 52.355018,4.824107 52.355036,4.824295 52.355022,4.824371 52.354969,4.824416 52.354961,4.824481 52.354922,4.824659 52.354581))";"POLYGON((52.354581 4.824659,52.354527 4.824636,52.354446 4.824499,52.354431 4.824411,52.354443 4.824278,52.354418 4.824238,52.354402 4.824144,52.35441 4.824095,52.354379 4.824046,52.354359 4.823933,52.354367 4.823883,52.354286 4.823867,52.354236 4.823769,52.354068 4.822819,52.354077 4.822678,52.354116 4.822613,52.354625 4.82234,52.354712 4.822355,52.354752 4.822419,52.354765 4.822593,52.354751 4.822681,52.354712 4.822746,52.354594 4.822805,52.354558 4.82279,52.354542 4.822817,52.354362 4.822909,52.354372 4.823069,52.354407 4.823124,52.354444 4.823323,52.35443 4.823411,52.354456 4.823466,52.354509 4.823447,52.354563 4.82347,52.354602 4.823534,52.35464 4.823718,52.354635 4.823822,52.354697 4.824139,52.354774 4.824099,52.354795 4.824022,52.354764 4.82384,52.354797 4.823648,52.354836 4.823583,52.354914 4.823565,52.354936 4.823529,52.355199 4.823392,52.355253 4.823415,52.35529 4.823474,52.355377 4.823455,52.355567 4.82335,52.35563 4.823335,52.355644 4.823166,52.355665 4.82313,52.355663 4.82292,52.355677 4.822829,52.355716 4.822764,52.35577 4.82274,52.35588 4.822789,52.35592 4.822853,52.355935 4.822942,52.355938 4.823261,52.355924 4.823355,52.355897 4.823399,52.355904 4.823746,52.35589 4.82384,52.355851 4.823906,52.355747 4.823956,52.355693 4.823933,52.35565 4.823867,52.355634 4.823737,52.355593 4.823815,52.3553 4.823963,52.355246 4.82394,52.35521 4.823894,52.355154 4.823881,52.355018 4.823953,52.355036 4.824107,52.355022 4.824295,52.354969 4.824371,52.354961 4.824416,52.354922 4.824481,52.354581 4.824659))";4.8235045;52.354996;
96;"WARMTE WIJK";"IN BEDRIJF";"POLYGON((4.891757 52.389997,4.891734 52.389943,4.89167 52.389903,4.891503 52.389875,4.891415 52.389889,4.89135 52.389929,4.891231 52.390197,4.891131 52.390242,4.891104 52.3903,4.891128 52.390354,4.891192 52.390394,4.891324 52.39042,4.891356 52.390471,4.891321 52.390492,4.891296 52.390546,4.891308 52.390631,4.891242 52.39067,4.891218 52.390724,4.891239 52.390783,4.891174 52.390928,4.891113 52.390965,4.891089 52.391019,4.891108 52.391073,4.891092 52.391108,4.891035 52.391143,4.89101 52.391197,4.891029 52.391248,4.890888 52.391235,4.8908 52.391249,4.890734 52.391289,4.89072 52.391322,4.890616 52.391367,4.89013 52.392437,4.890147 52.392519,4.890211 52.392559,4.890301 52.392578,4.89022 52.392775,4.890266 52.392844,4.890215 52.392995,4.890238 52.393049,4.890302 52.393089,4.890364 52.393103,4.8905 52.393093,4.890565 52.393054,4.891025 52.392012,4.891033 52.391959,4.89101 52.391905,4.890945 52.391866,4.890836 52.391847,4.890764 52.391859,4.890898 52.391559,4.891112 52.391591,4.891201 52.391577,4.891266 52.391538,4.891742 52.390501,4.891725 52.390418,4.891637 52.390269,4.891757 52.389997))";"POLYGON((52.389997 4.891757,52.389943 4.891734,52.389903 4.89167,52.389875 4.891503,52.389889 4.891415,52.389929 4.89135,52.390197 4.891231,52.390242 4.891131,52.3903 4.891104,52.390354 4.891128,52.390394 4.891192,52.39042 4.891324,52.390471 4.891356,52.390492 4.891321,52.390546 4.891296,52.390631 4.891308,52.39067 4.891242,52.390724 4.891218,52.390783 4.891239,52.390928 4.891174,52.390965 4.891113,52.391019 4.891089,52.391073 4.891108,52.391108 4.891092,52.391143 4.891035,52.391197 4.89101,52.391248 4.891029,52.391235 4.890888,52.391249 4.8908,52.391289 4.890734,52.391322 4.89072,52.391367 4.890616,52.392437 4.89013,52.392519 4.890147,52.392559 4.890211,52.392578 4.890301,52.392775 4.89022,52.392844 4.890266,52.392995 4.890215,52.393049 4.890238,52.393089 4.890302,52.393103 4.890364,52.393093 4.8905,52.393054 4.890565,52.392012 4.891025,52.391959 4.891033,52.391905 4.89101,52.391866 4.890945,52.391847 4.890836,52.391859 4.890764,52.391559 4.890898,52.391591 4.891112,52.391577 4.891201,52.391538 4.891266,52.390501 4.891742,52.390418 4.891725,52.390269 4.891637,52.389997 4.891757))";4.8909485;52.391482;
97;"WARMTE WIJK";"IN BEDRIJF";"POLYGON((4.8074 52.379785,4.807377 52.379731,4.807286 52.379681,4.807136 52.379646,4.807029 52.379658,4.807007 52.379578,4.806958 52.379507,4.806894 52.379467,4.806691 52.379448,4.806594 52.379462,4.806529 52.379501,4.806505 52.379551,4.806495 52.379667,4.806505 52.379454,4.806482 52.379398,4.806418 52.379358,4.806333 52.379343,4.805725 52.379333,4.805633 52.379347,4.805568 52.379386,4.805544 52.379438,4.805532 52.379661,4.805476 52.379739,4.805499 52.3798,4.805563 52.37984,4.805648 52.379854,4.805797 52.379841,4.805862 52.379802,4.805887 52.379751,4.805897 52.379555,4.806067 52.379558,4.806081 52.379623,4.805987 52.37968,4.805962 52.379734,4.805985 52.379788,4.806042 52.379824,4.806026 52.379934,4.806041 52.379973,4.806009 52.379972,4.805945 52.379933,4.805861 52.379918,4.804435 52.379894,4.804438 52.379828,4.804493 52.379784,4.804512 52.37974,4.804524 52.379472,4.804495 52.379391,4.804431 52.379351,4.804343 52.379336,4.804249 52.37935,4.804183 52.379389,4.804159 52.379441,4.804133 52.379704,4.804081 52.379787,4.804074 52.380004,4.804136 52.380076,4.804262 52.38012,4.805675 52.380142,4.805856 52.38019,4.806297 52.380197,4.806388 52.380183,4.806453 52.380144,4.806479 52.380058,4.806634 52.380062,4.806729 52.380048,4.806794 52.380009,4.806834 52.379878,4.806908 52.379912,4.806992 52.379927,4.807087 52.379917,4.80718 52.379935,4.807275 52.379921,4.807347 52.379873,4.8074 52.379785))";"POLYGON((52.379785 4.8074,52.379731 4.807377,52.379681 4.807286,52.379646 4.807136,52.379658 4.807029,52.379578 4.807007,52.379507 4.806958,52.379467 4.806894,52.379448 4.806691,52.379462 4.806594,52.379501 4.806529,52.379551 4.806505,52.379667 4.806495,52.379454 4.806505,52.379398 4.806482,52.379358 4.806418,52.379343 4.806333,52.379333 4.805725,52.379347 4.805633,52.379386 4.805568,52.379438 4.805544,52.379661 4.805532,52.379739 4.805476,52.3798 4.805499,52.37984 4.805563,52.379854 4.805648,52.379841 4.805797,52.379802 4.805862,52.379751 4.805887,52.379555 4.805897,52.379558 4.806067,52.379623 4.806081,52.37968 4.805987,52.379734 4.805962,52.379788 4.805985,52.379824 4.806042,52.379934 4.806026,52.379973 4.806041,52.379972 4.806009,52.379933 4.805945,52.379918 4.805861,52.379894 4.804435,52.379828 4.804438,52.379784 4.804493,52.37974 4.804512,52.379472 4.804524,52.379391 4.804495,52.379351 4.804431,52.379336 4.804343,52.37935 4.804249,52.379389 4.804183,52.379441 4.804159,52.379704 4.804133,52.379787 4.804081,52.380004 4.804074,52.380076 4.804136,52.38012 4.804262,52.380142 4.805675,52.38019 4.805856,52.380197 4.806297,52.380183 4.806388,52.380144 4.806453,52.380058 4.806479,52.380062 4.806634,52.380048 4.806729,52.380009 4.806794,52.379878 4.806834,52.379912 4.806908,52.379927 4.806992,52.379917 4.807087,52.379935 4.80718,52.379921 4.807275,52.379873 4.807347,52.379785 4.8074))";4.805742;52.379758;
98;"WARMTE WIJK";"IN BEDRIJF";"POLYGON((4.921104 52.338585,4.921081 52.338531,4.920982 52.33848,4.920908 52.33847,4.920819 52.338484,4.920754 52.338523,4.920714 52.338521,4.920719 52.338499,4.920881 52.338398,4.920905 52.338344,4.920874 52.33828,4.92081 52.33824,4.920722 52.338226,4.920637 52.338239,4.920378 52.338324,4.920309 52.338365,4.920295 52.338397,4.92003 52.338473,4.919947 52.338531,4.919831 52.338538,4.919736 52.338585,4.919225 52.338748,4.919008 52.338859,4.91882 52.33888,4.918783 52.338901,4.918604 52.338942,4.918218 52.33907,4.918083 52.339131,4.918019 52.339141,4.917937 52.33919,4.917835 52.339209,4.917726 52.339275,4.917702 52.339329,4.917752 52.339426,4.917818 52.339468,4.917907 52.339483,4.917992 52.33947,4.918102 52.339423,4.918298 52.339375,4.918482 52.33929,4.918878 52.339159,4.918981 52.339149,4.919388 52.338991,4.919492 52.338981,4.920045 52.338799,4.920144 52.338752,4.920376 52.338689,4.920453 52.338705,4.92049 52.338724,4.920493 52.338746,4.920362 52.338913,4.920342 52.338979,4.920251 52.338996,4.919853 52.339139,4.919644 52.339196,4.919572 52.339238,4.919548 52.339292,4.91956 52.339322,4.919515 52.339388,4.919542 52.339479,4.919609 52.339522,4.919698 52.339536,4.919783 52.339523,4.919901 52.339485,4.919971 52.339445,4.91999 52.339403,4.920493 52.339237,4.920752 52.339117,4.920778 52.339034,4.921104 52.338585))";"POLYGON((52.338585 4.921104,52.338531 4.921081,52.33848 4.920982,52.33847 4.920908,52.338484 4.920819,52.338523 4.920754,52.338521 4.920714,52.338499 4.920719,52.338398 4.920881,52.338344 4.920905,52.33828 4.920874,52.33824 4.92081,52.338226 4.920722,52.338239 4.920637,52.338324 4.920378,52.338365 4.920309,52.338397 4.920295,52.338473 4.92003,52.338531 4.919947,52.338538 4.919831,52.338585 4.919736,52.338748 4.919225,52.338859 4.919008,52.33888 4.91882,52.338901 4.918783,52.338942 4.918604,52.33907 4.918218,52.339131 4.918083,52.339141 4.918019,52.33919 4.917937,52.339209 4.917835,52.339275 4.917726,52.339329 4.917702,52.339426 4.917752,52.339468 4.917818,52.339483 4.917907,52.33947 4.917992,52.339423 4.918102,52.339375 4.918298,52.33929 4.918482,52.339159 4.918878,52.339149 4.918981,52.338991 4.919388,52.338981 4.919492,52.338799 4.920045,52.338752 4.920144,52.338689 4.920376,52.338705 4.920453,52.338724 4.92049,52.338746 4.920493,52.338913 4.920362,52.338979 4.920342,52.338996 4.920251,52.339139 4.919853,52.339196 4.919644,52.339238 4.919572,52.339292 4.919548,52.339322 4.91956,52.339388 4.919515,52.339479 4.919542,52.339522 4.919609,52.339536 4.919698,52.339523 4.919783,52.339485 4.919901,52.339445 4.919971,52.339403 4.91999,52.339237 4.920493,52.339117 4.920752,52.339034 4.920778,52.338585 4.921104))";4.919408;52.338874;
99;"WARMTE WIJK";"IN BEDRIJF";"POLYGON((4.837057 52.369364,4.837028 52.369279,4.836965 52.369187,4.83696 52.369101,4.836924 52.369053,4.83692 52.368994,4.836865 52.368942,4.83685 52.368815,4.836771 52.368686,4.836773 52.368615,4.836755 52.368586,4.836648 52.368533,4.836688 52.368509,4.836709 52.368435,4.836686 52.36839,4.836638 52.368357,4.836654 52.368294,4.836601 52.368227,4.836619 52.368187,4.836581 52.368114,4.836599 52.368073,4.836573 52.368008,4.836509 52.367968,4.836421 52.367953,4.836374 52.36796,4.836225 52.36794,4.836131 52.367955,4.836066 52.367994,4.836048 52.36808,4.835816 52.368105,4.835751 52.368144,4.835739 52.36817,4.835693 52.368177,4.835627 52.368216,4.835603 52.368269,4.83562 52.368336,4.835597 52.368398,4.835639 52.368528,4.835703 52.368568,4.835781 52.368581,4.835744 52.368603,4.83569 52.368733,4.835871 52.369197,4.835936 52.369237,4.836024 52.369252,4.836118 52.369237,4.8362 52.369187,4.836219 52.369107,4.836083 52.368753,4.836188 52.36873,4.836242 52.368764,4.83647 52.369356,4.836088 52.369416,4.836023 52.369455,4.835983 52.369522,4.835958 52.369575,4.835983 52.369633,4.836079 52.36969,4.836167 52.369705,4.836816 52.36961,4.836882 52.369571,4.836906 52.369517,4.836896 52.369477,4.837033 52.369417,4.837057 52.369364))";"POLYGON((52.369364 4.837057,52.369279 4.837028,52.369187 4.836965,52.369101 4.83696,52.369053 4.836924,52.368994 4.83692,52.368942 4.836865,52.368815 4.83685,52.368686 4.836771,52.368615 4.836773,52.368586 4.836755,52.368533 4.836648,52.368509 4.836688,52.368435 4.836709,52.36839 4.836686,52.368357 4.836638,52.368294 4.836654,52.368227 4.836601,52.368187 4.836619,52.368114 4.836581,52.368073 4.836599,52.368008 4.836573,52.367968 4.836509,52.367953 4.836421,52.36796 4.836374,52.36794 4.836225,52.367955 4.836131,52.367994 4.836066,52.36808 4.836048,52.368105 4.835816,52.368144 4.835751,52.36817 4.835739,52.368177 4.835693,52.368216 4.835627,52.368269 4.835603,52.368336 4.83562,52.368398 4.835597,52.368528 4.835639,52.368568 4.835703,52.368581 4.835781,52.368603 4.835744,52.368733 4.83569,52.369197 4.835871,52.369237 4.835936,52.369252 4.836024,52.369237 4.836118,52.369187 4.8362,52.369107 4.836219,52.368753 4.836083,52.36873 4.836188,52.368764 4.836242,52.369356 4.83647,52.369416 4.836088,52.369455 4.836023,52.369522 4.835983,52.369575 4.835958,52.369633 4.835983,52.36969 4.836079,52.369705 4.836167,52.36961 4.836816,52.369571 4.836882,52.369517 4.836906,52.369477 4.836896,52.369417 4.837033,52.369364 4.837057))";4.836332;52.3688155;
100;"WARMTE WIJK";"IN BEDRIJF";"POLYGON((4.934745 52.332841,4.934722 52.332787,4.934658 52.332747,4.934571 52.332732,4.934037 52.332728,4.93392 52.332695,4.933767 52.33271,4.93372 52.332738,4.933719 52.332667,4.933752 52.332647,4.933776 52.332556,4.933752 52.332504,4.933716 52.332481,4.933711 52.332242,4.933773 52.332205,4.933823 52.332108,4.9338 52.33205,4.9337 52.332005,4.93362 52.331904,4.933556 52.331864,4.933396 52.33185,4.933217 52.331691,4.93329 52.331679,4.933355 52.33164,4.933425 52.331564,4.933448 52.331511,4.933425 52.331457,4.93336 52.331418,4.933213 52.331383,4.933125 52.331397,4.933089 52.331418,4.933064 52.33141,4.933675 52.330741,4.933831 52.330726,4.933896 52.330687,4.933922 52.33063,4.933899 52.330576,4.933835 52.330536,4.933582 52.330508,4.933493 52.330522,4.933428 52.330561,4.933133 52.330884,4.933063 52.330895,4.932998 52.330934,4.932945 52.331019,4.932966 52.331068,4.932654 52.331409,4.932631 52.331461,4.932654 52.331515,4.932689 52.331537,4.932678 52.331563,4.932708 52.331625,4.933194 52.332059,4.933251 52.332091,4.933339 52.332106,4.933358 52.332146,4.933362 52.332784,4.933295 52.332824,4.933271 52.332877,4.933274 52.333074,4.933297 52.333126,4.933437 52.333204,4.933525 52.333219,4.93364 52.333205,4.933705 52.333165,4.93373 52.333112,4.933691 52.33302,4.933873 52.333018,4.933959 52.333004,4.93405 52.332953,4.93456 52.332952,4.93465 52.332938,4.934715 52.332898,4.934745 52.332841))";"POLYGON((52.332841 4.934745,52.332787 4.934722,52.332747 4.934658,52.332732 4.934571,52.332728 4.934037,52.332695 4.93392,52.33271 4.933767,52.332738 4.93372,52.332667 4.933719,52.332647 4.933752,52.332556 4.933776,52.332504 4.933752,52.332481 4.933716,52.332242 4.933711,52.332205 4.933773,52.332108 4.933823,52.33205 4.9338,52.332005 4.9337,52.331904 4.93362,52.331864 4.933556,52.33185 4.933396,52.331691 4.933217,52.331679 4.93329,52.33164 4.933355,52.331564 4.933425,52.331511 4.933448,52.331457 4.933425,52.331418 4.93336,52.331383 4.933213,52.331397 4.933125,52.331418 4.933089,52.33141 4.933064,52.330741 4.933675,52.330726 4.933831,52.330687 4.933896,52.33063 4.933922,52.330576 4.933899,52.330536 4.933835,52.330508 4.933582,52.330522 4.933493,52.330561 4.933428,52.330884 4.933133,52.330895 4.933063,52.330934 4.932998,52.331019 4.932945,52.331068 4.932966,52.331409 4.932654,52.331461 4.932631,52.331515 4.932654,52.331537 4.932689,52.331563 4.932678,52.331625 4.932708,52.332059 4.933194,52.332091 4.933251,52.332106 4.933339,52.332146 4.933358,52.332784 4.933362,52.332824 4.933295,52.332877 4.933271,52.333074 4.933274,52.333126 4.933297,52.333204 4.933437,52.333219 4.933525,52.333205 4.93364,52.333165 4.933705,52.333112 4.93373,52.33302 4.933691,52.333018 4.933873,52.333004 4.933959,52.332953 4.93405,52.332952 4.93456,52.332938 4.93465,52.332898 4.934715,52.332841 4.934745))";4.933693;52.3318565;
101;"WARMTE WIJK";"IN BEDRIJF";"POLYGON((4.836661 52.361462,4.836646 52.361339,4.83663 52.361111,4.836659 52.360106,4.836636 52.360048,4.836567 52.360005,4.836479 52.35999,4.83639 52.360004,4.836325 52.359971,4.836237 52.359956,4.836142 52.35997,4.836077 52.360009,4.836052 52.360101,4.836074 52.360163,4.836168 52.360221,4.83629 52.360236,4.83627 52.361217,4.836299 52.361541,4.836168 52.361561,4.836072 52.361629,4.835409 52.361622,4.835337 52.361636,4.835229 52.361698,4.835205 52.361751,4.835221 52.362004,4.835198 52.362105,4.835236 52.362229,4.8353 52.362269,4.835387 52.362284,4.83563 52.362264,4.836017 52.362275,4.836102 52.362261,4.836144 52.362287,4.836237 52.362304,4.836325 52.36229,4.836379 52.362261,4.836458 52.362184,4.836482 52.362132,4.836489 52.361838,4.836522 52.361773,4.83663 52.36172,4.836655 52.36167,4.836661 52.361462))";"POLYGON((52.361462 4.836661,52.361339 4.836646,52.361111 4.83663,52.360106 4.836659,52.360048 4.836636,52.360005 4.836567,52.35999 4.836479,52.360004 4.83639,52.359971 4.836325,52.359956 4.836237,52.35997 4.836142,52.360009 4.836077,52.360101 4.836052,52.360163 4.836074,52.360221 4.836168,52.360236 4.83629,52.361217 4.83627,52.361541 4.836299,52.361561 4.836168,52.361629 4.836072,52.361622 4.835409,52.361636 4.835337,52.361698 4.835229,52.361751 4.835205,52.362004 4.835221,52.362105 4.835198,52.362229 4.835236,52.362269 4.8353,52.362284 4.835387,52.362264 4.83563,52.362275 4.836017,52.362261 4.836102,52.362287 4.836144,52.362304 4.836237,52.36229 4.836325,52.362261 4.836379,52.362184 4.836458,52.362132 4.836482,52.361838 4.836489,52.361773 4.836522,52.36172 4.83663,52.36167 4.836655,52.361462 4.836661))";4.8359345;52.361123;
102;"WARMTE WIJK";"IN BEDRIJF";"POLYGON((4.949857 52.317282,4.949834 52.317228,4.949686 52.317115,4.949289 52.316983,4.949273 52.316909,4.949209 52.316869,4.948972 52.316788,4.948887 52.316774,4.948808 52.316787,4.94744 52.316321,4.947239 52.316273,4.947173 52.31623,4.94626 52.315923,4.946172 52.315872,4.946004 52.315812,4.945919 52.315798,4.945792 52.31582,4.945696 52.31578,4.945607 52.315765,4.945513 52.31578,4.945438 52.31583,4.945384 52.315922,4.945407 52.315976,4.945471 52.316016,4.945555 52.316031,4.94573 52.316114,4.945821 52.31613,4.945914 52.316115,4.94598 52.316075,4.946013 52.316084,4.94636 52.316208,4.94634 52.316252,4.946364 52.316306,4.946428 52.316346,4.946511 52.316361,4.946565 52.316394,4.946623 52.316404,4.946687 52.316445,4.946827 52.316456,4.946933 52.316408,4.947256 52.31653,4.947317 52.31654,4.9473 52.31658,4.947323 52.316634,4.947387 52.316674,4.947471 52.316689,4.947524 52.316722,4.947582 52.316732,4.947647 52.316772,4.947787 52.316784,4.947897 52.316733,4.948278 52.316864,4.948258 52.316909,4.948281 52.316963,4.948345 52.317003,4.948429 52.317018,4.948482 52.317051,4.94854 52.317061,4.948605 52.317101,4.948695 52.317117,4.948788 52.317102,4.948883 52.317031,4.948954 52.317133,4.949018 52.317173,4.949098 52.317201,4.949206 52.317211,4.94922 52.317286,4.949284 52.317325,4.949368 52.31734,4.949543 52.31742,4.94964 52.317438,4.949729 52.317424,4.949832 52.317342,4.949857 52.317282))";"POLYGON((52.317282 4.949857,52.317228 4.949834,52.317115 4.949686,52.316983 4.949289,52.316909 4.949273,52.316869 4.949209,52.316788 4.948972,52.316774 4.948887,52.316787 4.948808,52.316321 4.94744,52.316273 4.947239,52.31623 4.947173,52.315923 4.94626,52.315872 4.946172,52.315812 4.946004,52.315798 4.945919,52.31582 4.945792,52.31578 4.945696,52.315765 4.945607,52.31578 4.945513,52.31583 4.945438,52.315922 4.945384,52.315976 4.945407,52.316016 4.945471,52.316031 4.945555,52.316114 4.94573,52.31613 4.945821,52.316115 4.945914,52.316075 4.94598,52.316084 4.946013,52.316208 4.94636,52.316252 4.94634,52.316306 4.946364,52.316346 4.946428,52.316361 4.946511,52.316394 4.946565,52.316404 4.946623,52.316445 4.946687,52.316456 4.946827,52.316408 4.946933,52.31653 4.947256,52.31654 4.947317,52.31658 4.9473,52.316634 4.947323,52.316674 4.947387,52.316689 4.947471,52.316722 4.947524,52.316732 4.947582,52.316772 4.947647,52.316784 4.947787,52.316733 4.947897,52.316864 4.948278,52.316909 4.948258,52.316963 4.948281,52.317003 4.948345,52.317018 4.948429,52.317051 4.948482,52.317061 4.94854,52.317101 4.948605,52.317117 4.948695,52.317102 4.948788,52.317031 4.948883,52.317133 4.948954,52.317173 4.949018,52.317201 4.949098,52.317211 4.949206,52.317286 4.94922,52.317325 4.949284,52.31734 4.949368,52.31742 4.949543,52.317438 4.94964,52.317424 4.949729,52.317342 4.949832,52.317282 4.949857))";4.9476255;52.3165945;
103;"WARMTE WIJK";"IN BEDRIJF";"POLYGON((4.983471 52.362116,4.983448 52.362062,4.983356 52.362003,4.983268 52.361988,4.98318 52.362002,4.983069 52.362085,4.982978 52.362107,4.982897 52.362177,4.982806 52.362199,4.982632 52.362292,4.98255 52.362362,4.98246 52.362384,4.982378 52.362454,4.982286 52.362476,4.982204 52.362547,4.982112 52.362569,4.982031 52.362639,4.98194 52.362661,4.981767 52.362753,4.981686 52.362824,4.981594 52.362846,4.981512 52.362916,4.981449 52.362926,4.981393 52.362957,4.981299 52.36294,4.981203 52.362953,4.980933 52.363105,4.980803 52.363138,4.980738 52.363177,4.980714 52.363231,4.980737 52.363285,4.980804 52.363328,4.980892 52.363343,4.981089 52.363303,4.981298 52.36339,4.981367 52.363435,4.981919 52.363652,4.982055 52.363724,4.98212 52.363738,4.9825 52.363891,4.982705 52.364006,4.982977 52.364074,4.983084 52.364055,4.983186 52.36398,4.983213 52.363923,4.98319 52.363869,4.983126 52.363829,4.983 52.363791,4.982935 52.363751,4.98283 52.363715,4.98271 52.363638,4.98253 52.363616,4.982466 52.363576,4.982338 52.363538,4.982273 52.363496,4.982165 52.36347,4.982098 52.363424,4.981536 52.363202,4.98341 52.362202,4.983447 52.362175,4.983471 52.362116))";"POLYGON((52.362116 4.983471,52.362062 4.983448,52.362003 4.983356,52.361988 4.983268,52.362002 4.98318,52.362085 4.983069,52.362107 4.982978,52.362177 4.982897,52.362199 4.982806,52.362292 4.982632,52.362362 4.98255,52.362384 4.98246,52.362454 4.982378,52.362476 4.982286,52.362547 4.982204,52.362569 4.982112,52.362639 4.982031,52.362661 4.98194,52.362753 4.981767,52.362824 4.981686,52.362846 4.981594,52.362916 4.981512,52.362926 4.981449,52.362957 4.981393,52.36294 4.981299,52.362953 4.981203,52.363105 4.980933,52.363138 4.980803,52.363177 4.980738,52.363231 4.980714,52.363285 4.980737,52.363328 4.980804,52.363343 4.980892,52.363303 4.981089,52.36339 4.981298,52.363435 4.981367,52.363652 4.981919,52.363724 4.982055,52.363738 4.98212,52.363891 4.9825,52.364006 4.982705,52.364074 4.982977,52.364055 4.983084,52.36398 4.983186,52.363923 4.983213,52.363869 4.98319,52.363829 4.983126,52.363791 4.983,52.363751 4.982935,52.363715 4.98283,52.363638 4.98271,52.363616 4.98253,52.363576 4.982466,52.363538 4.982338,52.363496 4.982273,52.36347 4.982165,52.363424 4.982098,52.363202 4.981536,52.362202 4.98341,52.362175 4.983447,52.362116 4.983471))";4.9820975;52.363024;
104;"WARMTE WIJK";"IN BEDRIJF";"POLYGON((4.838035 52.348262,4.838009 52.348122,4.837947 52.348083,4.837947 52.347988,4.837982 52.347767,4.838011 52.347749,4.838036 52.347695,4.838036 52.347646,4.837983 52.347526,4.837919 52.347486,4.837879 52.347419,4.837918 52.347391,4.837942 52.347337,4.83792 52.347257,4.837855 52.347217,4.837712 52.347205,4.837654 52.347218,4.837546 52.347278,4.837536 52.3473,4.837423 52.347324,4.837203 52.347323,4.837105 52.347337,4.83704 52.347376,4.837015 52.34743,4.837013 52.347565,4.836973 52.347607,4.836887 52.347596,4.83679 52.34761,4.836725 52.34765,4.8367 52.347703,4.836724 52.347819,4.836772 52.347849,4.836748 52.348252,4.836783 52.348334,4.836929 52.348416,4.837017 52.348431,4.83708 52.348424,4.837243 52.348463,4.837556 52.348455,4.837772 52.348469,4.837861 52.348455,4.837926 52.348416,4.838035 52.348262))";"POLYGON((52.348262 4.838035,52.348122 4.838009,52.348083 4.837947,52.347988 4.837947,52.347767 4.837982,52.347749 4.838011,52.347695 4.838036,52.347646 4.838036,52.347526 4.837983,52.347486 4.837919,52.347419 4.837879,52.347391 4.837918,52.347337 4.837942,52.347257 4.83792,52.347217 4.837855,52.347205 4.837712,52.347218 4.837654,52.347278 4.837546,52.3473 4.837536,52.347324 4.837423,52.347323 4.837203,52.347337 4.837105,52.347376 4.83704,52.34743 4.837015,52.347565 4.837013,52.347607 4.836973,52.347596 4.836887,52.34761 4.83679,52.34765 4.836725,52.347703 4.8367,52.347819 4.836724,52.347849 4.836772,52.348252 4.836748,52.348334 4.836783,52.348416 4.836929,52.348431 4.837017,52.348424 4.83708,52.348463 4.837243,52.348455 4.837556,52.348469 4.837772,52.348455 4.837861,52.348416 4.837926,52.348262 4.838035))";4.837373;52.34783;
105;"WARMTE WIJK";"IN BEDRIJF";"POLYGON((4.816236 52.38074,4.816125 52.380503,4.816149 52.380449,4.816133 52.380385,4.816078 52.380291,4.816025 52.380248,4.815959 52.380007,4.815895 52.379968,4.815807 52.379953,4.815687 52.379972,4.81562 52.380012,4.815595 52.380067,4.815658 52.380292,4.815621 52.380329,4.815609 52.380397,4.81566 52.380512,4.815754 52.380561,4.815785 52.380604,4.815799 52.380682,4.815308 52.380679,4.815236 52.380619,4.815157 52.380605,4.815139 52.38048,4.815049 52.380436,4.815065 52.380097,4.815044 52.380059,4.81496 52.380011,4.814871 52.380001,4.814786 52.380013,4.814707 52.38006,4.814682 52.380112,4.814663 52.380524,4.814701 52.380594,4.814224 52.380582,4.814126 52.380517,4.814037 52.380259,4.813969 52.380153,4.813873 52.380112,4.813802 52.380108,4.8137 52.380126,4.813635 52.380165,4.81361 52.380246,4.813683 52.380321,4.813837 52.380727,4.81391 52.380784,4.813926 52.380823,4.81399 52.380862,4.814074 52.380877,4.814956 52.38089,4.815045 52.380877,4.815129 52.380893,4.815992 52.380906,4.816083 52.380892,4.816148 52.380853,4.816212 52.380794,4.816236 52.38074))";"POLYGON((52.38074 4.816236,52.380503 4.816125,52.380449 4.816149,52.380385 4.816133,52.380291 4.816078,52.380248 4.816025,52.380007 4.815959,52.379968 4.815895,52.379953 4.815807,52.379972 4.815687,52.380012 4.81562,52.380067 4.815595,52.380292 4.815658,52.380329 4.815621,52.380397 4.815609,52.380512 4.81566,52.380561 4.815754,52.380604 4.815785,52.380682 4.815799,52.380679 4.815308,52.380619 4.815236,52.380605 4.815157,52.38048 4.815139,52.380436 4.815049,52.380097 4.815065,52.380059 4.815044,52.380011 4.81496,52.380001 4.814871,52.380013 4.814786,52.38006 4.814707,52.380112 4.814682,52.380524 4.814663,52.380594 4.814701,52.380582 4.814224,52.380517 4.814126,52.380259 4.814037,52.380153 4.813969,52.380112 4.813873,52.380108 4.813802,52.380126 4.8137,52.380165 4.813635,52.380246 4.81361,52.380321 4.813683,52.380727 4.813837,52.380784 4.81391,52.380823 4.813926,52.380862 4.81399,52.380877 4.814074,52.38089 4.814956,52.380877 4.815045,52.380893 4.815129,52.380906 4.815992,52.380892 4.816083,52.380853 4.816148,52.380794 4.816212,52.38074 4.816236))";4.814928;52.3804225;
106;"WARMTE WIJK";"IN BEDRIJF";"POLYGON((4.915564 52.390431,4.915508 52.390338,4.915441 52.390295,4.915353 52.390281,4.915264 52.390295,4.915203 52.390329,4.915097 52.390355,4.914609 52.390587,4.914288 52.390698,4.91423 52.390735,4.914206 52.390789,4.914097 52.390801,4.914025 52.39084,4.913766 52.390916,4.913615 52.390984,4.913406 52.391041,4.913329 52.391084,4.913227 52.391096,4.913075 52.391169,4.912957 52.39119,4.912866 52.391174,4.912777 52.391188,4.912638 52.391229,4.912518 52.3913,4.912327 52.391205,4.91193 52.391108,4.911841 52.391122,4.911762 52.39117,4.911737 52.391223,4.911761 52.391277,4.912129 52.391517,4.912216 52.391532,4.912257 52.391588,4.912412 52.391669,4.912501 52.391684,4.912681 52.391666,4.912936 52.391519,4.912951 52.391442,4.912995 52.391435,4.913029 52.391455,4.913117 52.39147,4.913226 52.391452,4.91425 52.391068,4.914356 52.391077,4.914519 52.391034,4.914577 52.390997,4.914598 52.390934,4.915124 52.390729,4.915182 52.390692,4.915205 52.390628,4.915481 52.390521,4.915539 52.390484,4.915564 52.390431))";"POLYGON((52.390431 4.915564,52.390338 4.915508,52.390295 4.915441,52.390281 4.915353,52.390295 4.915264,52.390329 4.915203,52.390355 4.915097,52.390587 4.914609,52.390698 4.914288,52.390735 4.91423,52.390789 4.914206,52.390801 4.914097,52.39084 4.914025,52.390916 4.913766,52.390984 4.913615,52.391041 4.913406,52.391084 4.913329,52.391096 4.913227,52.391169 4.913075,52.39119 4.912957,52.391174 4.912866,52.391188 4.912777,52.391229 4.912638,52.3913 4.912518,52.391205 4.912327,52.391108 4.91193,52.391122 4.911841,52.39117 4.911762,52.391223 4.911737,52.391277 4.911761,52.391517 4.912129,52.391532 4.912216,52.391588 4.912257,52.391669 4.912412,52.391684 4.912501,52.391666 4.912681,52.391519 4.912936,52.391442 4.912951,52.391435 4.912995,52.391455 4.913029,52.39147 4.913117,52.391452 4.913226,52.391068 4.91425,52.391077 4.914356,52.391034 4.914519,52.390997 4.914577,52.390934 4.914598,52.390729 4.915124,52.390692 4.915182,52.390628 4.915205,52.390521 4.915481,52.390484 4.915539,52.390431 4.915564))";4.9136555;52.3909755;
107;"WARMTE WIJK";"IN BEDRIJF";"POLYGON((4.956102 52.308583,4.956079 52.308529,4.955956 52.30846,4.955868 52.308445,4.95578 52.308459,4.955363 52.308759,4.955295 52.30877,4.955246 52.308795,4.955149 52.308869,4.955129 52.308933,4.954802 52.309178,4.954744 52.309187,4.954663 52.309235,4.954623 52.309303,4.954275 52.309571,4.953987 52.309838,4.953887 52.309878,4.953837 52.309977,4.953574 52.310222,4.953471 52.310243,4.953333 52.31035,4.953304 52.310408,4.953312 52.310465,4.953029 52.310728,4.953 52.310786,4.953023 52.310841,4.953087 52.31088,4.95318 52.310897,4.953373 52.310858,4.953438 52.310819,4.953458 52.310779,4.953605 52.310662,4.953632 52.310606,4.95362 52.310578,4.95369 52.310565,4.953766 52.310515,4.953872 52.310502,4.953937 52.310463,4.953964 52.310406,4.95392 52.310338,4.954001 52.310296,4.95402 52.310257,4.954085 52.310218,4.954113 52.310161,4.9541 52.310132,4.954169 52.31012,4.954319 52.310002,4.954346 52.309946,4.954333 52.309916,4.954403 52.309904,4.954552 52.309787,4.95458 52.30973,4.954566 52.309699,4.95459 52.309681,4.954685 52.309668,4.95475 52.309629,4.954766 52.309599,4.954848 52.309557,4.954868 52.309483,4.954954 52.309469,4.955019 52.30943,4.955036 52.309398,4.955115 52.309357,4.955135 52.309282,4.955221 52.309268,4.955385 52.30916,4.955405 52.309096,4.955513 52.309061,4.955612 52.308989,4.955655 52.308954,4.955671 52.308882,4.955758 52.308868,4.955823 52.308829,4.955838 52.308799,4.95592 52.308757,4.955943 52.30869,4.956009 52.308679,4.956074 52.30864,4.956102 52.308583))";"POLYGON((52.308583 4.956102,52.308529 4.956079,52.30846 4.955956,52.308445 4.955868,52.308459 4.95578,52.308759 4.955363,52.30877 4.955295,52.308795 4.955246,52.308869 4.955149,52.308933 4.955129,52.309178 4.954802,52.309187 4.954744,52.309235 4.954663,52.309303 4.954623,52.309571 4.954275,52.309838 4.953987,52.309878 4.953887,52.309977 4.953837,52.310222 4.953574,52.310243 4.953471,52.31035 4.953333,52.310408 4.953304,52.310465 4.953312,52.310728 4.953029,52.310786 4.953,52.310841 4.953023,52.31088 4.953087,52.310897 4.95318,52.310858 4.953373,52.310819 4.953438,52.310779 4.953458,52.310662 4.953605,52.310606 4.953632,52.310578 4.95362,52.310565 4.95369,52.310515 4.953766,52.310502 4.953872,52.310463 4.953937,52.310406 4.953964,52.310338 4.95392,52.310296 4.954001,52.310257 4.95402,52.310218 4.954085,52.310161 4.954113,52.310132 4.9541,52.31012 4.954169,52.310002 4.954319,52.309946 4.954346,52.309916 4.954333,52.309904 4.954403,52.309787 4.954552,52.30973 4.95458,52.309699 4.954566,52.309681 4.95459,52.309668 4.954685,52.309629 4.95475,52.309599 4.954766,52.309557 4.954848,52.309483 4.954868,52.309469 4.954954,52.30943 4.955019,52.309398 4.955036,52.309357 4.955115,52.309282 4.955135,52.309268 4.955221,52.30916 4.955385,52.309096 4.955405,52.309061 4.955513,52.308989 4.955612,52.308954 4.955655,52.308882 4.955671,52.308868 4.955758,52.308829 4.955823,52.308799 4.955838,52.308757 4.95592,52.30869 4.955943,52.308679 4.956009,52.30864 4.956074,52.308583 4.956102))";4.954556;52.309664;
108;"WARMTE WIJK";"IN BEDRIJF";"POLYGON((4.868744 52.302866,4.868664 52.302742,4.868659 52.302679,4.868562 52.302541,4.868497 52.302501,4.868409 52.302486,4.868321 52.302501,4.868251 52.302541,4.868227 52.302595,4.868258 52.302662,4.868055 52.302715,4.868011 52.302653,4.867946 52.302613,4.867858 52.302599,4.86777 52.302613,4.867691 52.302672,4.86763 52.302662,4.867542 52.302676,4.867472 52.302717,4.867447 52.30277,4.867496 52.302862,4.867302 52.302912,4.867271 52.30287,4.867207 52.30283,4.867119 52.302815,4.86703 52.302829,4.86696 52.30287,4.866936 52.302924,4.866967 52.302991,4.866952 52.303001,4.866776 52.30305,4.866743 52.303004,4.866679 52.302965,4.866591 52.30295,4.866502 52.302964,4.866432 52.303004,4.866408 52.303058,4.866422 52.303102,4.866241 52.302846,4.866177 52.302807,4.866089 52.302792,4.865986 52.302809,4.865952 52.302762,4.865888 52.302722,4.8658 52.302707,4.865702 52.302723,4.865616 52.302708,4.865546 52.302717,4.865417 52.302774,4.865393 52.302827,4.865416 52.302881,4.865482 52.302924,4.865639 52.302968,4.865703 52.30296,4.865737 52.303008,4.865801 52.303048,4.865889 52.303063,4.865992 52.303046,4.866168 52.303297,4.866232 52.303337,4.866468 52.30336,4.866819 52.303278,4.866859 52.303332,4.866987 52.303414,4.867075 52.303429,4.867163 52.303415,4.867233 52.303375,4.867257 52.303321,4.867184 52.303205,4.867244 52.303192,4.867344 52.30314,4.867586 52.303077,4.867625 52.303134,4.867689 52.303174,4.867889 52.30321,4.867977 52.303195,4.868047 52.303155,4.868072 52.303101,4.868057 52.303057,4.86799 52.302985,4.868032 52.30296,4.868364 52.302873,4.868399 52.302923,4.868463 52.302962,4.868551 52.302977,4.86862 52.302969,4.868719 52.30292,4.868744 52.302866))";"POLYGON((52.302866 4.868744,52.302742 4.868664,52.302679 4.868659,52.302541 4.868562,52.302501 4.868497,52.302486 4.868409,52.302501 4.868321,52.302541 4.868251,52.302595 4.868227,52.302662 4.868258,52.302715 4.868055,52.302653 4.868011,52.302613 4.867946,52.302599 4.867858,52.302613 4.86777,52.302672 4.867691,52.302662 4.86763,52.302676 4.867542,52.302717 4.867472,52.30277 4.867447,52.302862 4.867496,52.302912 4.867302,52.30287 4.867271,52.30283 4.867207,52.302815 4.867119,52.302829 4.86703,52.30287 4.86696,52.302924 4.866936,52.302991 4.866967,52.303001 4.866952,52.30305 4.866776,52.303004 4.866743,52.302965 4.866679,52.30295 4.866591,52.302964 4.866502,52.303004 4.866432,52.303058 4.866408,52.303102 4.866422,52.302846 4.866241,52.302807 4.866177,52.302792 4.866089,52.302809 4.865986,52.302762 4.865952,52.302722 4.865888,52.302707 4.8658,52.302723 4.865702,52.302708 4.865616,52.302717 4.865546,52.302774 4.865417,52.302827 4.865393,52.302881 4.865416,52.302924 4.865482,52.302968 4.865639,52.30296 4.865703,52.303008 4.865737,52.303048 4.865801,52.303063 4.865889,52.303046 4.865992,52.303297 4.866168,52.303337 4.866232,52.30336 4.866468,52.303278 4.866819,52.303332 4.866859,52.303414 4.866987,52.303429 4.867075,52.303415 4.867163,52.303375 4.867233,52.303321 4.867257,52.303205 4.867184,52.303192 4.867244,52.30314 4.867344,52.303077 4.867586,52.303134 4.867625,52.303174 4.867689,52.30321 4.867889,52.303195 4.867977,52.303155 4.868047,52.303101 4.868072,52.303057 4.868057,52.302985 4.86799,52.30296 4.868032,52.302873 4.868364,52.302923 4.868399,52.302962 4.868463,52.302977 4.868551,52.302969 4.86862,52.30292 4.868719,52.302866 4.868744))";4.8670735;52.3029505;
109;"WARMTE WIJK";"IN BEDRIJF";"POLYGON((4.976712 52.32321,4.976689 52.323156,4.976624 52.323116,4.975614 52.322769,4.97579 52.322576,4.97581 52.32253,4.975925 52.322503,4.97599 52.322464,4.976017 52.322407,4.975994 52.322353,4.97593 52.322313,4.975764 52.322271,4.975682 52.322284,4.975534 52.322206,4.975365 52.322164,4.975277 52.322178,4.975212 52.322217,4.975185 52.322274,4.975206 52.322323,4.975127 52.322335,4.975038 52.3224,4.974961 52.322388,4.974872 52.322402,4.974807 52.322441,4.974762 52.322551,4.974785 52.322605,4.974828 52.322631,4.974763 52.322702,4.97468 52.322857,4.974703 52.322911,4.974768 52.322951,4.976209 52.323445,4.976294 52.323459,4.976383 52.323445,4.976478 52.323372,4.976557 52.32336,4.976672 52.323281,4.976712 52.32321))";"POLYGON((52.32321 4.976712,52.323156 4.976689,52.323116 4.976624,52.322769 4.975614,52.322576 4.97579,52.32253 4.97581,52.322503 4.975925,52.322464 4.97599,52.322407 4.976017,52.322353 4.975994,52.322313 4.97593,52.322271 4.975764,52.322284 4.975682,52.322206 4.975534,52.322164 4.975365,52.322178 4.975277,52.322217 4.975212,52.322274 4.975185,52.322323 4.975206,52.322335 4.975127,52.3224 4.975038,52.322388 4.974961,52.322402 4.974872,52.322441 4.974807,52.322551 4.974762,52.322605 4.974785,52.322631 4.974828,52.322702 4.974763,52.322857 4.97468,52.322911 4.974703,52.322951 4.974768,52.323445 4.976209,52.323459 4.976294,52.323445 4.976383,52.323372 4.976478,52.32336 4.976557,52.323281 4.976672,52.32321 4.976712))";4.975701;52.3228045;
110;"WARMTE WIJK";"IN BEDRIJF";"POLYGON((4.933167 52.399359,4.933144 52.399305,4.933011 52.399226,4.932923 52.399211,4.932835 52.399226,4.932764 52.399267,4.93274 52.399321,4.932759 52.399367,4.932616 52.399499,4.932582 52.399515,4.932484 52.399495,4.932337 52.399529,4.930401 52.398018,4.930351 52.397992,4.930263 52.397977,4.930174 52.397991,4.929971 52.398094,4.929947 52.398148,4.92997 52.398202,4.930041 52.398247,4.930129 52.398262,4.93023 52.398243,4.931096 52.398918,4.93099 52.398965,4.930966 52.399019,4.930989 52.399073,4.93104 52.399115,4.93109 52.399141,4.931178 52.399156,4.931267 52.399142,4.93134 52.399108,4.931784 52.399456,4.931749 52.399481,4.931725 52.399535,4.931748 52.399589,4.931818 52.399633,4.931907 52.399648,4.931995 52.399634,4.932048 52.399661,4.931999 52.399694,4.931982 52.399731,4.931911 52.399775,4.931887 52.399829,4.931986 52.399978,4.932053 52.40002,4.932141 52.400035,4.932252 52.400012,4.932328 52.399966,4.932352 52.399912,4.932319 52.399849,4.93248 52.399765,4.932558 52.399778,4.932647 52.399764,4.932863 52.39966,4.933138 52.399418,4.933167 52.399359))";"POLYGON((52.399359 4.933167,52.399305 4.933144,52.399226 4.933011,52.399211 4.932923,52.399226 4.932835,52.399267 4.932764,52.399321 4.93274,52.399367 4.932759,52.399499 4.932616,52.399515 4.932582,52.399495 4.932484,52.399529 4.932337,52.398018 4.930401,52.397992 4.930351,52.397977 4.930263,52.397991 4.930174,52.398094 4.929971,52.398148 4.929947,52.398202 4.92997,52.398247 4.930041,52.398262 4.930129,52.398243 4.93023,52.398918 4.931096,52.398965 4.93099,52.399019 4.930966,52.399073 4.930989,52.399115 4.93104,52.399141 4.93109,52.399156 4.931178,52.399142 4.931267,52.399108 4.93134,52.399456 4.931784,52.399481 4.931749,52.399535 4.931725,52.399589 4.931748,52.399633 4.931818,52.399648 4.931907,52.399634 4.931995,52.399661 4.932048,52.399694 4.931999,52.399731 4.931982,52.399775 4.931911,52.399829 4.931887,52.399978 4.931986,52.40002 4.932053,52.400035 4.932141,52.400012 4.932252,52.399966 4.932328,52.399912 4.932352,52.399849 4.932319,52.399765 4.93248,52.399778 4.932558,52.399764 4.932647,52.39966 4.932863,52.399418 4.933138,52.399359 4.933167))";4.931562;52.398999;
111;"WARMTE WIJK";"IN BEDRIJF";"POLYGON((4.917965 52.40654,4.917938 52.406477,4.917799 52.406363,4.917708 52.40633,4.917595 52.406328,4.917525 52.406284,4.917468 52.406222,4.917498 52.406155,4.91748 52.406104,4.917333 52.405978,4.917197 52.405934,4.916973 52.40596,4.91645 52.406196,4.916405 52.406237,4.91639 52.406281,4.916429 52.406351,4.916493 52.406388,4.916571 52.406402,4.916558 52.406444,4.916583 52.406501,4.916832 52.406695,4.916848 52.406783,4.916966 52.406886,4.916866 52.406931,4.916765 52.406847,4.91678 52.406813,4.916746 52.406749,4.916685 52.406713,4.916597 52.406699,4.916508 52.406713,4.916387 52.406794,4.916363 52.406848,4.916386 52.406902,4.916738 52.40718,4.916827 52.407195,4.916915 52.407181,4.917326 52.406996,4.917373 52.406963,4.917416 52.406887,4.917827 52.406704,4.917939 52.406605,4.917965 52.40654),(4.917245 52.406662,4.917215 52.406614,4.916917 52.406366,4.916823 52.406327,4.917022 52.406237,4.917057 52.406294,4.917362 52.406546,4.917426 52.40658,4.917245 52.406662))";"POLYGON((52.40654 4.917965,52.406477 4.917938,52.406363 4.917799,52.40633 4.917708,52.406328 4.917595,52.406284 4.917525,52.406222 4.917468,52.406155 4.917498,52.406104 4.91748,52.405978 4.917333,52.405934 4.917197,52.40596 4.916973,52.406196 4.91645,52.406237 4.916405,52.406281 4.91639,52.406351 4.916429,52.406388 4.916493,52.406402 4.916571,52.406444 4.916558,52.406501 4.916583,52.406695 4.916832,52.406783 4.916848,52.406886 4.916966,52.406931 4.916866,52.406847 4.916765,52.406813 4.91678,52.406749 4.916746,52.406713 4.916685,52.406699 4.916597,52.406713 4.916508,52.406794 4.916387,52.406848 4.916363,52.406902 4.916386,52.40718 4.916738,52.407195 4.916827,52.407181 4.916915,52.406996 4.917326,52.406963 4.917373,52.406887 4.917416,52.406704 4.917827,52.406605 4.917939,52.40654 4.917965),(52.406662 4.917245,52.406614 4.917215,52.406366 4.916917,52.406327 4.916823,52.406237 4.917022,52.406294 4.917057,52.406546 4.917362,52.40658 4.917426,52.406662 4.917245))";4.917169;52.4065575;
112;"WARMTE WIJK";"IN BEDRIJF";"POLYGON((4.840545 52.353955,4.840522 52.353891,4.840455 52.353838,4.840476 52.353792,4.840456 52.35373,4.840461 52.353562,4.840438 52.353508,4.840374 52.353468,4.840137 52.35344,4.840002 52.353452,4.83961 52.353438,4.839458 52.353464,4.839393 52.353503,4.839369 52.353557,4.839373 52.354119,4.839396 52.354173,4.83946 52.354213,4.839601 52.354237,4.839695 52.354223,4.83976 52.354183,4.839785 52.35413,4.839789 52.353827,4.83974 52.353757,4.839847 52.353743,4.839902 52.353714,4.840004 52.353791,4.839981 52.354502,4.839945 52.354502,4.839882 52.354463,4.839793 52.354448,4.83962 52.354447,4.839531 52.354462,4.839396 52.35456,4.839372 52.354613,4.839361 52.354702,4.839384 52.354756,4.839448 52.354796,4.839536 52.354811,4.83963 52.354797,4.839851 52.354797,4.839939 52.354783,4.840011 52.354729,4.840154 52.354761,4.840248 52.354747,4.840314 52.354708,4.840331 52.35467,4.840379 52.354663,4.840444 52.354623,4.840491 52.354526,4.840448 52.354394,4.840396 52.354362,4.840448 52.354331,4.840472 52.354277,4.840458 52.354216,4.840474 52.354156,4.840451 52.354102,4.840417 52.354081,4.840521 52.354009,4.840545 52.353955))";"POLYGON((52.353955 4.840545,52.353891 4.840522,52.353838 4.840455,52.353792 4.840476,52.35373 4.840456,52.353562 4.840461,52.353508 4.840438,52.353468 4.840374,52.35344 4.840137,52.353452 4.840002,52.353438 4.83961,52.353464 4.839458,52.353503 4.839393,52.353557 4.839369,52.354119 4.839373,52.354173 4.839396,52.354213 4.83946,52.354237 4.839601,52.354223 4.839695,52.354183 4.83976,52.35413 4.839785,52.353827 4.839789,52.353757 4.83974,52.353743 4.839847,52.353714 4.839902,52.353791 4.840004,52.354502 4.839981,52.354502 4.839945,52.354463 4.839882,52.354448 4.839793,52.354447 4.83962,52.354462 4.839531,52.35456 4.839396,52.354613 4.839372,52.354702 4.839361,52.354756 4.839384,52.354796 4.839448,52.354811 4.839536,52.354797 4.83963,52.354797 4.839851,52.354783 4.839939,52.354729 4.840011,52.354761 4.840154,52.354747 4.840248,52.354708 4.840314,52.35467 4.840331,52.354663 4.840379,52.354623 4.840444,52.354526 4.840491,52.354394 4.840448,52.354362 4.840396,52.354331 4.840448,52.354277 4.840472,52.354216 4.840458,52.354156 4.840474,52.354102 4.840451,52.354081 4.840417,52.354009 4.840521,52.353955 4.840545))";4.839958;52.3541175;
113;"WARMTE WIJK";"IN BEDRIJF";"POLYGON((4.920796 52.406483,4.920745 52.406384,4.920635 52.406292,4.920531 52.40624,4.920443 52.406226,4.920354 52.40624,4.920196 52.40632,4.920132 52.406324,4.920028 52.406301,4.91994 52.406315,4.9184 52.407026,4.91834 52.407039,4.91736 52.40748,4.917313 52.407513,4.917288 52.407566,4.917305 52.407645,4.917385 52.407697,4.917473 52.407712,4.917561 52.407698,4.917759 52.407599,4.917786 52.407561,4.917935 52.407493,4.918041 52.407482,4.918149 52.407397,4.918273 52.407341,4.918388 52.407325,4.918458 52.407284,4.91847 52.407256,4.918552 52.407243,4.9187 52.407172,4.918737 52.407166,4.918757 52.407238,4.918821 52.407278,4.91891 52.407293,4.918998 52.407279,4.919112 52.407216,4.919128 52.407143,4.91916 52.407127,4.91924 52.407141,4.919328 52.407127,4.9195 52.407041,4.919524 52.406987,4.919502 52.406929,4.919438 52.406889,4.919377 52.406879,4.919419 52.406826,4.919567 52.406759,4.919669 52.406747,4.919769 52.406667,4.919912 52.406602,4.920016 52.40659,4.920055 52.406567,4.920128 52.406567,4.92025 52.406581,4.920321 52.406625,4.920456 52.406655,4.920545 52.406641,4.920633 52.406594,4.920725 52.406569,4.920772 52.406537,4.920796 52.406483))";"POLYGON((52.406483 4.920796,52.406384 4.920745,52.406292 4.920635,52.40624 4.920531,52.406226 4.920443,52.40624 4.920354,52.40632 4.920196,52.406324 4.920132,52.406301 4.920028,52.406315 4.91994,52.407026 4.9184,52.407039 4.91834,52.40748 4.91736,52.407513 4.917313,52.407566 4.917288,52.407645 4.917305,52.407697 4.917385,52.407712 4.917473,52.407698 4.917561,52.407599 4.917759,52.407561 4.917786,52.407493 4.917935,52.407482 4.918041,52.407397 4.918149,52.407341 4.918273,52.407325 4.918388,52.407284 4.918458,52.407256 4.91847,52.407243 4.918552,52.407172 4.9187,52.407166 4.918737,52.407238 4.918757,52.407278 4.918821,52.407293 4.91891,52.407279 4.918998,52.407216 4.919112,52.407143 4.919128,52.407127 4.91916,52.407141 4.91924,52.407127 4.919328,52.407041 4.9195,52.406987 4.919524,52.406929 4.919502,52.406889 4.919438,52.406879 4.919377,52.406826 4.919419,52.406759 4.919567,52.406747 4.919669,52.406667 4.919769,52.406602 4.919912,52.40659 4.920016,52.406567 4.920055,52.406567 4.920128,52.406581 4.92025,52.406625 4.920321,52.406655 4.920456,52.406641 4.920545,52.406594 4.920633,52.406569 4.920725,52.406537 4.920772,52.406483 4.920796))";4.919047;52.406962;
114;"WARMTE WIJK";"IN BEDRIJF";"POLYGON((4.858184 52.344432,4.858161 52.344378,4.858097 52.344338,4.857923 52.344311,4.857837 52.344325,4.857655 52.344325,4.857488 52.344294,4.85746 52.34424,4.85735 52.344189,4.857421 52.344149,4.857445 52.344096,4.857423 52.344038,4.857339 52.343994,4.857577 52.343323,4.85765 52.343335,4.857744 52.343322,4.857809 52.343282,4.857841 52.343208,4.857818 52.343154,4.857754 52.343114,4.857446 52.343073,4.857358 52.343087,4.857273 52.343156,4.8572 52.343344,4.856747 52.344605,4.856766 52.344682,4.856881 52.344734,4.857623 52.344836,4.857745 52.344824,4.857824 52.344763,4.857909 52.344772,4.857998 52.344758,4.858062 52.344744,4.858127 52.344705,4.858153 52.344646,4.85813 52.344592,4.858083 52.344562,4.858139 52.344529,4.858184 52.344432))";"POLYGON((52.344432 4.858184,52.344378 4.858161,52.344338 4.858097,52.344311 4.857923,52.344325 4.857837,52.344325 4.857655,52.344294 4.857488,52.34424 4.85746,52.344189 4.85735,52.344149 4.857421,52.344096 4.857445,52.344038 4.857423,52.343994 4.857339,52.343323 4.857577,52.343335 4.85765,52.343322 4.857744,52.343282 4.857809,52.343208 4.857841,52.343154 4.857818,52.343114 4.857754,52.343073 4.857446,52.343087 4.857358,52.343156 4.857273,52.343344 4.8572,52.344605 4.856747,52.344682 4.856766,52.344734 4.856881,52.344836 4.857623,52.344824 4.857745,52.344763 4.857824,52.344772 4.857909,52.344758 4.857998,52.344744 4.858062,52.344705 4.858127,52.344646 4.858153,52.344592 4.85813,52.344562 4.858083,52.344529 4.858139,52.344432 4.858184))";4.8574705;52.3439475;
115;"WARMTE WIJK";"IN BEDRIJF";"POLYGON((4.890439 52.405508,4.890412 52.405399,4.890358 52.405321,4.890006 52.405052,4.889918 52.405037,4.88983 52.405051,4.889606 52.405155,4.889577 52.405112,4.8895 52.405063,4.889412 52.405048,4.889785 52.404862,4.890062 52.405065,4.89015 52.405079,4.890238 52.405065,4.890414 52.404974,4.890438 52.40492,4.890415 52.404866,4.89015 52.404654,4.890117 52.404578,4.889976 52.404492,4.889888 52.404478,4.889799 52.404492,4.889503 52.40463,4.889396 52.404652,4.889336 52.40469,4.889317 52.404757,4.889196 52.404813,4.88912 52.404871,4.889022 52.404891,4.888894 52.40496,4.88887 52.405014,4.888893 52.405068,4.888982 52.405127,4.889071 52.405142,4.889226 52.405121,4.889168 52.405168,4.889143 52.405222,4.889166 52.405276,4.889385 52.405443,4.889416 52.405521,4.889529 52.405583,4.889546 52.405624,4.889638 52.40567,4.889654 52.405707,4.889736 52.405761,4.889891 52.405782,4.88999 52.405767,4.890108 52.405693,4.890224 52.40567,4.890337 52.405616,4.890402 52.405576,4.890439 52.405508))";"POLYGON((52.405508 4.890439,52.405399 4.890412,52.405321 4.890358,52.405052 4.890006,52.405037 4.889918,52.405051 4.88983,52.405155 4.889606,52.405112 4.889577,52.405063 4.8895,52.405048 4.889412,52.404862 4.889785,52.405065 4.890062,52.405079 4.89015,52.405065 4.890238,52.404974 4.890414,52.40492 4.890438,52.404866 4.890415,52.404654 4.89015,52.404578 4.890117,52.404492 4.889976,52.404478 4.889888,52.404492 4.889799,52.40463 4.889503,52.404652 4.889396,52.40469 4.889336,52.404757 4.889317,52.404813 4.889196,52.404871 4.88912,52.404891 4.889022,52.40496 4.888894,52.405014 4.88887,52.405068 4.888893,52.405127 4.888982,52.405142 4.889071,52.405121 4.889226,52.405168 4.889168,52.405222 4.889143,52.405276 4.889166,52.405443 4.889385,52.405521 4.889416,52.405583 4.889529,52.405624 4.889546,52.40567 4.889638,52.405707 4.889654,52.405761 4.889736,52.405782 4.889891,52.405767 4.88999,52.405693 4.890108,52.40567 4.890224,52.405616 4.890337,52.405576 4.890402,52.405508 4.890439))";4.8896595;52.405123;
116;"WARMTE WIJK";"IN BEDRIJF";"POLYGON((4.877872 52.335689,4.877849 52.335634,4.877785 52.335595,4.877578 52.335542,4.877489 52.335556,4.877424 52.335595,4.877397 52.335652,4.87742 52.335706,4.877457 52.335729,4.877386 52.335813,4.877247 52.335812,4.877249 52.335575,4.877226 52.335521,4.877162 52.335481,4.877038 52.335466,4.87695 52.33548,4.876885 52.335519,4.87685 52.335654,4.876873 52.33576,4.87685 52.335811,4.876629 52.335824,4.876558 52.335876,4.87619 52.335874,4.876176 52.335842,4.876045 52.335758,4.875978 52.335747,4.875998 52.335587,4.875975 52.335533,4.87591 52.335493,4.875822 52.335479,4.875728 52.335493,4.875663 52.335532,4.875618 52.335646,4.875425 52.335645,4.875403 52.335535,4.875339 52.335495,4.875251 52.33548,4.875104 52.33549,4.875039 52.335529,4.875015 52.335583,4.875038 52.335774,4.875022 52.335835,4.875044 52.335891,4.875108 52.33593,4.87527 52.335946,4.875358 52.335932,4.875448 52.335872,4.875534 52.335865,4.875552 52.335907,4.875616 52.335947,4.875784 52.335962,4.875822 52.336037,4.875886 52.336077,4.875974 52.336092,4.876523 52.336095,4.876625 52.336171,4.8768 52.336186,4.876819 52.336232,4.876883 52.336272,4.876977 52.336288,4.877065 52.336274,4.877131 52.336235,4.877197 52.336155,4.877217 52.336107,4.877177 52.336035,4.877493 52.336036,4.877582 52.336022,4.877647 52.335982,4.877853 52.335737,4.877872 52.335689))";"POLYGON((52.335689 4.877872,52.335634 4.877849,52.335595 4.877785,52.335542 4.877578,52.335556 4.877489,52.335595 4.877424,52.335652 4.877397,52.335706 4.87742,52.335729 4.877457,52.335813 4.877386,52.335812 4.877247,52.335575 4.877249,52.335521 4.877226,52.335481 4.877162,52.335466 4.877038,52.33548 4.87695,52.335519 4.876885,52.335654 4.87685,52.33576 4.876873,52.335811 4.87685,52.335824 4.876629,52.335876 4.876558,52.335874 4.87619,52.335842 4.876176,52.335758 4.876045,52.335747 4.875978,52.335587 4.875998,52.335533 4.875975,52.335493 4.87591,52.335479 4.875822,52.335493 4.875728,52.335532 4.875663,52.335646 4.875618,52.335645 4.875425,52.335535 4.875403,52.335495 4.875339,52.33548 4.875251,52.33549 4.875104,52.335529 4.875039,52.335583 4.875015,52.335774 4.875038,52.335835 4.875022,52.335891 4.875044,52.33593 4.875108,52.335946 4.87527,52.335932 4.875358,52.335872 4.875448,52.335865 4.875534,52.335907 4.875552,52.335947 4.875616,52.335962 4.875784,52.336037 4.875822,52.336077 4.875886,52.336092 4.875974,52.336095 4.876523,52.336171 4.876625,52.336186 4.8768,52.336232 4.876819,52.336272 4.876883,52.336288 4.876977,52.336274 4.877065,52.336235 4.877131,52.336155 4.877197,52.336107 4.877217,52.336035 4.877177,52.336036 4.877493,52.336022 4.877582,52.335982 4.877647,52.335737 4.877853,52.335689 4.877872))";4.8764485;52.33587;
117;"WARMTE WIJK";"IN BEDRIJF";"POLYGON((4.976204 52.315455,4.976181 52.315401,4.976146 52.31538,4.976162 52.315344,4.976138 52.31529,4.976074 52.31525,4.975914 52.31521,4.975734 52.31514,4.975634 52.315128,4.975565 52.315078,4.975448 52.315061,4.975382 52.315015,4.975262 52.314992,4.97518 52.314946,4.975056 52.31493,4.974987 52.31488,4.974867 52.314857,4.974786 52.314811,4.974676 52.314792,4.974561 52.314822,4.974415 52.314837,4.97435 52.314876,4.974198 52.315058,4.974185 52.315134,4.974124 52.315201,4.974087 52.315286,4.974122 52.315364,4.974186 52.315404,4.975656 52.315908,4.975741 52.315922,4.97583 52.315908,4.975895 52.315868,4.975951 52.315778,4.975927 52.315724,4.975848 52.315679,4.97576 52.315664,4.975704 52.315673,4.975519 52.31561,4.975504 52.315575,4.97544 52.315536,4.974642 52.315262,4.974549 52.315245,4.974506 52.315252,4.974573 52.315167,4.974624 52.315136,4.974646 52.315099,4.974719 52.315117,4.975015 52.31522,4.975067 52.315252,4.975205 52.315284,4.975266 52.31532,4.975367 52.31534,4.975594 52.315418,4.975747 52.315506,4.975925 52.315567,4.97601 52.315581,4.976099 52.315566,4.976164 52.315527,4.976204 52.315455))";"POLYGON((52.315455 4.976204,52.315401 4.976181,52.31538 4.976146,52.315344 4.976162,52.31529 4.976138,52.31525 4.976074,52.31521 4.975914,52.31514 4.975734,52.315128 4.975634,52.315078 4.975565,52.315061 4.975448,52.315015 4.975382,52.314992 4.975262,52.314946 4.97518,52.31493 4.975056,52.31488 4.974987,52.314857 4.974867,52.314811 4.974786,52.314792 4.974676,52.314822 4.974561,52.314837 4.974415,52.314876 4.97435,52.315058 4.974198,52.315134 4.974185,52.315201 4.974124,52.315286 4.974087,52.315364 4.974122,52.315404 4.974186,52.315908 4.975656,52.315922 4.975741,52.315908 4.97583,52.315868 4.975895,52.315778 4.975951,52.315724 4.975927,52.315679 4.975848,52.315664 4.97576,52.315673 4.975704,52.31561 4.975519,52.315575 4.975504,52.315536 4.97544,52.315262 4.974642,52.315245 4.974549,52.315252 4.974506,52.315167 4.974573,52.315136 4.974624,52.315099 4.974646,52.315117 4.974719,52.31522 4.975015,52.315252 4.975067,52.315284 4.975205,52.31532 4.975266,52.31534 4.975367,52.315418 4.975594,52.315506 4.975747,52.315567 4.975925,52.315581 4.97601,52.315566 4.976099,52.315527 4.976164,52.315455 4.976204))";4.9751505;52.31535;
118;"WARMTE WIJK";"IN BEDRIJF";"POLYGON((4.838705 52.378356,4.838636 52.378186,4.838333 52.377518,4.838312 52.377482,4.83822 52.377438,4.838015 52.376946,4.837929 52.376885,4.837841 52.37687,4.837715 52.376886,4.837627 52.376692,4.83757 52.376624,4.837506 52.376584,4.837418 52.376569,4.837256 52.376594,4.837191 52.376634,4.837166 52.376687,4.837329 52.377093,4.837411 52.377159,4.837499 52.377174,4.8376 52.377162,4.838154 52.378506,4.838218 52.378546,4.838306 52.378561,4.838396 52.378565,4.838506 52.378547,4.838571 52.378508,4.838596 52.378454,4.83868 52.37841,4.838705 52.378356))";"POLYGON((52.378356 4.838705,52.378186 4.838636,52.377518 4.838333,52.377482 4.838312,52.377438 4.83822,52.376946 4.838015,52.376885 4.837929,52.37687 4.837841,52.376886 4.837715,52.376692 4.837627,52.376624 4.83757,52.376584 4.837506,52.376569 4.837418,52.376594 4.837256,52.376634 4.837191,52.376687 4.837166,52.377093 4.837329,52.377159 4.837411,52.377174 4.837499,52.377162 4.8376,52.378506 4.838154,52.378546 4.838218,52.378561 4.838306,52.378565 4.838396,52.378547 4.838506,52.378508 4.838571,52.378454 4.838596,52.37841 4.83868,52.378356 4.838705))";4.8379405;52.37756;
119;"WARMTE WIJK";"IN BEDRIJF";"POLYGON((4.840893 52.373307,4.840864 52.373241,4.8408 52.373201,4.840712 52.373186,4.84061 52.373202,4.840545 52.373241,4.840418 52.373269,4.840223 52.373293,4.840158 52.373332,4.840105 52.373324,4.840011 52.373338,4.83998 52.373357,4.839864 52.373339,4.839776 52.373353,4.839717 52.373388,4.839621 52.373368,4.839516 52.373375,4.839402 52.373127,4.839397 52.373063,4.839857 52.372995,4.839968 52.372961,4.840034 52.372921,4.840058 52.372868,4.840042 52.37283,4.840054 52.372759,4.840016 52.372687,4.839952 52.372647,4.839817 52.372636,4.838851 52.372792,4.838744 52.372842,4.838725 52.372924,4.83883 52.373171,4.838994 52.373541,4.839078 52.373611,4.839166 52.373626,4.839512 52.373597,4.83963 52.373619,4.840469 52.373574,4.840538 52.37356,4.840604 52.373521,4.840644 52.37346,4.840789 52.373433,4.840854 52.373394,4.840893 52.373307))";"POLYGON((52.373307 4.840893,52.373241 4.840864,52.373201 4.8408,52.373186 4.840712,52.373202 4.84061,52.373241 4.840545,52.373269 4.840418,52.373293 4.840223,52.373332 4.840158,52.373324 4.840105,52.373338 4.840011,52.373357 4.83998,52.373339 4.839864,52.373353 4.839776,52.373388 4.839717,52.373368 4.839621,52.373375 4.839516,52.373127 4.839402,52.373063 4.839397,52.372995 4.839857,52.372961 4.839968,52.372921 4.840034,52.372868 4.840058,52.37283 4.840042,52.372759 4.840054,52.372687 4.840016,52.372647 4.839952,52.372636 4.839817,52.372792 4.838851,52.372842 4.838744,52.372924 4.838725,52.373171 4.83883,52.373541 4.838994,52.373611 4.839078,52.373626 4.839166,52.373597 4.839512,52.373619 4.83963,52.373574 4.840469,52.37356 4.840538,52.373521 4.840604,52.37346 4.840644,52.373433 4.840789,52.373394 4.840854,52.373307 4.840893))";4.839814;52.373124;
120;"WARMTE WIJK";"IN BEDRIJF";"POLYGON((4.831179 52.359492,4.831156 52.359438,4.831092 52.359398,4.831004 52.359384,4.830325 52.35938,4.830275 52.359349,4.830019 52.359306,4.829853 52.35932,4.829787 52.359359,4.829765 52.359408,4.829661 52.359454,4.829636 52.359507,4.829614 52.360285,4.82964 52.360385,4.829598 52.360449,4.829595 52.36057,4.829642 52.360646,4.82964 52.360738,4.829663 52.360793,4.829727 52.360833,4.829891 52.360848,4.82998 52.360834,4.830045 52.360795,4.83007 52.360741,4.830047 52.360681,4.830006 52.360656,4.830008 52.360576,4.829969 52.360512,4.829997 52.360456,4.830003 52.360293,4.82998 52.360237,4.829987 52.359865,4.830088 52.359888,4.830182 52.359874,4.830282 52.359814,4.830306 52.359761,4.830311 52.359608,4.830667 52.359603,4.830766 52.359609,4.830797 52.359819,4.83089 52.359883,4.830978 52.359897,4.831072 52.359883,4.831138 52.359844,4.831162 52.359792,4.83116 52.359547,4.831179 52.359492))";"POLYGON((52.359492 4.831179,52.359438 4.831156,52.359398 4.831092,52.359384 4.831004,52.35938 4.830325,52.359349 4.830275,52.359306 4.830019,52.35932 4.829853,52.359359 4.829787,52.359408 4.829765,52.359454 4.829661,52.359507 4.829636,52.360285 4.829614,52.360385 4.82964,52.360449 4.829598,52.36057 4.829595,52.360646 4.829642,52.360738 4.82964,52.360793 4.829663,52.360833 4.829727,52.360848 4.829891,52.360834 4.82998,52.360795 4.830045,52.360741 4.83007,52.360681 4.830047,52.360656 4.830006,52.360576 4.830008,52.360512 4.829969,52.360456 4.829997,52.360293 4.830003,52.360237 4.82998,52.359865 4.829987,52.359888 4.830088,52.359874 4.830182,52.359814 4.830282,52.359761 4.830306,52.359608 4.830311,52.359603 4.830667,52.359609 4.830766,52.359819 4.830797,52.359883 4.83089,52.359897 4.830978,52.359883 4.831072,52.359844 4.831138,52.359792 4.831162,52.359547 4.83116,52.359492 4.831179))";4.830392;52.36007;
121;"WARMTE WIJK";"IN BEDRIJF";"POLYGON((4.829311 52.349203,4.829288 52.349149,4.829223 52.349109,4.829135 52.349095,4.829041 52.349108,4.828967 52.349067,4.828762 52.349052,4.828743 52.34898,4.828773 52.348912,4.828748 52.348819,4.828777 52.348763,4.828782 52.348586,4.828757 52.348493,4.828787 52.348437,4.828784 52.348385,4.828761 52.348329,4.828697 52.34829,4.828581 52.348274,4.828491 52.348289,4.828426 52.348328,4.828401 52.34838,4.828375 52.349049,4.828023 52.349045,4.82804 52.348377,4.828017 52.348321,4.827953 52.348282,4.827832 52.348266,4.827742 52.34828,4.827677 52.34832,4.827652 52.348372,4.827677 52.348478,4.827648 52.348534,4.827642 52.34871,4.827668 52.348803,4.827638 52.348859,4.827663 52.348965,4.827633 52.349021,4.827636 52.349074,4.827684 52.349209,4.827763 52.349251,4.827788 52.349352,4.827853 52.349391,4.827941 52.349406,4.828029 52.349392,4.8281 52.349352,4.828123 52.349266,4.828744 52.349271,4.828839 52.349312,4.828925 52.349327,4.82913 52.349329,4.829221 52.349315,4.829286 52.349276,4.829311 52.349203))";"POLYGON((52.349203 4.829311,52.349149 4.829288,52.349109 4.829223,52.349095 4.829135,52.349108 4.829041,52.349067 4.828967,52.349052 4.828762,52.34898 4.828743,52.348912 4.828773,52.348819 4.828748,52.348763 4.828777,52.348586 4.828782,52.348493 4.828757,52.348437 4.828787,52.348385 4.828784,52.348329 4.828761,52.34829 4.828697,52.348274 4.828581,52.348289 4.828491,52.348328 4.828426,52.34838 4.828401,52.349049 4.828375,52.349045 4.828023,52.348377 4.82804,52.348321 4.828017,52.348282 4.827953,52.348266 4.827832,52.34828 4.827742,52.34832 4.827677,52.348372 4.827652,52.348478 4.827677,52.348534 4.827648,52.34871 4.827642,52.348803 4.827668,52.348859 4.827638,52.348965 4.827663,52.349021 4.827633,52.349074 4.827636,52.349209 4.827684,52.349251 4.827763,52.349352 4.827788,52.349391 4.827853,52.349406 4.827941,52.349392 4.828029,52.349352 4.8281,52.349266 4.828123,52.349271 4.828744,52.349312 4.828839,52.349327 4.828925,52.349329 4.82913,52.349315 4.829221,52.349276 4.829286,52.349203 4.829311))";4.828477;52.348829;
122;"WARMTE WIJK";"IN BEDRIJF";"POLYGON((4.819828 52.37829,4.819803 52.378233,4.819755 52.378191,4.819776 52.378145,4.819742 52.378034,4.819636 52.377905,4.819648 52.377861,4.819604 52.377791,4.819624 52.377747,4.819601 52.377679,4.819536 52.377623,4.819538 52.377576,4.819479 52.377509,4.819486 52.377453,4.819445 52.377397,4.819472 52.377301,4.819433 52.377224,4.819369 52.377184,4.819236 52.377173,4.819057 52.377217,4.818992 52.377257,4.818967 52.37731,4.818969 52.377383,4.818938 52.377309,4.818874 52.377269,4.818786 52.377254,4.818645 52.377279,4.818556 52.377264,4.818179 52.377307,4.818015 52.377306,4.817956 52.377319,4.817891 52.377358,4.817867 52.377412,4.817877 52.377459,4.817898 52.377495,4.818022 52.377586,4.818141 52.3776,4.818481 52.377556,4.818561 52.377623,4.818649 52.377638,4.818865 52.377617,4.818914 52.377721,4.818978 52.377761,4.819067 52.377776,4.819147 52.377767,4.819372 52.378309,4.819453 52.378375,4.819615 52.378403,4.819695 52.378394,4.819803 52.378344,4.819828 52.37829))";"POLYGON((52.37829 4.819828,52.378233 4.819803,52.378191 4.819755,52.378145 4.819776,52.378034 4.819742,52.377905 4.819636,52.377861 4.819648,52.377791 4.819604,52.377747 4.819624,52.377679 4.819601,52.377623 4.819536,52.377576 4.819538,52.377509 4.819479,52.377453 4.819486,52.377397 4.819445,52.377301 4.819472,52.377224 4.819433,52.377184 4.819369,52.377173 4.819236,52.377217 4.819057,52.377257 4.818992,52.37731 4.818967,52.377383 4.818969,52.377309 4.818938,52.377269 4.818874,52.377254 4.818786,52.377279 4.818645,52.377264 4.818556,52.377307 4.818179,52.377306 4.818015,52.377319 4.817956,52.377358 4.817891,52.377412 4.817867,52.377459 4.817877,52.377495 4.817898,52.377586 4.818022,52.3776 4.818141,52.377556 4.818481,52.377623 4.818561,52.377638 4.818649,52.377617 4.818865,52.377721 4.818914,52.377761 4.818978,52.377776 4.819067,52.377767 4.819147,52.378309 4.819372,52.378375 4.819453,52.378403 4.819615,52.378394 4.819695,52.378344 4.819803,52.37829 4.819828))";4.8188525;52.377781;
123;"WARMTE WIJK";"IN BEDRIJF";"POLYGON((4.842592 52.376821,4.84253 52.376725,4.842533 52.376662,4.842475 52.376595,4.842478 52.376532,4.842405 52.376428,4.842408 52.376364,4.84235 52.376297,4.842353 52.376234,4.842294 52.376166,4.842301 52.376113,4.842273 52.376043,4.842233 52.375997,4.842216 52.375931,4.842169 52.37589,4.842067 52.375861,4.841919 52.375879,4.841849 52.37592,4.841814 52.376003,4.841745 52.375994,4.841681 52.375951,4.841592 52.375933,4.841497 52.375941,4.841409 52.375972,4.84136 52.376029,4.84136 52.376075,4.8414 52.376132,4.841428 52.376241,4.841465 52.376283,4.841469 52.376347,4.841523 52.376421,4.841524 52.376481,4.841578 52.376552,4.841579 52.376612,4.841647 52.376719,4.841649 52.376779,4.841702 52.376849,4.841704 52.376909,4.841757 52.376974,4.841844 52.377009,4.841955 52.377011,4.842041 52.37698,4.842094 52.376906,4.841846 52.37629,4.84197 52.37628,4.842208 52.376848,4.84225 52.376897,4.842334 52.376933,4.842453 52.376936,4.842552 52.376895,4.842592 52.376821))";"POLYGON((52.376821 4.842592,52.376725 4.84253,52.376662 4.842533,52.376595 4.842475,52.376532 4.842478,52.376428 4.842405,52.376364 4.842408,52.376297 4.84235,52.376234 4.842353,52.376166 4.842294,52.376113 4.842301,52.376043 4.842273,52.375997 4.842233,52.375931 4.842216,52.37589 4.842169,52.375861 4.842067,52.375879 4.841919,52.37592 4.841849,52.376003 4.841814,52.375994 4.841745,52.375951 4.841681,52.375933 4.841592,52.375941 4.841497,52.375972 4.841409,52.376029 4.84136,52.376075 4.84136,52.376132 4.8414,52.376241 4.841428,52.376283 4.841465,52.376347 4.841469,52.376421 4.841523,52.376481 4.841524,52.376552 4.841578,52.376612 4.841579,52.376719 4.841647,52.376779 4.841649,52.376849 4.841702,52.376909 4.841704,52.376974 4.841757,52.377009 4.841844,52.377011 4.841955,52.37698 4.842041,52.376906 4.842094,52.37629 4.841846,52.37628 4.84197,52.376848 4.842208,52.376897 4.84225,52.376933 4.842334,52.376936 4.842453,52.376895 4.842552,52.376821 4.842592))";4.841981;52.376429;
124;"WARMTE WIJK";"IN BEDRIJF";"POLYGON((4.838236 52.372365,4.838036 52.37189,4.837972 52.37185,4.837862 52.371821,4.837735 52.371809,4.837593 52.371698,4.837454 52.371687,4.837383 52.37171,4.836936 52.371778,4.836871 52.371817,4.836847 52.371871,4.836853 52.371924,4.836881 52.371975,4.836945 52.372015,4.83704 52.372032,4.837441 52.371983,4.83717 52.372033,4.837 52.372119,4.836976 52.372173,4.837 52.372231,4.8371 52.372276,4.837117 52.372349,4.83721 52.372393,4.837264 52.372503,4.837329 52.372543,4.837462 52.372554,4.837799 52.372497,4.837838 52.372521,4.837926 52.372536,4.837994 52.372529,4.838048 52.372517,4.838212 52.372419,4.838236 52.372365))";"POLYGON((52.372365 4.838236,52.37189 4.838036,52.37185 4.837972,52.371821 4.837862,52.371809 4.837735,52.371698 4.837593,52.371687 4.837454,52.37171 4.837383,52.371778 4.836936,52.371817 4.836871,52.371871 4.836847,52.371924 4.836853,52.371975 4.836881,52.372015 4.836945,52.372032 4.83704,52.371983 4.837441,52.372033 4.83717,52.372119 4.837,52.372173 4.836976,52.372231 4.837,52.372276 4.8371,52.372349 4.837117,52.372393 4.83721,52.372503 4.837264,52.372543 4.837329,52.372554 4.837462,52.372497 4.837799,52.372521 4.837838,52.372536 4.837926,52.372529 4.837994,52.372517 4.838048,52.372419 4.838212,52.372365 4.838236))";4.8375465;52.3721135;
125;"WARMTE WIJK";"IN BEDRIJF";"POLYGON((4.952006 52.322443,4.951983 52.322389,4.951919 52.322349,4.951761 52.322334,4.951672 52.322349,4.951607 52.322388,4.951485 52.322516,4.950741 52.322261,4.950596 52.322244,4.950475 52.322298,4.950411 52.322395,4.950435 52.322449,4.950499 52.322489,4.950574 52.322502,4.95062 52.322531,4.950848 52.322604,4.950768 52.322747,4.950709 52.322711,4.950484 52.322644,4.950424 52.322607,4.950331 52.322591,4.950148 52.322634,4.950083 52.322674,4.950057 52.32273,4.95008 52.322784,4.950144 52.322824,4.950698 52.323014,4.95095 52.323062,4.951038 52.323048,4.951103 52.323009,4.951195 52.322835,4.951144 52.322752,4.951213 52.322741,4.951278 52.322702,4.95149 52.322771,4.951577 52.322785,4.951665 52.322771,4.95173 52.322732,4.951819 52.322637,4.95185 52.322569,4.951962 52.322518,4.952006 52.322443))";"POLYGON((52.322443 4.952006,52.322389 4.951983,52.322349 4.951919,52.322334 4.951761,52.322349 4.951672,52.322388 4.951607,52.322516 4.951485,52.322261 4.950741,52.322244 4.950596,52.322298 4.950475,52.322395 4.950411,52.322449 4.950435,52.322489 4.950499,52.322502 4.950574,52.322531 4.95062,52.322604 4.950848,52.322747 4.950768,52.322711 4.950709,52.322644 4.950484,52.322607 4.950424,52.322591 4.950331,52.322634 4.950148,52.322674 4.950083,52.32273 4.950057,52.322784 4.95008,52.322824 4.950144,52.323014 4.950698,52.323062 4.95095,52.323048 4.951038,52.323009 4.951103,52.322835 4.951195,52.322752 4.951144,52.322741 4.951213,52.322702 4.951278,52.322771 4.95149,52.322785 4.951577,52.322771 4.951665,52.322732 4.95173,52.322637 4.951819,52.322569 4.95185,52.322518 4.951962,52.322443 4.952006))";4.9510365;52.322646;
126;"WARMTE WIJK";"IN BEDRIJF";"POLYGON((4.875192 52.396238,4.875169 52.396184,4.875126 52.396153,4.875 52.396113,4.874604 52.395922,4.874515 52.395908,4.874462 52.395916,4.874385 52.395876,4.874297 52.395861,4.874209 52.395875,4.874131 52.395923,4.874107 52.395977,4.874151 52.396066,4.874184 52.39609,4.873869 52.396334,4.873845 52.396387,4.87386 52.396423,4.873342 52.396824,4.873245 52.396847,4.87318 52.396886,4.873152 52.396943,4.873175 52.396997,4.873257 52.397045,4.873376 52.397055,4.87357 52.397149,4.873659 52.397164,4.873855 52.397113,4.873951 52.39705,4.873976 52.396996,4.873953 52.396942,4.873888 52.396902,4.873796 52.396885,4.873712 52.396892,4.874286 52.396452,4.87431 52.396398,4.874294 52.396358,4.87454 52.396171,4.874797 52.396295,4.874883 52.396362,4.874971 52.396377,4.87506 52.396363,4.87511 52.396337,4.875168 52.396291,4.875192 52.396238))";"POLYGON((52.396238 4.875192,52.396184 4.875169,52.396153 4.875126,52.396113 4.875,52.395922 4.874604,52.395908 4.874515,52.395916 4.874462,52.395876 4.874385,52.395861 4.874297,52.395875 4.874209,52.395923 4.874131,52.395977 4.874107,52.396066 4.874151,52.39609 4.874184,52.396334 4.873869,52.396387 4.873845,52.396423 4.87386,52.396824 4.873342,52.396847 4.873245,52.396886 4.87318,52.396943 4.873152,52.396997 4.873175,52.397045 4.873257,52.397055 4.873376,52.397149 4.87357,52.397164 4.873659,52.397113 4.873855,52.39705 4.873951,52.396996 4.873976,52.396942 4.873953,52.396902 4.873888,52.396885 4.873796,52.396892 4.873712,52.396452 4.874286,52.396398 4.87431,52.396358 4.874294,52.396171 4.87454,52.396295 4.874797,52.396362 4.874883,52.396377 4.874971,52.396363 4.87506,52.396337 4.87511,52.396291 4.875168,52.396238 4.875192))";4.874177;52.3965055;
127;"WARMTE WIJK";"IN BEDRIJF";"POLYGON((4.882036 52.393236,4.882013 52.393182,4.881888 52.39311,4.881837 52.393054,4.881754 52.393029,4.881731 52.392978,4.881692 52.392949,4.881184 52.392695,4.881093 52.392625,4.881012 52.392605,4.880194 52.392179,4.88008 52.392153,4.879984 52.392168,4.879871 52.392228,4.879843 52.392285,4.879866 52.392339,4.879906 52.392369,4.880113 52.392444,4.880211 52.392505,4.880278 52.392516,4.880297 52.392578,4.880338 52.392608,4.880485 52.392644,4.880577 52.392685,4.880752 52.392788,4.880861 52.392833,4.880912 52.392888,4.880958 52.39291,4.881067 52.392922,4.881275 52.393055,4.881298 52.393113,4.881352 52.393165,4.881463 52.393231,4.881369 52.393274,4.88133 52.393358,4.881353 52.393412,4.881506 52.393497,4.881616 52.393521,4.881807 52.393472,4.881872 52.393433,4.8819 52.393377,4.882012 52.39329,4.882036 52.393236))";"POLYGON((52.393236 4.882036,52.393182 4.882013,52.39311 4.881888,52.393054 4.881837,52.393029 4.881754,52.392978 4.881731,52.392949 4.881692,52.392695 4.881184,52.392625 4.881093,52.392605 4.881012,52.392179 4.880194,52.392153 4.88008,52.392168 4.879984,52.392228 4.879871,52.392285 4.879843,52.392339 4.879866,52.392369 4.879906,52.392444 4.880113,52.392505 4.880211,52.392516 4.880278,52.392578 4.880297,52.392608 4.880338,52.392644 4.880485,52.392685 4.880577,52.392788 4.880752,52.392833 4.880861,52.392888 4.880912,52.39291 4.880958,52.392922 4.881067,52.393055 4.881275,52.393113 4.881298,52.393165 4.881352,52.393231 4.881463,52.393274 4.881369,52.393358 4.88133,52.393412 4.881353,52.393497 4.881506,52.393521 4.881616,52.393472 4.881807,52.393433 4.881872,52.393377 4.8819,52.39329 4.882012,52.393236 4.882036))";4.8809445;52.39283;
128;"WARMTE WIJK";"IN BEDRIJF";"POLYGON((4.952019 52.395993,4.951996 52.395939,4.951933 52.395898,4.951803 52.395736,4.951815 52.39571,4.951792 52.395656,4.951725 52.395613,4.951637 52.395598,4.951509 52.395624,4.951435 52.395666,4.951412 52.395717,4.951326 52.395742,4.95129 52.39572,4.951202 52.395705,4.951119 52.395645,4.951031 52.39563,4.950669 52.395725,4.950496 52.395583,4.950206 52.395217,4.950238 52.395197,4.95028 52.395111,4.950248 52.395046,4.950184 52.395006,4.950096 52.394992,4.950018 52.395002,4.949817 52.395118,4.949793 52.395172,4.94981 52.395219,4.950282 52.395818,4.950357 52.395871,4.950391 52.395877,4.950495 52.395966,4.950584 52.395981,4.950662 52.39597,4.950947 52.395887,4.951015 52.39593,4.951253 52.395994,4.95155 52.39592,4.951653 52.396049,4.951723 52.396094,4.951811 52.396109,4.951929 52.396086,4.951995 52.396047,4.952019 52.395993))";"POLYGON((52.395993 4.952019,52.395939 4.951996,52.395898 4.951933,52.395736 4.951803,52.39571 4.951815,52.395656 4.951792,52.395613 4.951725,52.395598 4.951637,52.395624 4.951509,52.395666 4.951435,52.395717 4.951412,52.395742 4.951326,52.39572 4.95129,52.395705 4.951202,52.395645 4.951119,52.39563 4.951031,52.395725 4.950669,52.395583 4.950496,52.395217 4.950206,52.395197 4.950238,52.395111 4.95028,52.395046 4.950248,52.395006 4.950184,52.394992 4.950096,52.395002 4.950018,52.395118 4.949817,52.395172 4.949793,52.395219 4.94981,52.395818 4.950282,52.395871 4.950357,52.395877 4.950391,52.395966 4.950495,52.395981 4.950584,52.39597 4.950662,52.395887 4.950947,52.39593 4.951015,52.395994 4.951253,52.39592 4.95155,52.396049 4.951653,52.396094 4.951723,52.396109 4.951811,52.396086 4.951929,52.396047 4.951995,52.395993 4.952019))";4.950911;52.3955435;
129;"WARMTE WIJK";"IN BEDRIJF";"POLYGON((4.838962 52.356718,4.838961 52.356506,4.838938 52.356453,4.838874 52.356414,4.838794 52.356399,4.838301 52.356372,4.838223 52.356383,4.838153 52.356371,4.837427 52.356366,4.837339 52.35638,4.837267 52.356422,4.837243 52.356476,4.837266 52.35653,4.83733 52.35657,4.837418 52.356585,4.837683 52.356586,4.837662 52.356752,4.837689 52.356869,4.837722 52.356916,4.837787 52.356956,4.837874 52.356971,4.83807 52.356943,4.838218 52.356952,4.838307 52.356938,4.838372 52.356898,4.83839 52.356861,4.838489 52.356882,4.838687 52.356868,4.838762 52.356825,4.838872 52.356811,4.838937 52.356772,4.838962 52.356718))";"POLYGON((52.356718 4.838962,52.356506 4.838961,52.356453 4.838938,52.356414 4.838874,52.356399 4.838794,52.356372 4.838301,52.356383 4.838223,52.356371 4.838153,52.356366 4.837427,52.35638 4.837339,52.356422 4.837267,52.356476 4.837243,52.35653 4.837266,52.35657 4.83733,52.356585 4.837418,52.356586 4.837683,52.356752 4.837662,52.356869 4.837689,52.356916 4.837722,52.356956 4.837787,52.356971 4.837874,52.356943 4.83807,52.356952 4.838218,52.356938 4.838307,52.356898 4.838372,52.356861 4.83839,52.356882 4.838489,52.356868 4.838687,52.356825 4.838762,52.356811 4.838872,52.356772 4.838937,52.356718 4.838962))";4.8381075;52.3566615;
130;"WARMTE WIJK";"IN BEDRIJF";"POLYGON((4.957449 52.307432,4.957416 52.30732,4.957352 52.30728,4.957053 52.307177,4.956968 52.307164,4.956879 52.307178,4.956814 52.307217,4.956685 52.307358,4.956404 52.307262,4.956633 52.307014,4.956656 52.306961,4.956633 52.306907,4.956489 52.306842,4.956476 52.306764,4.956411 52.306724,4.956323 52.306709,4.956235 52.306723,4.956158 52.306765,4.95607 52.306892,4.956093 52.306946,4.956224 52.307007,4.955947 52.307307,4.955872 52.307295,4.955779 52.307308,4.955714 52.307348,4.95568 52.307412,4.955704 52.307466,4.955768 52.307506,4.955962 52.30756,4.956047 52.307574,4.956135 52.30756,4.956253 52.307464,4.956671 52.307606,4.956756 52.30762,4.956844 52.307606,4.956909 52.307566,4.957014 52.307452,4.957034 52.307498,4.957098 52.307538,4.957242 52.307572,4.957331 52.307558,4.957396 52.307518,4.957449 52.307432))";"POLYGON((52.307432 4.957449,52.30732 4.957416,52.30728 4.957352,52.307177 4.957053,52.307164 4.956968,52.307178 4.956879,52.307217 4.956814,52.307358 4.956685,52.307262 4.956404,52.307014 4.956633,52.306961 4.956656,52.306907 4.956633,52.306842 4.956489,52.306764 4.956476,52.306724 4.956411,52.306709 4.956323,52.306723 4.956235,52.306765 4.956158,52.306892 4.95607,52.306946 4.956093,52.307007 4.956224,52.307307 4.955947,52.307295 4.955872,52.307308 4.955779,52.307348 4.955714,52.307412 4.95568,52.307466 4.955704,52.307506 4.955768,52.30756 4.955962,52.307574 4.956047,52.30756 4.956135,52.307464 4.956253,52.307606 4.956671,52.30762 4.956756,52.307606 4.956844,52.307566 4.956909,52.307452 4.957014,52.307498 4.957034,52.307538 4.957098,52.307572 4.957242,52.307558 4.957331,52.307518 4.957396,52.307432 4.957449))";4.9565695;52.3071575;
131;"WARMTE WIJK";"IN BEDRIJF";"POLYGON((4.956062 52.315754,4.956039 52.3157,4.955975 52.315661,4.955482 52.315489,4.955035 52.315274,4.954947 52.315259,4.954858 52.315273,4.954793 52.315312,4.954705 52.315444,4.954728 52.315498,4.954884 52.315596,4.954973 52.315612,4.955076 52.315686,4.955168 52.315702,4.955285 52.315673,4.955368 52.315703,4.955356 52.315732,4.955379 52.315786,4.955443 52.315826,4.955553 52.315839,4.955528 52.315915,4.955478 52.315971,4.955391 52.316014,4.955378 52.31604,4.955343 52.316053,4.95531 52.316033,4.955215 52.316016,4.955127 52.31603,4.955062 52.316069,4.955006 52.316157,4.95502 52.316188,4.954989 52.31625,4.955012 52.316304,4.955076 52.316344,4.955261 52.316407,4.955346 52.316421,4.955434 52.316406,4.955481 52.316378,4.955542 52.316388,4.95563 52.316374,4.955695 52.316335,4.955722 52.316278,4.955676 52.31621,4.956039 52.315807,4.956062 52.315754))";"POLYGON((52.315754 4.956062,52.3157 4.956039,52.315661 4.955975,52.315489 4.955482,52.315274 4.955035,52.315259 4.954947,52.315273 4.954858,52.315312 4.954793,52.315444 4.954705,52.315498 4.954728,52.315596 4.954884,52.315612 4.954973,52.315686 4.955076,52.315702 4.955168,52.315673 4.955285,52.315703 4.955368,52.315732 4.955356,52.315786 4.955379,52.315826 4.955443,52.315839 4.955553,52.315915 4.955528,52.315971 4.955478,52.316014 4.955391,52.31604 4.955378,52.316053 4.955343,52.316033 4.95531,52.316016 4.955215,52.31603 4.955127,52.316069 4.955062,52.316157 4.955006,52.316188 4.95502,52.31625 4.954989,52.316304 4.955012,52.316344 4.955076,52.316407 4.955261,52.316421 4.955346,52.316406 4.955434,52.316378 4.955481,52.316388 4.955542,52.316374 4.95563,52.316335 4.955695,52.316278 4.955722,52.31621 4.955676,52.315807 4.956039,52.315754 4.956062))";4.9553885;52.315833;
132;"WARMTE WIJK";"IN BEDRIJF";"POLYGON((4.862262 52.341483,4.862234 52.341365,4.862168 52.341321,4.862014 52.341297,4.861957 52.341262,4.861878 52.341247,4.86169 52.341258,4.861641 52.341287,4.861574 52.341276,4.861486 52.34129,4.861421 52.341329,4.861398 52.341367,4.861338 52.341403,4.861314 52.341452,4.861335 52.341528,4.861362 52.341545,4.861331 52.341602,4.861354 52.34166,4.861418 52.341699,4.861497 52.341714,4.861626 52.341701,4.861691 52.341662,4.861719 52.341575,4.861793 52.341563,4.861829 52.341585,4.86179 52.341984,4.861725 52.341958,4.861588 52.341941,4.861468 52.341906,4.861326 52.341919,4.861261 52.341958,4.86123 52.34207,4.861253 52.34213,4.861317 52.34217,4.861699 52.34221,4.861883 52.342206,4.862046 52.34223,4.862144 52.342216,4.862209 52.342177,4.862234 52.342116,4.862196 52.342033,4.862148 52.342003,4.862157 52.341907,4.862192 52.341886,4.862217 52.341832,4.862208 52.341733,4.862239 52.341622,4.862223 52.341584,4.862262 52.341483))";"POLYGON((52.341483 4.862262,52.341365 4.862234,52.341321 4.862168,52.341297 4.862014,52.341262 4.861957,52.341247 4.861878,52.341258 4.86169,52.341287 4.861641,52.341276 4.861574,52.34129 4.861486,52.341329 4.861421,52.341367 4.861398,52.341403 4.861338,52.341452 4.861314,52.341528 4.861335,52.341545 4.861362,52.341602 4.861331,52.34166 4.861354,52.341699 4.861418,52.341714 4.861497,52.341701 4.861626,52.341662 4.861691,52.341575 4.861719,52.341563 4.861793,52.341585 4.861829,52.341984 4.86179,52.341958 4.861725,52.341941 4.861588,52.341906 4.861468,52.341919 4.861326,52.341958 4.861261,52.34207 4.86123,52.34213 4.861253,52.34217 4.861317,52.34221 4.861699,52.342206 4.861883,52.34223 4.862046,52.342216 4.862144,52.342177 4.862209,52.342116 4.862234,52.342033 4.862196,52.342003 4.862148,52.341907 4.862157,52.341886 4.862192,52.341832 4.862217,52.341733 4.862208,52.341622 4.862239,52.341584 4.862223,52.341483 4.862262))";4.861751;52.3417315;
133;"WARMTE WIJK";"IN BEDRIJF";"POLYGON((4.908408 52.396888,4.908385 52.396834,4.908317 52.396791,4.908228 52.396777,4.90814 52.396791,4.906756 52.397323,4.90669 52.397312,4.90653 52.397353,4.906473 52.397389,4.90645 52.397441,4.906299 52.397498,4.906167 52.397525,4.906021 52.397618,4.905996 52.397671,4.906019 52.397725,4.906174 52.397883,4.906236 52.39792,4.906324 52.397935,4.90642 52.397921,4.906485 52.397882,4.90651 52.397828,4.90644 52.397727,4.906492 52.397683,4.907119 52.397441,4.907151 52.39746,4.90724 52.397475,4.907328 52.397461,4.907398 52.39742,4.907422 52.397366,4.907407 52.397331,4.908326 52.396978,4.908384 52.396942,4.908408 52.396888))";"POLYGON((52.396888 4.908408,52.396834 4.908385,52.396791 4.908317,52.396777 4.908228,52.396791 4.90814,52.397323 4.906756,52.397312 4.90669,52.397353 4.90653,52.397389 4.906473,52.397441 4.90645,52.397498 4.906299,52.397525 4.906167,52.397618 4.906021,52.397671 4.905996,52.397725 4.906019,52.397883 4.906174,52.39792 4.906236,52.397935 4.906324,52.397921 4.90642,52.397882 4.906485,52.397828 4.90651,52.397727 4.90644,52.397683 4.906492,52.397441 4.907119,52.39746 4.907151,52.397475 4.90724,52.397461 4.907328,52.39742 4.907398,52.397366 4.907422,52.397331 4.907407,52.396978 4.908326,52.396942 4.908384,52.396888 4.908408))";4.907207;52.397349;
134;"WARMTE WIJK";"IN BEDRIJF";"POLYGON((4.96107 52.330003,4.961047 52.329949,4.960935 52.329851,4.960914 52.329801,4.96079 52.329729,4.960701 52.329715,4.960594 52.329737,4.960524 52.329684,4.960456 52.32967,4.96031 52.329662,4.960216 52.329676,4.959971 52.329845,4.959854 52.329984,4.959834 52.330033,4.959856 52.330084,4.95982 52.330106,4.959796 52.330159,4.959819 52.330248,4.959975 52.330341,4.960064 52.330356,4.960449 52.330319,4.960563 52.33035,4.960706 52.330333,4.960916 52.330241,4.960941 52.330188,4.960925 52.330121,4.961014 52.330085,4.96107 52.330003))";"POLYGON((52.330003 4.96107,52.329949 4.961047,52.329851 4.960935,52.329801 4.960914,52.329729 4.96079,52.329715 4.960701,52.329737 4.960594,52.329684 4.960524,52.32967 4.960456,52.329662 4.96031,52.329676 4.960216,52.329845 4.959971,52.329984 4.959854,52.330033 4.959834,52.330084 4.959856,52.330106 4.95982,52.330159 4.959796,52.330248 4.959819,52.330341 4.959975,52.330356 4.960064,52.330319 4.960449,52.33035 4.960563,52.330333 4.960706,52.330241 4.960916,52.330188 4.960941,52.330121 4.960925,52.330085 4.961014,52.330003 4.96107))";4.960438;52.330002;
135;"WARMTE WIJK";"IN BEDRIJF";"POLYGON((4.853505 52.398066,4.85347 52.398002,4.852568 52.397269,4.85248 52.397255,4.852392 52.397269,4.851837 52.397529,4.851813 52.397583,4.851836 52.397637,4.851911 52.397686,4.852 52.397701,4.852335 52.397624,4.852406 52.397582,4.85243 52.397528,4.853054 52.398029,4.853059 52.398041,4.853003 52.398032,4.852914 52.398046,4.852843 52.398087,4.852823 52.398152,4.852747 52.398173,4.852677 52.398215,4.852653 52.398268,4.852676 52.398322,4.852757 52.398376,4.852845 52.398391,4.852952 52.39837,4.853433 52.398152,4.85348 52.39812,4.853505 52.398066))";"POLYGON((52.398066 4.853505,52.398002 4.85347,52.397269 4.852568,52.397255 4.85248,52.397269 4.852392,52.397529 4.851837,52.397583 4.851813,52.397637 4.851836,52.397686 4.851911,52.397701 4.852,52.397624 4.852335,52.397582 4.852406,52.397528 4.85243,52.398029 4.853054,52.398041 4.853059,52.398032 4.853003,52.398046 4.852914,52.398087 4.852843,52.398152 4.852823,52.398173 4.852747,52.398215 4.852677,52.398268 4.852653,52.398322 4.852676,52.398376 4.852757,52.398391 4.852845,52.39837 4.852952,52.398152 4.853433,52.39812 4.85348,52.398066 4.853505))";4.852664;52.397816;
136;"WARMTE WIJK";"IN BEDRIJF";"POLYGON((4.913524 52.389568,4.913499 52.389507,4.913433 52.389465,4.913326 52.389425,4.912925 52.389332,4.912758 52.38936,4.912641 52.389409,4.912583 52.389505,4.912523 52.38955,4.912477 52.389681,4.91251 52.389768,4.912586 52.389842,4.912818 52.389909,4.912832 52.389976,4.912888 52.390022,4.912806 52.390143,4.9128 52.3902,4.912872 52.390321,4.912962 52.390369,4.913055 52.390384,4.913136 52.390378,4.913241 52.390327,4.913275 52.390268,4.913273 52.390214,4.913202 52.390136,4.913261 52.390051,4.913273 52.389996,4.91322 52.389914,4.913222 52.389853,4.913257 52.389801,4.913489 52.389632,4.913524 52.389568))";"POLYGON((52.389568 4.913524,52.389507 4.913499,52.389465 4.913433,52.389425 4.913326,52.389332 4.912925,52.38936 4.912758,52.389409 4.912641,52.389505 4.912583,52.38955 4.912523,52.389681 4.912477,52.389768 4.91251,52.389842 4.912586,52.389909 4.912818,52.389976 4.912832,52.390022 4.912888,52.390143 4.912806,52.3902 4.9128,52.390321 4.912872,52.390369 4.912962,52.390384 4.913055,52.390378 4.913136,52.390327 4.913241,52.390268 4.913275,52.390214 4.913273,52.390136 4.913202,52.390051 4.913261,52.389996 4.913273,52.389914 4.91322,52.389853 4.913222,52.389801 4.913257,52.389632 4.913489,52.389568 4.913524))";4.9130055;52.389851;
137;"WARMTE WIJK";"IN BEDRIJF";"POLYGON((4.904835 52.396675,4.904812 52.396621,4.904728 52.396539,4.904663 52.3965,4.90457 52.396484,4.904481 52.396498,4.904155 52.396622,4.904097 52.396659,4.904059 52.396717,4.903509 52.396174,4.903447 52.396137,4.903359 52.396122,4.903271 52.396136,4.903205 52.396176,4.903178 52.396233,4.903201 52.396287,4.903857 52.396942,4.90406 52.397135,4.904121 52.397172,4.904254 52.397196,4.904342 52.397182,4.904429 52.397134,4.904461 52.397061,4.904438 52.397007,4.904373 52.396967,4.904299 52.396954,4.904253 52.396909,4.904452 52.396811,4.904476 52.396758,4.904543 52.396789,4.904636 52.396805,4.904748 52.396784,4.904806 52.396746,4.904835 52.396675))";"POLYGON((52.396675 4.904835,52.396621 4.904812,52.396539 4.904728,52.3965 4.904663,52.396484 4.90457,52.396498 4.904481,52.396622 4.904155,52.396659 4.904097,52.396717 4.904059,52.396174 4.903509,52.396137 4.903447,52.396122 4.903359,52.396136 4.903271,52.396176 4.903205,52.396233 4.903178,52.396287 4.903201,52.396942 4.903857,52.397135 4.90406,52.397172 4.904121,52.397196 4.904254,52.397182 4.904342,52.397134 4.904429,52.397061 4.904461,52.397007 4.904438,52.396967 4.904373,52.396954 4.904299,52.396909 4.904253,52.396811 4.904452,52.396758 4.904476,52.396789 4.904543,52.396805 4.904636,52.396784 4.904748,52.396746 4.904806,52.396675 4.904835))";4.9040115;52.396652;
138;"WARMTE WIJK";"IN BEDRIJF";"POLYGON((4.841696 52.367631,4.841673 52.367573,4.841609 52.367533,4.841455 52.367518,4.841366 52.367532,4.841301 52.367571,4.841276 52.367618,4.841146 52.367604,4.841057 52.367618,4.840983 52.367678,4.840839 52.36767,4.840857 52.367631,4.840834 52.367574,4.84077 52.367534,4.840598 52.367509,4.840491 52.367523,4.840426 52.367562,4.840401 52.367616,4.840391 52.367736,4.840414 52.367793,4.840379 52.367935,4.840402 52.367993,4.840489 52.368054,4.840675 52.368069,4.840763 52.368055,4.840828 52.368016,4.840842 52.367986,4.84091 52.367993,4.84099 52.36798,4.841017 52.368055,4.841081 52.368095,4.84117 52.36811,4.841264 52.368096,4.841336 52.368041,4.841442 52.368067,4.841603 52.368054,4.841668 52.368015,4.841692 52.367961,4.841671 52.367814,4.841695 52.367762,4.841677 52.367674,4.841696 52.367631))";"POLYGON((52.367631 4.841696,52.367573 4.841673,52.367533 4.841609,52.367518 4.841455,52.367532 4.841366,52.367571 4.841301,52.367618 4.841276,52.367604 4.841146,52.367618 4.841057,52.367678 4.840983,52.36767 4.840839,52.367631 4.840857,52.367574 4.840834,52.367534 4.84077,52.367509 4.840598,52.367523 4.840491,52.367562 4.840426,52.367616 4.840401,52.367736 4.840391,52.367793 4.840414,52.367935 4.840379,52.367993 4.840402,52.368054 4.840489,52.368069 4.840675,52.368055 4.840763,52.368016 4.840828,52.367986 4.840842,52.367993 4.84091,52.36798 4.84099,52.368055 4.841017,52.368095 4.841081,52.36811 4.84117,52.368096 4.841264,52.368041 4.841336,52.368067 4.841442,52.368054 4.841603,52.368015 4.841668,52.367961 4.841692,52.367814 4.841671,52.367762 4.841695,52.367674 4.841677,52.367631 4.841696))";4.8410425;52.3678025;
139;"WARMTE WIJK";"IN BEDRIJF";"POLYGON((4.845097 52.349452,4.845075 52.349358,4.84501 52.349318,4.844922 52.349303,4.844709 52.349317,4.844636 52.349372,4.844542 52.349353,4.844267 52.349355,4.84411 52.349393,4.844045 52.349432,4.84402 52.349486,4.844009 52.349863,4.844031 52.349924,4.844095 52.349963,4.844181 52.349978,4.844451 52.349982,4.844504 52.350015,4.844665 52.35003,4.844732 52.350076,4.84482 52.350091,4.844983 52.350054,4.845048 52.350015,4.845073 52.349961,4.845056 52.349918,4.845086 52.349842,4.845063 52.349788,4.844999 52.349748,4.844911 52.349733,4.844764 52.349753,4.844699 52.349793,4.844579 52.349764,4.844381 52.349761,4.844375 52.349628,4.844468 52.349584,4.8448 52.349595,4.844888 52.349581,4.844925 52.349559,4.845008 52.349545,4.845073 52.349506,4.845097 52.349452))";"POLYGON((52.349452 4.845097,52.349358 4.845075,52.349318 4.84501,52.349303 4.844922,52.349317 4.844709,52.349372 4.844636,52.349353 4.844542,52.349355 4.844267,52.349393 4.84411,52.349432 4.844045,52.349486 4.84402,52.349863 4.844009,52.349924 4.844031,52.349963 4.844095,52.349978 4.844181,52.349982 4.844451,52.350015 4.844504,52.35003 4.844665,52.350076 4.844732,52.350091 4.84482,52.350054 4.844983,52.350015 4.845048,52.349961 4.845073,52.349918 4.845056,52.349842 4.845086,52.349788 4.845063,52.349748 4.844999,52.349733 4.844911,52.349753 4.844764,52.349793 4.844699,52.349764 4.844579,52.349761 4.844381,52.349628 4.844375,52.349584 4.844468,52.349595 4.8448,52.349581 4.844888,52.349559 4.844925,52.349545 4.845008,52.349506 4.845073,52.349452 4.845097))";4.844558;52.34969;
140;"WARMTE WIJK";"IN BEDRIJF";"POLYGON((4.839446 52.349025,4.839448 52.348853,4.839425 52.348799,4.839361 52.348759,4.839304 52.34856,4.83924 52.34852,4.839152 52.348505,4.838304 52.348502,4.838217 52.348517,4.838151 52.348556,4.838127 52.34861,4.83817 52.348679,4.838147 52.34873,4.838188 52.348824,4.838252 52.348864,4.838423 52.348898,4.838523 52.348899,4.838668 52.348896,4.838859 52.348861,4.83898 52.34887,4.838996 52.348908,4.839083 52.34897,4.83906 52.34902,4.839066 52.349146,4.839089 52.3492,4.839154 52.34924,4.839267 52.349257,4.839355 52.349243,4.83942 52.349204,4.839445 52.34915,4.839446 52.349025))";"POLYGON((52.349025 4.839446,52.348853 4.839448,52.348799 4.839425,52.348759 4.839361,52.34856 4.839304,52.34852 4.83924,52.348505 4.839152,52.348502 4.838304,52.348517 4.838217,52.348556 4.838151,52.34861 4.838127,52.348679 4.83817,52.34873 4.838147,52.348824 4.838188,52.348864 4.838252,52.348898 4.838423,52.348899 4.838523,52.348896 4.838668,52.348861 4.838859,52.34887 4.83898,52.348908 4.838996,52.34897 4.839083,52.34902 4.83906,52.349146 4.839066,52.3492 4.839089,52.34924 4.839154,52.349257 4.839267,52.349243 4.839355,52.349204 4.83942,52.34915 4.839445,52.349025 4.839446))";4.8387925;52.3488725;
141;"WARMTE WIJK";"IN BEDRIJF";"POLYGON((4.878813 52.367083,4.878789 52.367028,4.878725 52.366989,4.87863 52.366972,4.878542 52.366986,4.878365 52.366948,4.878276 52.366963,4.878211 52.367002,4.878166 52.367064,4.878152 52.367106,4.878175 52.36716,4.878126 52.36727,4.878148 52.367322,4.878083 52.367415,4.878044 52.367439,4.877807 52.367832,4.87783 52.367886,4.877894 52.367926,4.878055 52.367969,4.878038 52.368015,4.878061 52.368069,4.878125 52.368109,4.87822 52.368125,4.878309 52.368111,4.878374 52.368072,4.878459 52.367953,4.878473 52.367911,4.87845 52.367857,4.878386 52.367817,4.878225 52.367774,4.878365 52.367572,4.878469 52.36759,4.878558 52.367576,4.878623 52.367537,4.87866 52.367465,4.878637 52.367411,4.878534 52.367364,4.878571 52.367291,4.878548 52.367237,4.878679 52.367228,4.878744 52.367189,4.878813 52.367083))";"POLYGON((52.367083 4.878813,52.367028 4.878789,52.366989 4.878725,52.366972 4.87863,52.366986 4.878542,52.366948 4.878365,52.366963 4.878276,52.367002 4.878211,52.367064 4.878166,52.367106 4.878152,52.36716 4.878175,52.36727 4.878126,52.367322 4.878148,52.367415 4.878083,52.367439 4.878044,52.367832 4.877807,52.367886 4.87783,52.367926 4.877894,52.367969 4.878055,52.368015 4.878038,52.368069 4.878061,52.368109 4.878125,52.368125 4.87822,52.368111 4.878309,52.368072 4.878374,52.367953 4.878459,52.367911 4.878473,52.367857 4.87845,52.367817 4.878386,52.367774 4.878225,52.367572 4.878365,52.36759 4.878469,52.367576 4.878558,52.367537 4.878623,52.367465 4.87866,52.367411 4.878637,52.367364 4.878534,52.367291 4.878571,52.367237 4.878548,52.367228 4.878679,52.367189 4.878744,52.367083 4.878813))";4.878315;52.3675295;
142;"WARMTE WIJK";"IN BEDRIJF";"POLYGON((4.886865 52.393153,4.886842 52.393099,4.886778 52.39306,4.886686 52.393042,4.88658 52.393065,4.886558 52.393009,4.886493 52.392969,4.8864 52.392953,4.886271 52.392983,4.886216 52.392957,4.886128 52.392942,4.88604 52.392956,4.885927 52.393028,4.885879 52.392999,4.885791 52.392984,4.885641 52.393008,4.885576 52.393047,4.885536 52.393191,4.885559 52.393241,4.885628 52.393283,4.885803 52.393301,4.885758 52.393376,4.885783 52.393438,4.885847 52.393478,4.885936 52.393492,4.88599 52.393484,4.88603 52.393568,4.886083 52.393596,4.886171 52.39361,4.88626 52.393596,4.886329 52.393555,4.886385 52.39351,4.886409 52.393457,4.886386 52.393403,4.886236 52.393305,4.886148 52.393209,4.886379 52.393298,4.886547 52.393337,4.886635 52.393323,4.886759 52.393265,4.886841 52.393207,4.886865 52.393153))";"POLYGON((52.393153 4.886865,52.393099 4.886842,52.39306 4.886778,52.393042 4.886686,52.393065 4.88658,52.393009 4.886558,52.392969 4.886493,52.392953 4.8864,52.392983 4.886271,52.392957 4.886216,52.392942 4.886128,52.392956 4.88604,52.393028 4.885927,52.392999 4.885879,52.392984 4.885791,52.393008 4.885641,52.393047 4.885576,52.393191 4.885536,52.393241 4.885559,52.393283 4.885628,52.393301 4.885803,52.393376 4.885758,52.393438 4.885783,52.393478 4.885847,52.393492 4.885936,52.393484 4.88599,52.393568 4.88603,52.393596 4.886083,52.39361 4.886171,52.393596 4.88626,52.393555 4.886329,52.39351 4.886385,52.393457 4.886409,52.393403 4.886386,52.393305 4.886236,52.393209 4.886148,52.393298 4.886379,52.393337 4.886547,52.393323 4.886635,52.393265 4.886759,52.393207 4.886841,52.393153 4.886865))";4.8862055;52.393269;
143;"WARMTE WIJK";"IN BEDRIJF";"POLYGON((4.876159 52.336536,4.876136 52.336478,4.876072 52.336439,4.875984 52.336424,4.875985 52.336306,4.875962 52.336252,4.875903 52.336216,4.875925 52.336156,4.875902 52.336102,4.875838 52.336062,4.875681 52.336047,4.875573 52.336061,4.8755 52.336117,4.875429 52.33606,4.875229 52.336045,4.87514 52.336059,4.875075 52.336098,4.875051 52.336165,4.875165 52.336329,4.875066 52.336418,4.875042 52.336472,4.875065 52.33653,4.875129 52.336569,4.875354 52.336612,4.875486 52.336585,4.875593 52.336612,4.875657 52.336603,4.875697 52.336628,4.875785 52.336643,4.875982 52.336643,4.87607 52.336629,4.876135 52.33659,4.876159 52.336536))";"POLYGON((52.336536 4.876159,52.336478 4.876136,52.336439 4.876072,52.336424 4.875984,52.336306 4.875985,52.336252 4.875962,52.336216 4.875903,52.336156 4.875925,52.336102 4.875902,52.336062 4.875838,52.336047 4.875681,52.336061 4.875573,52.336117 4.8755,52.33606 4.875429,52.336045 4.875229,52.336059 4.87514,52.336098 4.875075,52.336165 4.875051,52.336329 4.875165,52.336418 4.875066,52.336472 4.875042,52.33653 4.875065,52.336569 4.875129,52.336612 4.875354,52.336585 4.875486,52.336612 4.875593,52.336603 4.875657,52.336628 4.875697,52.336643 4.875785,52.336643 4.875982,52.336629 4.87607,52.33659 4.876135,52.336536 4.876159))";4.8756055;52.336337;
144;"WARMTE WIJK";"IN BEDRIJF";"POLYGON((4.882253 52.392893,4.88223 52.392839,4.88204 52.392747,4.881968 52.392689,4.881875 52.392663,4.881692 52.392546,4.881599 52.39252,4.881457 52.392433,4.881379 52.392418,4.881368 52.392393,4.881304 52.392353,4.881179 52.392301,4.881083 52.392231,4.881014 52.392217,4.880872 52.39213,4.88078 52.392113,4.880691 52.392127,4.880586 52.392195,4.880562 52.392249,4.880585 52.392303,4.880624 52.392332,4.881087 52.392572,4.881131 52.392612,4.881249 52.392655,4.881782 52.392931,4.881932 52.393025,4.882021 52.39304,4.882109 52.393026,4.882229 52.392947,4.882253 52.392893))";"POLYGON((52.392893 4.882253,52.392839 4.88223,52.392747 4.88204,52.392689 4.881968,52.392663 4.881875,52.392546 4.881692,52.39252 4.881599,52.392433 4.881457,52.392418 4.881379,52.392393 4.881368,52.392353 4.881304,52.392301 4.881179,52.392231 4.881083,52.392217 4.881014,52.39213 4.880872,52.392113 4.88078,52.392127 4.880691,52.392195 4.880586,52.392249 4.880562,52.392303 4.880585,52.392332 4.880624,52.392572 4.881087,52.392612 4.881131,52.392655 4.881249,52.392931 4.881782,52.393025 4.881932,52.39304 4.882021,52.393026 4.882109,52.392947 4.882229,52.392893 4.882253))";4.8814125;52.3925695;
145;"WARMTE WIJK";"IN BEDRIJF";"POLYGON((4.80538 52.378174,4.805357 52.37812,4.805288 52.378077,4.805083 52.378042,4.805027 52.378051,4.804958 52.378,4.804872 52.377986,4.804353 52.377979,4.804128 52.378007,4.804072 52.378041,4.803962 52.378013,4.803745 52.378056,4.803671 52.378098,4.803629 52.3782,4.803624 52.378305,4.803646 52.378368,4.803711 52.378408,4.803869 52.378423,4.80396 52.378409,4.804025 52.37837,4.804049 52.378316,4.804032 52.378262,4.804208 52.378263,4.804307 52.378249,4.804366 52.378214,4.80447 52.3782,4.804699 52.378203,4.804771 52.378262,4.804896 52.378277,4.805031 52.378362,4.80512 52.378377,4.805214 52.378363,4.805279 52.378323,4.805304 52.378259,4.805356 52.378228,4.80538 52.378174))";"POLYGON((52.378174 4.80538,52.37812 4.805357,52.378077 4.805288,52.378042 4.805083,52.378051 4.805027,52.378 4.804958,52.377986 4.804872,52.377979 4.804353,52.378007 4.804128,52.378041 4.804072,52.378013 4.803962,52.378056 4.803745,52.378098 4.803671,52.3782 4.803629,52.378305 4.803624,52.378368 4.803646,52.378408 4.803711,52.378423 4.803869,52.378409 4.80396,52.37837 4.804025,52.378316 4.804049,52.378262 4.804032,52.378263 4.804208,52.378249 4.804307,52.378214 4.804366,52.3782 4.80447,52.378203 4.804699,52.378262 4.804771,52.378277 4.804896,52.378362 4.805031,52.378377 4.80512,52.378363 4.805214,52.378323 4.805279,52.378259 4.805304,52.378228 4.805356,52.378174 4.80538))";4.804507;52.378194;
146;"WARMTE WIJK";"IN BEDRIJF";"POLYGON((4.870552 52.381649,4.870529 52.381595,4.870465 52.381555,4.87028 52.381526,4.870316 52.381435,4.870293 52.381381,4.870229 52.381342,4.870133 52.381326,4.870045 52.38134,4.86998 52.381379,4.869916 52.381503,4.869843 52.381532,4.869781 52.381526,4.869693 52.38154,4.869628 52.38158,4.869534 52.381818,4.869456 52.381859,4.869388 52.382028,4.869207 52.382107,4.869183 52.382161,4.869206 52.382215,4.86927 52.382255,4.869361 52.38227,4.869449 52.382257,4.869635 52.382193,4.869701 52.382153,4.869756 52.382024,4.869836 52.381983,4.869921 52.381768,4.870045 52.381757,4.870091 52.381729,4.870356 52.381777,4.870456 52.381764,4.870521 52.381725,4.870552 52.381649))";"POLYGON((52.381649 4.870552,52.381595 4.870529,52.381555 4.870465,52.381526 4.87028,52.381435 4.870316,52.381381 4.870293,52.381342 4.870229,52.381326 4.870133,52.38134 4.870045,52.381379 4.86998,52.381503 4.869916,52.381532 4.869843,52.381526 4.869781,52.38154 4.869693,52.38158 4.869628,52.381818 4.869534,52.381859 4.869456,52.382028 4.869388,52.382107 4.869207,52.382161 4.869183,52.382215 4.869206,52.382255 4.86927,52.38227 4.869361,52.382257 4.869449,52.382193 4.869635,52.382153 4.869701,52.382024 4.869756,52.381983 4.869836,52.381768 4.869921,52.381757 4.870045,52.381729 4.870091,52.381777 4.870356,52.381764 4.870456,52.381725 4.870521,52.381649 4.870552))";4.8698725;52.381791;
147;"WARMTE WIJK";"IN BEDRIJF";"POLYGON((4.856234 52.396257,4.856211 52.396203,4.856143 52.396156,4.856056 52.396142,4.85573 52.396139,4.855699 52.39612,4.855611 52.396105,4.855517 52.396119,4.855451 52.396158,4.855427 52.39621,4.855474 52.396449,4.855539 52.396489,4.855621 52.396504,4.855614 52.396692,4.855637 52.396747,4.855702 52.396787,4.855775 52.3968,4.855772 52.396915,4.85574 52.396973,4.855763 52.397031,4.855828 52.39707,4.855913 52.397085,4.856041 52.397072,4.856106 52.397032,4.856131 52.39698,4.856141 52.396696,4.856117 52.39664,4.856053 52.396601,4.855979 52.396588,4.855972 52.396364,4.856145 52.39635,4.85621 52.396311,4.856234 52.396257))";"POLYGON((52.396257 4.856234,52.396203 4.856211,52.396156 4.856143,52.396142 4.856056,52.396139 4.85573,52.39612 4.855699,52.396105 4.855611,52.396119 4.855517,52.396158 4.855451,52.39621 4.855427,52.396449 4.855474,52.396489 4.855539,52.396504 4.855621,52.396692 4.855614,52.396747 4.855637,52.396787 4.855702,52.3968 4.855775,52.396915 4.855772,52.396973 4.85574,52.397031 4.855763,52.39707 4.855828,52.397085 4.855913,52.397072 4.856041,52.397032 4.856106,52.39698 4.856131,52.396696 4.856141,52.39664 4.856117,52.396601 4.856053,52.396588 4.855979,52.396364 4.855972,52.39635 4.856145,52.396311 4.85621,52.396257 4.856234))";4.8558355;52.396588;
148;"WARMTE WIJK";"IN BEDRIJF";"POLYGON((4.805675 52.403298,4.805641 52.403237,4.805653 52.402856,4.80563 52.402802,4.805546 52.402759,4.805523 52.402667,4.805459 52.402627,4.805371 52.402612,4.805186 52.402625,4.805121 52.402665,4.805095 52.40278,4.805118 52.402834,4.805183 52.402874,4.805208 52.402911,4.805292 52.402954,4.805284 52.403186,4.805203 52.403227,4.805178 52.403279,4.805162 52.4036,4.805185 52.403656,4.80525 52.403696,4.805338 52.403711,4.805432 52.403697,4.805497 52.403658,4.805549 52.403531,4.805532 52.403403,4.805585 52.403394,4.80565 52.403355,4.805675 52.403298))";"POLYGON((52.403298 4.805675,52.403237 4.805641,52.402856 4.805653,52.402802 4.80563,52.402759 4.805546,52.402667 4.805523,52.402627 4.805459,52.402612 4.805371,52.402625 4.805186,52.402665 4.805121,52.40278 4.805095,52.402834 4.805118,52.402874 4.805183,52.402911 4.805208,52.402954 4.805292,52.403186 4.805284,52.403227 4.805203,52.403279 4.805178,52.4036 4.805162,52.403656 4.805185,52.403696 4.80525,52.403711 4.805338,52.403697 4.805432,52.403658 4.805497,52.403531 4.805549,52.403403 4.805532,52.403394 4.805585,52.403355 4.80565,52.403298 4.805675))";4.80539;52.4031545;
149;"WARMTE WIJK";"IN BEDRIJF";"POLYGON((4.950538 52.319996,4.950515 52.319942,4.950413 52.319879,4.949472 52.319563,4.949387 52.319549,4.949298 52.319564,4.949193 52.319619,4.949166 52.319676,4.949189 52.31973,4.949253 52.31977,4.949361 52.319791,4.949329 52.319904,4.949353 52.319958,4.949417 52.319998,4.94951 52.320014,4.949598 52.32,4.949708 52.319911,4.949751 52.319919,4.949862 52.319969,4.949986 52.319992,4.949962 52.320062,4.949985 52.320116,4.950049 52.320156,4.950197 52.320191,4.950285 52.320177,4.950375 52.320104,4.950446 52.320092,4.950511 52.320053,4.950538 52.319996))";"POLYGON((52.319996 4.950538,52.319942 4.950515,52.319879 4.950413,52.319563 4.949472,52.319549 4.949387,52.319564 4.949298,52.319619 4.949193,52.319676 4.949166,52.31973 4.949189,52.31977 4.949253,52.319791 4.949361,52.319904 4.949329,52.319958 4.949353,52.319998 4.949417,52.320014 4.94951,52.32 4.949598,52.319911 4.949708,52.319919 4.949751,52.319969 4.949862,52.319992 4.949986,52.320062 4.949962,52.320116 4.949985,52.320156 4.950049,52.320191 4.950197,52.320177 4.950285,52.320104 4.950375,52.320092 4.950446,52.320053 4.950511,52.319996 4.950538))";4.949857;52.319863;
150;"WARMTE WIJK";"IN BEDRIJF";"POLYGON((4.868432 52.340471,4.868409 52.340417,4.86831 52.34037,4.868344 52.34007,4.868322 52.340009,4.868251 52.339964,4.868163 52.339949,4.868074 52.339963,4.868009 52.340003,4.867985 52.34005,4.867938 52.340461,4.867961 52.340522,4.868063 52.340569,4.868058 52.340621,4.867886 52.340633,4.86779 52.340693,4.867764 52.34077,4.867786 52.340829,4.867851 52.340869,4.867939 52.340883,4.868033 52.34087,4.868077 52.340843,4.868226 52.340845,4.868319 52.340831,4.868384 52.340792,4.868408 52.340743,4.868432 52.340471))";"POLYGON((52.340471 4.868432,52.340417 4.868409,52.34037 4.86831,52.34007 4.868344,52.340009 4.868322,52.339964 4.868251,52.339949 4.868163,52.339963 4.868074,52.340003 4.868009,52.34005 4.867985,52.340461 4.867938,52.340522 4.867961,52.340569 4.868063,52.340621 4.868058,52.340633 4.867886,52.340693 4.86779,52.34077 4.867764,52.340829 4.867786,52.340869 4.867851,52.340883 4.867939,52.34087 4.868033,52.340843 4.868077,52.340845 4.868226,52.340831 4.868319,52.340792 4.868384,52.340743 4.868408,52.340471 4.868432))";4.868103;52.340409;
151;"WARMTE WIJK";"IN BEDRIJF";"POLYGON((4.931026 52.402313,4.930999 52.402197,4.930978 52.40216,4.930917 52.402122,4.930861 52.401951,4.930797 52.401912,4.930732 52.401901,4.93073 52.401839,4.930654 52.401736,4.93059 52.401696,4.930501 52.401681,4.930367 52.401702,4.930302 52.401741,4.930278 52.401795,4.930294 52.401832,4.930241 52.401863,4.930217 52.401917,4.93026 52.402022,4.930301 52.402047,4.930282 52.402088,4.930313 52.402174,4.930377 52.402214,4.930466 52.402228,4.930512 52.402268,4.930495 52.402305,4.930534 52.402393,4.930598 52.402433,4.930686 52.402447,4.930897 52.402421,4.930997 52.402371,4.931026 52.402313))";"POLYGON((52.402313 4.931026,52.402197 4.930999,52.40216 4.930978,52.402122 4.930917,52.401951 4.930861,52.401912 4.930797,52.401901 4.930732,52.401839 4.93073,52.401736 4.930654,52.401696 4.93059,52.401681 4.930501,52.401702 4.930367,52.401741 4.930302,52.401795 4.930278,52.401832 4.930294,52.401863 4.930241,52.401917 4.930217,52.402022 4.93026,52.402047 4.930301,52.402088 4.930282,52.402174 4.930313,52.402214 4.930377,52.402228 4.930466,52.402268 4.930512,52.402305 4.930495,52.402393 4.930534,52.402433 4.930598,52.402447 4.930686,52.402421 4.930897,52.402371 4.930997,52.402313 4.931026))";4.9306265;52.402057;
152;"WARMTE WIJK";"IN BEDRIJF";"POLYGON((4.838692 52.363332,4.838652 52.36316,4.838588 52.36312,4.838502 52.363105,4.837901 52.363097,4.837904 52.362984,4.837881 52.362929,4.837817 52.362889,4.837731 52.362875,4.837546 52.362888,4.837474 52.362905,4.837409 52.362944,4.837385 52.362998,4.837408 52.363055,4.837472 52.363095,4.837542 52.363107,4.837539 52.363205,4.837562 52.363261,4.837626 52.3633,4.837712 52.363315,4.838306 52.363322,4.838329 52.363384,4.838393 52.363424,4.838479 52.363439,4.838603 52.363425,4.838668 52.363386,4.838692 52.363332))";"POLYGON((52.363332 4.838692,52.36316 4.838652,52.36312 4.838588,52.363105 4.838502,52.363097 4.837901,52.362984 4.837904,52.362929 4.837881,52.362889 4.837817,52.362875 4.837731,52.362888 4.837546,52.362905 4.837474,52.362944 4.837409,52.362998 4.837385,52.363055 4.837408,52.363095 4.837472,52.363107 4.837542,52.363205 4.837539,52.363261 4.837562,52.3633 4.837626,52.363315 4.837712,52.363322 4.838306,52.363384 4.838329,52.363424 4.838393,52.363439 4.838479,52.363425 4.838603,52.363386 4.838668,52.363332 4.838692))";4.8380435;52.36315;
153;"WARMTE WIJK";"IN BEDRIJF";"POLYGON((4.837628 52.366839,4.837605 52.366785,4.83754 52.366745,4.837448 52.366728,4.837321 52.36676,4.837231 52.366835,4.837207 52.366897,4.837008 52.366903,4.836944 52.366758,4.836897 52.366734,4.836809 52.366719,4.83672 52.366733,4.836651 52.366775,4.836626 52.366828,4.836627 52.367011,4.83666 52.367097,4.836724 52.367137,4.836811 52.367152,4.836884 52.367143,4.836996 52.367172,4.837114 52.367144,4.837162 52.367173,4.83725 52.367188,4.837374 52.367158,4.837506 52.367145,4.837571 52.367106,4.837616 52.367021,4.837628 52.366839))";"POLYGON((52.366839 4.837628,52.366785 4.837605,52.366745 4.83754,52.366728 4.837448,52.36676 4.837321,52.366835 4.837231,52.366897 4.837207,52.366903 4.837008,52.366758 4.836944,52.366734 4.836897,52.366719 4.836809,52.366733 4.83672,52.366775 4.836651,52.366828 4.836626,52.367011 4.836627,52.367097 4.83666,52.367137 4.836724,52.367152 4.836811,52.367143 4.836884,52.367172 4.836996,52.367144 4.837114,52.367173 4.837162,52.367188 4.83725,52.367158 4.837374,52.367145 4.837506,52.367106 4.837571,52.367021 4.837616,52.366839 4.837628))";4.837132;52.3669465;
154;"WARMTE WIJK";"IN BEDRIJF";"POLYGON((4.905819 52.396021,4.905796 52.395967,4.905729 52.395925,4.905649 52.395902,4.90556 52.395887,4.905427 52.395918,4.905251 52.395746,4.905189 52.395709,4.905101 52.395695,4.904995 52.395715,4.90491 52.395667,4.904715 52.395626,4.904626 52.39564,4.904549 52.395684,4.904525 52.395738,4.904548 52.395792,4.904602 52.395844,4.904664 52.395881,4.904741 52.395894,4.904836 52.395964,4.904925 52.395979,4.905038 52.395956,4.905224 52.396134,4.905282 52.396167,4.90537 52.396182,4.905458 52.396168,4.905538 52.396136,4.905598 52.396146,4.905687 52.396132,4.905795 52.396075,4.905819 52.396021))";"POLYGON((52.396021 4.905819,52.395967 4.905796,52.395925 4.905729,52.395902 4.905649,52.395887 4.90556,52.395918 4.905427,52.395746 4.905251,52.395709 4.905189,52.395695 4.905101,52.395715 4.904995,52.395667 4.90491,52.395626 4.904715,52.39564 4.904626,52.395684 4.904549,52.395738 4.904525,52.395792 4.904548,52.395844 4.904602,52.395881 4.904664,52.395894 4.904741,52.395964 4.904836,52.395979 4.904925,52.395956 4.905038,52.396134 4.905224,52.396167 4.905282,52.396182 4.90537,52.396168 4.905458,52.396136 4.905538,52.396146 4.905598,52.396132 4.905687,52.396075 4.905795,52.396021 4.905819))";4.905177;52.395897;
155;"WARMTE WIJK";"IN BEDRIJF";"POLYGON((4.886088 52.333469,4.886052 52.333347,4.885987 52.333307,4.885899 52.333292,4.88514 52.33329,4.885052 52.333304,4.884987 52.333344,4.884962 52.333398,4.884985 52.333531,4.885049 52.33357,4.885137 52.333585,4.885231 52.333571,4.885758 52.333576,4.885825 52.333565,4.885911 52.333576,4.885998 52.333562,4.886064 52.333523,4.886088 52.333469))";"POLYGON((52.333469 4.886088,52.333347 4.886052,52.333307 4.885987,52.333292 4.885899,52.33329 4.88514,52.333304 4.885052,52.333344 4.884987,52.333398 4.884962,52.333531 4.884985,52.33357 4.885049,52.333585 4.885137,52.333571 4.885231,52.333576 4.885758,52.333565 4.885825,52.333576 4.885911,52.333562 4.885998,52.333523 4.886064,52.333469 4.886088))";4.88553;52.3334305;
156;"WARMTE WIJK";"IN BEDRIJF";"POLYGON((4.820333 52.379419,4.820293 52.379241,4.820193 52.379195,4.820146 52.37911,4.820081 52.37907,4.819993 52.379055,4.819878 52.379073,4.819813 52.379113,4.819788 52.379167,4.819829 52.379257,4.81946 52.379327,4.819395 52.379366,4.81937 52.37942,4.8194 52.379497,4.819467 52.379539,4.819555 52.379554,4.819912 52.379498,4.819951 52.37948,4.820006 52.379478,4.820061 52.379512,4.82015 52.379527,4.820244 52.379512,4.820309 52.379473,4.820333 52.379419))";"POLYGON((52.379419 4.820333,52.379241 4.820293,52.379195 4.820193,52.37911 4.820146,52.37907 4.820081,52.379055 4.819993,52.379073 4.819878,52.379113 4.819813,52.379167 4.819788,52.379257 4.819829,52.379327 4.81946,52.379366 4.819395,52.37942 4.81937,52.379497 4.8194,52.379539 4.819467,52.379554 4.819555,52.379498 4.819912,52.37948 4.819951,52.379478 4.820006,52.379512 4.820061,52.379527 4.82015,52.379512 4.820244,52.379473 4.820309,52.379419 4.820333))";4.8198565;52.3792975;
157;"WARMTE WIJK";"IN BEDRIJF";"POLYGON((4.960314 52.318581,4.960291 52.318527,4.960177 52.31847,4.960092 52.318456,4.960003 52.31847,4.959898 52.318542,4.959885 52.318512,4.959823 52.318473,4.959674 52.318436,4.959436 52.318476,4.959371 52.318515,4.959333 52.318585,4.959366 52.318702,4.95943 52.318742,4.959539 52.318764,4.959582 52.318757,4.95979 52.318834,4.959874 52.318847,4.960002 52.318826,4.960075 52.318789,4.960162 52.318775,4.960227 52.318736,4.960249 52.318667,4.960292 52.318633,4.960314 52.318581))";"POLYGON((52.318581 4.960314,52.318527 4.960291,52.31847 4.960177,52.318456 4.960092,52.31847 4.960003,52.318542 4.959898,52.318512 4.959885,52.318473 4.959823,52.318436 4.959674,52.318476 4.959436,52.318515 4.959371,52.318585 4.959333,52.318702 4.959366,52.318742 4.95943,52.318764 4.959539,52.318757 4.959582,52.318834 4.95979,52.318847 4.959874,52.318826 4.960002,52.318789 4.960075,52.318775 4.960162,52.318736 4.960227,52.318667 4.960249,52.318633 4.960292,52.318581 4.960314))";4.9598285;52.3186345;
158;"WARMTE WIJK";"IN BEDRIJF";"POLYGON((4.788628 52.361986,4.788605 52.361932,4.788541 52.361893,4.788461 52.361874,4.788319 52.361883,4.788254 52.361922,4.787931 52.36251,4.787945 52.362598,4.788009 52.362637,4.788153 52.362664,4.788241 52.36265,4.788307 52.36261,4.788333 52.362552,4.788313 52.362506,4.788545 52.362078,4.788601 52.362045,4.788628 52.361986))";"POLYGON((52.361986 4.788628,52.361932 4.788605,52.361893 4.788541,52.361874 4.788461,52.361883 4.788319,52.361922 4.788254,52.36251 4.787931,52.362598 4.787945,52.362637 4.788009,52.362664 4.788153,52.36265 4.788241,52.36261 4.788307,52.362552 4.788333,52.362506 4.788313,52.362078 4.788545,52.362045 4.788601,52.361986 4.788628))";4.7882845;52.362262;
159;"WARMTE WIJK";"IN BEDRIJF";"POLYGON((4.963345 52.390379,4.963322 52.390325,4.963205 52.39027,4.963133 52.390261,4.963045 52.390275,4.96298 52.390314,4.962698 52.390719,4.962686 52.390787,4.962709 52.390841,4.962773 52.390881,4.962867 52.390897,4.962955 52.390883,4.96302 52.390844,4.963345 52.390379))";"POLYGON((52.390379 4.963345,52.390325 4.963322,52.39027 4.963205,52.390261 4.963133,52.390275 4.963045,52.390314 4.96298,52.390719 4.962698,52.390787 4.962686,52.390841 4.962709,52.390881 4.962773,52.390897 4.962867,52.390883 4.962955,52.390844 4.96302,52.390379 4.963345))";4.9630205;52.390572;
160;"WARMTE WIJK";"IN BEDRIJF";"POLYGON((4.953042 52.395515,4.953019 52.395461,4.952955 52.395422,4.95245 52.395295,4.952184 52.395364,4.952113 52.395405,4.952088 52.395459,4.952135 52.395584,4.952199 52.395624,4.952288 52.395639,4.952407 52.395618,4.952478 52.395577,4.952496 52.395537,4.952794 52.395617,4.952863 52.395626,4.952952 52.395612,4.953017 52.395573,4.953042 52.395515))";"POLYGON((52.395515 4.953042,52.395461 4.953019,52.395422 4.952955,52.395295 4.95245,52.395364 4.952184,52.395405 4.952113,52.395459 4.952088,52.395584 4.952135,52.395624 4.952199,52.395639 4.952288,52.395618 4.952407,52.395577 4.952478,52.395537 4.952496,52.395617 4.952794,52.395626 4.952863,52.395612 4.952952,52.395573 4.953017,52.395515 4.953042))";4.95257;52.39546;
161;"WARMTE WIJK";"IN BEDRIJF";"POLYGON((4.871002 52.380589,4.870979 52.380535,4.870915 52.380495,4.87066 52.380447,4.870524 52.380456,4.870442 52.38052,4.870364 52.380684,4.87038 52.380768,4.870445 52.380807,4.870539 52.380823,4.870619 52.380811,4.87071 52.380827,4.870804 52.380814,4.870927 52.380751,4.871002 52.380589))";"POLYGON((52.380589 4.871002,52.380535 4.870979,52.380495 4.870915,52.380447 4.87066,52.380456 4.870524,52.38052 4.870442,52.380684 4.870364,52.380768 4.87038,52.380807 4.870445,52.380823 4.870539,52.380811 4.870619,52.380827 4.87071,52.380814 4.870804,52.380751 4.870927,52.380589 4.871002))";4.870688;52.38063;
162;"WARMTE WIJK";"IN BEDRIJF";"POLYGON((4.85227 52.398354,4.852247 52.3983,4.851915 52.398064,4.85173 52.398035,4.851641 52.398049,4.851571 52.39809,4.851547 52.398144,4.85157 52.398198,4.851683 52.398279,4.851758 52.398291,4.851843 52.398364,4.851868 52.398433,4.851936 52.398475,4.852024 52.39849,4.852113 52.398476,4.852246 52.398408,4.85227 52.398354))";"POLYGON((52.398354 4.85227,52.3983 4.852247,52.398064 4.851915,52.398035 4.85173,52.398049 4.851641,52.39809 4.851571,52.398144 4.851547,52.398198 4.85157,52.398279 4.851683,52.398291 4.851758,52.398364 4.851843,52.398433 4.851868,52.398475 4.851936,52.39849 4.852024,52.398476 4.852113,52.398408 4.852246,52.398354 4.85227))";4.8519135;52.3982555;
163;"WARMTE WIJK";"IN BEDRIJF";"POLYGON((4.954653 52.32817,4.95463 52.328116,4.954566 52.328076,4.954473 52.32806,4.954384 52.328074,4.954275 52.328162,4.954166 52.328173,4.954101 52.328212,4.954074 52.328269,4.954097 52.328323,4.954161 52.328363,4.954269 52.328399,4.954353 52.328412,4.954486 52.328397,4.954551 52.328357,4.954621 52.328279,4.954653 52.32817))";"POLYGON((52.32817 4.954653,52.328116 4.95463,52.328076 4.954566,52.32806 4.954473,52.328074 4.954384,52.328162 4.954275,52.328173 4.954166,52.328212 4.954101,52.328269 4.954074,52.328323 4.954097,52.328363 4.954161,52.328399 4.954269,52.328412 4.954353,52.328397 4.954486,52.328357 4.954551,52.328279 4.954621,52.32817 4.954653))";4.9543685;52.328229;
164;"WARMTE WIJK";"IN BEDRIJF";"POLYGON((4.785942 52.354902,4.785919 52.354848,4.785855 52.354808,4.785544 52.354745,4.785455 52.354759,4.78539 52.354798,4.785358 52.354866,4.785381 52.35492,4.785445 52.35496,4.785598 52.354982,4.785658 52.35502,4.78575 52.355035,4.785839 52.355021,4.785904 52.354982,4.785942 52.354902))";"POLYGON((52.354902 4.785942,52.354848 4.785919,52.354808 4.785855,52.354745 4.785544,52.354759 4.785455,52.354798 4.78539,52.354866 4.785358,52.35492 4.785381,52.35496 4.785445,52.354982 4.785598,52.35502 4.785658,52.355035 4.78575,52.355021 4.785839,52.354982 4.785904,52.354902 4.785942))";4.785655;52.354883;
165;"WARMTE WIJK";"IN BEDRIJF";"POLYGON((4.885834 52.33434,4.885773 52.334183,4.885703 52.334137,4.885615 52.334122,4.885526 52.334136,4.885461 52.334175,4.885432 52.334332,4.885455 52.334386,4.885519 52.334426,4.885652 52.334449,4.885741 52.334435,4.885806 52.334396,4.885834 52.33434))";"POLYGON((52.33434 4.885834,52.334183 4.885773,52.334137 4.885703,52.334122 4.885615,52.334136 4.885526,52.334175 4.885461,52.334332 4.885432,52.334386 4.885455,52.334426 4.885519,52.334449 4.885652,52.334435 4.885741,52.334396 4.885806,52.33434 4.885834))";4.885638;52.3342785;
166;"WARMTE WIJK";"IN BEDRIJF";"POLYGON((4.823227 52.359063,4.823204 52.359009,4.823139 52.358969,4.823051 52.358954,4.822963 52.358968,4.82289 52.359012,4.822865 52.359074,4.822888 52.359128,4.822953 52.359168,4.823041 52.359183,4.823129 52.359169,4.823202 52.359126,4.823227 52.359063))";"POLYGON((52.359063 4.823227,52.359009 4.823204,52.358969 4.823139,52.358954 4.823051,52.358968 4.822963,52.359012 4.82289,52.359074 4.822865,52.359128 4.822888,52.359168 4.822953,52.359183 4.823041,52.359169 4.823129,52.359126 4.823202,52.359063 4.823227))";4.823051;52.3590615;
167;"WARMTE WIJK";"IN AANLEG";"POLYGON((4.903919 52.406373,4.903861 52.406274,4.903791 52.406227,4.903703 52.406212,4.903614 52.406226,4.903117 52.406372,4.903075 52.406396,4.902989 52.40641,4.902905 52.406446,4.902389 52.406586,4.902325 52.406623,4.902159 52.406422,4.902238 52.406434,4.902326 52.40642,4.902537 52.406338,4.902766 52.406276,4.902816 52.406247,4.903047 52.406184,4.903123 52.40613,4.903322 52.406235,4.903414 52.406252,4.903503 52.406238,4.903621 52.406159,4.903645 52.406105,4.903622 52.406051,4.903278 52.405849,4.90319 52.405834,4.903047 52.405865,4.90308 52.405804,4.903057 52.40575,4.902805 52.405609,4.902784 52.405558,4.902642 52.405461,4.902554 52.405446,4.902377 52.405489,4.902395 52.405449,4.902372 52.405395,4.902333 52.405367,4.90191 52.405128,4.901822 52.405114,4.901714 52.405135,4.90173 52.405099,4.901707 52.405045,4.901668 52.405017,4.901177 52.404745,4.901089 52.40473,4.901001 52.404744,4.90051 52.404978,4.900486 52.405031,4.900506 52.405082,4.901204 52.405887,4.901234 52.406046,4.901307 52.406097,4.901397 52.406112,4.902063 52.406867,4.902134 52.406914,4.902222 52.406928,4.902299 52.406918,4.903821 52.406469,4.903895 52.406427,4.903919 52.406373),(4.902699 52.405971,4.902634 52.405932,4.902546 52.405917,4.902453 52.405933,4.902255 52.40601,4.902023 52.406073,4.901958 52.406112,4.901937 52.406174,4.901741 52.405949,4.901841 52.405971,4.901934 52.405956,4.902134 52.405878,4.902368 52.405814,4.902436 52.405769,4.902637 52.405875,4.902675 52.405881,4.902757 52.405938,4.902801 52.405945,4.902699 52.405971),(4.902019 52.405601,4.901954 52.405562,4.901866 52.405547,4.901773 52.405563,4.901617 52.405614,4.901552 52.405653,4.901528 52.405712,4.901351 52.405503,4.901451 52.405525,4.901544 52.40551,4.901696 52.40546,4.901765 52.405415,4.901815 52.405428,4.902093 52.405582,4.902019 52.405601))";"POLYGON((52.406373 4.903919,52.406274 4.903861,52.406227 4.903791,52.406212 4.903703,52.406226 4.903614,52.406372 4.903117,52.406396 4.903075,52.40641 4.902989,52.406446 4.902905,52.406586 4.902389,52.406623 4.902325,52.406422 4.902159,52.406434 4.902238,52.40642 4.902326,52.406338 4.902537,52.406276 4.902766,52.406247 4.902816,52.406184 4.903047,52.40613 4.903123,52.406235 4.903322,52.406252 4.903414,52.406238 4.903503,52.406159 4.903621,52.406105 4.903645,52.406051 4.903622,52.405849 4.903278,52.405834 4.90319,52.405865 4.903047,52.405804 4.90308,52.40575 4.903057,52.405609 4.902805,52.405558 4.902784,52.405461 4.902642,52.405446 4.902554,52.405489 4.902377,52.405449 4.902395,52.405395 4.902372,52.405367 4.902333,52.405128 4.90191,52.405114 4.901822,52.405135 4.901714,52.405099 4.90173,52.405045 4.901707,52.405017 4.901668,52.404745 4.901177,52.40473 4.901089,52.404744 4.901001,52.404978 4.90051,52.405031 4.900486,52.405082 4.900506,52.405887 4.901204,52.406046 4.901234,52.406097 4.901307,52.406112 4.901397,52.406867 4.902063,52.406914 4.902134,52.406928 4.902222,52.406918 4.902299,52.406469 4.903821,52.406427 4.903895,52.406373 4.903919),(52.405971 4.902699,52.405932 4.902634,52.405917 4.902546,52.405933 4.902453,52.40601 4.902255,52.406073 4.902023,52.406112 4.901958,52.406174 4.901937,52.405949 4.901741,52.405971 4.901841,52.405956 4.901934,52.405878 4.902134,52.405814 4.902368,52.405769 4.902436,52.405875 4.902637,52.405881 4.902675,52.405938 4.902757,52.405945 4.902801,52.405971 4.902699),(52.405601 4.902019,52.405562 4.901954,52.405547 4.901866,52.405563 4.901773,52.405614 4.901617,52.405653 4.901552,52.405712 4.901528,52.405503 4.901351,52.405525 4.901451,52.40551 4.901544,52.40546 4.901696,52.405415 4.901765,52.405428 4.901815,52.405582 4.902093,52.405601 4.902019))";4.9022075;52.405822;
168;"WARMTE WIJK";"IN AANLEG";"POLYGON((4.836363 52.366096,4.836331 52.365916,4.836261 52.365873,4.836056 52.365856,4.836078 52.365543,4.836121 52.365517,4.836146 52.365465,4.836162 52.364919,4.836139 52.364858,4.836075 52.364818,4.836026 52.36481,4.836026 52.364688,4.836003 52.364628,4.835942 52.36459,4.835947 52.364348,4.835924 52.364286,4.835824 52.36422,4.835646 52.364204,4.835558 52.364218,4.835493 52.364258,4.835468 52.364311,4.835491 52.364369,4.835587 52.364414,4.835587 52.364688,4.83561 52.364739,4.835668 52.364775,4.835667 52.364915,4.83569 52.364969,4.835754 52.365009,4.835803 52.365017,4.835792 52.365376,4.835746 52.365404,4.835722 52.365456,4.835702 52.365764,4.835608 52.365807,4.835588 52.365852,4.835256 52.365851,4.835154 52.365865,4.835089 52.365905,4.835065 52.365958,4.835051 52.366504,4.835074 52.36656,4.835144 52.366604,4.835231 52.366619,4.83532 52.366605,4.835385 52.366566,4.835406 52.366519,4.83547 52.366509,4.835535 52.36647,4.835559 52.366416,4.835537 52.366358,4.835498 52.366335,4.835528 52.366316,4.835552 52.366263,4.83553 52.366205,4.8355 52.366187,4.83553 52.366169,4.83556 52.366094,4.83558 52.366174,4.835575 52.36647,4.835598 52.366524,4.835662 52.366564,4.835747 52.366579,4.835829 52.36658,4.836056 52.36663,4.836144 52.366616,4.836212 52.366575,4.836246 52.366398,4.836312 52.366358,4.836336 52.366304,4.836313 52.366196,4.836336 52.366182,4.836363 52.366096))";"POLYGON((52.366096 4.836363,52.365916 4.836331,52.365873 4.836261,52.365856 4.836056,52.365543 4.836078,52.365517 4.836121,52.365465 4.836146,52.364919 4.836162,52.364858 4.836139,52.364818 4.836075,52.36481 4.836026,52.364688 4.836026,52.364628 4.836003,52.36459 4.835942,52.364348 4.835947,52.364286 4.835924,52.36422 4.835824,52.364204 4.835646,52.364218 4.835558,52.364258 4.835493,52.364311 4.835468,52.364369 4.835491,52.364414 4.835587,52.364688 4.835587,52.364739 4.83561,52.364775 4.835668,52.364915 4.835667,52.364969 4.83569,52.365009 4.835754,52.365017 4.835803,52.365376 4.835792,52.365404 4.835746,52.365456 4.835722,52.365764 4.835702,52.365807 4.835608,52.365852 4.835588,52.365851 4.835256,52.365865 4.835154,52.365905 4.835089,52.365958 4.835065,52.366504 4.835051,52.36656 4.835074,52.366604 4.835144,52.366619 4.835231,52.366605 4.83532,52.366566 4.835385,52.366519 4.835406,52.366509 4.83547,52.36647 4.835535,52.366416 4.835559,52.366358 4.835537,52.366335 4.835498,52.366316 4.835528,52.366263 4.835552,52.366205 4.83553,52.366187 4.8355,52.366169 4.83553,52.366094 4.83556,52.366174 4.83558,52.36647 4.835575,52.366524 4.835598,52.366564 4.835662,52.366579 4.835747,52.36658 4.835829,52.36663 4.836056,52.366616 4.836144,52.366575 4.836212,52.366398 4.836246,52.366358 4.836312,52.366304 4.836336,52.366196 4.836313,52.366182 4.836336,52.366096 4.836363))";4.835712;52.36541;
169;"WARMTE WIJK";"IN AANLEG";"POLYGON((4.84113 52.380244,4.841107 52.38019,4.841073 52.380169,4.841076 52.380086,4.841053 52.380032,4.840989 52.379992,4.84091 52.379978,4.840188 52.379963,4.840105 52.379977,4.840029 52.380039,4.839527 52.380028,4.839437 52.380042,4.839372 52.380081,4.839348 52.380129,4.839339 52.380616,4.839358 52.380678,4.83942 52.380728,4.839526 52.380758,4.839595 52.38081,4.83968 52.380825,4.840718 52.38085,4.840869 52.380852,4.840959 52.380838,4.841024 52.380799,4.841048 52.380747,4.841067 52.380324,4.841105 52.380301,4.84113 52.380244))";"POLYGON((52.380244 4.84113,52.38019 4.841107,52.380169 4.841073,52.380086 4.841076,52.380032 4.841053,52.379992 4.840989,52.379978 4.84091,52.379963 4.840188,52.379977 4.840105,52.380039 4.840029,52.380028 4.839527,52.380042 4.839437,52.380081 4.839372,52.380129 4.839348,52.380616 4.839339,52.380678 4.839358,52.380728 4.83942,52.380758 4.839526,52.38081 4.839595,52.380825 4.83968,52.38085 4.840718,52.380852 4.840869,52.380838 4.840959,52.380799 4.841024,52.380747 4.841048,52.380324 4.841067,52.380301 4.841105,52.380244 4.84113))";4.8402395;52.3804005;
170;"WARMTE WIJK";"IN AANLEG";"POLYGON((4.841026 52.379774,4.841003 52.37962,4.840931 52.379538,4.840884 52.3794,4.840817 52.379291,4.840761 52.37924,4.840764 52.379175,4.840542 52.37865,4.840478 52.37861,4.84039 52.378595,4.840251 52.378608,4.840118 52.378638,4.840067 52.378669,4.839937 52.378683,4.839872 52.378722,4.839848 52.378776,4.839927 52.378964,4.839898 52.378983,4.83988 52.379065,4.840016 52.379368,4.840005 52.379476,4.840065 52.379543,4.84018 52.379879,4.840244 52.379918,4.840332 52.379933,4.840421 52.379919,4.840519 52.379873,4.840702 52.379833,4.840754 52.379865,4.840848 52.379881,4.840937 52.379867,4.841002 52.379828,4.841026 52.379774))";"POLYGON((52.379774 4.841026,52.37962 4.841003,52.379538 4.840931,52.3794 4.840884,52.379291 4.840817,52.37924 4.840761,52.379175 4.840764,52.37865 4.840542,52.37861 4.840478,52.378595 4.84039,52.378608 4.840251,52.378638 4.840118,52.378669 4.840067,52.378683 4.839937,52.378722 4.839872,52.378776 4.839848,52.378964 4.839927,52.378983 4.839898,52.379065 4.83988,52.379368 4.840016,52.379476 4.840005,52.379543 4.840065,52.379879 4.84018,52.379918 4.840244,52.379933 4.840332,52.379919 4.840421,52.379873 4.840519,52.379833 4.840702,52.379865 4.840754,52.379881 4.840848,52.379867 4.840937,52.379828 4.841002,52.379774 4.841026))";4.840442;52.379257;
171;"WARMTE WIJK";"IN AANLEG";"POLYGON((4.934056 52.405602,4.934032 52.405542,4.933969 52.405498,4.933885 52.405463,4.933758 52.40545,4.933462 52.405327,4.933375 52.40531,4.93276 52.404997,4.93274 52.404937,4.932604 52.404849,4.932562 52.404795,4.932334 52.404649,4.932194 52.404623,4.931975 52.404447,4.931943 52.40439,4.931826 52.404302,4.931682 52.404276,4.931594 52.40429,4.931524 52.404332,4.9315 52.404385,4.931584 52.404545,4.931752 52.404673,4.931776 52.404709,4.931947 52.404831,4.932097 52.404895,4.932162 52.404906,4.932183 52.404954,4.932321 52.405081,4.932897 52.405405,4.932959 52.40542,4.933032 52.405469,4.933092 52.405484,4.933169 52.405532,4.933241 52.405547,4.933382 52.405619,4.9336 52.405696,4.933858 52.405748,4.933952 52.405735,4.934017 52.405695,4.934056 52.405602))";"POLYGON((52.405602 4.934056,52.405542 4.934032,52.405498 4.933969,52.405463 4.933885,52.40545 4.933758,52.405327 4.933462,52.40531 4.933375,52.404997 4.93276,52.404937 4.93274,52.404849 4.932604,52.404795 4.932562,52.404649 4.932334,52.404623 4.932194,52.404447 4.931975,52.40439 4.931943,52.404302 4.931826,52.404276 4.931682,52.40429 4.931594,52.404332 4.931524,52.404385 4.9315,52.404545 4.931584,52.404673 4.931752,52.404709 4.931776,52.404831 4.931947,52.404895 4.932097,52.404906 4.932162,52.404954 4.932183,52.405081 4.932321,52.405405 4.932897,52.40542 4.932959,52.405469 4.933032,52.405484 4.933092,52.405532 4.933169,52.405547 4.933241,52.405619 4.933382,52.405696 4.9336,52.405748 4.933858,52.405735 4.933952,52.405695 4.934017,52.405602 4.934056))";4.932783;52.405005;
172;"WARMTE WIJK";"IN AANLEG";"POLYGON((4.806234 52.378122,4.806212 52.378068,4.806142 52.378024,4.806058 52.378009,4.805487 52.378,4.805324 52.37801,4.805288 52.377913,4.805319 52.37786,4.805295 52.377759,4.805326 52.377702,4.805302 52.377606,4.805333 52.377548,4.80532 52.377502,4.805275 52.377459,4.805189 52.377429,4.805077 52.377423,4.804985 52.377437,4.80492 52.377477,4.804896 52.377528,4.804869 52.378117,4.804913 52.378186,4.804869 52.378212,4.804844 52.378266,4.804845 52.378841,4.804868 52.378897,4.804932 52.378937,4.805059 52.378953,4.805157 52.378938,4.805226 52.378895,4.805254 52.378832,4.805217 52.378759,4.805261 52.378694,4.805237 52.378616,4.805261 52.378562,4.805252 52.378367,4.805302 52.37829,4.805398 52.378269,4.805461 52.378231,4.805592 52.378221,4.806053 52.378229,4.806145 52.378215,4.80621 52.378175,4.806234 52.378122))";"POLYGON((52.378122 4.806234,52.378068 4.806212,52.378024 4.806142,52.378009 4.806058,52.378 4.805487,52.37801 4.805324,52.377913 4.805288,52.37786 4.805319,52.377759 4.805295,52.377702 4.805326,52.377606 4.805302,52.377548 4.805333,52.377502 4.80532,52.377459 4.805275,52.377429 4.805189,52.377423 4.805077,52.377437 4.804985,52.377477 4.80492,52.377528 4.804896,52.378117 4.804869,52.378186 4.804913,52.378212 4.804869,52.378266 4.804844,52.378841 4.804845,52.378897 4.804868,52.378937 4.804932,52.378953 4.805059,52.378938 4.805157,52.378895 4.805226,52.378832 4.805254,52.378759 4.805217,52.378694 4.805261,52.378616 4.805237,52.378562 4.805261,52.378367 4.805252,52.37829 4.805302,52.378269 4.805398,52.378231 4.805461,52.378221 4.805592,52.378229 4.806053,52.378215 4.806145,52.378175 4.80621,52.378122 4.806234))";4.805544;52.378181;
173;"WARMTE WIJK";"IN AANLEG";"POLYGON((5.003507 52.355673,5.003484 52.355619,5.003316 52.355509,5.003228 52.355494,5.00314 52.355508,5.003071 52.35555,5.003059 52.355575,5.002849 52.355685,5.00284 52.355703,5.002803 52.355709,5.001595 52.356366,5.001557 52.356372,5.001306 52.35651,5.001235 52.356521,5.001165 52.356563,5.001141 52.356617,5.001165 52.356671,5.001325 52.356776,5.001413 52.356791,5.00151 52.356777,5.001858 52.356577,5.001897 52.356571,5.003004 52.355983,5.003075 52.355943,5.003096 52.355895,5.003197 52.355883,5.003418 52.355766,5.003483 52.355727,5.003507 52.355673))";"POLYGON((52.355673 5.003507,52.355619 5.003484,52.355509 5.003316,52.355494 5.003228,52.355508 5.00314,52.35555 5.003071,52.355575 5.003059,52.355685 5.002849,52.355703 5.00284,52.355709 5.002803,52.356366 5.001595,52.356372 5.001557,52.35651 5.001306,52.356521 5.001235,52.356563 5.001165,52.356617 5.001141,52.356671 5.001165,52.356776 5.001325,52.356791 5.001413,52.356777 5.00151,52.356577 5.001858,52.356571 5.001897,52.355983 5.003004,52.355943 5.003075,52.355895 5.003096,52.355883 5.003197,52.355766 5.003418,52.355727 5.003483,52.355673 5.003507))";5.002329;52.3561355;
174;"WARMTE WIJK";"IN AANLEG";"POLYGON((4.968132 52.374083,4.968109 52.374029,4.968015 52.373972,4.967845 52.373937,4.967757 52.373951,4.967652 52.374012,4.967643 52.374033,4.967586 52.374042,4.966947 52.37438,4.966835 52.374444,4.966825 52.374467,4.966765 52.374476,4.96669 52.374517,4.966624 52.374552,4.96661 52.374601,4.966504 52.374612,4.96644 52.374651,4.966417 52.374716,4.966357 52.374706,4.966261 52.374719,4.966185 52.374764,4.966161 52.374818,4.966184 52.374872,4.966248 52.374911,4.966336 52.374926,4.966433 52.374912,4.966508 52.374868,4.966524 52.374831,4.966577 52.37486,4.966665 52.374875,4.966753 52.374861,4.966822 52.374819,4.966846 52.374766,4.966953 52.374754,4.96709 52.374677,4.967099 52.374658,4.967151 52.374649,4.967731 52.374341,4.967906 52.374244,4.967914 52.374225,4.967965 52.374217,4.968042 52.374176,4.968108 52.374136,4.968132 52.374083))";"POLYGON((52.374083 4.968132,52.374029 4.968109,52.373972 4.968015,52.373937 4.967845,52.373951 4.967757,52.374012 4.967652,52.374033 4.967643,52.374042 4.967586,52.37438 4.966947,52.374444 4.966835,52.374467 4.966825,52.374476 4.966765,52.374517 4.96669,52.374552 4.966624,52.374601 4.96661,52.374612 4.966504,52.374651 4.96644,52.374716 4.966417,52.374706 4.966357,52.374719 4.966261,52.374764 4.966185,52.374818 4.966161,52.374872 4.966184,52.374911 4.966248,52.374926 4.966336,52.374912 4.966433,52.374868 4.966508,52.374831 4.966524,52.37486 4.966577,52.374875 4.966665,52.374861 4.966753,52.374819 4.966822,52.374766 4.966846,52.374754 4.966953,52.374677 4.96709,52.374658 4.967099,52.374649 4.967151,52.374341 4.967731,52.374244 4.967906,52.374225 4.967914,52.374217 4.967965,52.374176 4.968042,52.374136 4.968108,52.374083 4.968132))";4.9671515;52.3744245;
175;"WARMTE WIJK";"IN AANLEG";"POLYGON((4.804208 52.377682,4.804182 52.377618,4.804078 52.377566,4.803949 52.377558,4.80386 52.377572,4.803795 52.377612,4.80377 52.377663,4.803753 52.378035,4.803565 52.378053,4.803491 52.378096,4.803467 52.37815,4.80349 52.378204,4.803554 52.378243,4.803712 52.378259,4.803695 52.378297,4.803732 52.378361,4.803727 52.378822,4.80375 52.378879,4.803814 52.378919,4.803899 52.378933,4.804046 52.37892,4.804111 52.378881,4.804135 52.378832,4.80411 52.378744,4.804143 52.378676,4.804119 52.378596,4.804143 52.378543,4.804127 52.378502,4.804147 52.378458,4.804149 52.378302,4.804097 52.378196,4.804159 52.378151,4.804184 52.378096,4.804163 52.378048,4.804194 52.37798,4.80417 52.377894,4.804201 52.377836,4.804177 52.37774,4.804208 52.377682))";"POLYGON((52.377682 4.804208,52.377618 4.804182,52.377566 4.804078,52.377558 4.803949,52.377572 4.80386,52.377612 4.803795,52.377663 4.80377,52.378035 4.803753,52.378053 4.803565,52.378096 4.803491,52.37815 4.803467,52.378204 4.80349,52.378243 4.803554,52.378259 4.803712,52.378297 4.803695,52.378361 4.803732,52.378822 4.803727,52.378879 4.80375,52.378919 4.803814,52.378933 4.803899,52.37892 4.804046,52.378881 4.804111,52.378832 4.804135,52.378744 4.80411,52.378676 4.804143,52.378596 4.804119,52.378543 4.804143,52.378502 4.804127,52.378458 4.804147,52.378302 4.804149,52.378196 4.804097,52.378151 4.804159,52.378096 4.804184,52.378048 4.804163,52.37798 4.804194,52.377894 4.80417,52.377836 4.804201,52.37774 4.804177,52.377682 4.804208))";4.8038425;52.3782385;
176;"WARMTE WIJK";"IN AANLEG";"POLYGON((5.0031 52.355392,5.003077 52.355338,5.003009 52.355296,5.002922 52.355281,5.002806 52.355307,5.002698 52.355369,5.002665 52.355434,5.002588 52.355447,5.002509 52.35551,5.002448 52.35552,5.002379 52.355562,5.002368 52.355585,5.002308 52.355595,5.002228 52.355659,5.002168 52.355669,5.002089 52.355733,5.002029 52.355743,5.00195 52.355808,5.001889 52.355817,5.00181 52.355882,5.00175 52.355892,5.00167 52.355956,5.00161 52.355966,5.001531 52.35603,5.00147 52.35604,5.001402 52.356082,5.001378 52.356136,5.001388 52.35616,5.001288 52.356137,5.001178 52.356152,5.001114 52.356192,5.001096 52.356261,5.000996 52.356273,5.000864 52.356347,5.00084 52.356401,5.000863 52.356455,5.00093 52.356498,5.001018 52.356512,5.001107 52.356498,5.001239 52.356424,5.001257 52.356356,5.00137 52.356342,5.001435 52.356303,5.001454 52.356227,5.001573 52.356257,5.001661 52.356243,5.001741 52.356179,5.0018 52.356169,5.00188 52.356105,5.001939 52.356095,5.002009 52.356054,5.00202 52.35603,5.002078 52.35602,5.002149 52.35598,5.002159 52.355956,5.00222 52.355946,5.002289 52.355905,5.002299 52.355881,5.00236 52.355872,5.002439 52.355808,5.002497 52.355799,5.002566 52.355757,5.002577 52.355733,5.002643 52.355722,5.002718 52.35566,5.002778 52.355651,5.002847 52.355609,5.002867 52.355566,5.002946 52.355553,5.003015 52.355511,5.0031 52.355392))";"POLYGON((52.355392 5.0031,52.355338 5.003077,52.355296 5.003009,52.355281 5.002922,52.355307 5.002806,52.355369 5.002698,52.355434 5.002665,52.355447 5.002588,52.35551 5.002509,52.35552 5.002448,52.355562 5.002379,52.355585 5.002368,52.355595 5.002308,52.355659 5.002228,52.355669 5.002168,52.355733 5.002089,52.355743 5.002029,52.355808 5.00195,52.355817 5.001889,52.355882 5.00181,52.355892 5.00175,52.355956 5.00167,52.355966 5.00161,52.35603 5.001531,52.35604 5.00147,52.356082 5.001402,52.356136 5.001378,52.35616 5.001388,52.356137 5.001288,52.356152 5.001178,52.356192 5.001114,52.356261 5.001096,52.356273 5.000996,52.356347 5.000864,52.356401 5.00084,52.356455 5.000863,52.356498 5.00093,52.356512 5.001018,52.356498 5.001107,52.356424 5.001239,52.356356 5.001257,52.356342 5.00137,52.356303 5.001435,52.356227 5.001454,52.356257 5.001573,52.356243 5.001661,52.356179 5.001741,52.356169 5.0018,52.356105 5.00188,52.356095 5.001939,52.356054 5.002009,52.35603 5.00202,52.35602 5.002078,52.35598 5.002149,52.355956 5.002159,52.355946 5.00222,52.355905 5.002289,52.355881 5.002299,52.355872 5.00236,52.355808 5.002439,52.355799 5.002497,52.355757 5.002566,52.355733 5.002577,52.355722 5.002643,52.35566 5.002718,52.355651 5.002778,52.355609 5.002847,52.355566 5.002867,52.355553 5.002946,52.355511 5.003015,52.355392 5.0031))";5.001975;52.3558895;
177;"WARMTE WIJK";"IN AANLEG";"POLYGON((4.964348 52.373982,4.964324 52.373928,4.964272 52.373883,4.963958 52.373652,4.96387 52.373637,4.963782 52.373651,4.963652 52.373641,4.963553 52.373655,4.963467 52.373698,4.963416 52.37369,4.963323 52.373704,4.963258 52.373744,4.963206 52.373857,4.963221 52.373999,4.96327 52.374061,4.963244 52.374145,4.963356 52.374511,4.963477 52.374576,4.963565 52.374591,4.963679 52.374574,4.963744 52.374535,4.963768 52.374481,4.963753 52.374414,4.963732 52.374378,4.963679 52.374345,4.963629 52.374159,4.96366 52.374101,4.963624 52.373936,4.963677 52.37388,4.963731 52.37391,4.963819 52.373925,4.963868 52.373954,4.9639 52.37398,4.963925 52.374051,4.963998 52.374105,4.964042 52.374127,4.96413 52.374142,4.964218 52.374128,4.964287 52.374087,4.964348 52.373982))";"POLYGON((52.373982 4.964348,52.373928 4.964324,52.373883 4.964272,52.373652 4.963958,52.373637 4.96387,52.373651 4.963782,52.373641 4.963652,52.373655 4.963553,52.373698 4.963467,52.37369 4.963416,52.373704 4.963323,52.373744 4.963258,52.373857 4.963206,52.373999 4.963221,52.374061 4.96327,52.374145 4.963244,52.374511 4.963356,52.374576 4.963477,52.374591 4.963565,52.374574 4.963679,52.374535 4.963744,52.374481 4.963768,52.374414 4.963753,52.374378 4.963732,52.374345 4.963679,52.374159 4.963629,52.374101 4.96366,52.373936 4.963624,52.37388 4.963677,52.37391 4.963731,52.373925 4.963819,52.373954 4.963868,52.37398 4.9639,52.374051 4.963925,52.374105 4.963998,52.374127 4.964042,52.374142 4.96413,52.374128 4.964218,52.374087 4.964287,52.373982 4.964348))";4.963782;52.374107;
178;"WARMTE WIJK";"IN AANLEG";"POLYGON((4.880958 52.394056,4.880935 52.394002,4.880895 52.393972,4.880821 52.393937,4.880733 52.393922,4.880644 52.393936,4.880549 52.393996,4.879659 52.393543,4.879714 52.393532,4.879779 52.393493,4.879803 52.393439,4.879777 52.393329,4.879713 52.393289,4.879582 52.393264,4.879488 52.393278,4.879423 52.393317,4.879408 52.39335,4.879205 52.393479,4.879181 52.393533,4.879204 52.393587,4.879244 52.393616,4.880474 52.394252,4.880562 52.394267,4.88065 52.394253,4.880788 52.394162,4.880869 52.394149,4.880934 52.39411,4.880958 52.394056))";"POLYGON((52.394056 4.880958,52.394002 4.880935,52.393972 4.880895,52.393937 4.880821,52.393922 4.880733,52.393936 4.880644,52.393996 4.880549,52.393543 4.879659,52.393532 4.879714,52.393493 4.879779,52.393439 4.879803,52.393329 4.879777,52.393289 4.879713,52.393264 4.879582,52.393278 4.879488,52.393317 4.879423,52.39335 4.879408,52.393479 4.879205,52.393533 4.879181,52.393587 4.879204,52.393616 4.879244,52.394252 4.880474,52.394267 4.880562,52.394253 4.88065,52.394162 4.880788,52.394149 4.880869,52.39411 4.880934,52.394056 4.880958))";4.8800745;52.3937585;
179;"WARMTE WIJK";"IN AANLEG";"POLYGON((4.876816 52.336085,4.876793 52.336021,4.876729 52.335981,4.876641 52.335966,4.876083 52.335964,4.875989 52.335978,4.875924 52.336017,4.8759 52.336071,4.875896 52.336474,4.875868 52.33653,4.875891 52.336588,4.875955 52.336628,4.876043 52.336642,4.876128 52.336643,4.876348 52.336601,4.876516 52.33662,4.876654 52.3366,4.876719 52.336561,4.876751 52.336491,4.876752 52.336373,4.876729 52.336319,4.876671 52.336283,4.876672 52.336216,4.876791 52.336139,4.876816 52.336085))";"POLYGON((52.336085 4.876816,52.336021 4.876793,52.335981 4.876729,52.335966 4.876641,52.335964 4.876083,52.335978 4.875989,52.336017 4.875924,52.336071 4.8759,52.336474 4.875896,52.33653 4.875868,52.336588 4.875891,52.336628 4.875955,52.336642 4.876043,52.336643 4.876128,52.336601 4.876348,52.33662 4.876516,52.3366 4.876654,52.336561 4.876719,52.336491 4.876751,52.336373 4.876752,52.336319 4.876729,52.336283 4.876671,52.336216 4.876672,52.336139 4.876791,52.336085 4.876816))";4.876347;52.3362965;
180;"WARMTE WIJK";"IN AANLEG";"POLYGON((4.968188 52.371275,4.968145 52.371204,4.968032 52.371154,4.967836 52.371024,4.967748 52.37101,4.96766 52.371024,4.967489 52.371112,4.967452 52.371139,4.967428 52.371193,4.967451 52.371247,4.967594 52.37135,4.967417 52.371444,4.967357 52.371416,4.967189 52.371394,4.967073 52.37142,4.966839 52.371551,4.966814 52.371605,4.96684 52.37171,4.966965 52.371792,4.967053 52.371807,4.967141 52.371793,4.967229 52.371759,4.967296 52.37177,4.967384 52.371756,4.967979 52.371441,4.968022 52.3714,4.968091 52.371381,4.968164 52.371329,4.968188 52.371275))";"POLYGON((52.371275 4.968188,52.371204 4.968145,52.371154 4.968032,52.371024 4.967836,52.37101 4.967748,52.371024 4.96766,52.371112 4.967489,52.371139 4.967452,52.371193 4.967428,52.371247 4.967451,52.37135 4.967594,52.371444 4.967417,52.371416 4.967357,52.371394 4.967189,52.37142 4.967073,52.371551 4.966839,52.371605 4.966814,52.37171 4.96684,52.371792 4.966965,52.371807 4.967053,52.371793 4.967141,52.371759 4.967229,52.37177 4.967296,52.371756 4.967384,52.371441 4.967979,52.3714 4.968022,52.371381 4.968091,52.371329 4.968164,52.371275 4.968188))";4.967506;52.3714015;
181;"WARMTE WIJK";"IN AANLEG";"POLYGON((4.840442 52.354891,4.840419 52.354837,4.840355 52.354798,4.84029 52.354786,4.840349 52.354751,4.840374 52.354657,4.840351 52.354603,4.840287 52.354563,4.840199 52.354548,4.840105 52.354562,4.84007 52.354584,4.839622 52.354582,4.839533 52.354596,4.839468 52.354635,4.839444 52.354688,4.839412 52.354972,4.839434 52.355031,4.839528 52.3551,4.839614 52.355114,4.839715 52.3551,4.83978 52.355061,4.839805 52.355007,4.839799 52.354802,4.839867 52.354802,4.839864 52.354913,4.839952 52.355061,4.84002 52.355107,4.840106 52.355122,4.840234 52.355126,4.840324 52.355112,4.840389 52.355072,4.84043 52.354997,4.840419 52.354961,4.840442 52.354891))";"POLYGON((52.354891 4.840442,52.354837 4.840419,52.354798 4.840355,52.354786 4.84029,52.354751 4.840349,52.354657 4.840374,52.354603 4.840351,52.354563 4.840287,52.354548 4.840199,52.354562 4.840105,52.354584 4.84007,52.354582 4.839622,52.354596 4.839533,52.354635 4.839468,52.354688 4.839444,52.354972 4.839412,52.355031 4.839434,52.3551 4.839528,52.355114 4.839614,52.3551 4.839715,52.355061 4.83978,52.355007 4.839805,52.354802 4.839799,52.354802 4.839867,52.354913 4.839864,52.355061 4.839952,52.355107 4.84002,52.355122 4.840106,52.355126 4.840234,52.355112 4.840324,52.355072 4.840389,52.354997 4.84043,52.354961 4.840419,52.354891 4.840442))";4.839932;52.35483;
182;"WARMTE WIJK";"IN AANLEG";"POLYGON((4.979135 52.360085,4.979111 52.360031,4.979039 52.359986,4.978926 52.35996,4.978868 52.35997,4.978847 52.359922,4.978775 52.359877,4.978662 52.359851,4.978627 52.359857,4.978613 52.359825,4.978535 52.359777,4.978412 52.359757,4.978341 52.3597,4.978249 52.359683,4.978121 52.359716,4.978043 52.359801,4.977949 52.359866,4.977921 52.359923,4.977944 52.359977,4.977983 52.360006,4.978118 52.360032,4.978222 52.360106,4.978346 52.360115,4.97836 52.360147,4.978457 52.360202,4.978545 52.360217,4.978603 52.360208,4.978624 52.360256,4.978689 52.360298,4.978809 52.360326,4.978897 52.360312,4.97902 52.360242,4.979119 52.360128,4.979135 52.360085))";"POLYGON((52.360085 4.979135,52.360031 4.979111,52.359986 4.979039,52.35996 4.978926,52.35997 4.978868,52.359922 4.978847,52.359877 4.978775,52.359851 4.978662,52.359857 4.978627,52.359825 4.978613,52.359777 4.978535,52.359757 4.978412,52.3597 4.978341,52.359683 4.978249,52.359716 4.978121,52.359801 4.978043,52.359866 4.977949,52.359923 4.977921,52.359977 4.977944,52.360006 4.977983,52.360032 4.978118,52.360106 4.978222,52.360115 4.978346,52.360147 4.97836,52.360202 4.978457,52.360217 4.978545,52.360208 4.978603,52.360256 4.978624,52.360298 4.978689,52.360326 4.978809,52.360312 4.978897,52.360242 4.97902,52.360128 4.979119,52.360085 4.979135))";4.978533;52.3599975;
183;"WARMTE WIJK";"IN AANLEG";"POLYGON((4.840194 52.377947,4.839967 52.377405,4.839917 52.377374,4.839937 52.377331,4.839914 52.377277,4.83985 52.377238,4.839762 52.377223,4.839559 52.377248,4.839394 52.377286,4.839329 52.377325,4.839305 52.377379,4.83932 52.37743,4.839402 52.377496,4.839534 52.377508,4.839758 52.378016,4.839822 52.378055,4.83991 52.37807,4.840062 52.37805,4.84017 52.378,4.840194 52.377947))";"POLYGON((52.377947 4.840194,52.377405 4.839967,52.377374 4.839917,52.377331 4.839937,52.377277 4.839914,52.377238 4.83985,52.377223 4.839762,52.377248 4.839559,52.377286 4.839394,52.377325 4.839329,52.377379 4.839305,52.37743 4.83932,52.377496 4.839402,52.377508 4.839534,52.378016 4.839758,52.378055 4.839822,52.37807 4.83991,52.37805 4.840062,52.378 4.84017,52.377947 4.840194))";4.8397545;52.3776395;
184;"WARMTE WIJK";"IN AANLEG";"POLYGON((4.885894 52.392989,4.885795 52.392692,4.88551 52.392065,4.88543 52.392001,4.885342 52.391986,4.885253 52.392,4.885188 52.39204,4.885166 52.392126,4.885436 52.392718,4.885425 52.392791,4.885511 52.392937,4.885485 52.392992,4.885498 52.393039,4.88558 52.393107,4.885668 52.393121,4.885756 52.393107,4.885869 52.393043,4.885894 52.392989))";"POLYGON((52.392989 4.885894,52.392692 4.885795,52.392065 4.88551,52.392001 4.88543,52.391986 4.885342,52.392 4.885253,52.39204 4.885188,52.392126 4.885166,52.392718 4.885436,52.392791 4.885425,52.392937 4.885511,52.392992 4.885485,52.393039 4.885498,52.393107 4.88558,52.393121 4.885668,52.393107 4.885756,52.393043 4.885869,52.392989 4.885894))";4.885535;52.3925465;
185;"WARMTE WIJK";"IN AANLEG";"POLYGON((4.970357 52.373387,4.970315 52.373316,4.970149 52.373205,4.970061 52.373191,4.969881 52.373228,4.969677 52.373337,4.969576 52.373463,4.969525 52.373471,4.969451 52.373524,4.969335 52.373535,4.969266 52.373577,4.969242 52.37363,4.969173 52.373671,4.969149 52.373725,4.969172 52.373779,4.969344 52.373875,4.969432 52.373889,4.969529 52.373875,4.969851 52.373701,4.969877 52.373661,4.969968 52.373644,4.970033 52.373604,4.970057 52.373551,4.970034 52.373497,4.969993 52.373466,4.970019 52.373452,4.970085 52.373487,4.970173 52.373502,4.970261 52.373488,4.970326 52.373449,4.970357 52.373387))";"POLYGON((52.373387 4.970357,52.373316 4.970315,52.373205 4.970149,52.373191 4.970061,52.373228 4.969881,52.373337 4.969677,52.373463 4.969576,52.373471 4.969525,52.373524 4.969451,52.373535 4.969335,52.373577 4.969266,52.37363 4.969242,52.373671 4.969173,52.373725 4.969149,52.373779 4.969172,52.373875 4.969344,52.373889 4.969432,52.373875 4.969529,52.373701 4.969851,52.373661 4.969877,52.373644 4.969968,52.373604 4.970033,52.373551 4.970057,52.373497 4.970034,52.373466 4.969993,52.373452 4.970019,52.373487 4.970085,52.373502 4.970173,52.373488 4.970261,52.373449 4.970326,52.373387 4.970357))";4.969758;52.373533;
186;"WARMTE WIJK";"IN AANLEG";"POLYGON((4.969113 52.373561,4.96909 52.373507,4.968888 52.373356,4.9688 52.373341,4.968712 52.373355,4.968574 52.373433,4.968547 52.373486,4.968444 52.373498,4.968028 52.373723,4.967994 52.373787,4.968017 52.373841,4.968241 52.373982,4.968329 52.373997,4.968417 52.373983,4.968486 52.373941,4.968509 52.37389,4.968623 52.373863,4.968804 52.373748,4.968825 52.373703,4.968948 52.373695,4.969089 52.373615,4.969113 52.373561))";"POLYGON((52.373561 4.969113,52.373507 4.96909,52.373356 4.968888,52.373341 4.9688,52.373355 4.968712,52.373433 4.968574,52.373486 4.968547,52.373498 4.968444,52.373723 4.968028,52.373787 4.967994,52.373841 4.968017,52.373982 4.968241,52.373997 4.968329,52.373983 4.968417,52.373941 4.968486,52.37389 4.968509,52.373863 4.968623,52.373748 4.968804,52.373703 4.968825,52.373695 4.968948,52.373615 4.969089,52.373561 4.969113))";4.9685585;52.373662;
187;"WARMTE WIJK";"IN AANLEG";"POLYGON((4.962999 52.389412,4.962975 52.389358,4.962911 52.389318,4.962505 52.389218,4.962434 52.389188,4.962346 52.389173,4.962258 52.389187,4.962193 52.389227,4.962177 52.389144,4.96211 52.3891,4.961823 52.389021,4.961714 52.389001,4.961626 52.389015,4.961561 52.389054,4.961523 52.389104,4.961508 52.389147,4.961531 52.389201,4.961595 52.389241,4.961996 52.389342,4.962084 52.389328,4.962149 52.389289,4.962163 52.389375,4.962227 52.389415,4.962644 52.389518,4.962691 52.389542,4.962781 52.389557,4.962869 52.389543,4.962964 52.38948,4.962999 52.389412))";"POLYGON((52.389412 4.962999,52.389358 4.962975,52.389318 4.962911,52.389218 4.962505,52.389188 4.962434,52.389173 4.962346,52.389187 4.962258,52.389227 4.962193,52.389144 4.962177,52.3891 4.96211,52.389021 4.961823,52.389001 4.961714,52.389015 4.961626,52.389054 4.961561,52.389104 4.961523,52.389147 4.961508,52.389201 4.961531,52.389241 4.961595,52.389342 4.961996,52.389328 4.962084,52.389289 4.962149,52.389375 4.962163,52.389415 4.962227,52.389518 4.962644,52.389542 4.962691,52.389557 4.962781,52.389543 4.962869,52.38948 4.962964,52.389412 4.962999))";4.9622585;52.389272;
188;"WARMTE WIJK";"IN AANLEG";"POLYGON((4.952877 52.39549,4.952851 52.395416,4.952787 52.395376,4.95251 52.395311,4.952304 52.395326,4.952228 52.395369,4.952205 52.39542,4.95156 52.395609,4.951484 52.395651,4.951459 52.395705,4.951482 52.395759,4.951549 52.395802,4.951697 52.39582,4.951776 52.395808,4.952377 52.395628,4.952455 52.395576,4.952675 52.395632,4.952763 52.395618,4.952828 52.395579,4.952877 52.39549))";"POLYGON((52.39549 4.952877,52.395416 4.952851,52.395376 4.952787,52.395311 4.95251,52.395326 4.952304,52.395369 4.952228,52.39542 4.952205,52.395609 4.95156,52.395651 4.951484,52.395705 4.951459,52.395759 4.951482,52.395802 4.951549,52.39582 4.951697,52.395808 4.951776,52.395628 4.952377,52.395576 4.952455,52.395632 4.952675,52.395618 4.952763,52.395579 4.952828,52.39549 4.952877))";4.952173;52.3955585;
189;"WARMTE WIJK";"IN AANLEG";"POLYGON((4.920382 52.406704,4.920359 52.40665,4.920233 52.406561,4.920209 52.406509,4.920123 52.406439,4.920067 52.406408,4.919934 52.406386,4.919846 52.406401,4.919777 52.406442,4.919752 52.406496,4.919775 52.40655,4.919925 52.406674,4.919883 52.406698,4.919867 52.406701,4.919675 52.406558,4.919587 52.406543,4.919499 52.406557,4.919429 52.406599,4.91939 52.406682,4.919428 52.406749,4.919542 52.406833,4.919599 52.406852,4.919675 52.406941,4.919737 52.406974,4.919825 52.406989,4.919914 52.406974,4.920269 52.406816,4.920355 52.406765,4.920382 52.406704))";"POLYGON((52.406704 4.920382,52.40665 4.920359,52.406561 4.920233,52.406509 4.920209,52.406439 4.920123,52.406408 4.920067,52.406386 4.919934,52.406401 4.919846,52.406442 4.919777,52.406496 4.919752,52.40655 4.919775,52.406674 4.919925,52.406698 4.919883,52.406701 4.919867,52.406558 4.919675,52.406543 4.919587,52.406557 4.919499,52.406599 4.919429,52.406682 4.91939,52.406749 4.919428,52.406833 4.919542,52.406852 4.919599,52.406941 4.919675,52.406974 4.919737,52.406989 4.919825,52.406974 4.919914,52.406816 4.920269,52.406765 4.920355,52.406704 4.920382))";4.919891;52.4066805;
190;"WARMTE WIJK";"IN AANLEG";"POLYGON((4.91876 52.407438,4.918737 52.407384,4.918621 52.407302,4.918585 52.407242,4.918499 52.407172,4.918444 52.407141,4.918306 52.407121,4.918218 52.407136,4.918148 52.407177,4.918124 52.407231,4.918147 52.407285,4.918297 52.407409,4.91826 52.407431,4.918047 52.407293,4.917959 52.407278,4.917871 52.407292,4.917801 52.407334,4.917767 52.407414,4.917805 52.407482,4.917919 52.407565,4.91797 52.407584,4.918051 52.407673,4.918114 52.407707,4.918202 52.407721,4.91829 52.407707,4.918646 52.407549,4.918732 52.407498,4.91876 52.407438))";"POLYGON((52.407438 4.91876,52.407384 4.918737,52.407302 4.918621,52.407242 4.918585,52.407172 4.918499,52.407141 4.918444,52.407121 4.918306,52.407136 4.918218,52.407177 4.918148,52.407231 4.918124,52.407285 4.918147,52.407409 4.918297,52.407431 4.91826,52.407293 4.918047,52.407278 4.917959,52.407292 4.917871,52.407334 4.917801,52.407414 4.917767,52.407482 4.917805,52.407565 4.917919,52.407584 4.91797,52.407673 4.918051,52.407707 4.918114,52.407721 4.918202,52.407707 4.91829,52.407549 4.918646,52.407498 4.918732,52.407438 4.91876))";4.9182685;52.407414;
191;"WARMTE WIJK";"IN AANLEG";"POLYGON((4.901595 52.39402,4.901572 52.393966,4.901513 52.393916,4.901535 52.393851,4.901512 52.393797,4.901332 52.393687,4.901244 52.393672,4.901148 52.393685,4.900874 52.39379,4.900787 52.393805,4.900718 52.393846,4.900694 52.3939,4.900751 52.394008,4.900793 52.394034,4.900812 52.394078,4.900879 52.394121,4.900903 52.394168,4.90097 52.39421,4.901058 52.394225,4.901147 52.394211,4.901283 52.39416,4.901406 52.394151,4.90157 52.394074,4.901595 52.39402))";"POLYGON((52.39402 4.901595,52.393966 4.901572,52.393916 4.901513,52.393851 4.901535,52.393797 4.901512,52.393687 4.901332,52.393672 4.901244,52.393685 4.901148,52.39379 4.900874,52.393805 4.900787,52.393846 4.900718,52.3939 4.900694,52.394008 4.900751,52.394034 4.900793,52.394078 4.900812,52.394121 4.900879,52.394168 4.900903,52.39421 4.90097,52.394225 4.901058,52.394211 4.901147,52.39416 4.901283,52.394151 4.901406,52.394074 4.90157,52.39402 4.901595))";4.9011495;52.3939415;
192;"WARMTE WIJK";"IN AANLEG";"POLYGON((4.901321 52.338917,4.901248 52.338314,4.901225 52.338268,4.901161 52.338229,4.901073 52.338214,4.900979 52.338228,4.900915 52.338267,4.90089 52.338321,4.90095 52.338813,4.90074 52.338833,4.900675 52.338873,4.900651 52.338926,4.900674 52.338984,4.900738 52.339024,4.900826 52.339038,4.901158 52.339023,4.901232 52.33901,4.901297 52.33897,4.901321 52.338917))";"POLYGON((52.338917 4.901321,52.338314 4.901248,52.338268 4.901225,52.338229 4.901161,52.338214 4.901073,52.338228 4.900979,52.338267 4.900915,52.338321 4.90089,52.338813 4.90095,52.338833 4.90074,52.338873 4.900675,52.338926 4.900651,52.338984 4.900674,52.339024 4.900738,52.339038 4.900826,52.339023 4.901158,52.33901 4.901232,52.33897 4.901297,52.338917 4.901321))";4.900991;52.338619;
193;"WARMTE WIJK";"IN AANLEG";"POLYGON((4.84028 52.357177,4.840245 52.357105,4.840181 52.357065,4.840095 52.35705,4.839235 52.357042,4.839134 52.357056,4.839069 52.357095,4.839045 52.357149,4.839041 52.357374,4.839064 52.357429,4.839133 52.357473,4.839221 52.357488,4.83931 52.357474,4.839375 52.357435,4.839399 52.357382,4.839401 52.357263,4.83999 52.357269,4.840084 52.357288,4.840186 52.357274,4.840251 52.357234,4.84028 52.357177))";"POLYGON((52.357177 4.84028,52.357105 4.840245,52.357065 4.840181,52.35705 4.840095,52.357042 4.839235,52.357056 4.839134,52.357095 4.839069,52.357149 4.839045,52.357374 4.839041,52.357429 4.839064,52.357473 4.839133,52.357488 4.839221,52.357474 4.83931,52.357435 4.839375,52.357382 4.839399,52.357263 4.839401,52.357269 4.83999,52.357288 4.840084,52.357274 4.840186,52.357234 4.840251,52.357177 4.84028))";4.8396655;52.357258;
194;"WARMTE WIJK";"IN AANLEG";"POLYGON((4.874408 52.397219,4.874385 52.397165,4.874321 52.397125,4.873882 52.397006,4.873489 52.39682,4.873401 52.396805,4.873276 52.396822,4.873187 52.396879,4.873163 52.396933,4.873186 52.396987,4.87325 52.397027,4.873362 52.397038,4.873646 52.397173,4.873829 52.397235,4.874227 52.397328,4.874315 52.397314,4.87438 52.397275,4.874408 52.397219))";"POLYGON((52.397219 4.874408,52.397165 4.874385,52.397125 4.874321,52.397006 4.873882,52.39682 4.873489,52.396805 4.873401,52.396822 4.873276,52.396879 4.873187,52.396933 4.873163,52.396987 4.873186,52.397027 4.87325,52.397038 4.873362,52.397173 4.873646,52.397235 4.873829,52.397328 4.874227,52.397314 4.874315,52.397275 4.87438,52.397219 4.874408))";4.8737905;52.3970595;
195;"WARMTE WIJK";"IN AANLEG";"POLYGON((4.999647 52.357724,4.999624 52.35767,4.999568 52.357626,4.999501 52.357595,4.999393 52.357574,4.999305 52.357588,4.999194 52.35765,4.999141 52.357641,4.999231 52.357517,4.999208 52.357459,4.999107 52.357392,4.999019 52.357378,4.99893 52.357392,4.998861 52.357433,4.998837 52.357487,4.998855 52.357528,4.998807 52.357598,4.99883 52.357652,4.998894 52.357692,4.998934 52.357699,4.998888 52.357772,4.998909 52.357835,4.999051 52.357938,4.999139 52.357953,4.999227 52.357939,4.999292 52.357899,4.999309 52.357864,4.999377 52.357875,4.999478 52.357859,4.999623 52.357778,4.999647 52.357724))";"POLYGON((52.357724 4.999647,52.35767 4.999624,52.357626 4.999568,52.357595 4.999501,52.357574 4.999393,52.357588 4.999305,52.35765 4.999194,52.357641 4.999141,52.357517 4.999231,52.357459 4.999208,52.357392 4.999107,52.357378 4.999019,52.357392 4.99893,52.357433 4.998861,52.357487 4.998837,52.357528 4.998855,52.357598 4.998807,52.357652 4.99883,52.357692 4.998894,52.357699 4.998934,52.357772 4.998888,52.357835 4.998909,52.357938 4.999051,52.357953 4.999139,52.357939 4.999227,52.357899 4.999292,52.357864 4.999309,52.357875 4.999377,52.357859 4.999478,52.357778 4.999623,52.357724 4.999647))";4.999232;52.3576585;
196;"WARMTE WIJK";"IN AANLEG";"POLYGON((4.841914 52.373859,4.841676 52.373296,4.841612 52.373256,4.841524 52.373241,4.841374 52.373265,4.841309 52.373304,4.841285 52.373358,4.841309 52.373415,4.841373 52.373455,4.841494 52.373723,4.841452 52.373748,4.841428 52.373802,4.841481 52.373928,4.841545 52.373967,4.841633 52.373982,4.841782 52.373962,4.84189 52.373913,4.841914 52.373859))";"POLYGON((52.373859 4.841914,52.373296 4.841676,52.373256 4.841612,52.373241 4.841524,52.373265 4.841374,52.373304 4.841309,52.373358 4.841285,52.373415 4.841309,52.373455 4.841373,52.373723 4.841494,52.373748 4.841452,52.373802 4.841428,52.373928 4.841481,52.373967 4.841545,52.373982 4.841633,52.373962 4.841782,52.373913 4.84189,52.373859 4.841914))";4.8416045;52.3736045;
197;"WARMTE WIJK";"IN AANLEG";"POLYGON((4.906029 52.396537,4.906006 52.396483,4.905534 52.396022,4.905474 52.395986,4.905386 52.395971,4.905297 52.395986,4.905228 52.396027,4.905203 52.39608,4.905226 52.396134,4.905699 52.396595,4.905759 52.396631,4.905847 52.396646,4.905935 52.396631,4.906005 52.39659,4.906029 52.396537))";"POLYGON((52.396537 4.906029,52.396483 4.906006,52.396022 4.905534,52.395986 4.905474,52.395971 4.905386,52.395986 4.905297,52.396027 4.905228,52.39608 4.905203,52.396134 4.905226,52.396595 4.905699,52.396631 4.905759,52.396646 4.905847,52.396631 4.905935,52.39659 4.906005,52.396537 4.906029))";4.905621;52.3963015;
198;"WARMTE WIJK";"IN AANLEG";"POLYGON((4.91447 52.403896,4.914447 52.403842,4.914388 52.403801,4.914335 52.403687,4.914233 52.403545,4.914166 52.403502,4.914078 52.403487,4.914006 52.403496,4.913868 52.403534,4.913803 52.403573,4.913776 52.403632,4.913791 52.403676,4.913932 52.403871,4.913995 52.40391,4.914024 52.403999,4.914088 52.404039,4.914176 52.404054,4.914284 52.404034,4.914445 52.403949,4.91447 52.403896))";"POLYGON((52.403896 4.91447,52.403842 4.914447,52.403801 4.914388,52.403687 4.914335,52.403545 4.914233,52.403502 4.914166,52.403487 4.914078,52.403496 4.914006,52.403534 4.913868,52.403573 4.913803,52.403632 4.913776,52.403676 4.913791,52.403871 4.913932,52.40391 4.913995,52.403999 4.914024,52.404039 4.914088,52.404054 4.914176,52.404034 4.914284,52.403949 4.914445,52.403896 4.91447))";4.914128;52.4037635;
199;"WARMTE WIJK";"IN AANLEG";"POLYGON((4.829879 52.349246,4.829856 52.349192,4.829792 52.349152,4.829707 52.349138,4.829282 52.349131,4.829248 52.349109,4.829145 52.349095,4.829054 52.349109,4.828989 52.349148,4.828974 52.34918,4.828846 52.349194,4.828781 52.349234,4.828757 52.349287,4.82878 52.349341,4.828844 52.349381,4.82894 52.349399,4.829143 52.3494,4.829231 52.349386,4.829291 52.34935,4.829694 52.349357,4.829786 52.349343,4.82985 52.349303,4.829879 52.349246))";"POLYGON((52.349246 4.829879,52.349192 4.829856,52.349152 4.829792,52.349138 4.829707,52.349131 4.829282,52.349109 4.829248,52.349095 4.829145,52.349109 4.829054,52.349148 4.828989,52.34918 4.828974,52.349194 4.828846,52.349234 4.828781,52.349287 4.828757,52.349341 4.82878,52.349381 4.828844,52.349399 4.82894,52.3494 4.829143,52.349386 4.829231,52.34935 4.829291,52.349357 4.829694,52.349343 4.829786,52.349303 4.82985,52.349246 4.829879))";4.829323;52.3492405;
200;"WARMTE WIJK";"IN AANLEG";"POLYGON((4.915948 52.405712,4.915821 52.405514,4.91573 52.405467,4.915746 52.405432,4.915723 52.405378,4.915656 52.405335,4.915568 52.40532,4.915496 52.405329,4.915353 52.405358,4.915288 52.405398,4.915264 52.405452,4.915287 52.405506,4.915387 52.405552,4.915367 52.405596,4.915391 52.40565,4.915485 52.405782,4.915549 52.405822,4.915703 52.40584,4.915843 52.40581,4.915924 52.405766,4.915948 52.405712))";"POLYGON((52.405712 4.915948,52.405514 4.915821,52.405467 4.91573,52.405432 4.915746,52.405378 4.915723,52.405335 4.915656,52.40532 4.915568,52.405329 4.915496,52.405358 4.915353,52.405398 4.915288,52.405452 4.915264,52.405506 4.915287,52.405552 4.915387,52.405596 4.915367,52.40565 4.915391,52.405782 4.915485,52.405822 4.915549,52.40584 4.915703,52.40581 4.915843,52.405766 4.915924,52.405712 4.915948))";4.915611;52.405573;
201;"WARMTE WIJK";"IN AANLEG";"POLYGON((4.952634 52.395817,4.952611 52.395762,4.952536 52.395705,4.952436 52.395685,4.952354 52.395697,4.951818 52.395857,4.951687 52.395935,4.951663 52.395989,4.951686 52.396043,4.951753 52.396085,4.951841 52.3961,4.951922 52.396088,4.95254 52.395912,4.95261 52.395871,4.952634 52.395817))";"POLYGON((52.395817 4.952634,52.395762 4.952611,52.395705 4.952536,52.395685 4.952436,52.395697 4.952354,52.395857 4.951818,52.395935 4.951687,52.395989 4.951663,52.396043 4.951686,52.396085 4.951753,52.3961 4.951841,52.396088 4.951922,52.395912 4.95254,52.395871 4.95261,52.395817 4.952634))";4.9521535;52.3958855;
202;"WARMTE WIJK";"IN AANLEG";"POLYGON((4.964706 52.390254,4.964683 52.3902,4.96463 52.390167,4.964667 52.390105,4.96464 52.390035,4.964576 52.389995,4.964619 52.389922,4.964597 52.389838,4.964528 52.389794,4.964462 52.389779,4.964281 52.389794,4.964216 52.389833,4.964192 52.389887,4.964234 52.389976,4.964282 52.390005,4.964251 52.390063,4.964278 52.39013,4.964369 52.390189,4.964321 52.390218,4.964296 52.390272,4.964319 52.390329,4.964383 52.390369,4.964536 52.390386,4.964605 52.390372,4.964676 52.390331,4.964706 52.390254))";"POLYGON((52.390254 4.964706,52.3902 4.964683,52.390167 4.96463,52.390105 4.964667,52.390035 4.96464,52.389995 4.964576,52.389922 4.964619,52.389838 4.964597,52.389794 4.964528,52.389779 4.964462,52.389794 4.964281,52.389833 4.964216,52.389887 4.964192,52.389976 4.964234,52.390005 4.964282,52.390063 4.964251,52.39013 4.964278,52.390189 4.964369,52.390218 4.964321,52.390272 4.964296,52.390329 4.964319,52.390369 4.964383,52.390386 4.964536,52.390372 4.964605,52.390331 4.964676,52.390254 4.964706))";4.964454;52.3900755;
203;"WARMTE WIJK";"IN AANLEG";"POLYGON((4.842271 52.374728,4.842093 52.374303,4.842029 52.374263,4.841941 52.374249,4.841796 52.374272,4.841731 52.374311,4.841707 52.374365,4.841731 52.374422,4.841795 52.374462,4.841885 52.374674,4.841851 52.374734,4.841874 52.374788,4.84194 52.374831,4.842073 52.374842,4.842182 52.374821,4.842247 52.374782,4.842271 52.374728))";"POLYGON((52.374728 4.842271,52.374303 4.842093,52.374263 4.842029,52.374249 4.841941,52.374272 4.841796,52.374311 4.841731,52.374365 4.841707,52.374422 4.841731,52.374462 4.841795,52.374674 4.841885,52.374734 4.841851,52.374788 4.841874,52.374831 4.84194,52.374842 4.842073,52.374821 4.842182,52.374782 4.842247,52.374728 4.842271))";4.841994;52.3745385;
204;"WARMTE WIJK";"IN AANLEG";"POLYGON((4.969284 52.37396,4.969244 52.373891,4.969091 52.373791,4.969003 52.373776,4.968915 52.37379,4.968788 52.373856,4.968764 52.37391,4.968787 52.373964,4.968842 52.374011,4.968769 52.373968,4.968681 52.373953,4.968592 52.373967,4.968523 52.374009,4.968499 52.374063,4.968522 52.374117,4.968676 52.374223,4.968772 52.37424,4.968865 52.374227,4.968944 52.374183,4.968968 52.374129,4.968947 52.374082,4.96904 52.374099,4.969147 52.374079,4.96926 52.374014,4.969284 52.37396))";"POLYGON((52.37396 4.969284,52.373891 4.969244,52.373791 4.969091,52.373776 4.969003,52.37379 4.968915,52.373856 4.968788,52.37391 4.968764,52.373964 4.968787,52.374011 4.968842,52.373968 4.968769,52.373953 4.968681,52.373967 4.968592,52.374009 4.968523,52.374063 4.968499,52.374117 4.968522,52.374223 4.968676,52.37424 4.968772,52.374227 4.968865,52.374183 4.968944,52.374129 4.968968,52.374082 4.968947,52.374099 4.96904,52.374079 4.969147,52.374014 4.96926,52.37396 4.969284))";4.9688965;52.374001;
205;"WARMTE WIJK";"IN AANLEG";"POLYGON((4.918021 52.407741,4.917986 52.407676,4.917803 52.407549,4.917776 52.407503,4.917696 52.407451,4.917608 52.407437,4.91752 52.407451,4.917322 52.40755,4.917298 52.407604,4.917321 52.407658,4.917493 52.407776,4.917557 52.407852,4.917614 52.407885,4.917702 52.4079,4.917897 52.407849,4.917997 52.407794,4.918021 52.407741))";"POLYGON((52.407741 4.918021,52.407676 4.917986,52.407549 4.917803,52.407503 4.917776,52.407451 4.917696,52.407437 4.917608,52.407451 4.91752,52.40755 4.917322,52.407604 4.917298,52.407658 4.917321,52.407776 4.917493,52.407852 4.917557,52.407885 4.917614,52.4079 4.917702,52.407849 4.917897,52.407794 4.917997,52.407741 4.918021))";4.9176645;52.4076615;
206;"WARMTE WIJK";"IN AANLEG";"POLYGON((4.983176 52.359961,4.983153 52.359907,4.983089 52.359867,4.982968 52.359855,4.982983 52.359823,4.98296 52.359769,4.982876 52.359722,4.982741 52.35971,4.982616 52.35968,4.982528 52.359695,4.982463 52.359734,4.982409 52.359866,4.982432 52.35992,4.982569 52.35999,4.982657 52.360004,4.982776 52.359975,4.98276 52.360011,4.982783 52.360065,4.982847 52.360105,4.982935 52.36012,4.983031 52.360105,4.983146 52.360021,4.983176 52.359961))";"POLYGON((52.359961 4.983176,52.359907 4.983153,52.359867 4.983089,52.359855 4.982968,52.359823 4.982983,52.359769 4.98296,52.359722 4.982876,52.35971 4.982741,52.35968 4.982616,52.359695 4.982528,52.359734 4.982463,52.359866 4.982409,52.35992 4.982432,52.35999 4.982569,52.360004 4.982657,52.359975 4.982776,52.360011 4.98276,52.360065 4.982783,52.360105 4.982847,52.36012 4.982935,52.360105 4.983031,52.360021 4.983146,52.359961 4.983176))";4.9827975;52.359893;
207;"WARMTE WIJK";"IN AANLEG";"POLYGON((5.006663 52.353722,5.00664 52.353668,5.006572 52.353626,5.006484 52.353611,5.006295 52.353641,5.005955 52.353818,5.00591 52.353917,5.005931 52.353988,5.006033 52.354056,5.006121 52.354071,5.006209 52.354057,5.006278 52.354015,5.006302 52.353962,5.006287 52.353926,5.006404 52.353868,5.006496 52.353854,5.006598 52.353805,5.006639 52.353776,5.006663 52.353722))";"POLYGON((52.353722 5.006663,52.353668 5.00664,52.353626 5.006572,52.353611 5.006484,52.353641 5.006295,52.353818 5.005955,52.353917 5.00591,52.353988 5.005931,52.354056 5.006033,52.354071 5.006121,52.354057 5.006209,52.354015 5.006278,52.353962 5.006302,52.353926 5.006287,52.353868 5.006404,52.353854 5.006496,52.353805 5.006598,52.353776 5.006639,52.353722 5.006663))";5.0062915;52.353834;
208;"WARMTE WIJK";"IN AANLEG";"POLYGON((4.899822 52.394132,4.899799 52.394078,4.899739 52.39404,4.899724 52.394006,4.899564 52.393902,4.899476 52.393887,4.899214 52.393933,4.899156 52.393969,4.899111 52.394058,4.899134 52.394112,4.899208 52.394161,4.899333 52.394182,4.899456 52.394281,4.899544 52.394296,4.899632 52.394282,4.899737 52.394224,4.899798 52.394186,4.899822 52.394132))";"POLYGON((52.394132 4.899822,52.394078 4.899799,52.39404 4.899739,52.394006 4.899724,52.393902 4.899564,52.393887 4.899476,52.393933 4.899214,52.393969 4.899156,52.394058 4.899111,52.394112 4.899134,52.394161 4.899208,52.394182 4.899333,52.394281 4.899456,52.394296 4.899544,52.394282 4.899632,52.394224 4.899737,52.394186 4.899798,52.394132 4.899822))";4.8994715;52.3940845;
209;"WARMTE WIJK";"IN AANLEG";"POLYGON((4.919636 52.407001,4.919611 52.406929,4.919342 52.406708,4.919254 52.406694,4.919165 52.406708,4.919096 52.406749,4.919058 52.406824,4.919078 52.406871,4.919044 52.406931,4.919067 52.406985,4.919266 52.407137,4.919354 52.407152,4.919442 52.407138,4.919612 52.407055,4.919636 52.407001))";"POLYGON((52.407001 4.919636,52.406929 4.919611,52.406708 4.919342,52.406694 4.919254,52.406708 4.919165,52.406749 4.919096,52.406824 4.919058,52.406871 4.919078,52.406931 4.919044,52.406985 4.919067,52.407137 4.919266,52.407152 4.919354,52.407138 4.919442,52.407055 4.919612,52.407001 4.919636))";4.919345;52.406916;
210;"WARMTE WIJK";"IN AANLEG";"POLYGON((4.919178 52.407208,4.919143 52.407143,4.918952 52.407,4.918864 52.406985,4.918808 52.406994,4.918784 52.406979,4.918659 52.406962,4.918571 52.406976,4.918501 52.407018,4.918477 52.407071,4.9185 52.407125,4.918595 52.407181,4.918681 52.407273,4.91878 52.407341,4.918896 52.407359,4.918984 52.407345,4.919153 52.407262,4.919178 52.407208))";"POLYGON((52.407208 4.919178,52.407143 4.919143,52.407 4.918952,52.406985 4.918864,52.406994 4.918808,52.406979 4.918784,52.406962 4.918659,52.406976 4.918571,52.407018 4.918501,52.407071 4.918477,52.407125 4.9185,52.407181 4.918595,52.407273 4.918681,52.407341 4.91878,52.407359 4.918896,52.407345 4.918984,52.407262 4.919153,52.407208 4.919178))";4.9188325;52.4071535;
211;"WARMTE WIJK";"IN AANLEG";"POLYGON((5.000287 52.357383,5.000264 52.357329,5.000116 52.357231,5.000028 52.357216,4.99994 52.35723,4.999606 52.357416,4.999582 52.35747,4.999605 52.357524,4.999754 52.357614,4.999842 52.357629,4.999938 52.357615,5.000263 52.357437,5.000287 52.357383))";"POLYGON((52.357383 5.000287,52.357329 5.000264,52.357231 5.000116,52.357216 5.000028,52.35723 4.99994,52.357416 4.999606,52.35747 4.999582,52.357524 4.999605,52.357614 4.999754,52.357629 4.999842,52.357615 4.999938,52.357437 5.000263,52.357383 5.000287))";4.9999395;52.3574155;
212;"WARMTE WIJK";"IN AANLEG";"POLYGON((4.886258 52.334156,4.886235 52.334102,4.886171 52.334063,4.886083 52.334048,4.885989 52.334062,4.885918 52.334114,4.885625 52.334114,4.885527 52.334128,4.885462 52.334167,4.885438 52.334221,4.885461 52.334283,4.88553 52.334329,4.885618 52.334344,4.885687 52.334333,4.886053 52.334334,4.88614 52.33432,4.886205 52.334281,4.886258 52.334156))";"POLYGON((52.334156 4.886258,52.334102 4.886235,52.334063 4.886171,52.334048 4.886083,52.334062 4.885989,52.334114 4.885918,52.334114 4.885625,52.334128 4.885527,52.334167 4.885462,52.334221 4.885438,52.334283 4.885461,52.334329 4.88553,52.334344 4.885618,52.334333 4.885687,52.334334 4.886053,52.33432 4.88614,52.334281 4.886205,52.334156 4.886258))";4.885853;52.334189;
213;"WARMTE WIJK";"IN AANLEG";"POLYGON((4.906694 52.393254,4.906671 52.3932,4.906599 52.393153,4.906511 52.393138,4.906423 52.393152,4.906008 52.393312,4.905949 52.393349,4.905925 52.393403,4.905948 52.393457,4.906015 52.3935,4.906103 52.393514,4.906344 52.393483,4.906594 52.393371,4.90667 52.393308,4.906694 52.393254))";"POLYGON((52.393254 4.906694,52.3932 4.906671,52.393153 4.906599,52.393138 4.906511,52.393152 4.906423,52.393312 4.906008,52.393349 4.905949,52.393403 4.905925,52.393457 4.905948,52.3935 4.906015,52.393514 4.906103,52.393483 4.906344,52.393371 4.906594,52.393308 4.90667,52.393254 4.906694))";4.9063145;52.393319;
214;"WARMTE WIJK";"IN AANLEG";"POLYGON((4.906159 52.392758,4.906118 52.392668,4.906059 52.392633,4.905971 52.392619,4.905883 52.392633,4.905637 52.392731,4.905498 52.392743,4.905428 52.392784,4.905404 52.392838,4.905427 52.392892,4.905532 52.392972,4.905687 52.392986,4.905775 52.392972,4.905854 52.392911,4.905947 52.392875,4.906077 52.392849,4.906135 52.392812,4.906159 52.392758))";"POLYGON((52.392758 4.906159,52.392668 4.906118,52.392633 4.906059,52.392619 4.905971,52.392633 4.905883,52.392731 4.905637,52.392743 4.905498,52.392784 4.905428,52.392838 4.905404,52.392892 4.905427,52.392972 4.905532,52.392986 4.905687,52.392972 4.905775,52.392911 4.905854,52.392875 4.905947,52.392849 4.906077,52.392812 4.906135,52.392758 4.906159))";4.9057865;52.3927955;
215;"WARMTE WIJK";"IN AANLEG";"POLYGON((5.0001 52.346657,5.00008 52.346607,4.999927 52.346423,4.999911 52.346352,4.999844 52.346309,4.999756 52.346295,4.999675 52.346307,4.999555 52.346363,4.999531 52.346417,4.999554 52.346471,4.999763 52.346707,4.99983 52.346751,4.999918 52.346766,5.000006 52.346751,5.000076 52.346711,5.0001 52.346657))";"POLYGON((52.346657 5.0001,52.346607 5.00008,52.346423 4.999927,52.346352 4.999911,52.346309 4.999844,52.346295 4.999756,52.346307 4.999675,52.346363 4.999555,52.346417 4.999531,52.346471 4.999554,52.346707 4.999763,52.346751 4.99983,52.346766 4.999918,52.346751 5.000006,52.346711 5.000076,52.346657 5.0001))";4.9998205;52.3465235;
216;"WARMTE WIJK";"IN AANLEG";"POLYGON((4.914687 52.40437,4.91458 52.404201,4.914511 52.404153,4.914307 52.404132,4.914191 52.404151,4.914126 52.404191,4.914099 52.404249,4.914122 52.404303,4.914234 52.404456,4.914298 52.404496,4.914386 52.404511,4.914598 52.404463,4.914663 52.404424,4.914687 52.40437))";"POLYGON((52.40437 4.914687,52.404201 4.91458,52.404153 4.914511,52.404132 4.914307,52.404151 4.914191,52.404191 4.914126,52.404249 4.914099,52.404303 4.914122,52.404456 4.914234,52.404496 4.914298,52.404511 4.914386,52.404463 4.914598,52.404424 4.914663,52.40437 4.914687))";4.914398;52.4043145;
217;"WARMTE WIJK";"IN AANLEG";"POLYGON((4.890445 52.405487,4.890422 52.405433,4.890345 52.405383,4.890257 52.405368,4.890169 52.405382,4.89009 52.405427,4.89007 52.405472,4.889985 52.405516,4.88996 52.40557,4.889905 52.405561,4.889817 52.405575,4.889752 52.405614,4.889727 52.405668,4.88975 52.405722,4.889815 52.405762,4.889903 52.405777,4.889991 52.405762,4.890056 52.405723,4.890077 52.405678,4.890141 52.405688,4.890229 52.405674,4.890412 52.405579,4.890445 52.405487))";"POLYGON((52.405487 4.890445,52.405433 4.890422,52.405383 4.890345,52.405368 4.890257,52.405382 4.890169,52.405427 4.89009,52.405472 4.89007,52.405516 4.889985,52.40557 4.88996,52.405561 4.889905,52.405575 4.889817,52.405614 4.889752,52.405668 4.889727,52.405722 4.88975,52.405762 4.889815,52.405777 4.889903,52.405762 4.889991,52.405723 4.890056,52.405678 4.890077,52.405688 4.890141,52.405674 4.890229,52.405579 4.890412,52.405487 4.890445))";4.890091;52.4055655;
218;"WARMTE WIJK";"IN AANLEG";"POLYGON((4.906556 52.397882,4.906533 52.397828,4.906466 52.397785,4.906378 52.39777,4.90629 52.397784,4.905921 52.397926,4.905863 52.397963,4.905839 52.398016,4.905881 52.398096,4.905945 52.398135,4.906033 52.39815,4.906122 52.398136,4.906197 52.398079,4.906474 52.397972,4.906532 52.397936,4.906556 52.397882))";"POLYGON((52.397882 4.906556,52.397828 4.906533,52.397785 4.906466,52.39777 4.906378,52.397784 4.90629,52.397926 4.905921,52.397963 4.905863,52.398016 4.905839,52.398096 4.905881,52.398135 4.905945,52.39815 4.906033,52.398136 4.906122,52.398079 4.906197,52.397972 4.906474,52.397936 4.906532,52.397882 4.906556))";4.9062025;52.397953;
219;"WARMTE WIJK";"IN AANLEG";"POLYGON((4.96512 52.37529,4.965096 52.375236,4.964971 52.37514,4.964927 52.375118,4.964839 52.375103,4.964728 52.375117,4.964617 52.375173,4.964581 52.3752,4.964557 52.375254,4.964578 52.375321,4.964703 52.375417,4.964825 52.375474,4.964913 52.375489,4.965002 52.375475,4.965071 52.375434,4.965095 52.37538,4.965083 52.375352,4.96512 52.37529))";"POLYGON((52.37529 4.96512,52.375236 4.965096,52.37514 4.964971,52.375118 4.964927,52.375103 4.964839,52.375117 4.964728,52.375173 4.964617,52.3752 4.964581,52.375254 4.964557,52.375321 4.964578,52.375417 4.964703,52.375474 4.964825,52.375489 4.964913,52.375475 4.965002,52.375434 4.965071,52.37538 4.965095,52.375352 4.965083,52.37529 4.96512))";4.9648435;52.375289;
220;"WARMTE WIJK";"IN AANLEG";"POLYGON((4.963779 52.389627,4.963754 52.389554,4.96369 52.389515,4.963511 52.389478,4.963475 52.389484,4.963422 52.389451,4.963324 52.389434,4.963235 52.389448,4.963163 52.389489,4.963124 52.389579,4.963147 52.389633,4.963212 52.389673,4.963347 52.389685,4.9634 52.389718,4.963588 52.389757,4.963676 52.389743,4.963741 52.389703,4.963779 52.389627))";"POLYGON((52.389627 4.963779,52.389554 4.963754,52.389515 4.96369,52.389478 4.963511,52.389484 4.963475,52.389451 4.963422,52.389434 4.963324,52.389448 4.963235,52.389489 4.963163,52.389579 4.963124,52.389633 4.963147,52.389673 4.963212,52.389685 4.963347,52.389718 4.9634,52.389757 4.963588,52.389743 4.963676,52.389703 4.963741,52.389627 4.963779))";4.9634565;52.3895885;
221;"WARMTE WIJK";"IN AANLEG";"POLYGON((4.805467 52.357978,4.805444 52.357924,4.805376 52.35788,4.805102 52.357828,4.804881 52.357873,4.804816 52.357912,4.804789 52.357969,4.804818 52.358046,4.804882 52.358086,4.805066 52.358119,4.805154 52.358105,4.805206 52.358074,4.805289 52.358085,4.805378 52.358071,4.805442 52.358032,4.805467 52.357978))";"POLYGON((52.357978 4.805467,52.357924 4.805444,52.35788 4.805376,52.357828 4.805102,52.357873 4.804881,52.357912 4.804816,52.357969 4.804789,52.358046 4.804818,52.358086 4.804882,52.358119 4.805066,52.358105 4.805154,52.358074 4.805206,52.358085 4.805289,52.358071 4.805378,52.358032 4.805442,52.357978 4.805467))";4.805133;52.3579665;
222;"WARMTE WIJK";"IN AANLEG";"POLYGON((5.00232 52.345775,5.002296 52.345713,5.002232 52.345673,5.002144 52.345658,5.00185 52.345737,5.001735 52.345746,5.001665 52.345787,5.001641 52.345841,5.001658 52.345888,5.001719 52.345942,5.001806 52.345967,5.001871 52.345968,5.002219 52.345872,5.002296 52.345829,5.00232 52.345775))";"POLYGON((52.345775 5.00232,52.345713 5.002296,52.345673 5.002232,52.345658 5.002144,52.345737 5.00185,52.345746 5.001735,52.345787 5.001665,52.345841 5.001641,52.345888 5.001658,52.345942 5.001719,52.345967 5.001806,52.345968 5.001871,52.345872 5.002219,52.345829 5.002296,52.345775 5.00232))";5.0019855;52.345806;
223;"WARMTE WIJK";"IN AANLEG";"POLYGON((4.986474 52.361955,4.98645 52.361901,4.986375 52.361848,4.986311 52.361808,4.986223 52.361794,4.986127 52.361807,4.985979 52.361883,4.985943 52.36191,4.985918 52.361964,4.985942 52.362018,4.986016 52.362071,4.986081 52.362111,4.986169 52.362126,4.986257 52.362111,4.986413 52.362036,4.98645 52.362009,4.986474 52.361955))";"POLYGON((52.361955 4.986474,52.361901 4.98645,52.361848 4.986375,52.361808 4.986311,52.361794 4.986223,52.361807 4.986127,52.361883 4.985979,52.36191 4.985943,52.361964 4.985918,52.362018 4.985942,52.362071 4.986016,52.362111 4.986081,52.362126 4.986169,52.362111 4.986257,52.362036 4.986413,52.362009 4.98645,52.361955 4.986474))";4.986201;52.361953;
224;"WARMTE WIJK";"IN AANLEG";"POLYGON((4.986016 52.361632,4.985993 52.361578,4.985925 52.361528,4.985875 52.361502,4.985787 52.361487,4.985692 52.361501,4.985543 52.361576,4.985507 52.361603,4.985483 52.361657,4.985506 52.361711,4.985574 52.361758,4.985638 52.361798,4.985726 52.361813,4.985814 52.361799,4.985935 52.361738,4.985979 52.361702,4.986016 52.361632))";"POLYGON((52.361632 4.986016,52.361578 4.985993,52.361528 4.985925,52.361502 4.985875,52.361487 4.985787,52.361501 4.985692,52.361576 4.985543,52.361603 4.985507,52.361657 4.985483,52.361711 4.985506,52.361758 4.985574,52.361798 4.985638,52.361813 4.985726,52.361799 4.985814,52.361738 4.985935,52.361702 4.985979,52.361632 4.986016))";4.9857545;52.361643;
225;"WARMTE WIJK";"IN AANLEG";"POLYGON((4.857853 52.34443,4.857831 52.344376,4.857767 52.344337,4.857666 52.34432,4.857578 52.344334,4.857513 52.344373,4.857494 52.344415,4.857423 52.344359,4.857372 52.344346,4.857233 52.344356,4.857168 52.344395,4.857144 52.344449,4.857167 52.344503,4.857231 52.344543,4.857333 52.34456,4.857421 52.344546,4.857486 52.344506,4.857503 52.344467,4.857575 52.344524,4.857626 52.344537,4.857758 52.344526,4.857829 52.344484,4.857853 52.34443))";"POLYGON((52.34443 4.857853,52.344376 4.857831,52.344337 4.857767,52.34432 4.857666,52.344334 4.857578,52.344373 4.857513,52.344415 4.857494,52.344359 4.857423,52.344346 4.857372,52.344356 4.857233,52.344395 4.857168,52.344449 4.857144,52.344503 4.857167,52.344543 4.857231,52.34456 4.857333,52.344546 4.857421,52.344506 4.857486,52.344467 4.857503,52.344524 4.857575,52.344537 4.857626,52.344526 4.857758,52.344484 4.857829,52.34443 4.857853))";4.8575035;52.344433;
226;"WARMTE WIJK";"IN AANLEG";"POLYGON((4.832278 52.34837,4.832255 52.348316,4.832191 52.348276,4.832105 52.348261,4.831871 52.348258,4.831781 52.348272,4.831716 52.348312,4.831691 52.348365,4.831714 52.348423,4.831778 52.348463,4.832094 52.348492,4.832182 52.348478,4.832253 52.348436,4.832278 52.34837))";"POLYGON((52.34837 4.832278,52.348316 4.832255,52.348276 4.832191,52.348261 4.832105,52.348258 4.831871,52.348272 4.831781,52.348312 4.831716,52.348365 4.831691,52.348423 4.831714,52.348463 4.831778,52.348492 4.832094,52.348478 4.832182,52.348436 4.832253,52.34837 4.832278))";4.8319895;52.348368;
227;"WARMTE WIJK";"IN AANLEG";"POLYGON((4.987265 52.362512,4.987242 52.362458,4.987132 52.362388,4.987044 52.362373,4.986956 52.362387,4.986804 52.362465,4.986767 52.362492,4.986743 52.362546,4.986766 52.3626,4.986834 52.362642,4.987052 52.362661,4.98714 52.362647,4.987201 52.362615,4.987252 52.362565,4.987265 52.362512))";"POLYGON((52.362512 4.987265,52.362458 4.987242,52.362388 4.987132,52.362373 4.987044,52.362387 4.986956,52.362465 4.986804,52.362492 4.986767,52.362546 4.986743,52.3626 4.986766,52.362642 4.986834,52.362661 4.987052,52.362647 4.98714,52.362615 4.987201,52.362565 4.987252,52.362512 4.987265))";4.987009;52.36251;
228;"WARMTE WIJK";"IN AANLEG";"POLYGON((4.920915 52.338309,4.920818 52.338171,4.920752 52.338129,4.920664 52.338114,4.920579 52.338127,4.920492 52.338145,4.920422 52.338186,4.920398 52.33824,4.920429 52.338304,4.920495 52.338345,4.920578 52.338359,4.920645 52.338403,4.920733 52.338417,4.920821 52.338403,4.920891 52.338362,4.920915 52.338309))";"POLYGON((52.338309 4.920915,52.338171 4.920818,52.338129 4.920752,52.338114 4.920664,52.338127 4.920579,52.338145 4.920492,52.338186 4.920422,52.33824 4.920398,52.338304 4.920429,52.338345 4.920495,52.338359 4.920578,52.338403 4.920645,52.338417 4.920733,52.338403 4.920821,52.338362 4.920891,52.338309 4.920915))";4.9206615;52.3382585;
229;"WARMTE WIJK";"IN AANLEG";"POLYGON((4.821154 52.372241,4.82113 52.372184,4.821066 52.372144,4.820855 52.372108,4.82069 52.372128,4.820625 52.372167,4.820601 52.372221,4.820632 52.372295,4.820696 52.372335,4.820883 52.372369,4.821065 52.372334,4.82113 52.372295,4.821154 52.372241))";"POLYGON((52.372241 4.821154,52.372184 4.82113,52.372144 4.821066,52.372108 4.820855,52.372128 4.82069,52.372167 4.820625,52.372221 4.820601,52.372295 4.820632,52.372335 4.820696,52.372369 4.820883,52.372334 4.821065,52.372295 4.82113,52.372241 4.821154))";4.8208825;52.3722315;
230;"WARMTE WIJK";"IN AANLEG";"POLYGON((4.920286 52.338053,4.920263 52.337999,4.920204 52.337962,4.92022 52.337919,4.920197 52.337865,4.920133 52.337825,4.92004 52.337809,4.919952 52.337823,4.919887 52.337862,4.919842 52.337946,4.919865 52.338001,4.919929 52.33804,4.919949 52.338107,4.920013 52.338147,4.920106 52.338163,4.920195 52.338149,4.92026 52.33811,4.920286 52.338053))";"POLYGON((52.338053 4.920286,52.337999 4.920263,52.337962 4.920204,52.337919 4.92022,52.337865 4.920197,52.337825 4.920133,52.337809 4.92004,52.337823 4.919952,52.337862 4.919887,52.337946 4.919842,52.338001 4.919865,52.33804 4.919929,52.338107 4.919949,52.338147 4.920013,52.338163 4.920106,52.338149 4.920195,52.33811 4.92026,52.338053 4.920286))";4.920069;52.337979;
231;"WARMTE WIJK";"IN AANLEG";"POLYGON((4.975074 52.322535,4.975051 52.322481,4.974987 52.322441,4.974796 52.32239,4.974708 52.322405,4.974643 52.322444,4.974616 52.322501,4.974651 52.32265,4.974736 52.322697,4.974822 52.322711,4.97491 52.322697,4.975041 52.322599,4.975074 52.322535))";"POLYGON((52.322535 4.975074,52.322481 4.975051,52.322441 4.974987,52.32239 4.974796,52.322405 4.974708,52.322444 4.974643,52.322501 4.974616,52.32265 4.974651,52.322697 4.974736,52.322711 4.974822,52.322697 4.97491,52.322599 4.975041,52.322535 4.975074))";4.97485;52.3225435;
232;"WARMTE WIJK";"IN AANLEG";"POLYGON((4.9818 52.360717,4.981777 52.360663,4.981713 52.360623,4.981578 52.360568,4.981485 52.360551,4.981397 52.360565,4.981338 52.360599,4.981283 52.360681,4.981306 52.360735,4.98137 52.360775,4.981505 52.36083,4.981598 52.360847,4.981686 52.360833,4.981745 52.360799,4.9818 52.360717))";"POLYGON((52.360717 4.9818,52.360663 4.981777,52.360623 4.981713,52.360568 4.981578,52.360551 4.981485,52.360565 4.981397,52.360599 4.981338,52.360681 4.981283,52.360735 4.981306,52.360775 4.98137,52.36083 4.981505,52.360847 4.981598,52.360833 4.981686,52.360799 4.981745,52.360717 4.9818))";4.9815465;52.360692;
233;"WARMTE WIJK";"IN AANLEG";"POLYGON((5.007953 52.346555,5.00793 52.346501,5.007862 52.346459,5.007774 52.346444,5.007686 52.346458,5.007569 52.346521,5.007488 52.346599,5.007464 52.346653,5.007487 52.346707,5.007551 52.346747,5.007639 52.346762,5.007735 52.346748,5.00782 52.346702,5.007929 52.346609,5.007953 52.346555))";"POLYGON((52.346555 5.007953,52.346501 5.00793,52.346459 5.007862,52.346444 5.007774,52.346458 5.007686,52.346521 5.007569,52.346599 5.007488,52.346653 5.007464,52.346707 5.007487,52.346747 5.007551,52.346762 5.007639,52.346748 5.007735,52.346702 5.00782,52.346609 5.007929,52.346555 5.007953))";5.0077135;52.346596;
234;"WARMTE WIJK";"IN AANLEG";"POLYGON((4.967976 52.321783,4.967953 52.321729,4.967889 52.321689,4.9678 52.321672,4.967734 52.321628,4.967641 52.321612,4.967553 52.321626,4.967481 52.321673,4.96746 52.321724,4.967482 52.321786,4.967698 52.321886,4.967788 52.321902,4.967876 52.321888,4.967941 52.321849,4.967976 52.321783))";"POLYGON((52.321783 4.967976,52.321729 4.967953,52.321689 4.967889,52.321672 4.9678,52.321628 4.967734,52.321612 4.967641,52.321626 4.967553,52.321673 4.967481,52.321724 4.96746,52.321786 4.967482,52.321886 4.967698,52.321902 4.967788,52.321888 4.967876,52.321849 4.967941,52.321783 4.967976))";4.967723;52.32175;
235;"WARMTE WIJK";"IN AANLEG";"POLYGON((4.882465 52.392967,4.882442 52.392913,4.882321 52.392814,4.88226 52.392784,4.882172 52.39277,4.882084 52.392784,4.882019 52.392823,4.881991 52.392879,4.882023 52.392966,4.882195 52.393062,4.882283 52.393077,4.882372 52.393063,4.882437 52.393024,4.882465 52.392967))";"POLYGON((52.392967 4.882465,52.392913 4.882442,52.392814 4.882321,52.392784 4.88226,52.39277 4.882172,52.392784 4.882084,52.392823 4.882019,52.392879 4.881991,52.392966 4.882023,52.393062 4.882195,52.393077 4.882283,52.393063 4.882372,52.393024 4.882437,52.392967 4.882465))";4.882233;52.3929165;
236;"WARMTE WIJK";"IN AANLEG";"POLYGON((4.884186 52.410479,4.884149 52.410413,4.883984 52.410295,4.883896 52.41028,4.883808 52.410294,4.883738 52.410335,4.883714 52.410389,4.883737 52.410443,4.88392 52.410577,4.884008 52.410591,4.884096 52.410577,4.884161 52.410538,4.884186 52.410479))";"POLYGON((52.410479 4.884186,52.410413 4.884149,52.410295 4.883984,52.41028 4.883896,52.410294 4.883808,52.410335 4.883738,52.410389 4.883714,52.410443 4.883737,52.410577 4.88392,52.410591 4.884008,52.410577 4.884096,52.410538 4.884161,52.410479 4.884186))";4.883955;52.4104285;
237;"WARMTE WIJK";"IN AANLEG";"POLYGON((4.836626 52.369474,4.836602 52.369417,4.836538 52.369377,4.83645 52.369362,4.836352 52.369378,4.836316 52.3694,4.836259 52.36939,4.836163 52.369405,4.836098 52.369444,4.836074 52.369498,4.836098 52.369555,4.836162 52.369595,4.83625 52.36961,4.836346 52.369595,4.836382 52.369573,4.836439 52.369583,4.836537 52.369567,4.836602 52.369528,4.836626 52.369474))";"POLYGON((52.369474 4.836626,52.369417 4.836602,52.369377 4.836538,52.369362 4.83645,52.369378 4.836352,52.3694 4.836316,52.36939 4.836259,52.369405 4.836163,52.369444 4.836098,52.369498 4.836074,52.369555 4.836098,52.369595 4.836162,52.36961 4.83625,52.369595 4.836346,52.369573 4.836382,52.369583 4.836439,52.369567 4.836537,52.369528 4.836602,52.369474 4.836626))";4.836355;52.369479;
238;"WARMTE WIJK";"IN AANLEG";"POLYGON((4.995489 52.355572,4.995466 52.355518,4.995398 52.355476,4.99531 52.355461,4.995221 52.355475,4.995155 52.355515,4.995131 52.355569,4.995051 52.355618,4.995027 52.355672,4.99505 52.355726,4.995118 52.355768,4.995206 52.355783,4.995294 52.355769,4.995363 52.355728,4.995387 52.355674,4.995465 52.355626,4.995489 52.355572))";"POLYGON((52.355572 4.995489,52.355518 4.995466,52.355476 4.995398,52.355461 4.99531,52.355475 4.995221,52.355515 4.995155,52.355569 4.995131,52.355618 4.995051,52.355672 4.995027,52.355726 4.99505,52.355768 4.995118,52.355783 4.995206,52.355769 4.995294,52.355728 4.995363,52.355674 4.995387,52.355626 4.995465,52.355572 4.995489))";4.995263;52.355615;
239;"WARMTE WIJK";"IN AANLEG";"POLYGON((4.965651 52.316074,4.965623 52.31601,4.965559 52.31597,4.965471 52.315955,4.965393 52.315914,4.965308 52.315901,4.96522 52.315915,4.965155 52.315954,4.965131 52.316008,4.965154 52.316062,4.965218 52.316101,4.965318 52.316121,4.965386 52.316167,4.965474 52.316182,4.965562 52.316168,4.965627 52.316128,4.965651 52.316074))";"POLYGON((52.316074 4.965651,52.31601 4.965623,52.31597 4.965559,52.315955 4.965471,52.315914 4.965393,52.315901 4.965308,52.315915 4.96522,52.315954 4.965155,52.316008 4.965131,52.316062 4.965154,52.316101 4.965218,52.316121 4.965318,52.316167 4.965386,52.316182 4.965474,52.316168 4.965562,52.316128 4.965627,52.316074 4.965651))";4.965396;52.3160345;
240;"WARMTE WIJK";"IN AANLEG";"POLYGON((4.915308 52.404979,4.915285 52.404925,4.915219 52.404882,4.915089 52.404853,4.914906 52.404896,4.914837 52.404937,4.914812 52.40499,4.914852 52.405067,4.914916 52.405107,4.915011 52.405123,4.915219 52.405072,4.915284 52.405033,4.915308 52.404979))";"POLYGON((52.404979 4.915308,52.404925 4.915285,52.404882 4.915219,52.404853 4.915089,52.404896 4.914906,52.404937 4.914837,52.40499 4.914812,52.405067 4.914852,52.405107 4.914916,52.405123 4.915011,52.405072 4.915219,52.405033 4.915284,52.404979 4.915308))";4.915065;52.404981;
241;"WARMTE WIJK";"IN AANLEG";"POLYGON((4.845999 52.356376,4.845976 52.356313,4.845912 52.356273,4.845825 52.356258,4.845621 52.356272,4.845556 52.356311,4.845532 52.356365,4.845555 52.356425,4.845632 52.356475,4.845719 52.35649,4.84591 52.356469,4.845975 52.35643,4.845999 52.356376))";"POLYGON((52.356376 4.845999,52.356313 4.845976,52.356273 4.845912,52.356258 4.845825,52.356272 4.845621,52.356311 4.845556,52.356365 4.845532,52.356425 4.845555,52.356475 4.845632,52.35649 4.845719,52.356469 4.84591,52.35643 4.845975,52.356376 4.845999))";4.8457705;52.356367;
242;"WARMTE WIJK";"IN AANLEG";"POLYGON((5.000626 52.357198,5.000603 52.357144,5.000469 52.357056,5.000381 52.357042,5.000293 52.357056,5.000224 52.357097,5.0002 52.357151,5.000223 52.357205,5.000274 52.357267,5.000341 52.357307,5.000429 52.357321,5.000517 52.357307,5.000602 52.357252,5.000626 52.357198))";"POLYGON((52.357198 5.000626,52.357144 5.000603,52.357056 5.000469,52.357042 5.000381,52.357056 5.000293,52.357097 5.000224,52.357151 5.0002,52.357205 5.000223,52.357267 5.000274,52.357307 5.000341,52.357321 5.000429,52.357307 5.000517,52.357252 5.000602,52.357198 5.000626))";5.000418;52.3571745;
243;"WARMTE WIJK";"IN AANLEG";"POLYGON((4.903148 52.399294,4.903125 52.39924,4.903006 52.399147,4.902918 52.399132,4.902822 52.399145,4.902757 52.399184,4.902733 52.399238,4.902756 52.399292,4.902878 52.399388,4.902966 52.399403,4.903054 52.399388,4.903124 52.399347,4.903148 52.399294))";"POLYGON((52.399294 4.903148,52.39924 4.903125,52.399147 4.903006,52.399132 4.902918,52.399145 4.902822,52.399184 4.902757,52.399238 4.902733,52.399292 4.902756,52.399388 4.902878,52.399403 4.902966,52.399388 4.903054,52.399347 4.903124,52.399294 4.903148))";4.9029455;52.3992605;
244;"WARMTE WIJK";"IN AANLEG";"POLYGON((4.93557 52.373566,4.935546 52.373508,4.935482 52.373469,4.935394 52.373454,4.935298 52.373469,4.935214 52.373506,4.935149 52.373545,4.935125 52.373599,4.935148 52.373653,4.935212 52.373693,4.9353 52.373708,4.935391 52.373693,4.935481 52.373659,4.935546 52.37362,4.93557 52.373566))";"POLYGON((52.373566 4.93557,52.373508 4.935546,52.373469 4.935482,52.373454 4.935394,52.373469 4.935298,52.373506 4.935214,52.373545 4.935149,52.373599 4.935125,52.373653 4.935148,52.373693 4.935212,52.373708 4.9353,52.373693 4.935391,52.373659 4.935481,52.37362 4.935546,52.373566 4.93557))";4.9353525;52.373574;
245;"WARMTE WIJK";"IN AANLEG";"POLYGON((5.007829 52.347056,5.007806 52.347002,5.007734 52.346947,5.007689 52.346924,5.007601 52.346909,5.007513 52.346924,5.007444 52.346965,5.00742 52.347019,5.007443 52.347073,5.007519 52.34713,5.007564 52.347153,5.007652 52.347168,5.00774 52.347154,5.007805 52.347114,5.007829 52.347056))";"POLYGON((52.347056 5.007829,52.347002 5.007806,52.346947 5.007734,52.346924 5.007689,52.346909 5.007601,52.346924 5.007513,52.346965 5.007444,52.347019 5.00742,52.347073 5.007443,52.34713 5.007519,52.347153 5.007564,52.347168 5.007652,52.347154 5.00774,52.347114 5.007805,52.347056 5.007829))";5.0076295;52.3470315;
246;"WARMTE WIJK";"IN AANLEG";"POLYGON((4.911966 52.400908,4.911914 52.400813,4.91185 52.400773,4.911762 52.400758,4.911668 52.400772,4.911603 52.400811,4.911579 52.40086,4.911585 52.400918,4.911617 52.400963,4.911707 52.401007,4.911786 52.401018,4.911874 52.401004,4.911939 52.400965,4.911966 52.400908))";"POLYGON((52.400908 4.911966,52.400813 4.911914,52.400773 4.91185,52.400758 4.911762,52.400772 4.911668,52.400811 4.911603,52.40086 4.911579,52.400918 4.911585,52.400963 4.911617,52.401007 4.911707,52.401018 4.911786,52.401004 4.911874,52.400965 4.911939,52.400908 4.911966))";4.9117775;52.400881;
247;"WARMTE WIJK";"IN AANLEG";"POLYGON((4.801318 52.373885,4.801295 52.373831,4.801231 52.373791,4.801137 52.373774,4.80097 52.373795,4.800905 52.373835,4.800881 52.373888,4.800905 52.373946,4.800969 52.373986,4.801057 52.374,4.801229 52.373978,4.801294 52.373939,4.801318 52.373885))";"POLYGON((52.373885 4.801318,52.373831 4.801295,52.373791 4.801231,52.373774 4.801137,52.373795 4.80097,52.373835 4.800905,52.373888 4.800881,52.373946 4.800905,52.373986 4.800969,52.374 4.801057,52.373978 4.801229,52.373939 4.801294,52.373885 4.801318))";4.8011045;52.37388;
248;"WARMTE WIJK";"IN AANLEG";"POLYGON((4.993615 52.356812,4.993592 52.356758,4.993528 52.356719,4.993429 52.356702,4.993341 52.356716,4.993254 52.356758,4.993214 52.356786,4.99319 52.35684,4.993213 52.356894,4.993278 52.356934,4.993366 52.356949,4.993454 52.356935,4.993535 52.356902,4.993591 52.356866,4.993615 52.356812))";"POLYGON((52.356812 4.993615,52.356758 4.993592,52.356719 4.993528,52.356702 4.993429,52.356716 4.993341,52.356758 4.993254,52.356786 4.993214,52.35684 4.99319,52.356894 4.993213,52.356934 4.993278,52.356949 4.993366,52.356935 4.993454,52.356902 4.993535,52.356866 4.993591,52.356812 4.993615))";4.9934075;52.3568185;
249;"WARMTE WIJK";"IN AANLEG";"POLYGON((4.963609 52.389954,4.963586 52.3899,4.963522 52.38986,4.963429 52.389844,4.96334 52.389858,4.963276 52.389898,4.963233 52.389959,4.963249 52.390047,4.963316 52.390091,4.963404 52.390106,4.963492 52.390092,4.963557 52.390052,4.963609 52.389954))";"POLYGON((52.389954 4.963609,52.3899 4.963586,52.38986 4.963522,52.389844 4.963429,52.389858 4.96334,52.389898 4.963276,52.389959 4.963233,52.390047 4.963249,52.390091 4.963316,52.390106 4.963404,52.390092 4.963492,52.390052 4.963557,52.389954 4.963609))";4.963426;52.389968;
250;"WARMTE WIJK";"IN AANLEG";"POLYGON((4.837177 52.348229,4.837154 52.348168,4.83709 52.348128,4.837002 52.348113,4.836838 52.348127,4.836773 52.348166,4.836749 52.34822,4.836772 52.348274,4.836841 52.348317,4.836994 52.348336,4.837088 52.348322,4.837153 52.348283,4.837177 52.348229))";"POLYGON((52.348229 4.837177,52.348168 4.837154,52.348128 4.83709,52.348113 4.837002,52.348127 4.836838,52.348166 4.836773,52.34822 4.836749,52.348274 4.836772,52.348317 4.836841,52.348336 4.836994,52.348322 4.837088,52.348283 4.837153,52.348229 4.837177))";4.836968;52.3482175;
251;"WARMTE WIJK";"IN AANLEG";"POLYGON((4.820125 52.372269,4.820096 52.372191,4.820032 52.372151,4.819938 52.372134,4.81985 52.372148,4.819785 52.372187,4.81976 52.372241,4.819788 52.372338,4.819852 52.372378,4.81994 52.372393,4.820033 52.372378,4.820098 52.372339,4.820125 52.372269))";"POLYGON((52.372269 4.820125,52.372191 4.820096,52.372151 4.820032,52.372134 4.819938,52.372148 4.81985,52.372187 4.819785,52.372241 4.81976,52.372338 4.819788,52.372378 4.819852,52.372393 4.81994,52.372378 4.820033,52.372339 4.820098,52.372269 4.820125))";4.8199475;52.3722565;
252;"WARMTE WIJK";"IN AANLEG";"POLYGON((4.837136 52.373424,4.837112 52.373361,4.837048 52.373321,4.83696 52.373306,4.836818 52.373323,4.836753 52.373362,4.836728 52.373416,4.836753 52.37348,4.836817 52.37352,4.836905 52.373535,4.837047 52.373517,4.837112 52.373478,4.837136 52.373424))";"POLYGON((52.373424 4.837136,52.373361 4.837112,52.373321 4.837048,52.373306 4.83696,52.373323 4.836818,52.373362 4.836753,52.373416 4.836728,52.37348 4.836753,52.37352 4.836817,52.373535 4.836905,52.373517 4.837047,52.373478 4.837112,52.373424 4.837136))";4.836937;52.3734135;
253;"WARMTE WIJK";"IN AANLEG";"POLYGON((4.907125 52.393207,4.907079 52.39313,4.907018 52.393093,4.90693 52.393078,4.906842 52.393092,4.906777 52.393132,4.906745 52.393218,4.906768 52.393272,4.906835 52.393314,4.906923 52.393329,4.907012 52.393315,4.907084 52.393273,4.907125 52.393207))";"POLYGON((52.393207 4.907125,52.39313 4.907079,52.393093 4.907018,52.393078 4.90693,52.393092 4.906842,52.393132 4.906777,52.393218 4.906745,52.393272 4.906768,52.393314 4.906835,52.393329 4.906923,52.393315 4.907012,52.393273 4.907084,52.393207 4.907125))";4.90694;52.3931965;
254;"WARMTE WIJK";"IN AANLEG";"POLYGON((4.962835 52.389756,4.962812 52.389702,4.962748 52.389662,4.962655 52.389646,4.962566 52.38966,4.962502 52.3897,4.962456 52.389782,4.962479 52.389836,4.962546 52.38988,4.962634 52.389895,4.962723 52.389881,4.962788 52.389842,4.962835 52.389756))";"POLYGON((52.389756 4.962835,52.389702 4.962812,52.389662 4.962748,52.389646 4.962655,52.38966 4.962566,52.3897 4.962502,52.389782 4.962456,52.389836 4.962479,52.38988 4.962546,52.389895 4.962634,52.389881 4.962723,52.389842 4.962788,52.389756 4.962835))";4.9626505;52.3897635;
255;"WARMTE WIJK";"IN AANLEG";"POLYGON((4.991001 52.360406,4.990978 52.360352,4.990924 52.360311,4.99088 52.360289,4.990792 52.360274,4.990704 52.360288,4.990639 52.360328,4.990615 52.360381,4.990638 52.36044,4.990688 52.360479,4.990732 52.360501,4.99082 52.360516,4.990908 52.360502,4.990977 52.36046,4.991001 52.360406))";"POLYGON((52.360406 4.991001,52.360352 4.990978,52.360311 4.990924,52.360289 4.99088,52.360274 4.990792,52.360288 4.990704,52.360328 4.990639,52.360381 4.990615,52.36044 4.990638,52.360479 4.990688,52.360501 4.990732,52.360516 4.99082,52.360502 4.990908,52.36046 4.990977,52.360406 4.991001))";4.990813;52.360388;
256;"WARMTE WIJK";"IN AANLEG";"POLYGON((4.912634 52.391543,4.912611 52.391489,4.912568 52.391456,4.91244 52.391422,4.912327 52.391441,4.912262 52.39148,4.912234 52.391537,4.912257 52.391591,4.912305 52.391624,4.912422 52.391651,4.912545 52.391636,4.91261 52.391597,4.912634 52.391543))";"POLYGON((52.391543 4.912634,52.391489 4.912611,52.391456 4.912568,52.391422 4.91244,52.391441 4.912327,52.39148 4.912262,52.391537 4.912234,52.391591 4.912257,52.391624 4.912305,52.391651 4.912422,52.391636 4.912545,52.391597 4.91261,52.391543 4.912634))";4.912439;52.3915295;
257;"WARMTE WIJK";"IN AANLEG";"POLYGON((4.837576 52.372419,4.837553 52.372365,4.837489 52.372325,4.837393 52.372308,4.837272 52.372327,4.837207 52.372366,4.837183 52.37242,4.83721 52.372484,4.837274 52.372524,4.837362 52.372539,4.837487 52.372512,4.837552 52.372473,4.837576 52.372419))";"POLYGON((52.372419 4.837576,52.372365 4.837553,52.372325 4.837489,52.372308 4.837393,52.372327 4.837272,52.372366 4.837207,52.37242 4.837183,52.372484 4.83721,52.372524 4.837274,52.372539 4.837362,52.372512 4.837487,52.372473 4.837552,52.372419 4.837576))";4.8373845;52.3724165;
258;"WARMTE WIJK";"IN AANLEG";"POLYGON((4.965475 52.374988,4.965452 52.374934,4.965388 52.374894,4.96527 52.374877,4.965154 52.374903,4.965109 52.374935,4.965085 52.374989,4.965108 52.375043,4.96519 52.375095,4.965278 52.37511,4.965394 52.375083,4.965451 52.375041,4.965475 52.374988))";"POLYGON((52.374988 4.965475,52.374934 4.965452,52.374894 4.965388,52.374877 4.96527,52.374903 4.965154,52.374935 4.965109,52.374989 4.965085,52.375043 4.965108,52.375095 4.96519,52.37511 4.965278,52.375083 4.965394,52.375041 4.965451,52.374988 4.965475))";4.965285;52.3749865;
259;"WARMTE WIJK";"IN AANLEG";"POLYGON((4.987849 52.315772,4.987826 52.315718,4.987762 52.315678,4.987674 52.315664,4.987586 52.315678,4.987514 52.315718,4.987474 52.315789,4.987497 52.315843,4.987561 52.315883,4.987666 52.315904,4.987754 52.315889,4.987819 52.31585,4.987849 52.315772))";"POLYGON((52.315772 4.987849,52.315718 4.987826,52.315678 4.987762,52.315664 4.987674,52.315678 4.987586,52.315718 4.987514,52.315789 4.987474,52.315843 4.987497,52.315883 4.987561,52.315904 4.987666,52.315889 4.987754,52.31585 4.987819,52.315772 4.987849))";4.9876665;52.315777;
260;"WARMTE WIJK";"IN AANLEG";"POLYGON((4.846767 52.356426,4.846744 52.356372,4.84668 52.356332,4.846555 52.356314,4.846461 52.356328,4.846396 52.356367,4.846372 52.35642,4.846394 52.356481,4.846458 52.356521,4.846545 52.356536,4.846672 52.356522,4.846743 52.35648,4.846767 52.356426))";"POLYGON((52.356426 4.846767,52.356372 4.846744,52.356332 4.84668,52.356314 4.846555,52.356328 4.846461,52.356367 4.846396,52.35642 4.846372,52.356481 4.846394,52.356521 4.846458,52.356536 4.846545,52.356522 4.846672,52.35648 4.846743,52.356426 4.846767))";4.8465745;52.356418;
261;"WARMTE WIJK";"IN AANLEG";"POLYGON((4.846078 52.357654,4.846055 52.3576,4.845991 52.35756,4.845903 52.357545,4.845815 52.357559,4.845744 52.357602,4.845713 52.357672,4.845736 52.357726,4.845803 52.357769,4.845891 52.357784,4.845988 52.357767,4.846053 52.357728,4.846078 52.357654))";"POLYGON((52.357654 4.846078,52.3576 4.846055,52.35756 4.845991,52.357545 4.845903,52.357559 4.845815,52.357602 4.845744,52.357672 4.845713,52.357726 4.845736,52.357769 4.845803,52.357784 4.845891,52.357767 4.845988,52.357728 4.846053,52.357654 4.846078))";4.8459005;52.3576575;
262;"WARMTE WIJK";"IN AANLEG";"POLYGON((4.912085 52.401582,4.912062 52.401528,4.911995 52.401485,4.911907 52.401471,4.911833 52.40148,4.911769 52.401507,4.911713 52.401588,4.911734 52.401644,4.911803 52.401689,4.911891 52.401704,4.911979 52.40169,4.912049 52.401649,4.912085 52.401582))";"POLYGON((52.401582 4.912085,52.401528 4.912062,52.401485 4.911995,52.401471 4.911907,52.40148 4.911833,52.401507 4.911769,52.401588 4.911713,52.401644 4.911734,52.401689 4.911803,52.401704 4.911891,52.40169 4.911979,52.401649 4.912049,52.401582 4.912085))";4.911904;52.4015805;
263;"WARMTE WIJK";"IN AANLEG";"POLYGON((4.847129 52.357303,4.847106 52.357249,4.847042 52.35721,4.846954 52.357195,4.84686 52.357209,4.846795 52.357248,4.846771 52.357323,4.846794 52.357377,4.846858 52.357417,4.846945 52.357432,4.847034 52.357418,4.847104 52.357375,4.847129 52.357303))";"POLYGON((52.357303 4.847129,52.357249 4.847106,52.35721 4.847042,52.357195 4.846954,52.357209 4.84686,52.357248 4.846795,52.357323 4.846771,52.357377 4.846794,52.357417 4.846858,52.357432 4.846945,52.357418 4.847034,52.357375 4.847104,52.357303 4.847129))";4.846955;52.3573065;
264;"WARMTE WIJK";"IN AANLEG";"POLYGON((4.78167 52.350768,4.781629 52.350697,4.781571 52.350663,4.781483 52.350648,4.781395 52.350662,4.78133 52.350701,4.781297 52.350769,4.78132 52.350823,4.781384 52.350863,4.781472 52.350878,4.78159 52.350857,4.781645 52.350822,4.78167 52.350768))";"POLYGON((52.350768 4.78167,52.350697 4.781629,52.350663 4.781571,52.350648 4.781483,52.350662 4.781395,52.350701 4.78133,52.350769 4.781297,52.350823 4.78132,52.350863 4.781384,52.350878 4.781472,52.350857 4.78159,52.350822 4.781645,52.350768 4.78167))";4.7814885;52.350756;
265;"WARMTE WIJK";"IN AANLEG";"POLYGON((4.879735 52.395522,4.879712 52.395468,4.879648 52.395429,4.87956 52.395414,4.879464 52.395428,4.879417 52.395452,4.879363 52.39553,4.879386 52.395584,4.879425 52.395613,4.879548 52.395644,4.879637 52.39563,4.879702 52.395591,4.879735 52.395522))";"POLYGON((52.395522 4.879735,52.395468 4.879712,52.395429 4.879648,52.395414 4.87956,52.395428 4.879464,52.395452 4.879417,52.39553 4.879363,52.395584 4.879386,52.395613 4.879425,52.395644 4.879548,52.39563 4.879637,52.395591 4.879702,52.395522 4.879735))";4.879554;52.395522;
266;"WARMTE WIJK";"IN AANLEG";"POLYGON((4.780602 52.350024,4.78058 52.34997,4.780516 52.349931,4.780428 52.349916,4.780322 52.349937,4.780251 52.349984,4.780226 52.350038,4.780249 52.350092,4.780313 52.350131,4.780401 52.350146,4.780523 52.350114,4.780578 52.350078,4.780602 52.350024))";"POLYGON((52.350024 4.780602,52.34997 4.78058,52.349931 4.780516,52.349916 4.780428,52.349937 4.780322,52.349984 4.780251,52.350038 4.780226,52.350092 4.780249,52.350131 4.780313,52.350146 4.780401,52.350114 4.780523,52.350078 4.780578,52.350024 4.780602))";4.780419;52.350024;
267;"WARMTE WIJK";"IN AANLEG";"POLYGON((4.961703 52.330544,4.961679 52.33049,4.961615 52.330451,4.961528 52.330436,4.961408 52.330455,4.961343 52.330495,4.961319 52.330548,4.961342 52.330602,4.961406 52.330642,4.961494 52.330657,4.961614 52.330638,4.961678 52.330598,4.961703 52.330544))";"POLYGON((52.330544 4.961703,52.33049 4.961679,52.330451 4.961615,52.330436 4.961528,52.330455 4.961408,52.330495 4.961343,52.330548 4.961319,52.330602 4.961342,52.330642 4.961406,52.330657 4.961494,52.330638 4.961614,52.330598 4.961678,52.330544 4.961703))";4.961516;52.3305395;
268;"WARMTE WIJK";"IN AANLEG";"POLYGON((4.970305 52.320996,4.970282 52.320942,4.970218 52.320902,4.970125 52.320886,4.970037 52.3209,4.969972 52.320939,4.96994 52.321002,4.969963 52.321056,4.970029 52.3211,4.970117 52.321115,4.970205 52.321101,4.97027 52.321062,4.970305 52.320996))";"POLYGON((52.320996 4.970305,52.320942 4.970282,52.320902 4.970218,52.320886 4.970125,52.3209 4.970037,52.320939 4.969972,52.321002 4.96994,52.321056 4.969963,52.3211 4.970029,52.321115 4.970117,52.321101 4.970205,52.321062 4.97027,52.320996 4.970305))";4.9701275;52.3209935;
269;"WARMTE WIJK";"IN AANLEG";"POLYGON((4.99574 52.355335,4.995682 52.355253,4.995637 52.355231,4.99555 52.355216,4.995461 52.35523,4.995397 52.355269,4.995372 52.355323,4.99543 52.355405,4.995475 52.355427,4.995563 52.355442,4.995651 52.355428,4.995716 52.355389,4.99574 52.355335))";"POLYGON((52.355335 4.99574,52.355253 4.995682,52.355231 4.995637,52.355216 4.99555,52.35523 4.995461,52.355269 4.995397,52.355323 4.995372,52.355405 4.99543,52.355427 4.995475,52.355442 4.995563,52.355428 4.995651,52.355389 4.995716,52.355335 4.99574))";4.995561;52.355322;
270;"WARMTE WIJK";"IN AANLEG";"POLYGON((4.982271 52.363585,4.982248 52.363531,4.982184 52.363492,4.982096 52.363477,4.982 52.363492,4.981942 52.363525,4.981904 52.363592,4.981927 52.363646,4.981991 52.363686,4.982083 52.363702,4.982172 52.363688,4.98223 52.363655,4.982271 52.363585))";"POLYGON((52.363585 4.982271,52.363531 4.982248,52.363492 4.982184,52.363477 4.982096,52.363492 4.982,52.363525 4.981942,52.363592 4.981904,52.363646 4.981927,52.363686 4.981991,52.363702 4.982083,52.363688 4.982172,52.363655 4.98223,52.363585 4.982271))";4.9820925;52.3635825;
271;"WARMTE WIJK";"IN AANLEG";"POLYGON((4.837479 52.372183,4.837457 52.372129,4.837393 52.37209,4.837305 52.372075,4.837202 52.372091,4.837137 52.37213,4.837111 52.372187,4.837134 52.372241,4.837198 52.372281,4.83729 52.372296,4.837385 52.372281,4.83745 52.372242,4.837479 52.372183))";"POLYGON((52.372183 4.837479,52.372129 4.837457,52.37209 4.837393,52.372075 4.837305,52.372091 4.837202,52.37213 4.837137,52.372187 4.837111,52.372241 4.837134,52.372281 4.837198,52.372296 4.83729,52.372281 4.837385,52.372242 4.83745,52.372183 4.837479))";4.8373;52.3721785;
272;"WARMTE WIJK";"IN AANLEG";"POLYGON((4.965767 52.315723,4.965744 52.315669,4.96568 52.315629,4.965581 52.315611,4.965493 52.315625,4.965421 52.315665,4.965397 52.315719,4.96542 52.315773,4.965484 52.315813,4.965587 52.315833,4.965675 52.315819,4.96574 52.31578,4.965767 52.315723))";"POLYGON((52.315723 4.965767,52.315669 4.965744,52.315629 4.96568,52.315611 4.965581,52.315625 4.965493,52.315665 4.965421,52.315719 4.965397,52.315773 4.96542,52.315813 4.965484,52.315833 4.965587,52.315819 4.965675,52.31578 4.96574,52.315723 4.965767))";4.965587;52.315715;
273;"WARMTE WIJK";"IN AANLEG";"POLYGON((4.969913 52.373029,4.969868 52.372956,4.969819 52.372931,4.969731 52.372916,4.969635 52.37293,4.96957 52.372969,4.969546 52.373023,4.969591 52.373095,4.969639 52.37312,4.969727 52.373135,4.969824 52.373122,4.969889 52.373083,4.969913 52.373029))";"POLYGON((52.373029 4.969913,52.372956 4.969868,52.372931 4.969819,52.372916 4.969731,52.37293 4.969635,52.372969 4.96957,52.373023 4.969546,52.373095 4.969591,52.37312 4.969639,52.373135 4.969727,52.373122 4.969824,52.373083 4.969889,52.373029 4.969913))";4.9697345;52.3730185;
274;"WARMTE WIJK";"IN AANLEG";"POLYGON((4.84027 52.350311,4.840247 52.350257,4.840177 52.350214,4.840089 52.350199,4.839991 52.350213,4.839926 52.350252,4.839902 52.350306,4.839925 52.350364,4.839989 52.350403,4.840077 52.350418,4.84018 52.350404,4.840245 52.350365,4.84027 52.350311))";"POLYGON((52.350311 4.84027,52.350257 4.840247,52.350214 4.840177,52.350199 4.840089,52.350213 4.839991,52.350252 4.839926,52.350306 4.839902,52.350364 4.839925,52.350403 4.839989,52.350418 4.840077,52.350404 4.84018,52.350365 4.840245,52.350311 4.84027))";4.840091;52.3503015;
275;"WARMTE WIJK";"IN AANLEG";"POLYGON((4.906613 52.392497,4.90659 52.392443,4.906526 52.392404,4.906438 52.392389,4.906326 52.392408,4.906268 52.392445,4.906244 52.392499,4.906267 52.392553,4.906331 52.392592,4.906419 52.392607,4.906531 52.392588,4.906589 52.392551,4.906613 52.392497))";"POLYGON((52.392497 4.906613,52.392443 4.90659,52.392404 4.906526,52.392389 4.906438,52.392408 4.906326,52.392445 4.906268,52.392499 4.906244,52.392553 4.906267,52.392592 4.906331,52.392607 4.906419,52.392588 4.906531,52.392551 4.906589,52.392497 4.906613))";4.9064335;52.392491;
276;"WARMTE WIJK";"IN AANLEG";"POLYGON((4.968493 52.37438,4.96844 52.374302,4.968394 52.374278,4.968306 52.374263,4.968218 52.374277,4.968153 52.374317,4.968129 52.374371,4.968181 52.374449,4.968227 52.374473,4.968315 52.374487,4.968404 52.374473,4.968468 52.374434,4.968493 52.37438))";"POLYGON((52.37438 4.968493,52.374302 4.96844,52.374278 4.968394,52.374263 4.968306,52.374277 4.968218,52.374317 4.968153,52.374371 4.968129,52.374449 4.968181,52.374473 4.968227,52.374487 4.968315,52.374473 4.968404,52.374434 4.968468,52.37438 4.968493))";4.968316;52.374368;
277;"WARMTE WIJK";"IN AANLEG";"POLYGON((4.984179 52.315241,4.984156 52.315187,4.984092 52.315148,4.983987 52.315131,4.983899 52.315145,4.983834 52.315185,4.98381 52.315238,4.983833 52.315292,4.983897 52.315332,4.983991 52.315349,4.98409 52.315334,4.984155 52.315295,4.984179 52.315241))";"POLYGON((52.315241 4.984179,52.315187 4.984156,52.315148 4.984092,52.315131 4.983987,52.315145 4.983899,52.315185 4.983834,52.315238 4.98381,52.315292 4.983833,52.315332 4.983897,52.315349 4.983991,52.315334 4.98409,52.315295 4.984155,52.315241 4.984179))";4.9839995;52.315233;
278;"WARMTE WIJK";"IN AANLEG";"POLYGON((4.993414 52.357606,4.993371 52.357535,4.993322 52.357509,4.993234 52.357494,4.993146 52.357508,4.993077 52.35755,4.993052 52.357604,4.993096 52.357675,4.993149 52.357704,4.993236 52.357718,4.993325 52.357704,4.993389 52.357665,4.993414 52.357606))";"POLYGON((52.357606 4.993414,52.357535 4.993371,52.357509 4.993322,52.357494 4.993234,52.357508 4.993146,52.35755 4.993077,52.357604 4.993052,52.357675 4.993096,52.357704 4.993149,52.357718 4.993236,52.357704 4.993325,52.357665 4.993389,52.357606 4.993414))";4.993238;52.357599;
279;"WARMTE WIJK";"IN AANLEG";"POLYGON((4.997072 52.356262,4.997049 52.356208,4.996985 52.356168,4.996897 52.356154,4.996792 52.356169,4.996728 52.356208,4.996703 52.356262,4.996727 52.356316,4.996791 52.356355,4.996886 52.356371,4.996984 52.356355,4.997048 52.356316,4.997072 52.356262))";"POLYGON((52.356262 4.997072,52.356208 4.997049,52.356168 4.996985,52.356154 4.996897,52.356169 4.996792,52.356208 4.996728,52.356262 4.996703,52.356316 4.996727,52.356355 4.996791,52.356371 4.996886,52.356355 4.996984,52.356316 4.997048,52.356262 4.997072))";4.9968925;52.3562555;
280;"WARMTE WIJK";"IN AANLEG";"POLYGON((4.98461 52.315325,4.984587 52.315271,4.984523 52.315231,4.984435 52.315216,4.984347 52.31523,4.984282 52.31527,4.98425 52.315333,4.984273 52.315387,4.984337 52.315426,4.984425 52.315441,4.984513 52.315427,4.984578 52.315388,4.98461 52.315325))";"POLYGON((52.315325 4.98461,52.315271 4.984587,52.315231 4.984523,52.315216 4.984435,52.31523 4.984347,52.31527 4.984282,52.315333 4.98425,52.315387 4.984273,52.315426 4.984337,52.315441 4.984425,52.315427 4.984513,52.315388 4.984578,52.315325 4.98461))";4.984435;52.3153215;
281;"WARMTE WIJK";"IN AANLEG";"POLYGON((4.890377 52.404911,4.89034 52.40484,4.890286 52.40481,4.890198 52.404795,4.890089 52.404818,4.890043 52.404849,4.890019 52.404903,4.890056 52.404973,4.890111 52.405004,4.890199 52.405019,4.890307 52.404996,4.890353 52.404965,4.890377 52.404911))";"POLYGON((52.404911 4.890377,52.40484 4.89034,52.40481 4.890286,52.404795 4.890198,52.404818 4.890089,52.404849 4.890043,52.404903 4.890019,52.404973 4.890056,52.405004 4.890111,52.405019 4.890199,52.404996 4.890307,52.404965 4.890353,52.404911 4.890377))";4.890203;52.4049;
282;"WARMTE WIJK";"IN AANLEG";"POLYGON((4.996723 52.354075,4.9967 52.354021,4.996636 52.353982,4.996548 52.353967,4.996432 52.353993,4.996386 52.354025,4.996362 52.354079,4.996385 52.354133,4.996453 52.354175,4.996541 52.35419,4.996658 52.354163,4.996699 52.354134,4.996723 52.354075))";"POLYGON((52.354075 4.996723,52.354021 4.9967,52.353982 4.996636,52.353967 4.996548,52.353993 4.996432,52.354025 4.996386,52.354079 4.996362,52.354133 4.996385,52.354175 4.996453,52.35419 4.996541,52.354163 4.996658,52.354134 4.996699,52.354075 4.996723))";4.9965475;52.3540715;
283;"WARMTE WIJK";"IN AANLEG";"POLYGON((4.996365 52.353384,4.996342 52.35333,4.996277 52.35329,4.99619 52.353275,4.996062 52.353308,4.996025 52.353335,4.996001 52.353388,4.996024 52.353442,4.996088 52.353482,4.996176 52.353497,4.996304 52.353464,4.996341 52.353437,4.996365 52.353384))";"POLYGON((52.353384 4.996365,52.35333 4.996342,52.35329 4.996277,52.353275 4.99619,52.353308 4.996062,52.353335 4.996025,52.353388 4.996001,52.353442 4.996024,52.353482 4.996088,52.353497 4.996176,52.353464 4.996304,52.353437 4.996341,52.353384 4.996365))";4.996188;52.353379;
284;"WARMTE WIJK";"IN AANLEG";"POLYGON((4.878396 52.393517,4.878373 52.393463,4.878309 52.393423,4.878221 52.393409,4.878125 52.393423,4.878078 52.393447,4.878033 52.393518,4.878056 52.393572,4.87812 52.393612,4.878212 52.393629,4.8783 52.393615,4.878348 52.393591,4.878396 52.393517))";"POLYGON((52.393517 4.878396,52.393463 4.878373,52.393423 4.878309,52.393409 4.878221,52.393423 4.878125,52.393447 4.878078,52.393518 4.878033,52.393572 4.878056,52.393612 4.87812,52.393629 4.878212,52.393615 4.8783,52.393591 4.878348,52.393517 4.878396))";4.8782195;52.393512;
285;"WARMTE WIJK";"IN AANLEG";"POLYGON((4.917432 52.339046,4.917409 52.338992,4.917345 52.338952,4.917257 52.338938,4.917159 52.338955,4.917091 52.338995,4.917066 52.339049,4.917089 52.339103,4.917153 52.339143,4.917241 52.339158,4.917339 52.33914,4.917407 52.3391,4.917432 52.339046))";"POLYGON((52.339046 4.917432,52.338992 4.917409,52.338952 4.917345,52.338938 4.917257,52.338955 4.917159,52.338995 4.917091,52.339049 4.917066,52.339103 4.917089,52.339143 4.917153,52.339158 4.917241,52.33914 4.917339,52.3391 4.917407,52.339046 4.917432))";4.917254;52.339041;
286;"WARMTE WIJK";"IN AANLEG";"POLYGON((4.968766 52.319275,4.968742 52.319221,4.968678 52.319181,4.968584 52.319165,4.968496 52.319179,4.968431 52.319219,4.968403 52.319277,4.968426 52.319331,4.96849 52.319371,4.968578 52.319386,4.968666 52.319372,4.968741 52.31933,4.968766 52.319275))";"POLYGON((52.319275 4.968766,52.319221 4.968742,52.319181 4.968678,52.319165 4.968584,52.319179 4.968496,52.319219 4.968431,52.319277 4.968403,52.319331 4.968426,52.319371 4.96849,52.319386 4.968578,52.319372 4.968666,52.31933 4.968741,52.319275 4.968766))";4.9685895;52.3192685;
287;"WARMTE WIJK";"IN AANLEG";"POLYGON((4.95201 52.322438,4.951987 52.322384,4.951923 52.322345,4.95183 52.322328,4.951742 52.322342,4.951677 52.322382,4.951649 52.32244,4.951672 52.322494,4.951736 52.322534,4.951829 52.32255,4.951917 52.322536,4.951982 52.322497,4.95201 52.322438))";"POLYGON((52.322438 4.95201,52.322384 4.951987,52.322345 4.951923,52.322328 4.95183,52.322342 4.951742,52.322382 4.951677,52.32244 4.951649,52.322494 4.951672,52.322534 4.951736,52.32255 4.951829,52.322536 4.951917,52.322497 4.951982,52.322438 4.95201))";4.9518345;52.322432;
288;"WARMTE WIJK";"IN AANLEG";"POLYGON((4.903778 52.399304,4.903745 52.39924,4.903686 52.399206,4.903598 52.399191,4.90351 52.399205,4.90344 52.399246,4.903416 52.3993,4.903439 52.399354,4.903505 52.399395,4.903593 52.39941,4.903689 52.399397,4.903754 52.399358,4.903778 52.399304))";"POLYGON((52.399304 4.903778,52.39924 4.903745,52.399206 4.903686,52.399191 4.903598,52.399205 4.90351,52.399246 4.90344,52.3993 4.903416,52.399354 4.903439,52.399395 4.903505,52.39941 4.903593,52.399397 4.903689,52.399358 4.903754,52.399304 4.903778))";4.903602;52.3992935;
289;"WARMTE WIJK";"IN AANLEG";"POLYGON((4.995186 52.354868,4.995163 52.354814,4.995099 52.354774,4.995011 52.354759,4.994895 52.354786,4.994849 52.354817,4.994825 52.354871,4.994848 52.354925,4.994912 52.354965,4.995 52.35498,4.995117 52.354953,4.995162 52.354921,4.995186 52.354868))";"POLYGON((52.354868 4.995186,52.354814 4.995163,52.354774 4.995099,52.354759 4.995011,52.354786 4.994895,52.354817 4.994849,52.354871 4.994825,52.354925 4.994848,52.354965 4.994912,52.35498 4.995,52.354953 4.995117,52.354921 4.995162,52.354868 4.995186))";4.9950105;52.3548625;
290;"WARMTE WIJK";"IN AANLEG";"POLYGON((4.99776 52.356551,4.997716 52.35648,4.997668 52.356454,4.99758 52.35644,4.997492 52.356454,4.997423 52.356495,4.997399 52.356549,4.997442 52.35662,4.997488 52.356644,4.997576 52.356659,4.997671 52.356644,4.997735 52.356605,4.99776 52.356551))";"POLYGON((52.356551 4.99776,52.35648 4.997716,52.356454 4.997668,52.35644 4.99758,52.356454 4.997492,52.356495 4.997423,52.356549 4.997399,52.35662 4.997442,52.356644 4.997488,52.356659 4.997576,52.356644 4.997671,52.356605 4.997735,52.356551 4.99776))";4.9975845;52.3565425;
291;"WARMTE WIJK";"IN AANLEG";"POLYGON((4.836411 52.360061,4.836389 52.360007,4.836325 52.359967,4.836237 52.359953,4.836143 52.359967,4.836078 52.360006,4.836054 52.360058,4.836076 52.360117,4.83614 52.360157,4.836228 52.360172,4.836322 52.360158,4.836387 52.360119,4.836411 52.360061))";"POLYGON((52.360061 4.836411,52.360007 4.836389,52.359967 4.836325,52.359953 4.836237,52.359967 4.836143,52.360006 4.836078,52.360058 4.836054,52.360117 4.836076,52.360157 4.83614,52.360172 4.836228,52.360158 4.836322,52.360119 4.836387,52.360061 4.836411))";4.8362375;52.3600555;
292;"WARMTE WIJK";"IN AANLEG";"POLYGON((5.008468 52.34672,5.008445 52.346666,5.00838 52.346627,5.008292 52.346612,5.008176 52.346638,5.008132 52.34667,5.008108 52.346723,5.008131 52.346777,5.008195 52.346817,5.008283 52.346832,5.008399 52.346805,5.008444 52.346774,5.008468 52.34672))";"POLYGON((52.34672 5.008468,52.346666 5.008445,52.346627 5.00838,52.346612 5.008292,52.346638 5.008176,52.34667 5.008132,52.346723 5.008108,52.346777 5.008131,52.346817 5.008195,52.346832 5.008283,52.346805 5.008399,52.346774 5.008444,52.34672 5.008468))";5.008293;52.346715;
293;"WARMTE WIJK";"IN AANLEG";"POLYGON((4.962267 52.329014,4.962244 52.32896,4.96218 52.32892,4.962092 52.328906,4.962004 52.32892,4.96194 52.328959,4.961912 52.329019,4.961935 52.329073,4.961999 52.329113,4.962087 52.329127,4.962175 52.329113,4.96224 52.329074,4.962267 52.329014))";"POLYGON((52.329014 4.962267,52.32896 4.962244,52.32892 4.96218,52.328906 4.962092,52.32892 4.962004,52.328959 4.96194,52.329019 4.961912,52.329073 4.961935,52.329113 4.961999,52.329127 4.962087,52.329113 4.962175,52.329074 4.96224,52.329014 4.962267))";4.9620945;52.3290095;
294;"WARMTE WIJK";"IN AANLEG";"POLYGON((4.992508 52.358963,4.992485 52.358909,4.992417 52.358867,4.992329 52.358852,4.992212 52.358879,4.992173 52.358907,4.992149 52.358961,4.992172 52.359015,4.99224 52.359057,4.992328 52.359072,4.992444 52.359046,4.992484 52.359017,4.992508 52.358963))";"POLYGON((52.358963 4.992508,52.358909 4.992485,52.358867 4.992417,52.358852 4.992329,52.358879 4.992212,52.358907 4.992173,52.358961 4.992149,52.359015 4.992172,52.359057 4.99224,52.359072 4.992328,52.359046 4.992444,52.359017 4.992484,52.358963 4.992508))";4.9923335;52.358955;
295;"WARMTE WIJK";"IN AANLEG";"POLYGON((4.976105 52.361686,4.976082 52.361632,4.976027 52.361596,4.975925 52.361576,4.975837 52.36159,4.975772 52.361629,4.975748 52.361683,4.97577 52.361741,4.975826 52.361778,4.975923 52.361796,4.976011 52.361782,4.976081 52.36174,4.976105 52.361686))";"POLYGON((52.361686 4.976105,52.361632 4.976082,52.361596 4.976027,52.361576 4.975925,52.36159 4.975837,52.361629 4.975772,52.361683 4.975748,52.361741 4.97577,52.361778 4.975826,52.361796 4.975923,52.361782 4.976011,52.36174 4.976081,52.361686 4.976105))";4.9759315;52.361679;
296;"WARMTE WIJK";"IN AANLEG";"POLYGON((5.000959 52.346654,5.000936 52.3466,5.000871 52.34656,5.000786 52.346545,5.000687 52.346559,5.000622 52.346599,5.000598 52.346652,5.000621 52.346706,5.000685 52.346746,5.000771 52.346761,5.00087 52.346747,5.000935 52.346708,5.000959 52.346654))";"POLYGON((52.346654 5.000959,52.3466 5.000936,52.34656 5.000871,52.346545 5.000786,52.346559 5.000687,52.346599 5.000622,52.346652 5.000598,52.346706 5.000621,52.346746 5.000685,52.346761 5.000771,52.346747 5.00087,52.346708 5.000935,52.346654 5.000959))";5.0007835;52.346646;
297;"WARMTE WIJK";"IN AANLEG";"POLYGON((4.978141 52.362397,4.978118 52.362343,4.978063 52.362307,4.97796 52.362286,4.977872 52.362301,4.977807 52.36234,4.977783 52.362394,4.977806 52.362448,4.977861 52.362484,4.977964 52.362505,4.978052 52.36249,4.978117 52.362451,4.978141 52.362397))";"POLYGON((52.362397 4.978141,52.362343 4.978118,52.362307 4.978063,52.362286 4.97796,52.362301 4.977872,52.36234 4.977807,52.362394 4.977783,52.362448 4.977806,52.362484 4.977861,52.362505 4.977964,52.36249 4.978052,52.362451 4.978117,52.362397 4.978141))";4.977967;52.3623885;
298;"WARMTE WIJK";"IN AANLEG";"POLYGON((4.856144 52.346776,4.856121 52.346722,4.856057 52.346682,4.855969 52.346667,4.855881 52.346681,4.855816 52.34672,4.85579 52.346778,4.855813 52.346832,4.855877 52.346872,4.855965 52.346886,4.856053 52.346872,4.856118 52.346833,4.856144 52.346776))";"POLYGON((52.346776 4.856144,52.346722 4.856121,52.346682 4.856057,52.346667 4.855969,52.346681 4.855881,52.34672 4.855816,52.346778 4.85579,52.346832 4.855813,52.346872 4.855877,52.346886 4.855965,52.346872 4.856053,52.346833 4.856118,52.346776 4.856144))";4.855972;52.3467695;
299;"WARMTE WIJK";"IN AANLEG";"POLYGON((4.802682 52.356399,4.802659 52.356345,4.802595 52.356305,4.802502 52.356289,4.802414 52.356303,4.802349 52.356342,4.802325 52.356396,4.802348 52.35645,4.802412 52.35649,4.802504 52.356506,4.802593 52.356492,4.802658 52.356453,4.802682 52.356399))";"POLYGON((52.356399 4.802682,52.356345 4.802659,52.356305 4.802595,52.356289 4.802502,52.356303 4.802414,52.356342 4.802349,52.356396 4.802325,52.35645 4.802348,52.35649 4.802412,52.356506 4.802504,52.356492 4.802593,52.356453 4.802658,52.356399 4.802682))";4.8025085;52.3563905;
300;"WARMTE WIJK";"IN AANLEG";"POLYGON((5.011306 52.349712,5.011263 52.349641,5.011216 52.349616,5.011128 52.349601,5.01104 52.349615,5.010975 52.349655,5.010951 52.349709,5.010994 52.34978,5.011041 52.349805,5.011129 52.349819,5.011217 52.349805,5.011282 52.349766,5.011306 52.349712))";"POLYGON((52.349712 5.011306,52.349641 5.011263,52.349616 5.011216,52.349601 5.011128,52.349615 5.01104,52.349655 5.010975,52.349709 5.010951,52.34978 5.010994,52.349805 5.011041,52.349819 5.011129,52.349805 5.011217,52.349766 5.011282,52.349712 5.011306))";5.0111335;52.349703;
301;"WARMTE WIJK";"IN AANLEG";"POLYGON((4.963791 52.330019,4.963743 52.329945,4.963613 52.329909,4.963525 52.329923,4.96346 52.329962,4.963436 52.330016,4.963484 52.330091,4.963613 52.330127,4.963702 52.330112,4.963766 52.330073,4.963791 52.330019))";"POLYGON((52.330019 4.963791,52.329945 4.963743,52.329909 4.963613,52.329923 4.963525,52.329962 4.96346,52.330016 4.963436,52.330091 4.963484,52.330127 4.963613,52.330112 4.963702,52.330073 4.963766,52.330019 4.963791))";4.9636185;52.330011;
302;"WARMTE WIJK";"IN AANLEG";"POLYGON((4.889713 52.404819,4.88969 52.404765,4.889626 52.404726,4.889538 52.404711,4.88943 52.404733,4.889381 52.404766,4.889357 52.404819,4.88938 52.404873,4.889444 52.404913,4.889532 52.404928,4.88964 52.404906,4.889689 52.404873,4.889713 52.404819))";"POLYGON((52.404819 4.889713,52.404765 4.88969,52.404726 4.889626,52.404711 4.889538,52.404733 4.88943,52.404766 4.889381,52.404819 4.889357,52.404873 4.88938,52.404913 4.889444,52.404928 4.889532,52.404906 4.88964,52.404873 4.889689,52.404819 4.889713))";4.88954;52.4048125;
303;"WARMTE WIJK";"IN AANLEG";"POLYGON((4.905557 52.368425,4.905533 52.368369,4.905469 52.368329,4.905381 52.368314,4.905292 52.368328,4.905227 52.368368,4.905203 52.368421,4.905228 52.368478,4.905292 52.368517,4.90538 52.368532,4.905468 52.368518,4.905533 52.368479,4.905557 52.368425))";"POLYGON((52.368425 4.905557,52.368369 4.905533,52.368329 4.905469,52.368314 4.905381,52.368328 4.905292,52.368368 4.905227,52.368421 4.905203,52.368478 4.905228,52.368517 4.905292,52.368532 4.90538,52.368518 4.905468,52.368479 4.905533,52.368425 4.905557))";4.905385;52.368416;
304;"WARMTE WIJK";"IN AANLEG";"POLYGON((4.934894 52.371223,4.934871 52.371169,4.934807 52.371129,4.934719 52.371114,4.934631 52.371129,4.934566 52.371168,4.934542 52.37122,4.934565 52.371279,4.934629 52.371318,4.934717 52.371333,4.934805 52.371319,4.93487 52.37128,4.934894 52.371223))";"POLYGON((52.371223 4.934894,52.371169 4.934871,52.371129 4.934807,52.371114 4.934719,52.371129 4.934631,52.371168 4.934566,52.37122 4.934542,52.371279 4.934565,52.371318 4.934629,52.371333 4.934717,52.371319 4.934805,52.37128 4.93487,52.371223 4.934894))";4.934723;52.3712165;
305;"WARMTE WIJK";"IN AANLEG";"POLYGON((4.815004 52.380747,4.814981 52.380693,4.814917 52.380653,4.814833 52.380638,4.814736 52.380652,4.814671 52.380691,4.814647 52.380745,4.81467 52.380799,4.814734 52.380839,4.814818 52.380854,4.814914 52.38084,4.814979 52.380801,4.815004 52.380747))";"POLYGON((52.380747 4.815004,52.380693 4.814981,52.380653 4.814917,52.380638 4.814833,52.380652 4.814736,52.380691 4.814671,52.380745 4.814647,52.380799 4.81467,52.380839 4.814734,52.380854 4.814818,52.38084 4.814914,52.380801 4.814979,52.380747 4.815004))";4.8148305;52.380739;
306;"WARMTE WIJK";"IN AANLEG";"POLYGON((4.968691 52.373117,4.968668 52.373063,4.968604 52.373023,4.968516 52.373008,4.968399 52.373035,4.968361 52.373063,4.968337 52.373117,4.96836 52.373171,4.968424 52.37321,4.968512 52.373225,4.968629 52.373198,4.968667 52.373171,4.968691 52.373117))";"POLYGON((52.373117 4.968691,52.373063 4.968668,52.373023 4.968604,52.373008 4.968516,52.373035 4.968399,52.373063 4.968361,52.373117 4.968337,52.373171 4.96836,52.37321 4.968424,52.373225 4.968512,52.373198 4.968629,52.373171 4.968667,52.373117 4.968691))";4.968519;52.3731095;
307;"WARMTE WIJK";"IN AANLEG";"POLYGON((4.966319 52.315311,4.966296 52.315257,4.966232 52.315217,4.966141 52.315201,4.966053 52.315215,4.965988 52.315255,4.965964 52.315309,4.965987 52.315363,4.966051 52.315402,4.966142 52.315418,4.96623 52.315404,4.966295 52.315365,4.966319 52.315311))";"POLYGON((52.315311 4.966319,52.315257 4.966296,52.315217 4.966232,52.315201 4.966141,52.315215 4.966053,52.315255 4.965988,52.315309 4.965964,52.315363 4.965987,52.315402 4.966051,52.315418 4.966142,52.315404 4.96623,52.315365 4.966295,52.315311 4.966319))";4.9661465;52.3153025;
308;"WARMTE WIJK";"IN AANLEG";"POLYGON((4.992244 52.355571,4.992221 52.355517,4.992157 52.355478,4.992069 52.355463,4.991952 52.355489,4.991914 52.355517,4.99189 52.355571,4.991913 52.355625,4.991977 52.355665,4.992065 52.355679,4.992181 52.355653,4.99222 52.355625,4.992244 52.355571))";"POLYGON((52.355571 4.992244,52.355517 4.992221,52.355478 4.992157,52.355463 4.992069,52.355489 4.991952,52.355517 4.991914,52.355571 4.99189,52.355625 4.991913,52.355665 4.991977,52.355679 4.992065,52.355653 4.992181,52.355625 4.99222,52.355571 4.992244))";4.992072;52.355564;
309;"WARMTE WIJK";"IN AANLEG";"POLYGON((4.966624 52.374552,4.96669 52.374517,4.96671 52.37446,4.966687 52.374406,4.966621 52.374365,4.966533 52.37435,4.966445 52.374364,4.96638 52.374404,4.966356 52.374457,4.966399 52.374529,4.966445 52.374552,4.966533 52.374567,4.966624 52.374552))";"POLYGON((52.374552 4.966624,52.374517 4.96669,52.37446 4.96671,52.374406 4.966687,52.374365 4.966621,52.37435 4.966533,52.374364 4.966445,52.374404 4.96638,52.374457 4.966356,52.374529 4.966399,52.374552 4.966445,52.374567 4.966533,52.374552 4.966624))";4.966538;52.3744515;
310;"WARMTE WIJK";"IN AANLEG";"POLYGON((4.995717 52.358437,4.995674 52.358366,4.995629 52.358343,4.995541 52.358328,4.995452 52.358342,4.995388 52.358381,4.995363 52.358435,4.995406 52.358506,4.995452 52.35853,4.99554 52.358545,4.995628 52.35853,4.995693 52.358491,4.995717 52.358437))";"POLYGON((52.358437 4.995717,52.358366 4.995674,52.358343 4.995629,52.358328 4.995541,52.358342 4.995452,52.358381 4.995388,52.358435 4.995363,52.358506 4.995406,52.35853 4.995452,52.358545 4.99554,52.35853 4.995628,52.358491 4.995693,52.358437 4.995717))";4.995545;52.3584295;
311;"WARMTE WIJK";"IN AANLEG";"POLYGON((4.967888 52.320133,4.967865 52.320079,4.967801 52.320039,4.967713 52.320024,4.967625 52.320038,4.96756 52.320078,4.967535 52.320133,4.967558 52.320187,4.967622 52.320226,4.96771 52.320241,4.967798 52.320227,4.967863 52.320188,4.967888 52.320133))";"POLYGON((52.320133 4.967888,52.320079 4.967865,52.320039 4.967801,52.320024 4.967713,52.320038 4.967625,52.320078 4.96756,52.320133 4.967535,52.320187 4.967558,52.320226 4.967622,52.320241 4.96771,52.320227 4.967798,52.320188 4.967863,52.320133 4.967888))";4.9677165;52.3201255;
312;"WARMTE WIJK";"IN AANLEG";"POLYGON((4.861866 52.341399,4.861843 52.341345,4.861779 52.341305,4.8617 52.34129,4.861601 52.341304,4.861536 52.341343,4.861512 52.341397,4.861535 52.341451,4.861599 52.341491,4.861678 52.341505,4.861777 52.341492,4.861842 52.341452,4.861866 52.341399))";"POLYGON((52.341399 4.861866,52.341345 4.861843,52.341305 4.861779,52.34129 4.8617,52.341304 4.861601,52.341343 4.861536,52.341397 4.861512,52.341451 4.861535,52.341491 4.861599,52.341505 4.861678,52.341492 4.861777,52.341452 4.861842,52.341399 4.861866))";4.861694;52.3413905;
313;"WARMTE WIJK";"IN AANLEG";"POLYGON((4.919695 52.34046,4.919672 52.340406,4.919608 52.340367,4.91952 52.340352,4.919432 52.340366,4.919367 52.340405,4.919343 52.34046,4.919366 52.340514,4.91943 52.340553,4.919518 52.340568,4.919606 52.340554,4.919671 52.340515,4.919695 52.34046))";"POLYGON((52.34046 4.919695,52.340406 4.919672,52.340367 4.919608,52.340352 4.91952,52.340366 4.919432,52.340405 4.919367,52.34046 4.919343,52.340514 4.919366,52.340553 4.91943,52.340568 4.919518,52.340554 4.919606,52.340515 4.919671,52.34046 4.919695))";4.919524;52.340453;
314;"WARMTE WIJK";"IN AANLEG";"POLYGON((4.96263 52.330539,4.962607 52.330485,4.962543 52.330445,4.962455 52.33043,4.962369 52.330444,4.962301 52.330484,4.962277 52.330538,4.9623 52.330592,4.962364 52.330632,4.962452 52.330647,4.962538 52.330633,4.962606 52.330593,4.96263 52.330539))";"POLYGON((52.330539 4.96263,52.330485 4.962607,52.330445 4.962543,52.33043 4.962455,52.330444 4.962369,52.330484 4.962301,52.330538 4.962277,52.330592 4.9623,52.330632 4.962364,52.330647 4.962452,52.330633 4.962538,52.330593 4.962606,52.330539 4.96263))";4.9624585;52.3305315;
315;"WARMTE WIJK";"IN AANLEG";"POLYGON((4.917531 52.407977,4.917508 52.407923,4.917444 52.407884,4.917356 52.407869,4.917251 52.407889,4.917202 52.407922,4.917178 52.407976,4.917201 52.40803,4.917265 52.40807,4.917353 52.408085,4.917457 52.408064,4.917507 52.408031,4.917531 52.407977))";"POLYGON((52.407977 4.917531,52.407923 4.917508,52.407884 4.917444,52.407869 4.917356,52.407889 4.917251,52.407922 4.917202,52.407976 4.917178,52.40803 4.917201,52.40807 4.917265,52.408085 4.917353,52.408064 4.917457,52.408031 4.917507,52.407977 4.917531))";4.9173595;52.40797;
316;"WARMTE WIJK";"IN AANLEG";"POLYGON((4.963955 52.374726,4.963932 52.374672,4.963868 52.374633,4.96378 52.374618,4.963692 52.374632,4.963627 52.374671,4.963603 52.374725,4.963626 52.374779,4.96369 52.374819,4.963778 52.374834,4.963866 52.374819,4.963931 52.37478,4.963955 52.374726))";"POLYGON((52.374726 4.963955,52.374672 4.963932,52.374633 4.963868,52.374618 4.96378,52.374632 4.963692,52.374671 4.963627,52.374725 4.963603,52.374779 4.963626,52.374819 4.96369,52.374834 4.963778,52.374819 4.963866,52.37478 4.963931,52.374726 4.963955))";4.963784;52.374719;
317;"WARMTE WIJK";"IN AANLEG";"POLYGON((4.998074 52.35635,4.99803 52.356278,4.997986 52.356256,4.997898 52.356241,4.99781 52.356255,4.997745 52.356295,4.997721 52.356349,4.997765 52.35642,4.997809 52.356442,4.997897 52.356457,4.997985 52.356443,4.99805 52.356404,4.998074 52.35635))";"POLYGON((52.35635 4.998074,52.356278 4.99803,52.356256 4.997986,52.356241 4.997898,52.356255 4.99781,52.356295 4.997745,52.356349 4.997721,52.35642 4.997765,52.356442 4.997809,52.356457 4.997897,52.356443 4.997985,52.356404 4.99805,52.35635 4.998074))";4.9979025;52.356342;
318;"WARMTE WIJK";"IN AANLEG";"POLYGON((4.916632 52.407798,4.916609 52.407744,4.916545 52.407704,4.916457 52.407689,4.916345 52.407713,4.916304 52.407742,4.91628 52.407796,4.916303 52.40785,4.916367 52.40789,4.916455 52.407905,4.916567 52.407881,4.916608 52.407851,4.916632 52.407798))";"POLYGON((52.407798 4.916632,52.407744 4.916609,52.407704 4.916545,52.407689 4.916457,52.407713 4.916345,52.407742 4.916304,52.407796 4.91628,52.40785 4.916303,52.40789 4.916367,52.407905 4.916455,52.407881 4.916567,52.407851 4.916608,52.407798 4.916632))";4.916461;52.40779;
319;"WARMTE WIJK";"IN AANLEG";"POLYGON((4.964292 52.375173,4.964269 52.375119,4.964205 52.375079,4.964117 52.375064,4.96404 52.375075,4.963963 52.375118,4.963939 52.375172,4.963962 52.375226,4.964026 52.375266,4.964114 52.37528,4.964191 52.37527,4.964268 52.375227,4.964292 52.375173))";"POLYGON((52.375173 4.964292,52.375119 4.964269,52.375079 4.964205,52.375064 4.964117,52.375075 4.96404,52.375118 4.963963,52.375172 4.963939,52.375226 4.963962,52.375266 4.964026,52.37528 4.964114,52.37527 4.964191,52.375227 4.964268,52.375173 4.964292))";4.9641205;52.375165;
320;"WARMTE WIJK";"IN AANLEG";"POLYGON((4.962655 52.329904,4.962632 52.32985,4.962568 52.32981,4.96248 52.329795,4.962392 52.32981,4.962327 52.329849,4.962303 52.329903,4.962326 52.329957,4.96239 52.329996,4.962478 52.330011,4.962567 52.329997,4.962631 52.329958,4.962655 52.329904))";"POLYGON((52.329904 4.962655,52.32985 4.962632,52.32981 4.962568,52.329795 4.96248,52.32981 4.962392,52.329849 4.962327,52.329903 4.962303,52.329957 4.962326,52.329996 4.96239,52.330011 4.962478,52.329997 4.962567,52.329958 4.962631,52.329904 4.962655))";4.962484;52.329896;
321;"WARMTE WIJK";"IN AANLEG";"POLYGON((4.989769 52.360233,4.989746 52.360179,4.989693 52.360144,4.989593 52.360125,4.989505 52.360139,4.98944 52.360178,4.989416 52.360232,4.989439 52.360286,4.989492 52.360321,4.989592 52.360341,4.98968 52.360327,4.989745 52.360287,4.989769 52.360233))";"POLYGON((52.360233 4.989769,52.360179 4.989746,52.360144 4.989693,52.360125 4.989593,52.360139 4.989505,52.360178 4.98944,52.360232 4.989416,52.360286 4.989439,52.360321 4.989492,52.360341 4.989592,52.360327 4.98968,52.360287 4.989745,52.360233 4.989769))";4.9895975;52.360226;
322;"WARMTE WIJK";"IN AANLEG";"POLYGON((4.905851 52.368732,4.905828 52.368678,4.905766 52.368638,4.905676 52.368623,4.905588 52.368637,4.905523 52.368676,4.905498 52.36873,4.905521 52.368784,4.905584 52.368823,4.905674 52.368839,4.905762 52.368825,4.905827 52.368785,4.905851 52.368732))";"POLYGON((52.368732 4.905851,52.368678 4.905828,52.368638 4.905766,52.368623 4.905676,52.368637 4.905588,52.368676 4.905523,52.36873 4.905498,52.368784 4.905521,52.368823 4.905584,52.368839 4.905674,52.368825 4.905762,52.368785 4.905827,52.368732 4.905851))";4.9056795;52.368724;

