OBJECTNUMMER;Kruispuntnummer;Kruispunt;Geregeld_sinds_schatting;Vervallen_sinds_schatting;Regeling;Soort;Koppeling;Status;Foto;Weblink;WKT_LNG_LAT;WKT_LAT_LNG;LNG;LAT;
1;"1136";"Stationsplein / Oostelijke uitgang Centraal Station";1952;1971;"";"Langzaam verkeer oversteek";"";"Vervallen";"";"http://beeldbank.amsterdam.nl/afbeelding/10009A002780";"POINT(4.9007728,52.3778655)";"POINT(52.3778655,4.9007728)";4.9007728;52.3778655;
2;"1138";"Stationsplein / Westelijke uitgang Centraal Station";1952;1971;"";"Langzaam verkeer oversteek";"";"Vervallen";"";"http://afbeeldingen.gahetna.nl/naa/thumb/500x500/4466d51c-2883-4ab4-287f-bd24b7428ff6.jpg";"POINT(4.8992202,52.3784339)";"POINT(52.3784339,4.8992202)";4.8992202;52.3784339;
3;"1137";"Stationsplein / Ingang Centraal Station";1967;1984;"";"Langzaam verkeer oversteek";"";"Vervallen";"";"http://disseminate.objectrepository.org/file/level2/10622/30051001465043";"POINT(4.8999779,52.3782164)";"POINT(52.3782164,4.8999779)";4.8999779;52.3782164;
4;"9997";"St Antoniessluis";1975;1983;"";"Langzaam verkeer oversteek";"";"Vervallen";"";"http://beeldbank.amsterdam.nl/afbeelding/010122020849";"POINT(4.9010022,52.3696868)";"POINT(52.3696868,4.9010022)";4.9010022;52.3696868;
5;"1945";"Bos en Lommerweg / Akbar";1975;1986;"";"Langzaam verkeer oversteek";"";"Vervallen";"";"";"POINT(4.8411748,52.3782927)";"POINT(52.3782927,4.8411748)";4.8411748;52.3782927;
6;"9004";"Damrak / Beursplein";1965;1988;"";"Langzaam verkeer oversteek";"";"Vervallen";"";"http://beeldbank.amsterdam.nl/afbeelding/B00000026729";"POINT(4.8944873,52.3741352)";"POINT(52.3741352,4.8944873)";4.8944873;52.3741352;
7;"9970";"Apollolaan / Rapaëlstraat";1973;1989;"";"Langzaam verkeer oversteek";"";"Vervallen";"";"";"POINT(4.869745,52.3504912)";"POINT(52.3504912,4.869745)";4.869745;52.3504912;
8;"9967";"Churchilllaan / Schipbeekstraat";1975;1993;"";"Langzaam verkeer oversteek";"";"Vervallen";"";"";"POINT(4.8978951,52.3467948)";"POINT(52.3467948,4.8978951)";4.8978951;52.3467948;
9;"1451";"Insulindeweg / Soembawastraat";1973;1994;"";"Langzaam verkeer oversteek";"";"Vervallen";"";"";"POINT(4.9437649,52.3621947)";"POINT(52.3621947,4.9437649)";4.9437649;52.3621947;
10;"1111";"Prins Hendrikkade / Zeedijk";1996;2002;"";"Langzaam verkeer oversteek";"";"Vervallen";"";"";"POINT(4.8997552,52.3767935)";"POINT(52.3767935,4.8997552)";4.8997552;52.3767935;
11;"1599";"Hoofddorpplein / Leimuidenstraat";1975;2006;"";"Langzaam verkeer oversteek";"";"Vervallen";"";"";"POINT(4.8504651,52.3510939)";"POINT(52.3510939,4.8504651)";4.8504651;52.3510939;
12;"1154";"Rokin / Spui";2005;2006;"";"Langzaam verkeer oversteek";"";"Vervallen";"";"";"POINT(4.8920259,52.3689581)";"POINT(52.3689581,4.8920259)";4.8920259;52.3689581;
13;"932";"Kinkerstraat / Katestraat, ten";1967;0;"Voertuig afhankelijk";"Langzaam verkeer oversteek";"";"In bedrijf";"";"https://archief.amsterdam/beeldbank/detail/4f38560d-6df3-9985-c4c1-ae15b112b594";"POINT(4.8675649,52.3659941)";"POINT(52.3659941,4.8675649)";4.8675649;52.3659941;
14;"663";"Vrijheidslaan / Kromme Mijdrechtstraat";1971;0;"Voertuig afhankelijk";"Langzaam verkeer oversteek";"";"In bedrijf";"";"";"POINT(4.9083049,52.3466918)";"POINT(52.3466918,4.9083049)";4.9083049;52.3466918;
15;"928";"Jan Evertsenstraat / Vespuccistraat";1971;0;"Voertuig afhankelijk";"Langzaam verkeer oversteek";"";"In bedrijf";"";"";"POINT(4.8537052,52.3705947)";"POINT(52.3705947,4.8537052)";4.8537052;52.3705947;
16;"125";"Rozengracht / Rozendwarsstraat 1e";1972;0;"Voertuig afhankelijk";"Langzaam verkeer oversteek";"";"In bedrijf";"";"";"POINT(4.8803852,52.3732916)";"POINT(52.3732916,4.8803852)";4.8803852;52.3732916;
17;"455";"Galileiplantsoen / Radioweg";1973;0;"Voertuig afhankelijk";"Langzaam verkeer oversteek";"";"In bedrijf";"";"";"POINT(4.9390762,52.3531653)";"POINT(52.3531653,4.9390762)";4.9390762;52.3531653;
18;"562";"Willemsparkweg / Cornelis Schuytstraat";1973;0;"Voertuig afhankelijk";"Langzaam verkeer oversteek";"";"In bedrijf";"";"";"POINT(4.8706949,52.355992)";"POINT(52.355992,4.8706949)";4.8706949;52.355992;
19;"228";"Waddenweg VOP";1975;0;"Voertuig afhankelijk";"Langzaam verkeer oversteek";"";"In bedrijf";"";"http://afbeeldingen.gahetna.nl/naa/thumb/1280x1280/7c77e93a-c991-5b01-dc39-634507a1e7f2.jpg";"POINT(4.9275792,52.3930327)";"POINT(52.3930327,4.9275792)";4.9275792;52.3930327;
20;"434";"Oosterpark / Eikenweg";1975;0;"Voertuig afhankelijk";"Langzaam verkeer oversteek";"";"In bedrijf";"";"";"POINT(4.9212048,52.3589942)";"POINT(52.3589942,4.9212048)";4.9212048;52.3589942;
21;"538";"van Baerlestraat / Nicolaas Maesstraat";1975;0;"Voertuig afhankelijk";"Langzaam verkeer oversteek";"";"In bedrijf";"";"";"POINT(4.8810408,52.3546454)";"POINT(52.3546454,4.8810408)";4.8810408;52.3546454;
22;"597";"Hoofdweg / Corantijnstraat";1975;0;"Voertuig afhankelijk";"Langzaam verkeer oversteek";"";"In bedrijf";"";"";"POINT(4.8532751,52.3617941)";"POINT(52.3617941,4.8532751)";4.8532751;52.3617941;
23;"911";"Jan van Galenstraat / Vespuccistraat";1975;0;"Voertuig afhankelijk";"Langzaam verkeer oversteek";"";"In bedrijf";"";"";"POINT(4.8522851,52.3733946)";"POINT(52.3733946,4.8522851)";4.8522851;52.3733946;
24;"116";"De Ruyterkade / Tolhuispont";1976;2016;"Voertuig afhankelijk";"Langzaam verkeer oversteek";"";"Vervallen";"";"";"POINT(4.900358,52.3801085)";"POINT(52.3801085,4.900358)";4.900358;52.3801085;
25;"439";"Middenweg / Christiaan Huygensplein";1977;0;"Voertuig afhankelijk";"Langzaam verkeer oversteek";"";"In bedrijf";"";"";"POINT(4.9379351,52.3490912)";"POINT(52.3490912,4.9379351)";4.9379351;52.3490912;
26;"925";"Hoofdweg / Willem Schoutenstraat";1977;0;"Voertuig afhankelijk";"Langzaam verkeer oversteek";"";"In bedrijf";"";"";"POINT(4.852545,52.3670928)";"POINT(52.3670928,4.852545)";4.852545;52.3670928;
27;"152";"Damrak / Oudebrugsteeg / VOP (1977)";2014;0;"";"Langzaam verkeer oversteek";"";"In bedrijf";"";"";"POINT(4.8965452,52.3757941)";"POINT(52.3757941,4.8965452)";4.8965452;52.3757941;
28;"598";"Zeilstraat / Baarsstraat";1979;0;"Voertuig afhankelijk";"Langzaam verkeer oversteek";"";"In bedrijf";"";"";"POINT(4.8541348,52.3507926)";"POINT(52.3507926,4.8541348)";4.8541348;52.3507926;
29;"645";"Boshuizenstraat, van / Backershagen";1979;0;"Voertuig afhankelijk";"Langzaam verkeer oversteek";"";"In bedrijf";"";"";"POINT(4.8756649,52.3246924)";"POINT(52.3246924,4.8756649)";4.8756649;52.3246924;
30;"141";"Marnixstraat / Nieuwe Willemstraat";1985;0;"Voertuig afhankelijk";"Langzaam verkeer oversteek";"";"In bedrijf";"";"";"POINT(4.8807952,52.3810927)";"POINT(52.3810927,4.8807952)";4.8807952;52.3810927;
31;"445";"Wittenburgergracht / Grote Wittenburgerstraat";1985;2018;"Voertuig afhankelijk";"Langzaam verkeer oversteek";"";"In bedrijf";"";"";"POINT(4.919235,52.3695914)";"POINT(52.3695914,4.919235)";4.919235;52.3695914;
32;"918";"Jan van Galenstraat / Fca";1987;0;"Voertuig afhankelijk";"Langzaam verkeer oversteek";"";"In bedrijf";"";"";"POINT(4.8663051,52.3755919)";"POINT(52.3755919,4.8663051)";4.8663051;52.3755919;
33;"959";"Cornelis Lelylaan / Station";1988;0;"Voertuig afhankelijk";"Langzaam verkeer oversteek";"";"In bedrijf";"";"";"POINT(4.8342249,52.3578917)";"POINT(52.3578917,4.8342249)";4.8342249;52.3578917;
34;"638";"Europaboulevard / Nieuwe Herlaer";1989;0;"Voertuig afhankelijk";"Langzaam verkeer oversteek";"";"In bedrijf";"";"";"POINT(4.890075,52.3263938)";"POINT(52.3263938,4.890075)";4.890075;52.3263938;
35;"647";"Rijnstraat VOP";1990;0;"Voertuig afhankelijk";"Langzaam verkeer oversteek";"";"In bedrijf";"";"";"POINT(4.9064678,52.342918)";"POINT(52.342918,4.9064678)";4.9064678;52.342918;
36;"650";"President Kennedylaan / M.L. Kingpark";1995;0;"Voertuig afhankelijk";"Langzaam verkeer oversteek";"";"In bedrijf";"";"";"POINT(4.9116952,52.3415915)";"POINT(52.3415915,4.9116952)";4.9116952;52.3415915;
37;"908";"Jan van Galenstraat / Ringtram";1996;0;"Voertuig afhankelijk";"Langzaam verkeer oversteek";"";"In bedrijf";"";"";"POINT(4.8355148,52.3730933)";"POINT(52.3730933,4.8355148)";4.8355148;52.3730933;
38;"316";"Bijlmerdreef / Kelbergenpad";1997;0;"Voertuig afhankelijk";"Langzaam verkeer oversteek";"";"In bedrijf";"";"";"POINT(4.965275,52.3197943)";"POINT(52.3197943,4.965275)";4.965275;52.3197943;
39;"660";"Stadionweg / Achillesstraat";1997;0;"Voertuig afhankelijk";"Langzaam verkeer oversteek";"";"In bedrijf";"";"";"POINT(4.8638451,52.3459937)";"POINT(52.3459937,4.8638451)";4.8638451;52.3459937;
40;"683";"De Boelelaan / VOP VU medisch centrum";2000;0;"Voertuig afhankelijk";"Langzaam verkeer oversteek";"Zachte koppeling";"In bedrijf";"";"";"POINT(4.8599112,52.3351676)";"POINT(52.3351676,4.8599112)";4.8599112;52.3351676;
41;"934";"Van Kinsbergenstraat / Witte de Withstraat";2002;2013;"Voertuig afhankelijk";"Langzaam verkeer oversteek";"";"Vervallen";"";"http://beeldbank.amsterdam.nl/afbeelding/010122057208";"POINT(4.8590219,52.3685233)";"POINT(52.3685233,4.8590219)";4.8590219;52.3685233;
42;"675";"Stadionplein / Argonautenstraat";2003;0;"Voertuig afhankelijk";"Regulier";"";"In bedrijf";"";"";"POINT(4.857208,52.3431021)";"POINT(52.3431021,4.857208)";4.857208;52.3431021;
43;"460";"Piet Heinkade / VOP IPTA";2004;0;"Voertuig afhankelijk";"Langzaam verkeer oversteek";"";"In bedrijf";"";"";"POINT(4.9130364,52.3773212)";"POINT(52.3773212,4.9130364)";4.9130364;52.3773212;
44;"977";"Spaarndammerstraat / VOP (Nova Zemblastraat)";2004;0;"Voertuig afhankelijk";"Langzaam verkeer oversteek";"";"In bedrijf";"";"";"POINT(4.8784749,52.3905913)";"POINT(52.3905913,4.8784749)";4.8784749;52.3905913;
45;"977";"Spaarndammerstraat / VOP (Zaandijkstraat)";2004;0;"Voertuig afhankelijk";"Langzaam verkeer oversteek";"";"In bedrijf";"";"";"POINT(4.8804648,52.3880927)";"POINT(52.3880927,4.8804648)";4.8804648;52.3880927;
46;"222";"Molenaarsweg / VOP";2011;0;"Voertuig afhankelijk";"Langzaam verkeer oversteek";"";"In bedrijf";"";"";"POINT(4.8799951,52.4199912)";"POINT(52.4199912,4.8799951)";4.8799951;52.4199912;
47;"693";"De Boelelaan / VOP bij Tramlus";2012;0;"Voertuig afhankelijk";"Langzaam verkeer oversteek";"";"In bedrijf";"";"";"POINT(4.8664448,52.3349921)";"POINT(52.3349921,4.8664448)";4.8664448;52.3349921;
48;"9986";"Foelieplein";1968;1968;"";"Regulier";"";"Vervallen";"";"";"POINT(4.9102151,52.3709914)";"POINT(52.3709914,4.9102151)";4.9102151;52.3709914;
49;"9985";"Haagseweg / Johan Huizingalaan";1970;1970;"";"Regulier";"";"Vervallen";"";"";"POINT(4.8277848,52.3385932)";"POINT(52.3385932,4.8277848)";4.8277848;52.3385932;
50;"1431";"Sarphatistraat / Korte s` Gravesandestraat";1968;1972;"";"Regulier";"";"Vervallen";"";"";"POINT(4.914675,52.3624922)";"POINT(52.3624922,4.914675)";4.914675;52.3624922;
51;"1228";"Coentunnelcircuit / Stellingweg";1970;1972;"";"Regulier";"";"Vervallen";"";"";"POINT(4.8774724,52.4193772)";"POINT(52.4193772,4.8774724)";4.8774724;52.4193772;
52;"1540";"Albert Cuypstraat / Ferdinand Bolstraat";1968;1978;"";"Regulier";"";"Vervallen";"";"";"POINT(4.8903348,52.3548934)";"POINT(52.3548934,4.8903348)";4.8903348;52.3548934;
53;"9000";"Duifjessteeg";1978;1978;"";"Regulier";"";"Vervallen";"";"";"POINT(4.8926351,52.370793)";"POINT(52.370793,4.8926351)";4.8926351;52.370793;
54;"9979";"Wibautstraat / Vrolikstraat";1972;1980;"";"Regulier";"";"Vervallen";"";"";"POINT(4.9128449,52.354592)";"POINT(52.354592,4.9128449)";4.9128449;52.354592;
55;"1504";"Leidsegracht / Marnixstraat";1966;1981;"";"Regulier";"";"Vervallen";"";"";"POINT(4.8801348,52.3652922)";"POINT(52.3652922,4.8801348)";4.8801348;52.3652922;
56;"1501";"Bosboom Toussaintstraat / 1e Constantijn Huygensstraat";1959;1982;"";"Regulier";"";"Vervallen";"";"";"POINT(4.8738148,52.3648917)";"POINT(52.3648917,4.8738148)";4.8738148;52.3648917;
57;"1169";"Ferdinand Bolstraat / van Hilligaertstraat";1962;1982;"";"Regulier";"";"Vervallen";"";"";"POINT(4.8914649,52.3494917)";"POINT(52.3494917,4.8914649)";4.8914649;52.3494917;
58;"1359";"Sarphatistraat / Roeterstraat";1968;1979;"";"Regulier";"";"Vervallen";"";"https://archief.amsterdam/beeldbank/detail/0a489b56-d482-3576-72c0-65d25bb2fb28";"POINT(4.9113848,52.3618933)";"POINT(52.3618933,4.9113848)";4.9113848;52.3618933;
59;"1441";"Kadijksplein-Schippersplein / Prins Hendrikkade";1968;1982;"";"Regulier";"";"Vervallen";"";"";"POINT(4.9131248,52.3709914)";"POINT(52.3709914,4.9131248)";4.9131248;52.3709914;
60;"9968";"Rijnstraat / Uiterwaardenstraat";1974;1982;"";"Regulier";"";"Vervallen";"";"";"POINT(4.9065349,52.3427931)";"POINT(52.3427931,4.9065349)";4.9065349;52.3427931;
61;"1119";"Spuistraat / Paleisstraat";1968;1983;"";"Regulier";"";"Vervallen";"";"";"POINT(4.8895252,52.3722922)";"POINT(52.3722922,4.8895252)";4.8895252;52.3722922;
62;"1159";"Elandsgracht / Marnixstraat";1970;1982;"";"Regulier";"";"Vervallen";"";"http://beeldbank.amsterdam.nl/afbeelding/010122028769";"POINT(4.8780401,52.3688094)";"POINT(52.3688094,4.8780401)";4.8780401;52.3688094;
63;"9981";"President Kennedylaan / Alblasstraat";1971;1983;"";"Regulier";"";"Vervallen";"";"";"POINT(4.8991549,52.3404929)";"POINT(52.3404929,4.8991549)";4.8991549;52.3404929;
64;"9995";"Jan Evertsenstraat / Admiraal de Ruyterweg";1960;1984;"";"Regulier";"";"Vervallen";"";"";"POINT(4.8597548,52.3714911)";"POINT(52.3714911,4.8597548)";4.8597548;52.3714911;
65;"1549";"Spui / Kalverstraat";1959;1985;"";"Regulier";"";"Vervallen";"";"http://afbeeldingen.gahetna.nl/naa/thumb/1280x1280/231639fb-126a-2d88-bb51-4f7c90dbeb2d.jpg";"POINT(4.8910592,52.3689467)";"POINT(52.3689467,4.8910592)";4.8910592;52.3689467;
66;"1550";"Spui / Rokin";1959;1985;"";"Regulier";"";"Vervallen";"";"https://archief.amsterdam/beeldbank/detail/d230ea69-7160-ff38-0d22-2613e75c0340";"POINT(4.8920456,52.3690798)";"POINT(52.3690798,4.8920456)";4.8920456;52.3690798;
67;"9987";"Martelaarsgracht / Nieuwendijk";1968;1985;"";"Regulier";"";"Vervallen";"";"http://beeldbank.amsterdam.nl/afbeelding/010122013737";"POINT(4.895992,52.377787)";"POINT(52.377787,4.895992)";4.895992;52.377787;
68;"1129";"Marnixstraat / Bloemgracht";1970;1985;"";"Regulier";"";"Vervallen";"";"http://beeldbank.amsterdam.nl/afbeelding/010028000621";"POINT(4.876298,52.373978)";"POINT(52.373978,4.876298)";4.876298;52.373978;
69;"9961";"Agatha Dekenstraat / De Clercqstraat";1975;1985;"";"Regulier";"";"Vervallen";"";"";"POINT(4.8663351,52.3699919)";"POINT(52.3699919,4.8663351)";4.8663351;52.3699919;
70;"9962";"Nieuwezijds Voorburgwal / Nieuwezijds Kolk";1975;1985;"";"Regulier";"";"Vervallen";"";"";"POINT(4.8937852,52.3762938)";"POINT(52.3762938,4.8937852)";4.8937852;52.3762938;
71;"1931";"Admiraal de Ruyterweg / Willem de Zwijgerlaan";1965;1986;"";"Regulier";"";"Vervallen";"";"";"POINT(4.8633249,52.370793)";"POINT(52.370793,4.8633249)";4.8633249;52.370793;
72;"1683";"Parnassusweg / Stadionkade";1976;1994;"";"Regulier";"";"Vervallen";"";"";"POINT(4.8678548,52.3443266)";"POINT(52.3443266,4.8678548)";4.8678548;52.3443266;
73;"9989";"Spaarndammerdijk / Nieuwe Hemweg";1979;1987;"";"Regulier";"";"Vervallen";"";"";"POINT(4.8670351,52.3931929)";"POINT(52.3931929,4.8670351)";4.8670351;52.3931929;
74;"1665";"Victorieplein";1987;1987;"";"Regulier";"";"Vervallen";"";"";"POINT(4.9039552,52.3460929)";"POINT(52.3460929,4.9039552)";4.9039552;52.3460929;
75;"1780";"Olympiaplein / Marathonweg";1969;1988;"";"Regulier";"";"Vervallen";"";"https://archief.amsterdam/beeldbank/detail/ec2bb09c-5b1b-fe61-37a3-a0a8b176e4f6";"POINT(4.8656652,52.3462912)";"POINT(52.3462912,4.8656652)";4.8656652;52.3462912;
76;"9971";"Cornelis Lelylaan / Johan Huizingalaan";1973;1988;"";"Regulier";"";"Vervallen";"";"";"POINT(4.827265,52.3577925)";"POINT(52.3577925,4.827265)";4.827265;52.3577925;
77;"9972";"Johan Huizingalaan / Louis Bouwmeesterstraat";1973;1988;"";"Regulier";"";"Vervallen";"";"";"POINT(4.8274152,52.3524939)";"POINT(52.3524939,4.8274152)";4.8274152;52.3524939;
78;"9973";"Johan Huizingalaan / Louis Chrispijnstraat";1973;1988;"";"Regulier";"";"Vervallen";"";"";"POINT(4.8273551,52.3546912)";"POINT(52.3546912,4.8273551)";4.8273551;52.3546912;
79;"1133";"Oosterdoksdam / Oosterdokskade";1975;1988;"";"Regulier";"";"Vervallen";"";"";"POINT(4.9051449,52.3761946)";"POINT(52.3761946,4.9051449)";4.9051449;52.3761946;
80;"1407";"Weesperstraat / Nieuwe Prinsengracht";1981;1989;"";"Regulier";"";"Vervallen";"";"http://beeldbank.amsterdam.nl/afbeelding/010122023095";"POINT(4.906615,52.3635108)";"POINT(52.3635108,4.906615)";4.906615;52.3635108;
81;"1416";"Gooiseweg / Duivendrechtsebrug";1970;1990;"";"Regulier";"";"Vervallen";"";"";"POINT(4.9417751,52.337094)";"POINT(52.337094,4.9417751)";4.9417751;52.337094;
82;"1417";"Gooiseweg / Middenweg";1967;1990;"";"Regulier";"";"Vervallen";"";"";"POINT(4.9523051,52.3403937)";"POINT(52.3403937,4.9523051)";4.9523051;52.3403937;
83;"9969";"Brinkstraat / Middenweg";1974;1990;"";"Regulier";"";"Vervallen";"";"";"POINT(4.947655,52.3430945)";"POINT(52.3430945,4.947655)";4.947655;52.3430945;
84;"1399";"Gooiseweg / Rijksstraatweg";1975;1990;"";"Regulier";"";"Vervallen";"";"";"POINT(4.9418452,52.3363921)";"POINT(52.3363921,4.9418452)";4.9418452;52.3363921;
85;"1408";"Weesperstraat";1972;1977;"";"Langzaam verkeer oversteek";"";"Vervallen";"";"http://beeldbank.amsterdam.nl/afbeelding/010122023697";"POINT(4.906985,52.3628898)";"POINT(52.3628898,4.906985)";4.906985;52.3628898;
86;"1942";"Johan Huizingalaan / Hemsterhuisstraat";1973;1992;"";"Regulier";"";"Vervallen";"";"";"POINT(4.8270752,52.3626944)";"POINT(52.3626944,4.8270752)";4.8270752;52.3626944;
87;"1447";"Linnaeusstraat /  1e van Swindenstraat";1976;1992;"";"Regulier";"";"Vervallen";"";"http://beeldbank.amsterdam.nl/afbeelding/BMAB00007000123_013";"POINT(4.9239881,52.3619048)";"POINT(52.3619048,4.9239881)";4.9239881;52.3619048;
88;"1234";"Schepenlaan / Bleesinglaan";1981;1992;"";"Regulier";"";"Vervallen";"";"";"POINT(4.917515,52.4054915)";"POINT(52.4054915,4.917515)";4.917515;52.4054915;
89;"9092";"Jan de Louterstraat / Slotermeerlaan";1984;1992;"";"Regulier";"";"Vervallen";"";"";"POINT(4.820585,52.3794943)";"POINT(52.3794943,4.820585)";4.820585;52.3794943;
90;"1279";"Johan van Hasseltweg / Meeuwenlaan";1968;1993;"";"Regulier";"";"Vervallen";"";"http://beeldbank.amsterdam.nl/afbeelding/010122013098";"POINT(4.923929,52.387551)";"POINT(52.387551,4.923929)";4.923929;52.387551;
91;"1966";"Basisweg / Australiëhavenweg";1972;1993;"";"Regulier";"";"Vervallen";"";"";"POINT(4.7944248,52.3934943)";"POINT(52.3934943,4.7944248)";4.7944248;52.3934943;
92;"1968";"Plesmanlaan / Baden Powellweg";1978;1993;"";"Regulier";"";"Vervallen";"";"";"POINT(4.7981651,52.3476912)";"POINT(52.3476912,4.7981651)";4.7981651;52.3476912;
93;"1459";"Weesperzijde / Spaklerweg";1988;1993;"";"Regulier";"";"Vervallen";"";"";"POINT(4.9181549,52.3438918)";"POINT(52.3438918,4.9181549)";4.9181549;52.3438918;
94;"1854";"Geer Ban / Sloterweg";1972;1995;"";"Regulier";"";"Vervallen";"";"";"POINT(4.8112152,52.3507926)";"POINT(52.3507926,4.8112152)";4.8112152;52.3507926;
95;"2317";"Elsrijkdreef / Bijlmerdreef";1975;1995;"";"Regulier";"";"Vervallen";"";"";"POINT(4.973645,52.3225943)";"POINT(52.3225943,4.973645)";4.973645;52.3225943;
96;"2318";"Elsrijkdreef / Provinciale weg";1976;1995;"";"Regulier";"";"Vervallen";"";"";"POINT(4.9700549,52.3261916)";"POINT(52.3261916,4.9700549)";4.9700549;52.3261916;
97;"1934";"Kinkerstraat / Nicolaas Beetstraat";1993;1995;"";"Regulier";"";"Vervallen";"";"";"POINT(4.8655651,52.3654944)";"POINT(52.3654944,4.8655651)";4.8655651;52.3654944;
98;"1561";"Vondelstraat / 1e Constantijn Huygensstraat";1963;1996;"";"Regulier";"";"Vervallen";"";"http://beeldbank.amsterdam.nl/afbeelding/OSIM00008003043";"POINT(4.875879,52.3618857)";"POINT(52.3618857,4.875879)";4.875879;52.3618857;
99;"1971";"van Hallstraat / van Beuningenstraat";1977;1996;"";"Regulier";"";"Vervallen";"";"";"POINT(4.8710549,52.3814932)";"POINT(52.3814932,4.8710549)";4.8710549;52.3814932;
100;"1465";"Parallelweg / Ahob - IJweg";1987;1996;"";"Regulier";"";"Vervallen";"";"";"POINT(4.9338648,52.3726927)";"POINT(52.3726927,4.9338648)";4.9338648;52.3726927;
101;"1118";"Westerdoksdijk / Oostersemarkt";1991;1996;"";"Regulier";"";"Vervallen";"";"";"POINT(4.8932779,52.38543)";"POINT(52.38543,4.8932779)";4.8932779;52.38543;
102;"1917";"Basisweg / Ebroweg";1992;1996;"";"Regulier";"";"Vervallen";"";"";"POINT(4.8338048,52.3916937)";"POINT(52.3916937,4.8338048)";4.8338048;52.3916937;
103;"1107";"Prins Hendrikkade / Geldersekade";1969;1997;"";"Regulier";"";"Vervallen";"";"";"POINT(4.9028852,52.3761946)";"POINT(52.3761946,4.9028852)";4.9028852;52.3761946;
104;"1530";"Albert Cuypstraat / van Woustraat";1962;1998;"";"Regulier";"";"Vervallen";"";"";"POINT(4.899575,52.3571936)";"POINT(52.3571936,4.899575)";4.899575;52.3571936;
105;"1245";"IJdoornlaan / Volendammerweg";1970;1998;"";"Regulier";"";"Vervallen";"";"";"POINT(4.9573152,52.3921935)";"POINT(52.3921935,4.9573152)";4.9573152;52.3921935;
106;"1926";"Jan Evertsenstraat / Jan Tooropstraat";1983;1998;"";"Regulier";"";"Vervallen";"";"";"POINT(4.8373349,52.3696944)";"POINT(52.3696944,4.8373349)";4.8373349;52.3696944;
107;"1566";"Aalsmeerweg / Rietwijkerstraat";1970;1999;"";"Regulier";"";"Vervallen";"";"";"POINT(4.8489849,52.3492934)";"POINT(52.3492934,4.8489849)";4.8489849;52.3492934;
108;"1405";"Waterlooplein - Uitrit Stadhuis";1986;1999;"";"Regulier";"";"Vervallen";"";"http://beeldbank.amsterdam.nl/afbeelding/A04139001545";"POINT(4.9028708,52.3677554)";"POINT(52.3677554,4.9028708)";4.9028708;52.3677554;
109;"1015";"Blauwbrug";1999;1999;"";"Regulier";"";"Vervallen";"";"http://beeldbank.amsterdam.nl/afbeelding/010122019695";"POINT(4.9013131,52.3664519)";"POINT(52.3664519,4.9013131)";4.9013131;52.3664519;
110;"2314";"Bijlmerdreef / Gooiseweg-westzijde";1968;2004;"";"Regulier";"";"Vervallen";"";"";"POINT(4.9613049,52.3183943)";"POINT(52.3183943,4.9613049)";4.9613049;52.3183943;
111;"1309";"Aansluiting op A10 bij 309";1988;2004;"Voertuig afhankelijk";"Regulier";"";"Vervallen";"";"";"POINT(4.9389551,52.3136946)";"POINT(52.3136946,4.9389551)";4.9389551;52.3136946;
112;"1358";"Hondsrugweg / Laarderhoogteweg / Hullenbergweg";2002;2004;"Voertuig afhankelijk";"Regulier";"";"Vervallen";"";"";"POINT(4.948075,52.303292)";"POINT(52.303292,4.948075)";4.948075;52.303292;
114;"1654";"Scheldeplein / Wielingenstraat";1996;2007;"Voertuig afhankelijk";"Regulier";"";"Vervallen";"";"";"POINT(4.8906329,52.344216)";"POINT(52.344216,4.8906329)";4.8906329;52.344216;
115;"1428";"Plantage Middenlaan / Plantage Parklaan";1973;2009;"";"Regulier";"";"Vervallen";"";"";"POINT(4.9093549,52.3671919)";"POINT(52.3671919,4.9093549)";4.9093549;52.3671919;
116;"1230";"IJdoornlaan / Westerlengte";1992;2009;"";"Regulier";"";"Vervallen";"";"";"POINT(4.9152148,52.4090926)";"POINT(52.4090926,4.9152148)";4.9152148;52.4090926;
117;"1427";"Maxwellstraat / Kruislaan";2008;2009;"";"Regulier";"";"Vervallen";"";"";"POINT(4.9345052,52.3442923)";"POINT(52.3442923,4.9345052)";4.9345052;52.3442923;
118;"408";"Hoge sluis / Sarphatistraat";2009;2012;"Voertuig afhankelijk";"Regulier";"";"Vervallen";"";"";"POINT(4.9047148,52.3604933)";"POINT(52.3604933,4.9047148)";4.9047148;52.3604933;
119;"559";"Baerlestraat, Van / Paulus Potterstraat";1934;0;"Voertuig afhankelijk";"Regulier";"";"In bedrijf";"vanBaerlestraatWillemsparkweg_1934.jpg";"";"POINT(4.8785751,52.3580939)";"POINT(52.3580939,4.8785751)";4.8785751;52.3580939;
120;"526";"Stadhouderskade / van Woustraat";1936;0;"Voertuig afhankelijk";"Regulier";"";"In bedrijf";"";"";"POINT(4.899277,52.3578116)";"POINT(52.3578116,4.899277)";4.899277;52.3578116;
121;"541";"Stadhouderskade / Ferdinand Bolstraat";1936;0;"Voertuig afhankelijk";"Regulier";"";"In bedrijf";"";"http://pinkfloyded.tumblr.com/image/51830075997";"POINT(4.890867,52.3580634)";"POINT(52.3580634,4.890867)";4.890867;52.3580634;
122;"126";"Rozengracht / Marnixstraat";1937;0;"Voertuig afhankelijk";"Regulier";"";"In bedrijf";"";"";"POINT(4.8758652,52.372193)";"POINT(52.372193,4.8758652)";4.8758652;52.372193;
123;"127";"Nassaukade / Clercqstraat, De";1937;0;"Voertuig afhankelijk";"Regulier";"";"In bedrijf";"";"https://archief.amsterdam/beeldbank/detail/0c0bed92-a651-262e-aa90-3bfd6794a369";"POINT(4.8741448,52.3717925)";"POINT(52.3717925,4.8741448)";4.8741448;52.3717925;
124;"128";"Bilderdijkstraat / Clercqstraat, De";1937;0;"Voertuig afhankelijk";"Regulier";"";"In bedrijf";"";"";"POINT(4.870475,52.3709914)";"POINT(52.3709914,4.870475)";4.870475;52.3709914;
125;"158";"Nassaukade / Kinkerstraat";1937;0;"Voertuig afhankelijk";"Regulier";"";"In bedrijf";"";"https://archief.amsterdam/beeldbank/detail/34bf572f-488b-79c4-8392-a9d888ead464";"POINT(4.8763265,52.3683477)";"POINT(52.3683477,4.8763265)";4.8763265;52.3683477;
126;"502";"Nassaukade / Bosboom Toussaintstraat";1937;0;"Voertuig afhankelijk";"Regulier";"";"In bedrijf";"";"";"POINT(4.877835,52.3660933)";"POINT(52.3660933,4.877835)";4.877835;52.3660933;
127;"527";"Stadhouderskade / Hemonystraat";1947;0;"Voertuig afhankelijk";"Langzaam verkeer oversteek";"";"In bedrijf";"";"";"POINT(4.901787,52.3583113)";"POINT(52.3583113,4.901787)";4.901787;52.3583113;
128;"529";"Amsteldijk / Ceintuurbaan";1950;0;"Voertuig afhankelijk";"Regulier";"";"In bedrijf";"";"https://archief.amsterdam/beeldbank/detail/8390e7de-e8ea-0819-28a3-530466b87f94";"POINT(4.9050648,52.355992)";"POINT(52.355992,4.9050648)";4.9050648;52.355992;
129;"531";"Ceintuurbaan / van Woustraat";1950;0;"Voertuig afhankelijk";"Regulier";"";"In bedrijf";"";"";"POINT(4.9012511,52.3548094)";"POINT(52.3548094,4.9012511)";4.9012511;52.3548094;
130;"533";"Ceintuurbaan / Helststraat, 2e van der";1950;0;"Voertuig afhankelijk";"Regulier";"";"In bedrijf";"";"";"POINT(4.8945548,52.353192)";"POINT(52.353192,4.8945548)";4.8945548;52.353192;
131;"534";"Ceintuurbaan / Ferdinand Bolstraat";1950;0;"Star";"Regulier";"";"In bedrijf";"";"";"POINT(4.891145,52.3527915)";"POINT(52.3527915,4.891145)";4.891145;52.3527915;
132;"157";"Bilderdijkstraat / Kinkerstraat";1952;0;"Voertuig afhankelijk";"Regulier";"";"In bedrijf";"";"https://archief.amsterdam/beeldbank/detail/ee505168-85bc-8acd-024c-13063fdc1277";"POINT(4.872175,52.3671919)";"POINT(52.3671919,4.872175)";4.872175;52.3671919;
133;"422";"Linnaeusstraat / Wijttenbachstraat";1952;0;"Voertuig afhankelijk";"Regulier";"";"In bedrijf";"";"";"POINT(4.9253051,52.3599936)";"POINT(52.3599936,4.9253051)";4.9253051;52.3599936;
134;"425";"Middenweg / Hugo de Vrieslaan";1952;0;"Voertuig afhankelijk";"Regulier";"";"In bedrijf";"";"";"POINT(4.9351551,52.3508917)";"POINT(52.3508917,4.9351551)";4.9351551;52.3508917;
135;"536";"Roelof Hartplein / Coenenstraat, J.M.";1952;0;"Voertuig afhankelijk";"Regulier";"";"In bedrijf";"";"";"POINT(4.8824251,52.3528945)";"POINT(52.3528945,4.8824251)";4.8824251;52.3528945;
136;"558";"Baerlestraat, Van / Concertgebouwplein";1952;0;"Voertuig afhankelijk";"Regulier";"";"In bedrijf";"";"";"POINT(4.8800051,52.3560912)";"POINT(52.3560912,4.8800051)";4.8800051;52.3560912;
137;"564";"Amstelveenseweg / Zeilstraat";1952;0;"Voertuig afhankelijk";"Regulier";"";"In bedrijf";"";"";"POINT(4.8566048,52.3514945)";"POINT(52.3514945,4.8566048)";4.8566048;52.3514945;
138;"109";"Prins Hendrikkade / Martelaarsgracht";1954;0;"Star";"Regulier";"";"In bedrijf";"";"";"POINT(4.8972952,52.3782927)";"POINT(52.3782927,4.8972952)";4.8972952;52.3782927;
139;"542";"Weteringcircuit";1956;0;"Star";"Regulier";"";"In bedrijf";"";"http://beeldbank.amsterdam.nl/afbeelding/010009008170";"POINT(4.8909662,52.3596121)";"POINT(52.3596121,4.8909662)";4.8909662;52.3596121;
140;"571";"Overtoom / Amstelveenseweg";1957;0;"Voertuig afhankelijk";"Regulier";"Zachte koppeling";"In bedrijf";"";"";"POINT(4.8552721,52.3576934)";"POINT(52.3576934,4.8552721)";4.8552721;52.3576934;
141;"903";"Haarlemmerweg / Admiraal de Ruyterweg";1957;0;"Voertuig afhankelijk";"Regulier";"";"In bedrijf";"";"";"POINT(4.8474902,52.3849496)";"POINT(52.3849496,4.8474902)";4.8474902;52.3849496;
142;"668";"Churchillaan / Scheldestraat";1958;0;"Voertuig afhankelijk";"Regulier";"";"In bedrijf";"";"";"POINT(4.8911411,52.3472463)";"POINT(52.3472463,4.8911411)";4.8911411;52.3472463;
143;"649";"Amsteldijk / President Kennedylaan";1968;0;"Voertuig afhankelijk";"Regulier";"";"In bedrijf";"";"";"POINT(4.9131148,52.3431937)";"POINT(52.3431937,4.9131148)";4.9131148;52.3431937;
144;"927";"Mercatorplein";1960;0;"Voertuig afhankelijk";"Regulier";"";"In bedrijf";"";"";"POINT(4.8502548,52.3699919)";"POINT(52.3699919,4.8502548)";4.8502548;52.3699919;
145;"452";"Insulindeweg / Molukkenstraat";1966;0;"Voertuig afhankelijk";"Regulier";"";"In bedrijf";"";"";"POINT(4.9397399,52.3616301)";"POINT(52.3616301,4.9397399)";4.9397399;52.3616301;
146;"935";"Hoofdweg / Postjesweg";1961;0;"Voertuig afhankelijk";"Regulier";"";"In bedrijf";"";"";"POINT(4.8531749,52.3641936)";"POINT(52.3641936,4.8531749)";4.8531749;52.3641936;
147;"560";"Baerlestraat, Van / P.C. Hooftstraat";1962;0;"Voertuig afhankelijk";"Regulier";"";"In bedrijf";"";"";"POINT(4.8776252,52.3593947)";"POINT(52.3593947,4.8776252)";4.8776252;52.3593947;
148;"569";"Haarlemmermeerstraat / Cornelis Lelylaan";1965;0;"Voertuig afhankelijk";"Regulier";"Zachte koppeling";"In bedrijf";"";"";"POINT(4.8503311,52.3580367)";"POINT(52.3580367,4.8503311)";4.8503311;52.3580367;
149;"554";"Lairessestraat, De / Valeriusplein";1963;0;"Voertuig afhankelijk";"Regulier";"";"In bedrijf";"";"";"POINT(4.8645852,52.3516928)";"POINT(52.3516928,4.8645852)";4.8645852;52.3516928;
150;"641";"Rooseveltlaan / Maasstraat";1963;0;"Voertuig afhankelijk";"Regulier";"";"In bedrijf";"";"";"POINT(4.8966048,52.3429915)";"POINT(52.3429915,4.8966048)";4.8966048;52.3429915;
151;"656";"Stadionweg / Beethovenstraat";1963;0;"Voertuig afhankelijk";"Regulier";"";"In bedrijf";"";"";"POINT(4.8769052,52.3468939)";"POINT(52.3468939,4.8769052)";4.8769052;52.3468939;
152;"1419";"Alexanderplein / Sarphatistraat";1964;2016;"Voertuig afhankelijk";"Regulier";"";"Vervallen";"Alexanderplein_1965.jpg";"http://beeldbank.amsterdam.nl/afbeelding/BMAB00026000077_008";"POINT(4.9188759,52.3635527)";"POINT(52.3635527,4.9188759)";4.9188759;52.3635527;
153;"555";"Lairessestraat, De / Emmastraat";1964;0;"Voertuig afhankelijk";"Regulier";"";"In bedrijf";"";"";"POINT(4.8699052,52.3530928)";"POINT(52.3530928,4.8699052)";4.8699052;52.3530928;
154;"670";"Hobbemakade / Hillegaertstraat";1964;0;"Voertuig afhankelijk";"Regulier";"";"In bedrijf";"";"";"POINT(4.885885,52.3497931)";"POINT(52.3497931,4.885885)";4.885885;52.3497931;
155;"671";"Apollolaan / Stadionweg";1964;0;"Voertuig afhankelijk";"Regulier";"";"In bedrijf";"";"http://disseminate.objectrepository.org/file/level2/10622/30051001510301";"POINT(4.883096,52.3486983)";"POINT(52.3486983,4.883096)";4.883096;52.3486983;
156;"672";"Apollolaan / Beethovenstraat";1964;0;"Voertuig afhankelijk";"Regulier";"";"In bedrijf";"";"";"POINT(4.8787448,52.3504912)";"POINT(52.3504912,4.8787448)";4.8787448;52.3504912;
157;"919";"Jan van Galenstraat / Willem de Zwijgerlaan";1964;0;"Voertuig afhankelijk";"Regulier";"";"In bedrijf";"";"";"POINT(4.8627104,52.3751709)";"POINT(52.3751709,4.8627104)";4.8627104;52.3751709;
158;"556";"Lairessestraat, De / Cornelis Schuytstraat";1965;0;"Voertuig afhankelijk";"Regulier";"";"In bedrijf";"";"";"POINT(4.8722851,52.3536917)";"POINT(52.3536917,4.8722851)";4.8722851;52.3536917;
159;"664";"Vrijheidslaan / Rijnstraat";1965;0;"Voertuig afhankelijk";"Regulier";"";"In bedrijf";"";"https://archief.amsterdam/beeldbank/detail/62568fe0-2661-64fc-0041-685f16d1740e";"POINT(4.9052719,52.3462519)";"POINT(52.3462519,4.9052719)";4.9052719;52.3462519;
160;"912";"Admiraal de Ruyterweg / Bos en Lommerweg";1965;0;"Voertuig afhankelijk";"Regulier";"";"In bedrijf";"";"";"POINT(4.854615,52.3806922)";"POINT(52.3806922,4.854615)";4.854615;52.3806922;
161;"920";"Admiraal de Ruyterweg / Jan van Galenstraat";1965;0;"Voertuig afhankelijk";"Regulier";"";"In bedrijf";"";"";"POINT(4.8585778,52.3746474)";"POINT(52.3746474,4.8585778)";4.8585778;52.3746474;
162;"535";"Roelof Hartstraat / Hobbemakade";1966;0;"Voertuig afhankelijk";"Regulier";"";"In bedrijf";"";"";"POINT(4.8861148,52.3521926)";"POINT(52.3521926,4.8861148)";4.8861148;52.3521926;
163;"557";"Lairessestraat, De / Jacob Obrechtstraat";1966;0;"Voertuig afhankelijk";"Regulier";"";"In bedrijf";"";"http://beeldbank.amsterdam.nl/afbeelding/010122008637";"POINT(4.8762371,52.3547827)";"POINT(52.3547827,4.8762371)";4.8762371;52.3547827;
164;"921";"Jan van Galenstraat / Hoofdweg";1961;0;"Voertuig afhankelijk";"Regulier";"Zachte koppeling";"In bedrijf";"";"";"POINT(4.8488901,52.3727271)";"POINT(52.3727271,4.8488901)";4.8488901;52.3727271;
165;"930";"Jan Evertsenstraat / Witte de Withstraat";1966;0;"Voertuig afhankelijk";"Regulier";"";"In bedrijf";"";"";"POINT(4.8589151,52.3713919)";"POINT(52.3713919,4.8589151)";4.8589151;52.3713919;
166;"933";"Kinkerstraat / Jan Pieter Heijestraat";1966;0;"Voertuig afhankelijk";"Regulier";"";"In bedrijf";"";"https://archief.amsterdam/beeldbank/detail/3216016e-e200-8e36-e197-3a651b3c95f5";"POINT(4.8626749,52.3647925)";"POINT(52.3647925,4.8626749)";4.8626749;52.3647925;
167;"424";"Middenweg / Kamerlingh Onneslaan";1967;0;"Voertuig afhankelijk";"Regulier";"";"In bedrijf";"";"";"POINT(4.9305851,52.3536917)";"POINT(52.3536917,4.9305851)";4.9305851;52.3536917;
168;"551";"Hobbemakade / Ruysdaelstraat";1967;0;"Voertuig afhankelijk";"Regulier";"";"In bedrijf";"";"";"POINT(4.8864152,52.354592)";"POINT(52.354592,4.8864152)";4.8864152;52.354592;
169;"563";"Koninginneweg / Emmastraat";1967;0;"Voertuig afhankelijk";"Regulier";"";"In bedrijf";"";"";"POINT(4.8635051,52.3532912)";"POINT(52.3532912,4.8635051)";4.8635051;52.3532912;
170;"684";"Buitenveldertselaan / Boshuizenstraat, van";1967;0;"Voertuig afhankelijk";"Regulier";"";"In bedrijf";"";"";"POINT(4.869015,52.3245932)";"POINT(52.3245932,4.869015)";4.869015;52.3245932;
171;"949";"Johan Huizingalaan / Plesmanlaan";1967;0;"Voertuig afhankelijk";"Regulier";"";"In bedrijf";"";"";"POINT(4.8274252,52.3513915)";"POINT(52.3513915,4.8274252)";4.8274252;52.3513915;
172;"107";"Prins Hendrikkade / Kamperbrug";1968;0;"Voertuig afhankelijk";"Regulier";"Zachte koppeling";"In bedrijf";"";"";"POINT(4.902045,52.3769194)";"POINT(52.3769194,4.902045)";4.902045;52.3769194;
173;"402";"IJtunnel / Ingang Zuidzijde";1968;0;"Voertuig afhankelijk";"Regulier";"";"In bedrijf";"";"https://geheugen.delpher.nl/nl/geheugen/view/amsterdam-infrastructuur-ijtunnel-anp?coll=ngvn&maxperpage=36&page=1&query=ijtunnel&identifier=ANP01%3A14334517";"POINT(4.9122608,52.3732726)";"POINT(52.3732726,4.9122608)";4.9122608;52.3732726;
174;"433";"Beukenweg / Oosterparkstraat, 1e";1968;0;"Voertuig afhankelijk";"Regulier";"";"In bedrijf";"";"";"POINT(4.9174349,52.3579947)";"POINT(52.3579947,4.9174349)";4.9174349;52.3579947;
175;"440";"Prins Hendrikkade / Schippersgracht";1968;0;"Voertuig afhankelijk";"Regulier";"";"In bedrijf";"";"";"POINT(4.9124461,52.3711576)";"POINT(52.3711576,4.9124461)";4.9124461;52.3711576;
176;"565";"Amstelveenseweg / Oranje Nassaulaan";1968;0;"Voertuig afhankelijk";"Langzaam verkeer oversteek";"";"In bedrijf";"";"";"POINT(4.8554552,52.3548934)";"POINT(52.3548934,4.8554552)";4.8554552;52.3548934;
177;"565";"Amstelveenseweg / oversteek bij Tweede Schinkelstraat";1968;0;"Voertuig afhankelijk";"Langzaam verkeer oversteek";"";"In bedrijf";"";"";"POINT(4.8558352,52.3536917)";"POINT(52.3536917,4.8558352)";4.8558352;52.3536917;
178;"662";"Vrijheidslaan / Amsteldijk";1968;0;"Voertuig afhankelijk";"Regulier";"Harde koppeling";"In bedrijf";"";"";"POINT(4.9117062,52.3471762)";"POINT(52.3471762,4.9117062)";4.9117062;52.3471762;
179;"681";"Amstelveenseweg / van Nijenrodeweg";1968;0;"Voertuig afhankelijk";"Regulier";"";"In bedrijf";"";"";"POINT(4.8574779,52.3277976)";"POINT(52.3277976,4.8574779)";4.8574779;52.3277976;
180;"108";"Prins Hendrikkade / Damrak";1968;0;"Halfstar";"Regulier";"";"In bedrijf";"";"";"POINT(4.898525,52.3772933)";"POINT(52.3772933,4.898525)";4.898525;52.3772933;
181;"528";"Stadhouderskade / Amsteldijk";1969;0;"Voertuig afhankelijk";"Regulier";"";"In bedrijf";"";"";"POINT(4.903815,52.3586928)";"POINT(52.3586928,4.903815)";4.903815;52.3586928;
182;"651";"President Kennedylaan / Rijnstraat";1969;0;"Voertuig afhankelijk";"Regulier";"";"In bedrijf";"";"http://afbeeldingen.gahetna.nl/naa/thumb/1280x1280/a8128ad4-4daf-38b8-94a0-baca6175b07d.jpg";"POINT(4.9076829,52.3402955)";"POINT(52.3402955,4.9076829)";4.9076829;52.3402955;
183;"677";"Marathonweg / Olympiaweg";1964;0;"Voertuig afhankelijk";"Regulier";"";"In bedrijf";"";"http://beeldbank.amsterdam.nl/afbeelding/10009A001085";"POINT(4.8619072,52.3480193)";"POINT(52.3480193,4.8619072)";4.8619072;52.3480193;
184;"697";"Buitenveldertselaan / Nijenrodeweg, van";1969;0;"Voertuig afhankelijk";"Regulier";"";"In bedrijf";"";"";"POINT(4.8688748,52.3277938)";"POINT(52.3277938,4.8688748)";4.8688748;52.3277938;
185;"130";"Nassaukade / Hugo de Grootstraat, 2e";1970;0;"Voertuig afhankelijk";"Regulier";"";"In bedrijf";"";"";"POINT(4.8750436,52.3741222)";"POINT(52.3741222,4.8750436)";4.8750436;52.3741222;
186;"240";"IJdoornlaan / Waddenweg";1970;0;"Voertuig afhankelijk";"Regulier";"";"In bedrijf";"";"";"POINT(4.9358351,52.4010932)";"POINT(52.4010932,4.9358351)";4.9358351;52.4010932;
187;"403";"Valkenburgerstraat / Anne Frankstraat";1970;0;"Voertuig afhankelijk";"Regulier";"";"In bedrijf";"";"";"POINT(4.9084891,52.3701384)";"POINT(52.3701384,4.9084891)";4.9084891;52.3701384;
188;"432";"Mauritskade / `s Gravensandestraat";1970;0;"Voertuig afhankelijk";"Regulier";"";"In bedrijf";"";"";"POINT(4.9152448,52.3614928)";"POINT(52.3614928,4.9152448)";4.9152448;52.3614928;
189;"435";"Kamerling Onneslaan / Nobelweg";1970;0;"Voertuig afhankelijk";"Regulier";"";"In bedrijf";"";"";"POINT(4.9249952,52.3500945)";"POINT(52.3500945,4.9249952)";4.9249952;52.3500945;
190;"902";"Haarlemmerweg / Burg. De Vlugtlaan";1970;0;"Voertuig afhankelijk";"Regulier";"";"In bedrijf";"";"";"POINT(4.818711,52.3844107)";"POINT(52.3844107,4.818711)";4.818711;52.3844107;
191;"904";"Haarlemmerweg / Bos en Lommerweg";1970;0;"Voertuig afhankelijk";"Regulier";"";"In bedrijf";"";"";"POINT(4.8554151,52.3850657)";"POINT(52.3850657,4.8554151)";4.8554151;52.3850657;
192;"101";"Nassauplein / Haarlemmerweg";1971;0;"Voertuig afhankelijk";"Regulier";"Zachte koppeling";"In bedrijf";"";"";"POINT(4.8814938,52.3850218)";"POINT(52.3850218,4.8814938)";4.8814938;52.3850218;
193;"102";"Haarlemmerplein - Korte Marnixstraat";1971;0;"Voertuig afhankelijk";"Regulier";"Harde koppeling";"In bedrijf";"";"";"POINT(4.8832647,52.3846568)";"POINT(52.3846568,4.8832647)";4.8832647;52.3846568;
194;"242";"IJdoornlaan / Th. Weeversweg";1971;0;"Voertuig afhankelijk";"Regulier";"";"In bedrijf";"";"";"POINT(4.9454548,52.3991934)";"POINT(52.3991934,4.9454548)";4.9454548;52.3991934;
195;"312";"Bijlmerdreef / Flierbosdreef";1971;0;"Voertuig afhankelijk";"Regulier";"";"In bedrijf";"";"";"POINT(4.955075,52.3162924)";"POINT(52.3162924,4.955075)";4.955075;52.3162924;
196;"420";"Mauritskade / Brug 265 (Kit)";1971;0;"Voertuig afhankelijk";"Regulier";"";"In bedrijf";"";"http://beeldbank.amsterdam.nl/afbeelding/010122023710";"POINT(4.9203088,52.3630034)";"POINT(52.3630034,4.9203088)";4.9203088;52.3630034;
197;"578";"Stadhouderskade / Leidseplein";1971;0;"Voertuig afhankelijk";"Regulier";"Zachte koppeling";"In bedrijf";"";"";"POINT(4.880275,52.3628032)";"POINT(52.3628032,4.880275)";4.880275;52.3628032;
198;"652";"President Kennedylaan / Waalstraat";1971;0;"Voertuig afhankelijk";"Regulier";"";"In bedrijf";"";"";"POINT(4.9017551,52.3403937)";"POINT(52.3403937,4.9017551)";4.9017551;52.3403937;
199;"653";"President Kennedylaan / Maasstraat";1971;0;"Voertuig afhankelijk";"Regulier";"";"In bedrijf";"";"";"POINT(4.897465,52.3405921)";"POINT(52.3405921,4.897465)";4.897465;52.3405921;
200;"923";"Jan van Galenstraat / Jan Tooropstraat";1971;0;"Voertuig afhankelijk";"Regulier";"";"In bedrijf";"";"";"POINT(4.8385951,52.3725936)";"POINT(52.3725936,4.8385951)";4.8385951;52.3725936;
201;"243";"IJdoornlaan / Beemsterstraat";1972;0;"Voertuig afhankelijk";"Regulier";"";"In bedrijf";"";"";"POINT(4.9515951,52.3973929)";"POINT(52.3973929,4.9515951)";4.9515951;52.3973929;
202;"450";"Insulindeweg / Zeeburgerdijk";1972;0;"Voertuig afhankelijk";"Regulier";"";"In bedrijf";"";"";"POINT(4.9484851,52.3652922)";"POINT(52.3652922,4.9484851)";4.9484851;52.3652922;
203;"635";"Europaplein / President Kennedylaan";1972;0;"Voertuig afhankelijk";"Regulier";"Zachte koppeling";"In bedrijf";"";"";"POINT(4.8922899,52.34084)";"POINT(52.34084,4.8922899)";4.8922899;52.34084;
204;"640";"Europaplein / Rooseveltlaan";1972;0;"Voertuig afhankelijk";"Regulier";"Zachte koppeling";"In bedrijf";"";"";"POINT(4.8924447,52.341907)";"POINT(52.341907,4.8924447)";4.8924447;52.341907;
205;"686";"De Boelelaan / van Leijenberghlaan";1972;0;"Voertuig afhankelijk";"Regulier";"";"In bedrijf";"";"";"POINT(4.8786361,52.335076)";"POINT(52.335076,4.8786361)";4.8786361;52.335076;
206;"688";"Boelelaan, de / Amstelveenseweg";1972;0;"Voertuig afhankelijk";"Regulier";"Zachte koppeling";"In bedrijf";"";"";"POINT(4.8575299,52.3351676)";"POINT(52.3351676,4.8575299)";4.8575299;52.3351676;
207;"689";"Amstelveenseweg / A10 Zuid buitenring";1972;0;"Voertuig afhankelijk";"Regulier";"Zachte koppeling";"In bedrijf";"";"";"POINT(4.85761,52.3370597)";"POINT(52.3370597,4.85761)";4.85761;52.3370597;
208;"690";"van Leijenberghlaan / Arent Jansz. Ernststraat";1972;0;"Voertuig afhankelijk";"Regulier";"";"In bedrijf";"";"";"POINT(4.8794758,52.3320853)";"POINT(52.3320853,4.8794758)";4.8794758;52.3320853;
209;"692";"Europaboulevard / Arent Jansz. Ernststraat";1972;0;"Voertuig afhankelijk";"Regulier";"";"In bedrijf";"";"";"POINT(4.8899748,52.3320929)";"POINT(52.3320929,4.8899748)";4.8899748;52.3320929;
210;"687";"De Boelelaan / Buitenveldertselaan";1972;0;"Voertuig afhankelijk";"Regulier";"";"In bedrijf";"";"";"POINT(4.8688362,52.3350226)";"POINT(52.3350226,4.8688362)";4.8688362;52.3350226;
211;"103";"Haarlemmer Houttuinen / Buiten Oranjestraat";1973;0;"Voertuig afhankelijk";"Regulier";"";"In bedrijf";"";"";"POINT(4.888315,52.3829924)";"POINT(52.3829924,4.888315)";4.888315;52.3829924;
212;"104";"Prins Hendrikkade / Singel";1973;0;"Halfstar";"Regulier";"";"In bedrijf";"";"";"POINT(4.8947151,52.3796927)";"POINT(52.3796927,4.8947151)";4.8947151;52.3796927;
213;"1205";"Kamperfoelieweg / Ribesstraat";1973;0;"Voertuig afhankelijk";"Regulier";"";"Vervallen";"";"";"POINT(4.9141562,52.3940055)";"POINT(52.3940055,4.9141562)";4.9141562;52.3940055;
214;"227";"Nieuwe Purmerweg / Waddenweg";1973;0;"Voertuig afhankelijk";"Regulier";"";"In bedrijf";"";"";"POINT(4.9296148,52.3960921)";"POINT(52.3960921,4.9296148)";4.9296148;52.3960921;
215;"429";"Plantage Middenlaan / Plantage Kerklaan";1973;0;"Voertuig afhankelijk";"Regulier";"";"In bedrijf";"";"https://stadsarchief.amsterdam.nl/";"POINT(4.9117939,52.3664023)";"POINT(52.3664023,4.9117939)";4.9117939;52.3664023;
216;"943";"Johan Huizingalaan / Comeniusstraat";1973;0;"Voertuig afhankelijk";"Regulier";"";"In bedrijf";"";"";"POINT(4.8272222,52.3591884)";"POINT(52.3591884,4.8272222)";4.8272222;52.3591884;
217;"463";"Piet Heinkade / Kattenburgerviaduct";1973;0;"Voertuig afhankelijk";"Regulier";"";"In bedrijf";"";"";"POINT(4.9217096,52.3762774)";"POINT(52.3762774,4.9217096)";4.9217096;52.3762774;
218;"958";"Meer en Vaart / Cornelis Lelylaan Nz";1973;0;"Voertuig afhankelijk";"Regulier";"";"In bedrijf";"";"";"POINT(4.8094427,52.3561341)";"POINT(52.3561341,4.8094427)";4.8094427;52.3561341;
219;"117";"De Ruyterkade / Westertoegang";1974;0;"Voertuig afhankelijk";"Regulier";"";"In bedrijf";"";"";"POINT(4.8963534,52.3814533)";"POINT(52.3814533,4.8963534)";4.8963534;52.3814533;
220;"207";"Klaprozenweg / Floraweg";1974;0;"Voertuig afhankelijk";"Regulier";"";"In bedrijf";"";"";"POINT(4.906935,52.3985945)";"POINT(52.3985945,4.906935)";4.906935;52.3985945;
221;"208";"Cornelis Douwesweg / Stenendoksweg";1974;0;"Voertuig afhankelijk";"Regulier";"";"In bedrijf";"";"";"POINT(4.892525,52.4068915)";"POINT(52.4068915,4.892525)";4.892525;52.4068915;
222;"311";"Bijlmerdreef / Dolingadreef";1974;0;"Voertuig afhankelijk";"Regulier";"";"In bedrijf";"";"";"POINT(4.9521649,52.315293)";"POINT(52.315293,4.9521649)";4.9521649;52.315293;
223;"426";"Middenweg / Kruislaan";1974;0;"Voertuig afhankelijk";"Regulier";"";"In bedrijf";"";"";"POINT(4.9401848,52.3477942)";"POINT(52.3477942,4.9401848)";4.9401848;52.3477942;
224;"436";"Hugo de Vrieslaan / Maxwellstraat";1974;0;"Voertuig afhankelijk";"Regulier";"";"In bedrijf";"";"";"POINT(4.9293048,52.347592)";"POINT(52.347592,4.9293048)";4.9293048;52.347592;
225;"939";"Delflandlaan / Heemstedestraat";1974;0;"Voertuig afhankelijk";"Regulier";"";"In bedrijf";"";"";"POINT(4.8408649,52.3514945)";"POINT(52.3514945,4.8408649)";4.8408649;52.3514945;
226;"459";"De Ruyterkade / Oostertoegang";1974;0;"Voertuig afhankelijk";"Regulier";"";"In bedrijf";"";"";"POINT(4.905071,52.3782202)";"POINT(52.3782202,4.905071)";4.905071;52.3782202;
227;"648";"van Woustraat / Lutmastraat";1975;0;"Voertuig afhankelijk";"Regulier";"";"In bedrijf";"";"";"POINT(4.9032228,52.3516661)";"POINT(52.3516661,4.9032228)";4.9032228;52.3516661;
228;"111";"Prins Hendrikkade / Oosterdokskade/Binnenkant (voorheen krp106 en 806)";1975;0;"Voertuig afhankelijk";"Regulier";"Zachte koppeling";"In bedrijf";"";"";"POINT(4.903921,52.374956)";"POINT(52.374956,4.903921)";4.903921;52.374956;
230;"206";"Kamperfoelieweg / Floraweg";1976;0;"Voertuig afhankelijk";"Regulier";"";"In bedrijf";"";"";"POINT(4.910835,52.3999945)";"POINT(52.3999945,4.910835)";4.910835;52.3999945;
231;"306";"Daalwijkdreef / Gooiseweg WZ";1976;0;"Voertuig afhankelijk";"Regulier";"";"In bedrijf";"";"";"POINT(4.9557149,52.3233916)";"POINT(52.3233916,4.9557149)";4.9557149;52.3233916;
232;"310";"Dolingadreef / Burg. Stramanweg";1976;0;"Voertuig afhankelijk";"Regulier";"";"In bedrijf";"";"";"POINT(4.9504349,52.3171927)";"POINT(52.3171927,4.9504349)";4.9504349;52.3171927;
233;"442";"Kattenburgerplein / Kattenburgerstraat";1976;0;"Voertuig afhankelijk";"Regulier";"";"In bedrijf";"";"";"POINT(4.9150675,52.3711314)";"POINT(52.3711314,4.9150675)";4.9150675;52.3711314;
234;"449";"Molukkenstraat / Zeeburgerdijk";1976;0;"Voertuig afhankelijk";"Regulier";"";"In bedrijf";"";"";"POINT(4.9394948,52.3660933)";"POINT(52.3660933,4.9394948)";4.9394948;52.3660933;
235;"696";"Pamassusweg / Strawinskylaan";1976;0;"Voertuig afhankelijk";"Regulier";"";"In bedrijf";"";"";"POINT(4.8684251,52.3405921)";"POINT(52.3405921,4.8684251)";4.8684251;52.3405921;
236;"699";"Amstelveenseweg / A10 Zuid binnenring";1976;0;"Voertuig afhankelijk";"Regulier";"Zachte koppeling";"In bedrijf";"";"";"POINT(4.8576109,52.3390853)";"POINT(52.3390853,4.8576109)";4.8576109;52.3390853;
237;"906";"Haarlemmerweg / Limburg Stirumstraat, v";1976;0;"Voertuig afhankelijk";"Regulier";"";"In bedrijf";"";"";"POINT(4.875005,52.3854949)";"POINT(52.3854949,4.875005)";4.875005;52.3854949;
238;"950";"Johan Huizingalaan / Aletta Jacobslaan";1976;0;"Voertuig afhankelijk";"Regulier";"";"In bedrijf";"";"";"POINT(4.8275549,52.3468939)";"POINT(52.3468939,4.8275549)";4.8275549;52.3468939;
239;"1974";"Haarlemmerweg / Den Brielstraat";1977;2008;"";"Regulier";"";"Vervallen";"";"";"POINT(4.8586051,52.3850943)";"POINT(52.3850943,4.8586051)";4.8586051;52.3850943;
240;"568";"Haarlemmermeerstraat / Theophiel de Bockstraat";1977;0;"Voertuig afhankelijk";"Regulier";"";"In bedrijf";"";"";"POINT(4.8503549,52.3548934)";"POINT(52.3548934,4.8503549)";4.8503549;52.3548934;
241;"586";"Hobbemakade / Hobbemastraat";1977;0;"Voertuig afhankelijk";"Regulier";"";"In bedrijf";"";"";"POINT(4.8863752,52.3586928)";"POINT(52.3586928,4.8863752)";4.8863752;52.3586928;
242;"590";"Stadhouderskade / Hobbemakade";1977;0;"Halfstar";"Regulier";"Harde koppeling";"In bedrijf";"";"";"POINT(4.8868396,52.3600884)";"POINT(52.3600884,4.8868396)";4.8868396;52.3600884;
243;"905";"Haarlemmerweg / Hallstraat, van";1977;0;"Voertuig afhankelijk";"Regulier";"";"In bedrijf";"";"";"POINT(4.8695352,52.3852927)";"POINT(52.3852927,4.8695352)";4.8695352;52.3852927;
244;"591";"Hobbemakade / Honthorststraat";1978;0;"Voertuig afhankelijk";"Regulier";"";"In bedrijf";"";"";"POINT(4.8863051,52.3575942)";"POINT(52.3575942,4.8863051)";4.8863051;52.3575942;
245;"642";"Europaboulevard / A10 Zuid binnenring";1978;0;"Voertuig afhankelijk";"Regulier";"Zachte koppeling";"In bedrijf";"";"";"POINT(4.891855,52.3375327)";"POINT(52.3375327,4.891855)";4.891855;52.3375327;
246;"667";"Churchillaan / Maasstraat";1978;0;"Voertuig afhankelijk";"Regulier";"";"In bedrijf";"";"";"POINT(4.8951251,52.3470348)";"POINT(52.3470348,4.8951251)";4.8951251;52.3470348;
247;"680";"Amstelveenseweg / Fred. Roeskestraat";1978;0;"Voertuig afhankelijk";"Regulier";"";"In bedrijf";"";"http://afbeeldingen.gahetna.nl/naa/thumb/1280x1280/c711030e-07a0-c495-7abe-5a9a2816302e.jpg";"POINT(4.8577039,52.3410994)";"POINT(52.3410994,4.8577039)";4.8577039;52.3410994;
248;"976";"Spaarndammerstraat / Tasmanstraat";1978;2018;"Voertuig afhankelijk";"Regulier";"";"Vervallen";"";"";"POINT(4.878185,52.3915946)";"POINT(52.3915946,4.878185)";4.878185;52.3915946;
249;"132";"Nassaukade / Frederik Hendrikplantsoen";1979;0;"Voertuig afhankelijk";"Regulier";"";"In bedrijf";"";"";"POINT(4.8777249,52.3785941)";"POINT(52.3785941,4.8777249)";4.8777249;52.3785941;
250;"237";"IJdoornlaan / Statenjachtstraat";1979;0;"Voertuig afhankelijk";"Regulier";"";"In bedrijf";"";"";"POINT(4.9211552,52.4063918)";"POINT(52.4063918,4.9211552)";4.9211552;52.4063918;
251;"244";"IJdoornlaan / Dijkmanshuizenstraat";1979;0;"Voertuig afhankelijk";"Regulier";"";"In bedrijf";"";"";"POINT(4.9545548,52.3958937)";"POINT(52.3958937,4.9545548)";4.9545548;52.3958937;
252;"639";"Europaboulevard / RAI Parkeerterrein";1979;0;"Voertuig afhankelijk";"Regulier";"Zachte koppeling";"In bedrijf";"";"";"POINT(4.8920782,52.3389479)";"POINT(52.3389479,4.8920782)";4.8920782;52.3389479;
253;"907";"Burg. De Vlugtlaan / Slotermeerlaan";1979;0;"Voertuig afhankelijk";"Regulier";"";"In bedrijf";"";"";"POINT(4.8214164,52.3813532)";"POINT(52.3813532,4.8214164)";4.8214164;52.3813532;
254;"909";"Burg. De Vlugtlaan / Burg. Fockstraat";1979;0;"Voertuig afhankelijk";"Regulier";"";"In bedrijf";"";"";"POINT(4.8322183,52.3796731)";"POINT(52.3796731,4.8322183)";4.8322183;52.3796731;
255;"965";"Basisweg / Noordzeeweg";1979;0;"Voertuig afhankelijk";"Regulier";"";"In bedrijf";"";"";"POINT(4.8083951,52.3951918)";"POINT(52.3951918,4.8083951)";4.8083951;52.3951918;
256;"975";"Spaarndammerdijk / Archangelweg";1979;0;"Voertuig afhankelijk";"Regulier";"";"In bedrijf";"";"";"POINT(4.8727548,52.3928916)";"POINT(52.3928916,4.8727548)";4.8727548;52.3928916;
257;"246";"Zuiderzeeweg / A10 oprit zuid";1980;0;"Voertuig afhankelijk";"Regulier";"";"In bedrijf";"";"";"POINT(4.9668348,52.388394)";"POINT(52.388394,4.9668348)";4.9668348;52.388394;
258;"673";"Apollolaan / Breitnerstraat";1980;0;"Voertuig afhankelijk";"Regulier";"";"In bedrijf";"";"";"POINT(4.873471,52.3507887)";"POINT(52.3507887,4.873471)";4.873471;52.3507887;
259;"674";"Apollolaan / Michelangelostraat";1980;0;"Voertuig afhankelijk";"Regulier";"";"In bedrijf";"";"";"POINT(4.8707788,52.3506705)";"POINT(52.3506705,4.8707788)";4.8707788;52.3506705;
260;"303";"Spaklerweg / Marwijk Kooystraat, van";1981;0;"Voertuig afhankelijk";"Regulier";"";"In bedrijf";"";"";"POINT(4.923435,52.3327948)";"POINT(52.3327948,4.923435)";4.923435;52.3327948;
261;"694";"Leijenberghlaan / Nijenrodeweg, van";1981;0;"Voertuig afhankelijk";"Regulier";"";"In bedrijf";"";"";"POINT(4.8794649,52.3279921)";"POINT(52.3279921,4.8794649)";4.8794649;52.3279921;
262;"304";"Spaklerweg / Madeweg, van der";1982;0;"Voertuig afhankelijk";"Regulier";"";"In bedrijf";"";"";"POINT(4.9278252,52.3279921)";"POINT(52.3279921,4.9278252)";4.9278252;52.3279921;
263;"309";"Holterbergweg / Burg. Stramanweg WZ";1983;0;"Voertuig afhankelijk";"Regulier";"";"In bedrijf";"";"";"POINT(4.9353549,52.3134925)";"POINT(52.3134925,4.9353549)";4.9353549;52.3134925;
264;"344";"Loosdrechtdreef / Kromwijkdreef";1983;0;"Voertuig afhankelijk";"Regulier";"";"In bedrijf";"";"";"POINT(4.9849451,52.3114935)";"POINT(52.3114935,4.9849451)";4.9849451;52.3114935;
265;"324";"Holterbergweg / Entree, De";1984;0;"Voertuig afhankelijk";"Regulier";"";"In bedrijf";"";"";"POINT(4.9380948,52.3104941)";"POINT(52.3104941,4.9380948)";4.9380948;52.3104941;
266;"851";"Antwerpenbaan / Laan van Vlaanderen";1984;0;"Voertuig afhankelijk";"Regulier";"";"In bedrijf";"";"";"POINT(4.8160751,52.3463942)";"POINT(52.3463942,4.8160751)";4.8160751;52.3463942;
267;"901";"Haarlemmerweg / Australiehavenweg";1985;0;"Voertuig afhankelijk";"Regulier";"";"In bedrijf";"";"";"POINT(4.8031291,52.3842778)";"POINT(52.3842778,4.8031291)";4.8031291;52.3842778;
268;"144";"Houtmankade / Tasmanstraat";1986;0;"Voertuig afhankelijk";"Regulier";"";"In bedrijf";"";"";"POINT(4.8849752,52.3906943)";"POINT(52.3906943,4.8849752)";4.8849752;52.3906943;
269;"446";"Mauritskade / Pontanusstraat";1986;0;"Voertuig afhankelijk";"Regulier";"";"In bedrijf";"";"";"POINT(4.9268448,52.3658911)";"POINT(52.3658911,4.9268448)";4.9268448;52.3658911;
270;"973";"Haarlemmerweg / Slingelandtstraat, van";1986;0;"Voertuig afhankelijk";"Regulier";"";"In bedrijf";"";"";"POINT(4.8652651,52.3852927)";"POINT(52.3852927,4.8652651)";4.8652651;52.3852927;
271;"326";"Hoogoorddreef / Haaksbergweg";1986;0;"Voertuig afhankelijk";"Regulier";"Harde koppeling";"In bedrijf";"";"";"POINT(4.9436572,52.3094946)";"POINT(52.3094946,4.9436572)";4.9436572;52.3094946;
272;"215";"Klaprozenweg / Ataturk";1987;0;"Voertuig afhankelijk";"Regulier";"";"In bedrijf";"";"";"POINT(4.8973849,52.4027945)";"POINT(52.4027945,4.8973849)";4.8973849;52.4027945;
273;"328";"Hoogoorddreef / Station Bijlmer";1987;0;"Voertuig afhankelijk";"Regulier";"";"In bedrijf";"";"";"POINT(4.9474351,52.3107916)";"POINT(52.3107916,4.9474351)";4.9474351;52.3107916;
274;"454";"Zeeburgerdijk / Borneostraat";1987;0;"Voertuig afhankelijk";"Regulier";"Harde koppeling";"In bedrijf";"";"";"POINT(4.9325168,52.3660666)";"POINT(52.3660666,4.9325168)";4.9325168;52.3660666;
275;"223";"Nieuwe Leeuwarderweg / A10 Buitenring (noordzijde)";1987;0;"Voertuig afhankelijk";"Regulier";"";"In bedrijf";"";"";"POINT(4.9409449,52.4088942)";"POINT(52.4088942,4.9409449)";4.9409449;52.4088942;
276;"224";"Nieuwe Leeuwarderweg / A10 Binnenring (zuidzijde)";1987;0;"Voertuig afhankelijk";"Regulier";"";"In bedrijf";"";"";"POINT(4.938555,52.406594)";"POINT(52.406594,4.938555)";4.938555;52.406594;
277;"221";"Molenaarsweg / Stellingweg";1988;0;"Voertuig afhankelijk";"Regulier";"";"In bedrijf";"";"";"POINT(4.8836148,52.4209944)";"POINT(52.4209944,4.8836148)";4.8836148;52.4209944;
278;"330";"Muntbergweg / Gaasperdammerweg NZ";1988;0;"Voertuig afhankelijk";"Regulier";"";"In bedrijf";"";"";"POINT(4.9461648,52.3006941)";"POINT(52.3006941,4.9461648)";4.9461648;52.3006941;
279;"964";"Burg. Roellstraat / Burg. Rendorpstraat";1988;0;"Voertuig afhankelijk";"Regulier";"";"In bedrijf";"";"";"POINT(4.827285,52.3743941)";"POINT(52.3743941,4.827285)";4.827285;52.3743941;
281;"225";"Nieuwe Leeuwarderweg OZ / vanaf IJdoornlaan";1989;0;"Voertuig afhankelijk";"Regulier";"";"In bedrijf";"";"";"POINT(4.936445,52.4048926)";"POINT(52.4048926,4.936445)";4.936445;52.4048926;
282;"331";"Muntbergweg / Gaasperdammerweg ZZ";1989;0;"Voertuig afhankelijk";"Regulier";"";"In bedrijf";"";"";"POINT(4.948075,52.2985922)";"POINT(52.2985922,4.948075)";4.948075;52.2985922;
283;"967";"Haarlemmerweg / Gentstraat, van";1989;0;"Voertuig afhankelijk";"Regulier";"";"In bedrijf";"";"";"POINT(4.8517033,52.3850199)";"POINT(52.3850199,4.8517033)";4.8517033;52.3850199;
284;"238";"IJdoornlaan / Nieuwe Leeuwarderweg WZ";1990;0;"Voertuig afhankelijk";"Regulier";"";"In bedrijf";"";"";"POINT(4.9314649,52.4026915)";"POINT(52.4026915,4.9314649)";4.9314649;52.4026915;
285;"332";"Muntbergweg / Meibergdreef";1990;0;"Voertuig afhankelijk";"Regulier";"";"In bedrijf";"";"";"POINT(4.9512851,52.2950942)";"POINT(52.2950942,4.9512851)";4.9512851;52.2950942;
286;"478";"Middenweg / A10 Oost binnenring";1990;0;"Voertuig afhankelijk";"Regulier";"Harde koppeling";"In bedrijf";"";"";"POINT(4.9508498,52.341149)";"POINT(52.341149,4.9508498)";4.9508498;52.341149;
287;"479";"Middenweg / A10 Oost buitenring";1990;0;"Voertuig afhankelijk";"Regulier";"Harde koppeling";"In bedrijf";"";"";"POINT(4.9526508,52.3401915)";"POINT(52.3401915,4.9526508)";4.9526508;52.3401915;
288;"676";"Beethovenstraat / Strawinskylaan";1990;0;"Voertuig afhankelijk";"Regulier";"";"In bedrijf";"";"";"POINT(4.8769748,52.3408934)";"POINT(52.3408934,4.8769748)";4.8769748;52.3408934;
289;"682";"Buitenveldertselaan / Arent Jansz. Ernststraat";1990;0;"Voertuig afhankelijk";"Regulier";"";"In bedrijf";"";"";"POINT(4.8688552,52.3320929)";"POINT(52.3320929,4.8688552)";4.8688552;52.3320929;
290;"685";"Buitenveldertselaan / Cuserstraat, de";1990;0;"Voertuig afhankelijk";"Regulier";"";"In bedrijf";"";"";"POINT(4.8690751,52.3235938)";"POINT(52.3235938,4.8690751)";4.8690751;52.3235938;
291;"698";"Buitenveldertselaan / Gustav Mahlerlaan";1990;0;"Voertuig afhankelijk";"Regulier";"";"In bedrijf";"";"https://archief.amsterdam/beeldbank/detail/cd425c0e-0efd-afa2-bb92-e357ebd73ba0";"POINT(4.8687851,52.3371932)";"POINT(52.3371932,4.8687851)";4.8687851;52.3371932;
292;"980";"Contactweg / Isolatorweg";1990;0;"Voertuig afhankelijk";"Regulier";"";"In bedrijf";"";"";"POINT(4.8553851,52.3919913)";"POINT(52.3919913,4.8553851)";4.8553851;52.3919913;
293;"437";"Middenweg / Wembleylaan";1990;0;"Voertuig afhankelijk";"Regulier";"Zachte koppeling";"In bedrijf";"";"";"POINT(4.9470918,52.3434111)";"POINT(52.3434111,4.9470918)";4.9470918;52.3434111;
294;"437";"Middenweg / Veeteeltstraat";1990;0;"Voertuig afhankelijk";"Regulier";"Zachte koppeling";"In bedrijf";"";"";"POINT(4.9489639,52.34224)";"POINT(52.34224,4.9489639)";4.9489639;52.34224;
295;"480";"Gooiseweg / A10 Oost buitenring";1990;0;"Voertuig afhankelijk";"Regulier";"";"In bedrijf";"";"";"POINT(4.9428651,52.3364913)";"POINT(52.3364913,4.9428651)";4.9428651;52.3364913;
296;"481";"Gooiseweg / A10 Oost binnenring";1990;0;"Voertuig afhankelijk";"Regulier";"";"In bedrijf";"";"";"POINT(4.9398048,52.3383948)";"POINT(52.3383948,4.9398048)";4.9398048;52.3383948;
297;"334";"Holendrechtdreef / Meerkerkdreef";1991;0;"Voertuig afhankelijk";"Regulier";"";"In bedrijf";"";"";"POINT(4.966665,52.3003928)";"POINT(52.3003928,4.966665)";4.966665;52.3003928;
298;"655";"Stadionweg / Diepenbrockstraat";1991;0;"Voertuig afhankelijk";"Regulier";"";"In bedrijf";"";"";"POINT(4.8800251,52.3471915)";"POINT(52.3471915,4.8800251)";4.8800251;52.3471915;
299;"850";"Louwesweg / Doorsteek ziekenhuis";1991;0;"Voertuig afhankelijk";"Regulier";"";"In bedrijf";"";"";"POINT(4.8239052,52.3465926)";"POINT(52.3465926,4.8239052)";4.8239052;52.3465926;
300;"983";"Radarweg / Arlandaweg";1991;0;"Voertuig afhankelijk";"Regulier";"";"In bedrijf";"";"";"POINT(4.8352778,52.3859129)";"POINT(52.3859129,4.8352778)";4.8352778;52.3859129;
301;"246";"Zuiderzeeweg / A10 afrit noord";1991;0;"Voertuig afhankelijk";"Regulier";"";"In bedrijf";"";"";"POINT(4.9655449,52.3896948)";"POINT(52.3896948,4.9655449)";4.9655449;52.3896948;
302;"326";"Hoogoorddreef / Hondsrugweg";1991;0;"Voertuig afhankelijk";"Regulier";"Harde koppeling";"In bedrijf";"";"";"POINT(4.9427369,52.3091704)";"POINT(52.3091704,4.9427369)";4.9427369;52.3091704;
303;"119";"Barentszplein / Westerdoksdijk";1992;0;"Voertuig afhankelijk";"Regulier";"";"In bedrijf";"";"";"POINT(4.8913152,52.3894927)";"POINT(52.3894927,4.8913152)";4.8913152;52.3894927;
304;"941";"Johan Huizingalaan / Robert Fruinlaan";1992;0;"Voertuig afhankelijk";"Regulier";"";"In bedrijf";"";"";"POINT(4.8270552,52.3639914)";"POINT(52.3639914,4.8270552)";4.8270552;52.3639914;
305;"946";"Johan Huizingalaan / Pieter Calandlaan";1992;0;"Voertuig afhankelijk";"Regulier";"";"In bedrijf";"";"";"POINT(4.8273084,52.3562171)";"POINT(52.3562171,4.8273084)";4.8273084;52.3562171;
306;"319";"Foppingadreef / Hoogoorddreef";1993;0;"Voertuig afhankelijk";"Regulier";"";"In bedrijf";"";"";"POINT(4.950525,52.3117911)";"POINT(52.3117911,4.950525)";4.950525;52.3117911;
307;"931";"Clercqstraat, de / Elisabeth Wolffstraat";1993;0;"Voertuig afhankelijk";"Regulier";"";"In bedrijf";"";"";"POINT(4.8671849,52.3701941)";"POINT(52.3701941,4.8671849)";4.8671849;52.3701941;
308;"970";"Baden Powellweg / Tussenmeer";1993;0;"Voertuig afhankelijk";"Regulier";"";"In bedrijf";"";"";"POINT(4.7910249,52.3563925)";"POINT(52.3563925,4.7910249)";4.7910249;52.3563925;
309;"972";"Haarlemmerweg / Radarweg";1993;0;"Voertuig afhankelijk";"Regulier";"";"In bedrijf";"";"";"POINT(4.8345904,52.3847306)";"POINT(52.3847306,4.8345904)";4.8345904;52.3847306;
310;"937";"Postjesweg / Witte de Withstraat";1994;2019;"Voertuig afhankelijk";"Regulier";"";"Vervallen";"";"http://beeldbank.amsterdam.nl/afbeelding/ANWC00032000001";"POINT(4.8595192,52.3647658)";"POINT(52.3647658,4.8595192)";4.8595192;52.3647658;
311;"325";"Hoogoorddreef / Holterbergweg";1995;0;"Voertuig afhankelijk";"Regulier";"";"In bedrijf";"";"";"POINT(4.9401052,52.308293)";"POINT(52.308293,4.9401052)";4.9401052;52.308293;
312;"982";"Haarlemmerweg / Kimpoweg";1995;0;"Voertuig afhankelijk";"Regulier";"";"In bedrijf";"";"";"POINT(4.8402996,52.3848307)";"POINT(52.3848307,4.8402996)";4.8402996;52.3848307;
313;"984";"Radarweg / Teleportboulevard";1995;0;"Voertuig afhankelijk";"Regulier";"";"In bedrijf";"";"";"POINT(4.836055,52.3876921)";"POINT(52.3876921,4.836055)";4.836055;52.3876921;
314;"986";"Seineweg / Naritaweg";1995;0;"Voertuig afhankelijk";"Regulier";"";"In bedrijf";"";"";"POINT(4.8187625,52.3878149)";"POINT(52.3878149,4.8187625)";4.8187625;52.3878149;
315;"987";"Basisweg / Seineweg";1995;0;"Voertuig afhankelijk";"Regulier";"";"In bedrijf";"";"";"POINT(4.8187227,52.3916872)";"POINT(52.3916872,4.8187227)";4.8187227;52.3916872;
316;"307";"Holterbergweg / Parkeerterrein P2";1996;0;"Voertuig afhankelijk";"Regulier";"";"In bedrijf";"";"";"POINT(4.9323451,52.3170935)";"POINT(52.3170935,4.9323451)";4.9323451;52.3170935;
317;"464";"Piet Heinkade / Oostelijke Handelskade";1996;0;"Voertuig afhankelijk";"Regulier";"";"In bedrijf";"";"";"POINT(4.9289849,52.374993)";"POINT(52.374993,4.9289849)";4.9289849;52.374993;
318;"467";"IJburglaan / Zuiderzeeweg";1996;0;"Voertuig afhankelijk";"Regulier";"";"In bedrijf";"";"";"POINT(4.9623949,52.3720938)";"POINT(52.3720938,4.9623949)";4.9623949;52.3720938;
319;"313";"Burg. Stramanweg / Boris Pasternakstraat";1997;0;"Voertuig afhankelijk";"Regulier";"";"In bedrijf";"";"";"POINT(4.9453852,52.3154914)";"POINT(52.3154914,4.9453852)";4.9453852;52.3154914;
320;"448";"Panamalaan / Zeeburgerdijk";1997;0;"Voertuig afhankelijk";"Regulier";"Harde koppeling";"In bedrijf";"";"";"POINT(4.933819,52.3662192)";"POINT(52.3662192,4.933819)";4.933819;52.3662192;
321;"678";"Amstelveenseweg / Kalfjeslaan";1997;0;"Voertuig afhankelijk";"Regulier";"";"In bedrijf";"";"";"POINT(4.8575051,52.3215949)";"POINT(52.3215949,4.8575051)";4.8575051;52.3215949;
322;"466";"Panamalaan / Piet Heintunnel";1997;0;"Voertuig afhankelijk";"Regulier";"";"In bedrijf";"";"";"POINT(4.9337652,52.3723914)";"POINT(52.3723914,4.9337652)";4.9337652;52.3723914;
323;"469";"IJburglaan / Ringweg A10 WZ";1997;0;"Voertuig afhankelijk";"Regulier";"Zachte koppeling";"In bedrijf";"";"";"POINT(4.9708402,52.3682524)";"POINT(52.3682524,4.9708402)";4.9708402;52.3682524;
324;"470";"IJburglaan / Ringweg A10 OZ";1997;0;"Voertuig afhankelijk";"Regulier";"Zachte koppeling";"In bedrijf";"";"";"POINT(4.9744389,52.3662993)";"POINT(52.3662993,4.9744389)";4.9744389;52.3662993;
325;"857";"Anderlechtlaan / Laan van Vlaanderen";1998;0;"Voertuig afhankelijk";"Regulier";"";"In bedrijf";"";"";"POINT(4.811425,52.3449942)";"POINT(52.3449942,4.811425)";4.811425;52.3449942;
326;"858";"Laan van Vlaanderen / Tramoversteek Wz";1998;0;"Voertuig afhankelijk";"Regulier";"";"In bedrijf";"";"";"POINT(4.8063052,52.3454939)";"POINT(52.3454939,4.8063052)";4.8063052;52.3454939;
327;"957";"Meer en Vaart / Osdorpplein NZ";1998;0;"Voertuig afhankelijk";"Regulier";"";"In bedrijf";"";"";"POINT(4.8070552,52.3605925)";"POINT(52.3605925,4.8070552)";4.8070552;52.3605925;
328;"320";"Hoogoorddreef / Flierbosdreef";1999;0;"Voertuig afhankelijk";"Regulier";"";"In bedrijf";"";"";"POINT(4.9570849,52.3140914)";"POINT(52.3140914,4.9570849)";4.9570849;52.3140914;
329;"333";"Meibergdreef / Tafelbergweg";1999;0;"Voertuig afhankelijk";"Regulier";"";"In bedrijf";"";"";"POINT(4.9479449,52.2936942)";"POINT(52.2936942,4.9479449)";4.9479449;52.2936942;
330;"691";"Leijenberghlaan, van / Gustav Mahlerlaan";1999;0;"Voertuig afhankelijk";"Regulier";"";"In bedrijf";"";"";"POINT(4.8772752,52.3366934)";"POINT(52.3366934,4.8772752)";4.8772752;52.3366934;
331;"859";"Plesmanlaan / Laan van Vlaanderen";1999;0;"Voertuig afhankelijk";"Regulier";"";"In bedrijf";"";"";"POINT(4.8042025,52.3493598)";"POINT(52.3493598,4.8042025)";4.8042025;52.3493598;
332;"305";"Spaklerweg / Stationsweg";2000;0;"Voertuig afhankelijk";"Regulier";"";"In bedrijf";"";"";"POINT(4.9298952,52.3243949)";"POINT(52.3243949,4.9298952)";4.9298952;52.3243949;
333;"461";"Piet Heinkade / IPTA Wz";2000;0;"Voertuig afhankelijk";"Regulier";"";"In bedrijf";"";"";"POINT(4.916345,52.377005)";"POINT(52.377005,4.916345)";4.916345;52.377005;
334;"462";"Piet Heinkade / IPTA Oz";2000;0;"Voertuig afhankelijk";"Regulier";"";"In bedrijf";"";"";"POINT(4.9184583,52.3767353)";"POINT(52.3767353,4.9184583)";4.9184583;52.3767353;
335;"861";"De Alpen / Ookmeerweg";2000;0;"Voertuig afhankelijk";"Regulier";"";"In bedrijf";"";"";"POINT(4.7711651,52.3543936)";"POINT(52.3543936,4.7711651)";4.7711651;52.3543936;
336;"929";"Jan van Galenstraat / Orteliuskade";2000;0;"Voertuig afhankelijk";"Regulier";"Zachte koppeling";"In bedrijf";"";"";"POINT(4.846792,52.3723914)";"POINT(52.3723914,4.846792)";4.846792;52.3723914;
337;"940";"Derkinderenstraat / Cornelis Lelylaan Nz";2000;0;"Voertuig afhankelijk";"Regulier";"";"In bedrijf";"";"";"POINT(4.8406244,52.358537)";"POINT(52.358537,4.8406244)";4.8406244;52.358537;
338;"695";"De Boelelaan / van der Boechorststraat";2000;0;"Voertuig afhankelijk";"Regulier";"";"In bedrijf";"";"";"POINT(4.8618061,52.3350913)";"POINT(52.3350913,4.8618061)";4.8618061;52.3350913;
339;"339";"s Gravendijkdreef / Kraaiennest";2001;0;"Voertuig afhankelijk";"Regulier";"";"In bedrijf";"";"";"POINT(4.9842951,52.3187949)";"POINT(52.3187949,4.9842951)";4.9842951;52.3187949;
340;"362";"Holterbergweg / Hessenbergweg";2002;0;"Voertuig afhankelijk";"Regulier";"";"In bedrijf";"";"";"POINT(4.9435151,52.3037917)";"POINT(52.3037917,4.9435151)";4.9435151;52.3037917;
341;"451";"Van Eesterenlaan / Fred Petterbaan";2002;0;"Voertuig afhankelijk";"Regulier";"";"In bedrijf";"";"";"POINT(4.9384649,52.3734938)";"POINT(52.3734938,4.9384649)";4.9384649;52.3734938;
342;"862";"Tramoversteek / Noorderakerweg";2002;0;"Voertuig afhankelijk";"Regulier";"";"In bedrijf";"";"";"POINT(4.7794088,52.3519122)";"POINT(52.3519122,4.7794088)";4.7794088;52.3519122;
343;"863";"Pieter Calandlaan / Ecuplein";2002;0;"Voertuig afhankelijk";"Regulier";"";"In bedrijf";"";"";"POINT(4.7871427,52.3494638)";"POINT(52.3494638,4.7871427)";4.7871427;52.3494638;
344;"864";"Pieter Calandlaan / Pond Sterlinglaan";2002;0;"Voertuig afhankelijk";"Regulier";"";"In bedrijf";"";"";"POINT(4.7894747,52.3499254)";"POINT(52.3499254,4.7894747)";4.7894747;52.3499254;
345;"865";"Pieter Calandlaan / Baden Powellweg";2002;0;"Voertuig afhankelijk";"Regulier";"";"In bedrijf";"";"";"POINT(4.7940118,52.3508278)";"POINT(52.3508278,4.7940118)";4.7940118;52.3508278;
346;"866";"Pieter Calandlaan / Koos Vorrinkweg";2002;0;"Voertuig afhankelijk";"Regulier";"";"In bedrijf";"";"";"POINT(4.8001028,52.3520574)";"POINT(52.3520574,4.8001028)";4.8001028;52.3520574;
347;"897";"Oude Haagseweg / busbaan";2002;0;"Voertuig afhankelijk";"Regulier";"";"In bedrijf";"";"";"POINT(4.8071248,52.3319937)";"POINT(52.3319937,4.8071248)";4.8071248;52.3319937;
348;"963";"Burg. Roellstraat / Burg. Cramergracht";2002;0;"Voertuig afhankelijk";"Regulier";"";"In bedrijf";"";"";"POINT(4.832855,52.3734938)";"POINT(52.3734938,4.832855)";4.832855;52.3734938;
349;"978";"Haarlemmerweg / Vredenhofweg";2002;0;"Voertuig afhankelijk";"Regulier";"";"In bedrijf";"";"";"POINT(4.863085,52.3851935)";"POINT(52.3851935,4.863085)";4.863085;52.3851935;
350;"271";"Busbaan Twiske / Lange Vonder";2003;0;"Voertuig afhankelijk";"Regulier";"Zachte koppeling";"In bedrijf";"";"";"POINT(4.8966658,52.42191)";"POINT(52.42191,4.8966658)";4.8966658;52.42191;
351;"357";"Hondsrugweg / Karspeldreef";2003;0;"Voertuig afhankelijk";"Regulier";"";"In bedrijf";"";"";"POINT(4.946645,52.3048941)";"POINT(52.3048941,4.946645)";4.946645;52.3048941;
352;"447";"Panamalaan / Borneokade";2003;0;"Voertuig afhankelijk";"Regulier";"";"In bedrijf";"";"";"POINT(4.9341848,52.3710944)";"POINT(52.3710944,4.9341848)";4.9341848;52.3710944;
353;"860";"Akersingel / Pilatus";2003;0;"Voertuig afhankelijk";"Regulier";"";"In bedrijf";"";"";"POINT(4.7768652,52.3528945)";"POINT(52.3528945,4.7768652)";4.7768652;52.3528945;
354;"869";"Burg. Roellstraat / Burg. Colijnstraat";2003;0;"Voertuig afhankelijk";"Regulier";"";"In bedrijf";"";"";"POINT(4.8064649,52.3769919)";"POINT(52.3769919,4.8064649)";4.8064649;52.3769919;
355;"955";"Meer en Vaart / Osdorpplein ZZ";2003;0;"Voertuig afhankelijk";"Regulier";"";"In bedrijf";"";"";"POINT(4.8082049,52.3583914)";"POINT(52.3583914,4.8082049)";4.8082049;52.3583914;
356;"317";"Daalwijkdreef / Gooiseweg OZ";2004;0;"Voertuig afhankelijk";"Regulier";"";"In bedrijf";"";"";"POINT(4.958575,52.3243949)";"POINT(52.3243949,4.958575)";4.958575;52.3243949;
357;"318";"Daalwijkdreef / Bergwijkdreef";2004;0;"Voertuig afhankelijk";"Regulier";"";"In bedrijf";"";"";"POINT(4.961735,52.3253943)";"POINT(52.3253943,4.961735)";4.961735;52.3253943;
358;"329";"Muntbergweg / Laarderhoogtweg";2004;0;"Voertuig afhankelijk";"Regulier";"";"In bedrijf";"";"";"POINT(4.9449451,52.3019911)";"POINT(52.3019911,4.9449451)";4.9449451;52.3019911;
359;"345";"Loosdrechtdreef / A9 Buitenring";2004;0;"Voertuig afhankelijk";"Regulier";"";"In bedrijf";"";"";"POINT(4.9892352,52.3126914)";"POINT(52.3126914,4.9892352)";4.9892352;52.3126914;
360;"346";"Gooiseweg / Langbroekdreef";2004;0;"Voertuig afhankelijk";"Regulier";"";"In bedrijf";"";"";"POINT(4.9734652,52.3066947)";"POINT(52.3066947,4.9734652)";4.9734652;52.3066947;
361;"472";"IJburglaan / Cas Oorthuyskade";2004;0;"Voertuig afhankelijk";"Regulier";"";"In bedrijf";"";"";"POINT(4.987335,52.3593947)";"POINT(52.3593947,4.987335)";4.987335;52.3593947;
362;"473";"IJburglaan / Vennepluimstraat";2004;0;"Voertuig afhankelijk";"Regulier";"";"In bedrijf";"";"";"POINT(4.9907949,52.3575942)";"POINT(52.3575942,4.9907949)";4.9907949;52.3575942;
363;"474";"IJburglaan / Diemerparklaan";2004;0;"Voertuig afhankelijk";"Regulier";"";"In bedrijf";"";"";"POINT(4.9952252,52.3551947)";"POINT(52.3551947,4.9952252)";4.9952252;52.3551947;
364;"475";"IJburglaan / Lumierestraat";2004;0;"Voertuig afhankelijk";"Regulier";"";"In bedrijf";"";"";"POINT(4.999645,52.3528945)";"POINT(52.3528945,4.999645)";4.999645;52.3528945;
365;"924";"Bos en Lommerplein / Hoofdweg";2004;0;"Voertuig afhankelijk";"Regulier";"Zachte koppeling";"In bedrijf";"";"";"POINT(4.8460858,52.3779608)";"POINT(52.3779608,4.8460858)";4.8460858;52.3779608;
366;"272";"Busbaan Twiske / Halteriastraat";2004;0;"Voertuig afhankelijk";"Regulier";"Zachte koppeling";"In bedrijf";"";"";"POINT(4.8992369,52.4220702)";"POINT(52.4220702,4.8992369)";4.8992369;52.4220702;
367;"272";"Busbaan Twiske / Pieter A. Van Heijningestraat";2004;0;"Voertuig afhankelijk";"Regulier";"Zachte koppeling";"In bedrijf";"";"";"POINT(4.8999679,52.4220625)";"POINT(52.4220625,4.8999679)";4.8999679;52.4220625;
368;"272";"Busbaan Twiske / Abraham de Haanstraat";2004;0;"Voertuig afhankelijk";"Regulier";"Zachte koppeling";"In bedrijf";"";"";"POINT(4.9017951,52.4220358)";"POINT(52.4220358,4.9017951)";4.9017951;52.4220358;
369;"468";"IJburglaan / Verbindingsdam";2004;0;"Voertuig afhankelijk";"Regulier";"";"In bedrijf";"";"";"POINT(4.9849751,52.3607947)";"POINT(52.3607947,4.9849751)";4.9849751;52.3607947;
370;"471";"IJburglaan / Steigereiland";2004;0;"Voertuig afhankelijk";"Regulier";"";"In bedrijf";"";"";"POINT(4.980695,52.362992)";"POINT(52.362992,4.980695)";4.980695;52.362992;
371;"336";"Groesbeekdreef / Karspeldreef";2005;0;"Voertuig afhankelijk";"Regulier";"";"In bedrijf";"";"";"POINT(4.974375,52.3144919)";"POINT(52.3144919,4.974375)";4.974375;52.3144919;
372;"337";"Karspeldreef / Kromwijkdreef";2005;0;"Voertuig afhankelijk";"Regulier";"";"In bedrijf";"";"";"POINT(4.9803951,52.3164946)";"POINT(52.3164946,4.9803951)";4.9803951;52.3164946;
373;"444";"Panamalaan / Cruquiusweg";2005;0;"Voertuig afhankelijk";"Regulier";"";"In bedrijf";"";"";"POINT(4.9337752,52.3683936)";"POINT(52.3683936,4.9337752)";4.9337752;52.3683936;
374;"456";"Molukkenstraat / Caroline McGillavrylaan";2005;0;"Voertuig afhankelijk";"Regulier";"";"In bedrijf";"";"";"POINT(4.9410951,52.3579947)";"POINT(52.3579947,4.9410951)";4.9410951;52.3579947;
375;"951";"Johan Huizingalaan / Henk Sneevlietweg";2005;0;"Voertuig afhankelijk";"Regulier";"";"In bedrijf";"";"";"POINT(4.827575,52.3455931)";"POINT(52.3455931,4.827575)";4.827575;52.3455931;
376;"545";"Vijzelstraat / 3e Weteringdwarsstraat";2006;2015;"Voertuig afhankelijk";"Regulier";"";"In bedrijf";"";"";"POINT(4.8913572,52.3609282)";"POINT(52.3609282,4.8913572)";4.8913572;52.3609282;
377;"335";"Karspeldreef / Foppingadreef";2007;0;"Voertuig afhankelijk";"Regulier";"";"In bedrijf";"";"";"POINT(4.9544151,52.3075911)";"POINT(52.3075911,4.9544151)";4.9544151;52.3075911;
378;"340";"s Gravendijkdreef / Geerdinkhofweg";2007;0;"Voertuig afhankelijk";"Langzaam verkeer oversteek";"";"In bedrijf";"";"";"POINT(4.9805548,52.3231932)";"POINT(52.3231932,4.9805548)";4.9805548;52.3231932;
379;"900";"Ruys de Beerenbrouckstraat / Kruisherenpad";2007;0;"Voertuig afhankelijk";"Regulier";"";"In bedrijf";"";"";"POINT(4.8017452,52.3823935)";"POINT(52.3823935,4.8017452)";4.8017452;52.3823935;
380;"948";"Johan Huizingalaan / David Ricardostraat";2008;0;"Voertuig afhankelijk";"Regulier";"";"In bedrijf";"";"";"POINT(4.8277752,52.3413931)";"POINT(52.3413931,4.8277752)";4.8277752;52.3413931;
381;"954";"Meer en Vaart / Osdorperban";2008;0;"Voertuig afhankelijk";"Regulier";"";"In bedrijf";"";"";"POINT(4.805505,52.3630911)";"POINT(52.3630911,4.805505)";4.805505;52.3630911;
382;"969";"Tussen Meer / Hoekenes";2008;0;"Voertuig afhankelijk";"Regulier";"";"In bedrijf";"";"";"POINT(4.7999151,52.3581931)";"POINT(52.3581931,4.7999151)";4.7999151;52.3581931;
383;"232";"IJdoornlaan - op/afrit S117 buitenring";2009;0;"Voertuig afhankelijk";"Regulier";"";"In bedrijf";"";"";"POINT(4.9117649,52.4203917)";"POINT(52.4203917,4.9117649)";4.9117649;52.4203917;
384;"315";"Daalwijkdreef / Dolingapad";2009;0;"Voertuig afhankelijk";"Regulier";"";"In bedrijf";"";"";"POINT(4.9475748,52.3204924)";"POINT(52.3204924,4.9475748)";4.9475748;52.3204924;
385;"953";"Ookmeerweg / Troelstralaan";2009;0;"Voertuig afhankelijk";"Regulier";"Harde koppeling";"In bedrijf";"";"";"POINT(4.8024919,52.3658759)";"POINT(52.3658759,4.8024919)";4.8024919;52.3658759;
386;"953";"Meer en Vaart / Ookmeerweg / President Allendelaan";2009;0;"Voertuig afhankelijk";"Regulier";"Harde koppeling";"In bedrijf";"";"";"POINT(4.8040502,52.3661849)";"POINT(52.3661849,4.8040502)";4.8040502;52.3661849;
387;"985";"Seineweg / Theemsweg";2010;0;"Voertuig afhankelijk";"Regulier";"";"In bedrijf";"";"";"POINT(4.818727,52.3891805)";"POINT(52.3891805,4.818727)";4.818727;52.3891805;
388;"105";"ODE burg / Oostelijke onderdoorgang / Stationsweg";2011;0;"Voertuig afhankelijk";"Regulier";"";"In bedrijf";"";"";"POINT(4.9039652,52.3771941)";"POINT(52.3771941,4.9039652)";4.9039652;52.3771941;
389;"106";"Prins Hendrikkade / ODEbrug / Geldersekade";2011;0;"Voertuig afhankelijk";"Regulier";"Zachte koppeling";"In bedrijf";"";"";"POINT(4.9028881,52.3762137)";"POINT(52.3762137,4.9028881)";4.9028881;52.3762137;
390;"218";"Industrieterr. Bombraak - Verl Stellingweg";2011;0;"Voertuig afhankelijk";"Regulier";"";"In bedrijf";"";"";"POINT(4.8775351,52.4255911)";"POINT(52.4255911,4.8775351)";4.8775351;52.4255911;
394;"490";"Pampuslaan / Bert Haanstrakade";2016;0;"Voertuig afhankelijk";"Regulier";"";"In bedrijf";"";"";"POINT(5.0089748,52.3523947)";"POINT(52.3523947,5.0089748)";5.0089748;52.3523947;
401;"118";"Westerdoksdijk / Leliendaalstraat";2013;0;"Voertuig afhankelijk";"Regulier";"";"In bedrijf";"";"";"POINT(4.893275,52.3853919)";"POINT(52.3853919,4.893275)";4.893275;52.3853919;
402;"209";"Klaprozenweg - Ms. Van Riemsdijkweg - Ataturk";2017;0;"";"Regulier";"";"In bedrijf";"";"";"POINT(4.8954952,52.4036948)";"POINT(52.4036948,4.8954952)";4.8954952;52.4036948;
406;"230";"IJdoornlaan - Vorticellaweg";2017;0;"";"Regulier";"";"In bedrijf";"";"";"POINT(4.9125702,52.4161002)";"POINT(52.4161002,4.9125702)";4.9125702;52.4161002;
407;"231";"IJdoornlaan - op/afrit S117";2015;0;"";"Regulier";"";"In bedrijf";"";"";"POINT(4.9133851,52.4171912)";"POINT(52.4171912,4.9133851)";4.9133851;52.4171912;
408;"239";"IJdoornlaan - Nieuwe Leeuwarderweg Wz";2014;0;"";"Regulier";"";"In bedrijf";"";"";"POINT(4.9340651,52.4017912)";"POINT(52.4017912,4.9340651)";4.9340651;52.4017912;
410;"349";"Meibergdreef - busstation";2014;0;"";"Regulier";"";"In bedrijf";"";"";"POINT(4.9589562,52.2977433)";"POINT(52.2977433,4.9589562)";4.9589562;52.2977433;
411;"418";"Julianalaan / Hugo de Vrieslaan";2019;0;"Voertuig afhankelijk";"Regulier";"Harde koppeling";"In bedrijf";"";"";"POINT(4.9201218,52.3456619)";"POINT(52.3456619,4.9201218)";4.9201218;52.3456619;
412;"457";"Kruislaan / Caroline McGillavrylaan";2014;0;"";"Regulier";"";"In bedrijf";"";"";"POINT(4.951195,52.3542945)";"POINT(52.3542945,4.951195)";4.951195;52.3542945;
413;"458";"Op-afrit A10 binnenring / weg naar Science Park";2014;0;"Voertuig afhankelijk";"Regulier";"Harde koppeling";"In bedrijf";"";"";"POINT(4.952245,52.3419921)";"POINT(52.3419921,4.952245)";4.952245;52.3419921;
415;"486";"Oostelijke ontsluiting / A9";2017;0;"";"Regulier";"";"In bedrijf";"";"";"POINT(5.0010321,52.3351027)";"POINT(52.3351027,5.0010321)";5.0010321;52.3351027;
416;"487";"Oostelijke ontsluiting / Maxisweg";2014;0;"";"Regulier";"";"In bedrijf";"";"";"POINT(5.004905,52.3349921)";"POINT(52.3349921,5.004905)";5.004905;52.3349921;
417;"489";"Oostelijke ontsluiting / Strandlaan";2019;0;"";"Regulier";"";"In bedrijf";"";"";"POINT(5.0139449,52.348992)";"POINT(52.348992,5.0139449)";5.0139449;52.348992;
419;"883";"Dortmuiden / Westrandweg Nz";2012;0;"";"Regulier";"";"In bedrijf";"";"";"POINT(4.7784951,52.3945929)";"POINT(52.3945929,4.7784951)";4.7784951;52.3945929;
420;"979";"Arlandaweg / Kimpoweg";2012;0;"Voertuig afhankelijk";"Regulier";"";"In bedrijf";"";"";"POINT(4.8402891,52.3859415)";"POINT(52.3859415,4.8402891)";4.8402891;52.3859415;
421;"1898";"Westpoortweg / Kaapstadweg";2010;2012;"";"Regulier";"";"Vervallen";"";"";"POINT(4.740125,52.411591)";"POINT(52.411591,4.740125)";4.740125;52.411591;
425;"131";"Hugo de Grootplein";1968;0;"Voertuig afhankelijk";"Regulier";"";"In bedrijf";"";"http://beeldbank.amsterdam.nl/beeldbank/weergave/record/?id=010122010583  http://beeldbank.amsterdam.nl/afbeelding/B00000019840";"POINT(4.8727562,52.374642)";"POINT(52.374642,4.8727562)";4.8727562;52.374642;
426;"936";"Cornelis Lelylaan / A10 oprit zuid";1972;0;"Voertuig afhankelijk";"Verkeersplein";"Harde koppeling";"In bedrijf";"";"";"POINT(4.8420312,52.3577315)";"POINT(52.3577315,4.8420312)";4.8420312;52.3577315;
427;"962";"Burg. Roellstraat / Slotermeerlaan";2003;0;"Voertuig afhankelijk";"Verkeersplein";"";"In bedrijf";"";"";"POINT(4.8190348,52.3756949)";"POINT(52.3756949,4.8190348)";4.8190348;52.3756949;
428;"1816";"V.O. A.M.V.J (waterzijde)";1939;1970;"";"Langzaam verkeer oversteek";"";"Vervallen";"";"";"POINT(4.8799751,52.3630911)";"POINT(52.3630911,4.8799751)";4.8799751;52.3630911;
429;"1817";"V.O. A.M.V.J (huizenzijde)";1939;1970;"";"Langzaam verkeer oversteek";"";"Vervallen";"";"";"POINT(4.8797948,52.362992)";"POINT(52.362992,4.8797948)";4.8797948;52.362992;
430;"153";"Dam / Kalverstraat";1962;0;"Voertuig afhankelijk";"Langzaam verkeer oversteek";"";"In bedrijf";"";"https://archief.amsterdam/beeldbank/detail/30d7ad68-8cfd-7767-7ec3-72630c18ec5e";"POINT(4.8920481,52.3727118)";"POINT(52.3727118,4.8920481)";4.8920481;52.3727118;
431;"404";"Mr. Visserplein / Jonas Daniël Meijerplein";1973;0;"Voertuig afhankelijk";"Langzaam verkeer oversteek";"Harde koppeling";"In bedrijf";"";"";"POINT(4.9041488,52.3675391)";"POINT(52.3675391,4.9041488)";4.9041488;52.3675391;
432;"583";"Stadhouderskade / Vondelpark";1936;0;"Voertuig afhankelijk";"Langzaam verkeer oversteek";"Harde koppeling";"In bedrijf";"";"http://disseminate.objectrepository.org/file/level2/10622/30051002128285";"POINT(4.8817887,52.3618154)";"POINT(52.3618154,4.8817887)";4.8817887;52.3618154;
433;"153";"Dam / Rokin";1962;0;"Voertuig afhankelijk";"Regulier";"";"In bedrijf";"";"https://archief.amsterdam/beeldbank/detail/37384bfb-12be-d3c1-3b37-21b4fe04fde2";"POINT(4.8929751,52.3726737)";"POINT(52.3726737,4.8929751)";4.8929751;52.3726737;
434;"661";"mr Treublaan / Weesperzijde";1964;0;"Voertuig afhankelijk";"Regulier";"Harde koppeling";"In bedrijf";"";"";"POINT(4.9136798,52.3474547)";"POINT(52.3474547,4.9136798)";4.9136798;52.3474547;
435;"669";"Laan der Hesperiden / Stadionplein";1965;0;"Voertuig afhankelijk";"Regulier";"Harde koppeling";"In bedrijf";"";"";"POINT(4.856643,52.3449484)";"POINT(52.3449484,4.856643)";4.856643;52.3449484;
436;"679";"Amstelveenseweg / Stadionplein";1965;0;"Voertuig afhankelijk";"Regulier";"Harde koppeling";"In bedrijf";"";"";"POINT(4.8577411,52.3451811)";"POINT(52.3451811,4.8577411)";4.8577411;52.3451811;
437;"910";"Bos en Lommerweg / A10 oprit noord / A10 afrit zuid";1966;0;"Voertuig afhankelijk";"Regulier";"Harde koppeling";"In bedrijf";"";"";"POINT(4.8444531,52.3778235)";"POINT(52.3778235,4.8444531)";4.8444531;52.3778235;
438;"910";"Bos en Lommerweg / A10 oprit zuid / A10 afrit noord";1966;0;"Voertuig afhankelijk";"Regulier";"Harde koppeling";"In bedrijf";"";"";"POINT(4.8436859,52.3779418)";"POINT(52.3779418,4.8436859)";4.8436859;52.3779418;
439;"201";"Johan van Hasseltweg (westzijde) / Nieuwe Leeuwarderweg";1968;0;"Voertuig afhankelijk";"Regulier";"Harde koppeling";"In bedrijf";"";"";"POINT(4.919132,52.3895918)";"POINT(52.3895918,4.919132)";4.919132;52.3895918;
440;"201";"Johan van Hasseltweg (oostzijde) / Nieuwe Leeuwarderweg";1968;0;"Voertuig afhankelijk";"Regulier";"Harde koppeling";"In bedrijf";"";"";"POINT(4.9199531,52.3892447)";"POINT(52.3892447,4.9199531)";4.9199531;52.3892447;
441;"203";"Johan van Hasseltweg / Mosplein";1968;0;"Voertuig afhankelijk";"Regulier";"Harde koppeling";"In bedrijf";"";"";"POINT(4.9126089,52.3919379)";"POINT(52.3919379,4.9126089)";4.9126089;52.3919379;
442;"203";"Johan van Hasseltweg / Papaverweg";1968;0;"Voertuig afhankelijk";"Regulier";"Harde koppeling";"In bedrijf";"";"";"POINT(4.9129896,52.3926114)";"POINT(52.3926114,4.9129896)";4.9129896;52.3926114;
443;"401";"Prins Hendrikkade / IJtunnel (uitrit)";1968;0;"Voertuig afhankelijk";"Regulier";"Harde koppeling";"In bedrijf";"";"";"POINT(4.9106608,52.3717457)";"POINT(52.3717457,4.9106608)";4.9106608;52.3717457;
444;"401";"Prins Hendrikkade / IJtunnel (inrit)";1968;0;"Voertuig afhankelijk";"Regulier";"Harde koppeling";"In bedrijf";"";"";"POINT(4.9112975,52.3715259)";"POINT(52.3715259,4.9112975)";4.9112975;52.3715259;
445;"659";"Olympiaplein / Parnassusweg";1969;0;"Voertuig afhankelijk";"Regulier";"Harde koppeling";"In bedrijf";"";"http://beeldbank.amsterdam.nl/afbeelding/10009A001102";"POINT(4.8671219,52.3464438)";"POINT(52.3464438,4.8671219)";4.8671219;52.3464438;
446;"659";"Olympiaplein / Wateaustraat";1969;0;"Voertuig afhankelijk";"Regulier";"Harde koppeling";"In bedrijf";"";"";"POINT(4.86814,52.346543)";"POINT(52.346543,4.86814)";4.86814;52.346543;
447;"956";"Pieter Calandlaan / Louis Davidsstraat";1972;0;"Voertuig afhankelijk";"Regulier";"Harde koppeling";"In bedrijf";"";"";"POINT(4.8094712,52.3539729)";"POINT(52.3539729,4.8094712)";4.8094712;52.3539729;
448;"956";"Pieter Calandlaan / Meer en Vaart";1972;0;"Voertuig afhankelijk";"Regulier";"Harde koppeling";"In bedrijf";"";"";"POINT(4.8104536,52.3541619)";"POINT(52.3541619,4.8104536)";4.8104536;52.3541619;
449;"404";"Mr. Visserplein / Waterlooplein";1973;0;"Voertuig afhankelijk";"Regulier";"Harde koppeling";"In bedrijf";"";"";"POINT(4.9035671,52.3679816)";"POINT(52.3679816,4.9035671)";4.9035671;52.3679816;
450;"404";"Mr. Visserplein / Jodenbreestraat / Valkenburgerstraat";1973;0;"Voertuig afhankelijk";"Regulier";"Harde koppeling";"In bedrijf";"";"";"POINT(4.9040301,52.3684394)";"POINT(52.3684394,4.9040301)";4.9040301;52.3684394;
451;"443";"Czaar Peterstraat / Sarphatistraat";1976;0;"Voertuig afhankelijk";"Regulier";"Harde koppeling";"In bedrijf";"";"";"POINT(4.9250901,52.3670012)";"POINT(52.3670012,4.9250901)";4.9250901;52.3670012;
452;"443";"Czaar Peterstraat / Oostenburgergracht";1976;0;"Voertuig afhankelijk";"Regulier";"Harde koppeling";"In bedrijf";"";"";"POINT(4.925596,52.3674513)";"POINT(52.3674513,4.925596)";4.925596;52.3674513;
453;"643";"Europaboulevard / A10 Zuid buitenring";1977;0;"Voertuig afhankelijk";"Regulier";"Harde koppeling";"In bedrijf";"";"";"POINT(4.8899891,52.3338935)";"POINT(52.3338935,4.8899891)";4.8899891;52.3338935;
454;"643";"Europaboulevard / De Boelelaan";1977;0;"Voertuig afhankelijk";"Regulier";"Harde koppeling";"In bedrijf";"";"";"POINT(4.8899872,52.3346335)";"POINT(52.3346335,4.8899872)";4.8899872;52.3346335;
455;"583";"Stadhouderskade / Hobbemastraat";1936;0;"Voertuig afhankelijk";"Regulier";"Harde koppeling";"In bedrijf";"";"https://archief.amsterdam/inventarissen/inventaris/5225.nl.html#A35110000001";"POINT(4.8822924,52.3616341)";"POINT(52.3616341,4.8822924)";4.8822924;52.3616341;
456;"913";"Westhavenweg / Kabelweg";1986;0;"Voertuig afhankelijk";"Regulier";"Harde koppeling";"In bedrijf";"";"";"POINT(4.8492038,52.4000784)";"POINT(52.4000784,4.8492038)";4.8492038;52.4000784;
457;"913";"Nieuwe Hemweg / Vlothavenweg";1986;0;"Voertuig afhankelijk";"Regulier";"Harde koppeling";"In bedrijf";"";"";"POINT(4.8501022,52.4007308)";"POINT(52.4007308,4.8501022)";4.8501022;52.4007308;
458;"220";"verlengde Stellingweg / A10 Buitenring (noordzijde)";1987;0;"Voertuig afhankelijk";"Regulier";"";"In bedrijf";"";"";"POINT(4.8824251,52.4251944)";"POINT(52.4251944,4.8824251)";4.8824251;52.4251944;
459;"220";"verlengde Stellingweg / A10 Binnenring (zuidzijde)";1990;0;"Voertuig afhankelijk";"Regulier";"";"In bedrijf";"";"";"POINT(4.8828351,52.4236914)";"POINT(52.4236914,4.8828351)";4.8828351;52.4236914;
460;"302";"Johannes Blookerweg / Verlengde van Marwijk Kooystraat";1990;0;"Voertuig afhankelijk";"Regulier";"Harde koppeling";"In bedrijf";"";"";"POINT(4.9290078,52.3346373)";"POINT(52.3346373,4.9290078)";4.9290078;52.3346373;
461;"302";"Johannes Blookerweg / A10 Binnenring";1990;0;"Voertuig afhankelijk";"Regulier";"Harde koppeling";"In bedrijf";"";"";"POINT(4.9297769,52.3341071)";"POINT(52.3341071,4.9297769)";4.9297769;52.3341071;
462;"342";"Gooiseweg / Gaasperdammerweg noord";1990;0;"Voertuig afhankelijk";"Regulier";"Zachte koppeling";"In bedrijf";"";"";"POINT(4.9711568,52.3083731)";"POINT(52.3083731,4.9711568)";4.9711568;52.3083731;
463;"342";"Gooiseweg / Gaasperdammerweg zuid";1990;0;"Voertuig afhankelijk";"Regulier";"Zachte koppeling";"In bedrijf";"";"";"POINT(4.9718029,52.3076407)";"POINT(52.3076407,4.9718029)";4.9718029;52.3076407;
464;"321";"Karspeldreef / Flierbosdreef";1991;0;"Voertuig afhankelijk";"Regulier";"Zachte koppeling";"In bedrijf";"";"";"POINT(4.9609582,52.3098494)";"POINT(52.3098494,4.9609582)";4.9609582;52.3098494;
465;"321";"Karspeldreef / Huntumdreef";1991;0;"Voertuig afhankelijk";"Regulier";"Zachte koppeling";"In bedrijf";"";"";"POINT(4.958709,52.3090865)";"POINT(52.3090865,4.958709)";4.958709;52.3090865;
466;"308";"Holterbergweg / Burg. Stramanweg ZZ";1995;0;"Voertuig afhankelijk";"Regulier";"Harde koppeling";"In bedrijf";"";"";"POINT(4.936774,52.3118674)";"POINT(52.3118674,4.936774)";4.936774;52.3118674;
467;"308";"Holterbergweg / vrijliggende busbaan";1995;0;"Voertuig afhankelijk";"Regulier";"Harde koppeling";"In bedrijf";"";"";"POINT(4.9372551,52.3113562)";"POINT(52.3113562,4.9372551)";4.9372551;52.3113562;
468;"990";"Haarlemmerweg / A10 oprit zuid";2002;0;"Voertuig afhankelijk";"Regulier";"Harde koppeling";"In bedrijf";"";"";"POINT(4.8439148,52.384782)";"POINT(52.384782,4.8439148)";4.8439148;52.384782;
469;"990";"Haarlemmerweg / A10 afrit zuid";2002;0;"Voertuig afhankelijk";"Regulier";"Harde koppeling";"In bedrijf";"";"";"POINT(4.8453052,52.3848215)";"POINT(52.3848215,4.8453052)";4.8453052;52.3848215;
470;"323";"Gooiseweg west / Karspeldreef";2008;0;"Voertuig afhankelijk";"Regulier";"Harde koppeling";"In bedrijf";"";"";"POINT(4.967231,52.3119971)";"POINT(52.3119971,4.967231)";4.967231;52.3119971;
471;"323";"Gooiseweg oost / Karspeldreef";2008;0;"Voertuig afhankelijk";"Regulier";"Harde koppeling";"In bedrijf";"";"";"POINT(4.9680202,52.3122679)";"POINT(52.3122679,4.9680202)";4.9680202;52.3122679;
472;"204";"Klaprozenweg - Korte Papaverweg";2017;0;"";"Regulier";"";"In bedrijf";"";"";"POINT(4.9120948,52.3945929)";"POINT(52.3945929,4.9120948)";4.9120948;52.3945929;
474;"484";"Weteringweg / afrit A1 noord / oprit A1 zuid";2014;0;"";"Regulier";"Harde koppeling";"In bedrijf";"";"";"POINT(4.988735,52.3372923)";"POINT(52.3372923,4.988735)";4.988735;52.3372923;
475;"485";"Weteringweg / oprit A1 noord / afrit A1 zuid";2014;0;"";"Regulier";"Harde koppeling";"In bedrijf";"";"";"POINT(4.9894798,52.3379675)";"POINT(52.3379675,4.9894798)";4.9894798;52.3379675;
476;"485";"Weteringweg / Diemerpolderweg";2014;0;"";"Regulier";"Harde koppeling";"In bedrijf";"";"";"POINT(4.9900048,52.3383948)";"POINT(52.3383948,4.9900048)";4.9900048;52.3383948;
477;"580";"Surinameplein / Cornelis Lelylaan";1965;0;"Halfstar";"Verkeersplein";"Harde koppeling";"In bedrijf";"";"";"POINT(4.8525667,52.3581331)";"POINT(52.3581331,4.8525667)";4.8525667;52.3581331;
478;"580";"Surinameplein / Hoofdweg";1965;0;"Halfstar";"Verkeersplein";"Harde koppeling";"In bedrijf";"";"";"POINT(4.8533456,52.3587974)";"POINT(52.3587974,4.8533456)";4.8533456;52.3587974;
479;"580";"Surinameplein / Surinamestraat";1965;0;"Halfstar";"Verkeersplein";"Harde koppeling";"In bedrijf";"";"";"POINT(4.8536334,52.3582341)";"POINT(52.3582341,4.8536334)";4.8536334;52.3582341;
480;"415";"Prins Bernhardplein / mr Treublaan";1968;0;"Halfstar";"Verkeersplein";"";"In bedrijf";"";"";"POINT(4.9176948,52.3479926)";"POINT(52.3479926,4.9176948)";4.9176948;52.3479926;
481;"415";"Prins Bernhardplein / Julianalaan";1968;0;"Halfstar";"Verkeersplein";"";"In bedrijf";"";"";"POINT(4.9187152,52.3476912)";"POINT(52.3476912,4.9187152)";4.9187152;52.3476912;
482;"922";"Jan van Galenstraat / A10 oprit noord";1969;0;"Voertuig afhankelijk";"Verkeersplein";"Harde koppeling";"In bedrijf";"";"";"POINT(4.8427269,52.3723761)";"POINT(52.3723761,4.8427269)";4.8427269;52.3723761;
483;"922";"Jan van Galenstraat / A10 afrit zuid";1969;0;"Voertuig afhankelijk";"Verkeersplein";"Harde koppeling";"In bedrijf";"http://beeldbank.amsterdam.nl/afbeelding/010028000803";"";"POINT(4.8426812,52.3719985)";"POINT(52.3719985,4.8426812)";4.8426812;52.3719985;
484;"922";"Jan van Galenstraat / A10 oprit zuid";1969;0;"Voertuig afhankelijk";"Verkeersplein";"Harde koppeling";"In bedrijf";"";"";"POINT(4.8415849,52.3720633)";"POINT(52.3720633,4.8415849)";4.8415849;52.3720633;
485;"922";"Jan van Galenstraat / A10 afrit noord";1969;0;"Voertuig afhankelijk";"Verkeersplein";"Harde koppeling";"In bedrijf";"";"";"POINT(4.8416259,52.3724257)";"POINT(52.3724257,4.8416259)";4.8416259;52.3724257;
486;"936";"Cornelis Lelylaan / A10 afrit zuid";1972;0;"Voertuig afhankelijk";"Verkeersplein";"Harde koppeling";"In bedrijf";"";"";"POINT(4.842994,52.3577353)";"POINT(52.3577353,4.842994)";4.842994;52.3577353;
487;"936";"Cornelis Lelylaan / A10 oprit noord";1972;0;"Voertuig afhankelijk";"Verkeersplein";"Harde koppeling";"In bedrijf";"";"";"POINT(4.8429658,52.3581931)";"POINT(52.3581931,4.8429658)";4.8429658;52.3581931;
488;"936";"Cornelis Lelylaan / A10 afrit noord";1972;0;"Voertuig afhankelijk";"Verkeersplein";"Harde koppeling";"In bedrijf";"";"";"POINT(4.8420212,52.3581778)";"POINT(52.3581778,4.8420212)";4.8420212;52.3581778;
489;"952";"Henk Sneevlietweg / A10 afrit noord";1998;0;"Voertuig afhankelijk";"Verkeersplein";"Harde koppeling";"In bedrijf";"";"";"POINT(4.840471,52.345925)";"POINT(52.345925,4.840471)";4.840471;52.345925;
490;"952";"Henk Sneevlietweg / A10 oprit zuid";1998;0;"Voertuig afhankelijk";"Verkeersplein";"Harde koppeling";"In bedrijf";"";"";"POINT(4.840522,52.3455664)";"POINT(52.3455664,4.840522)";4.840522;52.3455664;
491;"952";"Henk Sneevlietweg / A10 afrit zuid";1998;0;"Voertuig afhankelijk";"Verkeersplein";"Harde koppeling";"In bedrijf";"";"";"POINT(4.8415358,52.3455741)";"POINT(52.3455741,4.8415358)";4.8415358;52.3455741;
492;"952";"Henk Sneevlietweg / A10 oprit noord";1998;0;"Voertuig afhankelijk";"Verkeersplein";"Harde koppeling";"In bedrijf";"";"";"POINT(4.841541,52.3459174)";"POINT(52.3459174,4.841541)";4.841541;52.3459174;
493;"406";"Weesperstraat / Nieuwe Keizersgracht";1968;0;"Halfstar";"Langzaam verkeer oversteek";"Groene golf koppeling";"In bedrijf";"";"";"POINT(4.905431,52.3654105)";"POINT(52.3654105,4.905431)";4.905431;52.3654105;
494;"122";"Raadhuisstraat / Herengracht (even)";1939;0;"Star";"Regulier";"Groene golf koppeling";"In bedrijf";"";"";"POINT(4.8868982,52.3734224)";"POINT(52.3734224,4.8868982)";4.8868982;52.3734224;
495;"122";"Raadhuisstraat / Herengracht (oneven)";1939;0;"Star";"Regulier";"Groene golf koppeling";"In bedrijf";"";"";"POINT(4.8874525,52.3733733)";"POINT(52.3733733,4.8874525)";4.8874525;52.3733733;
496;"123";"Westermarkt / Keizersgracht (even)";1939;0;"Star";"Regulier";"Groene golf koppeling";"In bedrijf";"";"";"POINT(4.8847549,52.3739935)";"POINT(52.3739935,4.8847549)";4.8847549;52.3739935;
497;"123";"Raadhuisstraat / Keizersgracht (oneven)";1939;0;"Star";"Regulier";"Groene golf koppeling";"In bedrijf";"";"";"POINT(4.885352,52.3739607)";"POINT(52.3739607,4.885352)";4.885352;52.3739607;
498;"124";"Rozengracht / Prinsengracht (even)";1939;0;"Star";"Regulier";"Groene golf koppeling";"In bedrijf";"";"";"POINT(4.8828212,52.3739059)";"POINT(52.3739059,4.8828212)";4.8828212;52.3739059;
499;"124";"Westermarkt / Prinsengracht (oneven)";1939;0;"Star";"Regulier";"Groene golf koppeling";"In bedrijf";"";"";"POINT(4.8833885,52.3740344)";"POINT(52.3740344,4.8833885)";4.8833885;52.3740344;
500;"114";"Nieuwezijds Voorburgwal / Paleisstraat";1954;0;"Halfstar";"Regulier";"Groene golf koppeling";"In bedrijf";"";"http://beeldbank.amsterdam.nl/afbeelding/010009000509";"POINT(4.890629,52.3725478)";"POINT(52.3725478,4.890629)";4.890629;52.3725478;
501;"412";"Wibautstraat / Oosterparkstraat, 1e";1954;0;"Halfstar";"Regulier";"Groene golf koppeling";"In bedrijf";"";"http://beeldbank.amsterdam.nl/afbeelding/5293FO016855";"POINT(4.9108961,52.3563811)";"POINT(52.3563811,4.9108961)";4.9108961;52.3563811;
502;"113";"Nieuwezijds Voorburgwal / Raadhuisstraat";1954;0;"Halfstar";"Regulier";"Groene golf koppeling";"In bedrijf";"";"";"POINT(4.8905451,52.3731925)";"POINT(52.3731925,4.8905451)";4.8905451;52.3731925;
503;"113";"Nieuwezijds Voorburgwal / Mozes en Aäronstraat";1954;0;"Halfstar";"Regulier";"Groene golf koppeling";"In bedrijf";"";"http://beeldbank.amsterdam.nl/afbeelding/010009014919";"POINT(4.8907464,52.3735963)";"POINT(52.3735963,4.8907464)";4.8907464;52.3735963;
504;"121";"Raadhuisstraat / Singel (even)";1954;0;"Halfstar";"Regulier";"Groene golf koppeling";"In bedrijf";"";"";"POINT(4.8885382,52.3732687)";"POINT(52.3732687,4.8885382)";4.8885382;52.3732687;
505;"121";"Raadhuisstraat / Singel (oneven)";1954;0;"Halfstar";"Regulier";"Groene golf koppeling";"In bedrijf";"";"";"POINT(4.8891591,52.3732294)";"POINT(52.3732294,4.8891591)";4.8891591;52.3732294;
506;"121";"Raadhuisstraat / Spui";1954;0;"Halfstar";"Regulier";"Groene golf koppeling";"In bedrijf";"";"";"POINT(4.8896849,52.3731925)";"POINT(52.3731925,4.8896849)";4.8896849;52.3731925;
507;"406";"Weesperstraat / Nieuwe Kerkstraat";1968;0;"Halfstar";"Regulier";"Groene golf koppeling";"In bedrijf";"";"https://archief.amsterdam/beeldbank/detail/446e4ba1-9948-fa11-2412-0a6e7e098f4c";"POINT(4.906132,52.3642928)";"POINT(52.3642928,4.906132)";4.906132;52.3642928;
508;"415";"Prins Bernhardplein / Kamerling Onneslaan";1968;0;"Halfstar";"Regulier";"Groene golf koppeling";"In bedrijf";"";"";"POINT(4.9203551,52.3484923)";"POINT(52.3484923,4.9203551)";4.9203551;52.3484923;
509;"409";"Weesperplein";1969;0;"Star";"Regulier";"Groene golf koppeling";"In bedrijf";"";"https://archief.amsterdam/beeldbank/detail/0c336bee-6dfa-3384-6a7e-7f3f816ecebe";"POINT(4.907985,52.3611914)";"POINT(52.3611914,4.907985)";4.907985;52.3611914;
510;"411";"Wibautstraat / Ruyschstraat";1969;0;"";"Regulier";"Groene golf koppeling";"In bedrijf";"";"";"POINT(4.9102051,52.3574912)";"POINT(52.3574912,4.9102051)";4.9102051;52.3574912;
511;"410";"Rhijnspoorplein";1969;0;"Halfstar";"Regulier";"Groene golf koppeling";"In bedrijf";"";"https://archief.amsterdam/beeldbank/detail/ead14021-61a8-7005-9a84-1626625b0b12";"POINT(4.9085848,52.360192)";"POINT(52.360192,4.9085848)";4.9085848;52.360192;
512;"410";"Wibautstraat / 1e Boerhavenstraat";1969;0;"Halfstar";"Regulier";"Groene golf koppeling";"In bedrijf";"";"http://beeldbank.amsterdam.nl/afbeelding/010122051418";"POINT(4.9095199,52.3586394)";"POINT(52.3586394,4.9095199)";4.9095199;52.3586394;
513;"914";"Basisweg / Kabelweg Transformatorweg";1974;0;"Halfstar";"Regulier";"Groene golf koppeling";"In bedrijf";"";"";"POINT(4.847265,52.3917929)";"POINT(52.3917929,4.847265)";4.847265;52.3917929;
514;"915";"Basisweg / afrit noord / oprit zuid";1975;0;"Halfstar";"Regulier";"Groene golf koppeling";"In bedrijf";"";"";"POINT(4.843395,52.3917929)";"POINT(52.3917929,4.843395)";4.843395;52.3917929;
515;"915";"Basisweg / A10 afrit zuid / A10 oprit noord";1975;0;"Halfstar";"Regulier";"Groene golf koppeling";"In bedrijf";"";"";"POINT(4.8450949,52.3917929)";"POINT(52.3917929,4.8450949)";4.8450949;52.3917929;
517;"413";"Wibautstraat / Platanenweg";1984;0;"Star";"Regulier";"Groene golf koppeling";"In bedrijf";"";"";"POINT(4.9125611,52.3535557)";"POINT(52.3535557,4.9125611)";4.9125611;52.3535557;
518;"414";"Wibautstraat / President Steynplantsoen";1984;0;"Halfstar";"Regulier";"Groene golf koppeling";"In bedrijf";"";"";"POINT(4.9154705,52.3506434)";"POINT(52.3506434,4.9154705)";4.9154705;52.3506434;
519;"417";"Wibautstraat / Ringdijk";1984;0;"Star";"Regulier";"Groene golf koppeling";"In bedrijf";"";"";"POINT(4.9168351,52.3497931)";"POINT(52.3497931,4.9168351)";4.9168351;52.3497931;
520;"891";"Westpoortweg / Australiehavenweg";1985;0;"Voertuig afhankelijk";"Regulier";"Groene golf koppeling";"In bedrijf";"";"";"POINT(4.7943752,52.3976943)";"POINT(52.3976943,4.7943752)";4.7943752;52.3976943;
521;"981";"Basisweg / Guardiaweg, la";1990;0;"Halfstar";"Regulier";"Groene golf koppeling";"In bedrijf";"";"";"POINT(4.8408849,52.3916937)";"POINT(52.3916937,4.8408849)";4.8408849;52.3916937;
522;"889";"Westpoortweg / Luvernes";1997;0;"Voertuig afhankelijk";"Regulier";"Groene golf koppeling";"In bedrijf";"";"";"POINT(4.8027795,52.3941227)";"POINT(52.3941227,4.8027795)";4.8027795;52.3941227;
523;"895";"Westpoortweg / Kopraweg";1999;0;"Voertuig afhankelijk";"Regulier";"Groene golf koppeling";"In bedrijf";"";"";"POINT(4.7596195,52.4028806)";"POINT(52.4028806,4.7596195)";4.7596195;52.4028806;
524;"894";"Westpoortweg / Heining";2001;0;"Voertuig afhankelijk";"Regulier";"Groene golf koppeling";"In bedrijf";"";"";"POINT(4.7712848,52.3987929)";"POINT(52.3987929,4.7712848)";4.7712848;52.3987929;
525;"896";"Westpoortweg / Ruigoordweg";2001;0;"Voertuig afhankelijk";"Regulier";"Groene golf koppeling";"In bedrijf";"";"";"POINT(4.7578541,52.4062664)";"POINT(52.4062664,4.7578541)";4.7578541;52.4062664;
526;"893";"Westpoortweg / Dortmuiden";2004;0;"Voertuig afhankelijk";"Regulier";"Groene golf koppeling";"In bedrijf";"";"";"POINT(4.778455,52.3976943)";"POINT(52.3976943,4.778455)";4.778455;52.3976943;
527;"415";"Prins Bernhardplein / Wibautstraat";1968;0;"Halfstar";"Verkeersplein";"Groene golf koppeling";"In bedrijf";"";"";"POINT(4.9183152,52.3484923)";"POINT(52.3484923,4.9183152)";4.9183152;52.3484923;
528;"415";"Prins Bernhardplein / Gooiseweg";1968;0;"Halfstar";"Verkeersplein";"Groene golf koppeling";"In bedrijf";"";"";"POINT(4.9193852,52.3481948)";"POINT(52.3481948,4.9193852)";4.9193852;52.3481948;
529;"577";"Overtoom / Nassaukade";1939;0;"Voertuig afhankelijk";"Regulier";"Zachte koppeling";"In bedrijf";"";"";"POINT(4.8788211,52.3636977)";"POINT(52.3636977,4.8788211)";4.8788211;52.3636977;
530;"1310";"Brug Leidseplein (Lido)";1933;1978;"";"Langzaam verkeer oversteek";"";"Vervallen";"";"";"POINT(4.8816049,52.3632933)";"POINT(52.3632933,4.8816049)";4.8816049;52.3632933;
531;"1311";"Brug Leidseplein (Americain)";1933;1978;"";"Langzaam verkeer oversteek";"";"Vervallen";"";"";"POINT(4.8813651,52.3633925)";"POINT(52.3633925,4.8813651)";4.8813651;52.3633925;
532;"1150";"Dam / Nieuwendijk";1962;2000;"";"Langzaam verkeer oversteek";"";"Vervallen";"";"http://afbeeldingen.gahetna.nl/naa/thumb/1280x1280/22f7b4a2-b1d2-9ebe-511a-fd03c45f9243.jpg";"POINT(4.8925002,52.3734252)";"POINT(52.3734252,4.8925002)";4.8925002;52.3734252;
533;"153";"Dam / Damrak";1962;0;"Voertuig afhankelijk";"Langzaam verkeer oversteek";"";"In bedrijf";"";"";"POINT(4.893285,52.3731925)";"POINT(52.3731925,4.893285)";4.893285;52.3731925;
534;"1523";"Frederiksplein / Oosteinde";1967;1984;"";"Regulier";"";"Vervallen";"";"https://archief.amsterdam/beeldbank/detail/c09b3a92-63e0-1289-2f91-4c227c92d79f";"POINT(4.9011152,52.3597914)";"POINT(52.3597914,4.9011152)";4.9011152;52.3597914;
535;"1547";"Reguliersdwarsstraat / Vijzelstraat";1950;1988;"";"Regulier";"";"Vervallen";"";"http://www.geheugenvannederland.nl/?/zoom/index/&language=indonesie_onafhankelijk_-_fotos_1947-1953&i=http%3A%2F%2Fresolver.kb.nl%2Fresolve%3Furn%3Durn%3Agvn%3AANP01%3A12981927%26size%3Dlarge";"POINT(4.89313,52.366083)";"POINT(52.366083,4.89313)";4.89313;52.366083;
536;"9001";"Rokin / Doelenbrug";1950;1988;"";"Regulier";"";"Vervallen";"http://beeldbank.amsterdam.nl/afbeelding/010009000745";"";"POINT(4.8934848,52.3673941)";"POINT(52.3673941,4.8934848)";4.8934848;52.3673941;
537;"9002";"Vijzelstraat / Singel";1950;1988;"";"Regulier";"";"Vervallen";"";"";"POINT(4.893255,52.3666922)";"POINT(52.3666922,4.893255)";4.893255;52.3666922;
538;"1579";"Spiegelgracht / Weteringschans";1936;1992;"";"Regulier";"";"Vervallen";"";"";"POINT(4.8866892,52.3611479)";"POINT(52.3611479,4.8866892)";4.8866892;52.3611479;
539;"589";"Stadhouderskade / Rijksmuseum";1936;0;"Halfstar";"Regulier";"Harde koppeling";"In bedrijf";"";"";"POINT(4.8860563,52.3605555)";"POINT(52.3605555,4.8860563)";4.8860563;52.3605555;
540;"1548";"Muntplein";1950;2016;"Voertuig afhankelijk";"Regulier";"";"Vervallen";"";"http://disseminate.objectrepository.org/file/level2/10622/30051001471322";"POINT(4.8935377,52.3671131)";"POINT(52.3671131,4.8935377)";4.8935377;52.3671131;
541;"522";"Frederiksplein / Utrechtsestraat";1967;0;"Voertuig afhankelijk";"Regulier";"";"In bedrijf";"";"";"POINT(4.8993852,52.3610922)";"POINT(52.3610922,4.8993852)";4.8993852;52.3610922;
542;"524";"Frederiksplein / Westeinde";1967;0;"Voertuig afhankelijk";"Regulier";"";"In bedrijf";"";"";"POINT(4.8987148,52.3594939)";"POINT(52.3594939,4.8987148)";4.8987148;52.3594939;
543;"1821";"Overtoom / Gerard Brandtstraat";1942;1950;"";"Regulier";"";"Vervallen";"";"";"POINT(4.867955,52.3607947)";"POINT(52.3607947,4.867955)";4.867955;52.3607947;
544;"1823";"Overtoom / Staringstraat";1942;1950;"";"Regulier";"";"Vervallen";"";"";"POINT(4.8636268,52.3598569)";"POINT(52.3598569,4.8636268)";4.8636268;52.3598569;
545;"1824";"Overtoom / Pieter Langendijkstraat";1942;1950;"";"Regulier";"";"Vervallen";"";"";"POINT(4.8618419,52.359434)";"POINT(52.359434,4.8618419)";4.8618419;52.359434;
546;"1313";"Leidsestraat / Korte Leidsedwarsstraat";1933;1972;"";"Regulier";"";"Vervallen";"";"http://beeldbank.amsterdam.nl/afbeelding/OSIM00002005180";"POINT(4.883095,52.3643386)";"POINT(52.3643386,4.883095)";4.883095;52.3643386;
547;"1314";"Leidsestraat / Lange Leidsedwarsstraat";1933;1972;"";"Regulier";"";"Vervallen";"";"";"POINT(4.8836348,52.3645941)";"POINT(52.3645941,4.8836348)";4.8836348;52.3645941;
548;"1315";"Leidsestraat / Prinsengracht (evenzijde)";1933;1972;"";"Regulier";"";"Vervallen";"";"";"POINT(4.8842752,52.3648917)";"POINT(52.3648917,4.8842752)";4.8842752;52.3648917;
549;"1316";"Leidsestraat / Prinsengracht (onevenzijde)";1933;1972;"";"Regulier";"";"Vervallen";"";"";"POINT(4.8846848,52.3650939)";"POINT(52.3650939,4.8846848)";4.8846848;52.3650939;
550;"1317";"Leidsestraat / Kerkstraat";1933;1972;"";"Regulier";"";"Vervallen";"";"";"POINT(4.8853948,52.3653914)";"POINT(52.3653914,4.8853948)";4.8853948;52.3653914;
551;"1318";"Leidsestraat / Keizersgracht (evenzijde)";1933;1972;"";"Regulier";"";"Vervallen";"";"http://beeldbank.amsterdam.nl/afbeelding/010003032266";"POINT(4.8862202,52.3658415)";"POINT(52.3658415,4.8862202)";4.8862202;52.3658415;
552;"1319";"Leidsestraat / Keizersgracht (onevenzijde)";1933;1972;"";"Regulier";"";"Vervallen";"";"";"POINT(4.8866851,52.3660933)";"POINT(52.3660933,4.8866851)";4.8866851;52.3660933;
553;"1820";"Anna Vondelstraat / Overtoom";1942;1972;"";"Regulier";"";"Vervallen";"";"http://www.beeldbank.amsterdam.nl/afbeelding/010122011719";"POINT(4.869396,52.3611952)";"POINT(52.3611952,4.869396)";4.869396;52.3611952;
554;"9004";"Leidseplein / Marnixstraat";1932;1978;"";"Regulier";"";"Vervallen";"Leidseplein_1932.jpg";"";"POINT(4.8822849,52.3636939)";"POINT(52.3636939,4.8822849)";4.8822849;52.3636939;
555;"1320";"Leidsestraat / Herengracht (evenzijde)";1933;1978;"";"Regulier";"";"Vervallen";"";"http://beeldbank.amsterdam.nl/afbeelding/010163000685";"POINT(4.8879912,52.3666808)";"POINT(52.3666808,4.8879912)";4.8879912;52.3666808;
556;"1321";"Koningsplein / Herengracht (onevenzijde)";1933;1978;"";"Regulier";"";"Vervallen";"";"http://beeldbank.amsterdam.nl/afbeelding/010122017856";"POINT(4.888531,52.3668372)";"POINT(52.3668372,4.888531)";4.888531;52.3668372;
557;"1322";"Koningsplein / Reguliersdwarsstraat";1933;1978;"";"Regulier";"";"Vervallen";"";"";"POINT(4.8889649,52.3669936)";"POINT(52.3669936,4.8889649)";4.8889649;52.3669936;
558;"1323";"Koningsplein / Singel";1933;1978;"";"Regulier";"";"Vervallen";"";"";"POINT(4.8895152,52.3671919)";"POINT(52.3671919,4.8895152)";4.8895152;52.3671919;
559;"1324";"Spuistraat /Nieuwe Zijds Voorburgwal";1933;1978;"";"Regulier";"";"Vervallen";"";"http://beeldbank.amsterdam.nl/afbeelding/010028001526";"POINT(4.8892782,52.3687331)";"POINT(52.3687331,4.8892782)";4.8892782;52.3687331;
560;"1545";"Vijzelstraat / Keizersgracht (oneven)";1958;1983;"";"Regulier";"";"Vervallen";"";"";"POINT(4.8923051,52.3636939)";"POINT(52.3636939,4.8923051)";4.8923051;52.3636939;
561;"1545";"Vijzelstraat / Keizersgracht (even)";1958;1983;"";"Regulier";"";"Vervallen";"";"";"POINT(4.8923051,52.3636939)";"POINT(52.3636939,4.8923051)";4.8923051;52.3636939;
562;"572";"Overtoom / Rhijnvis Feithstraat";1942;0;"Voertuig afhankelijk";"Regulier";"";"In bedrijf";"";"";"POINT(4.8601048,52.3589942)";"POINT(52.3589942,4.8601048)";4.8601048;52.3589942;
563;"573";"Overtoom / Jan Pieter Heijestraat";1942;0;"Voertuig afhankelijk";"Regulier";"";"In bedrijf";"";"";"POINT(4.8655651,52.3602912)";"POINT(52.3602912,4.8655651)";4.8655651;52.3602912;
564;"575";"Overtoom / Const. Huygenstraat, 2e";1942;0;"Voertuig afhankelijk";"Regulier";"";"In bedrijf";"";"";"POINT(4.8736839,52.3623201)";"POINT(52.3623201,4.8736839)";4.8736839;52.3623201;
565;"576";"Overtoom / Const. Huygenstraat, 1e";1942;0;"Voertuig afhankelijk";"Regulier";"";"In bedrijf";"";"";"POINT(4.8753003,52.362737)";"POINT(52.362737,4.8753003)";4.8753003;52.362737;
566;"544";"Vijzelstraat / Kerkstraat";1958;0;"Halfstar";"Regulier";"";"In bedrijf";"";"";"POINT(4.8920496,52.3629419)";"POINT(52.3629419,4.8920496)";4.8920496;52.3629419;
567;"543";"Vijzelstraat / Prinsengracht (even)";1958;0;"Star";"Regulier";"Harde koppeling";"In bedrijf";"";"http://afbeeldingen.gahetna.nl/naa/thumb/1280x1280/c51fca02-e442-925f-e4e6-58fc4327e8ad.jpg";"POINT(4.8917081,52.3619887)";"POINT(52.3619887,4.8917081)";4.8917081;52.3619887;
568;"543";"Vijzelstraat / Prinsengracht (oneven)";1958;0;"Star";"Regulier";"Harde koppeling";"In bedrijf";"";"";"POINT(4.8918121,52.3623091)";"POINT(52.3623091,4.8918121)";4.8918121;52.3623091;
569;"546";"Vijzelstraat / Herengracht (even)";1958;0;"Voertuig afhankelijk";"Regulier";"Harde koppeling";"In bedrijf";"";"";"POINT(4.8927739,52.3650138)";"POINT(52.3650138,4.8927739)";4.8927739;52.3650138;
570;"546";"Vijzelstraat / Herengracht (oneven)";1958;0;"Voertuig afhankelijk";"Regulier";"Harde koppeling";"In bedrijf";"";"http://afbeeldingen.gahetna.nl/naa/thumb/1280x1280/4a7a8244-2f5e-84ce-c338-af5b0fabb09a.jpg";"POINT(4.8928778,52.3653227)";"POINT(52.3653227,4.8928778)";4.8928778;52.3653227;
571;"1404";"Mr. Visserplein / Muiderstraat";1973;2009;"Voertuig afhankelijk";"Regulier";"";"Vervallen";"";"";"POINT(4.904845,52.3680922)";"POINT(52.3680922,4.904845)";4.904845;52.3680922;
572;"1522";"Frederiksplein / Falckstraat";1967;1984;"";"Regulier";"";"Vervallen";"Frederiksplein_1968.jpg";"";"POINT(4.8996251,52.3605925)";"POINT(52.3605925,4.8996251)";4.8996251;52.3605925;
573;"1542";"Weteringcircuit zuidzijde";1956;1985;"Star";"Regulier";"";"Vervallen";"";"";"POINT(4.8909051,52.3588912)";"POINT(52.3588912,4.8909051)";4.8909051;52.3588912;
652;"1545";"Vijzelstraat / Keizersgracht (oneven)";1958;1983;"";"Regulier";"";"Vervallen";"";"";"POINT(4.8924239,52.3640181)";"POINT(52.3640181,4.8924239)";4.8924239;52.3640181;
653;"102";"Haarlemmerplein - Haarlemmer houttuinen";1971;0;"Voertuig afhankelijk";"Regulier";"Harde koppeling";"In bedrijf";"";"";"POINT(4.8838251,52.3852927)";"POINT(52.3852927,4.8838251)";4.8838251;52.3852927;
654;"916";"Basisweg west / Radarweg noord";1978;0;"Halfstar";"Verkeersplein";"Groene golf koppeling";"In bedrijf";"";"";"POINT(4.8357031,52.3920027)";"POINT(52.3920027,4.8357031)";4.8357031;52.3920027;
655;"916";"Basisweg west / Radarweg zuid";1978;0;"Halfstar";"Verkeersplein";"Groene golf koppeling";"In bedrijf";"";"";"POINT(4.8356678,52.3915831)";"POINT(52.3915831,4.8356678)";4.8356678;52.3915831;
656;"916";"Basisweg oost / Radarweg noord";1978;0;"Halfstar";"Verkeersplein";"Groene golf koppeling";"In bedrijf";"";"";"POINT(4.836312,52.3920065)";"POINT(52.3920065,4.836312)";4.836312;52.3920065;
657;"916";"Basisweg oost / Radarweg zuid";1978;0;"Halfstar";"Verkeersplein";"Groene golf koppeling";"In bedrijf";"";"";"POINT(4.8362958,52.3915984)";"POINT(52.3915984,4.8362958)";4.8362958;52.3915984;
658;"916";"Basisweg / Ebruweg";1996;0;"";"Regulier";"Groene golf koppeling";"In bedrijf";"";"";"POINT(4.8339999,52.3915984)";"POINT(52.3915984,4.8339999)";4.8339999;52.3915984;
661;"675";"Stadionplein VOP";2003;0;"Voertuig afhankelijk";"Langzaam verkeer oversteek";"";"In bedrijf";"";"";"POINT(4.85693,52.3439108)";"POINT(52.3439108,4.85693)";4.85693;52.3439108;
662;"314";"Daalwijkdreef / Dubbelinkdreef";2016;0;"Voertuig afhankelijk";"Regulier";"";"In bedrijf";"";"";"POINT(4.9525001,52.3223082)";"POINT(52.3223082,4.9525001)";4.9525001;52.3223082;
663;"789";"Skütsjespad / Busbaan afrit A10";2009;0;"Voertuig afhankelijk";"Langzaam verkeer oversteek";"";"In bedrijf";"";"";"POINT(4.8538811,52.3367545)";"POINT(52.3367545,4.8538811)";4.8538811;52.3367545;
665;"453";"IJburglaan - Bob Haarmslaan";2015;0;"Voertuig afhankelijk";"Regulier";"";"In bedrijf";"";"";"POINT(4.968277,52.3696015)";"POINT(52.3696015,4.968277)";4.968277;52.3696015;
679;"974";"Nieuwe Hemweg Spaarndammerdijk";2016;0;"Voertuig afhankelijk";"Regulier";"";"In bedrijf";"";"";"POINT(4.8681238,52.393006)";"POINT(52.393006,4.8681238)";4.8681238;52.393006;
680;"202";"Johan van Hasseltweg - Parkeergarage";2016;0;"Voertuig afhankelijk";"Regulier";"";"In bedrijf";"";"";"POINT(4.914196,52.39128)";"POINT(52.39128,4.914196)";4.914196;52.39128;
682;"216";"Coentunnelcircuit - Molenaarsweg";2015;0;"Voertuig afhankelijk";"Regulier";"";"In bedrijf";"";"";"POINT(4.8776338,52.419335)";"POINT(52.419335,4.8776338)";4.8776338;52.419335;
684;"1644";"Boelelaan - van Heenvlietlaan";2015;2017;"Voertuig afhankelijk";"Regulier";"";"Vervallen";"";"";"POINT(4.883406,52.334775)";"POINT(52.334775,4.883406)";4.883406;52.334775;
688;"654";"Scheldeplein";2014;0;"Voertuig afhankelijk";"Regulier";"";"In bedrijf";"";"";"POINT(4.8905761,52.3441855)";"POINT(52.3441855,4.8905761)";4.8905761;52.3441855;
690;"961";"President Allendelaan / Keerlus";1998;2016;"Voertuig afhankelijk";"Regulier";"";"Vervallen";"";"";"POINT(4.8178852,52.3725287)";"POINT(52.3725287,4.8178852)";4.8178852;52.3725287;
691;"971";"Spaarndammerdijk - Uitgeeststraat";2016;0;"Voertuig afhankelijk";"Regulier";"";"In bedrijf";"";"";"POINT(4.8754589,52.392758)";"POINT(52.392758,4.8754589)";4.8754589;52.392758;
710;"644";"De Boelelaan - Antonie Vivaldistraat";2017;0;"Voertuig afhankelijk";"Regulier";"";"In bedrijf";"";"";"POINT(4.8844498,52.3346912)";"POINT(52.3346912,4.8844498)";4.8844498;52.3346912;
711;"416";"Julianalaan";2019;0;"Voertuig afhankelijk";"Langzaam verkeer oversteek";"";"In bedrijf";"";"";"POINT(4.9192687,52.3468407)";"POINT(52.3468407,4.9192687)";4.9192687;52.3468407;
715;"418";"Hugo de Vrieslaan - Overzichtsweg";2018;0;"Voertuig afhankelijk";"Regulier";"Harde koppeling";"In bedrijf";"";"";"POINT(4.9192259,52.3451853)";"POINT(52.3451853,4.9192259)";4.9192259;52.3451853;
716;"392";"C.J.van Houtenlaan - van Houten industriepark";2019;0;"Voertuig afhankelijk";"Regulier";"";"In bedrijf";"";"";"POINT(5.0367554,52.3032777)";"POINT(52.3032777,5.0367554)";5.0367554;52.3032777;
717;"395";"G.J.Wiefferingdreef - Schoolpad";2019;0;"Voertuig afhankelijk";"Langzaam verkeer oversteek";"";"In bedrijf";"";"";"POINT(5.0401052,52.2993313)";"POINT(52.2993313,5.0401052)";5.0401052;52.2993313;
718;"393";"VOP C.J.van Houtenlaan";2019;0;"Voertuig afhankelijk";"Langzaam verkeer oversteek";"";"In bedrijf";"";"";"POINT(5.0391361,52.3050484)";"POINT(52.3050484,5.0391361)";5.0391361;52.3050484;
719;"391";"Casparuslaan - Buitenveer";2019;0;"Voertuig afhankelijk";"Regulier";"";"In bedrijf";"";"";"POINT(5.035661,52.3083093)";"POINT(52.3083093,5.035661)";5.035661;52.3083093;
720;"390";"Casparuslaan - Plataanlaan";2019;0;"Voertuig afhankelijk";"Regulier";"";"In bedrijf";"";"";"POINT(5.0348547,52.3102209)";"POINT(52.3102209,5.0348547)";5.0348547;52.3102209;
721;"394";"VOP Herensingel";2019;0;"Voertuig afhankelijk";"Langzaam verkeer oversteek";"";"In bedrijf";"";"";"POINT(5.0424906,52.3111241)";"POINT(52.3111241,5.0424906)";5.0424906;52.3111241;
722;"2408";"Weesperstraat / Nieuwe Achtergracht";1977;1992;"";"Regulier";"";"Vervallen";"";"https://archief.amsterdam/beeldbank/detail/c06a3a9a-e329-b423-65b1-a26ff8379466";"POINT(4.9072961,52.3622805)";"POINT(52.3622805,4.9072961)";4.9072961;52.3622805;
723;"855";"Tramoversteek / Inaristraat";2002;0;"Voertuig afhankelijk";"Regulier";"";"In bedrijf";"";"";"POINT(4.7833623,52.3503787)";"POINT(52.3503787,4.7833623)";4.7833623;52.3503787;
724;"854";"Tramoversteek / Nisserstraat";2002;0;"Voertuig afhankelijk";"Regulier";"";"In bedrijf";"";"";"POINT(4.7816672,52.351057)";"POINT(52.351057,4.7816672)";4.7816672;52.351057;

