OBJECTNUMMER;Stemlocatie;Opgeroepenen;Blanco;Ongeldig;Geldig;Opkomstpercentage;Grootste_partij;Grootste_aantal;Grootste_percentage;Tweede_partij;Tweede_aantal;Tweede_percentage;_1__VVD;_2__PvdA;_3__PVV;_4__SP;_5__CDA;_6__D66;_7__ChristenUnie;_8__GroenLinks;_9__SGP;_10__Partij_voor_de_Dieren;_11__50PLUS;_12__OndernemersPartij;_13__VoorNederland;_14__DENK;_15__NIEUWE_WEGEN;_16__Forum_voor_Democratie;_17__De_Burger_Beweging;_18__Vrijzinnige_Partij;_19__GeenPeil;_20__Piratenpartij;_21__Artikel_1;_22__Niet_Stemmers;_23__Libertarische_Partij;_24__Lokaal_in_de_Kamer;_Overig_totaal;__1__VVD;__2__PvdA;__3__PVV;__4__SP;__5__CDA;__6__D66;__7__ChristenUnie;__8__GroenLinks;__9__SGP;__10__Partij_voor_de_Dieren;__11__50PLUS;__12__OndernemersPartij;__13__VoorNederland;__14__DENK;__15__NIEUWE_WEGEN;__16__Forum_voor_Democratie;__17__De_Burger_Beweging;__18__Vrijzinnige_Partij;__19__GeenPeil;__20__Piratenpartij;__21__Artikel_1;__22__Niet_Stemmers;__23__Libertarische_Partij;__24__Lokaal_in_de_Kamer;__Overig_totaal;WKT_LNG_LAT;WKT_LAT_LNG;LNG;LAT;
1;"`t Koggeschip Katholieke Basisschool";1512;7;20;1128;76.4;"DENK";471;0;"GroenLinks";126;0;68;55;78;73;33;113;17;126;4;29;22;2;1;471;0;8;0;2;0;6;20;0;0;0;15;0;0;0;0;0;0;0;0;0;0;0;0;0;0;0;0;0;0;0;0;0;0;0;0;0;"POINT(4.8025429,52.3829123)";"POINT(52.3829123,4.8025429)";4.8025429;52.3829123;
2;"2e Montessorischool Het Winterkoninkje";1333;2;10;1521;115.0;"GroenLinks";409;0;"D66";317;0;223;86;60;98;26;317;4;409;2;129;20;1;1;60;1;25;3;1;0;12;41;1;1;0;23;0;0;0;0;0;0;0;0;0;0;0;0;0;0;0;0;0;0;0;0;0;0;0;0;0;"POINT(4.863014,52.3653075)";"POINT(52.3653075,4.863014)";4.863014;52.3653075;
3;"3e Daltonschool hoofdgebouw";1512;1;7;1412;93.9;"D66";342;0;"GroenLinks";297;0;265;104;41;93;26;342;14;297;0;120;8;0;0;32;3;12;0;0;0;16;36;1;2;0;22;0;0;0;0;0;0;0;0;0;0;0;0;0;0;0;0;0;0;0;0;0;0;0;0;0;"POINT(4.897548,52.3531005)";"POINT(52.3531005,4.897548)";4.897548;52.3531005;
4;"9e Montessorischool De Scholekster";2569;2;4;1485;58.0;"GroenLinks";334;0;"D66";285;0;253;132;86;102;26;285;9;334;6;103;23;1;4;54;1;23;4;1;0;8;27;2;0;1;28;0;0;0;0;0;0;0;0;0;0;0;0;0;0;0;0;0;0;0;0;0;0;0;0;0;"POINT(4.8968489,52.3512923)";"POINT(52.3512923,4.8968489)";4.8968489;52.3512923;
5;"A`DAM Toren (op de 20ste etage)";0;4;9;2991;0;"GroenLinks";864;0;"D66";647;0;325;227;251;132;66;647;37;864;3;235;42;6;3;26;3;45;4;1;4;35;32;1;0;2;62;0;0;0;0;0;0;0;0;0;0;0;0;0;0;0;0;0;0;0;0;0;0;0;0;0;"POINT(4.9023502,52.3838393)";"POINT(52.3838393,4.9023502)";4.9023502;52.3838393;
6;"abbs De Zuiderzee";1311;1;0;859;65.6;"D66";209;0;"VVD";167;0;167;63;20;39;28;209;13;156;4;34;7;1;0;63;3;7;0;0;0;8;37;0;0;0;16;0;0;0;0;0;0;0;0;0;0;0;0;0;0;0;0;0;0;0;0;0;0;0;0;0;"POINT(4.9875381,52.3627326)";"POINT(52.3627326,4.9875381)";4.9875381;52.3627326;
7;"Academisch Medisch Centrum (AMC)";0;1;5;2151;0;"D66";685;0;"GroenLinks";529;0;308;150;41;94;86;685;45;529;4;87;22;0;6;24;0;22;1;1;2;9;34;1;0;0;24;0;0;0;0;0;0;0;0;0;0;0;0;0;0;0;0;0;0;0;0;0;0;0;0;0;"POINT(4.9578178,52.2950598)";"POINT(52.2950598,4.9578178)";4.9578178;52.2950598;
8;"Al Wafa Islamitische Basisschool";1451;1;20;843;59.5;"DENK";267;0;"GroenLinks";116;0;74;65;56;64;20;87;7;116;3;45;20;1;2;267;0;7;0;0;0;3;5;1;0;0;10;0;0;0;0;0;0;0;0;0;0;0;0;0;0;0;0;0;0;0;0;0;0;0;0;0;"POINT(4.8367202,52.3805853)";"POINT(52.3805853,4.8367202)";4.8367202;52.3805853;
9;"Alexander Roozendaalschool";1649;0;8;906;55.4;"DENK";201;0;"GroenLinks";146;0;91;86;48;58;25;142;15;146;1;34;8;0;0;201;0;14;0;1;0;6;30;0;0;0;8;0;0;0;0;0;0;0;0;0;0;0;0;0;0;0;0;0;0;0;0;0;0;0;0;0;"POINT(4.839534,52.3596579)";"POINT(52.3596579,4.839534)";4.839534;52.3596579;
10;"Altra College Noord";1103;2;2;696;63.5;"PVV";146;0;"GroenLinks";121;0;46;55;146;74;31;78;7;121;2;60;27;0;3;17;0;8;0;0;0;4;16;1;0;0;10;0;0;0;0;0;0;0;0;0;0;0;0;0;0;0;0;0;0;0;0;0;0;0;0;0;"POINT(4.9479859,52.3896147)";"POINT(52.3896147,4.9479859)";4.9479859;52.3896147;
11;"Amsta locatie De Poort";3066;4;6;1824;59.8;"D66";455;0;"GroenLinks";382;0;341;146;81;87;35;455;17;382;1;145;19;0;2;46;3;26;1;1;1;9;23;2;1;0;21;0;0;0;0;0;0;0;0;0;0;0;0;0;0;0;0;0;0;0;0;0;0;0;0;0;"POINT(4.8733761,52.3732039)";"POINT(52.3732039,4.8733761)";4.8733761;52.3732039;
12;"Amsta locatie De Werf";1433;2;5;887;62.4;"GroenLinks";206;0;"D66";136;0;120;93;46;85;27;136;8;206;1;78;21;0;1;21;1;10;1;1;0;7;24;0;0;0;12;0;0;0;0;0;0;0;0;0;0;0;0;0;0;0;0;0;0;0;0;0;0;0;0;0;"POINT(4.86848,52.3724524)";"POINT(52.3724524,4.86848)";4.86848;52.3724524;
13;"Andrieskerk";1218;2;4;1065;87.9;"VVD";289;0;"D66";180;0;289;100;85;57;66;180;37;132;3;45;26;2;6;7;1;16;0;0;0;4;6;1;0;2;19;0;0;0;0;0;0;0;0;0;0;0;0;0;0;0;0;0;0;0;0;0;0;0;0;0;"POINT(4.8681028,52.3318373)";"POINT(52.3318373,4.8681028)";4.8681028;52.3318373;
14;"Anne Frankschool";1693;2;3;1743;103.2;"D66";439;0;"VVD";413;0;413;169;61;58;73;439;19;309;4;113;24;1;4;12;0;26;0;0;0;6;9;0;2;1;18;0;0;0;0;0;0;0;0;0;0;0;0;0;0;0;0;0;0;0;0;0;0;0;0;0;"POINT(4.894007,52.3427931)";"POINT(52.3427931,4.894007)";4.894007;52.3427931;
15;"Annie M.G. Schmidt";3480;0;17;2800;80.9;"D66";733;0;"GroenLinks";669;0;520;218;88;140;70;733;20;669;2;220;20;6;1;20;1;32;4;0;0;18;17;0;0;1;33;0;0;0;0;0;0;0;0;0;0;0;0;0;0;0;0;0;0;0;0;0;0;0;0;0;"POINT(4.8606059,52.3603484)";"POINT(52.3603484,4.8606059)";4.8606059;52.3603484;
16;"APG Pensioenbeheer";179;0;0;180;100.6;"D66";32;0;"VVD";31;0;31;19;12;15;5;32;2;21;0;17;6;0;1;7;1;5;0;0;0;4;2;0;0;0;6;0;0;0;0;0;0;0;0;0;0;0;0;0;0;0;0;0;0;0;0;0;0;0;0;0;"POINT(4.8414528,52.3922392)";"POINT(52.3922392,4.8414528)";4.8414528;52.3922392;
17;"Apollohal";778;1;0;948;122.0;"VVD";345;0;"D66";215;0;345;94;32;17;42;215;11;121;2;28;5;1;3;8;0;18;0;0;1;2;1;2;0;0;11;0;0;0;0;0;0;0;0;0;0;0;0;0;0;0;0;0;0;0;0;0;0;0;0;0;"POINT(4.884454,52.3480574)";"POINT(52.3480574,4.884454)";4.884454;52.3480574;
18;"Aslan Muziekcentrum";2997;5;6;2127;71.3;"D66";508;0;"GroenLinks";493;0;382;158;118;95;62;508;26;493;1;155;26;1;3;44;0;19;0;1;3;15;17;0;0;0;24;0;0;0;0;0;0;0;0;0;0;0;0;0;0;0;0;0;0;0;0;0;0;0;0;0;"POINT(4.8524129,52.3616683)";"POINT(52.3616683,4.8524129)";4.8524129;52.3616683;
19;"ASV De Dijk";523;1;0;308;59.1;"VVD";59;0;"D66";58;0;59;34;17;18;10;58;7;56;0;28;11;1;1;4;0;1;0;0;1;0;1;1;0;0;4;0;0;0;0;0;0;0;0;0;0;0;0;0;0;0;0;0;0;0;0;0;0;0;0;0;"POINT(4.9598591,52.3847357)";"POINT(52.3847357,4.9598591)";4.9598591;52.3847357;
20;"ASVO school";1067;1;8;1223;115.5;"VVD";361;0;"D66";321;0;361;87;19;44;26;321;6;261;2;59;6;0;1;2;0;12;0;0;2;5;8;1;0;0;11;0;0;0;0;0;0;0;0;0;0;0;0;0;0;0;0;0;0;0;0;0;0;0;0;0;"POINT(4.9009421,52.3608252)";"POINT(52.3608252,4.9009421)";4.9009421;52.3608252;
21;"Ateliers Westerdok";1333;0;7;1225;92.4;"D66";300;0;"VVD";263;0;263;118;53;55;39;300;10;244;0;62;10;1;6;9;1;19;1;0;0;4;28;1;0;1;15;0;0;0;0;0;0;0;0;0;0;0;0;0;0;0;0;0;0;0;0;0;0;0;0;0;"POINT(4.8916228,52.3842169)";"POINT(52.3842169,4.8916228)";4.8916228;52.3842169;
22;"Atria Kennisinstituut";888;2;0;893;100.8;"D66";261;0;"VVD";255;0;255;81;17;15;22;261;9;154;0;51;0;2;0;3;0;7;1;0;0;5;9;0;1;0;9;0;0;0;0;0;0;0;0;0;0;0;0;0;0;0;0;0;0;0;0;0;0;0;0;0;"POINT(4.892843,52.3656966)";"POINT(52.3656966,4.892843)";4.892843;52.3656966;
23;"Basisschool `t Gouden Ei";2880;3;9;2131;74.4;"GroenLinks";540;0;"D66";421;0;251;225;66;128;38;421;22;540;4;111;28;2;3;144;5;24;2;2;2;17;95;1;0;0;38;0;0;0;0;0;0;0;0;0;0;0;0;0;0;0;0;0;0;0;0;0;0;0;0;0;"POINT(4.9381549,52.3725669)";"POINT(52.3725669,4.9381549)";4.9381549;52.3725669;
24;"Basisschool Corantijn";1589;3;5;1088;69.0;"D66";329;0;"GroenLinks";199;0;180;75;39;61;16;329;10;199;1;80;7;1;3;48;0;12;1;1;0;5;18;2;0;0;14;0;0;0;0;0;0;0;0;0;0;0;0;0;0;0;0;0;0;0;0;0;0;0;0;0;"POINT(4.8525722,52.3619467)";"POINT(52.3619467,4.8525722)";4.8525722;52.3619467;
25;"Basisschool De Achtsprong";2129;3;17;901;43.3;"PvdA";166;0;"GroenLinks";121;0;72;166;61;59;18;97;70;121;3;38;28;0;1;42;0;20;0;0;0;8;96;1;0;0;13;0;0;0;0;0;0;0;0;0;0;0;0;0;0;0;0;0;0;0;0;0;0;0;0;0;"POINT(4.9602082,52.3086478)";"POINT(52.3086478,4.9602082)";4.9602082;52.3086478;
26;"Basisschool De Archipel";1376;0;5;800;58.5;"D66";179;0;"GroenLinks";144;0;112;59;48;40;23;179;20;144;2;31;3;0;2;83;1;7;0;0;0;2;44;0;0;0;7;0;0;0;0;0;0;0;0;0;0;0;0;0;0;0;0;0;0;0;0;0;0;0;0;0;"POINT(5.0072629,52.35315)";"POINT(52.35315,5.0072629)";5.0072629;52.35315;
27;"Basisschool De Brink";1521;2;7;1307;86.5;"PvdA";184;0;"GroenLinks";182;0;150;184;113;165;70;140;39;182;4;59;51;1;5;21;0;24;0;2;0;15;81;0;0;1;28;0;0;0;0;0;0;0;0;0;0;0;0;0;0;0;0;0;0;0;0;0;0;0;0;0;"POINT(4.9687889,52.3006064)";"POINT(52.3006064,4.9687889)";4.9687889;52.3006064;
28;"Basisschool De Dapper";1297;3;6;1117;86.8;"DENK";228;0;"GroenLinks";211;0;69;106;66;92;15;160;8;211;1;67;25;0;0;228;2;7;2;0;1;5;52;0;0;0;11;0;0;0;0;0;0;0;0;0;0;0;0;0;0;0;0;0;0;0;0;0;0;0;0;0;"POINT(4.9261701,52.3614813)";"POINT(52.3614813,4.9261701)";4.9261701;52.3614813;
29;"Basisschool De Kleine Reus";2199;3;5;1556;71.1;"D66 - VVD";393;0;"GroenLinks";340;0;393;138;48;48;50;393;7;340;0;95;10;0;1;4;2;15;1;0;0;5;5;1;0;0;10;0;0;0;0;0;0;0;0;0;0;0;0;0;0;0;0;0;0;0;0;0;0;0;0;0;"POINT(4.8922651,52.3608595)";"POINT(52.3608595,4.8922651)";4.8922651;52.3608595;
30;"Basisschool de Odyssee";1549;0;8;1313;85.3;"DENK";248;0;"VVD";243;0;243;83;116;60;66;219;20;158;1;36;18;2;4;248;0;13;0;0;0;1;19;5;0;1;14;0;0;0;0;0;0;0;0;0;0;0;0;0;0;0;0;0;0;0;0;0;0;0;0;0;"POINT(4.7930548,52.3488318)";"POINT(52.3488318,4.7930548)";4.7930548;52.3488318;
31;"Basisschool de Satelliet";973;1;3;713;73.7;"PVV";198;0;"VVD";90;0;90;37;198;72;21;85;5;86;1;32;30;1;11;11;0;21;2;1;0;1;5;0;1;2;20;0;0;0;0;0;0;0;0;0;0;0;0;0;0;0;0;0;0;0;0;0;0;0;0;0;"POINT(4.893645,52.4150817)";"POINT(52.4150817,4.893645)";4.893645;52.4150817;
32;"Basisschool De Schakel";2697;2;22;1497;56.4;"Artikel 1";293;0;"PvdA";199;0;96;199;122;128;40;163;95;185;2;36;37;2;0;84;1;6;1;0;1;1;293;2;2;1;13;0;0;0;0;0;0;0;0;0;0;0;0;0;0;0;0;0;0;0;0;0;0;0;0;0;"POINT(4.942096,52.3236624)";"POINT(52.3236624,4.942096)";4.942096;52.3236624;
33;"Basisschool Elout";1520;1;8;1324;87.7;"VVD";303;0;"D66";260;0;303;109;59;78;41;260;18;244;3;75;25;1;2;56;3;20;0;0;0;5;17;3;0;2;19;0;0;0;0;0;0;0;0;0;0;0;0;0;0;0;0;0;0;0;0;0;0;0;0;0;"POINT(4.858875,52.3503729)";"POINT(52.3503729,4.858875)";4.858875;52.3503729;
34;"Basisschool Klaverblad";1897;5;7;817;43.7;"GroenLinks";166;0;"D66";146;0;82;68;36;53;20;146;38;166;0;51;7;2;1;20;0;14;0;0;0;10;101;1;0;1;15;0;0;0;0;0;0;0;0;0;0;0;0;0;0;0;0;0;0;0;0;0;0;0;0;0;"POINT(4.949806,52.3197524)";"POINT(52.3197524,4.949806)";4.949806;52.3197524;
35;"Basisschool Polsstok";1698;2;9;1041;62.0;"GroenLinks";156;0;"Artikel 1";144;0;112;103;60;83;28;131;52;156;3;51;24;1;1;77;1;4;0;0;0;6;144;1;0;3;16;0;0;0;0;0;0;0;0;0;0;0;0;0;0;0;0;0;0;0;0;0;0;0;0;0;"POINT(4.960355,52.3223807)";"POINT(52.3223807,4.960355)";4.960355;52.3223807;
36;"Basisschool Shri Laksmi";1621;0;8;879;54.7;"Artikel 1";138;0;"GroenLinks";108;0;86;98;50;89;18;104;38;108;2;26;18;0;0;88;0;3;1;0;0;8;138;3;0;1;15;0;0;0;0;0;0;0;0;0;0;0;0;0;0;0;0;0;0;0;0;0;0;0;0;0;"POINT(4.9566481,52.3189894)";"POINT(52.3189894,4.9566481)";4.9566481;52.3189894;
37;"Basisschool Veerkracht";1445;0;9;556;39.1;"DENK";184;0;"GroenLinks";64;0;34;32;40;46;12;46;27;64;1;21;8;0;3;184;3;8;0;0;3;2;22;0;0;0;12;0;0;0;0;0;0;0;0;0;0;0;0;0;0;0;0;0;0;0;0;0;0;0;0;0;"POINT(4.8103239,52.3786093)";"POINT(52.3786093,4.8103239)";4.8103239;52.3786093;
38;"Basisschool Witte Tulp - gymgebouw";3516;3;19;2041;58.7;"DENK";493;0;"D66";319;0;256;139;176;123;67;319;39;251;2;39;33;0;14;493;1;17;0;0;0;11;55;5;1;0;34;0;0;0;0;0;0;0;0;0;0;0;0;0;0;0;0;0;0;0;0;0;0;0;0;0;"POINT(4.8000572,52.3531424)";"POINT(52.3531424,4.8000572)";4.8000572;52.3531424;
39;"Batjanburen";1509;2;19;1138;76.8;"DENK";268;0;"GroenLinks";252;0;67;88;52;75;16;155;8;252;2;51;13;2;1;268;2;9;2;0;0;7;67;0;0;1;17;0;0;0;0;0;0;0;0;0;0;0;0;0;0;0;0;0;0;0;0;0;0;0;0;0;"POINT(4.9388759,52.3593451)";"POINT(52.3593451,4.9388759)";4.9388759;52.3593451;
40;"Berlage Lyceum";1393;3;4;945;68.3;"GroenLinks";200;0;"D66";174;0;104;79;39;93;18;174;7;200;0;106;17;2;1;57;1;7;0;0;0;4;33;2;1;0;11;0;0;0;0;0;0;0;0;0;0;0;0;0;0;0;0;0;0;0;0;0;0;0;0;0;"POINT(4.8998239,52.3490111)";"POINT(52.3490111,4.8998239)";4.8998239;52.3490111;
41;"Bibliotheek Olympisch Kwartier";1427;1;16;1494;105.9;"VVD";480;0;"D66";307;0;480;99;51;71;70;307;14;214;1;60;27;0;1;40;1;29;0;1;1;3;19;4;1;0;13;0;0;0;0;0;0;0;0;0;0;0;0;0;0;0;0;0;0;0;0;0;0;0;0;0;"POINT(4.8555901,52.3452345)";"POINT(52.3452345,4.8555901)";4.8555901;52.3452345;
42;"Bijlmerdrieschool";1157;1;6;653;57.0;"GroenLinks";103;0;"Artikel 1";75;0;57;66;58;63;16;59;28;103;2;35;27;1;1;46;1;10;2;1;0;2;75;0;0;0;10;0;0;0;0;0;0;0;0;0;0;0;0;0;0;0;0;0;0;0;0;0;0;0;0;0;"POINT(4.987519,52.3192298)";"POINT(52.3192298,4.987519)";4.987519;52.3192298;
43;"Bijlmersportcentrum";2958;13;36;2096;72.5;"Artikel 1";390;0;"PvdA";316;0;147;316;140;179;47;214;118;268;17;63;54;0;6;101;2;14;3;1;2;5;390;3;3;3;45;0;0;0;0;0;0;0;0;0;0;0;0;0;0;0;0;0;0;0;0;0;0;0;0;0;"POINT(4.9574158,52.3154036)";"POINT(52.3154036,4.9574158)";4.9574158;52.3154036;
44;"BIKO";1593;2;17;1286;81.9;"GroenLinks";331;0;"D66";222;0;131;83;60;59;20;222;13;331;0;91;19;0;8;198;1;7;0;0;0;6;36;1;0;0;16;0;0;0;0;0;0;0;0;0;0;0;0;0;0;0;0;0;0;0;0;0;0;0;0;0;"POINT(4.9231641,52.3555571)";"POINT(52.3555571,4.9231641)";4.9231641;52.3555571;
45;"Bos en Lommerschool";3123;13;41;1817;59.9;"DENK";772;0;"GroenLinks";294;0;118;95;45;98;26;195;23;294;1;50;16;1;2;772;0;11;2;0;4;10;49;3;1;1;25;0;0;0;0;0;0;0;0;0;0;0;0;0;0;0;0;0;0;0;0;0;0;0;0;0;"POINT(4.8403509,52.3803145)";"POINT(52.3803145,4.8403509)";4.8403509;52.3803145;
46;"Boven IJ Ziekenhuis";1130;11;0;1057;94.5;"PVV";146;0;"D66";125;0;123;110;146;123;64;125;23;114;3;43;50;2;4;100;0;0;0;0;0;2;22;0;0;3;14;0;0;0;0;0;0;0;0;0;0;0;0;0;0;0;0;0;0;0;0;0;0;0;0;0;"POINT(4.9222271,52.4044463)";"POINT(52.4044463,4.9222271)";4.9222271;52.4044463;
47;"Brede Mgr. Bekkersschool";2570;3;24;1315;52.2;"DENK";323;0;"GroenLinks";162;0;131;94;106;106;61;142;25;162;1;46;40;2;4;323;2;9;3;1;1;2;48;4;0;2;22;0;0;0;0;0;0;0;0;0;0;0;0;0;0;0;0;0;0;0;0;0;0;0;0;0;"POINT(4.959099,52.3918769)";"POINT(52.3918769,4.959099)";4.959099;52.3918769;
48;"Brede School De Kinkerbuurt";4756;4;22;3028;64.2;"GroenLinks";684;0;"D66";529;0;360;244;190;256;62;529;31;684;3;218;57;1;11;221;1;34;1;2;4;23;90;4;1;1;52;0;0;0;0;0;0;0;0;0;0;0;0;0;0;0;0;0;0;0;0;0;0;0;0;0;"POINT(4.8657672,52.3646475)";"POINT(52.3646475,4.8657672)";4.8657672;52.3646475;
49;"Brede School de Springplank";3077;4;18;1454;48.0;"DENK";350;0;"GroenLinks";294;0;147;86;61;81;32;268;12;294;3;61;13;1;0;350;1;10;0;0;0;8;21;1;2;2;18;0;0;0;0;0;0;0;0;0;0;0;0;0;0;0;0;0;0;0;0;0;0;0;0;0;"POINT(4.846411,52.3735472)";"POINT(52.3735472,4.846411)";4.846411;52.3735472;
50;"Brede school Fiep Westendorp";3217;4;20;2057;64.7;"GroenLinks";426;0;"D66";368;0;278;142;125;148;60;368;20;426;5;107;36;3;3;257;1;23;1;1;1;9;37;5;1;0;30;0;0;0;0;0;0;0;0;0;0;0;0;0;0;0;0;0;0;0;0;0;0;0;0;0;"POINT(4.839256,52.34887)";"POINT(52.34887,4.839256)";4.839256;52.34887;
51;"Brood en Spelen";1322;1;5;895;68.2;"GroenLinks";196;0;"D66";191;0;119;93;84;50;14;191;8;196;3;76;15;0;6;6;1;18;0;0;0;6;9;0;0;0;16;0;0;0;0;0;0;0;0;0;0;0;0;0;0;0;0;0;0;0;0;0;0;0;0;0;"POINT(4.8846309,52.3817069)";"POINT(52.3817069,4.8846309)";4.8846309;52.3817069;
52;"BSO de Groeiwereld";1284;3;6;1015;79.8;"DENK";198;0;"GroenLinks";188;0;131;78;63;49;36;173;10;188;0;36;21;0;2;198;0;6;0;0;0;4;18;1;0;1;8;0;0;0;0;0;0;0;0;0;0;0;0;0;0;0;0;0;0;0;0;0;0;0;0;0;"POINT(4.8328102,52.3643653)";"POINT(52.3643653,4.8328102)";4.8328102;52.3643653;
53;"Buiksloterkerk";1046;14;2;662;64.8;"GroenLinks";134;0;"D66";96;0;82;75;52;41;34;96;18;134;1;47;17;0;3;0;37;12;0;0;0;2;11;0;0;0;43;0;0;0;0;0;0;0;0;0;0;0;0;0;0;0;0;0;0;0;0;0;0;0;0;0;"POINT(4.9160979,52.4017874)";"POINT(52.4017874,4.9160979)";4.9160979;52.4017874;
54;"Burghtschool";910;3;1;963;106.3;"D66";256;0;"VVD";251;0;251;77;27;27;28;256;4;183;0;74;2;0;3;0;2;18;0;0;0;5;5;1;0;0;11;0;0;0;0;0;0;0;0;0;0;0;0;0;0;0;0;0;0;0;0;0;0;0;0;0;"POINT(4.8907502,52.3782736)";"POINT(52.3782736,4.8907502)";4.8907502;52.3782736;
55;"Buurtcentrum De Bonte Kraai";1801;2;20;1440;81.2;"GroenLinks";261;0;"Artikel 1";210;0;104;190;87;107;34;159;106;261;7;58;21;2;1;63;0;13;3;1;0;11;210;0;0;2;27;0;0;0;0;0;0;0;0;0;0;0;0;0;0;0;0;0;0;0;0;0;0;0;0;0;"POINT(4.9800718,52.317227)";"POINT(52.317227,4.9800718)";4.9800718;52.317227;
56;"Buurtcentrum de Driehoek";1097;0;7;1031;94.6;"PVV";232;0;"GroenLinks";155;0;103;97;232;97;46;114;18;155;2;47;42;4;9;23;3;17;1;0;1;4;13;2;1;0;27;0;0;0;0;0;0;0;0;0;0;0;0;0;0;0;0;0;0;0;0;0;0;0;0;0;"POINT(4.9285958,52.3938758)";"POINT(52.3938758,4.9285958)";4.9285958;52.3938758;
57;"Buurtcentrum De Evenaar";1078;3;5;1043;97.5;"PVV";301;0;"SP";138;0;85;68;301;138;40;69;20;128;2;45;58;4;3;39;1;15;1;0;2;7;8;7;2;0;29;0;0;0;0;0;0;0;0;0;0;0;0;0;0;0;0;0;0;0;0;0;0;0;0;0;"POINT(4.8864658,52.4143683)";"POINT(52.4143683,4.8864658)";4.8864658;52.4143683;
58;"Buurtcentrum De Meeuw";1686;3;17;1440;86.6;"GroenLinks";286;0;"DENK";166;0;109;100;155;157;23;159;15;286;5;99;54;0;7;166;0;25;0;4;0;11;63;2;0;0;29;0;0;0;0;0;0;0;0;0;0;0;0;0;0;0;0;0;0;0;0;0;0;0;0;0;"POINT(4.9177802,52.3844229)";"POINT(52.3844229,4.9177802)";4.9177802;52.3844229;
59;"Buurtcentrum De Valk";1557;1;10;909;59.1;"GroenLinks";217;0;"PVV";102;0;71;69;102;86;20;95;16;217;0;65;31;0;4;92;2;10;0;0;2;7;19;1;0;0;16;0;0;0;0;0;0;0;0;0;0;0;0;0;0;0;0;0;0;0;0;0;0;0;0;0;"POINT(4.9110982,52.3829848)";"POINT(52.3829848,4.9110982)";4.9110982;52.3829848;
60;"Buurtcentrum Kraaipan";1305;1;4;710;54.8;"GroenLinks";170;0;"D66";129;0;71;50;39;45;9;129;8;170;0;52;12;0;1;81;3;5;1;0;0;6;26;0;2;0;13;0;0;0;0;0;0;0;0;0;0;0;0;0;0;0;0;0;0;0;0;0;0;0;0;0;"POINT(4.9173672,52.351319)";"POINT(52.351319,4.9173672)";4.9173672;52.351319;
61;"Buurtcentrum Oosterpark";1527;2;5;900;59.4;"GroenLinks";228;0;"D66";177;0;106;69;20;44;10;177;14;228;1;80;10;0;0;87;3;9;0;1;1;7;32;1;0;0;14;0;0;0;0;0;0;0;0;0;0;0;0;0;0;0;0;0;0;0;0;0;0;0;0;0;"POINT(4.9202368,52.3575141)";"POINT(52.3575141,4.9202368)";4.9202368;52.3575141;
62;"Buurthuis De Havelaar";1395;0;6;995;71.8;"GroenLinks";255;0;"D66";220;0;139;69;29;74;22;220;4;255;0;88;21;0;0;31;0;14;3;0;1;10;13;0;2;0;16;0;0;0;0;0;0;0;0;0;0;0;0;0;0;0;0;0;0;0;0;0;0;0;0;0;"POINT(4.865421,52.3691603)";"POINT(52.3691603,4.865421)";4.865421;52.3691603;
63;"Buurthuis Gein";2895;4;16;1613;56.4;"Artikel 1";232;0;"GroenLinks";212;0;114;188;157;196;51;148;78;212;11;87;63;3;3;36;4;15;0;0;0;11;232;3;0;1;36;0;0;0;0;0;0;0;0;0;0;0;0;0;0;0;0;0;0;0;0;0;0;0;0;0;"POINT(4.9870531,52.2959334)";"POINT(52.2959334,4.9870531)";4.9870531;52.2959334;
64;"Buurthuis Jacob Maris";1177;3;11;640;55.6;"GroenLinks";122;0;"D66";98;0;57;54;47;47;13;98;7;122;1;49;13;0;0;96;0;8;1;1;0;1;25;0;0;0;4;0;0;0;0;0;0;0;0;0;0;0;0;0;0;0;0;0;0;0;0;0;0;0;0;0;"POINT(4.8552868,52.3656966)";"POINT(52.3656966,4.8552868)";4.8552868;52.3656966;
65;"Cafe Kanis en Meiland";1440;1;1;1200;83.5;"GroenLinks";369;0;"D66";218;0;149;152;47;64;18;218;9;369;0;115;19;1;0;5;1;6;0;0;0;6;20;0;0;1;9;0;0;0;0;0;0;0;0;0;0;0;0;0;0;0;0;0;0;0;0;0;0;0;0;0;"POINT(4.940511,52.376332)";"POINT(52.376332,4.940511)";4.940511;52.376332;
66;"Calvijn College";2440;5;17;1906;79.0;"D66";393;0;"GroenLinks";349;0;288;129;102;91;85;393;45;349;4;93;30;0;5;235;4;25;0;0;0;4;20;2;2;0;21;0;0;0;0;0;0;0;0;0;0;0;0;0;0;0;0;0;0;0;0;0;0;0;0;0;"POINT(4.8315771,52.3561789)";"POINT(52.3561789,4.8315771)";4.8315771;52.3561789;
67;"Centraal Station - Restaurant 1e klas";0;3;13;2670;0;"GroenLinks";776;0;"D66";716;0;346;173;76;93;53;716;27;776;2;201;18;1;7;55;0;41;1;3;1;23;55;0;1;1;40;0;0;0;0;0;0;0;0;0;0;0;0;0;0;0;0;0;0;0;0;0;0;0;0;0;"POINT(4.9001162,52.3785712)";"POINT(52.3785712,4.9001162)";4.9001162;52.3785712;
68;"Centraal station - Wurst en Schnitzelhaus";0;0;2;1077;0;"D66";319;0;"GroenLinks";316;0;146;51;29;42;16;319;14;316;0;81;6;1;1;11;0;11;1;0;0;5;25;1;0;1;10;0;0;0;0;0;0;0;0;0;0;0;0;0;0;0;0;0;0;0;0;0;0;0;0;0;"POINT(4.9007919,52.3798606)";"POINT(52.3798606,4.9007919)";4.9007919;52.3798606;
69;"Centrum Karunika";3098;2;9;2036;66.1;"D66";447;0;"GroenLinks";424;0;306;165;105;137;60;447;19;424;1;154;34;4;4;94;1;26;0;0;4;12;36;3;0;0;29;0;0;0;0;0;0;0;0;0;0;0;0;0;0;0;0;0;0;0;0;0;0;0;0;0;"POINT(4.9082358,52.3473746)";"POINT(52.3473746,4.9082358)";4.9082358;52.3473746;
70;"Centrum voor Ouderen De Boeg";1414;4;7;1384;98.7;"D66";311;0;"GroenLinks";300;0;173;62;69;75;41;311;17;300;3;94;35;4;2;133;4;24;0;1;0;12;22;1;1;0;28;0;0;0;0;0;0;0;0;0;0;0;0;0;0;0;0;0;0;0;0;0;0;0;0;0;"POINT(4.8466442,52.3761374)";"POINT(52.3761374,4.8466442)";4.8466442;52.3761374;
71;"Cordaan";1504;2;13;1226;82.5;"DENK";353;0;"GroenLinks";177;0;129;76;90;68;30;165;22;177;5;41;26;1;3;353;1;9;1;1;1;1;26;0;0;0;14;0;0;0;0;0;0;0;0;0;0;0;0;0;0;0;0;0;0;0;0;0;0;0;0;0;"POINT(4.8329508,52.3495871)";"POINT(52.3495871,4.8329508)";4.8329508;52.3495871;
72;"Cordaan de Oostoever";1466;1;6;888;61.1;"GroenLinks";148;0;"D66";129;0;108;122;94;72;66;129;12;148;1;30;38;2;1;36;1;3;0;1;0;6;15;3;0;0;15;0;0;0;0;0;0;0;0;0;0;0;0;0;0;0;0;0;0;0;0;0;0;0;0;0;"POINT(4.829139,52.3656203)";"POINT(52.3656203,4.829139)";4.829139;52.3656203;
73;"Cornelis Vrijschool";1030;2;3;1118;109.0;"VVD";377;0;"D66";254;0;377;98;27;24;34;254;12;203;3;49;7;0;1;1;0;19;2;0;1;5;0;1;0;0;13;0;0;0;0;0;0;0;0;0;0;0;0;0;0;0;0;0;0;0;0;0;0;0;0;0;"POINT(4.8798168,52.3595778)";"POINT(52.3595778,4.8798168)";4.8798168;52.3595778;
74;"Crea Cultureel Studentencentrum";1239;3;8;1898;154.1;"GroenLinks";694;0;"D66";522;0;215;95;20;70;16;522;21;694;0;158;16;1;1;7;3;22;1;0;0;8;27;1;0;0;15;0;0;0;0;0;0;0;0;0;0;0;0;0;0;0;0;0;0;0;0;0;0;0;0;0;"POINT(4.9128358,52.3633086)";"POINT(52.3633086,4.9128358)";4.9128358;52.3633086;
75;"Cygnus Gymnasium";3232;7;13;2033;63.5;"GroenLinks";521;0;"D66";439;0;245;141;69;115;43;439;16;521;1;152;26;0;3;146;6;20;2;0;0;15;72;1;0;0;28;0;0;0;0;0;0;0;0;0;0;0;0;0;0;0;0;0;0;0;0;0;0;0;0;0;"POINT(4.9125879,52.3549391)";"POINT(52.3549391,4.9125879)";4.9125879;52.3549391;
76;"d`Oude Raai";1286;5;5;1178;92.4;"D66";252;0;"VVD";229;0;229;98;64;95;45;252;8;185;2;96;25;1;0;34;2;13;0;0;1;4;23;0;1;0;11;0;0;0;0;0;0;0;0;0;0;0;0;0;0;0;0;0;0;0;0;0;0;0;0;0;"POINT(4.8917038,52.3493086)";"POINT(52.3493086,4.8917038)";4.8917038;52.3493086;
77;"Dansschool Meneer de Wit";1323;2;2;960;72.9;"GroenLinks";241;0;"D66";226;0;119;53;28;43;17;226;16;241;1;61;8;1;1;112;0;5;1;0;1;6;17;1;1;1;14;0;0;0;0;0;0;0;0;0;0;0;0;0;0;0;0;0;0;0;0;0;0;0;0;0;"POINT(4.860254,52.3653151)";"POINT(52.3653151,4.860254)";4.860254;52.3653151;
78;"Dansschool Oostveen";2834;4;14;1705;60.8;"D66";474;0;"VVD";423;0;423;137;69;52;61;474;18;289;3;104;20;0;2;4;0;26;1;1;1;10;10;0;0;0;18;0;0;0;0;0;0;0;0;0;0;0;0;0;0;0;0;0;0;0;0;0;0;0;0;0;"POINT(4.8553479,52.3544089)";"POINT(52.3544089,4.8553479)";4.8553479;52.3544089;
79;"De Balie";1596;2;6;1877;118.1;"D66";519;0;"GroenLinks";448;0;423;134;54;56;40;519;11;448;2;120;10;1;3;2;2;25;0;0;2;17;7;1;0;0;28;0;0;0;0;0;0;0;0;0;0;0;0;0;0;0;0;0;0;0;0;0;0;0;0;0;"POINT(4.8827569,52.3630759)";"POINT(52.3630759,4.8827569)";4.8827569;52.3630759;
80;"De Binnenwaai";1283;4;10;611;48.7;"D66";130;0;"VVD";100;0;100;52;34;30;19;130;24;82;2;28;8;1;2;51;1;12;0;0;0;2;32;0;0;1;9;0;0;0;0;0;0;0;0;0;0;0;0;0;0;0;0;0;0;0;0;0;0;0;0;0;"POINT(4.9959462,52.35661)";"POINT(52.35661,4.9959462)";4.9959462;52.35661;
81;"De Bogt Westerbeer";2921;11;16;2386;82.6;"GroenLinks";559;0;"D66";362;0;226;201;255;215;50;362;24;559;6;185;68;2;5;103;3;21;1;2;1;19;72;0;2;4;45;0;0;0;0;0;0;0;0;0;0;0;0;0;0;0;0;0;0;0;0;0;0;0;0;0;"POINT(4.8783352,52.3889968)";"POINT(52.3889968,4.8783352)";4.8783352;52.3889968;
82;"De Clutch";1390;1;3;972;70.2;"GroenLinks";251;0;"D66";247;0;121;120;28;47;16;247;6;251;1;67;6;1;2;32;0;10;0;0;0;5;12;0;0;0;9;0;0;0;0;0;0;0;0;0;0;0;0;0;0;0;0;0;0;0;0;0;0;0;0;0;"POINT(4.930896,52.3702284)";"POINT(52.3702284,4.930896)";4.930896;52.3702284;
83;"De Coenen";2117;1;4;1839;87.1;"D66";451;0;"GroenLinks";396;0;301;268;53;107;46;451;17;396;3;118;19;0;1;13;0;28;0;0;2;7;8;1;0;0;14;0;0;0;0;0;0;0;0;0;0;0;0;0;0;0;0;0;0;0;0;0;0;0;0;0;"POINT(4.8815401,52.3526198)";"POINT(52.3526198,4.8815401)";4.8815401;52.3526198;
84;"De Derde Schinkel";1193;0;4;909;76.5;"VVD";237;0;"D66";236;0;237;53;30;38;27;236;10;169;1;63;15;0;1;5;3;9;0;0;1;7;4;0;0;0;13;0;0;0;0;0;0;0;0;0;0;0;0;0;0;0;0;0;0;0;0;0;0;0;0;0;"POINT(4.8552339,52.3528983)";"POINT(52.3528983,4.8552339)";4.8552339;52.3528983;
85;"De Die";1226;4;7;892;73.7;"VVD";132;0;"PVV";129;0;132;106;129;81;47;90;14;111;1;47;34;3;4;53;1;12;1;0;1;5;16;3;1;0;20;0;0;0;0;0;0;0;0;0;0;0;0;0;0;0;0;0;0;0;0;0;0;0;0;0;"POINT(4.9320409,52.3989035)";"POINT(52.3989035,4.9320409)";4.9320409;52.3989035;
86;"De Edelsteen";2919;3;19;1993;69.0;"GroenLinks";451;0;"D66";369;0;255;152;126;168;42;369;18;451;3;149;21;0;5;148;1;16;2;1;0;10;51;5;0;0;27;0;0;0;0;0;0;0;0;0;0;0;0;0;0;0;0;0;0;0;0;0;0;0;0;0;"POINT(4.9056742,52.3508841)";"POINT(52.3508841,4.9056742)";4.9056742;52.3508841;
87;"De Keyzer";1289;0;6;1495;116.4;"GroenLinks";380;0;"D66";295;0;168;148;73;99;28;295;27;380;1;102;14;2;4;69;2;14;3;2;1;9;51;2;1;0;27;0;0;0;0;0;0;0;0;0;0;0;0;0;0;0;0;0;0;0;0;0;0;0;0;0;"POINT(4.9269502,52.3683783)";"POINT(52.3683783,4.9269502)";4.9269502;52.3683783;
88;"De Kikker";4303;7;28;2447;57.7;"DENK";765;0;"D66";283;0;192;162;220;176;78;283;29;275;4;62;84;1;7;765;10;14;5;2;1;8;64;4;0;1;43;0;0;0;0;0;0;0;0;0;0;0;0;0;0;0;0;0;0;0;0;0;0;0;0;0;"POINT(4.793092,52.355931)";"POINT(52.355931,4.793092)";4.793092;52.355931;
89;"De Koperen Knoop";2225;8;13;1940;88.1;"GroenLinks";515;0;"D66";318;0;186;157;158;163;40;318;12;515;2;186;40;0;6;86;1;25;1;0;0;8;34;2;0;0;20;0;0;0;0;0;0;0;0;0;0;0;0;0;0;0;0;0;0;0;0;0;0;0;0;0;"POINT(4.8767092,52.3834502)";"POINT(52.3834502,4.8767092)";4.8767092;52.3834502;
90;"De Meevaart";1434;2;12;882;62.5;"GroenLinks";259;0;"D66";186;0;81;61;22;50;8;186;15;259;0;49;6;0;1;117;0;5;0;1;1;2;16;1;0;1;7;0;0;0;0;0;0;0;0;0;0;0;0;0;0;0;0;0;0;0;0;0;0;0;0;0;"POINT(4.9339058,52.3630149)";"POINT(52.3630149,4.9339058)";4.9339058;52.3630149;
91;"De Nieuwe Liefde";2089;0;0;1467;70.2;"GroenLinks";385;0;"D66";321;0;257;105;55;81;43;321;8;385;4;133;16;0;2;17;0;16;1;0;1;8;11;2;1;0;19;0;0;0;0;0;0;0;0;0;0;0;0;0;0;0;0;0;0;0;0;0;0;0;0;0;"POINT(4.8716528,52.3697974)";"POINT(52.3697974,4.8716528)";4.8716528;52.3697974;
92;"De Noorderspeeltuin";1324;4;2;1022;77.6;"GroenLinks";213;0;"D66";178;0;169;95;92;73;15;178;11;213;0;119;26;1;1;8;1;11;1;0;0;3;5;0;0;0;7;0;0;0;0;0;0;0;0;0;0;0;0;0;0;0;0;0;0;0;0;0;0;0;0;0;"POINT(4.8824518,52.3795325)";"POINT(52.3795325,4.8824518)";4.8824518;52.3795325;
93;"De Parel";1973;7;7;1584;81.0;"GroenLinks";432;0;"D66";263;0;165;153;93;130;21;263;29;432;1;135;21;0;1;46;1;25;1;1;0;15;49;1;0;1;22;0;0;0;0;0;0;0;0;0;0;0;0;0;0;0;0;0;0;0;0;0;0;0;0;0;"POINT(4.9209359,52.3706938)";"POINT(52.3706938,4.9209359)";4.9209359;52.3706938;
94;"De Rode Hoed";1060;0;8;1024;97.4;"D66";296;0;"VVD";239;0;239;105;24;24;25;296;6;209;0;55;7;0;2;3;0;20;0;0;0;2;6;0;0;1;5;0;0;0;0;0;0;0;0;0;0;0;0;0;0;0;0;0;0;0;0;0;0;0;0;0;"POINT(4.8872802,52.3773429)";"POINT(52.3773429,4.8872802)";4.8872802;52.3773429;
95;"De Schutse";1399;4;9;1062;76.8;"GroenLinks";192;0;"D66";156;0;152;96;96;66;79;156;19;192;4;54;37;1;0;90;0;7;0;1;0;5;5;1;0;1;13;0;0;0;0;0;0;0;0;0;0;0;0;0;0;0;0;0;0;0;0;0;0;0;0;0;"POINT(4.8225958,52.3594367)";"POINT(52.3594367,4.8225958)";4.8225958;52.3594367;
96;"De Spaarndammerhout";2997;2;9;1311;44.1;"GroenLinks";353;0;"D66";263;0;126;87;105;89;23;263;17;353;2;98;23;0;1;64;1;15;0;0;0;10;30;3;0;1;18;0;0;0;0;0;0;0;0;0;0;0;0;0;0;0;0;0;0;0;0;0;0;0;0;0;"POINT(4.878761,52.3927809)";"POINT(52.3927809,4.878761)";4.878761;52.3927809;
97;"De Toneelmakerij";2081;0;4;1221;58.9;"GroenLinks";297;0;"D66";250;0;201;104;50;86;18;250;9;297;2;140;12;2;4;3;1;21;0;1;0;11;8;1;0;0;22;0;0;0;0;0;0;0;0;0;0;0;0;0;0;0;0;0;0;0;0;0;0;0;0;0;"POINT(4.8787501,52.3707167)";"POINT(52.3707167,4.8787501)";4.8787501;52.3707167;
98;"De Volksuniversiteit";1564;2;23;1366;88.9;"DENK";371;0;"GroenLinks";274;0;121;64;38;69;14;234;19;274;2;82;17;0;1;371;2;11;1;1;0;10;33;0;1;1;19;0;0;0;0;0;0;0;0;0;0;0;0;0;0;0;0;0;0;0;0;0;0;0;0;0;"POINT(4.845145,52.3786399)";"POINT(52.3786399,4.845145)";4.845145;52.3786399;
99;"De Wending";1442;4;13;979;69.1;"D66";231;0;"GroenLinks";223;0;121;68;45;52;19;231;8;223;1;54;11;1;2;104;0;10;1;0;0;11;17;0;0;0;16;0;0;0;0;0;0;0;0;0;0;0;0;0;0;0;0;0;0;0;0;0;0;0;0;0;"POINT(4.8583782,52.368714)";"POINT(52.368714,4.8583782)";4.8583782;52.368714;
100;"de Wiltzangh";1490;2;11;1014;68.9;"GroenLinks";228;0;"DENK";199;0;98;51;39;54;25;188;5;228;4;52;21;2;2;199;0;12;0;1;1;2;27;1;0;2;15;0;0;0;0;0;0;0;0;0;0;0;0;0;0;0;0;0;0;0;0;0;0;0;0;0;"POINT(4.8505552,52.3818099)";"POINT(52.3818099,4.8505552)";4.8505552;52.3818099;
101;"De Witte Boei";2088;0;4;1312;63.0;"GroenLinks";310;0;"D66";177;0;111;141;111;138;27;177;17;310;1;107;40;0;1;34;2;18;0;0;1;10;62;4;0;0;19;0;0;0;0;0;0;0;0;0;0;0;0;0;0;0;0;0;0;0;0;0;0;0;0;0;"POINT(4.9218242,52.3714072)";"POINT(52.3714072,4.9218242)";4.9218242;52.3714072;
102;"De Zeeheld";2748;4;13;1632;60.0;"GroenLinks";445;0;"D66";302;0;152;173;86;117;34;302;17;445;1;125;18;0;2;63;1;24;1;1;1;19;47;1;0;2;29;0;0;0;0;0;0;0;0;0;0;0;0;0;0;0;0;0;0;0;0;0;0;0;0;0;"POINT(4.8868301,52.3898665)";"POINT(52.3898665,4.8868301)";4.8868301;52.3898665;
103;"Dependance De Mijlpaal";2898;4;11;2614;90.7;"VVD";481;0;"D66";451;0;481;217;301;188;143;451;28;382;2;106;96;8;9;106;3;38;0;0;0;10;43;2;0;0;34;0;0;0;0;0;0;0;0;0;0;0;0;0;0;0;0;0;0;0;0;0;0;0;0;0;"POINT(4.812114,52.3447157)";"POINT(52.3447157,4.812114)";4.812114;52.3447157;
104;"Dependance Westerparkschool";2514;5;9;2100;84.1;"GroenLinks";566;0;"D66";453;0;257;179;93;143;40;453;16;566;1;188;18;0;3;77;1;29;0;0;0;13;21;1;0;1;20;0;0;0;0;0;0;0;0;0;0;0;0;0;0;0;0;0;0;0;0;0;0;0;0;0;"POINT(4.872936,52.3794829)";"POINT(52.3794829,4.872936)";4.872936;52.3794829;
105;"Dienstencentrum Osdorperhof";1173;1;10;902;77.8;"PVV";149;0;"VVD";134;0;134;65;149;90;67;106;16;88;3;52;45;0;6;45;0;12;0;0;1;5;16;0;0;2;17;0;0;0;0;0;0;0;0;0;0;0;0;0;0;0;0;0;0;0;0;0;0;0;0;0;"POINT(4.8126161,52.3547408)";"POINT(52.3547408,4.8126161)";4.8126161;52.3547408;
106;"Dierendok";3510;9;5;1683;48.3;"GroenLinks";291;0;"PVV";260;0;184;130;260;190;49;193;17;291;0;83;75;6;11;111;5;27;1;0;1;12;36;0;1;0;37;0;0;0;0;0;0;0;0;0;0;0;0;0;0;0;0;0;0;0;0;0;0;0;0;0;"POINT(4.896682,52.4062506)";"POINT(52.4062506,4.896682)";4.896682;52.4062506;
107;"Doopsgezinde Singelkerk";1082;0;5;994;92.3;"VVD";289;0;"D66";254;0;289;62;22;19;40;254;13;197;1;58;9;0;3;0;0;16;0;0;0;6;5;0;0;0;10;0;0;0;0;0;0;0;0;0;0;0;0;0;0;0;0;0;0;0;0;0;0;0;0;0;"POINT(4.8886359,52.3676955)";"POINT(52.3676955,4.8886359)";4.8886359;52.3676955;
108;"Dorpshuis de Beke";824;0;0;740;89.8;"VVD";184;0;"GroenLinks";146;0;184;74;55;28;65;105;13;146;1;41;19;0;2;1;0;5;0;0;0;1;0;0;0;0;4;0;0;0;0;0;0;0;0;0;0;0;0;0;0;0;0;0;0;0;0;0;0;0;0;0;"POINT(4.9943082,52.3923651)";"POINT(52.3923651,4.9943082)";4.9943082;52.3923651;
109;"Doven Ontmoetings Centrum";2074;2;3;1277;61.8;"GroenLinks";291;0;"D66";288;0;254;83;50;82;27;288;5;291;1;118;12;1;3;29;0;15;0;0;0;6;8;2;0;2;15;0;0;0;0;0;0;0;0;0;0;0;0;0;0;0;0;0;0;0;0;0;0;0;0;0;"POINT(4.8953259,52.3576132)";"POINT(52.3576132,4.8953259)";4.8953259;52.3576132;
110;"Dr. J. Th. de Visserschool";1177;2;12;803;69.4;"GroenLinks";166;0;"D66";155;0;102;57;44;48;12;155;15;166;2;48;16;1;2;86;0;11;0;0;0;6;32;0;0;0;11;0;0;0;0;0;0;0;0;0;0;0;0;0;0;0;0;0;0;0;0;0;0;0;0;0;"POINT(4.855273,52.3667952)";"POINT(52.3667952,4.855273)";4.855273;52.3667952;
111;"Dr. Sarphatihuis";1856;3;5;2354;127.3;"GroenLinks";663;0;"D66";540;0;321;239;87;136;33;540;14;663;4;193;19;0;4;18;2;23;1;1;4;15;32;4;0;1;36;0;0;0;0;0;0;0;0;0;0;0;0;0;0;0;0;0;0;0;0;0;0;0;0;0;"POINT(4.9105599,52.3646819)";"POINT(52.3646819,4.9105599)";4.9105599;52.3646819;
112;"Eduard Douwes Dekkerhuis";1709;0;13;899;53.4;"PVV";124;0;"D66";112;0;107;75;124;77;40;112;28;102;1;44;39;0;4;85;1;9;0;0;0;2;47;2;0;0;10;0;0;0;0;0;0;0;0;0;0;0;0;0;0;0;0;0;0;0;0;0;0;0;0;0;"POINT(4.907706,52.4046294)";"POINT(52.4046294,4.907706)";4.907706;52.4046294;
113;"Eetcafe Oerknal";1571;0;3;1822;116.2;"GroenLinks";770;0;"D66";501;0;142;102;15;31;35;501;15;770;2;120;2;0;6;1;2;32;0;1;1;24;18;2;0;0;38;0;0;0;0;0;0;0;0;0;0;0;0;0;0;0;0;0;0;0;0;0;0;0;0;0;"POINT(4.9563072,52.3556372)";"POINT(52.3556372,4.9563072)";4.9563072;52.3556372;
114;"Evean Henriette Roland Holst";2598;9;16;1282;50.3;"Artikel 1";243;0;"PvdA";207;0;70;207;142;126;32;80;89;141;1;58;60;0;0;21;0;6;1;1;2;1;243;1;0;0;7;0;0;0;0;0;0;0;0;0;0;0;0;0;0;0;0;0;0;0;0;0;0;0;0;0;"POINT(4.9697888,52.3142706)";"POINT(52.3142706,4.9697888)";4.9697888;52.3142706;
115;"Evean Korthagenhuis";1200;1;4;878;73.6;"VVD";141;0;"PVV";140;0;141;82;140;85;75;68;19;69;2;47;49;3;2;53;0;13;0;1;0;1;28;0;0;0;9;0;0;0;0;0;0;0;0;0;0;0;0;0;0;0;0;0;0;0;0;0;0;0;0;0;"POINT(4.9398858,52.4048277)";"POINT(52.4048277,4.9398858)";4.9398858;52.4048277;
116;"Flatgebouw Baarsstraat";1250;1;1;951;76.2;"D66";228;0;"GroenLinks";182;0;170;58;49;63;28;228;15;182;1;68;22;0;3;22;1;17;2;0;3;2;15;0;2;0;14;0;0;0;0;0;0;0;0;0;0;0;0;0;0;0;0;0;0;0;0;0;0;0;0;0;"POINT(4.8547132,52.3498503)";"POINT(52.3498503,4.8547132)";4.8547132;52.3498503;
117;"Flesseman Centrum van Ouderen";1071;2;2;1364;127.7;"GroenLinks";394;0;"D66";305;0;183;115;72;67;29;305;10;394;0;118;15;0;1;5;1;16;1;6;3;9;10;4;0;0;25;0;0;0;0;0;0;0;0;0;0;0;0;0;0;0;0;0;0;0;0;0;0;0;0;0;"POINT(4.900687,52.3719946)";"POINT(52.3719946,4.900687)";4.900687;52.3719946;
118;"Flexbieb";1443;0;3;1094;76.0;"D66";234;0;"GroenLinks";215;0;184;95;47;45;52;234;20;215;1;62;13;4;2;54;3;14;0;0;0;6;38;5;0;0;21;0;0;0;0;0;0;0;0;0;0;0;0;0;0;0;0;0;0;0;0;0;0;0;0;0;"POINT(4.9946291,52.3577468)";"POINT(52.3577468,4.9946291)";4.9946291;52.3577468;
119;"Frankendael, locatie Von Liebigweg";1346;2;3;791;59.1;"GroenLinks";134;0;"PVV";115;0;76;97;115;78;27;96;11;134;1;56;27;2;5;35;1;11;0;0;0;5;13;0;1;0;15;0;0;0;0;0;0;0;0;0;0;0;0;0;0;0;0;0;0;0;0;0;0;0;0;0;"POINT(4.9271171,52.3424079)";"POINT(52.3424079,4.9271171)";4.9271171;52.3424079;
120;"Frascati";813;1;1;764;94.2;"GroenLinks";234;0;"D66";185;0;121;46;32;25;22;185;2;234;1;60;6;0;1;5;0;13;0;0;1;3;5;1;1;0;8;0;0;0;0;0;0;0;0;0;0;0;0;0;0;0;0;0;0;0;0;0;0;0;0;0;"POINT(4.893584,52.3703238)";"POINT(52.3703238,4.893584)";4.893584;52.3703238;
121;"Gebouw";1136;0;8;719;64.0;"PVV";233;0;"SP";95;0;46;53;233;95;24;46;7;91;0;45;39;0;3;21;2;9;0;0;0;0;4;1;0;0;6;0;0;0;0;0;0;0;0;0;0;0;0;0;0;0;0;0;0;0;0;0;0;0;0;0;"POINT(4.8906891,52.409928)";"POINT(52.409928,4.8906891)";4.8906891;52.409928;
122;"Goeman Borgesiusschool";4303;5;16;2223;52.1;"DENK";559;0;"PVV";334;0;214;170;334;198;80;190;29;219;2;53;98;2;5;559;1;22;0;0;2;11;30;2;0;2;27;0;0;0;0;0;0;0;0;0;0;0;0;0;0;0;0;0;0;0;0;0;0;0;0;0;"POINT(4.7972748,52.3769652)";"POINT(52.3769652,4.7972748)";4.7972748;52.3769652;
123;"Grand Cafe Frankendael";1358;1;3;1405;103.8;"D66";333;0;"GroenLinks";321;0;236;152;63;68;51;333;22;321;2;61;26;1;2;11;1;32;0;0;3;7;13;0;0;0;16;0;0;0;0;0;0;0;0;0;0;0;0;0;0;0;0;0;0;0;0;0;0;0;0;0;"POINT(4.9376299,52.3490531)";"POINT(52.3490531,4.9376299)";4.9376299;52.3490531;
124;"Gymlokaal";1049;3;8;1082;104.2;"GroenLinks";290;0;"D66";226;0;122;133;49;71;16;226;12;290;2;116;10;1;1;1;0;8;0;1;0;10;11;1;0;1;17;0;0;0;0;0;0;0;0;0;0;0;0;0;0;0;0;0;0;0;0;0;0;0;0;0;"POINT(4.9022171,52.3731085)";"POINT(52.3731085,4.9022171)";4.9022171;52.3731085;
125;"Gymzaal bij school De Ark";2252;1;13;1652;74.0;"VVD";386;0;"D66";264;0;386;147;147;81;117;264;56;201;14;85;40;2;5;20;2;55;0;1;1;14;11;2;1;0;42;0;0;0;0;0;0;0;0;0;0;0;0;0;0;0;0;0;0;0;0;0;0;0;0;0;"POINT(4.8747499,52.326615)";"POINT(52.326615,4.8747499)";4.8747499;52.326615;
126;"Gymzaal De Kleine Nicolaas";2094;1;3;1649;78.9;"VVD";529;0;"D66";411;0;529;149;41;48;57;411;16;232;2;98;12;0;4;15;0;19;0;0;2;3;10;1;0;0;12;0;0;0;0;0;0;0;0;0;0;0;0;0;0;0;0;0;0;0;0;0;0;0;0;0;"POINT(4.8633082,52.3515326)";"POINT(52.3515326,4.8633082)";4.8633082;52.3515326;
127;"Gymzaal Nicolaas Maesschool";1003;0;3;1050;105.0;"VVD";306;0;"D66";243;0;306;127;18;40;36;243;8;172;1;61;9;0;4;5;1;10;0;0;0;6;3;0;0;0;12;0;0;0;0;0;0;0;0;0;0;0;0;0;0;0;0;0;0;0;0;0;0;0;0;0;"POINT(4.8768728,52.3525702)";"POINT(52.3525702,4.8768728)";4.8768728;52.3525702;
128;"Hervormd Lyceum Zuid";1129;0;3;1138;101.1;"VVD";452;0;"D66";291;0;452;81;35;19;63;291;11;114;2;31;7;0;2;9;0;17;0;1;0;0;3;0;0;0;5;0;0;0;0;0;0;0;0;0;0;0;0;0;0;0;0;0;0;0;0;0;0;0;0;0;"POINT(4.8790662,52.3481871)";"POINT(52.3481871,4.8790662)";4.8790662;52.3481871;
129;"Het Anker";1423;2;14;1046;74.6;"PVV";360;0;"GroenLinks";150;0;69;55;360;99;21;81;12;150;0;46;59;1;3;53;6;6;1;0;0;4;17;0;2;1;18;0;0;0;0;0;0;0;0;0;0;0;0;0;0;0;0;0;0;0;0;0;0;0;0;0;"POINT(4.911701,52.399327)";"POINT(52.399327,4.911701)";4.911701;52.399327;
130;"Het Claverhuis";1004;1;5;1660;165.9;"GroenLinks";378;0;"VVD";364;0;364;138;69;77;28;362;7;378;0;136;29;2;5;8;4;22;0;1;1;11;17;1;0;0;25;0;0;0;0;0;0;0;0;0;0;0;0;0;0;0;0;0;0;0;0;0;0;0;0;0;"POINT(4.8809178,52.369847)";"POINT(52.369847,4.8809178)";4.8809178;52.369847;
131;"Het Groeipaleis";1465;3;6;1035;71.3;"PVV";171;0;"VVD";142;0;142;67;171;107;39;113;10;119;0;48;53;1;8;98;2;22;0;0;0;7;26;2;0;0;20;0;0;0;0;0;0;0;0;0;0;0;0;0;0;0;0;0;0;0;0;0;0;0;0;0;"POINT(4.7830598,52.3521124)";"POINT(52.3521124,4.7830598)";4.7830598;52.3521124;
132;"Het JAV`ART Huis";1453;5;18;1292;90.5;"GroenLinks";342;0;"DENK";199;0;93;103;58;78;21;198;15;342;0;72;25;0;2;199;0;10;1;1;1;6;60;2;3;2;18;0;0;0;0;0;0;0;0;0;0;0;0;0;0;0;0;0;0;0;0;0;0;0;0;0;"POINT(4.9449198,52.3626677)";"POINT(52.3626677,4.9449198)";4.9449198;52.3626677;
133;"Het Marnix";1354;0;7;1343;99.7;"D66";304;0;"GroenLinks";294;0;196;101;88;103;26;304;5;294;2;119;20;2;2;17;1;30;0;0;2;16;13;1;1;0;27;0;0;0;0;0;0;0;0;0;0;0;0;0;0;0;0;0;0;0;0;0;0;0;0;0;"POINT(4.8784902,52.3779761)";"POINT(52.3779761,4.8784902)";4.8784902;52.3779761;
134;"Het Open Huis";1187;0;11;960;81.8;"D66";212;0;"GroenLinks";190;0;164;73;52;78;22;212;9;190;0;68;15;0;0;45;0;10;0;0;0;8;13;1;0;0;9;0;0;0;0;0;0;0;0;0;0;0;0;0;0;0;0;0;0;0;0;0;0;0;0;0;"POINT(4.8691699,52.3712584)";"POINT(52.3712584,4.8691699)";4.8691699;52.3712584;
135;"Het Parkhuis";1209;2;4;1092;90.8;"GroenLinks";234;0;"D66";229;0;153;144;56;62;49;229;10;234;0;53;25;0;2;38;0;11;1;1;0;2;21;0;0;1;7;0;0;0;0;0;0;0;0;0;0;0;0;0;0;0;0;0;0;0;0;0;0;0;0;0;"POINT(4.9479291,52.3435027)";"POINT(52.3435027,4.9479291)";4.9479291;52.3435027;
136;"Het Schouw";1630;2;7;959;59.4;"PVV";148;0;"VVD";130;0;130;98;148;89;67;98;14;112;4;48;51;0;1;60;1;12;2;0;0;4;20;0;0;0;12;0;0;0;0;0;0;0;0;0;0;0;0;0;0;0;0;0;0;0;0;0;0;0;0;0;"POINT(4.9427311,52.3980452)";"POINT(52.3980452,4.9427311)";4.9427311;52.3980452;
137;"Het Spectrum";3043;3;7;1703;56.3;"GroenLinks";462;0;"D66";414;0;248;145;62;87;41;414;12;462;1;94;18;1;0;69;0;22;0;0;0;5;22;0;0;0;7;0;0;0;0;0;0;0;0;0;0;0;0;0;0;0;0;0;0;0;0;0;0;0;0;0;"POINT(4.9256189,52.3524138)";"POINT(52.3524138,4.9256189)";4.9256189;52.3524138;
138;"Het Tolhuis / Tolhuistuin";1525;0;12;2070;136.5;"GroenLinks";659;0;"D66";412;0;218;159;84;80;38;412;28;659;4;199;8;2;5;75;2;17;1;0;3;24;48;3;1;0;45;0;0;0;0;0;0;0;0;0;0;0;0;0;0;0;0;0;0;0;0;0;0;0;0;0;"POINT(4.904885,52.3830306)";"POINT(52.3830306,4.904885)";4.904885;52.3830306;
139;"Het Zwanenmeer";1573;4;9;988;63.6;"PVV";152;0;"VVD";122;0;122;99;152;83;61;114;33;109;1;36;41;2;6;83;1;18;1;1;0;2;22;0;0;1;15;0;0;0;0;0;0;0;0;0;0;0;0;0;0;0;0;0;0;0;0;0;0;0;0;0;"POINT(4.9493992,52.3953024)";"POINT(52.3953024,4.9493992)";4.9493992;52.3953024;
140;"Hildebrand van Loonschool";1457;1;1;1011;69.5;"VVD";322;0;"D66";256;0;322;110;26;17;45;256;13;146;0;48;1;0;0;1;1;18;0;0;2;1;2;2;0;0;6;0;0;0;0;0;0;0;0;0;0;0;0;0;0;0;0;0;0;0;0;0;0;0;0;0;"POINT(4.8776858,52.3546073)";"POINT(52.3546073,4.8776858)";4.8776858;52.3546073;
141;"Hilton Hotel - hoofdingang";1275;0;3;1600;125.7;"VVD";637;0;"D66";373;0;637;128;33;30;82;373;18;190;2;57;6;0;3;1;1;23;0;0;0;11;4;0;1;0;18;0;0;0;0;0;0;0;0;0;0;0;0;0;0;0;0;0;0;0;0;0;0;0;0;0;"POINT(4.8727038,52.3513571)";"POINT(52.3513571,4.8727038)";4.8727038;52.3513571;
142;"Hogeschool Ipabo";2972;4;55;2459;84.7;"DENK";995;0;"GroenLinks";371;0;203;116;86;114;48;341;26;371;3;63;20;1;1;995;3;13;0;0;3;11;36;1;0;4;27;0;0;0;0;0;0;0;0;0;0;0;0;0;0;0;0;0;0;0;0;0;0;0;0;0;"POINT(4.8368971,52.3674742)";"POINT(52.3674742,4.8368971)";4.8368971;52.3674742;
143;"Hogeschool van Amsterdam, Leeuwenburg";2008;2;10;2330;116.6;"GroenLinks";617;0;"D66";607;0;421;132;63;84;61;607;26;617;5;101;13;2;8;86;2;41;0;0;0;31;29;0;1;0;49;0;0;0;0;0;0;0;0;0;0;0;0;0;0;0;0;0;0;0;0;0;0;0;0;0;"POINT(4.9161751,52.3460318)";"POINT(52.3460318,4.9161751)";4.9161751;52.3460318;
144;"Holendrechtschool";1516;2;8;782;52.2;"PvdA";122;0;"GroenLinks";111;0;46;122;88;91;21;71;45;111;2;23;24;0;2;22;0;10;0;0;0;7;92;3;0;2;16;0;0;0;0;0;0;0;0;0;0;0;0;0;0;0;0;0;0;0;0;0;0;0;0;0;"POINT(4.9650671,52.2987944)";"POINT(52.2987944,4.9650671)";4.9650671;52.2987944;
145;"HoofdKwartier";1532;4;9;1599;105.2;"D66";426;0;"VVD";402;0;402;103;77;68;56;426;9;277;0;102;16;1;0;18;5;16;0;0;0;9;13;0;0;1;16;0;0;0;0;0;0;0;0;0;0;0;0;0;0;0;0;0;0;0;0;0;0;0;0;0;"POINT(4.8507669,52.3508727)";"POINT(52.3508727,4.8507669)";4.8507669;52.3508727;
146;"Horizon Brenner";2128;2;8;1464;69.3;"VVD";277;0;"D66";214;0;277;104;171;112;76;214;28;165;2;46;76;1;6;114;1;30;1;0;2;9;29;0;0;0;22;0;0;0;0;0;0;0;0;0;0;0;0;0;0;0;0;0;0;0;0;0;0;0;0;0;"POINT(4.7754161,52.3508078)";"POINT(52.3508078,4.7754161)";4.7754161;52.3508078;
147;"Huis van de Wijk Bezaanjachtplein";1645;1;14;1317;81.0;"DENK";202;0;"PVV";164;0;131;113;164;143;54;141;33;138;0;55;69;1;3;202;1;15;1;0;0;2;48;0;0;3;11;0;0;0;0;0;0;0;0;0;0;0;0;0;0;0;0;0;0;0;0;0;0;0;0;0;"POINT(4.9169462,52.4076888)";"POINT(52.4076888,4.9169462)";4.9169462;52.4076888;
148;"Huis van de Wijk De Aker";3419;8;19;2252;66.7;"DENK";366;0;"PVV";352;0;264;156;352;189;118;236;44;266;3;57;102;1;5;366;1;28;3;0;1;12;40;2;1;5;34;0;0;0;0;0;0;0;0;0;0;0;0;0;0;0;0;0;0;0;0;0;0;0;0;0;"POINT(4.7821538,52.3550498)";"POINT(52.3550498,4.7821538)";4.7821538;52.3550498;
149;"Huis van de Wijk Olympus";1499;10;1;1125;75.8;"GroenLinks";217;0;"D66";189;0;152;101;91;109;38;189;15;217;1;83;24;2;3;40;0;13;0;1;4;11;26;4;1;0;27;0;0;0;0;0;0;0;0;0;0;0;0;0;0;0;0;0;0;0;0;0;0;0;0;0;"POINT(4.8628619,52.3470847)";"POINT(52.3470847,4.8628619)";4.8628619;52.3470847;
150;"Huis van de Wijk Waterlandplein";1225;5;13;1146;95.0;"DENK";214;0;"GroenLinks";166;0;108;89;138;110;40;118;13;166;1;40;30;0;2;214;0;14;1;1;0;9;52;0;0;0;14;0;0;0;0;0;0;0;0;0;0;0;0;0;0;0;0;0;0;0;0;0;0;0;0;0;"POINT(4.9548418,52.3930937)";"POINT(52.3930937,4.9548418)";4.9548418;52.3930937;
151;"Huize Frankendael";1448;4;2;2025;140.3;"GroenLinks";568;0;"D66";548;0;272;217;42;88;60;548;16;568;1;140;17;0;1;6;1;23;0;0;1;13;11;0;0;0;17;0;0;0;0;0;0;0;0;0;0;0;0;0;0;0;0;0;0;0;0;0;0;0;0;0;"POINT(4.9336011,52.3511931)";"POINT(52.3511931,4.9336011)";4.9336011;52.3511931;
152;"Huizingaschool";1876;2;16;1048;56.8;"DENK";342;0;"GroenLinks";144;0;58;67;104;76;35;118;10;144;1;15;33;1;4;342;1;8;1;1;0;2;25;1;0;1;13;0;0;0;0;0;0;0;0;0;0;0;0;0;0;0;0;0;0;0;0;0;0;0;0;0;"POINT(4.8302271,52.3607833)";"POINT(52.3607833,4.8302271)";4.8302271;52.3607833;
153;"HVA - locatie Wibauthuis";1380;7;18;2011;147.5;"GroenLinks";597;0;"D66";539;0;300;105;25;91;38;539;16;597;2;137;7;3;1;76;0;27;1;1;0;6;37;0;1;1;16;0;0;0;0;0;0;0;0;0;0;0;0;0;0;0;0;0;0;0;0;0;0;0;0;0;"POINT(4.909486,52.359429)";"POINT(52.359429,4.909486)";4.909486;52.359429;
154;"Ichthusschool";1719;3;7;1091;64.0;"PVV";172;0;"GroenLinks";155;0;142;84;172;105;51;140;24;155;3;37;58;3;5;70;0;18;0;0;0;2;20;0;0;2;15;0;0;0;0;0;0;0;0;0;0;0;0;0;0;0;0;0;0;0;0;0;0;0;0;0;"POINT(4.8106649,52.3523947)";"POINT(52.3523947,4.8106649)";4.8106649;52.3523947;
155;"IJburg College";3042;2;13;2649;87.6;"D66";625;0;"VVD";603;0;603;206;85;132;44;625;40;446;3;138;17;6;3;171;3;45;0;1;3;16;55;3;0;4;42;0;0;0;0;0;0;0;0;0;0;0;0;0;0;0;0;0;0;0;0;0;0;0;0;0;"POINT(5.0043442,52.3512808)";"POINT(52.3512808,5.0043442)";5.0043442;52.3512808;
156;"Int. Instituut voor Sociale Geschiedenis";1755;1;4;1549;88.5;"GroenLinks";443;0;"D66";255;0;151;146;94;96;31;255;19;443;2;106;27;2;1;76;2;17;2;0;0;12;62;4;1;0;26;0;0;0;0;0;0;0;0;0;0;0;0;0;0;0;0;0;0;0;0;0;0;0;0;0;"POINT(4.9392941,52.3688666)";"POINT(52.3688666,4.9392941)";4.9392941;52.3688666;
157;"J.P. Coenschool Balistraat";1447;1;10;822;57.6;"GroenLinks";227;0;"D66";176;0;69;60;25;43;10;176;7;227;1;50;13;0;1;108;0;4;0;1;0;5;21;1;0;0;9;0;0;0;0;0;0;0;0;0;0;0;0;0;0;0;0;0;0;0;0;0;0;0;0;0;"POINT(4.9347122,52.3632132)";"POINT(52.3632132,4.9347122)";4.9347122;52.3632132;
158;"J.P. Coenschool Bankastraat";1407;3;14;1300;93.6;"GroenLinks";339;0;"D66";299;0;138;70;48;62;9;299;15;339;1;78;11;1;2;178;0;3;1;0;0;9;34;2;0;0;16;0;0;0;0;0;0;0;0;0;0;0;0;0;0;0;0;0;0;0;0;0;0;0;0;0;"POINT(4.9328458,52.3647086)";"POINT(52.3647086,4.9328458)";4.9328458;52.3647086;
159;"Jan van der Heijdenhuis";2323;2;12;1435;62.4;"D66";369;0;"VVD";327;0;327;89;48;71;25;369;17;317;0;115;8;0;4;17;1;11;0;1;0;5;8;2;0;0;13;0;0;0;0;0;0;0;0;0;0;0;0;0;0;0;0;0;0;0;0;0;0;0;0;0;"POINT(4.9022858,52.3560683)";"POINT(52.3560683,4.9022858)";4.9022858;52.3560683;
160;"Jenaplanschool Atlantis";1383;2;8;765;56.0;"DENK";150;0;"PVV";112;0;78;43;112;62;19;87;24;108;0;22;29;1;5;150;1;9;0;0;0;5;9;1;0;0;13;0;0;0;0;0;0;0;0;0;0;0;0;0;0;0;0;0;0;0;0;0;0;0;0;0;"POINT(4.7868631,52.3574378)";"POINT(52.3574378,4.7868631)";4.7868631;52.3574378;
161;"Jeugdtheater De Krakeling";1244;0;1;1120;90.1;"VVD";272;0;"D66";265;0;272;96;26;39;33;265;7;253;0;91;14;0;0;1;0;10;0;0;0;8;4;1;0;0;9;0;0;0;0;0;0;0;0;0;0;0;0;0;0;0;0;0;0;0;0;0;0;0;0;0;"POINT(4.8793108,52.3665244)";"POINT(52.3665244,4.8793108)";4.8793108;52.3665244;
162;"Jongerencentrum No Limit";2882;5;35;1722;61.1;"Artikel 1";315;0;"PvdA";307;0;117;307;116;135;46;176;95;225;3;34;39;1;4;72;0;18;0;2;4;10;315;0;0;3;27;0;0;0;0;0;0;0;0;0;0;0;0;0;0;0;0;0;0;0;0;0;0;0;0;0;"POINT(4.9719031,52.3234526)";"POINT(52.3234526,4.9719031)";4.9719031;52.3234526;
163;"Joop Westerweelschool";2161;7;17;1671;78.4;"GroenLinks";380;0;"D66";333;0;183;149;92;86;33;333;20;380;2;98;26;1;1;195;2;14;2;3;2;9;37;2;1;0;25;0;0;0;0;0;0;0;0;0;0;0;0;0;0;0;0;0;0;0;0;0;0;0;0;0;"POINT(4.8562028,52.3688475)";"POINT(52.3688475,4.8562028)";4.8562028;52.3688475;
164;"Katholieke Basisschool Willibrord";1584;0;3;1375;87.0;"VVD";395;0;"D66";367;0;395;134;43;34;27;367;7;225;0;60;7;2;2;33;3;12;0;0;0;4;18;2;0;0;13;0;0;0;0;0;0;0;0;0;0;0;0;0;0;0;0;0;0;0;0;0;0;0;0;0;"POINT(4.993499,52.3544432)";"POINT(52.3544432,4.993499)";4.993499;52.3544432;
165;"KBS De Boomgaard";3078;7;10;2096;68.6;"GroenLinks";517;0;"D66";422;0;205;122;154;122;47;422;20;517;1;150;41;3;2;211;0;24;1;1;0;12;34;5;0;2;27;0;0;0;0;0;0;0;0;0;0;0;0;0;0;0;0;0;0;0;0;0;0;0;0;0;"POINT(4.8500459,52.3838317)";"POINT(52.3838317,4.8500459)";4.8500459;52.3838317;
166;"Kerk De Duif";2070;3;3;2440;118.2;"D66";678;0;"VVD";639;0;639;243;55;62;67;678;18;462;2;146;18;2;1;1;1;23;1;0;0;10;11;0;0;0;17;0;0;0;0;0;0;0;0;0;0;0;0;0;0;0;0;0;0;0;0;0;0;0;0;0;"POINT(4.8967068,52.3614356)";"POINT(52.3614356,4.8967068)";4.8967068;52.3614356;
167;"KHL Koffiehuis";1177;2;2;1466;124.9;"GroenLinks";382;0;"D66";363;0;252;181;38;67;26;363;14;382;0;77;8;0;3;8;5;14;0;0;0;9;15;2;2;0;21;0;0;0;0;0;0;0;0;0;0;0;0;0;0;0;0;0;0;0;0;0;0;0;0;0;"POINT(4.93629,52.3740431)";"POINT(52.3740431,4.93629)";4.93629;52.3740431;
168;"Kidz en Friends";1725;6;11;609;36.3;"PvdA";95;0;"Artikel 1";92;0;45;95;48;64;10;53;48;79;0;12;15;0;1;36;2;2;0;1;0;4;92;2;0;0;10;0;0;0;0;0;0;0;0;0;0;0;0;0;0;0;0;0;0;0;0;0;0;0;0;0;"POINT(4.9559209,52.3092696)";"POINT(52.3092696,4.9559209)";4.9559209;52.3092696;
169;"Kindervreugd";1534;5;12;923;61.3;"DENK";199;0;"GroenLinks";198;0;49;70;60;85;10;97;17;198;3;48;16;0;1;199;0;6;2;0;0;5;57;0;0;0;11;0;0;0;0;0;0;0;0;0;0;0;0;0;0;0;0;0;0;0;0;0;0;0;0;0;"POINT(4.9464562,52.3647696)";"POINT(52.3647696,4.9464562)";4.9464562;52.3647696;
170;"Knijn Bowling";1460;1;5;1587;109.1;"D66";445;0;"VVD";440;0;440;115;64;54;61;445;19;239;2;80;15;2;3;11;2;24;0;0;0;4;4;1;1;1;16;0;0;0;0;0;0;0;0;0;0;0;0;0;0;0;0;0;0;0;0;0;0;0;0;0;"POINT(4.8913639,52.344319)";"POINT(52.344319,4.8913639)";4.8913639;52.344319;
171;"Kompaszaal";1428;2;3;1195;84.0;"GroenLinks";287;0;"D66";254;0;198;150;45;66;31;254;7;287;0;74;13;0;0;15;2;24;0;1;3;6;19;0;0;0;12;0;0;0;0;0;0;0;0;0;0;0;0;0;0;0;0;0;0;0;0;0;0;0;0;0;"POINT(4.940089,52.3773352)";"POINT(52.3773352,4.940089)";4.940089;52.3773352;
172;"Koningskerk";2377;0;10;1433;60.7;"GroenLinks";269;0;"D66";211;0;205;156;143;113;64;211;26;269;1;98;33;14;6;37;0;16;1;1;2;4;29;2;1;1;33;0;0;0;0;0;0;0;0;0;0;0;0;0;0;0;0;0;0;0;0;0;0;0;0;0;"POINT(4.9362719,52.3483283)";"POINT(52.3483283,4.9362719)";4.9362719;52.3483283;
173;"Korfbalvereniging Swift";2436;2;2;1841;75.7;"GroenLinks";475;0;"D66";404;0;286;244;66;79;35;404;32;475;5;140;26;0;2;4;3;16;0;1;2;8;11;1;1;0;23;0;0;0;0;0;0;0;0;0;0;0;0;0;0;0;0;0;0;0;0;0;0;0;0;0;"POINT(4.9097588,52.3681761)";"POINT(52.3681761,4.9097588)";4.9097588;52.3681761;
174;"Kringloopbedrijf De Lokatie";1193;0;11;925;78.5;"GroenLinks";225;0;"D66";135;0;75;58;94;59;22;135;11;225;1;87;20;0;2;90;1;10;1;0;1;7;26;0;0;0;13;0;0;0;0;0;0;0;0;0;0;0;0;0;0;0;0;0;0;0;0;0;0;0;0;0;"POINT(4.9047491,52.3927847)";"POINT(52.3927847,4.9047491)";4.9047491;52.3927847;
175;"Leger des Heils";1037;1;4;693;67.3;"GroenLinks";181;0;"D66";135;0;103;55;46;38;15;135;23;181;2;60;11;0;2;1;0;12;1;0;1;2;3;2;0;0;10;0;0;0;0;0;0;0;0;0;0;0;0;0;0;0;0;0;0;0;0;0;0;0;0;0;"POINT(4.8993642,52.3735358)";"POINT(52.3735358,4.8993642)";4.8993642;52.3735358;
176;"Leonardo da Vinci school";1584;2;3;939;59.6;"D66";234;0;"GroenLinks";200;0;189;61;42;49;25;234;8;200;1;80;9;0;3;12;0;12;0;0;1;4;9;0;0;0;9;0;0;0;0;0;0;0;0;0;0;0;0;0;0;0;0;0;0;0;0;0;0;0;0;0;"POINT(4.8760712,52.3674628)";"POINT(52.3674628,4.8760712)";4.8760712;52.3674628;
177;"Louis Bouwmeesterschool";2928;5;22;1555;54.0;"GroenLinks";230;0;"DENK";209;0;166;137;204;144;68;169;23;230;2;76;58;2;2;209;0;16;4;0;0;7;34;3;0;1;21;0;0;0;0;0;0;0;0;0;0;0;0;0;0;0;0;0;0;0;0;0;0;0;0;0;"POINT(4.82005,52.3553435)";"POINT(52.3553435,4.82005)";4.82005;52.3553435;
178;"Lucas Community";1474;10;20;1270;88.2;"PVV";213;0;"DENK";197;0;120;133;213;113;61;131;22;109;4;39;76;2;1;197;4;22;1;0;0;2;20;0;0;0;14;0;0;0;0;0;0;0;0;0;0;0;0;0;0;0;0;0;0;0;0;0;0;0;0;0;"POINT(4.8006818,52.3636328)";"POINT(52.3636328,4.8006818)";4.8006818;52.3636328;
179;"Marcanti College";1404;1;4;960;68.7;"GroenLinks";221;0;"D66";201;0;122;61;73;57;31;201;12;221;1;59;14;1;1;67;0;16;0;0;0;7;14;2;0;0;12;0;0;0;0;0;0;0;0;0;0;0;0;0;0;0;0;0;0;0;0;0;0;0;0;0;"POINT(4.866142,52.3752104)";"POINT(52.3752104,4.866142)";4.866142;52.3752104;
180;"Marius ten Catehof";1177;1;6;981;83.9;"VVD";264;0;"D66";173;0;264;80;93;65;64;173;14;96;1;62;33;3;1;2;1;16;1;0;1;4;4;2;0;1;15;0;0;0;0;0;0;0;0;0;0;0;0;0;0;0;0;0;0;0;0;0;0;0;0;0;"POINT(4.8588259,52.3273093)";"POINT(52.3273093,4.8588259)";4.8588259;52.3273093;
181;"Mazzo";1411;1;5;1272;90.6;"D66";309;0;"GroenLinks";299;0;223;91;50;73;36;309;7;299;1;121;2;0;0;16;3;26;0;1;1;6;6;1;0;0;13;0;0;0;0;0;0;0;0;0;0;0;0;0;0;0;0;0;0;0;0;0;0;0;0;0;"POINT(4.8791768,52.373181)";"POINT(52.373181,4.8791768)";4.8791768;52.373181;
182;"MC Slotervaart";1463;4;8;1394;96.1;"GroenLinks";292;0;"D66";271;0;232;125;81;64;60;271;18;292;0;92;22;1;8;80;1;21;1;0;0;7;15;0;0;3;21;0;0;0;0;0;0;0;0;0;0;0;0;0;0;0;0;0;0;0;0;0;0;0;0;0;"POINT(4.8245962,52.3475615)";"POINT(52.3475615,4.8245962)";4.8245962;52.3475615;
183;"Menno Simonszhuis/Dynamo";824;3;1;765;93.3;"VVD";238;0;"D66";129;0;238;72;65;34;44;129;18;64;1;44;22;0;2;2;1;21;0;0;1;1;4;1;0;1;8;0;0;0;0;0;0;0;0;0;0;0;0;0;0;0;0;0;0;0;0;0;0;0;0;0;"POINT(4.8665192,52.3267867)";"POINT(52.3267867,4.8665192)";4.8665192;52.3267867;
184;"Mentrum";2750;6;4;2767;101.0;"GroenLinks";668;0;"D66";659;0;545;230;76;145;58;659;30;668;5;228;19;1;2;20;2;36;1;0;1;14;25;2;0;0;28;0;0;0;0;0;0;0;0;0;0;0;0;0;0;0;0;0;0;0;0;0;0;0;0;0;"POINT(4.8736508,52.3646819)";"POINT(52.3646819,4.8736508)";4.8736508;52.3646819;
185;"Mixtup";1459;1;6;1282;88.3;"D66";313;0;"GroenLinks";304;0;247;112;50;58;16;313;6;304;1;113;7;0;4;10;2;22;1;0;0;9;6;0;1;0;18;0;0;0;0;0;0;0;0;0;0;0;0;0;0;0;0;0;0;0;0;0;0;0;0;0;"POINT(4.8904979,52.3574645)";"POINT(52.3574645,4.8904979)";4.8904979;52.3574645;
186;"MKC Zeeburgereiland";1428;0;0;611;42.8;"GroenLinks";180;0;"D66";155;0;90;40;17;18;10;155;4;180;1;46;4;1;1;10;3;7;0;0;0;9;14;0;1;0;16;0;0;0;0;0;0;0;0;0;0;0;0;0;0;0;0;0;0;0;0;0;0;0;0;0;"POINT(4.9699471,52.3724486)";"POINT(52.3724486,4.9699471)";4.9699471;52.3724486;
187;"Molen van Sloten";953;1;1;997;104.8;"VVD";249;0;"D66";177;0;249;52;123;40;58;177;11;125;2;69;48;2;3;6;4;16;0;0;1;5;3;2;1;0;20;0;0;0;0;0;0;0;0;0;0;0;0;0;0;0;0;0;0;0;0;0;0;0;0;0;"POINT(4.7922132,52.3415534)";"POINT(52.3415534,4.7922132)";4.7922132;52.3415534;
188;"Montessori College Oost";1379;0;6;687;50.3;"GroenLinks";182;0;"D66";150;0;73;53;25;35;16;150;15;182;2;49;4;0;0;44;0;4;0;0;4;7;23;0;0;1;14;0;0;0;0;0;0;0;0;0;0;0;0;0;0;0;0;0;0;0;0;0;0;0;0;0;"POINT(4.9298031,52.3580557)";"POINT(52.3580557,4.9298031)";4.9298031;52.3580557;
189;"Montessorischool Steigereiland";1523;3;11;1372;91.0;"D66";311;0;"GroenLinks";291;0;233;114;38;77;39;311;22;291;0;84;10;2;3;72;2;21;3;1;0;7;41;1;0;0;19;0;0;0;0;0;0;0;0;0;0;0;0;0;0;0;0;0;0;0;0;0;0;0;0;0;"POINT(4.9822099,52.3609778)";"POINT(52.3609778,4.9822099)";4.9822099;52.3609778;
190;"Muiderkerk";1376;3;14;1361;100.1;"GroenLinks";413;0;"D66";308;0;163;85;42;74;14;308;17;413;0;113;18;1;1;52;0;19;0;0;1;13;27;0;0;0;16;0;0;0;0;0;0;0;0;0;0;0;0;0;0;0;0;0;0;0;0;0;0;0;0;0;"POINT(4.9244211,52.3616835)";"POINT(52.3616835,4.9244211)";4.9244211;52.3616835;
191;"Multicultureel Centrum";1359;5;13;1132;84.6;"GroenLinks";251;0;"DENK";246;0;88;84;61;63;18;171;11;251;2;71;4;1;1;246;1;8;2;0;1;7;41;0;0;0;15;0;0;0;0;0;0;0;0;0;0;0;0;0;0;0;0;0;0;0;0;0;0;0;0;0;"POINT(4.9171412,52.3532492)";"POINT(52.3532492,4.9171412)";4.9171412;52.3532492;
192;"Multifunctioneel Centrum Binnenhof";2683;2;16;2571;96.5;"VVD";743;0;"D66";461;0;743;203;235;142;111;461;42;308;9;114;76;9;4;26;1;46;2;0;0;7;24;7;0;1;40;0;0;0;0;0;0;0;0;0;0;0;0;0;0;0;0;0;0;0;0;0;0;0;0;0;"POINT(4.8782351,52.3323027)";"POINT(52.3323027,4.8782351)";4.8782351;52.3323027;
193;"Munduscollege";1293;1;11;760;59.7;"GroenLinks";116;0;"DENK";105;0;86;54;90;69;27;96;13;116;2;43;26;0;4;105;0;9;1;1;1;5;10;0;0;2;16;0;0;0;0;0;0;0;0;0;0;0;0;0;0;0;0;0;0;0;0;0;0;0;0;0;"POINT(4.8315561,52.3766142)";"POINT(52.3766142,4.8315561)";4.8315561;52.3766142;
194;"Museum Amsterdam Noord";1167;0;3;610;52.5;"GroenLinks";150;0;"D66";95;0;56;50;66;54;11;95;6;150;1;75;12;0;1;21;0;4;0;1;0;3;4;0;0;0;6;0;0;0;0;0;0;0;0;0;0;0;0;0;0;0;0;0;0;0;0;0;0;0;0;0;"POINT(4.9260261,52.3881232)";"POINT(52.3881232,4.9260261)";4.9260261;52.3881232;
195;"Museumwerf `t Kromhout";2679;3;7;1901;71.3;"GroenLinks";577;0;"D66";370;0;195;264;48;130;34;370;19;577;4;157;21;0;0;15;1;22;1;3;0;15;25;0;0;0;24;0;0;0;0;0;0;0;0;0;0;0;0;0;0;0;0;0;0;0;0;0;0;0;0;0;"POINT(4.92045,52.3679663)";"POINT(52.3679663,4.92045)";4.92045;52.3679663;
196;"Muziekschool Noord";1529;4;13;891;59.4;"DENK";156;0;"GroenLinks";139;0;96;65;118;65;16;91;21;139;5;38;30;1;3;156;0;13;0;0;0;6;28;0;0;0;15;0;0;0;0;0;0;0;0;0;0;0;0;0;0;0;0;0;0;0;0;0;0;0;0;0;"POINT(4.9511378,52.3947608)";"POINT(52.3947608,4.9511378)";4.9511378;52.3947608;
197;"Narcis-Queridoschool";4831;5;19;2504;52.3;"D66";496;0;"GroenLinks";492;0;272;184;154;176;47;496;21;492;3;176;39;0;5;323;2;36;1;2;4;16;53;1;0;1;35;0;0;0;0;0;0;0;0;0;0;0;0;0;0;0;0;0;0;0;0;0;0;0;0;0;"POINT(4.860645,52.3793646)";"POINT(52.3793646,4.860645)";4.860645;52.3793646;
198;"NH Amsterdam Zuid";1119;1;0;1006;90.0;"VVD";369;0;"D66";199;0;369;81;86;27;44;199;24;91;2;25;18;0;3;1;1;19;0;0;2;7;7;0;0;0;15;0;0;0;0;0;0;0;0;0;0;0;0;0;0;0;0;0;0;0;0;0;0;0;0;0;"POINT(4.8800452,52.326657)";"POINT(52.326657,4.8800452)";4.8800452;52.326657;
199;"NH Carlton Amsterdam";946;0;1;682;72.2;"D66";211;0;"VVD";167;0;167;45;15;17;10;211;5;128;0;44;4;0;2;4;0;13;1;0;0;11;4;0;0;1;15;0;0;0;0;0;0;0;0;0;0;0;0;0;0;0;0;0;0;0;0;0;0;0;0;0;"POINT(4.8930552,52.3664099)";"POINT(52.3664099,4.8930552)";4.8930552;52.3664099;
200;"NH Grand Hotel Krasnapolsky";903;0;11;1340;149.6;"D66";367;0;"GroenLinks";332;0;266;70;32;45;22;367;9;332;1;114;7;1;2;14;2;24;1;1;1;9;18;1;0;1;20;0;0;0;0;0;0;0;0;0;0;0;0;0;0;0;0;0;0;0;0;0;0;0;0;0;"POINT(4.8942478,52.3727042)";"POINT(52.3727042,4.8942478)";4.8942478;52.3727042;
201;"NH Museum Quarter";1485;2;2;936;63.3;"VVD";278;0;"D66";227;0;278;78;26;38;29;227;10;168;1;45;8;1;0;4;0;11;0;1;0;6;3;1;0;1;11;0;0;0;0;0;0;0;0;0;0;0;0;0;0;0;0;0;0;0;0;0;0;0;0;0;"POINT(4.8861272,52.3558127)";"POINT(52.3558127,4.8861272)";4.8861272;52.3558127;
202;"Nieuw Vredenburgh";2102;0;11;1633;78.2;"D66";374;0;"GroenLinks";347;0;234;108;94;91;49;374;22;347;3;128;36;1;5;81;1;21;0;0;1;15;20;1;0;1;28;0;0;0;0;0;0;0;0;0;0;0;0;0;0;0;0;0;0;0;0;0;0;0;0;0;"POINT(4.8512571,52.3638198)";"POINT(52.3638198,4.8512571)";4.8512571;52.3638198;
203;"Noorderkerk";1995;4;1;1715;86.2;"GroenLinks";384;0;"D66";359;0;269;174;94;109;35;359;20;384;1;173;20;1;1;12;0;33;2;0;2;16;8;2;0;0;25;0;0;0;0;0;0;0;0;0;0;0;0;0;0;0;0;0;0;0;0;0;0;0;0;0;"POINT(4.8863151,52.3795325)";"POINT(52.3795325,4.8863151)";4.8863151;52.3795325;
204;"Noordmansschool";2279;5;18;1236;55.2;"DENK";289;0;"GroenLinks";192;0;120;93;101;102;32;161;28;192;0;43;35;1;3;289;0;5;0;1;1;4;19;4;0;2;16;0;0;0;0;0;0;0;0;0;0;0;0;0;0;0;0;0;0;0;0;0;0;0;0;0;"POINT(4.8244431,52.3758933)";"POINT(52.3758933,4.8244431)";4.8244431;52.3758933;
205;"Nowhere";2242;4;5;957;43.1;"GroenLinks";253;0;"D66";202;0;61;74;46;56;11;202;10;253;2;54;13;3;4;113;1;10;1;0;0;7;31;4;1;0;23;0;0;0;0;0;0;0;0;0;0;0;0;0;0;0;0;0;0;0;0;0;0;0;0;0;"POINT(4.9364188,52.3642737)";"POINT(52.3642737,4.9364188)";4.9364188;52.3642737;
206;"O.B.S. Slootermeerschool";2741;10;39;1632;61.3;"DENK";500;0;"GroenLinks";171;0;133;133;145;111;44;169;40;171;1;61;60;3;4;500;2;13;1;2;1;2;28;3;1;4;24;0;0;0;0;0;0;0;0;0;0;0;0;0;0;0;0;0;0;0;0;0;0;0;0;0;"POINT(4.832164,52.3820235)";"POINT(52.3820235,4.832164)";4.832164;52.3820235;
207;"OBA IJburg";1274;1;5;1172;92.5;"D66";245;0;"GroenLinks";189;0;181;117;78;65;39;245;19;189;1;60;13;1;3;102;1;27;0;0;1;4;26;0;0;0;11;0;0;0;0;0;0;0;0;0;0;0;0;0;0;0;0;0;0;0;0;0;0;0;0;0;"POINT(4.9969442,52.3566062)";"POINT(52.3566062,4.9969442)";4.9969442;52.3566062;
208;"OBA Mercatorplein";1189;0;8;1163;98.5;"GroenLinks";281;0;"D66";280;0;203;86;40;75;25;280;7;281;0;72;11;0;1;38;3;11;0;0;0;11;19;0;0;0;15;0;0;0;0;0;0;0;0;0;0;0;0;0;0;0;0;0;0;0;0;0;0;0;0;0;"POINT(4.8502648,52.3693778)";"POINT(52.3693778,4.8502648)";4.8502648;52.3693778;
209;"OBA Molenwijk";1281;0;11;1371;107.9;"GroenLinks";191;0;"PVV";189;0;181;115;189;133;86;139;33;191;4;83;56;1;9;82;4;25;0;2;1;7;29;1;0;0;29;0;0;0;0;0;0;0;0;0;0;0;0;0;0;0;0;0;0;0;0;0;0;0;0;0;"POINT(4.8929832,52.4177901)";"POINT(52.4177901,4.8929832)";4.8929832;52.4177901;
210;"OBA Oosterdokskade";622;1;1;926;149.2;"GroenLinks";286;0;"D66";217;0;107;75;15;47;15;217;11;286;1;80;7;0;0;22;0;11;0;1;1;10;20;0;0;0;13;0;0;0;0;0;0;0;0;0;0;0;0;0;0;0;0;0;0;0;0;0;0;0;0;0;"POINT(4.908385,52.3758093)";"POINT(52.3758093,4.908385)";4.908385;52.3758093;
211;"OBA Osdorp";943;0;5;654;69.9;"DENK";116;0;"GroenLinks";105;0;85;55;51;55;16;73;10;105;0;28;24;3;1;116;0;4;0;0;0;1;27;0;0;0;5;0;0;0;0;0;0;0;0;0;0;0;0;0;0;0;0;0;0;0;0;0;0;0;0;0;"POINT(4.806793,52.3589179)";"POINT(52.3589179,4.806793)";4.806793;52.3589179;
212;"OBA Slotermeer";1457;6;27;1448;101.6;"DENK";536;0;"GroenLinks";190;0;103;93;100;111;43;122;24;190;4;40;25;2;3;536;2;11;0;0;1;3;33;1;0;1;17;0;0;0;0;0;0;0;0;0;0;0;0;0;0;0;0;0;0;0;0;0;0;0;0;0;"POINT(4.8202431,52.3793036)";"POINT(52.3793036,4.8202431)";4.8202431;52.3793036;
213;"OBA Van Hallstraat";3037;3;17;2572;85.3;"GroenLinks";633;0;"D66";631;0;403;138;112;104;61;631;24;633;3;176;35;2;5;149;4;31;1;3;0;9;43;2;1;2;32;0;0;0;0;0;0;0;0;0;0;0;0;0;0;0;0;0;0;0;0;0;0;0;0;0;"POINT(4.8720529,52.3796584)";"POINT(52.3796584,4.8720529)";4.8720529;52.3796584;
214;"Obrechtkerk";1515;3;4;1734;114.9;"VVD";600;0;"D66";437;0;600;150;32;37;77;437;8;264;2;76;8;0;6;0;0;25;2;0;3;3;3;0;0;1;17;0;0;0;0;0;0;0;0;0;0;0;0;0;0;0;0;0;0;0;0;0;0;0;0;0;"POINT(4.875354,52.3557669)";"POINT(52.3557669,4.875354)";4.875354;52.3557669;
215;"OBS Aldoende";1528;3;6;1341;88.4;"GroenLinks";402;0;"D66";263;0;168;98;38;92;12;263;7;402;2;106;6;0;2;77;0;10;2;0;0;7;48;0;1;0;14;0;0;0;0;0;0;0;0;0;0;0;0;0;0;0;0;0;0;0;0;0;0;0;0;0;"POINT(4.9112389,52.3588797)";"POINT(52.3588797,4.9112389)";4.9112389;52.3588797;
216;"OBS Buikslotermeerschool";1618;0;18;1054;66.3;"GroenLinks";214;0;"D66";119;0;106;112;100;92;36;119;19;214;3;47;26;0;1;110;2;20;0;0;0;9;36;2;0;0;17;0;0;0;0;0;0;0;0;0;0;0;0;0;0;0;0;0;0;0;0;0;0;0;0;0;"POINT(4.93484,52.3966834)";"POINT(52.3966834,4.93484)";4.93484;52.3966834;
217;"OBS De Bonkelaar";3371;3;8;1482;44.3;"PVV";304;0;"VVD";242;0;242;113;304;152;60;136;16;140;3;62;71;1;5;85;5;31;2;0;1;9;39;3;0;2;31;0;0;0;0;0;0;0;0;0;0;0;0;0;0;0;0;0;0;0;0;0;0;0;0;0;"POINT(4.8897421,52.4210211)";"POINT(52.4210211,4.8897421)";4.8897421;52.4210211;
218;"OBS De Driemaster";1320;3;5;742;56.8;"PVV";106;0;"GroenLinks";95;0;70;90;106;86;20;83;19;95;0;28;34;1;0;66;0;10;0;1;1;6;26;0;0;0;9;0;0;0;0;0;0;0;0;0;0;0;0;0;0;0;0;0;0;0;0;0;0;0;0;0;"POINT(4.9208701,52.407685)";"POINT(52.407685,4.9208701)";4.9208701;52.407685;
219;"Obs de Horizon";3405;7;19;2628;77.9;"VVD";484;0;"D66";397;0;484;222;281;190;114;397;59;281;0;75;88;7;14;280;8;36;1;2;1;6;74;5;0;3;47;0;0;0;0;0;0;0;0;0;0;0;0;0;0;0;0;0;0;0;0;0;0;0;0;0;"POINT(4.7883942,52.3505217)";"POINT(52.3505217,4.7883942)";4.7883942;52.3505217;
220;"OBS De Kinderboom";1393;7;6;908;66.1;"GroenLinks";159;0;"DENK";155;0;40;79;97;122;12;86;13;159;0;54;13;0;3;155;3;8;0;0;0;9;53;2;0;0;17;0;0;0;0;0;0;0;0;0;0;0;0;0;0;0;0;0;0;0;0;0;0;0;0;0;"POINT(4.9202778,52.3885924)";"POINT(52.3885924,4.9202778)";4.9202778;52.3885924;
221;"OBS De Kleine Kapitein";1373;4;0;1221;89.2;"D66";315;0;"GroenLinks";298;0;212;146;34;48;29;315;9;298;1;67;15;2;0;12;3;15;0;1;2;3;9;0;0;0;12;0;0;0;0;0;0;0;0;0;0;0;0;0;0;0;0;0;0;0;0;0;0;0;0;0;"POINT(4.9227998,52.3792044)";"POINT(52.3792044,4.9227998)";4.9227998;52.3792044;
222;"OBS De Klimop";1487;1;17;827;56.8;"GroenLinks";152;0;"DENK";125;0;50;65;114;96;11;90;10;152;0;55;18;0;0;125;2;6;1;0;0;5;27;0;0;0;8;0;0;0;0;0;0;0;0;0;0;0;0;0;0;0;0;0;0;0;0;0;0;0;0;0;"POINT(4.9161341,52.3900687)";"POINT(52.3900687,4.9161341)";4.9161341;52.3900687;
223;"OBS De Krijtmolen";1531;2;11;1024;67.7;"PVV";171;0;"VVD";143;0;143;86;171;89;57;121;15;121;0;54;46;1;2;61;0;21;0;0;0;5;0;30;1;0;39;0;0;0;0;0;0;0;0;0;0;0;0;0;0;0;0;0;0;0;0;0;0;0;0;0;"POINT(4.8919008,52.4198538)";"POINT(52.4198538,4.8919008)";4.8919008;52.4198538;
224;"OBS De Vier Windstreken";2871;4;32;1707;60.7;"DENK";394;0;"PVV";295;0;112;100;295;205;42;120;39;170;5;44;85;1;7;394;0;24;0;0;0;6;51;1;4;2;26;0;0;0;0;0;0;0;0;0;0;0;0;0;0;0;0;0;0;0;0;0;0;0;0;0;"POINT(4.921953,52.410977)";"POINT(52.410977,4.921953)";4.921953;52.410977;
225;"OBS De Vijfsterren";1642;0;10;1045;64.3;"DENK";225;0;"GroenLinks";150;0;134;96;91;62;52;112;17;150;3;30;16;2;0;225;1;7;2;0;1;1;42;1;0;0;11;0;0;0;0;0;0;0;0;0;0;0;0;0;0;0;0;0;0;0;0;0;0;0;0;0;"POINT(4.95912,52.3942877)";"POINT(52.3942877,4.95912)";4.95912;52.3942877;
226;"Obs De Vlaamse Reus";3650;4;8;2635;72.5;"VVD";458;0;"PVV";374;0;458;239;374;213;141;361;39;300;4;115;135;1;6;151;6;42;1;2;0;8;35;1;1;2;32;0;0;0;0;0;0;0;0;0;0;0;0;0;0;0;0;0;0;0;0;0;0;0;0;0;"POINT(4.8178022,52.3474661)";"POINT(52.3474661,4.8178022)";4.8178022;52.3474661;
227;"OBS Oranje Nassauschool";2311;4;7;1363;59.5;"PVV";271;0;"GroenLinks";238;0;69;94;271;167;31;151;19;238;2;93;59;1;8;82;2;23;0;0;1;7;43;1;0;1;23;0;0;0;0;0;0;0;0;0;0;0;0;0;0;0;0;0;0;0;0;0;0;0;0;0;"POINT(4.9155099,52.3934714)";"POINT(52.3934714,4.9155099)";4.9155099;52.3934714;
228;"OBS Twiskeschool";2145;4;13;1905;89.6;"VVD";324;0;"PVV";311;0;324;134;311;154;106;256;27;286;6;95;74;4;6;36;3;52;1;0;0;9;17;2;0;2;33;0;0;0;0;0;0;0;0;0;0;0;0;0;0;0;0;0;0;0;0;0;0;0;0;0;"POINT(4.902024,52.4189955)";"POINT(52.4189955,4.902024)";4.902024;52.4189955;
229;"Oceaan";1527;0;2;1096;71.9;"GroenLinks";306;0;"D66";297;0;177;101;14;36;22;297;8;306;1;80;0;1;2;13;0;11;0;0;4;6;17;0;0;0;14;0;0;0;0;0;0;0;0;0;0;0;0;0;0;0;0;0;0;0;0;0;0;0;0;0;"POINT(4.9466102,52.3714377)";"POINT(52.3714377,4.9466102)";4.9466102;52.3714377;
230;"Olympiaschool";1519;1;1;1144;75.4;"VVD";312;0;"D66";278;0;312;91;49;58;29;278;7;183;1;75;18;2;3;8;0;18;0;0;1;3;6;2;0;0;12;0;0;0;0;0;0;0;0;0;0;0;0;0;0;0;0;0;0;0;0;0;0;0;0;0;"POINT(4.8622749,52.3433119)";"POINT(52.3433119,4.8622749)";4.8622749;52.3433119;
231;"Olympisch Stadion";1781;1;4;1204;67.9;"VVD";355;0;"D66";309;0;355;81;54;40;37;309;9;204;0;62;10;0;2;9;1;14;1;1;0;6;8;1;0;0;12;0;0;0;0;0;0;0;0;0;0;0;0;0;0;0;0;0;0;0;0;0;0;0;0;0;"POINT(4.8551228,52.3437964)";"POINT(52.3437964,4.8551228)";4.8551228;52.3437964;
232;"Onze Lieve Vrouwe Gasthuis";1553;1;13;2032;131.7;"GroenLinks";476;0;"D66";418;0;264;186;74;155;51;418;23;476;3;117;28;2;4;136;2;26;1;1;2;0;62;1;0;0;16;0;0;0;0;0;0;0;0;0;0;0;0;0;0;0;0;0;0;0;0;0;0;0;0;0;"POINT(4.9169252,52.35838)";"POINT(52.35838,4.9169252)";4.9169252;52.35838;
233;"Open Schoolgemeenschap Bijlmer";2724;3;18;1541;57.3;"Artikel 1";258;0;"GroenLinks";239;0;114;190;112;156;39;153;70;239;1;53;49;1;3;85;2;4;1;0;0;5;258;5;0;1;19;0;0;0;0;0;0;0;0;0;0;0;0;0;0;0;0;0;0;0;0;0;0;0;0;0;"POINT(4.9653928,52.3186156)";"POINT(52.3186156,4.9653928)";4.9653928;52.3186156;
234;"Oranjekerk";3073;4;10;2766;90.5;"D66";649;0;"GroenLinks";616;0;526;219;87;151;63;649;22;616;3;241;27;4;6;62;1;42;1;0;1;16;26;3;0;0;35;0;0;0;0;0;0;0;0;0;0;0;0;0;0;0;0;0;0;0;0;0;0;0;0;0;"POINT(4.895436,52.3529288)";"POINT(52.3529288,4.895436)";4.895436;52.3529288;
235;"Orion College Amsterdam";1106;1;3;624;56.8;"PVV";147;0;"GroenLinks";126;0;47;70;147;73;17;71;3;126;1;39;22;0;2;2;0;0;0;0;0;1;3;0;0;0;4;0;0;0;0;0;0;0;0;0;0;0;0;0;0;0;0;0;0;0;0;0;0;0;0;0;"POINT(4.9304178,52.3924452)";"POINT(52.3924452,4.9304178)";4.9304178;52.3924452;
236;"Osdorpse Montessorischool";1006;3;5;805;80.8;"DENK";153;0;"PVV";126;0;86;64;126;77;31;107;10;74;1;19;34;0;0;153;1;7;0;1;1;3;7;1;2;0;10;0;0;0;0;0;0;0;0;0;0;0;0;0;0;0;0;0;0;0;0;0;0;0;0;0;"POINT(4.8026149,52.3539626)";"POINT(52.3539626,4.8026149)";4.8026149;52.3539626;
237;"Ouder en Kindcentrum Pontanusstraat";1391;2;1;1130;81.5;"GroenLinks";318;0;"D66";243;0;120;91;41;64;18;243;12;318;1;80;9;0;2;74;0;10;0;2;1;9;34;1;0;0;16;0;0;0;0;0;0;0;0;0;0;0;0;0;0;0;0;0;0;0;0;0;0;0;0;0;"POINT(4.9299958,52.3606879)";"POINT(52.3606879,4.9299958)";4.9299958;52.3606879;
238;"Ouderencentrum De Gooyer";1556;1;14;1264;82.2;"GroenLinks";251;0;"D66";194;0;77;121;138;98;20;194;16;251;1;85;31;1;2;141;2;10;3;0;1;7;65;0;0;0;17;0;0;0;0;0;0;0;0;0;0;0;0;0;0;0;0;0;0;0;0;0;0;0;0;0;"POINT(4.926934,52.364308)";"POINT(52.364308,4.926934)";4.926934;52.364308;
239;"Oud-Katholieke Kerk";1572;1;5;1418;90.6;"VVD";408;0;"D66";361;0;408;117;24;51;25;361;15;271;1;100;4;2;2;8;1;17;0;0;0;6;4;1;0;0;13;0;0;0;0;0;0;0;0;0;0;0;0;0;0;0;0;0;0;0;0;0;0;0;0;0;"POINT(4.8846929,52.3541533)";"POINT(52.3541533,4.8846929)";4.8846929;52.3541533;
240;"Panama Amsterdam";1460;1;5;993;68.4;"D66";268;0;"GroenLinks";233;0;232;77;26;23;11;268;12;233;2;58;5;2;4;11;1;15;0;1;0;5;7;0;0;0;15;0;0;0;0;0;0;0;0;0;0;0;0;0;0;0;0;0;0;0;0;0;0;0;0;0;"POINT(4.930804,52.374848)";"POINT(52.374848,4.930804)";4.930804;52.374848;
241;"Park Plaza Victoria Amsterdam";712;1;1;419;59.1;"D66";94;0;"VVD - GROENLINKS";83;0;83;23;27;22;11;94;4;83;0;36;3;1;0;15;1;6;1;0;4;3;2;0;0;0;10;0;0;0;0;0;0;0;0;0;0;0;0;0;0;0;0;0;0;0;0;0;0;0;0;0;"POINT(4.8971932,52.3772551)";"POINT(52.3772551,4.8971932)";4.8971932;52.3772551;
242;"Pastorie Vredeskerk";1599;1;2;1353;84.8;"D66";339;0;"VVD";318;0;318;79;51;74;28;339;17;287;0;85;17;3;0;17;0;17;0;1;0;8;11;0;0;1;13;0;0;0;0;0;0;0;0;0;0;0;0;0;0;0;0;0;0;0;0;0;0;0;0;0;"POINT(4.8900511,52.3501555)";"POINT(52.3501555,4.8900511)";4.8900511;52.3501555;
243;"PlusPunt Eigenwijks Geuzenveld";1535;6;19;1319;87.6;"DENK";461;0;"GroenLinks";165;0;105;69;91;97;31;144;29;165;5;34;33;2;2;461;2;4;1;0;0;7;36;1;0;0;20;0;0;0;0;0;0;0;0;0;0;0;0;0;0;0;0;0;0;0;0;0;0;0;0;0;"POINT(4.8027389,52.3780142)";"POINT(52.3780142,4.8027389)";4.8027389;52.3780142;
244;"Portocabin IJselplein";2893;2;5;1997;69.3;"D66";458;0;"VVD";415;0;415;173;112;117;55;458;22;398;1;131;23;0;4;36;1;17;0;0;0;13;18;2;0;1;22;0;0;0;0;0;0;0;0;0;0;0;0;0;0;0;0;0;0;0;0;0;0;0;0;0;"POINT(4.9017479,52.3475348)";"POINT(52.3475348,4.9017479)";4.9017479;52.3475348;
245;"Portocabin naast Station Amsterdam";0;4;16;1459;0;"D66";374;0;"VVD";283;0;283;103;52;69;47;374;39;277;4;54;13;0;5;32;1;24;0;0;1;11;67;1;1;1;25;0;0;0;0;0;0;0;0;0;0;0;0;0;0;0;0;0;0;0;0;0;0;0;0;0;"POINT(4.9483969,52.312451)";"POINT(52.312451,4.9483969)";4.9483969;52.312451;
246;"Portocabin Theophile de Bockstraat";2582;3;9;3270;127.1;"D66";783;0;"VVD";721;0;721;224;169;120;100;783;42;655;4;279;40;1;10;29;2;44;1;0;2;22;17;0;4;1;47;0;0;0;0;0;0;0;0;0;0;0;0;0;0;0;0;0;0;0;0;0;0;0;0;0;"POINT(4.8514349,52.3551489)";"POINT(52.3551489,4.8514349)";4.8514349;52.3551489;
247;"Posthoornkerk";1750;2;8;2146;123.2;"GroenLinks";613;0;"D66";480;0;298;221;93;102;42;480;16;613;1;187;23;0;2;9;0;28;0;0;2;14;13;2;0;0;21;0;0;0;0;0;0;0;0;0;0;0;0;0;0;0;0;0;0;0;0;0;0;0;0;0;"POINT(4.8904092,52.3811194)";"POINT(52.3811194,4.8904092)";4.8904092;52.3811194;
248;"Prof. Dr. H. Kraemerschool";2455;4;13;1024;42.4;"DENK";340;0;"PVV";132;0;79;66;132;82;32;85;15;83;4;20;40;0;2;340;0;7;2;0;1;2;32;0;0;0;11;0;0;0;0;0;0;0;0;0;0;0;0;0;0;0;0;0;0;0;0;0;0;0;0;0;"POINT(4.7990639,52.3627974)";"POINT(52.3627974,4.7990639)";4.7990639;52.3627974;
249;"Protestantse Gemeente Nieuwendam";1156;2;3;1057;91.9;"GroenLinks";196;0;"PVV";190;0;112;118;190;106;38;108;14;196;2;70;61;1;5;12;2;8;0;0;0;6;7;1;0;0;17;0;0;0;0;0;0;0;0;0;0;0;0;0;0;0;0;0;0;0;0;0;0;0;0;0;"POINT(4.9405768,52.3916289)";"POINT(52.3916289,4.9405768)";4.9405768;52.3916289;
250;"Q-Factory";2827;6;16;2951;105.2;"GroenLinks";820;0;"D66";682;0;396;271;107;144;69;682;31;820;1;195;26;1;2;118;1;29;0;0;2;15;38;3;0;0;25;0;0;0;0;0;0;0;0;0;0;0;0;0;0;0;0;0;0;0;0;0;0;0;0;0;"POINT(4.9305279,52.3574645)";"POINT(52.3574645,4.9305279)";4.9305279;52.3574645;
251;"R.K. Basisschool De Mijlpaal";2293;1;8;1785;78.2;"GroenLinks";279;0;"D66";267;0;241;192;193;162;82;267;25;279;3;57;52;6;10;139;2;26;0;0;0;8;41;0;0;0;29;0;0;0;0;0;0;0;0;0;0;0;0;0;0;0;0;0;0;0;0;0;0;0;0;0;"POINT(4.8064458,52.3472754)";"POINT(52.3472754,4.8064458)";4.8064458;52.3472754;
252;"Revalidatie- en Zorgcentrum Vreugdehof";2940;0;10;1627;55.7;"VVD";368;0;"D66";256;0;368;117;146;143;102;256;39;188;4;101;61;3;9;27;1;32;2;0;0;3;18;6;0;1;29;0;0;0;0;0;0;0;0;0;0;0;0;0;0;0;0;0;0;0;0;0;0;0;0;0;"POINT(4.8842771,52.3338477)";"POINT(52.3338477,4.8842771)";4.8842771;52.3338477;
253;"ROC Elandsstraat";0;0;1;185;0;"GroenLinks";57;0;"D66";46;0;20;6;7;15;1;46;2;57;0;21;0;0;1;0;0;5;0;1;0;2;1;0;0;0;4;0;0;0;0;0;0;0;0;0;0;0;0;0;0;0;0;0;0;0;0;0;0;0;0;0;"POINT(4.8790748,52.3698813)";"POINT(52.3698813,4.8790748)";4.8790748;52.3698813;
254;"ROC Noord";0;1;1;92;0;"GroenLinks";20;0;"DENK";19;0;4;6;3;8;3;9;5;20;0;5;1;1;0;19;0;1;0;0;0;2;4;0;0;1;4;0;0;0;0;0;0;0;0;0;0;0;0;0;0;0;0;0;0;0;0;0;0;0;0;0;"POINT(4.9312708,52.4018103)";"POINT(52.4018103,4.9312708)";4.9312708;52.4018103;
255;"ROC TOP De Donge";1501;0;1;1189;79.3;"VVD";301;0;"D66";234;0;301;103;42;50;45;234;19;217;3;45;10;0;0;74;2;14;0;0;4;3;21;2;0;0;14;0;0;0;0;0;0;0;0;0;0;0;0;0;0;0;0;0;0;0;0;0;0;0;0;0;"POINT(4.893903,52.3455626)";"POINT(52.3455626,4.893903)";4.893903;52.3455626;
256;"ROC Westpoort";0;0;3;181;0;"DENK";73;0;"GroenLinks";27;0;20;9;4;12;4;20;0;27;0;6;0;0;0;73;0;2;0;0;0;0;3;1;0;0;1;0;0;0;0;0;0;0;0;0;0;0;0;0;0;0;0;0;0;0;0;0;0;0;0;0;"POINT(4.8416011,52.3867842)";"POINT(52.3867842,4.8416011)";4.8416011;52.3867842;
257;"ROC Zuidoost";0;0;6;235;0;"DENK";56;0;"GroenLinks";47;0;16;12;1;17;2;36;10;47;0;11;1;0;0;56;0;1;1;0;1;1;21;0;1;0;4;0;0;0;0;0;0;0;0;0;0;0;0;0;0;0;0;0;0;0;0;0;0;0;0;0;"POINT(4.9470551,52.3155791)";"POINT(52.3155791,4.9470551)";4.9470551;52.3155791;
258;"Rosa Boekdrukkerschool";3350;7;21;1673;50.8;"GroenLinks";384;0;"D66";342;0;186;95;102;118;26;342;18;384;0;132;18;4;5;184;2;13;1;1;1;11;27;3;0;0;28;0;0;0;0;0;0;0;0;0;0;0;0;0;0;0;0;0;0;0;0;0;0;0;0;0;"POINT(4.8553588,52.3731581)";"POINT(52.3731581,4.8553588)";4.8553588;52.3731581;
259;"SBO De Kans";2823;2;13;1390;49.8;"DENK";430;0;"GroenLinks";173;0;87;79;143;127;41;145;20;173;0;60;19;0;8;430;1;22;4;0;2;3;24;0;0;2;20;0;0;0;0;0;0;0;0;0;0;0;0;0;0;0;0;0;0;0;0;0;0;0;0;0;"POINT(4.812444,52.3725363)";"POINT(52.3725363,4.812444)";4.812444;52.3725363;
260;"SBO De Zeppelin";1241;1;2;885;71.6;"PVV";253;0;"GroenLinks";108;0;88;51;253;103;26;74;8;108;1;44;60;2;2;38;2;11;1;0;0;2;8;3;0;0;13;0;0;0;0;0;0;0;0;0;0;0;0;0;0;0;0;0;0;0;0;0;0;0;0;0;"POINT(4.8947442,52.4100615)";"POINT(52.4100615,4.8947442)";4.8947442;52.4100615;
261;"SBO Kolom/Meander";1356;7;1;1095;81.3;"D66";272;0;"GroenLinks";239;0;229;49;56;49;47;272;7;239;0;84;19;0;3;8;1;21;0;1;1;7;2;0;0;0;13;0;0;0;0;0;0;0;0;0;0;0;0;0;0;0;0;0;0;0;0;0;0;0;0;0;"POINT(4.9037559,52.3436782)";"POINT(52.3436782,4.9037559)";4.9037559;52.3436782;
262;"Scholengemeenschap Reigersbos";1236;1;6;570;46.7;"D66";78;0;"GroenLinks";73;0;53;61;58;61;18;78;17;73;1;22;21;2;0;19;0;4;1;0;1;7;72;1;0;0;13;0;0;0;0;0;0;0;0;0;0;0;0;0;0;0;0;0;0;0;0;0;0;0;0;0;"POINT(4.9775612,52.2968451)";"POINT(52.2968451,4.9775612)";4.9775612;52.2968451;
263;"School As-Siddieq";1410;3;8;1051;75.3;"GroenLinks";247;0;"D66";225;0;103;73;48;47;16;225;9;247;1;71;15;0;1;152;0;14;0;0;0;14;14;1;0;0;17;0;0;0;0;0;0;0;0;0;0;0;0;0;0;0;0;0;0;0;0;0;0;0;0;0;"POINT(4.857094,52.3717085)";"POINT(52.3717085,4.857094)";4.857094;52.3717085;
264;"School De Bron";2076;7;8;1421;69.2;"GroenLinks";403;0;"D66";291;0;170;104;64;100;23;291;5;403;0;129;15;0;2;58;1;10;1;0;0;12;30;1;0;2;19;0;0;0;0;0;0;0;0;0;0;0;0;0;0;0;0;0;0;0;0;0;0;0;0;0;"POINT(4.8744891,52.3823287)";"POINT(52.3823287,4.8744891)";4.8744891;52.3823287;
265;"School De Eilanden";2327;4;2;1687;72.8;"GroenLinks";502;0;"D66";317;0;198;154;73;126;29;317;8;502;1;186;16;0;1;18;3;30;2;1;2;2;11;2;0;5;19;0;0;0;0;0;0;0;0;0;0;0;0;0;0;0;0;0;0;0;0;0;0;0;0;0;"POINT(4.8900669,52.3867613)";"POINT(52.3867613,4.8900669)";4.8900669;52.3867613;
266;"School De Meidoorn";1506;4;11;1380;92.6;"GroenLinks";340;0;"D66";314;0;152;95;62;84;27;314;14;340;0;106;19;1;1;127;1;9;1;1;0;8;15;0;0;3;16;0;0;0;0;0;0;0;0;0;0;0;0;0;0;0;0;0;0;0;0;0;0;0;0;0;"POINT(4.861181,52.3688246)";"POINT(52.3688246,4.861181)";4.861181;52.3688246;
267;"School De Rivieren - gebouw Het Viertje";1511;1;4;1406;93.4;"D66";337;0;"GroenLinks";287;0;275;127;56;86;57;337;14;287;1;78;22;2;2;19;0;18;1;0;1;10;9;1;0;3;21;0;0;0;0;0;0;0;0;0;0;0;0;0;0;0;0;0;0;0;0;0;0;0;0;0;"POINT(4.9042351,52.3442313)";"POINT(52.3442313,4.9042351)";4.9042351;52.3442313;
268;"School De Roos";2883;3;11;2695;94.0;"D66";663;0;"GroenLinks";660;0;424;166;157;115;56;663;27;660;3;174;36;0;5;115;0;30;2;0;1;14;42;1;3;1;30;0;0;0;0;0;0;0;0;0;0;0;0;0;0;0;0;0;0;0;0;0;0;0;0;0;"POINT(4.8608229,52.3742224)";"POINT(52.3742224,4.8608229)";4.8608229;52.3742224;
269;"School De Ster";2749;3;12;1626;59.7;"GroenLinks";234;0;"SP";213;0;165;192;200;213;57;140;58;234;10;78;76;2;5;22;2;23;2;0;1;8;129;5;1;3;39;0;0;0;0;0;0;0;0;0;0;0;0;0;0;0;0;0;0;0;0;0;0;0;0;0;"POINT(4.9876988,52.2942282)";"POINT(52.2942282,4.9876988)";4.9876988;52.2942282;
270;"School De Tamboerijn";3111;3;18;2432;78.8;"GroenLinks";361;0;"SP";300;0;211;272;295;300;87;213;96;361;10;132;130;1;6;37;4;29;0;1;1;19;219;3;0;5;50;0;0;0;0;0;0;0;0;0;0;0;0;0;0;0;0;0;0;0;0;0;0;0;0;0;"POINT(4.9771302,52.294335)";"POINT(52.294335,4.9771302)";4.9771302;52.294335;
271;"School De Witte Olifant";1122;3;3;1298;116.2;"GroenLinks";389;0;"D66";260;0;149;142;55;82;24;260;6;389;2;128;13;1;4;8;0;18;1;0;0;6;8;1;0;1;16;0;0;0;0;0;0;0;0;0;0;0;0;0;0;0;0;0;0;0;0;0;0;0;0;0;"POINT(4.904186,52.3702666)";"POINT(52.3702666,4.904186)";4.904186;52.3702666;
272;"School Het Gein";2597;3;13;2051;79.6;"GroenLinks";334;0;"VVD";303;0;303;261;195;221;72;255;53;334;8;120;86;2;9;6;0;32;1;0;3;11;75;0;0;4;38;0;0;0;0;0;0;0;0;0;0;0;0;0;0;0;0;0;0;0;0;0;0;0;0;0;"POINT(4.9934928,52.2987601)";"POINT(52.2987601,4.9934928)";4.9934928;52.2987601;
273;"Schoolgebouw ROC";1376;4;6;1248;91.4;"GroenLinks";321;0;"D66";269;0;210;95;50;70;28;269;12;321;1;112;19;2;1;24;0;12;0;0;0;10;12;0;0;0;14;0;0;0;0;0;0;0;0;0;0;0;0;0;0;0;0;0;0;0;0;0;0;0;0;0;"POINT(4.874387,52.368344)";"POINT(52.368344,4.874387)";4.874387;52.368344;
274;"Scouting Oost 1";1607;2;1;1110;69.3;"GroenLinks";241;0;"D66";237;0;142;131;77;81;45;237;17;241;0;76;28;0;3;9;0;12;0;0;0;5;6;0;0;0;8;0;0;0;0;0;0;0;0;0;0;0;0;0;0;0;0;0;0;0;0;0;0;0;0;0;"POINT(4.9437792,52.3490492)";"POINT(52.3490492,4.9437792)";4.9437792;52.3490492;
275;"Senioren bewonersruimte";1505;4;3;1123;75.1;"D66";276;0;"GroenLinks";266;0;187;83;53;63;36;276;10;266;3;78;20;1;2;19;0;11;0;2;0;2;9;1;1;0;12;0;0;0;0;0;0;0;0;0;0;0;0;0;0;0;0;0;0;0;0;0;0;0;0;0;"POINT(4.9043629,52.3554007)";"POINT(52.3554007,4.9043629)";4.9043629;52.3554007;
276;"Senioren-flat De Wasknijper";1409;0;4;1074;76.5;"D66";226;0;"GroenLinks";192;0;163;83;95;70;52;226;17;192;0;49;20;2;1;63;3;11;0;0;0;7;16;3;0;1;17;0;0;0;0;0;0;0;0;0;0;0;0;0;0;0;0;0;0;0;0;0;0;0;0;0;"POINT(4.9292748,52.4049841)";"POINT(52.4049841,4.9292748)";4.9292748;52.4049841;
277;"Serviceflat Garstkamp";3005;4;8;1865;62.5;"GroenLinks";268;0;"PvdA";260;0;235;260;165;168;98;247;35;268;3;95;72;4;4;50;2;34;1;2;2;9;107;3;1;0;31;0;0;0;0;0;0;0;0;0;0;0;0;0;0;0;0;0;0;0;0;0;0;0;0;0;"POINT(4.9802768,52.3252379)";"POINT(52.3252379,4.9802768)";4.9802768;52.3252379;
278;"Serviceflat Koornhorst";1501;4;11;838;56.8;"PvdA";111;0;"PVV";108;0;80;111;108;82;29;83;38;93;5;22;41;1;1;30;3;15;3;0;1;4;86;2;0;0;20;0;0;0;0;0;0;0;0;0;0;0;0;0;0;0;0;0;0;0;0;0;0;0;0;0;"POINT(4.9865882,52.3183219)";"POINT(52.3183219,4.9865882)";4.9865882;52.3183219;
279;"Servicepunt Het Brinkhuis";2504;3;5;1718;68.9;"PVV";321;0;"GroenLinks";283;0;158;119;321;221;51;184;17;283;2;154;74;4;5;60;4;17;1;0;0;11;29;2;1;0;30;0;0;0;0;0;0;0;0;0;0;0;0;0;0;0;0;0;0;0;0;0;0;0;0;0;"POINT(4.9432681,52.3399779)";"POINT(52.3399779,4.9432681)";4.9432681;52.3399779;
280;"Speeltuinvereniging Nieuwendam";837;1;3;826;99.2;"PVV";182;0;"GroenLinks";137;0;69;80;182;84;31;86;7;137;2;68;43;0;4;11;1;8;1;0;0;5;6;0;0;1;14;0;0;0;0;0;0;0;0;0;0;0;0;0;0;0;0;0;0;0;0;0;0;0;0;0;"POINT(4.9504998,52.3894278)";"POINT(52.3894278,4.9504998)";4.9504998;52.3894278;
281;"Spinoza20first";3271;2;8;2140;65.7;"D66";502;0;"VVD";481;0;481;169;115;116;45;502;18;422;1;173;35;1;2;15;0;17;0;0;2;6;14;3;0;3;18;0;0;0;0;0;0;0;0;0;0;0;0;0;0;0;0;0;0;0;0;0;0;0;0;0;"POINT(4.9101689,52.3436705)";"POINT(52.3436705,4.9101689)";4.9101689;52.3436705;
282;"Sportcentrum De Pijp";1403;6;3;1219;87.5;"GroenLinks";283;0;"D66";209;0;175;100;71;100;28;209;17;283;0;99;19;0;3;67;2;11;1;0;0;5;27;1;1;0;13;0;0;0;0;0;0;0;0;0;0;0;0;0;0;0;0;0;0;0;0;0;0;0;0;0;"POINT(4.8937251,52.3497397)";"POINT(52.3497397,4.8937251)";4.8937251;52.3497397;
283;"Sporthal Gaasperdam";1186;1;9;672;57.5;"GroenLinks";103;0;"SP";81;0;68;80;59;81;19;73;22;103;5;27;34;2;2;6;1;10;0;0;0;4;76;0;0;0;14;0;0;0;0;0;0;0;0;0;0;0;0;0;0;0;0;0;0;0;0;0;0;0;0;0;"POINT(4.9782498,52.2968032)";"POINT(52.2968032,4.9782498)";4.9782498;52.2968032;
284;"Sporthal Wethouder Verheij";1380;1;8;1140;83.3;"GroenLinks";276;0;"D66";225;0;156;116;63;78;27;225;9;276;0;56;19;1;0;69;0;7;0;0;0;11;25;1;1;0;14;0;0;0;0;0;0;0;0;0;0;0;0;0;0;0;0;0;0;0;0;0;0;0;0;0;"POINT(4.93136,52.3578726)";"POINT(52.3578726,4.93136)";4.93136;52.3578726;
285;"Sporthallen Zuid";580;0;2;512;88.6;"VVD";139;0;"D66";130;0;139;42;26;19;10;130;6;87;1;19;11;1;1;12;0;3;0;1;0;3;1;0;0;0;7;0;0;0;0;0;0;0;0;0;0;0;0;0;0;0;0;0;0;0;0;0;0;0;0;0;"POINT(4.8541119,52.3399703)";"POINT(52.3399703,4.8541119)";4.8541119;52.3399703;
286;"St. Ignatius Gymnasium";2266;2;3;1699;75.2;"VVD";672;0;"D66";400;0;672;153;45;33;80;400;11;196;3;56;9;3;3;2;1;19;0;0;3;5;5;0;0;0;18;0;0;0;0;0;0;0;0;0;0;0;0;0;0;0;0;0;0;0;0;0;0;0;0;0;"POINT(4.8739412,52.3497664)";"POINT(52.3497664,4.8739412)";4.8739412;52.3497664;
287;"Stadhuis";1618;1;12;2865;177.9;"GroenLinks";823;0;"D66";591;0;370;267;105;193;59;591;9;823;2;268;21;0;3;35;2;42;4;0;5;20;40;5;1;0;42;0;0;0;0;0;0;0;0;0;0;0;0;0;0;0;0;0;0;0;0;0;0;0;0;0;"POINT(4.9001629,52.3675887)";"POINT(52.3675887,4.9001629)";4.9001629;52.3675887;
288;"Stadsdeelkantoor Amsterdam-Noord";990;1;5;1101;111.8;"GroenLinks";211;0;"D66";153;0;128;94;106;96;40;153;32;211;9;51;32;1;0;89;1;15;1;0;0;4;37;1;0;0;17;0;0;0;0;0;0;0;0;0;0;0;0;0;0;0;0;0;0;0;0;0;0;0;0;0;"POINT(4.9329321,52.4008223)";"POINT(52.4008223,4.9329321)";4.9329321;52.4008223;
289;"Stadsloket";883;7;6;1822;207.8;"DENK";419;0;"GroenLinks";297;0;213;98;149;127;70;231;25;297;2;70;40;3;4;419;1;25;1;0;0;10;31;3;1;2;27;0;0;0;0;0;0;0;0;0;0;0;0;0;0;0;0;0;0;0;0;0;0;0;0;0;"POINT(4.8066752,52.3577696)";"POINT(52.3577696,4.8066752)";4.8066752;52.3577696;
290;"Stadsloket Zuid";2510;12;21;2399;96.9;"D66";587;0;"VVD";483;0;483;188;115;128;90;587;42;414;4;145;27;3;2;84;0;42;3;0;2;6;27;4;3;0;27;0;0;0;0;0;0;0;0;0;0;0;0;0;0;0;0;0;0;0;0;0;0;0;0;0;"POINT(4.8939602,52.3404662)";"POINT(52.3404662,4.8939602)";4.8939602;52.3404662;
291;"Station Sloterdijk - (Starbucks)";0;2;7;1655;0;"D66";459;0;"GroenLinks";436;0;216;92;50;100;43;459;25;436;3;119;11;0;7;34;0;14;0;0;2;21;22;0;0;1;34;0;0;0;0;0;0;0;0;0;0;0;0;0;0;0;0;0;0;0;0;0;0;0;0;0;"POINT(4.837363,52.3892104)";"POINT(52.3892104,4.837363)";4.837363;52.3892104;
292;"Stayokay Amsterdam Zeeburg";1013;4;6;1048;104.4;"GroenLinks";333;0;"D66";224;0;117;93;44;44;16;224;8;333;0;70;9;1;1;55;1;2;1;0;0;3;23;2;0;1;10;0;0;0;0;0;0;0;0;0;0;0;0;0;0;0;0;0;0;0;0;0;0;0;0;0;"POINT(4.9355118,52.3653456)";"POINT(52.3653456,4.9355118)";4.9355118;52.3653456;
293;"Stichting Dorpsraad Driemond";1187;1;1;1012;85.4;"VVD";247;0;"PVV";172;0;247;56;172;93;81;126;16;98;0;54;41;0;4;5;3;11;0;0;0;2;2;1;0;0;10;0;0;0;0;0;0;0;0;0;0;0;0;0;0;0;0;0;0;0;0;0;0;0;0;0;"POINT(5.0146801,52.3088042)";"POINT(52.3088042,5.0146801)";5.0146801;52.3088042;
294;"Stichting MaDi";1700;0;11;788;47.0;"Artikel 1";150;0;"GroenLinks";99;0;53;81;61;75;9;66;62;99;2;17;18;0;1;79;0;5;1;1;1;4;150;1;0;2;13;0;0;0;0;0;0;0;0;0;0;0;0;0;0;0;0;0;0;0;0;0;0;0;0;0;"POINT(4.9750769,52.3149535)";"POINT(52.3149535,4.9750769)";4.9750769;52.3149535;
295;"Ten Haaf Projects Temporary";974;0;3;580;59.9;"GroenLinks";197;0;"D66";128;0;83;47;13;23;14;128;1;197;0;41;2;0;0;5;1;11;0;0;1;4;7;2;0;0;8;0;0;0;0;0;0;0;0;0;0;0;0;0;0;0;0;0;0;0;0;0;0;0;0;0;"POINT(4.9015691,52.375405)";"POINT(52.375405,4.9015691)";4.9015691;52.375405;
296;"Theo Thijssenschool";1519;1;8;1441;95.5;"GroenLinks";354;0;"D66";246;0;213;184;77;127;33;246;11;354;1;133;19;0;2;2;2;19;0;1;2;4;8;2;1;0;15;0;0;0;0;0;0;0;0;0;0;0;0;0;0;0;0;0;0;0;0;0;0;0;0;0;"POINT(4.881171,52.3772437)";"POINT(52.3772437,4.881171)";4.881171;52.3772437;
297;"Thomaskerk";834;0;4;1055;127.0;"VVD";392;0;"D66";254;0;392;80;19;10;78;254;19;116;9;39;7;1;3;1;1;20;0;0;2;3;1;0;0;0;19;0;0;0;0;0;0;0;0;0;0;0;0;0;0;0;0;0;0;0;0;0;0;0;0;0;"POINT(4.874882,52.3419654)";"POINT(52.3419654,4.874882)";4.874882;52.3419654;
298;"Tijl Uilenspiegelschool";2149;4;14;1841;86.5;"GroenLinks";391;0;"D66";363;0;200;96;72;105;27;363;19;391;0;118;24;1;6;356;4;17;0;0;0;14;23;1;1;3;30;0;0;0;0;0;0;0;0;0;0;0;0;0;0;0;0;0;0;0;0;0;0;0;0;0;"POINT(4.8491771,52.3779914)";"POINT(52.3779914,4.8491771)";4.8491771;52.3779914;
299;"Timotheusschool";2305;3;26;1487;65.8;"DENK";661;0;"D66";156;0;102;75;108;109;36;156;14;130;1;18;25;0;5;661;0;15;0;1;1;2;22;1;2;3;16;0;0;0;0;0;0;0;0;0;0;0;0;0;0;0;0;0;0;0;0;0;0;0;0;0;"POINT(4.8053639,52.3794676)";"POINT(52.3794676,4.8053639)";4.8053639;52.3794676;
300;"Tobiasschool";2754;4;5;1885;68.8;"D66";438;0;"VVD";437;0;437;119;90;95;46;438;18;382;2;130;36;0;3;30;1;29;1;0;1;5;13;6;1;2;22;0;0;0;0;0;0;0;0;0;0;0;0;0;0;0;0;0;0;0;0;0;0;0;0;0;"POINT(4.8471601,52.3494307)";"POINT(52.3494307,4.8471601)";4.8471601;52.3494307;
301;"Tugelahuis";1323;2;5;720;55.0;"GroenLinks";179;0;"D66";132;0;49;52;26;48;19;132;6;179;1;47;9;0;1;110;0;3;1;0;2;6;28;1;0;0;12;0;0;0;0;0;0;0;0;0;0;0;0;0;0;0;0;0;0;0;0;0;0;0;0;0;"POINT(4.920769,52.3558089)";"POINT(52.3558089,4.920769)";4.920769;52.3558089;
302;"Tuinstadhuis Geuzenveld";3085;11;43;2247;74.6;"DENK";635;0;"GroenLinks";280;0;187;160;206;175;70;259;31;280;8;67;67;2;3;635;0;14;3;0;1;11;59;5;1;3;37;0;0;0;0;0;0;0;0;0;0;0;0;0;0;0;0;0;0;0;0;0;0;0;0;0;"POINT(4.8211572,52.3790938)";"POINT(52.3790938,4.8211572)";4.8211572;52.3790938;
303;"Twiskehuis";1444;5;1;1041;72.5;"PVV";299;0;"SP";135;0;103;73;299;135;40;89;8;91;2;61;70;6;6;21;2;14;1;1;0;6;10;1;0;2;27;0;0;0;0;0;0;0;0;0;0;0;0;0;0;0;0;0;0;0;0;0;0;0;0;0;"POINT(4.8803899,52.4160773)";"POINT(52.4160773,4.8803899)";4.8803899;52.4160773;
304;"Universiteitsbibliotheek Amsterdam";706;3;1;1295;184.0;"D66";347;0;"GroenLinks";344;0;230;78;32;43;33;347;24;344;2;99;1;0;2;11;1;21;1;0;1;3;20;2;0;0;12;0;0;0;0;0;0;0;0;0;0;0;0;0;0;0;0;0;0;0;0;0;0;0;0;0;"POINT(4.8897231,52.3676726)";"POINT(52.3676726,4.8897231)";4.8897231;52.3676726;
305;"UvA - locatie P.C. Hoofthuis";1134;2;8;1380;122.6;"GroenLinks";446;0;"D66";316;0;267;73;16;33;38;316;10;446;2;113;2;0;2;9;1;27;1;0;1;11;9;3;0;0;21;0;0;0;0;0;0;0;0;0;0;0;0;0;0;0;0;0;0;0;0;0;0;0;0;0;"POINT(4.8898418,52.3740889)";"POINT(52.3740889,4.8898418)";4.8898418;52.3740889;
306;"V.B.S.K. Albert Cuyp";1230;1;3;1359;110.8;"GroenLinks";353;0;"D66";328;0;248;99;50;69;18;328;5;353;0;95;12;2;2;25;2;26;0;0;1;13;9;0;2;0;22;0;0;0;0;0;0;0;0;0;0;0;0;0;0;0;0;0;0;0;0;0;0;0;0;0;"POINT(4.8976109,52.356713)";"POINT(52.356713,4.8976109)";4.8976109;52.356713;
307;"Van Hogendorphal";2050;8;2;1248;61.4;"GroenLinks";379;0;"D66";219;0;122;108;50;75;22;219;16;379;2;118;13;0;3;66;2;16;1;0;0;14;21;1;0;0;23;0;0;0;0;0;0;0;0;0;0;0;0;0;0;0;0;0;0;0;0;0;0;0;0;0;"POINT(4.867594,52.3816344)";"POINT(52.3816344,4.867594)";4.867594;52.3816344;
308;"Verenigingsgebouw Batavia";2916;8;28;1623;56.9;"DENK";457;0;"GroenLinks";334;0;99;112;89;115;19;180;18;334;5;73;21;1;1;457;2;7;0;0;0;8;78;3;0;1;21;0;0;0;0;0;0;0;0;0;0;0;0;0;0;0;0;0;0;0;0;0;0;0;0;0;"POINT(4.9407432,52.3605315)";"POINT(52.3605315,4.9407432)";4.9407432;52.3605315;
309;"Verenigingsgebouw Nivon";974;0;5;540;56.0;"DENK";151;0;"VVD";61;0;61;38;60;28;21;54;9;56;0;10;29;0;0;151;0;4;0;1;0;0;17;0;1;0;2;0;0;0;0;0;0;0;0;0;0;0;0;0;0;0;0;0;0;0;0;0;0;0;0;0;"POINT(4.7951419,52.3629233)";"POINT(52.3629233,4.7951419)";4.7951419;52.3629233;
310;"Vivium Torendael";2029;2;6;1320;65.5;"D66";258;0;"VVD";226;0;226;160;90;113;73;258;23;182;2;109;29;0;3;11;1;18;2;0;0;7;10;0;2;1;18;0;0;0;0;0;0;0;0;0;0;0;0;0;0;0;0;0;0;0;0;0;0;0;0;0;"POINT(4.897445,52.3384596)";"POINT(52.3384596,4.897445)";4.897445;52.3384596;
311;"Vondelstede";2582;3;5;1608;62.6;"D66";389;0;"VVD";335;0;335;174;49;78;51;389;9;318;1;134;14;1;3;8;2;17;4;0;0;6;12;2;1;0;20;0;0;0;0;0;0;0;0;0;0;0;0;0;0;0;0;0;0;0;0;0;0;0;0;0;"POINT(4.8697369,52.3603446)";"POINT(52.3603446,4.8697369)";4.8697369;52.3603446;
312;"Voormalige Stadstimmertuin";1200;3;0;910;76.1;"GroenLinks";253;0;"D66";222;0;154;86;28;40;20;222;7;253;0;61;5;0;3;6;0;9;0;0;2;6;8;0;0;0;11;0;0;0;0;0;0;0;0;0;0;0;0;0;0;0;0;0;0;0;0;0;0;0;0;0;"POINT(4.9057081,52.3612753)";"POINT(52.3612753,4.9057081)";4.9057081;52.3612753;
313;"Vrijburg";1569;0;1;844;53.9;"VVD";280;0;"D66";206;0;280;90;33;12;28;206;9;118;1;41;3;0;4;0;0;14;0;0;0;4;1;0;0;0;9;0;0;0;0;0;0;0;0;0;0;0;0;0;0;0;0;0;0;0;0;0;0;0;0;0;"POINT(4.8823378,52.345658)";"POINT(52.345658,4.8823378)";4.8823378;52.345658;
314;"Vrije Universiteit Amsterdam";873;2;3;1978;227.1;"D66";586;0;"GroenLinks";466;0;384;86;29;53;66;586;48;466;5;90;6;0;1;92;0;35;0;0;0;7;23;1;0;0;14;0;0;0;0;0;0;0;0;0;0;0;0;0;0;0;0;0;0;0;0;0;0;0;0;0;"POINT(4.8664868,52.3345801)";"POINT(52.3345801,4.8664868)";4.8664868;52.3345801;
315;"Vrouw en Vaart";1456;1;11;1009;70.1;"VVD";181;0;"D66";139;0;181;102;103;50;88;139;13;115;1;32;31;0;1;115;1;13;0;0;2;3;19;0;0;0;8;0;0;0;0;0;0;0;0;0;0;0;0;0;0;0;0;0;0;0;0;0;0;0;0;0;"POINT(4.8053391,52.3656699)";"POINT(52.3656699,4.8053391)";4.8053391;52.3656699;
316;"VUmc";0;6;4;1500;0;"D66";475;0;"GroenLinks";314;0;288;108;33;54;52;475;30;314;1;65;13;0;4;40;0;7;0;0;0;7;8;1;0;0;13;0;0;0;0;0;0;0;0;0;0;0;0;0;0;0;0;0;0;0;0;0;0;0;0;0;"POINT(4.8598401,52.3346373)";"POINT(52.3346373,4.8598401)";4.8598401;52.3346373;
317;"Wachterliedpaviljoen";2899;3;10;1576;54.8;"GroenLinks";374;0;"D66";332;0;180;102;78;74;37;332;17;374;0;117;21;5;3;178;1;19;0;1;0;11;22;4;0;0;25;0;0;0;0;0;0;0;0;0;0;0;0;0;0;0;0;0;0;0;0;0;0;0;0;0;"POINT(4.8536031,52.3774802)";"POINT(52.3774802,4.8536031)";4.8536031;52.3774802;
318;"Wackersacademie";3002;0;5;2306;77.0;"D66";598;0;"GroenLinks";501;0;470;156;72;124;64;598;20;501;3;194;13;1;1;21;1;24;3;3;2;11;20;4;0;0;29;0;0;0;0;0;0;0;0;0;0;0;0;0;0;0;0;0;0;0;0;0;0;0;0;0;"POINT(4.864053,52.3605773)";"POINT(52.3605773,4.864053)";4.864053;52.3605773;
319;"Waternet";1742;2;2;1195;68.8;"D66";355;0;"GroenLinks";289;0;212;76;30;34;33;355;12;289;1;77;9;1;1;13;3;19;0;1;2;15;12;0;0;0;24;0;0;0;0;0;0;0;0;0;0;0;0;0;0;0;0;0;0;0;0;0;0;0;0;0;"POINT(4.917897,52.3400504)";"POINT(52.3400504,4.917897)";4.917897;52.3400504;
320;"Weesper";1234;2;3;1341;109.1;"D66";390;0;"GroenLinks";315;0;275;93;36;53;34;390;8;315;4;88;6;0;3;6;0;12;0;0;0;7;9;1;1;0;16;0;0;0;0;0;0;0;0;0;0;0;0;0;0;0;0;0;0;0;0;0;0;0;0;0;"POINT(4.9130781,52.3488928)";"POINT(52.3488928,4.9130781)";4.9130781;52.3488928;
321;"Westcord Fashion Hotel Amsterdam";1428;0;10;954;67.5;"VVD";262;0;"D66";254;0;262;58;43;22;31;254;10;134;2;29;6;0;2;72;0;12;1;0;1;7;6;1;0;1;15;0;0;0;0;0;0;0;0;0;0;0;0;0;0;0;0;0;0;0;0;0;0;0;0;0;"POINT(4.8442419,52.3575675)";"POINT(52.3575675,4.8442419)";4.8442419;52.3575675;
322;"Westerkerk";2468;1;5;2563;104.1;"GroenLinks";607;0;"D66";600;0;513;243;86;128;54;600;19;607;2;214;15;1;3;9;1;41;1;0;2;12;9;2;1;0;25;0;0;0;0;0;0;0;0;0;0;0;0;0;0;0;0;0;0;0;0;0;0;0;0;0;"POINT(4.883508,52.3745123)";"POINT(52.3745123,4.883508)";4.883508;52.3745123;
323;"Westerparkschool";2301;2;8;1594;69.7;"GroenLinks";430;0;"D66";296;0;164;129;72;143;22;296;17;430;1;152;23;1;2;64;1;17;3;0;4;6;42;5;0;0;23;0;0;0;0;0;0;0;0;0;0;0;0;0;0;0;0;0;0;0;0;0;0;0;0;0;"POINT(4.8770449,52.3848769)";"POINT(52.3848769,4.8770449)";4.8770449;52.3848769;
324;"Wibautcollege";0;0;2;194;0;"D66";52;0;"GroenLinks";47;0;29;4;3;15;9;52;3;47;0;11;0;0;0;9;0;5;0;0;0;1;4;0;2;0;3;0;0;0;0;0;0;0;0;0;0;0;0;0;0;0;0;0;0;0;0;0;0;0;0;0;"POINT(4.9177649,52.3496672)";"POINT(52.3496672,4.9177649)";4.9177649;52.3496672;
325;"Wijkservicepunt Flevopoort";1498;1;9;898;60.6;"GroenLinks";194;0;"PvdA";112;0;91;112;75;78;18;106;13;194;0;53;21;0;1;84;1;15;0;0;2;4;30;0;0;0;8;0;0;0;0;0;0;0;0;0;0;0;0;0;0;0;0;0;0;0;0;0;0;0;0;0;"POINT(4.9464781,52.3655211)";"POINT(52.3655211,4.9464781)";4.9464781;52.3655211;
326;"Wijksteunpunt Wonen Noord";1545;3;15;875;57.8;"DENK";122;0;"PvdA";102;0;101;102;87;79;47;89;22;84;4;36;40;3;5;122;0;21;1;1;0;1;30;0;0;0;15;0;0;0;0;0;0;0;0;0;0;0;0;0;0;0;0;0;0;0;0;0;0;0;0;0;"POINT(4.9442689,52.4014746)";"POINT(52.4014746,4.9442689)";4.9442689;52.4014746;
327;"Willem de Zwijgerkerk";1375;2;12;1344;98.8;"VVD";267;0;"GroenLinks";246;0;267;114;86;88;38;234;24;246;2;114;28;0;5;26;4;30;0;3;4;12;16;2;1;0;33;0;0;0;0;0;0;0;0;0;0;0;0;0;0;0;0;0;0;0;0;0;0;0;0;0;"POINT(4.8630688,52.3494307)";"POINT(52.3494307,4.8630688)";4.8630688;52.3494307;
328;"Woon- en Zorgcentrum De Riekerhof";1652;1;14;1127;69.1;"D66";197;0;"DENK";194;0;177;85;57;54;61;197;19;185;2;46;20;1;0;194;1;12;0;0;1;3;9;1;2;0;11;0;0;0;0;0;0;0;0;0;0;0;0;0;0;0;0;0;0;0;0;0;0;0;0;0;"POINT(4.8402302,52.3591391)";"POINT(52.3591391,4.8402302)";4.8402302;52.3591391;
329;"Woon- en Zorgcentrum De Rietvinck";1355;1;5;1280;94.9;"GroenLinks";321;0;"D66";224;0;153;96;101;128;34;224;14;321;2;100;22;0;3;13;2;23;1;0;1;10;31;0;0;1;20;0;0;0;0;0;0;0;0;0;0;0;0;0;0;0;0;0;0;0;0;0;0;0;0;0;"POINT(4.8838279,52.3838698)";"POINT(52.3838698,4.8838279)";4.8838279;52.3838698;
330;"Woon- en zorgcentrum Nellestein";2172;6;4;1453;67.4;"GroenLinks";228;0;"VVD";214;0;214;158;125;147;76;186;46;228;1;117;43;2;5;10;2;25;0;1;0;13;54;0;0;0;24;0;0;0;0;0;0;0;0;0;0;0;0;0;0;0;0;0;0;0;0;0;0;0;0;0;"POINT(4.9849088,52.3094069)";"POINT(52.3094069,4.9849088)";4.9849088;52.3094069;
331;"Wooncentrum De Drecht";3045;2;36;1482;49.9;"Artikel 1";249;0;"PvdA";201;0;74;201;188;160;40;122;95;172;5;40;66;4;1;37;3;14;0;0;0;10;249;0;1;0;24;0;0;0;0;0;0;0;0;0;0;0;0;0;0;0;0;0;0;0;0;0;0;0;0;0;"POINT(4.9622919,52.2992713)";"POINT(52.2992713,4.9622919)";4.9622919;52.2992713;
332;"Wooncentrum De Venser";2600;12;17;1186;46.7;"Artikel 1";174;0;"PvdA";157;0;92;157;129;115;36;130;63;137;1;46;46;2;3;35;4;8;0;0;0;7;174;0;1;0;18;0;0;0;0;0;0;0;0;0;0;0;0;0;0;0;0;0;0;0;0;0;0;0;0;0;"POINT(4.9468191,52.3177802)";"POINT(52.3177802,4.9468191)";4.9468191;52.3177802;
333;"Woongroep Surinaamse Ouderen";1641;3;8;872;53.8;"PVV";131;0;"GroenLinks";119;0;64;100;131;101;27;71;38;119;9;31;40;0;4;9;0;7;1;0;0;6;113;1;0;0;21;0;0;0;0;0;0;0;0;0;0;0;0;0;0;0;0;0;0;0;0;0;0;0;0;0;"POINT(4.970844,52.2955977)";"POINT(52.2955977,4.970844)";4.970844;52.2955977;
334;"Woonzorgcentrum Buitenveldert";930;1;3;781;84.4;"VVD";292;0;"D66";139;0;292;59;69;20;47;139;14;72;7;21;14;0;4;3;0;13;0;0;1;1;3;1;1;0;15;0;0;0;0;0;0;0;0;0;0;0;0;0;0;0;0;0;0;0;0;0;0;0;0;0;"POINT(4.8613722,52.3228804)";"POINT(52.3228804,4.8613722)";4.8613722;52.3228804;
335;"Woonzorgcentrum Kastanjehof";1275;1;11;1171;92.8;"GroenLinks";277;0;"D66";237;0;156;113;51;84;19;237;11;277;2;78;14;1;0;85;0;7;3;0;0;3;28;2;0;0;11;0;0;0;0;0;0;0;0;0;0;0;0;0;0;0;0;0;0;0;0;0;0;0;0;0;"POINT(4.9231031,52.3585669)";"POINT(52.3585669,4.9231031)";4.9231031;52.3585669;
336;"Woonzorgcentrum Nieuw Geuzenveld";1511;1;9;1274;85.0;"PVV";240;0;"DENK";234;0;144;90;240;94;58;103;17;148;1;33;52;1;2;234;5;18;1;2;2;7;21;0;0;1;22;0;0;0;0;0;0;0;0;0;0;0;0;0;0;0;0;0;0;0;0;0;0;0;0;0;"POINT(4.7963111,52.3820998)";"POINT(52.3820998,4.7963111)";4.7963111;52.3820998;
337;"WTC Toren A t/m G";0;3;3;1846;0;"VVD";733;0;"D66";585;0;733;54;26;20;45;585;12;240;1;63;6;1;1;16;0;22;0;1;2;7;9;0;1;1;15;0;0;0;0;0;0;0;0;0;0;0;0;0;0;0;0;0;0;0;0;0;0;0;0;0;"POINT(4.8735368,52.3401915)";"POINT(52.3401915,4.8735368)";4.8735368;52.3401915;
338;"ZGAO De Open Hof";1287;5;3;1088;85.2;"GroenLinks";211;0;"D66";183;0;142;106;84;116;48;183;12;211;3;75;32;0;4;23;1;19;1;1;3;7;14;3;0;0;23;0;0;0;0;0;0;0;0;0;0;0;0;0;0;0;0;0;0;0;0;0;0;0;0;0;"POINT(4.9268348,52.3455435)";"POINT(52.3455435,4.9268348)";4.9268348;52.3455435;
339;"Zorgcentrum De Buitenhof";1408;2;7;1067;76.4;"VVD";308;0;"PVV";133;0;308;84;133;72;68;120;24;106;8;55;17;0;3;11;0;38;1;2;0;2;15;0;0;0;16;0;0;0;0;0;0;0;0;0;0;0;0;0;0;0;0;0;0;0;0;0;0;0;0;0;"POINT(4.888201,52.3266532)";"POINT(52.3266532,4.888201)";4.888201;52.3266532;
340;"Zorgcentrum Leo Polak";2287;3;15;1504;66.6;"DENK";317;0;"PVV";240;0;225;105;240;97;62;109;24;145;6;50;57;1;0;317;2;26;2;0;0;5;31;0;0;0;16;0;0;0;0;0;0;0;0;0;0;0;0;0;0;0;0;0;0;0;0;0;0;0;0;0;"POINT(4.7891381,52.3628584)";"POINT(52.3628584,4.7891381)";4.7891381;52.3628584;
341;"`t Koggeschip Katholieke Basisschool";1512;7;20;1128;76.4;"DENK";0;41.8;"GroenLinks";0;11.2;0;0;0;0;0;0;0;0;0;0;0;0;0;0;0;0;0;0;0;0;0;0;0;0;0;6;4.9;6.9;6.5;2.9;10;1.5;11.2;0.4;2.6;2;0.2;0.1;41.8;0;0.7;0;0.2;0;0.5;1.8;0;0;0;1.3;"POINT(4.8025429,52.3829123)";"POINT(52.3829123,4.8025429)";4.8025429;52.3829123;
342;"2e Montessorischool Het Winterkoninkje";1333;2;10;1521;115.0;"GroenLinks";0;26.9;"D66";0;20.8;0;0;0;0;0;0;0;0;0;0;0;0;0;0;0;0;0;0;0;0;0;0;0;0;0;14.7;5.7;3.9;6.4;1.7;20.8;0.3;26.9;0.1;8.5;1.3;0.1;0.1;3.9;0.1;1.6;0.2;0.1;0;0.8;2.7;0.1;0.1;0;1.5;"POINT(4.863014,52.3653075)";"POINT(52.3653075,4.863014)";4.863014;52.3653075;
343;"3e Daltonschool hoofdgebouw";1512;1;7;1412;93.9;"D66";0;24.2;"GroenLinks";0;21;0;0;0;0;0;0;0;0;0;0;0;0;0;0;0;0;0;0;0;0;0;0;0;0;0;18.8;7.4;2.9;6.6;1.8;24.2;1;21;0;8.5;0.6;0;0;2.3;0.2;0.8;0;0;0;1.1;2.5;0.1;0.1;0;1.6;"POINT(4.897548,52.3531005)";"POINT(52.3531005,4.897548)";4.897548;52.3531005;
344;"9e Montessorischool De Scholekster";2569;2;4;1485;58.0;"GroenLinks";0;22.5;"D66";0;19.2;0;0;0;0;0;0;0;0;0;0;0;0;0;0;0;0;0;0;0;0;0;0;0;0;0;17;8.9;5.8;6.9;1.8;19.2;0.6;22.5;0.4;6.9;1.5;0.1;0.3;3.6;0.1;1.5;0.3;0.1;0;0.5;1.8;0.1;0;0.1;1.9;"POINT(4.8968489,52.3512923)";"POINT(52.3512923,4.8968489)";4.8968489;52.3512923;
345;"A`DAM Toren (op de 20ste etage)";0;4;9;2991;0;"GroenLinks";0;28.9;"D66";0;21.6;0;0;0;0;0;0;0;0;0;0;0;0;0;0;0;0;0;0;0;0;0;0;0;0;0;10.9;7.6;8.4;4.4;2.2;21.6;1.2;28.9;0.1;7.9;1.4;0.2;0.1;0.9;0.1;1.5;0.1;0;0.1;1.2;1.1;0;0;0.1;2.1;"POINT(4.9023502,52.3838393)";"POINT(52.3838393,4.9023502)";4.9023502;52.3838393;
346;"abbs De Zuiderzee";1311;1;0;859;65.6;"D66";0;24.3;"VVD";0;19.4;0;0;0;0;0;0;0;0;0;0;0;0;0;0;0;0;0;0;0;0;0;0;0;0;0;19.4;7.3;2.3;4.5;3.3;24.3;1.5;18.2;0.5;4;0.8;0.1;0;7.3;0.3;0.8;0;0;0;0.9;4.3;0;0;0;1.9;"POINT(4.9875381,52.3627326)";"POINT(52.3627326,4.9875381)";4.9875381;52.3627326;
347;"Academisch Medisch Centrum (AMC)";0;1;5;2151;0;"D66";0;31.8;"GroenLinks";0;24.6;0;0;0;0;0;0;0;0;0;0;0;0;0;0;0;0;0;0;0;0;0;0;0;0;0;14.3;7;1.9;4.4;4;31.8;2.1;24.6;0.2;4;1;0;0.3;1.1;0;1;0;0;0.1;0.4;1.6;0;0;0;1.1;"POINT(4.9578178,52.2950598)";"POINT(52.2950598,4.9578178)";4.9578178;52.2950598;
348;"Al Wafa Islamitische Basisschool";1451;1;20;843;59.5;"DENK";0;31.7;"GroenLinks";0;13.8;0;0;0;0;0;0;0;0;0;0;0;0;0;0;0;0;0;0;0;0;0;0;0;0;0;8.8;7.7;6.6;7.6;2.4;10.3;0.8;13.8;0.4;5.3;2.4;0.1;0.2;31.7;0;0.8;0;0;0;0.4;0.6;0.1;0;0;1.2;"POINT(4.8367202,52.3805853)";"POINT(52.3805853,4.8367202)";4.8367202;52.3805853;
349;"Alexander Roozendaalschool";1649;0;8;906;55.4;"DENK";0;22.2;"GroenLinks";0;16.1;0;0;0;0;0;0;0;0;0;0;0;0;0;0;0;0;0;0;0;0;0;0;0;0;0;10;9.5;5.3;6.4;2.8;15.7;1.7;16.1;0.1;3.8;0.9;0;0;22.2;0;1.5;0;0.1;0;0.7;3.3;0;0;0;0.9;"POINT(4.839534,52.3596579)";"POINT(52.3596579,4.839534)";4.839534;52.3596579;
350;"Altra College Noord";1103;2;2;696;63.5;"PVV";0;21;"GroenLinks";0;17.4;0;0;0;0;0;0;0;0;0;0;0;0;0;0;0;0;0;0;0;0;0;0;0;0;0;6.6;7.9;21;10.6;4.5;11.2;1;17.4;0.3;8.6;3.9;0;0.4;2.4;0;1.1;0;0;0;0.6;2.3;0.1;0;0;1.4;"POINT(4.9479859,52.3896147)";"POINT(52.3896147,4.9479859)";4.9479859;52.3896147;
351;"Amsta locatie De Poort";3066;4;6;1824;59.8;"D66";0;24.9;"GroenLinks";0;20.9;0;0;0;0;0;0;0;0;0;0;0;0;0;0;0;0;0;0;0;0;0;0;0;0;0;18.7;8;4.4;4.8;1.9;24.9;0.9;20.9;0.1;7.9;1;0;0.1;2.5;0.2;1.4;0.1;0.1;0.1;0.5;1.3;0.1;0.1;0;1.2;"POINT(4.8733761,52.3732039)";"POINT(52.3732039,4.8733761)";4.8733761;52.3732039;
352;"Amsta locatie De Werf";1433;2;5;887;62.4;"GroenLinks";0;23.2;"D66";0;15.3;0;0;0;0;0;0;0;0;0;0;0;0;0;0;0;0;0;0;0;0;0;0;0;0;0;13.5;10.5;5.2;9.6;3;15.3;0.9;23.2;0.1;8.8;2.4;0;0.1;2.4;0.1;1.1;0.1;0.1;0;0.8;2.7;0;0;0;1.4;"POINT(4.86848,52.3724524)";"POINT(52.3724524,4.86848)";4.86848;52.3724524;
353;"Andrieskerk";1218;2;4;1065;87.9;"VVD";0;27.1;"D66";0;16.9;0;0;0;0;0;0;0;0;0;0;0;0;0;0;0;0;0;0;0;0;0;0;0;0;0;27.1;9.4;8;5.4;6.2;16.9;3.5;12.4;0.3;4.2;2.4;0.2;0.6;0.7;0.1;1.5;0;0;0;0.4;0.6;0.1;0;0.2;1.8;"POINT(4.8681028,52.3318373)";"POINT(52.3318373,4.8681028)";4.8681028;52.3318373;
354;"Anne Frankschool";1693;2;3;1743;103.2;"D66";0;25.2;"VVD";0;23.7;0;0;0;0;0;0;0;0;0;0;0;0;0;0;0;0;0;0;0;0;0;0;0;0;0;23.7;9.7;3.5;3.3;4.2;25.2;1.1;17.7;0.2;6.5;1.4;0.1;0.2;0.7;0;1.5;0;0;0;0.3;0.5;0;0.1;0.1;1.0;"POINT(4.894007,52.3427931)";"POINT(52.3427931,4.894007)";4.894007;52.3427931;
355;"Annie M.G. Schmidt";3480;0;17;2800;80.9;"D66";0;26.2;"GroenLinks";0;23.9;0;0;0;0;0;0;0;0;0;0;0;0;0;0;0;0;0;0;0;0;0;0;0;0;0;18.6;7.8;3.1;5;2.5;26.2;0.7;23.9;0.1;7.9;0.7;0.2;0;0.7;0;1.1;0.1;0;0;0.6;0.6;0;0;0;1.2;"POINT(4.8606059,52.3603484)";"POINT(52.3603484,4.8606059)";4.8606059;52.3603484;
356;"APG Pensioenbeheer";179;0;0;180;100.6;"D66";0;17.8;"VVD";0;17.2;0;0;0;0;0;0;0;0;0;0;0;0;0;0;0;0;0;0;0;0;0;0;0;0;0;17.2;10.6;6.7;8.3;2.8;17.8;1.1;11.7;0;9.4;3.3;0;0.6;3.9;0.6;2.8;0;0;0;2.2;1.1;0;0;0;3.3;"POINT(4.8414528,52.3922392)";"POINT(52.3922392,4.8414528)";4.8414528;52.3922392;
357;"Apollohal";778;1;0;948;122.0;"VVD";0;36.4;"D66";0;22.7;0;0;0;0;0;0;0;0;0;0;0;0;0;0;0;0;0;0;0;0;0;0;0;0;0;36.4;9.9;3.4;1.8;4.4;22.7;1.2;12.8;0.2;3;0.5;0.1;0.3;0.8;0;1.9;0;0;0.1;0.2;0.1;0.2;0;0;1.2;"POINT(4.884454,52.3480574)";"POINT(52.3480574,4.884454)";4.884454;52.3480574;
358;"Aslan Muziekcentrum";2997;5;6;2127;71.3;"D66";0;23.9;"GroenLinks";0;23.2;0;0;0;0;0;0;0;0;0;0;0;0;0;0;0;0;0;0;0;0;0;0;0;0;0;18;7.4;5.5;4.5;2.9;23.9;1.2;23.2;0;7.3;1.2;0;0.1;2.1;0;0.9;0;0;0.1;0.7;0.8;0;0;0;1.1;"POINT(4.8524129,52.3616683)";"POINT(52.3616683,4.8524129)";4.8524129;52.3616683;
359;"ASV De Dijk";523;1;0;308;59.1;"VVD";0;19.2;"D66";0;18.8;0;0;0;0;0;0;0;0;0;0;0;0;0;0;0;0;0;0;0;0;0;0;0;0;0;19.2;11;5.5;5.8;3.2;18.8;2.3;18.2;0;9.1;3.6;0.3;0.3;1.3;0;0.3;0;0;0.3;0;0.3;0.3;0;0;1.3;"POINT(4.9598591,52.3847357)";"POINT(52.3847357,4.9598591)";4.9598591;52.3847357;
360;"ASVO school";1067;1;8;1223;115.5;"VVD";0;29.5;"D66";0;26.2;0;0;0;0;0;0;0;0;0;0;0;0;0;0;0;0;0;0;0;0;0;0;0;0;0;29.5;7.1;1.6;3.6;2.1;26.2;0.5;21.3;0.2;4.8;0.5;0;0.1;0.2;0;1;0;0;0.2;0.4;0.7;0.1;0;0;0.9;"POINT(4.9009421,52.3608252)";"POINT(52.3608252,4.9009421)";4.9009421;52.3608252;
361;"Ateliers Westerdok";1333;0;7;1225;92.4;"D66";0;24.5;"VVD";0;21.5;0;0;0;0;0;0;0;0;0;0;0;0;0;0;0;0;0;0;0;0;0;0;0;0;0;21.5;9.6;4.3;4.5;3.2;24.5;0.8;19.9;0;5.1;0.8;0.1;0.5;0.7;0.1;1.6;0.1;0;0;0.3;2.3;0.1;0;0.1;1.2;"POINT(4.8916228,52.3842169)";"POINT(52.3842169,4.8916228)";4.8916228;52.3842169;
362;"Atria Kennisinstituut";888;2;0;893;100.8;"D66";0;29.2;"VVD";0;28.6;0;0;0;0;0;0;0;0;0;0;0;0;0;0;0;0;0;0;0;0;0;0;0;0;0;28.6;9.1;1.9;1.7;2.5;29.2;1;17.2;0;5.7;0;0.2;0;0.3;0;0.8;0.1;0;0;0.6;1;0;0.1;0;1.0;"POINT(4.892843,52.3656966)";"POINT(52.3656966,4.892843)";4.892843;52.3656966;
363;"Basisschool `t Gouden Ei";2880;3;9;2131;74.4;"GroenLinks";0;25.3;"D66";0;19.8;0;0;0;0;0;0;0;0;0;0;0;0;0;0;0;0;0;0;0;0;0;0;0;0;0;11.8;10.6;3.1;6;1.8;19.8;1;25.3;0.2;5.2;1.3;0.1;0.1;6.8;0.2;1.1;0.1;0.1;0.1;0.8;4.5;0;0;0;1.8;"POINT(4.9381549,52.3725669)";"POINT(52.3725669,4.9381549)";4.9381549;52.3725669;
364;"Basisschool Corantijn";1589;3;5;1088;69.0;"D66";0;30.2;"GroenLinks";0;18.3;0;0;0;0;0;0;0;0;0;0;0;0;0;0;0;0;0;0;0;0;0;0;0;0;0;16.5;6.9;3.6;5.6;1.5;30.2;0.9;18.3;0.1;7.4;0.6;0.1;0.3;4.4;0;1.1;0.1;0.1;0;0.5;1.7;0.2;0;0;1.3;"POINT(4.8525722,52.3619467)";"POINT(52.3619467,4.8525722)";4.8525722;52.3619467;
365;"Basisschool De Achtsprong";2129;3;17;901;43.3;"PvdA";0;18.4;"GroenLinks";0;13.4;0;0;0;0;0;0;0;0;0;0;0;0;0;0;0;0;0;0;0;0;0;0;0;0;0;8;18.4;6.8;6.5;2;10.8;7.8;13.4;0.3;4.2;3.1;0;0.1;4.7;0;2.2;0;0;0;0.9;10.7;0.1;0;0;1.4;"POINT(4.9602082,52.3086478)";"POINT(52.3086478,4.9602082)";4.9602082;52.3086478;
366;"Basisschool De Archipel";1376;0;5;800;58.5;"D66";0;22.4;"GroenLinks";0;18;0;0;0;0;0;0;0;0;0;0;0;0;0;0;0;0;0;0;0;0;0;0;0;0;0;14;7.4;6;5;2.9;22.4;2.5;18;0.3;3.9;0.4;0;0.3;10.4;0.1;0.9;0;0;0;0.3;5.5;0;0;0;0.9;"POINT(5.0072629,52.35315)";"POINT(52.35315,5.0072629)";5.0072629;52.35315;
367;"Basisschool De Brink";1521;2;7;1307;86.5;"PvdA";0;14.1;"GroenLinks";0;13.9;0;0;0;0;0;0;0;0;0;0;0;0;0;0;0;0;0;0;0;0;0;0;0;0;0;11.5;14.1;8.6;12.6;5.4;10.7;3;13.9;0.3;4.5;3.9;0.1;0.4;1.6;0;1.8;0;0.2;0;1.1;6.2;0;0;0.1;2.1;"POINT(4.9687889,52.3006064)";"POINT(52.3006064,4.9687889)";4.9687889;52.3006064;
368;"Basisschool De Dapper";1297;3;6;1117;86.8;"DENK";0;20.4;"GroenLinks";0;18.9;0;0;0;0;0;0;0;0;0;0;0;0;0;0;0;0;0;0;0;0;0;0;0;0;0;6.2;9.5;5.9;8.2;1.3;14.3;0.7;18.9;0.1;6;2.2;0;0;20.4;0.2;0.6;0.2;0;0.1;0.4;4.7;0;0;0;1.0;"POINT(4.9261701,52.3614813)";"POINT(52.3614813,4.9261701)";4.9261701;52.3614813;
369;"Basisschool De Kleine Reus";2199;3;5;1556;71.1;"D66 - VVD";0;25.3;"GROENLINKS";0;21.9;0;0;0;0;0;0;0;0;0;0;0;0;0;0;0;0;0;0;0;0;0;0;0;0;0;25.3;8.9;3.1;3.1;3.2;25.3;0.4;21.9;0;6.1;0.6;0;0.1;0.3;0.1;1;0.1;0;0;0.3;0.3;0.1;0;0;0.6;"POINT(4.8922651,52.3608595)";"POINT(52.3608595,4.8922651)";4.8922651;52.3608595;
370;"Basisschool de Odyssee";1549;0;8;1313;85.3;"DENK";0;18.9;"VVD";0;18.5;0;0;0;0;0;0;0;0;0;0;0;0;0;0;0;0;0;0;0;0;0;0;0;0;0;18.5;6.3;8.8;4.6;5;16.7;1.5;12;0.1;2.7;1.4;0.2;0.3;18.9;0;1;0;0;0;0.1;1.4;0.4;0;0.1;1.1;"POINT(4.7930548,52.3488318)";"POINT(52.3488318,4.7930548)";4.7930548;52.3488318;
371;"Basisschool de Satelliet";973;1;3;713;73.7;"PVV";0;27.8;"VVD";0;12.6;0;0;0;0;0;0;0;0;0;0;0;0;0;0;0;0;0;0;0;0;0;0;0;0;0;12.6;5.2;27.8;10.1;2.9;11.9;0.7;12.1;0.1;4.5;4.2;0.1;1.5;1.5;0;2.9;0.3;0.1;0;0.1;0.7;0;0.1;0.3;2.8;"POINT(4.893645,52.4150817)";"POINT(52.4150817,4.893645)";4.893645;52.4150817;
372;"Basisschool De Schakel";2697;2;22;1497;56.4;"Artikel 1";0;19.6;"PvdA";0;13.3;0;0;0;0;0;0;0;0;0;0;0;0;0;0;0;0;0;0;0;0;0;0;0;0;0;6.4;13.3;8.1;8.6;2.7;10.9;6.3;12.4;0.1;2.4;2.5;0.1;0;5.6;0.1;0.4;0.1;0;0.1;0.1;19.6;0.1;0.1;0.1;0.9;"POINT(4.942096,52.3236624)";"POINT(52.3236624,4.942096)";4.942096;52.3236624;
373;"Basisschool Elout";1520;1;8;1324;87.7;"VVD";0;22.9;"D66";0;19.6;0;0;0;0;0;0;0;0;0;0;0;0;0;0;0;0;0;0;0;0;0;0;0;0;0;22.9;8.2;4.5;5.9;3.1;19.6;1.4;18.4;0.2;5.7;1.9;0.1;0.2;4.2;0.2;1.5;0;0;0;0.4;1.3;0.2;0;0.2;1.4;"POINT(4.858875,52.3503729)";"POINT(52.3503729,4.858875)";4.858875;52.3503729;
374;"Basisschool Klaverblad";1897;5;7;817;43.7;"GroenLinks";0;20.3;"D66";0;17.9;0;0;0;0;0;0;0;0;0;0;0;0;0;0;0;0;0;0;0;0;0;0;0;0;0;10;8.3;4.4;6.5;2.4;17.9;4.7;20.3;0;6.2;0.9;0.2;0.1;2.4;0;1.7;0;0;0;1.2;12.4;0.1;0;0.1;1.8;"POINT(4.949806,52.3197524)";"POINT(52.3197524,4.949806)";4.949806;52.3197524;
375;"Basisschool Polsstok";1698;2;9;1041;62.0;"GroenLinks";0;15;"Artikel 1";0;13.8;0;0;0;0;0;0;0;0;0;0;0;0;0;0;0;0;0;0;0;0;0;0;0;0;0;10.8;9.9;5.8;8;2.7;12.6;5;15;0.3;4.9;2.3;0.1;0.1;7.4;0.1;0.4;0;0;0;0.6;13.8;0.1;0;0.3;1.5;"POINT(4.960355,52.3223807)";"POINT(52.3223807,4.960355)";4.960355;52.3223807;
376;"Basisschool Shri Laksmi";1621;0;8;879;54.7;"Artikel 1";0;15.7;"GroenLinks";0;12.3;0;0;0;0;0;0;0;0;0;0;0;0;0;0;0;0;0;0;0;0;0;0;0;0;0;9.8;11.1;5.7;10.1;2;11.8;4.3;12.3;0.2;3;2;0;0;10;0;0.3;0.1;0;0;0.9;15.7;0.3;0;0.1;1.7;"POINT(4.9566481,52.3189894)";"POINT(52.3189894,4.9566481)";4.9566481;52.3189894;
377;"Basisschool Veerkracht";1445;0;9;556;39.1;"DENK";0;33.1;"GroenLinks";0;11.5;0;0;0;0;0;0;0;0;0;0;0;0;0;0;0;0;0;0;0;0;0;0;0;0;0;6.1;5.8;7.2;8.3;2.2;8.3;4.9;11.5;0.2;3.8;1.4;0;0.5;33.1;0.5;1.4;0;0;0.5;0.4;4;0;0;0;2.2;"POINT(4.8103239,52.3786093)";"POINT(52.3786093,4.8103239)";4.8103239;52.3786093;
378;"Basisschool Witte Tulp - gymgebouw";3516;3;19;2041;58.7;"DENK";0;24.2;"D66";0;15.6;0;0;0;0;0;0;0;0;0;0;0;0;0;0;0;0;0;0;0;0;0;0;0;0;0;12.5;6.8;8.6;6;3.3;15.6;1.9;12.3;0.1;1.9;1.6;0;0.7;24.2;0;0.8;0;0;0;0.5;2.7;0.2;0;0;1.7;"POINT(4.8000572,52.3531424)";"POINT(52.3531424,4.8000572)";4.8000572;52.3531424;
379;"Batjanburen";1509;2;19;1138;76.8;"DENK";0;23.6;"GroenLinks";0;22.1;0;0;0;0;0;0;0;0;0;0;0;0;0;0;0;0;0;0;0;0;0;0;0;0;0;5.9;7.7;4.6;6.6;1.4;13.6;0.7;22.1;0.2;4.5;1.1;0.2;0.1;23.6;0.2;0.8;0.2;0;0;0.6;5.9;0;0;0.1;1.5;"POINT(4.9388759,52.3593451)";"POINT(52.3593451,4.9388759)";4.9388759;52.3593451;
380;"Berlage Lyceum";1393;3;4;945;68.3;"GroenLinks";0;21.2;"D66";0;18.4;0;0;0;0;0;0;0;0;0;0;0;0;0;0;0;0;0;0;0;0;0;0;0;0;0;11;8.4;4.1;9.8;1.9;18.4;0.7;21.2;0;11.2;1.8;0.2;0.1;6;0.1;0.7;0;0;0;0.4;3.5;0.2;0.1;0;1.2;"POINT(4.8998239,52.3490111)";"POINT(52.3490111,4.8998239)";4.8998239;52.3490111;
381;"Bibliotheek Olympisch Kwartier";1427;1;16;1494;105.9;"VVD";0;32.1;"D66";0;20.5;0;0;0;0;0;0;0;0;0;0;0;0;0;0;0;0;0;0;0;0;0;0;0;0;0;32.1;6.6;3.4;4.8;4.7;20.5;0.9;14.3;0.1;4;1.8;0;0.1;2.7;0.1;1.9;0;0.1;0.1;0.2;1.3;0.3;0.1;0;0.9;"POINT(4.8555901,52.3452345)";"POINT(52.3452345,4.8555901)";4.8555901;52.3452345;
382;"Bijlmerdrieschool";1157;1;6;653;57.0;"GroenLinks";0;15.8;"Artikel 1";0;11.5;0;0;0;0;0;0;0;0;0;0;0;0;0;0;0;0;0;0;0;0;0;0;0;0;0;8.7;10.1;8.9;9.6;2.5;9;4.3;15.8;0.3;5.4;4.1;0.2;0.2;7;0.2;1.5;0.3;0.2;0;0.3;11.5;0;0;0;1.5;"POINT(4.987519,52.3192298)";"POINT(52.3192298,4.987519)";4.987519;52.3192298;
383;"Bijlmersportcentrum";2958;13;36;2096;72.5;"Artikel 1";0;18.6;"PvdA";0;15.1;0;0;0;0;0;0;0;0;0;0;0;0;0;0;0;0;0;0;0;0;0;0;0;0;0;7;15.1;6.7;8.5;2.2;10.2;5.6;12.8;0.8;3;2.6;0;0.3;4.8;0.1;0.7;0.1;0;0.1;0.2;18.6;0.1;0.1;0.1;2.1;"POINT(4.9574158,52.3154036)";"POINT(52.3154036,4.9574158)";4.9574158;52.3154036;
384;"BIKO";1593;2;17;1286;81.9;"GroenLinks";0;25.7;"D66";0;17.3;0;0;0;0;0;0;0;0;0;0;0;0;0;0;0;0;0;0;0;0;0;0;0;0;0;10.2;6.5;4.7;4.6;1.6;17.3;1;25.7;0;7.1;1.5;0;0.6;15.4;0.1;0.5;0;0;0;0.5;2.8;0.1;0;0;1.2;"POINT(4.9231641,52.3555571)";"POINT(52.3555571,4.9231641)";4.9231641;52.3555571;
385;"Bos en Lommerschool";3123;13;41;1817;59.9;"DENK";0;42.5;"GroenLinks";0;16.2;0;0;0;0;0;0;0;0;0;0;0;0;0;0;0;0;0;0;0;0;0;0;0;0;0;6.5;5.2;2.5;5.4;1.4;10.7;1.3;16.2;0.1;2.8;0.9;0.1;0.1;42.5;0;0.6;0.1;0;0.2;0.6;2.7;0.2;0.1;0.1;1.4;"POINT(4.8403509,52.3803145)";"POINT(52.3803145,4.8403509)";4.8403509;52.3803145;
386;"Boven IJ Ziekenhuis";1130;11;0;1057;94.5;"PVV";0;13.8;"D66";0;11.8;0;0;0;0;0;0;0;0;0;0;0;0;0;0;0;0;0;0;0;0;0;0;0;0;0;11.6;10.4;13.8;11.6;6.1;11.8;2.2;10.8;0.3;4.1;4.7;0.2;0.4;9.5;0;0;0;0;0;0.2;2.1;0;0;0.3;1.3;"POINT(4.9222271,52.4044463)";"POINT(52.4044463,4.9222271)";4.9222271;52.4044463;
387;"Brede Mgr. Bekkersschool";2570;3;24;1315;52.2;"DENK";0;24.6;"GroenLinks";0;12.3;0;0;0;0;0;0;0;0;0;0;0;0;0;0;0;0;0;0;0;0;0;0;0;0;0;10;7.1;8.1;8.1;4.6;10.8;1.9;12.3;0.1;3.5;3;0.2;0.3;24.6;0.2;0.7;0.2;0.1;0.1;0.2;3.7;0.3;0;0.2;1.7;"POINT(4.959099,52.3918769)";"POINT(52.3918769,4.959099)";4.959099;52.3918769;
388;"Brede School De Kinkerbuurt";4756;4;22;3028;64.2;"GroenLinks";0;22.6;"D66";0;17.5;0;0;0;0;0;0;0;0;0;0;0;0;0;0;0;0;0;0;0;0;0;0;0;0;0;11.9;8.1;6.3;8.5;2;17.5;1;22.6;0.1;7.2;1.9;0;0.4;7.3;0;1.1;0;0.1;0.1;0.8;3;0.1;0;0;1.7;"POINT(4.8657672,52.3646475)";"POINT(52.3646475,4.8657672)";4.8657672;52.3646475;
389;"Brede School de Springplank";3077;4;18;1454;48.0;"DENK";0;24.1;"GroenLinks";0;20.2;0;0;0;0;0;0;0;0;0;0;0;0;0;0;0;0;0;0;0;0;0;0;0;0;0;10.1;5.9;4.2;5.6;2.2;18.4;0.8;20.2;0.2;4.2;0.9;0.1;0;24.1;0.1;0.7;0;0;0;0.6;1.4;0.1;0.1;0.1;1.2;"POINT(4.846411,52.3735472)";"POINT(52.3735472,4.846411)";4.846411;52.3735472;
390;"Brede school Fiep Westendorp";3217;4;20;2057;64.7;"GroenLinks";0;20.7;"D66";0;17.9;0;0;0;0;0;0;0;0;0;0;0;0;0;0;0;0;0;0;0;0;0;0;0;0;0;13.5;6.9;6.1;7.2;2.9;17.9;1;20.7;0.2;5.2;1.8;0.1;0.1;12.5;0;1.1;0;0;0;0.4;1.8;0.2;0;0;1.5;"POINT(4.839256,52.34887)";"POINT(52.34887,4.839256)";4.839256;52.34887;
391;"Brood en Spelen";1322;1;5;895;68.2;"GroenLinks";0;21.9;"D66";0;21.3;0;0;0;0;0;0;0;0;0;0;0;0;0;0;0;0;0;0;0;0;0;0;0;0;0;13.3;10.4;9.4;5.6;1.6;21.3;0.9;21.9;0.3;8.5;1.7;0;0.7;0.7;0.1;2;0;0;0;0.7;1;0;0;0;1.8;"POINT(4.8846309,52.3817069)";"POINT(52.3817069,4.8846309)";4.8846309;52.3817069;
392;"BSO de Groeiwereld";1284;3;6;1015;79.8;"DENK";0;19.5;"GroenLinks";0;18.5;0;0;0;0;0;0;0;0;0;0;0;0;0;0;0;0;0;0;0;0;0;0;0;0;0;12.9;7.7;6.2;4.8;3.5;17;1;18.5;0;3.5;2.1;0;0.2;19.5;0;0.6;0;0;0;0.4;1.8;0.1;0;0.1;0.8;"POINT(4.8328102,52.3643653)";"POINT(52.3643653,4.8328102)";4.8328102;52.3643653;
393;"Buiksloterkerk";1046;14;2;662;64.8;"GroenLinks";0;20.2;"D66";0;14.5;0;0;0;0;0;0;0;0;0;0;0;0;0;0;0;0;0;0;0;0;0;0;0;0;0;12.4;11.3;7.9;6.2;5.1;14.5;2.7;20.2;0.2;7.1;2.6;0;0.5;0;5.6;1.8;0;0;0;0.3;1.7;0;0;0;6.5;"POINT(4.9160979,52.4017874)";"POINT(52.4017874,4.9160979)";4.9160979;52.4017874;
394;"Burghtschool";910;3;1;963;106.3;"D66";0;26.6;"VVD";0;26.1;0;0;0;0;0;0;0;0;0;0;0;0;0;0;0;0;0;0;0;0;0;0;0;0;0;26.1;8;2.8;2.8;2.9;26.6;0.4;19;0;7.7;0.2;0;0.3;0;0.2;1.9;0;0;0;0.5;0.5;0.1;0;0;1.1;"POINT(4.8907502,52.3782736)";"POINT(52.3782736,4.8907502)";4.8907502;52.3782736;
395;"Buurtcentrum De Bonte Kraai";1801;2;20;1440;81.2;"GroenLinks";0;18.1;"Artikel 1";0;14.6;0;0;0;0;0;0;0;0;0;0;0;0;0;0;0;0;0;0;0;0;0;0;0;0;0;7.2;13.2;6;7.4;2.4;11;7.4;18.1;0.5;4;1.5;0.1;0.1;4.4;0;0.9;0.2;0.1;0;0.8;14.6;0;0;0.1;1.9;"POINT(4.9800718,52.317227)";"POINT(52.317227,4.9800718)";4.9800718;52.317227;
396;"Buurtcentrum de Driehoek";1097;0;7;1031;94.6;"PVV";0;22.5;"GroenLinks";0;15;0;0;0;0;0;0;0;0;0;0;0;0;0;0;0;0;0;0;0;0;0;0;0;0;0;10;9.4;22.5;9.4;4.5;11.1;1.7;15;0.2;4.6;4.1;0.4;0.9;2.2;0.3;1.6;0.1;0;0.1;0.4;1.3;0.2;0.1;0;2.6;"POINT(4.9285958,52.3938758)";"POINT(52.3938758,4.9285958)";4.9285958;52.3938758;
397;"Buurtcentrum De Evenaar";1078;3;5;1043;97.5;"PVV";0;28.9;"SP";0;13.2;0;0;0;0;0;0;0;0;0;0;0;0;0;0;0;0;0;0;0;0;0;0;0;0;0;8.1;6.5;28.9;13.2;3.8;6.6;1.9;12.3;0.2;4.3;5.6;0.4;0.3;3.7;0.1;1.4;0.1;0;0.2;0.7;0.8;0.7;0.2;0;2.8;"POINT(4.8864658,52.4143683)";"POINT(52.4143683,4.8864658)";4.8864658;52.4143683;
398;"Buurtcentrum De Meeuw";1686;3;17;1440;86.6;"GroenLinks";0;19.9;"DENK";0;11.5;0;0;0;0;0;0;0;0;0;0;0;0;0;0;0;0;0;0;0;0;0;0;0;0;0;7.6;6.9;10.8;10.9;1.6;11;1;19.9;0.3;6.9;3.8;0;0.5;11.5;0;1.7;0;0.3;0;0.8;4.4;0.1;0;0;2.0;"POINT(4.9177802,52.3844229)";"POINT(52.3844229,4.9177802)";4.9177802;52.3844229;
399;"Buurtcentrum De Valk";1557;1;10;909;59.1;"GroenLinks";0;23.9;"PVV";0;11.2;0;0;0;0;0;0;0;0;0;0;0;0;0;0;0;0;0;0;0;0;0;0;0;0;0;7.8;7.6;11.2;9.5;2.2;10.5;1.8;23.9;0;7.2;3.4;0;0.4;10.1;0.2;1.1;0;0;0.2;0.8;2.1;0.1;0;0;1.8;"POINT(4.9110982,52.3829848)";"POINT(52.3829848,4.9110982)";4.9110982;52.3829848;
400;"Buurtcentrum Kraaipan";1305;1;4;710;54.8;"GroenLinks";0;23.9;"D66";0;18.2;0;0;0;0;0;0;0;0;0;0;0;0;0;0;0;0;0;0;0;0;0;0;0;0;0;10;7;5.5;6.3;1.3;18.2;1.1;23.9;0;7.3;1.7;0;0.1;11.4;0.4;0.7;0.1;0;0;0.8;3.7;0;0.3;0;1.8;"POINT(4.9173672,52.351319)";"POINT(52.351319,4.9173672)";4.9173672;52.351319;
401;"Buurtcentrum Oosterpark";1527;2;5;900;59.4;"GroenLinks";0;25.3;"D66";0;19.7;0;0;0;0;0;0;0;0;0;0;0;0;0;0;0;0;0;0;0;0;0;0;0;0;0;11.8;7.7;2.2;4.9;1.1;19.7;1.6;25.3;0.1;8.9;1.1;0;0;9.7;0.3;1;0;0.1;0.1;0.8;3.6;0.1;0;0;1.6;"POINT(4.9202368,52.3575141)";"POINT(52.3575141,4.9202368)";4.9202368;52.3575141;
402;"Buurthuis De Havelaar";1395;0;6;995;71.8;"GroenLinks";0;25.6;"D66";0;22.1;0;0;0;0;0;0;0;0;0;0;0;0;0;0;0;0;0;0;0;0;0;0;0;0;0;14;6.9;2.9;7.4;2.2;22.1;0.4;25.6;0;8.8;2.1;0;0;3.1;0;1.4;0.3;0;0.1;1;1.3;0;0.2;0;1.6;"POINT(4.865421,52.3691603)";"POINT(52.3691603,4.865421)";4.865421;52.3691603;
403;"Buurthuis Gein";2895;4;16;1613;56.4;"Artikel 1";0;14.4;"GroenLinks";0;13.1;0;0;0;0;0;0;0;0;0;0;0;0;0;0;0;0;0;0;0;0;0;0;0;0;0;7.1;11.7;9.7;12.2;3.2;9.2;4.8;13.1;0.7;5.4;3.9;0.2;0.2;2.2;0.2;0.9;0;0;0;0.7;14.4;0.2;0;0.1;2.2;"POINT(4.9870531,52.2959334)";"POINT(52.2959334,4.9870531)";4.9870531;52.2959334;
404;"Buurthuis Jacob Maris";1177;3;11;640;55.6;"GroenLinks";0;19.1;"D66";0;15.3;0;0;0;0;0;0;0;0;0;0;0;0;0;0;0;0;0;0;0;0;0;0;0;0;0;8.9;8.4;7.3;7.3;2;15.3;1.1;19.1;0.2;7.7;2;0;0;15;0;1.3;0.2;0.2;0;0.2;3.9;0;0;0;0.6;"POINT(4.8552868,52.3656966)";"POINT(52.3656966,4.8552868)";4.8552868;52.3656966;
405;"Cafe Kanis en Meiland";1440;1;1;1200;83.5;"GroenLinks";0;30.8;"D66";0;18.2;0;0;0;0;0;0;0;0;0;0;0;0;0;0;0;0;0;0;0;0;0;0;0;0;0;12.4;12.7;3.9;5.3;1.5;18.2;0.8;30.8;0;9.6;1.6;0.1;0;0.4;0.1;0.5;0;0;0;0.5;1.7;0;0;0.1;0.8;"POINT(4.940511,52.376332)";"POINT(52.376332,4.940511)";4.940511;52.376332;
406;"Calvijn College";2440;5;17;1906;79.0;"D66";0;20.6;"GroenLinks";0;18.3;0;0;0;0;0;0;0;0;0;0;0;0;0;0;0;0;0;0;0;0;0;0;0;0;0;15.1;6.8;5.4;4.8;4.5;20.6;2.4;18.3;0.2;4.9;1.6;0;0.3;12.3;0.2;1.3;0;0;0;0.2;1;0.1;0.1;0;1.1;"POINT(4.8315771,52.3561789)";"POINT(52.3561789,4.8315771)";4.8315771;52.3561789;
407;"Centraal Station - Restaurant 1e klas";0;3;13;2670;0;"GroenLinks";0;29.1;"D66";0;26.8;0;0;0;0;0;0;0;0;0;0;0;0;0;0;0;0;0;0;0;0;0;0;0;0;0;13;6.5;2.8;3.5;2;26.8;1;29.1;0.1;7.5;0.7;0;0.3;2.1;0;1.5;0;0.1;0;0.9;2.1;0;0;0;1.5;"POINT(4.9001162,52.3785712)";"POINT(52.3785712,4.9001162)";4.9001162;52.3785712;
408;"Centraal station - Wurst en Schnitzelhaus";0;0;2;1077;0;"D66";0;29.6;"GroenLinks";0;29.3;0;0;0;0;0;0;0;0;0;0;0;0;0;0;0;0;0;0;0;0;0;0;0;0;0;13.6;4.7;2.7;3.9;1.5;29.6;1.3;29.3;0;7.5;0.6;0.1;0.1;1;0;1;0.1;0;0;0.5;2.3;0.1;0;0.1;0.9;"POINT(4.9007919,52.3798606)";"POINT(52.3798606,4.9007919)";4.9007919;52.3798606;
409;"Centrum Karunika";3098;2;9;2036;66.1;"D66";0;22;"GroenLinks";0;20.8;0;0;0;0;0;0;0;0;0;0;0;0;0;0;0;0;0;0;0;0;0;0;0;0;0;15;8.1;5.2;6.7;2.9;22;0.9;20.8;0;7.6;1.7;0.2;0.2;4.6;0;1.3;0;0;0.2;0.6;1.8;0.1;0;0;1.4;"POINT(4.9082358,52.3473746)";"POINT(52.3473746,4.9082358)";4.9082358;52.3473746;
410;"Centrum voor Ouderen De Boeg";1414;4;7;1384;98.7;"D66";0;22.5;"GroenLinks";0;21.7;0;0;0;0;0;0;0;0;0;0;0;0;0;0;0;0;0;0;0;0;0;0;0;0;0;12.5;4.5;5;5.4;3;22.5;1.2;21.7;0.2;6.8;2.5;0.3;0.1;9.6;0.3;1.7;0;0.1;0;0.9;1.6;0.1;0.1;0;2.0;"POINT(4.8466442,52.3761374)";"POINT(52.3761374,4.8466442)";4.8466442;52.3761374;
411;"Cordaan";1504;2;13;1226;82.5;"DENK";0;28.8;"GroenLinks";0;14.4;0;0;0;0;0;0;0;0;0;0;0;0;0;0;0;0;0;0;0;0;0;0;0;0;0;10.5;6.2;7.3;5.5;2.4;13.5;1.8;14.4;0.4;3.3;2.1;0.1;0.2;28.8;0.1;0.7;0.1;0.1;0.1;0.1;2.1;0;0;0;1.1;"POINT(4.8329508,52.3495871)";"POINT(52.3495871,4.8329508)";4.8329508;52.3495871;
412;"Cordaan de Oostoever";1466;1;6;888;61.1;"GroenLinks";0;16.7;"D66";0;14.5;0;0;0;0;0;0;0;0;0;0;0;0;0;0;0;0;0;0;0;0;0;0;0;0;0;12.2;13.7;10.6;8.1;7.4;14.5;1.4;16.7;0.1;3.4;4.3;0.2;0.1;4.1;0.1;0.3;0;0.1;0;0.7;1.7;0.3;0;0;1.7;"POINT(4.829139,52.3656203)";"POINT(52.3656203,4.829139)";4.829139;52.3656203;
413;"Cornelis Vrijschool";1030;2;3;1118;109.0;"VVD";0;33.7;"D66";0;22.7;0;0;0;0;0;0;0;0;0;0;0;0;0;0;0;0;0;0;0;0;0;0;0;0;0;33.7;8.8;2.4;2.1;3;22.7;1.1;18.2;0.3;4.4;0.6;0;0.1;0.1;0;1.7;0.2;0;0.1;0.4;0;0.1;0;0;1.2;"POINT(4.8798168,52.3595778)";"POINT(52.3595778,4.8798168)";4.8798168;52.3595778;
414;"Crea Cultureel Studentencentrum";1239;3;8;1898;154.1;"GroenLinks";0;36.6;"D66";0;27.5;0;0;0;0;0;0;0;0;0;0;0;0;0;0;0;0;0;0;0;0;0;0;0;0;0;11.3;5;1.1;3.7;0.8;27.5;1.1;36.6;0;8.3;0.8;0.1;0.1;0.4;0.2;1.2;0.1;0;0;0.4;1.4;0.1;0;0;0.8;"POINT(4.9128358,52.3633086)";"POINT(52.3633086,4.9128358)";4.9128358;52.3633086;
415;"Cygnus Gymnasium";3232;7;13;2033;63.5;"GroenLinks";0;25.6;"D66";0;21.6;0;0;0;0;0;0;0;0;0;0;0;0;0;0;0;0;0;0;0;0;0;0;0;0;0;12.1;6.9;3.4;5.7;2.1;21.6;0.8;25.6;0;7.5;1.3;0;0.1;7.2;0.3;1;0.1;0;0;0.7;3.5;0;0;0;1.4;"POINT(4.9125879,52.3549391)";"POINT(52.3549391,4.9125879)";4.9125879;52.3549391;
416;"d`Oude Raai";1286;5;5;1178;92.4;"D66";0;21.4;"VVD";0;19.4;0;0;0;0;0;0;0;0;0;0;0;0;0;0;0;0;0;0;0;0;0;0;0;0;0;19.4;8.3;5.4;8.1;3.8;21.4;0.7;15.7;0.2;8.1;2.1;0.1;0;2.9;0.2;1.1;0;0;0.1;0.3;2;0;0.1;0;0.9;"POINT(4.8917038,52.3493086)";"POINT(52.3493086,4.8917038)";4.8917038;52.3493086;
417;"Dansschool Meneer de Wit";1323;2;2;960;72.9;"GroenLinks";0;25.1;"D66";0;23.5;0;0;0;0;0;0;0;0;0;0;0;0;0;0;0;0;0;0;0;0;0;0;0;0;0;12.4;5.5;2.9;4.5;1.8;23.5;1.7;25.1;0.1;6.4;0.8;0.1;0.1;11.7;0;0.5;0.1;0;0.1;0.6;1.8;0.1;0.1;0.1;1.5;"POINT(4.860254,52.3653151)";"POINT(52.3653151,4.860254)";4.860254;52.3653151;
418;"Dansschool Oostveen";2834;4;14;1705;60.8;"D66";0;27.8;"VVD";0;24.8;0;0;0;0;0;0;0;0;0;0;0;0;0;0;0;0;0;0;0;0;0;0;0;0;0;24.8;8;4;3;3.6;27.8;1.1;17;0.2;6.1;1.2;0;0.1;0.2;0;1.5;0.1;0.1;0.1;0.6;0.6;0;0;0;1.1;"POINT(4.8553479,52.3544089)";"POINT(52.3544089,4.8553479)";4.8553479;52.3544089;
419;"De Balie";1596;2;6;1877;118.1;"D66";0;27.7;"GroenLinks";0;23.9;0;0;0;0;0;0;0;0;0;0;0;0;0;0;0;0;0;0;0;0;0;0;0;0;0;22.5;7.1;2.9;3;2.1;27.7;0.6;23.9;0.1;6.4;0.5;0.1;0.2;0.1;0.1;1.3;0;0;0.1;0.9;0.4;0.1;0;0;1.5;"POINT(4.8827569,52.3630759)";"POINT(52.3630759,4.8827569)";4.8827569;52.3630759;
420;"De Binnenwaai";1283;4;10;611;48.7;"D66";0;21.3;"VVD";0;16.4;0;0;0;0;0;0;0;0;0;0;0;0;0;0;0;0;0;0;0;0;0;0;0;0;0;16.4;8.5;5.6;4.9;3.1;21.3;3.9;13.4;0.3;4.6;1.3;0.2;0.3;8.3;0.2;2;0;0;0;0.3;5.2;0;0;0.2;1.5;"POINT(4.9959462,52.35661)";"POINT(52.35661,4.9959462)";4.9959462;52.35661;
421;"De Bogt Westerbeer";2921;11;16;2386;82.6;"GroenLinks";0;23.4;"D66";0;15.2;0;0;0;0;0;0;0;0;0;0;0;0;0;0;0;0;0;0;0;0;0;0;0;0;0;9.5;8.4;10.7;9;2.1;15.2;1;23.4;0.3;7.8;2.8;0.1;0.2;4.3;0.1;0.9;0;0.1;0;0.8;3;0;0.1;0.2;1.9;"POINT(4.8783352,52.3889968)";"POINT(52.3889968,4.8783352)";4.8783352;52.3889968;
422;"De Clutch";1390;1;3;972;70.2;"GroenLinks";0;25.8;"D66";0;25.4;0;0;0;0;0;0;0;0;0;0;0;0;0;0;0;0;0;0;0;0;0;0;0;0;0;12.4;12.3;2.9;4.8;1.6;25.4;0.6;25.8;0.1;6.9;0.6;0.1;0.2;3.3;0;1;0;0;0;0.5;1.2;0;0;0;0.9;"POINT(4.930896,52.3702284)";"POINT(52.3702284,4.930896)";4.930896;52.3702284;
423;"De Coenen";2117;1;4;1839;87.1;"D66";0;24.5;"GroenLinks";0;21.5;0;0;0;0;0;0;0;0;0;0;0;0;0;0;0;0;0;0;0;0;0;0;0;0;0;16.4;14.6;2.9;5.8;2.5;24.5;0.9;21.5;0.2;6.4;1;0;0.1;0.7;0;1.5;0;0;0.1;0.4;0.4;0.1;0;0;0.8;"POINT(4.8815401,52.3526198)";"POINT(52.3526198,4.8815401)";4.8815401;52.3526198;
424;"De Derde Schinkel";1193;0;4;909;76.5;"VVD";0;26.1;"D66";0;26;0;0;0;0;0;0;0;0;0;0;0;0;0;0;0;0;0;0;0;0;0;0;0;0;0;26.1;5.8;3.3;4.2;3;26;1.1;18.6;0.1;6.9;1.7;0;0.1;0.6;0.3;1;0;0;0.1;0.8;0.4;0;0;0;1.4;"POINT(4.8552339,52.3528983)";"POINT(52.3528983,4.8552339)";4.8552339;52.3528983;
425;"De Die";1226;4;7;892;73.7;"VVD";0;14.8;"PVV";0;14.5;0;0;0;0;0;0;0;0;0;0;0;0;0;0;0;0;0;0;0;0;0;0;0;0;0;14.8;11.9;14.5;9.1;5.3;10.1;1.6;12.4;0.1;5.3;3.8;0.3;0.4;5.9;0.1;1.3;0.1;0;0.1;0.6;1.8;0.3;0.1;0;2.2;"POINT(4.9320409,52.3989035)";"POINT(52.3989035,4.9320409)";4.9320409;52.3989035;
426;"De Edelsteen";2919;3;19;1993;69.0;"GroenLinks";0;22.6;"D66";0;18.5;0;0;0;0;0;0;0;0;0;0;0;0;0;0;0;0;0;0;0;0;0;0;0;0;0;12.8;7.6;6.3;8.4;2.1;18.5;0.9;22.6;0.2;7.5;1.1;0;0.3;7.4;0.1;0.8;0.1;0.1;0;0.5;2.6;0.3;0;0;1.4;"POINT(4.9056742,52.3508841)";"POINT(52.3508841,4.9056742)";4.9056742;52.3508841;
427;"De Keyzer";1289;0;6;1495;116.4;"GroenLinks";0;25.4;"D66";0;19.7;0;0;0;0;0;0;0;0;0;0;0;0;0;0;0;0;0;0;0;0;0;0;0;0;0;11.2;9.9;4.9;6.6;1.9;19.7;1.8;25.4;0.1;6.8;0.9;0.1;0.3;4.6;0.1;0.9;0.2;0.1;0.1;0.6;3.4;0.1;0.1;0;1.8;"POINT(4.9269502,52.3683783)";"POINT(52.3683783,4.9269502)";4.9269502;52.3683783;
428;"De Kikker";4303;7;28;2447;57.7;"DENK";0;31.3;"D66";0;11.6;0;0;0;0;0;0;0;0;0;0;0;0;0;0;0;0;0;0;0;0;0;0;0;0;0;7.8;6.6;9;7.2;3.2;11.6;1.2;11.2;0.2;2.5;3.4;0;0.3;31.3;0.4;0.6;0.2;0.1;0;0.3;2.6;0.2;0;0;1.8;"POINT(4.793092,52.355931)";"POINT(52.355931,4.793092)";4.793092;52.355931;
429;"De Koperen Knoop";2225;8;13;1940;88.1;"GroenLinks";0;26.5;"D66";0;16.4;0;0;0;0;0;0;0;0;0;0;0;0;0;0;0;0;0;0;0;0;0;0;0;0;0;9.6;8.1;8.1;8.4;2.1;16.4;0.6;26.5;0.1;9.6;2.1;0;0.3;4.4;0.1;1.3;0.1;0;0;0.4;1.8;0.1;0;0;1.0;"POINT(4.8767092,52.3834502)";"POINT(52.3834502,4.8767092)";4.8767092;52.3834502;
430;"De Meevaart";1434;2;12;882;62.5;"GroenLinks";0;29.4;"D66";0;21.1;0;0;0;0;0;0;0;0;0;0;0;0;0;0;0;0;0;0;0;0;0;0;0;0;0;9.2;6.9;2.5;5.7;0.9;21.1;1.7;29.4;0;5.6;0.7;0;0.1;13.3;0;0.6;0;0.1;0.1;0.2;1.8;0.1;0;0.1;0.8;"POINT(4.9339058,52.3630149)";"POINT(52.3630149,4.9339058)";4.9339058;52.3630149;
431;"De Nieuwe Liefde";2089;0;0;1467;70.2;"GroenLinks";0;26.2;"D66";0;21.9;0;0;0;0;0;0;0;0;0;0;0;0;0;0;0;0;0;0;0;0;0;0;0;0;0;17.5;7.2;3.7;5.5;2.9;21.9;0.5;26.2;0.3;9.1;1.1;0;0.1;1.2;0;1.1;0.1;0;0.1;0.5;0.7;0.1;0.1;0;1.3;"POINT(4.8716528,52.3697974)";"POINT(52.3697974,4.8716528)";4.8716528;52.3697974;
432;"De Noorderspeeltuin";1324;4;2;1022;77.6;"GroenLinks";0;20.8;"D66";0;17.4;0;0;0;0;0;0;0;0;0;0;0;0;0;0;0;0;0;0;0;0;0;0;0;0;0;16.5;9.3;9;7.1;1.5;17.4;1.1;20.8;0;11.6;2.5;0.1;0.1;0.8;0.1;1.1;0.1;0;0;0.3;0.5;0;0;0;0.7;"POINT(4.8824518,52.3795325)";"POINT(52.3795325,4.8824518)";4.8824518;52.3795325;
433;"De Parel";1973;7;7;1584;81.0;"GroenLinks";0;27.3;"D66";0;16.6;0;0;0;0;0;0;0;0;0;0;0;0;0;0;0;0;0;0;0;0;0;0;0;0;0;10.4;9.7;5.9;8.2;1.3;16.6;1.8;27.3;0.1;8.5;1.3;0;0.1;2.9;0.1;1.6;0.1;0.1;0;0.9;3.1;0.1;0;0.1;1.4;"POINT(4.9209359,52.3706938)";"POINT(52.3706938,4.9209359)";4.9209359;52.3706938;
434;"De Rode Hoed";1060;0;8;1024;97.4;"D66";0;28.9;"VVD";0;23.3;0;0;0;0;0;0;0;0;0;0;0;0;0;0;0;0;0;0;0;0;0;0;0;0;0;23.3;10.3;2.3;2.3;2.4;28.9;0.6;20.4;0;5.4;0.7;0;0.2;0.3;0;2;0;0;0;0.2;0.6;0;0;0.1;0.5;"POINT(4.8872802,52.3773429)";"POINT(52.3773429,4.8872802)";4.8872802;52.3773429;
435;"De Schutse";1399;4;9;1062;76.8;"GroenLinks";0;18.1;"D66";0;14.7;0;0;0;0;0;0;0;0;0;0;0;0;0;0;0;0;0;0;0;0;0;0;0;0;0;14.3;9;9;6.2;7.4;14.7;1.8;18.1;0.4;5.1;3.5;0.1;0;8.5;0;0.7;0;0.1;0;0.5;0.5;0.1;0;0.1;1.2;"POINT(4.8225958,52.3594367)";"POINT(52.3594367,4.8225958)";4.8225958;52.3594367;
436;"De Spaarndammerhout";2997;2;9;1311;44.1;"GroenLinks";0;26.9;"D66";0;20.1;0;0;0;0;0;0;0;0;0;0;0;0;0;0;0;0;0;0;0;0;0;0;0;0;0;9.6;6.6;8;6.8;1.8;20.1;1.3;26.9;0.2;7.5;1.8;0;0.1;4.9;0.1;1.1;0;0;0;0.8;2.3;0.2;0;0.1;1.4;"POINT(4.878761,52.3927809)";"POINT(52.3927809,4.878761)";4.878761;52.3927809;
437;"De Toneelmakerij";2081;0;4;1221;58.9;"GroenLinks";0;24.3;"D66";0;20.5;0;0;0;0;0;0;0;0;0;0;0;0;0;0;0;0;0;0;0;0;0;0;0;0;0;16.5;8.5;4.1;7;1.5;20.5;0.7;24.3;0.2;11.5;1;0.2;0.3;0.2;0.1;1.7;0;0.1;0;0.9;0.7;0.1;0;0;1.8;"POINT(4.8787501,52.3707167)";"POINT(52.3707167,4.8787501)";4.8787501;52.3707167;
438;"De Volksuniversiteit";1564;2;23;1366;88.9;"DENK";0;27.2;"GroenLinks";0;20.1;0;0;0;0;0;0;0;0;0;0;0;0;0;0;0;0;0;0;0;0;0;0;0;0;0;8.9;4.7;2.8;5.1;1;17.1;1.4;20.1;0.1;6;1.2;0;0.1;27.2;0.1;0.8;0.1;0.1;0;0.7;2.4;0;0.1;0.1;1.4;"POINT(4.845145,52.3786399)";"POINT(52.3786399,4.845145)";4.845145;52.3786399;
439;"De Wending";1442;4;13;979;69.1;"D66";0;23.6;"GroenLinks";0;22.8;0;0;0;0;0;0;0;0;0;0;0;0;0;0;0;0;0;0;0;0;0;0;0;0;0;12.4;6.9;4.6;5.3;1.9;23.6;0.8;22.8;0.1;5.5;1.1;0.1;0.2;10.6;0;1;0.1;0;0;1.1;1.7;0;0;0;1.6;"POINT(4.8583782,52.368714)";"POINT(52.368714,4.8583782)";4.8583782;52.368714;
440;"de Wiltzangh";1490;2;11;1014;68.9;"GroenLinks";0;22.5;"DENK";0;19.6;0;0;0;0;0;0;0;0;0;0;0;0;0;0;0;0;0;0;0;0;0;0;0;0;0;9.7;5;3.8;5.3;2.5;18.5;0.5;22.5;0.4;5.1;2.1;0.2;0.2;19.6;0;1.2;0;0.1;0.1;0.2;2.7;0.1;0;0.2;1.5;"POINT(4.8505552,52.3818099)";"POINT(52.3818099,4.8505552)";4.8505552;52.3818099;
441;"De Witte Boei";2088;0;4;1312;63.0;"GroenLinks";0;23.6;"D66";0;13.5;0;0;0;0;0;0;0;0;0;0;0;0;0;0;0;0;0;0;0;0;0;0;0;0;0;8.5;10.7;8.5;10.5;2.1;13.5;1.3;23.6;0.1;8.2;3;0;0.1;2.6;0.2;1.4;0;0;0.1;0.8;4.7;0.3;0;0;1.4;"POINT(4.9218242,52.3714072)";"POINT(52.3714072,4.9218242)";4.9218242;52.3714072;
442;"De Zeeheld";2748;4;13;1632;60.0;"GroenLinks";0;27.3;"D66";0;18.5;0;0;0;0;0;0;0;0;0;0;0;0;0;0;0;0;0;0;0;0;0;0;0;0;0;9.3;10.6;5.3;7.2;2.1;18.5;1;27.3;0.1;7.7;1.1;0;0.1;3.9;0.1;1.5;0.1;0.1;0.1;1.2;2.9;0.1;0;0.1;1.8;"POINT(4.8868301,52.3898665)";"POINT(52.3898665,4.8868301)";4.8868301;52.3898665;
443;"Dependance De Mijlpaal";2898;4;11;2614;90.7;"VVD";0;18.4;"D66";0;17.3;0;0;0;0;0;0;0;0;0;0;0;0;0;0;0;0;0;0;0;0;0;0;0;0;0;18.4;8.3;11.5;7.2;5.5;17.3;1.1;14.6;0.1;4.1;3.7;0.3;0.3;4.1;0.1;1.5;0;0;0;0.4;1.6;0.1;0;0;1.3;"POINT(4.812114,52.3447157)";"POINT(52.3447157,4.812114)";4.812114;52.3447157;
444;"Dependance Westerparkschool";2514;5;9;2100;84.1;"GroenLinks";0;27;"D66";0;21.6;0;0;0;0;0;0;0;0;0;0;0;0;0;0;0;0;0;0;0;0;0;0;0;0;0;12.2;8.5;4.4;6.8;1.9;21.6;0.8;27;0;9;0.9;0;0.1;3.7;0;1.4;0;0;0;0.6;1;0;0;0;1.0;"POINT(4.872936,52.3794829)";"POINT(52.3794829,4.872936)";4.872936;52.3794829;
445;"Dienstencentrum Osdorperhof";1173;1;10;902;77.8;"PVV";0;16.5;"VVD";0;14.9;0;0;0;0;0;0;0;0;0;0;0;0;0;0;0;0;0;0;0;0;0;0;0;0;0;14.9;7.2;16.5;10;7.4;11.8;1.8;9.8;0.3;5.8;5;0;0.7;5;0;1.3;0;0;0.1;0.6;1.8;0;0;0.2;1.9;"POINT(4.8126161,52.3547408)";"POINT(52.3547408,4.8126161)";4.8126161;52.3547408;
446;"Dierendok";3510;9;5;1683;48.3;"GroenLinks";0;17.3;"PVV";0;15.4;0;0;0;0;0;0;0;0;0;0;0;0;0;0;0;0;0;0;0;0;0;0;0;0;0;10.9;7.7;15.4;11.3;2.9;11.5;1;17.3;0;4.9;4.5;0.4;0.7;6.6;0.3;1.6;0.1;0;0.1;0.7;2.1;0;0.1;0;2.2;"POINT(4.896682,52.4062506)";"POINT(52.4062506,4.896682)";4.896682;52.4062506;
447;"Doopsgezinde Singelkerk";1082;0;5;994;92.3;"VVD";0;29.1;"D66";0;25.6;0;0;0;0;0;0;0;0;0;0;0;0;0;0;0;0;0;0;0;0;0;0;0;0;0;29.1;6.2;2.2;1.9;4;25.6;1.3;19.8;0.1;5.8;0.9;0;0.3;0;0;1.6;0;0;0;0.6;0.5;0;0;0;1.0;"POINT(4.8886359,52.3676955)";"POINT(52.3676955,4.8886359)";4.8886359;52.3676955;
448;"Dorpshuis de Beke";824;0;0;740;89.8;"VVD";0;24.9;"GroenLinks";0;19.7;0;0;0;0;0;0;0;0;0;0;0;0;0;0;0;0;0;0;0;0;0;0;0;0;0;24.9;10;7.4;3.8;8.8;14.2;1.8;19.7;0.1;5.5;2.6;0;0.3;0.1;0;0.7;0;0;0;0.1;0;0;0;0;0.5;"POINT(4.9943082,52.3923651)";"POINT(52.3923651,4.9943082)";4.9943082;52.3923651;
449;"Doven Ontmoetings Centrum";2074;2;3;1277;61.8;"GroenLinks";0;22.8;"D66";0;22.6;0;0;0;0;0;0;0;0;0;0;0;0;0;0;0;0;0;0;0;0;0;0;0;0;0;19.9;6.5;3.9;6.4;2.1;22.6;0.4;22.8;0.1;9.2;0.9;0.1;0.2;2.3;0;1.2;0;0;0;0.5;0.6;0.2;0;0.2;1.2;"POINT(4.8953259,52.3576132)";"POINT(52.3576132,4.8953259)";4.8953259;52.3576132;
450;"Dr. J. Th. de Visserschool";1177;2;12;803;69.4;"GroenLinks";0;20.7;"D66";0;19.3;0;0;0;0;0;0;0;0;0;0;0;0;0;0;0;0;0;0;0;0;0;0;0;0;0;12.7;7.1;5.5;6;1.5;19.3;1.9;20.7;0.2;6;2;0.1;0.2;10.7;0;1.4;0;0;0;0.7;4;0;0;0;1.4;"POINT(4.855273,52.3667952)";"POINT(52.3667952,4.855273)";4.855273;52.3667952;
451;"Dr. Sarphatihuis";1856;3;5;2354;127.3;"GroenLinks";0;28.2;"D66";0;22.9;0;0;0;0;0;0;0;0;0;0;0;0;0;0;0;0;0;0;0;0;0;0;0;0;0;13.6;10.2;3.7;5.8;1.4;22.9;0.6;28.2;0.2;8.2;0.8;0;0.2;0.8;0.1;1;0;0;0.2;0.6;1.4;0.2;0;0;1.5;"POINT(4.9105599,52.3646819)";"POINT(52.3646819,4.9105599)";4.9105599;52.3646819;
452;"Eduard Douwes Dekkerhuis";1709;0;13;899;53.4;"PVV";0;13.8;"D66";0;12.5;0;0;0;0;0;0;0;0;0;0;0;0;0;0;0;0;0;0;0;0;0;0;0;0;0;11.9;8.3;13.8;8.6;4.4;12.5;3.1;11.3;0.1;4.9;4.3;0;0.4;9.5;0.1;1;0;0;0;0.2;5.2;0.2;0;0;1.1;"POINT(4.907706,52.4046294)";"POINT(52.4046294,4.907706)";4.907706;52.4046294;
453;"Eetcafe Oerknal";1571;0;3;1822;116.2;"GroenLinks";0;42.3;"D66";0;27.5;0;0;0;0;0;0;0;0;0;0;0;0;0;0;0;0;0;0;0;0;0;0;0;0;0;7.8;5.6;0.8;1.7;1.9;27.5;0.8;42.3;0.1;6.6;0.1;0;0.3;0.1;0.1;1.8;0;0.1;0.1;1.3;1;0.1;0;0;2.1;"POINT(4.9563072,52.3556372)";"POINT(52.3556372,4.9563072)";4.9563072;52.3556372;
454;"Evean Henriette Roland Holst";2598;9;16;1282;50.3;"Artikel 1";0;19;"PvdA";0;16.1;0;0;0;0;0;0;0;0;0;0;0;0;0;0;0;0;0;0;0;0;0;0;0;0;0;5.5;16.1;11.1;9.8;2.5;6.2;6.9;11;0.1;4.5;4.7;0;0;1.6;0;0.5;0.1;0.1;0.2;0.1;19;0.1;0;0;0.5;"POINT(4.9697888,52.3142706)";"POINT(52.3142706,4.9697888)";4.9697888;52.3142706;
455;"Evean Korthagenhuis";1200;1;4;878;73.6;"VVD";0;16.1;"PVV";0;15.9;0;0;0;0;0;0;0;0;0;0;0;0;0;0;0;0;0;0;0;0;0;0;0;0;0;16.1;9.3;15.9;9.7;8.5;7.7;2.2;7.9;0.2;5.4;5.6;0.3;0.2;6;0;1.5;0;0.1;0;0.1;3.2;0;0;0;1.0;"POINT(4.9398858,52.4048277)";"POINT(52.4048277,4.9398858)";4.9398858;52.4048277;
456;"Flatgebouw Baarsstraat";1250;1;1;951;76.2;"D66";0;24;"GroenLinks";0;19.1;0;0;0;0;0;0;0;0;0;0;0;0;0;0;0;0;0;0;0;0;0;0;0;0;0;17.9;6.1;5.2;6.6;2.9;24;1.6;19.1;0.1;7.2;2.3;0;0.3;2.3;0.1;1.8;0.2;0;0.3;0.2;1.6;0;0.2;0;1.5;"POINT(4.8547132,52.3498503)";"POINT(52.3498503,4.8547132)";4.8547132;52.3498503;
457;"Flesseman Centrum van Ouderen";1071;2;2;1364;127.7;"GroenLinks";0;28.9;"D66";0;22.4;0;0;0;0;0;0;0;0;0;0;0;0;0;0;0;0;0;0;0;0;0;0;0;0;0;13.4;8.4;5.3;4.9;2.1;22.4;0.7;28.9;0;8.7;1.1;0;0.1;0.4;0.1;1.2;0.1;0.4;0.2;0.7;0.7;0.3;0;0;1.8;"POINT(4.900687,52.3719946)";"POINT(52.3719946,4.900687)";4.900687;52.3719946;
458;"Flexbieb";1443;0;3;1094;76.0;"D66";0;21.4;"GroenLinks";0;19.7;0;0;0;0;0;0;0;0;0;0;0;0;0;0;0;0;0;0;0;0;0;0;0;0;0;16.8;8.7;4.3;4.1;4.8;21.4;1.8;19.7;0.1;5.7;1.2;0.4;0.2;4.9;0.3;1.3;0;0;0;0.5;3.5;0.5;0;0;1.9;"POINT(4.9946291,52.3577468)";"POINT(52.3577468,4.9946291)";4.9946291;52.3577468;
459;"Frankendael, locatie Von Liebigweg";1346;2;3;791;59.1;"GroenLinks";0;16.9;"PVV";0;14.5;0;0;0;0;0;0;0;0;0;0;0;0;0;0;0;0;0;0;0;0;0;0;0;0;0;9.6;12.3;14.5;9.9;3.4;12.1;1.4;16.9;0.1;7.1;3.4;0.3;0.6;4.4;0.1;1.4;0;0;0;0.6;1.6;0;0.1;0;1.9;"POINT(4.9271171,52.3424079)";"POINT(52.3424079,4.9271171)";4.9271171;52.3424079;
460;"Frascati";813;1;1;764;94.2;"GroenLinks";0;30.6;"D66";0;24.2;0;0;0;0;0;0;0;0;0;0;0;0;0;0;0;0;0;0;0;0;0;0;0;0;0;15.8;6;4.2;3.3;2.9;24.2;0.3;30.6;0.1;7.9;0.8;0;0.1;0.7;0;1.7;0;0;0.1;0.4;0.7;0.1;0.1;0;1.0;"POINT(4.893584,52.3703238)";"POINT(52.3703238,4.893584)";4.893584;52.3703238;
461;"Gebouw";1136;0;8;719;64.0;"PVV";0;32.4;"SP";0;13.2;0;0;0;0;0;0;0;0;0;0;0;0;0;0;0;0;0;0;0;0;0;0;0;0;0;6.4;7.4;32.4;13.2;3.3;6.4;1;12.7;0;6.3;5.4;0;0.4;2.9;0.3;1.3;0;0;0;0;0.6;0.1;0;0;0.8;"POINT(4.8906891,52.409928)";"POINT(52.409928,4.8906891)";4.8906891;52.409928;
462;"Goeman Borgesiusschool";4303;5;16;2223;52.1;"DENK";0;25.1;"PVV";0;15;0;0;0;0;0;0;0;0;0;0;0;0;0;0;0;0;0;0;0;0;0;0;0;0;0;9.6;7.6;15;8.9;3.6;8.5;1.3;9.9;0.1;2.4;4.4;0.1;0.2;25.1;0;1;0;0;0.1;0.5;1.3;0.1;0;0.1;1.2;"POINT(4.7972748,52.3769652)";"POINT(52.3769652,4.7972748)";4.7972748;52.3769652;
463;"Grand Cafe Frankendael";1358;1;3;1405;103.8;"D66";0;23.7;"GroenLinks";0;22.8;0;0;0;0;0;0;0;0;0;0;0;0;0;0;0;0;0;0;0;0;0;0;0;0;0;16.8;10.8;4.5;4.8;3.6;23.7;1.6;22.8;0.1;4.3;1.9;0.1;0.1;0.8;0.1;2.3;0;0;0.2;0.5;0.9;0;0;0;1.1;"POINT(4.9376299,52.3490531)";"POINT(52.3490531,4.9376299)";4.9376299;52.3490531;
464;"Gymlokaal";1049;3;8;1082;104.2;"GroenLinks";0;26.8;"D66";0;20.9;0;0;0;0;0;0;0;0;0;0;0;0;0;0;0;0;0;0;0;0;0;0;0;0;0;11.3;12.3;4.5;6.6;1.5;20.9;1.1;26.8;0.2;10.7;0.9;0.1;0.1;0.1;0;0.7;0;0.1;0;0.9;1;0.1;0;0.1;1.6;"POINT(4.9022171,52.3731085)";"POINT(52.3731085,4.9022171)";4.9022171;52.3731085;
465;"Gymzaal bij school De Ark";2252;1;13;1652;74.0;"VVD";0;23.4;"D66";0;16;0;0;0;0;0;0;0;0;0;0;0;0;0;0;0;0;0;0;0;0;0;0;0;0;0;23.4;8.9;8.9;4.9;7.1;16;3.4;12.2;0.8;5.1;2.4;0.1;0.3;1.2;0.1;3.3;0;0.1;0.1;0.8;0.7;0.1;0.1;0;2.5;"POINT(4.8747499,52.326615)";"POINT(52.326615,4.8747499)";4.8747499;52.326615;
466;"Gymzaal De Kleine Nicolaas";2094;1;3;1649;78.9;"VVD";0;32.1;"D66";0;24.9;0;0;0;0;0;0;0;0;0;0;0;0;0;0;0;0;0;0;0;0;0;0;0;0;0;32.1;9;2.5;2.9;3.5;24.9;1;14.1;0.1;5.9;0.7;0;0.2;0.9;0;1.2;0;0;0.1;0.2;0.6;0.1;0;0;0.7;"POINT(4.8633082,52.3515326)";"POINT(52.3515326,4.8633082)";4.8633082;52.3515326;
467;"Gymzaal Nicolaas Maesschool";1003;0;3;1050;105.0;"VVD";0;29.1;"D66";0;23.1;0;0;0;0;0;0;0;0;0;0;0;0;0;0;0;0;0;0;0;0;0;0;0;0;0;29.1;12.1;1.7;3.8;3.4;23.1;0.8;16.4;0.1;5.8;0.9;0;0.4;0.5;0.1;1;0;0;0;0.6;0.3;0;0;0;1.1;"POINT(4.8768728,52.3525702)";"POINT(52.3525702,4.8768728)";4.8768728;52.3525702;
468;"Hervormd Lyceum Zuid";1129;0;3;1138;101.1;"VVD";0;39.7;"D66";0;25.6;0;0;0;0;0;0;0;0;0;0;0;0;0;0;0;0;0;0;0;0;0;0;0;0;0;39.7;7.1;3.1;1.7;5.5;25.6;1;10;0.2;2.7;0.6;0;0.2;0.8;0;1.5;0;0.1;0;0;0.3;0;0;0;0.4;"POINT(4.8790662,52.3481871)";"POINT(52.3481871,4.8790662)";4.8790662;52.3481871;
469;"Het Anker";1423;2;14;1046;74.6;"PVV";0;34.4;"GroenLinks";0;14.3;0;0;0;0;0;0;0;0;0;0;0;0;0;0;0;0;0;0;0;0;0;0;0;0;0;6.6;5.3;34.4;9.5;2;7.7;1.1;14.3;0;4.4;5.6;0.1;0.3;5.1;0.6;0.6;0.1;0;0;0.4;1.6;0;0.2;0.1;1.7;"POINT(4.911701,52.399327)";"POINT(52.399327,4.911701)";4.911701;52.399327;
470;"Het Claverhuis";1004;1;5;1660;165.9;"GroenLinks";0;22.8;"VVD";0;21.9;0;0;0;0;0;0;0;0;0;0;0;0;0;0;0;0;0;0;0;0;0;0;0;0;0;21.9;8.3;4.2;4.6;1.7;21.8;0.4;22.8;0;8.2;1.7;0.1;0.3;0.5;0.2;1.3;0;0.1;0.1;0.7;1;0.1;0;0;1.5;"POINT(4.8809178,52.369847)";"POINT(52.369847,4.8809178)";4.8809178;52.369847;
471;"Het Groeipaleis";1465;3;6;1035;71.3;"PVV";0;16.5;"VVD";0;13.7;0;0;0;0;0;0;0;0;0;0;0;0;0;0;0;0;0;0;0;0;0;0;0;0;0;13.7;6.5;16.5;10.3;3.8;10.9;1;11.5;0;4.6;5.1;0.1;0.8;9.5;0.2;2.1;0;0;0;0.7;2.5;0.2;0;0;1.9;"POINT(4.7830598,52.3521124)";"POINT(52.3521124,4.7830598)";4.7830598;52.3521124;
472;"Het JAV`ART Huis";1453;5;18;1292;90.5;"GroenLinks";0;26.5;"DENK";0;15.4;0;0;0;0;0;0;0;0;0;0;0;0;0;0;0;0;0;0;0;0;0;0;0;0;0;7.2;8;4.5;6;1.6;15.3;1.2;26.5;0;5.6;1.9;0;0.2;15.4;0;0.8;0.1;0.1;0.1;0.5;4.6;0.2;0.2;0.2;1.4;"POINT(4.9449198,52.3626677)";"POINT(52.3626677,4.9449198)";4.9449198;52.3626677;
473;"Het Marnix";1354;0;7;1343;99.7;"D66";0;22.6;"GroenLinks";0;21.9;0;0;0;0;0;0;0;0;0;0;0;0;0;0;0;0;0;0;0;0;0;0;0;0;0;14.6;7.5;6.6;7.7;1.9;22.6;0.4;21.9;0.1;8.9;1.5;0.1;0.1;1.3;0.1;2.2;0;0;0.1;1.2;1;0.1;0.1;0;2.0;"POINT(4.8784902,52.3779761)";"POINT(52.3779761,4.8784902)";4.8784902;52.3779761;
474;"Het Open Huis";1187;0;11;960;81.8;"D66";0;22.1;"GroenLinks";0;19.8;0;0;0;0;0;0;0;0;0;0;0;0;0;0;0;0;0;0;0;0;0;0;0;0;0;17.1;7.6;5.4;8.1;2.3;22.1;0.9;19.8;0;7.1;1.6;0;0;4.7;0;1;0;0;0;0.8;1.4;0.1;0;0;0.9;"POINT(4.8691699,52.3712584)";"POINT(52.3712584,4.8691699)";4.8691699;52.3712584;
475;"Het Parkhuis";1209;2;4;1092;90.8;"GroenLinks";0;21.4;"D66";0;21;0;0;0;0;0;0;0;0;0;0;0;0;0;0;0;0;0;0;0;0;0;0;0;0;0;14;13.2;5.1;5.7;4.5;21;0.9;21.4;0;4.9;2.3;0;0.2;3.5;0;1;0.1;0.1;0;0.2;1.9;0;0;0.1;0.6;"POINT(4.9479291,52.3435027)";"POINT(52.3435027,4.9479291)";4.9479291;52.3435027;
476;"Het Schouw";1630;2;7;959;59.4;"PVV";0;15.4;"VVD";0;13.6;0;0;0;0;0;0;0;0;0;0;0;0;0;0;0;0;0;0;0;0;0;0;0;0;0;13.6;10.2;15.4;9.3;7;10.2;1.5;11.7;0.4;5;5.3;0;0.1;6.3;0.1;1.3;0.2;0;0;0.4;2.1;0;0;0;1.3;"POINT(4.9427311,52.3980452)";"POINT(52.3980452,4.9427311)";4.9427311;52.3980452;
477;"Het Spectrum";3043;3;7;1703;56.3;"GroenLinks";0;27.1;"D66";0;24.3;0;0;0;0;0;0;0;0;0;0;0;0;0;0;0;0;0;0;0;0;0;0;0;0;0;14.6;8.5;3.6;5.1;2.4;24.3;0.7;27.1;0.1;5.5;1.1;0.1;0;4.1;0;1.3;0;0;0;0.3;1.3;0;0;0;0.4;"POINT(4.9256189,52.3524138)";"POINT(52.3524138,4.9256189)";4.9256189;52.3524138;
478;"Het Tolhuis / Tolhuistuin";1525;0;12;2070;136.5;"GroenLinks";0;31.8;"D66";0;19.9;0;0;0;0;0;0;0;0;0;0;0;0;0;0;0;0;0;0;0;0;0;0;0;0;0;10.5;7.7;4.1;3.9;1.8;19.9;1.4;31.8;0.2;9.6;0.4;0.1;0.2;3.6;0.1;0.8;0;0;0.1;1.2;2.3;0.1;0;0;2.2;"POINT(4.904885,52.3830306)";"POINT(52.3830306,4.904885)";4.904885;52.3830306;
479;"Het Zwanenmeer";1573;4;9;988;63.6;"PVV";0;15.4;"VVD";0;12.3;0;0;0;0;0;0;0;0;0;0;0;0;0;0;0;0;0;0;0;0;0;0;0;0;0;12.3;10;15.4;8.4;6.2;11.5;3.3;11;0.1;3.6;4.1;0.2;0.6;8.4;0.1;1.8;0.1;0.1;0;0.2;2.2;0;0;0.1;1.5;"POINT(4.9493992,52.3953024)";"POINT(52.3953024,4.9493992)";4.9493992;52.3953024;
480;"Hildebrand van Loonschool";1457;1;1;1011;69.5;"VVD";0;31.8;"D66";0;25.3;0;0;0;0;0;0;0;0;0;0;0;0;0;0;0;0;0;0;0;0;0;0;0;0;0;31.8;10.9;2.6;1.7;4.5;25.3;1.3;14.4;0;4.7;0.1;0;0;0.1;0.1;1.8;0;0;0.2;0.1;0.2;0.2;0;0;0.6;"POINT(4.8776858,52.3546073)";"POINT(52.3546073,4.8776858)";4.8776858;52.3546073;
481;"Hilton Hotel - hoofdingang";1275;0;3;1600;125.7;"VVD";0;39.8;"D66";0;23.3;0;0;0;0;0;0;0;0;0;0;0;0;0;0;0;0;0;0;0;0;0;0;0;0;0;39.8;8;2.1;1.9;5.1;23.3;1.1;11.9;0.1;3.6;0.4;0;0.2;0.1;0.1;1.4;0;0;0;0.7;0.3;0;0.1;0;1.1;"POINT(4.8727038,52.3513571)";"POINT(52.3513571,4.8727038)";4.8727038;52.3513571;
482;"Hogeschool Ipabo";2972;4;55;2459;84.7;"DENK";0;40.5;"GroenLinks";0;15.1;0;0;0;0;0;0;0;0;0;0;0;0;0;0;0;0;0;0;0;0;0;0;0;0;0;8.3;4.7;3.5;4.6;2;13.9;1.1;15.1;0.1;2.6;0.8;0;0;40.5;0.1;0.5;0;0;0.1;0.4;1.5;0;0;0.2;1.1;"POINT(4.8368971,52.3674742)";"POINT(52.3674742,4.8368971)";4.8368971;52.3674742;
483;"Hogeschool van Amsterdam, Leeuwenburg";2008;2;10;2330;116.6;"GroenLinks";0;26.5;"D66";0;26.1;0;0;0;0;0;0;0;0;0;0;0;0;0;0;0;0;0;0;0;0;0;0;0;0;0;18.1;5.7;2.7;3.6;2.6;26.1;1.1;26.5;0.2;4.3;0.6;0.1;0.3;3.7;0.1;1.8;0;0;0;1.3;1.2;0;0;0;2.1;"POINT(4.9161751,52.3460318)";"POINT(52.3460318,4.9161751)";4.9161751;52.3460318;
484;"Holendrechtschool";1516;2;8;782;52.2;"PvdA";0;15.6;"GroenLinks";0;14.2;0;0;0;0;0;0;0;0;0;0;0;0;0;0;0;0;0;0;0;0;0;0;0;0;0;5.9;15.6;11.3;11.6;2.7;9.1;5.8;14.2;0.3;2.9;3.1;0;0.3;2.8;0;1.3;0;0;0;0.9;11.8;0.4;0;0.3;2.0;"POINT(4.9650671,52.2987944)";"POINT(52.2987944,4.9650671)";4.9650671;52.2987944;
485;"HoofdKwartier";1532;4;9;1599;105.2;"D66";0;26.6;"VVD";0;25.1;0;0;0;0;0;0;0;0;0;0;0;0;0;0;0;0;0;0;0;0;0;0;0;0;0;25.1;6.4;4.8;4.3;3.5;26.6;0.6;17.3;0;6.4;1;0.1;0;1.1;0.3;1;0;0;0;0.6;0.8;0;0;0.1;1.0;"POINT(4.8507669,52.3508727)";"POINT(52.3508727,4.8507669)";4.8507669;52.3508727;
486;"Horizon Brenner";2128;2;8;1464;69.3;"VVD";0;18.9;"D66";0;14.6;0;0;0;0;0;0;0;0;0;0;0;0;0;0;0;0;0;0;0;0;0;0;0;0;0;18.9;7.1;11.7;7.7;5.2;14.6;1.9;11.3;0.1;3.1;5.2;0.1;0.4;7.8;0.1;2;0.1;0;0.1;0.6;2;0;0;0;1.5;"POINT(4.7754161,52.3508078)";"POINT(52.3508078,4.7754161)";4.7754161;52.3508078;
487;"Huis van de Wijk Bezaanjachtplein";1645;1;14;1317;81.0;"DENK";0;15.3;"PVV";0;12.5;0;0;0;0;0;0;0;0;0;0;0;0;0;0;0;0;0;0;0;0;0;0;0;0;0;9.9;8.6;12.5;10.9;4.1;10.7;2.5;10.5;0;4.2;5.2;0.1;0.2;15.3;0.1;1.1;0.1;0;0;0.2;3.6;0;0;0.2;0.8;"POINT(4.9169462,52.4076888)";"POINT(52.4076888,4.9169462)";4.9169462;52.4076888;
488;"Huis van de Wijk De Aker";3419;8;19;2252;66.7;"DENK";0;16.3;"PVV";0;15.6;0;0;0;0;0;0;0;0;0;0;0;0;0;0;0;0;0;0;0;0;0;0;0;0;0;11.7;6.9;15.6;8.4;5.2;10.5;2;11.8;0.1;2.5;4.5;0;0.2;16.3;0;1.2;0.1;0;0;0.5;1.8;0.1;0;0.2;1.5;"POINT(4.7821538,52.3550498)";"POINT(52.3550498,4.7821538)";4.7821538;52.3550498;
489;"Huis van de Wijk Olympus";1499;10;1;1125;75.8;"GroenLinks";0;19.3;"D66";0;16.8;0;0;0;0;0;0;0;0;0;0;0;0;0;0;0;0;0;0;0;0;0;0;0;0;0;13.5;9;8.1;9.7;3.4;16.8;1.3;19.3;0.1;7.4;2.1;0.2;0.3;3.6;0;1.2;0;0.1;0.4;1;2.3;0.4;0.1;0;2.4;"POINT(4.8628619,52.3470847)";"POINT(52.3470847,4.8628619)";4.8628619;52.3470847;
490;"Huis van de Wijk Waterlandplein";1225;5;13;1146;95.0;"DENK";0;18.7;"GroenLinks";0;14.5;0;0;0;0;0;0;0;0;0;0;0;0;0;0;0;0;0;0;0;0;0;0;0;0;0;9.4;7.8;12;9.6;3.5;10.3;1.1;14.5;0.1;3.5;2.6;0;0.2;18.7;0;1.2;0.1;0.1;0;0.8;4.5;0;0;0;1.2;"POINT(4.9548418,52.3930937)";"POINT(52.3930937,4.9548418)";4.9548418;52.3930937;
491;"Huize Frankendael";1448;4;2;2025;140.3;"GroenLinks";0;28;"D66";0;27.1;0;0;0;0;0;0;0;0;0;0;0;0;0;0;0;0;0;0;0;0;0;0;0;0;0;13.4;10.7;2.1;4.3;3;27.1;0.8;28;0;6.9;0.8;0;0;0.3;0;1.1;0;0;0;0.6;0.5;0;0;0;0.8;"POINT(4.9336011,52.3511931)";"POINT(52.3511931,4.9336011)";4.9336011;52.3511931;
492;"Huizingaschool";1876;2;16;1048;56.8;"DENK";0;32.6;"GroenLinks";0;13.7;0;0;0;0;0;0;0;0;0;0;0;0;0;0;0;0;0;0;0;0;0;0;0;0;0;5.5;6.4;9.9;7.3;3.3;11.3;1;13.7;0.1;1.4;3.1;0.1;0.4;32.6;0.1;0.8;0.1;0.1;0;0.2;2.4;0.1;0;0.1;1.2;"POINT(4.8302271,52.3607833)";"POINT(52.3607833,4.8302271)";4.8302271;52.3607833;
493;"HVA - locatie Wibauthuis";1380;7;18;2011;147.5;"GroenLinks";0;29.7;"D66";0;26.8;0;0;0;0;0;0;0;0;0;0;0;0;0;0;0;0;0;0;0;0;0;0;0;0;0;14.9;5.2;1.2;4.5;1.9;26.8;0.8;29.7;0.1;6.8;0.3;0.1;0;3.8;0;1.3;0;0;0;0.3;1.8;0;0;0;0.8;"POINT(4.909486,52.359429)";"POINT(52.359429,4.909486)";4.909486;52.359429;
494;"Ichthusschool";1719;3;7;1091;64.0;"PVV";0;15.8;"GroenLinks";0;14.2;0;0;0;0;0;0;0;0;0;0;0;0;0;0;0;0;0;0;0;0;0;0;0;0;0;13;7.7;15.8;9.6;4.7;12.8;2.2;14.2;0.3;3.4;5.3;0.3;0.5;6.4;0;1.6;0;0;0;0.2;1.8;0;0;0.2;1.4;"POINT(4.8106649,52.3523947)";"POINT(52.3523947,4.8106649)";4.8106649;52.3523947;
495;"IJburg College";3042;2;13;2649;87.6;"D66";0;23.6;"VVD";0;22.8;0;0;0;0;0;0;0;0;0;0;0;0;0;0;0;0;0;0;0;0;0;0;0;0;0;22.8;7.8;3.2;5;1.7;23.6;1.5;16.8;0.1;5.2;0.6;0.2;0.1;6.5;0.1;1.7;0;0;0.1;0.6;2.1;0.1;0;0.2;1.6;"POINT(5.0043442,52.3512808)";"POINT(52.3512808,5.0043442)";5.0043442;52.3512808;
496;"Int. Instituut voor Sociale Geschiedenis";1755;1;4;1549;88.5;"GroenLinks";0;28.6;"D66";0;16.5;0;0;0;0;0;0;0;0;0;0;0;0;0;0;0;0;0;0;0;0;0;0;0;0;0;9.7;9.4;6.1;6.2;2;16.5;1.2;28.6;0.1;6.8;1.7;0.1;0.1;4.9;0.1;1.1;0.1;0;0;0.8;4;0.3;0.1;0;1.7;"POINT(4.9392941,52.3688666)";"POINT(52.3688666,4.9392941)";4.9392941;52.3688666;
497;"J.P. Coenschool Balistraat";1447;1;10;822;57.6;"GroenLinks";0;27.6;"D66";0;21.4;0;0;0;0;0;0;0;0;0;0;0;0;0;0;0;0;0;0;0;0;0;0;0;0;0;8.4;7.3;3;5.2;1.2;21.4;0.9;27.6;0.1;6.1;1.6;0;0.1;13.1;0;0.5;0;0.1;0;0.6;2.6;0.1;0;0;1.1;"POINT(4.9347122,52.3632132)";"POINT(52.3632132,4.9347122)";4.9347122;52.3632132;
498;"J.P. Coenschool Bankastraat";1407;3;14;1300;93.6;"GroenLinks";0;26.1;"D66";0;23;0;0;0;0;0;0;0;0;0;0;0;0;0;0;0;0;0;0;0;0;0;0;0;0;0;10.6;5.4;3.7;4.8;0.7;23;1.2;26.1;0.1;6;0.8;0.1;0.2;13.7;0;0.2;0.1;0;0;0.7;2.6;0.2;0;0;1.2;"POINT(4.9328458,52.3647086)";"POINT(52.3647086,4.9328458)";4.9328458;52.3647086;
499;"Jan van der Heijdenhuis";2323;2;12;1435;62.4;"D66";0;25.7;"VVD";0;22.8;0;0;0;0;0;0;0;0;0;0;0;0;0;0;0;0;0;0;0;0;0;0;0;0;0;22.8;6.2;3.3;4.9;1.7;25.7;1.2;22.1;0;8;0.6;0;0.3;1.2;0.1;0.8;0;0.1;0;0.3;0.6;0.1;0;0;0.9;"POINT(4.9022858,52.3560683)";"POINT(52.3560683,4.9022858)";4.9022858;52.3560683;
500;"Jenaplanschool Atlantis";1383;2;8;765;56.0;"DENK";0;19.6;"PVV";0;14.6;0;0;0;0;0;0;0;0;0;0;0;0;0;0;0;0;0;0;0;0;0;0;0;0;0;10.2;5.6;14.6;8.1;2.5;11.4;3.1;14.1;0;2.9;3.8;0.1;0.7;19.6;0.1;1.2;0;0;0;0.7;1.2;0.1;0;0;1.7;"POINT(4.7868631,52.3574378)";"POINT(52.3574378,4.7868631)";4.7868631;52.3574378;
501;"Jeugdtheater De Krakeling";1244;0;1;1120;90.1;"VVD";0;24.3;"D66";0;23.7;0;0;0;0;0;0;0;0;0;0;0;0;0;0;0;0;0;0;0;0;0;0;0;0;0;24.3;8.6;2.3;3.5;2.9;23.7;0.6;22.6;0;8.1;1.3;0;0;0.1;0;0.9;0;0;0;0.7;0.4;0.1;0;0;0.8;"POINT(4.8793108,52.3665244)";"POINT(52.3665244,4.8793108)";4.8793108;52.3665244;
502;"Jongerencentrum No Limit";2882;5;35;1722;61.1;"Artikel 1";0;18.3;"PvdA";0;17.8;0;0;0;0;0;0;0;0;0;0;0;0;0;0;0;0;0;0;0;0;0;0;0;0;0;6.8;17.8;6.7;7.8;2.7;10.2;5.5;13.1;0.2;2;2.3;0.1;0.2;4.2;0;1;0;0.1;0.2;0.6;18.3;0;0;0.2;1.6;"POINT(4.9719031,52.3234526)";"POINT(52.3234526,4.9719031)";4.9719031;52.3234526;
503;"Joop Westerweelschool";2161;7;17;1671;78.4;"GroenLinks";0;22.7;"D66";0;19.9;0;0;0;0;0;0;0;0;0;0;0;0;0;0;0;0;0;0;0;0;0;0;0;0;0;11;8.9;5.5;5.1;2;19.9;1.2;22.7;0.1;5.9;1.6;0.1;0.1;11.7;0.1;0.8;0.1;0.2;0.1;0.5;2.2;0.1;0.1;0;1.5;"POINT(4.8562028,52.3688475)";"POINT(52.3688475,4.8562028)";4.8562028;52.3688475;
504;"Katholieke Basisschool Willibrord";1584;0;3;1375;87.0;"VVD";0;28.7;"D66";0;26.7;0;0;0;0;0;0;0;0;0;0;0;0;0;0;0;0;0;0;0;0;0;0;0;0;0;28.7;9.7;3.1;2.5;2;26.7;0.5;16.4;0;4.4;0.5;0.1;0.1;2.4;0.2;0.9;0;0;0;0.3;1.3;0.1;0;0;0.9;"POINT(4.993499,52.3544432)";"POINT(52.3544432,4.993499)";4.993499;52.3544432;
505;"KBS De Boomgaard";3078;7;10;2096;68.6;"GroenLinks";0;24.7;"D66";0;20.1;0;0;0;0;0;0;0;0;0;0;0;0;0;0;0;0;0;0;0;0;0;0;0;0;0;9.8;5.8;7.3;5.8;2.2;20.1;1;24.7;0;7.2;2;0.1;0.1;10.1;0;1.1;0;0;0;0.6;1.6;0.2;0;0.1;1.3;"POINT(4.8500459,52.3838317)";"POINT(52.3838317,4.8500459)";4.8500459;52.3838317;
506;"Kerk De Duif";2070;3;3;2440;118.2;"D66";0;27.8;"VVD";0;26.2;0;0;0;0;0;0;0;0;0;0;0;0;0;0;0;0;0;0;0;0;0;0;0;0;0;26.2;10;2.3;2.5;2.7;27.8;0.7;18.9;0.1;6;0.7;0.1;0;0;0;0.9;0;0;0;0.4;0.5;0;0;0;0.7;"POINT(4.8967068,52.3614356)";"POINT(52.3614356,4.8967068)";4.8967068;52.3614356;
507;"KHL Koffiehuis";1177;2;2;1466;124.9;"GroenLinks";0;26.1;"D66";0;24.8;0;0;0;0;0;0;0;0;0;0;0;0;0;0;0;0;0;0;0;0;0;0;0;0;0;17.2;12.3;2.6;4.6;1.8;24.8;1;26.1;0;5.3;0.5;0;0.2;0.5;0.3;1;0;0;0;0.6;1;0.1;0.1;0;1.4;"POINT(4.93629,52.3740431)";"POINT(52.3740431,4.93629)";4.93629;52.3740431;
508;"Kidz en Friends";1725;6;11;609;36.3;"PvdA";0;15.6;"Artikel 1";0;15.1;0;0;0;0;0;0;0;0;0;0;0;0;0;0;0;0;0;0;0;0;0;0;0;0;0;7.4;15.6;7.9;10.5;1.6;8.7;7.9;13;0;2;2.5;0;0.2;5.9;0.3;0.3;0;0.2;0;0.7;15.1;0.3;0;0;1.6;"POINT(4.9559209,52.3092696)";"POINT(52.3092696,4.9559209)";4.9559209;52.3092696;
509;"Kindervreugd";1534;5;12;923;61.3;"DENK";0;21.6;"GroenLinks";0;21.5;0;0;0;0;0;0;0;0;0;0;0;0;0;0;0;0;0;0;0;0;0;0;0;0;0;5.3;7.6;6.5;9.2;1.1;10.5;1.8;21.5;0.3;5.2;1.7;0;0.1;21.6;0;0.7;0.2;0;0;0.5;6.2;0;0;0;1.2;"POINT(4.9464562,52.3647696)";"POINT(52.3647696,4.9464562)";4.9464562;52.3647696;
510;"Knijn Bowling";1460;1;5;1587;109.1;"D66";0;28;"VVD";0;27.7;0;0;0;0;0;0;0;0;0;0;0;0;0;0;0;0;0;0;0;0;0;0;0;0;0;27.7;7.2;4;3.4;3.8;28;1.2;15.1;0.1;5;0.9;0.1;0.2;0.7;0.1;1.5;0;0;0;0.3;0.3;0.1;0.1;0.1;1.0;"POINT(4.8913639,52.344319)";"POINT(52.344319,4.8913639)";4.8913639;52.344319;
511;"Kompaszaal";1428;2;3;1195;84.0;"GroenLinks";0;24;"D66";0;21.3;0;0;0;0;0;0;0;0;0;0;0;0;0;0;0;0;0;0;0;0;0;0;0;0;0;16.6;12.6;3.8;5.5;2.6;21.3;0.6;24;0;6.2;1.1;0;0;1.3;0.2;2;0;0.1;0.3;0.5;1.6;0;0;0;1.0;"POINT(4.940089,52.3773352)";"POINT(52.3773352,4.940089)";4.940089;52.3773352;
512;"Koningskerk";2377;0;10;1433;60.7;"GroenLinks";0;18.8;"D66";0;14.7;0;0;0;0;0;0;0;0;0;0;0;0;0;0;0;0;0;0;0;0;0;0;0;0;0;14.3;10.9;10;7.9;4.5;14.7;1.8;18.8;0.1;6.8;2.3;1;0.4;2.6;0;1.1;0.1;0.1;0.1;0.3;2;0.1;0.1;0.1;2.3;"POINT(4.9362719,52.3483283)";"POINT(52.3483283,4.9362719)";4.9362719;52.3483283;
513;"Korfbalvereniging Swift";2436;2;2;1841;75.7;"GroenLinks";0;25.8;"D66";0;21.9;0;0;0;0;0;0;0;0;0;0;0;0;0;0;0;0;0;0;0;0;0;0;0;0;0;15.5;13.3;3.6;4.3;1.9;21.9;1.7;25.8;0.3;7.6;1.4;0;0.1;0.2;0.2;0.9;0;0.1;0.1;0.4;0.6;0.1;0.1;0;1.2;"POINT(4.9097588,52.3681761)";"POINT(52.3681761,4.9097588)";4.9097588;52.3681761;
514;"Kringloopbedrijf De Lokatie";1193;0;11;925;78.5;"GroenLinks";0;24.3;"D66";0;14.6;0;0;0;0;0;0;0;0;0;0;0;0;0;0;0;0;0;0;0;0;0;0;0;0;0;8.1;6.3;10.2;6.4;2.4;14.6;1.2;24.3;0.1;9.4;2.2;0;0.2;9.7;0.1;1.1;0.1;0;0.1;0.8;2.8;0;0;0;1.4;"POINT(4.9047491,52.3927847)";"POINT(52.3927847,4.9047491)";4.9047491;52.3927847;
515;"Leger des Heils";1037;1;4;693;67.3;"GroenLinks";0;26.1;"D66";0;19.5;0;0;0;0;0;0;0;0;0;0;0;0;0;0;0;0;0;0;0;0;0;0;0;0;0;14.9;7.9;6.6;5.5;2.2;19.5;3.3;26.1;0.3;8.7;1.6;0;0.3;0.1;0;1.7;0.1;0;0.1;0.3;0.4;0.3;0;0;1.4;"POINT(4.8993642,52.3735358)";"POINT(52.3735358,4.8993642)";4.8993642;52.3735358;
516;"Leonardo da Vinci school";1584;2;3;939;59.6;"D66";0;24.9;"GroenLinks";0;21.3;0;0;0;0;0;0;0;0;0;0;0;0;0;0;0;0;0;0;0;0;0;0;0;0;0;20.1;6.5;4.5;5.2;2.7;24.9;0.9;21.3;0.1;8.5;1;0;0.3;1.3;0;1.3;0;0;0.1;0.4;1;0;0;0;1.0;"POINT(4.8760712,52.3674628)";"POINT(52.3674628,4.8760712)";4.8760712;52.3674628;
517;"Louis Bouwmeesterschool";2928;5;22;1555;54.0;"GroenLinks";0;14.8;"DENK";0;13.4;0;0;0;0;0;0;0;0;0;0;0;0;0;0;0;0;0;0;0;0;0;0;0;0;0;10.7;8.8;13.1;9.3;4.4;10.9;1.5;14.8;0.1;4.9;3.7;0.1;0.1;13.4;0;1;0.3;0;0;0.5;2.2;0.2;0;0.1;1.4;"POINT(4.82005,52.3553435)";"POINT(52.3553435,4.82005)";4.82005;52.3553435;
518;"Lucas Community";1474;10;20;1270;88.2;"PVV";0;16.8;"DENK";0;15.5;0;0;0;0;0;0;0;0;0;0;0;0;0;0;0;0;0;0;0;0;0;0;0;0;0;9.4;10.5;16.8;8.9;4.8;10.3;1.7;8.6;0.3;3.1;6;0.2;0.1;15.5;0.3;1.7;0.1;0;0;0.2;1.6;0;0;0;1.1;"POINT(4.8006818,52.3636328)";"POINT(52.3636328,4.8006818)";4.8006818;52.3636328;
519;"Marcanti College";1404;1;4;960;68.7;"GroenLinks";0;23;"D66";0;20.9;0;0;0;0;0;0;0;0;0;0;0;0;0;0;0;0;0;0;0;0;0;0;0;0;0;12.7;6.4;7.6;5.9;3.2;20.9;1.3;23;0.1;6.1;1.5;0.1;0.1;7;0;1.7;0;0;0;0.7;1.5;0.2;0;0;1.3;"POINT(4.866142,52.3752104)";"POINT(52.3752104,4.866142)";4.866142;52.3752104;
520;"Marius ten Catehof";1177;1;6;981;83.9;"VVD";0;26.9;"D66";0;17.6;0;0;0;0;0;0;0;0;0;0;0;0;0;0;0;0;0;0;0;0;0;0;0;0;0;26.9;8.2;9.5;6.6;6.5;17.6;1.4;9.8;0.1;6.3;3.4;0.3;0.1;0.2;0.1;1.6;0.1;0;0.1;0.4;0.4;0.2;0;0.1;1.5;"POINT(4.8588259,52.3273093)";"POINT(52.3273093,4.8588259)";4.8588259;52.3273093;
521;"Mazzo";1411;1;5;1272;90.6;"D66";0;24.3;"GroenLinks";0;23.5;0;0;0;0;0;0;0;0;0;0;0;0;0;0;0;0;0;0;0;0;0;0;0;0;0;17.5;7.2;3.9;5.7;2.8;24.3;0.6;23.5;0.1;9.5;0.2;0;0;1.3;0.2;2;0;0.1;0.1;0.5;0.5;0.1;0;0;1.0;"POINT(4.8791768,52.373181)";"POINT(52.373181,4.8791768)";4.8791768;52.373181;
522;"MC Slotervaart";1463;4;8;1394;96.1;"GroenLinks";0;20.9;"D66";0;19.4;0;0;0;0;0;0;0;0;0;0;0;0;0;0;0;0;0;0;0;0;0;0;0;0;0;16.6;9;5.8;4.6;4.3;19.4;1.3;20.9;0;6.6;1.6;0.1;0.6;5.7;0.1;1.5;0.1;0;0;0.5;1.1;0;0;0.2;1.5;"POINT(4.8245962,52.3475615)";"POINT(52.3475615,4.8245962)";4.8245962;52.3475615;
523;"Menno Simonszhuis/Dynamo";824;3;1;765;93.3;"VVD";0;31.1;"D66";0;16.9;0;0;0;0;0;0;0;0;0;0;0;0;0;0;0;0;0;0;0;0;0;0;0;0;0;31.1;9.4;8.5;4.4;5.8;16.9;2.4;8.4;0.1;5.8;2.9;0;0.3;0.3;0.1;2.7;0;0;0.1;0.1;0.5;0.1;0;0.1;1.0;"POINT(4.8665192,52.3267867)";"POINT(52.3267867,4.8665192)";4.8665192;52.3267867;
524;"Mentrum";2750;6;4;2767;101.0;"GroenLinks";0;24.1;"D66";0;23.8;0;0;0;0;0;0;0;0;0;0;0;0;0;0;0;0;0;0;0;0;0;0;0;0;0;19.7;8.3;2.7;5.2;2.1;23.8;1.1;24.1;0.2;8.2;0.7;0;0.1;0.7;0.1;1.3;0;0;0;0.5;0.9;0.1;0;0;1.0;"POINT(4.8736508,52.3646819)";"POINT(52.3646819,4.8736508)";4.8736508;52.3646819;
525;"Mixtup";1459;1;6;1282;88.3;"D66";0;24.4;"GroenLinks";0;23.7;0;0;0;0;0;0;0;0;0;0;0;0;0;0;0;0;0;0;0;0;0;0;0;0;0;19.3;8.7;3.9;4.5;1.2;24.4;0.5;23.7;0.1;8.8;0.5;0;0.3;0.8;0.2;1.7;0.1;0;0;0.7;0.5;0;0.1;0;1.4;"POINT(4.8904979,52.3574645)";"POINT(52.3574645,4.8904979)";4.8904979;52.3574645;
526;"MKC Zeeburgereiland";1428;0;0;611;42.8;"GroenLinks";0;29.5;"D66";0;25.4;0;0;0;0;0;0;0;0;0;0;0;0;0;0;0;0;0;0;0;0;0;0;0;0;0;14.7;6.5;2.8;2.9;1.6;25.4;0.7;29.5;0.2;7.5;0.7;0.2;0.2;1.6;0.5;1.1;0;0;0;1.5;2.3;0;0.2;0;2.6;"POINT(4.9699471,52.3724486)";"POINT(52.3724486,4.9699471)";4.9699471;52.3724486;
527;"Molen van Sloten";953;1;1;997;104.8;"VVD";0;25;"D66";0;17.8;0;0;0;0;0;0;0;0;0;0;0;0;0;0;0;0;0;0;0;0;0;0;0;0;0;25;5.2;12.3;4;5.8;17.8;1.1;12.5;0.2;6.9;4.8;0.2;0.3;0.6;0.4;1.6;0;0;0.1;0.5;0.3;0.2;0.1;0;2.0;"POINT(4.7922132,52.3415534)";"POINT(52.3415534,4.7922132)";4.7922132;52.3415534;
528;"Montessori College Oost";1379;0;6;687;50.3;"GroenLinks";0;26.5;"D66";0;21.8;0;0;0;0;0;0;0;0;0;0;0;0;0;0;0;0;0;0;0;0;0;0;0;0;0;10.6;7.7;3.6;5.1;2.3;21.8;2.2;26.5;0.3;7.1;0.6;0;0;6.4;0;0.6;0;0;0.6;1;3.3;0;0;0.1;2.0;"POINT(4.9298031,52.3580557)";"POINT(52.3580557,4.9298031)";4.9298031;52.3580557;
529;"Montessorischool Steigereiland";1523;3;11;1372;91.0;"D66";0;22.7;"GroenLinks";0;21.2;0;0;0;0;0;0;0;0;0;0;0;0;0;0;0;0;0;0;0;0;0;0;0;0;0;17;8.3;2.8;5.6;2.8;22.7;1.6;21.2;0;6.1;0.7;0.1;0.2;5.2;0.1;1.5;0.2;0.1;0;0.5;3;0.1;0;0;1.4;"POINT(4.9822099,52.3609778)";"POINT(52.3609778,4.9822099)";4.9822099;52.3609778;
530;"Muiderkerk";1376;3;14;1361;100.1;"GroenLinks";0;30.3;"D66";0;22.6;0;0;0;0;0;0;0;0;0;0;0;0;0;0;0;0;0;0;0;0;0;0;0;0;0;12;6.2;3.1;5.4;1;22.6;1.2;30.3;0;8.3;1.3;0.1;0.1;3.8;0;1.4;0;0;0.1;1;2;0;0;0;1.2;"POINT(4.9244211,52.3616835)";"POINT(52.3616835,4.9244211)";4.9244211;52.3616835;
531;"Multicultureel Centrum";1359;5;13;1132;84.6;"GroenLinks";0;22.2;"DENK";0;21.7;0;0;0;0;0;0;0;0;0;0;0;0;0;0;0;0;0;0;0;0;0;0;0;0;0;7.8;7.4;5.4;5.6;1.6;15.1;1;22.2;0.2;6.3;0.4;0.1;0.1;21.7;0.1;0.7;0.2;0;0.1;0.6;3.6;0;0;0;1.3;"POINT(4.9171412,52.3532492)";"POINT(52.3532492,4.9171412)";4.9171412;52.3532492;
532;"Multifunctioneel Centrum Binnenhof";2683;2;16;2571;96.5;"VVD";0;28.9;"D66";0;17.9;0;0;0;0;0;0;0;0;0;0;0;0;0;0;0;0;0;0;0;0;0;0;0;0;0;28.9;7.9;9.1;5.5;4.3;17.9;1.6;12;0.4;4.4;3;0.4;0.2;1;0;1.8;0.1;0;0;0.3;0.9;0.3;0;0;1.6;"POINT(4.8782351,52.3323027)";"POINT(52.3323027,4.8782351)";4.8782351;52.3323027;
533;"Munduscollege";1293;1;11;760;59.7;"GroenLinks";0;15.3;"DENK";0;13.8;0;0;0;0;0;0;0;0;0;0;0;0;0;0;0;0;0;0;0;0;0;0;0;0;0;11.3;7.1;11.8;9.1;3.6;12.6;1.7;15.3;0.3;5.7;3.4;0;0.5;13.8;0;1.2;0.1;0.1;0.1;0.7;1.3;0;0;0.3;2.1;"POINT(4.8315561,52.3766142)";"POINT(52.3766142,4.8315561)";4.8315561;52.3766142;
534;"Museum Amsterdam Noord";1167;0;3;610;52.5;"GroenLinks";0;24.6;"D66";0;15.6;0;0;0;0;0;0;0;0;0;0;0;0;0;0;0;0;0;0;0;0;0;0;0;0;0;9.2;8.2;10.8;8.9;1.8;15.6;1;24.6;0.2;12.3;2;0;0.2;3.4;0;0.7;0;0.2;0;0.5;0.7;0;0;0;1.0;"POINT(4.9260261,52.3881232)";"POINT(52.3881232,4.9260261)";4.9260261;52.3881232;
535;"Museumwerf `t Kromhout";2679;3;7;1901;71.3;"GroenLinks";0;30.4;"D66";0;19.5;0;0;0;0;0;0;0;0;0;0;0;0;0;0;0;0;0;0;0;0;0;0;0;0;0;10.3;13.9;2.5;6.8;1.8;19.5;1;30.4;0.2;8.3;1.1;0;0;0.8;0.1;1.2;0.1;0.2;0;0.8;1.3;0;0;0;1.3;"POINT(4.92045,52.3679663)";"POINT(52.3679663,4.92045)";4.92045;52.3679663;
536;"Muziekschool Noord";1529;4;13;891;59.4;"DENK";0;17.5;"GroenLinks";0;15.6;0;0;0;0;0;0;0;0;0;0;0;0;0;0;0;0;0;0;0;0;0;0;0;0;0;10.8;7.3;13.2;7.3;1.8;10.2;2.4;15.6;0.6;4.3;3.4;0.1;0.3;17.5;0;1.5;0;0;0;0.7;3.1;0;0;0;1.7;"POINT(4.9511378,52.3947608)";"POINT(52.3947608,4.9511378)";4.9511378;52.3947608;
537;"Narcis-Queridoschool";4831;5;19;2504;52.3;"D66";0;19.8;"GroenLinks";0;19.6;0;0;0;0;0;0;0;0;0;0;0;0;0;0;0;0;0;0;0;0;0;0;0;0;0;10.9;7.3;6.2;7;1.9;19.8;0.8;19.6;0.1;7;1.6;0;0.2;12.9;0.1;1.4;0;0.1;0.2;0.6;2.1;0;0;0;1.4;"POINT(4.860645,52.3793646)";"POINT(52.3793646,4.860645)";4.860645;52.3793646;
538;"NH Amsterdam Zuid";1119;1;0;1006;90.0;"VVD";0;36.7;"D66";0;19.8;0;0;0;0;0;0;0;0;0;0;0;0;0;0;0;0;0;0;0;0;0;0;0;0;0;36.7;8.1;8.5;2.7;4.4;19.8;2.4;9;0.2;2.5;1.8;0;0.3;0.1;0.1;1.9;0;0;0.2;0.7;0.7;0;0;0;1.5;"POINT(4.8800452,52.326657)";"POINT(52.326657,4.8800452)";4.8800452;52.326657;
539;"NH Carlton Amsterdam";946;0;1;682;72.2;"D66";0;30.9;"VVD";0;24.5;0;0;0;0;0;0;0;0;0;0;0;0;0;0;0;0;0;0;0;0;0;0;0;0;0;24.5;6.6;2.2;2.5;1.5;30.9;0.7;18.8;0;6.5;0.6;0;0.3;0.6;0;1.9;0.1;0;0;1.6;0.6;0;0;0.1;2.2;"POINT(4.8930552,52.3664099)";"POINT(52.3664099,4.8930552)";4.8930552;52.3664099;
540;"NH Grand Hotel Krasnapolsky";903;0;11;1340;149.6;"D66";0;27.4;"GroenLinks";0;24.8;0;0;0;0;0;0;0;0;0;0;0;0;0;0;0;0;0;0;0;0;0;0;0;0;0;19.9;5.2;2.4;3.4;1.6;27.4;0.7;24.8;0.1;8.5;0.5;0.1;0.1;1;0.1;1.8;0.1;0.1;0.1;0.7;1.3;0.1;0;0.1;1.5;"POINT(4.8942478,52.3727042)";"POINT(52.3727042,4.8942478)";4.8942478;52.3727042;
541;"NH Museum Quarter";1485;2;2;936;63.3;"VVD";0;29.7;"D66";0;24.3;0;0;0;0;0;0;0;0;0;0;0;0;0;0;0;0;0;0;0;0;0;0;0;0;0;29.7;8.3;2.8;4.1;3.1;24.3;1.1;17.9;0.1;4.8;0.9;0.1;0;0.4;0;1.2;0;0.1;0;0.6;0.3;0.1;0;0.1;1.2;"POINT(4.8861272,52.3558127)";"POINT(52.3558127,4.8861272)";4.8861272;52.3558127;
542;"Nieuw Vredenburgh";2102;0;11;1633;78.2;"D66";0;22.9;"GroenLinks";0;21.2;0;0;0;0;0;0;0;0;0;0;0;0;0;0;0;0;0;0;0;0;0;0;0;0;0;14.3;6.6;5.8;5.6;3;22.9;1.3;21.2;0.2;7.8;2.2;0.1;0.3;5;0.1;1.3;0;0;0.1;0.9;1.2;0.1;0;0.1;1.7;"POINT(4.8512571,52.3638198)";"POINT(52.3638198,4.8512571)";4.8512571;52.3638198;
543;"Noorderkerk";1995;4;1;1715;86.2;"GroenLinks";0;22.4;"D66";0;20.9;0;0;0;0;0;0;0;0;0;0;0;0;0;0;0;0;0;0;0;0;0;0;0;0;0;15.7;10.1;5.5;6.4;2;20.9;1.2;22.4;0.1;10.1;1.2;0.1;0.1;0.7;0;1.9;0.1;0;0.1;0.9;0.5;0.1;0;0;1.5;"POINT(4.8863151,52.3795325)";"POINT(52.3795325,4.8863151)";4.8863151;52.3795325;
544;"Noordmansschool";2279;5;18;1236;55.2;"DENK";0;23.4;"GroenLinks";0;15.5;0;0;0;0;0;0;0;0;0;0;0;0;0;0;0;0;0;0;0;0;0;0;0;0;0;9.7;7.5;8.2;8.3;2.6;13;2.3;15.5;0;3.5;2.8;0.1;0.2;23.4;0;0.4;0;0.1;0.1;0.3;1.5;0.3;0;0.2;1.3;"POINT(4.8244431,52.3758933)";"POINT(52.3758933,4.8244431)";4.8244431;52.3758933;
545;"Nowhere";2242;4;5;957;43.1;"GroenLinks";0;26.4;"D66";0;21.1;0;0;0;0;0;0;0;0;0;0;0;0;0;0;0;0;0;0;0;0;0;0;0;0;0;6.4;7.7;4.8;5.9;1.1;21.1;1;26.4;0.2;5.6;1.4;0.3;0.4;11.8;0.1;1;0.1;0;0;0.7;3.2;0.4;0.1;0;2.4;"POINT(4.9364188,52.3642737)";"POINT(52.3642737,4.9364188)";4.9364188;52.3642737;
546;"O.B.S. Slootermeerschool";2741;10;39;1632;61.3;"DENK";0;30.6;"GroenLinks";0;10.5;0;0;0;0;0;0;0;0;0;0;0;0;0;0;0;0;0;0;0;0;0;0;0;0;0;8.1;8.1;8.9;6.8;2.7;10.4;2.5;10.5;0.1;3.7;3.7;0.2;0.2;30.6;0.1;0.8;0.1;0.1;0.1;0.1;1.7;0.2;0.1;0.2;1.5;"POINT(4.832164,52.3820235)";"POINT(52.3820235,4.832164)";4.832164;52.3820235;
547;"OBA IJburg";1274;1;5;1172;92.5;"D66";0;20.9;"GroenLinks";0;16.1;0;0;0;0;0;0;0;0;0;0;0;0;0;0;0;0;0;0;0;0;0;0;0;0;0;15.4;10;6.7;5.5;3.3;20.9;1.6;16.1;0.1;5.1;1.1;0.1;0.3;8.7;0.1;2.3;0;0;0.1;0.3;2.2;0;0;0;0.9;"POINT(4.9969442,52.3566062)";"POINT(52.3566062,4.9969442)";4.9969442;52.3566062;
548;"OBA Mercatorplein";1189;0;8;1163;98.5;"GroenLinks";0;24.2;"D66";0;24.1;0;0;0;0;0;0;0;0;0;0;0;0;0;0;0;0;0;0;0;0;0;0;0;0;0;17.5;7.4;3.4;6.4;2.1;24.1;0.6;24.2;0;6.2;0.9;0;0.1;3.3;0.3;0.9;0;0;0;0.9;1.6;0;0;0;1.3;"POINT(4.8502648,52.3693778)";"POINT(52.3693778,4.8502648)";4.8502648;52.3693778;
549;"OBA Molenwijk";1281;0;11;1371;107.9;"GroenLinks";0;13.9;"PVV";0;13.8;0;0;0;0;0;0;0;0;0;0;0;0;0;0;0;0;0;0;0;0;0;0;0;0;0;13.2;8.4;13.8;9.7;6.3;10.1;2.4;13.9;0.3;6.1;4.1;0.1;0.7;6;0.3;1.8;0;0.1;0.1;0.5;2.1;0.1;0;0;2.1;"POINT(4.8929832,52.4177901)";"POINT(52.4177901,4.8929832)";4.8929832;52.4177901;
550;"OBA Oosterdokskade";622;1;1;926;149.2;"GroenLinks";0;30.9;"D66";0;23.4;0;0;0;0;0;0;0;0;0;0;0;0;0;0;0;0;0;0;0;0;0;0;0;0;0;11.6;8.1;1.6;5.1;1.6;23.4;1.2;30.9;0.1;8.6;0.8;0;0;2.4;0;1.2;0;0.1;0.1;1.1;2.2;0;0;0;1.4;"POINT(4.908385,52.3758093)";"POINT(52.3758093,4.908385)";4.908385;52.3758093;
551;"OBA Osdorp";943;0;5;654;69.9;"DENK";0;17.7;"GroenLinks";0;16.1;0;0;0;0;0;0;0;0;0;0;0;0;0;0;0;0;0;0;0;0;0;0;0;0;0;13;8.4;7.8;8.4;2.4;11.2;1.5;16.1;0;4.3;3.7;0.5;0.2;17.7;0;0.6;0;0;0;0.2;4.1;0;0;0;0.8;"POINT(4.806793,52.3589179)";"POINT(52.3589179,4.806793)";4.806793;52.3589179;
552;"OBA Slotermeer";1457;6;27;1448;101.6;"DENK";0;37;"GroenLinks";0;13.1;0;0;0;0;0;0;0;0;0;0;0;0;0;0;0;0;0;0;0;0;0;0;0;0;0;7.1;6.4;6.9;7.7;3;8.4;1.7;13.1;0.3;2.8;1.7;0.1;0.2;37;0.1;0.8;0;0;0.1;0.2;2.3;0.1;0;0.1;1.2;"POINT(4.8202431,52.3793036)";"POINT(52.3793036,4.8202431)";4.8202431;52.3793036;
553;"OBA Van Hallstraat";3037;3;17;2572;85.3;"GroenLinks";0;24.6;"D66";0;24.5;0;0;0;0;0;0;0;0;0;0;0;0;0;0;0;0;0;0;0;0;0;0;0;0;0;15.7;5.4;4.4;4;2.4;24.5;0.9;24.6;0.1;6.8;1.4;0.1;0.2;5.8;0.2;1.2;0;0.1;0;0.3;1.7;0.1;0;0.1;1.2;"POINT(4.8720529,52.3796584)";"POINT(52.3796584,4.8720529)";4.8720529;52.3796584;
554;"Obrechtkerk";1515;3;4;1734;114.9;"VVD";0;34.6;"D66";0;25.2;0;0;0;0;0;0;0;0;0;0;0;0;0;0;0;0;0;0;0;0;0;0;0;0;0;34.6;8.7;1.8;2.1;4.4;25.2;0.5;15.2;0.1;4.4;0.5;0;0.3;0;0;1.4;0.1;0;0.2;0.2;0.2;0;0;0.1;1.0;"POINT(4.875354,52.3557669)";"POINT(52.3557669,4.875354)";4.875354;52.3557669;
555;"OBS Aldoende";1528;3;6;1341;88.4;"GroenLinks";0;30;"D66";0;19.6;0;0;0;0;0;0;0;0;0;0;0;0;0;0;0;0;0;0;0;0;0;0;0;0;0;12.5;7.3;2.8;6.9;0.9;19.6;0.5;30;0.1;7.9;0.4;0;0.1;5.7;0;0.7;0.1;0;0;0.5;3.6;0;0.1;0;1.0;"POINT(4.9112389,52.3588797)";"POINT(52.3588797,4.9112389)";4.9112389;52.3588797;
556;"OBS Buikslotermeerschool";1618;0;18;1054;66.3;"GroenLinks";0;20.3;"D66";0;11.3;0;0;0;0;0;0;0;0;0;0;0;0;0;0;0;0;0;0;0;0;0;0;0;0;0;10.1;10.6;9.5;8.7;3.4;11.3;1.8;20.3;0.3;4.5;2.5;0;0.1;10.4;0.2;1.9;0;0;0;0.9;3.4;0.2;0;0;1.6;"POINT(4.93484,52.3966834)";"POINT(52.3966834,4.93484)";4.93484;52.3966834;
557;"OBS De Bonkelaar";3371;3;8;1482;44.3;"PVV";0;20.5;"VVD";0;16.3;0;0;0;0;0;0;0;0;0;0;0;0;0;0;0;0;0;0;0;0;0;0;0;0;0;16.3;7.6;20.5;10.3;4;9.2;1.1;9.4;0.2;4.2;4.8;0.1;0.3;5.7;0.3;2.1;0.1;0;0.1;0.6;2.6;0.2;0;0.1;2.1;"POINT(4.8897421,52.4210211)";"POINT(52.4210211,4.8897421)";4.8897421;52.4210211;
558;"OBS De Driemaster";1320;3;5;742;56.8;"PVV";0;14.3;"GroenLinks";0;12.8;0;0;0;0;0;0;0;0;0;0;0;0;0;0;0;0;0;0;0;0;0;0;0;0;0;9.4;12.1;14.3;11.6;2.7;11.2;2.6;12.8;0;3.8;4.6;0.1;0;8.9;0;1.3;0;0.1;0.1;0.8;3.5;0;0;0;1.2;"POINT(4.9208701,52.407685)";"POINT(52.407685,4.9208701)";4.9208701;52.407685;
559;"Obs de Horizon";3405;7;19;2628;77.9;"VVD";0;18.4;"D66";0;15.1;0;0;0;0;0;0;0;0;0;0;0;0;0;0;0;0;0;0;0;0;0;0;0;0;0;18.4;8.4;10.7;7.2;4.3;15.1;2.2;10.7;0;2.9;3.3;0.3;0.5;10.7;0.3;1.4;0;0.1;0;0.2;2.8;0.2;0;0.1;1.8;"POINT(4.7883942,52.3505217)";"POINT(52.3505217,4.7883942)";4.7883942;52.3505217;
560;"OBS De Kinderboom";1393;7;6;908;66.1;"GroenLinks";0;17.5;"DENK";0;17.1;0;0;0;0;0;0;0;0;0;0;0;0;0;0;0;0;0;0;0;0;0;0;0;0;0;4.4;8.7;10.7;13.4;1.3;9.5;1.4;17.5;0;5.9;1.4;0;0.3;17.1;0.3;0.9;0;0;0;1;5.8;0.2;0;0;1.9;"POINT(4.9202778,52.3885924)";"POINT(52.3885924,4.9202778)";4.9202778;52.3885924;
561;"OBS De Kleine Kapitein";1373;4;0;1221;89.2;"D66";0;25.8;"GroenLinks";0;24.4;0;0;0;0;0;0;0;0;0;0;0;0;0;0;0;0;0;0;0;0;0;0;0;0;0;17.4;12;2.8;3.9;2.4;25.8;0.7;24.4;0.1;5.5;1.2;0.2;0;1;0.2;1.2;0;0.1;0.2;0.2;0.7;0;0;0;1.0;"POINT(4.9227998,52.3792044)";"POINT(52.3792044,4.9227998)";4.9227998;52.3792044;
562;"OBS De Klimop";1487;1;17;827;56.8;"GroenLinks";0;18.4;"DENK";0;15.1;0;0;0;0;0;0;0;0;0;0;0;0;0;0;0;0;0;0;0;0;0;0;0;0;0;6;7.9;13.8;11.6;1.3;10.9;1.2;18.4;0;6.7;2.2;0;0;15.1;0.2;0.7;0.1;0;0;0.6;3.3;0;0;0;1.0;"POINT(4.9161341,52.3900687)";"POINT(52.3900687,4.9161341)";4.9161341;52.3900687;
563;"OBS De Krijtmolen";1531;2;11;1024;67.7;"PVV";0;16.7;"VVD";0;14;0;0;0;0;0;0;0;0;0;0;0;0;0;0;0;0;0;0;0;0;0;0;0;0;0;14;8.4;16.7;8.7;5.6;11.8;1.5;11.8;0;5.3;4.5;0.1;0.2;6;0;2.1;0;0;0;0.5;0;2.9;0.1;0;3.8;"POINT(4.8919008,52.4198538)";"POINT(52.4198538,4.8919008)";4.8919008;52.4198538;
564;"OBS De Vier Windstreken";2871;4;32;1707;60.7;"DENK";0;23.1;"PVV";0;17.3;0;0;0;0;0;0;0;0;0;0;0;0;0;0;0;0;0;0;0;0;0;0;0;0;0;6.6;5.9;17.3;12;2.5;7;2.3;10;0.3;2.6;5;0.1;0.4;23.1;0;1.4;0;0;0;0.4;3;0.1;0.2;0.1;1.5;"POINT(4.921953,52.410977)";"POINT(52.410977,4.921953)";4.921953;52.410977;
565;"OBS De Vijfsterren";1642;0;10;1045;64.3;"DENK";0;21.5;"GroenLinks";0;14.4;0;0;0;0;0;0;0;0;0;0;0;0;0;0;0;0;0;0;0;0;0;0;0;0;0;12.8;9.2;8.7;5.9;5;10.7;1.6;14.4;0.3;2.9;1.5;0.2;0;21.5;0.1;0.7;0.2;0;0.1;0.1;4;0.1;0;0;1.1;"POINT(4.95912,52.3942877)";"POINT(52.3942877,4.95912)";4.95912;52.3942877;
566;"Obs De Vlaamse Reus";3650;4;8;2635;72.5;"VVD";0;17.4;"PVV";0;14.2;0;0;0;0;0;0;0;0;0;0;0;0;0;0;0;0;0;0;0;0;0;0;0;0;0;17.4;9.1;14.2;8.1;5.4;13.7;1.5;11.4;0.2;4.4;5.1;0;0.2;5.7;0.2;1.6;0;0.1;0;0.3;1.3;0;0;0.1;1.2;"POINT(4.8178022,52.3474661)";"POINT(52.3474661,4.8178022)";4.8178022;52.3474661;
567;"OBS Oranje Nassauschool";2311;4;7;1363;59.5;"PVV";0;19.9;"GroenLinks";0;17.5;0;0;0;0;0;0;0;0;0;0;0;0;0;0;0;0;0;0;0;0;0;0;0;0;0;5.1;6.9;19.9;12.3;2.3;11.1;1.4;17.5;0.1;6.8;4.3;0.1;0.6;6;0.1;1.7;0;0;0.1;0.5;3.2;0.1;0;0.1;1.7;"POINT(4.9155099,52.3934714)";"POINT(52.3934714,4.9155099)";4.9155099;52.3934714;
568;"OBS Twiskeschool";2145;4;13;1905;89.6;"VVD";0;17;"PVV";0;16.3;0;0;0;0;0;0;0;0;0;0;0;0;0;0;0;0;0;0;0;0;0;0;0;0;0;17;7;16.3;8.1;5.6;13.4;1.4;15;0.3;5;3.9;0.2;0.3;1.9;0.2;2.7;0.1;0;0;0.5;0.9;0.1;0;0.1;1.7;"POINT(4.902024,52.4189955)";"POINT(52.4189955,4.902024)";4.902024;52.4189955;
569;"Oceaan";1527;0;2;1096;71.9;"GroenLinks";0;27.9;"D66";0;27.1;0;0;0;0;0;0;0;0;0;0;0;0;0;0;0;0;0;0;0;0;0;0;0;0;0;16.1;9.2;1.3;3.3;2;27.1;0.7;27.9;0.1;7.3;0;0.1;0.2;1.2;0;1;0;0;0.4;0.5;1.6;0;0;0;1.3;"POINT(4.9466102,52.3714377)";"POINT(52.3714377,4.9466102)";4.9466102;52.3714377;
570;"Olympiaschool";1519;1;1;1144;75.4;"VVD";0;27.3;"D66";0;24.3;0;0;0;0;0;0;0;0;0;0;0;0;0;0;0;0;0;0;0;0;0;0;0;0;0;27.3;8;4.3;5.1;2.5;24.3;0.6;16;0.1;6.6;1.6;0.2;0.3;0.7;0;1.6;0;0;0.1;0.3;0.5;0.2;0;0;1.0;"POINT(4.8622749,52.3433119)";"POINT(52.3433119,4.8622749)";4.8622749;52.3433119;
571;"Olympisch Stadion";1781;1;4;1204;67.9;"VVD";0;29.5;"D66";0;25.7;0;0;0;0;0;0;0;0;0;0;0;0;0;0;0;0;0;0;0;0;0;0;0;0;0;29.5;6.7;4.5;3.3;3.1;25.7;0.7;16.9;0;5.1;0.8;0;0.2;0.7;0.1;1.2;0.1;0.1;0;0.5;0.7;0.1;0;0;1.0;"POINT(4.8551228,52.3437964)";"POINT(52.3437964,4.8551228)";4.8551228;52.3437964;
572;"Onze Lieve Vrouwe Gasthuis";1553;1;13;2032;131.7;"GroenLinks";0;23.4;"D66";0;20.6;0;0;0;0;0;0;0;0;0;0;0;0;0;0;0;0;0;0;0;0;0;0;0;0;0;13;9.2;3.6;7.6;2.5;20.6;1.1;23.4;0.1;5.8;1.4;0.1;0.2;6.7;0.1;1.3;0;0;0.1;0;3.1;0;0;0;0.8;"POINT(4.9169252,52.35838)";"POINT(52.35838,4.9169252)";4.9169252;52.35838;
573;"Open Schoolgemeenschap Bijlmer";2724;3;18;1541;57.3;"Artikel 1";0;16.7;"GroenLinks";0;15.5;0;0;0;0;0;0;0;0;0;0;0;0;0;0;0;0;0;0;0;0;0;0;0;0;0;7.4;12.3;7.3;10.1;2.5;9.9;4.5;15.5;0.1;3.4;3.2;0.1;0.2;5.5;0.1;0.3;0.1;0;0;0.3;16.7;0.3;0;0.1;1.2;"POINT(4.9653928,52.3186156)";"POINT(52.3186156,4.9653928)";4.9653928;52.3186156;
574;"Oranjekerk";3073;4;10;2766;90.5;"D66";0;23.5;"GroenLinks";0;22.3;0;0;0;0;0;0;0;0;0;0;0;0;0;0;0;0;0;0;0;0;0;0;0;0;0;19;7.9;3.1;5.5;2.3;23.5;0.8;22.3;0.1;8.7;1;0.1;0.2;2.2;0;1.5;0;0;0;0.6;0.9;0.1;0;0;1.3;"POINT(4.895436,52.3529288)";"POINT(52.3529288,4.895436)";4.895436;52.3529288;
575;"Orion College Amsterdam";1106;1;3;624;56.8;"PVV";0;23.6;"GroenLinks";0;20.2;0;0;0;0;0;0;0;0;0;0;0;0;0;0;0;0;0;0;0;0;0;0;0;0;0;7.5;11.2;23.6;11.7;2.7;11.4;0.5;20.2;0.2;6.3;3.5;0;0.3;0.3;0;0;0;0;0;0.2;0.5;0;0;0;0.6;"POINT(4.9304178,52.3924452)";"POINT(52.3924452,4.9304178)";4.9304178;52.3924452;
576;"Osdorpse Montessorischool";1006;3;5;805;80.8;"DENK";0;19;"PVV";0;15.7;0;0;0;0;0;0;0;0;0;0;0;0;0;0;0;0;0;0;0;0;0;0;0;0;0;10.7;8;15.7;9.6;3.9;13.3;1.2;9.2;0.1;2.4;4.2;0;0;19;0.1;0.9;0;0.1;0.1;0.4;0.9;0.1;0.2;0;1.2;"POINT(4.8026149,52.3539626)";"POINT(52.3539626,4.8026149)";4.8026149;52.3539626;
577;"Ouder en Kindcentrum Pontanusstraat";1391;2;1;1130;81.5;"GroenLinks";0;28.1;"D66";0;21.5;0;0;0;0;0;0;0;0;0;0;0;0;0;0;0;0;0;0;0;0;0;0;0;0;0;10.6;8.1;3.6;5.7;1.6;21.5;1.1;28.1;0.1;7.1;0.8;0;0.2;6.5;0;0.9;0;0.2;0.1;0.8;3;0.1;0;0;1.4;"POINT(4.9299958,52.3606879)";"POINT(52.3606879,4.9299958)";4.9299958;52.3606879;
578;"Ouderencentrum De Gooyer";1556;1;14;1264;82.2;"GroenLinks";0;19.9;"D66";0;15.3;0;0;0;0;0;0;0;0;0;0;0;0;0;0;0;0;0;0;0;0;0;0;0;0;0;6.1;9.6;10.9;7.8;1.6;15.3;1.3;19.9;0.1;6.7;2.5;0.1;0.2;11.2;0.2;0.8;0.2;0;0.1;0.6;5.1;0;0;0;1.3;"POINT(4.926934,52.364308)";"POINT(52.364308,4.926934)";4.926934;52.364308;
579;"Oud-Katholieke Kerk";1572;1;5;1418;90.6;"VVD";0;28.8;"D66";0;25.5;0;0;0;0;0;0;0;0;0;0;0;0;0;0;0;0;0;0;0;0;0;0;0;0;0;28.8;8.3;1.7;3.6;1.8;25.5;1.1;19.1;0.1;7.1;0.3;0.1;0.1;0.6;0.1;1.2;0;0;0;0.4;0.3;0.1;0;0;0.9;"POINT(4.8846929,52.3541533)";"POINT(52.3541533,4.8846929)";4.8846929;52.3541533;
580;"Panama Amsterdam";1460;1;5;993;68.4;"D66";0;27;"GroenLinks";0;23.5;0;0;0;0;0;0;0;0;0;0;0;0;0;0;0;0;0;0;0;0;0;0;0;0;0;23.4;7.8;2.6;2.3;1.1;27;1.2;23.5;0.2;5.8;0.5;0.2;0.4;1.1;0.1;1.5;0;0.1;0;0.5;0.7;0;0;0;1.5;"POINT(4.930804,52.374848)";"POINT(52.374848,4.930804)";4.930804;52.374848;
581;"Park Plaza Victoria Amsterdam";712;1;1;419;59.1;"D66";0;22.4;"VVD - GROENLINKS";0;19.8;0;0;0;0;0;0;0;0;0;0;0;0;0;0;0;0;0;0;0;0;0;0;0;0;0;19.8;5.5;6.4;5.3;2.6;22.4;1;19.8;0;8.6;0.7;0.2;0;3.6;0.2;1.4;0.2;0;1;0.7;0.5;0;0;0;2.4;"POINT(4.8971932,52.3772551)";"POINT(52.3772551,4.8971932)";4.8971932;52.3772551;
582;"Pastorie Vredeskerk";1599;1;2;1353;84.8;"D66";0;25.1;"VVD";0;23.5;0;0;0;0;0;0;0;0;0;0;0;0;0;0;0;0;0;0;0;0;0;0;0;0;0;23.5;5.8;3.8;5.5;2.1;25.1;1.3;21.2;0;6.3;1.3;0.2;0;1.3;0;1.3;0;0.1;0;0.6;0.8;0;0;0.1;1.0;"POINT(4.8900511,52.3501555)";"POINT(52.3501555,4.8900511)";4.8900511;52.3501555;
583;"PlusPunt Eigenwijks Geuzenveld";1535;6;19;1319;87.6;"DENK";0;35;"GroenLinks";0;12.5;0;0;0;0;0;0;0;0;0;0;0;0;0;0;0;0;0;0;0;0;0;0;0;0;0;8;5.2;6.9;7.4;2.4;10.9;2.2;12.5;0.4;2.6;2.5;0.2;0.2;35;0.2;0.3;0.1;0;0;0.5;2.7;0.1;0;0;1.5;"POINT(4.8027389,52.3780142)";"POINT(52.3780142,4.8027389)";4.8027389;52.3780142;
584;"Portocabin IJselplein";2893;2;5;1997;69.3;"D66";0;22.9;"VVD";0;20.8;0;0;0;0;0;0;0;0;0;0;0;0;0;0;0;0;0;0;0;0;0;0;0;0;0;20.8;8.7;5.6;5.9;2.8;22.9;1.1;19.9;0.1;6.6;1.2;0;0.2;1.8;0.1;0.9;0;0;0;0.7;0.9;0.1;0;0.1;1.1;"POINT(4.9017479,52.3475348)";"POINT(52.3475348,4.9017479)";4.9017479;52.3475348;
585;"Portocabin naast Station Amsterdam";0;4;16;1459;0;"D66";0;25.6;"VVD";0;19.4;0;0;0;0;0;0;0;0;0;0;0;0;0;0;0;0;0;0;0;0;0;0;0;0;0;19.4;7.1;3.6;4.7;3.2;25.6;2.7;19;0.3;3.7;0.9;0;0.3;2.2;0.1;1.6;0;0;0.1;0.8;4.6;0.1;0.1;0.1;1.7;"POINT(4.9483969,52.312451)";"POINT(52.312451,4.9483969)";4.9483969;52.312451;
586;"Portocabin Theophile de Bockstraat";2582;3;9;3270;127.1;"D66";0;23.9;"VVD";0;22;0;0;0;0;0;0;0;0;0;0;0;0;0;0;0;0;0;0;0;0;0;0;0;0;0;22;6.9;5.2;3.7;3.1;23.9;1.3;20;0.1;8.5;1.2;0;0.3;0.9;0.1;1.3;0;0;0.1;0.7;0.5;0;0.1;0;1.4;"POINT(4.8514349,52.3551489)";"POINT(52.3551489,4.8514349)";4.8514349;52.3551489;
587;"Posthoornkerk";1750;2;8;2146;123.2;"GroenLinks";0;28.6;"D66";0;22.4;0;0;0;0;0;0;0;0;0;0;0;0;0;0;0;0;0;0;0;0;0;0;0;0;0;13.9;10.3;4.3;4.8;2;22.4;0.7;28.6;0;8.7;1.1;0;0.1;0.4;0;1.3;0;0;0.1;0.7;0.6;0.1;0;0;1.0;"POINT(4.8904092,52.3811194)";"POINT(52.3811194,4.8904092)";4.8904092;52.3811194;
588;"Prof. Dr. H. Kraemerschool";2455;4;13;1024;42.4;"DENK";0;33.2;"PVV";0;12.9;0;0;0;0;0;0;0;0;0;0;0;0;0;0;0;0;0;0;0;0;0;0;0;0;0;7.7;6.4;12.9;8;3.1;8.3;1.5;8.1;0.4;2;3.9;0;0.2;33.2;0;0.7;0.2;0;0.1;0.2;3.1;0;0;0;1.1;"POINT(4.7990639,52.3627974)";"POINT(52.3627974,4.7990639)";4.7990639;52.3627974;
589;"Protestantse Gemeente Nieuwendam";1156;2;3;1057;91.9;"GroenLinks";0;18.5;"PVV";0;18;0;0;0;0;0;0;0;0;0;0;0;0;0;0;0;0;0;0;0;0;0;0;0;0;0;10.6;11.2;18;10;3.6;10.2;1.3;18.5;0.2;6.6;5.8;0.1;0.5;1.1;0.2;0.8;0;0;0;0.6;0.7;0.1;0;0;1.6;"POINT(4.9405768,52.3916289)";"POINT(52.3916289,4.9405768)";4.9405768;52.3916289;
590;"Q-Factory";2827;6;16;2951;105.2;"GroenLinks";0;27.8;"D66";0;23.1;0;0;0;0;0;0;0;0;0;0;0;0;0;0;0;0;0;0;0;0;0;0;0;0;0;13.4;9.2;3.6;4.9;2.3;23.1;1.1;27.8;0;6.6;0.9;0;0.1;4;0;1;0;0;0.1;0.5;1.3;0.1;0;0;0.8;"POINT(4.9305279,52.3574645)";"POINT(52.3574645,4.9305279)";4.9305279;52.3574645;
591;"R.K. Basisschool De Mijlpaal";2293;1;8;1785;78.2;"GroenLinks";0;15.6;"D66";0;15;0;0;0;0;0;0;0;0;0;0;0;0;0;0;0;0;0;0;0;0;0;0;0;0;0;13.5;10.8;10.8;9.1;4.6;15;1.4;15.6;0.2;3.2;2.9;0.3;0.6;7.8;0.1;1.5;0;0;0;0.4;2.3;0;0;0;1.6;"POINT(4.8064458,52.3472754)";"POINT(52.3472754,4.8064458)";4.8064458;52.3472754;
592;"Revalidatie- en Zorgcentrum Vreugdehof";2940;0;10;1627;55.7;"VVD";0;22.6;"D66";0;15.7;0;0;0;0;0;0;0;0;0;0;0;0;0;0;0;0;0;0;0;0;0;0;0;0;0;22.6;7.2;9;8.8;6.3;15.7;2.4;11.6;0.2;6.2;3.7;0.2;0.6;1.7;0.1;2;0.1;0;0;0.2;1.1;0.4;0;0.1;1.8;"POINT(4.8842771,52.3338477)";"POINT(52.3338477,4.8842771)";4.8842771;52.3338477;
593;"ROC Elandsstraat";0;0;1;185;0;"GroenLinks";0;30.8;"D66";0;24.9;0;0;0;0;0;0;0;0;0;0;0;0;0;0;0;0;0;0;0;0;0;0;0;0;0;10.8;3.2;3.8;8.1;0.5;24.9;1.1;30.8;0;11.4;0;0;0.5;0;0;2.7;0;0.5;0;1.1;0.5;0;0;0;2.2;"POINT(4.8790748,52.3698813)";"POINT(52.3698813,4.8790748)";4.8790748;52.3698813;
594;"ROC Noord";0;1;1;92;0;"GroenLinks";0;21.7;"DENK";0;20.7;0;0;0;0;0;0;0;0;0;0;0;0;0;0;0;0;0;0;0;0;0;0;0;0;0;4.3;6.5;3.3;8.7;3.3;9.8;5.4;21.7;0;5.4;1.1;1.1;0;20.7;0;1.1;0;0;0;2.2;4.3;0;0;1.1;4.3;"POINT(4.9312708,52.4018103)";"POINT(52.4018103,4.9312708)";4.9312708;52.4018103;
595;"ROC TOP De Donge";1501;0;1;1189;79.3;"VVD";0;25.3;"D66";0;19.7;0;0;0;0;0;0;0;0;0;0;0;0;0;0;0;0;0;0;0;0;0;0;0;0;0;25.3;8.7;3.5;4.2;3.8;19.7;1.6;18.3;0.3;3.8;0.8;0;0;6.2;0.2;1.2;0;0;0.3;0.3;1.8;0.2;0;0;1.2;"POINT(4.893903,52.3455626)";"POINT(52.3455626,4.893903)";4.893903;52.3455626;
596;"ROC Westpoort";0;0;3;181;0;"DENK";0;40.3;"GroenLinks";0;14.9;0;0;0;0;0;0;0;0;0;0;0;0;0;0;0;0;0;0;0;0;0;0;0;0;0;11;5;2.2;6.6;2.2;11;0;14.9;0;3.3;0;0;0;40.3;0;1.1;0;0;0;0;1.7;0.6;0;0;0.6;"POINT(4.8416011,52.3867842)";"POINT(52.3867842,4.8416011)";4.8416011;52.3867842;
597;"ROC Zuidoost";0;0;6;235;0;"DENK";0;23.8;"GroenLinks";0;20;0;0;0;0;0;0;0;0;0;0;0;0;0;0;0;0;0;0;0;0;0;0;0;0;0;6.8;5.1;0.4;7.2;0.9;15.3;4.3;20;0;4.7;0.4;0;0;23.8;0;0.4;0.4;0;0.4;0.4;8.9;0;0.4;0;1.7;"POINT(4.9470551,52.3155791)";"POINT(52.3155791,4.9470551)";4.9470551;52.3155791;
598;"Rosa Boekdrukkerschool";3350;7;21;1673;50.8;"GroenLinks";0;23;"D66";0;20.4;0;0;0;0;0;0;0;0;0;0;0;0;0;0;0;0;0;0;0;0;0;0;0;0;0;11.1;5.7;6.1;7.1;1.6;20.4;1.1;23;0;7.9;1.1;0.2;0.3;11;0.1;0.8;0.1;0.1;0.1;0.7;1.6;0.2;0;0;1.7;"POINT(4.8553588,52.3731581)";"POINT(52.3731581,4.8553588)";4.8553588;52.3731581;
599;"SBO De Kans";2823;2;13;1390;49.8;"DENK";0;30.9;"GroenLinks";0;12.4;0;0;0;0;0;0;0;0;0;0;0;0;0;0;0;0;0;0;0;0;0;0;0;0;0;6.3;5.7;10.3;9.1;2.9;10.4;1.4;12.4;0;4.3;1.4;0;0.6;30.9;0.1;1.6;0.3;0;0.1;0.2;1.7;0;0;0.1;1.4;"POINT(4.812444,52.3725363)";"POINT(52.3725363,4.812444)";4.812444;52.3725363;
600;"SBO De Zeppelin";1241;1;2;885;71.6;"PVV";0;28.6;"GroenLinks";0;12.2;0;0;0;0;0;0;0;0;0;0;0;0;0;0;0;0;0;0;0;0;0;0;0;0;0;9.9;5.8;28.6;11.6;2.9;8.4;0.9;12.2;0.1;5;6.8;0.2;0.2;4.3;0.2;1.2;0.1;0;0;0.2;0.9;0.3;0;0;1.5;"POINT(4.8947442,52.4100615)";"POINT(52.4100615,4.8947442)";4.8947442;52.4100615;
601;"SBO Kolom/Meander";1356;7;1;1095;81.3;"D66";0;24.8;"GroenLinks";0;21.8;0;0;0;0;0;0;0;0;0;0;0;0;0;0;0;0;0;0;0;0;0;0;0;0;0;20.9;4.5;5.1;4.5;4.3;24.8;0.6;21.8;0;7.7;1.7;0;0.3;0.7;0.1;1.9;0;0.1;0.1;0.6;0.2;0;0;0;1.2;"POINT(4.9037559,52.3436782)";"POINT(52.3436782,4.9037559)";4.9037559;52.3436782;
602;"Scholengemeenschap Reigersbos";1236;1;6;570;46.7;"D66";0;13.7;"GroenLinks";0;12.8;0;0;0;0;0;0;0;0;0;0;0;0;0;0;0;0;0;0;0;0;0;0;0;0;0;9.3;10.7;10.2;10.7;3.2;13.7;3;12.8;0.2;3.9;3.7;0.4;0;3.3;0;0.7;0.2;0;0.2;1.2;12.6;0.2;0;0;2.3;"POINT(4.9775612,52.2968451)";"POINT(52.2968451,4.9775612)";4.9775612;52.2968451;
603;"School As-Siddieq";1410;3;8;1051;75.3;"GroenLinks";0;23.5;"D66";0;21.4;0;0;0;0;0;0;0;0;0;0;0;0;0;0;0;0;0;0;0;0;0;0;0;0;0;9.8;6.9;4.6;4.5;1.5;21.4;0.9;23.5;0.1;6.8;1.4;0;0.1;14.5;0;1.3;0;0;0;1.3;1.3;0.1;0;0;1.6;"POINT(4.857094,52.3717085)";"POINT(52.3717085,4.857094)";4.857094;52.3717085;
604;"School De Bron";2076;7;8;1421;69.2;"GroenLinks";0;28.4;"D66";0;20.5;0;0;0;0;0;0;0;0;0;0;0;0;0;0;0;0;0;0;0;0;0;0;0;0;0;12;7.3;4.5;7;1.6;20.5;0.4;28.4;0;9.1;1.1;0;0.1;4.1;0.1;0.7;0.1;0;0;0.8;2.1;0.1;0;0.1;1.3;"POINT(4.8744891,52.3823287)";"POINT(52.3823287,4.8744891)";4.8744891;52.3823287;
605;"School De Eilanden";2327;4;2;1687;72.8;"GroenLinks";0;29.8;"D66";0;18.8;0;0;0;0;0;0;0;0;0;0;0;0;0;0;0;0;0;0;0;0;0;0;0;0;0;11.7;9.1;4.3;7.5;1.7;18.8;0.5;29.8;0.1;11;0.9;0;0.1;1.1;0.2;1.8;0.1;0.1;0.1;0.1;0.7;0.1;0;0.3;1.1;"POINT(4.8900669,52.3867613)";"POINT(52.3867613,4.8900669)";4.8900669;52.3867613;
606;"School De Meidoorn";1506;4;11;1380;92.6;"GroenLinks";0;24.6;"D66";0;22.8;0;0;0;0;0;0;0;0;0;0;0;0;0;0;0;0;0;0;0;0;0;0;0;0;0;11;6.9;4.5;6.1;2;22.8;1;24.6;0;7.7;1.4;0.1;0.1;9.2;0.1;0.7;0.1;0.1;0;0.6;1.1;0;0;0.2;1.2;"POINT(4.861181,52.3688246)";"POINT(52.3688246,4.861181)";4.861181;52.3688246;
607;"School De Rivieren - gebouw Het Viertje";1511;1;4;1406;93.4;"D66";0;24;"GroenLinks";0;20.4;0;0;0;0;0;0;0;0;0;0;0;0;0;0;0;0;0;0;0;0;0;0;0;0;0;19.6;9;4;6.1;4.1;24;1;20.4;0.1;5.5;1.6;0.1;0.1;1.4;0;1.3;0.1;0;0.1;0.7;0.6;0.1;0;0.2;1.5;"POINT(4.9042351,52.3442313)";"POINT(52.3442313,4.9042351)";4.9042351;52.3442313;
608;"School De Roos";2883;3;11;2695;94.0;"D66";0;24.6;"GroenLinks";0;24.5;0;0;0;0;0;0;0;0;0;0;0;0;0;0;0;0;0;0;0;0;0;0;0;0;0;15.7;6.2;5.8;4.3;2.1;24.6;1;24.5;0.1;6.5;1.3;0;0.2;4.3;0;1.1;0.1;0;0;0.5;1.6;0;0.1;0;1.1;"POINT(4.8608229,52.3742224)";"POINT(52.3742224,4.8608229)";4.8608229;52.3742224;
609;"School De Ster";2749;3;12;1626;59.7;"GroenLinks";0;14.4;"SP";0;13.1;0;0;0;0;0;0;0;0;0;0;0;0;0;0;0;0;0;0;0;0;0;0;0;0;0;10.1;11.8;12.3;13.1;3.5;8.6;3.6;14.4;0.6;4.8;4.7;0.1;0.3;1.4;0.1;1.4;0.1;0;0.1;0.5;7.9;0.3;0.1;0.2;2.4;"POINT(4.9876988,52.2942282)";"POINT(52.2942282,4.9876988)";4.9876988;52.2942282;
610;"School De Tamboerijn";3111;3;18;2432;78.8;"GroenLinks";0;14.8;"SP";0;12.3;0;0;0;0;0;0;0;0;0;0;0;0;0;0;0;0;0;0;0;0;0;0;0;0;0;8.7;11.2;12.1;12.3;3.6;8.8;3.9;14.8;0.4;5.4;5.3;0;0.2;1.5;0.2;1.2;0;0;0;0.8;9;0.1;0;0.2;2.1;"POINT(4.9771302,52.294335)";"POINT(52.294335,4.9771302)";4.9771302;52.294335;
611;"School De Witte Olifant";1122;3;3;1298;116.2;"GroenLinks";0;30;"D66";0;20;0;0;0;0;0;0;0;0;0;0;0;0;0;0;0;0;0;0;0;0;0;0;0;0;0;11.5;10.9;4.2;6.3;1.8;20;0.5;30;0.2;9.9;1;0.1;0.3;0.6;0;1.4;0.1;0;0;0.5;0.6;0.1;0;0.1;1.2;"POINT(4.904186,52.3702666)";"POINT(52.3702666,4.904186)";4.904186;52.3702666;
612;"School Het Gein";2597;3;13;2051;79.6;"GroenLinks";0;16.3;"VVD";0;14.8;0;0;0;0;0;0;0;0;0;0;0;0;0;0;0;0;0;0;0;0;0;0;0;0;0;14.8;12.7;9.5;10.8;3.5;12.4;2.6;16.3;0.4;5.9;4.2;0.1;0.4;0.3;0;1.6;0;0;0.1;0.5;3.7;0;0;0.2;1.9;"POINT(4.9934928,52.2987601)";"POINT(52.2987601,4.9934928)";4.9934928;52.2987601;
613;"Schoolgebouw ROC";1376;4;6;1248;91.4;"GroenLinks";0;25.7;"D66";0;21.6;0;0;0;0;0;0;0;0;0;0;0;0;0;0;0;0;0;0;0;0;0;0;0;0;0;16.8;7.6;4;5.6;2.2;21.6;1;25.7;0.1;9;1.5;0.2;0.1;1.9;0;1;0;0;0;0.8;1;0;0;0;1.1;"POINT(4.874387,52.368344)";"POINT(52.368344,4.874387)";4.874387;52.368344;
614;"Scouting Oost 1";1607;2;1;1110;69.3;"GroenLinks";0;21.7;"D66";0;21.4;0;0;0;0;0;0;0;0;0;0;0;0;0;0;0;0;0;0;0;0;0;0;0;0;0;12.8;11.8;6.9;7.3;4.1;21.4;1.5;21.7;0;6.8;2.5;0;0.3;0.8;0;1.1;0;0;0;0.5;0.5;0;0;0;0.7;"POINT(4.9437792,52.3490492)";"POINT(52.3490492,4.9437792)";4.9437792;52.3490492;
615;"Senioren bewonersruimte";1505;4;3;1123;75.1;"D66";0;24.6;"GroenLinks";0;23.7;0;0;0;0;0;0;0;0;0;0;0;0;0;0;0;0;0;0;0;0;0;0;0;0;0;16.7;7.4;4.7;5.6;3.2;24.6;0.9;23.7;0.3;6.9;1.8;0.1;0.2;1.7;0;1;0;0.2;0;0.2;0.8;0.1;0.1;0;1.1;"POINT(4.9043629,52.3554007)";"POINT(52.3554007,4.9043629)";4.9043629;52.3554007;
616;"Senioren-flat De Wasknijper";1409;0;4;1074;76.5;"D66";0;21;"GroenLinks";0;17.9;0;0;0;0;0;0;0;0;0;0;0;0;0;0;0;0;0;0;0;0;0;0;0;0;0;15.2;7.7;8.8;6.5;4.8;21;1.6;17.9;0;4.6;1.9;0.2;0.1;5.9;0.3;1;0;0;0;0.7;1.5;0.3;0;0.1;1.6;"POINT(4.9292748,52.4049841)";"POINT(52.4049841,4.9292748)";4.9292748;52.4049841;
617;"Serviceflat Garstkamp";3005;4;8;1865;62.5;"GroenLinks";0;14.4;"PvdA";0;13.9;0;0;0;0;0;0;0;0;0;0;0;0;0;0;0;0;0;0;0;0;0;0;0;0;0;12.6;13.9;8.8;9;5.3;13.2;1.9;14.4;0.2;5.1;3.9;0.2;0.2;2.7;0.1;1.8;0.1;0.1;0.1;0.5;5.7;0.2;0.1;0;1.7;"POINT(4.9802768,52.3252379)";"POINT(52.3252379,4.9802768)";4.9802768;52.3252379;
618;"Serviceflat Koornhorst";1501;4;11;838;56.8;"PvdA";0;13.2;"PVV";0;12.9;0;0;0;0;0;0;0;0;0;0;0;0;0;0;0;0;0;0;0;0;0;0;0;0;0;9.5;13.2;12.9;9.8;3.5;9.9;4.5;11.1;0.6;2.6;4.9;0.1;0.1;3.6;0.4;1.8;0.4;0;0.1;0.5;10.3;0.2;0;0;2.4;"POINT(4.9865882,52.3183219)";"POINT(52.3183219,4.9865882)";4.9865882;52.3183219;
619;"Servicepunt Het Brinkhuis";2504;3;5;1718;68.9;"PVV";0;18.7;"GroenLinks";0;16.5;0;0;0;0;0;0;0;0;0;0;0;0;0;0;0;0;0;0;0;0;0;0;0;0;0;9.2;6.9;18.7;12.9;3;10.7;1;16.5;0.1;9;4.3;0.2;0.3;3.5;0.2;1;0.1;0;0;0.6;1.7;0.1;0.1;0;1.7;"POINT(4.9432681,52.3399779)";"POINT(52.3399779,4.9432681)";4.9432681;52.3399779;
620;"Speeltuinvereniging Nieuwendam";837;1;3;826;99.2;"PVV";0;22;"GroenLinks";0;16.6;0;0;0;0;0;0;0;0;0;0;0;0;0;0;0;0;0;0;0;0;0;0;0;0;0;8.4;9.7;22;10.2;3.8;10.4;0.8;16.6;0.2;8.2;5.2;0;0.5;1.3;0.1;1;0.1;0;0;0.6;0.7;0;0;0.1;1.7;"POINT(4.9504998,52.3894278)";"POINT(52.3894278,4.9504998)";4.9504998;52.3894278;
621;"Spinoza20first";3271;2;8;2140;65.7;"D66";0;23.5;"VVD";0;22.5;0;0;0;0;0;0;0;0;0;0;0;0;0;0;0;0;0;0;0;0;0;0;0;0;0;22.5;7.9;5.4;5.4;2.1;23.5;0.8;19.7;0;8.1;1.6;0;0.1;0.7;0;0.8;0;0;0.1;0.3;0.7;0.1;0;0.1;0.8;"POINT(4.9101689,52.3436705)";"POINT(52.3436705,4.9101689)";4.9101689;52.3436705;
622;"Sportcentrum De Pijp";1403;6;3;1219;87.5;"GroenLinks";0;23.2;"D66";0;17.1;0;0;0;0;0;0;0;0;0;0;0;0;0;0;0;0;0;0;0;0;0;0;0;0;0;14.4;8.2;5.8;8.2;2.3;17.1;1.4;23.2;0;8.1;1.6;0;0.2;5.5;0.2;0.9;0.1;0;0;0.4;2.2;0.1;0.1;0;1.1;"POINT(4.8937251,52.3497397)";"POINT(52.3497397,4.8937251)";4.8937251;52.3497397;
623;"Sporthal Gaasperdam";1186;1;9;672;57.5;"GroenLinks";0;15.3;"SP";0;12.1;0;0;0;0;0;0;0;0;0;0;0;0;0;0;0;0;0;0;0;0;0;0;0;0;0;10.1;11.9;8.8;12.1;2.8;10.9;3.3;15.3;0.7;4;5.1;0.3;0.3;0.9;0.1;1.5;0;0;0;0.6;11.3;0;0;0;2.1;"POINT(4.9782498,52.2968032)";"POINT(52.2968032,4.9782498)";4.9782498;52.2968032;
624;"Sporthal Wethouder Verheij";1380;1;8;1140;83.3;"GroenLinks";0;24.2;"D66";0;19.7;0;0;0;0;0;0;0;0;0;0;0;0;0;0;0;0;0;0;0;0;0;0;0;0;0;13.7;10.2;5.5;6.8;2.4;19.7;0.8;24.2;0;4.9;1.7;0.1;0;6.1;0;0.6;0;0;0;1;2.2;0.1;0.1;0;1.2;"POINT(4.93136,52.3578726)";"POINT(52.3578726,4.93136)";4.93136;52.3578726;
625;"Sporthallen Zuid";580;0;2;512;88.6;"VVD";0;27.1;"D66";0;25.4;0;0;0;0;0;0;0;0;0;0;0;0;0;0;0;0;0;0;0;0;0;0;0;0;0;27.1;8.2;5.1;3.7;2;25.4;1.2;17;0.2;3.7;2.1;0.2;0.2;2.3;0;0.6;0;0.2;0;0.6;0.2;0;0;0;1.4;"POINT(4.8541119,52.3399703)";"POINT(52.3399703,4.8541119)";4.8541119;52.3399703;
626;"St. Ignatius Gymnasium";2266;2;3;1699;75.2;"VVD";0;39.6;"D66";0;23.5;0;0;0;0;0;0;0;0;0;0;0;0;0;0;0;0;0;0;0;0;0;0;0;0;0;39.6;9;2.6;1.9;4.7;23.5;0.6;11.5;0.2;3.3;0.5;0.2;0.2;0.1;0.1;1.1;0;0;0.2;0.3;0.3;0;0;0;1.1;"POINT(4.8739412,52.3497664)";"POINT(52.3497664,4.8739412)";4.8739412;52.3497664;
627;"Stadhuis";1618;1;12;2865;177.9;"GroenLinks";0;28.7;"D66";0;20.6;0;0;0;0;0;0;0;0;0;0;0;0;0;0;0;0;0;0;0;0;0;0;0;0;0;12.9;9.3;3.7;6.7;2.1;20.6;0.3;28.7;0.1;9.4;0.7;0;0.1;1.2;0.1;1.5;0.1;0;0.2;0.7;1.4;0.2;0;0;1.5;"POINT(4.9001629,52.3675887)";"POINT(52.3675887,4.9001629)";4.9001629;52.3675887;
628;"Stadsdeelkantoor Amsterdam-Noord";990;1;5;1101;111.8;"GroenLinks";0;19.2;"D66";0;13.9;0;0;0;0;0;0;0;0;0;0;0;0;0;0;0;0;0;0;0;0;0;0;0;0;0;11.6;8.5;9.6;8.7;3.6;13.9;2.9;19.2;0.8;4.6;2.9;0.1;0;8.1;0.1;1.4;0.1;0;0;0.4;3.4;0.1;0;0;1.5;"POINT(4.9329321,52.4008223)";"POINT(52.4008223,4.9329321)";4.9329321;52.4008223;
629;"Stadsloket";883;7;6;1822;207.8;"DENK";0;23;"GroenLinks";0;16.3;0;0;0;0;0;0;0;0;0;0;0;0;0;0;0;0;0;0;0;0;0;0;0;0;0;11.7;5.4;8.2;7;3.8;12.7;1.4;16.3;0.1;3.8;2.2;0.2;0.2;23;0.1;1.4;0.1;0;0;0.5;1.7;0.2;0.1;0.1;1.5;"POINT(4.8066752,52.3577696)";"POINT(52.3577696,4.8066752)";4.8066752;52.3577696;
630;"Stadsloket Zuid";2510;12;21;2399;96.9;"D66";0;24.5;"VVD";0;20.1;0;0;0;0;0;0;0;0;0;0;0;0;0;0;0;0;0;0;0;0;0;0;0;0;0;20.1;7.8;4.8;5.3;3.8;24.5;1.8;17.3;0.2;6;1.1;0.1;0.1;3.5;0;1.8;0.1;0;0.1;0.3;1.1;0.2;0.1;0;1.1;"POINT(4.8939602,52.3404662)";"POINT(52.3404662,4.8939602)";4.8939602;52.3404662;
631;"Station Sloterdijk - (Starbucks)";0;2;7;1655;0;"D66";0;27.7;"GroenLinks";0;26.3;0;0;0;0;0;0;0;0;0;0;0;0;0;0;0;0;0;0;0;0;0;0;0;0;0;13.1;5.6;3;6;2.6;27.7;1.5;26.3;0.2;7.2;0.7;0;0.4;2.1;0;0.8;0;0;0.1;1.3;1.3;0;0;0.1;2.1;"POINT(4.837363,52.3892104)";"POINT(52.3892104,4.837363)";4.837363;52.3892104;
632;"Stayokay Amsterdam Zeeburg";1013;4;6;1048;104.4;"GroenLinks";0;31.8;"D66";0;21.4;0;0;0;0;0;0;0;0;0;0;0;0;0;0;0;0;0;0;0;0;0;0;0;0;0;11.2;8.9;4.2;4.2;1.5;21.4;0.8;31.8;0;6.7;0.9;0.1;0.1;5.2;0.1;0.2;0.1;0;0;0.3;2.2;0.2;0;0.1;1.0;"POINT(4.9355118,52.3653456)";"POINT(52.3653456,4.9355118)";4.9355118;52.3653456;
633;"Stichting Dorpsraad Driemond";1187;1;1;1012;85.4;"VVD";0;24.4;"PVV";0;17;0;0;0;0;0;0;0;0;0;0;0;0;0;0;0;0;0;0;0;0;0;0;0;0;0;24.4;5.5;17;9.2;8;12.5;1.6;9.7;0;5.3;4.1;0;0.4;0.5;0.3;1.1;0;0;0;0.2;0.2;0.1;0;0;1.0;"POINT(5.0146801,52.3088042)";"POINT(52.3088042,5.0146801)";5.0146801;52.3088042;
634;"Stichting MaDi";1700;0;11;788;47.0;"Artikel 1";0;19;"GroenLinks";0;12.6;0;0;0;0;0;0;0;0;0;0;0;0;0;0;0;0;0;0;0;0;0;0;0;0;0;6.7;10.3;7.7;9.5;1.1;8.4;7.9;12.6;0.3;2.2;2.3;0;0.1;10;0;0.6;0.1;0.1;0.1;0.5;19;0.1;0;0.3;1.6;"POINT(4.9750769,52.3149535)";"POINT(52.3149535,4.9750769)";4.9750769;52.3149535;
635;"Ten Haaf Projects Temporary";974;0;3;580;59.9;"GroenLinks";0;34;"D66";0;22.1;0;0;0;0;0;0;0;0;0;0;0;0;0;0;0;0;0;0;0;0;0;0;0;0;0;14.3;8.1;2.2;4;2.4;22.1;0.2;34;0;7.1;0.3;0;0;0.9;0.2;1.9;0;0;0.2;0.7;1.2;0.3;0;0;1.4;"POINT(4.9015691,52.375405)";"POINT(52.375405,4.9015691)";4.9015691;52.375405;
636;"Theo Thijssenschool";1519;1;8;1441;95.5;"GroenLinks";0;24.6;"D66";0;17.1;0;0;0;0;0;0;0;0;0;0;0;0;0;0;0;0;0;0;0;0;0;0;0;0;0;14.8;12.8;5.3;8.8;2.3;17.1;0.8;24.6;0.1;9.2;1.3;0;0.1;0.1;0.1;1.3;0;0.1;0.1;0.3;0.6;0.1;0.1;0;1.0;"POINT(4.881171,52.3772437)";"POINT(52.3772437,4.881171)";4.881171;52.3772437;
637;"Thomaskerk";834;0;4;1055;127.0;"VVD";0;37.2;"D66";0;24.1;0;0;0;0;0;0;0;0;0;0;0;0;0;0;0;0;0;0;0;0;0;0;0;0;0;37.2;7.6;1.8;0.9;7.4;24.1;1.8;11;0.9;3.7;0.7;0.1;0.3;0.1;0.1;1.9;0;0;0.2;0.3;0.1;0;0;0;1.8;"POINT(4.874882,52.3419654)";"POINT(52.3419654,4.874882)";4.874882;52.3419654;
638;"Tijl Uilenspiegelschool";2149;4;14;1841;86.5;"GroenLinks";0;21.2;"D66";0;19.7;0;0;0;0;0;0;0;0;0;0;0;0;0;0;0;0;0;0;0;0;0;0;0;0;0;10.9;5.2;3.9;5.7;1.5;19.7;1;21.2;0;6.4;1.3;0.1;0.3;19.3;0.2;0.9;0;0;0;0.8;1.2;0.1;0.1;0.2;1.6;"POINT(4.8491771,52.3779914)";"POINT(52.3779914,4.8491771)";4.8491771;52.3779914;
639;"Timotheusschool";2305;3;26;1487;65.8;"DENK";0;44.5;"D66";0;10.5;0;0;0;0;0;0;0;0;0;0;0;0;0;0;0;0;0;0;0;0;0;0;0;0;0;6.9;5;7.3;7.3;2.4;10.5;0.9;8.7;0.1;1.2;1.7;0;0.3;44.5;0;1;0;0.1;0.1;0.1;1.5;0.1;0.1;0.2;1.1;"POINT(4.8053639,52.3794676)";"POINT(52.3794676,4.8053639)";4.8053639;52.3794676;
640;"Tobiasschool";2754;4;5;1885;68.8;"D66";0;23.2;"VVD";0;23.2;0;0;0;0;0;0;0;0;0;0;0;0;0;0;0;0;0;0;0;0;0;0;0;0;0;23.2;6.3;4.8;5;2.4;23.2;1;20.3;0.1;6.9;1.9;0;0.2;1.6;0.1;1.5;0.1;0;0.1;0.3;0.7;0.3;0.1;0.1;1.2;"POINT(4.8471601,52.3494307)";"POINT(52.3494307,4.8471601)";4.8471601;52.3494307;
641;"Tugelahuis";1323;2;5;720;55.0;"GroenLinks";0;24.9;"D66";0;18.3;0;0;0;0;0;0;0;0;0;0;0;0;0;0;0;0;0;0;0;0;0;0;0;0;0;6.8;7.2;3.6;6.7;2.6;18.3;0.8;24.9;0.1;6.5;1.3;0;0.1;15.3;0;0.4;0.1;0;0.3;0.8;3.9;0.1;0;0;1.7;"POINT(4.920769,52.3558089)";"POINT(52.3558089,4.920769)";4.920769;52.3558089;
642;"Tuinstadhuis Geuzenveld";3085;11;43;2247;74.6;"DENK";0;28.3;"GroenLinks";0;12.5;0;0;0;0;0;0;0;0;0;0;0;0;0;0;0;0;0;0;0;0;0;0;0;0;0;8.3;7.1;9.2;7.8;3.1;11.5;1.4;12.5;0.4;3;3;0.1;0.1;28.3;0;0.6;0.1;0;0;0.5;2.6;0.2;0;0.1;1.6;"POINT(4.8211572,52.3790938)";"POINT(52.3790938,4.8211572)";4.8211572;52.3790938;
643;"Twiskehuis";1444;5;1;1041;72.5;"PVV";0;28.7;"SP";0;13;0;0;0;0;0;0;0;0;0;0;0;0;0;0;0;0;0;0;0;0;0;0;0;0;0;9.9;7;28.7;13;3.8;8.5;0.8;8.7;0.2;5.9;6.7;0.6;0.6;2;0.2;1.3;0.1;0.1;0;0.6;1;0.1;0;0.2;2.6;"POINT(4.8803899,52.4160773)";"POINT(52.4160773,4.8803899)";4.8803899;52.4160773;
644;"Universiteitsbibliotheek Amsterdam";706;3;1;1295;184.0;"D66";0;26.8;"GroenLinks";0;26.6;0;0;0;0;0;0;0;0;0;0;0;0;0;0;0;0;0;0;0;0;0;0;0;0;0;17.8;6;2.5;3.3;2.5;26.8;1.9;26.6;0.2;7.6;0.1;0;0.2;0.8;0.1;1.6;0.1;0;0.1;0.2;1.5;0.2;0;0;0.9;"POINT(4.8897231,52.3676726)";"POINT(52.3676726,4.8897231)";4.8897231;52.3676726;
645;"UvA - locatie P.C. Hoofthuis";1134;2;8;1380;122.6;"GroenLinks";0;32.3;"D66";0;22.9;0;0;0;0;0;0;0;0;0;0;0;0;0;0;0;0;0;0;0;0;0;0;0;0;0;19.3;5.3;1.2;2.4;2.8;22.9;0.7;32.3;0.1;8.2;0.1;0;0.1;0.7;0.1;2;0.1;0;0.1;0.8;0.7;0.2;0;0;1.5;"POINT(4.8898418,52.3740889)";"POINT(52.3740889,4.8898418)";4.8898418;52.3740889;
646;"V.B.S.K. Albert Cuyp";1230;1;3;1359;110.8;"GroenLinks";0;26;"D66";0;24.1;0;0;0;0;0;0;0;0;0;0;0;0;0;0;0;0;0;0;0;0;0;0;0;0;0;18.2;7.3;3.7;5.1;1.3;24.1;0.4;26;0;7;0.9;0.1;0.1;1.8;0.1;1.9;0;0;0.1;1;0.7;0;0.1;0;1.6;"POINT(4.8976109,52.356713)";"POINT(52.356713,4.8976109)";4.8976109;52.356713;
647;"Van Hogendorphal";2050;8;2;1248;61.4;"GroenLinks";0;30.4;"D66";0;17.5;0;0;0;0;0;0;0;0;0;0;0;0;0;0;0;0;0;0;0;0;0;0;0;0;0;9.8;8.7;4;6;1.8;17.5;1.3;30.4;0.2;9.5;1;0;0.2;5.3;0.2;1.3;0.1;0;0;1.1;1.7;0.1;0;0;1.8;"POINT(4.867594,52.3816344)";"POINT(52.3816344,4.867594)";4.867594;52.3816344;
648;"Verenigingsgebouw Batavia";2916;8;28;1623;56.9;"DENK";0;28.2;"GroenLinks";0;20.6;0;0;0;0;0;0;0;0;0;0;0;0;0;0;0;0;0;0;0;0;0;0;0;0;0;6.1;6.9;5.5;7.1;1.2;11.1;1.1;20.6;0.3;4.5;1.3;0.1;0.1;28.2;0.1;0.4;0;0;0;0.5;4.8;0.2;0;0.1;1.3;"POINT(4.9407432,52.3605315)";"POINT(52.3605315,4.9407432)";4.9407432;52.3605315;
649;"Verenigingsgebouw Nivon";974;0;5;540;56.0;"DENK";0;28;"VVD";0;11.3;0;0;0;0;0;0;0;0;0;0;0;0;0;0;0;0;0;0;0;0;0;0;0;0;0;11.3;7;11.1;5.2;3.9;10;1.7;10.4;0;1.9;5.4;0;0;28;0;0.7;0;0.2;0;0;3.1;0;0.2;0;0.4;"POINT(4.7951419,52.3629233)";"POINT(52.3629233,4.7951419)";4.7951419;52.3629233;
650;"Vivium Torendael";2029;2;6;1320;65.5;"D66";0;19.5;"VVD";0;17.1;0;0;0;0;0;0;0;0;0;0;0;0;0;0;0;0;0;0;0;0;0;0;0;0;0;17.1;12.1;6.8;8.6;5.5;19.5;1.7;13.8;0.2;8.3;2.2;0;0.2;0.8;0.1;1.4;0.2;0;0;0.5;0.8;0;0.2;0.1;1.4;"POINT(4.897445,52.3384596)";"POINT(52.3384596,4.897445)";4.897445;52.3384596;
651;"Vondelstede";2582;3;5;1608;62.6;"D66";0;24.2;"VVD";0;20.8;0;0;0;0;0;0;0;0;0;0;0;0;0;0;0;0;0;0;0;0;0;0;0;0;0;20.8;10.8;3;4.9;3.2;24.2;0.6;19.8;0.1;8.3;0.9;0.1;0.2;0.5;0.1;1.1;0.2;0;0;0.4;0.7;0.1;0.1;0;1.2;"POINT(4.8697369,52.3603446)";"POINT(52.3603446,4.8697369)";4.8697369;52.3603446;
652;"Voormalige Stadstimmertuin";1200;3;0;910;76.1;"GroenLinks";0;27.8;"D66";0;24.4;0;0;0;0;0;0;0;0;0;0;0;0;0;0;0;0;0;0;0;0;0;0;0;0;0;16.9;9.5;3.1;4.4;2.2;24.4;0.8;27.8;0;6.7;0.5;0;0.3;0.7;0;1;0;0;0.2;0.7;0.9;0;0;0;1.2;"POINT(4.9057081,52.3612753)";"POINT(52.3612753,4.9057081)";4.9057081;52.3612753;
653;"Vrijburg";1569;0;1;844;53.9;"VVD";0;33.2;"D66";0;24.4;0;0;0;0;0;0;0;0;0;0;0;0;0;0;0;0;0;0;0;0;0;0;0;0;0;33.2;10.7;3.9;1.4;3.3;24.4;1.1;14;0.1;4.9;0.4;0;0.5;0;0;1.7;0;0;0;0.5;0.1;0;0;0;1.1;"POINT(4.8823378,52.345658)";"POINT(52.345658,4.8823378)";4.8823378;52.345658;
654;"Vrije Universiteit Amsterdam";873;2;3;1978;227.1;"D66";0;29.6;"GroenLinks";0;23.6;0;0;0;0;0;0;0;0;0;0;0;0;0;0;0;0;0;0;0;0;0;0;0;0;0;19.4;4.3;1.5;2.7;3.3;29.6;2.4;23.6;0.3;4.6;0.3;0;0.1;4.7;0;1.8;0;0;0;0.4;1.2;0.1;0;0;0.7;"POINT(4.8664868,52.3345801)";"POINT(52.3345801,4.8664868)";4.8664868;52.3345801;
655;"Vrouw en Vaart";1456;1;11;1009;70.1;"VVD";0;17.9;"D66";0;13.8;0;0;0;0;0;0;0;0;0;0;0;0;0;0;0;0;0;0;0;0;0;0;0;0;0;17.9;10.1;10.2;5;8.7;13.8;1.3;11.4;0.1;3.2;3.1;0;0.1;11.4;0.1;1.3;0;0;0.2;0.3;1.9;0;0;0;0.8;"POINT(4.8053391,52.3656699)";"POINT(52.3656699,4.8053391)";4.8053391;52.3656699;
656;"VUmc";0;6;4;1500;0;"D66";0;31.7;"GroenLinks";0;20.9;0;0;0;0;0;0;0;0;0;0;0;0;0;0;0;0;0;0;0;0;0;0;0;0;0;19.2;7.2;2.2;3.6;3.5;31.7;2;20.9;0.1;4.3;0.9;0;0.3;2.7;0;0.5;0;0;0;0.5;0.5;0.1;0;0;0.9;"POINT(4.8598401,52.3346373)";"POINT(52.3346373,4.8598401)";4.8598401;52.3346373;
657;"Wachterliedpaviljoen";2899;3;10;1576;54.8;"GroenLinks";0;23.7;"D66";0;21.1;0;0;0;0;0;0;0;0;0;0;0;0;0;0;0;0;0;0;0;0;0;0;0;0;0;11.4;6.5;4.9;4.7;2.3;21.1;1.1;23.7;0;7.4;1.3;0.3;0.2;11.3;0.1;1.2;0;0.1;0;0.7;1.4;0.3;0;0;1.6;"POINT(4.8536031,52.3774802)";"POINT(52.3774802,4.8536031)";4.8536031;52.3774802;
658;"Wackersacademie";3002;0;5;2306;77.0;"D66";0;25.9;"GroenLinks";0;21.7;0;0;0;0;0;0;0;0;0;0;0;0;0;0;0;0;0;0;0;0;0;0;0;0;0;20.4;6.8;3.1;5.4;2.8;25.9;0.9;21.7;0.1;8.4;0.6;0;0;0.9;0;1;0.1;0.1;0.1;0.5;0.9;0.2;0;0;1.3;"POINT(4.864053,52.3605773)";"POINT(52.3605773,4.864053)";4.864053;52.3605773;
659;"Waternet";1742;2;2;1195;68.8;"D66";0;29.7;"GroenLinks";0;24.2;0;0;0;0;0;0;0;0;0;0;0;0;0;0;0;0;0;0;0;0;0;0;0;0;0;17.7;6.4;2.5;2.8;2.8;29.7;1;24.2;0.1;6.4;0.8;0.1;0.1;1.1;0.3;1.6;0;0.1;0.2;1.3;1;0;0;0;2.0;"POINT(4.917897,52.3400504)";"POINT(52.3400504,4.917897)";4.917897;52.3400504;
660;"Weesper";1234;2;3;1341;109.1;"D66";0;29.1;"GroenLinks";0;23.5;0;0;0;0;0;0;0;0;0;0;0;0;0;0;0;0;0;0;0;0;0;0;0;0;0;20.5;6.9;2.7;4;2.5;29.1;0.6;23.5;0.3;6.6;0.4;0;0.2;0.4;0;0.9;0;0;0;0.5;0.7;0.1;0.1;0;1.2;"POINT(4.9130781,52.3488928)";"POINT(52.3488928,4.9130781)";4.9130781;52.3488928;
661;"Westcord Fashion Hotel Amsterdam";1428;0;10;954;67.5;"VVD";0;27.5;"D66";0;26.6;0;0;0;0;0;0;0;0;0;0;0;0;0;0;0;0;0;0;0;0;0;0;0;0;0;27.5;6.1;4.5;2.3;3.2;26.6;1;14;0.2;3;0.6;0;0.2;7.5;0;1.3;0.1;0;0.1;0.7;0.6;0.1;0;0.1;1.6;"POINT(4.8442419,52.3575675)";"POINT(52.3575675,4.8442419)";4.8442419;52.3575675;
662;"Westerkerk";2468;1;5;2563;104.1;"GroenLinks";0;23.7;"D66";0;23.4;0;0;0;0;0;0;0;0;0;0;0;0;0;0;0;0;0;0;0;0;0;0;0;0;0;20;9.5;3.4;5;2.1;23.4;0.7;23.7;0.1;8.3;0.6;0;0.1;0.4;0;1.6;0;0;0.1;0.5;0.4;0.1;0;0;1.0;"POINT(4.883508,52.3745123)";"POINT(52.3745123,4.883508)";4.883508;52.3745123;
663;"Westerparkschool";2301;2;8;1594;69.7;"GroenLinks";0;27;"D66";0;18.6;0;0;0;0;0;0;0;0;0;0;0;0;0;0;0;0;0;0;0;0;0;0;0;0;0;10.3;8.1;4.5;9;1.4;18.6;1.1;27;0.1;9.5;1.4;0.1;0.1;4;0.1;1.1;0.2;0;0.3;0.4;2.6;0.3;0;0;1.4;"POINT(4.8770449,52.3848769)";"POINT(52.3848769,4.8770449)";4.8770449;52.3848769;
664;"Wibautcollege";0;0;2;194;0;"D66";0;26.8;"GroenLinks";0;24.2;0;0;0;0;0;0;0;0;0;0;0;0;0;0;0;0;0;0;0;0;0;0;0;0;0;14.9;2.1;1.5;7.7;4.6;26.8;1.5;24.2;0;5.7;0;0;0;4.6;0;2.6;0;0;0;0.5;2.1;0;1;0;1.5;"POINT(4.9177649,52.3496672)";"POINT(52.3496672,4.9177649)";4.9177649;52.3496672;
665;"Wijkservicepunt Flevopoort";1498;1;9;898;60.6;"GroenLinks";0;21.6;"PvdA";0;12.5;0;0;0;0;0;0;0;0;0;0;0;0;0;0;0;0;0;0;0;0;0;0;0;0;0;10.1;12.5;8.4;8.7;2;11.8;1.4;21.6;0;5.9;2.3;0;0.1;9.4;0.1;1.7;0;0;0.2;0.4;3.3;0;0;0;0.9;"POINT(4.9464781,52.3655211)";"POINT(52.3655211,4.9464781)";4.9464781;52.3655211;
666;"Wijksteunpunt Wonen Noord";1545;3;15;875;57.8;"DENK";0;13.9;"PvdA";0;11.7;0;0;0;0;0;0;0;0;0;0;0;0;0;0;0;0;0;0;0;0;0;0;0;0;0;11.5;11.7;9.9;9;5.4;10.2;2.5;9.6;0.5;4.1;4.6;0.3;0.6;13.9;0;2.4;0.1;0.1;0;0.1;3.4;0;0;0;1.7;"POINT(4.9442689,52.4014746)";"POINT(52.4014746,4.9442689)";4.9442689;52.4014746;
667;"Willem de Zwijgerkerk";1375;2;12;1344;98.8;"VVD";0;19.9;"GroenLinks";0;18.3;0;0;0;0;0;0;0;0;0;0;0;0;0;0;0;0;0;0;0;0;0;0;0;0;0;19.9;8.5;6.4;6.5;2.8;17.4;1.8;18.3;0.1;8.5;2.1;0;0.4;1.9;0.3;2.2;0;0.2;0.3;0.9;1.2;0.1;0.1;0;2.5;"POINT(4.8630688,52.3494307)";"POINT(52.3494307,4.8630688)";4.8630688;52.3494307;
668;"Woon- en Zorgcentrum De Riekerhof";1652;1;14;1127;69.1;"D66";0;17.5;"DENK";0;17.2;0;0;0;0;0;0;0;0;0;0;0;0;0;0;0;0;0;0;0;0;0;0;0;0;0;15.7;7.5;5.1;4.8;5.4;17.5;1.7;16.4;0.2;4.1;1.8;0.1;0;17.2;0.1;1.1;0;0;0.1;0.3;0.8;0.1;0.2;0;1.0;"POINT(4.8402302,52.3591391)";"POINT(52.3591391,4.8402302)";4.8402302;52.3591391;
669;"Woon- en Zorgcentrum De Rietvinck";1355;1;5;1280;94.9;"GroenLinks";0;25.1;"D66";0;17.5;0;0;0;0;0;0;0;0;0;0;0;0;0;0;0;0;0;0;0;0;0;0;0;0;0;12;7.5;7.9;10;2.7;17.5;1.1;25.1;0.2;7.8;1.7;0;0.2;1;0.2;1.8;0.1;0;0.1;0.8;2.4;0;0;0.1;1.6;"POINT(4.8838279,52.3838698)";"POINT(52.3838698,4.8838279)";4.8838279;52.3838698;
670;"Woon- en zorgcentrum Nellestein";2172;6;4;1453;67.4;"GroenLinks";0;15.7;"VVD";0;14.7;0;0;0;0;0;0;0;0;0;0;0;0;0;0;0;0;0;0;0;0;0;0;0;0;0;14.7;10.9;8.6;10.1;5.2;12.8;3.2;15.7;0.1;8.1;3;0.1;0.3;0.7;0.1;1.7;0;0.1;0;0.9;3.7;0;0;0;1.7;"POINT(4.9849088,52.3094069)";"POINT(52.3094069,4.9849088)";4.9849088;52.3094069;
671;"Wooncentrum De Drecht";3045;2;36;1482;49.9;"Artikel 1";0;16.8;"PvdA";0;13.6;0;0;0;0;0;0;0;0;0;0;0;0;0;0;0;0;0;0;0;0;0;0;0;0;0;5;13.6;12.7;10.8;2.7;8.2;6.4;11.6;0.3;2.7;4.5;0.3;0.1;2.5;0.2;0.9;0;0;0;0.7;16.8;0;0.1;0;1.6;"POINT(4.9622919,52.2992713)";"POINT(52.2992713,4.9622919)";4.9622919;52.2992713;
672;"Wooncentrum De Venser";2600;12;17;1186;46.7;"Artikel 1";0;14.7;"PvdA";0;13.2;0;0;0;0;0;0;0;0;0;0;0;0;0;0;0;0;0;0;0;0;0;0;0;0;0;7.8;13.2;10.9;9.7;3;11;5.3;11.6;0.1;3.9;3.9;0.2;0.3;3;0.3;0.7;0;0;0;0.6;14.7;0;0.1;0;1.5;"POINT(4.9468191,52.3177802)";"POINT(52.3177802,4.9468191)";4.9468191;52.3177802;
673;"Woongroep Surinaamse Ouderen";1641;3;8;872;53.8;"PVV";0;15;"GroenLinks";0;13.6;0;0;0;0;0;0;0;0;0;0;0;0;0;0;0;0;0;0;0;0;0;0;0;0;0;7.3;11.5;15;11.6;3.1;8.1;4.4;13.6;1;3.6;4.6;0;0.5;1;0;0.8;0.1;0;0;0.7;13;0.1;0;0;2.4;"POINT(4.970844,52.2955977)";"POINT(52.2955977,4.970844)";4.970844;52.2955977;
674;"Woonzorgcentrum Buitenveldert";930;1;3;781;84.4;"VVD";0;37.4;"D66";0;17.8;0;0;0;0;0;0;0;0;0;0;0;0;0;0;0;0;0;0;0;0;0;0;0;0;0;37.4;7.6;8.8;2.6;6;17.8;1.8;9.2;0.9;2.7;1.8;0;0.5;0.4;0;1.7;0;0;0.1;0.1;0.4;0.1;0.1;0;1.9;"POINT(4.8613722,52.3228804)";"POINT(52.3228804,4.8613722)";4.8613722;52.3228804;
675;"Woonzorgcentrum Kastanjehof";1275;1;11;1171;92.8;"GroenLinks";0;23.7;"D66";0;20.2;0;0;0;0;0;0;0;0;0;0;0;0;0;0;0;0;0;0;0;0;0;0;0;0;0;13.3;9.6;4.4;7.2;1.6;20.2;0.9;23.7;0.2;6.7;1.2;0.1;0;7.3;0;0.6;0.3;0;0;0.3;2.4;0.2;0;0;0.9;"POINT(4.9231031,52.3585669)";"POINT(52.3585669,4.9231031)";4.9231031;52.3585669;
676;"Woonzorgcentrum Nieuw Geuzenveld";1511;1;9;1274;85.0;"PVV";0;18.8;"DENK";0;18.4;0;0;0;0;0;0;0;0;0;0;0;0;0;0;0;0;0;0;0;0;0;0;0;0;0;11.3;7.1;18.8;7.4;4.6;8.1;1.3;11.6;0.1;2.6;4.1;0.1;0.2;18.4;0.4;1.4;0.1;0.2;0.2;0.5;1.6;0;0;0.1;1.7;"POINT(4.7963111,52.3820998)";"POINT(52.3820998,4.7963111)";4.7963111;52.3820998;
677;"WTC Toren A t/m G";0;3;3;1846;0;"VVD";0;39.7;"D66";0;31.7;0;0;0;0;0;0;0;0;0;0;0;0;0;0;0;0;0;0;0;0;0;0;0;0;0;39.7;2.9;1.4;1.1;2.4;31.7;0.7;13;0.1;3.4;0.3;0.1;0.1;0.9;0;1.2;0;0.1;0.1;0.4;0.5;0;0.1;0.1;0.8;"POINT(4.8735368,52.3401915)";"POINT(52.3401915,4.8735368)";4.8735368;52.3401915;
678;"ZGAO De Open Hof";1287;5;3;1088;85.2;"GroenLinks";0;19.4;"D66";0;16.8;0;0;0;0;0;0;0;0;0;0;0;0;0;0;0;0;0;0;0;0;0;0;0;0;0;13.1;9.7;7.7;10.7;4.4;16.8;1.1;19.4;0.3;6.9;2.9;0;0.4;2.1;0.1;1.7;0.1;0.1;0.3;0.6;1.3;0.3;0;0;2.1;"POINT(4.9268348,52.3455435)";"POINT(52.3455435,4.9268348)";4.9268348;52.3455435;
679;"Zorgcentrum De Buitenhof";1408;2;7;1067;76.4;"VVD";0;28.9;"PVV";0;12.5;0;0;0;0;0;0;0;0;0;0;0;0;0;0;0;0;0;0;0;0;0;0;0;0;0;28.9;7.9;12.5;6.7;6.4;11.2;2.2;9.9;0.7;5.2;1.6;0;0.3;1;0;3.6;0.1;0.2;0;0.2;1.4;0;0;0;1.5;"POINT(4.888201,52.3266532)";"POINT(52.3266532,4.888201)";4.888201;52.3266532;
680;"Zorgcentrum Leo Polak";2287;3;15;1504;66.6;"DENK";0;21.1;"PVV";0;16;0;0;0;0;0;0;0;0;0;0;0;0;0;0;0;0;0;0;0;0;0;0;0;0;0;15;7;16;6.4;4.1;7.2;1.6;9.6;0.4;3.3;3.8;0.1;0;21.1;0.1;1.7;0.1;0;0;0.3;2.1;0;0;0;1.1;"POINT(4.7891381,52.3628584)";"POINT(52.3628584,4.7891381)";4.7891381;52.3628584;

