RowIndex,Title,EnglishTitle,PageLink,MapLink,Kaartlaag,Geometry,Entity,MapDescriptionTitle,MapDescription,MapDescriptionSource,GPTGeometry,GPTEntity,GPTReasoningSummary,GPTGeometryReasoningSummary,GPTEntityReasoningSummary,GPTEntityDecisiveRule,GPTError,GPTConfidence,GPTGeometryConfidence,GPTEntityConfidence,RunID
0,Corporatiebezit AFWC 2020,Housing association property AFWC 2020,https://maps.amsterdam.nl/open_geodata/?k=208,https://maps.amsterdam.nl/afwc_2020,AFWC_2020,PlainVectorRegion,ObjectDS,Woningcorporatiebezit 2020 Metropoolregio Amsterdam,"Deze interactieve website van de woningen van corporaties in de Metropoolregio Amsterdam is gelanceerd op 1 juli 2019 op de Jaarbijeenkomst van de Amsterdamse Federatie van Woningcorporaties (AFWC) https://www.afwc.nl Medio 2020 is het corporatiebezit op de kaart geactualiseerd (peildatum 1-1-2020). 

De website is de opvolger van de papieren Atlas Sociale Woningbouw, waarvan de eerste editie verscheen in 1992, ter gelegenheid van het 75-jarig jubileum van de AFWC. Deze negende editie (2020) verschijnt net als de vorige editie (2019) alleen als website en niet op papier. Iedere corporatie heeft een eigen kleur. Daarbij is zoveel mogelijk aangesloten bij de kleuren in de eerdere edities van de Atlas.

De website 
Woningcorporatiebezit 2020
is tot stand gekomen in opdracht van de Amsterdamse Federatie van Woningcorporaties en vervaardigd door de afdeling Ruimte en Duurzaamheid van de gemeente Amsterdam, team Beeld en Data. Vanaf editie 2019 is het corporatiebezit van 30 woningcorporaties in de gehele Metropoolregio Amsterdam afgebeeld. De editie daarvoor (2017) bevatte Amsterdam, Zaanstreek-Waterland, Amstel-Meerlanden en Almere. Vanaf 2019 is de kaart uitgebreid met Zuid-Kennemerland, IJmond, Gooi- en Vechtstreek en Lelystad.

Op de website staan zo`n 400.000 woningen aangegeven in de gemeenten Aalsmeer, Almere, Amstelveen, Amsterdam, Beemster, Beverwijk, Blaricum, Bloemendaal, Diemen, Edam-Volendam, Gooise Meren, Haarlem, Haarlemmermeer, Heemskerk, Heemstede, Hilversum, Huizen, Landsmeer, Laren, Lelystad, Oostzaan, Ouder-Amstel, Purmerend, Uithoorn, Velsen, Waterland, Weesp, Wijdemeren, Wormerland, Zaanstad en Zandvoort. Het bezit van de aangesloten corporaties buiten deze gemeenten staat niet op de kaart. 

Naast de kaart van het 
corporatiebezit
in verschillende kleuren en met een filter op het 
percentage adressen
van de betreffende corporatie per deel van een blok, is er ook een aparte 
bouwperiodekaart
.


Percentage corporatieadressen

De kaart corporatieadressen bevat per (deel van een) bouwblok het percentage woningen dat de betreffende corporatie in bezit heeft. De overige adressen kunnen koopwoningen zijn of particuliere huurwoningen. Als het percentage lager ligt dan 100, wil het niet per definitie zeggen dat de corporatie woningen heeft verkocht. Het blok kan als gemengd blok van huur- en koopwoningen zijn opgeleverd, of er hebben al vanaf de start naast corporatiewoningen, particuliere huurwoningen in het blok gezeten. Bijvoorbeeld omdat de corporatie panden heeft aangekocht in voormalig particulier bezit. De kaart is dus slechts als indicatie te gebruiken. De percentages worden alleen afgebeeld bij woonblokken waarin uitsluitend zelfstandige woningen voorkomen. Bij blokken met onzelfstandige eenheden wordt het percentage niet vermeld. Deze komen namelijk als losse eenheid voor in de databank van de corporaties, terwijl deze in de BAG vaak gezamenlijk een BAG-object vormen. Meenemen van de onzelfstandige eenheden zou dan tot percentages boven de 100 procent kunnen leiden.


Bouwperiodekaart

Bij het 90-jarig bestaan van de Amsterdamse Federatie van Woningcorporaties in 2007 werd een speciale bouwjarenkaart uitgebracht met zeven bouwperioden. Ter gelegenheid van het 100-jarige bestaan van de Federatie in 2017 is deze kaart aangevuld met de periode 2008-2016 en uitgebreid met de regio. De acht bouwperioden hebben niet dezelfde lengte, maar markeren omslagen in bouwstijl of bijzondere gebeurtenissen. Voor de kaart 2020 is de laatste bouwperiode verlengd tot en met 2019.

• Vóór 1909: De voorlopers van de woningcorporaties
• 1909 - 1918: De eerste woningwetwoningen
• 1919 - 1945: Periode `20 – `40
• 1946 - 1966: Vroeg naoorlogse stadsuitbreidingen
• 1967 - 1975: Hoogbouw
• 1976 - 1989: Stadsvernieuwing en uitbreiding
• 1990 - 2007: Differentiatie en menging in hoge dichtheid
• 2008 – 2019: Transformatie, duurzaamheid en tijdelijkheid als kans


Bronvermelding

Bron corporatiebezit: Databank, Amsterdamse Federatie van Woningcorporaties / Platform Woningcorporaties Noordvleugel Randstad (PWNR), peildatum 1-1-2020
Aangevuld met gegevens van de corporaties in de Metropoolregio Amsterdam die niet voorkomen in de databank van de AFWC.

Bron totaal aantal adressen Kadaster/BAG. Bouwjaar en bouwperiode zijn afkomstig van de betreffende corporatie aangevuld met de gegevens uit het Kadaster/BAG (panden met een onbekend bouwjaar worden niet ingekleurd).

Aan deze kaart kunnen geen rechten worden ontleend.",https://maps.amsterdam.nl/afwc_2020,PlainVectorRegion,PatchDS,"Geometry: The dataset maps individual building blocks containing housing association properties. While they are spatial regions, they represent specific ownership clusters rather than a complete, exhaustive administrative or land-use tessellation of the entire study area. | Entity: The dataset maps individual building blocks and portions thereof as patches, representing the extent of specific housing association property coverage. These are selected applicability areas (phenomenon patches) where specific ownership percentages apply, rather than being exhaustive land-use coverage or reporting units, and the features themselves are not treated as independent managed objects (like single buildings).","The dataset maps individual building blocks containing housing association properties. While they are spatial regions, they represent specific ownership clusters rather than a complete, exhaustive administrative or land-use tessellation of the entire study area.","The dataset maps individual building blocks and portions thereof as patches, representing the extent of specific housing association property coverage. These are selected applicability areas (phenomenon patches) where specific ownership percentages apply, rather than being exhaustive land-use coverage or reporting units, and the features themselves are not treated as independent managed objects (like single buildings).",Region Q9 PatchDS,,0.875,0.9,0.85,V3_evidence_based_gemini
1,Archeologische beerputten,Archaeological cesspits,https://maps.amsterdam.nl/open_geodata/?k=273,https://maps.amsterdam.nl/archeologie,ARCHEO_BEERPUT_VONDST,PointDS,ObjectDS,Publiekskaart Archeologie,"Amsterdam kent een rijke verzameling aan archeologische vindplaatsen. Dit kunnen losse voorwerpen of scherven zijn maar ook allerlei structuren zoals afval- en ophogingslagen, funderingen, kelders, beerputten, verdedigingsmuren of gedempte waterwegen. Deze archeologische sporen zijn bijzonder omdat ze verbonden zijn met het dagelijkse leven vanaf het allereerste begin van de stad. De afgelopen 45 jaar heeft Monumenten en Archeologie bij bouwprojecten overal in de stad onderzoek uitgevoerd. Op deze kaart worden een selectie van vindplaatsen online toegankelijk gemaakt, in combinatie met vijf historische kaarten als onderlegger. 

Ieder vlakje op de kaart geeft een doorkijk naar de geschiedenis van die specifieke plek. Door op één van deze archeologische locaties te klikken verschijnen het adres, gegevens over het onderzoek en de vondsten, een foto en een verwijzing naar meer achtergrondinformatie. 

Disclaimer
De inhoud van deze kaart is niet volledig en niet up-to-date. De informatie is bedoeld voor een breed publiek en niet voor professionals
Monumenten en Archeologie (MenA) is de bronhouder van de aangeboden kaartlagen en dient vermeld te worden indien u verwijst naar deze kaartlagen.",https://maps.amsterdam.nl/archeologie,PointDS,ObjectDS,"Geometry: The dataset contains archaeological finds identified as 'beerputten' (cesspits) represented by points, as confirmed by both the geometry_type_counts and the nature of the data (individual archaeological sites). | Entity: The dataset represents distinct archaeological find locations, including cesspits and specific findings. These features are identifiable real-world places and objects associated with historical records, matching the criteria for ObjectDS.","The dataset contains archaeological finds identified as 'beerputten' (cesspits) represented by points, as confirmed by both the geometry_type_counts and the nature of the data (individual archaeological sites).","The dataset represents distinct archaeological find locations, including cesspits and specific findings. These features are identifiable real-world places and objects associated with historical records, matching the criteria for ObjectDS.",Region Q7 ObjectDS,,1.0,1.0,1.0,V3_evidence_based_gemini
2,Archeologische waterbodems,Archaeological water soils,https://maps.amsterdam.nl/open_geodata/?k=274,https://maps.amsterdam.nl/archeologie,ARCHEO_WATERBODEMS,PointDS,ObjectDS,Publiekskaart Archeologie,"Amsterdam kent een rijke verzameling aan archeologische vindplaatsen. Dit kunnen losse voorwerpen of scherven zijn maar ook allerlei structuren zoals afval- en ophogingslagen, funderingen, kelders, beerputten, verdedigingsmuren of gedempte waterwegen. Deze archeologische sporen zijn bijzonder omdat ze verbonden zijn met het dagelijkse leven vanaf het allereerste begin van de stad. De afgelopen 45 jaar heeft Monumenten en Archeologie bij bouwprojecten overal in de stad onderzoek uitgevoerd. Op deze kaart worden een selectie van vindplaatsen online toegankelijk gemaakt, in combinatie met vijf historische kaarten als onderlegger. 

Ieder vlakje op de kaart geeft een doorkijk naar de geschiedenis van die specifieke plek. Door op één van deze archeologische locaties te klikken verschijnen het adres, gegevens over het onderzoek en de vondsten, een foto en een verwijzing naar meer achtergrondinformatie. 

Disclaimer
De inhoud van deze kaart is niet volledig en niet up-to-date. De informatie is bedoeld voor een breed publiek en niet voor professionals
Monumenten en Archeologie (MenA) is de bronhouder van de aangeboden kaartlagen en dient vermeld te worden indien u verwijst naar deze kaartlagen.",https://maps.amsterdam.nl/archeologie,PointDS,ObjectDS,"Geometry: The dataset contains 92 features that are all classified as Point geometries in the geometry_type_counts. The map displays archeological sites and finds, which are represented as distinct point locations. | Entity: The dataset represents distinct archaeological find sites (objects) with attributes such as location, category, and historical descriptions. The points are clearly identifiable real-world entities being mapped rather than a measurement, a network, or a coverage/patch classification.","The dataset contains 92 features that are all classified as Point geometries in the geometry_type_counts. The map displays archeological sites and finds, which are represented as distinct point locations.","The dataset represents distinct archaeological find sites (objects) with attributes such as location, category, and historical descriptions. The points are clearly identifiable real-world entities being mapped rather than a measurement, a network, or a coverage/patch classification.","Branch A, Q4A (ObjectDS)",,1.0,1.0,1.0,V3_evidence_based_gemini
3,Archeologische vindplaatsen,Archaeological sites,https://maps.amsterdam.nl/open_geodata/?k=101,https://maps.amsterdam.nl/archeologie,ARCHEOVINDPLAATSEN,PlainVectorRegion,ObjectDS,Publiekskaart Archeologie,"Amsterdam kent een rijke verzameling aan archeologische vindplaatsen. Dit kunnen losse voorwerpen of scherven zijn maar ook allerlei structuren zoals afval- en ophogingslagen, funderingen, kelders, beerputten, verdedigingsmuren of gedempte waterwegen. Deze archeologische sporen zijn bijzonder omdat ze verbonden zijn met het dagelijkse leven vanaf het allereerste begin van de stad. De afgelopen 45 jaar heeft Monumenten en Archeologie bij bouwprojecten overal in de stad onderzoek uitgevoerd. Op deze kaart worden een selectie van vindplaatsen online toegankelijk gemaakt, in combinatie met vijf historische kaarten als onderlegger. 

Ieder vlakje op de kaart geeft een doorkijk naar de geschiedenis van die specifieke plek. Door op één van deze archeologische locaties te klikken verschijnen het adres, gegevens over het onderzoek en de vondsten, een foto en een verwijzing naar meer achtergrondinformatie. 

Disclaimer
De inhoud van deze kaart is niet volledig en niet up-to-date. De informatie is bedoeld voor een breed publiek en niet voor professionals
Monumenten en Archeologie (MenA) is de bronhouder van de aangeboden kaartlagen en dient vermeld te worden indien u verwijst naar deze kaartlagen.",https://maps.amsterdam.nl/archeologie,PlainVectorRegion,ObjectDS,"Geometry: The dataset represents individual archaeological sites which are discrete polygons rather than a partition of the total area. The low shared boundary ratio and low spatial coverage (fill ratio) confirm they are scattered features rather than a tessellation. | Entity: The map represents specific archaeological sites (vondstlocaties) where excavations or research have been conducted. Each polygon corresponds to a distinct, named, and identifiable real-world location (often an address or historical site), making it a collection of discrete managed places/assets rather than an exhaustive coverage, statistical lattice, or simple phenomenon patch. According to the decision tree, named managed entities represented as polygons are classified as ObjectDS.",The dataset represents individual archaeological sites which are discrete polygons rather than a partition of the total area. The low shared boundary ratio and low spatial coverage (fill ratio) confirm they are scattered features rather than a tessellation.,"The map represents specific archaeological sites (vondstlocaties) where excavations or research have been conducted. Each polygon corresponds to a distinct, named, and identifiable real-world location (often an address or historical site), making it a collection of discrete managed places/assets rather than an exhaustive coverage, statistical lattice, or simple phenomenon patch. According to the decision tree, named managed entities represented as polygons are classified as ObjectDS.",Region Q7 ObjectDS,,0.975,1.0,0.95,V3_evidence_based_gemini
4,Barbecue,Barbecue,https://maps.amsterdam.nl/open_geodata/?k=319,https://maps.amsterdam.nl/bbq,BBQ,PlainVectorRegion,ObjectDS,Barbecueën in parken en plantsoenen,"U ziet op deze kaart waar u wel en niet mag barbecueën. 
Op de rode plekken mag u niet barbecueën.
Op de gele plekken gebruikt u de aangewezen barbecueplekken.
U vindt alle barbecueregels op de website van de gemeente",https://maps.amsterdam.nl/bbq,PlainVectorRegion,PatchDS,"Geometry: The map layer contains polygons representing specific barbecue locations in parks. These are distinct, isolated zones rather than a continuous partitioning or grid of the city, fitting the PlainVectorRegion classification. | Entity: The map delineates zones where specific barbecue regulations (permitted, prohibited, or restricted) apply. These polygons represent policy areas or restriction zones rather than discrete managed objects, falling directly into the PatchDS definition.","The map layer contains polygons representing specific barbecue locations in parks. These are distinct, isolated zones rather than a continuous partitioning or grid of the city, fitting the PlainVectorRegion classification.","The map delineates zones where specific barbecue regulations (permitted, prohibited, or restricted) apply. These polygons represent policy areas or restriction zones rather than discrete managed objects, falling directly into the PatchDS definition.",Region Q9 PatchDS,,0.95,1.0,0.9,V3_evidence_based_gemini
5,Beschermde stads- en dorpsgezichten,Conservation areas,https://maps.amsterdam.nl/open_geodata/?k=125,https://maps.amsterdam.nl/cultuurhistorie,BESCHERMDESTADSGEZICHTEN,PlainVectorRegion,ObjectDS,Cultuurhistorische waarden,"De geschiedenis van een gebied kan een inspiratiebron zijn voor de ontwikkeling van de stad. Op deze kaart zijn gebiedsgericht cultuurhistorische waarden en historische stedenbouwkundige ontwikkelingen in beeld gebracht.

Cultuurhistorische waarden per gebied
Bij cultuurhistorische waarden gaat het over sporen, objecten, patronen en structuren die zichtbaar of niet zichtbaar onderdeel uitmaken van onze leefomgeving en een beeld geven van een historische situatie of ontwikkeling. In veel gevallen bepalen deze cultuurhistorische waarden de identiteit van een plek of gebied. Ze dragen bij aan een aantrekkelijke woonomgeving en vestigingsklimaat en bieden aanknopingspunten voor toekomstige ontwikkelingen. Het is daarom van belang deze cultuurhistorische waarden te betrekken in de planvorming en mee te wegen in de besluitvorming over de inrichting van een gebied (via bijvoorbeeld een bestemmingsplan, stedenbouwkundig plan of herinrichtingsplan voor de openbare ruimte). 

Per gebied kan doorgeklikt worden naar meer informatie over de historisch stedenbouwkundige ontwikkeling van een gebied en de bovengrondse cultuurhistorische waarden. Deze informatie is afkomstig uit de Cultuurhistorische Verkenningen (CHV’s) die door Bureau Monumenten & Archeologie zijn gemaakt. De CHV’s zijn meestal gemaakt in het kader van de actualisatie van een bestemmingsplan. Dit verklaart waarom de CHV’s nog niet heel Amsterdam beslaan en waarom de grenzen niet altijd overeenkomen met de historische bouwperiodes waarin de stad zich ontwikkelde. 

Gebieden met beschermde status
Een aantal gebieden in Amsterdam is zodanig van cultuurhistorische waarde dat daaraan een beschermde status is toegekend: UNESCO Werelderfgoed en rijks en gemeentelijk beschermde stads- en dorpsgezichten. De begrenzing van deze beschermde gebieden is op deze kaart te vinden met daaraan gekoppeld meer informatie. 

Bovengronds en ondergronds
De kaart is dynamisch en wordt regelmatig aangevuld met nieuwe informatie over de bovengrondse cultuurhistorie van de stad. Voor ondergrondse cultuurhistorische waarden kunt u terecht op de archeologische kaart: http://maps.amsterdam.nl/archeologie.

Bron beelden: BMA, Beeldbank Stadsarchief Amsterdam of zoals vermeld in de rapportages die u kunt downloaden.",https://maps.amsterdam.nl/cultuurhistorie,PlainVectorRegion,PatchDS,"Geometry: The layer represents protected conservation areas in Amsterdam. These are distinct, non-contiguous, or partially overlapping special interest zones rather than an exhaustive, non-overlapping partition (tessellation) of the entire city area. | Entity: The map displays designated conservation areas (beschermde stads- en dorpsgezichten). These are bounded policy or restriction zones where specific cultural-historical status and associated regulations apply, rather than being discrete objects or exhaustive thematic coverage. Following the PatchDS definition, they represent areas where a specific policy/phenomenon applies.","The layer represents protected conservation areas in Amsterdam. These are distinct, non-contiguous, or partially overlapping special interest zones rather than an exhaustive, non-overlapping partition (tessellation) of the entire city area.","The map displays designated conservation areas (beschermde stads- en dorpsgezichten). These are bounded policy or restriction zones where specific cultural-historical status and associated regulations apply, rather than being discrete objects or exhaustive thematic coverage. Following the PatchDS definition, they represent areas where a specific policy/phenomenon applies.",Region Q9 PatchDS,,0.9,0.9,0.9,V3_evidence_based_gemini
6,Wilde bijen,Wild bees,https://maps.amsterdam.nl/open_geodata/?k=135,https://maps.amsterdam.nl/bijen,BIJEN,PointDS,AmountDS,Wilde bijen,"Wilde bijen

Wilde bijen zijn in 2014, 2015 en 2016 op een aantal locaties in Amsterdam geïnventariseerd. Dit is een herhaling van het onderzoek van 1998. Een uitgebreid verslag van de bevindingen van deze twee onderzoeken kunt u binnenkort hier vinden. In 2017 is op vijftien plaatsen in het Amsterdamse bos waargenomen. Het verslag vindt u hier.
Ook in 2017 is op een aantal plaatsen in Nieuwwest geïnventariseerd. Hier vindt u het bijbehorende verslag. 
In 2019 is er in elf stadsparken geïnventariseerd. Het verslag van dit onderzoek vindt u hier.",https://maps.amsterdam.nl/bijen,PointDS,PointMeasuresDS,"Geometry: The dataset represents locations where wild bees were inventoried, and the geometry type is explicitly listed as Point with 213 occurrences. | Entity: The map represents scientific observations (bee inventories) taken at specific geographic locations (sampling points) over time. Each point represents an ecological survey result for a specific location, fitting the definition of PointMeasuresDS.","The dataset represents locations where wild bees were inventoried, and the geometry type is explicitly listed as Point with 213 occurrences.","The map represents scientific observations (bee inventories) taken at specific geographic locations (sampling points) over time. Each point represents an ecological survey result for a specific location, fitting the definition of PointMeasuresDS.",Q3. PointMeasuresDS priority check,,0.9,1.0,0.8,V3_evidence_based_gemini
7,Honingbijen,Honey bees,https://maps.amsterdam.nl/open_geodata/?k=136,https://maps.amsterdam.nl/honingbijen,BIJEN_HONING,PointDS,AmountDS,Honingbijen,"Op elke locatie staan een x-aantal bijenkasten = bijenvolken.

De dataset voor deze kaart wordt regelmatig 'bijgewerkt'. 
U kunt zelf wijzigingen of aanvullingen mailen naar onderstaand contactpersoon.",https://maps.amsterdam.nl/honingbijen,PointDS,ObjectDS,"Geometry: The dataset represents specific locations of bee hives (bijenkasten) and contains exclusively point geometries, as indicated by the metadata and geometry_type_counts. | Entity: The dataset represents locations of honey bee colonies (bijenvolken/bijenkasten). Each point corresponds to a physical facility or site where these bees are kept. Although numeric counts of colonies are provided as attributes, the map primarily identifies the location of these managed assets rather than mapping the numeric quantity as the main phenomenon. Therefore, it follows the ObjectDS classification for discrete real-world objects.","The dataset represents specific locations of bee hives (bijenkasten) and contains exclusively point geometries, as indicated by the metadata and geometry_type_counts.","The dataset represents locations of honey bee colonies (bijenvolken/bijenkasten). Each point corresponds to a physical facility or site where these bees are kept. Although numeric counts of colonies are provided as attributes, the map primarily identifies the location of these managed assets rather than mapping the numeric quantity as the main phenomenon. Therefore, it follows the ObjectDS classification for discrete real-world objects.",Branch A Q5 (ObjectDS vs AmountDS),,0.95,1.0,0.9,V3_evidence_based_gemini
8,Bodemkwaliteit,Soil quality,https://maps.amsterdam.nl/open_geodata/?k=57,https://maps.amsterdam.nl/bodemkwaliteit,BODEMKWALITEIT,PlainVectorRegion,PatchDS,Bodemkwaliteit,"De Bodemkwaliteitskaart geeft informatie over de diffuse bodemkwaliteit in zones.
Binnen een zone is de gemiddelde kwaliteit min of meer gelijk, terwijl er tussen zones duidelijke verschillen in kwaliteit kunnen zijn.
De kaarten worden in Amsterdam gebruikt voor het bepalen van de mogelijkheden van hergebruik voor vrijkomende grond of gekeurde grond.
Ze zijn bedoeld voor iedereen die van plan is grond toe te passen in Amsterdam (stadsdelen, aannemers, adviesbureau`s, etc.). 

De kaart geldt niet voor lokaties die historisch zijn belast door puntbronnen (bijv. fabriekslokaties of benzinestations).
Daarom dient vóór het gebruik van de kaart altijd een historisch onderzoek te worden uitgevoerd om te weten of de herkomst- of toepassingslokatie niet historisch belast is.",https://maps.amsterdam.nl/bodemkwaliteit,VectorTessellation,CoverageDS,"Geometry: The layer represents zones of soil quality that partition the Amsterdam area. The data is organized into non-overlapping polygons covering the study area, consistent with a thematic tessellation. | Entity: The map represents exhaustive zones of soil quality characteristics and soil function categories across Amsterdam, which serves as a thematic coverage of the city's soil status. This aligns with the definition of CoverageDS.","The layer represents zones of soil quality that partition the Amsterdam area. The data is organized into non-overlapping polygons covering the study area, consistent with a thematic tessellation.","The map represents exhaustive zones of soil quality characteristics and soil function categories across Amsterdam, which serves as a thematic coverage of the city's soil status. This aligns with the definition of CoverageDS.",Region Q5 CoverageDS,,0.925,0.95,0.9,V3_evidence_based_gemini
9,Bomen (deel 1),Trees (part 1),https://maps.amsterdam.nl/open_geodata/?k=254,https://maps.amsterdam.nl/bomen,BOMEN,PointDS,ObjectDS,Bomen,"Zie bomen.amsterdam.nl voor uitgebreide informatie over de bomen.


De weergave van bomen op deze kaart is niet `real-time`. Op deze kaart kunnen bomen staan die inmiddels zijn omgewaaid of gekapt. In vrijwel alle gevallen wordt een omgewaaide of gekapte boom herplant. Zodra de boom geplant is en onze inspecteurs weer hun ronde doen (om de drie jaar) komt de boom weer op de kaart.

Deze Maps-kaart maakt gebruik van een Web Map Service (WMS) van het gemeentelijk Datapunt. Deze WMS is verbonden met de dataset van het gemeentelijk beheersysteem GISIB. De kaart van het Datapunt is identiek aan deze kaart op Maps Amsterdam.",https://maps.amsterdam.nl/bomen,PointDS,ObjectDS,"Geometry: The map layer represents individual trees, which are discrete point features. This is confirmed by the geometry_type_counts showing exclusively points and the map description referring to individual trees tracked in an inventory system. | Entity: Each point represents a distinct, identifiable real-world object (a tree), managed by the municipality, which holds several attributes like height, species, and planting year. It is not an event, a point measure, or a numeric-only amount layer.","The map layer represents individual trees, which are discrete point features. This is confirmed by the geometry_type_counts showing exclusively points and the map description referring to individual trees tracked in an inventory system.","Each point represents a distinct, identifiable real-world object (a tree), managed by the municipality, which holds several attributes like height, species, and planting year. It is not an event, a point measure, or a numeric-only amount layer.","Branch A, Q4, A (ObjectDS)",,1.0,1.0,1.0,V3_evidence_based_gemini
10,Bomen (deel 2),Trees (part 2),https://maps.amsterdam.nl/open_geodata/?k=255,https://maps.amsterdam.nl/bomen,BOMEN_2,PointDS,ObjectDS,Bomen,"Zie bomen.amsterdam.nl voor uitgebreide informatie over de bomen.


De weergave van bomen op deze kaart is niet `real-time`. Op deze kaart kunnen bomen staan die inmiddels zijn omgewaaid of gekapt. In vrijwel alle gevallen wordt een omgewaaide of gekapte boom herplant. Zodra de boom geplant is en onze inspecteurs weer hun ronde doen (om de drie jaar) komt de boom weer op de kaart.

Deze Maps-kaart maakt gebruik van een Web Map Service (WMS) van het gemeentelijk Datapunt. Deze WMS is verbonden met de dataset van het gemeentelijk beheersysteem GISIB. De kaart van het Datapunt is identiek aan deze kaart op Maps Amsterdam.",https://maps.amsterdam.nl/bomen,PointDS,ObjectDS,"Geometry: The dataset represents individual trees located in Amsterdam. The geometry_type_counts indicates exclusively Point geometry for 70,000 features, and the nature of the data (tree locations) confirms this is a PointDS. | Entity: The dataset represents individual, distinct trees identified by a unique ID (Boomnummer) and categorized by species and other attributes. As discrete, identifiable, real-world assets, they are classified as ObjectDS.","The dataset represents individual trees located in Amsterdam. The geometry_type_counts indicates exclusively Point geometry for 70,000 features, and the nature of the data (tree locations) confirms this is a PointDS.","The dataset represents individual, distinct trees identified by a unique ID (Boomnummer) and categorized by species and other attributes. As discrete, identifiable, real-world assets, they are classified as ObjectDS.",Region Q7 ObjectDS,,1.0,1.0,1.0,V3_evidence_based_gemini
11,Bomen (deel 3),Trees (part 3),https://maps.amsterdam.nl/open_geodata/?k=256,https://maps.amsterdam.nl/bomen,BOMEN_3,PointDS,ObjectDS,Bomen,"Zie bomen.amsterdam.nl voor uitgebreide informatie over de bomen.


De weergave van bomen op deze kaart is niet `real-time`. Op deze kaart kunnen bomen staan die inmiddels zijn omgewaaid of gekapt. In vrijwel alle gevallen wordt een omgewaaide of gekapte boom herplant. Zodra de boom geplant is en onze inspecteurs weer hun ronde doen (om de drie jaar) komt de boom weer op de kaart.

Deze Maps-kaart maakt gebruik van een Web Map Service (WMS) van het gemeentelijk Datapunt. Deze WMS is verbonden met de dataset van het gemeentelijk beheersysteem GISIB. De kaart van het Datapunt is identiek aan deze kaart op Maps Amsterdam.",https://maps.amsterdam.nl/bomen,PointDS,ObjectDS,"Geometry: The dataset represents trees, which are explicitly stored as 70,000 point features, matching the PointDS geometry type. | Entity: The dataset maps individual trees as discrete, real-world managed assets. Each tree is an identifiable object with specific attributes (species, height, owner, plant year), not a measurement, network, or statistical area. The decision tree branch A/Q4 confirms these are distinct objects.","The dataset represents trees, which are explicitly stored as 70,000 point features, matching the PointDS geometry type.","The dataset maps individual trees as discrete, real-world managed assets. Each tree is an identifiable object with specific attributes (species, height, owner, plant year), not a measurement, network, or statistical area. The decision tree branch A/Q4 confirms these are distinct objects.",Branch A Q4 ObjectDS,,1.0,1.0,1.0,V3_evidence_based_gemini
12,Bomen (deel 4),Trees (part 4),https://maps.amsterdam.nl/open_geodata/?k=257,https://maps.amsterdam.nl/bomen,BOMEN_4,PointDS,ObjectDS,Bomen,"Zie bomen.amsterdam.nl voor uitgebreide informatie over de bomen.


De weergave van bomen op deze kaart is niet `real-time`. Op deze kaart kunnen bomen staan die inmiddels zijn omgewaaid of gekapt. In vrijwel alle gevallen wordt een omgewaaide of gekapte boom herplant. Zodra de boom geplant is en onze inspecteurs weer hun ronde doen (om de drie jaar) komt de boom weer op de kaart.

Deze Maps-kaart maakt gebruik van een Web Map Service (WMS) van het gemeentelijk Datapunt. Deze WMS is verbonden met de dataset van het gemeentelijk beheersysteem GISIB. De kaart van het Datapunt is identiek aan deze kaart op Maps Amsterdam.",https://maps.amsterdam.nl/bomen,PointDS,ObjectDS,"Geometry: The dataset represents trees, which are explicitly stored as points (geometry_type_counts shows only Point). The map description also confirms these represent individual tree locations. | Entity: Each point represents an individual tree, which is a discrete, identifiable, real-world asset managed by the city. It does not fit the criteria for measurements, events, networks, or administrative zones.","The dataset represents trees, which are explicitly stored as points (geometry_type_counts shows only Point). The map description also confirms these represent individual tree locations.","Each point represents an individual tree, which is a discrete, identifiable, real-world asset managed by the city. It does not fit the criteria for measurements, events, networks, or administrative zones.","Branch A, Q4A",,1.0,1.0,1.0,V3_evidence_based_gemini
13,Buurtcompost,Neighborhood compost,https://maps.amsterdam.nl/open_geodata/?k=228,https://maps.amsterdam.nl/buurtcompost,BUURTCOMPOST,PointDS,ObjectDS,Compost maken met de buurt,"Composteren

Op deze kaart staan lokale initiatieven verzameld die gfe inzamelen en daar compost van maken. De gemeente Amsterdam gaat de komende jaren in meer wijken het gfe apart inzamelen. En Amsterdammers voorlichten over het belang van composteren. Dit is onderdeel van de Voedselstrategie van de gemeente Amsterdam.
Zie voor meer informatie de factsheet over composteren in Amsterdam: Composteren in Amsterdam


Voedselinitiatieven

Met de Voedselstrategie zet Amsterdam de komende jaren in op een gezond, eerlijk, duurzaam en betaalbaar lokaal voedselsysteem, waarbij alle Amsterdammers voordeel hebben van de verandering. Dit wordt samen gedaan met initiatiefnemers, (kennis)instituten, overheden, boeren en bedrijven. Op deze kaart zijn sociale voedselinitiatieven en stadslandbouw initiatieven vermeld: maps.amsterdam.nl/voedselinitiatieven

Zie voor meer informatie over de Voedselstrategie: Volg het beleid: Voedselstrategie Amsterdam.

U kunt aan de opbouw van deze kaart meewerken. Kent u compostinitiatieven die niet op de kaart staan, heeft u aanvullende informatie of correcties? Neem dan contact op via onderstaand e-mailadres.",https://maps.amsterdam.nl/buurtcompost,PointDS,ObjectDS,"Geometry: The dataset represents specific locations of neighborhood compost initiatives in Amsterdam. Both the geometry_type_counts and the nature of the data (individual initiatives) indicate point features. | Entity: The map features represent discrete local community composting initiatives (facilities/places). Each point is an identifiable managed site or project where composting occurs. While the dataset contains numeric attributes like 'Aantal_bewoners', the main phenomenon being mapped is the locations of these compost initiatives, not the numeric counts themselves. Therefore, ObjectDS is the correct classification according to the decision tree for points representing real-world objects/facilities.",The dataset represents specific locations of neighborhood compost initiatives in Amsterdam. Both the geometry_type_counts and the nature of the data (individual initiatives) indicate point features.,"The map features represent discrete local community composting initiatives (facilities/places). Each point is an identifiable managed site or project where composting occurs. While the dataset contains numeric attributes like 'Aantal_bewoners', the main phenomenon being mapped is the locations of these compost initiatives, not the numeric counts themselves. Therefore, ObjectDS is the correct classification according to the decision tree for points representing real-world objects/facilities.","Branch A, Q4A: A distinct, countable, real-world thing, place, facility, asset, or named object.",,1.0,1.0,1.0,V3_evidence_based_gemini
14,Cameragebieden,Camera areas,https://maps.amsterdam.nl/open_geodata/?k=149,https://maps.amsterdam.nl/overlast,CAMERAGEBIEDEN,PlainVectorRegion,ExistenceDS,Veiligheid en overlast,De gebieden op deze kaart zijn via webservices (WFS) afkomstig van het Dataplatform van de Gemeente Amsterdam: https://api.data.amsterdam.nl/v1/wfs/overlastgebieden/,https://maps.amsterdam.nl/overlast,PlainVectorRegion,PatchDS,"Geometry: The dataset represents specific camera-monitored zones rather than an exhaustive partition of Amsterdam. The low shared_boundary_ratio and low convex_hull_fill_ratio indicate these are isolated or scattered polygons, which fits the PlainVectorRegion classification. | Entity: The layer maps 'Camera areas' (Cameragebieden), which are defined zones where a specific policy or security condition (CCTV surveillance) applies. These are not exhaustive statistical reporting units (LatticeDS) nor are they discrete objects (like a single building); they are specific zones of intervention, fitting the definition of PatchDS.","The dataset represents specific camera-monitored zones rather than an exhaustive partition of Amsterdam. The low shared_boundary_ratio and low convex_hull_fill_ratio indicate these are isolated or scattered polygons, which fits the PlainVectorRegion classification.","The layer maps 'Camera areas' (Cameragebieden), which are defined zones where a specific policy or security condition (CCTV surveillance) applies. These are not exhaustive statistical reporting units (LatticeDS) nor are they discrete objects (like a single building); they are specific zones of intervention, fitting the definition of PatchDS.",Region Q9 PatchDS,,0.925,0.95,0.9,V3_evidence_based_gemini
15,Canadese populieren,Canadian poplars,https://maps.amsterdam.nl/open_geodata/?k=232,https://maps.amsterdam.nl/canadese_populieren,CANADESE_POPULIEREN,PointDS,ObjectDS,Bijzondere bomen + Adviezen bescherming en beheer (CBH),"Groeikaart

Deze kaart met bijzondere bomen is een groeikaart. Momenteel wordt de lijst met bijzondere bomen gebiedsgewijs geactualiseerd en geharmoniseerd. Per stadsdeel/stadsgebied wordt de kaart steeds verder opgevuld en bijgewerkt. 

Onder de knop vastgestelde beschermstatus staan alle bomen die (her)beoordeeld worden of al opnieuw vastgesteld zijn. Hier vind je ook de (nieuw geplante) toekomstbomen.

Onder de knop geadviseerde beschermstatus staan de bomen waarbij de CBH al een actualiserings-advies heeft uitgebracht. De CBH is een door B&W benoemde onafhankelijk adviescommissie. Meer over deze commissie lees je rechtsonder op de kaart onder Bijzondere bomen en de adviescommissie CBH.

Door het op de kaart aanklikken van een boom, zie je meer informatie en kan je extra informatie downloaden (N.B. dat kan nu dus nog niet bij alle bomen). Niet alle bomen op deze kaart staan al precies op de juiste plek, maar ze staan dan wel in de buurt van hun werkelijke locatie.",https://maps.amsterdam.nl/bomen_bijzonder,PointDS,ObjectDS,"Geometry: The map layer represents individual trees ('Bijzondere bomen') as points, confirmed by the dataset containing 7,805 entries with point geometry. | Entity: The map represents individual trees (Canadian poplars) and their management status. These are identifiable real-world objects/assets. The dataset is not a network, a measurement layer, or a statistical area. Therefore, it is classified as ObjectDS.","The map layer represents individual trees ('Bijzondere bomen') as points, confirmed by the dataset containing 7,805 entries with point geometry.","The map represents individual trees (Canadian poplars) and their management status. These are identifiable real-world objects/assets. The dataset is not a network, a measurement layer, or a statistical area. Therefore, it is classified as ObjectDS.","Branch A, Q4A: A distinct, countable, real-world thing, place, facility, asset, address, organization, or named object.",,1.0,1.0,1.0,V3_evidence_based_gemini
16,Sensoren Crowd Monitoring Systeem Amsterdam,Sensors Crowd Monitoring System Amsterdam,https://maps.amsterdam.nl/open_geodata/?k=264,https://maps.amsterdam.nl/cmsa,CROWDSENSOREN,PointDS,ObjectDS,Sensoren Crowd Monitoring Systeem Amsterdam,"Op deze kaart staan alle telsystemen van het Langzaam Verkeer Monitoringsysteem (Voorheen Crowd Monitoring Systeem) Amsterdam ingetekend. Klikken op een object toont meer informatie over dat object.
Telsystemen winnen informatie in over langzaam verkeer: voetgangers en fietsersstromen.

Meer informatie: https://data.amsterdam.nl/data/datasets/PnrmHN-YvSqjhw/langzaam-verkeer-monitoringsysteem-amsterdam-lvma/",https://maps.amsterdam.nl/cmsa,PointDS,ObjectDS,"Geometry: The dataset represents sensor locations for a crowd monitoring system in Amsterdam. Both the geometry type counts and the description confirm these are point-based locations of counting systems. | Entity: The map depicts physical sensors (counting systems) installed at specific locations in Amsterdam. While these sensors perform monitoring, they are discrete, managed, identifiable infrastructure assets, making ObjectDS the most appropriate entity classification.",The dataset represents sensor locations for a crowd monitoring system in Amsterdam. Both the geometry type counts and the description confirm these are point-based locations of counting systems.,"The map depicts physical sensors (counting systems) installed at specific locations in Amsterdam. While these sensors perform monitoring, they are discrete, managed, identifiable infrastructure assets, making ObjectDS the most appropriate entity classification.",Region Q7 ObjectDS,,0.95,1.0,0.9,V3_evidence_based_gemini
17,Cultuurhistorische verkenningen,Cultural historic explorations,https://maps.amsterdam.nl/open_geodata/?k=126,https://maps.amsterdam.nl/cultuurhistorie,CULTUURHISTORIE_VERKENNINGEN,PlainVectorRegion,EventDS,Cultuurhistorische waarden,"De geschiedenis van een gebied kan een inspiratiebron zijn voor de ontwikkeling van de stad. Op deze kaart zijn gebiedsgericht cultuurhistorische waarden en historische stedenbouwkundige ontwikkelingen in beeld gebracht.

Cultuurhistorische waarden per gebied
Bij cultuurhistorische waarden gaat het over sporen, objecten, patronen en structuren die zichtbaar of niet zichtbaar onderdeel uitmaken van onze leefomgeving en een beeld geven van een historische situatie of ontwikkeling. In veel gevallen bepalen deze cultuurhistorische waarden de identiteit van een plek of gebied. Ze dragen bij aan een aantrekkelijke woonomgeving en vestigingsklimaat en bieden aanknopingspunten voor toekomstige ontwikkelingen. Het is daarom van belang deze cultuurhistorische waarden te betrekken in de planvorming en mee te wegen in de besluitvorming over de inrichting van een gebied (via bijvoorbeeld een bestemmingsplan, stedenbouwkundig plan of herinrichtingsplan voor de openbare ruimte). 

Per gebied kan doorgeklikt worden naar meer informatie over de historisch stedenbouwkundige ontwikkeling van een gebied en de bovengrondse cultuurhistorische waarden. Deze informatie is afkomstig uit de Cultuurhistorische Verkenningen (CHV’s) die door Bureau Monumenten & Archeologie zijn gemaakt. De CHV’s zijn meestal gemaakt in het kader van de actualisatie van een bestemmingsplan. Dit verklaart waarom de CHV’s nog niet heel Amsterdam beslaan en waarom de grenzen niet altijd overeenkomen met de historische bouwperiodes waarin de stad zich ontwikkelde. 

Gebieden met beschermde status
Een aantal gebieden in Amsterdam is zodanig van cultuurhistorische waarde dat daaraan een beschermde status is toegekend: UNESCO Werelderfgoed en rijks en gemeentelijk beschermde stads- en dorpsgezichten. De begrenzing van deze beschermde gebieden is op deze kaart te vinden met daaraan gekoppeld meer informatie. 

Bovengronds en ondergronds
De kaart is dynamisch en wordt regelmatig aangevuld met nieuwe informatie over de bovengrondse cultuurhistorie van de stad. Voor ondergrondse cultuurhistorische waarden kunt u terecht op de archeologische kaart: http://maps.amsterdam.nl/archeologie.

Bron beelden: BMA, Beeldbank Stadsarchief Amsterdam of zoals vermeld in de rapportages die u kunt downloaden.",https://maps.amsterdam.nl/cultuurhistorie,PlainVectorRegion,PatchDS,"Geometry: The layer represents cultural historic exploration areas that do not form a complete, non-overlapping partition of the city. The metadata notes that the coverage is incomplete and boundaries are based on specific planning studies, confirming it is not a tessellation. | Entity: The map displays 'Cultuurhistorische verkenningen' (Cultural historic explorations), which are designated zones or study areas identified by researchers for urban planning purposes. These regions represent the spatial extent of specific planning-related studies rather than discrete real-world objects or exhaustive coverage classifications. They function as policy/applicability zones, fitting the definition of PatchDS.","The layer represents cultural historic exploration areas that do not form a complete, non-overlapping partition of the city. The metadata notes that the coverage is incomplete and boundaries are based on specific planning studies, confirming it is not a tessellation.","The map displays 'Cultuurhistorische verkenningen' (Cultural historic explorations), which are designated zones or study areas identified by researchers for urban planning purposes. These regions represent the spatial extent of specific planning-related studies rather than discrete real-world objects or exhaustive coverage classifications. They function as policy/applicability zones, fitting the definition of PatchDS.",Region Q9 PatchDS,,0.9,0.9,0.9,V3_evidence_based_gemini
18,Duizendknoop,Knotweed,https://maps.amsterdam.nl/open_geodata/?k=247,https://maps.amsterdam.nl/duizendknoop,DUIZENDKNOOP,PointDS,ObjectDS,Japanse duizendknoop,"De Japanse duizendknoop is een woekerplant die veel schade veroorzaakt. Zijn wortels gaan dwars door beton, kademuren en straten. De plant is moeilijk te bestrijden. Daarom hebben we uw hulp hard nodig. Ziet u deze plant, meld het dan via: Gemeente website",https://maps.amsterdam.nl/duizendknoop,PointDS,ObjectDS,"Geometry: The dataset contains 717 features, all of which are identified as points in the geometry_type_counts. The layer represents specific locations of Knotweed plants for reporting purposes. | Entity: The map displays point locations of identified 'knotweed' (Duizendknoop) plant infestations. Each point represents a distinct, concrete occurrence of a real-world object/plant that the municipality tracks and manages. It is not a network, a statistical reporting unit, or an amount-based layer.","The dataset contains 717 features, all of which are identified as points in the geometry_type_counts. The layer represents specific locations of Knotweed plants for reporting purposes.","The map displays point locations of identified 'knotweed' (Duizendknoop) plant infestations. Each point represents a distinct, concrete occurrence of a real-world object/plant that the municipality tracks and manages. It is not a network, a statistical reporting unit, or an amount-based layer.",Region Q7 ObjectDS,,0.95,1.0,0.9,V3_evidence_based_gemini
19,Ecopassages,Ecopassages,https://maps.amsterdam.nl/open_geodata/?k=63,https://maps.amsterdam.nl/ecopassages,ECOPASSAGES,PointDS,ObjectDS,Ecologische structuur (AES) en passages,"De ecologische structuur verbindt de groene gebieden met elkaar en vergroot daarmee het leefgebied voor dier- en plantensoorten. De Amsterdamse ecologische structuur betreft een netwerk van zowel grote als kleine `groene` en `blauwe` gebieden en maakt het verbindende groene netwerk binnen de stad en de verbinding met het omringende landschap zichtbaar en is essentieel voor de biodiversiteit.

Om het stelsel van groene verbindingen goed te laten functioneren is het van belang dat ecologische knelpunten worden opgelost. Op de kaart is de ecologische structuur en zijn de op te heffen barrières (knelpunten) in beeld gebracht. 

De Provincie Noord-Holland is bronhouder van de kaarten van het Natuurnetwerk Nederland (NNN), de vroegere EHS. Wijzigingen in deze dataset worden hier niet bijgehouden. Zie voor de laatste versie en de correcte begrenzing de kaarten van de Provincie: Kaarten Provincie Voor het kaartbeeld zijn de grenzen op deze kaart gegeneraliseerd.

Het ministerie van Economische Zaken is verantwoordelijk voor de begrenzing van Natura 2000-gebieden. Alle informatie is hier te vinden.

Voor meer informatie over de ecologische structuur van Amsterdam zie hier",https://maps.amsterdam.nl/ecopassages,PointDS,ObjectDS,"Geometry: The dataset contains 351 features that are explicitly typed as points in the geometry_type_counts. The map layer represents ecological 'knelpunten' (bottlenecks or crossing points), which are geographically discrete locations. | Entity: The map depicts specific, identifiable infrastructure assets and facilities (e.g., wildroosters, faunapassages, underdoorgangen) used to resolve ecological barriers. While these are part of a broader ecological network, the points represent individual, concrete project sites and managed assets, which fits the ObjectDS definition. The layer is not a network of lines, but a collection of discrete site locations for these solutions.","The dataset contains 351 features that are explicitly typed as points in the geometry_type_counts. The map layer represents ecological 'knelpunten' (bottlenecks or crossing points), which are geographically discrete locations.","The map depicts specific, identifiable infrastructure assets and facilities (e.g., wildroosters, faunapassages, underdoorgangen) used to resolve ecological barriers. While these are part of a broader ecological network, the points represent individual, concrete project sites and managed assets, which fits the ObjectDS definition. The layer is not a network of lines, but a collection of discrete site locations for these solutions.",Region Q7 ObjectDS,,0.975,1.0,0.95,V3_evidence_based_gemini
20,Energie - Potentiele gebieden windenergie,Energy - Potential areas of wind energy,https://maps.amsterdam.nl/open_geodata/?k=96,https://maps.amsterdam.nl/energie_zonwind,ENERGIE_WINDVISIE,PlainVectorRegion,AmountDS,,,,PlainVectorRegion,PatchDS,"Geometry: The dataset contains a small number of isolated polygons representing specific potential wind energy sites rather than a complete administrative or thematic partition of the city. | Entity: The dataset represents potential wind energy areas. These polygons indicate zones where wind energy projects could be developed, rather than existing objects or exhaustive coverage, fitting the definition of PatchDS. They do not constitute a network, statistical lattice, or contour map, and they are not simply numeric magnitude layers.",The dataset contains a small number of isolated polygons representing specific potential wind energy sites rather than a complete administrative or thematic partition of the city.,"The dataset represents potential wind energy areas. These polygons indicate zones where wind energy projects could be developed, rather than existing objects or exhaustive coverage, fitting the definition of PatchDS. They do not constitute a network, statistical lattice, or contour map, and they are not simply numeric magnitude layers.",Region Q9 PatchDS,,0.95,1.0,0.9,V3_evidence_based_gemini
21,Verkiezingen Europarlement 2019,Elections Europarliament 2019,https://maps.amsterdam.nl/open_geodata/?k=282,https://maps.amsterdam.nl/europarlement2019,EP19,PointDS,ObjectDS,Atlas Verkiezingen,"In deze Atlas Verkiezingen zijn de kaarten met uitslagen per stemlocaties van verschillende verkiezingen samengevoegd.

De cirkelgroottes zijn tussen de verkiezingen onderling vergelijkbaar.
Dat betekent dat eenzelfde cirkelgrootte bij elke verkiezing hetzelfde aantal of dezelfde verhouding voorstelt. 
De cirkelgroottes tussen Amsterdam en Zaanstad zijn verschillend, omdat de gebiedsgrootte verschillend is er er verder op Zaanstad is ingezoomd.
Voor de berekening van de cirkelgrootte van aantallen is een lineaire schaal gebruikt. Hierdoor worden verschillen tussen weinig en veel stemmen wat uitvergroot. 
Voor de leesbaarheid van de taartpunt-grafiekjes is een vierkantswortel schaal gebruikt, die de verschillen wat middelen.

De kaarten zijn individueel te bekijken op:
2024 - Europees Parlement
2023 - Tweede Kamer
2023 - Provinciale Staten
2022 - Gemeenteraad
2021 - Tweede Kamer
2019 - Europees Parlement
2019 - Provinciale Staten
2018 - Gemeenteraad
2017 - Tweede Kamer

Zie ook de Atlas Verkiezingen Zaanstad",https://maps.amsterdam.nl/atlas_verkiezingen,PointDS,ObjectDS,"Geometry: The dataset contains voting locations for the 2019 European Parliament elections. The metadata explicitly mentions circle sizes used for visualization of results per polling station, and the geometry_type_counts confirms exclusively Point geometry. | Entity: The points represent specific, identifiable voting locations ('Stemlocatie') with associated election result attributes. While the dataset contains many numeric attributes, these are properties of the voting facilities themselves. Voting stations are distinct real-world assets/facilities, fitting the ObjectDS definition.","The dataset contains voting locations for the 2019 European Parliament elections. The metadata explicitly mentions circle sizes used for visualization of results per polling station, and the geometry_type_counts confirms exclusively Point geometry.","The points represent specific, identifiable voting locations ('Stemlocatie') with associated election result attributes. While the dataset contains many numeric attributes, these are properties of the voting facilities themselves. Voting stations are distinct real-world assets/facilities, fitting the ObjectDS definition.","Branch A, Q4A: A distinct, countable, real-world thing, place, facility, asset, address, organization, or named object.",,0.95,1.0,0.9,V3_evidence_based_gemini
22,Eikenprocessierups (nesten),Oak processionary caterpillar (nesting),https://maps.amsterdam.nl/open_geodata/?k=67,https://maps.amsterdam.nl/eikenprocessierups,EPR_NESTEN,PointDS,ObjectDS,Eikenprocessierups,"Deze kaart toont op welke plekken in de stad nesten van de eikenprocessierups zijn aangetroffen. De kaart is real-time verbonden met het registratiesysteem waarin doorlopend mutaties plaatsvinden. Als een nest is verwijderd, dan wordt dat ook aangegeven. Naarmate het overlastseizoen vordert, zullen steeds meer aangetroffen en verwijderde nesten zichtbaar zijn. Aan het begin van het seizoen zijn nog niet alle eikenbomen gecontroleerd. 

De urgentie wordt bepaald aan de hand van de grootte van het nest, het aantal nesten per boom en het aantal aangetaste bomen:


Urgent

Formaat nest: Tennisbalformaat (< 10 cm) of voetbalformaat (> 10 cm)
Aantal nesten:> 5 tennisbalformaat of ≥ 1 voetbalformaat
Aantal aangetaste bomen per 10 bomen:>5 tennisbalformaat of ≥ 1 voetbalformaat


Standaard

Formaat nest: Tennisbalformaat
Aantal nesten: 2 t/m 5
Aantal aangetaste bomen per 10 bomen: 2 t/m 5
Maximaal: 2 t/m 5 nesten per individuele boom zonder nest in omliggende bomen.


Laag

Formaat nest: Tennisbalformaat
Aantal nesten: 1
Aantal aangetaste bomen per 10 bomen: 1
Maximaal: 1 tennisbal per individuele boom


Niet te bestrijden

Er zijn wel nesten geregistreerd, maar deze kunnen niet worden bereikt met een klimploeg of hoogwerker.


Gemeld

Er is een melding ontvangen over een nest. Deze moet nog worden geregistreerd.


Deels bestreden

Een deel van de boom is schoongemaakt (bijv. de stam), maar de rest volgt later.


Bestreden

Nesten zijn verwijderd.

De haren van de rupsen kunnen gezondheidsklachten opleveren. De rupsen leven in bolle spinselnestjes. Deze zijn gebonden aan eikenbomen en vaak maar moeilijk vindbaar hoger in de boom, maar soms zijn ze groter en met rupsen te zien op de stammen van de eiken.

U kunt aan een boom zien of een rupsennest bekend is bij de gemeente. In dat geval is er een stuk rood-wit lint aan gehangen. Heeft u een rupsnest gezien in een boom zonder lint?
En weet u zeker dat het een eikenprocesierupsnest is en niet de rupsen van de spinselmot zijn? 
Geef dan de locatie van het nest door aan de gemeente via 14020 of via meldingen.amsterdam.nl of via www.amsterdam.nl/eikenprocessierups.

Meer informatie vindt u op www.amsterdam.nl/eikenprocessierups",https://maps.amsterdam.nl/eikenprocessierups,PointDS,ObjectDS,"Geometry: The dataset represents specific locations (trees) where nests have been identified. The geometry type counts confirm only Points are present, and the nature of the data (tree-specific insect nests) is inherently point-based. | Entity: The map features represent specific, real-world tree objects (identified by Boom_ID) where oak processionary caterpillar nests have been found or treated. While the layer tracks the status of these trees over time, the primary mapped features are the trees themselves. It is not a network, a statistical unit, or a general measure layer, but rather an inventory of managed objects.","The dataset represents specific locations (trees) where nests have been identified. The geometry type counts confirm only Points are present, and the nature of the data (tree-specific insect nests) is inherently point-based.","The map features represent specific, real-world tree objects (identified by Boom_ID) where oak processionary caterpillar nests have been found or treated. While the layer tracks the status of these trees over time, the primary mapped features are the trees themselves. It is not a network, a statistical unit, or a general measure layer, but rather an inventory of managed objects.",Region Q7 ObjectDS,,0.975,1.0,0.95,V3_evidence_based_gemini
23,Fietstaxi - gebieden,Pedicabs - areas,https://maps.amsterdam.nl/open_geodata/?k=140,https://maps.amsterdam.nl/fietstaxi,FIETSTAXI,PlainVectorRegion,PatchDS,,,,PlainVectorRegion,PatchDS,"Geometry: The dataset represents specific restricted or permitted zones for pedicabs (fietstaxi) rather than a complete administrative tessellation of Amsterdam. The low shared boundary ratio and low convex hull fill ratio confirm these are discrete, non-tessellated regions. | Entity: The map features represent specific zones where regulations and restrictions for pedicabs (fietstaxi) apply. Since these polygons delineate areas of applicability rather than representing identifiable physical objects or a full-area coverage, they are best classified as PatchDS.","The dataset represents specific restricted or permitted zones for pedicabs (fietstaxi) rather than a complete administrative tessellation of Amsterdam. The low shared boundary ratio and low convex hull fill ratio confirm these are discrete, non-tessellated regions.","The map features represent specific zones where regulations and restrictions for pedicabs (fietstaxi) apply. Since these polygons delineate areas of applicability rather than representing identifiable physical objects or a full-area coverage, they are best classified as PatchDS.",Region Q9 PatchDS,,0.925,0.9,0.95,V3_evidence_based_gemini
24,Fietstaxi - standplaatsen,Pedicabs - pitches,https://maps.amsterdam.nl/open_geodata/?k=141,https://maps.amsterdam.nl/fietstaxi,FIETSTAXI_STANDPLAATSEN,PointDS,ObjectDS,,,,PointDS,ObjectDS,"Geometry: The dataset represents specific locations (pitches/standplaatsen for pedicabs) as individual points, which is confirmed by the geometry_type_counts containing only points. | Entity: The map depicts specific locations (pitches/standplaatsen) for pedicabs and horse-drawn carriages. These are discrete, identifiable managed facilities or places, which fits the definition of ObjectDS.","The dataset represents specific locations (pitches/standplaatsen for pedicabs) as individual points, which is confirmed by the geometry_type_counts containing only points.","The map depicts specific locations (pitches/standplaatsen) for pedicabs and horse-drawn carriages. These are discrete, identifiable managed facilities or places, which fits the definition of ObjectDS.","Branch A, Q4, option A",,1.0,1.0,1.0,V3_evidence_based_gemini
25,Niet-woonfuncties (Functiekaart),Non-residential functions (Function Map),https://maps.amsterdam.nl/open_geodata/?k=49,https://maps.amsterdam.nl/functiekaart,FUNCTIEKAART,PointDS,ObjectDS,Niet-woonfuncties (Functiekaart),"Update: BAG-dataset 19 januari 2026.
Er zijn geen historische Functiekaarten beschikbaar.


De Functiekaart is gebaseerd op het Gebruiksdoel, de WOZ-objectsoort en de gebruiksoppervlaktes in de dataset van de BAG-verblijfsobjecten.
De Functiekaart laat alleen de niet-woonfuncties zien. De Functiemix geeft de combinatie met de woonfuncties weer.

De Functiekaart is geen officiële basisregistratie en is bedoeld voor planologische analyses en niet voor handhavings- of toetsingsdoeleinden. 

De kaart heeft `eigen` Functies die afgeleid zijn van het BAG-gebruiksdoel en de WOZ-objectsoort. In de meeste gevallen komen het Gebruiksdoel en de Objectsoort met elkaar overeen, maar het komt ook regelmatig voor dat ze elkaar tegenspreken. Ook kunnen er meerdere gebruiksdoelen en/of meerdere objectsoorten bij een verblijfsobject (hoofdadres) zijn geregistreerd. In veel van die gevallen is via panoramabeelden bekeken welke functie het betreft. 


Terugmeldingen zijn zeer welkom

Bij aanklikken van een locatie op de kaart verschijnt informatie over de Functie. Als een Functie volgens u niet klopt, kunt u dit terugmelden via een formulier.


Uitgezonderde functies

Woonzorg-complexen zoals verzorgings-, verpleeg- en opvanghuizen zijn aangemerkt als woonfunctie en niet als voorziening en staan daarom niet op deze Functiekaart van niet-woonfuncties. Dit geldt ook voor gemeenschappelijke (bijeenkomst)ruimtes, of een atelier van bewoner(s) in bv. een appartementencomplex.
Adressen met parkeer- en transportfuncties (b.v. garages en metrostation-ingangen, vaak ondergrondse gebouwen voor opslag van auto`s of doorstroming van mensen), maar ook andere onbemensde functies zijn lastig als wonen, werken of voorziening te kwalificeren en zijn daarom achterwege gelaten.

Wat komt nog meer niet in de Functiekaart?


Adressen met Status = Verbouwing of Buiten gebruik of Gevormd. De Status moet dus zijn In gebruik (wel of niet ingemeten).

WOZ-objectsoort bevat `in aanbouw` of `bouwterrein`.

Gebruiksoppervlaktes kleiner dan 10m2.

Gebruiksoppervlaktes kleiner dan 100m2 bij Gebruiksdoel = overige gebruiksfuncties en Objectsoort = leeg of opstal of Opslag/magazijn.

Gebruiksoppervlaktes kleiner dan 100m2 bij Gebruiksdoel = industriefuncties en Objectsoort = Opslag/magazijn.

Een paar duizend adressen die onduidelijk waren, zijn handmatig gecheckt op de panoramabeelden en via Google en op die manier is er een Functie toegekend.
Tip: Activeer de onderste knop van de knoppenbalk rechts van de kaart en klik dan op een pand. Alle adressen in dat pand verschijnen, met ook het meest recente Gebruiksdoel en de WOZ-objectsoort en de Functie zoals op deze kaart.",https://maps.amsterdam.nl/functiekaart,PointDS,ObjectDS,"Geometry: The dataset explicitly contains only Point geometry types for 32,995 features representing address locations (verblijfsobjecten), as confirmed by the geometry_type_counts. | Entity: The dataset represents specific non-residential functions located at identifiable addresses. Each point represents a distinct real-world facility or establishment derived from the BAG (Basisregistratie Adressen en Gebouwen) dataset. Since these are discrete, countable assets with associated functions (e.g., store, office, church), ObjectDS is the most appropriate classification.","The dataset explicitly contains only Point geometry types for 32,995 features representing address locations (verblijfsobjecten), as confirmed by the geometry_type_counts.","The dataset represents specific non-residential functions located at identifiable addresses. Each point represents a distinct real-world facility or establishment derived from the BAG (Basisregistratie Adressen en Gebouwen) dataset. Since these are discrete, countable assets with associated functions (e.g., store, office, church), ObjectDS is the most appropriate classification.","Branch A, Q4A: A distinct, countable, real-world thing, place, facility, asset, address, organization, or named object.",,1.0,1.0,1.0,V3_evidence_based_gemini
26,Functiemix,Function mix,https://maps.amsterdam.nl/open_geodata/?k=310,https://maps.amsterdam.nl/functiemix,FUNCTIEMIX,PlainVectorRegion,PatchDS;AmountDS,Functiemix,"Update: BAG-dataset 12 juli 2022


De Functiemix is gebaseerd op de Functiekaart.
De functies in de Functiekaart zijn gecategoriseerd als Voorzieningen of Werken. Onduidelijke en Onbemensde functies doen niet mee. De BAG-woonverblijfsobjecten zijn toegevoegd als Wonen.
Per blokstraat zijn de gebruiksoppervlaktes per categorie bij elkaar opgeteld, waarna de percentages zijn berekend.

Als meer dan 70% van de gebruiksoppervlakte in een blokstraat bestaat uit Wonen, dan is dit op de kaart aangegeven in de Wonen-kleur. Hetzelfde geldt voor 70% Voorzieningen en 70% Werken.

Voor een mix van twee functies geldt dat er minder dan 15% van de derde functie aanwezig is een blokstraat. Bijvoorbeeld: Wonen-Voorzieningen geldt als er voor geen van beide functies meer dan 70% is en er minder dan 15% Werken is.

Het restant is dan de mix van de 3 functies Wonen-Voorzieningen-Werken: geen van deze heeft meer dan 70% en ook niet minder dan 15%.


Wonen boven voorzieningen en werken

Er wordt regelmatig gewoond boven voorzieningen en (kleinere) werkfuncties. De oppervlakte voor Wonen overheerst daardoor de oppervlaktes voor Voorzieningen en Werken. De mix van functies komt daardoor niet goed uit de (kaart)verf: veel blokstraten bevatten meer dan 70% wonen, terwijl een paar voorzieningen of bedrijven al een behoorlijke andere beleving geven in een straat.
Daarom is de oppervlakte voor Wonen met 50% verminderd alvorens de percentages zijn berekend. Hierdoor wordt meer de op straat ervaren functiemix weergegeven.
De getoonde gebruiksoppervlakte voor Wonen in het infovenstertje bij aanklikken, is dus 50% van de werkelijke oppervlakte.

Als de oppervlakte in de BAG = 1, dan is de oppervlakte onbekend. In die gevallen is 50m2 toegekend, om de functie niet geheel te verliezen. 


Wat is een blokstraat?

Een bouwblok bestaat meestal uit 4 straatzijden, die qua functies veel kunnen verschillen. Een bouwblok heeft een bouwblokcode en een straat heeft een straatnaam. De combinatie daarvan geeft dan 4 Bouwblokstraatnamen.

Bekijk hier de Functiekaart.",https://maps.amsterdam.nl/functiemix,VectorTessellation,CoverageDS,"Geometry: The dataset represents 'blokstraten' (block-streets) which form an administrative/functional partition of the city. The polygons cover the study area based on built-up blocks to categorize land-use functions, consistent with the definition of a VectorTessellation. | Entity: The map layer provides an exhaustive thematic classification of urban blocks based on their functional mix (Wonen, Voorzieningen, Werken). These blocks form a complete coverage of the city's built-up area where each feature is categorized based on the percentage of use, acting as a functional land-use map. This falls under CoverageDS as a full-area thematic category classification.","The dataset represents 'blokstraten' (block-streets) which form an administrative/functional partition of the city. The polygons cover the study area based on built-up blocks to categorize land-use functions, consistent with the definition of a VectorTessellation.","The map layer provides an exhaustive thematic classification of urban blocks based on their functional mix (Wonen, Voorzieningen, Werken). These blocks form a complete coverage of the city's built-up area where each feature is categorized based on the percentage of use, acting as a functional land-use map. This falls under CoverageDS as a full-area thematic category classification.",Region Q5 CoverageDS,,0.875,0.9,0.85,V3_evidence_based_gemini
27,Wijken,Neighborhoods,https://maps.amsterdam.nl/open_geodata/?k=200,https://maps.amsterdam.nl/gebiedsindeling,GEBIED_BUURTCOMBINATIES,VectorTessellation,LatticeDS,"Buurten, Wijken, Gebieden, Stadsdelen en (regio)Gemeenten","Stadsdelen
Wijken
Gebieden
Buurten",https://maps.amsterdam.nl/gebiedsindeling,VectorTessellation,LatticeDS,"Geometry: The dataset represents 'Buurtcombinaties' (neighborhood combinations), which are administrative partitions of Amsterdam. The high shared_boundary_ratio and the nature of the data as a comprehensive administrative subdivision confirm it is a VectorTessellation. | Entity: The dataset represents administrative and statistical subdivisions of Amsterdam (neighborhoods, districts, and areas), which are clearly identified as reporting units in the metadata. This fits the definition of LatticeDS perfectly.","The dataset represents 'Buurtcombinaties' (neighborhood combinations), which are administrative partitions of Amsterdam. The high shared_boundary_ratio and the nature of the data as a comprehensive administrative subdivision confirm it is a VectorTessellation.","The dataset represents administrative and statistical subdivisions of Amsterdam (neighborhoods, districts, and areas), which are clearly identified as reporting units in the metadata. This fits the definition of LatticeDS perfectly.",Region Q4 LatticeDS,,1.0,1.0,1.0,V3_evidence_based_gemini
28,Wijken excl.water,Neighborhoods excl.water,https://maps.amsterdam.nl/open_geodata/?k=201,https://maps.amsterdam.nl/gebiedsindeling,GEBIED_BUURTCOMBINATIES_EXWATER,VectorTessellation,LatticeDS,"Buurten, Wijken, Gebieden, Stadsdelen en (regio)Gemeenten","Stadsdelen
Wijken
Gebieden
Buurten",https://maps.amsterdam.nl/gebiedsindeling,VectorTessellation,LatticeDS,"Geometry: The dataset represents neighborhood boundaries (Wijken) which form a complete administrative partition of the city of Amsterdam. The topology hints, including a high shared boundary ratio and zero overlap, confirm it is a tessellation. | Entity: The dataset maps administrative subdivision units (neighborhoods, districts, and areas), which are canonical examples of statistical/reporting units as defined in the LatticeDS category.","The dataset represents neighborhood boundaries (Wijken) which form a complete administrative partition of the city of Amsterdam. The topology hints, including a high shared boundary ratio and zero overlap, confirm it is a tessellation.","The dataset maps administrative subdivision units (neighborhoods, districts, and areas), which are canonical examples of statistical/reporting units as defined in the LatticeDS category.",Region Q4 LatticeDS,,1.0,1.0,1.0,V3_evidence_based_gemini
29,Buurten,Neighborhoods,https://maps.amsterdam.nl/open_geodata/?k=198,https://maps.amsterdam.nl/gebiedsindeling,GEBIED_BUURTEN,VectorTessellation,LatticeDS,"Buurten, Wijken, Gebieden, Stadsdelen en (regio)Gemeenten","Stadsdelen
Wijken
Gebieden
Buurten",https://maps.amsterdam.nl/gebiedsindeling,VectorTessellation,LatticeDS,"Geometry: The dataset represents neighborhood boundaries (Buurten) for the city of Amsterdam, which are administrative units designed to partition the entire city area without overlap, consistent with the VectorTessellation definition. High shared boundary ratio confirms this topological structure. | Entity: The map layer represents 'Buurten' (neighborhoods) and other administrative subdivisions like 'Wijken' and 'Stadsdelen'. These are standard reporting, statistical, and administrative units used for aggregation and management, which corresponds directly to the definition of LatticeDS.","The dataset represents neighborhood boundaries (Buurten) for the city of Amsterdam, which are administrative units designed to partition the entire city area without overlap, consistent with the VectorTessellation definition. High shared boundary ratio confirms this topological structure.","The map layer represents 'Buurten' (neighborhoods) and other administrative subdivisions like 'Wijken' and 'Stadsdelen'. These are standard reporting, statistical, and administrative units used for aggregation and management, which corresponds directly to the definition of LatticeDS.",Region Q4 LatticeDS,,1.0,1.0,1.0,V3_evidence_based_gemini
30,Buurten excl.water,Neighborhoods excl.water,https://maps.amsterdam.nl/open_geodata/?k=199,https://maps.amsterdam.nl/gebiedsindeling,GEBIED_BUURTEN_EXWATER,VectorTessellation,LatticeDS,"Buurten, Wijken, Gebieden, Stadsdelen en (regio)Gemeenten","Stadsdelen
Wijken
Gebieden
Buurten",https://maps.amsterdam.nl/gebiedsindeling,VectorTessellation,LatticeDS,"Geometry: The dataset represents Amsterdam neighborhoods, which are administrative units forming a complete partition of the city. The high shared boundary ratio and topological hints confirm it is a tessellation of the area. | Entity: The dataset represents neighborhood and administrative divisions ('Buurten', 'Wijken', 'Stadsdelen') used as spatial units for reporting and organization, which is the definition of a LatticeDS.","The dataset represents Amsterdam neighborhoods, which are administrative units forming a complete partition of the city. The high shared boundary ratio and topological hints confirm it is a tessellation of the area.","The dataset represents neighborhood and administrative divisions ('Buurten', 'Wijken', 'Stadsdelen') used as spatial units for reporting and organization, which is the definition of a LatticeDS.",Region Q4 LatticeDS,,1.0,1.0,1.0,V3_evidence_based_gemini
31,Stadsdelen,City districts,https://maps.amsterdam.nl/open_geodata/?k=202,https://maps.amsterdam.nl/gebiedsindeling,GEBIED_STADSDELEN,VectorTessellation,LatticeDS,"Buurten, Wijken, Gebieden, Stadsdelen en (regio)Gemeenten","Stadsdelen
Wijken
Gebieden
Buurten",https://maps.amsterdam.nl/gebiedsindeling,VectorTessellation,LatticeDS,"Geometry: The dataset represents administrative city districts (Stadsdelen) that cover the entire city area without overlap, which fits the definition of a VectorTessellation. The polygon topology hints also strongly support this classification. | Entity: The dataset represents administrative divisions (Stadsdelen) of Amsterdam. Since these are administrative reporting units used for grouping information and geographic area indexing, they fit the LatticeDS definition perfectly.","The dataset represents administrative city districts (Stadsdelen) that cover the entire city area without overlap, which fits the definition of a VectorTessellation. The polygon topology hints also strongly support this classification.","The dataset represents administrative divisions (Stadsdelen) of Amsterdam. Since these are administrative reporting units used for grouping information and geographic area indexing, they fit the LatticeDS definition perfectly.",Region Q4 LatticeDS,,1.0,1.0,1.0,V3_evidence_based_gemini
32,Stadsdelen excl.water,City districts excl.water,https://maps.amsterdam.nl/open_geodata/?k=203,https://maps.amsterdam.nl/gebiedsindeling,GEBIED_STADSDELEN_EXWATER,VectorTessellation,LatticeDS,"Buurten, Wijken, Gebieden, Stadsdelen en (regio)Gemeenten","Stadsdelen
Wijken
Gebieden
Buurten",https://maps.amsterdam.nl/gebiedsindeling,VectorTessellation,LatticeDS,"Geometry: The dataset represents Amsterdam's city districts ('Stadsdelen'), which form an exhaustive administrative partition of the city, meeting the definition of a VectorTessellation. | Entity: The dataset represents city districts (stadsdelen), which are formal administrative and statistical units used for reporting and area management in Amsterdam. The hierarchy described (Buurten, Wijken, Gebieden, Stadsdelen) confirms this as a structured administrative partition.","The dataset represents Amsterdam's city districts ('Stadsdelen'), which form an exhaustive administrative partition of the city, meeting the definition of a VectorTessellation.","The dataset represents city districts (stadsdelen), which are formal administrative and statistical units used for reporting and area management in Amsterdam. The hierarchy described (Buurten, Wijken, Gebieden, Stadsdelen) confirms this as a structured administrative partition.",Region Q4 LatticeDS,,0.975,0.95,1.0,V3_evidence_based_gemini
33,22 Gebieden,22 Areas,https://maps.amsterdam.nl/open_geodata/?k=204,https://maps.amsterdam.nl/gebiedsindeling,GEBIEDEN22,VectorTessellation,LatticeDS,"Buurten, Wijken, Gebieden, Stadsdelen en (regio)Gemeenten","Stadsdelen
Wijken
Gebieden
Buurten",https://maps.amsterdam.nl/gebiedsindeling,VectorTessellation,LatticeDS,"Geometry: The dataset represents an administrative partition of Amsterdam into areas (Gebieden), forming a complete non-overlapping tessellation of the city. The high shared boundary ratio and topological hints confirm this as a vector tessellation. | Entity: The map layer displays Amsterdam administrative areas, including 'Buurten', 'Wijken', and 'Gebieden'. These are standard reporting and administrative statistical units, making the layer a classic example of a LatticeDS dataset.","The dataset represents an administrative partition of Amsterdam into areas (Gebieden), forming a complete non-overlapping tessellation of the city. The high shared boundary ratio and topological hints confirm this as a vector tessellation.","The map layer displays Amsterdam administrative areas, including 'Buurten', 'Wijken', and 'Gebieden'. These are standard reporting and administrative statistical units, making the layer a classic example of a LatticeDS dataset.",Region Q4 LatticeDS,,1.0,1.0,1.0,V3_evidence_based_gemini
34,22 Gebieden excl.water,22 Areas excluding water,https://maps.amsterdam.nl/open_geodata/?k=205,https://maps.amsterdam.nl/gebiedsindeling,GEBIEDEN22_EXWATER,VectorTessellation,LatticeDS,"Buurten, Wijken, Gebieden, Stadsdelen en (regio)Gemeenten","Stadsdelen
Wijken
Gebieden
Buurten",https://maps.amsterdam.nl/gebiedsindeling,VectorTessellation,LatticeDS,"Geometry: The dataset represents administrative areas (Gebieden) of Amsterdam, forming a clear partition of the city. The polygon topology hints and the nature of the data (administrative divisions) confirm it is a tessellation. | Entity: The dataset represents administrative and spatial subdivisions of Amsterdam (stadsdelen, wijken, buurten), which function as reporting and statistical units for the city. This aligns with the LatticeDS entity definition.","The dataset represents administrative areas (Gebieden) of Amsterdam, forming a clear partition of the city. The polygon topology hints and the nature of the data (administrative divisions) confirm it is a tessellation.","The dataset represents administrative and spatial subdivisions of Amsterdam (stadsdelen, wijken, buurten), which function as reporting and statistical units for the city. This aligns with the LatticeDS entity definition.",Region Q4 LatticeDS,,1.0,1.0,1.0,V3_evidence_based_gemini
35,25 Praktijkgebieden,25 Practice areas,https://maps.amsterdam.nl/open_geodata/?k=268,https://maps.amsterdam.nl/gebiedsindeling,GEBIEDEN25,VectorTessellation,LatticeDS,"Buurten, Wijken, Gebieden, Stadsdelen en (regio)Gemeenten","Stadsdelen
Wijken
Gebieden
Buurten",https://maps.amsterdam.nl/gebiedsindeling,VectorTessellation,LatticeDS,"Geometry: The dataset represents administrative 'Practice areas' (Gebieden) in Amsterdam. These regions form a complete partition of the study area, and the topology hints (high shared_boundary_ratio, no overlaps) strongly support a tessellation structure. | Entity: The layer represents administrative and statistical sub-areas of Amsterdam (buurten, wijken, stadsdelen), which are standard examples of reporting units.","The dataset represents administrative 'Practice areas' (Gebieden) in Amsterdam. These regions form a complete partition of the study area, and the topology hints (high shared_boundary_ratio, no overlaps) strongly support a tessellation structure.","The layer represents administrative and statistical sub-areas of Amsterdam (buurten, wijken, stadsdelen), which are standard examples of reporting units.",Region Q4 LatticeDS,,1.0,1.0,1.0,V3_evidence_based_gemini
36,25 Praktijkgebieden excl.water,25 Practice areas excluding water,https://maps.amsterdam.nl/open_geodata/?k=269,https://maps.amsterdam.nl/gebiedsindeling,GEBIEDEN25_EXWATER,VectorTessellation,LatticeDS,"Buurten, Wijken, Gebieden, Stadsdelen en (regio)Gemeenten","Stadsdelen
Wijken
Gebieden
Buurten",https://maps.amsterdam.nl/gebiedsindeling,VectorTessellation,LatticeDS,"Geometry: The dataset represents administrative 'Practice areas' (Gebieden) in Amsterdam. These are part of a hierarchical system of geographic partitions (Buurten, Wijken, Gebieden, Stadsdelen), which inherently form a complete tessellation of the city area. | Entity: The dataset represents administrative and spatial subdivisions (practice areas, districts, neighborhoods) of Amsterdam, which are classic examples of reporting and administrative units used for spatial indexing and data aggregation.","The dataset represents administrative 'Practice areas' (Gebieden) in Amsterdam. These are part of a hierarchical system of geographic partitions (Buurten, Wijken, Gebieden, Stadsdelen), which inherently form a complete tessellation of the city area.","The dataset represents administrative and spatial subdivisions (practice areas, districts, neighborhoods) of Amsterdam, which are classic examples of reporting and administrative units used for spatial indexing and data aggregation.",Region Q4 LatticeDS,,1.0,1.0,1.0,V3_evidence_based_gemini
37,Geluidscontouren industrie,Noise contours industry,https://maps.amsterdam.nl/open_geodata/?k=263,https://maps.amsterdam.nl/geluid2,GELUID_INDUSTRIE,PlainVectorRegion,ContourDS,Geluidskaart 2021,"Op de Geluidskaart Amsterdam is de (berekende) geluidbelasting weergegeven voor de belangrijkste verkeersbronnen in de stad. De geluidsbelasting (in decibellen oftewel dB) is voor twee situaties weergegeven:

de gemiddelde geluidsbelasting over het etmaal, uitgedrukt in de Europese geluidsmaat Lden (Lday-evening-night).
de gemiddelde geluidsbelasting in de nachtperiode (van 23 uur tot 7 uur), uitgedrukt in de Europese geluidsmaat Lnight. Nachtelijk lawaai in onze woonomgeving kan de slaap verstoren.
Alleen voor industrielawaai wordt nog een Nederlandse geluidsmaat - de etmaalwaarde - gebruikt, die weergegeven wordt in dB(A). Onderstaand worden de verschillende begrippen nader verklaard.
U kunt in het invoerveld rechtsboven de geluidskaarten ook een adres invoeren om bijvoorbeeld de situatie voor uw eigen woonomgeving weer te geven.


Beschrijving van de opgenomen kaarten

Wegverkeer
Bij de berekeningen voor wegverkeer is uitgegaan van de verkeersintensiteiten op de wegen zoals die door de afdeling Verkeer en Openbare ruime (VOR) zijn geregistreerd. Per weg is daarbij aangegeven hoeveel motoren, personenauto’s, bussen, middelzware en zware vrachtauto’s gemiddeld per uur gedurende de dag- avond- en nachtperiode passeren. Aan de hand van het soort wegdekverharding (asfalt, klinkers), de wettelijk toegestane rijsnelheid en de eventuele aanwezigheid van geluidsschermen is de geluidbelasting in de omgeving van de weg berekend. Wegverkeerslawaai omvat het totale geluid van motoren, auto’s, bussen, vrachtwagens én trams.

Railverkeer en luchtvaartlawaai
Voor railverkeer- en luchtvaartlawaai zijn de gegevens beschikbaar gesteld door de bronbeheerders, te weten ProRail en het ministerie van Infrastructuur en Milieu.

Industrielawaai
Voor industrielawaai zijn de geluidniveaus ook weergegeven vanaf 55 dB (Lden) en vanaf 50 dB (Lnight). Ook is de grens van de gezoneerde industrieterreinen aangegeven alsmede de terreinafbakening van de 55 dB-inrichtingen. 


Verklaring van begrippen

dB of dB(A)
Met deze afkorting wordt `decibel` bedoeld. Het is de eenheid waarmee de sterkte van het geluid wordt uitgedrukt. In de wetgeving wordt een onderscheid gemaakt tussen dB en dB(A). Met dB worden de decibels bedoeld die zijn uitgedrukt in de Europese geluidsmaat Lden terwijl met dB(A) de decibels worden uitgedrukt als etmaalwaarde.

Lden
Lden is een manier om de jaargemiddelde geluidsbelasting uit te drukken. Deze dosismaat wordt gebruikt voor omgevingslawaai. Sinds 2004 zijn alle Europese landen verplicht om de Lden te gebruiken. Voor Lden wordt het etmaal verdeeld in een:

Dagperiode van 07.00 - 19.00 uur
Avondperiode van 19.00 - 23.00 uur
Nachtperiode van 23.00 - 07.00 uur.
Bij het geluid in de avond en de nachtperiode wordt 5 resp. 10 dB opgeteld omdat geluid in deze perioden hinderlijker is dan overdag. Tenslotte worden deze waarden `logaritmisch` gemiddeld. Het resultaat wordt Lden genoemd. Het wordt gebruikt om de hinder in beeld te brengen.

Lnight
Met Lnight wordt de geluidsbelasting gedurende de nachtperiode (23.00 - 07.00 uur) bedoeld. Hiermee wordt de mate van slaapverstoring in beeld gebracht.

Etmaalwaarde
Ook de etmaalwaarde is een manier om de geluidsbelasting uit te drukken. Het is echter geen jaargemiddelde maar de hoogste waarde van de volgende drie:

de geluidsbelasting gedurende de dagperiode (07.00 - 19.00 uur)
de geluidsbelasting gedurende de avondperiode (19.00 - 23.00 uur), vermeerderd met een toeslag van 5 dB(A)
De geluidsbelasting gedurende de nachtperiode (23.00 - 07.00 uur), vermeerderd met een toeslag van 10 dB(A).
In de Nederlandse wetgeving en ook in de geluidskaarten wordt alleen nog voor industrielawaai de etmaalwaarde voorgeschreven. Voor alle andere bronnen wordt uitgegaan van de Europese geluidsmaat (de Lden).",https://maps.amsterdam.nl/geluid,PlainVectorRegion,ContourDS,"Geometry: The dataset represents noise contours for industry, which are thematic isolines or area buffers rather than a complete, non-overlapping partition of the study area (tessellation). The geometry consists of polygons that may overlap, supporting the classification as PlainVectorRegion. | Entity: The map layer displays 'Geluidscontouren industrie' (Noise contours industry). These polygons represent specific interval or value-based noise bands (e.g., 50dB) and zone boundaries, which fit the definition of ContourDS according to the decision tree for interval or value-band representations.","The dataset represents noise contours for industry, which are thematic isolines or area buffers rather than a complete, non-overlapping partition of the study area (tessellation). The geometry consists of polygons that may overlap, supporting the classification as PlainVectorRegion.","The map layer displays 'Geluidscontouren industrie' (Noise contours industry). These polygons represent specific interval or value-based noise bands (e.g., 50dB) and zone boundaries, which fit the definition of ContourDS according to the decision tree for interval or value-band representations.",Region Q6 ContourDS,,0.925,0.9,0.95,V3_evidence_based_gemini
38,Geluidscontouren luchtvaart,Noise contours air traffic,https://maps.amsterdam.nl/open_geodata/?k=252,https://maps.amsterdam.nl/geluid,GELUID_LUCHTVAART_LDEN,PlainVectorRegion,ContourDS,Geluidskaart 2021,"Op de Geluidskaart Amsterdam is de (berekende) geluidbelasting weergegeven voor de belangrijkste verkeersbronnen in de stad. De geluidsbelasting (in decibellen oftewel dB) is voor twee situaties weergegeven:

de gemiddelde geluidsbelasting over het etmaal, uitgedrukt in de Europese geluidsmaat Lden (Lday-evening-night).
de gemiddelde geluidsbelasting in de nachtperiode (van 23 uur tot 7 uur), uitgedrukt in de Europese geluidsmaat Lnight. Nachtelijk lawaai in onze woonomgeving kan de slaap verstoren.
Alleen voor industrielawaai wordt nog een Nederlandse geluidsmaat - de etmaalwaarde - gebruikt, die weergegeven wordt in dB(A). Onderstaand worden de verschillende begrippen nader verklaard.
U kunt in het invoerveld rechtsboven de geluidskaarten ook een adres invoeren om bijvoorbeeld de situatie voor uw eigen woonomgeving weer te geven.


Beschrijving van de opgenomen kaarten

Wegverkeer
Bij de berekeningen voor wegverkeer is uitgegaan van de verkeersintensiteiten op de wegen zoals die door de afdeling Verkeer en Openbare ruime (VOR) zijn geregistreerd. Per weg is daarbij aangegeven hoeveel motoren, personenauto’s, bussen, middelzware en zware vrachtauto’s gemiddeld per uur gedurende de dag- avond- en nachtperiode passeren. Aan de hand van het soort wegdekverharding (asfalt, klinkers), de wettelijk toegestane rijsnelheid en de eventuele aanwezigheid van geluidsschermen is de geluidbelasting in de omgeving van de weg berekend. Wegverkeerslawaai omvat het totale geluid van motoren, auto’s, bussen, vrachtwagens én trams.

Railverkeer en luchtvaartlawaai
Voor railverkeer- en luchtvaartlawaai zijn de gegevens beschikbaar gesteld door de bronbeheerders, te weten ProRail en het ministerie van Infrastructuur en Milieu.

Industrielawaai
Voor industrielawaai zijn de geluidniveaus ook weergegeven vanaf 55 dB (Lden) en vanaf 50 dB (Lnight). Ook is de grens van de gezoneerde industrieterreinen aangegeven alsmede de terreinafbakening van de 55 dB-inrichtingen. 


Verklaring van begrippen

dB of dB(A)
Met deze afkorting wordt `decibel` bedoeld. Het is de eenheid waarmee de sterkte van het geluid wordt uitgedrukt. In de wetgeving wordt een onderscheid gemaakt tussen dB en dB(A). Met dB worden de decibels bedoeld die zijn uitgedrukt in de Europese geluidsmaat Lden terwijl met dB(A) de decibels worden uitgedrukt als etmaalwaarde.

Lden
Lden is een manier om de jaargemiddelde geluidsbelasting uit te drukken. Deze dosismaat wordt gebruikt voor omgevingslawaai. Sinds 2004 zijn alle Europese landen verplicht om de Lden te gebruiken. Voor Lden wordt het etmaal verdeeld in een:

Dagperiode van 07.00 - 19.00 uur
Avondperiode van 19.00 - 23.00 uur
Nachtperiode van 23.00 - 07.00 uur.
Bij het geluid in de avond en de nachtperiode wordt 5 resp. 10 dB opgeteld omdat geluid in deze perioden hinderlijker is dan overdag. Tenslotte worden deze waarden `logaritmisch` gemiddeld. Het resultaat wordt Lden genoemd. Het wordt gebruikt om de hinder in beeld te brengen.

Lnight
Met Lnight wordt de geluidsbelasting gedurende de nachtperiode (23.00 - 07.00 uur) bedoeld. Hiermee wordt de mate van slaapverstoring in beeld gebracht.

Etmaalwaarde
Ook de etmaalwaarde is een manier om de geluidsbelasting uit te drukken. Het is echter geen jaargemiddelde maar de hoogste waarde van de volgende drie:

de geluidsbelasting gedurende de dagperiode (07.00 - 19.00 uur)
de geluidsbelasting gedurende de avondperiode (19.00 - 23.00 uur), vermeerderd met een toeslag van 5 dB(A)
De geluidsbelasting gedurende de nachtperiode (23.00 - 07.00 uur), vermeerderd met een toeslag van 10 dB(A).
In de Nederlandse wetgeving en ook in de geluidskaarten wordt alleen nog voor industrielawaai de etmaalwaarde voorgeschreven. Voor alle andere bronnen wordt uitgegaan van de Europese geluidsmaat (de Lden).",https://maps.amsterdam.nl/geluid,PlainVectorRegion,ContourDS,"Geometry: The dataset represents air traffic noise contours, which are thematic isoline-based regions. While they form adjacent polygons, they do not partition the entire study area (Amsterdam) into a complete tessellation, as they only represent specific sound intensity zones. This aligns with the 'PlainVectorRegion' classification. | Entity: The dataset specifically maps noise level bands (noise contours) for air traffic, with features representing intervals of decibel values (e.g., '55-60 dB'). This aligns directly with the definition of ContourDS for value-band or interval class representations.","The dataset represents air traffic noise contours, which are thematic isoline-based regions. While they form adjacent polygons, they do not partition the entire study area (Amsterdam) into a complete tessellation, as they only represent specific sound intensity zones. This aligns with the 'PlainVectorRegion' classification.","The dataset specifically maps noise level bands (noise contours) for air traffic, with features representing intervals of decibel values (e.g., '55-60 dB'). This aligns directly with the definition of ContourDS for value-band or interval class representations.",Region Q6 ContourDS,,0.975,0.95,1.0,V3_evidence_based_gemini
39,Geluidscontouren verkeer (deel 1),Noise contours traffic (part 1),https://maps.amsterdam.nl/open_geodata/?k=267,https://maps.amsterdam.nl/geluid1,GELUID_VERKEER,PlainVectorRegion,ContourDS,Geluidskaart 2021,"Op de Geluidskaart Amsterdam is de (berekende) geluidbelasting weergegeven voor de belangrijkste verkeersbronnen in de stad. De geluidsbelasting (in decibellen oftewel dB) is voor twee situaties weergegeven:

de gemiddelde geluidsbelasting over het etmaal, uitgedrukt in de Europese geluidsmaat Lden (Lday-evening-night).
de gemiddelde geluidsbelasting in de nachtperiode (van 23 uur tot 7 uur), uitgedrukt in de Europese geluidsmaat Lnight. Nachtelijk lawaai in onze woonomgeving kan de slaap verstoren.
Alleen voor industrielawaai wordt nog een Nederlandse geluidsmaat - de etmaalwaarde - gebruikt, die weergegeven wordt in dB(A). Onderstaand worden de verschillende begrippen nader verklaard.
U kunt in het invoerveld rechtsboven de geluidskaarten ook een adres invoeren om bijvoorbeeld de situatie voor uw eigen woonomgeving weer te geven.


Beschrijving van de opgenomen kaarten

Wegverkeer
Bij de berekeningen voor wegverkeer is uitgegaan van de verkeersintensiteiten op de wegen zoals die door de afdeling Verkeer en Openbare ruime (VOR) zijn geregistreerd. Per weg is daarbij aangegeven hoeveel motoren, personenauto’s, bussen, middelzware en zware vrachtauto’s gemiddeld per uur gedurende de dag- avond- en nachtperiode passeren. Aan de hand van het soort wegdekverharding (asfalt, klinkers), de wettelijk toegestane rijsnelheid en de eventuele aanwezigheid van geluidsschermen is de geluidbelasting in de omgeving van de weg berekend. Wegverkeerslawaai omvat het totale geluid van motoren, auto’s, bussen, vrachtwagens én trams.

Railverkeer en luchtvaartlawaai
Voor railverkeer- en luchtvaartlawaai zijn de gegevens beschikbaar gesteld door de bronbeheerders, te weten ProRail en het ministerie van Infrastructuur en Milieu.

Industrielawaai
Voor industrielawaai zijn de geluidniveaus ook weergegeven vanaf 55 dB (Lden) en vanaf 50 dB (Lnight). Ook is de grens van de gezoneerde industrieterreinen aangegeven alsmede de terreinafbakening van de 55 dB-inrichtingen. 


Verklaring van begrippen

dB of dB(A)
Met deze afkorting wordt `decibel` bedoeld. Het is de eenheid waarmee de sterkte van het geluid wordt uitgedrukt. In de wetgeving wordt een onderscheid gemaakt tussen dB en dB(A). Met dB worden de decibels bedoeld die zijn uitgedrukt in de Europese geluidsmaat Lden terwijl met dB(A) de decibels worden uitgedrukt als etmaalwaarde.

Lden
Lden is een manier om de jaargemiddelde geluidsbelasting uit te drukken. Deze dosismaat wordt gebruikt voor omgevingslawaai. Sinds 2004 zijn alle Europese landen verplicht om de Lden te gebruiken. Voor Lden wordt het etmaal verdeeld in een:

Dagperiode van 07.00 - 19.00 uur
Avondperiode van 19.00 - 23.00 uur
Nachtperiode van 23.00 - 07.00 uur.
Bij het geluid in de avond en de nachtperiode wordt 5 resp. 10 dB opgeteld omdat geluid in deze perioden hinderlijker is dan overdag. Tenslotte worden deze waarden `logaritmisch` gemiddeld. Het resultaat wordt Lden genoemd. Het wordt gebruikt om de hinder in beeld te brengen.

Lnight
Met Lnight wordt de geluidsbelasting gedurende de nachtperiode (23.00 - 07.00 uur) bedoeld. Hiermee wordt de mate van slaapverstoring in beeld gebracht.

Etmaalwaarde
Ook de etmaalwaarde is een manier om de geluidsbelasting uit te drukken. Het is echter geen jaargemiddelde maar de hoogste waarde van de volgende drie:

de geluidsbelasting gedurende de dagperiode (07.00 - 19.00 uur)
de geluidsbelasting gedurende de avondperiode (19.00 - 23.00 uur), vermeerderd met een toeslag van 5 dB(A)
De geluidsbelasting gedurende de nachtperiode (23.00 - 07.00 uur), vermeerderd met een toeslag van 10 dB(A).
In de Nederlandse wetgeving en ook in de geluidskaarten wordt alleen nog voor industrielawaai de etmaalwaarde voorgeschreven. Voor alle andere bronnen wordt uitgegaan van de Europese geluidsmaat (de Lden).",https://maps.amsterdam.nl/geluid,VectorTessellation,ContourDS,"Geometry: The dataset represents noise contours, which are area-based partitions of urban space categorized by decibel intensity classes, exhibiting high shared boundary ratios and adjacency, characteristic of a tessellation. | Entity: The dataset maps noise level ranges (e.g., 50-55 dB, 55-60 dB) as spatial zones, which explicitly corresponds to the definition of contour zones or value bands. The metadata and layer name identify these as 'geluidscontouren' (noise contours), confirming the classification.","The dataset represents noise contours, which are area-based partitions of urban space categorized by decibel intensity classes, exhibiting high shared boundary ratios and adjacency, characteristic of a tessellation.","The dataset maps noise level ranges (e.g., 50-55 dB, 55-60 dB) as spatial zones, which explicitly corresponds to the definition of contour zones or value bands. The metadata and layer name identify these as 'geluidscontouren' (noise contours), confirming the classification.",Region Q6 ContourDS,,0.925,0.9,0.95,V3_evidence_based_gemini
40,Geluidscontouren verkeer (deel 2),Noise contours traffic (part 2),https://maps.amsterdam.nl/open_geodata/?k=134,https://maps.amsterdam.nl/geluid,GELUID_VERKEER_2,PlainVectorRegion,ContourDS,Geluidskaart 2021,"Op de Geluidskaart Amsterdam is de (berekende) geluidbelasting weergegeven voor de belangrijkste verkeersbronnen in de stad. De geluidsbelasting (in decibellen oftewel dB) is voor twee situaties weergegeven:

de gemiddelde geluidsbelasting over het etmaal, uitgedrukt in de Europese geluidsmaat Lden (Lday-evening-night).
de gemiddelde geluidsbelasting in de nachtperiode (van 23 uur tot 7 uur), uitgedrukt in de Europese geluidsmaat Lnight. Nachtelijk lawaai in onze woonomgeving kan de slaap verstoren.
Alleen voor industrielawaai wordt nog een Nederlandse geluidsmaat - de etmaalwaarde - gebruikt, die weergegeven wordt in dB(A). Onderstaand worden de verschillende begrippen nader verklaard.
U kunt in het invoerveld rechtsboven de geluidskaarten ook een adres invoeren om bijvoorbeeld de situatie voor uw eigen woonomgeving weer te geven.


Beschrijving van de opgenomen kaarten

Wegverkeer
Bij de berekeningen voor wegverkeer is uitgegaan van de verkeersintensiteiten op de wegen zoals die door de afdeling Verkeer en Openbare ruime (VOR) zijn geregistreerd. Per weg is daarbij aangegeven hoeveel motoren, personenauto’s, bussen, middelzware en zware vrachtauto’s gemiddeld per uur gedurende de dag- avond- en nachtperiode passeren. Aan de hand van het soort wegdekverharding (asfalt, klinkers), de wettelijk toegestane rijsnelheid en de eventuele aanwezigheid van geluidsschermen is de geluidbelasting in de omgeving van de weg berekend. Wegverkeerslawaai omvat het totale geluid van motoren, auto’s, bussen, vrachtwagens én trams.

Railverkeer en luchtvaartlawaai
Voor railverkeer- en luchtvaartlawaai zijn de gegevens beschikbaar gesteld door de bronbeheerders, te weten ProRail en het ministerie van Infrastructuur en Milieu.

Industrielawaai
Voor industrielawaai zijn de geluidniveaus ook weergegeven vanaf 55 dB (Lden) en vanaf 50 dB (Lnight). Ook is de grens van de gezoneerde industrieterreinen aangegeven alsmede de terreinafbakening van de 55 dB-inrichtingen. 


Verklaring van begrippen

dB of dB(A)
Met deze afkorting wordt `decibel` bedoeld. Het is de eenheid waarmee de sterkte van het geluid wordt uitgedrukt. In de wetgeving wordt een onderscheid gemaakt tussen dB en dB(A). Met dB worden de decibels bedoeld die zijn uitgedrukt in de Europese geluidsmaat Lden terwijl met dB(A) de decibels worden uitgedrukt als etmaalwaarde.

Lden
Lden is een manier om de jaargemiddelde geluidsbelasting uit te drukken. Deze dosismaat wordt gebruikt voor omgevingslawaai. Sinds 2004 zijn alle Europese landen verplicht om de Lden te gebruiken. Voor Lden wordt het etmaal verdeeld in een:

Dagperiode van 07.00 - 19.00 uur
Avondperiode van 19.00 - 23.00 uur
Nachtperiode van 23.00 - 07.00 uur.
Bij het geluid in de avond en de nachtperiode wordt 5 resp. 10 dB opgeteld omdat geluid in deze perioden hinderlijker is dan overdag. Tenslotte worden deze waarden `logaritmisch` gemiddeld. Het resultaat wordt Lden genoemd. Het wordt gebruikt om de hinder in beeld te brengen.

Lnight
Met Lnight wordt de geluidsbelasting gedurende de nachtperiode (23.00 - 07.00 uur) bedoeld. Hiermee wordt de mate van slaapverstoring in beeld gebracht.

Etmaalwaarde
Ook de etmaalwaarde is een manier om de geluidsbelasting uit te drukken. Het is echter geen jaargemiddelde maar de hoogste waarde van de volgende drie:

de geluidsbelasting gedurende de dagperiode (07.00 - 19.00 uur)
de geluidsbelasting gedurende de avondperiode (19.00 - 23.00 uur), vermeerderd met een toeslag van 5 dB(A)
De geluidsbelasting gedurende de nachtperiode (23.00 - 07.00 uur), vermeerderd met een toeslag van 10 dB(A).
In de Nederlandse wetgeving en ook in de geluidskaarten wordt alleen nog voor industrielawaai de etmaalwaarde voorgeschreven. Voor alle andere bronnen wordt uitgegaan van de Europese geluidsmaat (de Lden).",https://maps.amsterdam.nl/geluid,VectorTessellation,ContourDS,"Geometry: The dataset represents noise contours, which are area-wide thematic classifications that partition the study area into zones of varying sound pressure levels. The high shared boundary ratio and large number of adjacent polygon pairs strongly suggest a tessellation structure. | Entity: The dataset represents calculated noise contours (noise levels in dB) around traffic sources. The features are organized into categorical intervals/bands (e.g., 50-55 dB, 55-60 dB), which directly matches the definition of a ContourDS for interval or value-band representations of a field.","The dataset represents noise contours, which are area-wide thematic classifications that partition the study area into zones of varying sound pressure levels. The high shared boundary ratio and large number of adjacent polygon pairs strongly suggest a tessellation structure.","The dataset represents calculated noise contours (noise levels in dB) around traffic sources. The features are organized into categorical intervals/bands (e.g., 50-55 dB, 55-60 dB), which directly matches the definition of a ContourDS for interval or value-band representations of a field.",Region Q6 ContourDS,,0.975,0.95,1.0,V3_evidence_based_gemini
41,Verkiezingen Gemeenteraad 2018,Elections Municipality 2018,https://maps.amsterdam.nl/open_geodata/?k=250,https://maps.amsterdam.nl/gemeenteraad2018,GEMEENTERAAD2018,PointDS,ObjectDS,Atlas Verkiezingen,"In deze Atlas Verkiezingen zijn de kaarten met uitslagen per stemlocaties van verschillende verkiezingen samengevoegd.

De cirkelgroottes zijn tussen de verkiezingen onderling vergelijkbaar.
Dat betekent dat eenzelfde cirkelgrootte bij elke verkiezing hetzelfde aantal of dezelfde verhouding voorstelt. 
De cirkelgroottes tussen Amsterdam en Zaanstad zijn verschillend, omdat de gebiedsgrootte verschillend is er er verder op Zaanstad is ingezoomd.
Voor de berekening van de cirkelgrootte van aantallen is een lineaire schaal gebruikt. Hierdoor worden verschillen tussen weinig en veel stemmen wat uitvergroot. 
Voor de leesbaarheid van de taartpunt-grafiekjes is een vierkantswortel schaal gebruikt, die de verschillen wat middelen.

De kaarten zijn individueel te bekijken op:
2024 - Europees Parlement
2023 - Tweede Kamer
2023 - Provinciale Staten
2022 - Gemeenteraad
2021 - Tweede Kamer
2019 - Europees Parlement
2019 - Provinciale Staten
2018 - Gemeenteraad
2017 - Tweede Kamer

Zie ook de Atlas Verkiezingen Zaanstad",https://maps.amsterdam.nl/atlas_verkiezingen,PointDS,ObjectDS,"Geometry: The dataset contains points representing election results at specific voting locations (stembureaus). The metadata explicitly mentions circle sizes for visualization, confirming it is a point-based thematic map. | Entity: The map displays polling stations, which are identifiable real-world facilities or managed places. Although the points contain numeric attributes (election results, counts, percentages), they are facilities where voting occurs, similar to schools or libraries in other datasets. According to the decision tree, polling stations with attribute data should be classified as ObjectDS.","The dataset contains points representing election results at specific voting locations (stembureaus). The metadata explicitly mentions circle sizes for visualization, confirming it is a point-based thematic map.","The map displays polling stations, which are identifiable real-world facilities or managed places. Although the points contain numeric attributes (election results, counts, percentages), they are facilities where voting occurs, similar to schools or libraries in other datasets. According to the decision tree, polling stations with attribute data should be classified as ObjectDS.",Region Q7 ObjectDS,,0.95,1.0,0.9,V3_evidence_based_gemini
42,Groene daken,Green roofs,https://maps.amsterdam.nl/open_geodata/?k=51,https://maps.amsterdam.nl/groene_daken,GROENE_DAKEN,PointDS,ObjectDS,Groene en multifunctionele daken,Op deze kaart vind je een overzicht van groene en multifunctionele daken in Amsterdam. Staat je dak er nog niet bij? Laat het ons dan weten. Dan zetten we jouw dak erbij.,https://maps.amsterdam.nl/dakenlandschap,PointDS,ObjectDS,"Geometry: The dataset explicitly contains only Point geometries (feature_count of 457) representing locations of green and multifunctional roofs in Amsterdam. | Entity: The map displays locations of specific green roofs in Amsterdam, each acting as a distinct facility or asset with attributes such as address, type, and surface area. This fits the definition of ObjectDS.",The dataset explicitly contains only Point geometries (feature_count of 457) representing locations of green and multifunctional roofs in Amsterdam.,"The map displays locations of specific green roofs in Amsterdam, each acting as a distinct facility or asset with attributes such as address, type, and surface area. This fits the definition of ObjectDS.",Region Q7 ObjectDS,,1.0,1.0,1.0,V3_evidence_based_gemini
43,Grondgebruik 2017,Land use 2017,https://maps.amsterdam.nl/open_geodata/?k=152,https://maps.amsterdam.nl/grondgebruik,GRONDGEBRUIK_2017,VectorTessellation,CoverageDS,,,,VectorTessellation,CoverageDS,"Geometry: The layer represents Land Use data, which forms a complete partition of the study area. This is supported by the high shared_boundary_ratio, the large number of adjacent polygon pairs, and the very high convex_hull_fill_ratio, confirming it is a tessellated structure. | Entity: The dataset represents a comprehensive land-use classification (Grondgebruik) that covers the entire spatial extent of the study area, dividing it into mutually exclusive thematic categories (e.g., traffic area, living area, water). This fits the definition of a full-area thematic coverage.","The layer represents Land Use data, which forms a complete partition of the study area. This is supported by the high shared_boundary_ratio, the large number of adjacent polygon pairs, and the very high convex_hull_fill_ratio, confirming it is a tessellated structure.","The dataset represents a comprehensive land-use classification (Grondgebruik) that covers the entire spatial extent of the study area, dividing it into mutually exclusive thematic categories (e.g., traffic area, living area, water). This fits the definition of a full-area thematic coverage.",Region Q5 CoverageDS,,0.975,1.0,0.95,V3_evidence_based_gemini
44,Historische bebouwing,Historical buildings,https://maps.amsterdam.nl/open_geodata/?k=118,https://maps.amsterdam.nl/archeologie,HISTORISCHE_BEBOUWING,PointDS,ObjectDS,Publiekskaart Archeologie,"Amsterdam kent een rijke verzameling aan archeologische vindplaatsen. Dit kunnen losse voorwerpen of scherven zijn maar ook allerlei structuren zoals afval- en ophogingslagen, funderingen, kelders, beerputten, verdedigingsmuren of gedempte waterwegen. Deze archeologische sporen zijn bijzonder omdat ze verbonden zijn met het dagelijkse leven vanaf het allereerste begin van de stad. De afgelopen 45 jaar heeft Monumenten en Archeologie bij bouwprojecten overal in de stad onderzoek uitgevoerd. Op deze kaart worden een selectie van vindplaatsen online toegankelijk gemaakt, in combinatie met vijf historische kaarten als onderlegger. 

Ieder vlakje op de kaart geeft een doorkijk naar de geschiedenis van die specifieke plek. Door op één van deze archeologische locaties te klikken verschijnen het adres, gegevens over het onderzoek en de vondsten, een foto en een verwijzing naar meer achtergrondinformatie. 

Disclaimer
De inhoud van deze kaart is niet volledig en niet up-to-date. De informatie is bedoeld voor een breed publiek en niet voor professionals
Monumenten en Archeologie (MenA) is de bronhouder van de aangeboden kaartlagen en dient vermeld te worden indien u verwijst naar deze kaartlagen.",https://maps.amsterdam.nl/archeologie,PointDS,ObjectDS,"Geometry: The dataset contains archaeological site locations representing historical buildings or traces, which are categorized as points in the geometry_type_counts. The description refers to these as 'locations' or 'vindplaatsen' and mentions selecting them for information, confirming PointDS geometry. | Entity: The map layer represents discrete historical buildings, gates, and archaeological sites. Each point corresponds to an identifiable real-world asset or managed entity as described in the metadata. Following the Branch A, Q4 check, these are clearly countable objects rather than measurements, events, or numeric quantities.","The dataset contains archaeological site locations representing historical buildings or traces, which are categorized as points in the geometry_type_counts. The description refers to these as 'locations' or 'vindplaatsen' and mentions selecting them for information, confirming PointDS geometry.","The map layer represents discrete historical buildings, gates, and archaeological sites. Each point corresponds to an identifiable real-world asset or managed entity as described in the metadata. Following the Branch A, Q4 check, these are clearly countable objects rather than measurements, events, or numeric quantities.","Branch A, Q4, ObjectDS",,1.0,1.0,1.0,V3_evidence_based_gemini
45,Hoe groot is Amsterdam,How big is Amsterdam,https://maps.amsterdam.nl/open_geodata/?k=166,https://maps.amsterdam.nl/hoegroot,HOEGROOT,PlainVectorRegion,ObjectDS,Hoe groot is Amsterdam?,"Verschuif de grenzen van Amsterdam (gemeente, agglomeratie, metropoolregio) over een andere plaats op de wereld om de oppervlakte te vergelijken.

Klik (herhaaldelijk) op het vlak om het te roteren.
Ctrl-klik om de ander kant op te roteren.
De rotatie blijft niet behouden bij verschuiven.

Click (repeatedly) on the shape to rotate.
Ctrl-click to rotate the other way.
The rotation is not maintained when dragged.",https://maps.amsterdam.nl/hoegroot,PlainVectorRegion,ObjectDS,"Geometry: The dataset contains only three polygons representing administrative areas for comparison, not a full partition or tessellation of a study area. | Entity: The map layer represents the administrative boundary of Amsterdam (municipality, agglomeration, and metropolitan region) as discrete, named bounded shapes for interactive comparison. These are identified real-world entities rather than statistical units, thematic classes, or patch-like zones.","The dataset contains only three polygons representing administrative areas for comparison, not a full partition or tessellation of a study area.","The map layer represents the administrative boundary of Amsterdam (municipality, agglomeration, and metropolitan region) as discrete, named bounded shapes for interactive comparison. These are identified real-world entities rather than statistical units, thematic classes, or patch-like zones.",Region Q7 ObjectDS,,0.925,0.95,0.9,V3_evidence_based_gemini
46,Honden uitren- en verbodsgebieden,Dogs run and ban areas,https://maps.amsterdam.nl/open_geodata/?k=245,https://maps.amsterdam.nl/honden,HONDEN,PlainVectorRegion,PatchDS,Hondenlosloop- en verbodsgebieden,"Overal op straat en in parken en plantsoenen moeten honden zijn aangelijnd. Tenzij met bordjes is aangegeven dat honden mogen loslopen/uitrennen (groene gebieden op de kaart) of dat honden er niet mogen komen, ook niet aangelijnd (rode gebieden op de kaart). Soms is dat in een bepaalde periode van het jaar (blauwe gebieden op de kaart).

Deze uitrengebieden, verbodsgebieden en restrictiegebieden worden door de stadsdelen vastgesteld. Speeltuinen en speelplekken, sportparken en sportplekken, schoolpleinen en zwembadjes zijn sowieso verbodsgebieden, ook als ze niet op deze kaart zijn aangegeven.

Vragen of opmerkingen over een bepaald uitlaatgebied kunnen worden gemaild aan de gebiedsmakelaar van de buurt waarin dit gebied gelegen is. Deze gebiedsmakelaars zijn te vinden op de gemeentelijke pagina: https://www.amsterdam.nl/buurten/

Deze kaart is niet juridisch leidend of bindend.",https://maps.amsterdam.nl/honden,PlainVectorRegion,PatchDS,"Geometry: The dataset represents specific designated areas (dog walking zones, bans, or restricted zones) which are isolated features scattered across the city rather than a contiguous administrative or exhaustive tessellation. The low shared_boundary_ratio and low convex_hull_fill_ratio confirm these are discrete polygons rather than a partition of the study area. | Entity: The map displays areas where specific dog-related regulations (e.g., leash rules, prohibition, seasonal access) apply. Since these polygons define restricted zones rather than being discrete objects or exhaustive coverage, PatchDS is the correct classification per the decision tree (Region Q9).","The dataset represents specific designated areas (dog walking zones, bans, or restricted zones) which are isolated features scattered across the city rather than a contiguous administrative or exhaustive tessellation. The low shared_boundary_ratio and low convex_hull_fill_ratio confirm these are discrete polygons rather than a partition of the study area.","The map displays areas where specific dog-related regulations (e.g., leash rules, prohibition, seasonal access) apply. Since these polygons define restricted zones rather than being discrete objects or exhaustive coverage, PatchDS is the correct classification per the decision tree (Region Q9).",Region Q9 PatchDS,,0.925,0.95,0.9,V3_evidence_based_gemini
47,Hoofdgroenstructuur (HGS),Main Green Structure,https://maps.amsterdam.nl/open_geodata/?k=55,https://maps.amsterdam.nl/hoofdgroenstructuur,HOOFDGROENSTRUCTUUR,PlainVectorRegion,ObjectDS,Hoofdgroenstructuur,"De Hoofdgroenstructuur omvat de minimaal benodigde hoeveelheid groen die Amsterdam wil borgen, bestaande uit gebieden die waardevol zijn voor de stad en de metropool. Zij vervullen een onmisbare functie voor groene recreatie, verbetering leefklimaat, waterhuishouding, hittedemping, verbetering luchtkwaliteit, biodiversiteit en voedselproductie. Behoud van cultuurhistorische waarden en een gevarieerd totaalaanbod aan groen zijn belangrijke aspecten.

In de Hoofdgroenstructuur zijn die gebieden opgenomen waar de functies groen en groene recreatie voorop staan. Woningbouw, werkgerelateerde functies, wegenaanleg of het vestigen van voorzieningen die verkeer aantrekken of die ten koste gaan van groen zijn niet in overeenstemming met de doelstellingen van de structuurvisie. Ingrepen die de recreatieve gebruikswaarde en/of de natuurwaarde of andere functies van het groen verhogen worden juist gestimuleerd.

Ingrepen in de Hoofdgroenstructuur worden door de Technische Adviescommissie Hoofdgroenstructuur (TAC) op inpasbaarheid beoordeeld. De TAC is een externe commissie samengesteld uit deskundigen op het gebied van landschap(sarchitectuur), cultuurhistorie, ecologie, recreatie, beleving, stedenbouw, groenbeheer, sport, volkstuinen en natuur- en milieueducatie. De beoordelingscriteria zijn opgenomen in tabellen (zie pagina 245) van de structuurvisie. Daarin staat per groentype aangegeven welke ingrepen wel en niet zijn toegestaan. De gebieden zijn terug te vinden op deze interactieve kaart van de Hoofdgroenstructuur.


Gebruik van de kaart en TAC adviezen

Om de adviezen zichtbaar te maken dient zowel een jaar als een thema te worden aangevinkt in de legenda. In 2012 zijn ten opzichte van de vorige versie van de Hoofdgroenstructuurkaart de nodige aanpassingen gedaan met als resultaat een netto-uitbreiding van Hoofdgroenstructuur met 745 hectare. Er zijn echter ook enkele delen uitgehaald. Enkele oudere TAC adviezen vallen daardoor buiten de huidige Hoofdgroenstructuur.

Meer informatie over de Structuurvisie vindt u hier
Meer informatie over de TAC vindt u hier

Voor inhoudelijke vragen kunt u terecht bij het secretariaat: secretariaatTAC@amsterdam.nl",https://maps.amsterdam.nl/hoofdgroenstructuur,PlainVectorRegion,ObjectDS,"Geometry: The dataset contains polygon representations of Amsterdam's 'Main Green Structure'. These are specific, designated green areas rather than a complete partition of the city (tessellation), making them PlainVectorRegions. | Entity: The map depicts specific, named green areas (parks, cemeteries, allotments) in Amsterdam that function as managed assets or sites. Although they share a 'green structure' policy context, each polygon represents a discrete, identifiable, and bounded place (e.g., 'Huis te Vraag', 'Zorgvlied'), fitting the ObjectDS criteria.","The dataset contains polygon representations of Amsterdam's 'Main Green Structure'. These are specific, designated green areas rather than a complete partition of the city (tessellation), making them PlainVectorRegions.","The map depicts specific, named green areas (parks, cemeteries, allotments) in Amsterdam that function as managed assets or sites. Although they share a 'green structure' policy context, each polygon represents a discrete, identifiable, and bounded place (e.g., 'Huis te Vraag', 'Zorgvlied'), fitting the ObjectDS criteria.",Region Q7 ObjectDS,,0.9,0.9,0.9,V3_evidence_based_gemini
48,Iepen particulier,Elm trees - private,https://maps.amsterdam.nl/open_geodata/?k=330,https://maps.amsterdam.nl/iepen,IEPEN_PARTICULIER,PointDS,ObjectDS,Bijzondere bomen + Adviezen bescherming en beheer (CBH),"Groeikaart

Deze kaart met bijzondere bomen is een groeikaart. Momenteel wordt de lijst met bijzondere bomen gebiedsgewijs geactualiseerd en geharmoniseerd. Per stadsdeel/stadsgebied wordt de kaart steeds verder opgevuld en bijgewerkt. 

Onder de knop vastgestelde beschermstatus staan alle bomen die (her)beoordeeld worden of al opnieuw vastgesteld zijn. Hier vind je ook de (nieuw geplante) toekomstbomen.

Onder de knop geadviseerde beschermstatus staan de bomen waarbij de CBH al een actualiserings-advies heeft uitgebracht. De CBH is een door B&W benoemde onafhankelijk adviescommissie. Meer over deze commissie lees je rechtsonder op de kaart onder Bijzondere bomen en de adviescommissie CBH.

Door het op de kaart aanklikken van een boom, zie je meer informatie en kan je extra informatie downloaden (N.B. dat kan nu dus nog niet bij alle bomen). Niet alle bomen op deze kaart staan al precies op de juiste plek, maar ze staan dan wel in de buurt van hun werkelijke locatie.",https://maps.amsterdam.nl/bomen_bijzonder,PointDS,ObjectDS,"Geometry: The map layer contains data about individual elm trees. The geometry_type_counts confirms exclusively points, and the map description refers to 'clicking on a tree' to see information, confirming point-based features. | Entity: Each point represents an individual real-world tree. While these trees have attributes like species and status, the features themselves are identifiable assets. They do not represent measurements, events, or a network.","The map layer contains data about individual elm trees. The geometry_type_counts confirms exclusively points, and the map description refers to 'clicking on a tree' to see information, confirming point-based features.","Each point represents an individual real-world tree. While these trees have attributes like species and status, the features themselves are identifiable assets. They do not represent measurements, events, or a network.",Region Q7 ObjectDS,,1.0,1.0,1.0,V3_evidence_based_gemini
49,Jongeren- en Studentenhuisvesting,Youth and Student Housing,https://maps.amsterdam.nl/open_geodata/?k=115,https://maps.amsterdam.nl/jongerenstudentenhuisvesting,JONGERENSTUDENTENHUISVESTING,PointDS,ObjectDS,,,,PointDS,ObjectDS,"Geometry: The dataset contains 128 features that are explicitly identified as Point geometry types, representing locations of youth and student housing units. | Entity: The map features represent distinct housing complexes (youth and student housing). These are managed facilities and assets, which are identifiable objects, even though they contain attributes like dwelling counts (Aantal_woningen). They do not qualify for NetworkDS, AmountDS, or other higher-priority categories as the main purpose is to map the location of the housing projects themselves.","The dataset contains 128 features that are explicitly identified as Point geometry types, representing locations of youth and student housing units.","The map features represent distinct housing complexes (youth and student housing). These are managed facilities and assets, which are identifiable objects, even though they contain attributes like dwelling counts (Aantal_woningen). They do not qualify for NetworkDS, AmountDS, or other higher-priority categories as the main purpose is to map the location of the housing projects themselves.",Region Q7 ObjectDS,,1.0,1.0,1.0,V3_evidence_based_gemini
50,Kastanjebloedingsziekte,Chestnut bleeding disorder,https://maps.amsterdam.nl/open_geodata/?k=93,https://maps.amsterdam.nl/kastanjes,KASTANJES,PointDS,ObjectDS,Bijzondere bomen + Adviezen bescherming en beheer (CBH),"Groeikaart

Deze kaart met bijzondere bomen is een groeikaart. Momenteel wordt de lijst met bijzondere bomen gebiedsgewijs geactualiseerd en geharmoniseerd. Per stadsdeel/stadsgebied wordt de kaart steeds verder opgevuld en bijgewerkt. 

Onder de knop vastgestelde beschermstatus staan alle bomen die (her)beoordeeld worden of al opnieuw vastgesteld zijn. Hier vind je ook de (nieuw geplante) toekomstbomen.

Onder de knop geadviseerde beschermstatus staan de bomen waarbij de CBH al een actualiserings-advies heeft uitgebracht. De CBH is een door B&W benoemde onafhankelijk adviescommissie. Meer over deze commissie lees je rechtsonder op de kaart onder Bijzondere bomen en de adviescommissie CBH.

Door het op de kaart aanklikken van een boom, zie je meer informatie en kan je extra informatie downloaden (N.B. dat kan nu dus nog niet bij alle bomen). Niet alle bomen op deze kaart staan al precies op de juiste plek, maar ze staan dan wel in de buurt van hun werkelijke locatie.",https://maps.amsterdam.nl/bomen_bijzonder,PointDS,ObjectDS,"Geometry: The dataset represents individual trees with specific locations and contains only point geometries, confirmed by the geometry_type_counts. | Entity: The dataset maps individual trees (Chestnuts), which are distinct, identifiable, real-world assets. Although they have health status attributes, they are not primarily measurements, occurrences, or numeric amounts, but rather the objects themselves.","The dataset represents individual trees with specific locations and contains only point geometries, confirmed by the geometry_type_counts.","The dataset maps individual trees (Chestnuts), which are distinct, identifiable, real-world assets. Although they have health status attributes, they are not primarily measurements, occurrences, or numeric amounts, but rather the objects themselves.",Point Branch Q4A (ObjectDS),,1.0,1.0,1.0,V3_evidence_based_gemini
51,Klimaat - Droogte,Climate - Drought,https://maps.amsterdam.nl/open_geodata/?k=317,https://maps.amsterdam.nl/klimaatadaptatie,KLIMAAT_DROOGTE,PointDS,PointMeasuresDS,Klimaatadaptatie,"Volgens de KNMI`14-klimaatscenario`s moeten we in de toekomst rekening houden met hogere temperaturen, een sneller stijgende zeespiegel, nattere winters, heftigere buien en drogere zomers in Nederland. Door de opwarming van de aarde worden buien steeds heftiger en komen ze vaker voor. De riolen in de stad krijgen hierdoor veel meer water te verwerken dan voorheen. Daarnaast zijn de laaggelegen gebieden in Amsterdam het meest kwetsbaar voor eventuele overstromingen vanuit onder andere de Noordzee (IJmuiden) en de rivier de Lek. Ook neemt de kans op extreme hitte en langdurige droogte toe.

In het Deltaplan Ruimtelijke Adaptatie is afgesproken dat alle overheden uiterlijk in 2019 klimaatstresstesten hebben uitgevoerd op de thema`s hitte, droogte, wateroverlast en overstromingen en dat deze voor iedereen toegankelijk zijn. Met behulp van stresstesten zijn de kwetsbaarheden voor deze thema`s in Amsterdam in kaart gebracht. De uitkomsten van deze stresstesten worden gebruikt bij het opstellen van een klimaatadaptatiestrategie voor Amsterdam.

In deze atlas vindt u per thema (hitte, droogte, wateroverlast en overstromingen) een kaart van onze stad. De kaarten zijn constant in ontwikkeling en worden aangepast zodra er nieuwe informatie beschikbaar is.

Wilt u een vraag stellen of een idee delen? Dan kunt u mailen naar onderstaand mailadres.


De hittestresskaart bestaat uit duizenden tiles/afbeeldingen en is derhalve niet als geodataset beschikbaar op Maps Data.",https://maps.amsterdam.nl/klimaatadaptatie,PointDS,PointMeasuresDS,"Geometry: The dataset contains 2122 features of type Point, representing specific locations related to groundwater levels and drought stress metrics in Amsterdam. | Entity: The dataset maps point locations labeled with 'GLG' (Gemiddelde Laagste Grondwaterstand) and surface levels, representing sampling points used for climate stress testing on groundwater drought. This aligns with the definition of PointMeasuresDS for sampled point values of a continuous phenomenon.","The dataset contains 2122 features of type Point, representing specific locations related to groundwater levels and drought stress metrics in Amsterdam.","The dataset maps point locations labeled with 'GLG' (Gemiddelde Laagste Grondwaterstand) and surface levels, representing sampling points used for climate stress testing on groundwater drought. This aligns with the definition of PointMeasuresDS for sampled point values of a continuous phenomenon.",Q3. Is the dataset mainly a measurement layer where point locations sample a continuous phenomenon?,,0.975,1.0,0.95,V3_evidence_based_gemini
52,Klimaat - Overstroming,Climate - Flood,https://maps.amsterdam.nl/open_geodata/?k=318,https://maps.amsterdam.nl/klimaatadaptatie,KLIMAAT_OVERSTROMING,VectorTessellation,CoverageDS,Klimaatadaptatie,"Volgens de KNMI`14-klimaatscenario`s moeten we in de toekomst rekening houden met hogere temperaturen, een sneller stijgende zeespiegel, nattere winters, heftigere buien en drogere zomers in Nederland. Door de opwarming van de aarde worden buien steeds heftiger en komen ze vaker voor. De riolen in de stad krijgen hierdoor veel meer water te verwerken dan voorheen. Daarnaast zijn de laaggelegen gebieden in Amsterdam het meest kwetsbaar voor eventuele overstromingen vanuit onder andere de Noordzee (IJmuiden) en de rivier de Lek. Ook neemt de kans op extreme hitte en langdurige droogte toe.

In het Deltaplan Ruimtelijke Adaptatie is afgesproken dat alle overheden uiterlijk in 2019 klimaatstresstesten hebben uitgevoerd op de thema`s hitte, droogte, wateroverlast en overstromingen en dat deze voor iedereen toegankelijk zijn. Met behulp van stresstesten zijn de kwetsbaarheden voor deze thema`s in Amsterdam in kaart gebracht. De uitkomsten van deze stresstesten worden gebruikt bij het opstellen van een klimaatadaptatiestrategie voor Amsterdam.

In deze atlas vindt u per thema (hitte, droogte, wateroverlast en overstromingen) een kaart van onze stad. De kaarten zijn constant in ontwikkeling en worden aangepast zodra er nieuwe informatie beschikbaar is.

Wilt u een vraag stellen of een idee delen? Dan kunt u mailen naar onderstaand mailadres.


De hittestresskaart bestaat uit duizenden tiles/afbeeldingen en is derhalve niet als geodataset beschikbaar op Maps Data.",https://maps.amsterdam.nl/klimaatadaptatie,VectorTessellation,ContourDS,"Geometry: The dataset represents flood risk zones characterized by depth and probability. The high number of adjacent polygon pairs and high shared boundary ratio indicate these areas form a partition of the city surface, consistent with a thematic zoning map or tessellation. | Entity: The map features represent bands of flood risk probability (Kans) and water depth (Diepte) resulting from stress tests. As these polygons classify areas into discrete risk intervals and value bands, they are best represented as a contour-like classification of an environmental field.","The dataset represents flood risk zones characterized by depth and probability. The high number of adjacent polygon pairs and high shared boundary ratio indicate these areas form a partition of the city surface, consistent with a thematic zoning map or tessellation.","The map features represent bands of flood risk probability (Kans) and water depth (Diepte) resulting from stress tests. As these polygons classify areas into discrete risk intervals and value bands, they are best represented as a contour-like classification of an environmental field.",Region Q6 ContourDS,,0.875,0.95,0.8,V3_evidence_based_gemini
53,Markten,Markets,https://maps.amsterdam.nl/open_geodata/?k=123,https://maps.amsterdam.nl/markten,MARKTEN,PointDS,ObjectDS,"Markten, winkelgebieden en straathandel","Op deze kaart ziet u alle dag- en weekmarkten die op vaste tijden en vaste locaties in Amsterdam worden gehouden. Daarnaast zijn er op verschillende momenten door het jaar heen en op allerlei locaties in Amsterdam bijzondere markten op feesten en evenementen die door een buurt of een vereniging worden georganiseerd. Raadpleeg hiervoor de evenementenkalender van uw stadsdeel. 

De meeste markten worden beheerd door het Marktbureau van de gemeente Amsterdam. De marktkooplieden die op deze markten staan hebben een marktpas en/of een (dag)vergunning nodig voor een plaatsje op de markt. Zie www.amsterdam.nl/markt/ 
Bij een aantal markten is het beheer in particuliere handen. De organisatoren hebben hiervoor een evenementenvergunning nodig. Marktkooplieden en ondernemers kunnen zich bij deze organisaties inschrijven en/of een kraam aanvragen.",https://maps.amsterdam.nl/markten,PointDS,ObjectDS,"Geometry: The dataset represents specific locations (markets) in Amsterdam, and the geometry type is exclusively Point with 45 features identified in the geometry_type_counts. | Entity: The map layer represents physical markets in Amsterdam, which are distinct, identifiable facilities/places managed by the municipality or private organizers. While they have temporal attributes (opening hours, calendar data), the points themselves represent the location of the object (the market) rather than the events or temporal changes themselves.","The dataset represents specific locations (markets) in Amsterdam, and the geometry type is exclusively Point with 45 features identified in the geometry_type_counts.","The map layer represents physical markets in Amsterdam, which are distinct, identifiable facilities/places managed by the municipality or private organizers. While they have temporal attributes (opening hours, calendar data), the points themselves represent the location of the object (the market) rather than the events or temporal changes themselves.",Region Q7 ObjectDS,,1.0,1.0,1.0,V3_evidence_based_gemini
54,Groene monumenten,Green monuments,https://maps.amsterdam.nl/open_geodata/?k=68,https://maps.amsterdam.nl/monumentaal_groen,MONUMENTAAL_GROEN,PointDS,ObjectDS,Bijzondere bomen + Adviezen bescherming en beheer (CBH),"Groeikaart

Deze kaart met bijzondere bomen is een groeikaart. Momenteel wordt de lijst met bijzondere bomen gebiedsgewijs geactualiseerd en geharmoniseerd. Per stadsdeel/stadsgebied wordt de kaart steeds verder opgevuld en bijgewerkt. 

Onder de knop vastgestelde beschermstatus staan alle bomen die (her)beoordeeld worden of al opnieuw vastgesteld zijn. Hier vind je ook de (nieuw geplante) toekomstbomen.

Onder de knop geadviseerde beschermstatus staan de bomen waarbij de CBH al een actualiserings-advies heeft uitgebracht. De CBH is een door B&W benoemde onafhankelijk adviescommissie. Meer over deze commissie lees je rechtsonder op de kaart onder Bijzondere bomen en de adviescommissie CBH.

Door het op de kaart aanklikken van een boom, zie je meer informatie en kan je extra informatie downloaden (N.B. dat kan nu dus nog niet bij alle bomen). Niet alle bomen op deze kaart staan al precies op de juiste plek, maar ze staan dan wel in de buurt van hun werkelijke locatie.",https://maps.amsterdam.nl/bomen_bijzonder,PointDS,ObjectDS,"Geometry: The map layer represents 'Bijzondere bomen' (Special trees) as individual locations on a map. Both the geometry_type_counts and the MapDescription confirm these are distinct points representing trees. | Entity: The map features represent specific green monuments (parks, gardens, etc.) identified as distinct, countable, real-world assets. The layer is a register of these objects, each having a unique identifier and descriptive properties. Following the decision tree, as these are discrete objects, ObjectDS is the appropriate classification.",The map layer represents 'Bijzondere bomen' (Special trees) as individual locations on a map. Both the geometry_type_counts and the MapDescription confirm these are distinct points representing trees.,"The map features represent specific green monuments (parks, gardens, etc.) identified as distinct, countable, real-world assets. The layer is a register of these objects, each having a unique identifier and descriptive properties. Following the decision tree, as these are discrete objects, ObjectDS is the appropriate classification.",Region Q7 ObjectDS,,1.0,1.0,1.0,V3_evidence_based_gemini
55,Monumentale bomen,Monumental trees,https://maps.amsterdam.nl/open_geodata/?k=59,https://maps.amsterdam.nl/monumentaal_groen,MONUMENTALE_BOMEN,PointDS,ObjectDS,Bijzondere bomen + Adviezen bescherming en beheer (CBH),"Groeikaart

Deze kaart met bijzondere bomen is een groeikaart. Momenteel wordt de lijst met bijzondere bomen gebiedsgewijs geactualiseerd en geharmoniseerd. Per stadsdeel/stadsgebied wordt de kaart steeds verder opgevuld en bijgewerkt. 

Onder de knop vastgestelde beschermstatus staan alle bomen die (her)beoordeeld worden of al opnieuw vastgesteld zijn. Hier vind je ook de (nieuw geplante) toekomstbomen.

Onder de knop geadviseerde beschermstatus staan de bomen waarbij de CBH al een actualiserings-advies heeft uitgebracht. De CBH is een door B&W benoemde onafhankelijk adviescommissie. Meer over deze commissie lees je rechtsonder op de kaart onder Bijzondere bomen en de adviescommissie CBH.

Door het op de kaart aanklikken van een boom, zie je meer informatie en kan je extra informatie downloaden (N.B. dat kan nu dus nog niet bij alle bomen). Niet alle bomen op deze kaart staan al precies op de juiste plek, maar ze staan dan wel in de buurt van hun werkelijke locatie.",https://maps.amsterdam.nl/bomen_bijzonder,PointDS,ObjectDS,"Geometry: The dataset contains monumental trees, which are naturally represented as points. The geometry_type_counts confirms exclusively Point geometries for all 2615 features. | Entity: The map represents individual monumental trees (identifiable real-world objects) at specific locations. Although the dataset includes descriptive attributes, these do not transform the point features into a measurement or aggregate quantity layer.","The dataset contains monumental trees, which are naturally represented as points. The geometry_type_counts confirms exclusively Point geometries for all 2615 features.","The map represents individual monumental trees (identifiable real-world objects) at specific locations. Although the dataset includes descriptive attributes, these do not transform the point features into a measurement or aggregate quantity layer.",Region Q7 ObjectDS,,1.0,1.0,1.0,V3_evidence_based_gemini
56,Monumenten,Monuments,https://maps.amsterdam.nl/open_geodata/?k=155,https://maps.amsterdam.nl/monumenten,MONUMENTEN,PointDS,ObjectDS,Monumenten,"Deze interactieve kaart toont alle monumenten in de gemeente Amsterdam. Er wordt onderscheid gemaakt tussen rijksmonumenten (blauw) , gemeentelijke monumenten (rood) en gemeentelijke monumenten in procedure (oranje). Ook is er onderscheid tussen gebouwen en niet-gebouwen. 
De kaart wordt via webservices vanuit het Datapunt van de Gemeente Amsterdam gevoed.


Disclaimer

Monumenten & Archeologie (MA) is de bronhouder van de aangeboden kaartlaag en dient vermeld te worden indien u verwijst naar deze kaart. MA kan niet aansprakelijk worden gehouden voor de gevolgen van het gebruik van gegevens op deze website. Er is veel zorg besteed aan de inhoudelijke kwaliteit van de informatie. Onderzoek is echter steeds gaande. Onvolledigheden, veranderingen door voortschrijden van inzichten of andere gebreken kunnen niet worden uitgesloten.",https://maps.amsterdam.nl/monumenten,PointDS,ObjectDS,"Geometry: The dataset represents specific monument locations in Amsterdam, confirmed by the geometry_type_counts which shows only Point entries for 9412 features. | Entity: The map displays monuments in Amsterdam, which are identifiable, discrete real-world assets (buildings, monuments, or other structures). Each point represents a distinct, named facility/asset. This falls squarely under ObjectDS as per the decision tree (Branch A, Q4A).","The dataset represents specific monument locations in Amsterdam, confirmed by the geometry_type_counts which shows only Point entries for 9412 features.","The map displays monuments in Amsterdam, which are identifiable, discrete real-world assets (buildings, monuments, or other structures). Each point represents a distinct, named facility/asset. This falls squarely under ObjectDS as per the decision tree (Branch A, Q4A).",Region Q7 ObjectDS,,1.0,1.0,1.0,V3_evidence_based_gemini
57,Muurplanten,Quay wall plants,https://maps.amsterdam.nl/open_geodata/?k=106,https://maps.amsterdam.nl/muurplanten,MUURPLANTEN,PointDS,ObjectDS,Te behouden (muur)flora,"In Amsterdam groeien bijzondere planten. Ze groeien op kademuren, brugconstructies en steenglooiingen, maar ook op overige locaties. Enkele soorten zijn beschermd onder de Wet natuurbescherming (Wnb). Voor andere soorten heeft de gemeente vanuit nationaal perspectief een bijzondere verantwoordelijkheid (zorgplicht), bijvoorbeeld omdat deze planten maar op een of twee locaties in Nederland groeien. Deze plantensoorten zijn opgenomen in de Amsterdamse gedragscode flora en fauna en zijn aangeduid met de categorie Amsterdamse beleidssoorten + (ABS+). Op de kaart zijn de actuele groeiplaatsen (2022) van deze soorten weergegeven. Met ingang van 2024 wordt hun voorkomen tweejaarlijks onderzocht en daarop de kaartbeelden geactualiseerd.

De Amsterdamse gedragscode flora en fauna kent ook Amsterdamse beleidssoorten+ voor `overige flora`, waaronder veel orchideeën. De groeiplaatsen van deze soorten zijn niet aangegeven op de kaart, maar in de Amsterdamse gedragscode is opgenomen welk stappenplan doorlopen moet worden bij (potentiële) aanwezigheid van deze soorten.

Op de kaart is een selectie opgenomen van de Amsterdamse beleidssoorten die vallen in de categorie `overige muurflora` van de Amsterdamse gedragscode flora en fauna. De kaartinformatie stamt uit 2013 en is nog t/m 2023 raadpleegbaar. De gegevens zullen naar verwachting worden geactualiseerd.

Voor locaties waar te behouden planten aanwezig zijn, geldt dat hier rekening mee gehouden moet worden bij ruimtelijke inrichting en beheer en onderhoud. Meer informatie over de bescherming van flora en de bijbehorende maatregelen zijn te vinden in 
de Amsterdamse gedragscode flora en fauna. 

Ook op locaties waar geen flora met een bijzondere status voorkomt, heeft de gemeente de ambitie om in te zetten op biotoopontwikkeling en behoud van (algemene) soorten.",https://maps.amsterdam.nl/muurflora,PointDS,ObjectDS,"Geometry: The dataset contains growth locations of specific plant species, which are represented as points. The geometry_type_counts confirms 1530 instances of type 'Point'. | Entity: The map displays specific, individual plant growth locations, which are identifiable physical assets managed by the city. While the dataset contains numeric counts as attributes, these do not define the primary phenomenon of the layer, which is identifying the discrete locations of particular plant species.","The dataset contains growth locations of specific plant species, which are represented as points. The geometry_type_counts confirms 1530 instances of type 'Point'.","The map displays specific, individual plant growth locations, which are identifiable physical assets managed by the city. While the dataset contains numeric counts as attributes, these do not define the primary phenomenon of the layer, which is identifying the discrete locations of particular plant species.",Region Q7 ObjectDS,,0.95,1.0,0.9,V3_evidence_based_gemini
58,NO2 metingen 4-weken,NO2 measurements 4 weeks,https://maps.amsterdam.nl/open_geodata/?k=331,https://maps.amsterdam.nl/no2,NO2_4WEKEN,PointDS,PointMeasuresDS,Luchtkwaliteit - NO₂-metingen,"Inhoud



Wat voor informatie is hier te vinden

Disclaimer

Automatische meetstations en NO₂-buisjes

Wat is NO₂? - NO₂ en gezondheid

Welke factoren zijn van invloed op de NO₂ concentratie?

Verschillende meetpunten

Wettelijke toetsing

Wat voor informatie is hier te vinden

Hieronder vindt u algemene informatie over stikstofdioxide (NO₂), de metingen, meetpunten, wettelijk kader en invloed op de gezondheid. Wat u hier NIET zult vinden is een interpretatie van de recente meetresultaten. De gemeten NO₂ concentraties worden enkele maanden na afloop van elk kalenderjaar samengevat en in perspectief geplaatst in de jaarrapportages van de GGD Amsterdam. Deze zijn te downloaden via www.luchtmeetnet.nl.


Disclaimer

De meetresultaten kunnen nog worden bijgesteld in het kader van de kwaliteitscontrole die standaard op de meetgegevens plaatsvindt. 
De data is definitief als het jaarrapport is gepubliceerd. De data op de website zijn dus indicatief en er kunnen geen rechten aan worden ontleend. 


Automatische meetstations en NO₂-buisjes

Op de kaart worden de NO₂ metingen getoond in Amsterdam en (wijde) omgeving die door de GGD Amsterdam worden uitgevoerd. Er staan zowel automatische meetstations (volgens de Europese meetstandaarden) als de diffuse metingen op de website.

De automatische metingen worden uitgevoerd op meetstations (onderdeel van het landelijk luchtmeetnet) en de buisjesmetingen met NO₂-buisjes, ook wel Palmes buisjes genoemd. De automatische meetstations meten 24 uur per dag en 7 dagen per week verschillende luchtverontreinigende componenten. Dit gebeurt met methoden die voldoen aan de wettelijke (EU) eisen. De uurgemiddelde metingen zijn te bekijken via de website www.luchtmeetnet.nl. In aanvulling op deze automatische meetstations wordt op een groot aantal plekken verspreid over de stad de jaargemiddelde NO₂-concentratie gemeten met een eenvoudige en goedkopere, passieve meetmethode. Dit zijn de NO₂- buisjes. Na `ijking` van de buisjes aan het automatisch meetnet kunnen hiermee betrouwbare 4-weeksgemiddelden worden bepaald. Met de NO₂-buisjes worden geen uur- of dagwaarden gemeten. De meetmethode voldoet weliswaar niet aan de wettelijke eisen, maar geeft wel een betrouwbaar beeld van de jaargemiddelde NO₂ concentratie. De metingen geven dus meer inzicht in verschillen en spreiding van hogere en lagere NO₂ concentraties in de stad en omgeving. Het NO₂-buisjes netwerk geeft daardoor een gedetailleerd en betrouwbaar beeld van de luchtkwaliteit in Amsterdam. 


Wat is NO₂?

NO₂ is stikstofdioxide. NO₂ is een gas dat ontstaat bij verbrandingsprocessen, zoals in de motor van een auto. Het is een belangrijke indicator voor de luchtverontreiniging door verkeer. Een veel gebruikte maat om de hoeveelheid of concentratie NO₂ in de lucht uit te drukken is microgram per kubieke meter buitenlucht. Microgram per kubieke meter wordt vaak korter geschreven als: μg/m3. Hoe hoger de concentratie (μg/m3) NO₂, hoe slechter de luchtkwaliteit is.


NO₂ en gezondheid

Blootstelling aan NO₂ kan samenhangen met een verminderde longfunctie. Ook een toename van luchtwegklachten en astma-aanvallen en een verhoogde gevoeligheid voor infecties komen voor. Omdat NO₂ in de buitenlucht altijd voorkomt in combinatie met andere door het verkeer uitgestoten componenten (zoals roetdeeltjes), is niet goed duidelijk in hoeverre dit aan het NO₂ zelf ligt of dat NO₂ vooral (ook) een indicator is voor het mengsel van schadelijke stoffen. De wereld gezondheidsorganisatie (WHO) heeft voor NO₂ een gezondheidskundige advieswaarde opgesteld voor lange termijn blootstelling. Dit is 10 microgram per kubieke meter (m3) als jaargemiddelde concentratie. Vanuit het oogpunt van gezondheid is het belangrijk dat de concentraties luchtverontreiniging zo laag mogelijk zijn. 


Welke factoren zijn van invloed op de NO₂ concentratie?

Het weer heeft een grote invloed op de NO₂ concentratie: in de zomer zijn de concentraties (veel) lager dan in de winter. Ook binnen een seizoen kunnen de 4-weeksgemiddelde concentraties sterk variëren. De windrichting en windkracht bepaalt onder andere hoeveel NO₂ er komt `aanwaaien` en in welke mate de verontreiniging ‘blijft hangen’. De 4-weeks gemiddelde concentraties kunnen daarom niet worden vergeleken met de grenswaarde voor het jaargemiddelde. De 4-weeksgemiddelden kunnen wel met elkaar worden vergeleken, en geven dan informatie over relatief meer of minder verontreinigde plekken. In Amsterdam is het verkeer de belangrijkste bron van NO₂. Daarom is op plekken met veel verkeer de NO₂ concentratie hoger dan op plekken met weinig verkeer. Op de kaart zijn de straat- en snelweglocaties de plekken met veel verkeer en de achtergrondlocaties de plekken met weinig verkeer.


Verschillende meetpunten

De NO₂-buisjes hangen op verschillende plekken in de stad en omgeving. Er zijn zes type meetpunten te onderscheiden. Dit zijn: achtergrond, straat, snelweg, waterweg, luchtvaart en industrie. Op de kaart zijn ook de automatische meetstations toegevoegd.


Achtergrond: dit zijn plekken waar weinig tot geen verkeer is. Rustige straten in een woonwijk zijn hier een voorbeeld van. De NO₂ concentratie is hier lager dan op de andere meetpunten.

Straat: dit zijn plekken aan drukke straten waar veel verkeer rijdt. Een voorbeeld hiervan zijn de buisjes op de Stadhouderskade in Amsterdam.

Snelweg: dit zijn plekken langs een snelweg, zoals langs de Ring A10.

Waterweg: dit zijn plekken waar scheepvaart langskomt, zoals op het Java-eiland.

Luchtvaart: dit zijn plekken die in de buurt van Schiphol liggen. Het gaat om de automatische meetstations Badhoevedorp, Hoofddorp en Oude Meer.

Industrie: dit zijn plekken in de buurt van industriële activiteiten zoals in de IJmond en bij het Havengebied van Amsterdam.
Op de kaart worden ook de door de GGD Amsterdam beheerde automatische meetstations getoond. Deze zijn te herkennen aan de naam `GGD meetstation`. Na het klikken op het bolletje staat er bij Type meting `Automatisch meetnet`. Bij NO₂-buisjes staat er bij Type meting `Palmes`. Op de meetstations worden 24 uur per dag en 7 dagen per week metingen uitgevoerd. Deze metingen kunnen via luchtmeetnet.nl worden bekeken. Op deze site is ook te zien waar de meetstations liggen. Om een goede vergelijking met de NO₂-buisjes te kunnen maken worden de 4-weeksgemiddelden getoond. Deze 4-weeksgemiddelden zijn de gemiddelden over dezelfde periode als de NO₂-buisjes. De jaargemiddelde waardes van de meetstations, die op maps.amsterdam.nl/no2 worden getoond, zijn gebaseerd op de periode 1 januari tot en met 31 december. Deze waardes kunnen iets afwijken van het gemiddelde van de dertien 4-weeksgemiddelden. De metingen van de NO₂-buisjes starten namelijk niet precies op 1 januari en eindigen niet precies op 31 december. 

Door de concentraties op straat-, snelweg-, industrie- of waterweglocaties te vergelijken met nabij gelegen achtergrondlocaties, kan iets gezegd worden over de bijdrage van de betreffende straat, snelweg, industrie of waterweg aan de lokale concentratie. 


Wettelijke toetsing

Wettelijke toetsing van de luchtkwaliteit gebeurt in Nederland op basis van berekeningen. Deze berekeningen worden jaarlijks uitgevoerd door het RIVM met de Monitoringstool. Meetgegevens van onder andere de GGD Amsterdam leveren input voor deze modelberekeningen. In de wetgeving is vastgelegd dat de luchtkwaliteit wordt berekend op wettelijke toetspunten. In de praktijk is dit in steden meestal aan de gevel van woningen of andere gebouwen waar mensen langdurig verblijven. Deze wettelijke toetsing met behulp van de Monitoringstool wordt aan het einde van elk jaar uitgevoerd voor het voorgaande kalenderjaar. Uitgebreide informatie over de Monitoringstool is te vinden op nsl-monitoring.nl. In Europa is afgesproken om de wettelijke grenswaarde voor NO₂ in 2030 aan te passen naar 20 microgram per m3.

Nieuwe meetlocaties worden zoveel mogelijk geplaatst op wettelijke toetsafstand (aan de gevel). De wettelijke toetsafstand is in het verleden echter enkele malen gewijzigd, en het was (en is) niet altijd mogelijk om exact op wettelijke toetsafstand te meten. Voor een goed beeld van de ontwikkeling van de luchtkwaliteit is het belangrijk om metingen langdurig op exact dezelfde plek uit te voeren. Een groot deel van de NO₂-buisjes metingen wordt daarom niet op wettelijke toetsafstand uitgevoerd, maar dichterbij de weg. Als je op een punt op de kaart klikt dan is te zien of het buisje op wettelijke toetsafstand hangt (ja/nee) en op welke afstand het buisje van de gevel hangt (in meters). De buisjes waarbij de afstand 0.1 meter is hangen aan de gevel.",https://maps.amsterdam.nl/no2,PointDS,PointMeasuresDS,"Geometry: Although the dataset uses MultiPolygon to represent the locations, the metadata clearly describes these as measurement stations and NO2 tubes (monitoring points) across the city. The nature of the data is point-based monitoring, even if encoded as small polygons. | Entity: The map displays point locations used as sensors or sample stations for atmospheric monitoring (NO2 measurements). These features are sampling points for a continuous spatial phenomenon, which is the definition of PointMeasuresDS.","Although the dataset uses MultiPolygon to represent the locations, the metadata clearly describes these as measurement stations and NO2 tubes (monitoring points) across the city. The nature of the data is point-based monitoring, even if encoded as small polygons.","The map displays point locations used as sensors or sample stations for atmospheric monitoring (NO2 measurements). These features are sampling points for a continuous spatial phenomenon, which is the definition of PointMeasuresDS.",Q3. Is the dataset mainly a measurement layer where point locations sample a continuous phenomenon?,,0.95,0.9,1.0,V3_evidence_based_gemini
59,NO2 metingen locaties,NO2 measurements locations,https://maps.amsterdam.nl/open_geodata/?k=308,https://maps.amsterdam.nl/no2,NO2_LOCATIES,PointDS,ObjectDS,Luchtkwaliteit - NO₂-metingen,"Inhoud



Wat voor informatie is hier te vinden

Disclaimer

Automatische meetstations en NO₂-buisjes

Wat is NO₂? - NO₂ en gezondheid

Welke factoren zijn van invloed op de NO₂ concentratie?

Verschillende meetpunten

Wettelijke toetsing

Wat voor informatie is hier te vinden

Hieronder vindt u algemene informatie over stikstofdioxide (NO₂), de metingen, meetpunten, wettelijk kader en invloed op de gezondheid. Wat u hier NIET zult vinden is een interpretatie van de recente meetresultaten. De gemeten NO₂ concentraties worden enkele maanden na afloop van elk kalenderjaar samengevat en in perspectief geplaatst in de jaarrapportages van de GGD Amsterdam. Deze zijn te downloaden via www.luchtmeetnet.nl.


Disclaimer

De meetresultaten kunnen nog worden bijgesteld in het kader van de kwaliteitscontrole die standaard op de meetgegevens plaatsvindt. 
De data is definitief als het jaarrapport is gepubliceerd. De data op de website zijn dus indicatief en er kunnen geen rechten aan worden ontleend. 


Automatische meetstations en NO₂-buisjes

Op de kaart worden de NO₂ metingen getoond in Amsterdam en (wijde) omgeving die door de GGD Amsterdam worden uitgevoerd. Er staan zowel automatische meetstations (volgens de Europese meetstandaarden) als de diffuse metingen op de website.

De automatische metingen worden uitgevoerd op meetstations (onderdeel van het landelijk luchtmeetnet) en de buisjesmetingen met NO₂-buisjes, ook wel Palmes buisjes genoemd. De automatische meetstations meten 24 uur per dag en 7 dagen per week verschillende luchtverontreinigende componenten. Dit gebeurt met methoden die voldoen aan de wettelijke (EU) eisen. De uurgemiddelde metingen zijn te bekijken via de website www.luchtmeetnet.nl. In aanvulling op deze automatische meetstations wordt op een groot aantal plekken verspreid over de stad de jaargemiddelde NO₂-concentratie gemeten met een eenvoudige en goedkopere, passieve meetmethode. Dit zijn de NO₂- buisjes. Na `ijking` van de buisjes aan het automatisch meetnet kunnen hiermee betrouwbare 4-weeksgemiddelden worden bepaald. Met de NO₂-buisjes worden geen uur- of dagwaarden gemeten. De meetmethode voldoet weliswaar niet aan de wettelijke eisen, maar geeft wel een betrouwbaar beeld van de jaargemiddelde NO₂ concentratie. De metingen geven dus meer inzicht in verschillen en spreiding van hogere en lagere NO₂ concentraties in de stad en omgeving. Het NO₂-buisjes netwerk geeft daardoor een gedetailleerd en betrouwbaar beeld van de luchtkwaliteit in Amsterdam. 


Wat is NO₂?

NO₂ is stikstofdioxide. NO₂ is een gas dat ontstaat bij verbrandingsprocessen, zoals in de motor van een auto. Het is een belangrijke indicator voor de luchtverontreiniging door verkeer. Een veel gebruikte maat om de hoeveelheid of concentratie NO₂ in de lucht uit te drukken is microgram per kubieke meter buitenlucht. Microgram per kubieke meter wordt vaak korter geschreven als: μg/m3. Hoe hoger de concentratie (μg/m3) NO₂, hoe slechter de luchtkwaliteit is.


NO₂ en gezondheid

Blootstelling aan NO₂ kan samenhangen met een verminderde longfunctie. Ook een toename van luchtwegklachten en astma-aanvallen en een verhoogde gevoeligheid voor infecties komen voor. Omdat NO₂ in de buitenlucht altijd voorkomt in combinatie met andere door het verkeer uitgestoten componenten (zoals roetdeeltjes), is niet goed duidelijk in hoeverre dit aan het NO₂ zelf ligt of dat NO₂ vooral (ook) een indicator is voor het mengsel van schadelijke stoffen. De wereld gezondheidsorganisatie (WHO) heeft voor NO₂ een gezondheidskundige advieswaarde opgesteld voor lange termijn blootstelling. Dit is 10 microgram per kubieke meter (m3) als jaargemiddelde concentratie. Vanuit het oogpunt van gezondheid is het belangrijk dat de concentraties luchtverontreiniging zo laag mogelijk zijn. 


Welke factoren zijn van invloed op de NO₂ concentratie?

Het weer heeft een grote invloed op de NO₂ concentratie: in de zomer zijn de concentraties (veel) lager dan in de winter. Ook binnen een seizoen kunnen de 4-weeksgemiddelde concentraties sterk variëren. De windrichting en windkracht bepaalt onder andere hoeveel NO₂ er komt `aanwaaien` en in welke mate de verontreiniging ‘blijft hangen’. De 4-weeks gemiddelde concentraties kunnen daarom niet worden vergeleken met de grenswaarde voor het jaargemiddelde. De 4-weeksgemiddelden kunnen wel met elkaar worden vergeleken, en geven dan informatie over relatief meer of minder verontreinigde plekken. In Amsterdam is het verkeer de belangrijkste bron van NO₂. Daarom is op plekken met veel verkeer de NO₂ concentratie hoger dan op plekken met weinig verkeer. Op de kaart zijn de straat- en snelweglocaties de plekken met veel verkeer en de achtergrondlocaties de plekken met weinig verkeer.


Verschillende meetpunten

De NO₂-buisjes hangen op verschillende plekken in de stad en omgeving. Er zijn zes type meetpunten te onderscheiden. Dit zijn: achtergrond, straat, snelweg, waterweg, luchtvaart en industrie. Op de kaart zijn ook de automatische meetstations toegevoegd.


Achtergrond: dit zijn plekken waar weinig tot geen verkeer is. Rustige straten in een woonwijk zijn hier een voorbeeld van. De NO₂ concentratie is hier lager dan op de andere meetpunten.

Straat: dit zijn plekken aan drukke straten waar veel verkeer rijdt. Een voorbeeld hiervan zijn de buisjes op de Stadhouderskade in Amsterdam.

Snelweg: dit zijn plekken langs een snelweg, zoals langs de Ring A10.

Waterweg: dit zijn plekken waar scheepvaart langskomt, zoals op het Java-eiland.

Luchtvaart: dit zijn plekken die in de buurt van Schiphol liggen. Het gaat om de automatische meetstations Badhoevedorp, Hoofddorp en Oude Meer.

Industrie: dit zijn plekken in de buurt van industriële activiteiten zoals in de IJmond en bij het Havengebied van Amsterdam.
Op de kaart worden ook de door de GGD Amsterdam beheerde automatische meetstations getoond. Deze zijn te herkennen aan de naam `GGD meetstation`. Na het klikken op het bolletje staat er bij Type meting `Automatisch meetnet`. Bij NO₂-buisjes staat er bij Type meting `Palmes`. Op de meetstations worden 24 uur per dag en 7 dagen per week metingen uitgevoerd. Deze metingen kunnen via luchtmeetnet.nl worden bekeken. Op deze site is ook te zien waar de meetstations liggen. Om een goede vergelijking met de NO₂-buisjes te kunnen maken worden de 4-weeksgemiddelden getoond. Deze 4-weeksgemiddelden zijn de gemiddelden over dezelfde periode als de NO₂-buisjes. De jaargemiddelde waardes van de meetstations, die op maps.amsterdam.nl/no2 worden getoond, zijn gebaseerd op de periode 1 januari tot en met 31 december. Deze waardes kunnen iets afwijken van het gemiddelde van de dertien 4-weeksgemiddelden. De metingen van de NO₂-buisjes starten namelijk niet precies op 1 januari en eindigen niet precies op 31 december. 

Door de concentraties op straat-, snelweg-, industrie- of waterweglocaties te vergelijken met nabij gelegen achtergrondlocaties, kan iets gezegd worden over de bijdrage van de betreffende straat, snelweg, industrie of waterweg aan de lokale concentratie. 


Wettelijke toetsing

Wettelijke toetsing van de luchtkwaliteit gebeurt in Nederland op basis van berekeningen. Deze berekeningen worden jaarlijks uitgevoerd door het RIVM met de Monitoringstool. Meetgegevens van onder andere de GGD Amsterdam leveren input voor deze modelberekeningen. In de wetgeving is vastgelegd dat de luchtkwaliteit wordt berekend op wettelijke toetspunten. In de praktijk is dit in steden meestal aan de gevel van woningen of andere gebouwen waar mensen langdurig verblijven. Deze wettelijke toetsing met behulp van de Monitoringstool wordt aan het einde van elk jaar uitgevoerd voor het voorgaande kalenderjaar. Uitgebreide informatie over de Monitoringstool is te vinden op nsl-monitoring.nl. In Europa is afgesproken om de wettelijke grenswaarde voor NO₂ in 2030 aan te passen naar 20 microgram per m3.

Nieuwe meetlocaties worden zoveel mogelijk geplaatst op wettelijke toetsafstand (aan de gevel). De wettelijke toetsafstand is in het verleden echter enkele malen gewijzigd, en het was (en is) niet altijd mogelijk om exact op wettelijke toetsafstand te meten. Voor een goed beeld van de ontwikkeling van de luchtkwaliteit is het belangrijk om metingen langdurig op exact dezelfde plek uit te voeren. Een groot deel van de NO₂-buisjes metingen wordt daarom niet op wettelijke toetsafstand uitgevoerd, maar dichterbij de weg. Als je op een punt op de kaart klikt dan is te zien of het buisje op wettelijke toetsafstand hangt (ja/nee) en op welke afstand het buisje van de gevel hangt (in meters). De buisjes waarbij de afstand 0.1 meter is hangen aan de gevel.",https://maps.amsterdam.nl/no2,PointDS,PointMeasuresDS,"Geometry: The dataset contains 302 features, all of which are points representing specific NO2 measurement locations (monitoring stations/tubes). This fits the definition of a PointDS. | Entity: The dataset represents air quality measurement locations (NO2 concentrations) sampled at discrete points using automatic stations and passive samplers. This falls directly under the definition of PointMeasuresDS, where point locations sample a continuous environmental phenomenon.","The dataset contains 302 features, all of which are points representing specific NO2 measurement locations (monitoring stations/tubes). This fits the definition of a PointDS.","The dataset represents air quality measurement locations (NO2 concentrations) sampled at discrete points using automatic stations and passive samplers. This falls directly under the definition of PointMeasuresDS, where point locations sample a continuous environmental phenomenon.",Q3. Is the dataset mainly a measurement layer where point locations sample a continuous phenomenon?,,1.0,1.0,1.0,V3_evidence_based_gemini
60,Oergeul,Primeval gulch,https://maps.amsterdam.nl/open_geodata/?k=242,https://maps.amsterdam.nl/oergeul,OERGEUL,PlainVectorRegion,PatchDS,De oergeul,"Bij stedelijke ontwikkelingen rondom het IJ is het van belang om rekening te houden met de ligging van de Oergeul. Met de Oergeul of het Oer-IJ wordt de oude getijdengeul bedoeld die de voorloper was van het huidige IJ-meer. Kenmerkend voor de Oergeul is dat de 1e en 2e zandlaag hier deels of volledig zijn geërodeerd en dat deze geul vervolgens is opgevuld met slappe klei en sliblagen tot een diepte van maximaal NAP -30 m. 

De afwezigheid van deze draagkrachtige lagen is daarmee mede bepalend voor ontwikkelingen in plangebieden rondom het IJ, zoals Haven-Stad, IJburg en het Zeeburgereiland. Civieltechnische constructies binnen het geulengebied zullen naar verwachting vrijwel allemaal op de 3e zandlaag gefundeerd moeten worden wat resulteert in funderingspalen tot een diepte van maximaal 60 m -NAP voor het centrum en havengebied. Doordat de kosten van funderen aanzienlijk hoger zijn in het gebied van het Oer-IJ, wordt er vaak besloten het stedenbouwkundig ontwerp hier op aan te passen, bijvoorbeeld door in het gebied van het Oer-IJ hoogbouw te plaatsen (Zeeburgereiland), niet te bouwen (Strandeiland) of te funderen op staal. Ook zullen zettingen bij ophogingen ter plaatse van de Oergeul groter zijn. 

In het verleden is de Oergeul minstens tweemaal eerder in kaart gebracht, doordat er nu meer grondonderzoek beschikbaar is, is deze kaart weer toe aan een update. Deze kaarten, OMEGAM (1980) en Rijks Geologische Dienst (1990), geven een nogal verschillend beeld van de ligging van de Oergeul. Voor een project bij Haven-Stad kwam uit een analyse van beschikbare sonderingen een ander beeld van de ligging van de Oergeul naar voren dan verwacht op basis van de oude kaarten. Dit vormde de aanleiding om te starten met een actualisatie van de kaart van de Oergeul voor Havenstad en later heel Amsterdam. 


Figuur 1: Standaard bodemopbouw van Amsterdam, met 3 voorbeeld sonderingen (conusweerstand) (de Gans, 2011).


Conclusies en Disclaimer

De kaart van de Oergeul is vernieuwd op basis van de sonderingen bekend bij het Ingenieursbureau in najaar 2017. De nauwkeurigheid is evenredig met de dichtheid aan sonderingen. daar waar de hoeveelheid sonderingen groot is, is de Oergeul met meer zekerheid ingetekend dan waar de hoeveelheid aanwezige sonderingen laag is. De Oergeul zoals weergegeven in de kaart blijft een interpretatie, bij gebruik dient hier rekening mee te worden gehouden. De plaatsnauwkeurigheid (GPS) van de gebruikte sonderingen is niet meegenomen bij de interpretatie. GPS metingen zijn de afgelopen jaren steeds nauwkeuriger geworden. Door onnauwkeurigheden in locatiebepaling en conversies tussen coördinatenstelsels (RD old naar RD new), kan het zijn dat de kaartlocatie van grondonderzoek afwijkt van de juiste locatie.
De kaart komt het best tot zijn recht wanneer deze wordt afgebeeld in combinatie met het grondonderzoek waar hij op gebaseerd is. 


Contact

Wanneer je aanvullende informatie (sonderingen, boringen) hebt, geïnteresseerd bent om mee te denken in de doorontwikkeling óf gewoon meer inzicht wilt krijgen in de ligging van de Oergeul binnen jouw plangebied, neem dan contact op met Duco de Vries (
duco.de.vries@amsterdam.nl
) of Nienke Lanting (
n.lanting@amsterdam.nl
). Voor de doorontwikkeling en kansen en risico`s van de ondergrond in de brede zin binnen projecten kun je contact opnemen met Lidwien Besselink (
l.besselink@amsterdam.nl
).",https://maps.amsterdam.nl/oergeul,PlainVectorRegion,PatchDS,"Geometry: The dataset represents specific geological features (the ancient river gulch/Oergeul). These are discrete, isolated area-based polygons that do not partition the study area or form a systematic tessellation. | Entity: The map delineates the 'Oergeul' (primeval gulch), an area defined by specific geological characteristics affecting soil stability and construction requirements. It is not an administrative unit (LatticeDS), an exhaustive classification (CoverageDS), or a contour band (ContourDS). It is a bounded phenomenon extent where specific conditions apply, fitting the PatchDS definition perfectly.","The dataset represents specific geological features (the ancient river gulch/Oergeul). These are discrete, isolated area-based polygons that do not partition the study area or form a systematic tessellation.","The map delineates the 'Oergeul' (primeval gulch), an area defined by specific geological characteristics affecting soil stability and construction requirements. It is not an administrative unit (LatticeDS), an exhaustive classification (CoverageDS), or a contour band (ContourDS). It is a bounded phenomenon extent where specific conditions apply, fitting the PatchDS definition perfectly.",Region Q9 PatchDS,,0.975,1.0,0.95,V3_evidence_based_gemini
61,Oergeul - sonderingen,Primeval gulch - soundings,https://maps.amsterdam.nl/open_geodata/?k=243,https://maps.amsterdam.nl/oergeul,OERGEUL_SONDERINGEN,PointDS,PointMeasuresDS;EventDS,De oergeul,"Bij stedelijke ontwikkelingen rondom het IJ is het van belang om rekening te houden met de ligging van de Oergeul. Met de Oergeul of het Oer-IJ wordt de oude getijdengeul bedoeld die de voorloper was van het huidige IJ-meer. Kenmerkend voor de Oergeul is dat de 1e en 2e zandlaag hier deels of volledig zijn geërodeerd en dat deze geul vervolgens is opgevuld met slappe klei en sliblagen tot een diepte van maximaal NAP -30 m. 

De afwezigheid van deze draagkrachtige lagen is daarmee mede bepalend voor ontwikkelingen in plangebieden rondom het IJ, zoals Haven-Stad, IJburg en het Zeeburgereiland. Civieltechnische constructies binnen het geulengebied zullen naar verwachting vrijwel allemaal op de 3e zandlaag gefundeerd moeten worden wat resulteert in funderingspalen tot een diepte van maximaal 60 m -NAP voor het centrum en havengebied. Doordat de kosten van funderen aanzienlijk hoger zijn in het gebied van het Oer-IJ, wordt er vaak besloten het stedenbouwkundig ontwerp hier op aan te passen, bijvoorbeeld door in het gebied van het Oer-IJ hoogbouw te plaatsen (Zeeburgereiland), niet te bouwen (Strandeiland) of te funderen op staal. Ook zullen zettingen bij ophogingen ter plaatse van de Oergeul groter zijn. 

In het verleden is de Oergeul minstens tweemaal eerder in kaart gebracht, doordat er nu meer grondonderzoek beschikbaar is, is deze kaart weer toe aan een update. Deze kaarten, OMEGAM (1980) en Rijks Geologische Dienst (1990), geven een nogal verschillend beeld van de ligging van de Oergeul. Voor een project bij Haven-Stad kwam uit een analyse van beschikbare sonderingen een ander beeld van de ligging van de Oergeul naar voren dan verwacht op basis van de oude kaarten. Dit vormde de aanleiding om te starten met een actualisatie van de kaart van de Oergeul voor Havenstad en later heel Amsterdam. 


Figuur 1: Standaard bodemopbouw van Amsterdam, met 3 voorbeeld sonderingen (conusweerstand) (de Gans, 2011).


Conclusies en Disclaimer

De kaart van de Oergeul is vernieuwd op basis van de sonderingen bekend bij het Ingenieursbureau in najaar 2017. De nauwkeurigheid is evenredig met de dichtheid aan sonderingen. daar waar de hoeveelheid sonderingen groot is, is de Oergeul met meer zekerheid ingetekend dan waar de hoeveelheid aanwezige sonderingen laag is. De Oergeul zoals weergegeven in de kaart blijft een interpretatie, bij gebruik dient hier rekening mee te worden gehouden. De plaatsnauwkeurigheid (GPS) van de gebruikte sonderingen is niet meegenomen bij de interpretatie. GPS metingen zijn de afgelopen jaren steeds nauwkeuriger geworden. Door onnauwkeurigheden in locatiebepaling en conversies tussen coördinatenstelsels (RD old naar RD new), kan het zijn dat de kaartlocatie van grondonderzoek afwijkt van de juiste locatie.
De kaart komt het best tot zijn recht wanneer deze wordt afgebeeld in combinatie met het grondonderzoek waar hij op gebaseerd is. 


Contact

Wanneer je aanvullende informatie (sonderingen, boringen) hebt, geïnteresseerd bent om mee te denken in de doorontwikkeling óf gewoon meer inzicht wilt krijgen in de ligging van de Oergeul binnen jouw plangebied, neem dan contact op met Duco de Vries (
duco.de.vries@amsterdam.nl
) of Nienke Lanting (
n.lanting@amsterdam.nl
). Voor de doorontwikkeling en kansen en risico`s van de ondergrond in de brede zin binnen projecten kun je contact opnemen met Lidwien Besselink (
l.besselink@amsterdam.nl
).",https://maps.amsterdam.nl/oergeul,PointDS,PointMeasuresDS,"Geometry: The dataset represents ground soundings (sonderingen), which are discrete borehole measurements at specific locations. This is confirmed by the geometry_type_counts showing only Points and metadata describing the data as individual soundings. | Entity: The map displays 'sonderingen' (soundings/soil penetration tests) which are discrete point-sampled measurements used to analyze the soil properties (depth to Pleistocene layers). This matches the criteria for PointMeasuresDS as the points are samples of a continuous geological phenomenon.","The dataset represents ground soundings (sonderingen), which are discrete borehole measurements at specific locations. This is confirmed by the geometry_type_counts showing only Points and metadata describing the data as individual soundings.",The map displays 'sonderingen' (soundings/soil penetration tests) which are discrete point-sampled measurements used to analyze the soil properties (depth to Pleistocene layers). This matches the criteria for PointMeasuresDS as the points are samples of a continuous geological phenomenon.,Q3. Is the dataset mainly a measurement layer where point locations sample a continuous phenomenon?,,0.95,1.0,0.9,V3_evidence_based_gemini
62,Ontwikkelbuurten,Development neighbourhoods,https://maps.amsterdam.nl/open_geodata/?k=279,https://maps.amsterdam.nl/ontwikkelbuurten,ONTWIKKELBUURTEN,PlainVectorRegion,ObjectDS,,,,PlainVectorRegion,ObjectDS,"Geometry: The dataset represents specific development neighbourhoods ('Ontwikkelbuurten') which are a subset of urban areas rather than an exhaustive partition of the city. The low polygon count and topology hints support its classification as a PlainVectorRegion. | Entity: The dataset represents 'Ontwikkelbuurten' (development neighbourhoods), which are specific, named municipal projects or managed development areas. While they sound like administrative units (LatticeDS), they are not exhaustive statistical divisions but rather discrete, managed sites/projects as indicated by the 'projecten' URLs and the specific nature of the mapping. Therefore, ObjectDS is the most appropriate entity classification.",The dataset represents specific development neighbourhoods ('Ontwikkelbuurten') which are a subset of urban areas rather than an exhaustive partition of the city. The low polygon count and topology hints support its classification as a PlainVectorRegion.,"The dataset represents 'Ontwikkelbuurten' (development neighbourhoods), which are specific, named municipal projects or managed development areas. While they sound like administrative units (LatticeDS), they are not exhaustive statistical divisions but rather discrete, managed sites/projects as indicated by the 'projecten' URLs and the specific nature of the mapping. Therefore, ObjectDS is the most appropriate entity classification.",Region Q7 ObjectDS,,0.9,0.9,0.9,V3_evidence_based_gemini
63,Openbare toiletten,Public toilets,https://maps.amsterdam.nl/open_geodata/?k=240,https://maps.amsterdam.nl/openbare_toiletten,OPENBARE_TOILETTEN,PointDS,ObjectDS,Openbare toiletten,"Op deze kaart zie je de gemeentelijke toiletvoorzieningen in de openbare ruimte, in de gemeentelijke fietsenstallingen, in onze (kantoor)gebouwen en in onze parkeergarages. De toiletten in autoparkeergarages zijn alleen te bereiken met een parkeerkaart, dus niet volledig openbaar. 

De uriliften (verzinkbare toiletvoorzieningen) zijn alleen `s nachts te gebruiken. Seizoenstoiletten zijn mobiele toiletcabines en staan er alleen in de zomermaanden. 

Mis je een gemeentelijk openbaar toilet, of vind je een fout op de kaart? Geef het dan aan ons door. We werken er aan om onze data te verbeteren. 

Alle toiletten in de stad die beschikbaar zijn voor mensen met `hoge nood`, dus óók bij horeca, politiebureaus, bibliotheken en andere semiopenbare gebouwen, zijn te vinden via de speciale Hoge Nood App. Wil je onderweg een volledig overzicht van alle toiletten die in de buurt beschikbaar zijn, dan kun je gratis deze app downloaden op je smartphone. Daarin vind je óók alle toiletten van de gemeente.",https://maps.amsterdam.nl/openbare_toiletten,PointDS,ObjectDS,"Geometry: The dataset represents locations of public toilets, which are naturally point features. This is confirmed by the geometry_type_counts showing only Points. | Entity: The map features represent distinct, identifiable municipal toilet facilities located at specific points. The attributes (like type, price, opening hours) are descriptive properties of these assets, not a central numeric magnitude or a measurement sampling a phenomenon. The layer describes physical locations and facilities, fitting the definition of ObjectDS perfectly.","The dataset represents locations of public toilets, which are naturally point features. This is confirmed by the geometry_type_counts showing only Points.","The map features represent distinct, identifiable municipal toilet facilities located at specific points. The attributes (like type, price, opening hours) are descriptive properties of these assets, not a central numeric magnitude or a measurement sampling a phenomenon. The layer describes physical locations and facilities, fitting the definition of ObjectDS perfectly.",Region Q7 ObjectDS,,1.0,1.0,1.0,V3_evidence_based_gemini
64,Overnachtingsbeleid,Overnight policy,https://maps.amsterdam.nl/open_geodata/?k=227,https://maps.amsterdam.nl/overnachtingsbeleid,OVERNACHTINGSBELEID,VectorTessellation,CoverageDS,Overnachtingsbeleid,[No description embedded on page],https://maps.amsterdam.nl/overnachtingsbeleid,VectorTessellation,PatchDS,"Geometry: The dataset represents a spatial partition of the city based on neighborhood boundaries for policy classification. The high shared boundary ratio and adjacency metrics indicate a complete tessellation of the study area. | Entity: The layer maps zones where specific 'overnight policy' (Overnachtingsbeleid) conditions apply. Since these areas define policy restrictions (e.g., hotel development allowed or restricted) rather than being administrative reporting units (LatticeDS) or exhaustive thematic classifications (CoverageDS), PatchDS is the correct classification.",The dataset represents a spatial partition of the city based on neighborhood boundaries for policy classification. The high shared boundary ratio and adjacency metrics indicate a complete tessellation of the study area.,"The layer maps zones where specific 'overnight policy' (Overnachtingsbeleid) conditions apply. Since these areas define policy restrictions (e.g., hotel development allowed or restricted) rather than being administrative reporting units (LatticeDS) or exhaustive thematic classifications (CoverageDS), PatchDS is the correct classification.",Region Q9 PatchDS,,0.925,0.95,0.9,V3_evidence_based_gemini
65,Parkeernormen Auto,Parking standards Cars,https://maps.amsterdam.nl/open_geodata/?k=239,https://maps.amsterdam.nl/parkeernormen,PARKEERNORMEN,VectorTessellation,CoverageDS,Parkeernormen Auto,"Gebiedsindeling horende bij de Nota Parkeernormen Auto. Per gebied zijn verschillende eisen van toepassing bij nieuwbouwprojecten. 

Voor uitgebreide toelichting lees de Parkeernormen",https://maps.amsterdam.nl/parkeernormen,VectorTessellation,CoverageDS,"Geometry: The dataset represents a formal zoning division of the city into areas with distinct parking requirements. As a complete partition of the study area with high shared boundary connectivity and no overlaps, it fits the definition of a vector tessellation. | Entity: The layer represents an exhaustive thematic area classification for parking standards ('Gebiedsindeling'), where each region is assigned a specific policy category (A, B, or C). Since these categories partition the study area into mutually exclusive thematic classes, it functions as a coverage.","The dataset represents a formal zoning division of the city into areas with distinct parking requirements. As a complete partition of the study area with high shared boundary connectivity and no overlaps, it fits the definition of a vector tessellation.","The layer represents an exhaustive thematic area classification for parking standards ('Gebiedsindeling'), where each region is assigned a specific policy category (A, B, or C). Since these categories partition the study area into mutually exclusive thematic classes, it functions as a coverage.",Region Q5 CoverageDS,,0.925,0.95,0.9,V3_evidence_based_gemini
66,"Parken, plantsoenen en recreatief groen",City parks en public green,https://maps.amsterdam.nl/open_geodata/?k=99,https://maps.amsterdam.nl/stadsparken,PARKPLANTSOENGROEN,PlainVectorRegion,ObjectDS,"Stadsparken, plantsoenen en recreatief groen","In Amsterdam is het parkbezoek de laatste jaren explosief gestegen. Niet alleen bezoeken meer Amsterdammers de parken, ze doen dat ook veel vaker. Bovendien is het activiteitenpatroon veranderd: naast de traditionele activiteiten als wandelen, fietsen en van de natuur genieten, zijn daar veel en verschillende activiteiten bijgekomen als sporten, joggen, picknicken, lezen, werken, horecabezoek en het bijwonen van culturele evenementen.
Het park is een wezenlijk onderdeel van het stedelijk leven van alledag geworden. Zo wezenlijk dat de helft van de nieuwe bewoners aangeeft dat de aanwezigheid van een stadspark met deze gevarieerde mogelijkheden een belangrijke reden is geweest zich op een bepaalde plek te vestigen. Dat geldt overigens ook voor bijna de helft van de startende ondernemingen in Amsterdam. ‘Succesvolle’ parken zijn een niet te veronachtzamen vestigingsmotief geworden. Deze feitelijkheden zijn gebaseerd op de twee Grote Groenonderzoeken uit 1996 en 2008.

Op de eerste mooie lente dag in april 2011 was het Vondelpark overvol. Zo vol dat de ME er aan te pas moest komen om het Vondelpark na een grote vechtpartij te ontruimen. Dit terwijl het nabijgelegen Rembrandtpark op dat moment zo goed als leeg was. 
Hoe kunnen we deze excessen voorkomen? Parken als het Rembrandtpark en het Flevopark staan op het punt om herontdekt te worden. Hoe stimuleren we die ontwikkeling en wat is daarvoor nodig? Om antwoord te krijgen op deze vragen is het belangrijk om alle gegevens van de Amsterdamse parken op orde te hebben.

De 
Atlas Stadsparken Amsterdam >
geeft een overzicht van een aantal ruimtelijke elementen, de bereikbaarheid, de ontsluiting, de voorzieningen en gegevens uit het Grote Groen Onderzoek m.b.t. het gebruik. Het is in die zin een aanvulling op het Grote Groen Onderzoek. Juist de combinatie van alle gegevens tezamen met de beleving van de gebruikers geeft inzicht in het functioneren en het succes van een park.
Deze Atlas laat de diversiteit van de parken in de stad zien. Elk park heeft z’n eigen context zowel ruimtelijk als sociaal-economisch. De beleving van de gebruikers is per doelgroep verschillend en kan per jaar veranderen door nieuwe trends in het gebruik van parken.
Het doel van de Atlas is om professionals inzicht te geven in de beschikbare gegevens van parken. Nieuwe ontwikkelingen en aanvullingen over de Amsterdamse parken zijn welkom en kunnen worden opgenomen in de Atlas. Daarvoor kunt u contact opnemen met de bronhouder.",https://maps.amsterdam.nl/stadsparken,PlainVectorRegion,ObjectDS,"Geometry: The dataset represents individual city parks and green spaces. These are distinct thematic features that do not cover the entire city area, therefore they do not form a tessellation. | Entity: The dataset represents distinct, named parks and public green areas, which are identifiable managed urban assets. This aligns with the definition of ObjectDS. It does not represent a full-area classification (CoverageDS), statistical reporting units (LatticeDS), or phenomenon-specific patches (PatchDS).","The dataset represents individual city parks and green spaces. These are distinct thematic features that do not cover the entire city area, therefore they do not form a tessellation.","The dataset represents distinct, named parks and public green areas, which are identifiable managed urban assets. This aligns with the definition of ObjectDS. It does not represent a full-area classification (CoverageDS), statistical reporting units (LatticeDS), or phenomenon-specific patches (PatchDS).",Region Q7 ObjectDS,,0.925,0.95,0.9,V3_evidence_based_gemini
67,Postcode4-buurten,Zipcode4 shapes,https://maps.amsterdam.nl/open_geodata/?k=192,https://maps.amsterdam.nl/postcode,PC4_BUURTEN,VectorTessellation,LatticeDS,Postcode6 en Postcode4 vlakken,"Elk adres in de BAG heeft een postcode6.
Rond elk adres is een buffertje (vlakje) gemaakt. 
Buffertjes met dezelfde postcode zijn samengevoegd tot 1 postcodevlak. 
Bij hoekpanden met adressen aan beide straatzijden overlappen soms postcodevlakken.
Soms loopt een postcodevlak in een andere straat verder.
Het kan voorkomen dat een BAG-adres een verkeerde postcode heeft.

De postcode4-gebieden volgen zoveel als mogelijk de administratieve buurtgrenzen.

De postcode6-punten MRA (1 punt per postcode6) zijn berekend als de gemiddelde coördinaat van de verblijfsobjecten, de standplaatsen en de ligplaatsen met dezelfde postcode6.",https://maps.amsterdam.nl/postcode,VectorTessellation,LatticeDS,"Geometry: The dataset represents postcode4 areas which form a complete administrative partition of the city. High shared boundary ratio and topological indicators confirm it functions as a tessellation of the city space. | Entity: The dataset maps 'Postcode4' areas, which are administrative and statistical reporting units used to group addresses. These units are used for indexing and geographic reporting of data, fitting the criteria for LatticeDS.",The dataset represents postcode4 areas which form a complete administrative partition of the city. High shared boundary ratio and topological indicators confirm it functions as a tessellation of the city space.,"The dataset maps 'Postcode4' areas, which are administrative and statistical reporting units used to group addresses. These units are used for indexing and geographic reporting of data, fitting the criteria for LatticeDS.",Region Q4 LatticeDS,,0.95,0.95,0.95,V3_evidence_based_gemini
68,Postcode4-buurten excl. water,Zipcode4 shapes excl. water,https://maps.amsterdam.nl/open_geodata/?k=193,https://maps.amsterdam.nl/postcode,PC4_BUURTEN_EXWATER,VectorTessellation,LatticeDS,Postcode6 en Postcode4 vlakken,"Elk adres in de BAG heeft een postcode6.
Rond elk adres is een buffertje (vlakje) gemaakt. 
Buffertjes met dezelfde postcode zijn samengevoegd tot 1 postcodevlak. 
Bij hoekpanden met adressen aan beide straatzijden overlappen soms postcodevlakken.
Soms loopt een postcodevlak in een andere straat verder.
Het kan voorkomen dat een BAG-adres een verkeerde postcode heeft.

De postcode4-gebieden volgen zoveel als mogelijk de administratieve buurtgrenzen.

De postcode6-punten MRA (1 punt per postcode6) zijn berekend als de gemiddelde coördinaat van de verblijfsobjecten, de standplaatsen en de ligplaatsen met dezelfde postcode6.",https://maps.amsterdam.nl/postcode,VectorTessellation,LatticeDS,"Geometry: The dataset represents Postcode4 areas, which are administrative units intended to cover the study area as a partition. High shared boundary ratio and adjacency counts support the classification as a VectorTessellation. | Entity: The dataset represents Postcode4 areas, which are administrative reporting units used for geographical aggregation. The description confirms they follow administrative boundaries, classifying them as LatticeDS.","The dataset represents Postcode4 areas, which are administrative units intended to cover the study area as a partition. High shared boundary ratio and adjacency counts support the classification as a VectorTessellation.","The dataset represents Postcode4 areas, which are administrative reporting units used for geographical aggregation. The description confirms they follow administrative boundaries, classifying them as LatticeDS.",Region Q4 LatticeDS,,0.95,1.0,0.9,V3_evidence_based_gemini
69,Postcode6-vlakken BAG,Zipcode6 shapes,https://maps.amsterdam.nl/open_geodata/?k=191,https://maps.amsterdam.nl/postcode,PC6_VLAKKEN_BAG,PlainVectorRegion,ObjectDS,Postcode6 en Postcode4 vlakken,"Elk adres in de BAG heeft een postcode6.
Rond elk adres is een buffertje (vlakje) gemaakt. 
Buffertjes met dezelfde postcode zijn samengevoegd tot 1 postcodevlak. 
Bij hoekpanden met adressen aan beide straatzijden overlappen soms postcodevlakken.
Soms loopt een postcodevlak in een andere straat verder.
Het kan voorkomen dat een BAG-adres een verkeerde postcode heeft.

De postcode4-gebieden volgen zoveel als mogelijk de administratieve buurtgrenzen.

De postcode6-punten MRA (1 punt per postcode6) zijn berekend als de gemiddelde coördinaat van de verblijfsobjecten, de standplaatsen en de ligplaatsen met dezelfde postcode6.",https://maps.amsterdam.nl/postcode,VectorTessellation,LatticeDS,"Geometry: The dataset represents Postcode6 areas, which are administrative units intended to cover the city completely. Although the polygon topology hints suggest PlainVectorRegion due to the specific creation method (buffering), the end result is a systematic partition of the study area into non-overlapping or boundary-aligned units, which fits the definition of VectorTessellation. | Entity: The dataset represents postcode6 areas, which serve as statistical and administrative reporting units for spatial data aggregation in the Netherlands, aligning with the definition of LatticeDS.","The dataset represents Postcode6 areas, which are administrative units intended to cover the city completely. Although the polygon topology hints suggest PlainVectorRegion due to the specific creation method (buffering), the end result is a systematic partition of the study area into non-overlapping or boundary-aligned units, which fits the definition of VectorTessellation.","The dataset represents postcode6 areas, which serve as statistical and administrative reporting units for spatial data aggregation in the Netherlands, aligning with the definition of LatticeDS.",Region Q4 LatticeDS,,0.9,0.9,0.9,V3_evidence_based_gemini
70,Plusnetten en Hoofdnetten,Plus and Main networks infrastructure,https://maps.amsterdam.nl/open_geodata/?k=233,https://maps.amsterdam.nl/plushoofdnetten,PLUSHOOFDNETTEN,LineDS,NetworkDS,Plusnetten en hoofdnetten infrastructuur,"Deze kaart is geactualiseerd op 3 juli 2023 n.a.v. aanpassingen aan het Beleidskader Verkeersnetten in het eerste kwartaal van 2023

Met het benoemen van Plus- en Hoofdnetten laat Amsterdam zien waar welke vervoerwijze het meeste prioriteit verdient bij de toedeling van ruimte in straten en voorrang op kruisingen. 
De wijze waarop dit gebeurt staat beschreven in het Beleidskader Verkeersnetten Amsterdam, dat op 24 januari 2018 is vastgesteld door de Gemeenteraad. 
Meer informatie over het Beleidskader is te vinden op https://www.amsterdam.nl/parkeren-verkeer/infrastructuur/verkeersnetten


Plusnetten

Gericht op het bieden van (doorstroom)kwaliteit voor grote verkeersstromen met de hoogste prioriteit als er afwegingen gemaakt moeten worden tussen netwerken.


Hoofdnetten

Gericht op het behouden van voldoende ruimte om het verkeer af te kunnen wikkelen.",https://maps.amsterdam.nl/plushoofdnetten,LineDS,NetworkDS,"Geometry: The dataset contains 9230 LineString features representing road networks (Plus and Main networks), which are linear infrastructure elements rather than polygons or points. | Entity: The dataset represents a traffic network infrastructure system (Plus- and Main networks for pedestrians, cyclists, trams, buses, and cars) in Amsterdam. It describes connected transport links for which the city sets priorities, matching the definition of NetworkDS.","The dataset contains 9230 LineString features representing road networks (Plus and Main networks), which are linear infrastructure elements rather than polygons or points.","The dataset represents a traffic network infrastructure system (Plus- and Main networks for pedestrians, cyclists, trams, buses, and cars) in Amsterdam. It describes connected transport links for which the city sets priorities, matching the definition of NetworkDS.",Network priority check,,1.0,1.0,1.0,V3_evidence_based_gemini
71,Plusnetten Voetgangersgebied,Plusnetworks pedestrians,https://maps.amsterdam.nl/open_geodata/?k=84,https://maps.amsterdam.nl/plushoofdnetten,PLUSHOOFDNETTEN_VOETGEBIED,PlainVectorRegion,PatchDS,Plusnetten en hoofdnetten infrastructuur,"Deze kaart is geactualiseerd op 3 juli 2023 n.a.v. aanpassingen aan het Beleidskader Verkeersnetten in het eerste kwartaal van 2023

Met het benoemen van Plus- en Hoofdnetten laat Amsterdam zien waar welke vervoerwijze het meeste prioriteit verdient bij de toedeling van ruimte in straten en voorrang op kruisingen. 
De wijze waarop dit gebeurt staat beschreven in het Beleidskader Verkeersnetten Amsterdam, dat op 24 januari 2018 is vastgesteld door de Gemeenteraad. 
Meer informatie over het Beleidskader is te vinden op https://www.amsterdam.nl/parkeren-verkeer/infrastructuur/verkeersnetten


Plusnetten

Gericht op het bieden van (doorstroom)kwaliteit voor grote verkeersstromen met de hoogste prioriteit als er afwegingen gemaakt moeten worden tussen netwerken.


Hoofdnetten

Gericht op het behouden van voldoende ruimte om het verkeer af te kunnen wikkelen.",https://maps.amsterdam.nl/plushoofdnetten,PlainVectorRegion,PatchDS,"Geometry: The dataset represents specific pedestrian zones (Plusnetten) rather than a complete administrative or statistical partition of the city. The topology hints show low shared boundaries and low fill ratios, supporting the classification as discrete thematic regions. | Entity: The map depicts specific zones (pedestrian areas, squares, and parks) where a particular traffic policy ('Beleidskader Verkeersnetten') applies. While the broader dataset is part of a traffic network framework, these specific polygon regions represent applicability zones for pedestrian priority, fitting the definition of PatchDS. They are not reporting units (LatticeDS), exhaustive land-use coverages (CoverageDS), or identifiable managed assets in the sense of buildings or singular projects (ObjectDS).","The dataset represents specific pedestrian zones (Plusnetten) rather than a complete administrative or statistical partition of the city. The topology hints show low shared boundaries and low fill ratios, supporting the classification as discrete thematic regions.","The map depicts specific zones (pedestrian areas, squares, and parks) where a particular traffic policy ('Beleidskader Verkeersnetten') applies. While the broader dataset is part of a traffic network framework, these specific polygon regions represent applicability zones for pedestrian priority, fitting the definition of PatchDS. They are not reporting units (LatticeDS), exhaustive land-use coverages (CoverageDS), or identifiable managed assets in the sense of buildings or singular projects (ObjectDS).",Region Q9 PatchDS,,0.925,0.95,0.9,V3_evidence_based_gemini
72,Privacy - Masten,Privacy - Masts,https://maps.amsterdam.nl/open_geodata/?k=304,https://maps.amsterdam.nl/privacy,PRIVACY_AISMASTEN,PointDS,ObjectDS,Persoonsgegevensverwerking in de openbare ruimte,"Persoonsgegevensverwerkingen onder verantwoordelijkheid van het college van B&W van de gemeente Amsterdam in de openbare ruimte van de gemeente Amsterdam.


Deze kaart vertelt u waar onder verantwoordelijkheid van het college van B&W van de gemeente Amsterdam in de openbare ruimte persoonsgegevens verwerkt worden, en voor welk doel dit gebeurt. De Algemene Verordening Gegevensbescherming (AVG) is van toepassing op deze persoonsgegevensverwerkingen. 
Klik op een gekleurde stip op de kaart voor de privacyverklaring die bij een bepaalde camera of sensor hoort. In deze privacyverklaring staat meer gedetailleerde informatie over hoe de gemeente Amsterdam met uw persoonsgegevens omgaat. 

Als u informatie wilt over de verwerking van uw persoonsgegevens door de gemeente Amsterdam die niet in de openbare ruimte plaatsvinden, of als u wilt weten hoe u een klacht kunt indienen, klik dan hier.

N.B. De camera’s die onder verantwoordelijkheid van de burgemeester in het kader van de handhaving van de openbare orde zijn geplaatst, vallen niet onder de AVG en staan niet op deze kaart. De locaties van deze openbare-orde-camera’s treft u elders op de website van de gemeente Amsterdam aan.",https://maps.amsterdam.nl/privacy,PointDS,ObjectDS,"Geometry: The map layer represents specific locations of sensors and cameras, explicitly described as points to be clicked for privacy statements, and the dataset geometry contains only Point features. | Entity: The map points represent specific real-world locations (e.g., bridges, offices) where privacy-related processing equipment exists. These are identifiable assets or facilities rather than points representing sampled measurements of a continuous phenomenon or statistical units. Following Branch A, these are clearly countable, discrete real-world objects.","The map layer represents specific locations of sensors and cameras, explicitly described as points to be clicked for privacy statements, and the dataset geometry contains only Point features.","The map points represent specific real-world locations (e.g., bridges, offices) where privacy-related processing equipment exists. These are identifiable assets or facilities rather than points representing sampled measurements of a continuous phenomenon or statistical units. Following Branch A, these are clearly countable, discrete real-world objects.",Branch A Q4-A (ObjectDS),,0.95,1.0,0.9,V3_evidence_based_gemini
73,Privacy - Overig,Privacy - Other,https://maps.amsterdam.nl/open_geodata/?k=306,https://maps.amsterdam.nl/privacy,PRIVACY_OVERIG,PointDS,ObjectDS,Persoonsgegevensverwerking in de openbare ruimte,"Persoonsgegevensverwerkingen onder verantwoordelijkheid van het college van B&W van de gemeente Amsterdam in de openbare ruimte van de gemeente Amsterdam.


Deze kaart vertelt u waar onder verantwoordelijkheid van het college van B&W van de gemeente Amsterdam in de openbare ruimte persoonsgegevens verwerkt worden, en voor welk doel dit gebeurt. De Algemene Verordening Gegevensbescherming (AVG) is van toepassing op deze persoonsgegevensverwerkingen. 
Klik op een gekleurde stip op de kaart voor de privacyverklaring die bij een bepaalde camera of sensor hoort. In deze privacyverklaring staat meer gedetailleerde informatie over hoe de gemeente Amsterdam met uw persoonsgegevens omgaat. 

Als u informatie wilt over de verwerking van uw persoonsgegevens door de gemeente Amsterdam die niet in de openbare ruimte plaatsvinden, of als u wilt weten hoe u een klacht kunt indienen, klik dan hier.

N.B. De camera’s die onder verantwoordelijkheid van de burgemeester in het kader van de handhaving van de openbare orde zijn geplaatst, vallen niet onder de AVG en staan niet op deze kaart. De locaties van deze openbare-orde-camera’s treft u elders op de website van de gemeente Amsterdam aan.",https://maps.amsterdam.nl/privacy,PointDS,ObjectDS,"Geometry: The map layer represents locations of sensors and cameras in public space. The metadata refers to 'gekleurde stip' (colored dot) and the geometry_type_counts confirms only Point geometries exist. | Entity: The map displays specific locations (points) where data processing activities occur (e.g., studies, pilots). Each point represents a discrete, identifiable project or site with its own privacy declaration. While sensors may be involved, the points represent the administrative/management project site itself rather than a measurement of a continuous phenomenon. Therefore, ObjectDS is the most appropriate label.",The map layer represents locations of sensors and cameras in public space. The metadata refers to 'gekleurde stip' (colored dot) and the geometry_type_counts confirms only Point geometries exist.,"The map displays specific locations (points) where data processing activities occur (e.g., studies, pilots). Each point represents a discrete, identifiable project or site with its own privacy declaration. While sensors may be involved, the points represent the administrative/management project site itself rather than a measurement of a continuous phenomenon. Therefore, ObjectDS is the most appropriate label.","Branch A, Q4, Answer A: A distinct, countable, real-world thing, place, facility, asset, or project",,0.95,1.0,0.9,V3_evidence_based_gemini
74,Privacy - Wagenparkscan,Privacy - Car fleet scan,https://maps.amsterdam.nl/open_geodata/?k=305,https://maps.amsterdam.nl/privacy,PRIVACY_WAGENPARKSCAN,PointDS,ObjectDS,Persoonsgegevensverwerking in de openbare ruimte,"Persoonsgegevensverwerkingen onder verantwoordelijkheid van het college van B&W van de gemeente Amsterdam in de openbare ruimte van de gemeente Amsterdam.


Deze kaart vertelt u waar onder verantwoordelijkheid van het college van B&W van de gemeente Amsterdam in de openbare ruimte persoonsgegevens verwerkt worden, en voor welk doel dit gebeurt. De Algemene Verordening Gegevensbescherming (AVG) is van toepassing op deze persoonsgegevensverwerkingen. 
Klik op een gekleurde stip op de kaart voor de privacyverklaring die bij een bepaalde camera of sensor hoort. In deze privacyverklaring staat meer gedetailleerde informatie over hoe de gemeente Amsterdam met uw persoonsgegevens omgaat. 

Als u informatie wilt over de verwerking van uw persoonsgegevens door de gemeente Amsterdam die niet in de openbare ruimte plaatsvinden, of als u wilt weten hoe u een klacht kunt indienen, klik dan hier.

N.B. De camera’s die onder verantwoordelijkheid van de burgemeester in het kader van de handhaving van de openbare orde zijn geplaatst, vallen niet onder de AVG en staan niet op deze kaart. De locaties van deze openbare-orde-camera’s treft u elders op de website van de gemeente Amsterdam aan.",https://maps.amsterdam.nl/privacy,PointDS,ObjectDS,"Geometry: The dataset contains points representing sensors and cameras, as confirmed by both the geometry_type_counts and the map description, which explicitly mentions clicking on a colored dot to view information. | Entity: The map depicts specific locations of cameras or sensors used for the 'Wagenparkscan' (car fleet scan). These are discrete, identifiable physical assets managed by the city. While the metadata discusses privacy policies, the map itself identifies the locations of the devices (the objects).","The dataset contains points representing sensors and cameras, as confirmed by both the geometry_type_counts and the map description, which explicitly mentions clicking on a colored dot to view information.","The map depicts specific locations of cameras or sensors used for the 'Wagenparkscan' (car fleet scan). These are discrete, identifiable physical assets managed by the city. While the metadata discusses privacy policies, the map itself identifies the locations of the devices (the objects).","Branch A, Q4A (ObjectDS)",,0.95,1.0,0.9,V3_evidence_based_gemini
75,Verkiezingen Provinciale Staten 2019,Elections Provinces 2019,https://maps.amsterdam.nl/open_geodata/?k=280,https://maps.amsterdam.nl/provincialestaten2019,PS19,PointDS,EventDS,Atlas Verkiezingen,"In deze Atlas Verkiezingen zijn de kaarten met uitslagen per stemlocaties van verschillende verkiezingen samengevoegd.

De cirkelgroottes zijn tussen de verkiezingen onderling vergelijkbaar.
Dat betekent dat eenzelfde cirkelgrootte bij elke verkiezing hetzelfde aantal of dezelfde verhouding voorstelt. 
De cirkelgroottes tussen Amsterdam en Zaanstad zijn verschillend, omdat de gebiedsgrootte verschillend is er er verder op Zaanstad is ingezoomd.
Voor de berekening van de cirkelgrootte van aantallen is een lineaire schaal gebruikt. Hierdoor worden verschillen tussen weinig en veel stemmen wat uitvergroot. 
Voor de leesbaarheid van de taartpunt-grafiekjes is een vierkantswortel schaal gebruikt, die de verschillen wat middelen.

De kaarten zijn individueel te bekijken op:
2024 - Europees Parlement
2023 - Tweede Kamer
2023 - Provinciale Staten
2022 - Gemeenteraad
2021 - Tweede Kamer
2019 - Europees Parlement
2019 - Provinciale Staten
2018 - Gemeenteraad
2017 - Tweede Kamer

Zie ook de Atlas Verkiezingen Zaanstad",https://maps.amsterdam.nl/atlas_verkiezingen,PointDS,ObjectDS,"Geometry: The dataset contains 750 points representing election results at specific voting locations, as indicated by the geometry_type_counts and the MapDescription referring to circle sizes on the map. | Entity: The map depicts voting locations as distinct, real-world facilities or places. While the layer contains numerous numeric attributes (election results), the primary features mapped are the specific polling locations (Stemlocaties) themselves. According to the entity classification rules, polling stations with attribute data are classified as objects rather than AmountDS or PointMeasuresDS.","The dataset contains 750 points representing election results at specific voting locations, as indicated by the geometry_type_counts and the MapDescription referring to circle sizes on the map.","The map depicts voting locations as distinct, real-world facilities or places. While the layer contains numerous numeric attributes (election results), the primary features mapped are the specific polling locations (Stemlocaties) themselves. According to the entity classification rules, polling stations with attribute data are classified as objects rather than AmountDS or PointMeasuresDS.","Branch A, Q4, A",,0.95,1.0,0.9,V3_evidence_based_gemini
76,Rainproof - Hoog grondwater,Rainproof - High groundwater,https://maps.amsterdam.nl/open_geodata/?k=290,https://maps.amsterdam.nl/rainproof,RAINPROOF_DRAINAGE,PlainVectorRegion,PatchDS,Amsterdam Rainproof,"Amsterdam Rainproof

Het oplossen van knelpunten is urgent om overlast en schade bij extreme neerslag te voorkomen. Waternet werkt er hard aan om het rioolstelsel, dat nu gemiddeld 20 mm neerslag per uur kan verwerken, op orde te houden. De stad streeft er verder naar om in 2050 buien van 60 mm per uur te kunnen verwerken zonder schade. Het vergroten van de rioolcapaciteit kost echter veel geld en zou de stad in een bouwput veranderen. Het lukt dus alleen om al dat regenwater te verwerken als iedereen (gemeente, Waternet, bedrijven, burgers) hieraan bijdraagt. Minstens zo belangrijk zijn daarom de bovengrondse maatregelen om de sponswerking van de stad vergroten. En dat biedt kansen, want Rainproof inrichten betekent een groenere, leefbaardere en robuustere stad. Dit is een verantwoordelijkheid van alle (publieke en private) eigenaren, bewoners en mensen die werken aan de stad. Waternet en de Gemeente Amsterdam werken daarom samen om deze knelpunten op te lossen. Ook u kunt wat doen! Samen maken we de stad 
Rainproof
. Elke druppel telt! 

Vragen? Neem contact op via info@rainproof.nl of met uw contactpersoon bij Waternet. 

Voor meer informatie over de effecten van klimaatverandering voor Amsterdam, bekijk de KNMI studie of de Klimaatatlas van Waterschap Amstel, Gooi en Vecht. 


3Di-modelanalyse 

De knelpunten zijn opgesteld op basis van het 3Di-model, aanvullende GIS-analyses en expertbeoordeling. 3Di is een interactief en integraal hydrodynamisch modelinstrumentarium voor waterberekeningen. Met dit model is bekeken waar Amsterdam kwetsbaar is bij een fictieve bui van 60 mm per uur die 2 uur aanhoudt. De stad is aan de hand van de verschillende hydrologische processen in 4 kaartlagen opgedeeld. Dat zijn een hoogtekaart (AHN2), een weerstandskaart en een infiltratiekaart met daaraan gekoppeld het rioleringsmodel. Het geeft een beeld van hoe het water wordt afgevoerd en waar dit op het maaiveld achterblijft. Het is daarmee een simulatie van water op straat. Uit de berekening wordt duidelijk dat een extreme bui zowel op particulier als op openbaar terrein voor overlast kan zorgen en mogelijk tot schade kan leiden. 


Disclaimer 

De gepresenteerde resultaten op deze kaart geven een indicatie van de te verwachten overlastlocaties bij hevige neerslag. In de modellering is zowel de stroming van regenwater over het maaiveld als de afvoer via de riolering opgenomen. Interactie met het oppervlaktewater en grondwater zijn in deze berekening niet meegenomen. Er is aangenomen dat alle daken zijn aangesloten op het rioolstelsel en alle binnentuinen in afgesloten woonblokken niet. Lokaal kan dit afwijken. Op basis van luchtfoto’s is er een inschatting gemaakt van de mate van verharding. De gehanteerde maaiveldhoogte is gebaseerd op de hoogtekaart AHN2 uit 2010. Wijzigingen in hoogtes van na die tijd zijn hier niet in verwerkt. Gezien bovenstaande is het mogelijk dat de gepresenteerde wateroverlast in de praktijk niet altijd (in die mate) wordt herkend. Aan de absolute waarden kunnen geen rechten worden ontleend.",https://maps.amsterdam.nl/rainproof,PlainVectorRegion,PatchDS,"Geometry: The dataset represents specific locations (polygons) where high groundwater issues have been identified. It does not form a complete partition or tessellation of the city, but rather highlights scattered points of interest, aligning with PlainVectorRegion. | Entity: The map layer shows areas in Amsterdam where specific conditions (high groundwater / drainage possibilities) apply as part of a climate adaptation strategy. These are selected phenomenon areas (patches) rather than administrative units (LatticeDS), exhaustive land-use categories (CoverageDS), or discrete physical objects (ObjectDS). The polygons represent areas where the drainage phenomenon applies.","The dataset represents specific locations (polygons) where high groundwater issues have been identified. It does not form a complete partition or tessellation of the city, but rather highlights scattered points of interest, aligning with PlainVectorRegion.","The map layer shows areas in Amsterdam where specific conditions (high groundwater / drainage possibilities) apply as part of a climate adaptation strategy. These are selected phenomenon areas (patches) rather than administrative units (LatticeDS), exhaustive land-use categories (CoverageDS), or discrete physical objects (ObjectDS). The polygons represent areas where the drainage phenomenon applies.",Region Q9 PatchDS,,0.925,0.9,0.95,V3_evidence_based_gemini
77,Rainproof - Hydro-eenheden,Rainproof - Hydro units,https://maps.amsterdam.nl/open_geodata/?k=289,https://maps.amsterdam.nl/rainproof,RAINPROOF_HYDRO_EENHEDEN,PlainVectorRegion,ObjectDS,Amsterdam Rainproof,"Amsterdam Rainproof

Het oplossen van knelpunten is urgent om overlast en schade bij extreme neerslag te voorkomen. Waternet werkt er hard aan om het rioolstelsel, dat nu gemiddeld 20 mm neerslag per uur kan verwerken, op orde te houden. De stad streeft er verder naar om in 2050 buien van 60 mm per uur te kunnen verwerken zonder schade. Het vergroten van de rioolcapaciteit kost echter veel geld en zou de stad in een bouwput veranderen. Het lukt dus alleen om al dat regenwater te verwerken als iedereen (gemeente, Waternet, bedrijven, burgers) hieraan bijdraagt. Minstens zo belangrijk zijn daarom de bovengrondse maatregelen om de sponswerking van de stad vergroten. En dat biedt kansen, want Rainproof inrichten betekent een groenere, leefbaardere en robuustere stad. Dit is een verantwoordelijkheid van alle (publieke en private) eigenaren, bewoners en mensen die werken aan de stad. Waternet en de Gemeente Amsterdam werken daarom samen om deze knelpunten op te lossen. Ook u kunt wat doen! Samen maken we de stad 
Rainproof
. Elke druppel telt! 

Vragen? Neem contact op via info@rainproof.nl of met uw contactpersoon bij Waternet. 

Voor meer informatie over de effecten van klimaatverandering voor Amsterdam, bekijk de KNMI studie of de Klimaatatlas van Waterschap Amstel, Gooi en Vecht. 


3Di-modelanalyse 

De knelpunten zijn opgesteld op basis van het 3Di-model, aanvullende GIS-analyses en expertbeoordeling. 3Di is een interactief en integraal hydrodynamisch modelinstrumentarium voor waterberekeningen. Met dit model is bekeken waar Amsterdam kwetsbaar is bij een fictieve bui van 60 mm per uur die 2 uur aanhoudt. De stad is aan de hand van de verschillende hydrologische processen in 4 kaartlagen opgedeeld. Dat zijn een hoogtekaart (AHN2), een weerstandskaart en een infiltratiekaart met daaraan gekoppeld het rioleringsmodel. Het geeft een beeld van hoe het water wordt afgevoerd en waar dit op het maaiveld achterblijft. Het is daarmee een simulatie van water op straat. Uit de berekening wordt duidelijk dat een extreme bui zowel op particulier als op openbaar terrein voor overlast kan zorgen en mogelijk tot schade kan leiden. 


Disclaimer 

De gepresenteerde resultaten op deze kaart geven een indicatie van de te verwachten overlastlocaties bij hevige neerslag. In de modellering is zowel de stroming van regenwater over het maaiveld als de afvoer via de riolering opgenomen. Interactie met het oppervlaktewater en grondwater zijn in deze berekening niet meegenomen. Er is aangenomen dat alle daken zijn aangesloten op het rioolstelsel en alle binnentuinen in afgesloten woonblokken niet. Lokaal kan dit afwijken. Op basis van luchtfoto’s is er een inschatting gemaakt van de mate van verharding. De gehanteerde maaiveldhoogte is gebaseerd op de hoogtekaart AHN2 uit 2010. Wijzigingen in hoogtes van na die tijd zijn hier niet in verwerkt. Gezien bovenstaande is het mogelijk dat de gepresenteerde wateroverlast in de praktijk niet altijd (in die mate) wordt herkend. Aan de absolute waarden kunnen geen rechten worden ontleend.",https://maps.amsterdam.nl/rainproof,PlainVectorRegion,PatchDS,"Geometry: The dataset contains polygon features representing discrete 'hydro-units' derived from a 3Di model. Topology hints show a low shared boundary ratio and low overlap, indicating these are individual analysis zones rather than a continuous partition of the city. | Entity: The map depicts 'hydro-units' that are identified as specific locations where water-related issues (knelpunten) occur or where urban 'Rainproof' measures are planned or implemented. These are not exhaustive administrative units (LatticeDS), not exhaustive land-use classifications (CoverageDS), and not real-world objects in the 'managed asset' sense (like a building or park). They represent bounded areas where a specific policy, attention, or remediation measure applies, which aligns with the PatchDS definition.","The dataset contains polygon features representing discrete 'hydro-units' derived from a 3Di model. Topology hints show a low shared boundary ratio and low overlap, indicating these are individual analysis zones rather than a continuous partition of the city.","The map depicts 'hydro-units' that are identified as specific locations where water-related issues (knelpunten) occur or where urban 'Rainproof' measures are planned or implemented. These are not exhaustive administrative units (LatticeDS), not exhaustive land-use classifications (CoverageDS), and not real-world objects in the 'managed asset' sense (like a building or park). They represent bounded areas where a specific policy, attention, or remediation measure applies, which aligns with the PatchDS definition.",Region Q9 PatchDS,,0.9,0.9,0.9,V3_evidence_based_gemini
78,Rainproof - Knelpunten,Rainproof - Bottlenecks,https://maps.amsterdam.nl/open_geodata/?k=288,https://maps.amsterdam.nl/rainproof,RAINPROOF_KNELPUNTEN,PlainVectorRegion,ObjectDS,Amsterdam Rainproof,"Amsterdam Rainproof

Het oplossen van knelpunten is urgent om overlast en schade bij extreme neerslag te voorkomen. Waternet werkt er hard aan om het rioolstelsel, dat nu gemiddeld 20 mm neerslag per uur kan verwerken, op orde te houden. De stad streeft er verder naar om in 2050 buien van 60 mm per uur te kunnen verwerken zonder schade. Het vergroten van de rioolcapaciteit kost echter veel geld en zou de stad in een bouwput veranderen. Het lukt dus alleen om al dat regenwater te verwerken als iedereen (gemeente, Waternet, bedrijven, burgers) hieraan bijdraagt. Minstens zo belangrijk zijn daarom de bovengrondse maatregelen om de sponswerking van de stad vergroten. En dat biedt kansen, want Rainproof inrichten betekent een groenere, leefbaardere en robuustere stad. Dit is een verantwoordelijkheid van alle (publieke en private) eigenaren, bewoners en mensen die werken aan de stad. Waternet en de Gemeente Amsterdam werken daarom samen om deze knelpunten op te lossen. Ook u kunt wat doen! Samen maken we de stad 
Rainproof
. Elke druppel telt! 

Vragen? Neem contact op via info@rainproof.nl of met uw contactpersoon bij Waternet. 

Voor meer informatie over de effecten van klimaatverandering voor Amsterdam, bekijk de KNMI studie of de Klimaatatlas van Waterschap Amstel, Gooi en Vecht. 


3Di-modelanalyse 

De knelpunten zijn opgesteld op basis van het 3Di-model, aanvullende GIS-analyses en expertbeoordeling. 3Di is een interactief en integraal hydrodynamisch modelinstrumentarium voor waterberekeningen. Met dit model is bekeken waar Amsterdam kwetsbaar is bij een fictieve bui van 60 mm per uur die 2 uur aanhoudt. De stad is aan de hand van de verschillende hydrologische processen in 4 kaartlagen opgedeeld. Dat zijn een hoogtekaart (AHN2), een weerstandskaart en een infiltratiekaart met daaraan gekoppeld het rioleringsmodel. Het geeft een beeld van hoe het water wordt afgevoerd en waar dit op het maaiveld achterblijft. Het is daarmee een simulatie van water op straat. Uit de berekening wordt duidelijk dat een extreme bui zowel op particulier als op openbaar terrein voor overlast kan zorgen en mogelijk tot schade kan leiden. 


Disclaimer 

De gepresenteerde resultaten op deze kaart geven een indicatie van de te verwachten overlastlocaties bij hevige neerslag. In de modellering is zowel de stroming van regenwater over het maaiveld als de afvoer via de riolering opgenomen. Interactie met het oppervlaktewater en grondwater zijn in deze berekening niet meegenomen. Er is aangenomen dat alle daken zijn aangesloten op het rioolstelsel en alle binnentuinen in afgesloten woonblokken niet. Lokaal kan dit afwijken. Op basis van luchtfoto’s is er een inschatting gemaakt van de mate van verharding. De gehanteerde maaiveldhoogte is gebaseerd op de hoogtekaart AHN2 uit 2010. Wijzigingen in hoogtes van na die tijd zijn hier niet in verwerkt. Gezien bovenstaande is het mogelijk dat de gepresenteerde wateroverlast in de praktijk niet altijd (in die mate) wordt herkend. Aan de absolute waarden kunnen geen rechten worden ontleend.",https://maps.amsterdam.nl/rainproof,PlainVectorRegion,PatchDS,"Geometry: The dataset maps specific 'bottlenecks' (knelpunten) for water drainage at extreme rainfall events. These are discrete, identified problem areas rather than a systematic partition of the entire city, which is confirmed by the low shared_boundary_ratio and low convex_hull_fill_ratio. | Entity: The layer maps identified bottleneck locations ('knelpunten') in Amsterdam based on hydrological modeling. These areas are specific zones where rainfall-related water management issues occur. They are not administrative reporting units (LatticeDS), exhaustive land-use coverage (CoverageDS), or transport infrastructure networks (NetworkDS), but rather 'affected areas' where a specific drainage/overflow phenomenon applies, making PatchDS the best fit.","The dataset maps specific 'bottlenecks' (knelpunten) for water drainage at extreme rainfall events. These are discrete, identified problem areas rather than a systematic partition of the entire city, which is confirmed by the low shared_boundary_ratio and low convex_hull_fill_ratio.","The layer maps identified bottleneck locations ('knelpunten') in Amsterdam based on hydrological modeling. These areas are specific zones where rainfall-related water management issues occur. They are not administrative reporting units (LatticeDS), exhaustive land-use coverage (CoverageDS), or transport infrastructure networks (NetworkDS), but rather 'affected areas' where a specific drainage/overflow phenomenon applies, making PatchDS the best fit.",Region Q9 PatchDS,,0.925,0.95,0.9,V3_evidence_based_gemini
79,Rainproof - Polderriool,Rainproof - Polder sewerage,https://maps.amsterdam.nl/open_geodata/?k=291,https://maps.amsterdam.nl/rainproof,RAINPROOF_POLDERRIOOL,PlainVectorRegion,PatchDS,Amsterdam Rainproof,"Amsterdam Rainproof

Het oplossen van knelpunten is urgent om overlast en schade bij extreme neerslag te voorkomen. Waternet werkt er hard aan om het rioolstelsel, dat nu gemiddeld 20 mm neerslag per uur kan verwerken, op orde te houden. De stad streeft er verder naar om in 2050 buien van 60 mm per uur te kunnen verwerken zonder schade. Het vergroten van de rioolcapaciteit kost echter veel geld en zou de stad in een bouwput veranderen. Het lukt dus alleen om al dat regenwater te verwerken als iedereen (gemeente, Waternet, bedrijven, burgers) hieraan bijdraagt. Minstens zo belangrijk zijn daarom de bovengrondse maatregelen om de sponswerking van de stad vergroten. En dat biedt kansen, want Rainproof inrichten betekent een groenere, leefbaardere en robuustere stad. Dit is een verantwoordelijkheid van alle (publieke en private) eigenaren, bewoners en mensen die werken aan de stad. Waternet en de Gemeente Amsterdam werken daarom samen om deze knelpunten op te lossen. Ook u kunt wat doen! Samen maken we de stad 
Rainproof
. Elke druppel telt! 

Vragen? Neem contact op via info@rainproof.nl of met uw contactpersoon bij Waternet. 

Voor meer informatie over de effecten van klimaatverandering voor Amsterdam, bekijk de KNMI studie of de Klimaatatlas van Waterschap Amstel, Gooi en Vecht. 


3Di-modelanalyse 

De knelpunten zijn opgesteld op basis van het 3Di-model, aanvullende GIS-analyses en expertbeoordeling. 3Di is een interactief en integraal hydrodynamisch modelinstrumentarium voor waterberekeningen. Met dit model is bekeken waar Amsterdam kwetsbaar is bij een fictieve bui van 60 mm per uur die 2 uur aanhoudt. De stad is aan de hand van de verschillende hydrologische processen in 4 kaartlagen opgedeeld. Dat zijn een hoogtekaart (AHN2), een weerstandskaart en een infiltratiekaart met daaraan gekoppeld het rioleringsmodel. Het geeft een beeld van hoe het water wordt afgevoerd en waar dit op het maaiveld achterblijft. Het is daarmee een simulatie van water op straat. Uit de berekening wordt duidelijk dat een extreme bui zowel op particulier als op openbaar terrein voor overlast kan zorgen en mogelijk tot schade kan leiden. 


Disclaimer 

De gepresenteerde resultaten op deze kaart geven een indicatie van de te verwachten overlastlocaties bij hevige neerslag. In de modellering is zowel de stroming van regenwater over het maaiveld als de afvoer via de riolering opgenomen. Interactie met het oppervlaktewater en grondwater zijn in deze berekening niet meegenomen. Er is aangenomen dat alle daken zijn aangesloten op het rioolstelsel en alle binnentuinen in afgesloten woonblokken niet. Lokaal kan dit afwijken. Op basis van luchtfoto’s is er een inschatting gemaakt van de mate van verharding. De gehanteerde maaiveldhoogte is gebaseerd op de hoogtekaart AHN2 uit 2010. Wijzigingen in hoogtes van na die tijd zijn hier niet in verwerkt. Gezien bovenstaande is het mogelijk dat de gepresenteerde wateroverlast in de praktijk niet altijd (in die mate) wordt herkend. Aan de absolute waarden kunnen geen rechten worden ontleend.",https://maps.amsterdam.nl/rainproof,PlainVectorRegion,PatchDS,"Geometry: The dataset contains polygon features representing polder sewerage locations. The spatial distribution and low shared boundary ratio indicate they are discrete locations rather than a complete administrative or tiled tessellation of the study area. | Entity: The layer represents locations where potential flooding or water nuisance occurs, based on simulation modeling. These polygons represent areas of interest/risk (affected areas) rather than discrete managed objects or a network system. This aligns with the definition of PatchDS as a selected area where a phenomenon applies.",The dataset contains polygon features representing polder sewerage locations. The spatial distribution and low shared boundary ratio indicate they are discrete locations rather than a complete administrative or tiled tessellation of the study area.,"The layer represents locations where potential flooding or water nuisance occurs, based on simulation modeling. These polygons represent areas of interest/risk (affected areas) rather than discrete managed objects or a network system. This aligns with the definition of PatchDS as a selected area where a phenomenon applies.",Region Q9 PatchDS,,0.9,0.9,0.9,V3_evidence_based_gemini
80,Religie,Religion,https://maps.amsterdam.nl/open_geodata/?k=314,https://maps.amsterdam.nl/religie,RELIGIE,PointDS,ObjectDS,,,,PointDS,ObjectDS,"Geometry: The dataset contains 319 records with a geometry type of 'Point'. The attributes (Gebouwnaam, Adres, Genootschap) clearly indicate locations of specific buildings (religious institutions), which is consistent with point geometry. | Entity: The map features represent distinct, identifiable real-world religious buildings and community centers, each with specific attributes like address and organization, confirming they are discrete objects.","The dataset contains 319 records with a geometry type of 'Point'. The attributes (Gebouwnaam, Adres, Genootschap) clearly indicate locations of specific buildings (religious institutions), which is consistent with point geometry.","The map features represent distinct, identifiable real-world religious buildings and community centers, each with specific attributes like address and organization, confirming they are discrete objects.",Region Q7 ObjectDS,,1.0,1.0,1.0,V3_evidence_based_gemini
81,Voetpaden breedte,Sidewalks width,https://maps.amsterdam.nl/open_geodata/?k=299,https://maps.amsterdam.nl/sidewalks,SIDEWALKS,LineDS,NetworkDS,Voetpaden breedte,"Op deze kaart staat de informatie die is verzameld bij het inventariseren van voetpadbreedtes. Deze informatie is gebruikt bij diverse onderzoeken als input voor het voetgangersbeleid van Amsterdam. 
Let op: de breedtes op deze kaart zijn de totale breedte van het voetpad. Hierbij is dus nog geen rekening gehouden met obstakels. 
De Walkability-kaart geeft de uitkomst van het vervolgonderzoek weer. In dát onderzoek zijn zo veel mogelijk obstakels digitaal in kaart gebracht en gecombineerd met de beschikbare breedte en drukte.",https://maps.amsterdam.nl/sidewalks,LineDS,NetworkDS,"Geometry: The dataset represents sidewalks, which are linear features. The geometry type counts confirm only LineStrings are present, and they represent segments of walking infrastructure, aligning with the LineDS category. | Entity: The dataset represents a street/sidewalk infrastructure system in Amsterdam, used to manage pedestrian policy, which fits the priority definition for NetworkDS.","The dataset represents sidewalks, which are linear features. The geometry type counts confirm only LineStrings are present, and they represent segments of walking infrastructure, aligning with the LineDS category.","The dataset represents a street/sidewalk infrastructure system in Amsterdam, used to manage pedestrian policy, which fits the priority definition for NetworkDS.",Network priority check,,0.95,1.0,0.9,V3_evidence_based_gemini
82,Snorfiets naar de rijbaan,Mopeds on the roadway,https://maps.amsterdam.nl/open_geodata/?k=265,https://maps.amsterdam.nl/snorfietsnaarrijbaan,SNORFIETSLIJNEN,LineDS,NetworkDS,Snorfiets naar de rijbaan (Definitief verkeersbesluit),"Deze kaart is de visualisatie van het definitieve verkeersbesluit Snorfiets naar de rijbaan, gepubliceerd in de Staatscourant van 17 december 2018.
Alhoewel de Gemeente haar uiterste best heeft gedaan om alle regels in het verkeersbesluit weer te geven als lijnen op de kaart, kunnen aan de kaart geen rechten worden ontleend. Het gepubliceerde verkeersbesluit is juridisch leidend.

Nog niet alle (nieuwe) vrijliggende fietspaden zijn opgenomen in het Verkeersbesluit. Daarom volgt in juli een aanvullend Verkeersbesluit, waarin ook een aantal correcties zullen komen op het eerste Verkeersbesluit. 
De kaart weerspiegelt zoveel mogelijk al deze aanvullingen en correcties.
De werkelijkheid op straat (zoals met borden aangegeven) kan nu dus nog afwijken van wat aangegeven is op de kaart.

De kaart zal in de loop van het jaar ook niet verder worden bijgehouden en daarom op een gegeven moment worden verwijderd.",https://maps.amsterdam.nl/snorfietsnaarrijbaan,LineDS,NetworkDS,"Geometry: The dataset contains LineString geometries representing street segments ('Snorfietslijnen') where mopeds are restricted, which matches the definition of LineDS. | Entity: The dataset maps road segments (streets/quays) as part of a traffic regulation infrastructure for mopeds. This fits the definition of a connected transport network of routes/streets.","The dataset contains LineString geometries representing street segments ('Snorfietslijnen') where mopeds are restricted, which matches the definition of LineDS.",The dataset maps road segments (streets/quays) as part of a traffic regulation infrastructure for mopeds. This fits the definition of a connected transport network of routes/streets.,Network priority check,,0.975,1.0,0.95,V3_evidence_based_gemini
83,Openbare Sportplekken,Public playgrounds,https://maps.amsterdam.nl/open_geodata/?k=56,https://maps.amsterdam.nl/sport,SPORT_OPENBAAR,PointDS,ObjectDS,Sportvoorzieningen,"Webpagina Sportpunt Gemeente Amsterdam^https://www.amsterdam.nl/sociaaldomein/sport/contact-sportprofessionals/sportpunt/

Zie ook de kaart met sportaanbieders^https://kaart.amsterdam.nl/sport.",https://maps.amsterdam.nl/sport,PointDS,ObjectDS,"Geometry: The dataset represents public sports locations (points of interest) and consists exclusively of point geometry, as confirmed by the geometry_type_counts and the nature of the data (specific sports facility locations). | Entity: The map features represent distinct, real-world public sports facilities (playgrounds, basketball courts, etc.), which are managed assets/facilities. Although they have attributes like surface area, they are not primarily mapped for the numeric value, but to identify the location of the assets.","The dataset represents public sports locations (points of interest) and consists exclusively of point geometry, as confirmed by the geometry_type_counts and the nature of the data (specific sports facility locations).","The map features represent distinct, real-world public sports facilities (playgrounds, basketball courts, etc.), which are managed assets/facilities. Although they have attributes like surface area, they are not primarily mapped for the numeric value, but to identify the location of the assets.",Region Q7 ObjectDS,,1.0,1.0,1.0,V3_evidence_based_gemini
84,Stadslandbouw (locaties),City farming (locations),https://maps.amsterdam.nl/open_geodata/?k=62,https://maps.amsterdam.nl/stadslandbouw,STADSLANDBOUW_PUNT,PointDS,ObjectDS,Stadslandbouw,"Stadslandbouw is het telen, oogsten, bewerken en afzetten van voedsel in of in de nabijheid van de stad. Voedselproductie staat centraal, als onderneming, als burgerinitiatief of als hobby, maar is nooit het enige doel van de activiteit: educatie, zorg, participatie, recreatie kunnen daar ook bij horen. Het is een wereldwijde trend in de grote steden. Ook in Amsterdam komt stadslandbouw sterk opzetten. De gemeente Amsterdam stimuleert en ondersteunt bewoners en ondernemers die met stadslandbouw aan de slag willen gaan.

Deze kaart is in opbouw en daarom nog niet volledig. U kunt aan de opbouw van deze kaart meewerken. Kent u locaties met stadslandbouw die niet op de kaart staan, heeft u aanvullende informatie of correcties? Neem dan contact op met de onderstaande inhoudelijk contactpersoon.",https://maps.amsterdam.nl/stadslandbouw,PointDS,ObjectDS,"Geometry: The dataset specifically represents city farming locations using point data, as indicated by the 'STADSLANDBOUW_PUNT' layer name and the geometry_type_counts showing 211 points. | Entity: The map points represent specific, identifiable urban farming locations (gardens, farms, projects) in Amsterdam. They are discrete managed places rather than statistical units, measurement samples, or network infrastructure.","The dataset specifically represents city farming locations using point data, as indicated by the 'STADSLANDBOUW_PUNT' layer name and the geometry_type_counts showing 211 points.","The map points represent specific, identifiable urban farming locations (gardens, farms, projects) in Amsterdam. They are discrete managed places rather than statistical units, measurement samples, or network infrastructure.",Region Q7 ObjectDS,,1.0,1.0,1.0,V3_evidence_based_gemini
85,Stadslandbouw (terreinen),City farming (terrains),https://maps.amsterdam.nl/open_geodata/?k=76,https://maps.amsterdam.nl/stadslandbouw,STADSLANDBOUW_VLAK,PlainVectorRegion,ObjectDS,Stadslandbouw,"Stadslandbouw is het telen, oogsten, bewerken en afzetten van voedsel in of in de nabijheid van de stad. Voedselproductie staat centraal, als onderneming, als burgerinitiatief of als hobby, maar is nooit het enige doel van de activiteit: educatie, zorg, participatie, recreatie kunnen daar ook bij horen. Het is een wereldwijde trend in de grote steden. Ook in Amsterdam komt stadslandbouw sterk opzetten. De gemeente Amsterdam stimuleert en ondersteunt bewoners en ondernemers die met stadslandbouw aan de slag willen gaan.

Deze kaart is in opbouw en daarom nog niet volledig. U kunt aan de opbouw van deze kaart meewerken. Kent u locaties met stadslandbouw die niet op de kaart staan, heeft u aanvullende informatie of correcties? Neem dan contact op met de onderstaande inhoudelijk contactpersoon.",https://maps.amsterdam.nl/stadslandbouw,PlainVectorRegion,ObjectDS,"Geometry: The dataset represents specific sites of urban farming which are isolated, non-partitioning features. The low shared boundary ratio and low convex hull fill ratio confirm these are individual polygons rather than a tessellated covering of the area. | Entity: The map features represent specific city farming sites ('stadslandbouw' terrains), such as parks and gardens, which are discrete, identifiable managed places. Each feature corresponds to a real-world facility with attributes like name and address. According to the decision tree, managed sites or facilities are classified as ObjectDS.","The dataset represents specific sites of urban farming which are isolated, non-partitioning features. The low shared boundary ratio and low convex hull fill ratio confirm these are individual polygons rather than a tessellated covering of the area.","The map features represent specific city farming sites ('stadslandbouw' terrains), such as parks and gardens, which are discrete, identifiable managed places. Each feature corresponds to a real-world facility with attributes like name and address. According to the decision tree, managed sites or facilities are classified as ObjectDS.",Region Q7 ObjectDS,,1.0,1.0,1.0,V3_evidence_based_gemini
86,Stadsloods,City pilot,https://maps.amsterdam.nl/open_geodata/?k=66,https://maps.amsterdam.nl/stadsloods,STADSLOODS,PointDS,ObjectDS,Stadsloods,"Op deze kaart staat aangegeven waar ruimtezoekers met hulp van de stadsloods zich de afgelopen 9 jaar hebben gevestigd. De stadsloods van de gemeente Amsterdam werkt stadsbreed en adviseert een breed scala van ruimtezoekers met bijzondere huisvestingseisen bij het vinden van de juiste plek in Amsterdam en in de regio. Zij draagt bij aan het terugdringen van de leegstand in gemeentelijk en strategisch vastgoed en adviseert projectbureaus en stadsdelen over de programmatische invulling van gebieden. 
Dit doet zij vanuit een helicopterview over de stad en maakt daarbij de ruimtelijke afweging wanneer het gaat om de juiste functie op de juiste plek. 
De stadsloods vervult een onmisbare rol in het bij elkaar brengen van partijen en faciliteert een breed scala aan ondernemingen en organisatie en levert daarmee een bijdrage aan de ontwikkeling van de stad.

http://www.amsterdam.nl/stadsloods",https://maps.amsterdam.nl/stadsloods,PointDS,ObjectDS,"Geometry: The dataset contains 678 features, all of which are categorized as Point geometry. These points represent specific locations of organizations or initiatives assisted by the Stadsloods. | Entity: The map points represent specific entities (organizations, initiatives) that have found a location with the help of the Stadsloods. Each point is a discrete, identifiable real-world object/project, rather than a continuous measurement, network flow, or abstract administrative area.","The dataset contains 678 features, all of which are categorized as Point geometry. These points represent specific locations of organizations or initiatives assisted by the Stadsloods.","The map points represent specific entities (organizations, initiatives) that have found a location with the help of the Stadsloods. Each point is a discrete, identifiable real-world object/project, rather than a continuous measurement, network flow, or abstract administrative area.",Region Q7 ObjectDS,,0.95,1.0,0.9,V3_evidence_based_gemini
87,Stadsstraten,Major streets,https://maps.amsterdam.nl/open_geodata/?k=275,https://maps.amsterdam.nl/stadsstraat,STADSSTRAAT,LineDS,NetworkDS,Stadsstraten,Meer informatie leest u op deze gemeentelijke webpagina,https://maps.amsterdam.nl/stadsstraat,LineDS,NetworkDS,"Geometry: The dataset contains 191 LineString geometries representing city streets (Stadsstraten), which fits the definition of LineDS. | Entity: The dataset represents a network of major city streets, which constitutes a connected transport infrastructure system. Per the decision tree priority checks, this falls under NetworkDS.","The dataset contains 191 LineString geometries representing city streets (Stadsstraten), which fits the definition of LineDS.","The dataset represents a network of major city streets, which constitutes a connected transport infrastructure system. Per the decision tree priority checks, this falls under NetworkDS.",Network priority check,,1.0,1.0,1.0,V3_evidence_based_gemini
88,Stadswarmtekoude - transport,District heating cooling - transport,https://maps.amsterdam.nl/open_geodata/?k=224,https://maps.amsterdam.nl/stadswarmtekoude,STADSWARMTEKOUDE_TRANSPORT,LineDS,NetworkDS,Stadsverwarming en -verkoeling,"De datasets/kaartlagen van de warmte/koudenetten zijn afkomstig van Vattenfall Warmte. Na bewerking door de Gemeente Amsterdam zijn ze op Maps Amsterdam gepubliceerd en ook beschikbaar via Maps Data. De meest recente en gedetailleerde datasets zijn beschikbaar via onderstaand email-adres.

De Transport-lijnen zijn sterk vereenvoudigd en verenkelvoudigd weergegeven ten behoeve van de performance van de kaart.
De vele Wijk-lijntjes zijn gebufferd tot vlakken.",https://maps.amsterdam.nl/stadswarmtekoude,LineDS,NetworkDS,"Geometry: The dataset contains LineString geometry and represents district heating and cooling transport lines, which are linear infrastructure networks. | Entity: The dataset represents district heating and cooling transport lines, which constitute a utility infrastructure network. The layer specifically maps the connected transport pipes as a network system.","The dataset contains LineString geometry and represents district heating and cooling transport lines, which are linear infrastructure networks.","The dataset represents district heating and cooling transport lines, which constitute a utility infrastructure network. The layer specifically maps the connected transport pipes as a network system.",Network priority check,,1.0,1.0,1.0,V3_evidence_based_gemini
89,Stadswarmtekoude - wijk,District heating cooling - neighbourhood,https://maps.amsterdam.nl/open_geodata/?k=301,https://maps.amsterdam.nl/stadswarmtekoude,STADSWARMTEKOUDE_WIJK,PlainVectorRegion,PatchDS,Stadsverwarming en -verkoeling,"De datasets/kaartlagen van de warmte/koudenetten zijn afkomstig van Vattenfall Warmte. Na bewerking door de Gemeente Amsterdam zijn ze op Maps Amsterdam gepubliceerd en ook beschikbaar via Maps Data. De meest recente en gedetailleerde datasets zijn beschikbaar via onderstaand email-adres.

De Transport-lijnen zijn sterk vereenvoudigd en verenkelvoudigd weergegeven ten behoeve van de performance van de kaart.
De vele Wijk-lijntjes zijn gebufferd tot vlakken.",https://maps.amsterdam.nl/stadswarmtekoude,PlainVectorRegion,PatchDS,"Geometry: The layer represents buffered heating/cooling network areas (districts), not a complete administrative or statistical partition. The polygon topology hints support PlainVectorRegion due to isolated nature and low shared boundary ratios. | Entity: The dataset maps areas where a district heating or cooling network is present (the 'Wijk-lijntjes zijn gebufferd tot vlakken'). Since these regions represent zones where this utility phenomenon is available rather than a full administrative coverage (LatticeDS) or a set of discrete managed objects (ObjectDS), it is best classified as a PatchDS.","The layer represents buffered heating/cooling network areas (districts), not a complete administrative or statistical partition. The polygon topology hints support PlainVectorRegion due to isolated nature and low shared boundary ratios.","The dataset maps areas where a district heating or cooling network is present (the 'Wijk-lijntjes zijn gebufferd tot vlakken'). Since these regions represent zones where this utility phenomenon is available rather than a full administrative coverage (LatticeDS) or a set of discrete managed objects (ObjectDS), it is best classified as a PatchDS.",Region Q9 PatchDS,,0.9,0.9,0.9,V3_evidence_based_gemini
90,Woningbouwplannen - Strategische ruimte en Verkenning,Housing plans - Strategic space,https://maps.amsterdam.nl/open_geodata/?k=226,https://maps.amsterdam.nl/woningbouwplannen,STRATEGISCHERUIMTE,PlainVectorRegion,ObjectDS,Woningbouwplannen (1-1-2026),"De aantallen vormen de planvoorraad. Dit zijn niet de aantallen die definitief worden gerealiseerd. Ervaring leert dat een deel van de planvoorraad wordt opgeschoven.


Niet alle woningbouw initiatieven doorlopen de verschillende plaberumfasen. Met name kleinere particuliere projecten worden in de regel pas toegevoegd aan de monitor zodra er een intentieovereenkomst of afsprakenbrief is getekend. Voor de visualisatie is een intentieovereenkomst `vertaald` naar Principebesluit genomen en een afsprakenbrief naar Investeringsbesluit genomen. 

De datasets en de kaart worden halfjaarlijks bijgewerkt.",https://maps.amsterdam.nl/woningbouwplannen,PlainVectorRegion,ObjectDS,"Geometry: The dataset represents housing development projects which are localized sites rather than a full partitioning of the city. Low shared boundary ratios and the nature of the data (individual construction projects) confirm it is a collection of specific regions rather than a tessellation. | Entity: The map displays housing projects (woningbouwplannen) as distinct, bounded polygons representing specific development sites or project areas. These features function as named managed entities with specific properties like project names and housing numbers, fitting the definition of ObjectDS rather than reporting units (LatticeDS) or general zones (PatchDS).",The dataset represents housing development projects which are localized sites rather than a full partitioning of the city. Low shared boundary ratios and the nature of the data (individual construction projects) confirm it is a collection of specific regions rather than a tessellation.,"The map displays housing projects (woningbouwplannen) as distinct, bounded polygons representing specific development sites or project areas. These features function as named managed entities with specific properties like project names and housing numbers, fitting the definition of ObjectDS rather than reporting units (LatticeDS) or general zones (PatchDS).",Region Q7 ObjectDS,,0.925,0.95,0.9,V3_evidence_based_gemini
91,Streekproducten,Local farming products,https://maps.amsterdam.nl/open_geodata/?k=58,https://maps.amsterdam.nl/streekproducten,STREEKPRODUCTEN,PointDS,ObjectDS,Voedselinitiatieven,"Met de Voedselstrategie zet Amsterdam de komende jaren in op een gezond, eerlijk, duurzaam en betaalbaar lokaal voedselsysteem, waarbij alle Amsterdammers voordeel hebben van de verandering. Dit wordt samen gedaan met initiatiefnemers, (kennis)instituten, overheden, boeren en bedrijven. Op deze kaart zijn sociale voedselinitiatieven en stadslandbouw initiatieven vermeld.

Zie voor meer informatie: Volg het beleid: Voedselstrategie Amsterdam.


Voedselinitiatieven

De voedselinitiatieven zijn opgedeeld in verschillende categorieën:


Voedseluitgifte: verspreiden van voedselpakketten

Maaltijduitgifte: verspreiden van gratis maaltijden

Sociaal restaurant: serveren maaltijden tegen geen of geringe betaling (max € 5,-)

Voedselhub: verzamelt geredde overschotten en levert die aan de andere initiatieven

Voedselverbindingsplek: waar uitgifte, sociaal restaurant en stadslandbouw samenkomen
Zie voor compost-initiatieven deze kaart: Compost maken met de buurt.


Stadslandbouw

Stadslandbouw is het telen, oogsten, bewerken en afzetten van voedsel in of in de nabijheid van de stad. Voedselproductie staat centraal, als onderneming, als burgerinitiatief of als hobby, maar is nooit het enige doel van de activiteit: educatie, zorg, participatie, recreatie kunnen daar ook bij horen. Het is een wereldwijde trend in de grote steden. Ook in Amsterdam groeit de vraag naar ruimte voor stadslandbouw initiatieven. De gemeente Amsterdam stimuleert en ondersteunt bewoners en ondernemers die met stadslandbouw aan de slag willen gaan. U kunt aan de opbouw van deze kaart meewerken. Kent u locaties met stadslandbouw die niet op de kaart staan, heeft u aanvullende informatie of correcties? Neem dan contact op met de onderstaande inhoudelijk contactpersoon.

U kunt aan de opbouw van deze kaart meewerken. Kent u voedselinitiatieven of locaties met stadslandbouw die niet op de kaart staan, heeft u aanvullende informatie of correcties? Neem dan contact op via onderstaand e-mailadres",https://maps.amsterdam.nl/voedselinitiatieven,PointDS,ObjectDS,"Geometry: The dataset represents locations of food initiatives and urban farming sites. The geometry_type_counts confirms exclusively point features, and the description refers to specific addresses and locations, which are naturally represented as points. | Entity: The map depicts specific, identifiable farming and food initiative locations (e.g., individual farms, restaurants, hubs). Each point represents a discrete, real-world entity, consistent with ObjectDS, rather than a network, measurement, or abstract zone.","The dataset represents locations of food initiatives and urban farming sites. The geometry_type_counts confirms exclusively point features, and the description refers to specific addresses and locations, which are naturally represented as points.","The map depicts specific, identifiable farming and food initiative locations (e.g., individual farms, restaurants, hubs). Each point represents a discrete, real-world entity, consistent with ObjectDS, rather than a network, measurement, or abstract zone.",Region Q7 ObjectDS,,1.0,1.0,1.0,V3_evidence_based_gemini
92,Tram- en metrolijnen 2018,Tram and metro lines 2018,https://maps.amsterdam.nl/open_geodata/?k=321,https://maps.amsterdam.nl/trammetro,TRAMMETRO_LIJNEN_2018,LineDS,NetworkDS,Tram- en metronet 2026,"Deze kaart visualiseert het netwerk van stations, haltes en lijnen van metro en tram in Amsterdam. Update 30 maart 2026.
Op de kaart zijn de afzonderlijke haltes binnen een korte loopafstand samengevoegd tot 1 opstappunt.

Tijdelijke omleidingen zijn niet opgenomen.
Deze kaart toont dus NIET de actuele routes.
Kijk daarvoor op de website van de GVB",https://maps.amsterdam.nl/trammetro,LineDS,NetworkDS,"Geometry: The dataset represents tram and metro transit lines, which are linear features. The geometry_type_counts confirms only LineString geometries, and the description explicitly refers to network lines. | Entity: The dataset maps tram and metro lines which form a connected transport infrastructure network in Amsterdam, matching the primary criteria for NetworkDS.","The dataset represents tram and metro transit lines, which are linear features. The geometry_type_counts confirms only LineString geometries, and the description explicitly refers to network lines.","The dataset maps tram and metro lines which form a connected transport infrastructure network in Amsterdam, matching the primary criteria for NetworkDS.",Network priority check,,1.0,1.0,1.0,V3_evidence_based_gemini
93,Tram- en metrolijnen 2020,Tram and metro lines 2020,https://maps.amsterdam.nl/open_geodata/?k=220,https://maps.amsterdam.nl/trammetro,TRAMMETRO_LIJNEN_2020,LineDS,NetworkDS,Tram- en metronet 2026,"Deze kaart visualiseert het netwerk van stations, haltes en lijnen van metro en tram in Amsterdam. Update 30 maart 2026.
Op de kaart zijn de afzonderlijke haltes binnen een korte loopafstand samengevoegd tot 1 opstappunt.

Tijdelijke omleidingen zijn niet opgenomen.
Deze kaart toont dus NIET de actuele routes.
Kijk daarvoor op de website van de GVB",https://maps.amsterdam.nl/trammetro,LineDS,NetworkDS,"Geometry: The dataset represents tram and metro lines, which are linear features as confirmed by the LineString geometry count and the explicit description of a network of lines. | Entity: The dataset represents a tram and metro network, which is explicitly described as a network of lines. This fits the NetworkDS definition perfectly as a connected transport infrastructure system.","The dataset represents tram and metro lines, which are linear features as confirmed by the LineString geometry count and the explicit description of a network of lines.","The dataset represents a tram and metro network, which is explicitly described as a network of lines. This fits the NetworkDS definition perfectly as a connected transport infrastructure system.",Network priority check,,1.0,1.0,1.0,V3_evidence_based_gemini
94,Tramhaltes en metrostations 2018,Tram stops and metro stations 2018,https://maps.amsterdam.nl/open_geodata/?k=322,https://maps.amsterdam.nl/trammetro,TRAMMETRO_PUNTEN_2018,PointDS,ObjectDS,Tram- en metronet 2026,"Deze kaart visualiseert het netwerk van stations, haltes en lijnen van metro en tram in Amsterdam. Update 30 maart 2026.
Op de kaart zijn de afzonderlijke haltes binnen een korte loopafstand samengevoegd tot 1 opstappunt.

Tijdelijke omleidingen zijn niet opgenomen.
Deze kaart toont dus NIET de actuele routes.
Kijk daarvoor op de website van de GVB",https://maps.amsterdam.nl/trammetro,PointDS,ObjectDS,"Geometry: The dataset contains tram stops and metro stations, explicitly identified as 'Point' geometry type in the metadata and dataset summary, representing discrete locations in the transport network. | Entity: The dataset maps tram stops and metro stations as discrete, identifiable points. While these locations are part of a network, the points themselves represent specific, fixed transit facilities rather than the lines or flow segments of the network itself. Following the logic for points that represent countable assets or facilities, ObjectDS is the most appropriate entity classification.","The dataset contains tram stops and metro stations, explicitly identified as 'Point' geometry type in the metadata and dataset summary, representing discrete locations in the transport network.","The dataset maps tram stops and metro stations as discrete, identifiable points. While these locations are part of a network, the points themselves represent specific, fixed transit facilities rather than the lines or flow segments of the network itself. Following the logic for points that represent countable assets or facilities, ObjectDS is the most appropriate entity classification.","Branch A, Q4A: A distinct, countable, real-world thing, place, facility, asset, or named object.",,0.95,1.0,0.9,V3_evidence_based_gemini
95,Tramhaltes en metrostations 2020,Tram stops and metro stations 2020,https://maps.amsterdam.nl/open_geodata/?k=221,https://maps.amsterdam.nl/trammetro,TRAMMETRO_PUNTEN_2020,PointDS,ObjectDS,Tram- en metronet 2026,"Deze kaart visualiseert het netwerk van stations, haltes en lijnen van metro en tram in Amsterdam. Update 30 maart 2026.
Op de kaart zijn de afzonderlijke haltes binnen een korte loopafstand samengevoegd tot 1 opstappunt.

Tijdelijke omleidingen zijn niet opgenomen.
Deze kaart toont dus NIET de actuele routes.
Kijk daarvoor op de website van de GVB",https://maps.amsterdam.nl/trammetro,PointDS,ObjectDS,"Geometry: The dataset contains tram stops and metro stations represented as point locations, confirmed by the geometry_type_counts and the nature of transit stops. | Entity: Although the dataset relates to a tram and metro network, the map features are points representing discrete, named transit stops and stations rather than the network links (lines) themselves. Since they are identifiable managed assets/facilities, ObjectDS is the most appropriate classification.","The dataset contains tram stops and metro stations represented as point locations, confirmed by the geometry_type_counts and the nature of transit stops.","Although the dataset relates to a tram and metro network, the map features are points representing discrete, named transit stops and stations rather than the network links (lines) themselves. Since they are identifiable managed assets/facilities, ObjectDS is the most appropriate classification.",Region Q7 ObjectDS,,0.95,1.0,0.9,V3_evidence_based_gemini
96,Verkeerslichten,Traffic lights,https://maps.amsterdam.nl/open_geodata/?k=61,https://maps.amsterdam.nl/verkeerslichten,VERKEERSLICHTEN,PointDS,ObjectDS,Verkeerslichten toen en nu,"Deze interactieve kaart geeft een overzicht van de groei van het aantal met verkeerslichten geregelde kruispunten die bij de gemeente Amsterdam functioneel in beheer zijn.
Met deze kaart is het mogelijk om met behulp van de tijdschuifbalk zichtbaar te maken welke kruispunten met verkeerslichten elk jaar waren uitgerust. De start ligt in 1932 als het Leidseplein als eerste wordt uitgerust met een `verkeersregeling door middel van lichtsignalen`. Door de tijd heen zijn er ook verkeerslichten verwijderd. Dit is mogelijk vanwege profielwijzigingen of een afnemende verkeersdruk.

Meer achtergrondinformatie bij deze interactieve kaart en over het boek dat Sjoerd Linders heeft geschreven over 100 jaar verkeersregelinstallaaties in Amsterdan vindt u hier >.`>hier >.`>Deze interactieve kaart geeft een overzicht van de groei van het aantal met verkeerslichten geregelde kruispunten die bij de gemeente Amsterdam functioneel in beheer zijn.
Met deze kaart is het mogelijk om met behulp van de tijdschuifbalk zichtbaar te maken welke kruispunten met verkeerslichten elk jaar waren uitgerust. De start ligt in 1932 als het Leidseplein als eerste wordt uitgerust met een `verkeersregeling door middel van lichtsignalen`. Door de tijd heen zijn er ook verkeerslichten verwijderd. Dit is mogelijk vanwege profielwijzigingen of een afnemende verkeersdruk.

Meer achtergrondinformatie bij deze interactieve kaart en over het boek dat Sjoerd Linders heeft geschreven over 100 jaar verkeersregelinstallaaties in Amsterdan vindt u hier >.",https://maps.amsterdam.nl/verkeerslichten,PointDS,ObjectDS,"Geometry: The dataset contains traffic light locations, which are inherently point-based features. This is confirmed by the geometry_type_counts showing only Points and the map description referring to specific intersections. | Entity: The map features represent traffic light installations (managed city assets) at specific intersection locations. While the dataset tracks their history over time, each point refers to a discrete, identifiable piece of infrastructure managed by the city, consistent with ObjectDS. It does not meet the criteria for NetworkDS (no connecting lines), PointMeasuresDS (not sampling a continuous value), or AmountDS (the primary focus is the facility itself, not a statistical magnitude).","The dataset contains traffic light locations, which are inherently point-based features. This is confirmed by the geometry_type_counts showing only Points and the map description referring to specific intersections.","The map features represent traffic light installations (managed city assets) at specific intersection locations. While the dataset tracks their history over time, each point refers to a discrete, identifiable piece of infrastructure managed by the city, consistent with ObjectDS. It does not meet the criteria for NetworkDS (no connecting lines), PointMeasuresDS (not sampling a continuous value), or AmountDS (the primary focus is the facility itself, not a statistical magnitude).",Region Q7 ObjectDS,,0.95,1.0,0.9,V3_evidence_based_gemini
97,Verkeersprognoses,Traffic prognosis,https://maps.amsterdam.nl/open_geodata/?k=253,https://maps.amsterdam.nl/verkeersprognoses,VERKEERSPROGNOSE,LineDS,NetworkDS,Verkeersprognoses Amsterdam 5.0,"De gegevens op deze site bevatten sinds het publiceren van de verkeersprognoses uit VMA5 geen openbaar vervoer (bussen, trams, metro) intensiteiten meer.

Dit is recent gewijzigd: vanuit gemeente Amsterdam leveren we geen intensiteiten meer van het openbaar vervoer. We hebben contact opgenomen met het GVB en zij hebben aangegeven ook niet de informatie te kunnen verstrekken over stadsbus- en tramintensiteiten.

De volgende werkwijze is mogelijk met betrekking tot lucht- en geluidsberekeningen:


Voor bus- en tramintensiteiten bevelen we aan om uit te gaan van tramfrequenties op basis van de huidige dienstregeling.

Voor metro intensiteiten bevelen we aan om contact op te nemen met hans.smit@gvb.nl

De gegevens op deze interactieve kaart zijn gebaseerd op het Verkeersmodel Amsterdam (VMA). Het gebied beslaat de Gemeente Amsterdam. De wegen die gerapporteerd zijn, betreffen de grotere doorgaande wegen van de Gemeente Amsterdam.

De volledige GIS-bestanden zijn te downloaden op https://maps.amsterdam.nl/open_geodata/?k=253

Lees hier de Gebruikstoelichting van de data en de Uitgangspunten Verkeersmodel Amsterdam.",https://maps.amsterdam.nl/verkeersprognoses,LineDS,NetworkDS,"Geometry: The dataset contains traffic prognosis data for road networks, specifically representing major roads. The geometry_type_counts confirms 17,737 LineString features, which corresponds to LineDS. | Entity: The dataset represents a traffic network (roads/links) derived from the Amsterdam Traffic Model (VMA), containing connectivity information ('linknr', 'name') and traffic volume attributes. It fits the NetworkDS priority check for connected transport infrastructure.","The dataset contains traffic prognosis data for road networks, specifically representing major roads. The geometry_type_counts confirms 17,737 LineString features, which corresponds to LineDS.","The dataset represents a traffic network (roads/links) derived from the Amsterdam Traffic Model (VMA), containing connectivity information ('linknr', 'name') and traffic volume attributes. It fits the NetworkDS priority check for connected transport infrastructure.",Network priority check,,0.975,1.0,0.95,V3_evidence_based_gemini
98,Verkiezingen Tweede Kamer 2017,Elections Parliament 2017,https://maps.amsterdam.nl/open_geodata/?k=217,https://maps.amsterdam.nl/verkiezingen2017,VERKIEZINGEN2017,PointDS,ObjectDS,Atlas Verkiezingen,"In deze Atlas Verkiezingen zijn de kaarten met uitslagen per stemlocaties van verschillende verkiezingen samengevoegd.

De cirkelgroottes zijn tussen de verkiezingen onderling vergelijkbaar.
Dat betekent dat eenzelfde cirkelgrootte bij elke verkiezing hetzelfde aantal of dezelfde verhouding voorstelt. 
De cirkelgroottes tussen Amsterdam en Zaanstad zijn verschillend, omdat de gebiedsgrootte verschillend is er er verder op Zaanstad is ingezoomd.
Voor de berekening van de cirkelgrootte van aantallen is een lineaire schaal gebruikt. Hierdoor worden verschillen tussen weinig en veel stemmen wat uitvergroot. 
Voor de leesbaarheid van de taartpunt-grafiekjes is een vierkantswortel schaal gebruikt, die de verschillen wat middelen.

De kaarten zijn individueel te bekijken op:
2024 - Europees Parlement
2023 - Tweede Kamer
2023 - Provinciale Staten
2022 - Gemeenteraad
2021 - Tweede Kamer
2019 - Europees Parlement
2019 - Provinciale Staten
2018 - Gemeenteraad
2017 - Tweede Kamer

Zie ook de Atlas Verkiezingen Zaanstad",https://maps.amsterdam.nl/atlas_verkiezingen,PointDS,ObjectDS,"Geometry: The dataset contains election results represented as individual polling locations. The metadata and MapDescription explicitly refer to these as 'stemlocaties' (polling locations) visualized with circles, and the geometry_type_counts confirms exclusively 'Point' type. | Entity: The map displays polling stations (stemlocaties) as individual, countable facilities. While these locations contain significant numeric election results, they are discrete assets where voting occurs, not merely abstract measurement points. According to the decision tree, facilities with numeric attributes are classified as ObjectDS.","The dataset contains election results represented as individual polling locations. The metadata and MapDescription explicitly refer to these as 'stemlocaties' (polling locations) visualized with circles, and the geometry_type_counts confirms exclusively 'Point' type.","The map displays polling stations (stemlocaties) as individual, countable facilities. While these locations contain significant numeric election results, they are discrete assets where voting occurs, not merely abstract measurement points. According to the decision tree, facilities with numeric attributes are classified as ObjectDS.",Region Q7 ObjectDS,,0.975,1.0,0.95,V3_evidence_based_gemini
99,Vervangen bomen,Tree replacement,https://maps.amsterdam.nl/open_geodata/?k=296,https://maps.amsterdam.nl/vervangen_bomen,VERVANGENBOMEN,PointDS,ObjectDS,,,,PointDS,ObjectDS,"Geometry: The dataset contains 1796 features of type Point, representing individual trees. PointDS is the appropriate classification for discrete locations like tree replacements. | Entity: The map depicts individual trees, which are discrete, identifiable real-world objects. While the dataset contains categorical attributes describing the trees (diameter, height, species), it remains an asset inventory, not a measurement or a system of connections, thus falling under ObjectDS.","The dataset contains 1796 features of type Point, representing individual trees. PointDS is the appropriate classification for discrete locations like tree replacements.","The map depicts individual trees, which are discrete, identifiable real-world objects. While the dataset contains categorical attributes describing the trees (diameter, height, species), it remains an asset inventory, not a measurement or a system of connections, thus falling under ObjectDS.",Region Q7 ObjectDS,,1.0,1.0,1.0,V3_evidence_based_gemini
100,Verkeersinformatiesystemen,Traffic Information Systems,https://maps.amsterdam.nl/open_geodata/?k=182,https://maps.amsterdam.nl/vis,VIS,PointDS,ObjectDS,Verkeersinformatiesystemen,"Op deze kaart staan nagenoeg alle verkeersinformatiesystemen van de gemeente Amsterdam ingetekend. Klikken op een object toont meer informatie over dat object.

Verkeersinformatiesystemen winnen informatie in óver het verkeer, of verstrekken informatie áán het verkeer. Ook reguleren zij verkeer met kantelwalsen, pollers, slagbomen, e.d. 

De kaart wordt automatisch gevoed door een datastroom (WFS) van het Dataplatform van de Gemeente Amsterdam.",https://maps.amsterdam.nl/vis,PointDS,ObjectDS,"Geometry: The dataset contains traffic information systems represented as point features, confirmed by the geometry_type_counts showing only points and the description referring to individual objects like pollers, barriers, and sensors. | Entity: The map represents specific, identifiable infrastructure assets (e.g., cameras, barriers, displays) managed by the municipality, each with unique identifiers. These are discrete, countable real-world objects, fitting the definition of ObjectDS.","The dataset contains traffic information systems represented as point features, confirmed by the geometry_type_counts showing only points and the description referring to individual objects like pollers, barriers, and sensors.","The map represents specific, identifiable infrastructure assets (e.g., cameras, barriers, displays) managed by the municipality, each with unique identifiers. These are discrete, countable real-world objects, fitting the definition of ObjectDS.",Region Q7 ObjectDS,,1.0,1.0,1.0,V3_evidence_based_gemini
101,Verkeersinformatiesystemen - BFA,Traffic Information Systems - BFA,https://maps.amsterdam.nl/open_geodata/?k=266,https://maps.amsterdam.nl/vis,VIS_BFA,PointDS,ObjectDS,Verkeersinformatiesystemen,"Op deze kaart staan nagenoeg alle verkeersinformatiesystemen van de gemeente Amsterdam ingetekend. Klikken op een object toont meer informatie over dat object.

Verkeersinformatiesystemen winnen informatie in óver het verkeer, of verstrekken informatie áán het verkeer. Ook reguleren zij verkeer met kantelwalsen, pollers, slagbomen, e.d. 

De kaart wordt automatisch gevoed door een datastroom (WFS) van het Dataplatform van de Gemeente Amsterdam.",https://maps.amsterdam.nl/vis,PointDS,ObjectDS,"Geometry: The dataset contains 119 point features representing traffic information systems, as indicated by the geometry_type_counts and the description of the map layer. | Entity: The dataset maps discrete traffic information systems (pollers, barriers, etc.) as individual points. These are identifiable real-world managed assets and not part of a transport network, a temporal event, or a thematic measurement layer. Following Branch A, these point locations represent distinct assets.","The dataset contains 119 point features representing traffic information systems, as indicated by the geometry_type_counts and the description of the map layer.","The dataset maps discrete traffic information systems (pollers, barriers, etc.) as individual points. These are identifiable real-world managed assets and not part of a transport network, a temporal event, or a thematic measurement layer. Following Branch A, these point locations represent distinct assets.","Branch A, Q4, Answer A",,1.0,1.0,1.0,V3_evidence_based_gemini
102,Broedende vogels,Breeding birds,https://maps.amsterdam.nl/open_geodata/?k=87,https://maps.amsterdam.nl/vogels,VOGELS,PointDS,ObjectDS,"Broedplaatsen van zwaluwen, mussen en spreeuwen","Algemeen

De gierzwaluw en de huismus staan op de indicatieve lijst met ‘vogels waarvan het nest het hele jaar beschermd is’. Dat betekent dat de nesten van deze vogels ook buiten het broedseizoen beschermd zijn. Gierzwaluwen en huismussen broeden in gebouwen. De nesten zijn kwetsbaar, omdat ze eenvoudig over het hoofd worden gezien. Dat laatste geldt ook voor spreeuwen, maar deze nesten zijn buiten het broedseizoen niet beschermd.


Gierzwaluwen

De gierzwaluw overwintert in Afrika en is maar kort in de stad om er te broeden. Ze broeden in kolonies en komen ieder jaar terug naar dezelfde nestplaats. 
De Gemeente Amsterdam laat al sinds 2013 onderzoek naar verblijfplaatsen van gierzwaluwen doen. In vijf jaar is heel Amsterdam (en Diemen en Amstelveen) in kaart gebracht. Stadsdeel Centrum is voor een tweede keer geïnventariseerd. 
Over de resultaten van vijf jaar onderzoek is een notitie verschenen. Zie 
Inventarisatie Gierzwaluwen.
N.B. De inventarisatie wordt zorgvuldig uitgevoerd door specialisten. De methode van inventariseren voldoet echter niet aan de voorwaarden van het kennisdocument gierzwaluw voor wat betreft het aantonen van afwezigheid! Dat betekent dat er om uit te sluiten dat er gierzwaluwen aanwezig zijn soms aanvullend onderzoek nodig zal zijn.


Huismussen

Huismussen zijn standvogels. Behalve een nest in een gebouw of een nestkast hebben ze groen in de omgeving nodig. Dichte struiken om in te schuilen, grassen om de zaden van te eten en insecten, die rond planten voorkomen om hun jongen te voeren.
De huismussen worden sinds 2014 in kaart gebracht. De stadsdelen Centrum, Oost en Zuid zijn inmiddels twee keer geïnventariseerd. In 2018 is het stadsdeel Zuid voor de tweede keer in kaart gebracht.

N.B. De inventarisatie wordt zorgvuldig uitgevoerd. De methode van inventariseren voldoet echter niet aan de voorwaarden van het kennisdocument huismus voor wat betreft het aantonen van afwezigheid! Dat betekent dat er om uit te sluiten dat er huismussen aanwezig zijn soms aanvullend onderzoek nodig zal zijn.


Spreeuwen

Er is geen gerichte inventarisatie van spreeuwen. De spreeuwen die we tegenkomen bij de onderzoeken naar gierzwaluwen en huismussen worden op de kaart gezet. Een systematische inventarisatie is dat dus niet. Er zijn dus veel meer broedende spreeuwen dan er op de kaart staan!


Huiszwaluw

In 2017 is er een begin gemaakt met de registratie van huiszwaluwennesten. De meeste huiszwaluwen zijn te vinden in het landelijk gebied. Ze broeden onder een overhangende rand van het dak van eengebouw. De kaart voor huiszwaluwen is nog lang niet compleet.


Boerenzwaluw

In 2017 is er een begin gemaakt met de registratie van nesten van boerenzwaluwen. De boerenzwaluw broedt in boerenschuren. Vaak staan de deuren altijd open of is er een raam stuk, waardoor ze makkelijk naar binnen kunnen vliegen. Ze broeden echter ook onder bruggen of steigers. 


Meer informatie nodig

De meeste verblijfplaatsen geobserveerd vanaf de straatkant, dus wat er achter de gevels gebeurt is maar ten dele bekend. Mocht u nog verblijfplaatsen van gierzwaluwen of huismussen missen op deze kaart of heeft u aanvullende foto’s, schroom dan niet dit te melden via gierzwaluw020@amsterdam.nl. 
Verblijfplaatsen van huismussen (en spreeuwen) kan u sturen naar huismus020@amsterdam.nl.

Uw (nieuwe) gierzwaluw- of huismusverblijfplaats wordt dan op deze kaart gezet, aangemeld bij de Nationale Databank Flora en Fauna en onder de aandacht gebracht van vergunningverleners. Op deze wijze kunnen we, gezamenlijk, deze bijzondere stadsvogel beter beschermen.",https://maps.amsterdam.nl/vogels,PointDS,ObjectDS,"Geometry: The dataset represents specific breeding nest locations of birds. The geometry_type_counts confirms 4904 Point features, and the nature of the data (recording individual nesting sites associated with addresses) is inherently point-based. | Entity: The map features represent specific nesting locations of birds (like nests in buildings or nest boxes). These are identifiable real-world assets or locations where biological activity occurs. While numeric values (bird counts) are provided as attributes, the mapping focuses on the physical location of the bird nests, not on the numeric magnitude itself as the primary phenomenon.","The dataset represents specific breeding nest locations of birds. The geometry_type_counts confirms 4904 Point features, and the nature of the data (recording individual nesting sites associated with addresses) is inherently point-based.","The map features represent specific nesting locations of birds (like nests in buildings or nest boxes). These are identifiable real-world assets or locations where biological activity occurs. While numeric values (bird counts) are provided as attributes, the mapping focuses on the physical location of the bird nests, not on the numeric magnitude itself as the primary phenomenon.",Region Q7 ObjectDS,,0.95,1.0,0.9,V3_evidence_based_gemini
103,Vondelpark zitbanken,Vondelpark benches,https://maps.amsterdam.nl/open_geodata/?k=248,https://maps.amsterdam.nl/vondelpark_zitbanken,VONDELPARK_ZITBANKEN,PointDS,ObjectDS,Adoptie van zitbanken in het Vondelpark,"De zitbanken in het Vondelpark zijn in beheer bij de RVE Stadswerken. 
Op deze kaart wordt getoond of een bank al dan niet is geadopteerd door een donateur van de Stichting Hart voor het Vondelpark.
Donaties voor de banken worden geïnd door de fondsbeheerder Stichting Hart voor het Vondelpark, die de gelden beschikbaar stelt zodra een investering in het park uitgevoerd kan worden. Wilt u ook een bank adopteren kijk dan op vondelpark.com of neem contact op via info@vondelpark.com.",https://maps.amsterdam.nl/vondelpark_zitbanken,PointDS,ObjectDS,"Geometry: The dataset represents locations of benches in Vondelpark, and the geometry_type_counts confirms that all 289 features are points. | Entity: Each point represents a specific, identifiable park bench asset in the Vondelpark. The attributes (adoption status, type, etc.) describe properties of these individual assets. It does not represent a network, continuous measurement, or a summary numeric phenomenon.","The dataset represents locations of benches in Vondelpark, and the geometry_type_counts confirms that all 289 features are points.","Each point represents a specific, identifiable park bench asset in the Vondelpark. The attributes (adoption status, type, etc.) describe properties of these individual assets. It does not represent a network, continuous measurement, or a summary numeric phenomenon.",Region Q7 ObjectDS,,1.0,1.0,1.0,V3_evidence_based_gemini
104,Walkability,Walkability,https://maps.amsterdam.nl/open_geodata/?k=298,https://maps.amsterdam.nl/walkability,WALKABILITY,LineDS,NetworkDS;ObjectDS,Voetpaden breedte,"Op deze kaart staat de informatie die is verzameld bij het inventariseren van voetpadbreedtes. Deze informatie is gebruikt bij diverse onderzoeken als input voor het voetgangersbeleid van Amsterdam. 
Let op: de breedtes op deze kaart zijn de totale breedte van het voetpad. Hierbij is dus nog geen rekening gehouden met obstakels. 
De Walkability-kaart geeft de uitkomst van het vervolgonderzoek weer. In dát onderzoek zijn zo veel mogelijk obstakels digitaal in kaart gebracht en gecombineerd met de beschikbare breedte en drukte.",https://maps.amsterdam.nl/sidewalks,LineDS,NetworkDS,"Geometry: The dataset contains LineString geometries representing footpaths and sidewalk segments, which are linear features rather than polygons or points. | Entity: The dataset maps pedestrian pathways (voetpaden) represented as line geometries. According to the decision tree, datasets representing street systems, infrastructure, or connected route networks are classified as NetworkDS. The attributes (walkability scores) are descriptive of these segments, not the primary phenomenon itself.","The dataset contains LineString geometries representing footpaths and sidewalk segments, which are linear features rather than polygons or points.","The dataset maps pedestrian pathways (voetpaden) represented as line geometries. According to the decision tree, datasets representing street systems, infrastructure, or connected route networks are classified as NetworkDS. The attributes (walkability scores) are descriptive of these segments, not the primary phenomenon itself.",Network priority check,,0.975,1.0,0.95,V3_evidence_based_gemini
105,Wandkunst,Wall art,https://maps.amsterdam.nl/open_geodata/?k=272,https://maps.amsterdam.nl/wandkunst,WANDKUNST,PointDS,ObjectDS,Naoorlogse Monumentale Wandkunst,"Naoorlogse Monumentale Wandkunst

Generaties groeiden ermee op. Jong en oud kwam er dagelijks langs: onderweg naar werk of school, maar ook in het kantoor of schoolgebouw zélf. De ruim tweehonderd Amsterdamse naoorlogse wandkunstwerken zijn een onmisbaar onderdeel van de stad. Tot op de dag van vandaag geven ze kleur en reliëf aan een periode van hoop, herstel en saamhorigheid.


Inventarisatie en waardering

Naar aanleiding van het raadsinitiatief `Monumentale Wandkunst` uit 2016 is een inventarisatie van de nog aanwezige monumentale wandkunst uit de periode 1945-1975 gemaakt. Bij de hierop volgende `quickscan waarden` die werd uitgevoerd, is gebruik gemaakt van een waardestellend kader van monumentale kunst, dat bestaat uit (7) waarderingscriteria die tijdens expertmeetings van het voormalige Instituut Collectie Nederland (ICN, nu Rijksdienst voor het Cultureel Erfgoed) zijn opgesteld om een zo objectief mogelijk beeld te krijgen van de waarde van het object. 

Uitgangspunt bij de (quickscan) waardering van de betreffende kunstwerken op deze kaart, is de `samengevatte` waardering op basis van de volgende 3 criteria: (1) Kunsthistorische waarde, (2) Cultuurhistorische waarde en (3) Architectuurhistorische waarde


Top – Belangrijk - Behoudenswaardig

Op basis van de 3 criteria zijn alle kunstwerken gecategoriseerd als (1) Top, (2) Belangrijk of (3) Behoudenswaardig. Deze indeling is gemaakt/getoetst in samenwerking met/door een klankbordgroep van experts. 
Let wel: waard om te behouden zijn ze allemaal. Ieder kunstwerk op zich voegt immers iets toe aan de openbare ruimte en aan vele andere plekken in gebouwen, en zegt iets over een stijl of kunstenaar. Samen illustreren ze bovendien het verhaal van een stad die na een donkere periode al bouwend haar grenzen verlegde.


Kaart en informatie

De kaart is dynamisch en wordt geregeld aangevuld met nieuwe/verbeterde informatie. De teksten (quickscan waarden) behorende bij de kunstwerken zijn, in opdracht van Monumenten en Archeologie, gemeente Amsterdam, opgesteld door Yteke Spoelstra (Monumentaal). 
Bron beelden: Monumenten en Archeologie, gemeente Amsterdam.",https://maps.amsterdam.nl/wandkunst,PointDS,ObjectDS,"Geometry: The dataset contains individual points representing post-war monumental wall art locations in Amsterdam. The geometry type counts confirm all features are points. | Entity: The map layer features identifiable, discrete artworks (monumental wall art) located in or on specific buildings. Each point represents a real-world object (the artwork) rather than a measurement, event, or statistical region. The numeric fields describing the artwork (such as year or value) are attributes of these objects, not the phenomenon itself.",The dataset contains individual points representing post-war monumental wall art locations in Amsterdam. The geometry type counts confirm all features are points.,"The map layer features identifiable, discrete artworks (monumental wall art) located in or on specific buildings. Each point represents a real-world object (the artwork) rather than a measurement, event, or statistical region. The numeric fields describing the artwork (such as year or value) are attributes of these objects, not the phenomenon itself.",Region Q7 ObjectDS,,1.0,1.0,1.0,V3_evidence_based_gemini
106,Welstandniveaus bebouwing,Wealth levels building,https://maps.amsterdam.nl/open_geodata/?k=173,https://maps.amsterdam.nl/welstand,WELSTAND_NIVEAUS,VectorTessellation,CoverageDS,Welstand - De schoonheid van Amsterdam,"Update februari 2025


Gebieden en gebouwen verschillen in gebruik en van karakter, maar ook in hun belang voor het aanzicht en de identiteit van de stad. Een plan dat in het ene gebied goed genoeg is, komt mogelijk in het andere niet eens met de hakken over de sloot. Het welstandsniveau is een uitdrukking van de mate van inspanning die bij het opstellen van een plan wordt verwacht ten aanzien van de omgeving en van het bouwwerk op zichzelf.

Voor elk gebied is het gewenste welstandsniveau aangegeven. Het welstandsniveau sluit zoveel mogelijk aan bij het gehanteerde ruimtelijk kwaliteitsbeleid en de gewenste ontwikkelingen. 

Er gelden in Amsterdam vijf welstandsniveaus: 


Beschermd

Het beschermde niveau is gereserveerd voor monumenten en beschermde stads- en dorpsgezichten. Hier is behoud van cultuurhistorische waarden en de daarbij behorende kwaliteiten het uitgangspunt voor de welstandstoets. 


Bijzonder (sterk)

Bijzonder zijn gebieden waar van een ontwerp mag worden verwacht, dat het een bijdrage levert aan de kwaliteit van de omgeving en aan de kwaliteit van het bouwwerk op zichzelf. Dit zijn onder meer de gebieden met een groot belang voor het aanzien van de stad.
Het bijzondere niveau is ook van toepassing op gebieden, die in transformatie zijn of in opbouw en waar van de ontwerper of aanvrager een grotere inspanning mag worden verwacht om de kwaliteit van het gebied te helpen opbouwen. 


Gewoon

Het niveau gewoon geldt in een groot deel van de stad. Dit zijn gebieden, waar het beleid inzet op beheer van de bestaande kwaliteit. In deze gebieden speelt het aanzien van de stad als geheel een minder grote rol. 
Hier is het beleid gericht op het praktisch beheer en is het welstands-beleid ondersteunend aan de gangbare kwaliteit van het gebied.


Eenvoudig (licht)

In gebieden met het niveau eenvoudig (licht) zijn de ambities beperkt. Het welstandsbeleid is hier gericht op het voorkomen van incidenten, die de kwaliteit van het gebied of een gebouw onredelijk ver naar beneden halen. Hier is de bandbreedte ruimer, zodat zowel beheer als veranderingen een optimale wendbaarheid van het gebied mogelijk maken. 


Vrij

In welstandsvrije gebieden geldt geen toets, waarmee op grond van welstand de kwaliteit wordt bewaakt. Hier heeft de stad gekozen om het beheer van de gebiedskwaliteit op een andere wijze te regelen of om het particulier initiatief ruim baan te geven. 

Geen preventieve toetsing
Naast deze vijf niveaus is er in een aantal gebieden met een aanvullende arcering gekozen voor een terughoudende invulling van het welstands-beleid. Hier vindt vooraf geen toetsing plaats van de veel voorkomende kleine bouwplannen of zelfs van alle soorten bouwplannen. Wie hier een plan maakt, krijgt het vertrouwen en kan zelf het -initiatief nemen bij de interpretatie van rede-lijke eisen van welstand. Van het resultaat wordt verwacht, dat het voldoet. De onder dit regime gerealiseerde bouwwerken mogen niet in ernstige mate strijdig zijn met redelijke eisen van welstand.

In een aantal gevallen hebben bouwwerken op zich een niveau, dat kan afwijken van het gebied waar ze deel van uitmaken. Tenzij anders vermeld, wordt in deze gevallen het hogere niveau gehanteerd. Voorbeelden zijn monumentale gebouwen in gewone welstandsgebieden.
Voor gebieden in transformatie geldt, zoals in bovengenoemde definitie aangegeven, het welstandsniveau bijzonder. De gebieden waarvoor dit geldt, zijn onderhevig aan veranderingen en het bijzonder welstandsniveau geldt alleen voor de plannen die onderdeel uit maken van de transformatie, de contouren van deze gebieden zijn dan ook niet op deze kaart opgenomen. 


Meer informatie over de Schoonheid van Amsterdam leest u hier: Welstand in beeld.",https://maps.amsterdam.nl/welstand,VectorTessellation,CoverageDS,"Geometry: The dataset partitions the entire city of Amsterdam into mutually exclusive zones defined by 'welstandsniveaus' (aesthetic levels), which constitutes a thematic tessellation of the urban area. | Entity: The map layer provides a thematic classification of the city into welstand (aesthetic/architectural quality) levels. These levels cover the entire city area to define the applicable policy standards, representing a full-area thematic coverage.","The dataset partitions the entire city of Amsterdam into mutually exclusive zones defined by 'welstandsniveaus' (aesthetic levels), which constitutes a thematic tessellation of the urban area.","The map layer provides a thematic classification of the city into welstand (aesthetic/architectural quality) levels. These levels cover the entire city area to define the applicable policy standards, representing a full-area thematic coverage.",Region Q5 CoverageDS,,0.925,0.95,0.9,V3_evidence_based_gemini
107,Welstandsystemen bebouwing,Wealth systems building,https://maps.amsterdam.nl/open_geodata/?k=174,https://maps.amsterdam.nl/welstand,WELSTAND_SYSTEMEN,VectorTessellation,CoverageDS,Welstand - De schoonheid van Amsterdam,"Update februari 2025


Gebieden en gebouwen verschillen in gebruik en van karakter, maar ook in hun belang voor het aanzicht en de identiteit van de stad. Een plan dat in het ene gebied goed genoeg is, komt mogelijk in het andere niet eens met de hakken over de sloot. Het welstandsniveau is een uitdrukking van de mate van inspanning die bij het opstellen van een plan wordt verwacht ten aanzien van de omgeving en van het bouwwerk op zichzelf.

Voor elk gebied is het gewenste welstandsniveau aangegeven. Het welstandsniveau sluit zoveel mogelijk aan bij het gehanteerde ruimtelijk kwaliteitsbeleid en de gewenste ontwikkelingen. 

Er gelden in Amsterdam vijf welstandsniveaus: 


Beschermd

Het beschermde niveau is gereserveerd voor monumenten en beschermde stads- en dorpsgezichten. Hier is behoud van cultuurhistorische waarden en de daarbij behorende kwaliteiten het uitgangspunt voor de welstandstoets. 


Bijzonder (sterk)

Bijzonder zijn gebieden waar van een ontwerp mag worden verwacht, dat het een bijdrage levert aan de kwaliteit van de omgeving en aan de kwaliteit van het bouwwerk op zichzelf. Dit zijn onder meer de gebieden met een groot belang voor het aanzien van de stad.
Het bijzondere niveau is ook van toepassing op gebieden, die in transformatie zijn of in opbouw en waar van de ontwerper of aanvrager een grotere inspanning mag worden verwacht om de kwaliteit van het gebied te helpen opbouwen. 


Gewoon

Het niveau gewoon geldt in een groot deel van de stad. Dit zijn gebieden, waar het beleid inzet op beheer van de bestaande kwaliteit. In deze gebieden speelt het aanzien van de stad als geheel een minder grote rol. 
Hier is het beleid gericht op het praktisch beheer en is het welstands-beleid ondersteunend aan de gangbare kwaliteit van het gebied.


Eenvoudig (licht)

In gebieden met het niveau eenvoudig (licht) zijn de ambities beperkt. Het welstandsbeleid is hier gericht op het voorkomen van incidenten, die de kwaliteit van het gebied of een gebouw onredelijk ver naar beneden halen. Hier is de bandbreedte ruimer, zodat zowel beheer als veranderingen een optimale wendbaarheid van het gebied mogelijk maken. 


Vrij

In welstandsvrije gebieden geldt geen toets, waarmee op grond van welstand de kwaliteit wordt bewaakt. Hier heeft de stad gekozen om het beheer van de gebiedskwaliteit op een andere wijze te regelen of om het particulier initiatief ruim baan te geven. 

Geen preventieve toetsing
Naast deze vijf niveaus is er in een aantal gebieden met een aanvullende arcering gekozen voor een terughoudende invulling van het welstands-beleid. Hier vindt vooraf geen toetsing plaats van de veel voorkomende kleine bouwplannen of zelfs van alle soorten bouwplannen. Wie hier een plan maakt, krijgt het vertrouwen en kan zelf het -initiatief nemen bij de interpretatie van rede-lijke eisen van welstand. Van het resultaat wordt verwacht, dat het voldoet. De onder dit regime gerealiseerde bouwwerken mogen niet in ernstige mate strijdig zijn met redelijke eisen van welstand.

In een aantal gevallen hebben bouwwerken op zich een niveau, dat kan afwijken van het gebied waar ze deel van uitmaken. Tenzij anders vermeld, wordt in deze gevallen het hogere niveau gehanteerd. Voorbeelden zijn monumentale gebouwen in gewone welstandsgebieden.
Voor gebieden in transformatie geldt, zoals in bovengenoemde definitie aangegeven, het welstandsniveau bijzonder. De gebieden waarvoor dit geldt, zijn onderhevig aan veranderingen en het bijzonder welstandsniveau geldt alleen voor de plannen die onderdeel uit maken van de transformatie, de contouren van deze gebieden zijn dan ook niet op deze kaart opgenomen. 


Meer informatie over de Schoonheid van Amsterdam leest u hier: Welstand in beeld.",https://maps.amsterdam.nl/welstand,VectorTessellation,CoverageDS,"Geometry: The dataset partitions the city of Amsterdam into distinct areas based on welstand (aesthetic) assessment levels. Given the high shared boundary ratio and the nature of the data as a land-use classification covering the entire study area, it is a vector tessellation. | Entity: The map features represent a systematic classification of the city of Amsterdam into specific 'welstand' (aesthetic/zoning) zones. Since these categories cover the city's built-up area and define the planning and aesthetic policy requirements for each region, this represents a full-area thematic coverage rather than a set of individual objects or simple patch areas.","The dataset partitions the city of Amsterdam into distinct areas based on welstand (aesthetic) assessment levels. Given the high shared boundary ratio and the nature of the data as a land-use classification covering the entire study area, it is a vector tessellation.","The map features represent a systematic classification of the city of Amsterdam into specific 'welstand' (aesthetic/zoning) zones. Since these categories cover the city's built-up area and define the planning and aesthetic policy requirements for each region, this represents a full-area thematic coverage rather than a set of individual objects or simple patch areas.",Region Q5 CoverageDS,,0.95,1.0,0.9,V3_evidence_based_gemini
108,Amsterdam onder vuur in WOII,Amsterdam under attack in WWII,https://maps.amsterdam.nl/open_geodata/?k=100,https://maps.amsterdam.nl/woii,WOII,PointDS,EventDS,Amsterdam in de Tweede Wereldoorlog,"Let op! Deze kaart kan niet gebruikt worden om te bepalen of aanvullend onderzoek noodzakelijk is bij werkzaamheden in de grond. 
De gemeente Amsterdam heeft met dat doel een CE-Bodembelastingkaart opgesteld die voldoet aan de eisen van de WSCS-OCE. Deze kaart is te vinden op: data.amsterdam.nl/...

Het Stadsarchief Amsterdam heeft deze kaart gemaakt om inzichtelijk te maken waar en wanneer er in de periode 1940-1945 bommen op Amsterdam zijn gevallen. Op de kaart zijn niet alleen door vliegtuigen afgeworpen bommen te vinden, maar ook neergestorte vliegtuigen, neergekomen luchtafweergranaten, afgeworpen lege benzinetanks etc.
De informatie bij de inslagen is afkomstig uit de rapporten van de luchtbeschermingsdienst, de dagrapporten van de politie en brandweerarchieven.
De lijst pretendeert zeker niet volledig te zijn. Van de duizenden bommen die op en rond Amsterdam zijn neergekomen is lang niet altijd terug te vinden waar ze precies zijn terechtgekomen. Door de beknopte verslaglegging is vaak ook niet te herleiden hoeveel bommen er bij een bepaald incident zijn gevallen.
De politie dagrapporten bieden het publiek wel een mooie bron om verder te gaan met onderzoek naar wat er zich bij hun in de buurt heeft afgespeeld in de periode van de Tweede Wereldoorlog. Deze rapporten zijn in te zien in het informatiecentrum van het Stadsarchief aan de Vijzelstraat.
Zie ook deze webpagina van het Stadsarchief Archief van de Politie

De locaties (coördinaten) van de oorlogsmonumenten zijn vooralsnog bij benadering.

Gebruik ook de tijdschuifbalk en de transparantieschuif in de de zwarte balk bovenin.",https://maps.amsterdam.nl/woii,PointDS,EventDS,"Geometry: The dataset contains coordinates representing specific impact locations (bombings, crashes, incidents) during WWII, and the geometry_type_counts confirms exclusively Point geometries. | Entity: The map layer depicts discrete historical occurrences (bombings, plane crashes, impacts) tied to specific dates during World War II. According to the priority checks, these features describe things that happened or occurred at specific locations and times, which falls under the EventDS classification.","The dataset contains coordinates representing specific impact locations (bombings, crashes, incidents) during WWII, and the geometry_type_counts confirms exclusively Point geometries.","The map layer depicts discrete historical occurrences (bombings, plane crashes, impacts) tied to specific dates during World War II. According to the priority checks, these features describe things that happened or occurred at specific locations and times, which falls under the EventDS classification.",EventDS priority check (Q2),,1.0,1.0,1.0,V3_evidence_based_gemini
109,Woningbouwplannen,Housing plans,https://maps.amsterdam.nl/open_geodata/?k=142,https://maps.amsterdam.nl/woningbouwplannen,WONINGBOUWPLANNEN,PlainVectorRegion,ObjectDS,Woningbouwplannen (1-1-2026),"De aantallen vormen de planvoorraad. Dit zijn niet de aantallen die definitief worden gerealiseerd. Ervaring leert dat een deel van de planvoorraad wordt opgeschoven.


Niet alle woningbouw initiatieven doorlopen de verschillende plaberumfasen. Met name kleinere particuliere projecten worden in de regel pas toegevoegd aan de monitor zodra er een intentieovereenkomst of afsprakenbrief is getekend. Voor de visualisatie is een intentieovereenkomst `vertaald` naar Principebesluit genomen en een afsprakenbrief naar Investeringsbesluit genomen. 

De datasets en de kaart worden halfjaarlijks bijgewerkt.",https://maps.amsterdam.nl/woningbouwplannen,PlainVectorRegion,ObjectDS,"Geometry: The layer represents housing development projects, which are discrete, non-exhaustive site locations rather than a continuous partition of Amsterdam's territory. The low convex hull fill ratio and the nature of the data as individual construction site polygons confirm the PlainVectorRegion classification. | Entity: The dataset represents specific, identifiable housing development projects. Each polygon corresponds to a distinct real-world development project (indicated by unique Project_ID, name, and phase status). While numeric attributes (counts of housing units) are present, they are attributes of these projects rather than the primary phenomenon being mapped in an abstract or aggregate sense. This fits the definition of ObjectDS under the Region Q7 check.","The layer represents housing development projects, which are discrete, non-exhaustive site locations rather than a continuous partition of Amsterdam's territory. The low convex hull fill ratio and the nature of the data as individual construction site polygons confirm the PlainVectorRegion classification.","The dataset represents specific, identifiable housing development projects. Each polygon corresponds to a distinct real-world development project (indicated by unique Project_ID, name, and phase status). While numeric attributes (counts of housing units) are present, they are attributes of these projects rather than the primary phenomenon being mapped in an abstract or aggregate sense. This fits the definition of ObjectDS under the Region Q7 check.",Region Q7 ObjectDS,,0.925,0.95,0.9,V3_evidence_based_gemini
110,Zelfbouwkavels,Do-it-yourself plots,https://maps.amsterdam.nl/open_geodata/?k=60,https://maps.amsterdam.nl/zelfbouwkavels,ZELFBOUWKAVELS,PointDS,ObjectDS,Zelfbouwkavels,"Wilt u zelf een huis (laten) ontwerpen en (laten) bouwen? Dit is nu mogelijk op verschillende plekken in Amsterdam. Realiseer uw woning, die volledig voldoet aan uw woonwensen.
Op deze kaart vindt u meer informatie over het aanbod van zelfbouwkavels in Amsterdam. Meer informatie vindt u op https://www.amsterdam.nl/zelfbouw.

Voor de beschikbaarheid van de kavel kunt u contact opnemen met de contactpersoon van het desbetreffende project. Naast deze contactpersonen per kavel, kunt u voor algemene informatie terecht bij de bronhouder.
Dit is een kaart in ontwikkeling en wordt regelmatig geactualiseerd.",https://maps.amsterdam.nl/zelfbouwkavels,PointDS,ObjectDS,"Geometry: The dataset contains 124 point features representing specific locations of DIY building plots in Amsterdam, as indicated by the geometry_type_counts and the nature of the data. | Entity: The map displays 'zelfbouwkavels' (do-it-yourself plots), which are discrete real-world development sites or projects. Each point represents a distinct location where an individual can design and build a house, making them clear assets/projects rather than network components, measurements, or numeric distributions.","The dataset contains 124 point features representing specific locations of DIY building plots in Amsterdam, as indicated by the geometry_type_counts and the nature of the data.","The map displays 'zelfbouwkavels' (do-it-yourself plots), which are discrete real-world development sites or projects. Each point represents a distinct location where an individual can design and build a house, making them clear assets/projects rather than network components, measurements, or numeric distributions.",Region Q7 ObjectDS,,1.0,1.0,1.0,V3_evidence_based_gemini
111,Zonnepanelen op erfgoed,Solar panels on heritage,https://maps.amsterdam.nl/open_geodata/?k=320,https://maps.amsterdam.nl/zonnedaken_erfgoed,ZONNEDAKEN_ERFGOED,PlainVectorRegion,ObjectDS,Zonnepanelen en erfgoed - dakeninventarisatie,"Dit is een indicatieve kaart. Deze kaart geeft een beeld van de plaatsingsmogelijkheden van zonnepanelen op de daken van Amsterdam, bekeken vanuit een ruimtelijk-cultuurhistorisch perspectief. Amsterdam heeft veel rijks- en gemeentelijke monumenten, beschermde stads- en dorpsgezichten en andere gebieden met cultuurhistorische waarde. Vaak wordt gedacht dat in die gebieden en op individuele monumenten geen zonnepanelen zijn toegestaan. Dat is niet juist. Wel wordt in de regelgeving rekening gehouden met historische waarde en met de kwaliteit van het stadsbeeld. Deze kaart laat zien dat in alle delen van de stad, zelfs in de historische binnenstad, ruime mogelijkheden bestaan voor het plaatsen van panelen. 

Deze kaart gaat niet over de energie-technische geschiktheid van de Amsterdamse daken. Daarvoor kan de Zonatlas worden geraadpleegd.

De individuele panden zijn uitgesplitst in twee categorieën, die een indruk geven van de ruimte voor het plaatsen van zonnepanelen:

Mogelijkheden (groen en grijs)
Beperkte mogelijkheden (bruin)
Mogelijkheden (groen) houdt in dat er panelen op andere dakvlakken dan het voordakvlak kunnen. Dat kan ook op een bijgebouw of aanbouw zijn.
Het woord beperkt houdt in dat mogelijk maar op een deel van het dak zonnepanelen zijn toegestaan. Slechts in sommige gevallen zijn er geen mogelijkheden. 
Hoe ruim of beperkt plaatsingsmogelijkheden precies zijn, kan (voorafgaand aan een vergunningaanvraag) in overleg met de gemeente worden bepaald, duurzaamerfgoed@amsterdam.nl . Plaatsen van zonnepanelen is vaak maatwerk. Zichtbaarheid vanuit de openbare ruimte vormt een belangrijk criterium binnen de beschermde stadsgezichten en bij monumenten.


Zonnepanelen in de historische binnenstad, het kan wel

De luchtfoto van de stad laat zien dat platte en andere geschikte daken, ook in het historisch centrum en de beschermde stadsgezichten, beter benut kunnen worden. Regels over ruimtelijke kwaliteit en monumentale waarden blijken daarvoor veel minder vaak de oorzaak te zijn dan wordt gedacht. De vele groene en niet-gekleurde vlakken laten zien waar regels niet of nauwelijks in de weg staan. Bovendien is zelfs op de bruine vlakken (historisch erfgoed) in overleg toch vaak ruimte te vinden voor plaatsing van zonnepanelen. 


Het grotere plaatje

De mogelijkheden voor zonne-energie zijn op het grote schaalniveau te bekijken. De kaart toont de daken in hun samenhang binnen straten en bouwblokken in de omgeving en ook in samenhang met de hele stad. Er komen gegevens in beeld die zonder kaart niet opvallen. Bijvoorbeeld de grote mogelijkheden in de hele stad om elkaar energie te leveren. Het hele dakenlandschap van de stad is zichtbaar als veld met verschillende mogelijkheden en een gezamenlijke opgave.


Overige informatie

Loket Duurzaam Erfgoed
Bepalingen voor zonnepanelen
Beleidskader Monumenten
Omgevingsloket onder de kop Bouwen en verbouwen, Zonnepaneel of -collector


Disclaimer

De kaart is indicatief en onderhevig aan updates als gevolg van ontwikkelingen in de bebouwing en als gevolg van nieuw beleid. Er kunnen geen rechten aan worden ontleend met betrekking tot vergunningverlening.",https://maps.amsterdam.nl/zonnedaken_erfgoed,PlainVectorRegion,ObjectDS,"Geometry: The dataset maps individual buildings and their rooftop potential for solar panels. While the polygons are numerous, they represent specific building footprints rather than a partition of space like administrative boundaries or grid cells, making PlainVectorRegion the most appropriate classification. | Entity: The dataset maps individual buildings or roof structures ('panden') and classifies them according to their potential for solar panel installation, which is a management status. Although they represent zones of policy applicability, they are fundamentally identified as discrete, real-world building objects rather than abstract patches or reporting units.","The dataset maps individual buildings and their rooftop potential for solar panels. While the polygons are numerous, they represent specific building footprints rather than a partition of space like administrative boundaries or grid cells, making PlainVectorRegion the most appropriate classification.","The dataset maps individual buildings or roof structures ('panden') and classifies them according to their potential for solar panel installation, which is a management status. Although they represent zones of policy applicability, they are fundamentally identified as discrete, real-world building objects rather than abstract patches or reporting units.",Region Q7 ObjectDS,,0.925,0.95,0.9,V3_evidence_based_gemini
112,Zonnepanelen,Solar panels,https://maps.amsterdam.nl/open_geodata/?k=251,https://maps.amsterdam.nl/zonnepanelen,ZONNEPANELEN2017,PointDS,AmountDS,Zonnepanelen - toename van aantal en vermogen,"In opdracht van de Gemeente Amsterdam heeft het bureau Readar de zonnepanelen in Amsterdam in kaart gebracht. De zonnepanelen zijn gedetecteerd op basis van de gemeentelijke luchtfoto’s. Hiervoor is een automatische detectie gebruikt die handmatig is gecontroleerd. 

De luchtfoto’s worden genomen in het voorjaar en de inventarisaties per jaar betreffen dus momentopnames. Het ingeschatte vermogen is weergegeven in Wattpiek (Wp).

Teken een selectievlak om het totaal aantal systemen en geschatte vermogen binnen dat gebied te bepalen.",https://maps.amsterdam.nl/zonnepanelen,PointDS,ObjectDS,"Geometry: The dataset contains 4617 entries all identified as points, representing individual solar panel detections across the city. | Entity: Each point represents a distinct solar panel system installed on buildings or facilities, which are discrete real-world assets. The presence of numeric attributes like panel counts and power capacity (Watt-peak) describes these assets rather than defining the map as an AmountDS.","The dataset contains 4617 entries all identified as points, representing individual solar panel detections across the city.","Each point represents a distinct solar panel system installed on buildings or facilities, which are discrete real-world assets. The presence of numeric attributes like panel counts and power capacity (Watt-peak) describes these assets rather than defining the map as an AmountDS.",BRANCH A Q5,,0.95,1.0,0.9,V3_evidence_based_gemini
113,Zwemwater,Swimming water,https://maps.amsterdam.nl/open_geodata/?k=218,https://maps.amsterdam.nl/zwemwater,ZWEMWATER,PointDS,ObjectDS,Zwem- en speelwater,"Deze kaart bevat alle formele zwemplekken en waterspeelplekken in de stad.
De officiële buitenzwemplekken worden gemonitord op waterkwaliteit en hebben een stabiel voldoende kwaliteit is. Voor meer informatie over de officiële zwemplekken, kijk op www.zwemwater.nl



# === Replacements for the 404 / outdated maps ===",https://maps.amsterdam.nl/zwemwater,PointDS,ObjectDS,"Geometry: The dataset contains 45 entries described as swimming and play water locations. Both the geometry type counts confirm only Points are present, and the nature of the data (specific site locations) aligns with PointDS. | Entity: The points represent discrete, identifiable swimming and play facilities (e.g., swimming pools, swimming areas) in Amsterdam, which fall under the category of managed assets or facilities.","The dataset contains 45 entries described as swimming and play water locations. Both the geometry type counts confirm only Points are present, and the nature of the data (specific site locations) aligns with PointDS.","The points represent discrete, identifiable swimming and play facilities (e.g., swimming pools, swimming areas) in Amsterdam, which fall under the category of managed assets or facilities.","Branch A, Q4, Option A",,1.0,1.0,1.0,V3_evidence_based_gemini
